wavelength_nm,8,12,16,20,24,28,32,36,40,44,48,52,56,60,64,68,72,76,80
349.501,1.86711,-0.95,0.285079,0.1125,2.04663,0.955263,2.56805,0.365164,-0.263609,1.69459,0.0678082,0.951923,-0.108197,4.11506,2.16562,0.63871,1.41429,-0.7128,0.623622
350.001,-0.108252,-0.364869,-0.220224,-0.265622,-0.0647719,-0.170092,-0.367041,-0.374054,-0.246442,-0.443966,-0.455009,-0.195755,-0.290987,-0.33012,-0.0412405,-0.3204,-0.155005,-0.249792,-0.233571
350.501,0.0252353,0.0789482,-0.0404395,-0.0685424,0.022253,-0.0141064,0.0176029,-0.0390519,0.00716742,-0.0127181,-0.00763083,-0.0970839,-0.0394555,-0.0141252,-0.0179428,0.00812089,0.0257105,0.0138309,0.114579
351.001,0.104583,-0.149553,0.0565877,-0.0841856,0.0219931,-0.221406,0.0115041,-0.1599,0.11043,-0.0879725,-0.249255,-0.0328688,0.102154,0.178444,0.0643772,0.0195921,-0.0735507,-0.064324,0.0344593
351.5,-0.266218,-0.83301,-0.276486,-0.00885906,-0.48,-0.544615,-0.79814,0.327273,0.0754286,-0.354362,-0.811376,-0.557333,-0.0104762,-0.3375,-0.284308,0.0522034,-0.166897,-0.107755,-0.0275
352,0.0641945,-0.031006,0,0.0864309,0.0252327,-0.036087,-0.125293,0.0598109,0,-0.0801878,-0.0668232,-0.0704681,-0.0192249,-0.102568,0.00780142,0.0289235,-0.0209123,0.0406714,0.0690506
352.5,0.0243075,0.129136,0.00647602,0.0291421,0.243492,0.0516045,-0.0480393,-0.0400427,0.117216,0.0491128,0.179855,0.204727,0.126984,0.181406,0.24015,-0.026048,0.0540559,0.0658517,0.199267
352.999,-0.0713272,0.0589701,0.0528391,-0.03596,-0.107192,-0.0166794,-0.112977,0.0700758,-0.0720423,-0.109806,-0.0222609,0.0240014,-0.0496743,-0.00944571,0.0303662,-0.0390423,-0.129834,-0.177782,0.0519514
353.499,0.0365302,0.667242,0.239614,0.201657,0.633387,0.24092,0.398933,0.83776,0.264247,0.383973,-0.181246,0.241662,0.931831,-0.113826,0.515785,1.22932,0.558507,0.1428,0.14411
353.998,-0.464457,-0.373323,-0.132163,-0.209124,-0.075806,0.0665889,-0.0372417,-0.235168,-0.0723147,-0.159813,-0.416181,-0.216747,-0.0819149,0.0843566,0.0543225,-0.283434,-0.118695,-0.00670213,0.0146401
354.497,0.365924,0.263008,-0.14074,0.073775,0.304937,0.568426,-0.0144065,0.360582,0.375015,0.48895,-1.05342,-0.111261,-0.0795487,0.0795487,-0.171911,-0.377856,0.02951,-0.255891,-0.248928
354.996,0.146916,0.111192,0.103923,-0.113313,0.240916,0.111232,0.0555961,-0.158734,0.196321,0.00845013,0.141768,0.115046,0.187017,0.0468347,-0.221164,0.268714,0.0261905,0.225495,-0.00492151
355.495,0.0202206,0.104227,-0.119807,0.244505,0.205636,0.112705,0.14966,0.166571,0.0762829,-0.0688055,0.0602381,0,-0.0698413,0.116197,0.147321,-0.112587,0.222274,0.128806,0.179348
355.994,-0.734462,-0.564414,-0.419692,-0.0827861,-0.114944,-0.588575,-0.812072,-0.476466,-1.28032,-0.486178,-0.895961,-0.980375,-0.789171,-0.40143,-0.671344,-0.809153,-0.191813,-1.07561,0.327812
356.492,-0.293506,-0.401577,-0.45408,0.144731,-0.45913,-0.553805,-1.15545,-0.0452571,-0.0728276,-0.161568,-0.563538,-0.640487,-0.369805,-0.609496,-1.17237,-0.454426,0.365538,0.0314009,-0.0560377
356.991,0.136552,0.217317,-0.413217,0.512308,0.208421,-0.490099,0.0542466,-0.560809,-0.346861,-0.0311811,0.267568,-0.243692,0.289756,0.333976,-0.643902,-0.507692,0.455575,-0.2475,0.66541
357.489,-0.490363,-0.178362,-0.159107,0.221677,-0.239814,-0.256124,-0.0351618,-0.354103,-0.421096,-0.353163,-0.30375,0.0810737,-0.155027,0.101378,-0.342985,-0.1584,0.200977,0.113648,-0.0578571
357.988,0.0935502,-0.331623,-0.0377836,0.13686,-0.315634,0.60258,-0.227215,-0.0157916,-0.0206438,0.076984,-0.0497674,0.189499,0.0743294,0.23656,-0.0461904,-0.158935,0.295211,0.0397337,-0.205291
358.486,-0.0516029,-0.14506,0.0211103,0.0159323,-0.12817,0.0552304,0.0657534,0.0485088,0.0746826,0.111498,-0.0409603,-0.153108,0.0187369,-0.0943226,-0.0677123,-0.135397,-0.0971074,0.155891,-0.00796615
358.984,0.00201395,0.000477799,-0.00317453,-0.0106419,0.00559096,0.0202084,-0.00506209,-0.00679317,0.00664603,0.00439665,0.0243959,-0.0232933,0.0236752,0.00563626,-0.00278716,0.0176439,-0.00326681,0.0212132,0.00952359
359.482,0.28463,0.0175368,-0.0638321,0.0270408,0.0504762,-0.144545,0.0441667,-0.140957,0.0630183,-0.185337,0.0854132,0.0343165,0.0435616,0.115728,0.271839,0.0546825,-0.0153871,0.156496,-0.133738
359.98,0.101084,0.137186,0.19206,-0.17011,0.350586,0.0440505,0.0656106,-0.044814,-0.146572,0.0873,-0.083869,-0.148555,0.188995,0.118894,0.317242,-0.0668563,0.17866,0.490223,0.229815
360.478,0.0951923,-0.157747,0.00825,-0.277452,0.194356,-0.0255484,0.305854,-0.0151145,-0.353571,0.0066443,0.12913,0.163059,-0.193171,0.187647,-0.3168,0.0911842,-0.0173684,0.1155,0.108659
360.975,0.509403,-0.319901,0,-0.279626,-0.0592269,0.160518,-0.329404,-0.580037,0.127473,0,-0.444202,-0.0658537,-0.0564573,0.303777,0.0896864,0.160779,-0.0389941,-0.212538,-0.325976
361.473,1.24044,-0.463307,-0.0919487,-0.433092,0.471842,0.291545,0.398444,0.33,0.24697,-0.63168,1.24044,1.793,1.50557,2.40524,0.401418,7.19521,2.22939,0.13687,4.64852
361.97,-0.656357,-0.299654,-0.0519009,-0.405388,-0.417312,-0.457377,-0.121163,-0.430898,-0.245675,-0.417939,-0.117642,-0.278626,0.237313,-0.0312632,0.220579,-0.0232188,-0.242637,-0.0896102,-0.470325
362.468,-0.394668,0.0309988,-0.365786,-0.240568,0.282532,-0.205478,0.0143834,-0.302536,-0.592002,-0.112371,-0.267019,0.0756139,-0.0630853,-0.291972,-0.555724,-0.280927,-0.245172,-0.0184719,-0.309779
362.965,0.324122,0.0118269,0.219643,0.641357,0.559091,0.127642,0.592222,0.661214,0.589639,0.0104237,0.940828,0.250556,0.784125,0.234286,0.0290551,-0.0779577,0.79875,0.599852,0.246
363.462,-0.705915,0.131814,-0.345114,0.319618,0.194835,-0.322372,0.315225,0.0501266,0.0209352,-0.255875,-0.490895,-0.272664,-0.438234,-0.22738,-0.318715,-0.266924,0.307732,0.0221055,-0.422994
363.959,0.453415,0.317339,-0.0505939,-0.0461723,0.571963,0.20965,0.222,0.264354,0.268714,0.290714,0.519574,0.0594643,0.599182,0.208556,0.0731868,0.207847,0.275751,0.352568,0.379804
364.456,0.110612,-0.0149729,0.252247,0.00546233,0.151821,0.180501,0.117276,0.201987,0.27319,0.249902,0.268682,-0.0218493,0.173292,0.32774,0.255811,0.0261546,0.166569,0.153715,0.03739
364.953,0.43599,0.107897,-0.294485,-0.0616552,-0.534021,0.10971,-0.144504,-0.137761,-0.131054,-0.235489,-0.749719,-0.507575,0.00883082,0.0243376,-0.435461,-0.561192,0.090979,-0.350042,0.170182
365.449,0.101055,0.165015,0.213211,0.169498,0.169469,0.112547,0.120846,0.0236258,-0.0478046,0.198067,0.036864,0.105478,0.007128,0.0238748,0.05016,0.107545,0.0347354,0.0487385,0.111514
365.946,0.496843,0.745148,0.720239,0.975311,0.568389,1.11363,0.506194,0.569142,0.686174,0.677872,0.689447,0.707745,0.754536,0.230572,1.0811,0.926304,0.202915,0.869949,0.805691
366.442,0.0222394,-0.0123429,-0.041315,-0.0168791,0.127246,-0.0783673,-0.188639,-0.0579477,-0.0276923,-0.233084,-0.0341434,-0.00395604,0.0773975,-0.0591984,-0.0629938,0.0822857,0.0289994,0.142574,0.0313469
366.939,-0.0480199,-0.0280611,0.0709273,0.0408635,0.0281099,0.0261139,-0.0266572,-0.207981,0.0839477,-0.106111,0.134316,0.0938083,-0.042628,-0.0493588,0.0431935,0.0926783,-0.0948032,0.00469495,0.0504372
367.435,-0.498512,0.0307938,-0.266342,-0.0582819,-0.167684,-0.0582819,-0.27155,-0.166279,-0.423415,-0.268667,-0.166475,-0.283911,0.272383,0.03058,-0.15889,-0.381074,-0.186219,-0.0295935,-0.116564
367.931,0.342871,0.206547,-0.06525,0.17878,0.117807,0.0883929,0.0453197,0.104097,-0.0236621,0.0753324,-0.0680237,0.0308089,0.0706466,0.08711,0.0792713,0.0978322,0.286326,0.1659,0.369861
368.427,0.211304,0.101945,0.394889,0.103711,0.171629,0.282146,0.0931433,-0.0553416,0.0472428,0.277337,0.187579,0.0907063,0.242979,0.218087,0.166942,-0.060444,0.0704348,0.112538,0.236851
368.923,-0.275393,0.178604,0.167589,0.0230562,-0.0735945,0.0352247,-0.0519101,0.0642811,0.381084,-0.2932,0.0472161,-0.20531,-0.021493,-0.429006,0.0490874,-0.143415,0.0785542,-0.184673,0.15946
369.418,0.133047,-0.0607163,0.0413552,0,0.143826,0.0865132,0.192045,0.265502,0.0122812,0.482888,-0.0724893,0.192045,-0.121119,0.228241,-0.0592044,-0.0770497,-0.0115465,0.0393477,-0.194579
369.914,-0.188532,-0.417439,0.0404412,-0.436765,0.259133,-0.0147431,-0.793307,-0.496713,-0.456923,-0.33316,-0.222503,0.152582,-0.254426,-0.21622,-0.173837,0.111881,-0.342981,-0.131688,0.0474744
370.409,-0.0437545,0.0524694,0.101592,-0.119069,0.0329902,-0.192815,-0.0659457,-0.137109,-0.0555167,0.0235394,-0.035211,0.051416,-0.11346,0.060069,0,-0.0777364,-0.234638,-0.107091,-0.0527344
370.905,0.0376276,-0.055154,0.0668041,-0.317444,-0.0717952,-0.0235261,0.0796417,-0.230228,0.208206,-0.228355,-0.675636,0.20342,0.0405596,-0.426823,0,-0.323876,-0.049338,0.325686,0.304228
371.4,0.0385434,0.28467,0.0626211,0.195224,-0.0633159,0.149064,-0.0695631,0.0429049,0.0266185,0.149388,0.201081,-0.0937954,0.0841489,-0.264938,0.159494,-0.16932,0.0141159,0.166662,0.0200047
371.895,0.134745,0.220696,0.391874,0.482981,0.228357,0.18486,0.0916644,0.0683632,-0.0502562,0.232435,0.519775,-0.051973,0.12913,0.176478,0.281921,0.270092,-0.119782,0.10787,0.13641
372.39,-0.592941,-0.156358,-0.620043,-0.901115,-0.225279,-1.28009,-0.821311,-0.500714,-0.826312,0.175422,-0.672112,-1.45447,-0.407647,-0.98186,-1.43818,-0.869701,-0.488104,-0.829661,-0.93136
372.885,-0.0577091,-0.00769271,0.0410736,-0.0703623,0.0142234,0.0973992,0.0281647,0.0327868,-0.0198972,0.118461,0.05141,0.109021,0.0190267,-0.0212101,-0.0268706,0.166331,0.00709914,-0.0407313,-0.0492883
373.38,0.36578,0.234118,0.1716,0.130152,0.109365,0.230881,0.286191,0.139195,0.433602,0.250202,0.206345,0.11362,0.311866,0.315942,0.122785,0.234949,0.209765,0.11457,0.266614
373.875,-0.334286,-0.252353,0.76,0.195777,0.289817,0.195,0.27665,0.2457,0.286329,0.17405,0.189191,0.262537,0.184737,-0.136976,0.160687,-0.458043,-0.101339,-0.0413428,-0.107176
374.369,0.106374,0.104262,0.0277907,-0.0740286,0.0658859,0.0141184,0.0767352,-0.0706913,0.170263,-0.157826,0.0740286,-0.115681,0.068796,0.0508879,0.0310256,-0.0220445,-0.0427758,0.0277907,0.21183
374.864,0.310851,0.108199,-0.0253252,0.0713999,0.256217,0.17536,0.205002,-0.210098,0.207825,0.0986065,0.220691,0.301611,-0.0451706,0.148701,-0.243921,-0.193104,-0.186342,-0.361765,0.164344
375.358,-0.114067,0.0102173,-0.0377344,-0.144129,0.0487929,0.0398475,-0.153797,0.0138841,-0.169966,-0.212861,-0.0124523,0.0533672,-0.0367258,-0.0536409,-0.0421464,-0.035077,-0.140725,0.0617791,0.233847
375.852,-0.136892,-0.179625,-0.0964875,-0.208277,-0.155105,-0.288193,-0.491565,-0.0694474,-0.125314,-0.30177,-0.243993,-0.119136,-0.177719,-0.122247,0.0444724,-0.341197,0.0593032,-0.344185,-0.222449
376.347,-0.0190478,-0.0577149,0.101954,0.0439048,0.170521,-0.112286,-0.132678,0.141343,0.17457,0.219748,0.103524,0.0638439,-0.0804644,-0.125307,0.0855796,0.00443279,0.0706838,-0.0277475,-0.0542433
376.841,0.266427,-0.267822,0.311402,0.423324,0.313126,-0.104998,0.423862,0.221246,0.197207,0.647924,0.418015,-0.0480097,0.417012,0.00943381,0.436205,0.180932,0.380111,0.52381,0.0425349
377.335,-0.0084585,-0.128129,-0.0773555,-0.0131645,-0.0152753,-0.172392,-0.106357,-0.015672,-0.0156045,-0.163464,-0.0489918,-0.0606128,-0.07249,-0.174144,-0.041772,-0.0392083,-0.0698117,-0.197311,0.00857876
377.828,-0.00325769,0.0197743,0.0256667,0.050069,0.0465385,-0.0278848,0.0715775,-0.152931,0.0851256,-0.0670288,0.0644775,0.00393953,-0.191152,-0.220799,0.017008,0.0147304,-0.146269,0.0184934,0.1331
378.322,-0.0116072,-0.0787208,0.0874545,0,0.167979,0.110518,-0.00648876,-0.100674,0.00931278,0.292235,-0.14331,0.00597049,0.0773495,0.126195,0.0465077,0.0591775,0.0824455,0.280315,0.179532
378.816,0.0511445,-0.0763229,0.0912483,0.0100151,0.0242969,-0.02679,-0.0651774,0.105674,0.0705259,0.00245291,0.00229652,0.0249767,0.0380201,-0.0429305,0.0890228,0.108828,0.0529829,0.0590345,-0.0405548
379.309,0.0945067,-0.18946,-0.109394,-0.0738462,-0.0592308,-0.0472534,-0.018203,-0.0506316,-0.0529191,-0.151808,-0.0347777,-0.10644,0.0804522,-0.0492308,0.0331554,-0.0212522,-0.145055,-0.151447,-0.0838511
379.802,-0.0940259,-0.0490769,-0.0529184,-0.0505837,-0.107135,-0.076542,-0.0372985,-0.0323584,-0.0321746,-0.0884695,-0.0540613,-0.0331953,-0.020563,-0.0787932,-0.0410315,-0.0542886,-0.0842843,-0.0705239,-0.0256798
380.296,0.0470175,0.01925,0.0269804,0.0522887,-0.0471608,0.0811096,0.120459,-0.031345,-0.0216779,0.0951923,0.00969828,-0.0429688,-0.0183217,-0.0761873,0,-0.0482456,-0.016369,0.125601,-0.175611
380.789,0.00361269,-0.267498,-0.184982,-0.041075,-0.00929478,-0.311868,-0.292802,-0.112032,-0.107142,-0.0334742,-0.0642752,-0.0656257,-0.136302,0.0400092,-0.116044,-0.18352,-0.0429586,-0.0163932,-0.0177948
381.282,0.0825292,0.253626,-0.0968858,0.145267,-0.0565281,0.105848,0.191052,0.0640623,0.212408,0.163241,0.0139848,0.1907,0.037521,0.0854925,0.177079,0.351646,0.179872,0.0730831,0.106794
381.775,0.270765,0.0729792,0.12792,0.260626,0.0979711,0.154355,0.0984343,-0.0112368,0.0390612,0.248969,0.0793825,0.19415,0.0825309,0.128976,0.141918,0.182038,0.225876,0.0528954,0.100958
382.267,-0.0454085,0.0536949,-0.116581,-0.0275136,0.0231647,-0.057004,-0.126843,0.0436464,0.022634,-0.0150893,-0.0569784,-0.0894915,-0.184274,-0.219873,-0.236594,-0.00396893,-0.128876,-0.157593,-0.146907
382.76,0.0775925,0.140729,0.201378,0.0123305,0.0604134,-0.00873712,0.0550152,0.112403,0.0142715,0.0242385,-0.00551987,0.0832568,-0.0312329,0.217457,0.306966,0.0418686,0.135171,0.228402,0.101793
383.253,0.137043,0.044842,0.027382,0.088149,0.0683174,0.0103304,-0.0431403,0.246938,0.134924,-0.128531,0.00630848,0.0846313,0.169618,0.112213,0.101688,-0.0133529,0.0596176,0,0.0324801
383.745,0.00488062,0.0172077,-0.0235786,-0.0906108,-0.036328,-0.101065,0.0332364,-0.00986135,0.0486533,-0.135771,0.0823435,0.0249735,0.0934141,0.0130636,0.0359913,0.0899782,0.187028,0.0478085,0.0600926
384.237,0.1372,0.164665,0.240783,0.231063,0.185194,0.209292,0.172705,0.0908772,0.24659,0.212552,0.192399,0.104564,0.148698,0.161599,0.111147,0.0875443,0.108832,0.195441,0.255156
384.73,-0.0249538,0.0287347,0.0658286,0.0374219,0.0694422,-0.0447329,0.0827559,0.149723,0.157797,0.15634,0.0124035,0.155839,0.157313,-0.0067172,0.0969796,0.0779585,0.00710148,-0.0229878,0.125911
385.222,-0.0194172,-0.012429,-0.0283452,0.0457849,0.0172551,-0.0363184,-0.00902873,-0.00818085,0.0133192,0.0394041,-0.0682893,-0.118305,-0.0597719,-0.0495886,0.00861833,-0.0209847,-0.057136,-0.017907,0.0874527
385.714,0.174324,-0.0138443,0.172501,0.0878906,0.0824756,0.130285,-0.11102,-0.0802972,0.115247,0.0466134,0.0911117,0.15846,0.0540347,0.0556875,0.066709,-0.0501849,0.0164561,0.252966,0.146053
386.205,0.17755,0.089774,-0.0128371,-0.0339973,0.0706638,0.039266,0.0912978,0.133291,0.106129,0.0399345,-0.029768,0.093315,-0.0123355,0.00222732,-0.10405,0.0725613,0.0183787,0.187273,-0.0195498
386.697,0.0240959,0.110248,0.150937,0.0354037,0.0636219,-0.0613051,0.0310968,0.0559742,0.0888924,0.140579,-0.0867525,-0.126884,-0.0458618,0,0.0321852,0.0258775,0.127677,0.138471,0.0278526
387.189,0.117621,0.0431302,0,0.0731768,0.0353875,0.0302517,0.00259834,0.0183001,-0.0172023,0.00506757,0.00981017,0.080988,0.0896889,0.0567897,0.122864,-0.0119106,0.103146,0.0831722,0.0428471
387.68,0.0234654,0.0527478,0.027399,0.0719694,0.0154115,0.0299028,0.0222588,0.0297085,-0.00547014,0.041487,0.00259567,0.0238669,0.0316076,-0.00559446,0.0478772,0.0103645,-0.0564712,0.0465956,-0.00387987
388.172,0.114703,0.130554,0.16261,-0.089669,0.0921848,0.0445492,0.00661397,-0.0426579,-0.0118661,0.0611589,0.225911,0.0592922,0.10901,0.092769,0.0486845,0.038185,0.0131298,0.0735789,0.0926303
388.663,0.145078,0.121777,0.158441,0.10145,0.19551,0.0519121,0.0379149,0.0962203,0.047211,0.108553,0.148352,0.179709,0.130179,0.09225,0.179779,0.146138,0.0447384,0.127945,0.199405
389.154,0.0415979,0.0497628,0.0465103,0.0498534,-0.0742547,-0.128798,-0.0175727,0.0788693,0.0396386,0.0325585,-0.0766145,-0.00584403,0.0219755,-0.0338776,0.0527841,-0.0266555,-0.0704973,-0.00421881,0.0932673
389.645,0.154037,0.0216742,0.0316851,0.154639,0.0595019,0.133861,0.00742898,0.00554236,0.0352876,0.0831458,0.00601832,0.168115,0.00777227,0.0704322,-0.0167745,0.139613,0.0822168,0.0790811,0.0731735
390.136,-0.0520163,0.0264695,0.0173823,0.020518,-0.0351884,0.0052188,-0.00520036,-0.00896832,0.0588681,0.0599582,-0.0414818,-0.0107228,-0.0153903,-0.0252498,-0.0150944,-0.0100526,-0.0124194,0.0141425,0.0538881
390.627,-0.069186,0.0453195,-0.0971131,0.0593946,-0.0177907,0,-0.0932567,-0.0369241,0.00207453,-0.0941978,-0.0205547,0.0656748,0.0800581,-0.0199352,-0.0401431,-0.0830895,-0.0972832,-0.010391,-0.0160847
391.118,-0.0448431,-0.0212313,-0.0111474,0.0348635,-0.0704741,0.0641716,-0.134805,-0.0558369,-0.0210876,-0.0862596,-0.044985,-0.0461965,0.0474564,0.0267155,-0.0403497,-0.00174549,0.0434309,-0.100196,0.0141784
391.608,0.057076,0.0242557,0.129424,-0.0548924,0.00835077,0.079092,0.0534501,0.0807764,0.0373703,0.0963057,0.108133,0.0464676,-0.00446107,-0.0275775,-0.0358601,0.126524,0.0694929,0.0298692,0.113918
392.099,-0.00716538,0.0327739,0.110726,0.0432378,0.0272262,0.0278704,0.00642656,0.0455489,0.0496434,0.0080332,0.0116864,0.0359941,0.00160927,0.0412995,0.0746384,-0.0518367,0.103173,0.0973408,-0.0375052
392.589,0.0930647,0.0609785,0.0258513,0.141166,0.0482125,0.123498,0.0333433,0.104996,0.0798966,0.0886331,0.0788216,-0.00229979,0.00653341,0.0564467,0.0635564,0.0290827,0.154872,0.170715,0.0951296
393.08,0.0995361,0.0922581,0.137903,0.0406804,0.105515,0.0990641,0.0639203,0.130257,0.144669,0.0525584,0.00696412,0.0568343,0.0472818,0.0847026,0.0109048,0.0851778,0.138607,0.103815,0.127742
393.57,0.154297,0.0779755,0.0892175,0.0625824,0.0666892,0.0980984,0.0977662,0.110308,0.104381,0.106084,0.169658,0.0628765,0.0726648,0.107679,0.0542438,0.0619186,0.176939,0.167809,0.117639
394.06,0.0746279,0.178796,0.168401,0.106176,0.0590052,0.112575,0.0897806,0.147812,0.100377,0.0413653,0.0257724,0.0621899,0.0749626,0.160551,0.0520134,0.178545,0.0289638,0.172994,0.120986
394.55,0.0230939,0.0385889,0.00557055,0.119053,0.0517693,0.00545603,0.0620915,0.0508801,0.0159903,0.00254839,0.0541742,0.0543361,0.0426463,0.052293,0.0877793,0.0924748,0.0436822,0.063396,0.00273605
395.04,0.0389276,0.0885133,0.0574992,0.113274,0.0474472,-0.00514707,0.0470961,-0.0470619,0.0373181,0.0263938,-0.0283161,0.0611092,-0.0797297,0.0197189,-0.0109024,-0.044026,0.0729525,0.0814865,0.107669
395.529,-0.0927148,-0.0385237,-0.00669279,0.00135583,-0.0318801,0.052677,-0.0146867,-0.0475153,-0.0130045,-0.00782209,-0.0436749,0.0416013,-0.0255628,-0.0494636,0.00399026,-0.0578758,0.00957731,-0.0829889,0.0161037
396.019,0.0395482,0.00975365,0.0832579,0.00897336,0.0283742,0.0315758,0.0391921,0.054114,0.0949816,0.103957,0.0311587,0.113797,0.119034,0.0141843,0.118535,0.0459583,0.0319608,0.137538,0.120168
396.508,-0.0495177,-0.0685013,-0.0368149,-0.0250797,0.00149206,-0.017554,-0.0500227,-0.0253321,-0.0545677,0.0310549,-0.00165569,-0.0586824,0.0550876,-0.0500186,-0.017337,-0.0400255,-0.0378082,-0.055075,0.036797
396.998,0.0774134,0.0498899,0.0531815,0.0814983,0.0347128,0.0204271,-0.01768,0.0556633,0.0819774,0.00882655,0.00261551,-0.0155294,0.0254003,-0.00921328,0.0646114,0.0268137,0.0819271,-0.00778672,0.11691
397.487,0.0819025,-0.00778841,0.0403604,0.0141494,-0.0047775,0.051778,-0.0143325,0.0135363,0.0725685,0.0244926,0.0420381,0.0654716,0.0746604,-0.0227628,0.0599508,0.0965726,0.138596,0.0684143,0.092225
397.976,0.126981,0.0576528,0.140945,0.108631,0.0753261,0.0776647,0.0843652,0.162318,0.039684,-0.00150116,0.0264868,0.0877963,0.0759907,0.127551,0.127658,0.096223,0.134722,0.0935082,0.12072
398.465,0.00120682,0.0156372,0.0800919,0.030475,0.00678234,-0.00636931,-0.00129041,-0.00622955,0.0200096,0.0272164,0.0515673,0.0138497,0.0834366,0.0371059,-0.0378119,-0.0134121,0.0296473,0.0775203,0.0708191
398.954,0.122426,0.111335,0.134618,0.0416126,0.127152,0.0883661,0.106459,0.127209,0.100965,0.118918,0.0933778,0.0782066,0.0802943,0.162824,0.0896453,0.0885619,0.0826982,0.149282,0.127632
399.443,0.0863163,-0.0104328,0.0207028,-0.0266502,-0.00950425,0.0399306,0.00769087,-0.0524607,0.0756313,0.012878,-0.0350569,0.0696448,-0.0132215,-0.00927701,0.0687254,0.0213898,-0.0286331,0.0297153,0.0240942
399.931,0.0851573,0.093491,0.0545566,0.0297578,-0.00239348,0.0475763,0.0632917,0.0244631,0.0594292,0.0348322,0.0855349,0.0759183,0.0177783,0.0372107,0.05288,-0.0255555,0.0214414,0.0424409,0.0638155
400.42,0.0566596,0.0513836,0.0327692,0.0292495,0.0435825,0.017352,-0.0353601,0.0567027,0.0222662,0.0147423,0.00850166,0.0846117,0.0430437,0.0411363,0.057028,0.0277922,0.00789125,0.0175404,0.107599
400.908,0.0517757,0.0520384,0.0426066,0.075454,0.0671377,0.0112166,0.104663,0.00913318,0.00103974,0.0265632,-0.00609464,0.0573417,0.0313229,0.0250524,0.0632819,0.0285789,0.0385217,0.0858765,0.0160977
401.397,0.090888,0.0536177,0.031297,0.0876139,0.0445943,0.0591839,0.0189112,0.0702717,0.0872614,0.0670571,0.0403006,0.0146394,0.0685497,0.045134,0.0749357,0.0655232,0.0190554,0.0793936,0.0848729
401.885,-0.00524798,0.0945422,0.0748027,0.0920663,0.0399489,0.0152497,0.0474269,-0.0126187,0.00525289,0.0276248,-0.0344887,0.0318616,-0.0288764,0.0243931,0.0297217,0.039424,0.0249112,0.0052578,0.0534316
402.373,-0.00683613,-0.0409674,0.0170201,-0.0151324,0.0159281,-0.0229305,-0.0165307,0.0296304,-0.0175938,-0.0345466,-0.0109353,-0.0323672,-0.012587,-0.0103184,-0.0208198,0.028142,-0.00601005,0.0333507,0.0110184
402.861,-0.0126714,-0.0483562,-0.0114959,-0.0109613,-0.01691,0.0173781,-0.0407104,-0.0501826,-0.0158109,-0.0473891,0.00917311,0.00852678,-0.0173631,-0.0392979,0.00737892,-0.0475953,0.0338478,0.0637749,0.0340703
403.349,0.0606398,0.0162246,0.0154973,0.0623685,0.106984,0.0694583,0.0613134,0.0540014,0.068674,0.0576484,0.0504353,0.0981556,0.0736793,0.0763344,0.008991,0.075183,0.111499,0.116558,0.109096
403.837,0.086477,0.0715772,0.0437786,0.079758,0.0672518,-0.0292294,0.0439082,0.0840153,0.0412309,0.0779016,0.0154557,0.0935222,0.0755302,0.0818456,0.0519344,0.038382,0.0446478,0.0981267,0.101682
404.324,-0.0251534,0.0341452,-0.0250288,0.0389192,-0.0132242,0.0214263,-0.00715109,-0.0222812,0.00995607,-0.00705209,-0.0618298,0.0230908,-0.039207,0.00437903,-0.0299684,0.0045104,0.0226085,0.0213204,0.0188097
404.812,0.0907416,0.107177,0.0921627,0.0954363,0.0404545,0.0637428,0.112315,0.0928157,0.097526,0.103779,0.0890099,0.064173,0.0604948,0.0569033,0.0429071,0.0552004,0.0813881,0.0672487,0.122987
405.299,-0.00263069,0.0258659,0.0346586,0.0931156,0.014412,0.0651558,0.00764065,0.0166077,0.0393207,-0.0117757,0.0103077,0.0919438,-0.0354361,0.000886861,0.00612353,0.028753,0.0348799,0.0396687,0.0558971
405.786,0.0468079,0.0395776,0.0515792,0.0185888,0.0115071,0.0402151,0.0285309,0.0085262,0.0209591,0.0037802,0.0199246,0.0109082,-0.0298528,0.0253716,0.0264423,0.0146294,0.0281125,0.0240022,0.0433768
406.274,0.0778427,0.024375,0.0366647,0.071838,0.0562166,0.048666,0.0429315,0.0380933,0.0644899,0.0359442,0.0325799,0.0425826,0.0850801,0.0484726,0.00241998,0.0619673,0.0200671,0.0920383,0.0783731
406.761,0.0874841,0.0532512,0.0352892,0.0337311,0.0411945,0.0240249,0.0371007,0.026533,0.0469113,0.062892,0.0278171,0.0552456,0.0258699,0.0199742,0.0343866,0.00472941,0.0334255,0.0548541,0.0524539
407.248,-0.0183164,0.033808,0.00656313,0.023631,0.0378538,0.0235397,-0.0284668,0.0141001,-0.0165968,-0.0345972,-0.0250109,0.0241777,0.0252613,-0.0165511,0.00526264,0.000759642,0.0230132,0.00145362,0.0671416
407.734,0.0016514,-0.0117464,0.013325,0.0340074,0.0270768,0.00783822,0.0104843,-0.0069543,0.0109556,-0.0388483,0.0265589,-0.00741525,0.0218308,0.0210131,0.0118059,0.0259908,0.029631,0.0427437,0.0541397
408.221,0.102771,0.0691344,0.0788759,0.0329916,0.0377352,0.0263352,-0.00313611,0.0158035,0.0183045,0.0305347,0.0483116,0.0630335,0.0276839,0.068207,0.0393053,0.11043,0.0546972,0.0638511,0.0514588
408.708,0.0442605,0.0390053,0.0472424,0.0133644,0.0188061,0.0207874,0.0428234,0.046892,0.0587431,0.0468863,0.0391741,0.0369407,0.0469296,0.0618813,0.0597098,0.0444013,0.024102,0.0319869,0.0611965
409.194,0.0256718,0.00769689,-0.00152724,0.0371011,0.03388,0.0182908,0.0370282,0.0149407,-0.00610897,0.00811048,0.00975404,-0.0277766,0.0224201,0.0579924,-0.00842752,0.0154347,0.021643,0.0622356,0.0453406
409.681,-0.0088708,0.0124585,0.0428561,0.0387523,0.0237953,0.0297992,0.0252942,0.017791,0.0253454,0.0282605,0.0298047,0.0124508,-0.00201009,0.0324404,0.0340279,0.0312092,0.0295704,0.017854,0.0754189
410.167,0.0420338,0.0293294,0.057289,0.0583688,0.0335167,0.0555907,0.0481533,0.0362035,0.0187555,0.0356577,0.0156748,0.0380996,0.0386639,-0.0212962,0.0358302,0.0345376,0.045404,0.0248985,0.0467141
410.653,0.0844229,0.0799426,0.0692034,0.0916184,0.117951,0.087544,0.112034,0.0944014,0.106396,0.044197,0.0919994,0.0952409,0.0558308,0.0803233,0.104401,0.0967636,0.0967739,0.079529,0.127084
411.139,0.0587232,0.0507564,0.09,0.0749705,0.0472607,0.0626868,0.0288405,0.0781347,0.0576099,0.0385588,0.0177441,0.0256595,0.107388,0.0212871,0.0550423,0.0349338,0.0773417,0.0563137,0.0713913
411.625,0.0551389,0.0580143,0.0550594,0.042061,0.0475896,0.0619066,0.0686288,0.0347092,0.0606356,0.0484196,0.0663449,0.038281,0.0373639,0.0442126,0.0237637,0.044224,0.0536513,0.0466263,0.0850096
412.111,0.0739742,0.06775,0.080196,0.0635209,0.0730667,0.0672599,0.0822262,0.0879553,0.0612041,0.0653606,0.0551833,0.0844147,0.0514,0.047254,0.0356454,0.0852483,0.0758632,0.0530976,0.0942483
412.597,0.0646323,0.0414572,0.0400449,0.0519495,0.0546421,0.0428208,0.0297107,0.00198626,0.0567891,0.0619887,0.0211532,0.0231637,0.0560148,0.0271607,0.037634,0.0648465,0.073697,0.0658803,0.0527903
413.082,0.019378,0.0345303,0.0290515,0.0374059,0.0183314,0.0226682,0.050619,0.0387511,0.0244672,-0.000662188,-0.0182813,0.0369321,0.0320366,0.0121176,0.013302,0.020934,0.0481657,0.0520637,0.0685298
413.568,0.0400347,0.0462546,0.0448138,0.0459837,0.0157036,0.0546484,0.0382777,0.02481,0.0488956,0.0184319,0.0114937,0.0393655,0.0164912,0.0118145,0.0241149,0.00837032,0.0672207,0.0746729,0.084882
414.053,0.0417606,0.0283319,0.048037,0.0428535,0.0663701,0.0919118,0.0237482,0.0359615,0.0288152,0.0226684,0.0828839,0.0330403,0.0564814,0.0577885,0.0433122,0.0694052,0.0659037,0.0814671,0.0890721
414.538,0.0200694,0.0154431,0.0306294,0,-0.000601187,0.0143486,0.00559799,0.0211426,0.00887478,0.00750109,-0.0112126,0.0349703,0.029578,0.000627586,0.0012041,0.00564827,0.01458,0.0532449,0.0480643
415.023,0.0712516,0.0722477,0.0506193,0.0464352,0.0812321,0.0412845,0.0613373,0.0496899,0.029969,0.0178954,0.0343395,0.0624163,0.0653499,0.00875385,0.0655825,0.040278,0.0417389,0.0531448,0.107581
415.508,0.0858359,0.0790671,0.0455847,0.0942062,0.0832359,0.0808666,0.0701771,0.0570512,0.0661172,0.0617962,0.0865874,0.0875167,0.071735,0.0436972,0.045808,0.0510336,0.0783596,0.0843953,0.080361
415.993,0.0483322,0.0607035,0.0333924,0.0613332,0.0525344,0.0478363,0.0501661,0.0160693,0.018528,0.0522318,0.0467592,0.0285818,0.0482078,-0.000599346,0.0518819,0.0557046,0.0865904,0.0743666,0.0569699
416.478,0.0622233,0.0724516,0.0331912,0.0419839,0.0423102,0.0193722,0.0321089,0.0444043,0.024491,-0.00155073,0.0239358,0.0628889,0.0185388,0.0413426,0.0447173,0.0647086,0.0400718,0.0410292,0.0726069
416.963,0.0278942,0.0548605,0.0414891,0.0566607,0.0572464,0.0452795,0.0554474,0.0324353,0.0393139,0.0568662,0.0452214,0.0357717,0.0515217,0.0518149,0.0315232,0.0212971,0.0478823,0.0502433,0.0667469
417.447,0.0261214,0.0264536,0.0258568,0.0340846,-0.0112629,0.0104437,0.0325875,0.00518329,0.011467,0.0243957,0.0156801,0.0149694,0.016879,0.0397021,0.00319702,0.0369784,0.0247266,0.0292367,0.0459178
417.932,0.04173,0.0672669,0.0459457,0.0400292,0.0561634,0.0749257,0.0578747,0.0268737,0.0366934,0.0300938,0.0485287,0.0167015,0.0542249,0.0542642,0.0496348,0.0423591,0.0551588,0.070092,0.0672932
418.416,0.0140035,0.0452787,0.0338717,0.034311,0.052358,0.0403514,0.0257143,0.0272131,0.0205482,0.0248249,0.0476648,-0.00189811,0.0262527,0.0356902,0.0379399,0.0413886,0.0506404,0.0516164,0.0632828
418.9,0.054736,0.0654418,0.0655733,0.0587187,0.0162101,0.0646605,0.079696,0.0773414,0.0738491,0.0800764,0.0410473,0.0712015,0.0634087,0.0685468,0.0581464,0.0628308,0.0705657,0.0900139,0.108814
419.384,0.0409831,0.0453636,0.0372666,0.0173686,0.0527247,0.0526533,0.0178094,0.0568805,0.0170621,0.042518,0.0426574,0.0393716,0.0328828,0.0276533,0.0157844,0.0233041,0.0412816,0.0685914,0.0600762
419.868,0.0602074,0.0446387,0.0353226,0.0520127,0.0626675,0.0414626,0.0417436,0.0578353,0.030908,0.0530567,0.0451925,0.016391,0.0508872,0.0187852,0.0457938,0.0506164,0.0226902,0.0378114,0.0671386
420.352,0.0543511,0.0381392,0.0670846,0.0507953,0.0579853,0.0512091,0.0172951,0.0316471,0.0338185,0.0293602,0.0337121,0.051298,0.0326167,0.0443228,0.0415071,0.0560844,0.0487419,0.0609145,0.0746755
420.836,0.0405105,0.0396437,0.0461077,0.0188667,0.0309783,0.0323671,0.0309848,0.0489489,0.0312647,0.0238081,0.023607,0.0196237,0.0386846,0.0116659,0.0186355,0.0333345,0.0450738,0.0570008,0.0546404
421.319,0.0258914,0.0228563,0.0337449,0.0353964,0.0304326,0.0548314,0.0307059,0.0223914,0.0357455,0.0279647,0.0285033,0.0107012,0.00044225,0.00461408,0.0361802,0.0379001,0.0584905,0.0463175,0.055153
421.803,0.0564119,0.0694316,0.0812188,0.0525499,0.0605882,0.0563907,0.027911,0.0484932,0.0373961,0.042849,0.031098,0.024432,0.032992,0.0433468,0.0531054,0.0585455,0.0570152,0.0682805,0.0797564
422.286,0.0218469,0.0305412,0.0291195,0.051016,0.0481834,0.0466611,0.017043,0.0367911,0.0317045,0.0388909,0.0139766,0.0208215,0.0026989,0.0195212,0.0390074,0.0311058,0.0513895,0.0335883,0.0728305
422.77,0.0550524,0.0551826,0.0451993,0.049237,0.0214267,0.0403119,0.035973,0.0400735,0.0644511,0.0468278,0.0325477,0.0367709,0.0374697,0.0370543,0.0460705,0.0401734,0.0557789,0.0633823,0.0910287
423.253,0.0147203,0.0418009,0.0262882,0.00788871,0.0216289,0.0180915,0.00630645,0.00330276,0.0156065,0.00382382,0.0180136,0.0269755,0.0170716,-0.00373942,-0.0033051,0.0397975,0.00167809,0.0169446,0.0446224
423.736,0.0272396,0.0358756,0.0359631,0.038467,0.0419006,0.0339193,0.0256892,0.0236618,0.0358355,0.0259824,0.0276304,0.0288023,0.0178535,0.0154024,0.0292419,0.0300468,0.0449891,0.0432924,0.059041
424.219,-0.000437338,0.0242499,0.0200904,0.022387,0.0169622,0.0174567,0.00783623,0.00957426,-0.00512362,-0.00786379,0.00296838,0.00645779,-0.00171258,0.00885903,-0.000875601,0.00347546,0.00171435,0.0322206,0.0439815
424.702,0.0645767,0.0631761,0.0463847,0.0503287,0.0390856,0.0421398,0.0437252,0.0518041,0.0365691,0.0381111,0.0349642,0.0506157,0.0399277,0.0419778,0.0337804,0.046537,0.0617298,0.0844412,0.0545432
425.184,0.0488573,0.0187828,0.0676832,0.0460958,0.0512701,0.0403715,0.020294,0.0421779,0.0292873,0.0370727,0.0340991,0.0261627,0.0322051,0.0176988,0.0313312,0.0456045,0.046215,0.0527693,0.0664788
425.667,0.056924,0.0599239,0.0540301,0.0420173,0.0441924,0.0266131,0.0342866,0.0489812,0.045267,0.056695,0.028751,0.0485397,0.0381515,0.0451032,0.0470969,0.0306357,0.063852,0.0571406,0.0757198
426.149,0.0498704,0.0441705,0.0545203,0.0632007,0.0420758,0.0187354,0.0295953,0.0194205,0.0399956,0.046725,0.0487687,0.0419312,0.0320651,0.0395787,0.0358857,0.0345176,0.0592182,0.0763428,0.0840957
426.632,0.0265708,0.0546689,0.0633793,0.0387829,0.0372265,0.0322521,0.0269164,0.0341002,0.0348234,0.0462058,0.0195286,0.0332438,0.0316592,0.0157054,0.0362786,0.0488287,0.0434907,0.0566113,0.0669196
427.114,0.0358397,0.0569834,0.0525117,0.0556594,0.0427727,0.0582528,0.0373693,0.0254095,0.0324829,0.0509516,0.056244,0.0453041,0.0307121,0.0597543,0.0389639,0.0544739,0.041359,0.0766934,0.0655744
427.596,0.0698193,0.048612,0.0462315,0.0564483,0.0577868,0.0403059,0.0392068,0.0326251,0.0567705,0.0417976,0.044858,0.0400435,0.0377347,0.0422977,0.0560977,0.0454622,0.0512738,0.0570093,0.0727311
428.078,0.0271436,0.0233386,0.0334816,0.0404395,0.0210362,0.0183756,0.0345373,0.0381898,0.0205869,0.0302484,0.0162397,0.0294686,0.0165317,0.0067899,0.0203941,0.00855073,0.056876,0.0416831,0.0704493
428.56,0.0188715,0.0483069,0.0359532,0.0447581,0.0401715,0.0212374,0.0272058,0.0385008,0.020445,0.0218863,0.0318976,0.0388388,0.0216054,0.0401837,0.0187367,0.015656,0.0430408,0.0599829,0.0403813
429.042,0.0654551,0.0610102,0.0624597,0.0460107,0.0527664,0.0516806,0.0400261,0.0459287,0.0463227,0.0499505,0.0414098,0.041829,0.05597,0.0409486,0.0510123,0.0557071,0.0578928,0.0786158,0.0963875
429.524,0.0768957,0.0660261,0.0962202,0.0744282,0.0774405,0.0699903,0.0736519,0.0539577,0.0424568,0.0633977,0.0669166,0.0653274,0.0549861,0.0787221,0.0684984,0.0738522,0.0594052,0.0645002,0.0972844
430.005,0.0576269,0.062336,0.0490197,0.0580571,0.0580062,0.061332,0.0634216,0.0381557,0.0420501,0.0430027,0.0582668,0.0499575,0.0517973,0.0531594,0.0399843,0.0533824,0.061678,0.0626976,0.0744882
430.487,0.0237461,0.0528676,0.0488297,0.0270492,0.051613,0.033733,0.0333164,0.039132,0.0312701,0.0373224,0.0391091,0.0426645,0.0168545,0.0290081,0.032743,0.0365554,0.0416616,0.0526191,0.0497887
430.968,0.0321286,0.0396714,0.0477244,0.0345728,0.0357488,0.0285137,0.0348448,0.0178087,0.0313804,0.0221552,0.0289634,0.00992621,0.0250998,0.0223552,0.0327959,0.0463328,0.0573746,0.0469065,0.0693361
431.449,0.0556784,0.0253828,0.033248,0.0315139,0.0295713,0.0247724,0.0295468,0.0436069,0.0234284,0.0269832,0.0214024,0.0339146,0.0323427,0.017436,0.0388687,0.0582579,0.0451369,0.0526524,0.0645408
431.93,0.0585388,0.0557493,0.0556222,0.0357634,0.0395966,0.0293791,0.033657,0.0495235,0.035686,0.0391933,0.0192624,0.0404338,0.0303823,0.0406007,0.0565988,0.0435475,0.0598126,0.0552446,0.064556
432.411,0.0528103,0.0369851,0.053805,0.0491096,0.0281752,0.0436596,0.0357043,0.0275721,0.0265332,0.0140288,0.0476943,0.0372206,0.0421643,0.0312788,0.0375637,0.0422669,0.0585953,0.0693406,0.0494876
432.892,0.0450943,0.0566739,0.0648574,0.0377182,0.0299342,0.0418592,0.0480749,0.0298713,0.0484823,0.0274826,0.0392163,0.0380624,0.0438739,0.0434338,0.0464237,0.0574587,0.0558413,0.0765049,0.0932032
433.373,0.0509101,0.0556971,0.0383196,0.0474791,0.053525,0.0318835,0.0285166,0.0366844,0.0387555,0.0468484,0.0264886,0.0482675,0.0163006,0.0377967,0.0338443,0.0377936,0.0675402,0.0565408,0.0810259
433.854,0.0428752,0.058758,0.0602853,0.0336902,0.0512169,0.0431824,0.0519717,0.0480401,0.0291506,0.0400165,0.0459089,0.0543223,0.0502014,0.0440641,0.0413614,0.0464565,0.0512652,0.0619662,0.0688051
434.334,0.041484,0.0480929,0.0480337,0.0373198,0.0412151,0.0350128,0.0469164,0.0342997,0.0246209,0.0229257,0.0426651,0.0441549,0.0223148,0.0432914,0.0424524,0.0428908,0.0587088,0.069907,0.0574745
434.814,0.071509,0.0534342,0.0694672,0.0528698,0.0637964,0.0596324,0.0565658,0.0561808,0.0671321,0.0677135,0.0513924,0.0398096,0.0651107,0.0481032,0.0649221,0.0792408,0.0640797,0.0795934,0.0775929
435.295,0.0356901,0.0466299,0.0417814,0.0431765,0.0384028,0.0106221,0.0449654,0.0264334,0.0439522,0.0464791,0.036694,0.018893,0.0304921,0.0234486,0.0471395,0.043318,0.0631236,0.0674158,0.0780395
435.775,0.0564451,0.059261,0.0722872,0.0651029,0.0421906,0.0479233,0.0352174,0.0612344,0.0408922,0.0458985,0.0421081,0.0435008,0.0418,0.0510446,0.0625625,0.0495205,0.0605831,0.0822747,0.0912369
436.255,0.0407265,0.050222,0.065753,0.0484731,0.0450738,0.053047,0.0417879,0.0460964,0.0295928,0.0371392,0.0501267,0.0382027,0.0301656,0.0296635,0.0473785,0.044742,0.0603167,0.0529076,0.060175
436.735,0.0539139,0.0421508,0.0423439,0.0422841,0.0420235,0.0254022,0.0340736,0.0381977,0.0321696,0.0441265,0.0474457,0.0331969,0.0351967,0.0339006,0.038131,0.0448021,0.0459727,0.0639455,0.0664325
437.215,0.0182921,0.00533795,0.0151482,0.0196458,0.0169181,0.0174556,0.0215128,0.0188633,0.0188376,0.00929749,0.00993817,0.00825055,0.0115624,0.0164986,0.0145269,0.0191721,0.0205283,0.0305365,0.0450938
437.695,0.0513436,0.0581271,0.0365421,0.0361633,0.0413478,0.0523336,0.0450299,0.0331291,0.0428957,0.0323061,0.0392369,0.0389799,0.0462961,0.0317188,0.0446718,0.0540933,0.0468623,0.0627201,0.0852541
438.174,0.0549364,0.0551987,0.0643162,0.0587545,0.053277,0.0433785,0.0509322,0.0400733,0.0339713,0.0509672,0.0543095,0.0500686,0.0411143,0.0310939,0.0425211,0.0643643,0.0691111,0.0783284,0.0876101
438.654,0.0369667,0.0385072,0.0282196,0.0362805,0.0214595,0.0476227,0.0258628,0.0267488,0.0305827,0.0304649,0.0284064,0.0382844,0.0288635,0.0130813,0.0323206,0.0418379,0.0218576,0.0677421,0.0573707
439.133,0.0540408,0.0464675,0.0625769,0.0656352,0.0640075,0.0517984,0.041752,0.0493121,0.0561449,0.0471682,0.0464183,0.0539404,0.0526383,0.054814,0.0482571,0.069357,0.0610597,0.0798377,0.0957953
439.612,0.0413349,0.0541187,0.0480072,0.0535025,0.0455119,0.0355279,0.0378411,0.0333931,0.04223,0.0286737,0.0497566,0.0539533,0.0308802,0.0459296,0.0437708,0.0531478,0.0591684,0.0605894,0.0807593
440.091,0.0363488,0.0493998,0.0330218,0.0335777,0.0349387,0.0346336,0.0221023,0.0216483,0.0270612,0.0335684,0.0275493,0.0229655,0.0237531,0.0369167,0.0274088,0.0344349,0.0491914,0.054111,0.062123
440.571,0.0485587,0.0421665,0.0383545,0.0356555,0.044662,0.0350468,0.0327566,0.0416732,0.0286314,0.0387838,0.0315379,0.0326179,0.0359101,0.0359327,0.0338723,0.045045,0.0437715,0.0422779,0.0652891
441.049,0.0538168,0.0658374,0.0661016,0.0610188,0.0576519,0.0538563,0.0559497,0.062874,0.0613424,0.0607401,0.0481998,0.0611177,0.0463181,0.0629238,0.0614874,0.0597585,0.0618701,0.0772354,0.0810579
441.528,0.033929,0.0428717,0.0244062,0.0305067,0.0259999,0.0257436,0.0130782,0.0329632,0.019068,0.026977,0.00824128,0.0327706,0.0239054,0.0361369,0.0252703,0.0282107,0.0318415,0.0434049,0.052728
442.007,0.0368767,0.0385254,0.0408115,0.0523782,0.0444887,0.0406573,0.0431218,0.0351476,0.0313313,0.0366054,0.0424355,0.0282814,0.0393094,0.0377478,0.0347269,0.0523569,0.0542964,0.0693211,0.0705244
442.486,0.0290432,0.0382013,0.0348631,0.035892,0.0341779,0.0345531,0.0328455,0.0344304,0.0225277,0.0268488,0.0233405,0.0337302,0.0357218,0.0253837,0.0420964,0.0312026,0.0496892,0.0674479,0.0588457
442.964,0.0505112,0.0604369,0.0473364,0.0548499,0.05147,0.0509574,0.0534367,0.0537648,0.0423385,0.0353807,0.0314764,0.0458874,0.0444494,0.0402212,0.0398325,0.0483545,0.0492245,0.0768527,0.0713772
443.442,0.0398846,0.0383669,0.036704,0.0437239,0.0380218,0.0308425,0.029731,0.041218,0.0356468,0.0465018,0.0350118,0.0466653,0.0273915,0.0241296,0.0432721,0.0472713,0.0460266,0.0571557,0.0590296
443.921,0.0423245,0.0476298,0.0410433,0.0273837,0.0374694,0.0326434,0.0218907,0.0143424,0.0233821,0.0326496,0.0186763,0.023525,0.0165793,0.0330192,0.0347217,0.0406629,0.0292583,0.0406265,0.0676009
444.399,0.0539135,0.0418542,0.0553129,0.0543716,0.0465826,0.0445014,0.0367375,0.0466857,0.0400152,0.0538811,0.047105,0.0507545,0.0482363,0.0398171,0.0600412,0.0585637,0.0624523,0.071819,0.0731591
444.877,0.0512605,0.0407205,0.0395979,0.0481444,0.0514702,0.0358031,0.0422971,0.0384292,0.0397585,0.0434662,0.0406824,0.0386739,0.0370035,0.0379906,0.0425926,0.0490987,0.0482795,0.062455,0.0658004
445.355,0.0398154,0.0561157,0.0517561,0.0479181,0.0409289,0.0291162,0.0327733,0.0370208,0.0370043,0.0316431,0.0339745,0.0343422,0.0448155,0.0368463,0.0410292,0.0500181,0.0470975,0.0585253,0.0788555
445.832,0.0407827,0.0440526,0.0392834,0.038117,0.0444693,0.0335522,0.0362126,0.0312893,0.027244,0.0264885,0.0337827,0.0324349,0.0411467,0.0435513,0.0400386,0.0403624,0.0528769,0.0643653,0.0657246
446.31,0.0364881,0.0410265,0.028582,0.0318955,0.0398389,0.0326521,0.0294155,0.0340175,0.0261987,0.0289385,0.017463,0.0305466,0.0330689,0.0285309,0.0278555,0.0340601,0.0444342,0.0505418,0.0650353
446.788,0.0471633,0.0465738,0.0578476,0.0405911,0.0506935,0.0398108,0.0443146,0.0419253,0.0423179,0.0383001,0.0282437,0.027836,0.0489787,0.0519949,0.0459224,0.0398361,0.0585506,0.0734888,0.0805815
447.265,0.0419237,0.0507173,0.0441935,0.0486482,0.032433,0.0409252,0.0425692,0.0273923,0.0311247,0.0401126,0.0362744,0.0286647,0.0314293,0.0320261,0.0430379,0.0278333,0.0455112,0.0608951,0.0716135
447.742,0.0436824,0.05399,0.0362583,0.0564351,0.0472518,0.0400493,0.0418662,0.0407408,0.0377585,0.0503017,0.0385195,0.0268612,0.0251377,0.0535141,0.0469251,0.0486774,0.0615884,0.0632118,0.0772339
448.219,0.0408237,0.0459518,0.0520195,0.0394108,0.0360082,0.0306735,0.0325222,0.0338222,0.0406546,0.0298307,0.0401048,0.0341376,0.0186307,0.033938,0.0291352,0.0429644,0.0539073,0.047423,0.0574223
448.697,0.0517851,0.0500853,0.0581558,0.0455128,0.0488417,0.0432691,0.0435181,0.0362855,0.0441422,0.0423781,0.0256904,0.0278607,0.0346417,0.0322941,0.0497169,0.0551564,0.0624805,0.0652824,0.0765981
449.173,0.0409575,0.0296152,0.038063,0.0262378,0.0214544,0.0342159,0.0253164,0.0399394,0.0298322,0.0266366,0.0240076,0.0318412,0.0331608,0.0306172,0.0307066,0.0372665,0.0484279,0.0545323,0.0668471
449.65,0.0376459,0.0429858,0.0377683,0.0369888,0.0474348,0.034916,0.0346654,0.0408311,0.0309668,0.0319359,0.027279,0.0261767,0.0372405,0.0447522,0.0389564,0.0338436,0.0531418,0.0575848,0.0678581
450.127,0.0492091,0.0251758,0.0439579,0.0430692,0.0315348,0.0314638,0.0316487,0.0343421,0.0352243,0.0323376,0.0360115,0.0235699,0.0284919,0.0331396,0.0258663,0.0414566,0.045128,0.0552399,0.0610737
450.604,0.046275,0.0513933,0.0419748,0.0497167,0.0425428,0.0442166,0.0443936,0.0411393,0.0468286,0.0344149,0.0309343,0.0434969,0.0373273,0.0353103,0.038037,0.0496088,0.0621991,0.0646051,0.0802067
451.08,0.0324455,0.0467916,0.0493255,0.0461306,0.0514823,0.0506153,0.0369761,0.0365596,0.0268608,0.0317918,0.0415712,0.0399208,0.0335957,0.0299907,0.0301139,0.0346971,0.0428395,0.0626163,0.0710959
451.557,0.0426733,0.0551169,0.0419593,0.0422992,0.0431079,0.0493261,0.0279888,0.0454251,0.040556,0.0412815,0.0374965,0.0376692,0.0328074,0.0408249,0.045027,0.0469793,0.0537577,0.0653611,0.0634497
452.033,0.0338341,0.0380208,0.0437937,0.0406126,0.0341635,0.0319383,0.0422343,0.0329819,0.030571,0.0313989,0.0225971,0.0375515,0.0276438,0.0422108,0.0363256,0.0343362,0.0481159,0.0527429,0.0643462
452.509,0.0452651,0.0508709,0.0549375,0.0541807,0.041422,0.0444935,0.0431621,0.0389058,0.0313191,0.0383361,0.0367428,0.0495333,0.0451756,0.0435847,0.0449375,0.0544008,0.057402,0.061265,0.0757787
452.985,0.0406593,0.0413541,0.0509124,0.0491295,0.0478571,0.0523657,0.0382538,0.038119,0.0388367,0.0316696,0.0395131,0.0344432,0.0304152,0.0407364,0.0424009,0.0440752,0.0574768,0.0547558,0.0684564
453.461,0.049418,0.0480828,0.0444841,0.044744,0.0404656,0.0387542,0.044588,0.0386154,0.0342004,0.0349244,0.0227794,0.0331053,0.0341797,0.0374992,0.0382962,0.0394154,0.0515678,0.0648723,0.06264
453.937,0.0438003,0.0325941,0.0395386,0.0335048,0.0427864,0.0321308,0.0382056,0.0275897,0.0335981,0.0323922,0.0238249,0.0289529,0.0269178,0.0296725,0.0397526,0.0410252,0.0531405,0.0411007,0.0679644
454.412,0.0508453,0.0452257,0.0421966,0.0465641,0.0410283,0.0330904,0.0444946,0.0272007,0.0457264,0.0286371,0.0341862,0.0366195,0.0358071,0.039162,0.0391623,0.0346659,0.0368242,0.055746,0.0659327
454.888,0.0446237,0.0366101,0.0507299,0.0405654,0.0398636,0.0412558,0.0330519,0.0384787,0.0354176,0.0318704,0.0283105,0.0280511,0.0377544,0.0349611,0.0439192,0.0494864,0.048713,0.0644664,0.065696
455.363,0.053427,0.051202,0.0526972,0.0424761,0.0481218,0.0548459,0.0397464,0.0440443,0.0414404,0.0414842,0.0353365,0.0459375,0.0378759,0.0484444,0.0410323,0.0500599,0.0581224,0.0569282,0.0839726
455.839,0.0497193,0.0425976,0.0487209,0.0427621,0.0391964,0.0352151,0.0381658,0.0337748,0.0355001,0.047152,0.0274412,0.0386241,0.0353037,0.0318991,0.0342995,0.0404258,0.0496668,0.056431,0.0693092
456.314,0.0539346,0.0613952,0.0538244,0.0550736,0.0510688,0.0522132,0.0500905,0.051431,0.0459967,0.0470078,0.0436201,0.049051,0.0536267,0.0620273,0.0549326,0.0485681,0.0602608,0.0745809,0.0735348
456.789,0.0524995,0.0598649,0.0499933,0.0523283,0.03628,0.0452061,0.0390359,0.0418406,0.04573,0.0326528,0.0264268,0.0458464,0.03829,0.0454578,0.048857,0.0401967,0.0488215,0.0635566,0.063121
457.264,0.0619982,0.0513809,0.0471812,0.0463985,0.047427,0.0356083,0.0483994,0.038631,0.0372947,0.0315241,0.0335268,0.0397515,0.0420917,0.0364875,0.0453309,0.0468842,0.0615148,0.0626767,0.0744281
457.739,0.0395877,0.0435755,0.040302,0.0313779,0.0376049,0.0461066,0.0339452,0.0367806,0.0389831,0.0289352,0.0388173,0.0388978,0.0246616,0.0341259,0.030123,0.0388277,0.0533513,0.0608062,0.0632915
458.214,0.0524884,0.0475285,0.0482358,0.0512132,0.0524968,0.0352116,0.0452385,0.0451974,0.048693,0.0264896,0.0395909,0.0366255,0.038125,0.0344349,0.0411173,0.0449148,0.0525096,0.0730717,0.0710574
458.689,0.0541876,0.0510717,0.0424696,0.0456678,0.0477382,0.0464579,0.0423201,0.0483258,0.0279713,0.0329724,0.0337799,0.0302665,0.0402215,0.0410887,0.0335019,0.0484366,0.0430722,0.0490036,0.070763
459.163,0.0439634,0.035598,0.0410329,0.0357826,0.0425029,0.0323813,0.0381146,0.0321059,0.0340835,0.0263003,0.0324615,0.0337606,0.0269638,0.0317504,0.0392652,0.0394528,0.0420251,0.060705,0.0583206
459.637,0.0421375,0.0459001,0.0423981,0.0431714,0.0353379,0.0377644,0.0295083,0.0239012,0.0298741,0.0365205,0.0330745,0.035897,0.0377953,0.0305319,0.0417214,0.0460259,0.0551058,0.0566274,0.0775484
460.112,0.0497565,0.0500328,0.0427592,0.047012,0.0425973,0.0427179,0.0367971,0.042823,0.0364911,0.0381336,0.0324659,0.0429934,0.0434532,0.0441176,0.0428081,0.0409562,0.0525055,0.0605186,0.0703921
460.586,0.0468001,0.0408186,0.034957,0.041777,0.0365699,0.0336698,0.0408259,0.0361742,0.0334074,0.0265329,0.0366693,0.038719,0.04377,0.0364364,0.0417676,0.047076,0.0530109,0.0580228,0.0694463
461.06,0.0502722,0.0446129,0.0552467,0.0516962,0.0426528,0.0469341,0.0443161,0.048261,0.039583,0.0344747,0.0351837,0.0425109,0.0474279,0.0455595,0.0490281,0.0521969,0.0580477,0.0741335,0.0720722
461.534,0.044717,0.0421118,0.0469674,0.0509156,0.0482806,0.0397921,0.0348423,0.0392622,0.0319392,0.0358304,0.0339604,0.0315961,0.029323,0.0430701,0.0460459,0.0429938,0.052079,0.0636842,0.0715721
462.008,0.0507264,0.0407221,0.0436484,0.0417035,0.0340456,0.0347676,0.0368377,0.0371492,0.0341237,0.0342574,0.0338028,0.023199,0.0285119,0.0367873,0.0288604,0.0375673,0.0547231,0.0586149,0.0647258
462.482,0.0496202,0.0441425,0.0452961,0.0446728,0.0443695,0.0421317,0.0353624,0.0308478,0.0280648,0.0287337,0.0326511,0.0381569,0.0359428,0.0301584,0.0365899,0.044698,0.0611193,0.0624748,0.064845
462.955,0.0462597,0.0535474,0.0522277,0.0455001,0.0415813,0.0418211,0.0403698,0.0334365,0.0400787,0.0373675,0.032354,0.0430844,0.0389593,0.0343242,0.0412368,0.0445135,0.050839,0.0665382,0.0743759
463.429,0.0400456,0.0358717,0.0411998,0.0357711,0.0344932,0.0455868,0.0352719,0.0388278,0.0387408,0.0373253,0.0371566,0.0338845,0.0337027,0.0309722,0.0430782,0.044431,0.0458389,0.0644344,0.0613187
463.902,0.0485189,0.0461514,0.0380081,0.0398948,0.0360376,0.037098,0.0429934,0.0377766,0.0395686,0.0328022,0.0348672,0.0287237,0.0295793,0.041779,0.0431329,0.0416728,0.0498178,0.064605,0.0705195
464.375,0.0561534,0.0467551,0.045398,0.0441409,0.0456898,0.0434285,0.0408594,0.0374873,0.0401502,0.0358267,0.0454803,0.0431415,0.0377169,0.0388583,0.0443934,0.0481279,0.0474589,0.0566118,0.0801663
464.849,0.0427983,0.0499856,0.0418092,0.042207,0.0353124,0.0386015,0.0409955,0.0380361,0.0272337,0.0259432,0.0339526,0.0289278,0.0305599,0.029648,0.041522,0.0430839,0.0498483,0.0525148,0.0668368
465.322,0.0421095,0.0511041,0.0433607,0.044161,0.0306664,0.0386709,0.0315184,0.0346923,0.0416665,0.0396428,0.0390788,0.0370048,0.0390241,0.0379358,0.039998,0.0423613,0.0534301,0.0547584,0.0734712
465.794,0.0489357,0.0470816,0.0574426,0.0420784,0.0460449,0.0379242,0.0397917,0.0376205,0.036618,0.0367501,0.0304646,0.0297249,0.0442069,0.0427303,0.0454611,0.0460656,0.0477448,0.0616291,0.0717331
466.267,0.0416363,0.0401398,0.0418347,0.0368693,0.0378637,0.0363355,0.0303231,0.0306905,0.0231154,0.0222945,0.0309988,0.0305082,0.0272514,0.029085,0.0332061,0.0408856,0.0447663,0.0532793,0.0599835
466.74,0.0496513,0.0518557,0.050043,0.0463234,0.0425809,0.0452086,0.0443178,0.0364369,0.0368844,0.0415131,0.0354879,0.0337631,0.0358421,0.0456712,0.0425178,0.0544437,0.0584817,0.0651849,0.071406
467.213,0.0497807,0.0502776,0.0409252,0.0452959,0.0453974,0.0419384,0.0387485,0.0347643,0.0345963,0.0412633,0.0288515,0.0335915,0.0339386,0.043858,0.0397179,0.0505052,0.0544775,0.0655115,0.0745162
467.685,0.0450083,0.0442659,0.0405057,0.0413122,0.0340766,0.04051,0.0422623,0.0339483,0.03303,0.0308158,0.0278862,0.0318814,0.0313314,0.0329839,0.0417058,0.0447372,0.0497233,0.0609435,0.0774782
468.157,0.0457694,0.0362017,0.0416956,0.0457101,0.0478378,0.0348604,0.0325562,0.0301713,0.0333816,0.0251648,0.0304281,0.0343477,0.0297271,0.0325322,0.0385665,0.0419613,0.0509036,0.0569197,0.0633822
468.63,0.0436338,0.0497003,0.0458676,0.0385267,0.0418706,0.0324122,0.0425858,0.0346937,0.0330982,0.0342058,0.0299768,0.0396181,0.0385481,0.036135,0.0404397,0.0419809,0.0508569,0.0654407,0.0704125
469.102,0.0479926,0.0418218,0.0392887,0.0426985,0.0426716,0.0442079,0.0371882,0.0335793,0.0403406,0.034831,0.0343776,0.0376151,0.0367218,0.0403502,0.0406451,0.0487692,0.0568751,0.0560967,0.0652715
469.574,0.0501188,0.0465574,0.0513188,0.0526649,0.0435392,0.0465713,0.040797,0.0437514,0.036611,0.0398811,0.0325512,0.0395147,0.042505,0.0382011,0.0452133,0.0467389,0.0611538,0.0666927,0.0797469
470.046,0.0376685,0.0370418,0.0332891,0.0418673,0.0383608,0.0410033,0.0314154,0.0359356,0.0287361,0.0276597,0.0314045,0.0352433,0.0363734,0.0305102,0.0414852,0.0402461,0.0487968,0.0569893,0.0680697
470.517,0.0393322,0.0405144,0.0392639,0.0487186,0.0378711,0.0456329,0.0379357,0.0367215,0.0394452,0.0286571,0.0266681,0.0348114,0.0378081,0.0385277,0.0386469,0.0374019,0.0493946,0.067261,0.0668489
470.989,0.0519995,0.0477261,0.0476141,0.0458372,0.0407468,0.0468543,0.0303261,0.0322339,0.0416352,0.0395191,0.0313937,0.0358753,0.0374698,0.0382506,0.0373404,0.0425359,0.0535957,0.0572747,0.0702859
471.461,0.0401421,0.0437531,0.0436167,0.038506,0.0375947,0.0370664,0.0428229,0.0289786,0.0376019,0.0383618,0.0302125,0.0283496,0.0309493,0.0354968,0.037196,0.0417609,0.0480937,0.0563318,0.0658553
471.932,0.0451102,0.0443099,0.0398409,0.0375036,0.03669,0.0383755,0.0389029,0.0311955,0.0314777,0.0359631,0.0304152,0.0338996,0.0352354,0.0232138,0.0298567,0.0405599,0.0556827,0.0608732,0.0644448
472.403,0.0450977,0.0393757,0.0451786,0.0416099,0.0401567,0.0387727,0.0396533,0.0360968,0.0371924,0.0297345,0.0338498,0.0359132,0.0325789,0.0385068,0.0363358,0.0443521,0.0455511,0.05548,0.0658185
472.874,0.0461074,0.0464407,0.0449922,0.0367896,0.0408669,0.0364475,0.0448336,0.0344959,0.0353654,0.0266692,0.0297995,0.0302927,0.0333286,0.0314136,0.036541,0.0431181,0.0482125,0.0579315,0.0663102
473.346,0.0400038,0.0438677,0.0453769,0.0429385,0.0374158,0.0380845,0.0393604,0.039011,0.0297661,0.0307497,0.0357111,0.0338459,0.0338198,0.0322569,0.0351796,0.0422965,0.0478731,0.0535939,0.066723
473.816,0.0463068,0.0490683,0.046669,0.0516967,0.045334,0.045402,0.0463228,0.0445944,0.03992,0.0365233,0.0436981,0.0447747,0.0396592,0.0389225,0.044134,0.0460725,0.0588114,0.0608276,0.0737028
474.287,0.0376377,0.0381474,0.0381771,0.0276506,0.0394054,0.033999,0.0329502,0.028457,0.0304507,0.0290374,0.0230639,0.0348621,0.0309506,0.0328494,0.0321602,0.0374735,0.044889,0.0514333,0.0602342
474.758,0.0520352,0.0455217,0.0469167,0.043584,0.0438126,0.0414163,0.0394155,0.0422011,0.0381715,0.0357267,0.034677,0.0341689,0.0408059,0.0390811,0.0377824,0.0476103,0.0564073,0.061441,0.0728172
475.229,0.0501402,0.0461335,0.0498559,0.0417726,0.0432515,0.0413192,0.0385205,0.039689,0.0354453,0.0324978,0.0344515,0.0363796,0.0355714,0.0321689,0.0431374,0.0475324,0.0546213,0.0566476,0.0757043
475.699,0.0417819,0.0407488,0.0397559,0.0397602,0.0404204,0.0416757,0.0315872,0.0316872,0.0281709,0.0310884,0.0283621,0.0349207,0.0315962,0.0299109,0.0412696,0.0393337,0.0459574,0.0552915,0.0657374
476.17,0.0471923,0.0401835,0.0446377,0.0392888,0.0387938,0.0378215,0.0340422,0.0304233,0.0345084,0.0276951,0.0366192,0.0372555,0.0330265,0.0317767,0.0359308,0.042736,0.0467272,0.0567816,0.0660116
476.64,0.0386495,0.0374257,0.0360281,0.0333662,0.0391371,0.0332756,0.0314112,0.0316143,0.0250075,0.0257314,0.0247334,0.0342507,0.0297455,0.0324837,0.0383928,0.0404354,0.0502717,0.0514949,0.0683758
477.11,0.0439907,0.0479876,0.0443118,0.0421498,0.038615,0.0405887,0.0366395,0.0330071,0.0355996,0.0387204,0.0331028,0.0337298,0.0355568,0.0319933,0.0374569,0.0481519,0.0469852,0.0581517,0.0654127
477.58,0.0436122,0.0483607,0.0417924,0.0456745,0.0394851,0.0372532,0.0422199,0.0377114,0.0360707,0.0312334,0.0315235,0.0326605,0.0287338,0.03555,0.0391811,0.0445757,0.051066,0.0580262,0.0625138
478.05,0.0417052,0.049686,0.0432621,0.0359837,0.0433245,0.0432696,0.0369475,0.0367389,0.0333,0.0372637,0.0303988,0.0262663,0.0365966,0.0363963,0.0408989,0.0436934,0.0497354,0.0557129,0.0698125
478.52,0.0359564,0.0419569,0.0416733,0.0348769,0.0353993,0.033874,0.0258725,0.0283214,0.024782,0.0274364,0.0275045,0.0303297,0.0253246,0.0262552,0.0332386,0.0361061,0.0453115,0.0489329,0.0590601
478.989,0.049477,0.046266,0.0454259,0.044588,0.0445712,0.0395549,0.0382659,0.0396576,0.0345597,0.0335575,0.0334037,0.03478,0.0360202,0.0357289,0.0437056,0.0475595,0.0536812,0.0598415,0.074637
479.459,0.0397239,0.0378551,0.046419,0.0436008,0.0403817,0.038246,0.0359259,0.0357436,0.0346207,0.0277739,0.030598,0.0375394,0.0341405,0.0332089,0.0369894,0.0401966,0.0496891,0.0524184,0.065944
479.928,0.0451729,0.0422048,0.0410951,0.0415174,0.0412682,0.0394202,0.0371143,0.0355004,0.0344472,0.0336452,0.0364496,0.0349077,0.0331958,0.0357639,0.0414175,0.0432334,0.0513227,0.0583166,0.0673566
480.398,0.039974,0.0453754,0.0432515,0.0405979,0.0395229,0.0434241,0.0360062,0.0360685,0.0354339,0.0326806,0.0366877,0.0307484,0.0366496,0.0374235,0.0379598,0.0415594,0.0494914,0.0567498,0.0655075
480.867,0.0366864,0.0380299,0.0380836,0.0411311,0.0376535,0.0383041,0.0305444,0.0314329,0.028983,0.03517,0.032055,0.0313756,0.0318043,0.0346768,0.0355893,0.0390292,0.045464,0.0548279,0.0711794
481.336,0.0429621,0.042032,0.0441317,0.045236,0.0393613,0.0373168,0.0371461,0.0350734,0.0325709,0.0363051,0.0348826,0.0330952,0.0348858,0.0354065,0.0415677,0.0408115,0.0487612,0.0586776,0.0683729
481.805,0.0432542,0.0431483,0.0403915,0.0408575,0.0400204,0.0342868,0.0393841,0.0331107,0.0372516,0.0298347,0.0326302,0.0325797,0.0313885,0.0331771,0.0382105,0.0450318,0.0490983,0.058101,0.0718556
482.274,0.0350096,0.042429,0.0366007,0.035848,0.0385288,0.0378497,0.0322857,0.0291394,0.0321417,0.0329634,0.0309739,0.0293062,0.0348513,0.0303735,0.0356926,0.0411046,0.0467117,0.0564149,0.063885
482.743,0.0427739,0.0404949,0.0375091,0.0391371,0.0407167,0.0398682,0.035268,0.0317958,0.0305369,0.0334931,0.0316846,0.0337038,0.0314315,0.0339523,0.03653,0.0361536,0.0461087,0.0593323,0.0646336
483.211,0.0475096,0.0462877,0.0431684,0.0452622,0.043367,0.0422768,0.0368741,0.0346859,0.0326214,0.0379422,0.0367074,0.0333223,0.0333703,0.0392136,0.040128,0.0481722,0.0562737,0.0610457,0.072942
483.68,0.0481831,0.0479971,0.0493357,0.0500168,0.0486816,0.042117,0.0366133,0.0443266,0.0405294,0.0410809,0.0391303,0.0405199,0.0401271,0.0424778,0.0480827,0.0462919,0.0565982,0.0616051,0.0726145
484.148,0.0466105,0.0434093,0.0407651,0.042534,0.0409487,0.0418575,0.0338089,0.0360974,0.0314365,0.0330875,0.0311422,0.0360274,0.0333774,0.0342741,0.0362339,0.0436492,0.046773,0.0541605,0.068396
484.617,0.0457232,0.0480013,0.0438147,0.0440459,0.0439479,0.0375997,0.037812,0.0391736,0.034856,0.0374744,0.033569,0.0391353,0.0346824,0.041554,0.0391847,0.0442816,0.0513879,0.0609245,0.0723832
485.085,0.0457734,0.0371246,0.0398097,0.0377084,0.0408452,0.0391902,0.0344094,0.0348788,0.0301274,0.0328313,0.0307111,0.0336532,0.0328856,0.0338363,0.0346446,0.0396673,0.0455612,0.0506079,0.0690702
485.553,0.0454408,0.0440177,0.045859,0.0441669,0.0417701,0.037269,0.0386042,0.0364602,0.0352104,0.0357372,0.0341019,0.0352274,0.0372206,0.0350697,0.036923,0.0443679,0.048867,0.0569329,0.0645496
486.021,0.0472348,0.0424883,0.0444695,0.0427293,0.043708,0.0356305,0.0364762,0.0352451,0.0350539,0.0298066,0.0334025,0.0286143,0.034479,0.0316458,0.0403162,0.0430757,0.0499936,0.0602264,0.0670311
486.489,0.0412825,0.0385435,0.0381161,0.0404918,0.0374788,0.0390365,0.0354221,0.0355161,0.0356438,0.0315867,0.0319631,0.0305482,0.0313097,0.0359934,0.0336163,0.0402208,0.0448309,0.0515067,0.0659754
486.956,0.0463632,0.0463017,0.0449791,0.0471075,0.0411198,0.037148,0.0355359,0.0368194,0.0348215,0.0351096,0.0314636,0.0344665,0.0366753,0.0392114,0.0441426,0.0431052,0.0501889,0.0548315,0.0707038
487.424,0.0407202,0.0418771,0.0440799,0.040294,0.0418168,0.0342743,0.0335165,0.0347298,0.0303905,0.0305606,0.0273837,0.0280874,0.0315798,0.0372714,0.0338026,0.0418114,0.0487454,0.055695,0.0636441
487.891,0.0448552,0.0433621,0.0423322,0.0417784,0.0401368,0.0407574,0.0384097,0.0337029,0.034364,0.0334623,0.0325618,0.0340159,0.0304737,0.0365114,0.0392529,0.0420429,0.0483586,0.0572484,0.0649579
488.359,0.0420605,0.0439095,0.040704,0.0453516,0.0410578,0.0393084,0.0348778,0.0330925,0.0357489,0.0347327,0.0340874,0.0345725,0.0369461,0.0337233,0.0389501,0.0416335,0.0528428,0.0555903,0.0671897
488.826,0.0458849,0.047382,0.0432853,0.0420972,0.0444229,0.0363125,0.0369931,0.0335929,0.0347972,0.0338161,0.0315482,0.0357961,0.035734,0.0365361,0.0414966,0.0469545,0.0506957,0.056793,0.0678696
489.293,0.0432275,0.0442149,0.0411545,0.0393137,0.039188,0.0383922,0.0406623,0.0344654,0.0346793,0.0322732,0.035255,0.0300485,0.0303304,0.0366199,0.0400009,0.0410868,0.0512454,0.0576282,0.0668262
489.76,0.042043,0.041487,0.0428664,0.0437143,0.0413846,0.0374818,0.0368009,0.0346253,0.0325646,0.0338172,0.0325939,0.0334587,0.0349565,0.0338913,0.0369186,0.0443962,0.0462654,0.0573627,0.0655077
490.227,0.0444021,0.0484311,0.0459803,0.0422625,0.0417435,0.0407343,0.0400253,0.0397382,0.0361805,0.0359267,0.0353828,0.0329493,0.0370007,0.038198,0.0395796,0.0418477,0.0511208,0.0653678,0.0704159
490.694,0.0454396,0.0445312,0.0438534,0.0435196,0.0390331,0.0411194,0.0352976,0.0388843,0.0373018,0.0356273,0.0321125,0.0342399,0.0326168,0.0351403,0.0383058,0.0440863,0.049512,0.0611617,0.0692719
491.16,0.0427856,0.0413728,0.0451104,0.0432477,0.0414657,0.0408506,0.036341,0.0357161,0.0340918,0.0313452,0.0319769,0.0318948,0.0318759,0.0355567,0.0385951,0.0427017,0.0512685,0.0559491,0.0686712
491.627,0.0417876,0.0430381,0.0417913,0.0399234,0.0356668,0.0380763,0.0369921,0.0344435,0.0388998,0.0349472,0.0326534,0.0332507,0.0341257,0.0346957,0.0389102,0.0441348,0.0469092,0.0591865,0.0702011
492.093,0.0436415,0.0473802,0.0422998,0.0413626,0.0409884,0.0397723,0.0385969,0.0374882,0.0367155,0.0351786,0.0320701,0.0333289,0.0337431,0.0392292,0.0377196,0.0426437,0.0455589,0.0564072,0.0684779
492.56,0.0452551,0.0437734,0.0402097,0.040397,0.0426033,0.0442675,0.0361869,0.0383813,0.0361743,0.0343229,0.0342411,0.0369708,0.0348602,0.03525,0.0380566,0.0442334,0.0486026,0.0562841,0.0664162
493.026,0.0455633,0.0433625,0.0412665,0.0405362,0.0405354,0.0363997,0.0337596,0.0333211,0.0348027,0.032695,0.028867,0.0338473,0.0326612,0.0335326,0.0382106,0.0404793,0.046556,0.0539985,0.0656779
493.492,0.0414499,0.0434653,0.0407904,0.0402198,0.0381496,0.0377903,0.0347459,0.0361592,0.0324517,0.0316489,0.0323232,0.032831,0.0349937,0.037247,0.0390661,0.0403943,0.0506394,0.0551753,0.0673057
493.958,0.0465374,0.0417099,0.0419106,0.0390817,0.0364108,0.0377258,0.0366045,0.0357769,0.0310939,0.0334217,0.0308292,0.0313736,0.0320784,0.0334023,0.0388895,0.0416713,0.0477607,0.0567011,0.063857
494.424,0.0403384,0.0431768,0.0397346,0.0394723,0.038373,0.0392781,0.0368969,0.0327815,0.0307534,0.0286297,0.0290524,0.0283415,0.0293395,0.0329597,0.0344899,0.0415276,0.0484343,0.0538463,0.0659756
494.89,0.0436837,0.0408585,0.0436081,0.0429417,0.0421721,0.0387356,0.0380744,0.0339715,0.0345087,0.0326966,0.030647,0.032789,0.031603,0.0364651,0.0402998,0.0382541,0.0504728,0.0556454,0.0674543
495.355,0.0428135,0.0450437,0.0434769,0.0421587,0.0383771,0.0379342,0.034258,0.0358413,0.0354663,0.0353508,0.0301354,0.0329336,0.0317852,0.0365892,0.0384269,0.0454512,0.0509751,0.0548369,0.0678541
495.821,0.0433592,0.0421527,0.0414131,0.0391286,0.0390808,0.035599,0.0364779,0.0358128,0.0348786,0.033205,0.0314882,0.0344677,0.03044,0.035155,0.037851,0.0410155,0.0500549,0.0567228,0.0674034
496.286,0.044995,0.0448189,0.0445409,0.0441319,0.0437632,0.0397752,0.0377228,0.0348449,0.0351464,0.0333293,0.0331665,0.0311294,0.0341027,0.037053,0.037978,0.043586,0.0482386,0.0570879,0.0668343
496.751,0.0453777,0.0421807,0.04099,0.0408645,0.0391644,0.0397597,0.0361011,0.0342333,0.0345064,0.033971,0.0308208,0.0304129,0.0309368,0.0363,0.0385975,0.0430221,0.0457403,0.0556227,0.0668541
497.216,0.0422383,0.0433925,0.0414499,0.0401455,0.039474,0.0378301,0.0355917,0.0351085,0.0342426,0.0288807,0.0292226,0.0314836,0.0312076,0.0326888,0.0348996,0.0420948,0.0482952,0.0541735,0.0651539
497.682,0.0417945,0.039379,0.0411385,0.0400006,0.0394025,0.034779,0.0361435,0.0328642,0.0329556,0.0337746,0.0278143,0.0285356,0.0327051,0.0329425,0.0379902,0.0415721,0.0465013,0.0578241,0.0641082
498.146,0.0460356,0.041119,0.0422698,0.0415827,0.0421599,0.0363402,0.03622,0.0337056,0.0350426,0.0344751,0.0330556,0.0351311,0.0314927,0.0358878,0.0382947,0.0408877,0.0499234,0.0578615,0.0653075
498.611,0.0408267,0.0423567,0.0379419,0.0408589,0.0401657,0.0344033,0.0356253,0.0327009,0.0342755,0.0318242,0.0309344,0.0322166,0.0324314,0.0327919,0.0361159,0.0407519,0.0476644,0.0556535,0.0673872
499.076,0.0455847,0.0417106,0.0440331,0.0466464,0.0406559,0.0436578,0.0387466,0.0369151,0.0335129,0.0358763,0.0350132,0.0350924,0.0344475,0.0367336,0.041062,0.046132,0.0542412,0.0572937,0.0685309
499.541,0.0468168,0.0459563,0.0448236,0.0431456,0.0392777,0.0404734,0.03942,0.0365932,0.0377365,0.0352739,0.0331453,0.034498,0.0357162,0.0386023,0.0381335,0.0427593,0.0517707,0.0607198,0.0690011
500.005,0.0448238,0.0423674,0.045331,0.0448359,0.0406824,0.0383579,0.0378834,0.0370634,0.0341564,0.0328564,0.0343483,0.0336217,0.0332039,0.0365304,0.0399466,0.0428136,0.048919,0.0595108,0.0678837
500.469,0.0393619,0.043977,0.0395044,0.0452014,0.0406884,0.0381898,0.0356654,0.034707,0.0330162,0.0343545,0.0318277,0.0323786,0.0361968,0.0375704,0.0401,0.0427255,0.0501072,0.0577496,0.0672644
500.934,0.0460786,0.0441258,0.0426046,0.0406666,0.0393849,0.0396295,0.0374442,0.0333495,0.0329092,0.0341153,0.0316247,0.0290933,0.0335748,0.0366781,0.0398937,0.0413867,0.0482408,0.0557232,0.0675324
501.398,0.0435464,0.0435255,0.0432662,0.0379211,0.0364216,0.037088,0.0355184,0.0348488,0.0341377,0.0327683,0.0318796,0.031992,0.0356669,0.0338202,0.0389005,0.0422872,0.0501136,0.0570729,0.0700111
501.862,0.0400537,0.0411411,0.040655,0.0376805,0.0389957,0.0342861,0.0331412,0.0341065,0.0276738,0.0309876,0.0297068,0.0309636,0.0312029,0.0325779,0.036639,0.0417833,0.0454722,0.0534267,0.0668926
502.326,0.0404779,0.0417415,0.0395139,0.0396151,0.0389122,0.0372011,0.0361209,0.0346077,0.0320578,0.0288194,0.0298348,0.0310982,0.0311006,0.0315939,0.0377922,0.042268,0.0478217,0.054798,0.0677672
502.789,0.0441576,0.0459465,0.0462752,0.0435128,0.044149,0.0419058,0.0375582,0.0395416,0.0382261,0.0346134,0.0344602,0.0358168,0.0340959,0.0355343,0.0410441,0.0433294,0.0477858,0.0576438,0.0697095
503.253,0.0446317,0.04587,0.0435542,0.0446109,0.0420217,0.0370094,0.0382351,0.0352075,0.0342994,0.0351773,0.0339089,0.0340682,0.0335217,0.0346999,0.0381515,0.0440778,0.0501726,0.0581685,0.0698415
503.716,0.0420831,0.0415637,0.0403453,0.0405084,0.0400423,0.0375872,0.0376828,0.0362212,0.0319547,0.0327472,0.0336753,0.0323706,0.0316375,0.031899,0.0383427,0.0404219,0.0488716,0.0548536,0.0670317
504.18,0.0447992,0.0424127,0.0406339,0.0430723,0.0390142,0.0362622,0.0368346,0.0368082,0.0329015,0.0340861,0.0283591,0.0322123,0.0318951,0.0317482,0.0378821,0.0421302,0.049968,0.0586958,0.0684377
504.643,0.0421707,0.0408102,0.0402254,0.0397494,0.0368063,0.0365102,0.0326696,0.0343815,0.0338296,0.0321404,0.0299198,0.032551,0.0334354,0.0320761,0.0359124,0.0415476,0.0483608,0.0567764,0.0667067
505.106,0.0441969,0.0412019,0.0386884,0.0401908,0.0390975,0.03728,0.0330681,0.0350286,0.0294963,0.0316386,0.0332213,0.0329453,0.0306513,0.0357414,0.0363328,0.0392465,0.0460192,0.0539428,0.0673214
505.569,0.0457971,0.0437889,0.0440588,0.0418324,0.0399928,0.037128,0.0351912,0.037257,0.0356082,0.0375916,0.0333941,0.0328623,0.0336226,0.035522,0.0386612,0.0441991,0.051184,0.0611898,0.0702307
506.032,0.0412474,0.0423933,0.0393994,0.0378499,0.0386056,0.0374441,0.0345948,0.0304128,0.0304088,0.0317927,0.0308169,0.0304411,0.0301437,0.0338622,0.0377403,0.0410376,0.0485945,0.0539013,0.0669372
506.495,0.0433372,0.0428089,0.0455822,0.038751,0.0407107,0.0368642,0.0368411,0.0339825,0.0361486,0.0329023,0.0336688,0.0321837,0.0340055,0.0351905,0.0396813,0.0448575,0.0471185,0.0551942,0.0679209
506.958,0.0394754,0.0420179,0.042909,0.0414899,0.039299,0.0387768,0.0350341,0.035061,0.0339299,0.0308499,0.0294783,0.0339932,0.0328295,0.0363049,0.0374025,0.0433483,0.0516192,0.0571561,0.063374
507.42,0.0406799,0.039107,0.0378443,0.0352892,0.0379007,0.0356882,0.0324197,0.0302539,0.0296724,0.0295489,0.0291474,0.0295577,0.0323363,0.0322829,0.0351803,0.0403883,0.0419233,0.0492142,0.0646854
507.883,0.0412603,0.0408171,0.0396263,0.0374914,0.0387197,0.0380575,0.0351913,0.0326088,0.0330968,0.0322987,0.0296689,0.0316421,0.0325309,0.0342041,0.034948,0.0409875,0.0450414,0.0546952,0.0650778
508.345,0.040555,0.0400111,0.0402505,0.0388505,0.0348192,0.0342688,0.0333662,0.0329216,0.0326955,0.032858,0.0320953,0.0318844,0.0290951,0.0328316,0.03318,0.0389071,0.0457699,0.0546,0.0658902
508.808,0.0439188,0.0405227,0.0393969,0.038412,0.0382389,0.0409316,0.033876,0.0346946,0.033338,0.0331778,0.0354315,0.0320598,0.0319028,0.0326286,0.0381926,0.0410448,0.0481013,0.0551581,0.0688476
509.27,0.0438549,0.0415587,0.0422416,0.0400407,0.0400132,0.0349815,0.0367998,0.0362635,0.0329948,0.0332745,0.0314601,0.0330562,0.0311931,0.0348346,0.0383697,0.044522,0.0454249,0.0594594,0.0667139
509.732,0.0432644,0.0422951,0.0431956,0.0406243,0.0418283,0.0385349,0.0335198,0.0356052,0.0333118,0.0326685,0.0325325,0.0342353,0.0337121,0.0369279,0.0403844,0.0448993,0.0517953,0.0556839,0.068381
510.194,0.0395796,0.0403406,0.0378431,0.0374738,0.0374576,0.0362721,0.0323543,0.0300556,0.0309759,0.0304496,0.0284259,0.0314477,0.0299984,0.0326728,0.0369216,0.0414304,0.0445995,0.0530445,0.0659516
510.655,0.0443757,0.0422858,0.0421456,0.0394362,0.0374135,0.0369989,0.0352013,0.0338626,0.0347714,0.035173,0.0326772,0.0334672,0.0335032,0.0357655,0.0388644,0.0427479,0.0484078,0.0589814,0.0674084
511.117,0.0458153,0.0433111,0.0424522,0.0426469,0.0405307,0.0391617,0.0366225,0.0354572,0.0350511,0.034338,0.0336836,0.0347291,0.0337716,0.036562,0.0392725,0.0429905,0.0506383,0.0573618,0.0662455
511.579,0.0435148,0.0425739,0.0404446,0.0423528,0.0393309,0.0364848,0.0343985,0.0363352,0.0346716,0.0327208,0.0327,0.0323532,0.0335803,0.0335756,0.0399016,0.0429296,0.0484273,0.0574507,0.0647425
512.04,0.0431742,0.0444159,0.0432847,0.0392523,0.0406476,0.0407625,0.0355366,0.0347529,0.033069,0.03403,0.0322899,0.0314263,0.0319566,0.0347648,0.0393447,0.042639,0.0484669,0.0537135,0.0664808
512.501,0.0444504,0.0426464,0.0434643,0.0413553,0.0385513,0.0395605,0.0358736,0.0346765,0.0341893,0.0329488,0.0325551,0.0323683,0.0319708,0.034258,0.0374328,0.0424974,0.048689,0.0580638,0.0672363
512.963,0.0417133,0.0403679,0.0394729,0.0390378,0.0380359,0.035999,0.0349586,0.034298,0.0332142,0.031953,0.0312793,0.0312537,0.032967,0.0338536,0.0377704,0.0415372,0.047602,0.0558232,0.0639216
513.424,0.0379963,0.0400678,0.0397466,0.03695,0.0394838,0.0356914,0.0351068,0.0309093,0.032015,0.031334,0.0301883,0.0288749,0.0286258,0.0354368,0.0344193,0.0405268,0.0472522,0.0554367,0.0633541
513.885,0.0416258,0.0414539,0.0382348,0.0392625,0.0357386,0.0373252,0.0333834,0.0327809,0.0318093,0.0291467,0.0289669,0.027475,0.0312621,0.0338483,0.0333492,0.040032,0.0475337,0.054828,0.0637349
514.345,0.0416152,0.0422699,0.0413,0.037627,0.0382519,0.036569,0.0354221,0.033422,0.0337747,0.033348,0.0341924,0.0333379,0.0329521,0.0337773,0.0368379,0.041253,0.0478784,0.0554211,0.0646913
514.806,0.0422823,0.0431522,0.0408865,0.0387542,0.0389013,0.0365236,0.0370839,0.0369711,0.0353523,0.0299271,0.0340145,0.0319422,0.0325296,0.0355453,0.0381881,0.0433581,0.0498578,0.0546481,0.0675656
515.267,0.0400936,0.0400823,0.0386096,0.0395277,0.0364564,0.0369362,0.0335754,0.0316689,0.0287675,0.0319784,0.0285281,0.0298126,0.0307591,0.0325248,0.0356364,0.0390423,0.0433439,0.0542167,0.0643627
515.727,0.0435296,0.0418303,0.0430897,0.0417908,0.0401059,0.0365242,0.0347043,0.0355242,0.0340368,0.0320228,0.0313928,0.0336726,0.0335204,0.0349434,0.0408048,0.0430118,0.0485563,0.0562243,0.0640585
516.188,0.0450609,0.0450693,0.0432852,0.0419668,0.039956,0.0407392,0.0353285,0.0372196,0.0356758,0.0335482,0.0316611,0.0338946,0.0361086,0.0379003,0.0389345,0.0434987,0.0505732,0.0566336,0.0666485
516.648,0.0412591,0.0410424,0.0402269,0.039792,0.0385356,0.0346657,0.0368908,0.0360153,0.0318939,0.0317507,0.02987,0.0303069,0.0337959,0.0339047,0.0382441,0.0420366,0.0463209,0.0555564,0.0653109
517.108,0.0429023,0.0416577,0.0437141,0.0419323,0.0390699,0.0382436,0.0374122,0.0340273,0.0334393,0.0334419,0.0308357,0.0299551,0.0332337,0.0347036,0.0386759,0.0424465,0.0481077,0.0552756,0.0655819
517.568,0.0419834,0.0405099,0.0392526,0.0384248,0.0361589,0.0338977,0.0342738,0.0302454,0.0330309,0.0334345,0.0292724,0.0276276,0.0323887,0.032326,0.0346437,0.0400296,0.0448361,0.0543627,0.0647851
518.028,0.04321,0.0433688,0.043498,0.0388064,0.0412897,0.0373273,0.0351293,0.032341,0.0350855,0.0358956,0.0317987,0.0347541,0.0335279,0.037239,0.0368844,0.0451688,0.0494747,0.0554792,0.0689914
518.488,0.0401018,0.0419801,0.0397052,0.0389118,0.0360775,0.0359129,0.0342888,0.0316559,0.0293675,0.0306659,0.0299563,0.0299928,0.031865,0.033436,0.0344404,0.0394237,0.044786,0.0566765,0.063547
518.947,0.0430072,0.0441234,0.0402745,0.0413535,0.0385658,0.0381007,0.0377015,0.0334073,0.0337936,0.0347681,0.0326686,0.0301993,0.0329679,0.0339374,0.0353657,0.039386,0.0466521,0.0552118,0.0673943
519.407,0.042273,0.0412242,0.040663,0.0377566,0.0394451,0.0361527,0.0338759,0.0334127,0.0331551,0.0323868,0.0323487,0.030657,0.0312111,0.0337987,0.0376277,0.0424711,0.0483203,0.0565117,0.0646833
519.866,0.0395736,0.0425506,0.0422574,0.036485,0.0389988,0.0382042,0.0359891,0.0326745,0.0304122,0.0303178,0.0304592,0.0309687,0.0335542,0.0319567,0.0365866,0.0409303,0.0468078,0.0521449,0.0636991
520.326,0.0412208,0.0413854,0.041783,0.0405859,0.0405681,0.0391763,0.0354369,0.0363944,0.0328099,0.0324786,0.0308968,0.0341654,0.0341454,0.0360524,0.0394941,0.0423434,0.0465303,0.057705,0.0658789
520.785,0.0415813,0.0424827,0.039079,0.0368666,0.0402176,0.0380644,0.0363485,0.0359514,0.0333593,0.0338594,0.0332489,0.03109,0.0324589,0.0355166,0.0355926,0.0408057,0.0487132,0.0548854,0.0664207
521.244,0.0399969,0.0414994,0.0400998,0.037391,0.0396695,0.0374753,0.0351121,0.0323914,0.0319551,0.0314831,0.0316221,0.0313553,0.0301512,0.0339853,0.0364624,0.0424218,0.0482997,0.0546982,0.0647281
521.703,0.041859,0.0402836,0.0406424,0.0394199,0.0386239,0.0383547,0.0354344,0.0356821,0.0316468,0.0312416,0.0328514,0.0288189,0.0312241,0.0352054,0.0382828,0.0395027,0.049386,0.0578556,0.0659997
522.162,0.0449333,0.0419267,0.0424041,0.0400468,0.039445,0.0382176,0.0366637,0.0354022,0.0342562,0.0335298,0.0317487,0.0342096,0.0320841,0.0338191,0.0385192,0.0407533,0.0476443,0.0576401,0.0660272
522.621,0.0386442,0.0405418,0.0433875,0.0393361,0.037708,0.0360504,0.0362709,0.0339056,0.0333088,0.0324185,0.0324084,0.0319584,0.0313179,0.0317512,0.0374728,0.0402947,0.0484902,0.0554658,0.0652009
523.079,0.0400629,0.0404543,0.0397506,0.0399572,0.0397957,0.0368522,0.0334245,0.0326578,0.0318574,0.0309553,0.0301877,0.0288455,0.0307817,0.0315927,0.0364203,0.0389738,0.0465324,0.052766,0.0648223
523.538,0.0406536,0.0408607,0.0379944,0.0376497,0.0368051,0.036576,0.0334738,0.0317014,0.0326355,0.0303438,0.0305165,0.0317157,0.0312691,0.033828,0.0361985,0.0409657,0.0454967,0.0535505,0.063795
523.996,0.0419207,0.0396673,0.039813,0.037958,0.0393427,0.0359808,0.0328033,0.033667,0.0316034,0.0289226,0.0312323,0.0303787,0.0310131,0.0324197,0.0352565,0.0406547,0.0465767,0.0552581,0.0641287
524.455,0.0414075,0.0385854,0.0388716,0.0384693,0.0360749,0.0353331,0.0321803,0.0337238,0.0319565,0.0292988,0.0307571,0.0285166,0.0308025,0.0324436,0.033739,0.037806,0.0449778,0.0527071,0.0639094
524.913,0.0391587,0.0400341,0.0406788,0.0383622,0.0368142,0.0350327,0.033587,0.0341993,0.0311835,0.0310731,0.0318723,0.0280984,0.0322743,0.0322401,0.0376128,0.0409663,0.0477566,0.0540438,0.063694
525.371,0.0429656,0.0408662,0.0421687,0.0388507,0.0371867,0.0379889,0.0349581,0.0321315,0.0345434,0.0341249,0.0326542,0.0303993,0.0302783,0.0346604,0.03596,0.0413043,0.0487445,0.0558473,0.066183
525.829,0.0424885,0.0399783,0.0395847,0.0398532,0.039008,0.0359028,0.0377066,0.0345279,0.0334553,0.0308002,0.0299482,0.0308809,0.0301954,0.0329849,0.0365779,0.0399588,0.0468394,0.0573249,0.0643759
526.286,0.0394916,0.0389477,0.0381523,0.0369884,0.0351175,0.0373272,0.0328779,0.0320405,0.0296601,0.0321678,0.0298514,0.0291544,0.033154,0.0320363,0.0357394,0.0404485,0.046382,0.0538821,0.0661051
526.744,0.0399503,0.0415302,0.0391302,0.0366897,0.0380671,0.0370644,0.0347498,0.0307771,0.0333155,0.029798,0.0297065,0.0300223,0.0317136,0.0323386,0.0342174,0.0396795,0.0453421,0.0540433,0.0631249
527.202,0.0392156,0.0421326,0.0389429,0.0390226,0.0373057,0.0376986,0.0343759,0.0329439,0.0322398,0.0319073,0.0311729,0.0317278,0.0315683,0.0330127,0.0342686,0.0391185,0.0473671,0.0534901,0.0666261
527.659,0.0405194,0.0412906,0.0403394,0.0357391,0.0374247,0.0367784,0.0324874,0.0325677,0.0300473,0.0304749,0.0289347,0.0300966,0.0304584,0.0319785,0.0358649,0.0399067,0.0462252,0.05472,0.0623961
528.117,0.0390552,0.0383938,0.037518,0.0397091,0.0371407,0.0350183,0.0329561,0.031267,0.0308991,0.0326493,0.0331486,0.029429,0.0308065,0.0331689,0.0378561,0.0393284,0.0453663,0.0535722,0.0646612
528.574,0.042592,0.0400884,0.041007,0.038775,0.0374424,0.0369517,0.033871,0.0324082,0.0330267,0.0305873,0.0291916,0.0303803,0.029329,0.0333628,0.0364264,0.0407759,0.0462801,0.0549392,0.0648336
529.031,0.040432,0.0401853,0.0402033,0.0377524,0.0355511,0.0376746,0.0354557,0.033653,0.0316648,0.0293202,0.0283588,0.0326797,0.031757,0.0324822,0.0358843,0.0407335,0.0479512,0.0552979,0.0653534
529.488,0.0399089,0.0418187,0.0407492,0.0425997,0.0389297,0.0355267,0.0368413,0.0357717,0.0326345,0.0321469,0.0302418,0.0328161,0.0305981,0.0336599,0.0380203,0.0404728,0.0472016,0.0542016,0.0626798
529.945,0.039717,0.0419133,0.0406872,0.0393052,0.0350154,0.0362236,0.0336101,0.0323475,0.0304279,0.0292227,0.0320957,0.0287971,0.0323367,0.0335586,0.0343689,0.0411959,0.0456479,0.0532691,0.0652701
530.402,0.0405018,0.0416376,0.0398082,0.0390758,0.0366934,0.0335467,0.0329655,0.0333185,0.0320493,0.0305738,0.028847,0.0274077,0.0305627,0.0327595,0.0364419,0.0402745,0.0436355,0.0551428,0.0640282
530.858,0.0392028,0.0401878,0.0385912,0.0386834,0.0371531,0.0361653,0.0361588,0.033275,0.0318667,0.0318627,0.0306516,0.0296556,0.030852,0.0341795,0.0348713,0.0413254,0.0471248,0.0541445,0.0631102
531.315,0.0399483,0.0420707,0.0429971,0.0377067,0.0388137,0.0355175,0.0344751,0.033079,0.0328925,0.0307477,0.0316901,0.0311186,0.0299751,0.032855,0.0354007,0.040228,0.0463766,0.0550682,0.0642482
531.771,0.0437497,0.0416587,0.0418555,0.0392717,0.038205,0.0375583,0.0349174,0.0351879,0.0324554,0.0327932,0.0318009,0.0312212,0.0332572,0.0351492,0.039138,0.0441023,0.0498082,0.057752,0.0696384
532.227,0.0409276,0.0399855,0.0389798,0.0396506,0.0371799,0.0347798,0.0347156,0.0338755,0.0324878,0.0315515,0.0298448,0.029147,0.0331693,0.0352693,0.035736,0.0396162,0.0461102,0.053107,0.0646173
532.684,0.0381413,0.0397492,0.039169,0.0390241,0.0379812,0.034555,0.0346553,0.0336112,0.0301507,0.030297,0.0290901,0.0305544,0.0310096,0.0320951,0.0360249,0.0411015,0.0441539,0.0538864,0.0628311
533.14,0.0410482,0.0401571,0.0405864,0.0394019,0.0363622,0.0353284,0.0334747,0.0335082,0.0325824,0.0302711,0.0313574,0.032428,0.0326384,0.0326127,0.0339096,0.0394786,0.0492512,0.0556407,0.0636274
533.596,0.042327,0.043525,0.0416115,0.042149,0.0378846,0.0380495,0.0352805,0.0357512,0.0357184,0.0347972,0.0327444,0.0323804,0.0327919,0.0360263,0.0401261,0.0442952,0.0495459,0.0546627,0.0650565
534.051,0.0402476,0.039064,0.0380922,0.0367882,0.0361681,0.0328797,0.03064,0.0316559,0.030959,0.0290616,0.027752,0.0277918,0.027915,0.0296558,0.0330333,0.037078,0.0435756,0.0503251,0.0584156
534.507,0.0373313,0.0417842,0.0396541,0.0376925,0.0376053,0.0351659,0.0343703,0.0325069,0.0312252,0.0291095,0.0309127,0.0297318,0.0305949,0.0319496,0.0371842,0.0417245,0.0483327,0.0533029,0.0642883
534.963,0.0364476,0.0385919,0.0388203,0.0363961,0.0364428,0.0361153,0.032271,0.0307944,0.0299378,0.0291993,0.0272306,0.0301077,0.0311471,0.0316828,0.035883,0.0399265,0.0439899,0.0538335,0.0609323
535.418,0.0398931,0.0394351,0.040117,0.04069,0.0365817,0.0354597,0.0338553,0.0339661,0.0303925,0.029119,0.0300104,0.0303977,0.0309986,0.0324863,0.0379729,0.0406918,0.0464622,0.0555398,0.0632041
535.873,0.0417313,0.0394461,0.0406398,0.0391539,0.0376564,0.0341724,0.0339723,0.0348278,0.0313921,0.0312057,0.0311949,0.0322918,0.0330565,0.0341617,0.0388758,0.0411696,0.0475588,0.0542902,0.0642167
536.329,0.0397113,0.0390153,0.0370939,0.0392254,0.03434,0.0352508,0.0344259,0.0334483,0.030541,0.0302826,0.0298446,0.0289505,0.031197,0.0316828,0.0355787,0.039098,0.0467799,0.0518959,0.0640681
536.784,0.0394959,0.0381991,0.0387343,0.0374608,0.0362687,0.033572,0.0339038,0.0331328,0.0303148,0.0291083,0.0301459,0.0290054,0.0300249,0.0317996,0.0356059,0.0401598,0.0459487,0.0523067,0.0634967
537.239,0.0415334,0.0398536,0.0421563,0.0400291,0.0384967,0.0371612,0.0345268,0.0337892,0.0337764,0.0312645,0.0320903,0.0316588,0.0325743,0.0327988,0.0405926,0.0431217,0.0488085,0.0556805,0.0671892
537.694,0.0407182,0.0394587,0.0408819,0.037611,0.0376631,0.0372453,0.0341704,0.0311941,0.032146,0.0299614,0.0302186,0.032034,0.0335513,0.0333875,0.036323,0.04094,0.0448561,0.0542358,0.0659702
538.148,0.0406571,0.0392421,0.0419137,0.038865,0.0371854,0.0361606,0.0355092,0.0339915,0.0327737,0.0312977,0.0323346,0.0306914,0.0311363,0.0329723,0.0373323,0.0418868,0.049216,0.0533764,0.0662849
538.603,0.0399413,0.0415436,0.0404665,0.0405229,0.0403144,0.0348418,0.0346126,0.0335473,0.0333127,0.032502,0.0323695,0.0316001,0.0314109,0.0342265,0.0370202,0.0417549,0.0478625,0.0556207,0.0658907
539.058,0.0417439,0.0397643,0.0399678,0.0387071,0.0382655,0.0348156,0.0335156,0.0345542,0.0341837,0.0323439,0.0321475,0.0301434,0.0323962,0.0332464,0.0391327,0.0439215,0.047931,0.0577092,0.0654873
539.512,0.0417663,0.0414747,0.0400236,0.0395083,0.0385924,0.0375786,0.0343488,0.0339352,0.0326156,0.0307581,0.0298682,0.0312833,0.029459,0.0328566,0.0370189,0.0416478,0.0459976,0.0565335,0.0623979
539.966,0.0400391,0.0397224,0.0410682,0.0365899,0.0384349,0.0351854,0.0348952,0.0333884,0.0325662,0.0302907,0.0322838,0.0312841,0.0310752,0.0333915,0.035594,0.0408444,0.0446564,0.0557101,0.0633471
540.421,0.0437576,0.040288,0.0406479,0.0381292,0.0377584,0.0351935,0.0360589,0.0347076,0.0302323,0.0301223,0.0306792,0.032211,0.0310648,0.0322232,0.039245,0.0412889,0.046044,0.0563913,0.0621313
540.875,0.0420954,0.0418952,0.0422836,0.0392237,0.0380111,0.0341253,0.0374467,0.0341194,0.0319384,0.0306446,0.0276256,0.0320714,0.0314537,0.033073,0.0354167,0.041737,0.0473161,0.055416,0.0652956
541.329,0.0409171,0.0432192,0.0398002,0.039479,0.0372331,0.0357323,0.0350591,0.0336697,0.0327754,0.0308016,0.0317496,0.0307812,0.0342323,0.03284,0.0374969,0.042789,0.0482589,0.0548658,0.0670813
541.782,0.0414885,0.0417867,0.0409587,0.0397744,0.0394735,0.0341277,0.0358454,0.0341807,0.0338397,0.0315253,0.03288,0.0311111,0.0323453,0.0350209,0.0364947,0.0398243,0.0468847,0.0555734,0.0669687
542.236,0.0412672,0.0416889,0.0414416,0.0376545,0.0381921,0.036098,0.0344157,0.0341976,0.03283,0.0283693,0.0301204,0.0309181,0.0324565,0.0334291,0.0369079,0.0395114,0.0442254,0.0547951,0.0623801
542.69,0.0399968,0.038278,0.0384785,0.0379866,0.0379152,0.0349579,0.0336472,0.0335096,0.0298977,0.029877,0.0292322,0.0300742,0.0284601,0.0301175,0.0332086,0.0387504,0.0451446,0.0524202,0.066124
543.143,0.0440094,0.0422576,0.0399005,0.0408391,0.0381188,0.0366782,0.0359484,0.0363848,0.0321732,0.0315993,0.031942,0.0321127,0.031524,0.0336616,0.0390419,0.0417297,0.0484358,0.0543967,0.0679596
543.597,0.0426188,0.0397805,0.0406044,0.0369048,0.03921,0.0371278,0.0349466,0.03398,0.0312124,0.0330083,0.030716,0.0310831,0.032405,0.0337048,0.0356522,0.0388813,0.0474877,0.0560739,0.0649978
544.05,0.0416718,0.0391588,0.038571,0.0382185,0.0371534,0.0351963,0.0327771,0.033823,0.0318128,0.029927,0.0296082,0.0303102,0.032324,0.0334041,0.0360301,0.0387681,0.0482746,0.0555203,0.0620629
544.503,0.0392899,0.0392138,0.0384127,0.0375195,0.0353957,0.0366498,0.0334631,0.0308545,0.0297362,0.0295132,0.0278146,0.0275416,0.0300975,0.0321164,0.0339724,0.0411415,0.046033,0.0549726,0.063286
544.956,0.0392944,0.0374628,0.0387787,0.0357386,0.035946,0.0326192,0.0330109,0.0322099,0.0278848,0.0285216,0.0285399,0.0287275,0.0297018,0.0299946,0.0333572,0.037938,0.0462255,0.0535467,0.0625126
545.409,0.0403794,0.0379283,0.0386388,0.0360037,0.0350573,0.0333046,0.0335774,0.0311271,0.0300769,0.0302496,0.026888,0.0281416,0.0277619,0.0307351,0.0344148,0.0391812,0.0457733,0.0521999,0.0631389
545.862,0.0406561,0.0406168,0.0403154,0.039843,0.0358999,0.0355714,0.0329655,0.032462,0.0323121,0.0319108,0.0303143,0.0282818,0.0336622,0.0339349,0.0384851,0.0394599,0.0479204,0.0536593,0.0636336
546.314,0.0402362,0.0404793,0.0403002,0.0386511,0.0372887,0.0354555,0.0343759,0.033712,0.0312288,0.0315755,0.0311294,0.0302488,0.0311905,0.0320646,0.0368684,0.0408081,0.0446827,0.0547988,0.0652474
546.767,0.0407971,0.0424298,0.0396294,0.038078,0.0369578,0.0343766,0.0338693,0.034294,0.0314158,0.0308083,0.0288327,0.0308917,0.0308592,0.0325207,0.0365066,0.0400494,0.0483544,0.0554742,0.0631219
547.219,0.0397184,0.039627,0.0386655,0.0367922,0.0365152,0.0356665,0.030975,0.0312535,0.0290346,0.0296396,0.0292439,0.028832,0.0305318,0.0308094,0.0332917,0.0390877,0.0448657,0.0504446,0.0625992
547.672,0.0381964,0.0392238,0.0367622,0.0358546,0.0350914,0.0347888,0.031838,0.0318584,0.0290978,0.0294946,0.0283801,0.0273452,0.0303254,0.030885,0.0320839,0.0398751,0.0438144,0.0530283,0.0645304
548.124,0.038247,0.0390189,0.0362924,0.0380388,0.0342753,0.0332412,0.0311101,0.0309063,0.0299442,0.0296287,0.0289458,0.0270056,0.031882,0.0314848,0.0353644,0.0389491,0.0449167,0.0532013,0.0615415
548.576,0.0407709,0.0403457,0.040532,0.0383936,0.0369891,0.0373091,0.0345069,0.0323939,0.030607,0.0320916,0.0320488,0.0289905,0.0318692,0.0314623,0.0386193,0.0396798,0.0460862,0.0562971,0.0642606
549.028,0.0409785,0.0424058,0.0414711,0.0399936,0.0396148,0.0381817,0.0382209,0.034862,0.0318952,0.0337198,0.0322536,0.0314116,0.032702,0.0329538,0.0387113,0.0423363,0.0474332,0.0583574,0.0683933
549.48,0.0401627,0.0415811,0.0393791,0.0411089,0.0371346,0.0344904,0.0354422,0.0322703,0.0319995,0.0306614,0.0317959,0.031536,0.0326803,0.0343952,0.0371567,0.040134,0.0491277,0.055226,0.0652957
549.931,0.0405284,0.0403065,0.0395669,0.0384072,0.038615,0.0367299,0.0336035,0.0323883,0.0323273,0.0342585,0.0293795,0.0319615,0.030449,0.0329922,0.0380393,0.0394731,0.046323,0.0567121,0.0667911
550.383,0.0411034,0.0412396,0.0390622,0.0394053,0.0347801,0.0354091,0.0335934,0.0354699,0.0316441,0.0304028,0.0301472,0.0277593,0.030361,0.0332734,0.0364988,0.0399572,0.0458789,0.054001,0.0639979
550.834,0.03816,0.0388859,0.0378167,0.0356041,0.0340585,0.03541,0.0305893,0.0297802,0.0295988,0.0270415,0.0287261,0.029594,0.0279356,0.0329378,0.0339611,0.0384041,0.0443734,0.0513027,0.0620067
551.286,0.0423835,0.0420665,0.0402959,0.0408407,0.0375896,0.0369736,0.0331262,0.0328422,0.0325334,0.0313061,0.0323637,0.0312189,0.0324394,0.0337695,0.0360196,0.0425741,0.046629,0.0536618,0.0685815
551.737,0.0412606,0.0395039,0.0388136,0.0373563,0.0369196,0.0360364,0.0334109,0.035134,0.0330275,0.0324112,0.0310741,0.0315475,0.0325333,0.0342284,0.0381618,0.0422907,0.0462675,0.0553005,0.0645964
552.188,0.0422283,0.039898,0.0378661,0.0395182,0.03686,0.035797,0.0348429,0.0328074,0.0314368,0.0305929,0.0318919,0.0297506,0.0325234,0.0329751,0.0349567,0.0383279,0.0457641,0.054815,0.0647247
552.639,0.0391739,0.0405355,0.0405141,0.0408372,0.0372805,0.0376867,0.0349638,0.0333216,0.0314124,0.0316218,0.0331662,0.0304481,0.0310476,0.0332443,0.0363635,0.0390623,0.0455573,0.0551014,0.0656584
553.09,0.0411176,0.0434052,0.0398876,0.0391133,0.0385675,0.0364006,0.0366225,0.0332541,0.0339511,0.032595,0.0327831,0.0314977,0.0324142,0.0357667,0.0383466,0.0406697,0.0466565,0.0560968,0.0660025
553.541,0.0400191,0.0406872,0.0395534,0.0381613,0.0381299,0.0367549,0.0352593,0.0332636,0.0303467,0.0314514,0.031048,0.0297774,0.0329717,0.0348695,0.0379067,0.0419856,0.0477251,0.0536062,0.0625385
553.992,0.0399359,0.039972,0.0396523,0.0400177,0.0374251,0.0343952,0.0341649,0.0322473,0.0309297,0.029855,0.0310391,0.0299347,0.0319433,0.033861,0.0363293,0.0415779,0.0452802,0.0548776,0.0649395
554.442,0.0409071,0.0395106,0.0416971,0.0388239,0.0362429,0.0357205,0.0364376,0.0339814,0.0327983,0.031887,0.0299934,0.0328985,0.0319579,0.034778,0.0365764,0.0408854,0.0473553,0.0538311,0.0674125
554.893,0.0394603,0.0386966,0.0375473,0.0366821,0.0343588,0.0337362,0.0329626,0.0329911,0.0311811,0.0306772,0.0290751,0.0301676,0.0307178,0.0328624,0.0356231,0.0389819,0.0456569,0.0549452,0.0620734
555.343,0.0420798,0.0429971,0.0418442,0.0394106,0.0382961,0.03686,0.0366534,0.0344914,0.0332237,0.032265,0.0294153,0.0312838,0.0324903,0.0352431,0.0377481,0.0411477,0.0465667,0.055926,0.0678559
555.793,0.0381623,0.0396942,0.0378906,0.0356663,0.0366545,0.0348309,0.0327716,0.033056,0.032576,0.0313135,0.029364,0.0294828,0.031298,0.0334606,0.0355477,0.0399778,0.0461632,0.0546674,0.0631139
556.243,0.0420952,0.0414245,0.0422104,0.0375627,0.0388669,0.0379099,0.035895,0.033735,0.0329619,0.0326612,0.0318275,0.0329061,0.031912,0.0351503,0.0388512,0.04063,0.0478047,0.05631,0.0666456
556.693,0.0388128,0.0366707,0.0380701,0.0355033,0.0353848,0.0354887,0.0336057,0.0303004,0.0317279,0.0288684,0.028093,0.030644,0.03085,0.032179,0.0357822,0.0375802,0.0452914,0.0523829,0.0627391
557.143,0.0374349,0.0395324,0.0365279,0.0352093,0.0360797,0.032348,0.0315848,0.0309601,0.031999,0.0288588,0.0291318,0.0291934,0.0306205,0.0328629,0.0341062,0.0392928,0.0439,0.0527833,0.0621557
557.593,0.0406863,0.0396209,0.0392156,0.037031,0.0382186,0.033285,0.0359194,0.0330419,0.0300103,0.0296869,0.029853,0.0310692,0.0308143,0.0337648,0.0348047,0.0395433,0.0463935,0.0540291,0.0642182
558.042,0.0413281,0.0418493,0.0407063,0.0395366,0.0377239,0.0369154,0.0345742,0.0359068,0.0343845,0.0314718,0.0298848,0.0290163,0.034453,0.0336935,0.0367936,0.04113,0.0464469,0.0560582,0.0654178
558.492,0.041193,0.039599,0.0389763,0.0377763,0.0381766,0.0350542,0.034959,0.0356626,0.0309274,0.0323679,0.0297596,0.030616,0.0312899,0.0337174,0.0345829,0.0416333,0.0471181,0.0570194,0.0643235
558.941,0.0393161,0.0420004,0.0391226,0.0371533,0.0376066,0.0367582,0.0340769,0.0332265,0.031516,0.0312553,0.0318426,0.0307132,0.032235,0.0322604,0.038484,0.0412058,0.0482878,0.055312,0.0628698
559.39,0.0417879,0.0420591,0.0411475,0.039753,0.0389768,0.0380456,0.034491,0.0341268,0.0320336,0.0331573,0.0320417,0.0318264,0.0308884,0.034376,0.0358881,0.0416757,0.047652,0.0560307,0.0658629
559.839,0.0407329,0.042554,0.0392514,0.0381057,0.037376,0.0361188,0.0350083,0.0334701,0.0305832,0.0333369,0.0310031,0.0303976,0.0325943,0.03418,0.0369542,0.0433398,0.0476547,0.0566418,0.0673464
560.288,0.0396825,0.0401319,0.0401374,0.0366832,0.0362805,0.035856,0.0345105,0.031887,0.0299828,0.0301219,0.0301788,0.0289269,0.0305013,0.0327329,0.0357819,0.0402458,0.0468167,0.0534623,0.0664765
560.737,0.0393218,0.0379124,0.0379907,0.038287,0.0373618,0.0355609,0.0339172,0.0313385,0.0302352,0.0299937,0.0291881,0.0290834,0.0304746,0.0323926,0.0363542,0.0389844,0.04643,0.0537173,0.0642241
561.186,0.0410011,0.0383597,0.0400109,0.0383674,0.0373969,0.035973,0.0319337,0.0331278,0.0330863,0.0292167,0.0310931,0.0317172,0.0308678,0.0308997,0.0372732,0.0405607,0.0483269,0.0557035,0.0643568
561.635,0.0418529,0.0422371,0.0404465,0.0385158,0.0360114,0.0359576,0.0356768,0.0339,0.033844,0.0329343,0.0315022,0.0332324,0.0333963,0.0336482,0.0356135,0.042068,0.0478596,0.0550957,0.0650522
562.083,0.0400867,0.0407304,0.0386894,0.0391629,0.0357432,0.0345242,0.034011,0.0337015,0.0333064,0.0295802,0.0311758,0.0315196,0.0312604,0.0323925,0.0360138,0.0397306,0.0468365,0.0538119,0.0633348
562.532,0.0395309,0.0403018,0.0397818,0.0383356,0.0378064,0.0358466,0.0334694,0.033855,0.0302146,0.0311412,0.0300241,0.0295098,0.0306779,0.0344476,0.036764,0.0396009,0.0468248,0.0544447,0.0630982
562.98,0.0406746,0.0421335,0.0407654,0.0406203,0.0373819,0.0367116,0.0334245,0.0334816,0.0332833,0.0324291,0.0314498,0.0292996,0.0330274,0.03323,0.035995,0.0403302,0.0462193,0.053901,0.0651571
563.428,0.0411461,0.0423406,0.0398639,0.0385979,0.037217,0.0367721,0.035427,0.0333434,0.0328926,0.0312423,0.0311487,0.0308045,0.0294058,0.0312177,0.0367593,0.0412443,0.0449387,0.0550001,0.0634441
563.876,0.0395313,0.0396948,0.0384031,0.0382893,0.0364963,0.0350608,0.0324046,0.0335098,0.0316994,0.0302095,0.0293444,0.0303494,0.0315243,0.0344014,0.0372114,0.0402218,0.0466884,0.0539312,0.0641898
564.324,0.0406032,0.0398035,0.0388405,0.0386915,0.0378995,0.0339042,0.0361012,0.0307596,0.0323323,0.0316635,0.030925,0.0316101,0.0325361,0.0334295,0.0380046,0.0395229,0.0466139,0.0548876,0.0640483
564.772,0.040428,0.0395259,0.0385667,0.0372719,0.0378938,0.0360868,0.035008,0.0321303,0.0305962,0.0304579,0.0301603,0.0308439,0.0290797,0.0320179,0.0354229,0.0408859,0.0469201,0.0552296,0.0663908
565.22,0.041998,0.0403097,0.0412079,0.0395727,0.0388165,0.0367583,0.0345588,0.0344246,0.0337601,0.0298595,0.0314937,0.0313268,0.0324013,0.0344419,0.0386501,0.0426676,0.0482948,0.0560829,0.0663028
565.667,0.0397592,0.0396416,0.0396843,0.0358049,0.0372428,0.0348234,0.0327247,0.0329625,0.0315686,0.0305135,0.0302659,0.0294096,0.0296983,0.0311084,0.0344315,0.03846,0.0464619,0.0532441,0.0645118
566.115,0.0407287,0.0397754,0.0401242,0.0383739,0.0374072,0.0329939,0.0346467,0.0330595,0.0316225,0.030763,0.0295336,0.0292772,0.0322978,0.0334783,0.0342447,0.040492,0.0483738,0.0553968,0.0655605
566.562,0.0391031,0.0400103,0.03873,0.0375587,0.0382945,0.0352117,0.0339138,0.0315562,0.0306752,0.0308015,0.0283388,0.0312527,0.030511,0.0333992,0.0358322,0.0408703,0.0466187,0.0546726,0.0655415
567.01,0.0395753,0.0377807,0.0388612,0.0377603,0.037053,0.0357418,0.0348423,0.0330545,0.0311352,0.0305224,0.0302054,0.0300746,0.0313501,0.0327626,0.0353472,0.0419955,0.0475228,0.0540625,0.0638814
567.457,0.0387767,0.0421845,0.0389943,0.0376511,0.0383226,0.0354113,0.0324622,0.0337614,0.0310131,0.029259,0.0306195,0.0291648,0.0313594,0.0322416,0.0353016,0.0395432,0.0463112,0.0540656,0.0655827
567.904,0.0407788,0.0403073,0.0384929,0.0370969,0.0349261,0.0361363,0.0343363,0.0332578,0.0307364,0.0298228,0.0284728,0.0296731,0.0315259,0.0330051,0.0356983,0.0391642,0.046073,0.0543329,0.0648337
568.351,0.0411176,0.0410818,0.0407343,0.0380435,0.0379335,0.0345126,0.0342083,0.03285,0.0321797,0.0320616,0.0304787,0.0296991,0.0310652,0.0331048,0.0352072,0.0397885,0.0462862,0.0552643,0.0647137
568.797,0.0387801,0.0388907,0.0405471,0.0373155,0.0369741,0.035521,0.0343683,0.0315296,0.0312839,0.0315183,0.0325906,0.030141,0.0312673,0.0309247,0.0354938,0.0411758,0.0493472,0.054481,0.0648651
569.244,0.0401081,0.0377001,0.0374401,0.0361836,0.0358242,0.0340697,0.0328358,0.0320368,0.0295595,0.0311182,0.0285879,0.0306414,0.0301342,0.0314564,0.0355621,0.0388924,0.0470464,0.0547185,0.0615756
569.691,0.0398419,0.0400633,0.0379006,0.0388228,0.0371548,0.0333871,0.0339709,0.0355389,0.0321216,0.0322483,0.0294245,0.0308013,0.0312702,0.0352016,0.0351232,0.0404632,0.0467769,0.0563681,0.0672239
570.137,0.041051,0.0429439,0.0396714,0.0388689,0.0366431,0.0356464,0.0343989,0.0332103,0.0315047,0.0313471,0.0316326,0.0307165,0.0322717,0.033871,0.0371845,0.0394214,0.047782,0.0546746,0.0660393
570.583,0.0411523,0.040969,0.0408199,0.0381564,0.0376383,0.0362119,0.0353711,0.0344482,0.0337209,0.0313793,0.0323594,0.0313925,0.0295472,0.0327213,0.0356865,0.0399322,0.0467317,0.0564392,0.0645095
571.03,0.0389549,0.0376127,0.0383725,0.0360139,0.0376572,0.0347478,0.032617,0.0324356,0.0316651,0.0310825,0.028929,0.030269,0.0318383,0.0323755,0.0349903,0.0397626,0.0471686,0.0545088,0.0651908
571.476,0.0386326,0.041723,0.0380497,0.0391649,0.0355807,0.03797,0.0353145,0.0325007,0.0305321,0.0306407,0.0303035,0.0301821,0.0310541,0.0322084,0.0380196,0.0403913,0.0444003,0.0539742,0.0634749
571.922,0.038428,0.0402915,0.0380706,0.037387,0.0380965,0.0341904,0.0331905,0.0320802,0.0296178,0.0303949,0.0299384,0.0288753,0.0303598,0.0320489,0.0354597,0.0390664,0.0465599,0.0543242,0.0631033
572.367,0.0370289,0.0381313,0.0380451,0.0349598,0.0349781,0.0361922,0.0322572,0.0310853,0.0303813,0.0297112,0.0289958,0.0292461,0.0298624,0.032913,0.0369147,0.0403641,0.0451931,0.0542753,0.0627645
572.813,0.0405724,0.0375835,0.0393421,0.0378308,0.0359798,0.0333676,0.0322711,0.0318364,0.0311047,0.030529,0.0299824,0.0310379,0.0306483,0.0317608,0.0353802,0.0393559,0.0460699,0.0550311,0.0640425
573.259,0.0398266,0.0400976,0.0384684,0.0384778,0.0375785,0.0378381,0.0344113,0.0344959,0.0313786,0.0303246,0.0288418,0.0310201,0.0308238,0.0322588,0.0339752,0.0405599,0.0473421,0.0542073,0.0633634
573.704,0.0396827,0.0387739,0.0375442,0.0377468,0.0365136,0.0343821,0.033715,0.0326968,0.0293695,0.0304273,0.0304749,0.0315099,0.0308455,0.031997,0.034726,0.0402238,0.0465813,0.055107,0.0636602
574.15,0.0412788,0.0384535,0.0389993,0.0384803,0.0357815,0.0347506,0.031659,0.0317427,0.0302799,0.0302156,0.030418,0.0304016,0.0315466,0.0326518,0.0346981,0.0384448,0.0455182,0.0535338,0.066414
574.595,0.041026,0.0406372,0.0395494,0.0380962,0.0361185,0.0343935,0.0325168,0.03306,0.0318268,0.0311557,0.0309601,0.0276931,0.0301489,0.0343753,0.0353573,0.0425412,0.0463095,0.0546654,0.0656148
575.04,0.0403988,0.041323,0.0423778,0.0383625,0.0376346,0.0371864,0.0354737,0.0355435,0.0349925,0.0319191,0.0302562,0.0318654,0.0329901,0.0334666,0.0363124,0.0412645,0.0460705,0.0551095,0.0673655
575.485,0.0389682,0.040801,0.0404632,0.0372208,0.0362177,0.0352038,0.032957,0.0350373,0.0317113,0.0305824,0.0296952,0.0293723,0.0311649,0.0329758,0.0362847,0.0404155,0.0466626,0.0546698,0.0635082
575.93,0.0391675,0.0382656,0.0378973,0.0382646,0.0366288,0.0351268,0.0326344,0.029658,0.0321018,0.0292352,0.0287716,0.03047,0.0300691,0.0320899,0.0357933,0.0380681,0.0477068,0.0543639,0.0634504
576.375,0.0426285,0.0412921,0.0403526,0.038015,0.0376457,0.0361856,0.0353883,0.0339419,0.0311,0.031507,0.0305788,0.0308075,0.0341309,0.0343134,0.0362223,0.0428451,0.0471975,0.0539634,0.0665049
576.819,0.0417261,0.0421078,0.040193,0.0395955,0.0372065,0.0350597,0.0342502,0.031919,0.0315196,0.0318804,0.0310006,0.0319068,0.0310316,0.0341175,0.0367735,0.0407235,0.0460706,0.0563623,0.0677888
577.264,0.0385746,0.0392287,0.0386205,0.0380982,0.0341073,0.0364315,0.0330863,0.0313833,0.0292692,0.030048,0.030243,0.0297543,0.0308608,0.0328667,0.0360379,0.0408153,0.0466027,0.053209,0.0622554
577.708,0.03923,0.0394439,0.0384391,0.0382101,0.0365688,0.0343964,0.0338006,0.03352,0.0308975,0.0320055,0.0293767,0.0282772,0.0302645,0.0319156,0.0354685,0.0411363,0.0453553,0.055671,0.0639726
578.153,0.0379879,0.0402444,0.040221,0.0371876,0.0359246,0.0336722,0.0328063,0.031858,0.0298377,0.0296796,0.0286319,0.0303345,0.0303255,0.0301531,0.0345351,0.0390657,0.045626,0.0552336,0.0651107
578.597,0.0391458,0.040821,0.0388925,0.0369661,0.0361964,0.0335241,0.0326362,0.0319991,0.0302677,0.0306948,0.0302162,0.029009,0.0288146,0.032966,0.0350332,0.0406737,0.0448335,0.052785,0.0642514
579.041,0.040239,0.0382597,0.0388336,0.0362831,0.0365596,0.0342435,0.0343219,0.0321336,0.031319,0.0315018,0.0297681,0.0297368,0.0291553,0.0325078,0.0362785,0.0403227,0.046106,0.0556324,0.0626173
579.485,0.0395932,0.0397588,0.0381938,0.0383652,0.0367377,0.0344614,0.0345889,0.0336421,0.0297364,0.0310424,0.0309553,0.0302647,0.031534,0.0326087,0.0355573,0.0399056,0.04653,0.052931,0.06444
579.929,0.0411507,0.0414605,0.038469,0.0391211,0.0372634,0.0349793,0.0329784,0.0336356,0.0323239,0.032623,0.0304938,0.0303552,0.0296084,0.0337593,0.0364467,0.0406715,0.0461069,0.0559725,0.0656765
580.372,0.0391094,0.0395445,0.0372851,0.0367705,0.0364924,0.0348049,0.0329961,0.0318701,0.0293243,0.032188,0.0285961,0.0287677,0.0294698,0.0323225,0.0358169,0.0392713,0.0463106,0.0546048,0.0639824
580.816,0.0410291,0.0403733,0.0386163,0.0371445,0.035795,0.034238,0.0339722,0.0320353,0.0304684,0.0301924,0.0291084,0.0302861,0.0315861,0.0328034,0.0355221,0.041194,0.0480756,0.0545028,0.0649158
581.259,0.0411393,0.0409214,0.0406962,0.0401388,0.0361897,0.034987,0.0343945,0.0346145,0.0331019,0.0306291,0.0319854,0.0297753,0.0305364,0.0337971,0.0372154,0.0408252,0.046111,0.0533652,0.0657643
581.703,0.0403468,0.0400792,0.0386,0.0388277,0.0364104,0.0362447,0.0350117,0.0320227,0.030872,0.030293,0.0302385,0.0316812,0.0326801,0.0321334,0.0355592,0.0382296,0.047799,0.0564326,0.0645995
582.146,0.0401277,0.0408735,0.0373725,0.0387011,0.0355732,0.0353518,0.0335321,0.0308035,0.030482,0.0302971,0.0307537,0.030339,0.0315645,0.0320778,0.0364822,0.0407619,0.0467727,0.0548972,0.064883
582.589,0.0406164,0.0398518,0.0390289,0.0409267,0.0372993,0.0349897,0.0340189,0.0328921,0.0316502,0.0303158,0.0305121,0.0315284,0.0318858,0.0329007,0.0356896,0.0409039,0.045957,0.0555968,0.0645095
583.032,0.0408119,0.0390136,0.0405677,0.0376724,0.0391331,0.0357905,0.033705,0.0348358,0.0319631,0.0313951,0.0302278,0.0304837,0.0319105,0.0327515,0.0381921,0.0411248,0.0462847,0.0569628,0.065075
583.475,0.0396565,0.0407987,0.0389614,0.0380702,0.038145,0.034564,0.0345965,0.0321622,0.0325863,0.0304181,0.0315608,0.0300891,0.0313766,0.0344757,0.036303,0.0405928,0.0476131,0.0549656,0.0636153
583.918,0.0399038,0.0417812,0.0390955,0.0395836,0.0368535,0.0355543,0.0358926,0.033788,0.0310184,0.0320328,0.031371,0.0295106,0.0322703,0.0321398,0.0356529,0.0410453,0.048248,0.0554361,0.0669381
584.36,0.0381954,0.0383269,0.0381434,0.0378732,0.0352243,0.0333976,0.0344758,0.0306945,0.0291886,0.0282679,0.0277961,0.0300122,0.0286905,0.0311883,0.0357465,0.0381184,0.0458747,0.0526963,0.0633784
584.803,0.0397751,0.0396963,0.0380869,0.0357704,0.0355771,0.0355952,0.0322937,0.0319396,0.0317598,0.030301,0.0300152,0.0296621,0.0296499,0.0331694,0.0353011,0.041081,0.0442265,0.0539352,0.0654607
585.245,0.0423421,0.0407174,0.0402369,0.0372551,0.036591,0.0364593,0.0314958,0.0328055,0.0320312,0.0314323,0.0304835,0.0288968,0.03225,0.0338259,0.0355755,0.0416498,0.0471314,0.0548281,0.0643656
585.688,0.0389091,0.0381351,0.0370576,0.0361728,0.033969,0.0352633,0.0311873,0.0317283,0.0291898,0.0275386,0.0285401,0.0293458,0.0313325,0.0306039,0.0332855,0.0396123,0.0451027,0.0517259,0.0624992
586.13,0.0431285,0.0401934,0.0401679,0.0381791,0.0357364,0.0344255,0.0331944,0.0336649,0.0317566,0.0295743,0.0305441,0.0298759,0.0311834,0.0323863,0.0354799,0.0407095,0.0445581,0.054532,0.0648182
586.572,0.0411457,0.0386908,0.0389013,0.0378787,0.0366912,0.0368678,0.035628,0.0324594,0.0344072,0.0305039,0.0313236,0.0307048,0.0319668,0.0332506,0.0369668,0.0413919,0.0465568,0.0528602,0.0648396
587.014,0.0400383,0.0400157,0.0388889,0.038798,0.0371685,0.0334593,0.0335154,0.0321188,0.0299564,0.0305324,0.028858,0.0306316,0.0290348,0.0319472,0.0365464,0.0414462,0.0458866,0.0537371,0.0642264
587.456,0.0392887,0.0407872,0.0401575,0.0385099,0.0354895,0.0347454,0.0324413,0.0338372,0.0314852,0.0315204,0.0301825,0.0304123,0.0286086,0.0320262,0.0350633,0.0408931,0.0466423,0.0556035,0.0665742
587.897,0.0408703,0.039053,0.0395708,0.0372975,0.0345317,0.0367453,0.034824,0.0332994,0.0319219,0.0318393,0.0289281,0.0292032,0.032666,0.0334603,0.0367867,0.039349,0.0456619,0.0526274,0.0663903
588.339,0.0427068,0.0394235,0.0424459,0.0389771,0.0385637,0.0359334,0.0362494,0.0332719,0.032333,0.0333458,0.030689,0.0315089,0.0322857,0.0351966,0.0366204,0.0429097,0.0482491,0.0568711,0.0665361
588.78,0.0415081,0.0395147,0.03995,0.0378783,0.0374328,0.0343215,0.0343209,0.031105,0.0307708,0.0302056,0.0315936,0.0300286,0.0317125,0.0336733,0.0369462,0.0423815,0.0492892,0.05576,0.0651036
589.222,0.0404012,0.039346,0.0393544,0.0382539,0.0352308,0.0367054,0.0327286,0.0328151,0.0294483,0.0292855,0.0304044,0.0290001,0.0309398,0.0332587,0.0365088,0.0422863,0.0455631,0.0554479,0.0655166
589.663,0.0390792,0.0395996,0.0393605,0.0365851,0.0359208,0.0342761,0.0310405,0.0319066,0.0311273,0.0318762,0.028473,0.0290509,0.0298906,0.032901,0.0353334,0.0406163,0.0444675,0.0546925,0.0641884
590.104,0.0396338,0.0406071,0.0381071,0.0385651,0.0382415,0.0357705,0.0337304,0.0331783,0.0316396,0.0298849,0.0299759,0.0287938,0.0309392,0.0332485,0.0355454,0.0422317,0.0462493,0.0561122,0.0648369
590.545,0.0408113,0.0416938,0.039651,0.0384019,0.0361078,0.0354626,0.0320903,0.0311834,0.0311859,0.0294111,0.0303475,0.0316588,0.0327927,0.0333236,0.0355112,0.0397325,0.0460168,0.0551007,0.0662337
590.986,0.0412142,0.041047,0.0382199,0.0384955,0.037195,0.0341939,0.0342872,0.0321962,0.0316377,0.0289823,0.0288773,0.0302497,0.0321116,0.0342318,0.0349979,0.039996,0.0462794,0.0563498,0.0646947
591.427,0.03921,0.0391557,0.0389967,0.0385452,0.0376135,0.0341414,0.033327,0.0321021,0.0306819,0.0305372,0.0302676,0.029512,0.0305304,0.0332864,0.035599,0.0406179,0.0458217,0.0554136,0.0649271
591.867,0.040644,0.039714,0.0394289,0.0389103,0.0373821,0.0351908,0.033353,0.0339565,0.0306399,0.0297918,0.0309608,0.0305714,0.0312653,0.0329239,0.0347581,0.0425671,0.0485637,0.0542042,0.0631668
592.308,0.0397948,0.0394297,0.0395774,0.0366005,0.037808,0.035428,0.0338372,0.0331203,0.031436,0.0301054,0.0300694,0.0290486,0.0316646,0.0311721,0.0346848,0.0391084,0.0475273,0.0548816,0.0642611
592.748,0.0406176,0.04025,0.0400134,0.0378566,0.0347896,0.0359086,0.0326499,0.0314142,0.0298214,0.0311207,0.0293289,0.0304929,0.0293675,0.032615,0.0347555,0.0392337,0.0477567,0.054007,0.0666834
593.189,0.0393506,0.0404964,0.0402609,0.0405953,0.0379636,0.035243,0.0357624,0.0327431,0.0313281,0.0301239,0.0306361,0.0325306,0.0317074,0.0340611,0.0368781,0.0426411,0.047847,0.0564188,0.0665378
593.629,0.0410354,0.0420874,0.039142,0.0389848,0.038583,0.0358801,0.0344131,0.0340808,0.031762,0.0315147,0.031225,0.0306092,0.0316937,0.033735,0.0367725,0.0410763,0.0472616,0.0559315,0.0651451
594.069,0.0377917,0.0401184,0.040489,0.0383713,0.0367402,0.0364364,0.0344409,0.0342088,0.0307918,0.0308039,0.030115,0.0291359,0.0317737,0.031322,0.0359987,0.041419,0.0474336,0.0569891,0.064842
594.509,0.0406158,0.0388486,0.0382523,0.0380742,0.0365237,0.0347062,0.034027,0.0333343,0.0316451,0.0305749,0.0305711,0.0307108,0.0315206,0.0332104,0.0367197,0.0404941,0.045054,0.0558811,0.0649721
594.949,0.0401235,0.0390625,0.0375556,0.0362939,0.0356325,0.0340372,0.031983,0.0316815,0.0298695,0.0297982,0.0292526,0.030663,0.0303644,0.0311047,0.0347053,0.0409993,0.0465964,0.0522967,0.0633639
595.388,0.0408152,0.0399539,0.0375461,0.0401286,0.0372976,0.0356126,0.0353776,0.0344361,0.0318379,0.0308952,0.0314247,0.0327562,0.0322507,0.0350436,0.0350233,0.0409306,0.0484289,0.0574625,0.0659526
595.828,0.0393858,0.0391493,0.0407544,0.0381787,0.0365907,0.0358505,0.0343461,0.0324684,0.0316411,0.0277167,0.0291843,0.0288013,0.0302069,0.0326659,0.0365094,0.0409307,0.045217,0.054072,0.0639585
596.267,0.039529,0.039074,0.040521,0.0379201,0.0364513,0.0357427,0.0358022,0.0343298,0.0317688,0.0307751,0.0322108,0.030748,0.0324793,0.0340035,0.036067,0.0419353,0.0468095,0.0556059,0.0665341
596.707,0.0415872,0.0416722,0.0407444,0.0384732,0.0358498,0.0351789,0.0335541,0.0347785,0.0324015,0.0309146,0.0313706,0.0304761,0.0323421,0.0339536,0.0368426,0.0405013,0.0466334,0.0555153,0.0662466
597.146,0.0414543,0.0384084,0.0381725,0.0374811,0.0352081,0.0340168,0.032196,0.0310997,0.0299367,0.0289058,0.0293775,0.0290649,0.0286764,0.0320599,0.0345836,0.0392089,0.0469254,0.0539204,0.064676
597.585,0.038133,0.0397262,0.038809,0.0380034,0.0373547,0.034168,0.0341966,0.0327207,0.0308772,0.0305358,0.0299075,0.030004,0.0310662,0.0326099,0.0373482,0.0408449,0.046111,0.0545206,0.0656944
598.024,0.0391991,0.0389367,0.0383708,0.0374155,0.0367643,0.0340542,0.0343777,0.0330038,0.0305281,0.0321611,0.0300582,0.0313111,0.0308579,0.0339606,0.0350353,0.0400337,0.0473746,0.0534114,0.0647024
598.463,0.0383345,0.0395803,0.0379014,0.0357263,0.03592,0.0356965,0.0341623,0.0308002,0.0310538,0.029746,0.0302817,0.0290014,0.0295555,0.0333947,0.0355618,0.0401506,0.0454633,0.0543447,0.0649597
598.902,0.0418152,0.0399015,0.041594,0.0378576,0.036954,0.0358386,0.0342758,0.0328372,0.0326465,0.0304449,0.0308697,0.0313502,0.0305981,0.0340594,0.0379007,0.0405341,0.0483387,0.0559758,0.067567
599.34,0.0402253,0.039473,0.0391939,0.037774,0.0355068,0.0344492,0.0326089,0.0340841,0.0317642,0.030887,0.028758,0.0300552,0.0315971,0.0338851,0.0367672,0.0416441,0.0468684,0.0556819,0.0674952
599.779,0.0403037,0.0394353,0.038891,0.0374781,0.0370928,0.0362801,0.033985,0.0323948,0.0313779,0.029102,0.0294542,0.0313497,0.0315838,0.0329649,0.0364235,0.0407428,0.0458937,0.0541536,0.0641867
600.217,0.0417453,0.0417088,0.0385236,0.037631,0.0375126,0.0364448,0.034829,0.0331786,0.0309479,0.031934,0.0314388,0.0302248,0.0302954,0.0331188,0.0374516,0.0408957,0.0456943,0.0553765,0.0670229
600.655,0.0393673,0.037486,0.0394895,0.0361464,0.0371003,0.0347224,0.0342198,0.0317399,0.0309024,0.031545,0.0297946,0.0295206,0.031616,0.0324001,0.0347351,0.0404236,0.0458033,0.0542796,0.06508
601.093,0.0395738,0.0390384,0.0399254,0.0355643,0.0373105,0.0334743,0.0323624,0.0312913,0.0291008,0.0306625,0.0286706,0.0300631,0.0302727,0.0324703,0.034894,0.0392305,0.0441933,0.0521311,0.0640396
601.532,0.0402716,0.0403752,0.0394626,0.039434,0.0372694,0.0361057,0.0343834,0.0320849,0.0326181,0.0319924,0.0316177,0.029398,0.0316436,0.0329468,0.0369212,0.0409652,0.0480888,0.0567143,0.0656926
601.969,0.039188,0.0400517,0.0395558,0.0360585,0.0366917,0.0336965,0.03287,0.0324999,0.0306205,0.0305589,0.0298012,0.0302926,0.029187,0.0304999,0.0349875,0.0382634,0.0451595,0.0537092,0.0634279
602.407,0.0421966,0.0413741,0.0386379,0.0398479,0.0373452,0.0375454,0.0358439,0.0355608,0.032101,0.0318169,0.0334423,0.0314051,0.0316908,0.0347742,0.0375198,0.039861,0.048131,0.055109,0.0675515
602.845,0.0424517,0.0397147,0.038629,0.0383765,0.0373431,0.0369196,0.0350532,0.0337552,0.0320761,0.0305039,0.0302253,0.0328994,0.0323975,0.0332889,0.036544,0.0417207,0.0466366,0.0541201,0.0653858
603.282,0.0408212,0.0402802,0.0379182,0.0385736,0.0357831,0.0363126,0.0337224,0.0321696,0.0320502,0.0310518,0.0301835,0.0319707,0.0325657,0.0332848,0.0370206,0.0418765,0.0457296,0.0554757,0.0661558
603.72,0.0399134,0.0402288,0.0373354,0.0368415,0.0363397,0.0351179,0.0329328,0.03146,0.0289093,0.0305898,0.0290726,0.0296751,0.0311879,0.0316109,0.0355364,0.0408525,0.0456861,0.0563709,0.0650172
604.157,0.0413122,0.0391582,0.0393079,0.0379384,0.0360419,0.0333902,0.0322346,0.030803,0.030567,0.0292022,0.0279201,0.0306429,0.0303125,0.0319328,0.0359574,0.0406641,0.0448121,0.0530013,0.0661988
604.594,0.0405429,0.0404558,0.0394962,0.0369977,0.0372638,0.0343564,0.0318726,0.0321672,0.0298956,0.0296904,0.0294312,0.0273626,0.0298977,0.0312778,0.0358456,0.0408129,0.0462222,0.0550287,0.0641118
605.032,0.0430296,0.0410916,0.0385282,0.0378941,0.0364658,0.0345365,0.0346769,0.0328295,0.0325563,0.0318998,0.0313353,0.0308781,0.0318576,0.0331837,0.0378506,0.0423904,0.0462286,0.0562166,0.0672996
605.468,0.04059,0.0392843,0.0406067,0.0387211,0.0366164,0.0361372,0.0352237,0.033366,0.0321853,0.0319589,0.0311169,0.0310758,0.0314093,0.0324936,0.0366588,0.0420254,0.0485269,0.0552357,0.0681449
605.905,0.0408855,0.0389888,0.0397406,0.0384819,0.0352738,0.034765,0.0337481,0.0310286,0.0316155,0.0315188,0.02831,0.0304748,0.0319523,0.0314164,0.0360126,0.0412237,0.0454466,0.0537065,0.0655368
606.342,0.0415824,0.0397066,0.0384368,0.0372205,0.0373019,0.0365775,0.0334271,0.0311925,0.0328903,0.030414,0.0311207,0.0303786,0.0306484,0.0322201,0.0378545,0.0406609,0.0470639,0.0551835,0.0638518
606.779,0.0415481,0.0404857,0.0387191,0.039356,0.0370903,0.0364425,0.0340589,0.0322713,0.0306831,0.0298893,0.031773,0.0320396,0.0306562,0.0350898,0.0359302,0.0401118,0.0479589,0.055038,0.0651047
607.215,0.0387092,0.0367463,0.0368357,0.0367591,0.0351343,0.0344594,0.0325101,0.0290052,0.0286087,0.0288806,0.0282869,0.0292177,0.0307002,0.0319886,0.0343547,0.0384861,0.0448527,0.0545134,0.0641303
607.652,0.0399845,0.0392743,0.0386757,0.0378032,0.0377753,0.0341411,0.0336613,0.0322331,0.0318085,0.0313161,0.0297502,0.033028,0.0324613,0.0340811,0.0370359,0.0412617,0.0462295,0.0535891,0.0659363
608.088,0.0407054,0.040859,0.038866,0.0395915,0.0371475,0.036191,0.0338326,0.0331606,0.0313866,0.0320444,0.0304978,0.0299567,0.0298217,0.0335624,0.0366341,0.0387075,0.0455064,0.0567585,0.0661899
608.524,0.0416448,0.0403805,0.0401864,0.0374547,0.0369331,0.034822,0.0348585,0.0323379,0.0322543,0.0305821,0.0293525,0.0315402,0.0297793,0.0335845,0.0360738,0.0407294,0.0463474,0.0547568,0.065329
608.96,0.0405506,0.0381392,0.0381086,0.0365685,0.0351748,0.0341634,0.0330113,0.0319776,0.0312152,0.0298565,0.0297111,0.0287624,0.0311477,0.0316384,0.0377772,0.0385693,0.0461935,0.0564306,0.0649066
609.396,0.0408886,0.0416323,0.0395478,0.0379945,0.0380098,0.0357617,0.0325069,0.0331037,0.0321659,0.0311208,0.0300816,0.0314031,0.0334936,0.03437,0.0350786,0.040777,0.0469231,0.0569205,0.0674994
609.832,0.0404324,0.0402228,0.038964,0.0393488,0.037225,0.035341,0.0336137,0.031997,0.0311428,0.0311386,0.0304985,0.0296148,0.0319658,0.0328031,0.0347223,0.0391999,0.0482969,0.0553188,0.0647497
610.267,0.0393313,0.0393558,0.0398222,0.0374705,0.0370746,0.0371235,0.0347644,0.0344878,0.0327295,0.0306892,0.0312689,0.0309193,0.0322511,0.03282,0.0378471,0.041344,0.0488316,0.0555664,0.0641383
610.703,0.0392145,0.0382077,0.0387801,0.0375778,0.0361116,0.0360322,0.0331677,0.0310878,0.0312128,0.0302569,0.0305809,0.0295972,0.0298902,0.0330904,0.0350507,0.0404334,0.0454926,0.0526458,0.0668504
611.138,0.0405128,0.0410465,0.0378816,0.037341,0.0368257,0.0346455,0.0347972,0.033413,0.031799,0.0287465,0.0301067,0.0302899,0.0318563,0.0323816,0.0357204,0.0401098,0.0481924,0.0548165,0.0684386
611.574,0.0394034,0.039613,0.0399892,0.0375434,0.0351748,0.0330215,0.0332102,0.0318509,0.0293701,0.0292071,0.0294451,0.0298086,0.0294574,0.0307984,0.0343442,0.0392384,0.045807,0.0538613,0.0645135
612.009,0.0400461,0.0403645,0.0402193,0.0397402,0.0367895,0.0347588,0.035189,0.0328004,0.0313637,0.0314717,0.0296589,0.0304914,0.0326549,0.0336196,0.0370546,0.0412453,0.0464411,0.0543554,0.0643799
612.444,0.0424521,0.0389747,0.0373042,0.0382065,0.036232,0.0356698,0.0330848,0.0324773,0.0320876,0.0305581,0.0300322,0.0301389,0.0323188,0.0314872,0.0369757,0.0417845,0.0474646,0.0555612,0.0649258
612.879,0.0414388,0.0402174,0.0406112,0.0393644,0.0394555,0.0383054,0.0345732,0.0337261,0.0327891,0.0320113,0.0320199,0.0316136,0.0329309,0.0343932,0.0385141,0.0413004,0.047563,0.0567369,0.0668516
613.314,0.0409834,0.0391739,0.0403957,0.0372346,0.0368858,0.0353684,0.0338054,0.0334749,0.0315573,0.0304735,0.0295451,0.0305772,0.0322332,0.0324712,0.0367611,0.040624,0.0463905,0.0545851,0.065594
613.748,0.0395163,0.039388,0.0364106,0.0371163,0.0373819,0.0350817,0.0334917,0.03056,0.0314717,0.0296739,0.0280824,0.0282903,0.0315415,0.0322472,0.0351991,0.0404965,0.0474631,0.0532605,0.0634014
614.183,0.03865,0.039749,0.0393787,0.0379438,0.0361996,0.036434,0.0326433,0.0317099,0.030649,0.0309509,0.0298791,0.0300183,0.0307948,0.0328647,0.0361609,0.0409745,0.0471949,0.0548868,0.0644838
614.617,0.0404877,0.0427671,0.0397239,0.0396545,0.0379466,0.036351,0.0334906,0.0313742,0.032698,0.0321055,0.0313152,0.0291506,0.0315914,0.0346005,0.0368556,0.0407062,0.0501884,0.0584532,0.0656767
615.052,0.0410117,0.0397083,0.0399264,0.0380553,0.0355835,0.0357141,0.0331864,0.0330651,0.0315813,0.0299604,0.0301656,0.0295258,0.0308093,0.0327159,0.0361304,0.0406922,0.0471147,0.0554626,0.0641253
615.486,0.0390464,0.0375255,0.0375086,0.037598,0.0367289,0.034434,0.0337849,0.0330444,0.0313008,0.0299906,0.0298059,0.0293842,0.0309794,0.0327689,0.0360286,0.0415869,0.047022,0.0552974,0.0646125
615.92,0.0405586,0.0409578,0.0406889,0.0394291,0.03713,0.0369315,0.0338802,0.0316407,0.0315343,0.0316956,0.0301485,0.0320782,0.0307585,0.0336808,0.0367946,0.0411486,0.0454072,0.0560124,0.0654455
616.354,0.0404519,0.0399516,0.0391389,0.0390928,0.0351198,0.0349355,0.0345779,0.0339749,0.0299573,0.0314441,0.030052,0.0294927,0.0310482,0.0345221,0.0356893,0.0405254,0.0456675,0.0552617,0.0652554
616.788,0.0387844,0.0412759,0.0387484,0.0384387,0.0380874,0.0355003,0.0351578,0.032442,0.0316201,0.0316814,0.0307812,0.0307948,0.0303968,0.0330027,0.0361652,0.0404305,0.0486646,0.0556959,0.0649867
617.222,0.0383376,0.0398226,0.0385925,0.0387122,0.0355751,0.0348309,0.0321393,0.031857,0.0304953,0.0288236,0.029609,0.0286505,0.0303507,0.0312866,0.0369391,0.0402303,0.0460385,0.0546052,0.0658586
617.655,0.0390031,0.0409358,0.0378488,0.0370992,0.0363417,0.0367969,0.0338721,0.0338306,0.0312317,0.0305724,0.0287211,0.03015,0.0299149,0.0321355,0.0356006,0.0391159,0.046122,0.0556887,0.0654761
618.089,0.0401641,0.0407236,0.0400642,0.0375231,0.0352409,0.0344544,0.032795,0.0334019,0.0317941,0.0303292,0.0298394,0.03018,0.0328329,0.0332945,0.0367029,0.0392247,0.0476605,0.0558597,0.0645355
618.522,0.0402631,0.0395644,0.0387488,0.0380004,0.0361384,0.0342948,0.0336008,0.0322492,0.0304007,0.0293019,0.0302367,0.0291283,0.0311801,0.0328095,0.0364533,0.0401445,0.0473328,0.0566897,0.0659956
618.956,0.0405741,0.0382785,0.0402271,0.0384807,0.0362901,0.0334646,0.0337673,0.0338539,0.029286,0.0300489,0.0297217,0.0298699,0.031485,0.032556,0.0365357,0.0418718,0.0470265,0.0548152,0.0637942
619.389,0.0411977,0.0392968,0.0393254,0.0387552,0.0374484,0.0341563,0.0325159,0.0330905,0.0303851,0.0293167,0.0309138,0.0303433,0.0315277,0.0337937,0.0355952,0.0410305,0.0459606,0.0541152,0.0672774
619.822,0.0386028,0.0396496,0.0390088,0.0385531,0.0367818,0.0345796,0.032916,0.0316464,0.0314356,0.0304704,0.0304832,0.0292235,0.0300661,0.0346202,0.036947,0.0427867,0.0471952,0.0585592,0.0649576
620.255,0.039987,0.0396741,0.0389148,0.0378414,0.0348918,0.0340546,0.0317425,0.0311689,0.0316113,0.0307744,0.0299905,0.0297195,0.0304524,0.034098,0.035432,0.0389919,0.0489567,0.0559093,0.0648398
620.688,0.038841,0.0400153,0.0396058,0.0385288,0.0354984,0.0355139,0.0347282,0.0316142,0.0307229,0.0289484,0.0297254,0.0287831,0.0315806,0.0322155,0.0362346,0.0391395,0.0474063,0.0583287,0.0654617
621.12,0.0397815,0.0418148,0.0391072,0.0383217,0.0365261,0.0356734,0.0342344,0.0331122,0.0310855,0.0331222,0.0312712,0.0305952,0.0310474,0.0341328,0.0356776,0.0416973,0.0479532,0.0543969,0.0688904
621.553,0.0418026,0.0386358,0.0400621,0.0390467,0.0364868,0.0352521,0.0330896,0.0334626,0.0327228,0.0311328,0.0302371,0.0309273,0.0316993,0.0334332,0.0360676,0.0418335,0.0471059,0.053259,0.0643438
621.985,0.0404884,0.0401113,0.0391067,0.0374033,0.0374802,0.0341693,0.0340266,0.0329911,0.0310462,0.0311639,0.0306317,0.031756,0.032717,0.0334741,0.0369652,0.0429644,0.0469886,0.0567977,0.064552
622.418,0.0408571,0.040075,0.0393341,0.0390495,0.0359221,0.0368318,0.0337854,0.0340762,0.0324037,0.0299981,0.0298373,0.0309822,0.0320842,0.0326369,0.0369813,0.0415792,0.0455041,0.0566076,0.0664641
622.85,0.0401881,0.0398666,0.0400823,0.0388429,0.0371584,0.0343924,0.0342656,0.0334378,0.0326077,0.0328368,0.03023,0.0308919,0.0311811,0.0341604,0.036866,0.0401165,0.0478038,0.0565726,0.0661131
623.282,0.0388839,0.0398414,0.0395575,0.0383476,0.0370648,0.0359549,0.0330287,0.031889,0.031371,0.0298888,0.0296169,0.0311634,0.0302386,0.0325015,0.035877,0.0385939,0.0476946,0.0551555,0.066061
623.714,0.0413867,0.0393032,0.038692,0.0378123,0.0361802,0.0345679,0.0349226,0.0317412,0.0320867,0.0311646,0.0312623,0.0297717,0.0320556,0.0342269,0.0348623,0.0393219,0.0479152,0.0563175,0.0658195
624.146,0.0400807,0.0388941,0.0379924,0.0359422,0.0355057,0.0339489,0.0338829,0.0302101,0.0291967,0.028257,0.0291122,0.0284734,0.0298068,0.0329272,0.0361928,0.0389331,0.0473355,0.0525465,0.0637787
624.577,0.0399451,0.039704,0.039911,0.0359773,0.0359841,0.0328635,0.0327395,0.0312153,0.0311263,0.028686,0.0290908,0.0288329,0.0303591,0.0313338,0.0348038,0.0396841,0.0455026,0.0552537,0.0640665
625.009,0.0386644,0.0392797,0.0403809,0.038635,0.0366557,0.0359198,0.0353496,0.031756,0.0305984,0.0308173,0.0300173,0.0302207,0.0308311,0.0320685,0.0350485,0.0398766,0.0468571,0.0546316,0.0650997
625.441,0.0390771,0.0379646,0.0368664,0.0375765,0.0352582,0.0333284,0.0322604,0.0316395,0.0300627,0.0283579,0.0290992,0.0283568,0.0292484,0.0290813,0.0347539,0.0399642,0.0456935,0.0533411,0.064346
625.872,0.0393176,0.042555,0.0398045,0.0383449,0.0348776,0.0357841,0.0326784,0.0333061,0.0316045,0.0308883,0.0301545,0.031174,0.0318583,0.0334145,0.0362656,0.0397475,0.0469949,0.0561364,0.0662699
626.303,0.0397333,0.0391294,0.0369048,0.0358276,0.0349942,0.0350805,0.0334673,0.032426,0.028656,0.0314858,0.0277319,0.0305977,0.0304759,0.0325749,0.0371274,0.0412517,0.0477108,0.0547441,0.0644692
626.734,0.0418115,0.0419695,0.0407364,0.0399615,0.0375712,0.036233,0.036067,0.0317425,0.0325776,0.0327149,0.0329974,0.0316935,0.032161,0.0350938,0.0359589,0.0410593,0.0470261,0.0576639,0.0668676
627.165,0.0412331,0.0397088,0.0368992,0.036364,0.0361831,0.0355244,0.0340668,0.0323003,0.0308464,0.0303424,0.0295892,0.0300727,0.0300709,0.0313806,0.0359776,0.0391812,0.0459651,0.0539756,0.0653547
627.596,0.0403166,0.0408532,0.0412591,0.0407948,0.0381721,0.0368742,0.0358993,0.0329333,0.0319236,0.0305168,0.0319252,0.0321868,0.0315832,0.0324523,0.0374684,0.0404417,0.0489658,0.0557233,0.0655032
628.027,0.0396885,0.0400212,0.03961,0.0376514,0.037278,0.0343854,0.0335229,0.0326408,0.0294608,0.0293399,0.0289,0.0295181,0.0305269,0.0319321,0.0338912,0.0396633,0.0458178,0.0551014,0.0641932
628.458,0.0393581,0.0412608,0.0390411,0.0386315,0.0376963,0.0358039,0.0337702,0.0320144,0.0314185,0.0301509,0.0295982,0.0290761,0.0315681,0.0329752,0.0369622,0.0410081,0.0482521,0.0576865,0.065646
628.888,0.0392683,0.0395747,0.0393782,0.0368318,0.0380213,0.0340411,0.0341024,0.0326429,0.0315031,0.0323373,0.0296475,0.031894,0.0315395,0.0332281,0.0360294,0.0416987,0.0482266,0.0541275,0.0660412
629.319,0.0399745,0.0409691,0.0391652,0.0379169,0.0366778,0.0348026,0.0334813,0.0305663,0.0319422,0.0308587,0.0290001,0.0285013,0.0307729,0.0328845,0.0358901,0.0406747,0.0469406,0.0552055,0.0656533
629.749,0.0385079,0.0396307,0.0389154,0.0376433,0.0368692,0.0362298,0.0333244,0.0337177,0.0318274,0.0305023,0.0294889,0.0293802,0.0326479,0.0318447,0.0356794,0.0388877,0.045927,0.0552875,0.064642
630.179,0.0399505,0.0402488,0.0382621,0.0378975,0.0371758,0.0335665,0.0319284,0.0311556,0.0297244,0.0290361,0.0294711,0.0304306,0.0312721,0.0337309,0.0359575,0.039768,0.0459339,0.0557574,0.0669943
630.609,0.0422213,0.0396703,0.0374155,0.0383395,0.0363422,0.033723,0.0336872,0.0341519,0.0302291,0.0307895,0.0297375,0.0304343,0.0299883,0.0316976,0.0365571,0.0400432,0.0457276,0.0538574,0.0655106
631.039,0.0392164,0.0401572,0.0392871,0.0375422,0.0370156,0.0356656,0.0329436,0.0334481,0.0315233,0.0300265,0.029804,0.0302526,0.0318285,0.0340911,0.0351901,0.0389224,0.0475043,0.0549834,0.0641941
631.469,0.0403649,0.0420485,0.0372847,0.0378575,0.0363741,0.0351487,0.0330668,0.0326483,0.0306984,0.0316854,0.0289803,0.029182,0.0309715,0.0322298,0.0349607,0.041665,0.0486755,0.055196,0.0660013
631.899,0.0399624,0.0403928,0.0373402,0.0370793,0.0361486,0.0326109,0.0324113,0.0310792,0.031488,0.0293033,0.0304916,0.0300424,0.0311151,0.0329362,0.0367134,0.0419068,0.0481227,0.0563832,0.0641287
632.328,0.041427,0.0382659,0.0388169,0.0378744,0.0368622,0.0340282,0.0331873,0.0305469,0.0328681,0.0301396,0.0278442,0.0294081,0.0303101,0.031018,0.0358073,0.040457,0.0476431,0.0546959,0.0654169
632.758,0.0397557,0.0387986,0.0371595,0.0360684,0.0347831,0.0345178,0.0321647,0.0312668,0.0298254,0.0279721,0.028118,0.0297177,0.0297163,0.031995,0.0351031,0.0391495,0.0449002,0.0530617,0.0654302
633.187,0.0407481,0.0393023,0.0391529,0.0378203,0.0363822,0.0363719,0.0335023,0.0334873,0.0310704,0.0308337,0.0293756,0.032906,0.0339268,0.0328088,0.035887,0.0417663,0.0480036,0.0558902,0.0635442
633.616,0.042014,0.0392933,0.0393971,0.0390384,0.03836,0.0356802,0.0337891,0.0326995,0.0315014,0.0313079,0.0324083,0.0302003,0.032295,0.0329185,0.0368914,0.0422627,0.0474675,0.0563635,0.0662262
634.046,0.0397489,0.0402646,0.0380651,0.0393449,0.0353261,0.0349633,0.0314077,0.0306154,0.0304771,0.0295609,0.0279527,0.0297059,0.0308958,0.0321029,0.0358441,0.038976,0.0470326,0.0551985,0.065104
634.475,0.0403186,0.0382791,0.0403316,0.0385633,0.0360867,0.0359553,0.0328353,0.0326449,0.0320672,0.0303114,0.0296351,0.0305698,0.0305616,0.0315963,0.0370509,0.0401995,0.0471738,0.0572081,0.065456
634.903,0.0405305,0.0380819,0.0385093,0.037892,0.035666,0.0344324,0.0346153,0.0330081,0.0316957,0.0318104,0.0290883,0.0291583,0.030332,0.0332458,0.0364038,0.0407857,0.0464895,0.0546805,0.0658091
635.332,0.039853,0.0404153,0.0395149,0.0376455,0.0368639,0.0352031,0.0330007,0.0305333,0.0325975,0.0299231,0.0291329,0.0298874,0.0324536,0.033564,0.0366609,0.0393944,0.0468567,0.0573995,0.0661451
635.761,0.042329,0.0386965,0.0408623,0.0375761,0.0361035,0.0353747,0.0348212,0.0342195,0.0326405,0.0315805,0.0300311,0.0305822,0.031961,0.0346624,0.0373921,0.0398472,0.046982,0.0579295,0.0672943
636.189,0.04016,0.0406279,0.0388101,0.0349191,0.0382422,0.0333567,0.0313455,0.0316736,0.0318127,0.0291313,0.0300933,0.0292569,0.0304725,0.0326642,0.0358238,0.0385077,0.0455316,0.0547254,0.0634823
636.618,0.0402864,0.040363,0.0395461,0.0380403,0.0359581,0.0375978,0.0328702,0.0326302,0.0326744,0.0327683,0.0309937,0.0298454,0.0313489,0.0342579,0.0365587,0.0399567,0.0458145,0.0565627,0.066841
637.046,0.0429592,0.0401046,0.0404889,0.0372041,0.0364522,0.0370422,0.0347622,0.0325258,0.0318882,0.03061,0.0301172,0.0302495,0.0330212,0.0326025,0.0364321,0.0424265,0.0473474,0.0561792,0.0679447
637.474,0.0403391,0.0410145,0.0396808,0.0370557,0.0372746,0.0347926,0.0344796,0.0321399,0.031294,0.0309617,0.030344,0.0295358,0.0313181,0.0321519,0.036,0.0399978,0.0467804,0.0563445,0.0636462
637.902,0.0380801,0.0394824,0.0388298,0.0388247,0.0372782,0.0353966,0.0339742,0.031735,0.0298286,0.028103,0.0286873,0.0296683,0.0320429,0.0336001,0.036268,0.042059,0.0465192,0.0546174,0.065443
638.33,0.0387073,0.0394024,0.0382964,0.04034,0.0362758,0.0356465,0.0340948,0.0335216,0.0317448,0.0316265,0.0285686,0.0292851,0.0311537,0.0327469,0.037598,0.0403431,0.0473819,0.0562899,0.0657133
638.758,0.0401042,0.0395695,0.0403041,0.0385235,0.0363177,0.034677,0.0355615,0.0329423,0.0312592,0.0304104,0.0313822,0.0307391,0.0320398,0.0341225,0.0354444,0.0394802,0.0472348,0.0579044,0.0667516
639.186,0.0402476,0.039216,0.0370396,0.0377311,0.0367167,0.0356028,0.0321071,0.0312923,0.031799,0.0294945,0.0287139,0.0292707,0.0321557,0.032344,0.0346877,0.0395709,0.046693,0.0554379,0.0667709
639.613,0.0399415,0.0408776,0.0375077,0.0387801,0.0368811,0.0371235,0.0340816,0.0322933,0.0317515,0.0326671,0.0311829,0.0301261,0.0325051,0.0334136,0.0366594,0.041542,0.0469731,0.0560674,0.0648678
640.041,0.0386001,0.0398325,0.0365217,0.0376848,0.0350514,0.032818,0.0317975,0.0313226,0.0292459,0.0311635,0.0295821,0.0303852,0.0306579,0.0322238,0.0355012,0.0390029,0.0456149,0.0555033,0.0664617
640.468,0.0402154,0.040783,0.0393133,0.0391489,0.0377755,0.0373468,0.0325761,0.0339922,0.0325586,0.0304878,0.030314,0.0311503,0.0327641,0.0341227,0.0373023,0.0404651,0.0479752,0.0566713,0.0644226
640.895,0.0372819,0.0410136,0.0381619,0.0376529,0.0364465,0.0342395,0.0317235,0.0326952,0.0315037,0.0317875,0.0294291,0.0297475,0.0307529,0.032504,0.034782,0.0410015,0.0462708,0.0564923,0.0631969
641.322,0.0394522,0.0406068,0.0394491,0.0386316,0.0382176,0.0359264,0.0345606,0.0343156,0.0329212,0.0318525,0.0316678,0.0321421,0.0321662,0.0344912,0.037335,0.0401525,0.0482768,0.0587992,0.0660649
641.749,0.0385133,0.0401629,0.0391702,0.0387535,0.038059,0.0359003,0.0334447,0.0334983,0.0327616,0.0318096,0.0315874,0.0290555,0.0308202,0.0331287,0.0358348,0.039549,0.0485691,0.0544205,0.0663955
642.176,0.039792,0.0411367,0.0396731,0.0383039,0.0384326,0.0359442,0.033566,0.0338648,0.0322114,0.0320862,0.0294256,0.0308914,0.031357,0.0331467,0.036728,0.0390191,0.0488735,0.0534622,0.065063
642.603,0.0386217,0.0398514,0.0376748,0.0353636,0.0338665,0.0341632,0.0327438,0.0329832,0.0308713,0.029914,0.0297415,0.0277842,0.0303709,0.0306863,0.0353942,0.0395562,0.0450928,0.0549619,0.0659988
643.029,0.0409806,0.0390026,0.0406512,0.0371023,0.0364537,0.0352617,0.0326771,0.0346622,0.0323171,0.0325174,0.0305131,0.0294517,0.031113,0.032574,0.0336913,0.0442999,0.0488318,0.0567352,0.0661789
643.456,0.0406996,0.0392385,0.0387483,0.0373375,0.0362899,0.0348251,0.033121,0.032905,0.0314983,0.0305346,0.0289006,0.030489,0.02997,0.0329408,0.0356968,0.0411074,0.0458945,0.0547459,0.0658167
643.882,0.0415032,0.0404613,0.0422373,0.0386687,0.037351,0.0359215,0.0350845,0.0311491,0.0330255,0.0307637,0.0298335,0.0323439,0.032817,0.0327277,0.0358802,0.0413949,0.048445,0.0553909,0.0673546
644.308,0.0396288,0.0398921,0.0393416,0.0372301,0.0369293,0.0356184,0.0353824,0.0317969,0.0312415,0.0300338,0.0296686,0.0294539,0.0311664,0.0330875,0.0356461,0.0408481,0.0458239,0.0560868,0.0654444
644.735,0.0379078,0.0395274,0.0398915,0.0393094,0.0368474,0.0334342,0.0335723,0.0307287,0.030718,0.0291898,0.0291184,0.0300814,0.0309587,0.033845,0.0355426,0.0416129,0.0464858,0.0546651,0.0666505
645.161,0.0384226,0.0401043,0.038887,0.0367526,0.0371058,0.0341117,0.0346401,0.0324127,0.0310204,0.0299688,0.0304087,0.0312758,0.0306826,0.0339886,0.0369697,0.0407199,0.0468602,0.0566544,0.0641626
645.586,0.0400296,0.041167,0.0391523,0.0390939,0.036078,0.0348611,0.034481,0.0327594,0.0345142,0.031563,0.0319675,0.0301985,0.0302824,0.0323264,0.0365079,0.0410793,0.0492748,0.0540568,0.066557
646.012,0.0395891,0.038502,0.0402677,0.0373295,0.0377472,0.0349637,0.034739,0.0319502,0.0331107,0.0310294,0.0305015,0.0285115,0.030823,0.0337407,0.0357597,0.0404577,0.0468605,0.0563127,0.0653955
646.438,0.0408142,0.0408044,0.038917,0.0390486,0.0384982,0.0363734,0.0344818,0.0336802,0.0333041,0.0323536,0.0299064,0.0298503,0.0328821,0.0332935,0.0359628,0.0411349,0.0474716,0.0556751,0.0660789
646.863,0.0385992,0.037432,0.0357027,0.0364677,0.0353223,0.035795,0.0320395,0.0317769,0.0300905,0.0284979,0.0297954,0.0280298,0.0303353,0.0326935,0.0345483,0.0372925,0.0455733,0.0536851,0.064503
647.289,0.038953,0.0391953,0.0401283,0.0362575,0.0357948,0.0336172,0.0320454,0.0316813,0.0302596,0.0291184,0.0297959,0.0303349,0.0306978,0.0314104,0.0357803,0.0397985,0.0463964,0.054433,0.0630905
647.714,0.0384941,0.0390577,0.0366262,0.0365613,0.035335,0.0346095,0.0325059,0.031024,0.0322246,0.0287884,0.0304826,0.0300292,0.0280514,0.0321642,0.0340904,0.0374519,0.0449907,0.0546046,0.063056
648.139,0.0378687,0.0384446,0.0364563,0.0362645,0.0357826,0.0335242,0.0319297,0.0320109,0.0299255,0.0296128,0.0290545,0.0296133,0.0299188,0.0315557,0.0353921,0.0393605,0.0446133,0.0522063,0.0637915
648.564,0.0378008,0.0377466,0.0367347,0.035828,0.0351632,0.0343266,0.0329049,0.0306543,0.0302115,0.030192,0.0287356,0.0307077,0.0283942,0.0319586,0.0364338,0.0405656,0.0469879,0.0545127,0.0647225
648.989,0.0420828,0.0404739,0.0387096,0.038946,0.0353507,0.0345848,0.0346856,0.032532,0.0316859,0.0318704,0.030818,0.0295754,0.0312467,0.0328867,0.0371546,0.0417791,0.0493448,0.0566125,0.0657087
649.414,0.0386276,0.0391635,0.0396887,0.0408374,0.0376948,0.0349954,0.0339994,0.0334148,0.0326285,0.0313142,0.0299259,0.0318376,0.0323711,0.0336496,0.0392661,0.0411421,0.0475515,0.0585498,0.0664255
649.839,0.037032,0.0398774,0.0366237,0.0372612,0.0341517,0.0351676,0.0339139,0.0313969,0.0289607,0.0298475,0.0302315,0.0285521,0.031194,0.0311354,0.0354468,0.0391252,0.0464718,0.0558063,0.0650931
650.263,0.0395842,0.0377468,0.038581,0.0384037,0.0349228,0.0350332,0.0328552,0.0311188,0.0293874,0.0290729,0.0296314,0.0296357,0.0302211,0.0323478,0.0332433,0.0405394,0.047237,0.0559886,0.0651736
650.688,0.039594,0.040311,0.0401364,0.038925,0.0371898,0.0352175,0.032752,0.0352982,0.0324778,0.0310799,0.0303967,0.0314156,0.0326387,0.0334898,0.0366468,0.040112,0.0465243,0.0556884,0.0684099
651.112,0.0383911,0.0371682,0.0385554,0.0367371,0.0378879,0.036054,0.0334658,0.0325323,0.0317509,0.0293237,0.0307594,0.0310482,0.0317432,0.0334349,0.0372374,0.0411106,0.0464275,0.055572,0.0662267
651.536,0.0380806,0.0385848,0.0387553,0.0401586,0.0369678,0.0356925,0.0346385,0.0315046,0.0314061,0.0310877,0.0303484,0.0299662,0.0309332,0.0331265,0.0368335,0.0391761,0.0469982,0.0544657,0.0660347
651.961,0.0392289,0.0398898,0.0388701,0.0369735,0.0363656,0.0360469,0.0336398,0.0331354,0.0323269,0.0309739,0.0296384,0.0324264,0.0309132,0.0318845,0.0362412,0.0387972,0.0464639,0.0559892,0.0652543
652.384,0.0387512,0.0391685,0.0367456,0.03711,0.0360211,0.0329963,0.0317152,0.0317335,0.0291667,0.0289029,0.028743,0.0305679,0.0288464,0.0318561,0.0359069,0.0402383,0.0485002,0.0557287,0.0667989
652.808,0.0418333,0.0397691,0.0394947,0.0395767,0.0378845,0.0364865,0.0353631,0.033395,0.0327334,0.0314112,0.0315965,0.03128,0.0313627,0.0333598,0.0363653,0.0426207,0.0482522,0.056698,0.0681339
653.232,0.0391263,0.0373396,0.0381006,0.0368351,0.0347937,0.033516,0.0320391,0.031842,0.0305521,0.0298474,0.0287033,0.0298552,0.0296838,0.0312696,0.0348777,0.03958,0.0470533,0.0547825,0.0627177
653.656,0.0398711,0.0404158,0.0377676,0.0370637,0.035256,0.0359489,0.034277,0.0323718,0.0303752,0.0316387,0.0313705,0.0296361,0.0306507,0.0320629,0.03661,0.0414914,0.0485838,0.0550297,0.0685477
654.079,0.0378895,0.0387348,0.0371642,0.036705,0.0334001,0.0340066,0.0309469,0.0313404,0.0309196,0.0293679,0.0293747,0.029829,0.0293863,0.0309788,0.0351718,0.0406704,0.0445233,0.0542751,0.0638352
654.503,0.0379633,0.0393624,0.0382913,0.0370535,0.03613,0.034917,0.0316297,0.0302461,0.0297719,0.0304312,0.0296191,0.0296252,0.0302051,0.0324124,0.0358942,0.0413127,0.0477876,0.0540501,0.0651494
654.926,0.0381723,0.0376565,0.0364848,0.0354209,0.034041,0.0339578,0.0319446,0.0327457,0.0307241,0.029513,0.0275282,0.0302832,0.0296504,0.0327358,0.0357695,0.0403035,0.0465252,0.0537503,0.065447
655.349,0.042487,0.0385126,0.0383273,0.0389746,0.0366261,0.0354955,0.0351675,0.034558,0.032779,0.0316892,0.0303056,0.0299868,0.0322176,0.0338055,0.0373908,0.041851,0.0488168,0.0556487,0.0676405
655.772,0.0414545,0.0390174,0.0383112,0.0380071,0.0356852,0.0337626,0.0319545,0.0326954,0.0312828,0.0306305,0.0299565,0.0297649,0.03088,0.0344464,0.0362873,0.0422633,0.04602,0.0557959,0.065447
656.195,0.0411046,0.0394354,0.0390198,0.0382279,0.0361038,0.0358443,0.0352986,0.0316206,0.0326282,0.0304587,0.0300669,0.0317865,0.0330087,0.0319422,0.0389011,0.0402455,0.0469398,0.0558801,0.0646156
656.618,0.0396555,0.039387,0.0388528,0.0376619,0.0346805,0.0351799,0.032858,0.0330356,0.0311416,0.0308389,0.0295878,0.0311489,0.0311875,0.0318369,0.0352902,0.0414121,0.0461756,0.0546872,0.0649132
657.04,0.0429204,0.0398505,0.0391985,0.0384287,0.0375932,0.0348906,0.0345983,0.0311485,0.0320708,0.030531,0.0301175,0.030953,0.0311982,0.0326851,0.0382717,0.0400494,0.0504377,0.0558668,0.0662057
657.463,0.0390854,0.0386568,0.0377433,0.0382956,0.0359932,0.034251,0.0332572,0.0304099,0.0310454,0.0315981,0.0288397,0.0290111,0.0318587,0.0321579,0.0351531,0.039856,0.0469543,0.0550945,0.0639926
657.885,0.038288,0.0395772,0.0382019,0.0387877,0.0356567,0.0343035,0.0327805,0.0304746,0.0313285,0.0297003,0.0298725,0.0297062,0.0291649,0.0333531,0.0338745,0.0401467,0.046196,0.0557824,0.0680638
658.308,0.0411438,0.0390695,0.0391427,0.03782,0.0373312,0.0350267,0.0338488,0.0321921,0.0312935,0.0303109,0.0309861,0.0297683,0.0316879,0.0339817,0.0344657,0.0402291,0.0469908,0.0567972,0.0648826
658.73,0.0393028,0.0387557,0.0376157,0.0352755,0.0348488,0.0344525,0.0308342,0.03215,0.0286199,0.0301166,0.0287592,0.0297123,0.0313157,0.033332,0.0353115,0.0393193,0.0468703,0.0548805,0.0651396
659.152,0.0399262,0.0390939,0.039444,0.0389078,0.0360464,0.0356146,0.0326153,0.0334289,0.0322265,0.03049,0.0297243,0.0288637,0.0306489,0.0330981,0.0352074,0.041244,0.0478687,0.0550266,0.06628
659.574,0.0389621,0.039845,0.0394263,0.0386049,0.0366869,0.035275,0.0343658,0.0342515,0.0316254,0.0297,0.0312693,0.0311499,0.0323774,0.0343618,0.0356108,0.0400025,0.0474295,0.0574006,0.0683424
659.996,0.0374577,0.0374311,0.0362606,0.0367263,0.0334823,0.0352391,0.0324619,0.0313598,0.0332742,0.0282519,0.0295719,0.0293528,0.0300881,0.0314197,0.0350677,0.0395825,0.049126,0.0550408,0.0635915
660.417,0.0387894,0.0400396,0.0394909,0.0374134,0.0360609,0.0360583,0.0348512,0.0330107,0.0309879,0.0299411,0.0296529,0.0298677,0.0306364,0.0329941,0.0354993,0.0381614,0.0474857,0.0566979,0.0657251
660.839,0.0397597,0.0392053,0.0398722,0.0384166,0.037654,0.0365402,0.0329925,0.0311208,0.0307421,0.0313775,0.0303186,0.0317381,0.0307584,0.0346483,0.0359515,0.0402196,0.0461146,0.0556406,0.0665826
661.26,0.0384422,0.0398679,0.0365306,0.03686,0.0342639,0.032637,0.0317633,0.0317147,0.030448,0.0291218,0.0282495,0.0290375,0.0302338,0.0311,0.0345377,0.0412517,0.0455014,0.0529693,0.0628544
661.682,0.0393683,0.03811,0.0377769,0.0378492,0.0357079,0.0341916,0.0328507,0.031857,0.0303296,0.0302095,0.0293779,0.0287525,0.0310805,0.0298089,0.0361142,0.0397977,0.0478093,0.0549887,0.064845
662.103,0.0402082,0.0399953,0.0396882,0.0370895,0.0355124,0.0350203,0.0330177,0.0333359,0.0313186,0.0305433,0.02929,0.0300991,0.0306938,0.0326764,0.0350244,0.0404584,0.0468189,0.0565295,0.065921
662.524,0.0398037,0.0391862,0.0397077,0.0372178,0.037493,0.0363703,0.0349307,0.0333329,0.031395,0.0309318,0.0298554,0.0304564,0.0310412,0.0325667,0.0372227,0.0397284,0.0473086,0.0549215,0.0682553
662.945,0.0390396,0.0397981,0.0390761,0.0395925,0.0372102,0.0337468,0.0336869,0.032352,0.0310588,0.0303376,0.0321472,0.0296933,0.031305,0.0329365,0.0354138,0.0414375,0.0485888,0.0568737,0.0670652
663.366,0.0379445,0.0378378,0.0382279,0.0360493,0.0355981,0.0324857,0.0332395,0.031792,0.030165,0.0285846,0.0283781,0.0284851,0.0311501,0.032687,0.0342476,0.040919,0.0467702,0.0525482,0.0630258
663.787,0.0392597,0.0396983,0.0364322,0.0367944,0.0374903,0.0346097,0.0326692,0.0314814,0.0321807,0.0287217,0.0299055,0.0288628,0.0305795,0.031322,0.0336665,0.0417078,0.0455733,0.0548069,0.0631852
664.207,0.0402851,0.0417363,0.0404408,0.0393635,0.0392521,0.0349902,0.033862,0.0338376,0.0316803,0.0308317,0.0292854,0.0309428,0.0310794,0.0325813,0.0370557,0.0424065,0.0464771,0.0543468,0.0665471
664.628,0.0387273,0.0374463,0.0380838,0.037892,0.036546,0.0348052,0.0328428,0.0330639,0.0307656,0.0304204,0.0300661,0.0302271,0.0318071,0.0326608,0.0345194,0.03808,0.0450158,0.0553434,0.0643508
665.048,0.0396232,0.0389587,0.037853,0.0370234,0.0333825,0.0331011,0.0329948,0.0315749,0.0304942,0.0284195,0.0288317,0.0273157,0.0318134,0.0307796,0.0351278,0.0393847,0.046531,0.0540236,0.0655091
665.468,0.040265,0.0405951,0.0379265,0.0389219,0.0358417,0.0343555,0.0340201,0.0312461,0.031002,0.0307225,0.0305247,0.028928,0.0316718,0.0318263,0.0359565,0.0401091,0.0481713,0.0552503,0.0666341
665.888,0.037723,0.038817,0.0376537,0.0364138,0.0363343,0.0354502,0.033616,0.0329084,0.0310479,0.0295583,0.0281005,0.028225,0.0315152,0.031607,0.0357117,0.0395778,0.0470992,0.0547064,0.065858
666.308,0.038781,0.0388257,0.0391021,0.037366,0.0355056,0.0358206,0.031931,0.0328446,0.0307912,0.0306125,0.0296454,0.0299935,0.0306325,0.0316824,0.0356628,0.040345,0.0452848,0.0559603,0.065632
666.728,0.0378657,0.0380378,0.0375097,0.0383336,0.036629,0.0331441,0.032358,0.0315698,0.03406,0.0310878,0.0296751,0.0300586,0.033306,0.0311708,0.0364142,0.0407317,0.0465157,0.0540966,0.0643467
667.148,0.0391697,0.0399474,0.0385963,0.0372129,0.0352104,0.0342899,0.0321017,0.0317484,0.0305139,0.0302021,0.0285305,0.0305033,0.03133,0.0318576,0.0352422,0.0390221,0.0459969,0.0558393,0.0640849
667.568,0.0369344,0.0388182,0.0368877,0.0369861,0.0365801,0.0340088,0.0312244,0.0331264,0.028876,0.0315202,0.0281214,0.0279907,0.0296305,0.0308748,0.0340617,0.0410982,0.0470535,0.0554771,0.063484
667.987,0.0407403,0.0386393,0.0376852,0.0405135,0.0365715,0.0351671,0.0337413,0.0318077,0.0312592,0.0303143,0.0306324,0.0308005,0.0304643,0.032038,0.03709,0.0403617,0.0474173,0.0549082,0.0661439
668.407,0.0413315,0.0404362,0.0412503,0.0391562,0.0372515,0.0359068,0.034515,0.0336056,0.032907,0.0301772,0.0305918,0.0326101,0.0326943,0.0332139,0.0374835,0.041474,0.0490453,0.0560397,0.0672083
668.826,0.0412389,0.0410865,0.0413073,0.0390813,0.0393895,0.036521,0.0347047,0.0348968,0.0330958,0.0323586,0.0314389,0.0314123,0.0329696,0.0360186,0.040724,0.0411136,0.0476598,0.0584304,0.0666892
669.245,0.0388562,0.0385537,0.0391926,0.0371771,0.0364448,0.0333056,0.0336453,0.0315876,0.0297725,0.0297003,0.0306201,0.0303876,0.0319831,0.0345939,0.0371406,0.0403911,0.0464512,0.0578059,0.067414
669.664,0.0389167,0.0381064,0.0378637,0.0376277,0.0349874,0.0338514,0.035027,0.0326976,0.0298319,0.0288315,0.0267978,0.0278803,0.0298842,0.0309886,0.036162,0.0382065,0.047754,0.0529752,0.0625068
670.083,0.0400417,0.0417564,0.0407047,0.040761,0.0373363,0.0369304,0.0341644,0.0317966,0.0313889,0.0300033,0.0292281,0.0319138,0.0324686,0.0327914,0.0367616,0.0410997,0.0468471,0.0574483,0.0675328
670.502,0.0400866,0.0411608,0.0397431,0.0364541,0.0347317,0.0359469,0.0345856,0.03323,0.0305035,0.031287,0.0299415,0.0311434,0.0318912,0.0330395,0.0373754,0.0411687,0.0479507,0.0557216,0.0656192
670.921,0.0405069,0.0406369,0.0399369,0.03883,0.0332623,0.0358437,0.0349577,0.0345419,0.0304728,0.0294647,0.0289918,0.0307409,0.0297506,0.0342341,0.0360185,0.0434901,0.0484835,0.0561872,0.0650583
671.339,0.037447,0.0376392,0.0375004,0.0377248,0.0328122,0.0307015,0.0333947,0.0310907,0.0294585,0.0277951,0.026905,0.0293451,0.0286623,0.0309024,0.0346318,0.0392278,0.0447641,0.053104,0.0631405
671.758,0.0399768,0.0396942,0.0388414,0.0379251,0.0380459,0.0347997,0.033318,0.0353372,0.031328,0.0318566,0.0305739,0.0316682,0.0331666,0.035916,0.0357437,0.041107,0.0470026,0.0592023,0.0685298
672.176,0.0383366,0.0399502,0.0373933,0.0369281,0.034613,0.0344402,0.0327722,0.0296892,0.0309003,0.0292044,0.0269877,0.0298238,0.0309451,0.0315953,0.0340913,0.040411,0.047552,0.0559498,0.0648731
672.594,0.0406576,0.0400968,0.037511,0.038544,0.0371365,0.0370008,0.0335026,0.0330473,0.0320162,0.0297691,0.0306836,0.030581,0.0331686,0.0341339,0.0372703,0.0429845,0.049796,0.0590075,0.0664975
673.012,0.0373965,0.0389271,0.0381286,0.0374946,0.0356868,0.0350291,0.0336341,0.0298057,0.0325545,0.0298416,0.0320796,0.0293912,0.031668,0.033398,0.0343107,0.0385516,0.0474836,0.0543074,0.0666032
673.43,0.039651,0.0407023,0.0395912,0.0363292,0.0392505,0.0341979,0.0323857,0.0329643,0.0341847,0.032986,0.0303942,0.0302673,0.0309482,0.0338316,0.035379,0.0422755,0.0481493,0.0561735,0.067688
673.848,0.0405689,0.0400999,0.0387517,0.0370378,0.0359128,0.0344705,0.0338637,0.033266,0.0291454,0.0302346,0.0299288,0.0300616,0.0314233,0.0337028,0.0365652,0.040477,0.0474377,0.0552456,0.0670779
674.266,0.0383417,0.0403345,0.040003,0.0389838,0.0388604,0.0359389,0.0341132,0.0323603,0.0334007,0.0302987,0.0288463,0.0308752,0.0317706,0.0337504,0.0368257,0.0408244,0.0465649,0.0560179,0.0666105
674.684,0.0391309,0.0397887,0.0379239,0.0382532,0.0359485,0.0337198,0.0331515,0.0317368,0.0304522,0.0303055,0.0282193,0.0304434,0.0305178,0.0316406,0.0361983,0.0405503,0.0471154,0.0547331,0.0638654
675.101,0.0394062,0.0412793,0.0396493,0.0395609,0.0379139,0.0363631,0.0342709,0.0330817,0.0325765,0.0306121,0.0291548,0.0317636,0.0307433,0.0340052,0.0377902,0.0430464,0.0484533,0.0573867,0.0684938
675.519,0.0401943,0.040999,0.0407006,0.0373736,0.035946,0.0350142,0.0346407,0.0330767,0.0315083,0.032028,0.0297903,0.0301973,0.0313919,0.0334956,0.0372648,0.0416306,0.0493562,0.0571212,0.0678932
675.936,0.0413458,0.040815,0.0401793,0.0373674,0.0388662,0.0365627,0.0370421,0.0345942,0.0332103,0.0314833,0.0320285,0.0333203,0.0315908,0.0351663,0.036827,0.042148,0.047548,0.0571485,0.0677222
676.353,0.0428744,0.0411327,0.0378115,0.0380424,0.0366348,0.0372309,0.0346021,0.0335897,0.032199,0.030964,0.0298065,0.0320843,0.0305908,0.0339568,0.0357178,0.0401607,0.0476099,0.0541301,0.0689813
676.77,0.0407535,0.0395642,0.0394189,0.0363274,0.0356155,0.0353483,0.0337433,0.0318161,0.0326912,0.031759,0.0299232,0.0284534,0.0318646,0.0321857,0.0370709,0.0410584,0.04827,0.0566768,0.064777
677.187,0.0374677,0.0400869,0.0354553,0.0371531,0.0354628,0.0341204,0.0348121,0.0299218,0.0298094,0.0275639,0.0306291,0.0291197,0.0311442,0.0323554,0.0351128,0.0389169,0.0491598,0.0541511,0.0661808
677.604,0.0374953,0.0398976,0.0371766,0.0362534,0.0355622,0.0342394,0.0315538,0.0305569,0.0295242,0.0296044,0.0297876,0.0295171,0.0288379,0.0305886,0.0341409,0.0404377,0.0475406,0.0556238,0.0664684
678.02,0.0409913,0.0396226,0.0373794,0.0368543,0.0358757,0.0347662,0.033675,0.0329117,0.0320793,0.0305486,0.030099,0.0302186,0.0317197,0.0331183,0.0371063,0.0389372,0.0467325,0.0551105,0.0680381
678.437,0.0391332,0.039054,0.0386772,0.0411857,0.03627,0.0360755,0.0327943,0.0341157,0.031755,0.0289234,0.0302862,0.028885,0.0311064,0.0339204,0.0355957,0.0378464,0.0450336,0.0532604,0.0681849
678.853,0.0411748,0.0406987,0.0382091,0.0378846,0.0385592,0.0355308,0.0352056,0.0325122,0.0319247,0.0310978,0.03075,0.0314818,0.0309309,0.0346171,0.0366807,0.0434714,0.0484101,0.0577537,0.0702303
679.27,0.0391072,0.0400063,0.037583,0.0391313,0.0373486,0.0336958,0.0308579,0.0313127,0.0309985,0.0306287,0.0289227,0.0294383,0.030624,0.03285,0.0378451,0.0391105,0.0479626,0.054653,0.0666378
679.686,0.038059,0.0386052,0.0381632,0.0369095,0.0364042,0.0328161,0.0331996,0.0313333,0.0315397,0.0295,0.0307181,0.0287762,0.0300328,0.0334987,0.0361988,0.0397192,0.0464199,0.055175,0.0662095
680.102,0.0394152,0.040013,0.0385619,0.0360047,0.0352063,0.035724,0.0358294,0.0310232,0.0313868,0.0287237,0.0298403,0.0308767,0.0318985,0.0335475,0.0357432,0.0409637,0.0482263,0.0570637,0.0663773
680.518,0.0380464,0.0361339,0.0367706,0.0366522,0.0357788,0.033526,0.0325333,0.0309538,0.0312459,0.0286392,0.0279409,0.0298343,0.0289284,0.0318366,0.0356435,0.0379249,0.0482638,0.0551738,0.0686942
680.933,0.0407168,0.0392712,0.0413102,0.0368692,0.0367023,0.0361837,0.0335938,0.0325294,0.0312739,0.0301966,0.0321564,0.0294674,0.0318733,0.0345231,0.0369351,0.0390276,0.0470645,0.0558448,0.0684919
681.349,0.0398005,0.0406727,0.0388854,0.0354511,0.0375971,0.0369698,0.033449,0.0298342,0.0287375,0.0283674,0.029707,0.0316205,0.0307044,0.0319255,0.0352891,0.03811,0.0467923,0.0545284,0.066155
681.765,0.0384478,0.0396161,0.0381387,0.0377516,0.0363531,0.0352703,0.0337236,0.0331182,0.031267,0.0307159,0.0299858,0.0294609,0.0314354,0.0326047,0.0359783,0.0432378,0.0473671,0.0570101,0.0672185
682.18,0.0382217,0.0384958,0.0385424,0.0373209,0.0354529,0.0323508,0.0322711,0.0304201,0.0310925,0.0287869,0.0282853,0.0302239,0.0305979,0.0319538,0.0347788,0.0392356,0.0452426,0.0547117,0.0647674
682.596,0.0384421,0.0399685,0.0368371,0.0378183,0.0352848,0.0343828,0.0338322,0.0311912,0.0322366,0.0302353,0.0282376,0.0297858,0.0295105,0.0327248,0.0341343,0.0416058,0.0478545,0.0554077,0.0665427
683.011,0.038202,0.0401859,0.038747,0.0344233,0.0362048,0.0334485,0.0312544,0.0320321,0.0296126,0.0286497,0.0272231,0.0286714,0.0313182,0.0309021,0.0341019,0.036705,0.0466407,0.0571434,0.0658044
683.426,0.0401642,0.0408891,0.0392317,0.0374426,0.0381811,0.036834,0.0340074,0.0322196,0.0319148,0.0298867,0.030263,0.0320707,0.0302585,0.0342578,0.0353026,0.0410117,0.0478701,0.0577296,0.0675364
683.841,0.0404967,0.0413072,0.0380855,0.0382166,0.0351604,0.0339714,0.0356435,0.0313844,0.0311274,0.0313724,0.031639,0.0318911,0.0324318,0.032703,0.0362248,0.041957,0.0480944,0.056279,0.0663654
684.256,0.0361966,0.0387136,0.0368779,0.0376379,0.0346977,0.033186,0.0316469,0.0307658,0.0284475,0.0294274,0.0298389,0.0296914,0.031145,0.0326852,0.0366576,0.0408912,0.0454314,0.0550716,0.0660862
684.67,0.0392888,0.0412976,0.039386,0.0373113,0.0351454,0.0324409,0.0328418,0.0328171,0.0325917,0.0305936,0.0295763,0.0301334,0.0304539,0.0325063,0.0366634,0.042128,0.0479723,0.0569496,0.0657277
685.085,0.0396252,0.0392243,0.0393393,0.0363977,0.0385865,0.0357951,0.0331673,0.0311333,0.0312604,0.0289127,0.0291458,0.0306448,0.0305399,0.0332518,0.0363411,0.0407264,0.0487997,0.0554784,0.0667342
685.499,0.0421366,0.0398411,0.0414551,0.0374766,0.0362575,0.034935,0.0361418,0.0330637,0.0309842,0.0309475,0.0285272,0.0298621,0.0317169,0.0337117,0.037472,0.0413772,0.0494541,0.055967,0.0675467
685.914,0.0380411,0.0381581,0.0365883,0.0351688,0.032262,0.0342693,0.0312937,0.0326486,0.0284726,0.0275624,0.0286448,0.0291046,0.0293264,0.0308519,0.034706,0.0384595,0.045587,0.0533869,0.0622597
686.328,0.0372538,0.0392092,0.0386244,0.0367104,0.0365929,0.035968,0.0312312,0.0323316,0.0306629,0.0293527,0.0294811,0.0286105,0.0300118,0.0340908,0.0365487,0.0422521,0.0440518,0.0552098,0.0645724
686.742,0.0378975,0.0393089,0.0368433,0.0371631,0.0370008,0.0323317,0.0324278,0.0323626,0.0295601,0.0283799,0.0283227,0.0290673,0.031559,0.0310784,0.0355847,0.0397771,0.0467739,0.0548851,0.0668025
687.156,0.0396255,0.0408404,0.0399772,0.0379253,0.037139,0.0354324,0.0345954,0.0336531,0.0324813,0.0321924,0.030274,0.0302691,0.0303931,0.0334525,0.0373059,0.042308,0.0469402,0.0582355,0.0667655
687.57,0.0377231,0.0358917,0.0367893,0.0370576,0.0335522,0.0346754,0.0315217,0.0304182,0.0288414,0.0265934,0.0258294,0.0284864,0.0267855,0.0307317,0.0353894,0.0389352,0.0446895,0.0548888,0.0638815
687.984,0.0399532,0.0391243,0.0372213,0.0391692,0.0354289,0.0337545,0.0334932,0.0311577,0.029916,0.0310318,0.031454,0.0285162,0.0311348,0.0333396,0.0361007,0.0403774,0.0463511,0.0566337,0.0647341
688.398,0.0399401,0.0389917,0.0380766,0.0376049,0.0367194,0.0350254,0.0325577,0.031813,0.0302393,0.0302284,0.0296839,0.0301785,0.0297655,0.0338816,0.0355507,0.0431167,0.0465679,0.0574965,0.0681479
688.811,0.0395317,0.0395946,0.0396238,0.0378066,0.0357225,0.0358271,0.033647,0.0333153,0.0335595,0.0305056,0.0291788,0.0308586,0.0303456,0.0311599,0.03461,0.0402773,0.0471587,0.0549073,0.0664763
689.224,0.0378415,0.0381717,0.039892,0.0395109,0.0390849,0.0358475,0.0349659,0.0347329,0.0325563,0.0303837,0.0290464,0.0313038,0.0310268,0.0338515,0.0352858,0.0418556,0.0487523,0.0576356,0.0673009
689.638,0.0377485,0.0374448,0.0388779,0.0370328,0.0353307,0.0353958,0.0309984,0.0310274,0.0297434,0.0321737,0.0295233,0.0285543,0.029425,0.0312841,0.0368365,0.0393947,0.0466628,0.0549062,0.0666852
690.051,0.0397119,0.0394699,0.0396434,0.038682,0.0363867,0.0340627,0.0346336,0.0319069,0.0317922,0.0301023,0.0327103,0.0290853,0.0318298,0.0324326,0.0355986,0.042242,0.0490998,0.0555209,0.0682986
690.464,0.0374993,0.0368079,0.0378364,0.0368853,0.0345584,0.0338191,0.0341529,0.0296,0.0293786,0.0295189,0.0297583,0.0287029,0.0310833,0.0307655,0.0350932,0.0415909,0.0463963,0.0541015,0.0674993
690.877,0.0428939,0.0429464,0.0391495,0.0379827,0.0391385,0.0355311,0.0351739,0.0332844,0.0329506,0.0293469,0.0299018,0.0323278,0.0328858,0.0338656,0.0396082,0.0441212,0.0497569,0.0561419,0.0681205
691.29,0.0398567,0.0397905,0.0390787,0.0365336,0.0351209,0.0335929,0.0340031,0.0307896,0.0320247,0.0303213,0.0309063,0.0307383,0.0345311,0.03264,0.0378562,0.0413195,0.0486978,0.0565501,0.0653817
691.702,0.0393309,0.0375831,0.0392811,0.0383413,0.0345244,0.0322308,0.032727,0.0323165,0.029713,0.0281881,0.0281566,0.030693,0.0293204,0.0316764,0.0344478,0.0396853,0.0459612,0.0551785,0.0660843
692.115,0.0380403,0.0375006,0.0371189,0.0364243,0.0338044,0.0343939,0.0322323,0.0325965,0.0292312,0.0299949,0.0303791,0.0290694,0.0302431,0.0335939,0.0347528,0.0417971,0.0455784,0.0554548,0.0659294
692.527,0.039315,0.0401903,0.0369244,0.0377012,0.0353083,0.0349696,0.0334882,0.0331127,0.0325911,0.0304766,0.0292828,0.0297728,0.029601,0.034183,0.0362737,0.0418102,0.0469017,0.0555726,0.0650578
692.94,0.0425745,0.041003,0.0381768,0.0395798,0.0362227,0.034333,0.0339304,0.0326989,0.0329134,0.0307131,0.0311378,0.0303222,0.0324219,0.0350981,0.0365507,0.0410862,0.0503664,0.0548788,0.0687457
693.352,0.0385485,0.0397967,0.0391963,0.0380114,0.0373523,0.0349893,0.0326886,0.0322603,0.0320341,0.0311321,0.0287004,0.0305804,0.0318696,0.0318011,0.0352691,0.0404646,0.0473354,0.0560405,0.0666179
693.764,0.0386073,0.0403629,0.0372994,0.0368608,0.0359769,0.0311797,0.0323671,0.0326968,0.0298681,0.0282939,0.0286707,0.0313067,0.0297577,0.032635,0.0354795,0.0386751,0.0477753,0.0548293,0.0647911
694.176,0.0379641,0.0399167,0.0376944,0.0384501,0.0346278,0.0347708,0.0325329,0.0332599,0.0311137,0.0309749,0.0307361,0.0304974,0.0294979,0.0337763,0.0356005,0.0394785,0.0456243,0.0560699,0.0626608
694.588,0.0376862,0.0389564,0.0370708,0.0359629,0.037586,0.0359415,0.0323733,0.0310146,0.0288343,0.0300856,0.0297235,0.0276177,0.0307786,0.0323744,0.0352194,0.0403425,0.0453366,0.0564643,0.0649573
694.999,0.0380613,0.0383292,0.0372331,0.0379976,0.0353036,0.0336793,0.0336866,0.0312091,0.0298657,0.0310903,0.0283595,0.0281348,0.0307092,0.0317174,0.0362039,0.0415234,0.0462417,0.055444,0.0654196
695.411,0.0407224,0.0413272,0.0406453,0.0385457,0.0375273,0.0360536,0.0346812,0.0319655,0.0313532,0.0296975,0.0325914,0.0306156,0.0314609,0.0329595,0.0342305,0.0442007,0.0483153,0.0576712,0.0670248
695.822,0.0391363,0.0392212,0.0373701,0.038667,0.0373193,0.0359182,0.0334094,0.0318534,0.031829,0.0267342,0.032622,0.0303206,0.0322614,0.0339869,0.0361596,0.0421731,0.0472956,0.0586666,0.0666193
696.234,0.0392473,0.0387272,0.0382374,0.0362227,0.0350134,0.0297945,0.0331432,0.0300777,0.0305408,0.0313067,0.0284014,0.0301274,0.0313202,0.0328595,0.0334846,0.0422817,0.0481081,0.0548398,0.0665666
696.645,0.0388908,0.0360603,0.039664,0.0369134,0.0361016,0.0322902,0.0327755,0.0300442,0.0285133,0.0291687,0.0290715,0.0314498,0.0290313,0.031273,0.0352409,0.0400451,0.0459233,0.0534793,0.0660077
697.056,0.0389656,0.0403288,0.0390323,0.0382481,0.0364813,0.0331444,0.0319499,0.0316094,0.0311142,0.0307538,0.031253,0.0290531,0.0315734,0.0352526,0.0367774,0.0399361,0.0473025,0.0571109,0.0680442
697.467,0.0397357,0.0395586,0.0383413,0.0369843,0.0376191,0.0324038,0.0335087,0.0304142,0.0304306,0.0310906,0.0289688,0.0286748,0.0301401,0.0312837,0.0353898,0.039441,0.0486879,0.0566701,0.0644574
697.878,0.0388441,0.0398125,0.0394409,0.0371209,0.0359848,0.0351947,0.0335971,0.0337234,0.0322199,0.0309878,0.0304389,0.0297222,0.030603,0.0335669,0.0359523,0.0412081,0.0478862,0.0552807,0.0654662
698.289,0.0406683,0.0409395,0.0403569,0.0368418,0.0368185,0.0345305,0.0339255,0.030987,0.0330645,0.0299847,0.0324221,0.0327308,0.0317496,0.0327656,0.0372882,0.0428328,0.0493888,0.0571957,0.0686487
698.699,0.0390283,0.0391567,0.0393356,0.0378104,0.0379923,0.0364292,0.0338696,0.0324481,0.0323275,0.0293549,0.0307682,0.0304511,0.0312857,0.0329937,0.0367626,0.0406102,0.0474863,0.0573536,0.0692521
699.11,0.041294,0.0400342,0.0386405,0.0386916,0.0364307,0.0364786,0.0348507,0.0318626,0.0332225,0.0309475,0.0297747,0.0322976,0.0321163,0.0340796,0.0389861,0.0422877,0.0474315,0.0596569,0.068836
699.52,0.0399324,0.0396608,0.0387984,0.0371562,0.036331,0.0320973,0.0328043,0.0314669,0.0299045,0.0290817,0.0294452,0.0285626,0.0296524,0.0324253,0.0350854,0.0400625,0.0471575,0.0552502,0.0665973
699.931,0.0380432,0.0395486,0.0380388,0.038089,0.0364481,0.0375628,0.0318605,0.0310185,0.029391,0.0312807,0.0288409,0.030633,0.0308249,0.0320673,0.0354096,0.0385064,0.0487729,0.0554572,0.06619
700.341,0.0396852,0.0396988,0.0406097,0.0375628,0.0367095,0.0339286,0.0336814,0.0311775,0.0312204,0.0303843,0.0304131,0.0315158,0.0317754,0.0335156,0.0357368,0.0417624,0.047813,0.0550236,0.0680173
700.751,0.0393275,0.0397175,0.0393307,0.0392506,0.0371372,0.0347703,0.0325781,0.0318609,0.0304498,0.0309755,0.0286606,0.0294747,0.0310506,0.0337424,0.0367394,0.0408938,0.0472384,0.0561461,0.064712
701.161,0.0401309,0.0390911,0.0390764,0.0389061,0.0363845,0.033981,0.0349199,0.0325129,0.0293548,0.0287076,0.0296981,0.0301739,0.0300781,0.0336391,0.0370052,0.0394833,0.0463798,0.0566345,0.0645127
701.57,0.0392997,0.0387294,0.0384998,0.0364674,0.0359455,0.0346174,0.032808,0.0319107,0.0307844,0.0290126,0.0272627,0.0293628,0.0299255,0.0341385,0.035939,0.0406697,0.0476083,0.0552721,0.0660471
701.98,0.041056,0.0428442,0.0397233,0.03751,0.0363084,0.0348144,0.0346309,0.0321471,0.0331684,0.0313521,0.0286444,0.0297705,0.0302509,0.0315749,0.0381118,0.0414171,0.047912,0.0584909,0.0684622
702.39,0.038137,0.0376348,0.0368012,0.0368802,0.0366799,0.0332183,0.0306321,0.0310247,0.0302047,0.0281873,0.0276038,0.0277858,0.0285572,0.0313316,0.0360393,0.0383504,0.0432591,0.0539325,0.0646895
702.799,0.0395276,0.0391586,0.0389939,0.038417,0.0381211,0.0338811,0.0334806,0.0326794,0.0307385,0.0308531,0.0305026,0.0289078,0.0330677,0.0314975,0.0363479,0.0431525,0.0483936,0.0557656,0.0693438
703.208,0.0371242,0.038476,0.0371213,0.0388943,0.0367666,0.0363352,0.0330751,0.0320499,0.0309998,0.0293963,0.0306076,0.0309098,0.0316753,0.0341245,0.0366167,0.0388237,0.048223,0.0567885,0.0658253
703.617,0.0403727,0.0397323,0.0406192,0.0406613,0.0365374,0.0349964,0.0350562,0.0345811,0.0309948,0.0299239,0.030992,0.0326766,0.0310813,0.032903,0.0393306,0.0432372,0.0469959,0.0563505,0.0699298
704.027,0.0408254,0.0382473,0.0367604,0.0353726,0.0352843,0.0332464,0.032933,0.0318844,0.0322027,0.0300128,0.0300048,0.0294337,0.0315822,0.0352322,0.0368689,0.0405691,0.0481129,0.0572724,0.0643242
704.435,0.0382733,0.0390936,0.038627,0.0379997,0.0362795,0.0354199,0.0340112,0.032787,0.0305072,0.0285453,0.0299466,0.0308426,0.029036,0.0346848,0.0350332,0.0424411,0.0472487,0.0567309,0.0683077
704.844,0.0388932,0.0391148,0.0376922,0.0377874,0.0346481,0.0337335,0.0308564,0.0308799,0.031004,0.0304164,0.0286055,0.0300401,0.0313849,0.0313668,0.034787,0.0427854,0.0464437,0.0559879,0.0695248
705.253,0.0384523,0.0373306,0.0382107,0.0387503,0.0351643,0.0334968,0.0328501,0.0331653,0.0324197,0.0302765,0.0293903,0.0291863,0.0311033,0.0317672,0.0360789,0.040279,0.0461099,0.0562638,0.0678451
705.662,0.0402725,0.0390904,0.0396571,0.0377514,0.0365466,0.0348452,0.034909,0.0325887,0.032192,0.0317095,0.030943,0.0316034,0.0319449,0.0342761,0.0374754,0.0417029,0.0485221,0.057054,0.0687992
706.07,0.038178,0.0387224,0.0369141,0.0357224,0.0339064,0.0341523,0.0321255,0.0297364,0.0294396,0.0306882,0.0264773,0.0287495,0.0297096,0.0312645,0.0344332,0.0387882,0.0467098,0.0558712,0.0681746
706.478,0.0381862,0.03573,0.0360511,0.0357706,0.0334286,0.0318467,0.030519,0.0285433,0.0296133,0.0298277,0.0285354,0.028309,0.0283547,0.031291,0.0343818,0.0387221,0.045854,0.0558247,0.0649405
706.887,0.0373653,0.0385726,0.0371349,0.0347439,0.0340103,0.0316809,0.0316733,0.0283621,0.0291315,0.029509,0.0279251,0.0287067,0.0294813,0.0325129,0.033643,0.0399455,0.0457604,0.0570042,0.0633564
707.295,0.0397936,0.0409046,0.0391116,0.0391241,0.0357638,0.0369799,0.0332387,0.0324496,0.0312544,0.0308786,0.028597,0.0299671,0.0323803,0.0327392,0.0353047,0.039951,0.0479574,0.0550739,0.0659678
707.703,0.0406324,0.0402283,0.0413496,0.0380924,0.0393893,0.0343805,0.0343277,0.0321975,0.0305981,0.0308876,0.0292901,0.0307863,0.0312495,0.0332791,0.0372208,0.0399764,0.0468287,0.056007,0.0646524
708.11,0.0412815,0.040994,0.0389731,0.0369361,0.0390609,0.03487,0.0341592,0.034361,0.0313301,0.0308532,0.0311578,0.0313721,0.0307002,0.0318047,0.038374,0.0405489,0.0465712,0.0597443,0.0678373
708.518,0.0406258,0.0397136,0.0394844,0.0376397,0.0378654,0.036866,0.0342714,0.0322029,0.0293202,0.0322515,0.030468,0.0297533,0.0308295,0.0345386,0.0367839,0.0434388,0.0497572,0.0555584,0.069115
708.926,0.0388363,0.0386178,0.0389839,0.038775,0.0390264,0.0349572,0.0358234,0.0315287,0.031081,0.0308536,0.0313883,0.0309089,0.0296006,0.032912,0.0365144,0.0414073,0.0483214,0.0539862,0.0664647
709.333,0.0378462,0.0395299,0.0398155,0.0379611,0.0365906,0.0331251,0.0324896,0.0324969,0.0298703,0.0299269,0.0299242,0.0290174,0.0294927,0.032438,0.0370353,0.0399463,0.0488049,0.0548181,0.0661629
709.741,0.0394018,0.0389538,0.0382548,0.0356902,0.0347552,0.0345602,0.0307389,0.0309407,0.0313874,0.0314323,0.0288427,0.0284556,0.0303486,0.031987,0.0364068,0.0413792,0.0487076,0.0545722,0.0653302
710.148,0.0383604,0.0407348,0.0386728,0.0357572,0.0361531,0.0341226,0.0293563,0.032659,0.031409,0.0297917,0.030386,0.0300609,0.0281372,0.0332376,0.0347318,0.0398955,0.0487443,0.055554,0.0657972
710.555,0.0406707,0.0412739,0.040208,0.0389729,0.036886,0.0357247,0.0325918,0.0312178,0.0316685,0.0304642,0.0316909,0.0300601,0.0333086,0.0333318,0.0360625,0.0443354,0.0462469,0.0558845,0.0692857
710.962,0.0415955,0.0437287,0.0379357,0.0386498,0.036084,0.0369796,0.0340785,0.0319954,0.033006,0.0311789,0.0301403,0.0313093,0.0309343,0.0340657,0.0354982,0.0415665,0.0485548,0.0567066,0.0697329
711.369,0.0389886,0.0369819,0.0343045,0.0349803,0.0338666,0.0329843,0.0320015,0.028858,0.028112,0.0268243,0.0269472,0.0297267,0.0275103,0.0303617,0.0323921,0.0368537,0.045224,0.0544894,0.0653878
711.776,0.0378751,0.0389214,0.038576,0.0381338,0.0365452,0.0344032,0.034653,0.0324218,0.0297864,0.0311152,0.0319133,0.0293569,0.0294407,0.032588,0.0360922,0.0411838,0.0476947,0.0570625,0.0664641
712.182,0.0367996,0.0388443,0.0360231,0.0359668,0.033806,0.0338314,0.0311755,0.0291182,0.0285034,0.0296146,0.028783,0.0283977,0.0265557,0.0307029,0.0363553,0.0393668,0.0461469,0.055935,0.0664304
712.589,0.0377205,0.0375772,0.0379084,0.0355042,0.0339153,0.0316825,0.0310681,0.0316304,0.0290033,0.0284357,0.0280242,0.0284812,0.028245,0.0318964,0.0340861,0.038027,0.0464787,0.0549331,0.0647879
712.995,0.0372917,0.0358693,0.038077,0.035816,0.0350494,0.0331318,0.0309445,0.0288259,0.0295413,0.0267703,0.0288726,0.0283437,0.0292847,0.0316215,0.0367026,0.0382478,0.044459,0.0555311,0.0656013
713.401,0.0372233,0.0359215,0.0360352,0.0354539,0.0348781,0.0325713,0.03118,0.0289708,0.0278649,0.0273971,0.0262714,0.029409,0.0276157,0.0330538,0.0322374,0.040591,0.0466086,0.051504,0.0669572
713.808,0.0402717,0.0395076,0.0395743,0.0399645,0.0373261,0.0370319,0.0338959,0.032845,0.0325694,0.0298308,0.0309472,0.0311277,0.0309033,0.0336786,0.0367037,0.0406497,0.0496121,0.0587356,0.0687143
714.214,0.0383596,0.0393647,0.0402087,0.0376071,0.0364659,0.0346031,0.0331862,0.0325396,0.0301651,0.0297598,0.0305715,0.0300792,0.0293535,0.0319417,0.0380085,0.0396587,0.0489375,0.0566346,0.0656241
714.619,0.0408537,0.0385852,0.0380905,0.0369573,0.0362417,0.0331883,0.0306074,0.030612,0.0302348,0.0295667,0.0297955,0.0277401,0.0313517,0.0333737,0.0349745,0.0389591,0.0453926,0.0559913,0.064926
715.025,0.039701,0.0397259,0.0389437,0.0376599,0.0376669,0.0334487,0.0330364,0.0319593,0.0305432,0.0293597,0.0276178,0.0290734,0.0311914,0.0305839,0.0376607,0.0423162,0.0473097,0.0563611,0.0673949
715.431,0.0389374,0.0393098,0.0360078,0.0379242,0.0360282,0.0338975,0.0345365,0.0307198,0.0330574,0.033098,0.0273153,0.0305375,0.0300822,0.0320036,0.0359924,0.0404087,0.0484604,0.0571096,0.0688938
715.836,0.0379522,0.0380809,0.0378637,0.0384988,0.0346439,0.0323057,0.0315978,0.030874,0.0306123,0.027026,0.0292548,0.0279738,0.0290831,0.0316325,0.0335558,0.0398051,0.0444214,0.0556713,0.062318
716.242,0.0397784,0.0388742,0.0378885,0.0387117,0.0356432,0.0361481,0.034311,0.0321147,0.0286123,0.0305012,0.0275337,0.0293113,0.0309773,0.0336235,0.0361931,0.0423789,0.0469289,0.0564861,0.0676546
716.647,0.0375709,0.0393871,0.0366715,0.0369063,0.0362062,0.031918,0.0326205,0.0326669,0.0304355,0.0295805,0.0289113,0.0280255,0.0284953,0.032569,0.0334361,0.0410198,0.0461506,0.0556696,0.0650106
717.052,0.0390976,0.0397221,0.0388636,0.0385156,0.0350459,0.0352389,0.0328934,0.0321826,0.0318328,0.0301229,0.0304282,0.0297416,0.0294078,0.0347034,0.0364877,0.0410015,0.0480118,0.0561534,0.0663456
717.457,0.0410372,0.0444959,0.042449,0.0374428,0.0378752,0.0364682,0.0370509,0.033963,0.032839,0.0298872,0.0315027,0.0310218,0.0303563,0.0342843,0.0378221,0.0421445,0.0486226,0.0586376,0.0684311
717.862,0.0361156,0.0368897,0.0386359,0.0345317,0.0328054,0.0337598,0.0310497,0.0291278,0.0303819,0.0284788,0.0287733,0.0292527,0.0297864,0.0312867,0.035336,0.0393652,0.0448513,0.0570082,0.0642622
718.267,0.0392333,0.0371809,0.0388357,0.0378794,0.0370333,0.0350216,0.0303786,0.0324422,0.0290402,0.0287055,0.0289907,0.0294732,0.0304585,0.031178,0.0367415,0.0393422,0.0476773,0.056498,0.0658688
718.672,0.0349917,0.0369432,0.0381847,0.035786,0.0346496,0.0311674,0.0304052,0.0281712,0.0273822,0.0298923,0.0288766,0.0297126,0.0289885,0.0315954,0.0350877,0.0393025,0.0448135,0.0531209,0.0658553
719.076,0.0413836,0.043652,0.0411436,0.0384733,0.0397497,0.0358087,0.0354684,0.0311849,0.0336254,0.0324388,0.0310426,0.0308224,0.0336398,0.0332391,0.0375659,0.0418975,0.0493405,0.0579709,0.0670655
719.481,0.0382564,0.0370247,0.0364381,0.0365735,0.0344515,0.0341091,0.0322011,0.0294124,0.0294833,0.027588,0.0285779,0.0266385,0.0304882,0.0331643,0.035064,0.0406819,0.04461,0.0564612,0.0632664
719.885,0.0398426,0.0414658,0.0409432,0.0377598,0.0385588,0.0382851,0.0345565,0.0344072,0.0302468,0.0314906,0.0330277,0.0315829,0.0329647,0.0338838,0.0384027,0.0424264,0.0497678,0.0581397,0.0694524
720.289,0.0391046,0.0375384,0.0350104,0.0345774,0.034546,0.0319012,0.03001,0.0303132,0.0283957,0.0272263,0.027815,0.0270281,0.0301785,0.0307797,0.0335181,0.0373274,0.0435553,0.0575438,0.065989
720.694,0.0374506,0.0395042,0.0375566,0.0354641,0.0368468,0.0326802,0.0324608,0.0299161,0.0294893,0.0304486,0.0286024,0.0297247,0.0288991,0.0311143,0.0350203,0.0412634,0.0471676,0.0560772,0.0654646
721.097,0.0396771,0.0410793,0.0374742,0.0372465,0.035464,0.0357917,0.0333078,0.0311579,0.0290828,0.0294533,0.0301355,0.031392,0.030829,0.0324702,0.0341093,0.0388063,0.0456078,0.0559231,0.0663178
721.501,0.03911,0.0363886,0.0385991,0.037609,0.0347809,0.0322796,0.0336983,0.0302103,0.0313694,0.0301259,0.0281537,0.0276419,0.0315321,0.0311132,0.0343074,0.0395273,0.0450218,0.0548436,0.0639618
721.905,0.0384021,0.0385944,0.0377701,0.0367413,0.0359678,0.0364946,0.0333336,0.0309799,0.0307419,0.0304374,0.0307867,0.0292697,0.0307278,0.0323272,0.0353972,0.0422329,0.0467301,0.0549822,0.0672222
722.309,0.0376688,0.036257,0.037839,0.0365148,0.0360662,0.0357409,0.0314931,0.029914,0.0290813,0.0299987,0.02984,0.0298118,0.0297844,0.0319427,0.0348948,0.0416256,0.0459468,0.054963,0.0651317
722.712,0.0365575,0.0394441,0.0379436,0.0361512,0.0349484,0.0355274,0.0303776,0.0296812,0.0291643,0.0307253,0.0300669,0.0301256,0.0283106,0.0324639,0.0361364,0.0410121,0.0478515,0.0553522,0.0702513
723.115,0.0408702,0.0399022,0.0381571,0.0362236,0.0352326,0.0345087,0.0313171,0.0294879,0.0308119,0.0292705,0.0299702,0.0300951,0.0297879,0.0325608,0.0352931,0.0396451,0.0480107,0.0533711,0.0697058
723.519,0.0396037,0.0404487,0.0410312,0.0368577,0.0374489,0.0376293,0.0318181,0.0320435,0.0313559,0.031131,0.0286479,0.031726,0.0340552,0.0353523,0.038328,0.0411935,0.0488131,0.0563475,0.0679262
723.922,0.0394586,0.0404666,0.0391126,0.0381871,0.0331036,0.0359942,0.0306454,0.0309991,0.031694,0.0285181,0.0318108,0.0296874,0.0317694,0.0333287,0.0359814,0.0427001,0.0457019,0.0555223,0.070288
724.325,0.041536,0.0404373,0.0398083,0.0388164,0.0373801,0.0348437,0.0325256,0.0324839,0.0292744,0.0305213,0.0299525,0.0323178,0.0336495,0.0325033,0.0371141,0.0415381,0.0491113,0.0547916,0.0688629
724.728,0.0401711,0.0380815,0.0394748,0.0393764,0.0373409,0.0357681,0.0343851,0.0350589,0.0316105,0.0298785,0.0316775,0.0318932,0.0332488,0.0334082,0.0376497,0.0417267,0.0490362,0.0576315,0.0682809
725.13,0.0438092,0.0384794,0.0371069,0.0377871,0.0376396,0.034501,0.0346479,0.0335503,0.0310964,0.0318024,0.0305181,0.0314036,0.0313028,0.0333692,0.0350855,0.0425197,0.0475062,0.0566136,0.0676055
725.533,0.0387304,0.0398303,0.0381151,0.0366819,0.0351571,0.0339706,0.0310799,0.0332204,0.0308416,0.0269318,0.0286306,0.0317479,0.027491,0.0316098,0.0353489,0.0421048,0.0470251,0.0545588,0.0667298
725.936,0.0402549,0.039708,0.0377567,0.0376018,0.0354206,0.0366918,0.0325001,0.0314421,0.0296534,0.0300309,0.0289331,0.0311294,0.0317049,0.0329947,0.0386689,0.040362,0.0478456,0.0552285,0.0695171
726.338,0.0373788,0.0399448,0.0389337,0.0339694,0.0378839,0.0336082,0.0326092,0.0312225,0.0306492,0.0295273,0.0304979,0.0297236,0.0304671,0.0334046,0.0382205,0.041882,0.0486399,0.0561113,0.068456
726.74,0.0407996,0.0401867,0.0375516,0.0375631,0.0349924,0.0348037,0.0344636,0.0326498,0.0305427,0.0306194,0.0288314,0.0293667,0.0334955,0.0345259,0.0366163,0.0414315,0.049557,0.0561119,0.0714687
727.142,0.0373617,0.037484,0.0378024,0.0394672,0.0355995,0.034102,0.0307872,0.0313486,0.029479,0.0297323,0.0293236,0.0312841,0.0326747,0.03029,0.0383059,0.0413519,0.0490847,0.0561581,0.0691534
727.544,0.0372181,0.0425446,0.0393533,0.0378642,0.0377723,0.0357948,0.0349767,0.0334484,0.0318258,0.0319636,0.0287822,0.0303414,0.0314098,0.0341138,0.0347169,0.0421007,0.0479131,0.0559329,0.0690205
727.946,0.0393935,0.0400154,0.0378618,0.0368626,0.0347166,0.032565,0.0330883,0.0324687,0.0288055,0.0292244,0.0298827,0.0309327,0.0305375,0.0280397,0.0355512,0.0397211,0.0476741,0.0569727,0.0669469
728.348,0.0401688,0.0412243,0.0396049,0.0378086,0.0384759,0.0371167,0.0339862,0.0327137,0.0317574,0.0293463,0.0315983,0.0330525,0.0326706,0.0357714,0.0364162,0.0436185,0.048491,0.0578826,0.0712219
728.75,0.0415779,0.0400863,0.0398111,0.039017,0.0398793,0.0367682,0.0335595,0.0348383,0.0338841,0.0306757,0.0323126,0.0334565,0.0333844,0.0349234,0.0384067,0.0426922,0.0507759,0.0566225,0.0669863
729.151,0.0397602,0.0384667,0.0398498,0.0386897,0.0384704,0.0341143,0.0318599,0.0323228,0.0299849,0.031023,0.0280679,0.0328643,0.0294062,0.0326023,0.0355946,0.0394476,0.048051,0.0585782,0.0673873
729.553,0.0398533,0.037871,0.0356817,0.0361637,0.033735,0.0344566,0.0305122,0.0308086,0.0306732,0.0296961,0.0283419,0.0298131,0.0303706,0.0338576,0.0337964,0.0407152,0.0468165,0.0558031,0.0656052
729.954,0.0389871,0.0409747,0.040809,0.0401355,0.0351574,0.0376709,0.0340363,0.0335643,0.0320119,0.0321312,0.0295017,0.0328293,0.0305834,0.0340382,0.0380587,0.0430695,0.0489938,0.0562344,0.0670791
730.355,0.0395819,0.040057,0.0393637,0.0377049,0.0358864,0.0364186,0.0337117,0.0339938,0.0317105,0.0321044,0.0302885,0.0300349,0.0308916,0.0330237,0.0374104,0.0425308,0.0481146,0.0564187,0.0680761
730.756,0.0391234,0.0413315,0.0393403,0.0392645,0.0379835,0.0353823,0.0343171,0.0338179,0.0319115,0.031886,0.0303004,0.0297427,0.0336751,0.0322783,0.038283,0.0421322,0.0469129,0.0577685,0.0707972
731.157,0.0365358,0.0387477,0.038628,0.0371231,0.0346367,0.0331298,0.0329238,0.0321398,0.0295535,0.0295476,0.0294268,0.0311153,0.0283416,0.0295792,0.0338164,0.0400662,0.0474304,0.0546932,0.0674523
731.558,0.0425801,0.0430297,0.0392587,0.037044,0.037047,0.0340348,0.0352359,0.0346989,0.0303901,0.0292272,0.0307112,0.0289627,0.0297332,0.0324404,0.0349157,0.0421738,0.0483507,0.0550795,0.0674007
731.959,0.0399009,0.0388315,0.0390021,0.0373656,0.035302,0.0344066,0.032804,0.0314656,0.0317605,0.0293641,0.0269829,0.0284263,0.0292416,0.0336683,0.034919,0.0433256,0.0477184,0.056975,0.0648793
732.359,0.0369452,0.0391426,0.0384518,0.0381195,0.0356352,0.0368606,0.0328757,0.0320911,0.0323855,0.0284154,0.0303588,0.028893,0.0309419,0.0336214,0.0354127,0.0418507,0.047082,0.0570542,0.0683823
732.76,0.037714,0.0405244,0.0383341,0.0384289,0.0326635,0.0340095,0.0325018,0.0295031,0.0301465,0.0309218,0.0298705,0.0314561,0.030705,0.0318698,0.0365472,0.0413268,0.0471922,0.0580799,0.0675941
733.16,0.0380613,0.0388411,0.0369692,0.0359622,0.0341434,0.0339859,0.033558,0.0311695,0.0296122,0.0301374,0.0286773,0.0286823,0.0283198,0.0314263,0.0348698,0.0413103,0.0480472,0.0588907,0.0653589
733.56,0.039722,0.0383461,0.038099,0.0343643,0.0335101,0.0330236,0.0333847,0.0307948,0.0309498,0.030986,0.0261856,0.030347,0.0313585,0.0312508,0.035018,0.0397133,0.0449387,0.055716,0.067964
733.96,0.0426453,0.0380255,0.0402559,0.0370444,0.0367568,0.0355654,0.0341553,0.0314613,0.0313838,0.0308303,0.0285947,0.0299237,0.0325381,0.0335972,0.0373425,0.0413754,0.0484848,0.0562226,0.0679524
734.36,0.0398077,0.0357474,0.0354281,0.0351934,0.034473,0.0295878,0.0305597,0.0282017,0.0298812,0.026068,0.0272273,0.0295103,0.0281182,0.029067,0.0322949,0.038109,0.0468754,0.0541348,0.0692364
734.76,0.0390809,0.0389609,0.0368486,0.0369746,0.0325027,0.0338644,0.0309143,0.033442,0.0309171,0.0306136,0.0303734,0.0298143,0.0334752,0.03167,0.0354248,0.0390749,0.0466981,0.0569205,0.0652163
735.16,0.0399033,0.0395691,0.0389064,0.0396923,0.0364154,0.0358395,0.0329816,0.0329425,0.032478,0.0338205,0.0297742,0.0314547,0.0315121,0.0334506,0.0400702,0.0392364,0.0495879,0.0595083,0.0667529
735.559,0.0409642,0.0391256,0.0378244,0.0381658,0.0355187,0.0357746,0.0328513,0.0325559,0.032376,0.0313215,0.0303453,0.0307276,0.0314959,0.0354585,0.037779,0.0422168,0.0501386,0.0586512,0.0678194
735.959,0.039202,0.0373153,0.0393012,0.0380041,0.0367715,0.0339269,0.0308921,0.0312592,0.0293048,0.0281995,0.0279771,0.0283836,0.0301578,0.0347375,0.0354313,0.040615,0.045162,0.0580306,0.0692175
736.358,0.040382,0.0359908,0.0358801,0.0378539,0.0347381,0.0336882,0.029225,0.0315295,0.029302,0.0287444,0.0277585,0.0297855,0.0307886,0.0310659,0.0354953,0.039813,0.0467912,0.0571934,0.0691138
736.757,0.0404254,0.0378432,0.0370227,0.035864,0.0346315,0.0327148,0.0311877,0.032227,0.0302157,0.0275233,0.0290352,0.030503,0.0297844,0.0316994,0.0345605,0.0414678,0.0456224,0.0607721,0.0664
737.157,0.038857,0.0397303,0.039717,0.0371359,0.0364073,0.0341498,0.0327196,0.0309603,0.0313354,0.029776,0.0293917,0.0292358,0.0272401,0.0327602,0.0359531,0.0414012,0.0452391,0.0568951,0.0666061
737.555,0.0394539,0.04135,0.039386,0.0376893,0.038836,0.0353198,0.0308555,0.0303524,0.0319068,0.0315483,0.0284053,0.0301772,0.0322883,0.0332965,0.0349923,0.041699,0.0471983,0.0573845,0.0690486
737.954,0.0407678,0.0395019,0.0394071,0.0400739,0.0377332,0.0361049,0.0353572,0.030159,0.03075,0.0300101,0.031201,0.0325993,0.0316137,0.0319011,0.0378591,0.0426033,0.0521099,0.0585984,0.0692101
738.353,0.0377319,0.0394282,0.0366918,0.0371754,0.0349285,0.0346445,0.0329395,0.0297399,0.0303999,0.0302964,0.027825,0.0278397,0.0303861,0.0320634,0.0339872,0.0406687,0.048854,0.0560685,0.0695782
738.752,0.0383488,0.0399215,0.039332,0.0375324,0.0357813,0.0358941,0.0358029,0.0323784,0.0324563,0.0306346,0.0309911,0.0290485,0.0302343,0.0333635,0.0374343,0.0427288,0.048389,0.0564564,0.0703912
739.15,0.0402263,0.0391304,0.0385724,0.0347883,0.0341264,0.0351656,0.0329942,0.0328272,0.0316194,0.0324882,0.0305677,0.0301413,0.0328336,0.032514,0.0372234,0.0412121,0.051045,0.0562685,0.068579
739.549,0.0417796,0.0377265,0.0388818,0.034862,0.0383007,0.0343374,0.0326596,0.0311481,0.0325198,0.0324787,0.0294865,0.0345292,0.0313817,0.0334399,0.0363046,0.0422759,0.0455719,0.0586888,0.0701311
739.947,0.0431624,0.0409096,0.0419618,0.0386494,0.0363883,0.0369679,0.0349916,0.0352111,0.0333089,0.0308036,0.0320977,0.0337774,0.0324537,0.0330311,0.0387375,0.0444725,0.0521745,0.0586168,0.0719824
740.345,0.0416264,0.0428686,0.0418315,0.0396184,0.0410614,0.0385073,0.0373345,0.0357468,0.0360132,0.0324839,0.0336496,0.0339212,0.0341274,0.0379123,0.0403584,0.0444264,0.0533026,0.0593882,0.0715843
740.743,0.0378304,0.0377886,0.040801,0.0374319,0.0349907,0.0353088,0.0337363,0.0321647,0.0323035,0.0296646,0.0300724,0.029311,0.0322623,0.0333598,0.0349182,0.0411872,0.046073,0.0544591,0.0686195
741.141,0.0372583,0.0407713,0.0394202,0.0374814,0.0368817,0.0332214,0.0335331,0.0331724,0.0319145,0.0283913,0.0309922,0.0313599,0.0300824,0.0345852,0.0352747,0.0425941,0.0484968,0.0568721,0.0682053
741.539,0.0361908,0.0364315,0.0357149,0.0326775,0.0347059,0.0308587,0.0302514,0.0293876,0.0306136,0.0274634,0.024525,0.0291127,0.0292153,0.0301801,0.0342465,0.0393378,0.0473872,0.0531635,0.0640531
741.936,0.0382847,0.0404907,0.0370907,0.0371791,0.0351337,0.032558,0.0338076,0.0337507,0.0295954,0.0316737,0.0302493,0.0312872,0.0326879,0.0360448,0.038415,0.0424578,0.0488545,0.0578894,0.0688625
742.334,0.0385159,0.0390129,0.0366685,0.0348245,0.0347204,0.0331029,0.030335,0.0287102,0.0268707,0.0296968,0.0283605,0.0261801,0.0298197,0.0326302,0.0343754,0.0403964,0.0474258,0.0537636,0.0664558
742.731,0.0424008,0.0416363,0.040307,0.0382975,0.0368747,0.0349018,0.0332762,0.0318032,0.0325171,0.031945,0.0319055,0.0341868,0.0333027,0.0365952,0.0382496,0.0417921,0.047649,0.0555727,0.0673362
743.128,0.0402118,0.0412107,0.0407493,0.0366671,0.0362891,0.034613,0.0328331,0.0326675,0.032817,0.03397,0.0317538,0.0307623,0.0332207,0.0339543,0.0393567,0.0406327,0.0487423,0.058386,0.067598
743.526,0.0389959,0.0385183,0.0361033,0.0372321,0.0363378,0.0355978,0.0320524,0.0316409,0.0318125,0.030511,0.0305843,0.0304936,0.0324666,0.0355277,0.035914,0.0421526,0.0473181,0.0563282,0.0677817
743.923,0.0405238,0.04028,0.0400466,0.0392128,0.0364385,0.0359771,0.0312249,0.0319683,0.0305213,0.0324681,0.0298259,0.029182,0.0302774,0.0351149,0.0376619,0.0389791,0.0481019,0.0569766,0.0694224
744.32,0.0373936,0.0349788,0.0392634,0.0382539,0.0368654,0.0371905,0.0324291,0.0313798,0.0310847,0.0302577,0.0304512,0.0285334,0.0327902,0.0340769,0.0387504,0.040814,0.0484256,0.0565892,0.0715602
744.716,0.0406223,0.0402517,0.034635,0.0383379,0.0363752,0.0340865,0.0317724,0.0319516,0.0285921,0.0298898,0.0284461,0.0295688,0.0320213,0.036402,0.0366414,0.042099,0.0443492,0.0552172,0.0696639
745.113,0.0400724,0.0390594,0.0399755,0.038045,0.0350023,0.0366718,0.0355677,0.0316718,0.0333598,0.0300981,0.0293849,0.0310154,0.0292932,0.0349625,0.0360237,0.0430907,0.0514746,0.0589239,0.0687664
745.51,0.040027,0.0391543,0.0366776,0.0367847,0.0347594,0.0339508,0.0313798,0.0321341,0.029451,0.0310227,0.0280257,0.0290653,0.0292686,0.0329116,0.035648,0.0421105,0.0482537,0.0537161,0.0684882
745.906,0.0390505,0.035547,0.0383224,0.0391691,0.0366618,0.0356766,0.0337188,0.0326651,0.0316466,0.0267606,0.0290085,0.0285287,0.0308939,0.0324902,0.0366304,0.0360571,0.0477157,0.0576799,0.0678288
746.302,0.0385549,0.0378217,0.0382348,0.0391455,0.0344899,0.0337508,0.0311411,0.0335991,0.0316226,0.0296906,0.030088,0.030005,0.0314718,0.0342736,0.0383574,0.0429477,0.0477433,0.0583818,0.0665165
746.698,0.0401246,0.0405662,0.0431401,0.0388415,0.0374276,0.0372036,0.033707,0.0319856,0.0308038,0.0312264,0.0328256,0.0318305,0.0334524,0.036146,0.0378437,0.044445,0.0487668,0.0559642,0.0681757
747.095,0.0405688,0.0391687,0.039465,0.0378219,0.0383939,0.0339641,0.031061,0.0318286,0.0313543,0.03094,0.0283556,0.0282539,0.0338806,0.0321212,0.0374782,0.0423588,0.0495787,0.0580163,0.0739087
747.49,0.043238,0.0444117,0.0429041,0.0397832,0.0385782,0.037722,0.0372527,0.0360032,0.0351935,0.0329183,0.0339503,0.0323644,0.0337594,0.0355108,0.0389819,0.0434103,0.0480158,0.0639863,0.0723043
747.886,0.0401033,0.0407831,0.0383077,0.0376604,0.0388979,0.0349492,0.0325366,0.0342272,0.0319141,0.0299971,0.0312602,0.0304788,0.031038,0.0351245,0.0397671,0.0407824,0.0512801,0.0605089,0.0722721
748.282,0.0440056,0.0426745,0.0394115,0.0395746,0.038871,0.0378814,0.0349511,0.0389458,0.0327053,0.0347218,0.033941,0.0333968,0.035835,0.0367096,0.0391995,0.0432943,0.051105,0.0596482,0.0727265
748.678,0.0420049,0.0426755,0.042011,0.0364818,0.0401519,0.0357433,0.0348859,0.0340616,0.0335829,0.0325369,0.033177,0.0302088,0.0295454,0.0325356,0.038584,0.048117,0.051697,0.0594129,0.068342
749.073,0.0396732,0.0381388,0.0389886,0.0360952,0.0333901,0.0362767,0.0359143,0.0318264,0.0317144,0.0322791,0.0281056,0.0262427,0.0296733,0.034388,0.034601,0.0407415,0.0473479,0.0560039,0.0657102
749.468,0.0391443,0.0391623,0.0412123,0.0372619,0.033251,0.0349256,0.0341396,0.0314159,0.032202,0.0333888,0.0284948,0.0286711,0.0291468,0.0335291,0.0354537,0.0404091,0.0497503,0.0602906,0.0685764
749.863,0.0363496,0.0381639,0.0384622,0.0362427,0.036913,0.0328693,0.0343271,0.0292536,0.0293872,0.0284045,0.0282584,0.0293481,0.0309361,0.0330374,0.0368646,0.0412639,0.0484133,0.0561813,0.0683209
750.259,0.0392532,0.038959,0.0386325,0.0380351,0.0373944,0.0341565,0.0334029,0.0323102,0.0344573,0.029474,0.0303074,0.0315021,0.0294477,0.0343801,0.0385265,0.0422978,0.0500541,0.0582618,0.0663077
750.654,0.0398701,0.0398172,0.0361834,0.0363416,0.0363783,0.0338267,0.0334943,0.0321717,0.0278734,0.0284337,0.0293237,0.0311699,0.0302023,0.0352068,0.0364931,0.0427864,0.0466907,0.0601048,0.066645
751.048,0.0398649,0.0390434,0.0383484,0.0399098,0.0355916,0.033162,0.0319634,0.0295593,0.0317299,0.0296133,0.0293229,0.0293696,0.0299323,0.0338749,0.0342771,0.0420388,0.0451305,0.0591608,0.0698814
751.443,0.0421432,0.0414974,0.0397472,0.0348975,0.0369352,0.0351344,0.0365026,0.0319672,0.0272906,0.0315809,0.0285655,0.0317099,0.0326261,0.0340299,0.0336834,0.0412563,0.0474551,0.0588995,0.0699097
751.838,0.0375889,0.0411005,0.0369721,0.0370491,0.0339507,0.032678,0.0325194,0.0290791,0.030701,0.0294899,0.0290604,0.0266575,0.0324584,0.03169,0.0372655,0.0387906,0.0480194,0.0583929,0.0659942
752.232,0.0414748,0.0363116,0.0377899,0.0377844,0.0363776,0.0335089,0.031603,0.0317849,0.0320582,0.0320201,0.0290992,0.0323127,0.0317806,0.0345752,0.0356875,0.0400956,0.0460095,0.0561226,0.0685939
752.626,0.0400391,0.038142,0.0415476,0.0383465,0.0364007,0.0361859,0.0316632,0.0301521,0.0317259,0.030522,0.0321657,0.0303661,0.030347,0.0328911,0.0391167,0.0408128,0.0476566,0.0588314,0.0695415
753.021,0.038147,0.0404655,0.0382459,0.0371755,0.0355232,0.0351307,0.0292148,0.0318228,0.0292115,0.0297187,0.0293935,0.0285332,0.030706,0.0332098,0.0338394,0.0417568,0.0452302,0.053878,0.0687526
753.415,0.0409206,0.0392259,0.036453,0.0381356,0.0366473,0.0334884,0.0333317,0.0314081,0.0323401,0.0297734,0.0316083,0.0310877,0.0333332,0.0351777,0.0354053,0.0430673,0.0467031,0.0578072,0.0666753
753.809,0.0431594,0.0393539,0.0418,0.0381253,0.0387924,0.035622,0.0356782,0.0337903,0.0302605,0.0315699,0.0310446,0.0322013,0.031946,0.0356071,0.0367366,0.044884,0.0525448,0.0579251,0.0706512
754.203,0.041203,0.0409627,0.0410533,0.0404551,0.0386099,0.0371125,0.0362532,0.0339877,0.0334051,0.0309174,0.0311997,0.0312387,0.0345391,0.0357305,0.0403449,0.0458888,0.0490874,0.0600542,0.070602
754.596,0.0418673,0.037787,0.041778,0.040326,0.0355403,0.036705,0.0311561,0.0303609,0.0321017,0.0328006,0.0296281,0.029763,0.0325722,0.0346504,0.0371616,0.0418862,0.0515947,0.0586185,0.0695151
754.99,0.0379497,0.0365777,0.0356377,0.0360227,0.0341934,0.0344891,0.0323275,0.0288122,0.0327689,0.029038,0.0275891,0.0291785,0.0267194,0.0307977,0.0338976,0.0415142,0.0461337,0.0575701,0.0644341
755.383,0.04046,0.0403432,0.0424388,0.0404367,0.0367878,0.035746,0.0326484,0.031567,0.0330259,0.0300644,0.0293635,0.0307736,0.0301809,0.0345699,0.0370824,0.0399057,0.0493129,0.0560665,0.0709551
755.777,0.0404531,0.0418829,0.0413628,0.0367081,0.0390513,0.0333255,0.0378178,0.0333057,0.0306691,0.0327041,0.0292619,0.029668,0.0321148,0.0358736,0.0395322,0.0427133,0.0510925,0.0596872,0.0713753
756.17,0.0394867,0.0390876,0.0405523,0.0353318,0.0354333,0.0339015,0.0334206,0.0352941,0.0306775,0.0304682,0.0295405,0.0322486,0.0328583,0.0316528,0.034927,0.0402741,0.0464342,0.056268,0.0667193
756.563,0.0349205,0.0377676,0.0352572,0.0358972,0.0337051,0.031473,0.0308231,0.0293377,0.0279598,0.0279381,0.0260804,0.0270109,0.0295741,0.0300492,0.0346677,0.038511,0.0460443,0.0545677,0.0615726
756.956,0.0350434,0.0387121,0.0372174,0.0324841,0.0342744,0.0303809,0.03204,0.0308913,0.0309852,0.0278974,0.0270187,0.0297441,0.027565,0.0299179,0.0341213,0.0371964,0.0460869,0.0524317,0.064131
757.349,0.0389504,0.0387836,0.0391941,0.0389498,0.0359488,0.0329747,0.0338507,0.0297951,0.0305171,0.0319525,0.0276236,0.02995,0.0314003,0.032424,0.0362895,0.0410983,0.0477655,0.0573707,0.0678216
757.742,0.0384072,0.0404465,0.0390212,0.0384832,0.0348977,0.0331962,0.0329932,0.032231,0.0295826,0.0324295,0.028433,0.0301038,0.0293556,0.0365228,0.0389821,0.0401293,0.048147,0.0564657,0.0681123
758.135,0.0396736,0.0382392,0.039856,0.0367329,0.0378589,0.0334058,0.0322197,0.0313868,0.0288139,0.0302766,0.0295355,0.029626,0.0310098,0.0345135,0.0361812,0.0425839,0.0499636,0.0576447,0.0693375
758.527,0.0414227,0.038672,0.0383308,0.0398597,0.0402514,0.0328548,0.0336478,0.0329156,0.0321706,0.0348854,0.0293544,0.0303686,0.0339109,0.0346728,0.0394847,0.0433319,0.0498708,0.0619202,0.0657201
758.919,0.0426385,0.0432462,0.0418174,0.0378553,0.0406929,0.0361072,0.0376865,0.0335169,0.0320286,0.0310892,0.0283396,0.0329708,0.0335538,0.0349982,0.0367518,0.0433116,0.0509547,0.0581484,0.071128
759.312,0.0370161,0.0369269,0.0393051,0.0356215,0.0329832,0.0327849,0.0331889,0.0341657,0.0293293,0.0305981,0.0273751,0.028025,0.0317474,0.0329525,0.0358744,0.0439498,0.046814,0.0580019,0.0687845
759.704,0.0403254,0.0416489,0.0401351,0.0393654,0.0378288,0.038352,0.0373091,0.0335078,0.0298599,0.0311839,0.0314697,0.0334588,0.0318279,0.0349205,0.036152,0.0442822,0.0492235,0.0597871,0.0716918
760.096,0.0379699,0.0392817,0.0389311,0.036047,0.0385474,0.0340536,0.0322953,0.0340898,0.0309969,0.0300367,0.0338922,0.0319462,0.0290514,0.0351133,0.0348207,0.0431699,0.0490297,0.0606354,0.0738124
760.488,0.0395713,0.0420745,0.0391128,0.0389767,0.0369808,0.0338038,0.0352267,0.0294724,0.0318613,0.0316534,0.0307004,0.0297849,0.0327853,0.035781,0.0400646,0.0401605,0.0508611,0.0601173,0.0686585
760.88,0.0418236,0.0387172,0.0388072,0.0368909,0.0359382,0.0365926,0.0328653,0.0332827,0.0328075,0.031847,0.0302651,0.029614,0.0283513,0.0343616,0.0366877,0.0408128,0.0511433,0.0583593,0.0736115
761.271,0.0421243,0.0387444,0.040657,0.0381112,0.035726,0.0347475,0.0322368,0.0322341,0.0315771,0.0303883,0.0256711,0.0291105,0.0288754,0.0319973,0.0376211,0.0390507,0.0485542,0.0564114,0.0687905
761.663,0.040026,0.0389195,0.0411131,0.0386856,0.0389377,0.0357094,0.0355676,0.0316173,0.0357426,0.0316719,0.0296513,0.0328343,0.0328562,0.0366969,0.0393132,0.0412807,0.0501255,0.0598371,0.0726798
762.054,0.0387879,0.0410286,0.037449,0.0365198,0.0389494,0.0351347,0.033582,0.0298467,0.0305751,0.0301635,0.0307847,0.0306287,0.0315476,0.0335673,0.0386226,0.0417168,0.0479412,0.0585046,0.0673958
762.445,0.0374405,0.038495,0.0382405,0.0384045,0.0354909,0.035368,0.0361147,0.030134,0.0316571,0.0307147,0.0327241,0.0321284,0.032013,0.0323643,0.0384321,0.0408601,0.0505571,0.0634813,0.069727
762.837,0.0408517,0.0365113,0.0403181,0.0363147,0.0366273,0.0350519,0.035063,0.030271,0.029633,0.0295555,0.0312916,0.0310673,0.0303358,0.0342809,0.037763,0.0421139,0.0503207,0.0549494,0.0712487
763.228,0.0354299,0.0377448,0.0360551,0.0345701,0.0330801,0.0309337,0.0333557,0.030309,0.0280859,0.0266365,0.026142,0.0306353,0.0313358,0.03337,0.0358263,0.038891,0.0480396,0.0555046,0.067514
763.619,0.0418357,0.0398236,0.0381075,0.0369366,0.0353886,0.0362864,0.0354575,0.0309659,0.0317462,0.0309278,0.0301794,0.0296497,0.0317369,0.0335776,0.0379139,0.0426698,0.052322,0.0582457,0.0690959
764.009,0.0427368,0.0434364,0.0371108,0.0372378,0.0362829,0.0362817,0.0330686,0.0344336,0.0324262,0.0327878,0.0303984,0.0297533,0.0327985,0.0350885,0.0386377,0.0407966,0.0481462,0.0546252,0.0711321
764.4,0.0411162,0.0395298,0.0393812,0.0406508,0.0356878,0.0350797,0.0303194,0.0298985,0.0259323,0.0277627,0.0300282,0.0300711,0.0318081,0.032119,0.033919,0.0390146,0.0489795,0.0587768,0.0671605
764.791,0.0397522,0.0400831,0.0391472,0.0361453,0.0380027,0.0333069,0.0304708,0.0293244,0.0287595,0.030232,0.031403,0.0290675,0.032119,0.0325432,0.0353599,0.0446324,0.0452665,0.0548546,0.0666973
765.181,0.0427872,0.0415611,0.0413048,0.0396131,0.0356794,0.0358297,0.0335045,0.0331846,0.0316458,0.0277083,0.0290459,0.0324283,0.0298279,0.0328235,0.0337808,0.0400194,0.05006,0.0610825,0.0675105
765.571,0.0419188,0.0404584,0.0358451,0.0365163,0.0326469,0.0345711,0.0301437,0.0317753,0.0310242,0.028872,0.029723,0.0301134,0.0309681,0.0309476,0.0376819,0.0437774,0.0498425,0.0554965,0.0676771
765.962,0.0390996,0.0417402,0.0407021,0.0362911,0.0369444,0.0310549,0.0358214,0.0294372,0.0301566,0.0300505,0.028801,0.0316229,0.0299699,0.035092,0.0353231,0.0442298,0.0503493,0.0580293,0.0657013
766.352,0.0362901,0.0377393,0.0389376,0.0345285,0.0342572,0.032887,0.0301079,0.0282622,0.0288162,0.0252626,0.0228719,0.028054,0.0281302,0.0333029,0.0330567,0.0389355,0.0476325,0.0581178,0.06758
766.742,0.0412695,0.0399982,0.0430074,0.0396175,0.0377129,0.0376078,0.0361963,0.0333131,0.0354291,0.0323417,0.0331862,0.0316561,0.0326146,0.0357704,0.0377302,0.0480037,0.0547666,0.0592214,0.0749482
767.131,0.0422262,0.040914,0.0403764,0.0384539,0.039186,0.0363164,0.0342119,0.0330586,0.0317331,0.0353899,0.0316681,0.0312687,0.0343738,0.0360871,0.0400927,0.042721,0.0520643,0.0588241,0.0697739
767.521,0.0426183,0.0405955,0.0382336,0.0389227,0.0359522,0.0368457,0.0336601,0.0313292,0.0316462,0.0315985,0.033076,0.0316657,0.0333966,0.0320235,0.0384155,0.044241,0.0520887,0.0593886,0.0705718
767.911,0.040599,0.0422162,0.0376062,0.0370938,0.0357098,0.0341091,0.0341791,0.0324156,0.0320194,0.0314519,0.0315716,0.0274658,0.0320991,0.0342067,0.0387932,0.0403147,0.0508377,0.0614399,0.0698537
768.3,0.0399052,0.0415336,0.0401757,0.0370528,0.0362196,0.0350861,0.0352433,0.0295897,0.0288269,0.029001,0.0295709,0.0304993,0.0274273,0.0331645,0.0348491,0.0419555,0.04683,0.0562453,0.0672626
768.689,0.0408623,0.0369409,0.038842,0.0372927,0.037413,0.0377301,0.0356492,0.0344968,0.0324177,0.029559,0.0290036,0.0304442,0.0318676,0.0323331,0.0403179,0.0413611,0.0480296,0.0590493,0.0705851
769.079,0.0426185,0.0461594,0.0446426,0.038415,0.0403069,0.0420261,0.0387153,0.0357094,0.0366983,0.0315258,0.0324072,0.0323084,0.0357915,0.0379931,0.0406621,0.0459726,0.0550126,0.0681821,0.0745854
769.468,0.0418,0.042306,0.0438088,0.0377406,0.0365421,0.0384634,0.0339455,0.0354546,0.0369722,0.0319383,0.0286194,0.0319635,0.0293784,0.0369935,0.039437,0.0453166,0.0477908,0.0601592,0.0696969
769.857,0.0371803,0.0361475,0.0395548,0.0389932,0.0360551,0.0326428,0.0333578,0.0309469,0.0331493,0.0316471,0.0293929,0.0339662,0.0347953,0.031194,0.0364086,0.0382084,0.0472012,0.059544,0.0649607
770.246,0.0407524,0.0371818,0.0398805,0.0409698,0.0374162,0.0352362,0.031599,0.0322578,0.0314848,0.0330033,0.0316446,0.030358,0.0324843,0.0341942,0.0398558,0.0409855,0.0513984,0.0628597,0.0705739
770.634,0.0364133,0.0372018,0.0344241,0.0391682,0.0327969,0.0339018,0.0307431,0.0303016,0.0276065,0.0280763,0.0270637,0.0271161,0.0312924,0.0283592,0.033051,0.0374772,0.0466372,0.0559815,0.0679755
771.023,0.0373664,0.041483,0.0376483,0.0372437,0.0376293,0.0342569,0.0292633,0.0316425,0.0278482,0.0282358,0.0248584,0.030559,0.0297861,0.0315124,0.0375755,0.0439844,0.0477445,0.0593808,0.0699888
771.411,0.0397377,0.0386115,0.0414762,0.0398871,0.0406379,0.037909,0.0333902,0.0327318,0.0312617,0.0308611,0.0353179,0.0303419,0.0317495,0.0367572,0.037921,0.0422509,0.0484163,0.0593503,0.0685463
771.8,0.0418764,0.0395228,0.0431016,0.036459,0.0370467,0.0355186,0.0354633,0.0326416,0.0313777,0.0312812,0.028785,0.0302875,0.0301662,0.036195,0.0394319,0.0439991,0.0511517,0.061685,0.0687639
772.188,0.0388987,0.0371916,0.0400338,0.0403241,0.0366925,0.0341825,0.0345413,0.0308573,0.0324138,0.0331377,0.0322032,0.0321922,0.0312248,0.035644,0.0384903,0.0445741,0.0506351,0.0622024,0.0680298
772.576,0.0405648,0.0439927,0.0416417,0.0389895,0.039239,0.0364622,0.0316884,0.0330255,0.034373,0.0273746,0.0339296,0.0326764,0.0303635,0.0376759,0.0405538,0.0422185,0.0514005,0.058652,0.0687657
772.964,0.0352543,0.039074,0.0373088,0.037978,0.0378042,0.0348326,0.0316022,0.0292138,0.0283129,0.0286967,0.028848,0.0285995,0.0318014,0.0299296,0.0372134,0.0381734,0.0462529,0.0561133,0.0708054
773.352,0.0391617,0.0391387,0.035903,0.0388944,0.0379858,0.0350402,0.035047,0.0327902,0.0325779,0.0268408,0.0299708,0.0330676,0.0320019,0.0344268,0.0383082,0.0431843,0.0463586,0.0576957,0.0694585
773.74,0.0415814,0.0375124,0.0359439,0.035799,0.0359839,0.0352394,0.035479,0.0280096,0.0292368,0.0299065,0.0311537,0.0289697,0.029734,0.0347856,0.0346378,0.0409514,0.0502169,0.056381,0.0688243
774.127,0.0386185,0.0407432,0.0375492,0.0387245,0.0383637,0.034841,0.0327685,0.032007,0.0316926,0.0325717,0.0301857,0.0310557,0.0325465,0.0329478,0.0373732,0.0396437,0.0507265,0.0594595,0.0681826
774.515,0.0394842,0.0416523,0.0438731,0.0405387,0.0384072,0.0364226,0.0368375,0.0360609,0.0315245,0.0304891,0.0300046,0.0304896,0.0325118,0.0308035,0.0387073,0.0438096,0.0528974,0.0564535,0.0701418
774.902,0.0416852,0.0417219,0.0435308,0.0426985,0.0431421,0.0393984,0.0337986,0.035349,0.0315902,0.0324869,0.0341267,0.0331197,0.0348218,0.0353789,0.0401797,0.0459969,0.0546587,0.0620422,0.070571
775.289,0.0398497,0.0374192,0.0414912,0.0385138,0.0358016,0.0366413,0.0349175,0.0311154,0.0312458,0.0314481,0.0319104,0.0312318,0.0339929,0.0320926,0.0381983,0.042166,0.0495044,0.0567958,0.069483
775.676,0.0413404,0.0407013,0.0394558,0.0409211,0.037622,0.0341778,0.0354308,0.0330487,0.0306857,0.0322657,0.0326363,0.0335219,0.0329588,0.037346,0.0361954,0.0418729,0.0492893,0.0587862,0.0700368
776.063,0.0417759,0.0380026,0.0409906,0.0392623,0.0388695,0.0351538,0.0361423,0.0348944,0.0317929,0.0308222,0.0314675,0.029157,0.0347465,0.0381416,0.0411897,0.0467194,0.0491376,0.0619627,0.0755249
776.45,0.0364329,0.0401541,0.0405971,0.0408122,0.040053,0.0378652,0.0336762,0.029842,0.0301141,0.0340134,0.0320038,0.0305872,0.0336018,0.0334554,0.0340579,0.0430926,0.0510712,0.0595367,0.0737834
776.837,0.0382354,0.0377357,0.0373345,0.0347582,0.034351,0.0333394,0.0308124,0.0318044,0.0308855,0.0299554,0.0308407,0.0284173,0.0292799,0.0313652,0.0340131,0.0410574,0.0478406,0.0573438,0.0694166
777.224,0.0403029,0.0403729,0.0375854,0.0374622,0.0386538,0.0347933,0.036646,0.0304386,0.0308017,0.0300962,0.0291373,0.0314723,0.0277103,0.0326412,0.0345345,0.04491,0.0500417,0.0578035,0.0705197
777.61,0.0411645,0.0398118,0.0372414,0.0382862,0.0377528,0.0367685,0.0347281,0.0311129,0.0348818,0.0319117,0.029825,0.0325887,0.0330625,0.037837,0.036848,0.0416221,0.0526193,0.0593323,0.0707833
777.997,0.038118,0.0377923,0.0366163,0.0349475,0.0351604,0.0328923,0.0347709,0.0316296,0.0303715,0.0295965,0.0292634,0.0275734,0.0300953,0.0311767,0.0345489,0.0430829,0.049294,0.055848,0.0659194
778.383,0.0421292,0.0420965,0.0359719,0.0352111,0.0347043,0.0360441,0.0321364,0.0301653,0.0282426,0.0304623,0.0291595,0.0318438,0.0284403,0.0319432,0.0342536,0.0380015,0.0504039,0.0592884,0.0686379
778.769,0.0385996,0.0394429,0.0386087,0.0393122,0.0385792,0.0350089,0.0352732,0.0314349,0.0313098,0.0326494,0.0320077,0.0327053,0.0306653,0.0327211,0.0361406,0.0423561,0.0489099,0.0605686,0.0710888
779.155,0.0398474,0.0404569,0.0416358,0.0390458,0.0368933,0.0347216,0.0331954,0.0312168,0.0308055,0.0304209,0.030681,0.0328294,0.0314851,0.0371546,0.0398279,0.0447156,0.0506826,0.0611759,0.0667949
779.541,0.0419728,0.0381002,0.0390767,0.0373118,0.0346773,0.0355272,0.0324533,0.0315511,0.0284284,0.0298071,0.0268327,0.0322435,0.0311577,0.0320816,0.0366802,0.0448262,0.0451421,0.0560927,0.0715021
779.927,0.0408973,0.0387341,0.0347592,0.0381993,0.0371042,0.0335339,0.0347648,0.0301702,0.0318526,0.0294592,0.0296492,0.0294152,0.0337027,0.0334348,0.0406253,0.0426526,0.0498909,0.0552957,0.0745161
780.312,0.0420312,0.0413235,0.042177,0.0397896,0.0338528,0.0396679,0.036369,0.0351194,0.0334719,0.0343646,0.0298079,0.0326646,0.0325193,0.0330631,0.0356744,0.0434867,0.0488276,0.0607196,0.0734019
780.698,0.0392552,0.0401937,0.039062,0.039555,0.0312992,0.0353314,0.0338244,0.0305564,0.0300942,0.0352898,0.0311418,0.0335239,0.0329659,0.0331744,0.0430761,0.0423193,0.0480497,0.0611893,0.0761145
781.083,0.0400362,0.0379796,0.0382383,0.0396069,0.0372134,0.0369369,0.034283,0.0331694,0.0296852,0.0322556,0.0334216,0.029811,0.0332185,0.0340907,0.0353949,0.0443569,0.0514214,0.0607885,0.0767699
781.469,0.0362094,0.0394638,0.0345004,0.0323275,0.0343737,0.0335734,0.02977,0.0276327,0.0301798,0.0283456,0.0287744,0.0288042,0.0297699,0.0310547,0.0379413,0.0388452,0.0473733,0.0536638,0.0707393
781.854,0.0404848,0.0429907,0.0380723,0.0361471,0.0368515,0.0351471,0.0367345,0.0349951,0.0304708,0.029792,0.0322449,0.0318374,0.0332495,0.03527,0.0369539,0.0431366,0.0491047,0.0603076,0.0696702
782.239,0.0408167,0.0425534,0.0443647,0.0393745,0.0403987,0.0347032,0.0368261,0.0370619,0.0338483,0.0316049,0.0322984,0.0302225,0.0332888,0.0341994,0.0344883,0.0446939,0.0507457,0.0590963,0.0725666
782.624,0.0365022,0.0389756,0.0372838,0.0359204,0.0342639,0.0351095,0.0303853,0.0298171,0.0325252,0.0292949,0.0308071,0.0310737,0.0343144,0.0341926,0.0371199,0.0390017,0.0515594,0.0582093,0.0723772
783.008,0.0406844,0.0381539,0.0368758,0.037149,0.0351909,0.0330556,0.0346039,0.0329798,0.0312817,0.0283136,0.029775,0.0295826,0.0314313,0.030961,0.0357023,0.0430076,0.0474847,0.0573145,0.0696306
783.393,0.0415078,0.038089,0.0354888,0.0388015,0.0362038,0.0358849,0.0322685,0.032797,0.032942,0.0294922,0.0286842,0.0282768,0.0317762,0.032811,0.0325391,0.038959,0.0462636,0.0611292,0.0682121
783.778,0.0398192,0.0392045,0.0368345,0.034792,0.0358259,0.0325794,0.0305282,0.0330619,0.0284753,0.0268337,0.0295311,0.0300316,0.0318323,0.0313144,0.0343773,0.0416498,0.0460407,0.0559728,0.0715151
784.162,0.0399979,0.0399333,0.0397816,0.0359101,0.037515,0.0361558,0.0314582,0.0317734,0.03191,0.029816,0.0294627,0.0295334,0.0310314,0.0353113,0.0399399,0.0443061,0.0484238,0.0587389,0.0667722
784.546,0.038772,0.0383666,0.0380451,0.0372799,0.0381741,0.0360292,0.0310785,0.0305311,0.0255232,0.0303231,0.0286349,0.0314312,0.027167,0.0320746,0.0405899,0.0417092,0.0484979,0.05512,0.0672642
784.931,0.0407704,0.0379997,0.0439856,0.0362581,0.0375647,0.0345556,0.0339449,0.0343756,0.0317473,0.0321981,0.030933,0.0328465,0.0328358,0.0337021,0.0379626,0.0488759,0.0471659,0.057113,0.0704863
785.315,0.0407731,0.0399366,0.0379743,0.0337489,0.0361879,0.0335752,0.0326559,0.0331214,0.0261188,0.0270762,0.0290793,0.0295314,0.0305351,0.0324857,0.0359142,0.0384057,0.0439118,0.0582906,0.0702416
785.699,0.0373965,0.0377128,0.0377921,0.034745,0.0334369,0.0313504,0.0336206,0.0326947,0.0286446,0.0284298,0.0289602,0.0337479,0.0288253,0.0370541,0.036041,0.0392873,0.0482362,0.0575327,0.0647418
786.082,0.0380536,0.0388225,0.0363009,0.0336329,0.0314167,0.0312225,0.0312066,0.0320336,0.0282482,0.0265329,0.0309398,0.0284194,0.0307037,0.0334483,0.0359951,0.0404214,0.0489724,0.0583889,0.0687054
786.466,0.0410153,0.0445678,0.0405354,0.0385303,0.037804,0.0354596,0.0355908,0.0326487,0.0338307,0.0305821,0.0305308,0.0305735,0.0314002,0.0343422,0.0390643,0.0411977,0.0489091,0.0584695,0.0718655
786.85,0.0406311,0.037597,0.0398331,0.0364347,0.0358958,0.034676,0.0316622,0.0340454,0.0283058,0.0312324,0.0291842,0.0303185,0.0269183,0.0330131,0.0355943,0.0436252,0.0535482,0.0593913,0.0700145
787.233,0.0428577,0.0408212,0.0400005,0.0386795,0.0348992,0.0370432,0.0330384,0.0313755,0.0293983,0.0292069,0.0303647,0.0301113,0.0338971,0.0322107,0.0416153,0.0430493,0.0518406,0.0580044,0.0698911
787.616,0.0385636,0.0414649,0.0399698,0.0400907,0.037187,0.0412772,0.0366246,0.0364574,0.0367311,0.0334585,0.0279519,0.0335779,0.0309985,0.0352824,0.0404691,0.0430923,0.0492864,0.0601894,0.0699731
788,0.0385843,0.0355607,0.0367039,0.0384147,0.0323551,0.0324957,0.0315477,0.0297915,0.0251119,0.034633,0.0281135,0.0248551,0.026216,0.0304271,0.0367544,0.0392519,0.0444503,0.0567417,0.0664569
788.383,0.0417006,0.0442073,0.0406329,0.0417426,0.04074,0.0403941,0.0401633,0.0348365,0.0334924,0.0334655,0.0364567,0.0348483,0.0361612,0.0385731,0.0453262,0.0454491,0.0518152,0.0654541,0.0761604
788.766,0.0386075,0.0420677,0.0367949,0.0349891,0.0352027,0.0332153,0.0293032,0.0298061,0.0305502,0.0291896,0.0260379,0.029119,0.0308025,0.0328504,0.033177,0.0391246,0.0475255,0.0632329,0.0704787
789.148,0.0389084,0.0386421,0.0376318,0.0333459,0.0338534,0.0351319,0.0316235,0.0291939,0.0291364,0.0286535,0.0258267,0.0280103,0.0301943,0.0333267,0.0373099,0.0382214,0.0449823,0.0566935,0.0687861
789.531,0.0400891,0.0373968,0.036505,0.0397241,0.0366237,0.0346176,0.0296146,0.0318366,0.0299822,0.0322772,0.0270774,0.0310789,0.0301949,0.0335173,0.0350046,0.0416662,0.0486205,0.0567351,0.0724109
789.914,0.041335,0.0401611,0.035863,0.0352932,0.0364176,0.0348892,0.034928,0.0338932,0.031029,0.0301929,0.0301157,0.0267466,0.0303268,0.0341598,0.0351943,0.0414985,0.0442352,0.0573986,0.0701975
790.296,0.0399683,0.0355396,0.036002,0.0358548,0.0355116,0.033783,0.0303326,0.0298328,0.0275455,0.0306182,0.0322413,0.0296104,0.0307083,0.0298471,0.0352625,0.0403777,0.0483549,0.0559427,0.0689032
790.678,0.0397109,0.0393182,0.0410593,0.0388045,0.0341504,0.0353559,0.0345775,0.0338613,0.0295159,0.0316325,0.028858,0.0336588,0.0323886,0.0331789,0.0389101,0.0439201,0.0500285,0.0553971,0.0678296
791.061,0.0395753,0.041964,0.0383734,0.0377516,0.0351603,0.0353819,0.033356,0.0335574,0.0296196,0.0321797,0.0293329,0.0309507,0.0335953,0.0355674,0.0381336,0.0437279,0.0483846,0.0559175,0.0718942
791.443,0.0409753,0.0379329,0.0429034,0.0386043,0.0358069,0.0330508,0.03496,0.033356,0.0307946,0.0325216,0.0292451,0.0325874,0.031969,0.0329635,0.0359057,0.0407064,0.0528678,0.0604447,0.0718856
791.825,0.0367732,0.0363064,0.0387785,0.0377522,0.0363895,0.0320619,0.034234,0.0284134,0.0279661,0.0298105,0.0291527,0.0299401,0.0300237,0.0325944,0.0390365,0.0429127,0.0491546,0.0565804,0.0712441
792.207,0.0405296,0.0395883,0.0402775,0.0385467,0.0392788,0.0362101,0.0382739,0.0345671,0.030386,0.0331351,0.0313882,0.031445,0.0339595,0.0354077,0.0385847,0.0437206,0.0509215,0.0590373,0.0720311
792.588,0.038236,0.0416575,0.0396335,0.0402868,0.0368284,0.0391856,0.036161,0.0354591,0.033208,0.0345367,0.0276425,0.0318343,0.0329267,0.035111,0.0371757,0.0469043,0.0494802,0.0598296,0.0699199
792.97,0.0407997,0.0365061,0.0406136,0.0352677,0.0362558,0.0332973,0.031981,0.0326103,0.0290045,0.0304298,0.0277537,0.0286532,0.0316893,0.031074,0.0377837,0.0404387,0.0432585,0.0604632,0.0689515
793.351,0.040343,0.0373322,0.038014,0.04013,0.0372041,0.0346781,0.0336791,0.0352075,0.0294527,0.0320675,0.027049,0.0282047,0.0304134,0.0325549,0.0374822,0.0451224,0.0513799,0.058173,0.0706767
793.733,0.0425116,0.0396706,0.0415812,0.0380738,0.0395313,0.0379287,0.0339019,0.0339278,0.0327099,0.0361372,0.0346298,0.0313045,0.0324293,0.034861,0.0390831,0.0470566,0.0517161,0.0619321,0.0727199
794.114,0.0378464,0.04054,0.0374036,0.0371225,0.0374767,0.0345348,0.0325139,0.0313097,0.0316506,0.0277655,0.0305559,0.0294252,0.0311752,0.033835,0.038031,0.0392305,0.0460023,0.0577334,0.0655838
794.495,0.0424038,0.0383937,0.0394583,0.039501,0.0369051,0.036953,0.0299502,0.0346241,0.0310386,0.0313434,0.0291789,0.0294661,0.0302088,0.0333931,0.0390537,0.0392174,0.0500642,0.0570738,0.0703535
794.876,0.0383441,0.0349006,0.0363043,0.0360327,0.03272,0.035521,0.0320049,0.0295329,0.0297152,0.0276297,0.02988,0.0327972,0.0303882,0.0326809,0.0353296,0.0404595,0.0483019,0.0603633,0.07083
795.257,0.0401263,0.0366331,0.0388512,0.0396783,0.0373257,0.0354838,0.0333075,0.0318138,0.0302899,0.0299958,0.0270563,0.0316462,0.0299195,0.0345106,0.0376409,0.0434435,0.0490065,0.056074,0.0726245
795.638,0.0403149,0.0397217,0.0390904,0.0403037,0.0393377,0.0352626,0.0330422,0.0324115,0.0323371,0.0298289,0.0310124,0.0291903,0.0320989,0.0371207,0.0402189,0.0456113,0.0473162,0.0594412,0.0697726
796.018,0.0432138,0.0392692,0.0396339,0.0395262,0.0362714,0.0354897,0.0332907,0.0350008,0.0344052,0.0304723,0.0319476,0.0293096,0.0344614,0.0351674,0.0403658,0.0409387,0.0458901,0.0622704,0.0688351
796.399,0.04213,0.0427527,0.0366209,0.0416048,0.0381561,0.0401401,0.0321867,0.0332739,0.0310071,0.0336835,0.0300107,0.0298653,0.0348128,0.0333113,0.0421663,0.0434918,0.0552557,0.0610289,0.068294
796.779,0.0412456,0.0414862,0.0410136,0.0389035,0.0352709,0.0375534,0.0341671,0.0301737,0.0268295,0.0290412,0.0270432,0.0306252,0.0332972,0.0322843,0.0382338,0.0426149,0.0492854,0.0568504,0.0698968
797.159,0.0429925,0.0468597,0.0437588,0.0402918,0.0387365,0.0388181,0.0363309,0.0335298,0.0385175,0.0371207,0.0322159,0.0353105,0.0344055,0.0366909,0.0416398,0.0434342,0.0533171,0.0636403,0.073932
797.539,0.0460242,0.0394017,0.0410619,0.0371499,0.0409491,0.0391315,0.0359333,0.0361248,0.0323412,0.0318326,0.0346172,0.0332566,0.0371362,0.0391375,0.0405347,0.0402509,0.0515287,0.0605465,0.0718221
797.919,0.0409758,0.038511,0.0342834,0.0370784,0.035201,0.0379731,0.0340917,0.032315,0.0286292,0.0301031,0.0287331,0.0303355,0.0344673,0.0335537,0.0375537,0.044448,0.0467043,0.0586404,0.0719973
798.299,0.0367984,0.0371448,0.0371626,0.0360249,0.0357223,0.0330603,0.0302509,0.030741,0.031945,0.0256531,0.0266111,0.0313296,0.0304934,0.0336077,0.0331107,0.0405847,0.0449175,0.0581076,0.0689739
798.679,0.0410795,0.0402952,0.0447642,0.0403608,0.0410375,0.0399128,0.0351761,0.0309392,0.0309714,0.0307019,0.0308401,0.0322159,0.0344056,0.0373362,0.0403577,0.04455,0.0514327,0.0611393,0.0761887
799.059,0.0416552,0.0420424,0.0415852,0.0409591,0.0379177,0.0371373,0.0367478,0.0365518,0.034473,0.0328854,0.0356397,0.0309378,0.033652,0.0377931,0.04281,0.0437852,0.0517857,0.0615609,0.0723549
799.438,0.0409392,0.039924,0.0437034,0.0375621,0.0349824,0.0330135,0.033832,0.033411,0.0320571,0.0345789,0.0313729,0.0293676,0.0367266,0.0383151,0.0416073,0.0446969,0.0513892,0.0638243,0.0744158
799.817,0.0377772,0.0342875,0.038856,0.0351925,0.0320085,0.035067,0.0300211,0.0347162,0.0314921,0.0294923,0.0266368,0.0297303,0.0282655,0.0320706,0.0352405,0.0433109,0.0493622,0.0559011,0.0706069
800.197,0.0368887,0.037709,0.0351018,0.0336407,0.0325561,0.0333891,0.033539,0.0264991,0.0276834,0.0278478,0.0276485,0.0281468,0.0287154,0.0327046,0.0345552,0.0368345,0.0477157,0.0543483,0.0646468
800.576,0.0398983,0.0386397,0.0411776,0.0390999,0.037316,0.0376689,0.0357331,0.029025,0.0303027,0.0294198,0.0285018,0.0289842,0.0314312,0.0337436,0.0432242,0.0416468,0.0534787,0.0586644,0.0730841
800.955,0.0394208,0.0451306,0.0426566,0.03731,0.0408042,0.0360024,0.0396076,0.0344618,0.0301017,0.0344102,0.0301972,0.0338404,0.0314015,0.0348736,0.0380366,0.0448404,0.051107,0.0586594,0.070965
801.334,0.0409329,0.0382851,0.0448567,0.0384923,0.0399598,0.0358804,0.0354634,0.0353888,0.0326554,0.0307075,0.0319726,0.0304417,0.0322528,0.0335018,0.0403889,0.0450986,0.0495075,0.060587,0.0711596
801.712,0.0421798,0.0417145,0.035019,0.0361496,0.0381605,0.0361855,0.0356348,0.0324402,0.0329994,0.0309205,0.0274704,0.0336445,0.0286318,0.0325807,0.0361057,0.0460912,0.0471476,0.0649656,0.0718295
802.091,0.0441726,0.0414863,0.0381559,0.0440293,0.0370817,0.0376918,0.0357885,0.0378724,0.0333311,0.0335473,0.0301697,0.0347434,0.035208,0.0352996,0.0402989,0.0473529,0.050037,0.0588303,0.0728825
802.47,0.0374816,0.0388944,0.0377421,0.037202,0.0336795,0.0334048,0.0291348,0.0298337,0.0302858,0.0294702,0.0260183,0.0305981,0.0315379,0.0309416,0.0354536,0.0412483,0.0519666,0.0556082,0.0686516
802.848,0.0423632,0.0390576,0.0423567,0.0379809,0.0346846,0.0353573,0.0336253,0.0308008,0.032822,0.0343234,0.0336231,0.0308935,0.0312633,0.0332123,0.0381734,0.044381,0.0498579,0.0568662,0.0739468
803.226,0.0384688,0.0407046,0.0376022,0.034045,0.0376332,0.032045,0.0308558,0.0311197,0.0286102,0.0276793,0.0297695,0.0274069,0.02996,0.034246,0.0339458,0.0387684,0.0482665,0.0571131,0.0704699
803.604,0.0398813,0.0348718,0.036393,0.0330925,0.0354152,0.0322627,0.0322801,0.0311134,0.0319136,0.0265071,0.0251416,0.0238603,0.0342291,0.0313256,0.0325239,0.0405492,0.0479012,0.0551253,0.0681647
803.982,0.0389722,0.0398713,0.0379342,0.0369215,0.0374155,0.037053,0.0327636,0.0314152,0.0333702,0.0292053,0.0303579,0.0297476,0.0325682,0.0307684,0.034561,0.0441923,0.049833,0.0622911,0.0719835
804.36,0.0438253,0.0377158,0.0401848,0.0354034,0.0324292,0.0374495,0.0348496,0.0314971,0.0314492,0.0276629,0.0300881,0.0329152,0.0308065,0.0327579,0.037554,0.045429,0.0481631,0.0547749,0.0712555
804.738,0.0355252,0.038769,0.0385556,0.0367831,0.0366801,0.0321781,0.0323815,0.0320537,0.0305835,0.0307514,0.0288876,0.0314571,0.0325684,0.0314817,0.0397395,0.039441,0.0486993,0.0595532,0.0722608
805.116,0.0421284,0.0365179,0.0424122,0.0393714,0.0375862,0.0334038,0.0344589,0.0363358,0.0349595,0.033679,0.0334049,0.0301028,0.0324951,0.0368265,0.0397378,0.0463211,0.052704,0.0591994,0.0713002
805.493,0.0396261,0.0411077,0.0367896,0.0363419,0.0362317,0.0323828,0.0327298,0.0332999,0.0311944,0.0286478,0.0295658,0.0294463,0.0331052,0.0299986,0.0363749,0.0438308,0.0488595,0.05758,0.0660778
805.871,0.0427691,0.0426069,0.0407638,0.0404523,0.0413058,0.0358313,0.0351191,0.033079,0.0318059,0.0326408,0.0295011,0.034262,0.0346052,0.0367778,0.0426245,0.0452372,0.0535883,0.0613176,0.0711947
806.248,0.0419362,0.0421211,0.038674,0.0375231,0.0383393,0.0360264,0.034481,0.0311109,0.0335279,0.0313848,0.0318515,0.0308205,0.0366028,0.0361582,0.0389039,0.0464622,0.0519028,0.0619442,0.0694078
806.625,0.0379321,0.0400331,0.0345481,0.037107,0.0343376,0.0316505,0.0356459,0.031389,0.0303959,0.0263193,0.0289089,0.028202,0.0291991,0.0308999,0.0374335,0.0431488,0.0484719,0.0593727,0.0679298
807.002,0.0346128,0.0371516,0.0362905,0.0360265,0.0321691,0.0307907,0.0308227,0.0321671,0.0299212,0.0259651,0.0262031,0.0266224,0.0292374,0.0318114,0.0362148,0.0415419,0.0493299,0.0567273,0.0675532
807.379,0.0404936,0.0409095,0.0367489,0.0353763,0.0376193,0.0337013,0.0363185,0.0355644,0.0337782,0.0294934,0.030439,0.0298329,0.03403,0.0336469,0.0430815,0.0456681,0.0525572,0.0588391,0.0710105
807.756,0.0355732,0.0388058,0.0392542,0.0363961,0.0343116,0.0325322,0.0322704,0.0313719,0.0310133,0.0302442,0.0306853,0.0300791,0.0308922,0.033327,0.0340055,0.0383786,0.0487319,0.0579459,0.074109
808.132,0.0401721,0.0414794,0.0381338,0.0373159,0.0367025,0.0349037,0.0333552,0.0333558,0.0274605,0.0300322,0.0347798,0.0318122,0.0277338,0.0308263,0.0393479,0.0382967,0.0518279,0.0631474,0.0703684
808.509,0.0414548,0.0403157,0.0390196,0.0364077,0.0350909,0.0351993,0.0335296,0.0315206,0.0305042,0.0316252,0.0327694,0.0300061,0.0331303,0.0371974,0.0383289,0.0437215,0.0519423,0.0573282,0.0725076
808.885,0.0398471,0.0410538,0.0391651,0.0360756,0.0374571,0.0348944,0.0338221,0.0323558,0.0287881,0.0261595,0.0297563,0.0295914,0.0324644,0.0357201,0.0377748,0.0444284,0.0502051,0.0595589,0.0717159
809.262,0.040065,0.0410115,0.0404872,0.0317584,0.0376749,0.0371615,0.0347996,0.0294732,0.0314568,0.0272273,0.0308668,0.0306082,0.0318816,0.036085,0.0391494,0.043587,0.0517924,0.0610649,0.0731931
809.638,0.0369726,0.0344341,0.0397149,0.0361916,0.0410779,0.0329495,0.0338145,0.0294364,0.0315833,0.0295224,0.0320775,0.0347331,0.0320507,0.0332386,0.0376633,0.0455434,0.0504697,0.0586844,0.0744883
810.014,0.0407814,0.0408123,0.0399074,0.0412043,0.0404257,0.0391234,0.0340222,0.03091,0.0321557,0.0324042,0.0352686,0.0314302,0.0349673,0.0330783,0.0372773,0.0462571,0.0476762,0.058898,0.0694852
810.39,0.0405195,0.0415926,0.0365194,0.0344113,0.0381144,0.0371039,0.0350617,0.034565,0.0320834,0.0324942,0.0305734,0.0303997,0.0325254,0.0333787,0.0396558,0.0440364,0.050153,0.0604293,0.0675159
810.765,0.0423576,0.0400482,0.0380554,0.0398013,0.037801,0.0314375,0.0338113,0.0314264,0.0281186,0.0311906,0.0296667,0.0292308,0.0353838,0.0320004,0.0363117,0.0398354,0.0501216,0.0599747,0.0694775
811.141,0.0427185,0.0402098,0.0399943,0.0395133,0.0357728,0.0351346,0.037137,0.0340161,0.0310667,0.030731,0.0337573,0.0287944,0.0291729,0.0355794,0.0372186,0.0434048,0.0460504,0.0618038,0.0731802
811.517,0.0451987,0.046175,0.0393546,0.0439287,0.0371722,0.0373025,0.036575,0.0333116,0.034867,0.0359245,0.0325696,0.0336575,0.034839,0.0382783,0.0405274,0.0510352,0.0556212,0.0618941,0.07541
811.892,0.0373027,0.0407045,0.0368496,0.0361039,0.0340695,0.0366444,0.0312101,0.0314177,0.0327532,0.0283051,0.0307386,0.0286527,0.0294295,0.036124,0.034777,0.039714,0.0491869,0.0566141,0.0716742
812.267,0.0402493,0.0441402,0.0404873,0.0397123,0.0395064,0.0390883,0.0393718,0.0312093,0.0322679,0.0322246,0.0355341,0.0300422,0.0311212,0.0343173,0.0420957,0.0446663,0.0520497,0.0646421,0.0727048
812.643,0.0378126,0.0398876,0.0390948,0.0337784,0.0338234,0.0316648,0.0314562,0.0318253,0.029568,0.0314128,0.0345031,0.0281923,0.0315061,0.0342685,0.0381825,0.0385082,0.0487515,0.0572697,0.0687597
813.018,0.0418099,0.0383703,0.036964,0.0387341,0.0324538,0.0391002,0.0322812,0.0297698,0.0350047,0.0327592,0.0279971,0.031297,0.0348868,0.0338872,0.0390979,0.0401553,0.0467116,0.0562646,0.0726315
813.393,0.0416331,0.0407405,0.0393848,0.0381517,0.0350571,0.0376615,0.033214,0.0333305,0.0314541,0.032914,0.0337842,0.0328995,0.0355973,0.0335071,0.038876,0.0422216,0.0509085,0.0606168,0.0717542
813.767,0.0399806,0.0414617,0.0419465,0.0404567,0.0395776,0.0360553,0.0352588,0.035946,0.0321511,0.0322479,0.0298036,0.032884,0.0333112,0.0390357,0.0423147,0.0453417,0.0522108,0.0615969,0.071381
814.142,0.0408391,0.0428275,0.038872,0.0385117,0.0392969,0.0334522,0.0304479,0.0311141,0.0285493,0.0321792,0.0320569,0.030238,0.0316212,0.0318402,0.036058,0.0419933,0.0478242,0.0615942,0.0663859
814.517,0.0377683,0.0438446,0.0384964,0.0398201,0.0384164,0.033217,0.0328285,0.0324397,0.0322802,0.0272069,0.0308981,0.0346454,0.0312727,0.035551,0.038235,0.0429407,0.0509242,0.0655465,0.0708547
814.891,0.0356818,0.0366792,0.03599,0.0330078,0.0344609,0.0321094,0.0334925,0.0289075,0.0305725,0.0266232,0.0291269,0.0236188,0.0284802,0.0339207,0.035591,0.0395527,0.045275,0.0611316,0.0703976
815.265,0.0401867,0.0384852,0.0399803,0.0366063,0.0382286,0.0374442,0.0315279,0.0365305,0.0286648,0.0289847,0.0305497,0.0334543,0.0321623,0.0336014,0.0403192,0.0414518,0.0474583,0.0626711,0.0717188
815.639,0.0407755,0.0409628,0.0381728,0.0372932,0.0386939,0.0342534,0.0330924,0.0318254,0.0310293,0.0291871,0.0302123,0.0342143,0.0307926,0.0328125,0.0368387,0.0404967,0.0500709,0.0539982,0.070678
816.014,0.041425,0.0378747,0.0378766,0.0379696,0.0381479,0.0359139,0.0326801,0.0284952,0.0314064,0.0324984,0.0287293,0.0320575,0.0345872,0.0391108,0.0381458,0.0470087,0.0524236,0.055979,0.0738949
816.387,0.0342321,0.0360503,0.0389669,0.0349856,0.034661,0.0305707,0.0280168,0.0307535,0.0289937,0.0283955,0.0249604,0.0259794,0.0317013,0.0312845,0.0351615,0.0393368,0.047435,0.0549732,0.0680532
816.761,0.0423297,0.0424286,0.0430702,0.0402377,0.0403855,0.0360715,0.0383549,0.0342283,0.0328612,0.0323575,0.0388136,0.030059,0.0305193,0.0355897,0.0375883,0.0476007,0.0542548,0.064159,0.0735384
817.135,0.0426697,0.0442749,0.038754,0.0439392,0.0394714,0.0393753,0.0357007,0.0356015,0.0304374,0.0324642,0.0360608,0.0314747,0.0311909,0.0368378,0.0353189,0.044845,0.0519819,0.0632329,0.074083
817.509,0.0379727,0.0373874,0.0398744,0.0343023,0.0365684,0.0332753,0.0297274,0.0269717,0.0257313,0.0266017,0.0301628,0.0322588,0.0292393,0.0292094,0.0323275,0.0383153,0.0477332,0.0553704,0.0675734
817.882,0.0374132,0.0378226,0.0372811,0.0355445,0.0345899,0.0359252,0.0325265,0.02953,0.0295635,0.0320979,0.0304793,0.0338973,0.0305408,0.0341033,0.0362666,0.0394078,0.0492154,0.0571897,0.0741542
818.255,0.0387463,0.0397633,0.0353595,0.0402159,0.0376583,0.0378546,0.0354737,0.0348545,0.0317093,0.0309979,0.0304914,0.0322998,0.0328277,0.0387197,0.0394587,0.0401072,0.0494379,0.0625228,0.0697781
818.628,0.0424362,0.0394619,0.0367334,0.0372003,0.0404687,0.0370675,0.0345081,0.0319776,0.0336233,0.0274645,0.0266907,0.0313704,0.0321325,0.035172,0.0355856,0.0417246,0.0497131,0.0587224,0.0711431
819.002,0.0376567,0.0378553,0.0405821,0.0411572,0.0391404,0.03146,0.0300659,0.031375,0.0315208,0.0276034,0.0284322,0.0318565,0.033141,0.0318678,0.0365492,0.0405267,0.0479924,0.0564871,0.0671157
819.374,0.0408041,0.0394895,0.0412473,0.0434578,0.0393631,0.0352355,0.0351801,0.034539,0.0359398,0.0284401,0.0316354,0.033233,0.0367227,0.0348028,0.0386528,0.0492628,0.049758,0.0630069,0.0733087
819.747,0.0404225,0.0393965,0.040052,0.0397213,0.0343925,0.03321,0.0336315,0.0317554,0.0322197,0.0261745,0.0284903,0.0334108,0.0323915,0.0342283,0.0389443,0.0443917,0.0534908,0.0599406,0.0693638
820.12,0.0413846,0.0388573,0.0425469,0.0395715,0.0334566,0.0338338,0.0312616,0.0350255,0.0351722,0.029112,0.0290539,0.0350567,0.0354537,0.0329664,0.0388021,0.0430857,0.0531526,0.0549159,0.0728361
820.493,0.0435849,0.0416015,0.0439478,0.0393983,0.0345015,0.0356614,0.0337611,0.0373321,0.0345861,0.0316258,0.0361037,0.0328305,0.0339441,0.0365192,0.0395048,0.0414935,0.0540107,0.060734,0.074218
820.865,0.0440019,0.0442656,0.0440245,0.0441318,0.040042,0.0387072,0.0373321,0.0366507,0.0348358,0.032239,0.0345992,0.0360623,0.0325659,0.0370816,0.042842,0.0482651,0.0522794,0.0654095,0.07667
821.237,0.0403966,0.0423967,0.0422634,0.0365752,0.0391264,0.0396915,0.0338384,0.0314377,0.0290784,0.0330155,0.0348806,0.0345052,0.03017,0.0378393,0.0365144,0.0486287,0.0529548,0.0614042,0.0746066
821.61,0.0340493,0.0382433,0.0398198,0.0378574,0.0357499,0.0349846,0.031448,0.0289571,0.0304142,0.0292259,0.0259213,0.0267156,0.0324929,0.0283189,0.0392327,0.0389508,0.0485749,0.0574529,0.0704249
821.982,0.0413554,0.0388378,0.0358049,0.0400083,0.0408838,0.0388219,0.0360108,0.0371217,0.03365,0.0353497,0.0352522,0.0332573,0.0360457,0.0359164,0.0405347,0.0433293,0.0528735,0.0626438,0.0697448
822.354,0.0411835,0.0435915,0.0431035,0.0393733,0.0442287,0.0377943,0.0339322,0.0397156,0.0331682,0.0319876,0.0282227,0.0327423,0.0408634,0.0343354,0.0386333,0.0449825,0.0527347,0.0629685,0.0732844
822.725,0.0435507,0.045242,0.0498227,0.0416274,0.0400875,0.0395482,0.0395525,0.0356408,0.0351746,0.0336919,0.0348987,0.0343309,0.0384787,0.0399661,0.0445188,0.0482597,0.0551847,0.0638815,0.0756501
823.097,0.037769,0.0448615,0.0404164,0.0382199,0.0359426,0.0330291,0.0316403,0.0304189,0.0304553,0.0278213,0.0302489,0.0302062,0.034008,0.0325206,0.0389118,0.0456026,0.046607,0.0551362,0.076439
823.469,0.0378568,0.0415241,0.0401168,0.0382382,0.0407835,0.0371793,0.0329472,0.0343837,0.0285788,0.0298238,0.0288096,0.0308357,0.0317249,0.0354223,0.0397486,0.0421294,0.0525719,0.063932,0.0727459
823.84,0.0397419,0.0413576,0.0400221,0.0431714,0.0358815,0.0365289,0.0313114,0.0313935,0.0323388,0.0260491,0.0268167,0.0303143,0.0326586,0.0394597,0.0384577,0.0414308,0.0536793,0.0563032,0.0737801
824.211,0.0410546,0.0405821,0.0391079,0.0412273,0.0438059,0.0318284,0.034529,0.0349292,0.032546,0.0320284,0.0299539,0.0323035,0.0355986,0.0417991,0.0372173,0.0460406,0.049694,0.0577132,0.0696397
824.583,0.0409659,0.0394269,0.0361572,0.0370484,0.0348777,0.0355106,0.0310517,0.0363703,0.0338673,0.0311874,0.0296,0.0298945,0.0277334,0.0321772,0.0362238,0.0444957,0.0534618,0.0572626,0.0742027
824.954,0.0359598,0.0394983,0.0379559,0.0341254,0.038756,0.0355892,0.0310311,0.029104,0.0299664,0.0323285,0.0290222,0.0304689,0.0302886,0.029734,0.037119,0.0432502,0.0494566,0.0603741,0.0706743
825.325,0.0329527,0.0377018,0.0337398,0.0328403,0.0316814,0.0313351,0.030309,0.0258838,0.026369,0.0265195,0.025324,0.0250551,0.0250188,0.0348315,0.0315405,0.0398554,0.0454047,0.0554267,0.0660819
825.696,0.0393621,0.0396786,0.0423239,0.0386129,0.0328326,0.0361606,0.0375658,0.0351921,0.0282783,0.0343312,0.0293272,0.035205,0.0317561,0.0326094,0.0405708,0.0425827,0.0505707,0.0609916,0.0745202
826.066,0.0432305,0.042386,0.039259,0.0348178,0.0390597,0.037228,0.0339084,0.0363488,0.0302995,0.0332653,0.0301181,0.0317733,0.0348749,0.0347583,0.0408862,0.0453477,0.0542946,0.0585657,0.074627
826.437,0.0411996,0.037937,0.0341991,0.0383206,0.033235,0.0346515,0.0322625,0.0295767,0.0300697,0.0319356,0.0344125,0.0317009,0.0296335,0.0302753,0.037849,0.0385369,0.0526099,0.0564262,0.0691131
826.807,0.0359271,0.0368327,0.035182,0.0375431,0.0344167,0.0299557,0.029889,0.0320433,0.0285651,0.0309827,0.0255134,0.0326577,0.032826,0.0323212,0.0350357,0.0402397,0.0470708,0.0547333,0.0773359
827.178,0.0437351,0.0405797,0.0432482,0.0357863,0.0394308,0.0386409,0.0355236,0.0353275,0.0377075,0.0380869,0.0363493,0.031652,0.0349651,0.0365177,0.0376786,0.0458065,0.0534621,0.0613948,0.0745203
827.548,0.0363545,0.0377022,0.0346398,0.0340448,0.0332852,0.0328533,0.0272095,0.0335848,0.028484,0.0309888,0.0263332,0.0272321,0.0305065,0.0288078,0.0328211,0.0405785,0.0466453,0.0561591,0.0671157
827.918,0.0438847,0.0419632,0.0408755,0.0374912,0.0432,0.0351215,0.0351178,0.0340846,0.0324508,0.0320903,0.0289901,0.0318554,0.0330386,0.0373035,0.0365993,0.043615,0.0520311,0.0595473,0.0744712
828.288,0.0417126,0.0382531,0.0407273,0.0396901,0.0391584,0.0404807,0.0338834,0.02958,0.0296641,0.031967,0.0346128,0.0265333,0.0365262,0.0315267,0.0353681,0.0395647,0.0486887,0.0584925,0.0697521
828.658,0.0402165,0.0383231,0.0366828,0.0347185,0.0328717,0.0295035,0.0299349,0.0322766,0.0290281,0.0240628,0.0294903,0.0287854,0.0289283,0.0323842,0.0347806,0.0415577,0.0485244,0.0571297,0.0677414
829.028,0.0414824,0.0406826,0.0412905,0.0385146,0.0396169,0.0391301,0.0361435,0.0330324,0.0335914,0.032725,0.03661,0.0338296,0.0367633,0.0369151,0.0427195,0.0428164,0.0537401,0.0648957,0.0749252
829.397,0.0396802,0.0392201,0.0424906,0.040941,0.0392555,0.0348107,0.0319495,0.0309185,0.0313593,0.0342338,0.0321093,0.0334541,0.0316194,0.0350632,0.0374905,0.0420762,0.0492046,0.0585777,0.076452
829.767,0.0357598,0.0380321,0.032258,0.034669,0.0366119,0.0316958,0.0288097,0.0253937,0.0273983,0.025425,0.0294583,0.0231214,0.025574,0.0274048,0.03466,0.0364204,0.0485432,0.0539981,0.0670883
830.136,0.0417401,0.0415412,0.0408458,0.0395672,0.0397541,0.0386732,0.0381718,0.0337689,0.0323542,0.0341149,0.0366129,0.0355247,0.0364905,0.0388969,0.0418393,0.0389608,0.0539959,0.063147,0.0771384
830.505,0.0428053,0.0431721,0.0471956,0.0436689,0.0390976,0.0391007,0.0379746,0.0342999,0.0354849,0.0294431,0.0306625,0.0316732,0.0393181,0.0365123,0.0439896,0.0516713,0.0559421,0.0570558,0.0766898
830.874,0.0361117,0.0387178,0.0390975,0.0365075,0.0348487,0.0309609,0.0314905,0.0329343,0.0286831,0.0304341,0.0283939,0.0292532,0.0303379,0.0323051,0.0375511,0.0419745,0.0496762,0.0603774,0.0685719
831.243,0.0376252,0.040552,0.0403288,0.0366767,0.0363756,0.0361993,0.0299908,0.0327911,0.029908,0.0328143,0.030146,0.0303501,0.0288083,0.029907,0.0348201,0.0458139,0.0492987,0.0593239,0.0687304
831.612,0.0344838,0.0332538,0.0388235,0.0324415,0.034899,0.0340477,0.0273957,0.0304771,0.0298045,0.0247599,0.0299083,0.0324918,0.0271222,0.0277813,0.0346426,0.0441797,0.0470099,0.0584504,0.0704186
831.981,0.0393605,0.0420799,0.0375243,0.0355493,0.0330722,0.038406,0.0330559,0.0306656,0.0335695,0.0318662,0.0315816,0.0316096,0.0322042,0.0341865,0.0363982,0.0409302,0.0493088,0.0510329,0.0705302
832.349,0.0373864,0.0354473,0.0441255,0.0353695,0.0405011,0.0341349,0.0370865,0.0350202,0.0319253,0.0326655,0.0319004,0.0322835,0.0377102,0.0335309,0.0381553,0.0458597,0.046131,0.0596717,0.0730175
832.718,0.0377374,0.0425142,0.0417574,0.0378031,0.0444497,0.038854,0.0327375,0.0305831,0.0269229,0.0328724,0.0303946,0.0289565,0.0274604,0.0332573,0.0402192,0.0466503,0.0494477,0.0636241,0.0712702
833.086,0.0418761,0.0374067,0.0348855,0.0405435,0.04045,0.0330254,0.0352375,0.0358852,0.0298143,0.0277038,0.0288262,0.0316545,0.032389,0.0286177,0.0353509,0.0457383,0.0473582,0.0599353,0.0723904
833.454,0.0386823,0.0386549,0.0358301,0.0404416,0.0385911,0.033496,0.033598,0.0328976,0.0310362,0.0295605,0.0316594,0.028128,0.0326676,0.0330986,0.041955,0.0465546,0.0483044,0.0611892,0.0684911
833.823,0.0356453,0.0382257,0.0379127,0.0415606,0.0337057,0.0334141,0.0324608,0.0280751,0.0295432,0.0323495,0.0299032,0.0313189,0.0314348,0.0353825,0.0382559,0.0443489,0.0510257,0.059731,0.072974
834.191,0.039528,0.036136,0.0320665,0.0335974,0.0357663,0.0347085,0.0271141,0.0300576,0.0275046,0.0247025,0.0264455,0.0286104,0.0353295,0.0298164,0.0372183,0.0434641,0.0475545,0.0553159,0.0715134
834.558,0.0388812,0.0403585,0.0382012,0.040609,0.0377418,0.0357227,0.0331829,0.0346147,0.0304663,0.0286484,0.0273255,0.027707,0.03055,0.0358544,0.0337538,0.0432415,0.0522765,0.0629047,0.0703566
834.926,0.0395869,0.0416066,0.0420623,0.0382789,0.0375078,0.0353129,0.0295915,0.0333986,0.0336857,0.0328362,0.0289817,0.02627,0.0305382,0.0331841,0.0390348,0.0413471,0.0496497,0.0612793,0.0734474
835.294,0.0391143,0.0421311,0.0437475,0.0384449,0.0408405,0.0347139,0.0340543,0.0306025,0.0325682,0.028989,0.031556,0.0354636,0.0389506,0.0337912,0.0373618,0.0479759,0.0526445,0.0672649,0.0723328
835.661,0.0402144,0.0375967,0.041421,0.0389201,0.0383272,0.0385796,0.0318755,0.0296968,0.0348627,0.0305666,0.0256448,0.0314796,0.0315174,0.0337036,0.0397371,0.0388839,0.0561799,0.0602487,0.0731367
836.029,0.0386619,0.0336271,0.0363872,0.0351395,0.0308811,0.0309883,0.0307664,0.0281301,0.0247178,0.0309601,0.0235352,0.0259984,0.0327727,0.0316586,0.0304732,0.040668,0.0437834,0.0591059,0.0681749
836.396,0.0437458,0.0422385,0.0394729,0.0438522,0.042851,0.0387467,0.0312577,0.0366253,0.0323836,0.0326461,0.0339058,0.0348642,0.0347502,0.0390553,0.0400826,0.0465645,0.0505371,0.0568807,0.0762751
836.763,0.0378469,0.0410944,0.0373113,0.0364473,0.038603,0.0354872,0.0317455,0.0340769,0.0361184,0.0309088,0.0290922,0.0300342,0.0345792,0.0326933,0.038549,0.0433588,0.0464204,0.0601068,0.073143
837.13,0.0402991,0.0468277,0.0400959,0.039286,0.0395165,0.0372489,0.0368625,0.0307707,0.0319598,0.0313908,0.0350435,0.0307574,0.0345106,0.03644,0.0453911,0.0429843,0.0530786,0.0599534,0.0778257
837.497,0.0373264,0.0418687,0.0355883,0.0361759,0.0351885,0.0311536,0.0301939,0.0354396,0.0290839,0.0265872,0.0286936,0.0286675,0.0293301,0.0346527,0.0394059,0.0396846,0.0528945,0.0560701,0.0720511
837.864,0.0382337,0.0438568,0.0427917,0.0380208,0.0358266,0.0417914,0.0356168,0.0350533,0.0285878,0.0347171,0.0316998,0.0330347,0.0347499,0.0392717,0.0416772,0.0425867,0.0520479,0.0616287,0.0695572
838.23,0.0430188,0.0461085,0.0413632,0.0422261,0.0458255,0.0388475,0.0393683,0.0344397,0.0349061,0.0378886,0.0326324,0.0367999,0.0354866,0.0373915,0.0410497,0.0448326,0.059723,0.0600584,0.0770354
838.597,0.0424178,0.0416314,0.0401788,0.0368966,0.0408641,0.0350603,0.0359402,0.030693,0.0303687,0.0305967,0.0284177,0.0309853,0.031055,0.0294905,0.0350464,0.0441663,0.0524174,0.0613432,0.0703501
838.963,0.0375486,0.0441327,0.0393081,0.0380415,0.0345616,0.0315502,0.0333757,0.0336697,0.0305566,0.0283134,0.0270968,0.0300275,0.0312544,0.0323746,0.0411063,0.0453974,0.0476414,0.056546,0.0670464
839.329,0.0463091,0.0488205,0.0420372,0.0414342,0.0406752,0.0405714,0.0359334,0.0376503,0.0345426,0.0348631,0.0322491,0.0368567,0.0324795,0.0386554,0.04214,0.0470786,0.0573952,0.0655407,0.0832646
839.695,0.0380568,0.0406121,0.0410307,0.0386428,0.0368764,0.0378505,0.0319174,0.0320403,0.029967,0.0335361,0.0310788,0.0329829,0.0341293,0.0296402,0.0372455,0.0470892,0.0483159,0.0610265,0.0714951
840.061,0.0406678,0.042538,0.0373517,0.0455886,0.0371823,0.0379763,0.0351689,0.0338419,0.0336936,0.0318817,0.0319212,0.0345217,0.0364976,0.038453,0.038574,0.0496245,0.0526789,0.0617241,0.0750136
840.427,0.0387211,0.0409403,0.0393916,0.0391575,0.035711,0.0281514,0.0342744,0.0378715,0.0316481,0.0308057,0.0287988,0.0331794,0.0351278,0.0336129,0.044941,0.0429924,0.0552395,0.0660467,0.0763335
840.793,0.0379262,0.0400443,0.0369824,0.0388053,0.0404789,0.0330871,0.0340919,0.033362,0.0316877,0.0284478,0.0291327,0.0293809,0.0333141,0.035971,0.0364663,0.0437356,0.0500987,0.0658465,0.0737611
841.159,0.0410862,0.0414713,0.0411376,0.0407579,0.0410855,0.040457,0.0349846,0.0319811,0.0371791,0.0292752,0.031932,0.0339887,0.0307727,0.0401913,0.0426799,0.0435864,0.0551074,0.0646138,0.0774834
841.524,0.0377925,0.0383134,0.0339613,0.0316568,0.0373096,0.0346133,0.0350938,0.0288859,0.0292322,0.0334282,0.0292957,0.0277576,0.0324502,0.0322475,0.0358024,0.0464477,0.0505579,0.0580087,0.0715377
841.889,0.0355028,0.0367481,0.0397475,0.0387916,0.0370965,0.0355469,0.0315479,0.0263189,0.0290619,0.0316705,0.027336,0.0290827,0.0303486,0.0324621,0.0379338,0.0412744,0.0540304,0.0560933,0.0678514
842.255,0.0408674,0.0396032,0.0417286,0.0373948,0.0386602,0.0348104,0.0279185,0.0320647,0.0295981,0.0271896,0.031833,0.0332164,0.030309,0.0370358,0.0418125,0.0462641,0.0479883,0.0611614,0.0722646
842.62,0.0450603,0.0453114,0.0400044,0.0327435,0.0400256,0.0362134,0.0325045,0.0307507,0.031354,0.0346556,0.0300027,0.0333216,0.0357258,0.0335283,0.0336779,0.0387563,0.0471943,0.0622695,0.0748929
842.985,0.0422163,0.0412784,0.0423118,0.0344954,0.036442,0.034738,0.0350116,0.0301004,0.0299932,0.0291627,0.0303163,0.0342756,0.0339456,0.0387346,0.0348738,0.043605,0.0514454,0.0607453,0.0814457
843.35,0.0377022,0.0400529,0.0369647,0.0320051,0.0375918,0.0285789,0.0324557,0.0317437,0.029584,0.030448,0.0274142,0.029085,0.0298607,0.0320156,0.036728,0.043157,0.0534353,0.0572939,0.071264
843.714,0.0379611,0.0355891,0.0390419,0.0340035,0.0397764,0.0372271,0.0336191,0.0338847,0.0287485,0.0322307,0.0276713,0.03164,0.0282105,0.0283766,0.0409166,0.0439114,0.0524547,0.0558907,0.0695242
844.079,0.0421767,0.0434678,0.0384054,0.0393991,0.0352428,0.0384833,0.02935,0.0328077,0.0308007,0.0322081,0.0334448,0.0296425,0.0339262,0.0355627,0.0414344,0.0448912,0.0512372,0.0706763,0.0754894
844.444,0.0363652,0.0378459,0.0333408,0.0353701,0.0335944,0.0329487,0.0299195,0.030082,0.0226363,0.0294947,0.0214214,0.0231108,0.0296386,0.0284339,0.035439,0.0414854,0.0499361,0.0569052,0.0632994
844.808,0.0350164,0.0415402,0.0339718,0.0346571,0.0331793,0.0318298,0.0309315,0.0282615,0.02773,0.0274004,0.0264553,0.0252916,0.0301898,0.031456,0.0339155,0.0386276,0.0497062,0.0545564,0.0703658
845.172,0.0415348,0.0497547,0.0426672,0.040517,0.0360597,0.0443234,0.0410645,0.0372736,0.0369559,0.0388576,0.0329337,0.0343232,0.0374758,0.035946,0.044215,0.0478172,0.0528839,0.0698258,0.0778399
845.536,0.0395053,0.04075,0.0438341,0.043643,0.0303351,0.0403484,0.033346,0.0359971,0.0333658,0.0300651,0.0319167,0.0297475,0.0375865,0.0382469,0.0394979,0.0430891,0.0511831,0.0643394,0.0768927
845.9,0.0387858,0.0407767,0.041827,0.0439595,0.0349131,0.0348195,0.0305194,0.0364223,0.0290213,0.0316935,0.0339426,0.0341908,0.0362167,0.0356147,0.0365668,0.0449707,0.0515658,0.0617058,0.0696609
846.264,0.0474331,0.039976,0.0486801,0.0440731,0.0427891,0.0371972,0.0386853,0.0383267,0.0316526,0.0337222,0.0355732,0.0371593,0.0426704,0.0465035,0.0419606,0.0476495,0.0551816,0.0671891,0.0758475
846.628,0.0473178,0.0450228,0.0423195,0.0401975,0.0411812,0.0362665,0.0395649,0.0366407,0.0360106,0.0348763,0.0361759,0.0320196,0.0359572,0.036293,0.0406933,0.0502631,0.0506846,0.0614348,0.0753894
846.992,0.0411714,0.0410804,0.0432393,0.0332651,0.0330792,0.0347469,0.0356499,0.0313607,0.0340357,0.0299658,0.0328101,0.0352972,0.0329346,0.0348469,0.0427542,0.0397961,0.0546181,0.0602807,0.0720714
847.355,0.0409748,0.0393488,0.0400929,0.0368331,0.0350766,0.0310933,0.0278472,0.0363116,0.0308359,0.0308265,0.028165,0.0295619,0.0280032,0.0347675,0.0423144,0.0413737,0.0496901,0.0609293,0.0723378
847.718,0.0434988,0.0481136,0.0436755,0.0418623,0.0380438,0.0355243,0.0338894,0.0345903,0.0419795,0.0320971,0.0386835,0.0344355,0.0383963,0.0394792,0.0402798,0.0522803,0.0534113,0.0718375,0.079416
848.082,0.0411899,0.0311938,0.033582,0.0355135,0.0330702,0.0293123,0.0283009,0.0320136,0.030544,0.0261058,0.0283373,0.0301338,0.029248,0.0294897,0.039726,0.0409791,0.0492514,0.0620778,0.0753687
848.445,0.0393708,0.0380516,0.0389318,0.035826,0.0356856,0.0354326,0.0342268,0.0309469,0.0276941,0.0301818,0.0310757,0.0292717,0.033152,0.0336917,0.0303581,0.0404862,0.0507764,0.0649252,0.063331
848.808,0.0377183,0.0362792,0.0371171,0.0382082,0.0385266,0.0351125,0.0327695,0.0309657,0.0313456,0.0348546,0.0258892,0.0329447,0.0289088,0.0336719,0.0387057,0.0473231,0.048809,0.0628627,0.06791
849.171,0.0395835,0.0407935,0.04597,0.0429655,0.0389306,0.0322132,0.0430206,0.0310363,0.0317765,0.0290386,0.030755,0.0331357,0.0318474,0.0312838,0.0372404,0.0476106,0.0503781,0.0597106,0.0744189
849.533,0.0381679,0.0363183,0.0401233,0.0401876,0.0375652,0.0392028,0.0356339,0.0301889,0.0301685,0.0311395,0.0304158,0.0311003,0.0287425,0.039146,0.0389297,0.0414615,0.0516263,0.0604246,0.0680043
849.896,0.0429709,0.0461505,0.0358858,0.0413946,0.0357272,0.0391999,0.035947,0.0275041,0.0272109,0.0316923,0.0314808,0.0295037,0.0334691,0.0324283,0.0389193,0.0398275,0.0563482,0.0578366,0.0751939
850.259,0.0367514,0.0297475,0.0319092,0.0344942,0.0316362,0.0296758,0.0274705,0.0290915,0.0234755,0.0240171,0.0264526,0.023718,0.0278174,0.0244834,0.037395,0.0306668,0.0462047,0.0547839,0.0640747
850.621,0.0408899,0.0389605,0.0408306,0.042727,0.0374262,0.0374175,0.0358414,0.036502,0.0341912,0.0291499,0.029514,0.0309236,0.0343458,0.029613,0.0396783,0.0455886,0.0524673,0.0633252,0.072076
850.983,0.043797,0.0380551,0.0401271,0.0378204,0.0373776,0.034228,0.0340351,0.0346114,0.0320768,0.027213,0.0302429,0.0335274,0.0328762,0.0335754,0.0356435,0.0446544,0.0480503,0.0581435,0.0737108
851.345,0.038064,0.0363832,0.0355365,0.0366911,0.0354746,0.0298386,0.0345438,0.0275558,0.0270504,0.0334229,0.0257597,0.0271191,0.0335545,0.0311537,0.0344767,0.0456319,0.0465253,0.0597512,0.0681309
851.707,0.0431931,0.0369584,0.032623,0.0326921,0.0329108,0.0350606,0.0331291,0.0258164,0.0251573,0.026747,0.026598,0.0256785,0.0303446,0.0326917,0.0369665,0.0462285,0.0439448,0.0562896,0.0742907
852.069,0.0409833,0.0408271,0.0414355,0.0372398,0.0391164,0.0364632,0.0355106,0.0345271,0.0282714,0.0399053,0.0292367,0.0281761,0.0306465,0.0325936,0.0393249,0.0408811,0.0494938,0.0622734,0.0758416
852.431,0.0403305,0.0410891,0.0401627,0.0410455,0.0374156,0.0348451,0.0332588,0.0316821,0.0333451,0.0278388,0.0310601,0.0290978,0.0329597,0.0330251,0.0361231,0.0402487,0.056522,0.0614191,0.0736977
852.793,0.0450543,0.0501397,0.0443538,0.0438745,0.0409137,0.0404859,0.0433071,0.0395664,0.0349341,0.0370425,0.0363956,0.0325243,0.0399748,0.0401181,0.0440215,0.0506015,0.0598082,0.06397,0.0776954
853.154,0.0390695,0.0384461,0.0375867,0.0333088,0.034913,0.0350121,0.0348784,0.031916,0.0298332,0.0332709,0.0307673,0.0293672,0.0287278,0.0313644,0.0382811,0.0443707,0.0453019,0.0580109,0.073738
853.515,0.040403,0.0369238,0.0429389,0.0421484,0.0327209,0.0386281,0.0362762,0.0335631,0.0368214,0.0307383,0.0322273,0.0287551,0.0340154,0.0337862,0.0415568,0.0411161,0.0477401,0.0600688,0.0754815
853.877,0.0306882,0.0332576,0.0341835,0.0392945,0.0290416,0.0281416,0.0292646,0.0306819,0.0207562,0.0302558,0.0242412,0.0278175,0.0278519,0.0320514,0.0329394,0.0369337,0.0464468,0.055434,0.0680843
854.238,0.0462689,0.0404488,0.0411724,0.0423032,0.0374421,0.034994,0.0327907,0.0280482,0.028654,0.0268849,0.0270831,0.0289017,0.0332139,0.0294588,0.0407757,0.0454182,0.0457768,0.0598893,0.07195
854.599,0.0378113,0.0475343,0.0405799,0.0436539,0.035264,0.0385617,0.0379041,0.0257457,0.0310537,0.0294163,0.0245102,0.0367219,0.0369715,0.0380352,0.0375852,0.0490984,0.0553764,0.0666652,0.0695678
854.96,0.0427898,0.0403885,0.0444505,0.0365556,0.0352806,0.031072,0.037838,0.0316337,0.0319755,0.0330746,0.032302,0.0296303,0.0299612,0.0351668,0.0395399,0.0467093,0.052465,0.0603036,0.0783844
855.321,0.0358906,0.0330214,0.038139,0.0350753,0.0332686,0.0306418,0.0302393,0.0255068,0.0258736,0.0261246,0.0284062,0.0277568,0.0332216,0.028239,0.0339576,0.0392285,0.0477755,0.0548984,0.0701135
855.681,0.0418179,0.0429834,0.0395412,0.0418449,0.0311144,0.0421998,0.0349755,0.0319964,0.0324856,0.0333392,0.0292995,0.0329867,0.0294693,0.0357149,0.041194,0.0437069,0.0561295,0.0608988,0.0695287
856.042,0.0452905,0.0388081,0.0381527,0.0404315,0.0380058,0.0352583,0.0317862,0.0349397,0.0385391,0.0300844,0.0265314,0.0312622,0.0310551,0.0356932,0.0428711,0.0478409,0.0522664,0.0635878,0.0781443
856.402,0.0414271,0.0378776,0.0353731,0.0350704,0.0370901,0.0361623,0.0377595,0.0313776,0.0304214,0.0243846,0.0265671,0.0282181,0.0262486,0.0327157,0.0389741,0.0391485,0.0485025,0.056789,0.0710695
856.762,0.0434359,0.0418661,0.0375656,0.0368887,0.0349942,0.0393933,0.0336697,0.0267779,0.026775,0.0268992,0.0326275,0.0279005,0.0312183,0.0310263,0.0300708,0.0360856,0.0517251,0.0598254,0.0751802
857.122,0.0428907,0.0467809,0.0463746,0.0321087,0.0385817,0.037039,0.035123,0.0384566,0.0370539,0.0341016,0.0347561,0.0334082,0.0376386,0.0336046,0.0441824,0.0469393,0.0542345,0.0663843,0.0787014
857.482,0.0370029,0.0379753,0.0417514,0.0350742,0.0425149,0.0367425,0.030462,0.029406,0.0316874,0.0275839,0.0300809,0.0305176,0.0384344,0.0396949,0.0379838,0.0435886,0.053767,0.0617226,0.0708753
857.842,0.0371424,0.0359072,0.0389168,0.0388622,0.0340345,0.0310664,0.0301303,0.035577,0.0315633,0.0327186,0.033604,0.0313201,0.0314446,0.0347265,0.0407529,0.0449062,0.0574946,0.058476,0.0758972
858.202,0.036604,0.0368799,0.0353104,0.0327964,0.0339588,0.033581,0.0335722,0.0317115,0.0287565,0.0237933,0.032015,0.0280218,0.0281021,0.0341855,0.0336133,0.0420122,0.046738,0.0640809,0.0725431
858.562,0.0374015,0.0394126,0.0369205,0.0328214,0.0288818,0.0329015,0.0341225,0.0337987,0.0276574,0.0250997,0.0298052,0.0280329,0.0300923,0.0316141,0.0364203,0.0436609,0.052532,0.0612365,0.0715249
858.921,0.0381451,0.039331,0.0418667,0.0394308,0.032036,0.0326123,0.0270869,0.0290614,0.0296514,0.0280775,0.0272269,0.032005,0.0260386,0.0292456,0.0362313,0.0425424,0.0463369,0.057138,0.0683995
859.281,0.0392635,0.043186,0.0356556,0.0423673,0.0309982,0.0386254,0.0374341,0.0330658,0.032181,0.0280872,0.03366,0.0348427,0.0317031,0.0389764,0.039936,0.0415678,0.0506198,0.0603616,0.0715556
859.64,0.0382339,0.045282,0.0399757,0.0393549,0.0388266,0.034654,0.0294234,0.0322985,0.0280991,0.0310461,0.0331363,0.0243956,0.0317597,0.0335298,0.0383338,0.0423701,0.0538155,0.0609341,0.0709304
859.999,0.0375423,0.0377488,0.040672,0.0357983,0.030457,0.0302541,0.0360146,0.0278016,0.0267686,0.026676,0.0300652,0.0242692,0.0199961,0.0291647,0.0378404,0.037773,0.0432821,0.0577166,0.0692012
860.358,0.0342226,0.0358925,0.0367094,0.0297369,0.0343036,0.0268131,0.025358,0.0242759,0.0280398,0.0283092,0.026149,0.0235829,0.0338008,0.0264189,0.0383161,0.0361986,0.0455498,0.0533795,0.0753091
860.717,0.0491047,0.0409256,0.040647,0.042893,0.0430559,0.0323283,0.0383306,0.0338033,0.0341112,0.0364025,0.0363824,0.0346952,0.0376522,0.0382078,0.0404179,0.0482606,0.0555016,0.0703046,0.0707446
861.076,0.0423409,0.0432249,0.0407979,0.0353023,0.0263274,0.0332051,0.0309187,0.0299539,0.0296083,0.0352899,0.0315841,0.0308552,0.0257319,0.0329273,0.0376223,0.0451388,0.0487822,0.059087,0.0710514
861.434,0.047137,0.0372354,0.0398909,0.0394214,0.036881,0.0320704,0.0275664,0.0288918,0.0284285,0.0307498,0.0291384,0.033583,0.0302887,0.0311815,0.0357226,0.0411417,0.0473521,0.0560418,0.0752444
861.793,0.0385405,0.0413561,0.0440809,0.0325043,0.0336248,0.0317511,0.0296634,0.0293159,0.0359373,0.0257201,0.0328771,0.0337896,0.0299617,0.029966,0.0380965,0.0391233,0.0427054,0.056517,0.0756966
862.151,0.0347961,0.0414682,0.0412992,0.0425841,0.0368531,0.0381135,0.0336997,0.0298848,0.0351789,0.0292687,0.0290816,0.0257461,0.0307307,0.0327599,0.0326031,0.0412857,0.0517384,0.0604176,0.0700569
862.509,0.0418434,0.035356,0.0374773,0.0383142,0.0401126,0.0325504,0.0316294,0.0345835,0.0265791,0.0316941,0.0311254,0.0287619,0.0312199,0.0370483,0.0364669,0.0481108,0.0521976,0.0537074,0.0707544
862.868,0.03463,0.0349499,0.037293,0.0400983,0.0359517,0.0316912,0.0287457,0.029922,0.0250205,0.0290665,0.0214209,0.0241012,0.023292,0.0323164,0.0409055,0.0406585,0.0452209,0.0642736,0.0656309
863.226,0.0386039,0.0392641,0.0390529,0.0401667,0.0382084,0.0410128,0.0294399,0.0330169,0.0297057,0.0343658,0.029865,0.0253435,0.0317257,0.0365173,0.0428703,0.0466063,0.054654,0.0595889,0.0796923
863.583,0.0406202,0.0431989,0.0403065,0.0434382,0.0413472,0.0434748,0.0367858,0.0358492,0.0389221,0.0310594,0.028744,0.0309512,0.0367278,0.0334495,0.0378193,0.0398507,0.0577579,0.062095,0.0790783
863.941,0.0383098,0.0431353,0.0322151,0.0420932,0.0377473,0.0419357,0.0350969,0.0350222,0.0335005,0.0305668,0.0283444,0.0395824,0.0339376,0.035398,0.0363085,0.0468089,0.0496706,0.0653562,0.0766135
864.299,0.0419477,0.0331724,0.0325366,0.0303308,0.0364948,0.0383208,0.0380402,0.0334129,0.0304284,0.0265395,0.0298872,0.0264775,0.0300099,0.03166,0.0370877,0.0417273,0.04833,0.0564682,0.0692385
864.656,0.0345384,0.0417649,0.0406829,0.0371596,0.0415038,0.0385178,0.0338819,0.0285432,0.0313792,0.0291053,0.0321055,0.0287855,0.0329843,0.0306244,0.037397,0.0424745,0.0532823,0.0673945,0.0753615
865.014,0.0415848,0.0304537,0.0314229,0.0261552,0.0260083,0.0263424,0.01995,0.025531,0.0280422,0.0200066,0.0207693,0.0220903,0.0261465,0.0335343,0.0301655,0.0389288,0.0394887,0.0535548,0.0699586
865.371,0.038962,0.0333403,0.0319683,0.0337707,0.0365676,0.0280032,0.0279284,0.02903,0.0228109,0.0258476,0.028911,0.0292748,0.0307024,0.0320408,0.0374299,0.0358414,0.0477221,0.0579544,0.0658436
865.728,0.0406868,0.0397539,0.0429352,0.0342244,0.0345076,0.0428571,0.034371,0.0343571,0.03485,0.0281168,0.0309546,0.0298721,0.0358041,0.0395687,0.0413718,0.0472036,0.0540201,0.0590108,0.076835
866.085,0.0463625,0.0386506,0.0341321,0.0448036,0.0353079,0.0423435,0.0272692,0.0312956,0.0277087,0.0333542,0.0299443,0.0284217,0.0335242,0.0320952,0.0360185,0.0395369,0.0491253,0.0651882,0.0796612
866.442,0.0416324,0.0334324,0.0382617,0.0351068,0.0410408,0.036013,0.0321734,0.0314933,0.0313925,0.0306308,0.0291184,0.0353303,0.0341478,0.0306873,0.0398844,0.0457221,0.0454893,0.0574985,0.0732562
866.799,0.0426333,0.0407489,0.0401351,0.039479,0.0356705,0.0372286,0.0337269,0.0287859,0.0309146,0.0366768,0.0292241,0.0293888,0.0339015,0.0257006,0.0410715,0.0443742,0.0543702,0.065085,0.0734043
867.155,0.0420711,0.0418208,0.0511541,0.041343,0.0410793,0.0414183,0.0389852,0.0381817,0.0380293,0.0361744,0.0381598,0.0348775,0.0376296,0.0402392,0.0438865,0.0467516,0.0540194,0.0630393,0.0822278
867.512,0.0361269,0.0443806,0.0378704,0.037372,0.0430301,0.0335463,0.0301059,0.0340735,0.0282433,0.0258389,0.0307947,0.0312067,0.0373063,0.0331778,0.0411329,0.0477384,0.0471829,0.0601695,0.0749987
867.868,0.0367334,0.0363514,0.0338814,0.0322063,0.032838,0.0319943,0.0289637,0.0288749,0.0228357,0.0250766,0.023564,0.026516,0.0275169,0.0305271,0.0377116,0.0367714,0.0439163,0.0532096,0.0678792
868.225,0.0326997,0.0377319,0.03854,0.0318766,0.0348775,0.0314523,0.026512,0.0280643,0.032791,0.028175,0.0299693,0.0268229,0.0243792,0.0333551,0.0390903,0.0373165,0.0489727,0.058776,0.0663183
868.581,0.0359409,0.0414009,0.0420381,0.0356454,0.036024,0.0349908,0.0369404,0.0387826,0.0301832,0.0306332,0.0277239,0.0327221,0.0293987,0.0286929,0.0402165,0.0379735,0.0522757,0.0614527,0.0715829
868.937,0.0412637,0.0459479,0.039911,0.0421628,0.0440122,0.0422898,0.0394063,0.0444254,0.0329508,0.0293243,0.0363134,0.0384351,0.0348802,0.0373605,0.0384699,0.0478552,0.0543012,0.0601271,0.0749842
869.293,0.0526592,0.0567672,0.0463538,0.0411995,0.0475888,0.0493891,0.0437431,0.0365199,0.0498483,0.0419967,0.0397145,0.0368264,0.0413565,0.0435449,0.0495368,0.0543362,0.0602462,0.0724566,0.0860733
869.648,0.0374293,0.0321033,0.0312137,0.0400328,0.031634,0.0325704,0.0307147,0.0276963,0.0269823,0.0260789,0.0236653,0.0317154,0.0291424,0.0310161,0.0319984,0.0346631,0.0526683,0.0582897,0.0680622
870.004,0.0407305,0.0354977,0.0367988,0.0432504,0.0367883,0.0347612,0.038608,0.034745,0.0307413,0.0411835,0.0309549,0.0334016,0.0292782,0.0375301,0.0433089,0.0424605,0.0572513,0.0561912,0.0786759
870.359,0.0398346,0.0407872,0.0402696,0.0465461,0.0413459,0.0424913,0.0332917,0.0379608,0.0331046,0.0301554,0.0293541,0.0298951,0.0332921,0.0356316,0.0433857,0.0424287,0.0577643,0.0601599,0.0754169
870.715,0.0501501,0.051737,0.0437935,0.0466267,0.0494955,0.0463526,0.040213,0.0399894,0.0361593,0.0382387,0.0332421,0.0377991,0.037851,0.0411881,0.0435377,0.0437815,0.0587603,0.0574379,0.0764461
871.07,0.0429098,0.036392,0.0391656,0.0450283,0.0393489,0.0302467,0.0311272,0.0362751,0.0286451,0.0348111,0.0288371,0.0289008,0.0416354,0.0361281,0.0355256,0.0389301,0.0543606,0.0584976,0.0754898
871.425,0.0415127,0.038846,0.0386144,0.0372437,0.0354068,0.037853,0.0333434,0.0379126,0.0325179,0.0284246,0.0338206,0.0370725,0.0368598,0.0350641,0.0442152,0.044977,0.0470341,0.065063,0.0761855
871.78,0.0386816,0.0407653,0.0360131,0.0339038,0.0331373,0.0315051,0.0313092,0.0294665,0.0249357,0.0279227,0.0322963,0.0279618,0.027441,0.0323546,0.0450265,0.039119,0.0510082,0.0608792,0.0764498
872.135,0.0378091,0.0407537,0.0316102,0.0326731,0.0288426,0.0307671,0.0325727,0.0294169,0.0305984,0.0275267,0.031227,0.0309844,0.0325789,0.0348067,0.0408312,0.0410546,0.049767,0.0558954,0.0737936
872.49,0.0433447,0.0331277,0.034556,0.0337327,0.0356461,0.0318465,0.030961,0.0289224,0.0274868,0.0329684,0.0280389,0.0241407,0.0281509,0.0220927,0.0345841,0.0446376,0.0508873,0.0518023,0.0633041
872.844,0.0369488,0.0360602,0.0376054,0.0308992,0.0343933,0.025425,0.020327,0.0256884,0.0274256,0.017555,0.0206049,0.0240913,0.0216765,0.0280655,0.0310862,0.0324219,0.0450852,0.0536464,0.0632939
873.199,0.0495935,0.0371553,0.0447489,0.0467428,0.0412131,0.0354415,0.0427793,0.0371416,0.0342621,0.0312296,0.0285026,0.0317716,0.0406829,0.0363882,0.0402542,0.0483508,0.0551686,0.0719105,0.0804447
873.553,0.0407679,0.045803,0.0465432,0.0416958,0.0382348,0.0354436,0.0368487,0.0346296,0.0360427,0.0355498,0.0358989,0.024467,0.0366131,0.0367743,0.0446228,0.0498984,0.0486819,0.0593338,0.0788226
873.908,0.0435201,0.0335765,0.0358927,0.0379015,0.0384816,0.0283944,0.0297918,0.02939,0.0252473,0.0304369,0.0305836,0.0272456,0.0331945,0.034145,0.0381767,0.0403008,0.0460958,0.059288,0.0752326
874.262,0.0467552,0.0444266,0.0413377,0.0492501,0.041501,0.0355231,0.0438441,0.0372426,0.0413952,0.0409539,0.0397802,0.028469,0.0384027,0.0355101,0.0443546,0.0566448,0.0574622,0.0639155,0.0787452
874.616,0.049478,0.0418766,0.0388153,0.0429967,0.0381939,0.0357817,0.0349401,0.0234127,0.0258467,0.0327194,0.0282757,0.0236727,0.0326885,0.035206,0.0377967,0.0455468,0.04817,0.0570618,0.0708697
874.97,0.0447916,0.0474721,0.0356804,0.0426526,0.0421703,0.0338165,0.0397994,0.0349962,0.0328055,0.0288696,0.0275517,0.0359309,0.0361406,0.0378898,0.0448363,0.0456745,0.0607327,0.0695786,0.0769279
875.323,0.0334498,0.0358545,0.0382329,0.0378439,0.0388861,0.0318026,0.0362798,0.0303894,0.0352437,0.0314839,0.0309173,0.0343121,0.0322705,0.0340422,0.0375231,0.0485275,0.050495,0.0525003,0.0676618
875.677,0.0320533,0.0280853,0.0331388,0.0321585,0.0281031,0.0260466,0.0265127,0.023687,0.0262864,0.0259224,0.0225903,0.0222774,0.02941,0.033938,0.0304148,0.0311884,0.0387775,0.0598839,0.0638567
876.031,0.0328552,0.0353726,0.0373449,0.0337642,0.0316618,0.0276979,0.0274317,0.0379056,0.0313825,0.0232503,0.0264907,0.0279565,0.0353365,0.0320824,0.037092,0.0482771,0.045691,0.0582439,0.0777558
876.384,0.0393246,0.0313669,0.0361421,0.040013,0.0328186,0.0329868,0.0371797,0.0266019,0.0310633,0.0324042,0.0328209,0.0264911,0.0308094,0.0266278,0.0386638,0.0453498,0.0510856,0.0684246,0.0762289
876.737,0.0365755,0.0400033,0.0372795,0.0401222,0.0376782,0.0275792,0.0384585,0.034679,0.0271795,0.0346484,0.0225548,0.0303153,0.0313298,0.0356589,0.0408292,0.0404594,0.0527114,0.0564893,0.0764455
877.09,0.0398478,0.0406595,0.0415423,0.0434545,0.0436356,0.0392984,0.0366064,0.0365119,0.0391412,0.0292224,0.0350021,0.0332784,0.0421359,0.0413352,0.0382121,0.0477331,0.0526878,0.061535,0.0762617
877.443,0.0430861,0.0406011,0.0390848,0.0444548,0.0408334,0.0360473,0.0383849,0.0353398,0.0334924,0.0360617,0.0334073,0.038774,0.0409282,0.0421828,0.0477632,0.0383566,0.0519033,0.0659124,0.080024
877.796,0.0475476,0.0413394,0.0348496,0.037338,0.0344312,0.0429001,0.0322432,0.0288129,0.0328262,0.0317763,0.0335882,0.0278349,0.0350601,0.0302571,0.0331587,0.0497801,0.0505366,0.0605949,0.0806296
878.149,0.0425573,0.0410003,0.0367921,0.0403345,0.0401046,0.0342748,0.0292403,0.0274313,0.0368059,0.0295192,0.029362,0.0406865,0.0380438,0.0373162,0.0418647,0.043203,0.0448699,0.0593139,0.0705056
878.501,0.0399268,0.0363996,0.0347481,0.0322327,0.0370371,0.0322366,0.0243885,0.0284918,0.028179,0.0275244,0.0266837,0.0330928,0.0245133,0.0311197,0.0357678,0.037631,0.0406904,0.0594384,0.0619667
878.854,0.0486606,0.0491882,0.0392341,0.0410485,0.0449772,0.0354106,0.034404,0.0355685,0.0395058,0.0298884,0.0377873,0.0370555,0.0340163,0.0361109,0.0411427,0.045632,0.0468763,0.0568428,0.0678276
879.206,0.0386003,0.0437637,0.0336694,0.0350885,0.0350861,0.0361651,0.0292364,0.0285443,0.0331509,0.0314082,0.0257531,0.0335649,0.0292834,0.0325096,0.0360837,0.044494,0.0551615,0.062722,0.067592
879.559,0.0450539,0.0382487,0.0435087,0.0365203,0.0380404,0.0455716,0.0417839,0.036086,0.0377074,0.0298612,0.0300809,0.0348916,0.0377002,0.0352172,0.0389243,0.0450235,0.0545179,0.0638719,0.0721807
879.911,0.0431899,0.0489578,0.0444479,0.0412853,0.0492193,0.0422882,0.0450624,0.0377038,0.0299151,0.0372768,0.0311837,0.0428232,0.0434866,0.0396516,0.0480811,0.0491466,0.0601984,0.065507,0.0814683
880.263,0.0446889,0.0499344,0.0404734,0.037564,0.0438095,0.0383626,0.0379924,0.036902,0.0383775,0.0346506,0.0337344,0.0292928,0.0430514,0.0406185,0.0447025,0.0422368,0.0580498,0.0641213,0.0814592
880.615,0.0468217,0.045844,0.0445618,0.0410989,0.0435827,0.0369848,0.0387621,0.0364578,0.0312717,0.0286399,0.0321473,0.0319448,0.0492996,0.0460457,0.0474074,0.0493042,0.0551621,0.0697282,0.0789634
880.966,0.0468379,0.0409468,0.0408517,0.0352286,0.0369613,0.0313462,0.0282739,0.0289064,0.0315299,0.0293126,0.0310644,0.0405293,0.0368924,0.0287642,0.0434985,0.0437014,0.0508798,0.0624101,0.0712389
881.318,0.0517127,0.0485123,0.0397778,0.0433655,0.0433457,0.0394679,0.0398515,0.0414532,0.0309415,0.0405851,0.0382742,0.0380156,0.0353645,0.0364267,0.0469037,0.0489324,0.056559,0.0606349,0.0815015
881.669,0.036681,0.0427501,0.0418867,0.0423242,0.0361642,0.0364829,0.0365444,0.0364058,0.0325449,0.0296509,0.0291234,0.0325028,0.0331326,0.0324976,0.0398791,0.0457637,0.0492083,0.0646144,0.0731999
882.021,0.0378342,0.0418472,0.0414326,0.034038,0.0325698,0.0392329,0.0389115,0.0297714,0.0307281,0.0291363,0.0285661,0.0272004,0.0345636,0.0310189,0.0443577,0.0459655,0.0538441,0.0629381,0.0722181
882.372,0.038634,0.0430644,0.0389811,0.0388455,0.0391448,0.0406061,0.0373534,0.0319631,0.0357801,0.0330565,0.0298363,0.0328798,0.0396054,0.0371588,0.0431035,0.0449749,0.0601625,0.0614336,0.0710358
882.723,0.0418377,0.0380221,0.0463602,0.0368931,0.0399771,0.0422571,0.0325582,0.0311033,0.0262202,0.0317552,0.0296828,0.0368238,0.036963,0.0320957,0.0404215,0.0474943,0.0481286,0.0631108,0.0781026
883.074,0.0401374,0.041133,0.0388001,0.0449506,0.0375258,0.0336034,0.0353515,0.0382945,0.031696,0.0356221,0.0353595,0.0344435,0.0434301,0.0399613,0.0358984,0.047133,0.0579692,0.0693873,0.0760171
883.425,0.0467625,0.0488331,0.0403505,0.0387143,0.0406793,0.045395,0.0460227,0.0407205,0.0429149,0.0379575,0.0350674,0.0293594,0.0409965,0.0395351,0.0420249,0.053513,0.0521409,0.0659,0.0785719
883.776,0.029109,0.0290762,0.0268928,0.03159,0.0256409,0.0324247,0.0272899,0.0264089,0.0311829,0.0217971,0.0234018,0.0248607,0.0257957,0.0305936,0.0388861,0.0355162,0.0526242,0.0492194,0.0671523
884.126,0.0390409,0.0416149,0.039988,0.0374703,0.0383185,0.0365253,0.0297095,0.0297758,0.0367099,0.0385303,0.0317058,0.028714,0.0347954,0.0323776,0.0378494,0.046254,0.0541594,0.0634945,0.0711624
884.477,0.043478,0.0380713,0.038171,0.0336875,0.0293099,0.0355108,0.0321652,0.0350277,0.0264011,0.0226861,0.0270925,0.0294575,0.0322137,0.0347315,0.0416949,0.0411798,0.0528637,0.0551142,0.0752056
884.827,0.043826,0.0442318,0.0351509,0.0462002,0.0374081,0.0361536,0.0341612,0.0282135,0.0312271,0.0337505,0.0324883,0.0315874,0.0379879,0.0320453,0.0334174,0.0382995,0.0593887,0.0600726,0.0783112
885.177,0.0284582,0.0327293,0.0251552,0.0287981,0.0244421,0.020544,0.0262974,0.0272442,0.0214863,0.0207062,0.0141119,0.0276066,0.0200652,0.0241911,0.0306513,0.0334824,0.0410367,0.0519789,0.0665797
885.528,0.0462159,0.0443181,0.051142,0.0434354,0.0450576,0.0420942,0.0433093,0.0469583,0.0418771,0.0365603,0.0416751,0.0411301,0.0387303,0.04368,0.0473853,0.0530202,0.0577918,0.0724814,0.0810884
885.878,0.0389528,0.046311,0.0429614,0.0447683,0.0410159,0.046162,0.0321235,0.0367466,0.0306161,0.0337929,0.0321699,0.0371397,0.0353392,0.0411701,0.0351564,0.0500284,0.0448689,0.0605185,0.0754529
886.227,0.040481,0.0441123,0.044776,0.0381007,0.0416607,0.0403111,0.0368602,0.0362165,0.032765,0.034479,0.0317473,0.0328663,0.0325234,0.0383514,0.048879,0.0475562,0.0495644,0.0573002,0.079613
886.577,0.0372297,0.0367736,0.0407118,0.0373858,0.0294882,0.0308452,0.028577,0.0268917,0.0269013,0.034129,0.0263681,0.0287513,0.0375371,0.0294545,0.0354819,0.0399785,0.0431587,0.0585525,0.06617
886.927,0.0369692,0.041357,0.0426848,0.0357524,0.0353473,0.0361536,0.0377108,0.0298879,0.0325878,0.0337777,0.0361234,0.0268153,0.0328325,0.0292349,0.0368662,0.0472712,0.0465689,0.0625936,0.0688663
887.276,0.0493803,0.0465357,0.0454216,0.0398172,0.0408406,0.0403222,0.0402553,0.0373152,0.0344796,0.0378108,0.0374295,0.0377425,0.0446225,0.0458858,0.0512089,0.0545385,0.0528929,0.0782213,0.0799283
887.626,0.0541013,0.0435239,0.0450744,0.0531504,0.0444919,0.053181,0.0446812,0.0431625,0.0386029,0.0373234,0.0395855,0.045528,0.0438257,0.045768,0.047544,0.0587953,0.0582617,0.0743508,0.0874457
887.975,0.0379683,0.0233596,0.0351622,0.0409976,0.0262162,0.0291223,0.0361239,0.0274818,0.0209337,0.0150276,0.021528,0.0287232,0.0267669,0.0263162,0.0273138,0.0337358,0.0382833,0.0530949,0.0697881
888.324,0.0319464,0.0286747,0.0389424,0.0383568,0.0345059,0.0279922,0.0361578,0.033934,0.027543,0.0228748,0.0234798,0.0253443,0.0240494,0.0310688,0.0363836,0.0356058,0.0434764,0.0576679,0.0743426
888.673,0.0434738,0.0392361,0.0403378,0.0324511,0.0318978,0.0398142,0.0334031,0.0388644,0.0290426,0.0343011,0.0353088,0.02819,0.0306352,0.0401532,0.0370124,0.0394129,0.0510181,0.0573781,0.0737386
889.022,0.0352246,0.0384926,0.0318114,0.0296544,0.0334193,0.0318,0.0261641,0.0332076,0.0315999,0.030692,0.028108,0.0218233,0.0243114,0.0233297,0.0381313,0.0426028,0.0468194,0.0644325,0.076672
889.37,0.0339705,0.0349901,0.0422224,0.0347699,0.0291503,0.0363903,0.0283655,0.0308449,0.0331381,0.0282475,0.0291862,0.0338082,0.0296872,0.0341108,0.0320818,0.0403757,0.0439336,0.0618243,0.0744632
889.719,0.0470896,0.0468632,0.0356668,0.0357572,0.0411292,0.0419925,0.0278628,0.0392643,0.0347068,0.0303394,0.0354122,0.0361986,0.034996,0.0391011,0.0438925,0.0486007,0.054022,0.0592096,0.0744369
890.068,0.0534336,0.0445748,0.0505242,0.0296583,0.0471766,0.0321864,0.036776,0.0337055,0.037199,0.0388098,0.0424316,0.0459724,0.0522081,0.0306261,0.0466846,0.0578499,0.0651266,0.0669648,0.08361
890.416,0.0380466,0.0427389,0.0373282,0.0384313,0.0391181,0.0264881,0.0299993,0.0278832,0.0321434,0.0405437,0.0298454,0.0270858,0.0310155,0.0369828,0.0339343,0.0486686,0.0536609,0.0585722,0.0751368
890.764,0.0339127,0.0382248,0.033779,0.0344621,0.040735,0.0354269,0.0302275,0.0315823,0.0243031,0.0292876,0.0235876,0.0300697,0.0271048,0.0380747,0.0286051,0.047086,0.0495313,0.0566936,0.0699996
891.112,0.0438734,0.0419545,0.0373617,0.0399784,0.0388387,0.0380479,0.0311319,0.0333856,0.0424472,0.0304046,0.030469,0.0366571,0.0272261,0.0367372,0.0358238,0.0400917,0.0525753,0.0588326,0.0756682
891.46,0.0474819,0.0405738,0.0463097,0.0419328,0.0444913,0.0385059,0.0349219,0.0373847,0.0315434,0.0335615,0.0407365,0.0311294,0.0320838,0.0321168,0.0354179,0.0430599,0.0568607,0.0626362,0.0707117
891.808,0.042483,0.0428193,0.0455989,0.0432947,0.0457223,0.0414267,0.0385111,0.0350896,0.0335637,0.0323187,0.0350013,0.0403181,0.0375835,0.0396071,0.04966,0.0466023,0.0563301,0.073756,0.0746338
892.156,0.0392336,0.0385342,0.0426449,0.0380024,0.0333914,0.0433516,0.0339053,0.034161,0.032209,0.0297145,0.0362903,0.0292171,0.0327813,0.0371764,0.0370493,0.0379831,0.0577674,0.0600785,0.0649264
892.503,0.0373234,0.0376713,0.0341034,0.0298755,0.042868,0.0430889,0.0277392,0.0254194,0.0332692,0.028744,0.0307859,0.0302195,0.0316616,0.0296345,0.0388615,0.0429336,0.0457298,0.0585678,0.0738971
892.851,0.0412262,0.0345501,0.0376324,0.0418592,0.0269599,0.0344617,0.0293309,0.0338186,0.0281163,0.0261695,0.0320178,0.0257418,0.023739,0.0361479,0.0406861,0.0410201,0.0486327,0.0516455,0.0645993
893.198,0.0490893,0.0462385,0.0346221,0.039744,0.0351269,0.0370357,0.0303853,0.033039,0.0348175,0.0288558,0.0341402,0.0401733,0.0410112,0.0334487,0.0391723,0.0449341,0.0592224,0.0697271,0.0781628
893.545,0.0411013,0.0402371,0.0433846,0.037973,0.0470943,0.0432185,0.0373492,0.0310457,0.0367951,0.0316971,0.0316781,0.0378301,0.0326301,0.0401019,0.0397425,0.0477386,0.0553262,0.0652407,0.0815656
893.892,0.0406977,0.0450392,0.0451938,0.0372504,0.0361511,0.0347503,0.0311868,0.036959,0.0386355,0.0391299,0.0349857,0.0349184,0.0428934,0.048242,0.0455873,0.0437462,0.0641375,0.0668525,0.0795135
894.239,0.0288916,0.0349797,0.03677,0.0315517,0.0244794,0.0249389,0.0296362,0.0176308,0.0179324,0.0158152,0.0263994,0.0303176,0.0214104,0.0298205,0.041314,0.0386654,0.0447777,0.0609873,0.0737038
894.586,0.0345646,0.0457323,0.0334034,0.0366,0.0315096,0.0338607,0.0326979,0.0266767,0.0333132,0.0285925,0.0277924,0.0293334,0.0269205,0.0377043,0.0378348,0.0463228,0.0511671,0.0538463,0.069185
894.933,0.0536565,0.0449601,0.0482548,0.0538317,0.0410723,0.0476387,0.039386,0.0394214,0.0348876,0.0350101,0.0290367,0.0431119,0.0399374,0.0381309,0.0430927,0.044774,0.0466411,0.0578287,0.0691053
895.28,0.041733,0.0302569,0.0384684,0.0385852,0.0409724,0.0432893,0.0379988,0.0324134,0.0353533,0.0292007,0.0262624,0.0273995,0.0317611,0.0275783,0.0396011,0.051816,0.0514125,0.0584556,0.0674083
895.626,0.047235,0.0448171,0.0450863,0.0432292,0.0457946,0.0497148,0.0451386,0.0370787,0.0477696,0.0313209,0.0268144,0.0393312,0.0424535,0.0447171,0.039299,0.0483494,0.0623802,0.068323,0.0834578
895.972,0.0436428,0.0517794,0.0468457,0.0503287,0.0349668,0.0378233,0.0382691,0.0299792,0.0313144,0.0319079,0.0261135,0.0411051,0.0359725,0.0282264,0.0364922,0.0502127,0.0665814,0.062376,0.0797373
896.319,0.0446183,0.0347512,0.0438818,0.043346,0.0400956,0.0260408,0.0278143,0.0359173,0.0267602,0.0300107,0.0229671,0.030908,0.0387927,0.0286339,0.0335986,0.0394362,0.0613198,0.0525911,0.074264
896.665,0.0482401,0.0494014,0.0389676,0.0476111,0.0391516,0.0412004,0.0358991,0.0290433,0.0301645,0.0414875,0.0355567,0.0357874,0.0417279,0.0421104,0.0439404,0.0481551,0.0515642,0.0652233,0.0765869
897.011,0.0415764,0.035582,0.0353105,0.0352564,0.0258813,0.0366433,0.02867,0.0264914,0.0273987,0.0250503,0.0371861,0.035634,0.0318911,0.0375825,0.0323127,0.0378663,0.0522015,0.061253,0.0700268
897.356,0.0393448,0.0339531,0.0322516,0.0414113,0.0344197,0.0309933,0.0365107,0.0346107,0.0300525,0.0345536,0.0274452,0.0222784,0.0289542,0.0311378,0.0418498,0.032444,0.0545242,0.0616077,0.0802998
897.702,0.0384105,0.0412185,0.0327266,0.0396193,0.0350725,0.0357623,0.0337913,0.0312041,0.0360523,0.0301504,0.0302845,0.0262644,0.0431148,0.0359936,0.0322037,0.0424188,0.0450292,0.067018,0.0702912
898.048,0.04904,0.0526024,0.0485495,0.0476748,0.047164,0.0472175,0.0484991,0.0467512,0.045423,0.0406747,0.0386407,0.0489177,0.0473507,0.0439002,0.0462422,0.050223,0.0567481,0.0643265,0.0807713
898.393,0.0341958,0.0373018,0.0331893,0.0358405,0.0243002,0.0252648,0.0317882,0.0208778,0.0346484,0.0155348,0.0245001,0.0305171,0.0253376,0.028256,0.0327637,0.0416526,0.0459957,0.0582245,0.0805337
898.738,0.0200128,0.0240007,0.0297334,0.0269656,0.0233799,0.0300904,0.0315363,0.0282777,0.034043,0.0219564,0.0213041,0.0262212,0.0218555,0.0268274,0.0332078,0.041093,0.0474407,0.0551531,0.0663949
899.084,0.0328084,0.039126,0.0432289,0.0360919,0.0309934,0.0244619,0.0299122,0.0320904,0.0272344,0.0219154,0.0291334,0.0186654,0.025656,0.0347022,0.0351383,0.0475993,0.0482561,0.0541329,0.064429
899.429,0.0289577,0.0311224,0.0356834,0.0367421,0.0294748,0.0235648,0.0318434,0.0256825,0.0205568,0.0158037,0.0156554,0.0317453,0.0342251,0.0223341,0.0317185,0.0431898,0.0437833,0.0513266,0.0688503
899.774,0.0442305,0.0455743,0.0449628,0.0447741,0.0410887,0.0401548,0.0423617,0.034433,0.0391069,0.0360709,0.0296365,0.0340613,0.0360365,0.0315553,0.0423374,0.0537595,0.0512837,0.065212,0.0898657
900.119,0.0459087,0.0396809,0.0326562,0.0375348,0.0245918,0.0307823,0.0232416,0.0304213,0.0310079,0.027815,0.0305528,0.0258725,0.0345929,0.0297266,0.0331491,0.039484,0.0426993,0.0551285,0.0762599
900.463,0.0395826,0.0267458,0.0345085,0.0262621,0.0241686,0.0250286,0.0345136,0.0179688,0.0243661,0.0289403,0.0210035,0.0240719,0.0191211,0.0243549,0.0398705,0.0379308,0.060185,0.0552944,0.0633509
900.808,0.0417101,0.0332298,0.0377976,0.0282211,0.02931,0.0294838,0.0316661,0.0286031,0.0300398,0.0285297,0.0261619,0.0241206,0.0222267,0.031547,0.0339536,0.0464018,0.0491915,0.0605036,0.0672891
901.152,0.046142,0.0447129,0.0360366,0.0374924,0.0309989,0.0395902,0.0330687,0.0279782,0.0268039,0.0344253,0.0330399,0.0328028,0.031821,0.0362551,0.0361473,0.0374208,0.0489704,0.0593007,0.0822899
901.497,0.0371706,0.047788,0.0477471,0.0358713,0.045165,0.0420613,0.0271231,0.0340777,0.0271533,0.0355316,0.0319484,0.0373331,0.0379198,0.0277099,0.0372879,0.0424992,0.0513697,0.0583788,0.0790936
901.841,0.0443239,0.043664,0.0403989,0.0264315,0.0346384,0.0379351,0.0389256,0.0363584,0.0306654,0.0351108,0.0361134,0.0312655,0.0356403,0.0305751,0.0351308,0.047562,0.0571141,0.0570678,0.0735851
902.185,0.0436141,0.0414758,0.0538973,0.0476454,0.0420414,0.0463113,0.0340719,0.0403679,0.042001,0.0241338,0.0373274,0.0299593,0.0359079,0.0471326,0.0391238,0.0514985,0.0539303,0.057201,0.0861467
902.529,0.0420688,0.0398871,0.0373642,0.0452476,0.0319938,0.03375,0.0336302,0.03048,0.0424458,0.0279515,0.023532,0.0317007,0.035043,0.0353428,0.0438543,0.0482375,0.0448275,0.0586147,0.0691816
902.873,0.036278,0.0390683,0.0387504,0.0319572,0.0252376,0.0290296,0.0326521,0.0346943,0.0263338,0.0234667,0.0304095,0.0326611,0.0229221,0.0244767,0.0306731,0.038526,0.0389235,0.0582069,0.0661499
903.216,0.0255386,0.0296409,0.0284221,0.0272328,0.0338893,0.0255672,0.0268918,0.027024,0.0264913,0.0186364,0.0326871,0.0263276,0.0248258,0.0302715,0.0340591,0.0391652,0.0555266,0.0531907,0.0671828
903.56,0.0499571,0.0451607,0.0397606,0.0406052,0.0493633,0.0412603,0.0415011,0.0361588,0.0379707,0.0318956,0.0454268,0.0468961,0.0377693,0.0441926,0.0451914,0.0639409,0.0563343,0.0664728,0.0695293
903.903,0.039877,0.0418431,0.0386461,0.0446786,0.0348705,0.0391739,0.0342982,0.025783,0.0390536,0.030226,0.028629,0.0350425,0.0263114,0.0443139,0.0318588,0.0361216,0.0542609,0.0503059,0.071629
904.247,0.0378527,0.0431911,0.034199,0.0396318,0.036532,0.0432507,0.0338499,0.02769,0.0292206,0.0268875,0.0298415,0.0318446,0.0255869,0.0318766,0.030935,0.0550044,0.0505538,0.0588916,0.069511
904.59,0.0346937,0.0382442,0.0394388,0.0363285,0.0302529,0.043048,0.0287696,0.0299356,0.0373556,0.0262554,0.0265488,0.026092,0.0406786,0.0372802,0.0297859,0.0384705,0.0531466,0.0667089,0.0660053
904.933,0.0526121,0.0422802,0.0404187,0.0373783,0.0449618,0.0422264,0.0456621,0.043993,0.040362,0.0500668,0.0401886,0.0321639,0.0361284,0.0456111,0.0482525,0.0443908,0.0585204,0.0805089,0.0776203
905.276,0.0415327,0.0421387,0.0434595,0.0465487,0.0493548,0.0479461,0.0452169,0.0444277,0.0451344,0.0394161,0.0329218,0.039385,0.0366198,0.0452232,0.0517278,0.0523267,0.0636561,0.0755433,0.0820425
905.619,0.0446284,0.0432567,0.0388104,0.0294387,0.0365402,0.0278148,0.026554,0.0404689,0.0219746,0.0336218,0.0331951,0.0226321,0.0192435,0.0397628,0.0360712,0.0409071,0.0485663,0.0525528,0.0754522
905.961,0.0419563,0.0263298,0.0352555,0.0346749,0.039107,0.0302025,0.0401188,0.0234615,0.0301847,0.03194,0.0284401,0.0331648,0.0263446,0.0403435,0.0402239,0.0386349,0.0520155,0.0600256,0.0705097
906.304,0.037271,0.0481362,0.0437799,0.0317488,0.0333606,0.0388752,0.0258401,0.0376577,0.0396912,0.0345005,0.0241432,0.0331622,0.0421052,0.0363128,0.0349404,0.0455632,0.0542795,0.0634584,0.0797185
906.646,0.0472485,0.0365022,0.0450109,0.0425663,0.0414228,0.0425456,0.0368734,0.0333977,0.0430617,0.0436311,0.0380407,0.0334032,0.0384293,0.0428682,0.0414122,0.0465701,0.0455552,0.0729926,0.0834277
906.988,0.0474916,0.0559132,0.037067,0.0457606,0.0459782,0.0429096,0.0299276,0.0260983,0.0260624,0.034944,0.0357497,0.0284797,0.0456073,0.0386294,0.04184,0.0387809,0.0558009,0.0635604,0.0724609
907.331,0.030898,0.0279808,0.0394895,0.0389454,0.0362567,0.0417644,0.0280402,0.027572,0.0317634,0.0220487,0.0379835,0.0307503,0.0328344,0.031148,0.0377532,0.0419326,0.0440743,0.0537275,0.077168
907.673,0.0460585,0.0511324,0.0511316,0.0498102,0.0475438,0.0444311,0.0521386,0.037848,0.0369471,0.0350811,0.0368809,0.04011,0.0437448,0.0387699,0.0504663,0.0452434,0.0658056,0.0693403,0.0809324
908.015,0.0281776,0.0308681,0.031434,0.0260712,0.0240881,0.0254416,0.0256335,0.0150968,0.0315509,0.0146786,0.0156516,0.0193017,0.0172705,0.0215776,0.024669,0.0311996,0.0542047,0.0401414,0.0688521
908.356,0.0469125,0.0405233,0.0387639,0.0454101,0.045072,0.0337079,0.0372502,0.0386801,0.0402544,0.0286875,0.0219968,0.0380507,0.0355146,0.0393657,0.0374442,0.0423321,0.0535501,0.0570212,0.0824753
908.698,0.0365352,0.0346443,0.0458044,0.0352787,0.0388331,0.0404945,0.037501,0.0458489,0.0313176,0.0365278,0.0370666,0.0429886,0.0404796,0.0412815,0.0405779,0.040575,0.0490771,0.0644721,0.0767808
909.04,0.0284938,0.0386502,0.0500779,0.0496168,0.0442191,0.0419877,0.0381378,0.0376272,0.02213,0.0314096,0.0343285,0.0339095,0.0369038,0.0361606,0.0314473,0.0499693,0.0568287,0.0657926,0.0672747
909.381,0.0401375,0.0486837,0.0419796,0.0539984,0.0472254,0.0292263,0.0415865,0.0301305,0.0324497,0.0286774,0.0259368,0.0304525,0.0328019,0.0330398,0.0293105,0.0502162,0.0624046,0.0692059,0.0797596
909.722,0.024672,0.0284283,0.0239457,0.0334371,0.0246253,0.0271175,0.0264677,0.0247099,0.0219584,0.0323453,0.0302026,0.0187963,0.0230609,0.0246409,0.0251758,0.0310005,0.0493565,0.0540738,0.0710277
910.063,0.0363523,0.0397367,0.0337675,0.0415289,0.0388397,0.0446043,0.0453616,0.0370201,0.0267364,0.034425,0.0387047,0.0318541,0.0297939,0.0282615,0.0438689,0.0428059,0.0444885,0.062898,0.0778291
910.405,0.0447406,0.0491973,0.0543909,0.0448929,0.0443892,0.043315,0.0389226,0.0390103,0.0363988,0.0396575,0.0372768,0.0393006,0.0418089,0.0479639,0.0548395,0.0534935,0.064185,0.0663465,0.0907643
910.745,0.042594,0.0592251,0.0468606,0.0499595,0.0455048,0.0459935,0.0319576,0.044029,0.0445518,0.0343012,0.0377816,0.0476008,0.0432483,0.0432606,0.0446775,0.0559116,0.0605159,0.0708508,0.0844298
911.086,0.0418586,0.0344601,0.0407093,0.0363438,0.039255,0.0530545,0.0434433,0.0352762,0.0390797,0.0370102,0.0320902,0.0396648,0.0423296,0.0398217,0.0471918,0.0584155,0.0691777,0.0696569,0.0721902
911.427,0.0426809,0.0391355,0.0458778,0.0313372,0.0500343,0.0422086,0.0409154,0.0463389,0.0404823,0.032549,0.0256815,0.0320598,0.0381656,0.0309589,0.0348361,0.0414586,0.0528481,0.072345,0.0749761
911.767,0.0385799,0.0386471,0.0347644,0.0374731,0.0434193,0.0296378,0.0282493,0.0251581,0.0302209,0.02307,0.0236266,0.0248594,0.0232724,0.0354629,0.0410401,0.0486719,0.0482528,0.065736,0.0736971
912.108,0.0323127,0.0351539,0.03113,0.03647,0.0432403,0.0343906,0.0394617,0.0319131,0.0333507,0.0284775,0.0390231,0.038281,0.0317111,0.0274624,0.0307893,0.0440448,0.0541779,0.0612375,0.0734052
912.448,0.0465618,0.0495985,0.0445201,0.0462143,0.0414558,0.0421345,0.0429675,0.0285165,0.0385538,0.048846,0.0290509,0.0304148,0.0256769,0.039974,0.0428654,0.0527221,0.0586608,0.0722756,0.0726389
912.788,0.0460415,0.0471982,0.0562789,0.0440347,0.0344597,0.0424959,0.0384273,0.0401399,0.0412025,0.0398483,0.0429487,0.0328745,0.0358929,0.0461666,0.041627,0.0393236,0.0585477,0.0757248,0.0832979
913.128,0.0468379,0.0463977,0.0413901,0.0383593,0.0392258,0.0324234,0.0300836,0.0437141,0.036273,0.0360128,0.0279975,0.0323511,0.0217408,0.0422741,0.0392075,0.0363287,0.0452456,0.0688844,0.0816961
913.468,0.0479139,0.0556774,0.0437297,0.0435634,0.047322,0.041865,0.0497604,0.0358567,0.0446333,0.0285276,0.038884,0.0346157,0.0352142,0.0378959,0.0479721,0.0480627,0.0614838,0.0635454,0.0849431
913.808,0.0392863,0.031628,0.0340039,0.0372593,0.0308169,0.0303363,0.0288938,0.0252119,0.0135302,0.0263015,0.0146547,0.0307131,0.0271336,0.0265976,0.0341943,0.0408462,0.0552155,0.0530815,0.0672878
914.148,0.0257534,0.0138189,0.0317174,0.023275,0.0123394,0.0172626,0.0120535,0.0258667,0.00584654,0.0203866,0.00745777,0.0178445,0.0247344,0.0216606,0.0188415,0.0285303,0.0258361,0.05917,0.0563
914.487,0.0402555,0.0466916,0.0531376,0.0489291,0.0430341,0.0516397,0.0431424,0.0522714,0.0387821,0.042053,0.0341152,0.0327431,0.0447711,0.0372494,0.0436453,0.0456771,0.0580466,0.0651251,0.0752763
914.826,0.0508836,0.0401363,0.0427485,0.0511454,0.0347592,0.0434328,0.0349902,0.0372987,0.0402176,0.0231973,0.028481,0.0473262,0.0332048,0.0479617,0.0502035,0.0473018,0.0460507,0.0699448,0.0783883
915.166,0.0324719,0.0292139,0.0335899,0.0379763,0.0242759,0.0227243,0.0289518,0.0289365,0.0316888,0.0176569,0.0228202,0.0345114,0.0276144,0.0210434,0.0317294,0.0411496,0.0552193,0.062743,0.0692412
915.505,0.0409656,0.0272485,0.0276644,0.0428135,0.0342037,0.0320659,0.026572,0.0338914,0.0185325,0.029708,0.0276837,0.0295162,0.0337663,0.020676,0.0470432,0.0390245,0.0514622,0.0621808,0.0686214
915.844,0.0293712,0.0304862,0.0261345,0.0310574,0.0258524,0.0332449,0.036048,0.0263506,0.0291214,0.0252201,0.0327361,0.0251607,0.0330208,0.0415466,0.0375995,0.0461924,0.0488098,0.0558006,0.0669204
916.183,0.0429829,0.0356463,0.0385398,0.0439076,0.0434511,0.0440127,0.0429528,0.0319084,0.04067,0.027409,0.0321042,0.043488,0.0321629,0.0386908,0.0501986,0.0494061,0.0471253,0.0540497,0.0740968
916.522,0.0524815,0.0394347,0.0421731,0.0563396,0.0435825,0.0391789,0.0498312,0.0425062,0.0554987,0.0365407,0.0441087,0.0472555,0.0407786,0.048914,0.0555473,0.0530813,0.0526127,0.0702514,0.0813114
916.86,0.0362057,0.0257296,0.0403908,0.0311068,0.03829,0.0169154,0.0247846,0.0274256,0.0317243,0.0303545,0.0226288,0.03025,0.0216825,0.0354021,0.0274665,0.0457865,0.0549883,0.0637991,0.0704848
917.199,0.0468207,0.0538874,0.045394,0.045217,0.0460569,0.0407245,0.0477459,0.04393,0.0365413,0.0424836,0.0341984,0.0441502,0.0454573,0.0453559,0.0421504,0.0540959,0.0631407,0.0670583,0.0879528
917.537,0.0299796,0.0287261,0.0343471,0.039024,0.0386752,0.0416054,0.0227719,0.0259604,0.031311,0.031066,0.025596,0.02847,0.0356085,0.0273305,0.0325082,0.0415501,0.0448023,0.0534963,0.0720329
917.875,0.0478578,0.0456964,0.0492794,0.0295492,0.0492586,0.0361902,0.038952,0.0411937,0.0369454,0.0301987,0.0340079,0.0349632,0.035003,0.0442957,0.0462397,0.0429435,0.0610977,0.0734384,0.0840968
918.213,0.0388275,0.0380157,0.0324343,0.0420166,0.0344873,0.0221353,0.0353594,0.0276003,0.0337687,0.0448093,0.0253032,0.0286333,0.0270694,0.0367149,0.0407496,0.0501344,0.0455169,0.0650483,0.0725183
918.551,0.0453795,0.038689,0.0339615,0.0393064,0.0412181,0.036042,0.0432171,0.0443957,0.0424818,0.0404864,0.033242,0.0306283,0.0373606,0.0391532,0.0452528,0.0546776,0.0675376,0.0648909,0.087724
918.889,0.0423883,0.0415429,0.0415137,0.0430566,0.0436385,0.0268561,0.0283192,0.0407356,0.0305813,0.0444605,0.0445478,0.0287832,0.0435121,0.0263808,0.0422947,0.0327537,0.049919,0.0630916,0.065801
919.227,0.0392441,0.0370016,0.0356665,0.0447237,0.0323299,0.0267896,0.0300747,0.0308389,0.0332038,0.0229873,0.0411726,0.0314542,0.0360532,0.0314598,0.0375538,0.0468687,0.0529466,0.0697243,0.0854363
919.565,0.0472366,0.034742,0.0397725,0.0506539,0.0398884,0.046608,0.0414571,0.0391823,0.0471,0.0355682,0.0489915,0.0413525,0.0344309,0.025881,0.0414388,0.0546594,0.0545691,0.0799082,0.0907789
919.902,0.0278664,0.0357668,0.0307946,0.0386362,0.045726,0.0339986,0.0300558,0.0239634,0.028758,0.0343361,0.0301943,0.0301898,0.02212,0.0321561,0.0432457,0.0415934,0.0468019,0.0559838,0.0851647
920.24,0.0519271,0.056949,0.0447854,0.0454325,0.0437545,0.0477156,0.0451346,0.0402473,0.0466227,0.0336542,0.0355814,0.0474029,0.0455999,0.045519,0.0407011,0.0505432,0.0623157,0.0640027,0.0885114
920.577,0.0387598,0.0353807,0.0306273,0.0375462,0.0298039,0.0271472,0.0267826,0.0305902,0.0203525,0.0202375,0.0203486,0.0237207,0.0250951,0.0138459,0.0240614,0.032405,0.0438232,0.0495883,0.0701527
920.914,0.0312744,0.028836,0.035567,0.0321897,0.0287421,0.0216882,0.0306757,0.032194,0.0267234,0.0225998,0.0261951,0.0253293,0.0398082,0.0485826,0.0336795,0.0398574,0.0461114,0.0590778,0.0816969
921.251,0.0615529,0.0519558,0.0463028,0.0384506,0.0440377,0.0437884,0.0401686,0.0520505,0.0431147,0.0533144,0.038161,0.0499064,0.0535987,0.0460725,0.0450328,0.0510111,0.0644719,0.0844888,0.0825778
921.588,0.0547942,0.0462695,0.0527427,0.0433356,0.036416,0.0480409,0.0458822,0.0448176,0.0338937,0.0398678,0.0342108,0.0216209,0.023304,0.0337653,0.039007,0.0511354,0.0496376,0.0776367,0.0798617
921.924,0.0424822,0.0429183,0.0459387,0.0542204,0.0320309,0.0486028,0.0392972,0.0410291,0.0347582,0.039057,0.0314443,0.0330194,0.0409674,0.0350373,0.047381,0.0450774,0.0543126,0.0731141,0.0854604
922.261,0.0508335,0.0371126,0.0345757,0.0422255,0.0250288,0.0309036,0.0213958,0.0276894,0.0280435,0.0314783,0.0410034,0.0300537,0.0139839,0.0211232,0.0334224,0.0495623,0.053768,0.0561868,0.0755919
922.598,0.019771,0.0296196,0.0211414,0.0311108,0.0281877,0.0382317,0.0216835,0.0187551,0.0149591,0.0209841,0.0218729,0.0148047,0.0209327,0.0258036,0.0320241,0.0431914,0.0434713,0.0588758,0.0710071
922.934,0.0335425,0.0288433,0.0326199,0.0293078,0.0348486,0.0349,0.0343897,0.0366422,0.0214119,0.0319369,0.0318908,0.0343574,0.0201521,0.0372281,0.0330314,0.0301181,0.0575261,0.0709075,0.0749746
923.27,0.0283537,0.0427574,0.033563,0.0388714,0.0155746,0.0465132,0.0350669,0.0324648,0.0229315,0.0262911,0.0250921,0.0217567,0.0290132,0.0251272,0.0297713,0.0510287,0.0527638,0.062826,0.0740661
923.606,0.0394644,0.053041,0.0366207,0.0353064,0.037468,0.0248447,0.0362036,0.0361128,0.048396,0.0182474,0.021784,0.029219,0.0182133,0.0438366,0.0391133,0.0599963,0.0468409,0.0663827,0.0814501
923.942,0.0391556,0.0312142,0.043929,0.0276003,0.029196,0.040625,0.0334922,0.0417856,0.0357102,0.0285003,0.0314052,0.0266301,0.0224048,0.0301198,0.0369062,0.0442946,0.0541779,0.0756579,0.079628
924.278,0.0401826,0.0358882,0.0479982,0.0447295,0.0424639,0.0384288,0.0454611,0.0231978,0.0343589,0.0266459,0.0221866,0.0267884,0.0305976,0.036245,0.042334,0.0608129,0.0526145,0.0643133,0.0749546
924.614,0.0501045,0.040311,0.0455939,0.0476243,0.0488163,0.0454476,0.0444505,0.0327033,0.0525777,0.0415672,0.0429339,0.028663,0.049671,0.0402072,0.0433645,0.0420592,0.070524,0.072501,0.0690327
924.949,0.0364381,0.0400885,0.0554918,0.0422145,0.0431577,0.0427094,0.0405651,0.0365072,0.0408697,0.0276047,0.0339303,0.0373564,0.046825,0.0475437,0.0262481,0.0521924,0.0582539,0.0698585,0.0760229
925.285,0.031527,0.0369519,0.039726,0.036025,0.0292513,0.0331521,0.0315874,0.0310649,0.0330175,0.0310099,0.016748,0.0378972,0.0247019,0.0407675,0.0378767,0.0358214,0.0462344,0.0547802,0.0802196
925.62,0.0416246,0.0638897,0.0448148,0.0334615,0.0600262,0.0469663,0.0542557,0.0544091,0.0510188,0.0472502,0.0229716,0.0567931,0.0439008,0.0383295,0.0443369,0.0574264,0.07233,0.0627363,0.0903104
925.955,0.0294043,0.0458953,0.0273127,0.0422465,0.0182057,0.0289476,0.0265035,0.0116154,0.0265457,0.0237854,0.0237304,0.0152055,0.0267208,0.0321193,0.0354837,0.0341311,0.0414201,0.0669055,0.0733716
926.29,0.0249566,0.0268643,0.0332777,0.0455267,0.0300627,0.036333,0.0243203,0.0258187,0.026753,0.0255086,0.0322219,0.0214973,0.0187506,0.0300602,0.0265446,0.0494011,0.0466007,0.0541687,0.0720136
926.625,0.0518784,0.0574557,0.0459325,0.0524228,0.042572,0.0461435,0.0392765,0.0259887,0.0353901,0.0401343,0.0387835,0.0377623,0.0486075,0.0575859,0.0451711,0.054003,0.0578881,0.0865231,0.0831037
926.96,0.0471761,0.0475372,0.0436821,0.0439594,0.0635347,0.0370454,0.0402918,0.0417925,0.0364661,0.0350627,0.035174,0.0412086,0.0441849,0.0410117,0.0399879,0.0643561,0.0687757,0.0762685,0.0817553
927.295,0.0418346,0.0442955,0.0504284,0.0355066,0.0624298,0.0460342,0.0339421,0.0448729,0.0381107,0.0407374,0.0410168,0.0435972,0.0461256,0.0391423,0.0495038,0.0337054,0.0678282,0.0861706,0.0822563
927.629,0.0488746,0.0358637,0.036245,0.0288481,0.0458086,0.0444502,0.0370598,0.0297167,0.0359859,0.0371641,0.0411076,0.0285574,0.0324982,0.0353443,0.0347771,0.0313292,0.0532132,0.0612715,0.0747707
927.964,0.0400676,0.0381807,0.0297059,0.0308774,0.0392073,0.0527691,0.0245997,0.0262637,0.0268193,0.0317097,0.0224809,0.0359038,0.0290035,0.0184353,0.0286506,0.0312818,0.0510089,0.0563537,0.0673636
928.298,0.0350919,0.0489335,0.0385178,0.0363339,0.0327817,0.0177346,0.0247694,0.036584,0.0247652,0.0291703,0.0156015,0.0134574,0.0271168,0.0177014,0.0154465,0.036788,0.0468937,0.0487189,0.0627837
928.632,0.0509308,0.0536884,0.0366276,0.050265,0.0405306,0.0343354,0.0306326,0.0354853,0.050287,0.0273346,0.0251477,0.0256957,0.0368759,0.0334317,0.0387939,0.0387284,0.063169,0.05647,0.0769639
928.967,0.0388048,0.0281919,0.0295631,0.0176058,0.0304607,0.0193903,0.026655,0.0202785,0.0249371,0.0184016,0.0211903,0.00744028,0.023763,0.0359231,0.0332789,0.0161682,0.0324984,0.0582766,0.070358
929.3,0.0553988,0.0534549,0.0467172,0.0517922,0.0554858,0.0558535,0.0371956,0.0457964,0.0428325,0.0390103,0.0427953,0.0302407,0.0435178,0.047278,0.0374973,0.0647306,0.0621617,0.0752967,0.0783311
929.634,0.0455574,0.0415493,0.052145,0.0394326,0.0412119,0.0345361,0.0437195,0.0326312,0.0340547,0.0195448,0.0498754,0.0312588,0.0334595,0.0441042,0.0442533,0.0416875,0.0481652,0.0603284,0.0746563
929.968,0.0498808,0.0355196,0.0362906,0.0499788,0.0319347,0.0308121,0.0371743,0.0182381,0.0322024,0.0240985,0.0316737,0.0367512,0.0309357,0.0403379,0.041847,0.0409619,0.0482638,0.0527208,0.0698563
930.302,0.0541306,0.0419337,0.0451273,0.0354174,0.0399988,0.0302195,0.045654,0.0389085,0.0430536,0.0301876,0.0275459,0.0247489,0.0361337,0.0282509,0.0423708,0.0409895,0.047797,0.0594216,0.0836639
930.635,0.047504,0.047009,0.0293996,0.0348354,0.0398755,0.0331345,0.0250441,0.0404451,0.0397216,0.0322046,0.0182339,0.0352383,0.0273799,0.030155,0.0384158,0.0440428,0.0512138,0.0674438,0.0864605
930.968,0.0589282,0.0566339,0.0359584,0.0496856,0.0602962,0.0541283,0.045548,0.0405296,0.0394776,0.0428913,0.0456114,0.0411649,0.0504099,0.0364587,0.0564357,0.0623299,0.0646395,0.0711401,0.0933621
931.301,0.0477748,0.0425191,0.0335817,0.0472148,0.0487149,0.0402938,0.033909,0.0308441,0.0331975,0.0361547,0.0393659,0.0303061,0.040619,0.0249134,0.0461644,0.04884,0.0585908,0.0603487,0.0805773
931.634,0.0369272,0.0285976,0.030981,0.0442141,0.0371087,0.0264416,0.0221763,0.0216331,0.0267462,0.0294538,0.0328338,0.0194034,0.0310922,0.012939,0.0360355,0.0351012,0.0527662,0.0499313,0.0678394
931.967,0.043536,0.0360899,0.0376484,0.0390677,0.0314596,0.0360173,0.0383881,0.0340374,0.0241823,0.039574,0.0209314,0.028257,0.0285182,0.0354145,0.0345155,0.0332106,0.0616649,0.0562823,0.0789599
932.3,0.0431757,0.0378342,0.0305958,0.0524916,0.0410583,0.0316301,0.0381672,0.0406711,0.0290454,0.0289034,0.0331728,0.0393361,0.0467281,0.0326335,0.0344847,0.0348037,0.0486112,0.0635942,0.0641252
932.633,0.029605,0.0352944,0.0375529,0.030381,0.0302058,0.020732,0.0158193,0.021254,0.031679,0.0352762,0.0241531,0.0126479,0.0242783,0.0243285,0.0205872,0.0349515,0.0394645,0.0602963,0.0671669
932.965,0.0494734,0.0304634,0.0263146,0.0391275,0.0243621,0.0441516,0.0204044,0.0342964,0.0261783,0.022976,0.0111758,0.0226133,0.0311699,0.02638,0.0470474,0.0404509,0.0503568,0.0510034,0.0791465
933.298,0.0523444,0.0429763,0.0448638,0.0467831,0.0445696,0.0375465,0.0390061,0.0232286,0.0364352,0.0435003,0.0232779,0.0281343,0.0346139,0.0298995,0.0422251,0.057201,0.0686357,0.0654695,0.0838662
933.63,0.031404,0.0414404,0.0509544,0.0440241,0.0427276,0.0358307,0.0387616,0.0327964,0.0313787,0.0453081,0.0198094,0.0358816,0.0396188,0.0454792,0.0344543,0.0449453,0.058469,0.0683284,0.079759
933.962,0.0590577,0.047651,0.0594482,0.060792,0.0505817,0.0459292,0.0323144,0.0360654,0.0464209,0.0355618,0.0377215,0.0445579,0.0482155,0.0538479,0.0580218,0.0645343,0.0584717,0.0687737,0.0812841
934.294,0.0430406,0.046704,0.0472173,0.0353826,0.0435212,0.0502422,0.0414406,0.0354663,0.0433521,0.025136,0.0316958,0.0229733,0.0369549,0.0419783,0.0407584,0.0557234,0.0555017,0.066553,0.0934894
934.626,0.0296979,0.0506184,0.0338323,0.0277166,0.039083,0.0300367,0.0362125,0.0420995,0.0254219,0.0256178,0.0225464,0.0306672,0.0247324,0.0323346,0.0315993,0.0374896,0.0293709,0.0567866,0.0828665
934.958,0.0374252,0.0440453,0.0313189,0.0443549,0.0314089,0.0271045,0.0226981,0.0267164,0.0254377,0.0295751,0.0246218,0.0271611,0.039468,0.0369958,0.0124214,0.0319076,0.041552,0.0479201,0.0563484
935.29,0.04018,0.0270451,0.0405088,0.0273453,0.03312,0.0393169,0.0217224,0.0160405,0.0205518,0.0222366,0.0198126,0.0278516,0.0210996,0.0191964,0.0348651,0.045352,0.0403545,0.0533573,0.0688504
935.621,0.0533537,0.0434217,0.0391926,0.0434639,0.0243011,0.041493,0.0487809,0.0301863,0.0359895,0.0276113,0.0446845,0.0418846,0.0290462,0.0384005,0.0337624,0.0450362,0.0517724,0.0632415,0.0671017
935.953,0.0488618,0.0530133,0.038568,0.0512762,0.0343231,0.0333106,0.0250471,0.0272195,0.0226857,0.0209761,0.0336606,0.0329975,0.0391572,0.0311555,0.0316409,0.0512729,0.0366375,0.0679105,0.0667478
936.284,0.0328822,0.0264371,0.0293649,0.0401715,0.0238159,0.0198337,0.0243958,0.0409922,0.0134756,0.0178847,0.0238463,0.0247171,0.0195427,0.0144084,0.0342037,0.037252,0.0415301,0.0364057,0.0675761
936.615,0.049326,0.0616607,0.0562549,0.0507121,0.0521539,0.0400675,0.0246635,0.040974,0.0353853,0.0459739,0.0367304,0.0492003,0.0473989,0.0378889,0.0564872,0.0596267,0.05481,0.0688362,0.0975439
936.946,0.0472288,0.0482186,0.0509106,0.0491052,0.0536607,0.0555785,0.0331259,0.0461448,0.0409322,0.0471834,0.050217,0.0477713,0.0446059,0.0491205,0.0576972,0.0528096,0.0518743,0.0818437,0.0878068
937.277,0.0456431,0.045393,0.0310446,0.0374622,0.043305,0.0318717,0.026373,0.0326659,0.0294252,0.0285506,0.0232264,0.0320368,0.0417698,0.0290315,0.0404205,0.0501877,0.0413668,0.0653534,0.0719966
937.608,0.0684383,0.0544756,0.0309008,0.0530058,0.0483418,0.0425999,0.041515,0.0412326,0.0532267,0.0270113,0.0395725,0.0448331,0.0371861,0.0392828,0.0448682,0.045511,0.0548866,0.0752426,0.0878435
937.938,0.0616859,0.0559101,0.053418,0.0572782,0.0463924,0.0487022,0.0545268,0.0365742,0.0614493,0.0468569,0.0178678,0.0469861,0.0676015,0.042747,0.0607749,0.0604928,0.0742338,0.0861738,0.0826299
938.269,0.0414049,0.0380418,0.0497996,0.0368686,0.0358171,0.0478528,0.0215404,0.0532096,0.0295371,0.0310127,0.0306428,0.0309432,0.0288227,0.0384302,0.0379974,0.0608856,0.0665825,0.0606519,0.0859262
938.599,0.0592139,0.0477256,0.0788736,0.065092,0.0659604,0.0657074,0.0702954,0.0581434,0.0571817,0.0760575,0.071658,0.0592794,0.0595657,0.0682597,0.061496,0.0857928,0.0738641,0.0850762,0.120269
938.929,0.0438783,0.0445687,0.0409585,0.0378658,0.0383139,0.045828,0.0411621,0.0341012,0.0275149,0.034217,0.0321164,0.0396799,0.0447507,0.0368989,0.0390141,0.0446392,0.0502988,0.0551209,0.0766395
939.26,0.0536717,0.05228,0.0513862,0.0381039,0.039321,0.0431436,0.0225589,0.0313871,0.0302931,0.0292674,0.0309596,0.0323666,0.0160299,0.0326123,0.0514218,0.0631382,0.0531278,0.0733411,0.0845903
939.59,0.0466472,0.0498164,0.0456888,0.0600393,0.0494729,0.042519,0.034977,0.0568237,0.0338707,0.0277347,0.0269886,0.041086,0.0392594,0.0415032,0.0487625,0.0574249,0.0776353,0.0651441,0.0739524
939.919,0.0547929,0.0492658,0.0755509,0.0768136,0.0550911,0.0603821,0.0450737,0.0586918,0.0450396,0.0461011,0.0466383,0.0468348,0.0607577,0.059531,0.0657847,0.0684409,0.0831947,0.0748274,0.0880227
940.249,0.0440257,0.0470817,0.0539933,0.0455321,0.0476662,0.0423206,0.0605116,0.0365319,0.0346237,0.0374786,0.0307344,0.0414987,0.0577289,0.0398026,0.0298807,0.0624273,0.0612975,0.080332,0.0909054
940.579,0.0506668,0.0518037,0.0607121,0.0507194,0.0479387,0.0379689,0.0446303,0.045867,0.0399033,0.0286141,0.0369269,0.039285,0.0410639,0.0504343,0.0492542,0.0403603,0.0572772,0.0580828,0.0762376
940.908,0.0524075,0.0610526,0.0566468,0.038587,0.0566165,0.0302781,0.0307605,0.023285,0.0377218,0.0210322,0.0427456,0.0371955,0.0420242,0.0260283,0.0410309,0.0383007,0.0536823,0.0683289,0.0819656
941.238,0.0374937,0.0518018,0.0353794,0.0227737,0.0364782,0.034767,0.0296485,0.0393496,0.0142123,0.0284786,0.0282745,0.0425372,0.0288512,0.0482373,0.0354318,0.0356362,0.0656217,0.0724189,0.0560039
941.567,0.0494664,0.0487845,0.0556049,0.0333541,0.0310685,0.0461887,0.0345439,0.0401328,0.0422062,0.0389171,0.0358062,0.0358366,0.0335936,0.0404307,0.0490012,0.0277646,0.0546736,0.0562074,0.0893643
941.896,0.0325181,0.0196089,0.0268504,0.0128965,0.0257226,0.0201687,0.0133532,0.0130508,0.0191284,0.0170232,0.0131153,0.0227994,0.016381,0.0228379,0.0187747,0.0330996,0.0367048,0.0423971,0.0349552
942.225,0.00978522,0.0238971,0.0292672,0.0149531,0.0157972,0.029898,0.00265801,0.0134238,0.0220554,0.0114806,0.0285922,0.0292352,0.0288882,0.0285166,0.00684383,0.0372565,0.0310093,0.0467542,0.0709407
942.554,0.0523683,0.0404291,0.0494571,0.0412762,0.0456867,0.0304122,0.0305794,0.031421,0.0346309,0.0412918,0.049232,0.0465935,0.0372966,0.041241,0.0433087,0.0474174,0.053359,0.0675482,0.0741242
942.883,0.0508721,0.0251093,0.0268522,0.014423,0.0141762,0.0318998,0.0302671,0.0337126,0.0310956,0.0267642,0.0260356,0.0363958,0.00679169,0.0298094,0.0562924,0.0423155,0.0356637,0.0521549,0.0641774
943.211,0.0566454,0.0542352,0.0249588,0.047718,0.0560023,0.036769,0.0384774,0.0328431,0.0377261,0.0700857,0.0486626,0.0429098,0.0319477,0.0424841,0.0391861,0.0456308,0.0578988,0.0782678,0.0785369
943.54,0.0368378,0.0486465,0.0314053,0.0253302,0.0384654,0.0460211,0.0350537,0.0343364,0.0299126,0.0451389,0.027809,0.0308751,0.0314175,0.022039,0.0451161,0.0408332,0.0455061,0.0726363,0.0870405
943.868,0.0412315,0.0384022,0.0594428,0.0318761,0.0465262,0.0406072,0.0529064,0.0438749,0.0460474,0.0530496,0.0430108,0.0372799,0.023868,0.0557535,0.0704171,0.0469678,0.0558085,0.0896118,0.067392
944.196,0.0281569,0.0377558,0.0488148,0.0198029,0.0271579,0.0195188,0.0391046,0.0375658,0.0235077,0.0362679,0.018669,0.0219662,0.0206747,0.0370587,0.0197855,0.0498251,0.054245,0.0461869,0.0715497
944.524,0.0443118,0.0499414,0.0292974,0.0330826,0.0241436,0.0276859,0.0433011,0.0248771,0.0181722,0.0398055,0.0203953,0.022704,0.0211288,0.0365768,0.0478914,0.0496006,0.0640893,0.0878238,0.0904681
944.852,0.0146225,0.0168836,0.0310624,0.0345758,0.0218493,0.0277855,0.00849359,0.0147074,0.0102163,0.0236169,0.00333543,0.0100755,0.0216358,0.0262318,0.0399249,0.0338844,0.0339071,0.0397755,0.0707812
945.18,0.0275856,0.0484684,0.0393322,0.0407477,0.030291,0.025195,0.0319713,0.0364345,0.0292428,0.0204309,0.0174212,0.0304773,0.0132463,0.0230965,0.0451691,0.0363383,0.0364305,0.0691326,0.074123
945.508,0.018767,0.0345385,0.0228589,0.0224684,0.0228553,0.0207616,0.0188221,0.0149194,0.00341826,0.0176653,0.00504319,0.00794315,-0.00187458,0.0115133,0.0221852,0.0434279,0.0486144,0.0416899,0.0494294
945.835,0.0388401,0.0275887,0.0311594,0.0429803,0.0464554,0.0468883,0.0380934,0.037088,0.0410622,0.0327383,0.0330349,0.0343101,0.033408,0.0293322,0.0366458,0.0500311,0.0367682,0.0713757,0.0971234
946.163,0.0331987,0.0430335,0.0403159,0.0417714,0.0406808,0.0234793,0.0319531,0.0305775,0.0203764,0.0241424,0.037398,0.0364664,0.0319134,0.0406329,0.0440757,0.0370117,0.0507336,0.0752673,0.0911667
946.49,0.0431424,0.0341187,0.0256448,0.0475912,0.0455064,0.0197859,0.0378544,0.0274859,0.00929329,0.042147,0.0330753,0.0347876,0.0432511,0.0268208,0.0443908,0.0576673,0.0474484,0.0567845,0.0669505
946.817,0.0263515,0.0495584,0.0384641,0.0348748,0.0379854,0.0437583,0.0413801,0.0145861,0.0314396,0.0179415,0.0368002,0.0323173,0.029175,0.0406224,0.0298172,0.043503,0.0544466,0.0716084,0.067003
947.144,0.0817293,0.0620651,0.0645143,0.0658862,0.0587831,0.0536846,0.0662909,0.0616884,0.0516717,0.0583208,0.0550386,0.0575592,0.0575498,0.0554724,0.0691882,0.0573838,0.0695913,0.0886367,0.0937338
947.471,0.0357224,0.0197949,0.0235854,0.0418311,0.0462997,0.041086,0.0298173,0.0229126,0.0250053,0.0351852,0.0388009,0.0368628,0.0366646,0.0329872,0.0481711,0.0559032,0.0472203,0.0608201,0.0819075
947.798,0.0422469,0.0482741,0.0353787,0.0379419,0.0492019,0.0425988,0.0271043,0.0234515,0.0426423,0.0443738,0.0304818,0.0365145,0.0215629,0.0251445,0.0456003,0.0323224,0.0358128,0.0563009,0.0857953
948.125,0.0544966,0.0630416,0.0624372,0.0492764,0.0498485,0.0395382,0.0354857,0.0391602,0.0555494,0.0482125,0.03324,0.0398405,0.0485747,0.0555363,0.0539372,0.0515135,0.0583059,0.0881862,0.0779005
948.451,0.0226072,0.0321675,0.0251339,0.0395454,0.0102586,0.0270108,0.0228188,0.0277863,0.020527,0.0155796,0.0195366,0.0186038,0.013859,0.0260835,0.0270593,0.0417937,0.0285315,0.0542852,0.0737562
948.778,0.0621414,0.0449229,0.0708449,0.0347275,0.0381676,0.0385115,0.0374037,0.0220119,0.0363325,0.0425929,0.0305911,0.0463426,0.0272617,0.0196842,0.0398221,0.0399799,0.0348813,0.0822737,0.0816544
949.104,0.0339595,0.0558849,0.0584951,0.0421425,0.0494167,0.0389257,0.0390999,0.0503708,0.0442474,0.0423169,0.0484134,0.0448357,0.034655,0.0363004,0.043588,0.0444993,0.0554726,0.0627215,0.0665806
949.43,0.0401871,0.041944,0.0318778,0.0427316,0.0476895,0.0442537,0.0344516,0.0326485,0.0262348,0.0121612,0.0290781,0.0199409,0.0419203,0.0501102,0.0375369,0.0591855,0.0361776,0.0740713,0.0659374
949.756,0.0350851,0.0262493,0.0298948,0.034215,0.0301366,0.0571996,0.034887,0.0226521,0.0210256,0.0227832,0.0106756,0.0444381,0.0370179,0.0277073,0.0237821,0.0402209,0.0475821,0.0551303,0.0691018
950.082,0.0439876,0.0216233,0.0446265,0.052457,0.0684485,0.0426135,0.0368233,0.0429554,0.039759,0.0198048,0.0340065,0.032443,0.0406346,0.0427816,0.0446681,0.0471054,0.0525271,0.0576581,0.0744365
950.408,0.0256214,0.0358324,0.0408756,0.0317183,0.0504551,0.0337898,0.0412099,0.0400628,0.0432698,0.034518,0.0424879,0.0219418,0.0232806,0.0301367,0.039833,0.0486834,0.0488842,0.0635363,0.0728317
950.734,0.0509087,0.0500321,0.0338133,0.0532998,0.0427534,0.0432086,0.0223402,0.0407083,0.0444036,0.0258918,0.021376,0.0417191,0.0502485,0.0358999,0.0522363,0.0736103,0.0458786,0.0435426,0.0806552
951.059,0.0425875,0.0332124,0.0380019,0.0468016,0.0277978,0.0234009,0.0248122,0.050449,0.0337178,0.0383634,0.0347064,0.0342429,0.0377719,0.0204548,0.0400224,0.0328119,0.0535145,0.0601636,0.085732
951.385,0.0364365,0.0419023,0.048706,0.0368694,0.0324476,0.0481627,0.0292822,0.0253491,0.0234134,0.0344808,0.0164662,0.00597284,0.0351093,0.0261282,0.0431408,0.0352276,0.0540832,0.0621745,0.0697186
951.71,0.0641138,0.0715566,0.0694754,0.0692258,0.0624364,0.046984,0.071812,0.0558693,0.0588401,0.0441192,0.035313,0.067432,0.0554868,0.0645657,0.0732322,0.0679467,0.0874813,0.0929036,0.10148
952.035,0.0602345,0.0420292,0.0515715,0.0537472,0.0404555,0.0322461,0.0550908,0.061084,0.0350224,0.0333376,0.0487044,0.0495166,0.0403497,0.0643714,0.0628193,0.0704372,0.0767141,0.0672696,0.0720204
952.36,0.0656735,0.0619351,0.0782281,0.061402,0.0446112,0.061052,0.0489656,0.0421819,0.0414077,0.0526546,0.049996,0.0504583,0.0399683,0.0399312,0.0609673,0.0685422,0.0561062,0.0712708,0.0805604
952.685,0.0578874,0.0414022,0.0500027,0.0325296,0.0478431,0.037821,0.0319501,0.0359969,0.0292462,0.0280293,0.0347364,0.0398895,0.0367646,0.0442892,0.0513318,0.0431112,0.0451194,0.0781302,0.0732884
953.01,0.0417297,0.0440729,0.0421933,0.0438147,0.038416,0.0271526,0.0238019,0.0213345,0.0547655,0.0431942,0.0284377,0.0323955,0.0438151,0.0397982,0.0439828,0.0400791,0.0608271,0.0774314,0.0834736
953.335,0.0386309,0.0300687,0.0246115,0.0324603,0.0175874,0.0249209,0.0373049,0.0204797,0.0314086,0.0351632,0.0137046,0.0020326,0.0231565,0.0334531,0.0295381,0.0370367,0.0517161,0.0717399,0.0817885
953.659,0.0484883,0.0326543,0.0596415,0.0439199,0.0267982,0.0503518,0.0460214,0.0410811,0.0502285,0.0324421,0.0415207,0.0277755,0.0299082,0.0234865,0.0545562,0.0538088,0.0528907,0.0750795,0.0831711
953.984,0.0400939,0.0420837,0.0435481,0.0221408,0.0445872,0.0242263,0.0275322,0.0249727,0.0179903,0.0383472,0.0187888,0.00729929,-0.00662614,0.0372307,0.0369111,0.0379736,0.0220908,0.0641401,0.0853446
954.308,0.0727117,0.0594786,0.0607481,0.0597322,0.0689822,0.0391855,0.0532332,0.0380819,0.0659056,0.0529874,0.0475628,0.0555203,0.073005,0.0381477,0.0554186,0.0790376,0.0571384,0.0849109,0.0962482
954.632,0.0298982,0.0408549,0.0513662,0.0271889,0.0249915,0.0388516,0.0307797,0.040372,0.0260085,0.0241891,0.0291855,0.0216568,0.0442326,0.0360028,0.0525304,0.0700167,0.0424001,0.0698441,0.0763321
954.956,0.0101057,0.0318243,0.0345926,0.0238828,0.0213346,0.0316071,0.0162373,0.00429233,0.0129929,0.0263558,0.0327363,0.0381003,0.0164884,0.0378704,0.0358712,0.03904,0.0463509,0.0611356,0.0713651
955.28,0.0435458,0.0353617,0.0324415,0.0318612,0.0100426,0.0253393,0.0375988,0.0224449,0.0445495,0.0303646,0.0359654,0.0315124,0.0323455,0.0415562,0.0451471,0.0626495,0.0451223,0.0703326,0.0683451
955.604,0.054144,0.0496741,0.0385749,0.0480471,0.0237027,0.0344989,0.0396228,0.0206844,0.0276676,0.0212496,0.0186683,0.0312646,0.0284581,0.0287775,0.035154,0.0441438,0.0513472,0.0640569,0.071166
955.927,0.0649351,0.0518306,0.0500454,0.0690675,0.0689377,0.0519079,0.0439186,0.063212,0.0616056,0.0732335,0.0740457,0.0585737,0.0599058,0.0533,0.0564209,0.0623753,0.0667366,0.0915954,0.088585
956.251,0.030956,0.0386718,0.0484017,0.0478964,0.0273082,0.0400256,0.0409978,0.0252142,0.0209388,0.0375188,0.0309475,0.0277915,0.0557979,0.033404,0.0259673,0.0502155,0.0418214,0.0514525,0.0694822
956.574,0.0461631,0.0410888,0.0343943,0.0258922,0.0321659,0.0461938,0.0164061,0.0178663,0.0226903,0.0334482,0.0258344,0.0131259,0.0288031,0.0255282,0.0144278,0.0307401,0.0566867,0.0468907,0.0725905
956.897,0.0555691,0.0563315,0.0303021,0.0287868,0.0302934,0.0149318,0.0167639,0.0244604,0.0310327,0.0192426,0.00553847,0.0312119,0.0266807,0.0278381,0.0356324,0.0268669,0.0423094,0.0563572,0.0368619
957.22,0.0648463,0.0571951,0.0471696,0.0529359,0.058313,0.050651,0.0502387,0.0244532,0.0388382,0.0182728,0.0299896,0.0301746,0.031199,0.0556306,0.0542538,0.0548789,0.0767048,0.0800448,0.0931456
957.543,0.058273,0.0395622,0.0376371,0.0337993,0.0455479,0.0310182,0.0423898,0.0242552,0.0411589,0.0422335,0.0188993,0.0383709,0.0253885,0.0420826,0.0338518,0.0482049,0.0630822,0.064541,0.0869277
957.866,0.0356256,0.0503983,0.0241257,0.0254152,0.0229238,0.0464081,0.0275014,0.0156515,0.0306315,0.0111164,0.0211235,0.0381949,0.0237878,0.0286394,0.0608905,0.0358709,0.0598459,0.0535558,0.0665983
958.189,0.0393959,0.0330204,0.0373833,0.0207714,0.0177459,0.034988,0.0260294,0.0219565,0.0353382,0.036592,0.0200816,0.0202193,0.0360071,0.014689,0.0240389,0.0136756,0.0498703,0.0349859,0.0683008
958.512,0.0469975,0.045371,0.0169737,0.050375,0.0129894,0.0387335,0.01906,0.0181029,0.0286719,0.0260296,0.0194488,0.0391173,0.0466249,0.0376576,0.060753,0.0386436,0.0405434,0.0477237,0.0865927
958.834,0.0538953,0.0407674,0.0514314,0.0375515,0.0413185,0.0219317,0.0333999,0.0173594,0.0320649,0.0635378,0.0249692,0.0249924,0.0388854,0.0411557,0.0266786,0.050747,0.0369688,0.0676684,0.082935
959.156,0.0369379,0.0287571,0.0208582,0.0399216,0.0328015,0.0269001,0.0134648,0.00811892,0.0235159,0.0151698,0.0121116,0.0495855,0.0102704,0.0197423,0.0168944,0.0120632,0.0182142,0.0403149,0.0844591
959.479,0.0530832,0.0647478,0.0601955,0.0372973,0.0286768,0.0494487,0.0388755,0.0367357,0.0250403,0.0582233,0.0122724,0.0463179,0.027993,0.042581,0.0411139,0.0547859,0.0565789,0.0659929,0.0818843
959.801,0.0321056,0.0236828,0.0313948,0.0382186,0.0316142,0.0288547,0.0303473,0.0230135,0.0138986,0.0199911,0.00898195,0.0287806,0.0212528,0.019246,0.0329952,0.0344889,0.0419473,0.0509222,0.0523447
960.123,0.0513332,0.025882,0.0429182,0.0394054,0.0188188,0.018516,0.030127,0.0202094,0.0139122,0.0453292,0.0390221,0.00985702,0.0371248,0.0347971,0.0338009,0.0420305,0.0587384,0.0607983,0.0842897
960.445,0.0705563,0.059061,0.0446115,0.0542301,0.0572068,0.0665128,0.0364933,0.0552846,0.078954,0.0487005,0.0527775,0.0589317,0.0454709,0.044368,0.0612076,0.0540151,0.0996518,0.0914171,0.0995349
960.766,0.0413165,0.0389891,0.0331702,0.0332891,0.0560344,0.0305936,0.02892,0.0373766,0.0399918,0.0248742,0.0105589,0.0466461,0.0222779,0.0326142,0.0304213,0.0383922,0.0630873,0.0550206,0.0816846
961.088,0.0726383,0.0583865,0.069172,0.0458611,0.0373081,0.0320284,0.0478177,0.060045,0.053941,0.033598,0.0721186,0.0424832,0.0492309,0.0495875,0.0493949,0.075601,0.0667587,0.075142,0.109623
961.409,0.0397446,0.0617682,0.0418919,0.0674627,0.0477096,0.0583839,0.0439343,0.051228,0.0386415,0.0626071,0.0327464,0.0334818,0.0537487,0.0627147,0.0691238,0.0493293,0.0685261,0.0789832,0.0949329
961.731,0.0338998,0.0581858,0.0817978,0.0494937,0.0603682,0.0219392,0.0426758,0.0637756,0.0626887,0.0375637,0.0492305,0.0424314,0.0368018,0.0595675,0.0469453,0.0710744,0.051852,0.0671704,0.10853
962.052,0.0125572,0.0284801,0.0225427,0.00993709,0.0273463,0.00964166,0.0092866,0.0217347,0.0106686,0.012822,0.0228985,-0.00338924,0.00707545,0.0149413,0.0110418,0.0252431,0.0378077,0.0225978,0.0468879
962.373,0.0226285,0.0334583,0.0157137,0.0244199,0.0293333,0.0291825,0.0216011,0.0271592,0.0337907,0.0183423,0.0120972,0.0153516,0.0269912,0.0268108,0.0412475,0.0288655,0.0466856,0.0467995,0.0529775
962.694,0.023867,0.0318869,0.000487382,0.0391751,0.0321672,0.0155267,0.0352144,0.00810383,0.0230592,0.00719505,0.0363223,0.0228296,0.0221138,0.0253016,0.0327972,0.0248796,0.0418714,0.078665,0.0759671
963.015,0.0465076,0.0677531,0.0413868,0.0472783,0.0686694,0.0616685,0.0499078,0.0393236,0.0727715,0.0495195,0.040324,0.0540154,0.0414419,0.0379133,0.0533881,0.0762602,0.0460556,0.0762893,0.0849306
963.335,0.0232824,0.0261335,0.0346087,0.0380309,0.0356458,0.0134212,0.0120931,0.0236339,0.0219678,0.0246833,0.0141258,0.0247783,0.0143896,0.0445812,0.0453479,0.0430483,0.0360522,0.053487,0.0744385
963.656,0.0371992,0.0288495,0.0305709,0.0272794,0.0491566,0.0333221,0.044088,0.0314677,0.033642,0.038062,0.0390498,0.0286845,0.043125,0.024847,0.0504134,0.0430599,0.0682105,0.0628125,0.0936341
963.976,0.0269052,0.0241933,-0.00692977,0.00744956,0.0187594,-0.00216555,0.0128388,0.0186982,0.0115627,0.0251036,0.00744245,-0.00256399,0.0135758,0.0130714,0.00823428,0.0134603,0.0285046,0.0323005,0.0497974
964.297,0.0412625,0.0134606,0.0119641,0.0250118,0.0256662,0.0180031,0.0382734,0.0237247,0.0139926,0.0241278,0.0185166,0.0283595,0.0224784,0.0262432,0.0279047,0.0421987,0.0202889,0.0511966,0.065968
964.617,0.0490775,0.0406704,0.0447021,0.0531813,0.0508105,0.0616811,0.0276319,0.0405456,0.0379486,0.0472561,0.0505258,0.0469727,0.0698673,0.0600753,0.0583932,0.0369853,0.0680226,0.086346,0.0926644
964.937,0.0390264,0.0272559,0.0278817,0.022656,0.0302717,0.0211947,0.0254564,0.0348518,0.0243204,0.0242565,0.0384477,0.0086509,0.0254928,0.0273995,0.0200434,0.0395263,0.0311296,0.0464896,0.0718151
965.257,0.0750086,0.0593956,0.0414655,0.0567576,0.0412073,0.0446765,0.0272709,0.0487695,0.0385251,0.0358586,0.0189296,0.0354778,0.0403111,0.0410626,0.0488944,0.0534622,0.0723518,0.0770746,0.0766293
965.577,0.0248494,0.0491449,0.0341063,0.0246808,0.0510289,0.0547032,0.0517243,0.0455565,0.0295288,0.0309507,0.0253743,0.0319856,0.0228077,0.0379509,0.0452018,0.0552415,0.0774766,0.0525173,0.0746033
965.896,0.0289813,0.0188653,0.0143148,0.0370502,0.0174047,0.0288897,0.0166715,0.023122,0.0126266,0.0266996,0.0152872,-0.000424785,0.0189461,0.0174598,0.0268325,0.0364856,0.0226033,0.0630061,0.0664864
966.216,0.0416772,0.0541683,0.0138693,0.0387178,0.0248665,0.044889,0.0183368,0.0115232,0.0341129,0.00876051,0.0300231,0.0300523,0.0239198,0.0354795,0.0266191,0.0324526,0.0350023,0.0859865,0.087579
966.535,0.0343055,0.0238014,0.0795864,0.0342375,0.032795,0.0349855,0.024284,0.0412317,0.047513,0.0412673,0.0573744,0.0471642,0.0114337,0.0434596,0.0404295,0.0596308,0.06914,0.0666684,0.0639632
966.854,0.0353025,0.0185619,0.0525344,0.0437369,0.038294,0.0275463,0.0203743,0.0350484,0.0345772,0.0134753,0.0301531,0.0388129,0.00590109,0.0405641,0.0527709,0.0456132,0.0439059,0.0408498,0.0580253
967.174,0.0612612,0.0405403,0.0417424,0.0380846,0.0579163,0.0554131,0.0288333,0.0433557,0.0372039,0.0323895,0.0463331,0.032112,0.037608,0.0689655,0.040212,0.0618211,0.0960806,0.0868871,0.0916474
967.493,0.0334611,0.0253344,0.0423691,0.0506759,0.058771,0.0293654,0.0165664,0.0261914,0.0237065,0.0368125,0.0368352,0.0194206,0.047858,0.033824,0.0516631,0.0419448,0.0733561,0.061627,0.0753545
967.811,0.0661764,0.0566667,0.0552497,0.0463925,0.0487586,0.00390069,0.0616922,0.0424448,0.0393697,0.0401143,0.0585986,0.0232615,0.0315465,0.0207401,0.0705355,0.0628508,0.0808131,0.0734127,0.0892283
968.13,0.070324,0.0338788,0.0421742,0.0421776,0.0319653,0.0438775,0.0494526,0.0607384,0.060281,0.0390452,0.0317831,0.046226,0.04481,0.0407857,0.0561411,0.0548818,0.0593441,0.0818348,0.0865751
968.449,0.0337874,0.0284283,-0.0018675,0.0140301,0.0266922,0.0140781,0.0197161,0.00472337,0.00983952,0.0344332,0.00704145,0.00282721,0.0218836,0.0412675,0.0165148,0.0327252,0.0538934,0.0433263,0.0585635
968.767,0.0347028,0.0537561,0.0137319,0.051633,0.0371005,0.0453712,0.0246748,0.0326745,0.0184117,0.0214536,0.017124,0.0360224,0.0192307,0.0131114,0.00468844,0.0295386,0.0324531,0.0571414,0.0624278
969.086,0.0372437,0.0466944,0.0542809,0.0489688,0.05799,0.0480083,0.0222874,0.035541,0.0308386,0.0355141,0.0248702,0.0282981,0.0155829,0.059822,0.0213222,0.046722,0.0527657,0.0504264,0.0814507
969.404,0.037343,0.0370885,0.0363443,0.0506126,0.070927,0.0498189,0.0424558,0.0460489,0.011129,0.0231747,0.0126073,0.00870354,0.0413037,0.0573446,0.0254846,0.0349044,0.0510352,0.0611185,0.0500165
969.722,0.0594272,0.058252,0.04002,0.0524201,0.0748398,0.0475577,0.0708666,0.0581103,0.0579117,0.0449129,0.0583188,0.0389476,0.0576915,0.0605197,0.048361,0.0660909,0.0632766,0.0786245,0.0798129
970.04,0.0757337,0.0579336,0.0503188,0.0542744,0.0498752,0.0552789,0.063691,0.0699857,0.0630287,0.0462597,0.0212453,0.0606823,0.0558054,0.0668161,0.0319115,0.0679295,0.0742451,0.0633105,0.121017
970.358,0.0643576,0.068633,0.0697286,0.0657941,0.0578191,0.0675928,0.0541738,0.0872074,0.0454853,0.0417054,0.037382,0.0469692,0.0722573,0.0632235,0.0390856,0.0674943,0.0831496,0.0862942,0.0949355
970.676,0.0590617,0.046187,0.0552558,0.0567766,0.0383442,0.0601387,0.0428106,0.054736,0.0549516,0.0528384,0.0558829,0.064668,0.0513789,0.0212467,0.0710262,0.0575984,0.0609494,0.0847186,0.0900297
970.993,0.0496411,0.0310689,0.0490917,0.0541537,0.0400231,0.0246587,0.060478,0.0344879,0.0216332,0.0363061,0.0502089,0.0467166,0.0306677,0.0432818,0.0551406,0.0565814,0.0587726,0.0605369,0.0738691
971.311,0.0455947,0.00769327,0.0154951,0.0289678,0.0143258,0.00868972,0.0104003,0.00764872,0.00340422,0.000488475,0.0038621,-0.0146056,0.0109593,0.00199447,0.0467344,0.0281329,0.0111239,0.0466344,0.0388767
971.628,0.0504215,0.0450036,0.0369099,0.0411876,0.0308391,0.0198259,0.0142091,0.0318685,0.0148287,0.018016,0.0386706,0.0382914,0.0131276,0.034047,0.0254128,0.0252644,0.058516,0.089007,0.0619068
971.945,0.0408724,0.0291737,0.0571515,0.0547265,0.0166903,0.0204408,0.0385941,0.0251039,0.0297773,0.0169707,0.0175315,0.0159618,0.0212266,0.0503064,0.0554808,0.0301866,0.0257921,0.0631089,0.0538992
972.262,0.0305487,0.0519875,0.0310813,0.0295176,0.0116887,0.0338377,0.0386507,0.0185541,0.02806,0.0267846,0.0314836,0.0314122,0.0345103,0.0337748,0.0354934,0.0521193,0.0341936,0.0448024,0.0682844
972.579,0.0345208,0.0149032,0.0414322,0.0350652,0.0297844,0.054614,0.0398307,0.0342367,0.0240055,0.0262893,0.03896,0.00555942,0.0224884,0.0396127,0.0155617,0.0497883,0.0818244,0.0508471,0.0612169
972.896,-0.0037927,0.00828626,-0.0179068,0.0181324,-0.00276633,0.0178799,-0.00755412,0.0107997,0.0254246,0.00906079,0.00169232,0.0231515,-0.0232277,0.0272732,0.03497,0.0271725,0.0237149,0.0423412,0.0464898
973.213,0.0390884,0.0430073,0.0289063,0.0331525,0.0459775,0.031492,0.0287822,0.00451233,0.0269561,0.0235644,0.016482,0.0567824,0.0193721,0.0219117,0.0320158,0.0375696,0.0250448,0.0713013,0.0829428
973.53,0.036866,0.0409478,0.0311405,0.0580164,0.0571961,0.0411731,0.0699389,0.0686374,0.0477487,0.043673,0.0478938,0.0559363,0.0453124,0.0353327,0.0606321,0.0741197,0.0781748,0.100635,0.0721421
973.846,0.0412193,0.0448582,0.0502889,0.0451836,0.0460507,0.0500592,0.0778018,0.0651602,0.054733,0.0766997,0.0351325,0.0383612,0.0376788,0.0523895,0.0665136,0.0566192,0.0760887,0.0557558,0.0970398
974.162,0.0531819,0.0382764,0.0372405,0.011386,0.0142667,0.0326103,0.084363,-0.017808,0.0429954,0.0409468,0.0101727,0.0154542,0.0109829,0.0297643,0.0301083,0.0519265,0.044889,0.0677735,0.0598879
974.479,0.0389988,0.0630897,0.0421572,0.0419353,0.0295163,0.0367659,0.0673169,0.0288229,0.0326054,0.039391,0.0242541,0.0326743,0.0484874,0.0490397,0.0591682,0.0409773,0.0276026,0.0939987,0.069817
974.795,0.0966433,0.0831608,0.0790387,0.0704678,0.0828324,0.0723172,0.0734743,0.0701975,0.0943636,0.0697468,0.0757938,0.0889132,0.0505866,0.0695939,0.083394,0.0593573,0.0988156,0.0670169,0.109644
975.111,0.0623564,0.0339642,0.0340575,0.0366227,0.0168985,0.0547681,0.0205635,0.0161339,0.0450679,0.0163394,0.0219993,0.0251882,0.0360118,0.0364807,0.0531808,0.0511403,0.0506139,0.0539032,0.103674
975.426,0.0246211,0.0383784,0.0358096,0.0182917,0.00217782,0.0311384,0.0206713,0.0329363,0.0385493,0.00977376,-0.014344,0.0331665,0.0461717,0.0320856,0.0200729,0.0553421,0.0449093,0.0425845,0.0745413
975.742,0.03248,0.0199704,0.0324423,0.0239328,0.0286555,0.0469275,0.0356286,0.0121209,0.0192187,0.0183793,0.0356942,0.0363993,0.00565577,0.0251265,0.0294989,0.0435186,0.0136316,0.0554439,0.0523552
976.058,0.0105812,0.0246768,0.0372628,0.019839,0.00911152,0.0470311,0.0329744,0.0564332,0.0175296,0.0357741,0.00631308,0.0223556,0.0156502,0.0247064,0.0187208,0.0659174,0.0261452,0.055689,0.0916131
976.373,0.051866,0.0363557,0.0514776,0.0495862,0.0132238,0.0225147,0.0118625,0.0363543,0.0215436,0.0352145,0.0323544,0.011695,0.0470448,0.0251349,0.0509879,0.0529343,0.0766579,0.0663818,0.097641
976.688,0.0474853,0.048593,0.0413032,0.0265661,0.0609065,0.0319297,0.0418419,0.0348813,0.030012,0.0296016,0.0546494,0.0522143,0.0373999,0.0348674,0.0320826,0.0546087,0.0629927,0.0506658,0.0688274
977.004,0.0461996,0.0558542,0.0356025,0.0407107,0.0614455,0.0456416,0.0113726,0.02879,0.0470044,0.055636,0.0261679,0.0455648,0.0143348,0.0715924,0.0732927,0.0482456,0.0664748,0.0683535,0.114392
977.319,0.074795,0.0730038,0.0402515,0.0722424,0.0403081,0.0559666,0.0523833,0.0300774,0.036205,0.0426426,0.0608545,0.045547,0.0695776,0.05931,0.0520135,0.089673,0.065431,0.0801211,0.113325
977.633,0.0189451,0.0272702,0.0113083,0.0229929,0.0278306,0.0316115,0.0303215,0.00224239,0.00408839,0.0173997,0.000558333,0.0296739,0.0346167,0.0413939,0.0267496,0.0435959,0.0404257,0.0379541,0.0492129
977.948,0.0742002,0.032909,0.049871,0.0378732,0.0207711,0.0178576,0.00966505,0.00932851,-0.00122493,0.0348908,0.0171753,0.00711861,0.0113034,0.0288632,0.0140763,0.0306418,0.0632157,0.0874037,0.049749
978.263,0.0456723,0.0326385,0.00880379,0.019029,0.0130659,0.00170616,0.00615644,0.00816622,0.0251763,0.0185236,0.021424,-0.0188632,0.0185236,0.0169666,0.0407846,0.0343977,0.0299306,0.0436776,0.057988
978.577,0.00421053,0.0104391,0.0426752,0.00796923,0.0277837,-0.00873835,0.0142755,0,0.00358508,-0.0128788,0.0383752,0.0227527,0.00122239,-0.00247311,0.0280135,0.0294491,0.0190197,0.0480988,0.0656218
978.892,0.00677769,0.0234418,-0.0103135,-0.0209824,0,0.0130977,-0.00882422,0.00754211,0.000578469,-0.000597917,-0.0130362,0.0184265,0.0011652,0.0120924,0.00722797,0.0402983,0.0270266,0.0360303,0.0555345
979.206,0.0252246,0.0398793,0.0386266,0.0181269,-0.00783877,0.0497756,0.0181797,0.0288774,0.0240025,0.0315878,0.0264874,0.0209076,0.00489673,0.0560771,0.0346847,0.044935,0.0194807,0.0453874,0.0711519
979.52,0.00904879,0.0106456,0.0310365,0.0151601,0.00908835,0.0307151,0.0119326,0.0238819,0.0198516,0.0201554,0.00749001,0.0421993,0.0339366,0.024906,0.0200232,0.0398958,0.0291006,0.0710954,0.0804687
979.834,0.0533797,0.0650685,0.0844231,0.0956764,0.0558486,0.068787,0.0460966,0.0526414,0.0341139,0.0619444,0.048149,0.0134303,0.0591239,0.0326962,0.0707261,0.0954329,0.0880712,0.0987296,0.10741
980.148,0.00356382,0.0595302,0.0301939,0.0118897,0.032725,0.0266312,0.0117472,0.0290818,0.0377074,0.0122196,0.0104783,0.00704532,0.0238775,0.0431113,0.0338353,0.0578385,0.0594551,0.0568799,0.0800819
980.462,0.0414991,0.0199205,0.0464222,0.0645358,0.0452403,0.0424255,0.0353237,0.050928,0.0494993,0.00767077,0.0307165,0.0661145,0.0565934,0.0426634,0.026029,0.0512698,0.0344135,0.0907961,0.0908635
980.776,0.0586691,0.0458677,0.0907782,0.0430363,0.0593212,0.0468077,0.0272912,0.0539242,0.058368,0.0659976,0.0521941,0.0649999,0.0917394,0.0502393,0.0547714,0.07249,0.0602185,0.0916176,0.102737
981.089,0.0683465,0.012021,0.0247342,0.0230957,-0.00119406,0.0438506,-0.0196165,0.0235668,0.000628483,0.020632,-0.0165234,0.00536652,0.0373126,0.0266893,0.0231546,-0.000602352,0.031036,0.0612128,0.084993
981.402,0.048122,0.0371251,0.075722,0.0577445,0.0771201,0.0733025,0.0752912,0.0690061,0.0231555,0.0688974,0.0524009,0.0379601,0.0583844,0.0180199,0.0589985,0.0321606,0.0878257,0.0884719,0.0833919
981.716,0.0804998,0.0658446,0.0798958,0.0314399,0.0574616,0.0874466,0.0694494,0.0171162,0.0291711,0.0352244,0.0672379,0.0542741,0.0236199,0.0376253,0.0592522,0.0620536,0.0608872,0.102191,0.0975683
982.029,0.0549206,0.0723277,0.0538896,0.0464004,0.0403517,0.0606948,0.0706721,0.0466013,0.0314814,0.0585366,0.0250643,0.0460462,0.0625463,0.0698038,0.0322041,0.0273883,0.0627122,0.0723641,0.115705
982.342,0.083027,0.0687349,0.0528892,0.0494611,0.0773768,0.0953078,0.0559089,0.0527534,0.0537653,0.0531114,0.0914878,0.0747098,0.0673141,0.0752087,0.056052,0.0543023,0.0965295,0.119076,0.118153
982.655,0.0418299,0.065532,0.0647624,0.0356317,0.0350684,0.0501664,0.0520801,0.0640157,0.0547692,0.00630672,0.0370731,0.0248836,0.028921,0.0330005,0.0541062,0.0717373,0.0698084,0.0960328,0.118889
982.967,0.0309769,0.0779227,0.0564474,0.0525794,0.0626132,0.0193492,0.0295733,0.0259244,0.0406071,0.0420423,0.0270839,0.0399571,0.0296143,0.0120718,0.0367856,0.0772081,0.11746,0.0716766,0.0826037
983.28,0.108285,0.0741091,0.0649731,0.0483081,0.0899939,0.0935588,0.0458927,0.0700864,0.0484175,0.100051,0.063356,0.0748863,0.0703072,0.0789257,0.0881532,0.106512,0.0782956,0.101306,0.108643
983.592,0.0519469,0.00966424,0.0579271,0.0259023,0.0544587,0.0294072,0,-0.026163,-0.00589063,0.0403589,0.0367918,-0.00755426,-0.00976753,-0.00609562,0.0434618,0.0177061,0.0320081,0.0770168,0.0591739
983.905,0.0643278,0.0628325,0.0561898,0.0627967,0.0815945,0.0738507,0.0180948,0.0220753,0.0473169,0.0406661,0.0415239,0.0474695,0.0327205,0.0183748,0.0449931,0.0665301,0.0899861,0.0949515,0.0863282
984.217,0.020261,0.0133729,0.0404899,0.00063045,0,0.0372076,-0.00063045,0.00688807,0.00963155,-0.0101563,-0.00197561,0.0056357,0.0418603,0.0225631,0.0300677,0.0258602,0.0255542,0.0450856,0.0544539
984.529,0.0386392,0.0339801,0.0306271,0.0237321,0.00306734,0.0189857,0.0168149,0.0555916,0.0303992,0.0347475,0.00180582,0.0310965,0.0423495,0.0367988,0.0615042,0.0186865,0.0162,0.0682784,0.0881092
984.841,0.0381349,0.0190693,0.0537807,0.0432533,0.0179008,0.0174516,0.0311134,0.0504622,0.0579618,0.0432668,0.0142268,0.0429577,0.0503413,0.0547343,0.0570376,0.069119,0.0596057,0.0814689,0.0532982
985.153,0.0416315,0.0524797,0.0474972,0.0399213,0.0405499,0.0141825,0.0249087,0.00546403,-0.00489553,0.0331605,0.0160078,0.00559648,0.00918342,0.0130893,-0.0176884,0.0151638,0.0355721,0.0848325,0.0717142
985.465,0.016466,0.0244191,0.0290997,0.0106844,0.0455857,0.0110571,0.0318021,0.0275123,0.026376,0.000673,0.0287283,-0.0177713,0.00475753,-0.0182289,0.00797076,0.0313832,0.0058593,0.0395523,0.0472544
985.776,0.0292347,0.0454818,0.0378059,0.0452431,0.0450349,0.0320142,0.0385914,0.0591338,0.0495961,0.0354283,0.0246773,0.0335787,0.0330965,0.0172466,0.0449034,0.0496139,0.056699,0.0654976,0.101885
986.088,0.022721,0.037897,0.0543856,0.0131735,0.0454204,0.0527005,0.0492977,0.0101895,0.0409567,0.033725,0.022318,0.0283374,0.0520281,0.0511244,0.0483843,0.0594671,0.0597343,0.0840781,0.0831344
986.399,0.0816344,0.0661406,0.0889237,0.0410733,0.0811232,0.0831851,0.0462629,0.0516647,0.0663474,0.0628518,0.0703103,0.0298209,0.0251652,0.0738075,0.0805286,0.0620423,0.0798141,0.0985671,0.127873
986.71,0.0772533,0.0562214,0.0234849,0.0337364,0.0524063,0.0509826,0.0374666,0.0292251,0.0450656,0.0515868,0.052951,0.0422322,0.0344905,0.0538303,-0.00384296,0.00775641,0.100539,0.0660024,0.0716668
987.021,0.0886681,0.0489647,0.0519605,0.0680594,0.0433324,0.0618328,0.0221246,0.0643544,0.0887136,0.0581921,0.0331557,0.0308227,0.0329468,0.060201,0.0674582,0.0858007,0.0920321,0.0763767,0.152422
987.332,0.0242023,0.013828,0.00912933,0.00688993,0.0314313,0.0128294,0.0597699,0.0135974,0.0208459,0.0465792,0.0418414,0.0238405,0.0155607,0.012008,0.0101532,0.0205067,0.0489345,0.0710171,0.100844
987.643,0.050315,0.101922,0.0628693,0.0510219,0.0156523,0.0473843,0.0522542,0.0394166,0.0461261,0.0323733,0.0286138,0.0786593,0.026219,0.0490766,0.0525368,0.0398901,0.0365176,0.0606142,0.0889882
987.954,0.0512692,0.0547996,0.04219,0.00266714,0.0673079,0.0645807,0.0117985,0.0306876,0.024342,0.0436638,0.0265935,0.0353307,0.0209979,0.0488261,0.0688894,0.0622345,0.0634893,0.0568509,0.0909513
988.264,0.0386464,0.0401492,0.0558556,0.0385972,0.0414826,0.0396697,0.0539162,0.0226082,0.0155279,0.00877967,0.0308398,0.003266,0.0435953,0.0273103,0.0201677,0.0226315,0.0703114,0.045048,0.0694759
988.575,0.0170967,0.0186982,0.0220804,0.0057348,0.0594353,0.0220804,-0.0304955,0.00849747,0.0137618,0.0192467,0.0206533,0.0289742,-0.00141549,0.0319945,0.0434436,0.0930534,0.0274858,0.0423528,0.0439472
988.885,-0.0153677,0.0262572,0.0357232,-0.0171286,-0.0158626,-0.0385431,0.0250291,0.0104244,-0.0217335,-0.0331406,-0.00383612,0.00460104,0.00927662,-0.00465718,0.0389608,-0.0164591,-0.00230864,0.0533838,0.0447917
989.195,0.0413647,0.0207304,0.0438217,0.0264648,0.0259692,0.0789808,0.0130199,0.0209083,0.0274196,0.0265632,0.0497204,0.0505224,0.00710578,0.0551306,0.0227021,0.062408,0.0574647,0.0539855,0.0989347
989.505,0.025978,0.0295053,0.0211203,0.0153882,0.0264232,0.0223324,0.0481335,0.0301744,-0.0194974,0.0228975,0.021082,0.0546983,0.0249535,0.0114566,0.0429278,0.0102224,0.0431603,0.0364375,0.0676374
989.815,-0.00601829,0.0475542,0.0345713,0.0577759,0.0275718,0.0133389,-0.0136293,0.0145776,0.038723,0.0280625,-0.0187261,-0.00575054,0.0209118,0.0118253,0.0149789,0.0763526,0.018716,0.0511872,0.0888789
990.125,0.0537784,0.0359688,0.0559255,0.0327386,-0.0139444,0.0355007,0.012301,0.0567859,0.0564804,0.0267142,0.042026,0.0101522,0.0396371,0.0256448,-0.00222371,0.0740035,0.0245092,0.0451154,0.109112
990.434,0.0919771,0.0456543,0.0574878,0.0520461,0.0336922,0.0614985,0.0857784,0.0512841,0.0562184,0.0406161,0.0352491,0.0511713,0.0492952,0.0278241,0.0588062,0.0454631,0.0699699,0.054427,0.116069
990.744,-0.00143733,0.0492058,0.0564241,0.00281347,0.0077165,0.0447275,0.0814203,0.0141275,0.0255422,0.0274586,0.0187772,0.0311304,0.0255936,0.046565,0.0380535,0.0289732,0.0972531,0.0802754,0.0640874
991.053,0.0545951,0.0393108,0.045577,0.0319548,0.0412068,0.0614194,0.0385467,0.00907576,0.0204136,0.0123967,0.0345617,0.0569703,0.0178197,0.0427647,0.0491093,0.0483567,0.0372981,0.0544784,0.0887472
991.362,0.0167917,0.0251387,0.0245606,-0.00416936,0.00788283,0.012169,0.0426138,0.00950718,-0.036204,0.0112717,0.00908774,0.0138007,0.0169902,0.0192413,0.0598436,0.0460179,0.0535671,0.0451362,0.0646301
991.672,0.0328144,0.0422188,0.0385993,0.0391669,0.0227308,0.0228559,0.0420081,0.0305204,0.0206395,0.0498341,0.0251579,0.0627921,0.0266523,0.0412359,0.0815553,0.0662512,0.060118,0.0997409,0.0802226
991.981,0.0135111,0.00073436,0.0256841,0.0132558,-0.00285692,-0.0192016,0.00965004,0.0274569,-0.0303483,0.040401,-0.013469,0.0377714,0.00140232,0.0189016,0.000721748,0.0357015,0.0174913,0.0547128,0.0515943
992.289,0.0633555,0.0645062,0.109772,0.0658501,0.0757372,0.0510278,0.030787,0.0977516,0.0670911,0.0982451,0.0377549,0.0579106,0.0636678,0.0620038,0.068882,0.063641,0.106894,0.127203,0.0815321
992.598,0.0424181,0.0280586,0.0508296,0.0443936,0.00609132,0.00815355,0.069285,0.0228425,0.00676262,0.0348434,0.00833212,0.019272,0.0058215,0.0347175,0.055182,0.0552496,0.0828711,0.0703503,0.0941385
992.907,0.0244756,0.0207276,0.0471034,0.0254084,-0.0209963,0.0281298,0.00979891,0.0181241,0.016791,0.0302239,-0.0183303,0.0240303,-0.000660125,-0.0063316,0.0158343,0.0300379,0.0184246,0.0194339,0.0784562
993.215,-0.00554316,0.0480843,0.0642111,0.043009,0.0555583,0.0310261,0.0344387,0.00502515,0.0428491,0.0645372,0.0295027,0.0602926,0.0429184,0.0455083,0.066419,0.0707089,0.0376236,0.0539625,0.05805
993.524,0.0888574,0.0474236,0.0468502,0.0453771,0.112153,0.0220298,0.0384509,0.0233639,0.0414547,0.0973244,0.0738761,0.0482165,0.0659794,0.0364801,0.0602913,0.0767048,0.0790854,0.101922,0.115874
993.832,0.0406008,0.0725925,0.0458907,0.0643549,0.0466871,0.0635046,0.058336,0.058041,0.0566446,0.0491805,0.046411,0.0193961,0.0272316,0.0886884,0.0307885,0.108891,0.0305972,0.0190409,0.0849247
994.14,0.0644037,0.113177,0.0984271,0.0842775,0.0640533,0.0709048,0.0547401,0.100334,0.0581673,0.0422971,0.0712754,0.0171144,0.0588675,0.0608555,0.114046,0.108011,0.110931,0.0952352,0.13595
994.448,0.0991874,0.104395,0.099593,0.072293,0.0469218,0.092418,0.0765169,0.100004,0.053829,0.0203291,0.0606156,0.0686185,0.0630488,0.0572238,0.071215,0.0822975,0.0934298,0.10676,0.117441
994.756,0.0357715,-0.00470919,0.0145882,0.0181816,0.0131065,-0.00228728,0.015347,0.0435341,0.0176495,0.0179227,-0.0356676,0.0123574,-0.0129537,-0.00157351,0.0525156,0.0372286,0.0323153,0.0452206,0.0472053
995.063,0.0721885,0.0621107,0.0774009,0.0765048,0.0611513,0.089313,0.0752781,0.056394,0.0391255,0.0755451,0.0495191,0.0477416,0.0792356,0.0818178,0.0354323,0.0952112,0.0960736,0.130511,0.133216
995.371,0.0611413,0.0657807,0.0865079,0.0716744,0.0674216,0.0643993,0.089841,0.0478833,0.0655098,0.0279519,0.0738767,0.0788712,0.0431185,0.0241881,0.0527344,0.0945615,0.0560199,0.115291,0.0522184
995.679,0.0371592,0.0158661,0.036358,0.0190846,0.0385928,-0.0177483,0.00789352,0.0044233,0.0231998,-0.00629691,0.037598,0.00504758,0.0320791,0.0139984,0.00988484,0.0405217,-0.0195194,0.0167581,0.0744154
995.986,0.0493033,0.0210955,0.0381703,0.0597432,0.0573258,0.0228262,0.0291281,0.0453593,0.00984455,0.00868343,0.056182,-0.0142266,0.0186913,0.068008,0.0794221,0.0521907,0.0656611,0.0607101,0.0522398
996.293,0.0476523,0.0202078,0.0380541,0.0751369,0.0556339,0.0516844,0.0476814,0.0461745,0.0429046,0.0288404,0.0107917,0.0547295,0.0595882,0.0639027,0.050509,0.0902668,0.0732508,0.0646726,0.079044
996.6,0.072174,0.0557102,0.0162105,0.0423225,0.00702475,0.0331973,0.0464734,0.00643928,0.0157892,-0.00499908,0.0229881,0.0480301,-0.0222071,-0.00215174,0.014869,0.0484687,0.0300387,0.0294253,0.0675534
996.907,0.049822,0.0684443,0.0112249,0.0527515,0.0388331,0.0492962,0.0146525,0.0633806,0.057874,0.037568,0.00748958,0.00537551,0.0578394,0.0314676,0.00569495,0.0769787,0.0609275,0.0999708,0.0915183
997.214,0.0912928,0.0452868,0.0520108,0.0844869,0.0994434,0.0699878,0.0504398,0.0646021,0.0275268,0.0396643,0.0573873,0.0644934,0.062646,0.0748405,0.095214,0.0817818,0.113896,0.117384,0.113329
997.52,0.0216952,0.0936851,0.0441472,0.0575908,0.0334109,0.0431107,0.0417122,0.0724986,0.0362597,0.0465595,0.0342019,0.04737,0.0251686,0.071745,0.0728816,0.0888012,0.080835,0.0932424,0.0579605
997.827,0.0400971,0.0905193,0.0643759,0.0575352,0.0379412,0.0506439,0.0650919,0.0688591,0.0548798,0.0842407,0.0535548,0.0389495,0.0616931,0.0417215,0.0568275,0.0786156,0.0865433,0.116062,0.0842468
998.133,0.0176464,0.0441604,0.0223361,0.0283739,0.0157917,0.037044,0.0411783,0.0882614,0.0367508,0.0257527,0.036392,0.059256,0.0217866,0.042611,0.0577525,0.0285738,0.0257015,0.0930475,0.0409077
998.44,0.0228433,0.0514124,0.008574,-0.00495758,0.00575753,0.00483758,0.0389615,0.00916667,-0.0176511,0.0130163,-0.0157933,0.000832786,0.022646,-0.0139785,0.0369407,0.0149312,0.0506661,0.00474391,0.0265833
998.746,0.10687,0.078815,0.0302778,0.0523621,-0.00563431,0.120025,0.103837,0.0303196,0.0604304,0.064933,0.0598572,0.0678342,0.0680907,0.100407,0.0884826,0.059733,0.112841,0.0932475,0.153794
999.052,0.0345532,0.0278647,0.0427408,-0.0159308,-0.0149588,-0.00166524,0.0292881,-0.00421381,0.00416574,-0.0143915,0.00578439,0.0421873,-0.0090217,-0.0147812,0.0292881,0.0164957,0.0168014,0.0832299,0.114322
999.358,0.0186537,-0.00487539,-0.0173143,0.00243267,0.00407405,0.00415146,0.0274582,0.0248563,0.0137473,-0.00808666,0.00994949,0.028149,-0.00396187,-0.0223236,0.00789721,0.0163074,0.0201201,0.0403941,0.0849288
999.664,0.00472155,0.0537068,0.0490443,0.00800335,0.0649336,0.0172545,0.0448008,0.00154384,0.0238824,0.042572,0.0444968,0.0534372,0.104329,0.0315616,0.0281174,0.0873354,0.0493057,0.0735273,0.0886106
999.969,0.0429327,0.0629984,0.0404006,0.0485761,0.0250993,0.0374974,0.000833312,0.0721493,0.0589059,0.0433346,0.026507,-0.00243947,0.0361964,0.0190296,0.0121251,0.0220253,0.0754477,0.0222615,0.0968537
1000.27,-0.0190545,0.00645714,0.00798192,-0.00881461,0.00897327,-0.0347951,0.00326083,0.0100435,0.0299433,-0.00160266,-0.0325349,-0.0254591,0.0261564,0.00670022,-0.0171881,0.00743596,0.0155928,0.0406548,0.0681641
1000.58,0.0242866,0.0472002,0.013609,0.0478902,0.0414125,0.00803162,0.0055672,0.0040857,0.0306816,0.00668477,-0.00167119,0.0133895,0.0371378,0.0316566,0.0427363,0.0337833,0.0330171,0.0326553,0.042752
1000.89,0.087478,0.119389,0.12743,0.0600647,0.169042,0.100092,0.0651085,0.0739296,0.118248,0.0858804,0.0352787,0.0775999,0.0400452,0.0705079,0.0834025,0.106203,0.171505,0.153211,0.149532
1001.19,0.0311978,0.0514804,0.0502363,0.043493,0.013681,0.00873997,-0.0105648,0.0387635,0.0781068,0.0449245,0.0349842,-0.000965742,0.0195645,0.0657405,0.0390826,0.0672575,0.0587004,0.0472561,0.0560498
1001.5,0.0372626,0.0767603,0.0618036,0.100215,0.11839,0.0564465,0.0445368,0.0636834,-0.0161717,0.104564,0.0549774,0.0873411,0.0422308,0.0666755,0.0172353,0.0163169,0.0503783,0.0770079,0.10905
1001.8,-0.00667688,0.00871483,0.0162953,0.000797647,0.0198014,0.0507238,0.00756739,0.0233113,0.0146407,-0.0232132,0.0219505,0.0405239,0.00511413,0.0057534,0.0333456,0.0315884,0.00625275,0.0295303,0.0521759
1002.11,0.00707102,-0.00260788,-0.010372,0.0153716,0.0164982,-0.00432167,-0.0173237,-0.0138987,0,-0.00752668,0.0170171,-0.0164929,0.0160895,0.0285993,0.0405947,0.0621646,0.0310072,0.0499532,0.0532756
1002.41,0.138722,0.0788187,0.0628988,0.108346,0.107563,0.0051047,0.122268,0.0868582,0.0752061,0.0692285,0.0582221,0.0224064,0.0694951,0.129765,0.092151,0.167309,0.0869584,0.0834418,0.110908
1002.71,0.0163072,0.00765552,-0.0095938,-0.00680491,0.0150426,-0.00260366,-0.0312659,0.00168733,0.012108,0.0212508,-0.00690924,-0.016989,0.0516041,-0.0267546,0.024073,0.0244496,0.00510719,0.0357184,0.0563727
1003.02,0.016058,0.00442325,0.0162522,0.0155552,0.0182596,-0.0151128,0.000895256,0.00696079,0.0107355,0.00851361,-0.00885885,0.0430181,0.0615124,0.0131779,0.0134099,-0.00609905,0.0239356,0.0439917,0.0485091
1003.32,0.0431326,0.0319557,0.0328831,0.00639636,0.0495942,0.0356436,0.0443796,0.0161694,0.0495415,0.0057421,0.0192998,0.0308029,0.0296661,0.0339439,0.0397213,0.0498282,0.00705212,0.0476435,0.0383564
1003.63,0.0610241,0.0866409,0.0931007,0.118191,0.0676281,0.0566404,0.100211,0.0769388,0.048825,0.0244507,0.0549736,0.100696,0.0636505,0.115634,0.0784299,0.0624131,0.0477674,0.0786424,0.0696399
1003.93,0.0613561,0.0269797,0.0547322,0.0351928,0.0653231,0.0342943,0.0722919,0.0107609,-0.0207134,0.0659865,0.0282403,0.027136,0.00762015,0.0521485,0.0678831,0.0151413,0.0788375,0.0716514,0.0434176
1004.23,0.0404078,0.0512962,0.00821621,0.0573831,0.0855712,0.0961169,0.00903301,0.0370795,0.0755615,0.040964,0.0271955,0.0370168,0.0192278,0.0790197,0.023746,0.0766587,0.0443341,0.0661402,0.110877
1004.54,0.0431279,-0.0216471,0.0556123,0.00556971,0.02877,0.0167928,0.00450385,0.0166854,-0.0291701,0.0350966,-0.0337355,0.0112112,0.0306665,0.0044025,-0.0249146,0.0663363,0.0551722,0.00874962,0.0692624
1004.84,0.0206588,-0.0248652,0.0342457,0.0293433,0.00305976,0.0349624,-0.0104391,0.0062969,0.0813632,0.0335843,0.0566839,0.0244364,0.0308954,-0.0169469,0.0154824,0.0170255,0.0571156,0.0256573,0.0533456
1005.15,0.0985836,0.0991938,0.118664,0.0882973,0.0615006,0.065459,0.0421259,0.0638941,0.0745898,0.0493016,0.0768979,0.0425644,0.0994003,0.10736,0.0398115,0.0870403,0.0900166,0.116702,0.145665
1005.45,0.0501878,0.104149,0.0395363,-0.0161259,0.0103746,0.0313661,0.0206377,0.0649041,0.055376,0.0386264,0.0581287,-0.00241748,0.0416649,0,0.00911631,0.0785682,0.0341601,0.024762,0.0681213
1005.75,0.0471632,-0.0434304,0.0546745,0.0446321,-0.00872867,0.059965,0.0319543,0.0150499,0.0372542,0.00787692,0.0531248,0.0429335,0.0353251,0.13337,0.0118853,0.0331679,0.121036,0.0715268,0.0944574
1006.05,0.0540708,-0.0120954,0.019146,0.0202648,-0.00227033,0.00547588,-0.00654486,0.0366991,0.047598,-0.0392379,-0.00921904,0.0248508,0.00453314,0.0316533,0.0084177,0.0600876,0.0188902,0.0619248,0.0631839
1006.36,0.0840058,0.0802049,0.0538889,0.0545712,0.00444195,0.0805082,0.0457854,0.0570791,0.0201614,0.0232659,0.00894657,-0.00228499,0.0441555,-0.0267268,-0.0101846,0.026705,0.0830927,0.0602449,0.0092361
1006.66,0.0804136,0.0808738,0.0831942,0.0462378,0.0510429,0.0286461,0.0700146,0.00754822,0.0367203,-0.00101758,0.0477525,0.038284,0.0433949,0.0346512,0.0195147,0.0623822,0.0884944,0.0704774,0.085182
1006.96,0.00345283,-0.0138338,-0.0124678,-0.0551109,0.0300712,-0.0479677,-0.00688328,0.025717,-0.0484401,-0.0713966,-0.0458143,-0.061601,-0.0446543,0.00111469,0.0570065,0.00802399,-0.0115564,-0.00569454,0.00361138
1007.27,-0.00573625,0.0313925,0.0399283,0.00720224,0.0541688,0.0317554,0.0287784,0.0306114,0.0170729,0.0594055,0.045659,0.0390734,0.0214249,-0.00863185,0.0618758,0.021781,0.0912953,0.0556538,0.0650905
1007.57,0.078945,0.0853138,0.0560087,0.0769871,0.0447549,0.124513,0.110732,0.0783808,0.0692865,0.068166,0.0181961,0.0798622,0.0519801,0.0594876,0.079779,0.0683892,0.0752622,0.07328,0.125994
1007.87,0.159599,0.121204,0.0978215,0.0540193,0.075093,0.11481,0.153088,0.0920138,0.0996501,0.121786,0.0836402,0.103992,0.0867385,0.147477,0.102347,0.113068,0.101496,0.140809,0.149856
1008.17,0.04481,0.114331,0.104954,0.10388,0.0549349,0.0271246,0.0563662,0.0377,0.107079,0.0549329,0.0682263,0.0787484,0.0988947,0.111496,0.091538,0.0509206,0.098745,0.131786,0.1617
1008.47,0.108689,0.0987582,0.101945,0.137166,0.163927,0.101397,0.102289,0.105687,0.110368,0.116264,0.153768,0.106906,0.205012,0.0988055,0.113406,0.160229,0.113589,0.125312,0.192385
1008.78,0.0330974,-0.022755,0.0272147,0.0263611,0.0313308,0.000868986,-0.0252481,0.0344768,0.00563936,-0.0215801,0.00684052,-0.0205174,0.089309,0.00385323,0.0271626,0.0670734,0.0495697,0.0389754,0.0594419
1009.08,0.0686611,0.0869147,0.00497557,0.0398684,0.0384103,0.0162084,0.0247091,0.0520699,0.0758298,0.0011716,0.0235527,-0.00842439,0.0638918,0.0210169,0.0780593,0.0319334,0.0505141,0.109566,0.0613045
1009.38,0.0550513,0.0627254,0.0637631,0.0803922,0.0636244,0.0512956,0.0779262,0.024602,0.0348281,0.0400891,0.0254886,0.0266787,0.0552243,0.0891618,0.0326811,0.0315947,0.0479361,0.113888,0.0777485
1009.68,0.0792174,0.0371899,-0.00121188,-0.0126186,0.0218917,0.0640466,0.0246735,0.0290046,0.0502514,0.0379889,0.0717665,0.0227241,0.0645281,0.0404334,0.072716,0.0677411,0.0812886,0.0726456,0.11157
1009.98,0.112704,0.110495,0.115199,0.0679016,0.0138509,0.0806744,0.0170408,0.0753805,0.0815649,0.0510279,0.0940311,0.00231284,0.0921657,0.0670449,0.11728,0.0985628,0.0891909,0.0799927,0.079157
1010.28,0.0777833,0.118456,0.04313,0.0562585,0.125717,0.133881,0.0509576,0.0805987,0.0712783,0.0417277,0.0781563,0.0498345,0.0777045,0.0844904,0.120279,0.144385,0.14694,0.126821,0.164493
1010.59,0.0522556,0.0501293,-0.0217879,0.0260801,0.0144596,0.087474,0.0860359,0.086233,0.00818125,0.0178979,0.0216141,0.00706999,0.0733202,0.0178486,0.0570635,0.0899193,0.0590667,0.0818125,0.0742447
1010.89,0.00351814,0,0.0359206,0.0451085,0.0441415,0.0370261,-0.0230795,0.106665,0.019786,-0.0173097,-0.00350475,-0.0287524,0.012599,-0.025147,0.0785904,0.0380897,0.0603665,0.117335,0.0874557
1011.19,0.0337842,-0.00986666,0.0399911,0.047611,0.0611921,0.0378481,0.0722407,0.0203411,0.0463595,0.0362202,0.0669868,0.059148,-0.0269958,0.06061,0.0404102,0.0776057,0.0881434,0.0601338,0.102267
1011.49,0.101774,0.198807,0.0935315,0.0504987,0.0989538,0.0912148,0.105263,0.0717985,0.0785866,0.0839995,0.0306841,0.0830321,0.172779,0.0433617,0.129854,0.127809,0.0614337,0.101854,0.0936478
1011.79,0.0909649,0.105751,0.119369,0.0963518,0.00838159,0.0735065,0.157522,0.0990668,0.0832312,0.0943968,0.0606353,0.06676,0.0985587,0.0734308,0.0835685,0.0730297,0.127136,0.154127,0.165375
1012.09,-0.00625363,0.0124174,-0.0512204,0.0146935,-0.0285007,0.0138863,0.0199971,-0.0113331,0.0359564,0.00512683,-0.0948788,-0.0397198,-0.00681348,0.0200648,0.0509683,-0.00609404,0.0312789,-0.00797464,-0.0218031
1012.39,0.00513074,0.0327434,0.00251198,0.0493906,0.101762,0.0460393,0.0684014,0.0507908,0.0496977,0.11193,0.0307297,-0.0060694,0.0530803,0.0475532,0.0253966,0.0335072,0.0676533,0.0681078,0.0752102
1012.69,0.0474175,0.0022535,0.0484983,0.0526442,0.0533272,0.0774102,0.050754,0.0316106,-0.0326757,0.0216139,0.0780106,-0.00220328,0.0502745,0.048128,0.103731,0.0916847,0.0869451,0.0912057,0.0913676
1012.99,0.0597152,0.0282075,0.0343837,0.0882629,0.0631451,0.0896575,0.0630104,0.0588023,0.0534917,0.086262,0.0331559,0.0688814,0.0605152,0.0745033,0.018805,0.0559404,0.0578663,0.0820881,0.155701
1013.29,0.0272443,-0.0272443,0.00841911,-0.101652,0,-0.027736,-0.0159743,-0.0648252,-0.0969549,-0.025309,-0.0742173,0.0490641,-0.0704468,0.0259185,-0.0221794,-0.0172429,0.00886222,0.0124258,0.0211557
1013.59,0.0614519,0.0592626,0.118923,0.157082,0.081252,0.0424222,0.060046,0.0345233,0.0863648,0.0550422,0.015583,0.0164169,0.0945852,0.0587096,0.109993,0.0400751,0.190465,0.0750575,0.119975
1013.89,0.0183756,0.0179727,-0.0405448,0.0513016,0.0198718,0.0189291,0.0552884,0.00609549,0.00364316,0.0062038,0.0331109,0.045305,-0.0188911,0.0210513,0.039775,0,0.0230956,0.149256,0.0568505
1014.19,0.0172811,0.0369348,0.0097508,0.0229686,0.03122,0.00937688,0.0158076,-0.0358885,0.0695774,-0.00706601,0.00704409,-0.0243514,0.043989,0.0321809,0.0729326,0,0.0610648,0.0140446,0.0462786
1014.49,0.0452254,0.0936882,-0.00937986,0.0176809,0.0442523,0.0359389,0.00554112,-0.00270277,0.0303395,0.0367063,0.0375194,0.00969696,0.0570007,0.106973,0.0584762,0.0575541,0.0428329,0.0704274,-0.027289
1014.79,0.114481,0.0298253,0.0926089,-0.0204645,0.0494666,0.0950832,0.0206522,0.0256924,0.0102966,0.0859687,0.0344204,0.00595321,0.0248554,0.0842256,0.0466269,0.0728861,0.0426935,0.0548104,0.0319569
1015.09,0.0915725,0.0590536,0.0413965,0.0246829,-0.0480543,-0.0118348,0.0363382,0.0266379,0.029167,0.00846757,0.0218647,-0.0100198,0.0621739,0.00658829,0.0432555,-0.00893195,0.0285446,0.0795652,0.0721847
1015.39,-0.00800299,-0.0432972,0.0201103,0.0209331,-0.0512792,-0.0308772,0.0208964,0.0177412,0.0108243,0.00176242,0.0197778,-0.0879564,0.0411231,-0.0262059,0,0.005346,0.0815492,0.0207612,0.0341962
1015.68,0.0512886,0.145491,0.0671529,0.0160364,0.0916058,0.0467649,0.0571842,0.123339,0.0205994,0.0958082,0.0244054,-0.00939315,0.0925533,0.0744904,0.050603,0.0514689,0.0766412,0.109159,0.126888
1015.98,-0.0245992,0.0788584,0.069564,0.0240027,0.0468053,0.075159,-0.0269824,0.0921409,0.0901895,0.0448561,0.0354935,0.00933387,0.00755623,0.0782489,-0.00354246,0.0735773,0.018076,0.0654131,0.135235
1016.28,-0.0539552,-0.0548526,0.0287379,-0.00715404,-0.0437004,-0.0278425,-0.068694,-0.00421471,-0.0261805,-0.0669575,-0.0759977,-0.066709,-0.00982387,0.0174818,0.0809415,-0.055741,-0.0498336,-0.0174922,0
1016.58,0.0476275,0.0853833,-0.0262621,-0.00794725,-0.043652,0.0273971,-0.0478656,-0.0238034,-0.0966921,-0.0211919,0.0285259,-0.0328609,-0.00467962,-0.0168204,-0.0610445,0.0428365,-0.0279603,-0.00919505,0.0108482
1016.88,-0.0273358,0.030194,0.00921502,-0.0180623,0.00242696,0.00393594,-0.00481874,0.00244224,0.0273525,0.00121095,-0.0669679,0.021457,-0.0310824,0.0109441,-0.00998906,0.0294452,0.0321882,-0.0424991,0.0350746
1017.18,-0.0448077,-0.0482714,-0.0259041,-0.0934427,-0.0267987,-0.0476591,0.00121074,-0.00239657,-0.0604027,-0.0496598,-0.0725088,-0.0521705,-0.0649947,-0.0156995,-0.101888,-0.067718,-0.00347185,0.0101468,-0.0569473
1017.48,0.0376129,-0.0410819,0.0180376,0.00941407,0.0467878,0.0407508,-0.0639254,-0.0105467,-0.0228627,0.00783427,-0.0459256,-0.03503,0.0150614,-0.0389478,0.0227883,-0.0601031,-0.0299589,0.0361951,0.0207473
1017.77,-0.0450311,-0.0145871,0.0283352,-0.0457321,0.0809883,0.0221828,0.0541505,0.045428,0.00135101,-0.0612663,-0.0393969,-0.0645505,0,-0.0403519,-0.00658762,-0.0457681,0,-0.00256323,0.066644
1018.07,0.0334218,-0.0239342,0.0543857,0.0305331,0.0254835,0.0513683,0.00987717,0.0304867,-0.00132274,0.0301343,-0.0318512,0.0514261,0.0706237,0.101071,0.0886038,0.0588051,0.0659157,0.0116496,0.0906079
1018.37,0.0195816,0.0364969,0.0598194,0.0124434,0.0773501,0.0364185,0.0569708,0.0938536,0.0533314,0.0167883,0.0282013,0.0246264,0.0771711,0.0357391,0.0296207,0.0531111,0.0387456,0.054072,0.0105445
1018.67,0.0457959,0.113901,0.159729,0.0863311,0.0841628,0.0492646,0.0739972,0.0344849,0.0858543,0.0505322,0.0335339,0.057371,0.043909,0.0514036,-0.00126606,0.0738244,0.139572,0.0320594,0.152743
1018.96,0.0912073,0.0580383,0.0926479,0.0673734,0.0551325,0.0743348,0.0903158,0.0534461,0.0881995,0.0877024,0.105952,0.128921,0.0427321,0.107332,0.0334578,0.0934393,0.0787585,0.067441,0.123298
1019.26,-0.0189961,-0.0114948,-0.0307793,-0.0259709,0.0110438,0.0648754,0.0555082,0.0401643,-0.0460678,-0.00479216,-0.0313466,-0.0932743,0.0491286,-0.00171831,0.0497448,-0.0592874,0.040857,0.0643964,0.0238236
1019.56,-0.0128225,-0.0639871,0.0285856,-0.0497523,-0.034804,0.0675892,-0.0289923,0.0174708,0.0773995,0.0511042,-0.0129165,0.0371613,0,-0.0402505,0.0671656,0.071503,0.00920356,0.0741706,-0.0576537
1019.86,0.0305696,0.0728806,0.0425014,0.0165556,-0.0397927,0.00380258,-0.0373882,-0.0348123,-0.0201821,-0.0605176,-0.0140973,-0.02863,0.0341994,0.0531882,0.00127062,-0.00364284,0.0525093,0.0470641,0.0511585
1020.15,0.0990637,-0.101942,-0.110632,0.0331723,-0.0347529,-0.0946515,-0.149542,0.0256193,-0.0183196,-0.0378102,-0.081237,-0.157469,-0.0462969,-0.0406941,-0.133047,-0.0761214,-0.059726,-0.04936,-0.0363934
1020.45,0.083302,0.0595761,0.157303,0.0760355,0.0965307,0.05862,0.0326759,0.130959,0.118523,0.0730495,0.0310722,0.0321464,0.0488877,0.0782342,0.0617453,0.0866175,0.107145,0.189628,0.0422576
1020.75,-0.00495396,-0.0565727,-0.00369611,0.0886931,-0.0647252,0.0695957,0.09044,-0.00519518,-0.0539377,0.0619406,-0.043626,0.0491302,0.00913606,-0.0901184,-0.0646,-0.0117861,0.025671,0.0400791,0.0885943
1021.04,0.0537685,0.0774391,0.00167299,0.0461118,0.00344711,-0.0452284,0.0902264,0.0554452,-0.0034745,0.0539486,-0.0519798,0.0339059,-0.0100765,0.0804129,0.0766534,0.00850599,0.068263,0.0817544,0.00355454
1021.34,-0.0535391,-0.0296127,-0.0377811,-0.0584376,0.0399944,-0.0881216,-0.0271133,0.015384,-0.0762712,-0.0329084,0.0154565,-0.0781791,0.00811503,-0.0232566,-0.0142873,-0.0354318,0.0449918,0.0515708,0.0187436
1021.64,0.120986,0.0272663,0.0942334,0.0427919,0.0314136,0.190884,-0.0122578,0.0469035,0.0332315,0.00186073,0.0280425,-0.0479143,0.164069,0.136351,0.0135334,0.0656649,0.106628,0.0575092,0.0927204
1021.93,0.0682843,0.101,0.0392081,-0.0124231,-0.014931,0.0795276,0.041345,0.0194231,0.0047822,0.0245443,-0.00797033,0.04375,0.0748518,-0.00509758,0.0981051,0.0627424,0.0442428,0.100271,0.0684689
1022.23,0.0169093,0.0025253,0,-0.0265005,0.0247816,0.028042,-0.00473156,-0.0533439,0.0229957,0.0200241,-0.00507644,-0.0500994,0.00725294,0.0387124,0.0497466,-0.0859312,0.0368513,-0.0136975,0.0555029
1022.52,-0.0249178,0.0399224,-0.0578523,0.0216652,-0.0116814,-0.019431,-0.0307749,-0.0655956,-0.0147025,0.00989589,-0.023853,-0.154317,-0.0135442,-0.0306943,0.0239376,-0.0290588,-0.0674813,0.0310191,-0.0235825
1022.82,0.175165,0.118948,0.103411,0.112297,0.143885,0.0854221,0.0725205,0.143921,0.223105,0.177277,0.23154,0.104876,0.191712,0.0831148,0.195708,0.121285,0.139384,0.143504,0.149688
1023.12,0.0971675,0.0102228,0,0.0299039,-0.0887285,0.0746305,-0.0251281,0.183925,-0.0353124,-0.018951,0.140571,0.0247064,0.0438467,0.00545976,0.0974977,0.114411,0.0107845,0.112985,0.090086
1023.41,0.0293857,-0.0572173,0.0450677,0.0108558,-0.00361373,-0.0384107,0.0528268,-0.0327398,-0.0177205,-0.105848,-0.0166666,0.039379,-0.0254864,-0.053694,-0.0311369,-0.0185255,-0.0504605,-0.0495178,0.0614168
1023.71,0.0642714,0.0849717,0.00531018,0.0922031,0.0173262,0.0518367,0.0280586,0.105014,0.0147773,0.0464641,0.0789099,0.074395,0.0517969,0.0275892,0.0119951,0.0090439,0.0053807,0.0479082,0.171177
1024,0.0946469,0.0342785,0.0379644,0.0293557,-0.0135224,0.00124693,-0.0408458,0.0116696,-0.00423259,-0.0227441,0.0865431,0.0100446,-0.0122688,0.0499263,-0.028133,-0.0210709,0.0189618,0.041378,0.00842981
1024.3,0.115396,-0.0743427,0.00999931,0.00177006,-0.0394209,0.0296511,-0.0261874,0.00834496,-0.0866202,0,-0.0208424,-0.00953909,0.0559569,-0.0253316,-0.00161006,0.0191437,0.0504822,-0.0150872,0.126471
1024.59,-0.0217548,-0.0265659,-0.0440725,0.0256443,0.0242888,-0.0316459,0.0296042,-0.0505241,-0.0508152,-0.0648334,-0.012959,0.00153118,0.0479501,0.0340173,-0.0295587,-0.00947372,0.0237461,0.0216864,-0.0431696
1024.89,-0.0379178,-0.0999636,0.0251182,-0.00476017,-0.024729,0.0137041,-0.0398999,0.0330847,0.00945696,0.0622035,-0.0518285,0.024223,-0.0264144,0.0459051,-0.0217763,-0.0538834,0.0133374,0.0226295,0.0747765
1025.18,0.0267412,-0.0742647,-0.107392,-0.0277725,-0.0494188,0.0391825,-0.0543474,-0.0845994,-0.114614,-0.0618222,-0.104291,-0.00471315,-0.0481378,-0.00494916,-0.0571062,0.0762694,-0.0724241,0.0654639,0.184642
1025.48,0.0648414,0.116033,0.07289,0.0517718,0.0661199,0.109546,0.0179328,0.0507197,-0.00136976,0.0711275,0.0306513,0.0413124,-0.0413249,-0.0115492,0.0360184,0.0554279,0.0519207,0.036121,0.0571342
1025.77,0.0205429,0.0548765,0.0366309,0.0521397,0.0539629,0.0251121,0.0543834,0.0306105,0.103988,0.019027,-0.0293861,0.0629284,0.0558336,0.0187685,-0.0359041,0.046503,0.0293244,0.0532435,0.0591774
1026.06,0.121542,0.143982,0.0916685,0.0374475,0.0916685,0.152587,0.080157,0.0367369,0.138515,0.107968,0.0962259,0.152665,0.0509566,0.0145651,0.0373464,0.0590193,0.107811,0.0523297,0.0675204
1026.36,0.0711111,-0.0158215,0.0213395,-0.0781964,-0.064089,0.0102685,-0.04608,-0.117072,-0.011502,0.00257071,0.0217166,-0.136058,-0.115682,0.0102828,0,0.0227868,-0.0932254,-0.00772291,0.0863207
1026.65,0.117032,0.0816896,0.00156562,0.0629982,0.0716313,0.0686206,0.0598325,0.0312632,0.0448466,0.0658361,0.0714433,0.00618446,0.00315113,0.0406066,0.131589,0.0921138,0.058743,0.0679673,0.116207
1026.95,0.0563662,0.114669,0.0287444,-0.0396307,0,-0.0684195,0.0759064,0.0442694,0.0247297,0.0596644,-0.0165363,-0.0558494,0.0848772,0.0831142,-0.0115463,0.0940217,-0.00401858,0.123261,0.0907018
1027.24,0.0129369,0.03095,0.00455972,0.00496684,0.0576889,-0.0350811,0.0350057,-0.0710152,0.0509929,0.0187512,-0.0311209,-0.0822335,-0.0234226,0.0350166,-0.00445623,-0.0127698,0.0634801,0.0504974,0.0912211
1027.53,-0.0776927,0.107866,0.0730277,0.062208,0.120866,0.00952941,0.156514,-0.0256315,0.00335172,0.066825,-0.0250314,0.0281368,-0.0623385,-0.0630064,0.0958065,0.0601425,0.0442089,0.139534,0.0679425
1027.83,0.0402709,-0.0125846,0.0596167,0.0173598,0.181766,-0.0643743,0.0691011,0.0145476,0.0222472,0.0934357,-0.0772573,0.0381418,0.124985,0.111113,-0.0237535,0.0580817,0.0595659,0.0553724,0.00755079
1028.12,-0.0521047,-0.0568826,-0.112283,-0.0608789,-0.1549,-0.104209,-0.105074,-0.146685,-0.0610679,-0.295318,-0.119489,-0.0333923,-0.194143,-0.141108,-0.167006,-0.104939,-0.14246,-0.0719204,-0.124277
1028.42,-0.00773044,0.018083,0.0616081,-0.103614,-0.10573,-0.0224568,-0.00211171,-0.0453812,-0.00414901,-0.0328035,-0.0296378,-0.013473,-0.0659003,-0.0514097,-0.00626028,-0.0215028,-0.0390145,-0.0211171,-0.0129017
1028.71,0.0743797,0.0288831,0.0329015,0.00805457,0.0289115,0.029511,-0.0662353,-0.00408603,0.0882789,-0.014805,-0.0192156,0.0565359,-0.0137657,0.0503377,0.0659969,0.0983091,0.0699158,0.0798069,0.0122185
1029,0.0585097,0.0863603,0.0655413,-0.0480486,0.0664847,0.0858553,0.0406617,0.0212464,0.0328597,-0.033634,0.0252515,-0.0244565,0.00716508,0.14917,0.0569041,0.117788,-0.0538043,0.131406,0.102265
1029.29,0.0403156,-0.0327479,-0.136973,-0.0733236,-0.124488,-0.0152334,0.0109072,0.0172618,-0.094399,0.0171623,-0.0556051,0.0308246,-0.0996538,-0.0960826,0.0183297,0.0018279,-0.0671291,-0.0380705,0.0855648
1029.59,0.0749427,0.0043097,0.0333465,-0.00910883,0,0.0293147,0.0652297,0.0121643,0.0125,0.0277083,-0.0365909,0.0908348,-0.0272255,0.128445,0.0806034,-0.0204787,0,-0.0159932,0.0236559
1029.88,0.105595,0.107075,0.154328,0.0658479,0.118672,-0.022151,0.110248,0.0629922,0.0518015,-0.00606905,-0.0377406,0.0778596,0.045208,0.0803479,0.0632562,0.0649105,0.0659542,0.0510848,0.22784
1030.17,0.0701357,0.106547,0.130988,0.133058,0.0125695,0.00416994,0.0708441,0.013025,0.0542951,0.144465,0.0301763,0.120174,0.0600906,0.101535,0.0672296,0.0498814,0.0726292,0.0886914,0.0941215
1030.46,0.0320395,0.0155738,0.0448498,-0.0396831,0.103438,0.028208,0.0180645,-0.0215757,0.0130349,-0.015329,-0.0730506,0.0252676,-0.0183111,0.00554539,0.0793663,0.0302263,0.0271791,0.129513,0.146589
1030.76,0.0419077,0.0875301,-0.00937431,0.00192335,0.067005,0.0793981,0.076193,0.0680209,0.0359853,-0.14751,0.0819728,0.0148739,-0.00723205,0.0185238,0.0425162,0.0434137,0.0679519,0.0288503,0.113603
1031.05,-0.00605357,0.0749781,-0.0758357,-0.124646,-0.0438792,0.0512489,0.0191875,0.0615885,-0.0931627,-0.0887264,0.0441468,-0.0569395,-0.220816,-0.00209493,0.0522749,0.031965,0.0168766,0.0318145,0.0152468
1031.34,-0.00166725,0.0148482,0,0.0128553,0.0180937,0.0473867,-0.126864,-0.0246051,-0.0209687,0.0517367,0.0101104,-0.061421,-0.034378,0.0614123,-0.0311882,-0.0343378,-0.00560262,0.0364734,0.0719815
1031.63,0.0168874,-0.088596,-0.0656731,0.00540594,-0.0815238,-0.0118184,-0.108685,-0.0751699,0.019339,0.0195095,-0.0411663,-0.0131749,-0.0875145,0.0315192,0,-0.0149197,-0.0226926,0.0260699,0.0568634
1031.92,0.12654,0.0820127,0.104679,-0.00242312,-0.0208016,0.0264685,-0.0135436,0.105835,0.258319,0.199876,0.0977935,0.118253,0.222402,0.127959,0.158825,0.185728,0.113068,0.220286,0.15585
1032.22,0.158827,0.122423,0.0584866,0.167379,0.042735,0.048547,0.22247,0.0914708,0.178818,0.155677,0.0935819,0.11678,0.112049,0.121482,0.120919,0.0896958,0.039319,0.142875,0.154972
1032.51,0.0664501,0.0353571,0.0852731,0.0993855,0.0776624,0.0620031,0.0542284,-0.0136125,0.12725,0.100785,0.0167281,0.0618588,0.0710732,0.0840398,0.119515,0.0537194,0.171751,0.169957,0.151356
1032.8,0.081547,-0.136302,0.146285,-0.112343,-0.0231294,-0.0728322,-0.0175019,-0.0319179,0.110197,0.109573,0.0592681,-0.0786126,0.0216035,0.0261588,0.15944,0.00948091,0.0555934,0.0456197,0.142393
1033.09,0.0650847,-0.0262197,-0.054715,0.0429792,-0.00764387,0.0801401,0.0345098,0.098434,-0.00960175,-0.0370937,0.0511034,-0.0222433,0.00875622,0.0587755,-0.0444164,0.0893787,0.0838095,0.212946,0.0814545
1033.38,0.163436,0.216982,0.163129,0.297845,0.106853,0.130531,0.115472,0.0914309,0.219103,0.236287,0.230127,0.180409,0.252201,0,0.262154,0.0527934,0.0281182,0.248956,0.261379
1033.67,0.107338,0.122044,0.0300137,0.176499,0.136559,0.114031,0.0874924,0.106164,0.118421,0.0714351,0.170653,0.049525,0.143926,0.189946,0.204838,0.228964,0.174926,0.258142,0.246425
1033.96,0.0817835,0.0785137,0.0884812,0.180782,0.163556,0.0876512,0.0768011,0.124138,0.157561,0.0409606,0.0828465,0.117323,0.0415663,0.198695,0.0711804,0.133363,0.0712601,0.220597,0.127083
1034.25,0.00332839,0.0117279,0.0713132,0.0993523,0.0513586,0.105658,0.0920218,0.0367972,0.0206268,0.0703676,0.0308447,0.0223457,0.0542602,0.0712141,0.00716053,0.0977499,-0.0327022,0.0602135,0.0594257
1034.54,-0.102092,-0.00213147,0.0308221,-0.0211938,-0.0478414,0.0545953,-0.0412333,-0.0948523,-0.131274,-0.0388092,-0.0955738,-0.104936,0.011991,0.032522,0.108499,0.0155446,-0.00850971,0.105732,-0.0295596
1034.84,-0.129667,0.0503535,-0.0210879,-0.114193,0.046054,0.0535246,0.00994835,-0.0634775,0,-0.116459,-0.100697,-0.0150911,-0.0499523,-0.0305138,0.0279407,-0.0364909,0.0380865,0.0430828,-0.0713661
1035.13,0.0378764,-0.0287299,0.0411558,0.0688336,0.0107363,0.0179716,0.102553,-0.0243007,0.0981788,-0.0885194,-0.0163303,-0.0492749,-0.0175406,-0.0331254,0.0277687,0.0357405,0.069058,0.0461364,-0.0513475
1035.42,0.0825359,0.0616796,0.154595,0.0577778,0.194126,0.0965579,0.0894444,0.172036,0.177575,0.160712,0.158111,0.199899,0.132595,0.190779,0.166384,0.0473286,0.167369,0.152331,0.0405263
1035.71,-0.0143498,0.118053,0.0109382,0.118229,0.0568578,0.0424033,0.0527046,-0.00857722,-0.0550907,-0.16467,-0.17896,0.00266678,-0.00829394,0.0547902,-0.0211471,0.097478,0.176592,0.142196,0.0163479
1036,0.181253,0.185498,0.158374,0.124192,0.0250206,0.157147,0.209263,0.124847,0.146338,0.124787,0.0745588,0.201903,0.13556,0.126659,0.211975,0.179074,0.122145,0.188816,0.233676
1036.29,-0.0810787,0.0354842,0.334259,0.0114692,0.084767,0.0255668,0.11778,-0.102627,0.0597666,-0.0948297,-0.0551613,0.0692035,0.0840951,-0.0832408,-0.0168264,0.0255668,0.00879929,0.075791,0.0786672
1036.58,0.14047,0.144777,0.0701313,0.121014,0.0868933,0.139449,0.0850667,0.0348704,0.126755,0.0567748,0.0187112,0.052721,0.14848,0.0413619,0.138718,0.132424,0.0658318,0.0458443,0.133179
1036.86,-0.0765088,-0.161509,-0.11492,-0.0213997,-0.00413265,-0.298121,-0.00850935,-0.0601575,-0.0154752,-0.177526,-0.0392086,0.13898,0.00950055,-0.356322,-0.135086,0,-0.103999,0.152626,0.0213997
1037.15,0.131377,0.180278,0.421845,0.179601,0.194615,0.340385,0.0838708,0.195224,0.127581,0.236977,0.47513,0.260745,0.220971,0.258513,0.259328,0.122618,0.257207,0.238336,0.238964
1037.44,-0.0128233,-0.0816257,-0.0750366,-0.0753956,0.0186181,-0.0694539,0.0222092,0.0377972,-0.00707199,-0.0566638,0.00559685,0.0302207,0.059421,-0.0430324,-0.00389866,-0.0219828,0.0146258,0.0572415,0.0039925
1037.73,0.0842858,0.0854342,-0.0365983,0.142662,0.0108296,0.0332415,0.0871159,0.102177,-0.0832904,-0.0437885,0.0230324,0.155712,0.0645091,0.0966417,0.0586557,0.136543,0.107195,0.0590487,0.110238
1038.02,0.22,0.0597143,0.121579,0.20625,0.0802703,0.0353113,0.0202632,0.0946721,0.0767442,0.247667,0.0788603,0.0999083,0.154317,0.106348,0.212098,0.331915,0.232979,0.109392,0.0876106
1038.31,-0.0498551,0.297879,0.0476962,-0.0413937,0.183989,0.0484636,0.0996432,0.0539166,0.1003,0.141078,0.178372,0.173678,0.0859961,0.0539341,0.070928,0.0819596,0.029443,0.226127,0.232543
1038.6,0.238247,0.170838,0.169611,0.257782,0.148624,0.129496,0.207616,-0.0179737,0.0597676,0.127012,0.200718,0.183332,0.102378,0.0686085,0.231186,0.218788,0.179474,0.247567,0.385997
1038.89,0.0194268,0.0103331,-0.035488,-0.0929248,0.255179,-0.0671765,0.0647937,0.087748,0.0154387,0.109162,0.169097,-0.0671896,0.0160386,-0.018905,0.181242,0.117058,-0.0196352,0.160164,0.119778
1039.18,0.017693,0.0558653,0.099,-0.12879,-0.0145978,-0.00999462,0.0297303,0.0295838,0.0416407,0.0421046,-0.0626935,0.0547477,0.12295,0.0783798,-0.00523699,-0.00285094,-0.00825122,0,0.0270722
1039.47,-0.112621,-0.0775594,-0.0431292,-0.0926881,-0.0441155,-0.126914,-0.0232578,-0.00826657,-0.00980076,-0.132732,-0.078375,-0.0872543,-0.0555637,-0.0891067,-0.09975,-0.0507203,0,0.0247826,-0.00358813
1039.75,-0.0833787,-0.0556501,-0.059584,-0.0604379,0.0197416,-0.0231162,-0.102706,-0.0988834,0.0149151,-0.132839,-0.130279,-0.058449,-0.0420949,-0.105126,-0.00537693,-0.100609,-0.0533451,-0.109791,-0.0130531
1040.04,0.112232,0.126548,-0.0663304,-0.0952912,0.0664151,0.0579261,0.0402368,0.053582,-0.0171237,0.0342475,-0.0297172,0.0887209,0.0058026,0.0419297,0.0137259,0.132143,-0.00885071,0.160676,0.0919847
1040.33,0.100722,0.118795,-0.127581,0.0464393,0.0172076,-0.0198358,-0.146439,-0.0522175,0,-0.0259927,0.106931,-0.00642905,-0.0848412,-0.0196637,-0.0796725,-0.0129407,-0.092921,0.0517998,0.164937
1040.62,-0.0738922,0.103298,0.0242038,0.201025,0.147116,0.0639362,0.0201257,0.00278111,-0.0120015,0.0759408,0.0510791,0.0111244,-0.111244,0.0568366,-0.0420588,-0.0253715,0.0139592,-0.0249956,0.214842
1040.91,0.00347856,-0.0846661,0.139704,0.0940091,0.010078,-0.0700406,-0.0639491,-0.182793,0.0570871,-0.162732,0.124684,0.028942,-0.0776632,-0.0675955,0.14459,0.0267667,0.0864227,0.129047,0.160777
1041.19,0.045864,0.140902,0.0800905,0.0289768,0.0833603,0.047772,0.142233,-0.0648374,0.124632,0.149319,0.00467219,0.137335,0.0734604,0.190848,0.142398,0.125531,0.156582,0.0493701,0.0266677
1041.48,0.0636574,0.00226804,0.015493,-0.0488889,0.0398551,0.0167028,-0.109238,-0.0317308,-0.117686,0.0241758,-0.082618,0.0131894,-0.0302059,-0.107381,0.00738255,0.0114286,-0.00930233,-0.0225513,-0.0832569
1041.77,-0.0624728,-0.0570599,-0.0818601,-0.0785906,-0.0686365,-0.0471687,-0.0417438,-0.0138337,0.0129597,-0.0373337,-0.132189,0.0315152,-0.137177,-0.164451,-0.155178,-0.00959435,-0.114081,0.0169553,0.0331239
1042.05,0.120313,-0.0267526,0.0284423,0.0860318,0.143011,0.112512,0.0156034,-0.117239,-0.017261,-0.0178804,-0.0208024,0.0903984,-0.146869,-0.0771963,0.0483394,-0.0214053,0.0108581,0.00932309,0.209738
1042.34,-0.0899854,0.0935033,0.20063,0.14682,0.0133459,0.12005,-0.00321604,-0.0323819,0.175672,0.135119,0.0125445,0.268129,0.0896683,0.177709,0.228339,0.080061,0.0640987,0.0765294,-0.00341161
1042.63,0.139751,0.225393,0.107334,0.057706,-0.0499828,0.0971015,0,0.113907,0.0322233,-0.0198249,0.182186,0.143112,-0.0465224,0.0937642,0.276483,0.099374,0.088431,-0.0339182,0.0981026
1042.92,0.0322061,0.0831578,0.192609,0.0993521,0.0949208,0.295691,0.087087,0.129778,0.010263,0.253054,-0.00344416,0.232466,0.204723,0.222789,0.154508,0.166383,-0.0158934,0.285866,0.220638
1043.2,0.0675758,0.152704,0.0219449,0.0157011,0.0290024,0.0663932,0.113354,0.0485589,0.0483693,-0.0243496,0.0315728,0.0594312,0.0565392,0.0975037,0.0817887,0.115802,0.0964496,0.0250111,0.0987434
1043.49,-0.272435,-0.385035,0.297815,-0.0514019,-0.205648,-0.335817,0.00967621,-0.126839,0.138865,-0.444616,-0.025089,-0.116783,-0.464885,0.0557534,-0.477103,-0.512235,-0.0550256,-0.0729863,-0.395382
1043.78,0.354115,0.343557,0.188465,0.279529,0.156774,0,0.204135,0.1452,0.2013,0.118405,0.121935,0.296139,0.113838,0.198602,0.342756,0.206337,0.154834,0.371706,0.150429
1044.06,0.196733,0.0267997,0.163653,0.0399171,0.168649,-0.0524449,0.17589,0.141716,0.11116,0.157423,0.127962,0.229046,0.274281,0.198698,0.194072,0.118058,0.0937988,0.0937452,0.165657
1044.35,-0.0807692,-0.0597471,0.0660839,-0.131584,0.156328,-0.113709,-0.169879,0.00763174,-0.176923,-0.011508,0.126421,0.10134,0.224862,0.110204,0,0.0889321,0.0281909,0,0.0404869
1044.63,0.185305,0.103003,-0.0037384,0.0857376,0.149109,0.0859832,-0.0667177,0.0800217,0.106157,0.0782821,0.141736,0.148782,0.137926,-0.0565724,0.0503191,-0.0950203,0.163876,0.0737778,0.00349786
1044.92,0.0922185,-0.274513,-0.0576045,0.0190074,-0.0381902,-0.18005,0.04136,0.159077,-0.0861667,-0.0197517,-0.0320833,-0.198137,-0.236536,0.273003,0.0398459,-0.105698,0,-0.22255,0.162579
1045.21,-0.0222527,0.0925714,-0.0178271,0.00422876,0.00909184,-0.15382,-0.0408205,0.0141037,0.0814037,0.080468,-0.0769309,0.0636429,0.0182882,0.0685714,0.0345052,0.00362637,0.0217211,-0.0848571,-0.0178271
1045.49,-0.0037956,-0.00598849,-0.024509,0.0170505,0.0353411,-0.109777,0.0189095,-0.0842111,0.0381773,0.017749,0.00207854,0.00189232,-0.130547,-0.195163,-0.0075042,0.0218855,0.00597028,0.0188868,0.0401234
1045.78,0.00509831,0.0827219,0.0151061,0.070015,0.0792135,-0.00971108,0.0533783,0.0307709,-0.00661403,-0.0232328,-0.0138595,-0.0111236,0.0369666,0.089386,0.109382,0.106585,0.0552714,0.137602,0.0305052
1046.06,-0.0149547,0.0946756,0.0858647,0.100909,0.0677105,0.164343,0.015929,-0.108832,0.00345353,0.0676844,0.172306,0.234399,0.155532,0.151893,0.316807,0.161978,0.176329,0.13359,0.264439
1046.35,0.00561029,0.100812,0.0040553,0.022279,0.113595,-0.0171791,0.0433815,-0.00140139,-0.0324612,0.0714256,0.0187644,0.0919575,0.0644129,0.00802244,0.146379,0.139908,0.160893,-0.0424387,0.12074
1046.63,0.0408556,0.120706,-0.0828915,0.0352038,-0.0510184,-0.053601,-0.0812233,0.00555756,0.0144528,0.116881,-0.0105301,0.0402777,-0.068143,-0.0977989,-0.0318559,0.0951001,0.0362426,-0.0780098,0.0188957
1046.92,-0.120345,-0.128451,0.0387984,-0.0681297,0.0187219,-0.0530503,-0.0357482,-0.198452,0.0909434,0.0579152,-0.249112,0.063827,-0.189466,-0.0388494,-0.227494,0,-0.159586,-0.106019,0.028069
1047.2,0.0338607,0.0876511,0.00564496,-0.108706,-0.10214,0.0127675,-0.175063,-0.105988,-0.0543529,-0.0870161,-0.124875,-0.0332773,-0.162701,0.0436606,-0.0567867,-0.0745436,0.063968,0.0427865,-0.0310473
1047.49,0.215925,-0.0751661,0.136745,0.268639,0.0435267,-0.150852,-0.0719411,-0.0172454,-0.0244009,-0.0478794,-0.116406,-0.0866972,0.134794,-0.160281,-0.0217633,-0.106022,-0.0278038,-0.0131844,0.119333
1047.77,0.217918,0.295402,0.188614,0.273207,0.0326345,0.229977,-0.0862357,0.127694,0.270698,0.118565,0.0617764,0.269371,-0.0438397,0.181527,0.161712,0.0867013,0.114317,0.132963,0.169223
1048.06,-0.154685,0.0369836,0.143345,-0.0577413,0.0738375,-0.0502505,-0.110756,0.0638214,-0.0334626,-0.145255,0.130408,0.227353,0.229076,0.0120276,-0.286361,-0.00740376,-0.106244,0.0980713,0.236895
1048.34,0.592635,0.372514,0.372514,0.623552,0.61294,0.100703,0.357442,0.0591762,0.497306,0.616705,0.66798,0.579476,0.183606,0.69853,0.404116,0.218902,0.334657,0.310036,0.681992
1048.62,-0.131084,-0.0160902,-0.126764,-0.0584105,-0.00592376,-0.0214536,-0.17185,0.0517685,0.0191273,-0.0673967,-0.12138,-0.299107,-0.227629,-0.0585578,-0.407069,-0.0296434,-0.0952541,-0.141075,-0.0696672
1048.91,0.174766,-0.384921,0.0658033,0.132751,0.233669,0.0980971,0.303808,-0.0312195,-0.0636098,-0.0624096,-0.291494,0.00482349,-0.0049167,-0.118224,0,0.191829,-0.054136,0.0613723,-0.0481778
1049.19,0.563381,0.488681,0.388929,0.50069,0.585988,0.50069,0.661451,0.442733,0.271765,0.441443,0.152308,0.465882,0.5112,0.0985263,0.845906,0.102494,0.62019,0.745412,0.926316
1049.48,0.0116055,0.0527083,0.277683,-0.131185,0.475178,-0.0672872,0,-0.163226,0.400093,-0.0496078,0.108235,0.335023,0.200794,0.861509,-0.548962,0.333411,-0.283854,-0.111209,0.34
1049.76,0.177978,0.0669565,0.258261,0.0488889,0.157721,0.15125,0.0698077,0.0950847,0.215455,0.130508,0.133603,0.0820896,0.0547598,0.0419048,0.0883929,0.234089,0.00647059,0.236923,0.297156
1050.04,-0.0117397,-0.0123257,0.0108825,0.0232031,0.0343057,-0.0275968,-0.0167642,0.0191187,-0.00133351,0.016723,0.0124302,0,-0.00148026,-0.00161133,0.00179869,-0.0107334,0.0232031,0.0251269,0.0306152
