wavelength_nm,8,12,16,20,24,28,32,36,40,44,48,52,56,60,64,68,72,76,80
349.501,0.149135,0.112057,0.451665,-0.0290994,0.275325,0.405414,-0.656192,0.229859,0.204527,0.0803033,0.0202216,0.162166,-0.447404,0.330227,0.0482051,0.0810829,-0.190048,0.776219,0.388444
350.001,-0.274655,-0.131643,-0.354,-0.415286,-0.274176,-0.36064,-0.370246,-0.657508,-0.418941,-0.478536,-0.163308,-0.379065,-0.19512,-0.0675473,-0.422858,-0.28865,-0.305717,-0.281597,-0.343451
350.501,0.0100446,0.00661765,-0.00716146,-0.0136272,0.00179869,-0.0120985,0.00286458,0.00441964,0.00919764,-0.00364447,0.0136489,0.0128238,-0.00493684,-0.00540575,-0.0211346,-0.00961788,-0.00229167,-0.00601563,-0.0226987
351.001,-0.594,0.100366,0.51975,0.358964,-0.18177,-0.275886,0.367451,-0.192176,0.147689,0.402387,0.659683,0.273553,0.27,-0.759395,-0.0921076,-0.147746,-0.0528559,0.278438,0.0105533
351.5,-0.15571,-0.839767,-0.633841,-0.468815,0.0320403,-0.306107,-0.373804,-0.578506,-0.205244,0.0243582,-0.0423943,-0.406365,-0.0183896,0.0117662,0.415227,-0.144459,-0.265867,0.143629,-0.572417
352,-0.161126,-0.014773,-0.198346,-0.13211,0.055628,-0.0682842,-0.051051,0.0272502,0.121721,0.015296,-0.196911,-0.253211,-0.0137178,-0.156319,-0.241894,-0.0220184,0.00472252,0.0645285,-0.0306461
352.5,0.372617,0.674667,0.124477,0.355756,0.585951,0.348361,0.38025,0.340766,0.28146,0.477062,0.484,0.518255,0.347838,0.200345,0.167143,0.646609,-0.129509,0.378529,0.290847
352.999,-0.0421995,0.217942,0.354998,0.473478,-0.302649,0.936829,-0.0130435,-0.750429,-0.369699,-0.283181,-0.27114,-0.362471,-1.01739,-0.0155955,-1.19022,-0.152174,-0.807065,0.749418,0.0849542
353.499,0.797997,0.897976,2.8058,1.49519,-2.27971,0.734708,2.18004,-2.33496,2.9967,0.51535,1.32751,-0.434022,1.87053,1.78525,-1.79154,-0.438406,0.3243,3.3,1.28663
353.998,-0.522701,0.353294,-0.4235,-0.884459,-0.725455,-0.206449,-0.169853,-0.108804,-0.0158945,-0.2475,-0.467096,-0.179417,-0.1848,0.0211927,-0.102921,-0.475158,-0.103552,-0.12,-0.182875
354.497,0.251429,-0.0565068,0.162267,-0.263176,0.0339157,0.0640528,0.355795,0.00770308,-0.37931,0.0267857,-0.0860271,0.542351,0.258163,0.308946,-0.266969,-0.446429,0.247253,0.46301,0.847098
354.996,0.0749913,0.0771108,-0.0653714,0.0827463,-0.00830562,-0.0804774,0.00262128,0.0293333,0.0871032,0.106773,0.0180293,0.119226,0.118704,0.113474,0.0206976,0.011,0.175358,0.102351,0.00701772
355.495,0.235852,0.0403205,0.166133,-0.0478449,0.128234,0.0858084,0.317886,0.258261,-0.148871,0.129692,-0.156929,0.0983711,0.195883,-0.114288,0.222813,0.0982029,0.229184,0.165717,0.207147
355.994,-0.610376,-1.18286,-0.191747,-0.640252,-1.16769,-0.851337,-0.289274,-0.243747,-0.645304,-0.127642,-2.19524,-0.581053,-0.431863,-0.898816,-0.193034,-0.446617,-0.191747,-1.51185,-0.47151
356.492,-0.338919,0.187297,-0.320278,0.155417,0.0285708,-0.435951,-0.294324,-0.706571,-0.267725,-0.0288973,-0.140473,-0.468243,-0.187297,-0.361216,-0.105906,-0.177034,-0.206578,0.0147221,-0.390583
356.991,-0.050905,0.246065,-0.196741,0.10181,0.0698026,-0.471021,-0.044659,0.054939,0.163907,0.439512,0.107182,-0.212115,0.193127,0.326118,0.177818,0.216108,0.0815294,0.676471,0.528344
357.489,-0.698351,-0.404366,0.6435,1.24826,-2.12428,0.216407,-0.809769,-0.171916,-1.99611,-2.21936,0.1595,-0.582944,-1.50496,-4.51488,0.706875,-1.12419,-2.40565,-1.27451,-1.88191
357.988,0.239768,0.289605,0.137464,0.0765217,0.165588,-0.0154763,0.322826,-0.117852,-0.066181,0.0343275,-0.228139,0.222609,-0.167566,-0.0721147,0.234904,0.428522,-0.163056,0.0938369,0.0559347
358.486,-0.0643458,0.0888224,0.0861348,-0.162364,0.191188,0.0538374,-0.0728389,0.0691273,0.00275947,0.0728621,0.162828,-0.0762902,0.0417583,-0.162205,-0.1219,-0.0446363,-0.0422199,-0.101393,-0.112193
358.984,0.0387449,-0.0537557,0,-0.0254468,-0.0109058,0.00713771,-0.0421661,-0.00476391,-0.0533638,-0.00385965,-0.0161098,-0.00267206,-0.00105263,-0.0142754,0.00453089,0.00566362,-0.0391664,-0.0131082,0.003182
359.482,-0,0,-0,0,0,0,0,0,-0,0,0,0,0,-0,-0,0,0,0,0
359.98,0.0865803,-0.032943,-0.0582742,-0.00787093,-0.0328047,0.215008,0.0651538,-0.0390923,0.0842708,0.0693573,0.319215,-0.045991,0.0640858,0.0933548,0.0599712,0.0420994,0.0375888,0.0383258,0.134197
360.478,0.146965,0.231055,0.0352026,0.176496,0.0456851,0.268015,0.122872,-0.008398,0.0156694,-0.219129,-0.0153879,-0.0352026,0.054843,0.172841,0.150573,-0.0483043,0.0917781,0.255089,0.116417
360.975,-0.0562558,0.0599552,-0.065017,-0.207745,-0.0916595,0.114646,-0.0369425,-0.179866,-0.235024,-0.431857,-0.151706,-0.203386,0.00481607,0.10205,-0.443984,-0.045983,-0.0133537,-0.139978,0.0323428
361.473,0.166333,-0.0296864,0.0617331,0.472842,0.635919,0.113197,0.143403,0.0949963,0.179437,-0.293797,0.0199375,-0.169281,-0.566156,0.261411,-0.0438842,0.0217061,0.202591,0.161494,-0.145928
361.97,-0.0216262,-0.0540517,-0.0974409,-0.0366021,-0.0394368,0.0526596,-0.0591372,-0.135726,-0.0766593,-0.0773438,0.0207824,-0.072907,-0.0241463,-0.0165,0.00951923,-0.006875,0.0947461,0.0332463,-0.0523286
362.468,-0.221833,-0.399417,-0.290037,-0.654054,-0.471429,-0.0568075,-0.466074,-0.134444,-0.754624,0.112404,0.0667586,-0.0666667,-0.0780645,-0.357887,-0.392432,-0.220772,-0.0360119,-0.215479,-0.166078
362.965,0.285469,0.309661,0.399176,0.39905,0.169351,0.171148,0.501258,0.716278,0.733388,0.280981,0.482027,0.627078,0.3045,0.32625,0.287264,0.360336,0.280823,0.411577,0.305426
363.462,-0.00734778,1.17046,-0.197027,0.49681,-0.160733,0.21431,-0.26644,0.0891192,0.0535776,0.190498,0.197825,-0.477606,-0.487069,-0.153744,-0.0319469,0.01478,-0.0378195,-0.111814,0.390193
363.959,0.277621,0.353077,0.0485481,0.184114,0.185311,0.0851371,0.128027,0.260148,0.131963,0.27,-0.119794,0.349239,0.425,0.477231,0.318119,0.292979,0.22552,-0.0286875,0.181442
364.456,0.278478,1.11085,0.229131,0.651071,0.49012,0.231057,0.0103679,1.43479,0.107436,0.112319,0.680863,-0.149759,0,0.729306,1.10171,0.456352,0.492656,0.483461,0.637157
364.953,0.349961,0.495,-0.332801,0.543293,-0.602932,-0.951998,-1.16589,1.37926,-0.564474,-0.452777,-1.16405,-0.364737,-0.988744,-0.171566,0.183387,-1.12999,-0.741838,-0.332801,-0.616135
365.449,0.13837,0.238,0.071299,0.123299,0.069844,0.147261,0.13421,0.308784,0.347592,0.412646,0.383457,0.134315,0.154936,0.426155,0.279947,0.24075,-0.0598052,0.479625,0.185414
365.946,0,0.554899,0,0.202008,0.196397,0.0426593,0.276432,0.319145,0.263008,0.411247,0.377857,0.321827,0.35216,0.124166,0.178928,0.0638289,0.104211,0.347693,0.491131
366.442,-0.162284,-0.0728873,-0.22954,-0.155372,-0.168921,-0.105374,-0.119236,-0.179217,-0.0962113,0.0371632,0.259181,-0.161098,0.184515,-0.139944,-0.0393429,-0.109848,-0.0136793,0.0725402,-0.0437324
366.939,0.137974,0.468386,-0.0186033,-0.0396572,-0.103481,0.205676,0.112888,-0.108476,0.0990245,0.258227,0.15976,0.145838,-0.226419,0.200198,0.182697,0.0219297,-0.0457373,0.190729,0.0741354
367.435,0.0417033,-0.197925,0.201975,0.0346049,-0.171735,-0.466319,-0.290758,0.10783,-0.334321,-0.351161,-0.275666,0.296584,0.14102,-0.312143,-0.432461,-0.652643,-0.378239,0.329835,0.0972321
367.931,0.16922,0.396667,-0.0121429,0.290417,-0.114825,0.178182,0.71031,0.0915385,0.124716,0.243567,0.272181,0.48875,0.302909,0.141854,0.143952,0.097541,0.338924,0.402027,-0.0353465
368.427,0.322667,0.0850781,-0.259286,0.217528,0.293144,0.310765,-0.0353285,0.0965426,0.427927,0.513101,0.111692,0.049726,0.364779,0.355438,0.0994521,0.336111,0.43766,0.254737,0.0340845
368.923,-0.13464,-0.105988,0.012118,0.0484427,0.0458814,-0.23408,-0.0528,-0.278943,-0.233432,-0.233009,0.0299676,0.130852,-0.311005,-0.4488,0.161476,0.146667,-0.06048,-0.238086,-0.191447
369.418,0.0179588,0.283902,-0.0368156,0.244081,-0.177891,0,0.326868,-0.250203,0.386831,0.381864,0.381423,-0.17229,-0.0114334,-0.351132,0.198516,0.230098,-0.238762,0.0413659,0.360486
369.914,-0.221406,0.0673235,-0.417833,-0.0480882,0.0295482,-0.465933,0.143421,-0.290667,-0.162597,-0.147797,0.0618649,-0.315181,0.0151389,0.00967456,-0.17004,-0.20984,-0.4905,-0.0795405,-0.294974
370.409,-0.110147,-0.114673,0.101828,0.20642,0.0159342,-0.0929492,-0.0445496,-0.113815,0.128425,0.0887594,-0.013197,-0.182642,0.0849123,0.267524,0,0.209136,-0.0389341,-0.31154,0.21281
370.905,-7.53437,-1.67166,-13.1055,2.17482,0.933851,5.8776,-0.572268,-3.08724,-5.214,10.5009,11.3481,6.81012,-4.46914,-10.1737,-1.00916,-8.29631,-3.69325,-6.59501,-2.10903
371.4,0.250523,-0.0900578,0.156001,0.0640148,0.187057,-0.0984313,-0.00438415,0.212766,0.14996,0.126575,0.0602244,0.0367003,0.239995,0.0308219,-0.138425,0.0366531,0.0687245,0.0992315,-0.0555805
371.895,0.01716,0.0352232,0.014157,0.03861,0.0419194,0.0391538,0.00983326,-0.00110118,0.0349556,0.0453722,0.0581606,0.00887586,0.0453024,0.0041184,0.0104927,-0.00657191,0.019364,0.025367,-0.0022546
372.39,-0.881516,-0.175716,-0.251454,0.0350464,0.0211601,-0.350796,-0.291459,-0.133909,-0.253238,-0.224297,-0.231035,-0.707143,-0.151081,-0.297739,-0.233864,-0.502425,-0.195988,-0.636518,-0.126619
372.885,0.0144813,0.0545307,0.03417,0.0653632,0.0760407,-0.01614,-0.0583162,0.177237,-0.0685984,0.0696421,0.0532913,0,0.0196274,0.0228986,-0.0744511,0.0505349,0.0379948,0.0357442,0.0114493
373.38,-0.0829137,0.565886,0.299259,0.122007,0.273186,0.300649,0.159491,0.106939,0.162407,0,0.360695,0.329842,0.710477,0.652743,0.472055,0.451361,0.428635,0.650444,0.682081
373.875,0.179746,-0.134856,-0.249292,-0.107334,-0.0661179,-0.069488,0.176428,-0.199335,-0.0257602,0.0532865,0.253877,0.177239,0.219141,0.389018,0.0644005,0.100658,0.0536671,-0.205335,0.297828
374.369,0.097989,0.578127,-0.0588075,0.0109988,-0.132234,0.099416,0.21056,0.00731418,0.453664,-0.159873,0.295949,0.0568881,0.0900207,0.272156,0.348294,-0.248239,0.651515,0.358809,-0.0242459
374.864,0.474606,0.251394,0.242765,-0.164224,-0.266633,0.244642,0.470358,0.0784213,-0.346807,0.523462,0.192538,0.663904,0.0906429,0.192538,0.355027,0.150456,0.195687,0.358723,-0.35281
375.358,0.0464516,0.048732,0.0463454,-0.0575661,0.066201,-0.12354,-0.170215,0.0509996,0.0879001,0.0755231,-0.0182076,-0.0932287,-0.0991388,-0.0618556,0.0564094,0.0581682,0.0260164,-0.0100096,0.0216337
375.852,-0.122308,-0.181244,0.0395701,-0.32341,-0.233525,-0.119528,-0.219434,-0.139066,-0.173225,-0.0429378,-0.0778579,-0.100517,-0.377003,-0.254351,-0.00574951,-0.0630649,-0.066068,-0.054812,0.0157909
376.347,0.00761538,0,0.12274,-0.0891,0.153079,0.0956009,0.274154,-0.182655,0.0495,0.126682,0.0366164,-0.0906102,-0.0104414,0.0498075,-0.164015,-0.0341053,0.138042,0.250329,-0.106615
376.841,0.0702108,-0.241128,0.063253,-0.0527108,-0.186904,-0.0175308,0.334881,-0.0849636,-0.152396,0.405843,0.220157,0.0983935,0.343539,0.162808,0.03546,-0.209027,-0.00838839,0.262282,-0.0202629
377.335,0.10297,-0.29986,-0.312821,-0.184218,-0.0578184,-0.189627,0.00510729,-0.192537,-0.375229,-0.0273996,-0.0527129,0.215044,-0.0185945,-0.158239,-0.0053648,-0.0475097,-0.10989,-0.127682,0.114513
377.828,0.011463,0.0641574,-0.175891,0.0183038,0.0130441,-0.00241601,-0.0675498,0.0133735,0.0574327,0.21249,-0.0923704,-0.0101844,-0.00715663,0.05441,-0.0422546,0.0537655,0.039404,-0.187622,-0.0847866
378.322,-0.286138,0.195565,-0.383176,-0.0607796,0.171246,0.21035,0.0272744,-0.156188,0.264799,-0.0544202,0.120814,0.301436,-0.0611592,0.0207203,0.0746868,-0.110285,0.252682,0.138477,-0.0600139
378.816,-0.0642918,0.1584,-0.440469,-0.1584,0.0274958,-0.228759,-0.205135,-0.312067,0.302454,-0.146764,0.0648,0.2024,-0.147129,-0.572992,0.194931,-0.108214,0.379115,0.432936,-0.0932315
379.309,-0.112713,-0.00804301,-0.033814,-0.117934,-0.125032,-0.143974,-0.16086,-0.0827281,0.139423,-0.156204,-0.00379653,0.0870158,-0.0754032,-0.178489,-0.116069,-0.194177,-0.227564,-0.109456,-0.0652416
379.802,-0.0490645,-0.107565,-0.123997,-0.0496592,-0.0762039,-0.0677368,-0.118486,-0.208703,-0.0900525,-0.0320681,0.00471429,-0.275471,-0.00188158,-0.103528,-0.0852831,-0.096525,-0.0203211,-0.0608991,-0.0724196
380.296,-0.130465,0.0991711,0,0.067665,0,0.00485201,0.113762,0.0513706,-0.0791118,0.0188171,0.132193,0.141068,0.120817,-0.0120636,-0.060124,0.165468,-0.047405,0.0184042,0.0767737
380.789,-0.265196,-0.0871676,-0.136672,-0.0648333,0.0914423,-0.0811771,0.0253095,-0.113893,-0.0367669,-0.0685183,-0.134812,-0.0970143,-0.00350812,0.0263179,-0.0555108,-0.175941,-0.0747473,0.0421288,-0.133806
381.282,-0.118526,0.136981,0.0583033,0.118954,0.0278682,0.126601,0.0673727,0.193793,0.154123,0.109216,0.269048,0.0593179,0.308287,0.137931,0.307483,0.228354,0.237291,0.0613101,0.163228
381.775,0.111173,0.141008,0.171609,0.0309723,0.154186,0.237454,0.158733,0.185834,0.100127,0.176687,0.0182085,0.111455,0.165114,0.084924,0.11304,0.218769,0.223572,0.135878,0.091423
382.267,-0.0784588,-0.0517117,-0.203518,-0.0475461,-0.0225642,0.0502039,-0.00944624,-0.0312346,0.0413444,-0.0564904,-0.19119,-0.0451167,-0.0683882,-0.0867904,-0.185163,-0.00658077,-0.24176,-0.0397598,-0.00987115
382.76,0.160099,0.117371,0.0202632,-0.00919505,-0.0525199,-0.00521053,0.0367802,0.0918045,0.341037,0.102622,0.089698,0.104034,0.159107,0.079598,0.11825,0.147,0.163988,-0.0202632,0.0919505
383.253,0.010102,0.12375,0.119637,0.116798,0.105155,0.0512534,0.0482927,0.0913846,0.0794444,-0.0145588,0.0354627,0.0283668,0.166154,0.0917697,-0.018189,0.0537429,0.154898,0.119118,0.0914674
383.745,0.0529333,-0.0825,-0.013112,-0.0293014,0.048631,0.0863073,0.0406401,0.0781863,0.0874323,0.0638631,-0.0317448,0.0372926,-0.015034,0.138839,-0.023262,0.0651275,0.0141918,0.0634896,0.0765538
384.237,0.150456,0.278242,0.261206,0.387833,0.316411,0.300912,0.29399,0.161507,0.469987,0.668986,0.252941,0.333764,0.284133,0.552004,0.332868,0.488298,0.406658,0.200172,0.399009
384.73,0.0890135,0.0290566,0.0952338,0.119985,-0.058587,-0.0266063,0.0280303,0.0961427,0.0578016,0.122305,0.0949678,-0.0167763,0.11183,-0.0337086,-0.0769843,0.0840287,0.0485188,0.118462,0.0335826
385.222,-0.0497885,-0.193981,-0.0742907,0.106153,-0.028205,-0.150874,-0.0902381,0.02546,0.0465555,-0.109153,-0.122585,-0.0277926,0.22241,0.231831,-0.0389198,0.136155,0.146232,-0.121673,0.0720657
385.714,0.277238,0.127408,0.315946,0.0153116,0.0863321,-0.0555921,0.0972067,0.0734229,0.0938609,-0.0423047,-0.00931609,0.241636,0.180346,0.251136,0.115519,0.282688,0.147283,0.233769,0.148399
386.205,0.0369354,0.0390804,0.0304848,-0.123342,0.0199691,-0.00389873,0.120524,0.0120698,0.0648502,-0.0750702,-0.0020316,0.0207801,0.0310127,0.0275205,0.0458172,0.162572,0.0534851,0.086299,0.099796
386.697,-0.0209991,0.112594,0.10566,-0.0732023,-0.0365253,0.0232423,0.160022,-0.024631,-0.106699,0.193134,-0.0765405,0.172505,0.162522,-0.0167096,0.0981637,0.0850831,0.279094,0.173121,0.153581
387.189,-0.00695689,0.00847012,-0.0899526,0,0.0603709,0.0458696,-0.071391,0.00945129,0.184993,0.10962,-0.0528356,0.113415,0.0539042,0.0372938,0.117978,0.00256275,0.0502019,0.143161,0.136181
387.68,0.00258621,-0.0101413,-0.0310987,-0.010054,0.01159,0.0441785,0.0516546,-0.0137141,0.007048,0.00385541,0.0196735,-0.0300071,-0.0168801,-0.0470669,0.00242582,0.0578528,-0.0333451,0.044988,0.00654667
388.172,0.0261668,0.0435651,0.0370696,0.13543,0.0137687,0.0153207,0.0676169,-0.0176307,0.0164286,0.0316349,0.0765941,0.0388111,0.0216857,0.0478816,0.0881917,-0.0199606,0.0613434,0.0719586,0.0688435
388.663,0.130805,0.118862,0.289783,0.191517,0.472238,0.164656,0.189507,0.21819,0.354793,0.308156,0.0611191,0.113738,0.225018,0.382843,0.200802,-0.0437535,0.26625,0.209577,0.227655
389.154,-0.0300192,0.0805147,0.0182846,0.0384374,0.127138,0.114493,0.0445973,0.114542,0.166895,0.0986733,0.0350161,0.0515294,0.0170047,0.0978379,-0.0412971,0.111689,0.106585,0.0433794,0.151501
389.645,0.0464313,-0.0260795,0.0793677,0.102788,0.0997976,0.0647241,0.114772,0.0474348,0.0466926,0.0792982,0.167362,0.120702,0.0995901,0.0941733,0.00188832,0.0409031,0.121168,0.0669782,0.16657
390.136,0.024038,-0.0156102,-0.0344358,0.0472098,0.21788,-0.0478328,0.0347048,0.0189145,0.0507945,0.064023,-0.00491395,0.0662621,0.022804,0.0347824,0.0860288,-0.016754,0.0834654,0.0399001,-0.0625664
390.627,0.0364237,-0.0361195,-0.0131335,-0.0320733,-0.0336062,0.0626032,0.0126029,-0.165705,0.0877762,-0.0205186,-0.146311,-0.0701876,0.0310727,0.00233045,-0.0593412,-0.0166358,-0.0106221,0.05049,-0.0512795
391.118,-0.0170649,0.0292947,0.083618,0.00329154,0.00475907,0.00515954,0.0508552,-0.0284036,-0.00179356,-0.0614336,0.0792399,0.0192307,-0.0655038,0.0516017,-0.0696113,-0.0469876,0.0050029,0.0110778,-0.0872259
391.608,0.0489913,0.106693,0.0344039,0.107461,0.110722,0.122715,0.150988,-0.023469,0.0778877,0.127076,0.0380864,0.0585765,0.138851,0.157711,0.0590665,0.11073,0.00204968,0.133503,0.114015
392.099,-0.00968886,-0.00868068,0.0128399,0.159593,0.0805409,0.0416742,-0.0295317,0.0477437,0.0351567,0.0687298,0.0911471,0.120596,0.0360039,0.0726188,0.187482,0.0741782,0.0588186,0.091958,0.142158
392.589,-0.0387289,0.0365216,0.0439274,0.0673665,0.0971457,0.0476777,0.0547071,0.0372945,0.0677756,0.0133371,0.0965815,0.121191,0.127617,0.136833,0.0991401,0.182589,0.00542344,0.13965,0.136305
393.08,-0.00450237,0.0650388,0.0612426,0.0859547,0.05703,0.0606898,0.0409224,0.0159574,0.0248849,0.141424,0.106811,0.056263,0.144455,0.0942231,0.160277,0.0809836,0.0977389,0.0814221,0.0670209
393.57,0.141089,0.161713,0.125927,0.0816765,0.0996821,0.0233551,0.154157,0.0631186,0.145747,0.0920898,0.0581808,0.132488,0.143364,0.09711,0.18868,0.133832,0.196545,0.130483,0.139656
394.06,0.173843,0.168606,0.137994,0.144775,0.240491,0.208657,0.00987365,0.106497,0.209949,0.116934,0.155367,0.163846,0.135266,0.198238,0.145618,0.243733,0.223579,0.0841162,0.154997
394.55,0.0469181,0.00365779,0.00198834,-0.00966095,0.0184631,0.130522,0.137519,0.0364633,0.141492,0.0239009,0.1732,0.0626862,0.16526,0.105566,0.100898,0.17991,0.113622,0.0075165,0.114627
395.04,-0.00530702,0.0357626,-0.00818935,0.00558058,0.0262684,0.100148,0.0169691,0.0965069,0.121749,0.00931697,0.0287265,0.0919883,0.00359678,0.0999944,0.0817988,0.0968207,0.0562406,0.157646,0.133971
395.529,-0.0774994,-0.0664775,-0.0243722,0.00553722,0.0266043,-0.0866566,-0.0575,-0.0280665,-0.063778,0.00851092,-0.0397016,0.0548508,0.0438865,0.0891325,0.0132597,0.0470678,0.00514226,-0.0131605,0.0778898
396.019,0.0638981,0.0810436,0.0784434,-0.0212143,0.116211,0.128538,0.118525,0.113211,0.109897,0.159321,0.0294275,0.143572,0.106846,0.149227,0.138583,0.11276,0.0619648,0.153901,0.244491
396.508,-0.00611676,0.0306609,-0.0341102,0.0146594,0.0684994,0.020925,-0.0381123,-0.0106879,-0.069412,-0.0742316,-0.0289342,-0.0152449,-0.0016243,-0.115222,-0.0270257,0.0361437,0.0452581,-0.0334361,-0.0173353
396.998,-0.00264714,0.00504838,0.0519168,-0.0243832,0.0713764,0.0416592,0.0337837,0.0608991,-0.00269345,0.0217227,0.0595607,0.0454746,0.0209332,0.0716457,0.0830129,-0.0158236,0.0713447,0.0131229,0.0855419
397.487,0.0150763,0.0300449,0.0705053,-0.021022,0.0442039,0.0293248,0.0151392,0.0288348,0.0104829,0.0772582,0.100012,0.0249878,0.0836608,0.0466737,0.0600648,0.0628709,0.175921,0.083087,0.0722291
397.976,0.0328647,0.109871,0.136147,0.0386978,0.0877853,0.182672,0.0596888,0.121546,0.144208,0.109758,0.0926341,0.0604322,0.181223,0.165696,0.179984,0.104674,0.172895,0.160063,0.148684
398.465,0.00219632,0.0127721,0.0466066,0.0284765,-0.0226692,0.0323924,0.0633982,0.0221691,0.0650437,-0.0175909,0.0427912,0.0437989,0.056647,0.0466384,0.0496249,0.0615945,0.0476053,0.0285989,0.113262
398.954,0.131463,0.103719,0.0966842,0.0962042,0.184556,0.153377,0.143464,0.114393,0.157718,0.190847,0.133674,0.113716,0.121126,0.16727,0.177534,0.155592,0.208707,0.164315,0.257583
399.443,-0.0511323,-0.0282098,0.019083,0.0832275,0.0486746,-0.0150579,0.00568777,0.036543,0.0348958,0.0614356,0.0378808,0.133323,0.0120021,0.128642,0.147781,0.125533,0.144459,-0.0239456,0.087551
399.931,0.0533023,0.0825476,0.01183,0.0757231,0.0268889,0.037485,0.0833314,0.10109,0.0467703,0.123009,0.0964681,0.0469795,0.153091,0.0968563,0.112943,0.0696655,0.0533509,0.0988294,0.112418
400.42,0.0421552,0.0313428,0.0552758,0.0305317,0.0449062,-0.032625,0.0952367,0.0119765,0.0503012,0.0540113,0.0543271,0.0419328,0.0776322,0.0668126,0.0290893,0.124326,0.085663,0.0518312,0.133355
400.908,0.0306363,0.0525105,0.0244883,0.0201631,-0.00105139,0.0371052,0.00101364,0.0568362,0.0363574,0.0397429,0.0608784,0.0610381,0.0582807,0.0598417,0.044263,0.121151,0.0233614,0.108318,0.0770443
401.397,0.0470647,0.0330567,0.069108,0.0387346,0.0020828,0.00722024,0.0916769,0.0965403,0.0261574,0.040617,0.0530154,0.0983826,0.0676248,0.119505,0.0895606,0.0931715,0.0997879,0.072723,0.0501039
401.885,0.0316539,0.0556769,0.0276117,0.0229427,0.00531885,0.0203575,0.0706772,0.0253488,0.0792689,0.0517495,0.0735198,0.0345691,0.0449544,0.0484421,0.0488334,0.0581502,0.0748026,0.0631156,0.0503904
402.373,0.00725705,0.0284255,0.0164748,-0.0345726,0.0173685,-0.0145425,-0.00727839,0.014515,0.0498386,0.030929,-0.0289151,0.00496055,0.0400214,-0.0187159,0.0441903,0.00924912,0.0144435,0.0518589,0.00894573
402.861,-0.0165507,0.037503,-0.0246771,0.00186948,0.00716094,-0.0151907,-0.0315198,0.0144777,0.0193406,-0.060923,0.0286769,0.0333413,-0.011878,-0.00188169,0.0282254,0.0393228,0.0221144,0.0341741,0.0270509
403.349,0.0596311,0.12585,0.0313453,0.0318405,0.0862279,0.108422,0.0217015,0.0719024,0.0585328,0.10515,0.12146,0.105973,0.0842869,0.0902365,0.154682,0.0709756,0.149916,0.0837406,0.119745
403.837,0.0300327,0.106868,0.0162625,0.00306189,0.0821975,0.0521005,0.0292718,0.0921068,0.0584036,0.0316597,0.11364,0.054612,0.0500493,0.0600425,0.0849548,0.0587795,0.123888,0.0767161,0.145303
404.324,-0.0412431,0.0236942,-0.0419386,0.0239211,0.000960427,0.0422992,0.0341031,-0.00978161,-0.00841402,-0.0118415,0.0551151,0.00392791,0.00178779,0.0246456,-0.000913364,0.0300456,0.104497,0.0245035,0.0487659
404.812,0.109683,0.10009,0.0867861,0.113064,0.0791913,0.104523,0.106953,0.104021,0.1371,0.170008,0.170609,0.111212,0.0999369,0.140252,0.163663,0.146336,0.166721,0.139259,0.145754
405.299,0.0589253,-0.0191732,0.0226041,0.0162182,0.0277293,0.0353505,0.00802277,0.0496238,0.0866217,0.0887806,0.113528,0.0788517,-0.00791046,0.0395177,0.0873207,0.0814385,0.120731,0.0637151,0.0333998
405.786,0.0343909,0.0423881,0.0313952,0.0326388,0.0529405,0.0309043,0.00363138,0.0385918,0.0292882,0.089667,0.0611435,0.0150695,0.0124415,0.0939608,0.0562673,0.0620334,0.084401,0.100375,0.0901624
406.274,0.0892271,0.0635678,0.0822306,0.0108615,0.0941378,0.0574185,0.0566548,0.0784992,0.0966172,0.124313,0.0754105,0.0396485,0.0717731,0.0957782,0.0711174,0.0731089,0.0664979,0.0918696,0.126534
406.761,0.0165411,0.0333967,0.0416243,0.0255331,0.0529276,0.0355068,0.0592791,0.0358042,0.0561173,0.0544999,0.0875887,0.0950165,0.090862,0.0606308,0.0926299,0.0954074,0.109998,0.0880851,0.105367
407.248,-0.0311759,-0.00699544,-0.00506362,0.0132006,-0.0156764,0.0211057,0.00893063,0.043404,0.0143588,0.0373444,0.037562,0.0157238,0.0270722,0.0493105,0.0173467,0.0210017,-0.00666165,0.028461,0.0626358
407.734,0.0288836,0.0243384,-0.0310196,0.0219722,0.0537138,0.0506173,0.00937102,0.038006,0.0142863,0.0319596,0.0901352,-0.0286688,0.0457826,0.0868144,0.0353857,0.0801935,0.0632313,0.08659,0.0435259
408.221,0.00534763,0.0892563,0.0610503,0.00360354,0.0567817,0.0361189,0.0961954,0.0820915,0.0695931,0.0679524,0.0532342,0.0767847,0.111828,0.0992401,0.0458759,0.0860447,0.0954755,0.105485,0.143933
408.708,0.0876546,0.0517768,0.0826633,0.0588695,0.0974916,0.0843123,0.0650655,0.0740754,0.125674,0.117645,0.0635063,0.0667413,0.106874,0.0790512,0.0925503,0.13136,0.105989,0.104426,0.0984733
409.194,0.0223905,0.0196617,0.043945,0.0324537,-0.0378572,0.0185923,0.0241379,0.0238803,0.03029,0.0456208,0.0805856,0.0346076,0.0828724,0.0528421,0.0853497,0.0622123,0.089135,0.0743453,0.130268
409.681,0.00545932,0.0386844,0.0726083,0.0457798,0.0169514,0.0601626,0.0594986,0.0449519,0.00485241,0.0237719,0.0393532,0.0257903,0.0512852,0.0374798,0.0982013,0.044568,0.0567256,0.0679064,0.0870091
410.167,0.0803526,0.0569047,0.0369559,0.0193045,0.07754,0.0189244,0.0925936,0.0786015,0.0601522,0.0621974,0.110405,0.0955746,0.0605992,0.0792039,0.10267,0.123621,0.0896155,0.104802,0.137764
410.653,0.0910617,0.0648465,0.0861659,0.0766028,0.100943,0.100072,0.0931446,0.0930766,0.0744771,0.0946315,0.0820282,0.159581,0.135205,0.158917,0.17828,0.156863,0.141737,0.182587,0.177259
411.139,0.0742119,0.0410992,0.0622201,0.0904148,0.0365444,0.0762025,0.0619644,0.0521019,0.0615959,0.0538981,0.0608049,0.102992,0.0837293,0.0713231,0.094762,0.0779396,0.0995034,0.0959202,0.106833
411.625,0.0622199,0.0871952,0.0401542,0.0743843,0.073541,0.0698988,0.0899696,0.0784625,0.0613935,0.0540571,0.0693642,0.0679689,0.0899912,0.0772049,0.131596,0.119596,0.0798758,0.126469,0.151543
412.111,0.0859065,0.0755175,0.0400743,0.0797102,0.0721286,0.0647267,0.0767052,0.0591801,0.0769441,0.0943911,0.103324,0.062889,0.10624,0.100924,0.0932312,0.0843292,0.102851,0.122984,0.129202
412.597,0.0349622,0.0632688,0.079751,0.0545917,0.0731634,0.047544,0.101706,0.0792468,0.10003,0.0774985,0.0919812,0.107962,0.0696811,0.0699292,0.10534,0.083565,0.118624,0.135705,0.102149
413.082,0.0388111,0.00812644,0.0201139,0.0243041,0.0126914,0.00565204,0.0415905,0.00469981,0.0471916,0.0530882,0.0553316,0.0481369,0.0353728,0.0689136,0.0730499,0.0494711,0.0747871,0.0806143,0.099712
413.568,0.0732372,0.0421377,0.0609542,0.0469986,0.0563393,0.068867,0.0518778,0.0416414,0.0593388,0.045435,0.0534425,0.0832177,0.0728575,0.0603487,0.0990945,0.0897492,0.10115,0.0498597,0.108041
414.053,0.0771887,0.0992317,0.0392153,0.0155719,0.090144,0.102619,0.0502736,0.0322138,0.0607992,0.0868373,0.0995372,0.109561,0.140496,0.0830948,0.110997,0.119802,0.172655,0.15286,0.135628
414.538,0.0316757,0.0457413,0.019102,0.0217991,0.0330674,0.0317804,0.0255751,0.0181522,0.0735972,0.0575795,0.0490123,0.0654924,0.0630948,0.035122,0.0829582,0.0938216,0.09745,0.0853531,0.0966139
415.023,0.026907,0.028793,0.0181393,0.0363018,0.0740028,0.0688344,0.0276818,0.0919557,0.0514978,0.0658499,0.0655821,0.068243,0.0671059,0.0832653,0.0822709,0.0748422,0.100043,0.111213,0.122266
415.508,0.0614061,0.0923328,0.0706997,0.110512,0.0928191,0.0791446,0.0893068,0.101489,0.0925539,0.0835471,0.111209,0.098779,0.0780994,0.105299,0.0920889,0.0732627,0.133157,0.134917,0.101683
415.993,0.0535621,0.0526869,0.0192052,0.0363161,0.0505069,0.0460198,0.0520467,0.0744278,0.0435551,0.0778154,0.0553047,0.0931306,0.078243,0.0633138,0.0787205,0.0865652,0.079686,0.110693,0.147202
416.478,0.0287546,0.0590956,0.0309761,0.0246595,0.0558745,0.029388,0.0322614,0.0888463,0.0815325,0.0706099,0.0575118,0.0679763,0.0862782,0.0854969,0.110908,0.0749454,0.0794727,0.0861159,0.0934599
416.963,0.0540224,0.0425624,0.0935503,0.0386441,0.0420981,0.0516699,0.065834,0.0456087,0.089947,0.0564266,0.0926158,0.108853,0.0826227,0.109603,0.0992394,0.094919,0.120149,0.0958713,0.114025
417.447,0.00951861,0.0471161,0.049359,0.031094,0.0228328,0.0301554,0.0398272,0.0435128,0.0535972,0.0299574,0.0326171,0.0353435,0.0435338,0.0898721,0.0262823,0.0784475,0.0677782,0.0746278,0.0897865
417.932,0.0723448,0.0571306,0.0769376,0.0282095,0.0541835,0.0601787,0.0886495,0.0915962,0.0735486,0.0640837,0.0823245,0.0732819,0.0830729,0.110539,0.0882633,0.127486,0.130365,0.113034,0.128434
418.416,0.0503064,0.052919,0.0551203,0.0334775,0.0582687,0.0381682,0.0510743,0.0131926,0.0436801,0.0359563,0.0347731,0.0682311,0.0481578,0.0686996,0.065071,0.101667,0.0969349,0.0806778,0.0853431
418.9,0.0567002,0.0701015,0.0973338,0.0697397,0.0771167,0.0757789,0.0607956,0.100129,0.0816954,0.0899681,0.0952602,0.110544,0.115442,0.116224,0.098736,0.0949932,0.114746,0.117499,0.128636
419.384,0.032658,0.0582628,0.043486,0.0367913,0.0534529,0.0421003,0.0590891,0.0424476,0.0719648,0.0152026,0.0682962,0.087161,0.05201,0.0797578,0.0730453,0.0797893,0.0960605,0.0984753,0.11733
419.868,0.0559117,0.0301624,0.048562,0.0533742,0.0580779,0.0549928,0.074639,0.0599595,0.0397493,0.0577348,0.0603797,0.0709393,0.0604062,0.0471065,0.0751673,0.0849087,0.110935,0.0681171,0.0966993
420.352,0.0409963,0.0349312,0.0343384,0.0533503,0.0549515,0.0466753,0.0385718,0.0610587,0.0608514,0.063947,0.0598218,0.056968,0.0489484,0.0453141,0.0948904,0.106109,0.0856878,0.0947998,0.079726
420.836,0.0335911,0.0130476,0.0181264,0.0348535,0.0508212,0.0742549,0.0457943,0.0269238,0.0631428,0.0546804,0.0550722,0.0608461,0.0731038,0.0731018,0.0783626,0.0640846,0.0894269,0.0742846,0.099633
421.319,0.0391587,0.016147,0.0287875,0.039477,0.0454406,0.0511322,0.0382618,0.0362159,0.0820661,0.0430552,0.0632812,0.0408542,0.0627909,0.0488926,0.0716487,0.0679414,0.0894308,0.0832614,0.103687
421.803,0.0648825,0.0736528,0.0701474,0.0497113,0.0904672,0.0736616,0.0608535,0.0720492,0.0818063,0.0826204,0.0836248,0.0757642,0.0822854,0.0852188,0.0802411,0.109173,0.113958,0.117475,0.102829
422.286,0.031137,0.0472952,0.0378307,0.0257959,0.054707,0.0607722,0.0252842,0.0391515,0.0511063,0.0585852,0.0474742,0.0874537,0.0603491,0.0491133,0.0966149,0.0741233,0.0916265,0.0792822,0.0918096
422.77,0.047167,0.0623835,0.031824,0.0373719,0.0189585,0.0585541,0.063656,0.0543575,0.0755505,0.0618548,0.0857384,0.0536477,0.0916024,0.0817851,0.0761511,0.0724595,0.112928,0.0981736,0.0805655
423.253,0.0193823,0.0513251,0.037535,0.00662127,0.0217711,0.0116925,0.0429348,0.0255368,0.0364608,0.0387662,0.0786985,0.0339465,0.049321,0.0463659,0.0599845,0.0545051,0.0517508,0.0793357,0.0757627
423.736,0.0471928,0.0466201,0.0501035,0.0403684,0.0334551,0.0661494,0.0473426,0.0567703,0.0512511,0.0418262,0.0495147,0.0823176,0.0570375,0.0980277,0.0652078,0.0924282,0.0933209,0.0887005,0.0939085
424.219,0.0122038,0.0390702,0.0111586,0.0329434,0.0314341,0.0277019,0.0313386,0.0341338,0.0195577,0.0291394,0.0116471,0.0456377,0.0431879,0.0363447,0.0687568,0.058008,0.0692363,0.0679019,0.0608043
424.702,0.0679213,0.0657532,0.0332536,0.0524417,0.0607433,0.0695228,0.0671716,0.0567407,0.0854653,0.0664588,0.0546748,0.0623975,0.0789543,0.105209,0.0980559,0.0975202,0.123709,0.0899801,0.0924319
425.184,0.0625476,0.0439588,0.0566879,0.0509164,0.0317643,0.0430025,0.0800105,0.0650029,0.0775966,0.0627598,0.0820299,0.0736406,0.0693886,0.0875756,0.0878274,0.0700228,0.104015,0.0983361,0.103403
425.667,0.0565043,0.0281231,0.0560693,0.0570714,0.0643929,0.0709896,0.0603862,0.0618016,0.0702437,0.0758781,0.0751905,0.0879206,0.0954731,0.0794376,0.0924956,0.0882984,0.0873953,0.101286,0.101404
426.149,0.0388299,0.0527627,0.0583313,0.0563896,0.0610616,0.0441158,0.0486694,0.0702321,0.084273,0.0661085,0.0558433,0.0805075,0.0888431,0.0755707,0.0832997,0.0954315,0.0984616,0.116619,0.0969672
426.632,0.0656468,0.0544788,0.0330894,0.0354655,0.0421585,0.0539591,0.0364218,0.0446921,0.0647216,0.0670624,0.0730391,0.0738974,0.07193,0.0687544,0.0888835,0.113575,0.0906433,0.092373,0.0912109
427.114,0.065585,0.0596521,0.0716559,0.0684345,0.0720239,0.0706706,0.0814371,0.0670869,0.0662262,0.0730001,0.0949595,0.0678586,0.0637179,0.094539,0.111695,0.0840372,0.117042,0.104468,0.106275
427.596,0.0333019,0.06912,0.0577832,0.0588728,0.06604,0.0578424,0.0602231,0.0681189,0.0811727,0.0686918,0.0668321,0.0636933,0.099909,0.0976117,0.0911216,0.0801822,0.105454,0.113387,0.0984653
428.078,0.00937009,0.0308194,0.0226121,0.0331058,0.0607737,0.0441766,0.0351638,0.0400116,0.0496506,0.0547808,0.0427961,0.0624453,0.0515215,0.0811311,0.0919231,0.0790081,0.0723229,0.0817535,0.0955997
428.56,0.0587488,0.0581094,0.0263822,0.0456001,0.0460011,0.0262063,0.0276283,0.0444505,0.0606872,0.0359531,0.0613648,0.0587688,0.0709093,0.0759786,0.05674,0.077214,0.0931531,0.0901106,0.0932107
429.042,0.0675277,0.0508415,0.0468385,0.0503969,0.0584938,0.0620143,0.0605716,0.0824194,0.0711197,0.0812056,0.0901635,0.0765774,0.0813183,0.0893602,0.104295,0.11036,0.111466,0.113034,0.111507
429.524,0.0974573,0.0895803,0.103556,0.0715387,0.0788244,0.0825717,0.0861804,0.097527,0.0764666,0.0949774,0.0883538,0.0983532,0.10058,0.119514,0.110463,0.127197,0.131234,0.145304,0.142591
430.005,0.0565966,0.0573441,0.0619643,0.0416762,0.0608617,0.0650555,0.0543401,0.0477748,0.0724439,0.0660147,0.086302,0.0704567,0.0785859,0.10455,0.100724,0.10648,0.103419,0.105991,0.0994723
430.487,0.0522905,0.0405085,0.0475602,0.0373207,0.0271344,0.070583,0.0582693,0.0547188,0.0566529,0.0699888,0.0883255,0.0834898,0.0665976,0.0689343,0.0802905,0.0945612,0.0803689,0.0819701,0.090047
430.968,0.052059,0.0625564,0.0438275,0.0462239,0.0422089,0.0458473,0.0519338,0.0418591,0.0609532,0.0664363,0.0559521,0.0481383,0.0592942,0.0715854,0.0720089,0.0767073,0.0874569,0.104545,0.0906477
431.449,0.0412502,0.04387,0.0526577,0.0311026,0.0435467,0.062023,0.0530167,0.0661217,0.0745474,0.0513374,0.0571702,0.0703446,0.0875688,0.0665779,0.0835768,0.0661489,0.0809152,0.0921149,0.0923979
431.93,0.0366337,0.0602661,0.0351209,0.0398591,0.0498303,0.0717645,0.0508412,0.0559837,0.0631247,0.0630724,0.0722228,0.0777167,0.0760296,0.0692604,0.0834711,0.0815771,0.0795749,0.0928402,0.0903792
432.411,0.042532,0.0397199,0.0401693,0.0310628,0.0620582,0.0592737,0.0457523,0.0766654,0.050603,0.0523945,0.0576211,0.07368,0.0658678,0.0562901,0.096475,0.100505,0.10353,0.102767,0.0859514
432.892,0.0690221,0.0620111,0.0645434,0.0516886,0.0516152,0.0699543,0.087942,0.066599,0.0836286,0.074974,0.0693226,0.0983154,0.0946597,0.0737626,0.102258,0.091408,0.115222,0.0983556,0.104461
433.373,0.0374948,0.0482686,0.0446757,0.0478445,0.0328503,0.0713963,0.0387436,0.0634577,0.0523724,0.0635511,0.0623133,0.0673903,0.0922956,0.0733745,0.0820927,0.0846693,0.104889,0.0852771,0.0847831
433.854,0.0494369,0.0660518,0.0492323,0.0509794,0.049136,0.075716,0.0569704,0.0609296,0.059531,0.0632582,0.0513375,0.0769612,0.0641177,0.0932019,0.0965671,0.0890867,0.100049,0.110683,0.0924006
434.334,0.052918,0.0472226,0.0720406,0.0887861,0.0603042,0.0740364,0.0629917,0.0676705,0.0639089,0.0792378,0.050558,0.0616693,0.0833307,0.106513,0.0903035,0.0915977,0.0931961,0.107681,0.0924574
434.814,0.0750521,0.0670681,0.0515785,0.0642629,0.0642073,0.0725029,0.0755133,0.0929325,0.0864955,0.0775268,0.0843599,0.0842877,0.103327,0.0901992,0.0847147,0.102537,0.115453,0.121718,0.110801
435.295,0.0374068,0.0264307,0.0708945,0.04245,0.0382453,0.0516192,0.0560929,0.055329,0.0596265,0.062977,0.0774756,0.0787634,0.0837651,0.0653618,0.105029,0.0868061,0.10062,0.109879,0.104914
435.775,0.0789342,0.0538096,0.0552629,0.0623374,0.0549345,0.0516666,0.0729221,0.0750071,0.0779878,0.0792298,0.0819096,0.0854818,0.087329,0.089341,0.089688,0.108295,0.109115,0.109241,0.110844
436.255,0.0561603,0.0619534,0.0588207,0.0485601,0.0450501,0.0501547,0.0680303,0.0499702,0.0627269,0.0636069,0.0755181,0.0580537,0.0862818,0.0757581,0.0709591,0.0941003,0.107752,0.112012,0.10528
436.735,0.053831,0.034917,0.0487027,0.0437138,0.0408021,0.0430636,0.0706058,0.061085,0.0471732,0.0611795,0.0799098,0.0647484,0.0716405,0.0798527,0.0882077,0.0795007,0.0879604,0.0886792,0.108958
437.215,0.0166789,0.0387899,0.0323408,0.0478783,0.0173174,0.0199141,0.0221152,0.0465394,0.0435773,0.0473713,0.0525537,0.0423119,0.0369075,0.0638786,0.0544231,0.0789977,0.077282,0.0772197,0.0897763
437.695,0.0333962,0.0469801,0.0605159,0.0504171,0.0557632,0.0516911,0.0576255,0.0482115,0.0598746,0.0595293,0.074579,0.0648849,0.0713075,0.0891699,0.0863535,0.0924212,0.0797406,0.0948678,0.102252
438.174,0.0565057,0.0586002,0.0656939,0.0565934,0.047941,0.0869997,0.0447533,0.0704103,0.0618112,0.0720396,0.075943,0.067479,0.0876288,0.0948697,0.119266,0.100388,0.116642,0.104021,0.109886
438.654,0.0394923,0.0361338,0.0539261,0.050741,0.0549588,0.0505663,0.0436341,0.0489726,0.0516202,0.0497591,0.0650494,0.0605358,0.066414,0.0594994,0.0678246,0.0852682,0.0779114,0.0803329,0.0690663
439.133,0.0661985,0.0581871,0.0641546,0.0716504,0.0562914,0.0760388,0.0627324,0.0726787,0.0655011,0.0698246,0.0937942,0.0739073,0.0905136,0.0871718,0.114081,0.111292,0.09911,0.101784,0.107066
439.612,0.0551459,0.0671578,0.0720944,0.0651517,0.0598443,0.0665223,0.0687654,0.0672988,0.0814597,0.0769512,0.0833517,0.0835275,0.0908409,0.0975093,0.0969968,0.114964,0.118339,0.105168,0.103902
440.091,0.0503668,0.0395968,0.0497131,0.0399799,0.0389941,0.0451925,0.0560679,0.0418578,0.0664975,0.0546777,0.0558946,0.0394588,0.0810632,0.0677307,0.0847769,0.0880282,0.0788712,0.0912211,0.0888902
440.571,0.0457643,0.0483189,0.0421562,0.0351442,0.059081,0.0471858,0.0593985,0.0679536,0.0634758,0.059067,0.06363,0.0706814,0.0890401,0.0785573,0.0827979,0.100864,0.0939186,0.0912708,0.103763
441.049,0.0820241,0.0662771,0.0795519,0.0709141,0.0643616,0.0714248,0.0709533,0.0714471,0.0822867,0.0933401,0.0931501,0.10126,0.102557,0.103204,0.0979926,0.125559,0.107397,0.13232,0.129574
441.528,0.035036,0.031869,0.0269305,0.0295257,0.0439723,0.0415076,0.0316516,0.0381237,0.0407003,0.038044,0.0436744,0.0524448,0.0632946,0.070182,0.0585593,0.068635,0.0866211,0.0861208,0.0839306
442.007,0.0567507,0.0606619,0.0437304,0.0508747,0.0613015,0.051379,0.0657033,0.0612953,0.0644294,0.0551408,0.07522,0.0837061,0.08691,0.0790795,0.0868699,0.096547,0.0953819,0.0989515,0.103374
442.486,0.0320059,0.0346645,0.0380401,0.0514356,0.061274,0.0330946,0.0539406,0.0606349,0.0627789,0.0643463,0.0619107,0.0618233,0.0724002,0.0623985,0.0788546,0.0793479,0.0868531,0.0899018,0.0939799
442.964,0.0683386,0.062004,0.054114,0.050461,0.0658944,0.0528501,0.0610311,0.0738988,0.0730483,0.0729477,0.0683813,0.0837508,0.0821578,0.079028,0.100237,0.09813,0.105966,0.109465,0.11933
443.442,0.0382037,0.0447045,0.0487987,0.0393726,0.0461029,0.0624048,0.054385,0.0500195,0.0684769,0.0760282,0.0607281,0.0640454,0.0688015,0.068291,0.0792134,0.093925,0.0896,0.111931,0.0966042
443.921,0.039838,0.0311518,0.0329404,0.0389969,0.0308986,0.0344877,0.0343665,0.0383344,0.0540326,0.0544791,0.0614265,0.0619974,0.065828,0.0690587,0.0738316,0.0705939,0.095514,0.0924299,0.0851585
444.399,0.0566205,0.0534384,0.0504585,0.0565363,0.057374,0.0688351,0.0569281,0.0706274,0.0674792,0.0696549,0.0752137,0.0685318,0.0870005,0.0833025,0.0926459,0.105786,0.121411,0.106127,0.11124
444.877,0.052603,0.0597977,0.0712264,0.0538206,0.0682108,0.0595117,0.0531916,0.0593371,0.0623574,0.0681527,0.0713466,0.0767152,0.0888586,0.0740619,0.083091,0.0819838,0.0869986,0.103539,0.108515
445.355,0.0499286,0.0464467,0.0646921,0.0501807,0.0619624,0.0584544,0.0607102,0.0788885,0.0584297,0.0696391,0.067754,0.0702171,0.0809994,0.0833021,0.0914576,0.103094,0.101438,0.110825,0.098131
445.832,0.0317413,0.0429617,0.04328,0.0397195,0.0665596,0.0593724,0.0661986,0.0507614,0.0456722,0.0536191,0.0678974,0.0678616,0.0776772,0.0790493,0.0874885,0.0746841,0.100152,0.0911355,0.0945275
446.31,0.0299087,0.0310962,0.0476489,0.0363299,0.0538013,0.040032,0.0428143,0.0364211,0.0487944,0.0448169,0.0524936,0.0632133,0.0716726,0.0797344,0.0836886,0.0789393,0.0776903,0.0827972,0.0780231
446.788,0.0470301,0.0478215,0.0405653,0.0564646,0.0566301,0.0529659,0.0589459,0.0597598,0.0496877,0.06608,0.069161,0.0842695,0.0680781,0.0931633,0.0906691,0.10022,0.0885627,0.104573,0.0972602
447.265,0.041058,0.0624366,0.0549085,0.0541028,0.0535593,0.0615702,0.0452347,0.0513525,0.0677444,0.0694936,0.0738312,0.0634143,0.0632117,0.0867361,0.081416,0.0895386,0.109481,0.0936073,0.104841
447.742,0.0426291,0.0605965,0.0483695,0.0577615,0.0578576,0.0401806,0.0509685,0.0549792,0.0574903,0.067132,0.0785608,0.0699735,0.0846674,0.0852621,0.0921756,0.0955548,0.0933632,0.109599,0.105192
448.219,0.0406991,0.0419785,0.0381047,0.0324381,0.0405603,0.0440913,0.0476088,0.0467038,0.0426368,0.0644372,0.06216,0.0662119,0.0670608,0.0762909,0.0760638,0.0780215,0.0806579,0.0925356,0.0841575
448.697,0.0558329,0.0516033,0.0571758,0.0471231,0.0577018,0.0484062,0.0439098,0.0544631,0.0529212,0.0631077,0.0750969,0.0783493,0.0841985,0.0760813,0.0888123,0.0846985,0.0982187,0.113974,0.104306
449.173,0.0433664,0.044584,0.0470735,0.0348052,0.0406038,0.0353856,0.0452312,0.0474585,0.0425863,0.0561129,0.0476379,0.0664261,0.0585956,0.065849,0.0822751,0.0704479,0.0928907,0.0935909,0.0944712
449.65,0.0516372,0.0370734,0.0347778,0.0516334,0.0480111,0.0537782,0.0553342,0.0569054,0.0640743,0.0586185,0.0641048,0.0647778,0.0714376,0.081058,0.0843709,0.0845602,0.101563,0.10396,0.0902599
450.127,0.033952,0.0476001,0.0449975,0.0328466,0.0414784,0.0391052,0.0539802,0.0594376,0.053267,0.0535997,0.0620267,0.0615807,0.0664587,0.0730407,0.0734572,0.0876017,0.0745873,0.0933685,0.104299
450.604,0.0476238,0.0575414,0.0583335,0.0541887,0.0468219,0.056104,0.0582783,0.0550721,0.0705089,0.0602174,0.0700328,0.0818852,0.0805536,0.0706081,0.0955671,0.0918039,0.103081,0.0970359,0.114949
451.08,0.0435772,0.0581619,0.0535252,0.054188,0.061536,0.051887,0.0650461,0.0472371,0.0614583,0.0538751,0.080044,0.079177,0.0742734,0.0687615,0.0809283,0.0967475,0.0895342,0.10361,0.102299
451.557,0.0517797,0.0575779,0.051369,0.0538139,0.0374469,0.0482999,0.0621315,0.0490991,0.0633147,0.0522925,0.0624485,0.0699392,0.0780712,0.0829539,0.0936521,0.101631,0.09004,0.10661,0.0893556
452.033,0.0446691,0.042876,0.0411077,0.0435413,0.0452859,0.05344,0.0571504,0.0487698,0.0531992,0.0511888,0.0732308,0.0624261,0.0792329,0.075672,0.0857144,0.0807564,0.0890154,0.0990205,0.0985637
452.509,0.0548129,0.0470572,0.058269,0.0509359,0.0536763,0.0535201,0.0636655,0.0603526,0.0646861,0.0698819,0.0733992,0.0768997,0.0947436,0.0876204,0.0961996,0.0930172,0.0995173,0.104693,0.108557
452.985,0.0541905,0.04601,0.0482952,0.045582,0.0436509,0.0561197,0.0638122,0.0634686,0.0657422,0.0693976,0.0694422,0.076667,0.0797696,0.0758533,0.0897319,0.0923816,0.0915003,0.105842,0.112174
453.461,0.0500688,0.0471516,0.0582926,0.0501288,0.0546329,0.0447404,0.0491212,0.0556841,0.058305,0.0507393,0.0653913,0.0668814,0.0729739,0.0714632,0.0798241,0.109298,0.0993112,0.113197,0.0997654
453.937,0.0411602,0.0464778,0.0515504,0.0305947,0.0459974,0.0384043,0.0484406,0.0522283,0.0560597,0.0599707,0.0727949,0.0626141,0.0784608,0.0677673,0.0693929,0.0947997,0.0871428,0.0953979,0.105313
454.412,0.0425891,0.032148,0.0519493,0.0453302,0.053691,0.0312422,0.04806,0.0539468,0.0499447,0.0662912,0.0607252,0.0662671,0.0715439,0.0803871,0.0840919,0.0843434,0.0934192,0.0976731,0.0962089
454.888,0.0515013,0.0443785,0.039461,0.0525243,0.0569611,0.0428671,0.0459343,0.0514614,0.047102,0.057988,0.073962,0.0745268,0.075822,0.0762576,0.0846281,0.0904124,0.0894534,0.0986528,0.0980967
455.363,0.0565181,0.0565771,0.0489348,0.0590541,0.0672518,0.0668917,0.0616231,0.0675773,0.0644796,0.0806027,0.0731809,0.0760565,0.0879536,0.0773635,0.101175,0.0963631,0.100075,0.105952,0.111309
455.839,0.0377934,0.045166,0.0447431,0.0535273,0.0572514,0.050928,0.0537036,0.0680169,0.0634338,0.0705708,0.0589231,0.0715289,0.0779882,0.0786492,0.0815879,0.0964884,0.09153,0.101503,0.100365
456.314,0.0645135,0.0549089,0.0659931,0.0693346,0.0622614,0.06886,0.0661154,0.0613743,0.0682688,0.0819928,0.0692803,0.081492,0.0792098,0.0844705,0.0970454,0.108692,0.10332,0.109123,0.110828
456.789,0.0478876,0.0534097,0.0612729,0.0484071,0.0475613,0.0585925,0.0607227,0.0582103,0.0578671,0.0639581,0.0689068,0.0595114,0.068676,0.0811841,0.0855482,0.0819677,0.0931469,0.108556,0.102796
457.264,0.0479611,0.0540158,0.0501375,0.0476495,0.0498485,0.0563279,0.0568137,0.0544972,0.0665009,0.0569481,0.0739592,0.0720493,0.0744752,0.0860743,0.0823966,0.101669,0.104227,0.11102,0.106372
457.739,0.0313108,0.041199,0.0431678,0.0443006,0.0512921,0.0421929,0.0552876,0.0553463,0.0608305,0.068194,0.0626593,0.0571193,0.0712015,0.0626116,0.0776799,0.0889014,0.10069,0.086998,0.102727
458.214,0.0399667,0.0560428,0.0504085,0.0518489,0.0611603,0.0601598,0.067816,0.0571501,0.0662726,0.0637761,0.069793,0.066182,0.0788176,0.0791842,0.0781134,0.0949814,0.100626,0.105634,0.102526
458.689,0.0399462,0.0476897,0.0538668,0.0488749,0.0471707,0.0591529,0.0541982,0.0611055,0.0541477,0.0564782,0.06949,0.064425,0.0855691,0.0660522,0.0898723,0.0905164,0.0966841,0.091592,0.100402
459.163,0.0442836,0.0463486,0.0562907,0.0404479,0.0375848,0.0520427,0.0541351,0.0508829,0.0592737,0.0557186,0.0734355,0.0701404,0.0729177,0.077406,0.0950133,0.0869144,0.089094,0.0995272,0.103714
459.637,0.0466211,0.0447372,0.04772,0.0424064,0.0553832,0.0501178,0.0599235,0.0521991,0.0589729,0.0682382,0.0622519,0.0608174,0.081383,0.0822704,0.0857725,0.088251,0.085413,0.09486,0.0960935
460.112,0.0495562,0.0601531,0.0574269,0.0568281,0.0610242,0.0591922,0.0727921,0.0695576,0.0688396,0.0700698,0.0684032,0.0702794,0.0715732,0.087932,0.0861478,0.0905409,0.0975619,0.100514,0.104092
460.586,0.0444147,0.0544182,0.0542884,0.0539774,0.0432593,0.0419331,0.051262,0.0552564,0.0609484,0.056385,0.0689142,0.0688403,0.0775544,0.0739944,0.084394,0.0893995,0.0918513,0.0922004,0.102339
461.06,0.0539603,0.0561599,0.0560654,0.0564931,0.0624887,0.0579938,0.058924,0.0626309,0.0630453,0.0595518,0.0722747,0.0783206,0.0796581,0.0864197,0.0969716,0.0963006,0.1055,0.111296,0.107802
461.534,0.0447932,0.0493088,0.0486677,0.0519132,0.0459609,0.0556807,0.0557876,0.060689,0.0639629,0.0552022,0.0811717,0.0691427,0.0702577,0.0821626,0.0837834,0.0771004,0.0971503,0.0993504,0.101783
462.008,0.0439145,0.044586,0.0479884,0.0482436,0.0500156,0.0513722,0.0497209,0.0501892,0.0479146,0.0550835,0.073963,0.0627938,0.0710974,0.0812714,0.0761235,0.0779574,0.100155,0.103299,0.0903305
462.482,0.0473218,0.0442773,0.0407608,0.0488448,0.0526022,0.0487548,0.0454018,0.0475365,0.0632688,0.0599448,0.0641246,0.0644428,0.0719418,0.0695745,0.0831061,0.0871716,0.0926073,0.0862332,0.09284
462.955,0.0545328,0.0503244,0.052091,0.0548061,0.0573218,0.0563351,0.0593438,0.0648487,0.0628765,0.0663739,0.0708064,0.0731355,0.0787276,0.0864195,0.0922174,0.0927542,0.106682,0.103296,0.109453
463.429,0.0465617,0.0511615,0.0412594,0.0499478,0.0449921,0.0530902,0.0500558,0.0519386,0.0528383,0.0583074,0.0644281,0.0593353,0.0736121,0.0744059,0.0834488,0.0958047,0.0958528,0.0976156,0.0982262
463.902,0.0409652,0.0493783,0.0527733,0.0493657,0.0505766,0.0575881,0.0553136,0.0556001,0.0560457,0.0704341,0.0615512,0.0641834,0.0719547,0.0814704,0.0792483,0.0868404,0.0944076,0.094507,0.102488
464.375,0.0505463,0.0505112,0.0456813,0.0535969,0.0568373,0.0657416,0.0620371,0.0558038,0.068051,0.0667993,0.0689265,0.0734214,0.0770948,0.0807426,0.0824432,0.0888132,0.102698,0.103374,0.110577
464.849,0.0365747,0.0449544,0.0480518,0.0522189,0.0496769,0.06129,0.0537122,0.0497968,0.0486525,0.0559878,0.0647611,0.0628752,0.0755965,0.078324,0.0820864,0.0873487,0.10762,0.102528,0.0926129
465.322,0.047625,0.0476741,0.0461179,0.0512675,0.0494815,0.0570336,0.0563202,0.0590359,0.0679502,0.060284,0.066588,0.0702277,0.0784823,0.0778946,0.0889373,0.0949814,0.0898412,0.0955718,0.108337
465.794,0.0486414,0.0495659,0.0541217,0.0562596,0.0522412,0.0509964,0.0489294,0.0588277,0.0624025,0.0688656,0.0689809,0.0761795,0.0635974,0.0887933,0.0862096,0.0962253,0.108237,0.103421,0.100622
466.267,0.0409345,0.0429211,0.0408361,0.0395909,0.0387574,0.0407867,0.0544337,0.0512282,0.0439811,0.0481354,0.0516113,0.0611147,0.0633279,0.0680215,0.076061,0.0827005,0.0884337,0.0973913,0.0911518
466.74,0.051745,0.0506721,0.0567064,0.0533321,0.0546218,0.0561221,0.0659483,0.0678483,0.0598955,0.0661236,0.080664,0.0731235,0.0770257,0.0792353,0.0862217,0.100602,0.0978908,0.102506,0.103581
467.213,0.0531898,0.0435618,0.0436509,0.0529517,0.0568231,0.05718,0.0603015,0.0614219,0.0554761,0.0596153,0.0701926,0.0783394,0.0751583,0.0808272,0.0869346,0.0863979,0.098371,0.0994048,0.100629
467.685,0.0433572,0.0523787,0.0445637,0.0453947,0.0473462,0.049079,0.0584737,0.0534415,0.0611413,0.0621672,0.076353,0.0766341,0.0753319,0.0763849,0.0802773,0.0922413,0.0962903,0.0978247,0.0986055
468.157,0.0412484,0.0490449,0.0407328,0.0451775,0.0504207,0.0450134,0.0474814,0.0493149,0.0520446,0.0601519,0.0646288,0.0690721,0.065172,0.0747367,0.0763509,0.101066,0.102785,0.103861,0.0872546
468.63,0.0498629,0.0437472,0.0446285,0.0485412,0.0514812,0.0542483,0.0518672,0.0576703,0.0521366,0.0613711,0.0535285,0.0710881,0.0743788,0.0834659,0.0885398,0.086916,0.0924865,0.0964111,0.102638
469.102,0.0500868,0.052317,0.0528632,0.0566939,0.0533244,0.057081,0.0564079,0.0618457,0.0552833,0.0664806,0.0709267,0.0732262,0.0744725,0.0806978,0.0864002,0.100667,0.0935573,0.102942,0.099041
469.574,0.0516005,0.0545513,0.0515305,0.0565684,0.0589559,0.0585937,0.0605432,0.0640172,0.0626523,0.0660317,0.0740389,0.0752219,0.0753303,0.0796365,0.092283,0.0971501,0.104785,0.103182,0.0978758
470.046,0.0461996,0.0454918,0.0430661,0.044702,0.0514509,0.0514843,0.0505225,0.0523595,0.0568428,0.0497776,0.0664441,0.0656893,0.0768023,0.0762135,0.0820432,0.0871808,0.0920166,0.0983141,0.0901026
470.517,0.0444596,0.0468031,0.0465298,0.0525708,0.0478048,0.0450451,0.053668,0.0571167,0.0583442,0.0580627,0.0621404,0.0634125,0.0781198,0.0770249,0.0838262,0.0882772,0.0996159,0.0999944,0.102652
470.989,0.0416927,0.0573361,0.0498825,0.0550928,0.0504841,0.0606302,0.0560011,0.0629835,0.067373,0.0616449,0.0705584,0.0676527,0.072031,0.0807719,0.0900235,0.0961698,0.0926308,0.10244,0.102841
471.461,0.0469609,0.0465675,0.0437042,0.0508575,0.0448852,0.0506762,0.0493159,0.0522837,0.0530658,0.0503788,0.0610462,0.072911,0.0740163,0.076774,0.0829279,0.0895361,0.0943066,0.0879086,0.0926867
471.932,0.0489514,0.050074,0.0444501,0.040875,0.0604573,0.0486796,0.055544,0.0599243,0.055545,0.0589698,0.0636658,0.0653659,0.0770126,0.0789284,0.0844263,0.0906869,0.0991499,0.0989371,0.106141
472.403,0.0478864,0.0480515,0.0496868,0.0478097,0.0476729,0.0484403,0.0508395,0.0493672,0.0582581,0.0636266,0.0668321,0.0610869,0.0651999,0.0800253,0.082449,0.0856366,0.0975093,0.10042,0.09497
472.874,0.0519125,0.0398651,0.0416319,0.0537207,0.0425048,0.0508092,0.0536513,0.0546289,0.0522088,0.058597,0.0608151,0.0696382,0.0700109,0.0820651,0.079978,0.0883567,0.0947538,0.103556,0.0952255
473.346,0.0496149,0.0496854,0.0493812,0.045836,0.0519584,0.0463447,0.0540297,0.0507612,0.053127,0.0547832,0.0590704,0.0658502,0.07103,0.0706245,0.0785302,0.0926522,0.0956411,0.10138,0.0948513
473.816,0.0516883,0.052092,0.0567676,0.0484083,0.0562356,0.0541068,0.0619444,0.0652919,0.0671345,0.0652421,0.065561,0.0747215,0.0770347,0.0823343,0.0867244,0.100806,0.0852163,0.104551,0.102068
474.287,0.0405026,0.0475578,0.0470365,0.0501552,0.0439568,0.0532773,0.0520891,0.0545602,0.0536193,0.054458,0.0578666,0.0652854,0.0685638,0.0741563,0.0706725,0.0824266,0.085794,0.0926355,0.0930143
474.758,0.0472859,0.0516555,0.0504909,0.0552192,0.0511665,0.0501942,0.0545748,0.05563,0.0593268,0.0650448,0.0686857,0.0681036,0.0777769,0.0795968,0.0842263,0.0937711,0.105107,0.0954301,0.105266
475.229,0.0475894,0.0510894,0.0524841,0.055239,0.0553335,0.0527782,0.0622908,0.0595073,0.0575211,0.0617786,0.0670756,0.0729222,0.0770991,0.0828589,0.0908754,0.0930903,0.0957627,0.100582,0.0997677
475.699,0.0449519,0.0450262,0.0418444,0.0535685,0.0530808,0.0554136,0.0487036,0.0524233,0.0517856,0.0604789,0.0648976,0.0702045,0.0647053,0.0773201,0.0802596,0.0930767,0.0846187,0.0992086,0.0952135
476.17,0.0473154,0.0446351,0.0432215,0.0490967,0.0475498,0.0487307,0.0529501,0.0565478,0.0524843,0.066471,0.0636469,0.0651283,0.0715118,0.074981,0.0864708,0.0929607,0.0927761,0.100118,0.0980792
476.64,0.044212,0.0422505,0.0510019,0.0507553,0.0495694,0.0442381,0.050065,0.048467,0.0531107,0.0634279,0.0623574,0.0628832,0.0691877,0.0715469,0.0778365,0.0912818,0.0869301,0.0884308,0.0963108
477.11,0.0512991,0.0483871,0.0569198,0.0492331,0.0556258,0.0488829,0.0535195,0.0569288,0.0585674,0.0649422,0.068986,0.0722979,0.070065,0.0746047,0.0915057,0.0914871,0.0990628,0.0985494,0.112775
477.58,0.0440393,0.0435625,0.0419928,0.0422936,0.0471479,0.0527234,0.0537247,0.0523282,0.0589306,0.0547825,0.0578448,0.0661998,0.0754807,0.0802513,0.0869078,0.0872277,0.088581,0.0943104,0.0966228
478.05,0.0452788,0.0554646,0.0524224,0.0447356,0.0505942,0.0551322,0.0557142,0.0522777,0.0629942,0.0571119,0.0607965,0.0625544,0.0781624,0.0821033,0.0806279,0.0882857,0.0952959,0.0976926,0.0998866
478.52,0.0373523,0.0375254,0.0436616,0.0428088,0.0412827,0.0464737,0.0472061,0.0407461,0.0508367,0.0564306,0.0590806,0.0566261,0.0635794,0.0715165,0.0759269,0.0812381,0.0882385,0.0905343,0.0879121
478.989,0.0544585,0.0479697,0.0510955,0.0502319,0.051311,0.0532562,0.0571506,0.0505475,0.0536525,0.0664428,0.0659953,0.063243,0.0682869,0.0799214,0.0873755,0.0912915,0.09054,0.0950898,0.0984981
479.459,0.0462671,0.047893,0.0415327,0.0440532,0.0463092,0.0522136,0.0485186,0.0584202,0.0549641,0.0616208,0.062524,0.0662369,0.0665929,0.0705577,0.078011,0.0845578,0.0897342,0.0962064,0.0927494
479.928,0.0481162,0.0449882,0.0496979,0.0513395,0.052213,0.0529077,0.0517859,0.0576407,0.0566618,0.061685,0.0671557,0.0625616,0.0739166,0.0797802,0.077865,0.0934203,0.0985159,0.0935249,0.094954
480.398,0.0499895,0.049263,0.0473769,0.0519453,0.0521155,0.0496663,0.0482413,0.0517736,0.0568747,0.0654033,0.0665191,0.0631554,0.0765101,0.0808951,0.0882987,0.0899479,0.0908163,0.0976024,0.0945172
480.867,0.0428999,0.039685,0.0436621,0.0472429,0.0466964,0.0489566,0.0477075,0.0495684,0.0482626,0.0557204,0.0557931,0.0635805,0.072174,0.0707909,0.0793622,0.0870018,0.0872237,0.0930525,0.0947761
481.336,0.0479974,0.0482961,0.0477455,0.049689,0.0492633,0.0513403,0.0554282,0.0551122,0.0589793,0.0608822,0.0635096,0.0645405,0.0676121,0.0801246,0.0794557,0.0867773,0.0983437,0.0977143,0.0992376
481.805,0.044616,0.0474848,0.0429137,0.0522257,0.0482556,0.0528077,0.0504151,0.0519257,0.0619649,0.058806,0.0658937,0.062167,0.0690701,0.0784223,0.0855501,0.0925152,0.0948557,0.0926842,0.0959334
482.274,0.0399519,0.0452767,0.0390504,0.0465828,0.045298,0.0481524,0.0486636,0.0510097,0.0474328,0.0575233,0.0675787,0.0646157,0.0683196,0.0697048,0.081861,0.0915677,0.0852392,0.0869133,0.0870586
482.743,0.0487553,0.0396456,0.0514364,0.0507479,0.0455971,0.0487522,0.0474236,0.0495298,0.0542512,0.0530275,0.0705817,0.0590773,0.0718915,0.0778588,0.075051,0.0838274,0.0913631,0.0900712,0.0932554
483.211,0.0533618,0.0466451,0.053925,0.0518028,0.0598316,0.0562064,0.0592278,0.0585953,0.0655311,0.062195,0.0782402,0.0768682,0.0757482,0.0833264,0.0851244,0.0922663,0.10233,0.100321,0.0989269
483.68,0.0539126,0.0509258,0.0502414,0.0560322,0.0626542,0.0538841,0.0578051,0.0648754,0.0649316,0.0704733,0.0690646,0.0727863,0.0741455,0.0815356,0.0926864,0.0986651,0.0933213,0.100137,0.100901
484.148,0.0461642,0.0493925,0.0450467,0.0463895,0.0544335,0.0525065,0.0506593,0.0571312,0.0563095,0.0642174,0.0660343,0.0625566,0.0698234,0.0746237,0.0847418,0.0909027,0.0900971,0.0959858,0.101714
484.617,0.0424683,0.0461921,0.0485378,0.0516201,0.0509564,0.0573772,0.0566199,0.0515534,0.0603456,0.0593869,0.073351,0.0671562,0.077227,0.0783387,0.0884624,0.094524,0.093213,0.101398,0.104684
485.085,0.0374407,0.0513643,0.0415526,0.0455341,0.0508191,0.0501181,0.0456127,0.0529514,0.0532328,0.0549536,0.0615384,0.0670721,0.0727589,0.0778118,0.0818451,0.0886678,0.0906586,0.0942299,0.0990794
485.553,0.0443781,0.0510337,0.0503183,0.0488089,0.0538616,0.0535411,0.0507021,0.0575486,0.0564588,0.0622963,0.0667612,0.0682636,0.0711386,0.0761442,0.080918,0.0899996,0.0918531,0.0994953,0.101914
486.021,0.0429387,0.0405319,0.0466456,0.0466639,0.0466252,0.0568813,0.0509831,0.0500053,0.0542944,0.0564548,0.0646916,0.0691442,0.0710306,0.0731376,0.0815875,0.0870446,0.0888699,0.0900197,0.094479
486.489,0.0449738,0.0452117,0.0427664,0.0490311,0.0531906,0.0475383,0.0535143,0.0520258,0.0515431,0.060657,0.0599295,0.0662807,0.0711214,0.0719688,0.0727769,0.083604,0.0934499,0.096729,0.0960456
486.956,0.0436828,0.0499785,0.0538634,0.0493033,0.0477992,0.0535812,0.0540289,0.0501471,0.0569027,0.0607234,0.0617,0.066005,0.0716773,0.0758712,0.0818588,0.089491,0.100253,0.0986495,0.0919232
487.424,0.042388,0.0489237,0.0446286,0.0469882,0.0456337,0.0499404,0.0523009,0.0522652,0.0508288,0.0584797,0.0611388,0.0681121,0.0704511,0.0759831,0.0809285,0.0866157,0.0933213,0.0924878,0.0996017
487.891,0.0457705,0.0470357,0.0550042,0.0501063,0.0520228,0.0568997,0.0566677,0.0575766,0.0587535,0.0573647,0.0705462,0.0700756,0.0744855,0.0756388,0.086179,0.0923559,0.099683,0.0976503,0.0993026
488.359,0.0412513,0.0465276,0.0492782,0.0485649,0.0505055,0.0518198,0.0484395,0.0529248,0.0571303,0.0588177,0.058963,0.0640548,0.0711517,0.0783234,0.0828999,0.0876593,0.0991879,0.0989244,0.0959751
488.826,0.0454241,0.0429006,0.0538504,0.0488937,0.051521,0.0520005,0.0526482,0.0559444,0.0582665,0.0611358,0.0653087,0.0682306,0.0745718,0.0808688,0.0849805,0.0964376,0.0920633,0.0995183,0.0986373
489.293,0.0490454,0.0458168,0.0490185,0.0433165,0.0466609,0.0518467,0.0536973,0.0521189,0.0560215,0.0606344,0.0654418,0.0634682,0.0669759,0.0765291,0.0831584,0.0850246,0.0964403,0.0961501,0.0961134
489.76,0.043583,0.0455702,0.0466419,0.0446356,0.0501719,0.0515141,0.0520804,0.0536005,0.0575172,0.0588151,0.0606375,0.0648736,0.0738339,0.0777099,0.0878421,0.092658,0.0986095,0.0997384,0.0942303
490.227,0.050518,0.0462255,0.0487967,0.0503026,0.0517248,0.0534061,0.0516193,0.0565676,0.057291,0.0568632,0.0600084,0.0669731,0.0699808,0.0764303,0.077469,0.0900089,0.0964822,0.0953338,0.096985
490.694,0.0450532,0.0435324,0.0499174,0.0556544,0.0481224,0.0568281,0.054752,0.057844,0.06296,0.0653711,0.067277,0.0729267,0.0738355,0.0802535,0.0876612,0.0905658,0.0940134,0.103193,0.0970627
491.16,0.0503432,0.0471983,0.0487703,0.0460315,0.0450966,0.0488747,0.0505523,0.0546736,0.0592174,0.0608555,0.0659573,0.0686804,0.068228,0.0788777,0.0863594,0.0887032,0.0886558,0.0969892,0.0983658
491.627,0.0449734,0.0433136,0.0492967,0.0461272,0.0489146,0.0528105,0.051696,0.0567674,0.0582297,0.057827,0.0634068,0.0683621,0.0681864,0.0742556,0.0793385,0.0857039,0.0884525,0.0979706,0.0919536
492.093,0.0467748,0.0488869,0.0485419,0.0500641,0.0526239,0.0528754,0.0561473,0.0544674,0.0588633,0.0619254,0.0638894,0.0700898,0.0737295,0.0791875,0.0844221,0.0832024,0.0971309,0.094341,0.0938605
492.56,0.0475992,0.0465996,0.0477056,0.0521437,0.0502115,0.0514308,0.0508974,0.0589611,0.0525119,0.0625846,0.0623853,0.0664537,0.0778836,0.0812937,0.0851007,0.0888332,0.0957451,0.0983935,0.101336
493.026,0.0451006,0.0446826,0.0441731,0.0503166,0.0495481,0.0503169,0.054961,0.0585571,0.056835,0.056994,0.063409,0.0610518,0.0700373,0.0747115,0.0837121,0.0891557,0.0950924,0.0980663,0.099756
493.492,0.0481228,0.0440908,0.0468588,0.0500457,0.0489198,0.0503388,0.0505633,0.055787,0.0552793,0.0602554,0.0626878,0.0646478,0.0719025,0.0772091,0.0791744,0.0841879,0.0913131,0.0932342,0.0929291
493.958,0.0438738,0.0463519,0.0456017,0.0442033,0.0471442,0.0520746,0.0510542,0.053712,0.0553893,0.0579148,0.0633905,0.0672036,0.0715048,0.0742361,0.0846381,0.0848125,0.0948999,0.0964158,0.0969904
494.424,0.0494654,0.0425528,0.0502197,0.0430421,0.0486637,0.0465955,0.0514603,0.0546309,0.0551565,0.0566302,0.0588164,0.0682438,0.0720212,0.0743554,0.0802025,0.0894385,0.0933701,0.097266,0.0957919
494.89,0.0447318,0.0477531,0.0494277,0.0479241,0.0512872,0.0519017,0.0525131,0.0539741,0.0554682,0.0604262,0.0634723,0.0662257,0.0748688,0.0765953,0.0842442,0.0897935,0.0915718,0.0970964,0.0963445
495.355,0.0437439,0.0463525,0.0478943,0.0481057,0.0489165,0.0538966,0.0525292,0.0549457,0.0559419,0.0580832,0.0634906,0.0658383,0.0751185,0.0808781,0.0817991,0.0891217,0.0971182,0.102177,0.0999062
495.821,0.0446817,0.0469844,0.0475065,0.0461828,0.049814,0.049811,0.0518716,0.0536009,0.0557213,0.0553364,0.0605732,0.064676,0.0675683,0.0790742,0.0842083,0.0839309,0.0948212,0.0983177,0.0923675
496.286,0.0497971,0.0443306,0.0438378,0.0515676,0.053606,0.0500456,0.0542165,0.0584372,0.0584649,0.0607271,0.065399,0.0666316,0.0735652,0.0766992,0.0835382,0.0882993,0.0954075,0.0993871,0.097094
496.751,0.0439818,0.0439278,0.0461045,0.0459302,0.043373,0.0465677,0.0517386,0.052408,0.0530136,0.0630283,0.0591385,0.0605396,0.0673336,0.0764453,0.0784207,0.0857292,0.0907904,0.089482,0.0945751
497.216,0.0438784,0.0422617,0.0453821,0.0497993,0.0437288,0.0481999,0.0510902,0.0528731,0.0562074,0.0554128,0.0613303,0.0660161,0.0705013,0.0773662,0.0785721,0.0918981,0.0934059,0.0949928,0.0946768
497.682,0.0418227,0.0438842,0.0451194,0.0454024,0.0464372,0.0472494,0.0526375,0.0519143,0.0520053,0.0564345,0.0601284,0.0644096,0.0706269,0.0720796,0.0819715,0.0843509,0.0880705,0.0925744,0.0930375
498.146,0.044956,0.0466211,0.0525294,0.0495023,0.0483162,0.0509622,0.0520013,0.0515576,0.0550063,0.0591058,0.0663688,0.0696567,0.0656949,0.074219,0.0819913,0.08869,0.0946228,0.0956364,0.095259
498.611,0.0478825,0.0454046,0.0480516,0.044068,0.0490734,0.0490291,0.051015,0.0555427,0.0555928,0.0580411,0.0630196,0.0635842,0.0729244,0.0720867,0.0787267,0.0890622,0.0941498,0.0934776,0.0956985
499.076,0.0462199,0.0489497,0.0496015,0.0494103,0.0513438,0.0520123,0.0549087,0.05831,0.0570894,0.0583923,0.0668208,0.0674835,0.0716643,0.0796329,0.0861666,0.0918075,0.0931292,0.101193,0.0945651
499.541,0.0486143,0.0492162,0.0480238,0.0516387,0.0507994,0.0519706,0.052311,0.0561227,0.0613729,0.0606609,0.0658607,0.0677105,0.0703928,0.0770225,0.0824036,0.0871394,0.0942281,0.0946847,0.0986271
500.005,0.0459012,0.0479471,0.046474,0.0469381,0.0491427,0.0520883,0.0543764,0.0505596,0.0569504,0.0587316,0.0640319,0.0663023,0.0736364,0.075895,0.0839391,0.0883108,0.0912688,0.09613,0.0966758
500.469,0.043801,0.0448451,0.0441429,0.049516,0.0485727,0.0501787,0.0529741,0.051949,0.0596226,0.061997,0.0651412,0.0695579,0.0678514,0.0746792,0.0870658,0.090516,0.0894131,0.0933815,0.093195
500.934,0.0431321,0.0465805,0.0468828,0.0498952,0.0501476,0.0518288,0.0554514,0.0513798,0.0557211,0.0592033,0.0662296,0.0651966,0.0704552,0.0776957,0.0812726,0.0867985,0.0933678,0.0977214,0.0973139
501.398,0.0410095,0.0447629,0.0425478,0.0475633,0.0458065,0.0470204,0.0501769,0.0500132,0.0553255,0.058132,0.0617433,0.0637363,0.0686747,0.0722215,0.0779598,0.0825308,0.0869447,0.087939,0.0945537
501.862,0.0421711,0.0438448,0.0452948,0.0461171,0.0476137,0.0487519,0.051156,0.0526774,0.0524151,0.0574267,0.0609785,0.0669291,0.0675032,0.0737013,0.0778455,0.088967,0.0935487,0.0940688,0.0946094
502.326,0.0413479,0.0418523,0.0478263,0.0458588,0.0473691,0.0484698,0.0503728,0.0500641,0.052309,0.0603256,0.0599834,0.0652524,0.0728879,0.0750937,0.0778799,0.0873581,0.0916275,0.0948387,0.0907502
502.789,0.048633,0.0466769,0.0505637,0.0490937,0.0496194,0.0488207,0.0559809,0.0544784,0.0573833,0.0604382,0.0633937,0.0694943,0.0716805,0.0764813,0.0791318,0.0873365,0.0961164,0.0932397,0.094641
503.253,0.0449855,0.0481472,0.0465909,0.0514992,0.0487243,0.0493339,0.0497534,0.0537835,0.0549435,0.0631579,0.0631859,0.0661172,0.072994,0.075415,0.0872617,0.0862799,0.0957489,0.0941677,0.0935873
503.716,0.0470015,0.0466038,0.0485438,0.0485328,0.0454171,0.0512869,0.0533968,0.0521627,0.0563588,0.0582142,0.0624932,0.065222,0.0698351,0.0773534,0.0805329,0.0902043,0.0945631,0.0944087,0.0933124
504.18,0.0439897,0.0487175,0.0479654,0.0462901,0.0505002,0.0511811,0.0517236,0.0565932,0.0584174,0.0597122,0.0615857,0.0670983,0.0705427,0.077524,0.0780955,0.0869654,0.0930012,0.0973624,0.0948287
504.643,0.0463591,0.0417403,0.0480035,0.0475738,0.0520749,0.0516908,0.0524976,0.0563969,0.0553163,0.0616102,0.0621112,0.0677825,0.0714735,0.0805723,0.0838148,0.0897876,0.0934148,0.0978042,0.0966621
505.106,0.0403031,0.041997,0.0429758,0.0475955,0.0433251,0.0461217,0.0516212,0.0531929,0.0542101,0.057078,0.0575606,0.0648603,0.0697892,0.0723259,0.0806173,0.0870816,0.0916478,0.0900454,0.092514
505.569,0.0455515,0.0490991,0.0503546,0.0473411,0.0456451,0.0516789,0.0526561,0.0558004,0.0601181,0.0591384,0.0668628,0.0696618,0.0710831,0.0784595,0.0819063,0.0896658,0.092192,0.0954384,0.0983543
506.032,0.0419045,0.0453539,0.0434061,0.0490731,0.049617,0.0513361,0.0503772,0.0504692,0.0537789,0.0586096,0.0613284,0.0626798,0.0653249,0.0734255,0.0776764,0.0865642,0.0865629,0.0953946,0.0928349
506.495,0.0435245,0.047024,0.0471555,0.0495843,0.0535193,0.0517061,0.0524347,0.0550255,0.0597342,0.061477,0.0641742,0.0671412,0.0721192,0.0770669,0.0800687,0.0892415,0.0939421,0.100163,0.0996787
506.958,0.0441413,0.0452006,0.0499096,0.0463996,0.0497398,0.0510442,0.0545783,0.0555463,0.0585943,0.0602535,0.063639,0.0655399,0.0737165,0.0740961,0.0820617,0.0901831,0.0916751,0.0953293,0.0976074
507.42,0.043102,0.04064,0.0411927,0.0413931,0.0441886,0.0470274,0.0498208,0.0488703,0.0514805,0.0568178,0.0612838,0.0633449,0.0681557,0.0710319,0.0777868,0.0809153,0.0893212,0.0900223,0.091515
507.883,0.0432612,0.0438482,0.0420007,0.0484462,0.0481071,0.0491678,0.046886,0.0528342,0.0561092,0.058481,0.0620422,0.0634647,0.0667645,0.0757932,0.0816121,0.0846488,0.0949639,0.0946805,0.0948084
508.345,0.0394253,0.0441129,0.0462035,0.045369,0.0484489,0.0507809,0.0494865,0.0490025,0.0526618,0.0565972,0.0588183,0.0668786,0.0659377,0.0772162,0.0827212,0.0890318,0.0882141,0.0940353,0.0941609
508.808,0.0458936,0.0425057,0.0483295,0.0481533,0.0486053,0.0483663,0.0514122,0.0526728,0.0589777,0.0577654,0.0629128,0.0676373,0.0703765,0.0712709,0.0817414,0.0855535,0.0891952,0.0982555,0.0920944
509.27,0.0443147,0.0451704,0.0465805,0.0502002,0.047257,0.0511369,0.0524751,0.0553324,0.0544179,0.0596718,0.0637893,0.0663726,0.069141,0.0747875,0.0823786,0.088238,0.0914555,0.0965457,0.0990335
509.732,0.0436094,0.0467555,0.045604,0.0531681,0.0462135,0.0524002,0.0517565,0.054325,0.0546349,0.0580931,0.0608281,0.0662317,0.0716311,0.076786,0.0835378,0.0889756,0.0934443,0.0969685,0.0970009
510.194,0.0395558,0.0446232,0.0436689,0.0457679,0.0453383,0.0504417,0.0502483,0.0510448,0.0560177,0.0587271,0.0626233,0.0636562,0.0686848,0.0742943,0.0764251,0.0851978,0.0910822,0.092905,0.0940375
510.655,0.0441315,0.0459822,0.0482551,0.0493208,0.0480088,0.0484337,0.0520485,0.0553198,0.0569727,0.0589761,0.0605426,0.0684095,0.0680088,0.0760203,0.0810124,0.0885256,0.0911676,0.0962077,0.0956048
511.117,0.0448033,0.0453437,0.048316,0.047983,0.0524483,0.0476284,0.0532648,0.0522359,0.0576649,0.0615803,0.0663004,0.0645225,0.0689845,0.072537,0.0789589,0.0884961,0.093816,0.0980401,0.097046
511.579,0.0451994,0.0458127,0.047687,0.0485326,0.0511734,0.0512979,0.0488034,0.0541643,0.0558519,0.0608312,0.0651518,0.0651055,0.0733459,0.0803999,0.0796096,0.0850765,0.0906434,0.0965075,0.0999828
512.04,0.0454971,0.0465736,0.0482738,0.0497383,0.0504254,0.0518148,0.0510315,0.0549953,0.0567821,0.0591145,0.0626576,0.0675564,0.072534,0.0804493,0.0805215,0.0894886,0.0907052,0.0966883,0.0975007
512.501,0.0456824,0.0485277,0.0480148,0.050002,0.0490378,0.0465158,0.0501018,0.0554206,0.0575616,0.0592892,0.0629498,0.0654899,0.0692509,0.073541,0.0776325,0.0860694,0.0933893,0.0970927,0.0957198
512.963,0.0443171,0.0464024,0.0456659,0.0461683,0.0510422,0.0493233,0.0531017,0.0497992,0.0548059,0.0574977,0.0615751,0.0676509,0.0725012,0.0751879,0.0805978,0.0852957,0.0928813,0.0946743,0.0961919
513.424,0.0434289,0.0429433,0.0466301,0.0468227,0.0468436,0.0485352,0.0523431,0.050385,0.0515998,0.0593066,0.0592789,0.0623633,0.0663321,0.0721106,0.0781263,0.0833646,0.0912011,0.0922101,0.0946653
513.885,0.0419048,0.0395495,0.0457777,0.0443909,0.0456212,0.0479616,0.0487414,0.0484956,0.0514899,0.0573629,0.0573221,0.0666443,0.0689157,0.0722317,0.0800445,0.0842542,0.0905326,0.0900024,0.0934602
514.345,0.0456968,0.0451443,0.0451101,0.0481014,0.0498659,0.0515707,0.0533728,0.0543733,0.0597529,0.0601226,0.0642571,0.0670124,0.0724961,0.0757744,0.0826864,0.0879122,0.0908532,0.0953314,0.0991307
514.806,0.0469355,0.0460779,0.0475922,0.0499275,0.0499698,0.052321,0.0524012,0.0536258,0.055281,0.0570044,0.0634964,0.0669333,0.0711877,0.0807344,0.0804591,0.0888883,0.093955,0.0979291,0.0955604
515.267,0.0422267,0.0420845,0.0437082,0.0457656,0.0421831,0.048966,0.0487867,0.0503538,0.0539818,0.0556523,0.063181,0.0650997,0.0704331,0.0721186,0.0783147,0.0847382,0.0911735,0.0939322,0.0897586
515.727,0.0427749,0.0474998,0.0465131,0.0467679,0.0517524,0.0528098,0.0552856,0.0525453,0.0555953,0.0594611,0.0622484,0.0685242,0.0682628,0.0771175,0.0830275,0.0876486,0.0910629,0.101422,0.0929597
516.188,0.0466277,0.0469678,0.048264,0.0480921,0.0516365,0.0513745,0.0539361,0.0530318,0.0550803,0.0609268,0.062463,0.0685978,0.0715939,0.0774414,0.0834532,0.091847,0.0901977,0.0991282,0.0953235
516.648,0.0422653,0.0443336,0.0456523,0.0459592,0.047807,0.0479385,0.0493051,0.0536464,0.0544075,0.0577382,0.0626089,0.0657677,0.0686573,0.0752471,0.0786269,0.0871899,0.0868583,0.0938164,0.0929028
517.108,0.0430571,0.0440943,0.0471835,0.0483428,0.0489,0.0512378,0.0516017,0.0534838,0.0577161,0.058496,0.0612408,0.0644634,0.0701232,0.077131,0.0817267,0.0858704,0.0903122,0.0934609,0.095838
517.568,0.0411925,0.0420299,0.0449386,0.042325,0.0460679,0.0466382,0.0486077,0.0509336,0.0519804,0.0556458,0.0593209,0.0625463,0.0704555,0.0729182,0.0799459,0.0833253,0.0887278,0.0922194,0.0905283
518.028,0.0458249,0.0462787,0.0467343,0.0467379,0.0518785,0.0514613,0.0523313,0.0566129,0.0563017,0.0601026,0.0590188,0.0666633,0.0688405,0.0765272,0.0834547,0.0862805,0.092562,0.0936551,0.101919
518.488,0.0411059,0.0436656,0.0442136,0.0465428,0.0471286,0.0468773,0.0501076,0.0534902,0.0524057,0.0582148,0.0598891,0.0652708,0.0680467,0.0712891,0.0770756,0.0868833,0.0885614,0.0940078,0.0927796
518.947,0.0452886,0.0440301,0.0478304,0.0469451,0.0468352,0.0502287,0.0517606,0.0531,0.053261,0.0593496,0.063885,0.066405,0.0698306,0.0752184,0.078839,0.0884398,0.091625,0.0950778,0.0936349
519.407,0.0431919,0.0446789,0.0471435,0.047857,0.0485231,0.0474919,0.0524242,0.0554699,0.0551589,0.0580378,0.0629873,0.0652768,0.0670807,0.0747152,0.0802461,0.0849823,0.0912917,0.0944137,0.0959041
519.866,0.0433385,0.0439433,0.0450119,0.0456756,0.0438314,0.0490429,0.0494858,0.0515236,0.0543272,0.0564415,0.0569663,0.063801,0.0676355,0.0733374,0.0823013,0.0853536,0.0898612,0.0922834,0.0903884
520.326,0.0470756,0.0441016,0.0476734,0.0480399,0.0472953,0.0489977,0.0506417,0.0542037,0.0551831,0.0581643,0.0632002,0.0666007,0.0710036,0.073565,0.0798379,0.0853504,0.092374,0.097324,0.0953453
520.785,0.0482565,0.0452279,0.0435279,0.0473861,0.0489487,0.050484,0.0548477,0.0504965,0.0531823,0.0578618,0.0618648,0.0664008,0.0697866,0.078298,0.0792499,0.0870288,0.0911778,0.0946196,0.0951416
521.244,0.0429275,0.0450041,0.0455965,0.0458194,0.0447659,0.0473054,0.0511127,0.0539795,0.0557826,0.0600452,0.0601424,0.0645249,0.0693191,0.0741514,0.0795277,0.0875554,0.0887751,0.0927137,0.0935962
521.703,0.043002,0.0425714,0.0470759,0.0481656,0.051866,0.0490865,0.0511769,0.055505,0.0572744,0.0566291,0.0616406,0.0636966,0.0714179,0.0743854,0.0824891,0.0876248,0.0927739,0.0948027,0.0960967
522.162,0.0455741,0.0446883,0.0476657,0.047998,0.0493761,0.0486605,0.0533518,0.0538075,0.0554819,0.0600363,0.062569,0.0706286,0.0699107,0.0762903,0.0820382,0.0923042,0.0909696,0.0943258,0.0951729
522.621,0.0446534,0.0450458,0.046094,0.0479735,0.0447133,0.0501616,0.0526579,0.051967,0.0556734,0.0566723,0.0627029,0.0645769,0.0686594,0.0744691,0.0794019,0.0861717,0.0895876,0.0960454,0.0933873
523.079,0.0406594,0.0433453,0.0429471,0.0448669,0.0421443,0.0456705,0.0491623,0.0508258,0.0511352,0.0557545,0.0550103,0.0629347,0.0663453,0.0715228,0.0758963,0.0846657,0.0861275,0.0903597,0.0894482
523.538,0.0396138,0.0446154,0.0480579,0.045658,0.048237,0.0458421,0.0512148,0.0527751,0.0535862,0.0598428,0.0603674,0.0649233,0.067075,0.0706515,0.0778172,0.0862828,0.0897842,0.0961496,0.0929439
523.996,0.044349,0.0420864,0.0439227,0.0461712,0.0475477,0.0499446,0.0490875,0.0527309,0.054959,0.0598655,0.0617596,0.0639483,0.0655945,0.0720403,0.0786256,0.0835965,0.0894434,0.0924029,0.0925031
524.455,0.0425041,0.0453346,0.0440873,0.0460904,0.0495093,0.047284,0.0499012,0.0530848,0.0537648,0.0571493,0.0605618,0.0607159,0.0694631,0.0749764,0.0793337,0.0858788,0.0895294,0.093446,0.0920792
524.913,0.0415314,0.04146,0.0458977,0.0456472,0.0476615,0.0462802,0.0511225,0.0520635,0.053284,0.0585845,0.0602886,0.0635548,0.065825,0.0755582,0.0796583,0.0849811,0.0918256,0.0929919,0.0904448
525.371,0.0421168,0.0446929,0.0481432,0.0476933,0.0468301,0.0483706,0.0518501,0.0513268,0.0534009,0.0576144,0.0602206,0.0653713,0.0696351,0.0730084,0.078325,0.0879067,0.0900069,0.0935087,0.095176
525.829,0.0438281,0.0434009,0.0450811,0.0465026,0.0473968,0.0475464,0.0499074,0.0507019,0.0530689,0.0567637,0.0590828,0.0640083,0.0707154,0.0753928,0.081399,0.083114,0.0913698,0.0938507,0.0914657
526.286,0.039355,0.0433307,0.0436834,0.0439047,0.0464874,0.0457918,0.0487925,0.0501197,0.0527489,0.0530902,0.0576217,0.0630956,0.0700994,0.0712211,0.0809156,0.0820208,0.0900484,0.090442,0.0914577
526.744,0.0425698,0.0432942,0.0433243,0.0461216,0.0498102,0.0469249,0.0490566,0.0488503,0.0564636,0.0596227,0.0643619,0.065072,0.0691613,0.0741569,0.0800929,0.0859036,0.0923358,0.0924086,0.0921079
527.202,0.0417984,0.044397,0.0459856,0.049396,0.0469903,0.0479968,0.0500986,0.0530905,0.0552095,0.058467,0.0600524,0.0652727,0.0653139,0.0731098,0.0768652,0.0846524,0.0899648,0.0943034,0.0948344
527.659,0.0451041,0.0449169,0.0451156,0.0447839,0.046281,0.0481193,0.0508937,0.0518529,0.0558039,0.0559633,0.0593544,0.0667778,0.069547,0.0744094,0.0795486,0.0860985,0.0882478,0.0962766,0.0964204
528.117,0.0436324,0.0423811,0.0445733,0.0433132,0.0445288,0.0471247,0.0506609,0.0510359,0.0535045,0.0572545,0.059817,0.0616571,0.0699566,0.073919,0.0763431,0.0828585,0.0898248,0.0943465,0.0880247
528.574,0.0440898,0.0447988,0.0434458,0.0475008,0.0472001,0.0474337,0.0513849,0.0530096,0.0513585,0.0582996,0.0593205,0.0635269,0.0669449,0.0734538,0.0809424,0.0830366,0.08835,0.0911527,0.0924181
529.031,0.0422933,0.044443,0.0442841,0.0452687,0.0435285,0.0460228,0.0510305,0.0512892,0.0504435,0.0545977,0.0613326,0.0642269,0.0663907,0.0726475,0.0778687,0.0836518,0.08771,0.0900756,0.0906168
529.488,0.0420687,0.0414514,0.04296,0.04388,0.0434345,0.0488838,0.0498679,0.0505658,0.05262,0.0553029,0.0601323,0.0634892,0.0675827,0.0745903,0.0800386,0.0860127,0.0910591,0.0936049,0.0935542
529.945,0.042404,0.0429012,0.0438762,0.0473166,0.0443318,0.0473085,0.0480971,0.0499756,0.0528374,0.056267,0.0574246,0.0627316,0.0677717,0.0715298,0.0779368,0.0867655,0.0897501,0.0915548,0.0913427
530.402,0.0446413,0.0424594,0.0432895,0.0475833,0.0451261,0.0483406,0.0489954,0.0537651,0.0519805,0.054581,0.0596116,0.0639486,0.0697136,0.0750545,0.0785627,0.0873975,0.0926352,0.0975254,0.094415
530.858,0.0422557,0.0446659,0.0479714,0.0458774,0.0462054,0.0489859,0.0497088,0.0532246,0.0554601,0.0575496,0.0591194,0.0636871,0.0680695,0.0740407,0.0773512,0.0861408,0.0904947,0.0951946,0.094567
531.315,0.0421268,0.0465002,0.0451375,0.0463171,0.0469313,0.0486527,0.050134,0.0523132,0.0532426,0.0544714,0.0575442,0.0652104,0.0674223,0.0735491,0.0780858,0.0851152,0.0894126,0.0934887,0.0949607
531.771,0.0446004,0.0463819,0.0444656,0.0466361,0.047797,0.0510173,0.0507138,0.0557164,0.055311,0.0567097,0.0586433,0.0659093,0.0701926,0.0720253,0.0812026,0.0846799,0.0917069,0.0921717,0.096548
532.227,0.0421564,0.0449312,0.0462793,0.0460463,0.0458847,0.0484235,0.0483493,0.0537226,0.0535778,0.0588475,0.0592358,0.0641818,0.0671839,0.0728689,0.0788711,0.0857162,0.086207,0.0902445,0.093745
532.684,0.041905,0.0441568,0.041663,0.0425058,0.0461736,0.0480934,0.0485399,0.0517814,0.0542733,0.0540821,0.0579798,0.0629218,0.0682504,0.0686505,0.0771973,0.082874,0.0883485,0.0918213,0.0907907
533.14,0.0438569,0.0432572,0.0421528,0.0462485,0.0471331,0.0487816,0.0480709,0.0514557,0.0546764,0.0544124,0.0610563,0.0658217,0.0674959,0.0728316,0.0792197,0.0825195,0.0857416,0.0918772,0.0910146
533.596,0.0461721,0.0469663,0.0486118,0.0483324,0.0493774,0.0503609,0.0552108,0.05657,0.0551603,0.0617968,0.0648972,0.0691938,0.0725683,0.0796871,0.0843811,0.0859874,0.0928712,0.0971921,0.0958888
534.051,0.0394741,0.0420694,0.0442328,0.0446802,0.0449371,0.0447083,0.0469962,0.0501172,0.051781,0.053161,0.0593622,0.0638543,0.0646253,0.0701605,0.0757369,0.0793976,0.0878363,0.0892032,0.0909528
534.507,0.0424612,0.0413545,0.0437009,0.0444666,0.0443601,0.0476848,0.0478973,0.0485982,0.0520489,0.0555565,0.0604527,0.0640977,0.0670619,0.0716843,0.0750343,0.0848974,0.0880051,0.0905028,0.0927263
534.963,0.0411387,0.0410741,0.0426224,0.044686,0.0422499,0.0450291,0.048064,0.049214,0.0509186,0.054823,0.058068,0.0607708,0.0638133,0.0719816,0.0751648,0.0812963,0.0850601,0.092727,0.0911175
535.418,0.0430987,0.0423501,0.0445393,0.0472713,0.0478364,0.0471399,0.0499505,0.0485989,0.0528491,0.0565028,0.0596217,0.0620631,0.0670349,0.0713445,0.0788664,0.0830929,0.0884696,0.0906603,0.0894772
535.873,0.0433747,0.0440437,0.0459544,0.0466217,0.0468049,0.0494405,0.0519264,0.0515652,0.054705,0.0580269,0.0594419,0.0636066,0.0714664,0.0720865,0.0779713,0.0849575,0.0878152,0.0902834,0.0940714
536.329,0.0418735,0.0424586,0.0446517,0.0437866,0.0439547,0.0476802,0.0478614,0.051203,0.0526637,0.0552555,0.0583563,0.0588448,0.0651471,0.0710098,0.0756424,0.0810051,0.0888412,0.0892199,0.0900858
536.784,0.0426766,0.0422552,0.0435241,0.0451383,0.0472581,0.0471735,0.0485998,0.0507775,0.0529547,0.0552147,0.0578597,0.0635532,0.0664334,0.071301,0.078088,0.0829321,0.0916218,0.0919141,0.0902352
537.239,0.0458226,0.0445337,0.0471771,0.0494531,0.0486097,0.0508301,0.0515037,0.0520675,0.0545787,0.0597855,0.0611902,0.0671252,0.0709065,0.0797621,0.0809842,0.0857387,0.0913014,0.0948956,0.0986169
537.694,0.0447483,0.0440208,0.0429158,0.0457286,0.0462066,0.0501191,0.0500478,0.0517904,0.0550707,0.0574366,0.059036,0.0619232,0.0668457,0.0739223,0.0778391,0.0855157,0.0910967,0.0935222,0.0931158
538.148,0.0436085,0.0427148,0.0438145,0.0470453,0.0484551,0.0473706,0.051225,0.0526148,0.0529178,0.0572025,0.0584919,0.0633856,0.0671641,0.0731114,0.0805407,0.0864892,0.088742,0.0926749,0.0943816
538.603,0.0444378,0.0457319,0.0477032,0.0469808,0.0478019,0.0499437,0.049616,0.0550715,0.0536213,0.0577005,0.0603007,0.0630154,0.0690595,0.0741903,0.0813319,0.0832127,0.0901941,0.0916822,0.094567
539.058,0.0453378,0.0437104,0.0463493,0.0456623,0.0466557,0.0497019,0.0525803,0.0531865,0.056163,0.0572096,0.0608088,0.0637149,0.0686715,0.0707769,0.0798994,0.0852374,0.0901322,0.0958619,0.0935934
539.512,0.0438197,0.0452942,0.0457969,0.0454621,0.0452836,0.0479344,0.0488761,0.0515829,0.054098,0.0569885,0.0611495,0.0621078,0.0676096,0.0745423,0.0802786,0.0831278,0.090937,0.0958093,0.0920027
539.966,0.0417416,0.0441253,0.0456849,0.0450478,0.048816,0.0472158,0.0474909,0.0502379,0.0548921,0.0550643,0.061858,0.0647034,0.0684738,0.0730941,0.0782982,0.083179,0.0899511,0.0951883,0.0904568
540.421,0.0426616,0.0459441,0.044182,0.0463842,0.0464791,0.0475994,0.0486611,0.0503696,0.0535949,0.0555172,0.0595591,0.0633344,0.0665747,0.0716463,0.0791858,0.0842,0.0888239,0.0918623,0.096326
540.875,0.0427989,0.0433792,0.0449746,0.0463751,0.0473758,0.0480257,0.0494712,0.0502954,0.0540962,0.0583347,0.0605096,0.0624142,0.0669063,0.0760605,0.0819475,0.0863607,0.0928003,0.095615,0.0944659
541.329,0.0422261,0.0430875,0.0441307,0.0459584,0.0470555,0.0477738,0.0499324,0.0503588,0.0547048,0.0566697,0.060139,0.0631815,0.0678671,0.0717804,0.0768902,0.0851091,0.0873166,0.0933505,0.0908441
541.782,0.0435415,0.0433975,0.0487339,0.0469689,0.0457948,0.0502641,0.0514603,0.0513846,0.0555979,0.0549732,0.0612611,0.0662688,0.0697881,0.0736722,0.0795135,0.0854482,0.090336,0.0931294,0.0948226
542.236,0.0422645,0.0437027,0.0432818,0.0449848,0.0464753,0.0463154,0.0494502,0.0507067,0.0527751,0.0586166,0.0572188,0.0615951,0.0641826,0.0714115,0.0774441,0.0847723,0.0873827,0.0917102,0.0912441
542.69,0.0432351,0.0445092,0.0432381,0.0439587,0.0452492,0.0458269,0.0493263,0.0519681,0.052263,0.057469,0.0592947,0.0608176,0.0679596,0.0710893,0.0778366,0.0841896,0.0866374,0.0907818,0.0932581
543.143,0.0433041,0.0466143,0.0450265,0.0464216,0.0465511,0.0488914,0.0505172,0.0527006,0.0544739,0.056389,0.0585108,0.0635118,0.0685125,0.0720955,0.0795606,0.0838879,0.0886686,0.0928131,0.094605
543.597,0.045883,0.0458031,0.0449216,0.0459386,0.0470535,0.0485362,0.0488486,0.0495638,0.0527239,0.0555236,0.0610231,0.0643275,0.0691273,0.0743031,0.0787745,0.0863587,0.0884437,0.0906643,0.0945449
544.05,0.0436518,0.0430632,0.0412401,0.0447653,0.0450325,0.0461765,0.0496906,0.049563,0.051138,0.0561279,0.0596185,0.0615036,0.0663967,0.0751864,0.0770154,0.0853715,0.0890143,0.0915517,0.094079
544.503,0.0399859,0.0414848,0.0432374,0.0446544,0.0436876,0.0469704,0.0494353,0.0489753,0.055135,0.0538282,0.059257,0.0629917,0.065817,0.0713407,0.0776524,0.0832436,0.0882942,0.0916577,0.0912079
544.956,0.0405589,0.0416137,0.0424652,0.0419898,0.0426624,0.0445913,0.0501282,0.0480487,0.0502467,0.0554084,0.056407,0.0611214,0.0646348,0.0707468,0.0760764,0.0794797,0.0838887,0.0884938,0.085233
545.409,0.0399654,0.0410117,0.0412502,0.0425756,0.0447594,0.0465299,0.0470449,0.0481188,0.0525244,0.0542373,0.057296,0.061437,0.0643821,0.071277,0.0779589,0.0807345,0.0886408,0.0912687,0.0918186
545.862,0.0405714,0.0420187,0.0442182,0.0446996,0.0452687,0.0440391,0.0481741,0.051143,0.0524575,0.0558438,0.058284,0.0611148,0.0661219,0.0710943,0.0763009,0.0855736,0.087796,0.0932977,0.0939147
546.314,0.0424826,0.0437009,0.0425404,0.0452319,0.0453158,0.0483809,0.0492856,0.0508283,0.0534462,0.0564437,0.0604198,0.0627293,0.0704493,0.071513,0.077032,0.0860364,0.0892149,0.0956353,0.0937193
546.767,0.0434574,0.043348,0.0448615,0.0448889,0.0433862,0.0473894,0.0485909,0.0510809,0.0547087,0.0574998,0.0604832,0.0644264,0.0678014,0.0710606,0.078202,0.085475,0.0897359,0.0913329,0.0921502
547.219,0.0415635,0.0413457,0.044115,0.0440687,0.0426208,0.0461441,0.047181,0.0467601,0.0529834,0.0538532,0.0573436,0.0611572,0.0664913,0.0702933,0.0774444,0.0819483,0.0858324,0.0920657,0.093356
547.672,0.0405643,0.0405924,0.0440534,0.0424504,0.0430609,0.0451556,0.0478483,0.0480484,0.0511448,0.0535874,0.0567184,0.0605389,0.065391,0.0721189,0.0804328,0.0809632,0.0891873,0.090498,0.0900141
548.124,0.0399263,0.0413505,0.04122,0.0398323,0.0436419,0.0452785,0.0469611,0.0474819,0.0524053,0.0527094,0.0550276,0.058496,0.0634575,0.0704813,0.0754034,0.0832001,0.084833,0.0904712,0.0873829
548.576,0.0417624,0.0434615,0.0450301,0.0455998,0.0480058,0.0459097,0.0482284,0.0500599,0.0501417,0.0550485,0.0595485,0.0635502,0.0669267,0.0742615,0.077436,0.0835122,0.0898395,0.0924079,0.0918552
549.028,0.0463082,0.0459065,0.0470053,0.0470051,0.049104,0.0513162,0.0498555,0.0555968,0.0557211,0.0590374,0.0599686,0.0647786,0.0673416,0.0736983,0.0818434,0.0864953,0.0921973,0.097077,0.0945905
549.48,0.0432564,0.0420338,0.0445288,0.0439873,0.0458738,0.0471163,0.047322,0.0516485,0.0545483,0.0551896,0.0567703,0.0651458,0.0648605,0.0745291,0.0769909,0.0817795,0.0875701,0.0896848,0.0931582
549.931,0.0415049,0.0446942,0.0450653,0.0454133,0.0451086,0.0489412,0.0484042,0.0505735,0.053411,0.0535604,0.0569833,0.0616428,0.0660598,0.0700839,0.0771115,0.0822689,0.0894217,0.0889728,0.0913893
550.383,0.0411339,0.0418469,0.0421743,0.0463357,0.0473799,0.0488422,0.0480178,0.0541224,0.0540363,0.0537155,0.0610303,0.0647575,0.0681091,0.0726004,0.0782555,0.0842512,0.0880434,0.0896763,0.0937257
550.834,0.0410818,0.0424058,0.0435948,0.0429954,0.0436889,0.0468927,0.0471419,0.0464975,0.0501963,0.0553071,0.0571332,0.0615279,0.0678565,0.0703044,0.0800267,0.0835293,0.0870946,0.0917935,0.0925926
551.286,0.0438857,0.0431428,0.0473486,0.0480885,0.0466795,0.0482688,0.0499099,0.0504778,0.0538035,0.0555994,0.0601686,0.0632978,0.0658908,0.0717689,0.0772015,0.0854361,0.0879773,0.0942191,0.0905623
551.737,0.0424983,0.0453874,0.0437693,0.0437928,0.0462527,0.0477361,0.0511404,0.0528845,0.0533147,0.0566054,0.0618939,0.0639138,0.0688198,0.0736382,0.0785575,0.0844657,0.0885301,0.0909155,0.0935865
552.188,0.041279,0.0445571,0.0448173,0.0461966,0.0452305,0.0468735,0.0487422,0.0478973,0.0538934,0.0564745,0.0567308,0.0647851,0.0675044,0.0739642,0.0771845,0.0842493,0.0858827,0.0906014,0.092323
552.639,0.0414516,0.0405805,0.0436367,0.043597,0.0441699,0.0480909,0.0518311,0.0511161,0.0517176,0.055389,0.0579336,0.0620725,0.0656317,0.0707834,0.0766505,0.0826083,0.0862482,0.0912903,0.0915892
553.09,0.0438451,0.0441766,0.0446379,0.0465459,0.0485106,0.0483786,0.050597,0.0503907,0.0539861,0.0581841,0.060919,0.0616208,0.0687942,0.0736864,0.0779535,0.0850645,0.0885183,0.0903619,0.0913038
553.541,0.0431799,0.042567,0.0434404,0.0456456,0.0442361,0.0485053,0.0504754,0.0493579,0.0504635,0.0554843,0.0590054,0.061287,0.0657599,0.0715825,0.076201,0.0815174,0.0865533,0.0887852,0.0916568
553.992,0.0425381,0.0434735,0.0439955,0.0453858,0.0463647,0.0458128,0.0491116,0.0502951,0.0516345,0.0546561,0.0594299,0.060201,0.0673468,0.071912,0.0771209,0.0813948,0.0868558,0.0910762,0.0903138
554.442,0.0413177,0.0456019,0.0460477,0.0447973,0.0473783,0.0469925,0.0488557,0.0492112,0.051873,0.0558506,0.0576507,0.0636818,0.0658794,0.0732195,0.0766504,0.0843362,0.0891037,0.0894458,0.0889421
554.893,0.0441927,0.0403878,0.0419501,0.0430894,0.0458255,0.0452834,0.0470961,0.0481084,0.051138,0.051829,0.0594084,0.0609418,0.0672229,0.0706245,0.0751324,0.0786954,0.0880134,0.0910681,0.0910376
555.343,0.0439021,0.0434891,0.0456061,0.0468839,0.0477075,0.0489154,0.04965,0.0515527,0.0540177,0.0579822,0.0609508,0.0633132,0.0690243,0.0747545,0.0792377,0.0824856,0.0868056,0.0935563,0.0940113
555.793,0.0397845,0.0423636,0.0426309,0.0445733,0.0457927,0.0476154,0.0472137,0.048327,0.0513579,0.0540239,0.0563104,0.0623991,0.0674223,0.0699438,0.0756266,0.0834229,0.0856473,0.0893851,0.0895615
556.243,0.0431087,0.0445956,0.0459814,0.0437804,0.0486294,0.0501028,0.0514369,0.0508554,0.0536348,0.0560814,0.0615832,0.0642051,0.0704803,0.073735,0.0783347,0.0839616,0.0884258,0.0928396,0.0927715
556.693,0.0407916,0.0426503,0.0426236,0.0436256,0.0430525,0.0468078,0.0466993,0.0480513,0.0490223,0.0536285,0.0564583,0.0618991,0.0642562,0.0712493,0.0755749,0.0795618,0.0876659,0.086065,0.090669
557.143,0.0387959,0.0422406,0.0427268,0.0435467,0.0426365,0.0443234,0.0453541,0.047599,0.0494138,0.0539411,0.0582927,0.0609316,0.0646508,0.0686882,0.0751974,0.0795985,0.083281,0.0907854,0.0906431
557.593,0.0448868,0.0418878,0.044306,0.0456478,0.0445049,0.0456557,0.0477263,0.0504847,0.0532451,0.0532155,0.0579561,0.0631746,0.0689659,0.0709436,0.0778914,0.0855454,0.0889338,0.0926578,0.0938609
558.042,0.0422936,0.0414014,0.0450101,0.0449017,0.0488403,0.0474778,0.0485559,0.0514764,0.0523259,0.0556308,0.0597966,0.0619128,0.0683571,0.0752601,0.0795356,0.0833958,0.0905035,0.0918034,0.091749
558.492,0.0408839,0.0431352,0.0428248,0.0471169,0.0446639,0.0474141,0.0471447,0.0502016,0.0519091,0.0567083,0.0593024,0.0640021,0.0668082,0.071364,0.0782718,0.0876457,0.0867288,0.0924558,0.0900448
558.941,0.0423834,0.0427024,0.0454362,0.0462032,0.0480064,0.0470946,0.0485385,0.0498096,0.0529343,0.0563663,0.0578307,0.0647464,0.0664138,0.0725334,0.0754641,0.0841169,0.0892764,0.0905628,0.0917054
559.39,0.0424964,0.0446837,0.0456038,0.0464939,0.045087,0.047329,0.052533,0.0511093,0.0515544,0.0580115,0.0581588,0.0624453,0.0692096,0.0744894,0.0766198,0.0826597,0.0892335,0.0921755,0.0927475
559.839,0.0424463,0.0424299,0.0453093,0.0461118,0.046795,0.0490753,0.0505759,0.0495376,0.0551116,0.0558823,0.059442,0.0638721,0.0698103,0.0736479,0.0791361,0.0858645,0.0923309,0.0943934,0.0925842
560.288,0.0420633,0.0416859,0.0432259,0.0446947,0.0464359,0.0459969,0.0497706,0.0478782,0.0528336,0.0552169,0.0587107,0.0606553,0.0675129,0.073441,0.0794586,0.0836972,0.0885149,0.0927151,0.092708
560.737,0.040202,0.0424622,0.0430497,0.0433275,0.0435136,0.045838,0.0460195,0.0502259,0.0512231,0.0539561,0.0576106,0.0637429,0.0653761,0.0691888,0.0751285,0.078214,0.0858084,0.0890683,0.0881181
561.186,0.0430237,0.0449976,0.042412,0.0430904,0.046654,0.0487614,0.0490048,0.0490144,0.0520012,0.0563441,0.0588671,0.0628862,0.0697031,0.0725094,0.0783342,0.0827459,0.0892328,0.0930737,0.0943087
561.635,0.0422474,0.0456241,0.0463172,0.0469902,0.0463117,0.0485468,0.0493379,0.0526377,0.0546937,0.0564061,0.0593904,0.0635235,0.0677517,0.0731566,0.078382,0.0844338,0.0902535,0.0933201,0.0951201
562.083,0.0421062,0.0435352,0.0440578,0.0438597,0.0450477,0.0492254,0.0480069,0.0512952,0.0531752,0.0559519,0.0598561,0.0632705,0.0678538,0.0711517,0.0791496,0.0830507,0.088285,0.0920303,0.0930476
562.532,0.0418705,0.042103,0.044366,0.0443278,0.0464838,0.0471012,0.0483412,0.0503113,0.0543074,0.0548821,0.0584751,0.0620087,0.0668986,0.0716366,0.0771967,0.0803831,0.0894002,0.0910806,0.0901707
562.98,0.042908,0.0428973,0.042639,0.0451163,0.0451208,0.0470763,0.0504892,0.0523604,0.0524023,0.056422,0.0591403,0.0620361,0.0658965,0.0705531,0.0760296,0.0816216,0.0878781,0.092262,0.0911918
563.428,0.0415834,0.0426365,0.0404308,0.045114,0.0465598,0.0479792,0.0489573,0.0508432,0.0522517,0.0583713,0.0589705,0.0612793,0.0651949,0.0710206,0.076458,0.0820525,0.0848285,0.0919552,0.0905651
563.876,0.0417911,0.0428052,0.0424478,0.0449162,0.0437012,0.0478681,0.0480111,0.0515459,0.0529096,0.0556498,0.0583843,0.0641256,0.0666544,0.0680216,0.0777564,0.0817709,0.0871287,0.0933197,0.0890206
564.324,0.0408429,0.0421892,0.0438304,0.0459906,0.0449916,0.0468872,0.0480671,0.0490494,0.0520752,0.0550017,0.0586946,0.0617294,0.0652843,0.0714696,0.0751901,0.0821053,0.0874207,0.0901108,0.0924698
564.772,0.0418915,0.042991,0.0413394,0.0449651,0.0455359,0.0487554,0.0487014,0.0492888,0.0529247,0.0546469,0.0595997,0.0620349,0.0672573,0.0723969,0.0769935,0.0809474,0.087317,0.0922013,0.0913712
565.22,0.0424593,0.0442508,0.043095,0.0460106,0.0471034,0.0497537,0.049951,0.0521594,0.0536475,0.0540286,0.05883,0.064298,0.0671712,0.073362,0.0789972,0.0848766,0.0880206,0.0932495,0.0929181
565.667,0.0413301,0.0433571,0.0424208,0.0449835,0.046893,0.0458388,0.0479597,0.0490513,0.0516126,0.0553571,0.0589633,0.0648521,0.0652567,0.0732665,0.076775,0.0836544,0.0898276,0.0909817,0.0913994
566.115,0.0422877,0.0437544,0.0451342,0.044668,0.0463096,0.0464143,0.0473727,0.0503026,0.0503026,0.0556752,0.0581857,0.0614547,0.0676807,0.073551,0.0786461,0.0858612,0.0885412,0.090005,0.0920428
566.562,0.0412807,0.0446059,0.0440741,0.0445899,0.0443878,0.0472007,0.0481311,0.051487,0.0505282,0.0548732,0.0592178,0.0632506,0.0680235,0.0709117,0.076323,0.0831607,0.0898928,0.0914226,0.089899
567.01,0.0411755,0.0430238,0.0452416,0.0442048,0.0463152,0.0466983,0.0476212,0.0485593,0.0532682,0.0526551,0.0564146,0.0623537,0.0647104,0.0737642,0.075555,0.0812109,0.0879466,0.0933932,0.0893934
567.457,0.041986,0.0405416,0.0433612,0.043056,0.045912,0.0463413,0.0496125,0.0507835,0.0517643,0.0535112,0.0565093,0.0610943,0.0626581,0.0706024,0.0788194,0.0819547,0.0887977,0.0908841,0.0912997
567.904,0.0424737,0.0434843,0.0419501,0.0435843,0.0440758,0.0485695,0.0476759,0.0491626,0.0515192,0.0556853,0.0566333,0.0633202,0.0681798,0.0720718,0.0760039,0.0803117,0.0865434,0.0944132,0.0925395
568.351,0.0407913,0.0426114,0.0430179,0.0445801,0.0438797,0.0464935,0.0464947,0.0497352,0.0520047,0.0534804,0.0563917,0.0621339,0.0656887,0.0683965,0.077217,0.0805669,0.0848614,0.0912054,0.0940759
568.797,0.0410898,0.0437835,0.0431043,0.0447594,0.0437691,0.0492681,0.0480894,0.0501454,0.0518033,0.0544976,0.0589528,0.0610395,0.0664369,0.0696797,0.0760304,0.083084,0.0884829,0.0899543,0.0897684
569.244,0.0401654,0.0425715,0.0431126,0.0423696,0.0443086,0.048235,0.0485426,0.0491121,0.0509945,0.0542169,0.0568747,0.0628399,0.0667788,0.0718372,0.0771195,0.0834433,0.0869549,0.0911184,0.093334
569.691,0.0418396,0.0414187,0.0437862,0.045079,0.0446612,0.0473277,0.0485413,0.052607,0.0509762,0.0568457,0.0584055,0.0619089,0.0682397,0.0709695,0.076543,0.0845063,0.0888552,0.0904301,0.0920138
570.137,0.0406471,0.0412821,0.0446903,0.0436188,0.0469113,0.0465272,0.0480222,0.0509916,0.0516719,0.0553795,0.0583025,0.0606824,0.0683417,0.0727519,0.0777366,0.0843916,0.0865808,0.0921378,0.0933517
570.583,0.0433825,0.0461024,0.04361,0.045235,0.0459042,0.0490318,0.0497689,0.0506583,0.052515,0.0541283,0.0579934,0.0644131,0.0676481,0.0711848,0.0768092,0.0813712,0.0882517,0.089734,0.0905656
571.03,0.0413886,0.0429652,0.0425847,0.0429266,0.0477822,0.0444224,0.0480902,0.0491865,0.0504271,0.0531659,0.0578031,0.0614758,0.0634592,0.0714399,0.0762662,0.0804711,0.0866549,0.0879595,0.0897033
571.476,0.0418874,0.0418422,0.0433309,0.0440448,0.0461656,0.0448613,0.0467007,0.0498297,0.0510464,0.0535701,0.0578103,0.0623286,0.0654427,0.0739539,0.0753489,0.079292,0.0885671,0.0933116,0.0904307
571.922,0.0407586,0.0433519,0.0434898,0.0422212,0.0450308,0.0457609,0.0484232,0.0489294,0.0506178,0.0547228,0.0562868,0.0623461,0.0646784,0.0709924,0.0762544,0.085657,0.0884961,0.0916392,0.0897106
572.367,0.0398083,0.0397619,0.0409127,0.0421697,0.0444253,0.0420912,0.0454813,0.0483678,0.0499799,0.0528166,0.0576077,0.0605323,0.0635568,0.0715347,0.0736932,0.0808062,0.0867121,0.0874103,0.0900546
572.813,0.0383197,0.0429817,0.0399903,0.0417694,0.04573,0.0442812,0.0472533,0.0481837,0.0492427,0.0523859,0.0567206,0.0601891,0.0631229,0.0676435,0.0752463,0.0812024,0.0855279,0.0878353,0.086714
573.259,0.0420617,0.043438,0.0442925,0.0439344,0.0439039,0.0481122,0.0483846,0.052107,0.0533968,0.057222,0.0588795,0.0622474,0.0678461,0.0699936,0.0771587,0.0828617,0.0915383,0.0913823,0.0940593
573.704,0.0428082,0.0432319,0.0451305,0.0445065,0.0450319,0.0457457,0.0496401,0.0503478,0.0513981,0.0550655,0.0604413,0.0612862,0.0665696,0.0705073,0.0782096,0.0835764,0.0880817,0.0915862,0.0903601
574.15,0.0391071,0.0414039,0.0428343,0.0434484,0.0447983,0.045249,0.0468241,0.0502124,0.0536409,0.0553224,0.0558169,0.0627943,0.0658858,0.0717584,0.075151,0.0829092,0.0877651,0.0906279,0.0906184
574.595,0.0421008,0.0420575,0.0419445,0.0442669,0.0448377,0.0475822,0.0471108,0.051077,0.0531696,0.0558318,0.0580317,0.0631666,0.0640299,0.0685263,0.0744705,0.0815097,0.0898285,0.0894284,0.0923268
575.04,0.0429375,0.040882,0.0454323,0.0454596,0.0478807,0.0473003,0.0506904,0.0510003,0.0545205,0.0567071,0.0596251,0.0617346,0.0697159,0.0713381,0.0774834,0.084306,0.0876284,0.0915334,0.0907892
575.485,0.0417657,0.0425742,0.043979,0.0442438,0.0465466,0.0489339,0.0500638,0.0506526,0.0537326,0.0549536,0.0596326,0.0621944,0.0654497,0.0712386,0.0763099,0.0826493,0.0887141,0.0907584,0.0928511
575.93,0.0396704,0.041186,0.0417666,0.0426471,0.0427071,0.0433037,0.0468819,0.0485517,0.0509268,0.0530748,0.0555816,0.0589499,0.0636762,0.0694628,0.0744342,0.0796073,0.0859968,0.0887714,0.0904223
576.375,0.0430401,0.0422996,0.0456455,0.0452956,0.0450231,0.0478391,0.0497091,0.0508591,0.0527391,0.0559976,0.0617252,0.0621665,0.068287,0.074653,0.077879,0.0849533,0.0880066,0.0927219,0.0910751
576.819,0.0421976,0.0424441,0.0446134,0.0456202,0.0442083,0.0473836,0.0488487,0.0507577,0.0525674,0.0573222,0.0570477,0.0632394,0.0648242,0.0716427,0.0769057,0.084567,0.08941,0.0886908,0.0919735
577.264,0.04219,0.0416473,0.0428525,0.0446085,0.0441288,0.0455421,0.047543,0.0472691,0.0499351,0.0524467,0.0561391,0.060784,0.0657405,0.068914,0.0768843,0.0823887,0.0879473,0.0895232,0.0902085
577.708,0.0413345,0.0417227,0.0405362,0.0438509,0.0474581,0.0475077,0.0474024,0.0492963,0.0511731,0.0554719,0.0582467,0.0619978,0.0674346,0.0710744,0.0752118,0.0831784,0.0884504,0.0924483,0.0934529
578.153,0.0410493,0.0433492,0.0419602,0.0435639,0.0441426,0.0473197,0.0459354,0.0478239,0.0493671,0.0524727,0.0586649,0.0600612,0.0639118,0.0717127,0.0771161,0.0811303,0.0876829,0.088646,0.0912069
578.597,0.0403506,0.0432744,0.0430266,0.045216,0.0460006,0.0437984,0.0472882,0.0508333,0.0506373,0.0535214,0.0596903,0.063076,0.0656799,0.0716834,0.0755322,0.0811369,0.0867086,0.0901126,0.0906877
579.041,0.0409185,0.041313,0.0415783,0.0434408,0.0451951,0.0452332,0.0473218,0.0512738,0.0516035,0.0536718,0.0570735,0.0598888,0.0687632,0.0681903,0.0736155,0.0810349,0.0855753,0.0895111,0.0894228
579.485,0.0416214,0.0416294,0.0432569,0.0444907,0.0448816,0.0464614,0.0493556,0.0470403,0.0522666,0.0535965,0.0569996,0.0602971,0.0665688,0.0726654,0.0742801,0.081773,0.0845079,0.0914758,0.0929155
579.929,0.0411671,0.0443086,0.0443066,0.0454227,0.0468625,0.0466258,0.0488477,0.0507392,0.0533997,0.0553205,0.0606924,0.0628628,0.0666079,0.072043,0.0779135,0.0849964,0.0909537,0.092471,0.0934343
580.372,0.0410695,0.0430356,0.0445136,0.0431144,0.0426164,0.0467465,0.0478918,0.0479178,0.0526524,0.0547276,0.0580565,0.0595113,0.0651817,0.071052,0.0768771,0.0813056,0.0890708,0.0907069,0.0918369
580.816,0.0411657,0.0422922,0.0424138,0.0418403,0.0460275,0.0452732,0.048494,0.0474655,0.0522873,0.0559137,0.0584232,0.0604883,0.0648686,0.0692986,0.0732544,0.0830641,0.089231,0.0913922,0.0921458
581.259,0.0419886,0.0440668,0.0452896,0.0423569,0.0468739,0.0484616,0.049331,0.0531965,0.0529731,0.0561733,0.0582245,0.0638331,0.0667905,0.0723213,0.078656,0.0854401,0.0927802,0.0906966,0.0936998
581.703,0.0419602,0.0413806,0.0431084,0.0431408,0.0444806,0.0455418,0.0475246,0.0498408,0.0494574,0.0553073,0.0593322,0.0612474,0.0664909,0.0731421,0.0781589,0.0829364,0.0871127,0.0917374,0.0920782
582.146,0.0418401,0.0434394,0.0446146,0.0440542,0.0465587,0.0457638,0.0468448,0.0517313,0.0533014,0.055369,0.0577506,0.0612284,0.0662825,0.0726493,0.0781612,0.0806007,0.0907068,0.0925182,0.091699
582.589,0.0441208,0.0438353,0.0442397,0.0466205,0.0466869,0.0482673,0.0514254,0.0497255,0.0529732,0.0556218,0.0607776,0.0634167,0.0670918,0.0736439,0.0801526,0.0843888,0.0886196,0.0941681,0.0927833
583.032,0.0425744,0.0430253,0.0423981,0.0457306,0.0463627,0.0466616,0.0494122,0.0516445,0.0529473,0.0557207,0.0613587,0.0629787,0.0666429,0.0728125,0.0752575,0.0830207,0.086573,0.0891362,0.0919219
583.475,0.0426104,0.0436177,0.0449397,0.0442238,0.0446546,0.0477837,0.050401,0.0509933,0.0506828,0.0556112,0.0594499,0.0640669,0.067585,0.0708738,0.0757012,0.0824714,0.0884868,0.0935109,0.0919394
583.918,0.0407703,0.0442042,0.0421683,0.0452059,0.0461124,0.0488254,0.0479756,0.0503604,0.0529195,0.0536612,0.0607815,0.0630462,0.0684481,0.0730383,0.0781293,0.0850247,0.0893825,0.0945244,0.0911228
584.36,0.0385371,0.0411624,0.0428252,0.0415376,0.0450185,0.0452291,0.0468774,0.0495422,0.049548,0.0504325,0.0574035,0.0608387,0.0657387,0.0680401,0.0752834,0.0804922,0.0856888,0.0901821,0.0885705
584.803,0.0419903,0.0428972,0.0424197,0.0434179,0.0440126,0.0464323,0.0471761,0.0490923,0.0518245,0.0543402,0.057826,0.0613004,0.0649642,0.0689849,0.0757814,0.081693,0.0872868,0.0907976,0.0920307
585.245,0.0420321,0.0425912,0.0441634,0.0451286,0.0447744,0.0453531,0.0487575,0.0480749,0.0532529,0.0552551,0.0578497,0.0657574,0.0664558,0.0702562,0.0770346,0.0823809,0.0881486,0.0957199,0.0928093
585.688,0.0404753,0.0413746,0.0410606,0.0427718,0.0422751,0.0443369,0.0463977,0.0471634,0.0470101,0.0543098,0.0550274,0.0596368,0.0658223,0.0690148,0.0741924,0.080516,0.0848783,0.0878267,0.0878866
586.13,0.0405405,0.0424122,0.042842,0.0462581,0.0464192,0.045649,0.0471451,0.0505677,0.0531204,0.0563429,0.0577285,0.0617936,0.0659615,0.0722989,0.076467,0.0830373,0.086236,0.0910632,0.0909255
586.572,0.0424606,0.0443924,0.0449161,0.0444529,0.0464062,0.0461761,0.0481895,0.0506733,0.052727,0.0549726,0.0583213,0.0623773,0.0666169,0.0711582,0.0777964,0.0822684,0.0888541,0.0941315,0.0948911
587.014,0.042252,0.0418513,0.0442099,0.0421775,0.0434233,0.0454582,0.0479654,0.048853,0.052157,0.0542944,0.0561708,0.0607499,0.062949,0.0705623,0.0748518,0.0826507,0.0892477,0.0904566,0.0905074
587.456,0.0404147,0.0416227,0.0416897,0.0440465,0.043859,0.0440399,0.0478235,0.0509171,0.0525599,0.0554574,0.0580421,0.0621002,0.0649745,0.0695315,0.0757917,0.0791211,0.0863043,0.0920421,0.089227
587.897,0.0402929,0.042852,0.0427336,0.0445277,0.0458276,0.0477911,0.0468518,0.0501535,0.0513563,0.0555376,0.0564914,0.0615408,0.0657259,0.069177,0.0789025,0.0820255,0.0883629,0.0922242,0.0906506
588.339,0.0420846,0.044745,0.0445668,0.045546,0.0462376,0.0476662,0.0500592,0.0515276,0.0538359,0.0555952,0.0612231,0.0636162,0.0681337,0.0740187,0.0771687,0.0844525,0.090056,0.0927765,0.0935263
588.78,0.0435731,0.0429986,0.0444282,0.0430669,0.0474694,0.0477624,0.0472234,0.0503691,0.0520434,0.0563153,0.0602082,0.0616941,0.0664102,0.070716,0.0785622,0.0812148,0.0877838,0.0925687,0.0921668
589.222,0.0424625,0.0405581,0.042396,0.0437401,0.0438433,0.0461369,0.0481797,0.0488583,0.0503261,0.0540909,0.057954,0.0634283,0.0654679,0.0713053,0.077061,0.0840434,0.0866205,0.0908571,0.0909471
589.663,0.0419662,0.0432883,0.0446413,0.0430678,0.0459089,0.0453263,0.0477782,0.0513387,0.0515073,0.0545259,0.0567897,0.0603397,0.0656604,0.0717943,0.0771372,0.0831366,0.0882303,0.0907709,0.0912126
590.104,0.0426338,0.0424562,0.0423803,0.0465684,0.0463346,0.0485737,0.0475488,0.0501368,0.0521031,0.055654,0.0598446,0.060746,0.0658508,0.0705011,0.0759554,0.0806668,0.0880638,0.0894226,0.0900928
590.545,0.042702,0.0417619,0.0446706,0.0444131,0.0463948,0.0468803,0.048416,0.0496571,0.05251,0.0565964,0.0571906,0.06295,0.0687039,0.071201,0.0754721,0.084182,0.0890164,0.092288,0.0886684
590.986,0.0404496,0.0413356,0.0421287,0.0438932,0.0453827,0.0463646,0.0472129,0.0500279,0.0538483,0.0534757,0.0601001,0.0624866,0.0651683,0.070823,0.0763363,0.0809616,0.0882033,0.090555,0.0881127
591.427,0.0413898,0.0433331,0.0434721,0.0420735,0.0456461,0.0464792,0.0472313,0.0493464,0.0515087,0.0554173,0.0588211,0.0601244,0.067384,0.0723417,0.0770177,0.0837852,0.0861094,0.0914083,0.0921994
591.867,0.0422558,0.044066,0.0433942,0.0463602,0.0453203,0.0474543,0.0465387,0.0505003,0.0539955,0.05769,0.0571638,0.0632101,0.0664163,0.0729194,0.0791984,0.079339,0.0887663,0.0925862,0.0901766
592.308,0.0416435,0.0419507,0.0442484,0.0444621,0.0463879,0.0466016,0.0495652,0.0493247,0.0543161,0.0538368,0.0587219,0.0625909,0.0661701,0.0696727,0.0763555,0.0842063,0.091676,0.089494,0.0920843
592.748,0.0409923,0.0428745,0.0412661,0.0444253,0.0455068,0.0441919,0.0478909,0.0478996,0.0522572,0.0544098,0.0575652,0.061887,0.065062,0.0706822,0.0772564,0.0805918,0.0870808,0.0918818,0.0914665
593.189,0.0425302,0.0423742,0.0439668,0.0466728,0.0461239,0.0481054,0.0489087,0.0507227,0.0541793,0.0548637,0.0578224,0.0636729,0.0675178,0.0729767,0.0782166,0.0846976,0.089896,0.0926318,0.0913166
593.629,0.0421153,0.0438828,0.0446911,0.0440695,0.0463217,0.0477272,0.0479117,0.0482925,0.0528776,0.0543827,0.0596377,0.0629739,0.0671788,0.0707584,0.077943,0.083052,0.0896064,0.0908398,0.0924055
594.069,0.0422995,0.0407674,0.0449073,0.0452114,0.0450857,0.0472666,0.047337,0.0493139,0.0544001,0.0549969,0.0601953,0.0642684,0.0649097,0.0716038,0.0784921,0.0850669,0.0875263,0.0913822,0.092523
594.509,0.0408522,0.0431008,0.0437544,0.0445748,0.0471396,0.0473583,0.0498204,0.0519644,0.0520228,0.0561001,0.0568742,0.0615633,0.0651984,0.0723093,0.078772,0.0849449,0.0883574,0.0935367,0.0914715
594.949,0.0410089,0.0422846,0.0419883,0.0440992,0.0449628,0.0469951,0.0475892,0.0503695,0.0508625,0.0535384,0.0554936,0.0592921,0.0655334,0.0684547,0.0771158,0.0831924,0.0873531,0.0905616,0.0909262
595.388,0.043733,0.0437229,0.0431316,0.045464,0.0454318,0.0481783,0.0506024,0.0510824,0.0549165,0.0560978,0.0601765,0.0629149,0.0666128,0.0723851,0.0780956,0.0838621,0.0910977,0.0946256,0.094749
595.828,0.0423546,0.0432656,0.0429738,0.0442521,0.0466562,0.0477849,0.05009,0.0505496,0.0513405,0.0548553,0.0613197,0.0624207,0.0694095,0.073484,0.0768699,0.0803914,0.0893506,0.0908209,0.092948
596.267,0.0412666,0.0442896,0.0432105,0.04622,0.0457,0.045706,0.0491483,0.0508088,0.0527421,0.0549638,0.0578301,0.0642167,0.0670117,0.0730663,0.0788626,0.082656,0.088112,0.0931578,0.0933611
596.707,0.0414975,0.0430166,0.0436866,0.0447431,0.045728,0.0467383,0.0477856,0.0504762,0.052651,0.0548576,0.0589285,0.062965,0.0679498,0.0741576,0.0778464,0.0820899,0.0897292,0.0920893,0.0926796
597.146,0.038337,0.0398346,0.043683,0.0432342,0.0444221,0.04298,0.0465065,0.0480537,0.0499113,0.0524748,0.0578208,0.0590708,0.0654614,0.0678988,0.074903,0.0794241,0.0862904,0.0907978,0.0912628
597.585,0.0431965,0.0442209,0.0432239,0.0467608,0.0464378,0.0471072,0.0483218,0.0494281,0.0536312,0.0552115,0.0584599,0.0607227,0.0673704,0.0726156,0.0779875,0.0853502,0.089747,0.0899776,0.0913341
598.024,0.0412497,0.0423083,0.0442197,0.0428099,0.0440191,0.0488005,0.0463783,0.0498103,0.0515049,0.054326,0.0584627,0.0611659,0.066108,0.0704575,0.0756668,0.0829062,0.0880619,0.0940018,0.0907812
598.463,0.0407632,0.0408316,0.0436512,0.0432921,0.0444066,0.0464556,0.0473509,0.0497797,0.0528157,0.0547591,0.0546081,0.0608682,0.0669857,0.0710094,0.0763743,0.0842528,0.0888539,0.0916939,0.0910905
598.902,0.0417613,0.042193,0.0431651,0.0438751,0.0459502,0.0451518,0.0485023,0.0505707,0.0530252,0.0532724,0.0582627,0.0612967,0.0649153,0.0724278,0.07819,0.0834188,0.089193,0.0891255,0.0940131
599.34,0.042004,0.042505,0.0429086,0.0446754,0.0465971,0.0471919,0.0487615,0.0513357,0.0516449,0.0558833,0.0574188,0.062411,0.0644886,0.0729454,0.0761369,0.0831003,0.0887707,0.0921807,0.0919247
599.779,0.0391951,0.0413,0.0444353,0.0429105,0.044739,0.0470267,0.047799,0.0483326,0.0505258,0.0539685,0.0569831,0.0613359,0.0658499,0.0711325,0.0769447,0.083884,0.0885156,0.0927967,0.0931158
600.217,0.0414182,0.044654,0.0437632,0.0442739,0.0470881,0.0454344,0.0494952,0.0495523,0.0526362,0.0555275,0.0602468,0.0630548,0.0670286,0.0694597,0.0798148,0.0839904,0.0900093,0.0913173,0.0928231
600.655,0.0409942,0.0424128,0.0394915,0.0435465,0.0449973,0.0429803,0.0449547,0.0495611,0.0502964,0.0549208,0.0577232,0.0585822,0.0639292,0.0717938,0.0760945,0.0821123,0.0879938,0.0879092,0.0900743
601.093,0.0400266,0.0422631,0.043183,0.0413847,0.042668,0.0448544,0.0470206,0.0483972,0.0495898,0.0535558,0.0567389,0.061558,0.0649177,0.0698993,0.075607,0.0804479,0.0843724,0.088684,0.0894837
601.532,0.0427494,0.0438375,0.0418431,0.0466855,0.046822,0.0452566,0.0472479,0.0512304,0.0530548,0.055407,0.0586137,0.0620549,0.0674827,0.0723627,0.0789538,0.0830685,0.0898709,0.0914806,0.0916449
601.969,0.0382926,0.0411554,0.0406262,0.0419904,0.0435243,0.0439437,0.0461717,0.0472167,0.049165,0.055608,0.0581766,0.0589619,0.0633263,0.0704845,0.0744287,0.0816459,0.0840868,0.0879655,0.0876821
602.407,0.0440499,0.0452984,0.0427077,0.0449474,0.0453748,0.0472955,0.0499287,0.0508296,0.054849,0.0562994,0.059143,0.0632995,0.0652382,0.0727971,0.078954,0.0824992,0.0915673,0.0932897,0.0948408
602.845,0.042268,0.042942,0.0445487,0.0447183,0.0460912,0.0474335,0.0485092,0.050202,0.05227,0.0545239,0.0597175,0.0613054,0.065966,0.0727875,0.0777572,0.0857526,0.0897696,0.0929964,0.0930255
603.282,0.0412266,0.0401206,0.0431483,0.0437566,0.0452993,0.0443319,0.0488549,0.0493119,0.0520113,0.0552026,0.0583271,0.0621211,0.0681212,0.0705542,0.0759474,0.0848108,0.0869281,0.0910487,0.0905808
603.72,0.0402376,0.0426472,0.0443014,0.0424674,0.0438151,0.0456295,0.0466396,0.0496362,0.0516028,0.053811,0.0560415,0.0611701,0.0654526,0.071296,0.0750134,0.0819564,0.0870525,0.0888504,0.0894166
604.157,0.0408592,0.0411966,0.0422499,0.0423469,0.043109,0.0460586,0.046507,0.0486867,0.0529169,0.0528871,0.0579964,0.0596995,0.0660368,0.0698633,0.074526,0.0836225,0.0885369,0.0897444,0.0920522
604.594,0.0405158,0.0424029,0.0445773,0.0416378,0.0454652,0.0451729,0.0464498,0.0478943,0.0518326,0.053653,0.0574779,0.0607738,0.0670331,0.070443,0.0765195,0.0837234,0.0862608,0.0893507,0.0931619
605.032,0.0418593,0.0427543,0.0433116,0.0427291,0.0439425,0.0470107,0.0477677,0.0509807,0.0522988,0.0563094,0.0559077,0.0613482,0.0669145,0.0728451,0.0781739,0.0822348,0.0855816,0.0913323,0.0924385
605.468,0.0420729,0.0440619,0.0442867,0.0460526,0.0446783,0.0478125,0.0486567,0.0507785,0.0537674,0.056581,0.0583766,0.0638988,0.067914,0.0718979,0.0767558,0.0835856,0.0902282,0.0918041,0.0916495
605.905,0.0438185,0.0434023,0.0424239,0.0441657,0.0476957,0.0476755,0.0484965,0.0516,0.051381,0.0540531,0.0569168,0.0613983,0.0661804,0.0712431,0.0788769,0.0825371,0.0874602,0.0915463,0.0930223
606.342,0.0434061,0.0422907,0.0439231,0.0456997,0.0456364,0.0464859,0.0498523,0.0501737,0.052444,0.0554663,0.0575157,0.0626636,0.0661726,0.0734671,0.0794597,0.0839957,0.0897262,0.0915669,0.0913365
606.779,0.0413714,0.0414454,0.0435939,0.0441416,0.0455903,0.0493741,0.0468185,0.0500991,0.0527803,0.0561376,0.058342,0.0613502,0.0667793,0.0726397,0.0779966,0.0831484,0.0882428,0.092441,0.0911064
607.215,0.0401692,0.0409828,0.0403605,0.0423899,0.0440078,0.0457493,0.0448756,0.0481906,0.0523492,0.053166,0.0572521,0.0608643,0.0629056,0.0718647,0.0744641,0.0803581,0.0865324,0.0902659,0.090636
607.652,0.0419175,0.0423776,0.0429221,0.0454621,0.0470399,0.0457035,0.0488207,0.0513189,0.0533007,0.0548272,0.0559349,0.0620654,0.0684985,0.0727541,0.0795929,0.0839566,0.0897595,0.0912671,0.0940011
608.088,0.0435407,0.0420277,0.0442076,0.04576,0.0456473,0.0474563,0.0496063,0.0521457,0.0536216,0.0575559,0.061225,0.0646877,0.0684191,0.0728503,0.0789261,0.0841058,0.0884682,0.0943715,0.0945358
608.524,0.0432812,0.0419506,0.0445948,0.0447892,0.0483282,0.0473613,0.0473043,0.0506572,0.0526298,0.0543478,0.0577691,0.0616623,0.0656342,0.0697706,0.0772039,0.0811799,0.0869866,0.0920069,0.0917174
608.96,0.041517,0.0428961,0.0433712,0.045692,0.0457159,0.0465517,0.0472212,0.048697,0.0529789,0.0534832,0.0594222,0.0625906,0.0676252,0.072999,0.077198,0.0830217,0.0866227,0.0927441,0.0932444
609.396,0.0408003,0.0427165,0.0448916,0.0442896,0.0459317,0.04787,0.0481698,0.0498693,0.0509414,0.0572017,0.0581004,0.0644336,0.0672587,0.0728258,0.074334,0.0820889,0.087965,0.0909995,0.0920326
609.832,0.0420039,0.0440489,0.0432126,0.0426601,0.0457914,0.0470262,0.0469125,0.0508016,0.0541259,0.0553743,0.057162,0.0617879,0.0694949,0.0741106,0.0751748,0.0868315,0.0881058,0.0906836,0.0924778
610.267,0.0421785,0.0438447,0.0430892,0.0468293,0.0432142,0.0482466,0.0489862,0.0514778,0.0555251,0.0566325,0.0587986,0.0625649,0.0683937,0.0713873,0.0777989,0.0824874,0.0888075,0.0923031,0.0937969
610.703,0.0402877,0.0432348,0.0430111,0.0439269,0.0445829,0.0456707,0.0476133,0.0477859,0.0530612,0.0567617,0.0563839,0.0625349,0.0642373,0.0711243,0.0756684,0.0830686,0.0877892,0.0911545,0.0920346
611.138,0.0423816,0.0420989,0.0430398,0.0448296,0.0451677,0.0472984,0.0460958,0.0504934,0.0532597,0.0544867,0.0572376,0.0617715,0.0642642,0.0719816,0.078122,0.0834778,0.0855964,0.0918312,0.0926619
611.574,0.0395608,0.0412961,0.0407738,0.0431868,0.0433294,0.0461817,0.0440709,0.0481077,0.051242,0.0537622,0.0584148,0.0611071,0.0651642,0.0695199,0.0742341,0.0820382,0.086509,0.088797,0.0889548
612.009,0.0406379,0.0427421,0.0435313,0.0446329,0.0466543,0.0465582,0.0477675,0.0526767,0.0532595,0.0543959,0.058355,0.0643233,0.0701866,0.0718172,0.0787722,0.0848515,0.0874985,0.0899104,0.0924197
612.444,0.0430369,0.0442656,0.0429295,0.0449383,0.0458812,0.0476794,0.0484354,0.0515839,0.0515236,0.0545418,0.0583511,0.0618783,0.0660285,0.0730415,0.0779734,0.0854117,0.0882046,0.0923415,0.0947692
612.879,0.0419566,0.0414011,0.0427502,0.0448949,0.0472562,0.0491507,0.0507831,0.0510827,0.0544154,0.0565132,0.0595992,0.0613624,0.0660752,0.0704805,0.0763265,0.0838293,0.0913424,0.0918601,0.090763
613.314,0.0429687,0.0431834,0.0431097,0.0429972,0.0449494,0.0459367,0.0475803,0.0501216,0.0525381,0.0551865,0.0583546,0.0611472,0.0653328,0.0698096,0.0774257,0.0813661,0.0885588,0.0894744,0.091028
613.748,0.0407746,0.0425333,0.0422701,0.0445164,0.0434483,0.0448772,0.046789,0.0489912,0.0524808,0.0536686,0.0581047,0.0614108,0.0668473,0.0708014,0.0751611,0.0816943,0.0848749,0.0895938,0.0926338
614.183,0.0429469,0.0412691,0.0428357,0.044414,0.0452105,0.0472602,0.0492697,0.0502908,0.0532769,0.0568993,0.0578227,0.0620168,0.0642389,0.0688122,0.0744529,0.081515,0.0898241,0.0933081,0.0909935
614.617,0.0424418,0.0420539,0.0436612,0.044425,0.0468563,0.0463143,0.0475815,0.0489252,0.054004,0.0536558,0.0597698,0.0649197,0.0649124,0.0735986,0.0767918,0.0831641,0.0893642,0.0932047,0.0910602
615.052,0.0421096,0.0404889,0.0433788,0.0435929,0.0446698,0.0457754,0.0477854,0.0507968,0.0509638,0.0540614,0.0588493,0.0615717,0.0675428,0.0720955,0.076705,0.0849572,0.0868589,0.0934667,0.0939364
615.486,0.0409948,0.04344,0.0435423,0.0442548,0.0455331,0.0452514,0.0472101,0.047746,0.0523198,0.0559087,0.0566048,0.0632642,0.0667197,0.0707011,0.0767954,0.0810145,0.0867612,0.0908515,0.0928695
615.92,0.0401184,0.0432898,0.0428803,0.0434506,0.046199,0.045716,0.04812,0.0510096,0.0519036,0.0563389,0.0594392,0.0639638,0.06579,0.0717093,0.075346,0.0842483,0.0882197,0.0926719,0.0952434
616.354,0.0399152,0.0423945,0.04284,0.042589,0.0430836,0.0452259,0.0495876,0.0500344,0.0526843,0.0532584,0.0578504,0.0638908,0.0646301,0.0718631,0.0759399,0.0823601,0.089901,0.0902618,0.0910686
616.788,0.0399585,0.0440048,0.0446368,0.0453106,0.0452229,0.0454191,0.0497832,0.0498827,0.052858,0.0547563,0.0580114,0.0635245,0.0655958,0.0711425,0.0781608,0.0847128,0.0872008,0.0908717,0.0910557
617.222,0.0410536,0.0414522,0.042986,0.0446388,0.0450067,0.0455445,0.0486094,0.0506512,0.0519211,0.0535949,0.0558631,0.0606436,0.0658475,0.0729213,0.0769554,0.0821037,0.0882567,0.0918899,0.0915467
617.655,0.0413313,0.0437008,0.0431716,0.0445712,0.0444062,0.0472383,0.0482642,0.052651,0.050454,0.0548369,0.0580648,0.0588754,0.0670532,0.0709648,0.0796935,0.0831289,0.0874804,0.0923297,0.0925345
618.089,0.0429367,0.0418686,0.0434554,0.0439283,0.0452577,0.0461436,0.0478662,0.0497718,0.0517044,0.0540969,0.0576026,0.0601116,0.0655677,0.0709164,0.0768332,0.0812687,0.0892142,0.0917874,0.0932959
618.522,0.0418352,0.0397849,0.0419801,0.0451677,0.0441822,0.045796,0.0477565,0.0500313,0.0547868,0.0551266,0.0583511,0.0617695,0.0643913,0.0704405,0.0791395,0.0834434,0.088881,0.0919066,0.0918759
618.956,0.0399932,0.0417963,0.0437324,0.0423945,0.0471001,0.0449031,0.0472415,0.0495146,0.0512348,0.0550047,0.0564529,0.0616478,0.0631134,0.0714977,0.0769223,0.0806212,0.0871842,0.09261,0.0909035
619.389,0.0424603,0.0419489,0.0449891,0.0432279,0.0445582,0.0461548,0.049496,0.0491404,0.0526871,0.0532575,0.0584783,0.0618411,0.0662737,0.0727832,0.0769968,0.0838574,0.0901722,0.0889379,0.0928733
619.822,0.0421229,0.0420123,0.043762,0.0431925,0.0460714,0.0474334,0.0468435,0.0513934,0.0528921,0.054607,0.0594104,0.0613825,0.0663456,0.0702273,0.0758379,0.082576,0.0895312,0.0928136,0.091874
620.255,0.0406834,0.0421418,0.0429892,0.0423919,0.0454173,0.0438146,0.045435,0.0478723,0.0527947,0.0531192,0.0585408,0.0608283,0.0632697,0.0692386,0.0750208,0.0823156,0.0882133,0.0903489,0.0902845
620.688,0.0396992,0.0421041,0.0417936,0.0419511,0.044494,0.0451162,0.0458745,0.0490455,0.0519769,0.0565202,0.0576713,0.0593356,0.0646664,0.0698298,0.075741,0.0812312,0.0876149,0.0904235,0.0939506
621.12,0.0415759,0.0436675,0.0447154,0.0454054,0.047447,0.0462513,0.0500525,0.0515765,0.0527687,0.056537,0.0607962,0.0634688,0.0683503,0.0710678,0.0811739,0.0860162,0.0915188,0.093597,0.0925459
621.553,0.0415048,0.0425477,0.0433989,0.0455239,0.0457114,0.0471286,0.0491354,0.0496394,0.0520411,0.0553675,0.0582211,0.0619091,0.0656116,0.0744992,0.0773413,0.0845792,0.0870092,0.0909976,0.0920953
621.985,0.0410428,0.042575,0.0410313,0.0443371,0.0460025,0.0465188,0.0489861,0.049863,0.053439,0.055901,0.0575529,0.0605056,0.0628528,0.0706061,0.076364,0.0801059,0.0890586,0.0917706,0.0898342
622.418,0.0424707,0.0403758,0.0444083,0.0444516,0.0480431,0.0473079,0.0497758,0.0515758,0.0503755,0.0534812,0.0590277,0.0645714,0.0676168,0.072328,0.0784723,0.0828996,0.0882385,0.0949103,0.0941243
622.85,0.0413498,0.0442348,0.044563,0.0467342,0.0471196,0.0475555,0.0482424,0.0516431,0.0547092,0.0575443,0.0607646,0.0626172,0.0695655,0.0711604,0.0788576,0.0853137,0.0897233,0.0953721,0.0931893
623.282,0.0413231,0.03971,0.0439349,0.0434969,0.0432847,0.0461512,0.0431138,0.048628,0.051421,0.0536632,0.0575024,0.0622148,0.0656565,0.0719127,0.0735538,0.0805176,0.0907489,0.091365,0.0913214
623.714,0.0404103,0.0425985,0.0432922,0.0434162,0.0446264,0.0460654,0.0462519,0.0496577,0.0516421,0.0556186,0.0595962,0.0611345,0.0661071,0.0701724,0.07703,0.0807977,0.0901235,0.0925928,0.0926545
624.146,0.0421185,0.042024,0.043245,0.0433811,0.0447821,0.0467315,0.0479886,0.0500514,0.0524827,0.0564378,0.0585369,0.0609996,0.0673048,0.0723261,0.0784005,0.0824567,0.0878786,0.0916921,0.0920373
624.577,0.0406758,0.0431285,0.0418322,0.0436927,0.0449388,0.0452271,0.048701,0.0498077,0.0508456,0.0515539,0.0578733,0.0629507,0.066955,0.0720114,0.075345,0.0836469,0.0880284,0.0911329,0.0935625
625.009,0.041469,0.0419391,0.0426788,0.0422069,0.0461588,0.0481129,0.0480725,0.0490666,0.0527825,0.0550292,0.0579448,0.0599168,0.065824,0.0719603,0.0750007,0.0811063,0.0883479,0.0911955,0.092872
625.441,0.0376657,0.0404787,0.0409796,0.0403668,0.0433592,0.0430549,0.044014,0.0472581,0.0495638,0.0524597,0.0557139,0.0573733,0.0604131,0.0675768,0.0724479,0.0791878,0.0854713,0.0902905,0.0904832
625.872,0.045285,0.0450424,0.0436323,0.0433377,0.0442983,0.0473979,0.0494829,0.0511154,0.054698,0.0560565,0.0586548,0.0622552,0.0686074,0.0696913,0.0781983,0.0842494,0.0898595,0.0927684,0.0927416
626.303,0.0410076,0.0415354,0.0443338,0.0448521,0.0454258,0.0481174,0.0471042,0.0481845,0.052672,0.0549785,0.0584144,0.0606761,0.0666009,0.0715698,0.0765639,0.0817924,0.0897036,0.0935557,0.0917806
626.734,0.0424859,0.0450406,0.0465183,0.0451785,0.0471208,0.0485817,0.0468681,0.0496205,0.0522539,0.0523523,0.060606,0.0640616,0.0680227,0.0717996,0.0772442,0.0804791,0.088755,0.0932555,0.0927231
627.165,0.0392544,0.0405932,0.0416912,0.0446639,0.0457821,0.0447984,0.0457605,0.0464606,0.0509862,0.0531124,0.0570439,0.0596783,0.0659961,0.0711622,0.0767701,0.0829053,0.0862805,0.0904569,0.0909681
627.596,0.0416397,0.0430288,0.0448759,0.0439979,0.0456112,0.0459779,0.0496066,0.0495984,0.0533362,0.0558292,0.0582482,0.0606319,0.0674143,0.070784,0.0782497,0.0816694,0.0873042,0.0933965,0.0907662
628.027,0.0406985,0.0417805,0.0437774,0.0431293,0.0456703,0.0463529,0.0475744,0.0492756,0.0528842,0.0562805,0.0585451,0.0605062,0.0664708,0.0717974,0.0776765,0.0827692,0.0869378,0.090493,0.0911124
628.458,0.0429093,0.041859,0.0431945,0.0438609,0.0465222,0.0443378,0.0481175,0.0509843,0.0533204,0.0561258,0.058165,0.0648474,0.0655527,0.0697883,0.0763178,0.0844667,0.0884647,0.0914155,0.09228
628.888,0.0409116,0.0446776,0.0449249,0.0446239,0.0448505,0.0472388,0.0478542,0.0524894,0.051259,0.0562048,0.0590341,0.0603382,0.0676333,0.0729813,0.0765919,0.0833139,0.0902668,0.0923404,0.0935012
629.319,0.0428291,0.0410208,0.0411743,0.0445139,0.0461722,0.0482133,0.0476482,0.0498245,0.0512319,0.0519736,0.0584005,0.0614122,0.0660841,0.0720197,0.0762748,0.0821528,0.0880721,0.0895714,0.0959988
629.749,0.04182,0.0417232,0.0419456,0.0425429,0.0440183,0.0460399,0.0461733,0.0482847,0.0499328,0.0538182,0.0597682,0.0610411,0.0664659,0.0727502,0.0760695,0.0826035,0.0876174,0.0901965,0.0903202
630.179,0.0414922,0.0430993,0.0430766,0.0437284,0.0437163,0.0459962,0.0481836,0.0506386,0.0529849,0.0557116,0.0585177,0.0624037,0.0670333,0.0727075,0.076217,0.0844273,0.0910565,0.0935666,0.0936953
630.609,0.0406591,0.0418761,0.0441121,0.0452823,0.0459439,0.047928,0.0460032,0.0508592,0.0503224,0.0573511,0.0575155,0.0599119,0.0673888,0.0711573,0.0770781,0.0826496,0.0888125,0.0950101,0.0915708
631.039,0.0396213,0.0421873,0.0427868,0.0443173,0.0453214,0.0462315,0.0484967,0.0512449,0.0522512,0.0568146,0.0596859,0.0623945,0.0683932,0.071117,0.0779614,0.083909,0.0911993,0.0920362,0.0927907
631.469,0.040884,0.0431324,0.0431222,0.0447757,0.0447576,0.0453884,0.0470761,0.0499018,0.0508481,0.0538646,0.0564663,0.0628426,0.0637432,0.071151,0.0761988,0.0819317,0.0870319,0.0892365,0.0934147
631.899,0.041568,0.0380319,0.0419535,0.042875,0.0447317,0.0471212,0.0491598,0.0499662,0.0511806,0.0548292,0.0567958,0.0612566,0.063686,0.0701583,0.0787535,0.0832274,0.0881418,0.0908785,0.0913503
632.328,0.0429149,0.0432768,0.04392,0.0452112,0.044586,0.0428602,0.0469365,0.0499892,0.0521795,0.0566813,0.0561147,0.0635792,0.0647976,0.0708695,0.0776736,0.084502,0.0894406,0.090311,0.0931065
632.758,0.0402338,0.0405379,0.0415241,0.043104,0.0466719,0.0439741,0.0468519,0.049765,0.0511556,0.0536686,0.0583077,0.0607676,0.0658951,0.0695113,0.0763816,0.0815456,0.0874292,0.0917299,0.0928343
633.187,0.0419654,0.0417958,0.0440353,0.0429451,0.0459299,0.0464523,0.0476177,0.0504429,0.0522261,0.0556038,0.0590791,0.0632486,0.0675217,0.0712998,0.0775254,0.0839332,0.0914259,0.0895488,0.0925963
633.616,0.0416358,0.0434042,0.0453497,0.0441681,0.0452623,0.0465905,0.048961,0.0508846,0.0531345,0.0561985,0.058128,0.062294,0.0653346,0.0731055,0.0767768,0.0822731,0.0895192,0.0930266,0.0947691
634.046,0.041363,0.0404214,0.0408124,0.0441228,0.0453875,0.046454,0.0461619,0.0486888,0.0500546,0.0551495,0.0611414,0.0602921,0.0659117,0.0738175,0.0775293,0.0807622,0.0885328,0.0911056,0.0911373
634.475,0.0408145,0.0430279,0.0409156,0.0467048,0.0473089,0.0473736,0.0472252,0.0488416,0.0518556,0.0549037,0.0567226,0.0618701,0.0660273,0.0706844,0.076985,0.0821159,0.0909816,0.0903915,0.0925749
634.903,0.0392453,0.0411967,0.0422073,0.0445682,0.0456129,0.0466259,0.0483876,0.0491871,0.0506895,0.055392,0.0582523,0.0624252,0.0670193,0.0703423,0.0746044,0.0829684,0.0922982,0.094992,0.0909737
635.332,0.0414648,0.0427171,0.0418386,0.0452747,0.046474,0.0461946,0.0484085,0.0508998,0.0528405,0.054794,0.0598061,0.0628295,0.0671325,0.0709843,0.0765333,0.0825212,0.0885025,0.0940265,0.0957575
635.761,0.0421511,0.0430053,0.0425661,0.0450541,0.0460431,0.046161,0.0508263,0.0503057,0.0523561,0.0552652,0.056586,0.0616206,0.0665556,0.0690381,0.0772298,0.0832904,0.0888542,0.0914466,0.0914454
636.189,0.0424215,0.0399233,0.0427319,0.043631,0.0456379,0.045418,0.0473381,0.0489138,0.0506228,0.0548903,0.0573203,0.0596445,0.0648484,0.0718648,0.0751694,0.0819708,0.0871284,0.0918261,0.0915209
636.618,0.0438812,0.0436651,0.0447843,0.0465711,0.0469396,0.0486884,0.0477202,0.0501376,0.0541861,0.0558388,0.0588421,0.0626716,0.0674213,0.0738713,0.0810675,0.0857296,0.0893201,0.0923681,0.092052
637.046,0.0439719,0.0431716,0.0421806,0.0443161,0.0445114,0.047298,0.0482444,0.0510955,0.0512489,0.0539659,0.0595029,0.0617499,0.0662781,0.0718843,0.077698,0.0842362,0.0882232,0.0939446,0.094423
637.474,0.0415494,0.0423426,0.0425569,0.0447317,0.0443742,0.0441904,0.0474084,0.0499983,0.0520824,0.0548802,0.0577693,0.0640083,0.0665227,0.0719922,0.0766012,0.0816124,0.0882527,0.0924819,0.0911465
637.902,0.0402679,0.0388909,0.0425941,0.0409538,0.0437662,0.0462376,0.0486906,0.047179,0.0517888,0.0529997,0.0596858,0.0612113,0.0681964,0.0716724,0.0762774,0.0812578,0.0866322,0.0895664,0.0924859
638.33,0.0414355,0.0416434,0.0445439,0.0438186,0.0442193,0.0464152,0.0493465,0.0496143,0.0518339,0.0537021,0.0579552,0.0620991,0.066686,0.0702212,0.0758607,0.0827438,0.0872274,0.0905132,0.0906728
638.758,0.0428738,0.043002,0.0429654,0.043562,0.0460972,0.0463236,0.0480323,0.0529683,0.0542121,0.0543719,0.0598177,0.063039,0.0693087,0.0717701,0.0795305,0.0843273,0.0899504,0.0933505,0.0943343
639.186,0.0401133,0.0413445,0.041969,0.0439731,0.0440087,0.044743,0.0469049,0.0486696,0.0530805,0.0541628,0.0580211,0.0618217,0.0655641,0.0694183,0.0758351,0.0824557,0.088535,0.0894885,0.0909486
639.613,0.0426769,0.0428181,0.0448447,0.0442258,0.0458742,0.0477595,0.0490552,0.0479792,0.0510558,0.0556037,0.059397,0.0619852,0.066461,0.0727009,0.0782483,0.0819696,0.0907919,0.0917475,0.0940594
640.041,0.0404691,0.0398185,0.0424764,0.0411695,0.0448545,0.0434014,0.0478961,0.0458377,0.052831,0.0505281,0.0614388,0.0636438,0.0656602,0.0693677,0.0758383,0.0809185,0.0892596,0.090999,0.0915516
640.468,0.0438904,0.0428941,0.0432413,0.0455472,0.0471387,0.0460507,0.0492622,0.0505904,0.0538963,0.055271,0.0607204,0.0637831,0.0677553,0.0730138,0.0792813,0.083657,0.0910953,0.0953679,0.0963217
640.895,0.0398495,0.0412996,0.0434957,0.0433723,0.0462021,0.0450169,0.0450842,0.0475333,0.0501288,0.0551602,0.0561573,0.0618668,0.0639822,0.068433,0.0746614,0.0797591,0.0888692,0.0932267,0.0899546
641.322,0.0426422,0.0444286,0.0436777,0.0448213,0.0465636,0.0484948,0.0489566,0.0489254,0.0527053,0.0569587,0.0614933,0.0622562,0.0670482,0.0753947,0.0789212,0.0841969,0.0908009,0.0934221,0.0946713
641.749,0.0420307,0.0428041,0.0448691,0.0460609,0.0453591,0.0454914,0.0482295,0.0525831,0.0533807,0.0560691,0.0597392,0.0626666,0.0652959,0.0727242,0.0781283,0.0842156,0.0885234,0.0931843,0.0945836
642.176,0.0412251,0.0423094,0.0442681,0.0455741,0.045386,0.0489109,0.0484547,0.0506344,0.053318,0.0552214,0.0609839,0.0627286,0.0657056,0.073888,0.0786126,0.0845837,0.0885494,0.0927025,0.0923318
642.603,0.0407755,0.0433351,0.0415492,0.0429113,0.0454105,0.0453964,0.0474298,0.0483936,0.0514958,0.0562446,0.0554418,0.0630868,0.0662041,0.071757,0.0771433,0.0821005,0.0893544,0.093213,0.0934346
643.029,0.0414141,0.0419834,0.0436513,0.0440315,0.0460756,0.0461602,0.0482666,0.0508965,0.0507092,0.0566546,0.0575051,0.0612856,0.0661951,0.0751445,0.0755937,0.08253,0.0914535,0.0924298,0.0932118
643.456,0.0411454,0.0422968,0.0425332,0.0454424,0.043898,0.0460619,0.0490869,0.0494827,0.0497704,0.055016,0.0584067,0.0623927,0.0653567,0.0713357,0.0774652,0.0823635,0.0904345,0.0900156,0.0953596
643.882,0.0430165,0.0431126,0.0444353,0.045521,0.0468136,0.0499577,0.0484809,0.0498386,0.0541458,0.0572233,0.060645,0.0641145,0.0674266,0.0724625,0.0764476,0.0839315,0.0893978,0.0902202,0.094532
644.308,0.0423277,0.0429944,0.0446881,0.0437233,0.0464556,0.0466691,0.0496319,0.048844,0.0520635,0.0542401,0.0585572,0.0613858,0.0665019,0.0721453,0.0785663,0.0850134,0.0866151,0.0893562,0.0923699
644.735,0.0416231,0.0405194,0.0428462,0.0465193,0.0456568,0.0443047,0.0474802,0.0484286,0.052397,0.0552586,0.0553294,0.0616572,0.0631478,0.0717439,0.0745236,0.0810549,0.0851986,0.0920079,0.0926872
645.161,0.0433931,0.0398142,0.0449114,0.0416255,0.0440103,0.04701,0.0481305,0.0506951,0.0518249,0.057869,0.0589453,0.0596536,0.0670574,0.070793,0.0760121,0.0800442,0.084801,0.0934864,0.0949257
645.586,0.0423649,0.0417212,0.0433038,0.0423293,0.0448261,0.0464405,0.046485,0.0499396,0.0502214,0.053334,0.0588419,0.0605882,0.0670151,0.0687706,0.0758287,0.0830444,0.0887046,0.0927556,0.092847
646.012,0.0423057,0.043275,0.0423239,0.0440286,0.04404,0.0471942,0.0473096,0.0500918,0.0501517,0.0531715,0.0578932,0.0618564,0.0661133,0.0708776,0.0796697,0.0831632,0.0852065,0.0896728,0.0932366
646.438,0.0442378,0.0428642,0.043585,0.0449372,0.0445978,0.0469271,0.046296,0.0500355,0.0513913,0.0564728,0.0575564,0.0618557,0.0673354,0.071669,0.0780959,0.081291,0.086605,0.0918872,0.0894963
646.863,0.0417584,0.0410029,0.0411156,0.0440825,0.0444086,0.0467667,0.048712,0.0503573,0.051385,0.0539646,0.0583695,0.0614439,0.0612285,0.0738054,0.0778071,0.0840125,0.088442,0.093764,0.0929301
647.289,0.0400695,0.0416059,0.0415821,0.042215,0.0432215,0.0446635,0.0463129,0.0485348,0.0500834,0.0523998,0.0562063,0.0611146,0.06393,0.0705007,0.076084,0.082439,0.0877793,0.0891147,0.0930443
647.714,0.0418517,0.0398615,0.0413139,0.044953,0.044725,0.0468852,0.0491792,0.0487863,0.052284,0.0550714,0.0569389,0.0605805,0.0655125,0.0716209,0.0773726,0.0804049,0.0876984,0.0922084,0.0929866
648.139,0.0400653,0.040187,0.0416312,0.041645,0.0440791,0.0440832,0.0484602,0.0480607,0.0502073,0.0541577,0.0586348,0.061114,0.0643031,0.0709869,0.0748472,0.0801288,0.0867269,0.0941618,0.0913061
648.564,0.0403193,0.0418219,0.0424037,0.0422125,0.0439075,0.0465335,0.0469753,0.0474519,0.0487071,0.0549757,0.0571744,0.0639689,0.0663385,0.0684903,0.0769687,0.0821431,0.0867616,0.0939041,0.0903839
648.989,0.0420218,0.0428633,0.0442515,0.0426959,0.0446471,0.0480444,0.0491126,0.0510726,0.0533588,0.0550604,0.0597802,0.0601654,0.0680516,0.0724823,0.075905,0.0834589,0.0858601,0.0917783,0.0919781
649.414,0.0416494,0.0440301,0.0428122,0.0445808,0.0460085,0.0490142,0.0502747,0.0509242,0.0531269,0.0558349,0.0580096,0.0623619,0.067638,0.0716236,0.0772319,0.0820283,0.0895343,0.0938881,0.090767
649.839,0.040896,0.041,0.0431806,0.0455932,0.0447734,0.0461112,0.0470607,0.0504909,0.0502647,0.0565842,0.0592367,0.0617099,0.0671445,0.0715331,0.0759111,0.0840763,0.0919255,0.0925634,0.0940718
650.263,0.0418231,0.0429539,0.0417077,0.0424249,0.042174,0.0454164,0.0460914,0.0494531,0.0508554,0.0538225,0.0581531,0.0604892,0.0673982,0.07492,0.0755385,0.0806223,0.0911373,0.0899953,0.0911523
650.688,0.0426269,0.0430328,0.0445001,0.0442782,0.04403,0.0473159,0.0480435,0.0506752,0.0523319,0.0552956,0.0583851,0.0599233,0.0638602,0.0730959,0.0768928,0.0827519,0.0906563,0.0905857,0.0926821
651.112,0.0371035,0.0397631,0.0417914,0.0449221,0.0450163,0.0464688,0.0479118,0.051474,0.0515585,0.0536504,0.0589122,0.062141,0.0655159,0.0723823,0.0760284,0.0832065,0.0880469,0.0899849,0.0927768
651.536,0.0417761,0.0427927,0.0423751,0.0469795,0.0467504,0.0474339,0.0498828,0.0509515,0.0518525,0.0568232,0.0584799,0.0622992,0.0663679,0.0753403,0.0768452,0.0822718,0.0905841,0.0929627,0.0920247
651.961,0.0396665,0.0424637,0.0436701,0.0439559,0.0454638,0.0455955,0.0497199,0.0504734,0.0525267,0.0540849,0.0586922,0.0613975,0.0681504,0.0707458,0.0742565,0.08341,0.0887269,0.0912155,0.0920516
652.384,0.0384244,0.0390888,0.0404289,0.0417177,0.0431185,0.0437172,0.0484188,0.046504,0.0483386,0.0518623,0.0568639,0.0596533,0.0632875,0.0717132,0.072723,0.0823292,0.0848904,0.0894921,0.0915548
652.808,0.0411621,0.042253,0.0439996,0.0444974,0.0466853,0.0476339,0.0519178,0.0488403,0.0538778,0.0573664,0.0580126,0.0622484,0.0669441,0.0715869,0.0761709,0.0818041,0.088722,0.0919702,0.0932935
653.232,0.0416961,0.0415002,0.0430154,0.0436768,0.0448905,0.04686,0.0457249,0.0506338,0.051017,0.0524891,0.0588985,0.0602408,0.0652551,0.0705862,0.0772442,0.081844,0.0879682,0.0898031,0.0903105
653.656,0.0417755,0.0416498,0.0428295,0.044667,0.0443046,0.046888,0.047208,0.0472935,0.0531002,0.0535556,0.0592029,0.0635105,0.0662518,0.0720998,0.0769729,0.0828025,0.0866336,0.0924307,0.0929719
654.079,0.038281,0.0411108,0.0408082,0.041305,0.0434445,0.043112,0.0451221,0.0482051,0.0508017,0.0535662,0.0559486,0.0614596,0.0639104,0.0698346,0.0757957,0.0825108,0.0879398,0.0891021,0.0910018
654.503,0.0417885,0.0417231,0.0437981,0.0436492,0.0421272,0.0449506,0.0489496,0.0477215,0.0526802,0.0551344,0.056596,0.0637595,0.0674081,0.0718318,0.0782762,0.0821354,0.0898902,0.0909329,0.0964763
654.926,0.0380237,0.0401928,0.0420344,0.0412843,0.0436775,0.0451939,0.0463625,0.0485404,0.053189,0.0527164,0.0547198,0.0619165,0.0635763,0.070197,0.0735334,0.0811718,0.0852551,0.0913961,0.0934133
655.349,0.0446518,0.0414746,0.0423748,0.0423611,0.0470988,0.048094,0.0490263,0.0527111,0.0536627,0.0556287,0.0572407,0.0612447,0.0677488,0.0707384,0.0786601,0.0877174,0.0878158,0.0911955,0.0960204
655.772,0.0414797,0.040429,0.0441731,0.043724,0.0466249,0.0476766,0.0485515,0.0497199,0.0507108,0.055237,0.0587731,0.0601746,0.0662939,0.073396,0.0803425,0.0833174,0.0887854,0.091173,0.0922803
656.195,0.0419369,0.03975,0.0430306,0.0439721,0.0467501,0.04747,0.0495526,0.0497167,0.0528831,0.0553974,0.0568737,0.0624703,0.0656256,0.0740138,0.0794496,0.0832142,0.0901397,0.0929218,0.0950499
656.618,0.0403547,0.041663,0.0426822,0.0471419,0.0449661,0.0478434,0.0497863,0.0497451,0.0546908,0.0548949,0.0574206,0.0629601,0.0660382,0.0746109,0.0792182,0.0844505,0.0899894,0.0933372,0.0935958
657.04,0.0417066,0.040456,0.0444611,0.0429735,0.0453325,0.0463982,0.0486403,0.0498526,0.0502328,0.0550066,0.0577075,0.060478,0.0632777,0.0703525,0.0761124,0.0819833,0.0878826,0.0906679,0.0914468
657.463,0.0404458,0.0402633,0.0433405,0.044305,0.0453546,0.045172,0.0484739,0.0510092,0.0505028,0.0518755,0.0581322,0.061994,0.0660586,0.0707632,0.0770979,0.0820093,0.0872985,0.0888927,0.0928733
657.885,0.0397812,0.0416997,0.0420556,0.0432875,0.044281,0.0462252,0.0487599,0.0466356,0.050453,0.0558172,0.0553156,0.0615521,0.0650004,0.0697494,0.0758148,0.0809284,0.0857805,0.09019,0.0916336
658.308,0.0428777,0.0427979,0.0434931,0.0431548,0.0449211,0.0459859,0.0496771,0.0526146,0.0542536,0.0544165,0.0587924,0.0617456,0.0656999,0.0696085,0.0791897,0.0844328,0.087663,0.0943028,0.095588
658.73,0.0406402,0.0410285,0.0411353,0.0421603,0.0458581,0.0461176,0.047913,0.0475105,0.0527252,0.05389,0.0555816,0.0607761,0.0649462,0.0717041,0.0746129,0.0819586,0.0858399,0.0900008,0.0908594
659.152,0.0423062,0.0427433,0.0418251,0.0431398,0.0433065,0.0463301,0.048417,0.0477518,0.0519252,0.0536522,0.0574616,0.0605288,0.0661807,0.0719251,0.0766878,0.0837693,0.0878019,0.0895664,0.0930203
659.574,0.0414977,0.0442779,0.0443125,0.0436585,0.0451069,0.0477474,0.0481586,0.0502778,0.0537954,0.0533326,0.0587231,0.058673,0.0660189,0.0717985,0.0763075,0.0843261,0.0891188,0.0910332,0.0923643
659.996,0.041491,0.0407641,0.0410405,0.0450167,0.0445049,0.0474984,0.048343,0.0509639,0.0522606,0.0517957,0.0593261,0.0613268,0.0666919,0.0717858,0.0797849,0.0803485,0.0876668,0.0934739,0.0943162
660.417,0.0411405,0.0416778,0.042746,0.0423641,0.0450929,0.0462603,0.0468849,0.0482684,0.0505513,0.0539786,0.0578945,0.0596736,0.0633491,0.068868,0.0771557,0.0829993,0.0857333,0.0903861,0.0908634
660.839,0.0399593,0.0412231,0.0441951,0.0418432,0.0464862,0.0470422,0.0480793,0.046865,0.0533341,0.055401,0.0573995,0.0618915,0.0673495,0.0726693,0.077228,0.0843916,0.0878264,0.0902662,0.0932942
661.26,0.0383142,0.0409826,0.0412241,0.0389017,0.0432438,0.0414531,0.0473973,0.0478771,0.0501538,0.0540891,0.056565,0.0584562,0.0629822,0.0679213,0.0751475,0.0812285,0.0831944,0.0914211,0.0912485
661.682,0.0394256,0.0391974,0.0419834,0.0432638,0.0435779,0.0442158,0.0456546,0.0479037,0.0521866,0.0558674,0.0560045,0.060801,0.0658114,0.0698702,0.0770166,0.0812723,0.0870908,0.0929763,0.0931377
662.103,0.0415964,0.0410273,0.0431084,0.0440195,0.0456164,0.0472615,0.0479424,0.0509778,0.0524459,0.0545408,0.0595892,0.0623175,0.0645016,0.0728946,0.075566,0.08242,0.0871742,0.0925141,0.0961474
662.524,0.041045,0.0433009,0.0434522,0.0429596,0.045965,0.0465561,0.0476337,0.0487678,0.0531161,0.0550358,0.0598941,0.0629193,0.0667662,0.0723249,0.0765851,0.0834264,0.0916498,0.0908667,0.0901808
662.945,0.0399027,0.0440736,0.0439765,0.0453291,0.0438275,0.0463664,0.0481802,0.0477665,0.0542931,0.0550542,0.056695,0.0623593,0.0668808,0.0720507,0.0782621,0.0846072,0.0883786,0.0937224,0.0930835
663.366,0.0403712,0.0418575,0.0408679,0.0439997,0.043777,0.0464034,0.0466766,0.0499871,0.052025,0.055161,0.0572279,0.0589884,0.0647337,0.0711892,0.0783504,0.0825868,0.0882959,0.0948865,0.0949868
663.787,0.0412754,0.0419322,0.0429758,0.043199,0.0444368,0.0453144,0.0467946,0.0476093,0.0508364,0.0546007,0.0544278,0.060412,0.0650483,0.070443,0.0770976,0.0831858,0.0881895,0.0923987,0.0932235
664.207,0.043646,0.0449279,0.0436486,0.0465375,0.0464304,0.0482962,0.0516113,0.0491702,0.0531882,0.0559961,0.0603058,0.0628129,0.0698354,0.0742737,0.0793705,0.0853068,0.0898984,0.0942097,0.095899
664.628,0.0434702,0.0414043,0.0432034,0.0443356,0.0446638,0.0468763,0.0458153,0.0485886,0.0514271,0.0556634,0.0575709,0.062592,0.0639927,0.0716584,0.0763259,0.0853941,0.0861023,0.0910635,0.0923628
665.048,0.0418329,0.0426063,0.0418659,0.0432015,0.0433162,0.0477205,0.0468108,0.0484534,0.0495307,0.0549754,0.0583293,0.0600989,0.066124,0.0697878,0.0763768,0.0820737,0.0874511,0.0921837,0.0933592
665.468,0.0395607,0.0422201,0.044807,0.0425946,0.043961,0.0451269,0.0492759,0.0499748,0.0521056,0.0553117,0.0567819,0.0605207,0.0667138,0.072572,0.0758495,0.0833123,0.088054,0.091993,0.0888974
665.888,0.039548,0.0417702,0.0422273,0.0440497,0.0438784,0.0461263,0.0483835,0.04901,0.0497835,0.0546332,0.0569146,0.0621269,0.0660062,0.070159,0.0750458,0.0848627,0.0863975,0.0883567,0.0897092
666.308,0.0413689,0.0427292,0.0428073,0.0443669,0.0440593,0.0485388,0.0491097,0.0500487,0.0515664,0.0534106,0.0589176,0.060103,0.0662033,0.0705715,0.0756128,0.0802241,0.088846,0.0918014,0.0914047
666.728,0.040994,0.0433356,0.0436463,0.0449125,0.0457906,0.0464368,0.0480693,0.0514625,0.0512236,0.0547418,0.0573175,0.0628814,0.0666796,0.0724975,0.0761893,0.085552,0.0912637,0.0931286,0.0949905
667.148,0.0405471,0.0412847,0.043106,0.043367,0.0451603,0.0466004,0.0489892,0.0473942,0.0513623,0.0559577,0.0589408,0.0604338,0.0662788,0.0736091,0.0778462,0.0853313,0.0889659,0.0938675,0.0925933
667.568,0.0394934,0.0387918,0.0429936,0.0417355,0.0417381,0.0459214,0.0469539,0.0491689,0.0508528,0.0529481,0.0598831,0.06139,0.0641315,0.071804,0.074353,0.085005,0.0864356,0.0914199,0.0912611
667.987,0.0411794,0.0436765,0.0445609,0.0447371,0.0470401,0.0459632,0.047216,0.0499831,0.0503092,0.0562212,0.0574489,0.0621613,0.0671632,0.0718734,0.0787529,0.0845141,0.0897212,0.0923288,0.093232
668.407,0.0432539,0.0426954,0.044275,0.0450433,0.0460916,0.0474188,0.0480283,0.0502695,0.0549482,0.054682,0.0595247,0.0637819,0.0701023,0.0711785,0.0796754,0.0834979,0.0904432,0.0941264,0.0959557
668.826,0.0427714,0.0435311,0.0433094,0.0465609,0.0457682,0.0468641,0.049211,0.0501126,0.0541255,0.0567055,0.0578751,0.06339,0.065034,0.0727151,0.077031,0.0843532,0.090627,0.0941492,0.093689
669.245,0.0423762,0.0424053,0.0446081,0.0451121,0.0451472,0.04609,0.0497007,0.0490943,0.053868,0.052817,0.0575747,0.063291,0.0670314,0.0702929,0.0742676,0.082636,0.0900755,0.0925007,0.0949428
669.664,0.0390843,0.0409116,0.0407121,0.0432593,0.0438677,0.0436792,0.0456275,0.048762,0.0508996,0.0533558,0.0561758,0.0595175,0.0641933,0.0703398,0.0742621,0.0823298,0.0889934,0.0900181,0.0931839
670.083,0.0420042,0.043225,0.044648,0.0441682,0.0452292,0.0480464,0.0467907,0.0505097,0.0534928,0.056636,0.0611383,0.0617386,0.0695706,0.0734647,0.0756876,0.0859306,0.0935378,0.096513,0.0966442
670.502,0.0412307,0.042767,0.043172,0.0469683,0.0470947,0.048378,0.05167,0.0524822,0.0517156,0.0549445,0.0607201,0.0611188,0.0678444,0.0716237,0.0763415,0.0855526,0.0875604,0.0907534,0.0955824
670.921,0.0415821,0.0425257,0.0445707,0.0432986,0.0428155,0.0465025,0.0484755,0.0507505,0.0522309,0.0550498,0.0589669,0.0622052,0.0656411,0.0708169,0.0779801,0.0835989,0.0881174,0.0883235,0.0937894
671.339,0.0397705,0.0412806,0.04059,0.0403992,0.0434205,0.0460087,0.0450179,0.0485124,0.0520221,0.0524861,0.0547462,0.0654134,0.0621412,0.0721462,0.0760039,0.0813317,0.0869973,0.0915084,0.0915912
671.758,0.0414273,0.0445222,0.0445842,0.0428316,0.0454765,0.0476296,0.0452033,0.0510897,0.0518041,0.0561146,0.0588134,0.0634502,0.0687968,0.070678,0.0809761,0.0834983,0.0920485,0.0930176,0.0913684
672.176,0.0416277,0.0413478,0.0436526,0.0437458,0.0455625,0.0487199,0.0480771,0.0506195,0.0512159,0.0543125,0.0574279,0.0604122,0.0664235,0.0689301,0.0770868,0.0844721,0.0871851,0.090179,0.0917355
672.594,0.043549,0.0429466,0.043754,0.0457414,0.0466376,0.0471959,0.0483396,0.0527673,0.0528675,0.0551843,0.0576889,0.0628888,0.0674429,0.0743466,0.0797522,0.0854475,0.0918023,0.0940159,0.094356
673.012,0.0407994,0.0427753,0.0428681,0.0433876,0.0467899,0.0453112,0.0492452,0.0516661,0.0503625,0.056707,0.0600792,0.0610471,0.0658928,0.0709351,0.0781593,0.083621,0.0899292,0.0922864,0.0915726
673.43,0.0425147,0.0422828,0.0462193,0.0450102,0.0451812,0.0477855,0.0443032,0.0513647,0.0513447,0.057006,0.058364,0.0610208,0.0676206,0.0725918,0.0796703,0.0860026,0.0929369,0.091449,0.0928792
673.848,0.0398068,0.0436235,0.0444583,0.0445328,0.0451332,0.0467022,0.0474971,0.0491162,0.050722,0.0553289,0.0603156,0.06457,0.0664988,0.0704481,0.0772886,0.0850353,0.0881055,0.0893116,0.096582
674.266,0.0422659,0.0403709,0.0444202,0.0436538,0.0445571,0.0454062,0.0459074,0.0481704,0.0506943,0.0557522,0.0590712,0.0625901,0.0645928,0.0720318,0.0793829,0.0834145,0.0892201,0.0932256,0.0944082
674.684,0.0391288,0.0426409,0.0441092,0.0436516,0.0466741,0.0474133,0.0468027,0.0475443,0.0508148,0.055502,0.0581195,0.0614263,0.066384,0.0738464,0.0783499,0.0863887,0.0875794,0.0947884,0.09283
675.101,0.042023,0.0426025,0.0450354,0.044492,0.044213,0.0478038,0.0496965,0.0502754,0.05189,0.0538557,0.0589422,0.0612673,0.0671439,0.0712106,0.0807963,0.085679,0.0892241,0.0930695,0.0956105
675.519,0.0415259,0.0415728,0.0431815,0.0466754,0.0473381,0.048713,0.0472483,0.0501584,0.0528225,0.0546612,0.0586091,0.0628455,0.0685447,0.0735428,0.0808901,0.0843707,0.0917068,0.095182,0.0929843
675.936,0.0408447,0.0442707,0.0445836,0.0431769,0.046285,0.0468089,0.0479071,0.0522099,0.0533486,0.0566297,0.0586992,0.0637814,0.0686807,0.0733021,0.0778848,0.0848024,0.0907969,0.0927509,0.094899
676.353,0.0411768,0.0421663,0.0440714,0.043511,0.0445906,0.045636,0.047905,0.0493765,0.050401,0.0532905,0.0567391,0.0617979,0.0642275,0.0693891,0.0758063,0.0828758,0.0892735,0.0904116,0.0909796
676.77,0.0409168,0.0422121,0.0450071,0.0455498,0.045043,0.0483068,0.0465267,0.0498275,0.0519335,0.0557644,0.0590429,0.0627666,0.0684539,0.0729022,0.0749539,0.086475,0.0883269,0.0948256,0.0934821
677.187,0.0393838,0.0439139,0.041268,0.0425767,0.0419899,0.0463919,0.0471681,0.0463595,0.051319,0.052168,0.0579215,0.0597632,0.0693882,0.0703481,0.076528,0.0815098,0.0863149,0.0912357,0.0915493
677.604,0.0404146,0.0402324,0.0428376,0.042343,0.0416078,0.0477947,0.0464673,0.0493971,0.0525402,0.0543975,0.0591118,0.0613881,0.0666839,0.0718842,0.0780696,0.0827065,0.0875895,0.0903376,0.0939952
678.02,0.0403353,0.0423944,0.0448195,0.0446607,0.0459614,0.047685,0.0495111,0.049831,0.0531617,0.0547828,0.0577611,0.0609912,0.066366,0.0718021,0.078085,0.0821051,0.0896839,0.0901982,0.0938613
678.437,0.0401556,0.0409922,0.04293,0.0437037,0.0462014,0.045942,0.0488143,0.0482497,0.0512113,0.0541161,0.0570859,0.063831,0.0656175,0.072423,0.076775,0.082921,0.0892726,0.0925091,0.0964916
678.853,0.0410937,0.0440022,0.0449427,0.0443288,0.0473463,0.0464582,0.0487114,0.0486728,0.0510356,0.0548815,0.0605193,0.0632081,0.0686547,0.0720154,0.0788474,0.0835664,0.0903929,0.0924796,0.0930784
679.27,0.0392779,0.041313,0.0432714,0.0422916,0.0462277,0.0448648,0.0459358,0.0480319,0.0522544,0.0541183,0.0579987,0.0610442,0.0687747,0.0688534,0.0793994,0.0831216,0.0896642,0.0932584,0.0921191
679.686,0.0403339,0.0420283,0.0429723,0.044736,0.0438261,0.0470454,0.046985,0.0488074,0.05051,0.0530124,0.0583958,0.0601421,0.0671149,0.0713878,0.0766617,0.0851636,0.0860394,0.0949071,0.0896114
680.102,0.0415524,0.0417226,0.0431207,0.0434583,0.0449623,0.0472587,0.046403,0.046926,0.0521738,0.0552203,0.0577279,0.0641206,0.067995,0.0694457,0.0781483,0.0860075,0.0886194,0.0941986,0.0945062
680.518,0.040055,0.0420277,0.0421651,0.0434391,0.0442449,0.0461266,0.0452557,0.0508631,0.0533558,0.0524165,0.0566692,0.0627238,0.0648571,0.0710538,0.0765263,0.0785173,0.0895377,0.0915816,0.0937827
680.933,0.0426466,0.0420297,0.0410286,0.0461437,0.0445063,0.0474927,0.0461894,0.0500898,0.0523881,0.057971,0.0601555,0.0631297,0.0662834,0.0722968,0.0778933,0.0837976,0.0895917,0.0946776,0.091455
681.349,0.0410712,0.0413636,0.0422724,0.0437132,0.0449239,0.0461323,0.0477038,0.0511884,0.0517194,0.0550289,0.0582274,0.0630513,0.0639862,0.0723644,0.0768318,0.0839118,0.0877314,0.0940239,0.0923269
681.765,0.0424878,0.0427639,0.0449619,0.0421623,0.0427224,0.0483263,0.0484846,0.0546302,0.0537765,0.0564156,0.059498,0.066113,0.066151,0.0735275,0.0793618,0.0839898,0.0930457,0.091661,0.0953134
682.18,0.0393544,0.0413842,0.0411038,0.042645,0.042305,0.0446733,0.0463993,0.0496407,0.0516376,0.0507913,0.0546013,0.0611929,0.0656353,0.0719734,0.0771196,0.082134,0.0888676,0.0910336,0.0919701
682.596,0.0407726,0.0401216,0.0434284,0.043532,0.0440461,0.0454184,0.0482816,0.0498368,0.0516297,0.0546134,0.0575483,0.0599761,0.0669539,0.071655,0.0782762,0.0809995,0.0881895,0.0919047,0.0898862
683.011,0.0406036,0.0396252,0.0417462,0.0441383,0.0462399,0.0457151,0.0472187,0.0472785,0.0476062,0.0540936,0.0573809,0.0612532,0.0651668,0.0695276,0.0769761,0.084567,0.0863449,0.0938232,0.0919386
683.426,0.0409122,0.043005,0.0437294,0.0457542,0.0438959,0.0460903,0.0470707,0.0497209,0.0536589,0.0554851,0.0597943,0.062708,0.0689577,0.0709956,0.0768598,0.0839367,0.0881189,0.0939128,0.0968405
683.841,0.0438975,0.0449475,0.0441468,0.0459187,0.0450678,0.0480911,0.0485944,0.0521946,0.0538456,0.0546117,0.0596146,0.0651546,0.0676565,0.0728715,0.0788085,0.0840222,0.0885326,0.0933872,0.0942572
684.256,0.0406674,0.0425029,0.0412557,0.0422657,0.0436234,0.0446157,0.0481215,0.0498436,0.0503718,0.0558237,0.0598809,0.0606912,0.0652935,0.0723424,0.0756091,0.0836476,0.0883947,0.0921148,0.0917215
684.67,0.0409459,0.0442802,0.0436013,0.0435532,0.0433725,0.0462813,0.0485782,0.0476863,0.0540322,0.0552723,0.0574904,0.0644305,0.0666413,0.0735849,0.0782942,0.083672,0.089045,0.0923813,0.0920535
685.085,0.041905,0.0420353,0.0446723,0.0411005,0.0442868,0.0483771,0.0473912,0.0477731,0.0524002,0.0549719,0.0577216,0.0605425,0.0653575,0.0711538,0.0761912,0.0835271,0.0882836,0.0956104,0.0932328
685.499,0.0418776,0.0424717,0.0426525,0.0421256,0.045986,0.0473536,0.0492514,0.0503867,0.0540558,0.0543109,0.0582887,0.0638146,0.0668222,0.0704888,0.0752129,0.0856394,0.0898169,0.093955,0.0937197
685.914,0.0394959,0.0410451,0.0413142,0.0425031,0.0433123,0.0459744,0.0457352,0.0487418,0.04958,0.0527085,0.0556778,0.0591576,0.0648469,0.0692448,0.0767613,0.0808155,0.0861676,0.0908385,0.088356
686.328,0.0399757,0.0427974,0.0443759,0.044708,0.0443352,0.0466741,0.0505353,0.048963,0.052082,0.0535167,0.056565,0.0648316,0.0648885,0.0720227,0.0755232,0.082719,0.090533,0.0943827,0.092198
686.742,0.0408282,0.0416496,0.0431978,0.0432954,0.0454071,0.0458841,0.0491975,0.0464965,0.0492061,0.0549935,0.0600052,0.0607238,0.0673219,0.0699242,0.0773746,0.0837252,0.0887873,0.0943186,0.0928817
687.156,0.0421292,0.0434615,0.0441307,0.0448449,0.044839,0.0463464,0.0494196,0.0500308,0.0528367,0.0549419,0.0579957,0.0648446,0.0669137,0.0754635,0.0763212,0.0862604,0.0906873,0.093428,0.0949321
687.57,0.0400195,0.03868,0.0407203,0.0439315,0.0412747,0.0433094,0.0451777,0.0467305,0.0472877,0.0530173,0.0551708,0.0613526,0.0629397,0.0691427,0.0764657,0.0801903,0.0847186,0.092101,0.0883071
687.984,0.0405471,0.0401251,0.0422738,0.0443423,0.0455581,0.0453496,0.0472256,0.0496255,0.0526367,0.0563522,0.0574646,0.0624133,0.0686244,0.0725718,0.0786171,0.0831324,0.0879555,0.0918845,0.0915455
688.398,0.0395465,0.0404125,0.0431158,0.0422806,0.0446441,0.0460078,0.0477562,0.0495008,0.0517236,0.0552771,0.0579514,0.0595896,0.0652849,0.0719903,0.0756476,0.0823545,0.0870406,0.091432,0.0890932
688.811,0.0412328,0.0398188,0.0427744,0.0446133,0.0453749,0.0438961,0.0492362,0.049052,0.0524826,0.0516741,0.0587876,0.0616279,0.0658536,0.0700815,0.0763797,0.0827114,0.0876558,0.0917258,0.0910216
689.224,0.0405518,0.0425036,0.0440171,0.0442948,0.0446892,0.0464496,0.0487164,0.0509254,0.050085,0.0566069,0.0565505,0.0624165,0.0655,0.0713062,0.0774375,0.0825695,0.0885099,0.0895826,0.0925288
689.638,0.0405866,0.0431557,0.0419232,0.0424963,0.046192,0.0463671,0.0475471,0.0469783,0.0500046,0.0536993,0.0574503,0.0611431,0.0656548,0.0712103,0.0751984,0.0818381,0.0873864,0.091637,0.0961623
690.051,0.0411265,0.0415264,0.0456553,0.0451739,0.0468632,0.0462761,0.049741,0.0487986,0.0527954,0.055762,0.0565953,0.0606605,0.0652481,0.072236,0.0807595,0.0821135,0.088592,0.0933732,0.0888023
690.464,0.0404125,0.0410641,0.0436186,0.0416757,0.0425739,0.044642,0.0461206,0.0497663,0.0529336,0.0552818,0.0575579,0.0622726,0.0662956,0.0741445,0.0746902,0.0846592,0.0882542,0.0901797,0.0941268
690.877,0.0431148,0.044733,0.0446561,0.0459596,0.0483851,0.0490227,0.0524508,0.0513077,0.0545851,0.0571467,0.060989,0.0633425,0.0709076,0.0749496,0.0785965,0.0877541,0.090144,0.0947528,0.0936967
691.29,0.0407075,0.0439528,0.0428002,0.0456956,0.0448987,0.0463588,0.0495699,0.0500711,0.0539126,0.0549448,0.0580789,0.0598671,0.0669391,0.0705335,0.0765063,0.0850441,0.0892576,0.091061,0.0958044
691.702,0.0411455,0.0430892,0.0431143,0.0458854,0.0463133,0.0444963,0.0477618,0.04902,0.0514625,0.0525968,0.0592725,0.0633326,0.06598,0.0705414,0.076754,0.0815857,0.0884253,0.092781,0.093574
692.115,0.041532,0.040621,0.0440992,0.0422411,0.0451418,0.0456471,0.045015,0.0477297,0.0490829,0.0558916,0.0580628,0.0599361,0.066491,0.0680305,0.0787393,0.0814879,0.0879988,0.0921655,0.0932298
692.527,0.042058,0.0412447,0.0443716,0.0413216,0.0426994,0.0450339,0.0461449,0.0474962,0.0520073,0.0552008,0.055969,0.0596409,0.0657479,0.0702586,0.0783403,0.0808101,0.0846832,0.0915006,0.0926076
692.94,0.0419712,0.0434449,0.043938,0.0455455,0.0456606,0.0469844,0.0478777,0.0509753,0.0516293,0.0536033,0.059441,0.0616998,0.0644234,0.0742694,0.0790547,0.0834126,0.0897007,0.0925801,0.0940014
693.352,0.0399846,0.0426044,0.0424379,0.0440352,0.0453318,0.0457446,0.0461621,0.0472128,0.0499081,0.055018,0.0552213,0.0618836,0.0650442,0.071367,0.0780316,0.083739,0.0868802,0.0917339,0.0931054
693.764,0.0420952,0.0418072,0.0417161,0.0421263,0.0450166,0.0425563,0.0463652,0.0494408,0.0507979,0.0545588,0.0570114,0.0627141,0.0667079,0.0709997,0.0785932,0.0842759,0.0900441,0.0905086,0.0928564
694.176,0.0403913,0.0414091,0.0435551,0.0417403,0.0459646,0.0467777,0.0490661,0.0497245,0.0513658,0.0530782,0.0570493,0.0623825,0.0691035,0.0701136,0.0759273,0.0836785,0.0886696,0.0932483,0.0948681
694.588,0.0419777,0.0403464,0.0415344,0.0424442,0.0429834,0.0478584,0.0473542,0.0504895,0.0518336,0.0534145,0.0562007,0.0607054,0.0670978,0.0714376,0.0743402,0.0803964,0.087387,0.0931485,0.0917583
694.999,0.0395333,0.0403372,0.0406409,0.0421158,0.0439788,0.0457305,0.048287,0.0497249,0.0523089,0.0542844,0.0581279,0.0640408,0.0657127,0.0731596,0.0766759,0.0854506,0.0897474,0.0913258,0.0891671
695.411,0.0421923,0.0421831,0.0425136,0.0466819,0.0467536,0.0493228,0.0492555,0.0509574,0.0526365,0.058399,0.0591788,0.0638713,0.069211,0.073496,0.0779152,0.0856968,0.0918242,0.0949115,0.0917385
695.822,0.0411909,0.0415373,0.0411577,0.0431971,0.0441161,0.0444946,0.0471324,0.0496105,0.0516528,0.0561286,0.0548633,0.0610297,0.0656226,0.0730919,0.0767821,0.0822967,0.0893424,0.0898668,0.0919344
696.234,0.0395936,0.042617,0.0413332,0.0416053,0.0438436,0.047055,0.0458331,0.046536,0.0517753,0.0537176,0.0558716,0.0618508,0.0667615,0.0720031,0.0761425,0.0796017,0.0887142,0.0912298,0.0936619
696.645,0.0421376,0.0410678,0.0430418,0.042138,0.0446314,0.0463945,0.0485443,0.0496702,0.0510937,0.0537049,0.0573067,0.0598942,0.0646484,0.0706454,0.0773895,0.0829945,0.0872822,0.090971,0.0935532
697.056,0.0407063,0.0428214,0.0438366,0.0439956,0.0438249,0.0457863,0.0489085,0.0493753,0.0518984,0.0552379,0.059455,0.0613719,0.0671083,0.0709561,0.0787578,0.0847744,0.0894239,0.0909157,0.0945304
697.467,0.0393581,0.0428042,0.0432183,0.0443351,0.0422533,0.0455161,0.0468726,0.0495922,0.0519289,0.0555346,0.058273,0.0604909,0.0684219,0.0690328,0.0751318,0.0816782,0.0870179,0.0912304,0.0931017
697.878,0.0393822,0.0419267,0.0447307,0.0435172,0.0450845,0.0459881,0.0477395,0.0491603,0.0521332,0.0550152,0.0581822,0.0629569,0.0660818,0.0727141,0.0778356,0.0837576,0.0861026,0.0946713,0.0938853
698.289,0.0377762,0.0398415,0.043876,0.04485,0.0453243,0.0453178,0.0486331,0.0522888,0.0550018,0.0576543,0.0591052,0.0626632,0.0640452,0.0725096,0.0774688,0.0849972,0.0916077,0.0920868,0.0933917
698.699,0.0417637,0.0434143,0.0460573,0.0441615,0.0451541,0.047455,0.0479967,0.0485118,0.0504779,0.0545333,0.059608,0.0633167,0.0686138,0.0718839,0.0774278,0.0844782,0.0883738,0.0924705,0.0958419
699.11,0.0407636,0.0429668,0.0463219,0.0451747,0.046654,0.0511724,0.0484911,0.0525693,0.0504276,0.0573564,0.0609804,0.0619181,0.0675872,0.076224,0.0803435,0.0874959,0.0907088,0.094968,0.0949781
699.52,0.0384559,0.0423508,0.0439542,0.0460367,0.0465753,0.0441567,0.0486591,0.0502305,0.049736,0.0530436,0.0568064,0.0616434,0.064882,0.0726153,0.0781374,0.0861364,0.0891289,0.0891617,0.0942729
699.931,0.0404988,0.0406748,0.0437038,0.044341,0.0450932,0.0470395,0.0482226,0.0489306,0.0511646,0.0559157,0.0574916,0.0638861,0.065205,0.0716371,0.0757555,0.084393,0.0903296,0.0925493,0.0933089
700.341,0.0412285,0.0430541,0.0413009,0.0459541,0.0438839,0.0448843,0.0484224,0.0520067,0.0507218,0.0549674,0.0586231,0.0627729,0.0645741,0.0702634,0.0771413,0.0838312,0.0911159,0.092448,0.0925549
700.751,0.0411825,0.04104,0.0433964,0.043762,0.0433268,0.0451242,0.0459049,0.0477095,0.0502236,0.0551147,0.0571513,0.0622695,0.0647276,0.0718382,0.0746615,0.0823712,0.08558,0.0886313,0.0909791
701.161,0.0412196,0.0411212,0.0442198,0.0441871,0.0461667,0.0479486,0.0476647,0.0493282,0.0522216,0.0520193,0.0606197,0.0597237,0.0685979,0.0737247,0.0779877,0.0817705,0.0901232,0.0951095,0.094412
701.57,0.0401119,0.0400062,0.0403676,0.0433115,0.0434754,0.0454417,0.0456392,0.0482483,0.0494911,0.0526215,0.0566444,0.059512,0.0671834,0.0689105,0.0721223,0.0807761,0.0862999,0.0881473,0.0893157
701.98,0.0415102,0.0418504,0.0437219,0.0433337,0.0436769,0.0467069,0.0493189,0.0477579,0.053023,0.0555706,0.058525,0.063665,0.0671465,0.0716798,0.0766958,0.0816745,0.0883672,0.0929867,0.0939498
702.39,0.0406746,0.0394928,0.042285,0.0382437,0.0444379,0.0453575,0.0467482,0.0474637,0.0475545,0.0533941,0.0561534,0.0590138,0.0634185,0.0713002,0.0781354,0.0820849,0.0849559,0.0939198,0.0943315
702.799,0.0409441,0.0459617,0.0455195,0.0431999,0.0461083,0.0453568,0.0501132,0.0509054,0.0528557,0.0552731,0.0607015,0.0610822,0.0666235,0.0702401,0.0784335,0.0850769,0.0868322,0.0947875,0.0928972
703.208,0.042541,0.0440756,0.0458167,0.0453161,0.0441137,0.0457707,0.0496037,0.0507109,0.0517056,0.0566413,0.0619814,0.0617732,0.0653396,0.072926,0.07817,0.0843702,0.0868707,0.0948797,0.0946335
703.617,0.0438693,0.0440405,0.0434787,0.0441518,0.044812,0.0467873,0.0473895,0.0507301,0.0545527,0.0585705,0.0591619,0.0626536,0.0673121,0.072525,0.0767254,0.0843839,0.0906896,0.0953221,0.0923154
704.027,0.0433111,0.0429576,0.042807,0.0426082,0.047607,0.0447488,0.0477099,0.0466217,0.0515074,0.055544,0.0594457,0.0626169,0.0640177,0.0729202,0.0744099,0.0845308,0.0891315,0.0927427,0.0945937
704.435,0.0410457,0.0393197,0.0419695,0.0430234,0.0426274,0.0451078,0.0464479,0.0486544,0.0531614,0.0525797,0.0570566,0.0602306,0.0654191,0.0711615,0.0736659,0.082325,0.0854979,0.0920584,0.0912949
704.844,0.0396141,0.0416367,0.042394,0.0433146,0.0428398,0.0460268,0.0460154,0.0462971,0.0517249,0.0543464,0.0563006,0.060166,0.0632141,0.0716479,0.0761341,0.0821646,0.0860451,0.0934774,0.0959186
705.253,0.0426034,0.041558,0.0417488,0.0439188,0.0442344,0.043122,0.0465906,0.0505205,0.053486,0.0564761,0.0573777,0.0608765,0.0697028,0.070574,0.0752733,0.0838084,0.0889502,0.0913605,0.0951461
705.662,0.0435562,0.0426274,0.0448581,0.0449673,0.0448144,0.0481479,0.0482069,0.0493009,0.0516695,0.0562571,0.0582037,0.062748,0.0658335,0.0703157,0.0771869,0.0837914,0.0887746,0.0934706,0.0923908
706.07,0.0397206,0.0400614,0.0393244,0.0402748,0.04319,0.0441972,0.0451088,0.0485803,0.0502632,0.0538994,0.0572177,0.061284,0.0645743,0.0681847,0.076983,0.0802181,0.0868868,0.0895088,0.0917445
706.478,0.0401188,0.0389097,0.0413554,0.0393793,0.0443551,0.0436174,0.0449644,0.0498264,0.0498264,0.0524462,0.0547276,0.061238,0.0607483,0.0676772,0.0741327,0.0820385,0.0856491,0.0901695,0.0926959
706.887,0.0395593,0.0412771,0.0408965,0.0427219,0.0436495,0.0453136,0.0474249,0.0482055,0.0497956,0.0548548,0.0579923,0.0605541,0.0660404,0.0688224,0.0745167,0.0829553,0.0877038,0.0937167,0.0930092
707.295,0.0411212,0.0397921,0.0414598,0.0433238,0.043987,0.0459542,0.0503542,0.0487386,0.0519613,0.0547121,0.0554116,0.0613683,0.0650719,0.0676545,0.0748455,0.0824813,0.0866041,0.092782,0.0936413
707.703,0.042486,0.0458179,0.0447692,0.0422394,0.0451942,0.046877,0.0495621,0.047715,0.0506735,0.0557054,0.0568357,0.0631304,0.0660621,0.0722583,0.0787986,0.0844357,0.0889738,0.0915332,0.0936946
708.11,0.0416699,0.043366,0.0422228,0.0448485,0.0462794,0.0456921,0.0464146,0.0502075,0.0541618,0.0568393,0.0570602,0.063486,0.0630386,0.0722794,0.0754646,0.081706,0.08817,0.0943746,0.0910403
708.518,0.0421276,0.0427557,0.0431186,0.0453569,0.0473854,0.0468797,0.0509081,0.0479273,0.054096,0.058834,0.0608205,0.0620983,0.0654742,0.0727422,0.0805781,0.086351,0.0893267,0.0931163,0.0964432
708.926,0.0430805,0.0420277,0.0428328,0.0433163,0.0457133,0.0490252,0.0490055,0.0497103,0.054796,0.0542766,0.05943,0.0624309,0.0658021,0.0735168,0.0785604,0.0849628,0.0907099,0.0960196,0.0939748
709.333,0.0387637,0.0411359,0.040567,0.0418466,0.0435574,0.0444218,0.047561,0.0455618,0.0541435,0.0510103,0.0554736,0.0608172,0.0649709,0.0715264,0.0783801,0.0803704,0.0874425,0.0921545,0.0926173
709.741,0.0393027,0.0394458,0.0412704,0.0419851,0.0456713,0.0451493,0.0454972,0.0477547,0.0539966,0.0539464,0.0560873,0.0589167,0.0645512,0.0692273,0.0751725,0.0809302,0.0863312,0.0894756,0.0920409
710.148,0.0409241,0.0428807,0.0418748,0.043555,0.0453516,0.047276,0.047877,0.0522059,0.0521905,0.0544061,0.0568292,0.0613973,0.0661129,0.072593,0.07877,0.0849989,0.0886782,0.0918177,0.0923089
710.555,0.0442937,0.0435914,0.0439951,0.0426824,0.047388,0.0457725,0.0490169,0.0496273,0.0512914,0.0576398,0.0587105,0.0605957,0.0658538,0.0707257,0.0796614,0.0837078,0.0930585,0.0927838,0.095311
710.962,0.0439847,0.0415689,0.0446539,0.044456,0.0461696,0.0446414,0.0486015,0.0491025,0.0523416,0.0557012,0.0592243,0.0639229,0.0674594,0.0689555,0.0796816,0.0845882,0.0915015,0.0885201,0.0946777
711.369,0.0373467,0.0380142,0.0404477,0.0420533,0.0407928,0.0404649,0.0426961,0.0430386,0.0470846,0.0495667,0.0559587,0.0574973,0.0622896,0.0678319,0.0722308,0.0806244,0.0852956,0.0910061,0.0883407
711.776,0.0428477,0.042378,0.0438873,0.0443696,0.0458516,0.047812,0.04857,0.0508729,0.055057,0.0575556,0.0587164,0.0638076,0.0675904,0.074655,0.0811494,0.0853552,0.0938212,0.094519,0.0955502
712.182,0.0390887,0.038568,0.041046,0.04183,0.0417343,0.0431438,0.041658,0.0459599,0.0492129,0.0513872,0.0544767,0.0599388,0.0637819,0.0677747,0.0746522,0.0814817,0.0888114,0.0892592,0.0945347
712.589,0.0380292,0.0407137,0.0404855,0.0419583,0.0437835,0.0431799,0.0474883,0.0481111,0.0486431,0.0524699,0.0579125,0.0604764,0.0622768,0.0705265,0.077463,0.0827815,0.0860065,0.0915601,0.091135
712.995,0.0392487,0.041707,0.0413986,0.0455533,0.0434051,0.0429067,0.0421023,0.047264,0.0505372,0.0546571,0.0557807,0.0608339,0.064763,0.07232,0.0764781,0.0794157,0.0866272,0.0911551,0.0942144
713.401,0.0402205,0.0392987,0.0404251,0.0413175,0.0432573,0.0429713,0.0445759,0.0445223,0.0500683,0.0534317,0.0536143,0.057345,0.0617434,0.0684591,0.0725603,0.0820221,0.0851074,0.0893653,0.092903
713.808,0.0442546,0.044424,0.0422965,0.04377,0.0452387,0.0463143,0.0495398,0.0499512,0.0536938,0.0563688,0.059845,0.0633967,0.067178,0.0722938,0.078916,0.0837652,0.0910981,0.0950251,0.0953406
714.214,0.0427785,0.044085,0.0435361,0.0431708,0.0462579,0.0456413,0.0493226,0.0475477,0.053703,0.0556823,0.0587324,0.0602072,0.0641585,0.0722447,0.0752531,0.0825946,0.0883691,0.0934266,0.0921262
714.619,0.0403883,0.0410183,0.0432411,0.0388161,0.0463903,0.0449329,0.0468724,0.0499158,0.0512452,0.053004,0.058627,0.0647001,0.0648498,0.0693834,0.0780928,0.0854783,0.0902698,0.0945541,0.0938324
715.025,0.0401122,0.042515,0.0410865,0.0442815,0.0470945,0.044595,0.0501701,0.0496419,0.0549491,0.0530713,0.0575865,0.0641811,0.0641598,0.0718326,0.0769044,0.0820006,0.0922387,0.0908941,0.0928226
715.431,0.0413954,0.0411069,0.0438879,0.0427622,0.0443748,0.0443112,0.0463576,0.0480478,0.0514979,0.0536587,0.05743,0.0610422,0.0641353,0.0720374,0.0762836,0.082416,0.0881145,0.0927727,0.0938205
715.836,0.0380345,0.0402883,0.0416136,0.0405417,0.0430689,0.0460591,0.0480008,0.0466888,0.0531374,0.0511719,0.0577953,0.0603865,0.063367,0.0723441,0.0756146,0.0809043,0.0867043,0.0894748,0.092894
716.242,0.0413942,0.0421082,0.0409631,0.0432153,0.044178,0.0441951,0.0482525,0.050663,0.0522856,0.0539884,0.056736,0.0583636,0.0648257,0.0706358,0.0777201,0.0809928,0.0857021,0.0913599,0.0935808
716.647,0.0406375,0.040186,0.043424,0.0418926,0.045998,0.0439715,0.0486862,0.0483462,0.0515131,0.0532837,0.0548244,0.062444,0.0663707,0.071027,0.0739521,0.0828751,0.0866721,0.0908343,0.0945745
717.052,0.0420459,0.0425751,0.0447715,0.0453349,0.0446157,0.0455902,0.0494352,0.0517314,0.0525135,0.0574455,0.0604808,0.0646752,0.0687233,0.0729192,0.0774756,0.0853922,0.0912821,0.0931193,0.0942138
717.457,0.0426289,0.0444425,0.0451081,0.0455286,0.0456545,0.0495233,0.0494475,0.0492721,0.0529355,0.0556457,0.060451,0.0642675,0.068839,0.0760723,0.0788581,0.0854,0.0922,0.0930664,0.093116
717.862,0.040196,0.0415345,0.0430305,0.0419825,0.04514,0.0474595,0.0465095,0.0512215,0.0518153,0.0543145,0.0572367,0.0619996,0.0697942,0.0733076,0.0774092,0.0839388,0.090397,0.0920868,0.0933308
718.267,0.0417361,0.0412695,0.0437439,0.044218,0.0428545,0.0467792,0.0466046,0.0523644,0.0542499,0.0540756,0.0588947,0.0601673,0.0673248,0.0708594,0.0785572,0.0855844,0.086607,0.0935886,0.0939466
718.672,0.0365203,0.0393365,0.0391894,0.0414478,0.0424833,0.0432883,0.044086,0.0505197,0.0482072,0.0534511,0.0590143,0.0613944,0.0635343,0.0690619,0.0751683,0.0819191,0.0897043,0.0935713,0.0926822
719.076,0.0429046,0.0406588,0.0434438,0.0451282,0.0473356,0.0462994,0.0477758,0.0496926,0.0563837,0.0565389,0.0570476,0.0625638,0.0678222,0.0731632,0.0799039,0.0844666,0.0922671,0.0949574,0.0958387
719.481,0.0433055,0.0397467,0.0411995,0.0429939,0.0431311,0.042663,0.0469402,0.0469601,0.0492238,0.0521216,0.05525,0.0609732,0.0608749,0.0693632,0.0769332,0.0817915,0.0883184,0.0880511,0.089611
719.885,0.0424018,0.0439258,0.0439577,0.0445132,0.0475971,0.0486238,0.0498059,0.050166,0.0539355,0.0553343,0.05988,0.0651359,0.0675232,0.0743092,0.0804886,0.0833679,0.0913332,0.0947033,0.0986012
720.289,0.0398208,0.0441542,0.0426132,0.0420783,0.0445622,0.0437932,0.0454602,0.0486939,0.0511143,0.0535985,0.0592173,0.0584104,0.0665868,0.0736174,0.0776062,0.0816467,0.0888355,0.0969241,0.093155
720.694,0.0390262,0.0392745,0.0395325,0.0430834,0.0447032,0.0454156,0.0452698,0.0472662,0.0514185,0.0512791,0.054425,0.0619569,0.0625084,0.0717023,0.0745842,0.0842241,0.0879201,0.0922004,0.0947318
721.097,0.0388913,0.0435356,0.042311,0.0420752,0.0413989,0.0452173,0.04687,0.0493716,0.0498993,0.0545603,0.0588687,0.059303,0.0683249,0.0743838,0.0801126,0.0816286,0.0883238,0.0909918,0.0934197
721.501,0.038038,0.0384494,0.0399255,0.0414912,0.0454464,0.0439032,0.0442316,0.0482184,0.0482851,0.0534939,0.0582399,0.0578033,0.0636832,0.0696915,0.0757132,0.0827995,0.0870574,0.090469,0.0924171
721.905,0.0423095,0.041984,0.0451558,0.0438617,0.0440842,0.045167,0.0480875,0.0499302,0.052886,0.0573879,0.0563726,0.0619241,0.0647863,0.0709273,0.0759447,0.0861219,0.0884338,0.0956683,0.0911237
722.309,0.0400966,0.0423409,0.0398943,0.0448893,0.0441817,0.043947,0.0453989,0.0496213,0.0500104,0.0517026,0.0587539,0.0582059,0.0645064,0.0706425,0.0766057,0.0826197,0.088733,0.0935273,0.093348
722.712,0.0411276,0.0416198,0.0407255,0.042901,0.0432451,0.0456496,0.0452028,0.0497814,0.0502945,0.0536271,0.0563769,0.0595446,0.0665534,0.0671736,0.0759439,0.0818115,0.0826708,0.095713,0.0922081
723.115,0.041681,0.0396956,0.0424441,0.0425501,0.043335,0.0469353,0.0490844,0.0494202,0.0517619,0.0535043,0.058428,0.0579305,0.0663849,0.0704492,0.0770525,0.080866,0.0841781,0.0918946,0.0940051
723.519,0.0420256,0.0407397,0.0447305,0.0439652,0.0457804,0.047687,0.0494757,0.0508224,0.0521925,0.0528929,0.0600596,0.0603325,0.0667789,0.0715828,0.0809744,0.0858494,0.0913525,0.09584,0.0978692
723.922,0.0437248,0.0407825,0.0408319,0.044416,0.044279,0.0470183,0.046781,0.0506595,0.0521274,0.0533051,0.0580959,0.0631679,0.0643255,0.0704423,0.0752046,0.0859191,0.0932328,0.0904874,0.0929276
724.325,0.0445803,0.0450895,0.0452382,0.0473116,0.0482091,0.0479101,0.0486504,0.0527155,0.0546114,0.0579705,0.0588723,0.0626428,0.0689688,0.0757154,0.0783527,0.0881274,0.0919368,0.0925748,0.0973675
724.728,0.0429161,0.0434573,0.0435674,0.0424846,0.0463984,0.0470745,0.0468478,0.0525119,0.0519172,0.0550072,0.0609564,0.0609353,0.0672016,0.0728052,0.077786,0.0842247,0.0899948,0.0953301,0.0978047
725.13,0.0432953,0.045515,0.043277,0.0450022,0.0452873,0.0484435,0.0515847,0.0514227,0.0543718,0.0569746,0.058164,0.0610334,0.067313,0.0712775,0.0799529,0.0871572,0.0934226,0.0941027,0.0935651
725.533,0.0399319,0.0429716,0.0461263,0.0431294,0.0450887,0.0446168,0.0480202,0.048605,0.0531089,0.0576897,0.0563857,0.0629083,0.0666471,0.070736,0.0801811,0.083984,0.0922349,0.0930084,0.0957483
725.936,0.041131,0.0410468,0.0422818,0.0437258,0.0446097,0.0464999,0.0467831,0.0497986,0.0533934,0.0584478,0.0585043,0.0610795,0.0655952,0.0735836,0.0753913,0.0832999,0.0864612,0.0934536,0.0932265
726.338,0.042579,0.0433003,0.0430016,0.0412651,0.0441297,0.0442067,0.0502455,0.0504983,0.0531381,0.0560352,0.0585693,0.0598045,0.0648699,0.0714412,0.079604,0.0844802,0.089566,0.0945711,0.0959872
726.74,0.0426131,0.0424916,0.0445405,0.0428684,0.0462665,0.0468958,0.0470947,0.05013,0.0527998,0.0559756,0.0607839,0.0623932,0.0668418,0.0701493,0.0783214,0.0879735,0.0900793,0.0954132,0.0933652
727.142,0.0405987,0.0418016,0.0414827,0.0451261,0.0447389,0.048408,0.0445116,0.0465643,0.0496608,0.0550983,0.0588617,0.0612569,0.0655277,0.0721667,0.0763927,0.0842166,0.0884665,0.0934487,0.093656
727.544,0.041767,0.0437856,0.0467591,0.0457336,0.0472531,0.0470251,0.0490941,0.0528676,0.0543006,0.0559348,0.0610756,0.0647307,0.0659848,0.0714593,0.0780607,0.0855072,0.0919829,0.0938287,0.0939618
727.946,0.0415276,0.0446538,0.0438192,0.0451226,0.0452743,0.0453116,0.0497772,0.0502401,0.0532399,0.0547375,0.0581216,0.0632421,0.069041,0.0734171,0.0802595,0.0844545,0.0900754,0.0906682,0.0907879
728.348,0.0430207,0.0429611,0.0477931,0.0449638,0.0457207,0.0473946,0.0497907,0.0531339,0.0543977,0.0564848,0.0627393,0.0633706,0.0706187,0.0755253,0.0830831,0.0878503,0.0896936,0.0945736,0.0997131
728.75,0.0425335,0.0449724,0.0441805,0.0474007,0.0468835,0.0487702,0.050006,0.0502605,0.0507808,0.0562936,0.0626325,0.0643935,0.0698204,0.0744721,0.0781714,0.0847489,0.0931779,0.095378,0.096627
729.151,0.04519,0.0415712,0.045426,0.0447505,0.0469121,0.0509451,0.0499563,0.05099,0.0553856,0.0562144,0.0602471,0.0635194,0.0677403,0.0730647,0.0767922,0.0851233,0.0912972,0.0951567,0.0963253
729.553,0.0414817,0.0408016,0.0437432,0.0401694,0.0436671,0.0481044,0.0461359,0.0498526,0.0493367,0.0540742,0.0574779,0.0645666,0.0668754,0.0695476,0.0756253,0.0845997,0.0889935,0.0924529,0.0910565
729.954,0.044488,0.0430625,0.0441219,0.0462876,0.0471335,0.0472449,0.050025,0.0512962,0.0548529,0.0540386,0.0560634,0.061696,0.0716623,0.0727272,0.0771344,0.084042,0.0895605,0.0919494,0.0928601
730.355,0.0397957,0.0437053,0.0403316,0.0448784,0.0452322,0.0467201,0.0458933,0.0506278,0.0538145,0.0564418,0.057195,0.0629626,0.0683641,0.0692471,0.0794189,0.0844573,0.0913251,0.0950946,0.0942383
730.756,0.0437131,0.0432769,0.0431109,0.0436353,0.0465317,0.0466397,0.0483161,0.0506826,0.0539027,0.0547857,0.0596013,0.0657809,0.0664209,0.0697323,0.0769596,0.0842306,0.0913504,0.0932323,0.0937162
731.157,0.0408722,0.0401983,0.042396,0.0412744,0.0404139,0.044316,0.0476338,0.0488528,0.0500894,0.0560426,0.0548427,0.0614559,0.0644696,0.0681762,0.079834,0.081536,0.0864523,0.0926831,0.0950618
731.558,0.0414289,0.0424348,0.0422816,0.043035,0.0446808,0.0448514,0.0455957,0.0503963,0.0510884,0.0538529,0.0586355,0.0622374,0.0650092,0.070388,0.0769573,0.0827513,0.091489,0.0919764,0.0917689
731.959,0.0403839,0.041579,0.0426606,0.0408314,0.0445906,0.0437628,0.0454453,0.0483747,0.0498274,0.0520551,0.0538827,0.0616887,0.0636015,0.0701103,0.0769247,0.0795734,0.0876501,0.0913665,0.092351
732.359,0.0435163,0.0425286,0.0402132,0.0391073,0.040717,0.047657,0.0452388,0.051258,0.0490352,0.0569825,0.0581432,0.0610575,0.0658171,0.0701996,0.0799667,0.0850903,0.0912348,0.0938157,0.094869
732.76,0.04252,0.0437004,0.0431909,0.0438226,0.0442548,0.0488355,0.0519147,0.0502332,0.0526909,0.0544256,0.0610478,0.061355,0.0694991,0.0742524,0.0794744,0.0849337,0.090242,0.0932198,0.0965257
733.16,0.0409909,0.0411712,0.0408511,0.0429711,0.0437832,0.0474739,0.0487866,0.0502018,0.0506939,0.0554015,0.0575509,0.0648572,0.0693661,0.0714873,0.0794952,0.0841034,0.089103,0.0957841,0.0957361
733.56,0.0406561,0.0386863,0.0432841,0.0440616,0.0441076,0.0469995,0.0463601,0.0530775,0.0510335,0.0553946,0.0581509,0.0611321,0.0671205,0.0720476,0.0797038,0.085104,0.0909489,0.0957127,0.0921126
733.96,0.0401369,0.0416379,0.0446599,0.0442011,0.0460548,0.0469446,0.0510947,0.0492149,0.0516824,0.0568651,0.0607616,0.0647202,0.0677712,0.0746479,0.0763017,0.0854448,0.0933315,0.0936479,0.0961358
734.36,0.0390828,0.0409346,0.0397741,0.0412292,0.0442367,0.0427595,0.0438185,0.0447497,0.0476348,0.0502952,0.054754,0.061529,0.0659805,0.0684824,0.074914,0.0811008,0.0853774,0.0878489,0.0893698
734.76,0.0402738,0.042067,0.041822,0.0404847,0.0431327,0.0486031,0.0496304,0.0490449,0.0506091,0.0532757,0.0603452,0.0585375,0.0679705,0.0737495,0.0769567,0.0818889,0.0903222,0.0906507,0.0940771
735.16,0.0433058,0.0447875,0.0430843,0.0445857,0.0466607,0.046589,0.0502307,0.0529652,0.0515484,0.0573321,0.060851,0.0596559,0.0656931,0.0742687,0.0821944,0.0856613,0.0901379,0.0950243,0.0968482
735.559,0.0418153,0.0439075,0.0448688,0.0437746,0.0445345,0.047895,0.0469115,0.0519796,0.0533808,0.0572756,0.0610544,0.0635157,0.0671547,0.0735196,0.0777205,0.0846148,0.0905284,0.093963,0.093418
735.959,0.0405133,0.0417483,0.042577,0.0418614,0.0425996,0.0457172,0.0467495,0.0496355,0.0537797,0.0560205,0.0591365,0.0634328,0.0688928,0.0725209,0.0813727,0.0827254,0.0902163,0.0967997,0.0952021
736.358,0.0411738,0.0414467,0.0421121,0.0430492,0.0448678,0.0443799,0.0490728,0.0464334,0.0522485,0.0520953,0.0588277,0.0623095,0.0616293,0.0719125,0.0775224,0.0824744,0.0900473,0.0916062,0.0938495
736.757,0.0387516,0.042817,0.0423979,0.0441116,0.0455728,0.0468191,0.0470019,0.052711,0.0518612,0.053265,0.0582992,0.0610471,0.065541,0.0731769,0.0776471,0.0887118,0.0908594,0.0952156,0.0931624
737.157,0.0397587,0.0420936,0.0426855,0.0419419,0.0440935,0.0460071,0.0459223,0.0466588,0.0517389,0.0521214,0.0583225,0.0616199,0.0669257,0.0701845,0.0744126,0.0806511,0.0863832,0.0904268,0.0925838
737.555,0.0385827,0.0436562,0.0436082,0.0418984,0.0461591,0.0487656,0.0489917,0.0488662,0.0489856,0.0556861,0.0557963,0.0636567,0.0666165,0.0682704,0.078489,0.0875339,0.0923392,0.0931387,0.0985735
737.954,0.0433912,0.0434169,0.0418023,0.0411974,0.046803,0.045009,0.0479215,0.0504882,0.0490551,0.0551778,0.0579781,0.0614503,0.0654839,0.0704818,0.0787836,0.0843081,0.0879544,0.090081,0.0946441
738.353,0.0403394,0.0398011,0.0414666,0.0416407,0.0437318,0.0444594,0.0494315,0.0503904,0.0540326,0.0550121,0.0599568,0.0577509,0.0659377,0.0707723,0.076484,0.0829069,0.0897671,0.0946925,0.0954822
738.752,0.038776,0.0404215,0.0437546,0.0448511,0.0429076,0.0480553,0.0477051,0.0513524,0.0533886,0.0568595,0.0565478,0.0643209,0.0706753,0.0721487,0.0782223,0.0854614,0.0897297,0.0915035,0.0937899
739.15,0.0409081,0.045199,0.0430322,0.0458885,0.0463848,0.0448715,0.0465989,0.0543944,0.0514327,0.0530599,0.0584662,0.0633437,0.0688742,0.0713041,0.0784194,0.0854324,0.0921718,0.093946,0.0975528
739.549,0.0414991,0.0411941,0.0449219,0.0425362,0.0468949,0.048498,0.0479333,0.0534091,0.0525897,0.0554108,0.0599325,0.0652228,0.0698907,0.075494,0.0783907,0.0848832,0.0933097,0.0974467,0.0966801
739.947,0.0448854,0.0462738,0.0457817,0.0461157,0.0454686,0.0509671,0.049355,0.0511346,0.0559277,0.0543622,0.0596726,0.0627389,0.0711766,0.0725246,0.081318,0.0872165,0.0925635,0.0977524,0.0979626
740.345,0.0433033,0.0442944,0.0480292,0.0480838,0.0485546,0.0491957,0.0481227,0.0555046,0.0549554,0.0574253,0.0618592,0.0634689,0.0693929,0.0731554,0.0807741,0.088559,0.0917454,0.0993903,0.0988998
740.743,0.0413988,0.0436928,0.0449602,0.0445351,0.0473209,0.0483325,0.0469873,0.0533025,0.0530065,0.0560787,0.0599282,0.0661399,0.0672927,0.0747896,0.0750341,0.0851069,0.0879073,0.0950451,0.0958374
741.141,0.0432855,0.0439124,0.0431136,0.0420333,0.0458363,0.045916,0.0479385,0.0504136,0.0527976,0.0565317,0.0588735,0.0633524,0.0672888,0.0731884,0.0784217,0.0875642,0.0868326,0.0919526,0.0937092
741.539,0.0404894,0.0402058,0.0420874,0.0406491,0.0428881,0.0433093,0.0435149,0.0468942,0.0536953,0.0540195,0.0555993,0.0588224,0.0661956,0.0734308,0.0793626,0.0808396,0.0862466,0.0917595,0.0909109
741.936,0.0409675,0.0415935,0.0423269,0.0457741,0.0448977,0.0442954,0.047779,0.0480761,0.0538016,0.0560003,0.0578662,0.0645116,0.0675244,0.0724643,0.077294,0.0835727,0.0927954,0.096732,0.098504
742.334,0.0395245,0.0394851,0.0405736,0.039472,0.0445461,0.0438659,0.0477564,0.0461294,0.0489939,0.0517539,0.0557767,0.0623266,0.0646859,0.072607,0.0782433,0.0817384,0.0902813,0.0943104,0.0992868
742.731,0.0420197,0.0437257,0.0466301,0.0480291,0.0438361,0.0490626,0.0499667,0.0512792,0.0537486,0.0565149,0.0601499,0.0651125,0.0692893,0.0731179,0.0781963,0.0860925,0.0956512,0.0971279,0.0971486
743.128,0.0397405,0.0451762,0.0462354,0.0454153,0.0490502,0.0467992,0.0492278,0.0498952,0.0532866,0.0562709,0.0582631,0.0615582,0.0699004,0.0751719,0.079588,0.088759,0.0942258,0.0950594,0.0960562
743.526,0.0406133,0.044122,0.0435992,0.0442278,0.0457075,0.0466533,0.0452445,0.0474518,0.0507584,0.0553895,0.0592098,0.0617116,0.0670171,0.0729346,0.0780358,0.0867442,0.0936438,0.091505,0.0968749
743.923,0.0394513,0.0418539,0.0441031,0.0448871,0.0447663,0.0458669,0.0487381,0.0539611,0.0550407,0.05379,0.0588759,0.0628711,0.0654567,0.0702217,0.0821598,0.0897564,0.093468,0.0963185,0.0980001
744.32,0.0397899,0.0416353,0.0413878,0.0411617,0.0449664,0.0461156,0.0474279,0.0450496,0.0511236,0.0535853,0.0570715,0.0642398,0.0612698,0.0710717,0.0764397,0.0851282,0.0899206,0.0949648,0.0937942
744.716,0.040933,0.0427947,0.0441776,0.0437965,0.0435277,0.047785,0.0467917,0.0491321,0.0511124,0.0528237,0.0582935,0.0609845,0.0646675,0.0722655,0.0777716,0.0874591,0.0876761,0.094233,0.0936171
745.113,0.0447091,0.043147,0.0451189,0.0495604,0.0457147,0.0461137,0.0496954,0.052063,0.0545771,0.0541756,0.059184,0.0645793,0.0688125,0.0717769,0.0802484,0.083519,0.0915437,0.0959297,0.0967203
745.51,0.0401088,0.0420065,0.0423388,0.0419052,0.0453266,0.0450258,0.050093,0.0466571,0.0517352,0.050419,0.0577646,0.0620274,0.0649094,0.072703,0.078621,0.0822764,0.0866276,0.0935699,0.0950615
745.906,0.0423347,0.0408217,0.0429552,0.0431031,0.0440253,0.0481212,0.0507819,0.047673,0.053101,0.0533269,0.0584694,0.0620185,0.0652123,0.07087,0.07885,0.0841003,0.0899987,0.0945054,0.0958684
746.302,0.0434871,0.0432636,0.0409036,0.0440855,0.0467894,0.045906,0.051686,0.0453469,0.0511499,0.0541882,0.0566822,0.0622822,0.0679368,0.0738071,0.0766523,0.0884143,0.091418,0.0948619,0.100533
746.698,0.0429959,0.0447351,0.0414948,0.0429977,0.0456025,0.04833,0.0496452,0.0500077,0.0544347,0.0557444,0.058844,0.0664112,0.0675254,0.0729136,0.0743944,0.0898101,0.0900025,0.0959314,0.0950307
747.095,0.0405428,0.0441273,0.0430282,0.0470885,0.0501056,0.0462212,0.0471008,0.0512432,0.0533744,0.0544202,0.0554116,0.0619262,0.0670235,0.0734747,0.0793009,0.0835139,0.0868472,0.0916622,0.0965045
747.49,0.0452449,0.0446758,0.0463442,0.0469355,0.0475063,0.0504606,0.0509506,0.0547257,0.0546152,0.0573562,0.0608425,0.063955,0.071883,0.0762692,0.0845408,0.0846479,0.094372,0.0997121,0.101095
747.886,0.0449684,0.0396972,0.0460746,0.0466244,0.0475818,0.0473856,0.0492395,0.0523053,0.0541687,0.0595088,0.0597795,0.0650784,0.0675427,0.0749581,0.0843832,0.087515,0.0964598,0.0962892,0.097656
748.282,0.0444165,0.0452565,0.0452178,0.0470873,0.048202,0.0508839,0.0510972,0.054442,0.052624,0.0574596,0.0611257,0.0646386,0.0681814,0.0741969,0.0755901,0.0816149,0.0945818,0.0980264,0.0944733
748.678,0.0445847,0.0459451,0.0427445,0.0451768,0.0458741,0.0522102,0.0492537,0.0530653,0.0558883,0.0587069,0.0630849,0.0632467,0.0683214,0.0768525,0.0824297,0.0838194,0.0912259,0.0955243,0.101386
749.073,0.0400917,0.0400663,0.0417453,0.0442174,0.0443936,0.0451567,0.0487413,0.0489067,0.0507804,0.055499,0.0585007,0.0616118,0.0655315,0.0708626,0.0770709,0.082793,0.0864917,0.0934011,0.0938868
749.468,0.0376458,0.040547,0.0427739,0.0448518,0.0432429,0.0457775,0.0458736,0.050738,0.053577,0.0530315,0.0571422,0.0614861,0.0626838,0.0701673,0.0778349,0.082999,0.0899346,0.0897823,0.0926703
749.863,0.0395457,0.0438882,0.0427033,0.0422093,0.0460412,0.0490324,0.0490201,0.052069,0.0512427,0.0514698,0.058351,0.0627885,0.0665044,0.0759296,0.0787305,0.0879493,0.088889,0.0939619,0.094
750.259,0.0405552,0.0428134,0.0421587,0.0460577,0.0463269,0.0482625,0.0461372,0.0492144,0.0467591,0.0514792,0.057399,0.0608433,0.0674032,0.0740006,0.0787829,0.0869026,0.0913403,0.0940215,0.0970659
750.654,0.0401863,0.045386,0.0472579,0.0440769,0.044408,0.0494018,0.0500743,0.0490734,0.0536229,0.0488984,0.0594376,0.0630875,0.0675333,0.0708043,0.0787002,0.0855998,0.0904394,0.0969972,0.0943587
751.048,0.0415717,0.0411715,0.039751,0.0437037,0.0459832,0.0478911,0.0449194,0.0508867,0.0530721,0.0539307,0.0564204,0.0627157,0.0668721,0.0723956,0.0763153,0.0865241,0.0876994,0.0948191,0.0969865
751.443,0.0446928,0.0466236,0.0442876,0.0476766,0.0462449,0.0457356,0.0498009,0.0503297,0.0533883,0.0559394,0.0599181,0.0643254,0.0697002,0.0728723,0.0784647,0.0864512,0.0944139,0.0930299,0.0953686
751.838,0.0400215,0.0394996,0.0419471,0.0410518,0.0426941,0.0466043,0.047541,0.0473471,0.0519669,0.0529185,0.0594874,0.0609161,0.0684175,0.0711911,0.0761279,0.084167,0.0887044,0.0916163,0.0969393
752.232,0.0428886,0.0406858,0.0426398,0.0437454,0.04454,0.0472668,0.0466485,0.046803,0.0529544,0.0542951,0.0568991,0.0624118,0.0638652,0.0711381,0.0774708,0.0789535,0.0880936,0.0941721,0.0953354
752.626,0.0423877,0.0411229,0.0432349,0.0456074,0.0433907,0.0447051,0.0496853,0.0501614,0.0509529,0.0564564,0.0583586,0.0616318,0.0673215,0.0733073,0.0767135,0.0824049,0.0939941,0.096707,0.0973669
753.021,0.0432946,0.0426146,0.0439493,0.0410964,0.045415,0.0469192,0.0470235,0.0479117,0.048761,0.0539074,0.0566031,0.0646291,0.0652251,0.0690723,0.0770602,0.0833784,0.0884261,0.0934392,0.0950278
753.415,0.0404268,0.0442926,0.0438748,0.0424468,0.0460304,0.0467616,0.0488519,0.0476223,0.052688,0.0558863,0.0615136,0.0644192,0.0689397,0.0738624,0.0776015,0.085315,0.0919035,0.0930846,0.0971503
753.809,0.0444026,0.0444869,0.0451152,0.0449845,0.0470441,0.0482803,0.0486671,0.0507662,0.0549205,0.0582277,0.0574731,0.0613474,0.0689819,0.0696822,0.0836186,0.0884648,0.0954076,0.0946605,0.0962794
754.203,0.0400592,0.0429832,0.0436455,0.0450217,0.0484221,0.051219,0.04657,0.0521466,0.0529104,0.0537792,0.0612111,0.0638972,0.0709461,0.0731392,0.0827062,0.0855812,0.0938293,0.0958087,0.0999058
754.596,0.0410698,0.0427971,0.0433979,0.0474212,0.0468476,0.0475623,0.0500088,0.050696,0.0554142,0.0536084,0.0595906,0.0607459,0.0679306,0.0720762,0.0797417,0.0831214,0.0929048,0.0981322,0.0976118
754.99,0.0407256,0.0397602,0.0379237,0.0432298,0.0429603,0.044227,0.0470298,0.0488382,0.0501018,0.0497587,0.0609181,0.0594934,0.0666541,0.0721945,0.0761072,0.0831274,0.0886014,0.0907144,0.094211
755.383,0.0433292,0.04354,0.0459824,0.0462678,0.044119,0.0509655,0.0507696,0.0504699,0.0510945,0.0589863,0.0599635,0.0617303,0.0672212,0.0757369,0.0816425,0.0848669,0.0920771,0.0993848,0.0953591
755.777,0.0408573,0.0415307,0.0426983,0.0449129,0.0476866,0.047901,0.0490424,0.0530882,0.0515584,0.0561203,0.0596453,0.0639082,0.067107,0.0743055,0.0814482,0.0861647,0.0901664,0.0962032,0.0917481
756.17,0.0387923,0.042181,0.0436763,0.0442709,0.0491395,0.0474633,0.0482226,0.0526092,0.0514687,0.0588478,0.063278,0.0646233,0.065987,0.0774161,0.0803706,0.08428,0.0923078,0.0967738,0.0934476
756.563,0.0411747,0.037338,0.0417661,0.0402649,0.0434092,0.0422073,0.041988,0.0467723,0.0502754,0.0503105,0.057342,0.0626969,0.0643719,0.0706501,0.0761961,0.0866986,0.0905728,0.0909959,0.0959419
756.956,0.0407413,0.0388659,0.0408298,0.0443808,0.0432278,0.042657,0.0455093,0.0493379,0.0523916,0.0534952,0.0582058,0.0601299,0.0635268,0.0710924,0.0778209,0.0815576,0.0886745,0.090717,0.0926264
757.349,0.0423087,0.04452,0.0440617,0.0474975,0.0448415,0.0466224,0.0468245,0.0518461,0.0516086,0.0548461,0.0596291,0.0638576,0.0675421,0.071811,0.079155,0.0841996,0.0886634,0.0899123,0.0963899
757.742,0.0444976,0.0416297,0.0441015,0.0412788,0.0437653,0.0429816,0.0509198,0.0518952,0.0537325,0.0573234,0.0576801,0.0664254,0.0704694,0.0717303,0.0781363,0.0848798,0.087786,0.0956784,0.0981779
758.135,0.0388365,0.0415413,0.0432573,0.0413227,0.0463416,0.0455282,0.0470532,0.0498157,0.0503391,0.0534881,0.0593786,0.0626645,0.0624632,0.068687,0.071969,0.0865832,0.0867793,0.100942,0.0904564
758.527,0.0440349,0.0453891,0.046722,0.0486604,0.0435047,0.0483368,0.0483579,0.0529041,0.0499428,0.0590634,0.0613205,0.0668416,0.0700404,0.0733354,0.0773317,0.0854448,0.0915771,0.0931531,0.0948283
758.919,0.0398421,0.0402878,0.0463489,0.0431961,0.0452773,0.0475607,0.0500722,0.0549989,0.0529793,0.0556579,0.0594167,0.0662472,0.0692774,0.0713799,0.0784294,0.0869716,0.0921298,0.100206,0.0936306
759.312,0.0410707,0.0448868,0.0414649,0.0412588,0.0403397,0.045352,0.044389,0.0480122,0.049696,0.0551863,0.0598613,0.0586799,0.0660492,0.0704111,0.0785847,0.0815972,0.0914329,0.0971159,0.0975044
759.704,0.042954,0.0441104,0.0449351,0.0479421,0.0467799,0.0456493,0.0504355,0.0522255,0.0538537,0.0587022,0.0602872,0.0665529,0.0677944,0.0760091,0.0820926,0.090526,0.0934217,0.102164,0.098429
760.096,0.0425118,0.0433205,0.0449398,0.0415157,0.0467979,0.0488379,0.0515031,0.0499885,0.0539204,0.0571724,0.0597889,0.0597613,0.0684383,0.0701748,0.0790057,0.0835747,0.0909087,0.0935426,0.100918
760.488,0.0433677,0.0447016,0.0466768,0.0429687,0.0461425,0.0519381,0.0512809,0.0506843,0.0501861,0.0542024,0.0552774,0.065957,0.0695596,0.0758852,0.076966,0.0893009,0.0911347,0.0929431,0.0975576
760.88,0.0457946,0.0410944,0.0438299,0.0406944,0.0449921,0.0474426,0.0499996,0.0485228,0.0500252,0.0560086,0.0579405,0.0667288,0.069411,0.0749836,0.0784276,0.089074,0.0919654,0.0990701,0.0977254
761.271,0.0417092,0.0415932,0.0424222,0.0422181,0.0445075,0.042783,0.046058,0.0516173,0.0491806,0.0529029,0.0559721,0.0611713,0.0640934,0.0726368,0.0776004,0.0815192,0.090918,0.0926994,0.0928387
761.663,0.0414971,0.0433914,0.04848,0.0437141,0.0447346,0.0514396,0.0482001,0.0512793,0.0530218,0.057323,0.0589791,0.0680437,0.0659123,0.0737242,0.0828469,0.0906588,0.095217,0.0996249,0.104502
762.054,0.0412797,0.0374721,0.0451037,0.0469109,0.0432638,0.0474844,0.0476707,0.0490415,0.0538587,0.0563835,0.0573664,0.0613419,0.0645146,0.073565,0.0795143,0.0848501,0.0925042,0.0967506,0.0948403
762.445,0.0413796,0.0432336,0.0413016,0.0409217,0.0443702,0.0450425,0.0455586,0.0514937,0.0538357,0.0532044,0.0621223,0.0613381,0.0682775,0.074432,0.0801888,0.0855025,0.093795,0.0942293,0.0949212
762.837,0.0407691,0.0439854,0.0434691,0.0447253,0.0437708,0.0499746,0.0486729,0.0509602,0.0537021,0.0561484,0.0598908,0.0656986,0.0640933,0.0742283,0.0765316,0.0864801,0.0930703,0.0963241,0.0933951
763.228,0.0398275,0.0416317,0.043301,0.0431302,0.0429625,0.043135,0.0446097,0.0491194,0.0537476,0.056076,0.0577065,0.0616716,0.0654894,0.0702776,0.0763191,0.0804347,0.0879899,0.0922023,0.0984649
763.619,0.0397736,0.0417164,0.0450071,0.0443384,0.044498,0.0428568,0.0481197,0.0514492,0.0547603,0.057834,0.0572296,0.0600014,0.0701866,0.0742886,0.0775827,0.0838157,0.0897576,0.103161,0.0933867
764.009,0.0445574,0.041669,0.045235,0.0450111,0.0485737,0.0460604,0.0508991,0.05041,0.0567055,0.0570247,0.0597578,0.063882,0.0702017,0.0743107,0.0768165,0.0860444,0.0881785,0.0993505,0.0960983
764.4,0.0398762,0.0400054,0.043785,0.0449552,0.048572,0.046314,0.0463141,0.0494354,0.0523462,0.057355,0.0595364,0.0597633,0.0660368,0.0729529,0.074621,0.084033,0.0910089,0.0930963,0.0961359
764.791,0.038524,0.0440215,0.0430203,0.0482152,0.0458747,0.0476404,0.0465935,0.0499878,0.0512525,0.0560872,0.0576394,0.0615869,0.0673889,0.0727269,0.0760138,0.0876575,0.0929294,0.0948609,0.101155
765.181,0.045083,0.0410333,0.0454422,0.0447414,0.0424171,0.0474899,0.050065,0.0508861,0.0548586,0.0572625,0.0594696,0.0648298,0.066599,0.0715094,0.0775298,0.0833679,0.0903673,0.0930873,0.0947927
765.571,0.0384011,0.043271,0.0417819,0.0459559,0.0444467,0.046148,0.0498413,0.0512447,0.0528145,0.0500774,0.0555894,0.0622622,0.0646133,0.0694615,0.0784908,0.0843318,0.0873092,0.0944879,0.0939847
765.962,0.0396755,0.0467695,0.042383,0.0472317,0.043174,0.0502046,0.0483646,0.0510734,0.054862,0.0533542,0.0587157,0.0589056,0.0682485,0.0715199,0.0786569,0.085134,0.0895849,0.0943332,0.0965609
766.352,0.0391053,0.0415032,0.0382427,0.0399374,0.042235,0.045645,0.0450665,0.0470871,0.0479039,0.0562258,0.0535454,0.0608299,0.0656208,0.0666583,0.0766365,0.0826816,0.0902611,0.0912635,0.0936385
766.742,0.0424204,0.0447303,0.0460964,0.0481107,0.0447654,0.0518106,0.0497276,0.053082,0.0582853,0.0559545,0.060765,0.0650394,0.0722063,0.0719885,0.0797163,0.0836086,0.0947608,0.0948877,0.1005
767.131,0.0438411,0.0467938,0.047123,0.0465511,0.0458852,0.0466643,0.0503874,0.05401,0.0542184,0.054368,0.0578428,0.0689016,0.0711975,0.0747927,0.0834719,0.0872153,0.0906064,0.0971308,0.0965344
767.521,0.0423497,0.0461812,0.0455087,0.0435257,0.0457111,0.0435518,0.0539637,0.0525932,0.0557954,0.0593689,0.0612113,0.0649673,0.0684518,0.0766102,0.0798143,0.0861203,0.0962199,0.0996985,0.100923
767.911,0.0398687,0.0444437,0.0445356,0.0408253,0.0413195,0.0481176,0.0482492,0.0474618,0.0512785,0.0579497,0.053626,0.064005,0.0690583,0.0733814,0.0757852,0.0836145,0.0895451,0.0951104,0.0942758
768.3,0.0447649,0.041299,0.0386431,0.0417495,0.0438658,0.0450437,0.0456403,0.0501974,0.0488543,0.0517889,0.05451,0.0614666,0.064704,0.0728339,0.0769965,0.0800675,0.0897777,0.095739,0.0945147
768.689,0.0456207,0.0420649,0.042002,0.0463833,0.0464666,0.0471983,0.0488838,0.0498543,0.0548646,0.0542292,0.0593935,0.0628366,0.0691836,0.0791819,0.0820197,0.0881632,0.0909682,0.0983562,0.0954519
769.079,0.0486384,0.0507342,0.0494009,0.0508494,0.051035,0.0470516,0.0572727,0.0557189,0.0578135,0.0583688,0.0663676,0.0712923,0.0731017,0.0787803,0.0862388,0.0889468,0.0966028,0.096947,0.101341
769.468,0.0395404,0.0438416,0.044276,0.0461369,0.0463382,0.0446837,0.0495727,0.0541553,0.0530362,0.0526995,0.0605335,0.0633559,0.0691258,0.0719346,0.0813527,0.0853891,0.0958376,0.0951775,0.0996091
769.857,0.0386942,0.0425533,0.0390413,0.0447093,0.0430182,0.0455787,0.0474197,0.0535405,0.052876,0.0543822,0.0584498,0.0641552,0.0628208,0.0669249,0.0774333,0.0827991,0.0901273,0.0920212,0.0974731
770.246,0.0427929,0.0453208,0.0447017,0.0435348,0.0484186,0.0482059,0.0528975,0.0505524,0.0521203,0.04987,0.0573801,0.0640234,0.0691954,0.0718029,0.0773616,0.0871369,0.091332,0.0975172,0.0959112
770.634,0.0375371,0.0394004,0.0390562,0.0422058,0.0479217,0.0448813,0.0463572,0.0452723,0.0488615,0.0513865,0.0532076,0.0630641,0.0637585,0.067911,0.0743237,0.0860546,0.0891622,0.0931053,0.0963334
771.023,0.0419299,0.0409341,0.041378,0.0434651,0.0448,0.0463539,0.0468211,0.0532989,0.0501784,0.0479033,0.0571241,0.0603363,0.0675127,0.0773107,0.0754437,0.087247,0.0988521,0.0934804,0.0983905
771.411,0.0463351,0.0451822,0.0451771,0.0470224,0.0466874,0.0496772,0.0487967,0.0525108,0.0507681,0.0574155,0.0617347,0.0641276,0.0668054,0.0697735,0.0774004,0.0874022,0.0965488,0.100463,0.0996766
771.8,0.0465622,0.0445145,0.0432011,0.0430821,0.048272,0.0468628,0.0484337,0.0508824,0.0545525,0.0538808,0.0602635,0.0627975,0.0708094,0.0703524,0.0790089,0.0833131,0.0935725,0.0963184,0.0956671
772.188,0.0407192,0.0448029,0.0415493,0.0445589,0.0490762,0.0473262,0.0476674,0.0488901,0.0545409,0.0565721,0.0568218,0.0658877,0.0721709,0.0666649,0.0826934,0.0894268,0.0936635,0.0977925,0.101082
772.576,0.0441046,0.0449906,0.0447084,0.0484507,0.0468245,0.0495253,0.051727,0.0530479,0.0509672,0.055704,0.0600572,0.065425,0.0704946,0.0757241,0.0831942,0.0868696,0.0920653,0.0947376,0.0983301
772.964,0.0377955,0.0448804,0.0424335,0.0397021,0.0422163,0.0428012,0.0471114,0.0475814,0.0488102,0.0541646,0.0579018,0.0599451,0.0711362,0.0705357,0.0819227,0.0859907,0.0928064,0.0952803,0.0967016
773.352,0.0427642,0.0427886,0.0419569,0.0441079,0.0475951,0.0484713,0.0464422,0.0511229,0.0532567,0.0542111,0.0568952,0.0636501,0.0672489,0.0746061,0.0794277,0.0863672,0.0899753,0.0952007,0.101463
773.74,0.04341,0.041843,0.0431614,0.0422967,0.0476239,0.0461547,0.0468514,0.0500478,0.0502779,0.0544903,0.0572248,0.0644524,0.0692013,0.0710681,0.0781213,0.0846582,0.089951,0.0961828,0.0909814
774.127,0.0390074,0.0394389,0.0435522,0.043239,0.0475459,0.0459237,0.0476123,0.0508063,0.0534801,0.0532174,0.063017,0.0631633,0.0676801,0.0728099,0.0793014,0.0919642,0.091741,0.0997343,0.0994308
774.515,0.0478455,0.0418036,0.046934,0.0444667,0.0480271,0.052451,0.0514164,0.0471811,0.0533468,0.0548527,0.0583913,0.0674175,0.0716857,0.0764575,0.0842331,0.0894579,0.0927185,0.101836,0.102266
774.902,0.0463951,0.0460576,0.0472953,0.0489929,0.0511068,0.0453381,0.0504932,0.0515895,0.0568582,0.0588439,0.0651799,0.0700847,0.0721649,0.0778246,0.0868197,0.0883748,0.0987479,0.0951545,0.0997493
775.289,0.0413005,0.0437327,0.0470609,0.046184,0.0486774,0.044955,0.0476877,0.0499101,0.0552674,0.0569652,0.059232,0.0661021,0.069327,0.0743922,0.0799697,0.0886972,0.0903652,0.0971993,0.101939
775.676,0.0435786,0.040989,0.0407271,0.0456351,0.0457099,0.047299,0.0530275,0.0535545,0.0549491,0.0525233,0.0589978,0.0636745,0.070611,0.0731146,0.0790669,0.0866256,0.0935623,0.0948497,0.100339
776.063,0.0421268,0.0433777,0.0490246,0.0479326,0.045733,0.048945,0.0509953,0.0539263,0.051965,0.0574689,0.0637197,0.0677582,0.0717972,0.076348,0.0816063,0.0829928,0.0933848,0.0984615,0.101775
776.45,0.0449037,0.0451368,0.0458959,0.0471125,0.0525184,0.0504177,0.050736,0.0493363,0.051727,0.0601534,0.0652491,0.0614633,0.0685492,0.0770813,0.0802988,0.0898089,0.0952841,0.0991067,0.0982062
776.837,0.0388098,0.039173,0.041176,0.0457557,0.0429702,0.0476923,0.0467546,0.0541309,0.0509269,0.0560476,0.0607535,0.0633543,0.0666442,0.0727294,0.0790522,0.0869256,0.0929768,0.094669,0.0998805
777.224,0.0405047,0.0410946,0.0427453,0.0448578,0.0467568,0.0479728,0.0512225,0.0444247,0.050171,0.0567749,0.0585972,0.0647903,0.0679488,0.072866,0.0806843,0.084626,0.0896664,0.0936291,0.0976562
777.61,0.0435521,0.0469579,0.0449782,0.0459039,0.0466737,0.0467535,0.0507901,0.0473268,0.0506361,0.0545647,0.0621357,0.0672209,0.0653517,0.0745538,0.077564,0.0872272,0.0942337,0.0988641,0.102041
777.997,0.0371235,0.0413981,0.0431234,0.04522,0.0484833,0.0452741,0.0507943,0.0504631,0.0529079,0.0544456,0.0531048,0.0624656,0.0677849,0.0718941,0.0819271,0.0861403,0.0941175,0.0965311,0.0961011
778.383,0.0443843,0.0416233,0.0379924,0.0453745,0.0464607,0.0446041,0.0494331,0.0507112,0.0546944,0.0537412,0.0611001,0.0627117,0.0710528,0.0703056,0.0809059,0.0835894,0.0902129,0.0968947,0.0985424
778.769,0.0458703,0.0465965,0.0465524,0.0464404,0.0457189,0.0493613,0.0500836,0.0548659,0.0598463,0.0564524,0.0575014,0.063081,0.072828,0.0736806,0.0831327,0.0863987,0.0951789,0.0977744,0.100151
779.155,0.0405994,0.041681,0.0441317,0.0398302,0.0428869,0.0424905,0.0495739,0.0510176,0.0537892,0.052811,0.0583054,0.0637465,0.069488,0.0724309,0.0787403,0.0853554,0.0903965,0.0964562,0.0924014
779.541,0.0417318,0.0402695,0.0415514,0.0436766,0.0465516,0.0465065,0.0488346,0.0507821,0.0518284,0.0546921,0.0579564,0.0619053,0.0663679,0.0734469,0.0800223,0.0852532,0.089424,0.0941994,0.10136
779.927,0.0429381,0.0459095,0.0446514,0.0439138,0.0430811,0.0480258,0.0517733,0.0547737,0.058697,0.0549014,0.0607266,0.0685355,0.0714548,0.0733196,0.079445,0.0871606,0.0922559,0.10007,0.103147
780.312,0.041009,0.0441426,0.0412793,0.0440133,0.043781,0.0486499,0.0502837,0.0484768,0.0532726,0.0557317,0.063078,0.0630026,0.0708155,0.0737472,0.08155,0.0878342,0.0931318,0.0930484,0.0972707
780.698,0.0460554,0.042053,0.0437595,0.045437,0.0479363,0.0505401,0.0477675,0.0501053,0.0547167,0.0567038,0.0619644,0.0601995,0.0722902,0.073065,0.0824974,0.0920249,0.0949254,0.099189,0.103435
781.083,0.0411793,0.0423851,0.0482969,0.0448609,0.0506258,0.0489748,0.0502152,0.0525861,0.0558285,0.0525539,0.0583383,0.0626273,0.0681357,0.0763708,0.0802206,0.0905197,0.0985454,0.0993549,0.103669
781.469,0.0384544,0.045791,0.0424254,0.0378206,0.0443879,0.0434531,0.0487011,0.0461667,0.0533316,0.0551302,0.0607645,0.0576386,0.0717197,0.0722012,0.0798081,0.0865982,0.0912615,0.0946288,0.0945776
781.854,0.0404203,0.0415385,0.0434211,0.045992,0.0477899,0.050095,0.048883,0.0517998,0.0510546,0.0564443,0.0591495,0.0636049,0.0703561,0.0707054,0.0786855,0.0811543,0.0914832,0.0945358,0.100847
782.239,0.0438301,0.0429829,0.0486898,0.0483734,0.0448985,0.0494629,0.0490624,0.0513346,0.0535723,0.055937,0.0621275,0.0651976,0.070285,0.0730152,0.0793086,0.0868219,0.0961258,0.097574,0.1002
782.624,0.040617,0.0414188,0.0439422,0.0432975,0.045863,0.0488689,0.048343,0.0447293,0.0529911,0.0557402,0.0612915,0.0635028,0.0665584,0.0744216,0.0784154,0.0866859,0.0880504,0.0929421,0.0982991
783.008,0.0422253,0.0442107,0.0452945,0.0444388,0.0453663,0.0439582,0.0473534,0.0526384,0.052852,0.0508875,0.0602884,0.0631385,0.0649217,0.0714477,0.0796842,0.0830742,0.0917514,0.0958254,0.0950438
783.393,0.0399651,0.0409159,0.041468,0.0416518,0.0442063,0.0461214,0.0478123,0.0484488,0.0508513,0.0505747,0.0555483,0.0609779,0.0644203,0.0716904,0.0769641,0.0811392,0.0902988,0.0907131,0.0941279
783.778,0.0390381,0.0417734,0.0398334,0.0423311,0.0442164,0.0444069,0.0452397,0.0484265,0.0470471,0.0481703,0.0558188,0.0591848,0.0647344,0.0716006,0.0747061,0.0838702,0.0863234,0.0907741,0.0910399
784.162,0.0435694,0.045854,0.0445707,0.0458333,0.0407944,0.0463664,0.0467302,0.0497579,0.0521438,0.054682,0.0578636,0.0634829,0.066708,0.0719191,0.0773157,0.0871167,0.0916226,0.098141,0.0971098
784.546,0.0424835,0.0446871,0.0417175,0.0440314,0.0469121,0.0496766,0.047394,0.0539231,0.0526635,0.0557286,0.0564674,0.0610898,0.0685054,0.07545,0.0819279,0.0874709,0.0967539,0.0946855,0.0943378
784.931,0.043048,0.0445724,0.0446816,0.0421547,0.0435377,0.0463932,0.0491148,0.0489505,0.0548748,0.0561975,0.0613051,0.0644221,0.0692619,0.0740546,0.0799199,0.0882428,0.0954481,0.0949106,0.0979862
785.315,0.0400811,0.0389269,0.039664,0.0392095,0.0386883,0.0455403,0.0470075,0.0473641,0.0530227,0.0549309,0.0562794,0.0605195,0.0650459,0.0691817,0.0762676,0.0835869,0.0889557,0.0925928,0.09415
785.699,0.0398298,0.0426599,0.0422933,0.043418,0.0461451,0.0473419,0.0491345,0.0490255,0.050349,0.0538578,0.0566155,0.0646092,0.0718549,0.0748382,0.0784369,0.0866142,0.0918563,0.0981551,0.0975452
786.082,0.0404057,0.0413697,0.0387994,0.041582,0.0435315,0.0429711,0.0457379,0.0480719,0.0493673,0.0539327,0.05675,0.0653761,0.065499,0.0685339,0.0784301,0.0839235,0.0866536,0.0932503,0.0944642
786.466,0.0387213,0.0448308,0.0407477,0.0457106,0.0455949,0.0478952,0.0452663,0.0482528,0.0506291,0.0541124,0.0585553,0.0650164,0.0685762,0.0729944,0.0762234,0.0896065,0.0960171,0.0906413,0.0958369
786.85,0.0392704,0.0430502,0.0417401,0.0411678,0.0436857,0.0487632,0.045985,0.0523815,0.05104,0.0549451,0.0573991,0.0673905,0.0684416,0.0720736,0.0793924,0.088688,0.0928188,0.0956274,0.0981027
787.233,0.042891,0.0455599,0.0447643,0.0445595,0.0484646,0.0482165,0.0472652,0.0541299,0.0508782,0.0623398,0.0578494,0.0668936,0.0686153,0.0767346,0.0823394,0.0870394,0.0944244,0.099405,0.0931229
787.616,0.0441811,0.0420989,0.0474631,0.0449327,0.0476739,0.0480574,0.0484759,0.0526798,0.0525234,0.0570797,0.0602568,0.0646733,0.070799,0.0720292,0.0788173,0.0868204,0.0973146,0.103037,0.0926427
788,0.0392064,0.0373444,0.0415514,0.0413771,0.0435152,0.044615,0.048341,0.0486391,0.0492623,0.0557209,0.0585537,0.0597389,0.0649236,0.0675045,0.0774378,0.0837992,0.0903355,0.0933377,0.0938486
788.383,0.0463638,0.0439967,0.0509059,0.0489135,0.0496234,0.0526586,0.0573497,0.0583111,0.0585989,0.0575807,0.0639058,0.0668264,0.0692653,0.0740862,0.082571,0.0881755,0.0985238,0.0961821,0.100662
788.766,0.0404071,0.0439958,0.0415983,0.0413606,0.0408749,0.0446389,0.0469294,0.0504389,0.0496524,0.0559071,0.0630719,0.0598069,0.0715575,0.0666446,0.0787393,0.0847343,0.0941221,0.0990632,0.0953025
789.148,0.0355229,0.0414733,0.0380242,0.0421868,0.0438395,0.0457127,0.0443908,0.0485845,0.0502254,0.0508696,0.0542183,0.0591625,0.0658151,0.0730937,0.0776188,0.0806442,0.0935468,0.0903296,0.0977199
789.531,0.0430203,0.0439307,0.0418687,0.0447254,0.045021,0.0446162,0.0459419,0.0477091,0.0511855,0.051032,0.0591941,0.0644509,0.0700862,0.0738536,0.0785315,0.0865487,0.0917937,0.0961494,0.0976761
789.914,0.0407725,0.0401988,0.0430728,0.04585,0.0451961,0.046744,0.0529171,0.0517459,0.052174,0.0559968,0.0573482,0.0645501,0.0667643,0.0758017,0.0840884,0.0900507,0.0891697,0.09498,0.100161
790.296,0.039264,0.0419779,0.0395894,0.0438324,0.0471315,0.0441261,0.048809,0.0509484,0.047527,0.0539051,0.0562757,0.0595725,0.0674371,0.0696009,0.077736,0.0873366,0.0899889,0.0946732,0.103127
790.678,0.0431821,0.043345,0.0464579,0.0479382,0.0491905,0.0472236,0.0538394,0.0538702,0.0524966,0.0596724,0.060428,0.064705,0.0690521,0.0762955,0.0820627,0.0837664,0.0958431,0.0984713,0.102945
791.061,0.0457057,0.0441851,0.0481738,0.0400953,0.0484551,0.0463182,0.0497362,0.04989,0.0497795,0.0584647,0.0600622,0.0673732,0.0699347,0.0799108,0.0798328,0.08804,0.0938708,0.0987142,0.0944078
791.443,0.0402958,0.0451506,0.0425876,0.045998,0.0472334,0.0434023,0.0466169,0.0535476,0.051433,0.0560556,0.0604091,0.0635473,0.0677984,0.0755165,0.0797316,0.0852968,0.0943728,0.0990471,0.0993078
791.825,0.0402243,0.0439021,0.042133,0.0401185,0.0427669,0.0440599,0.0473025,0.049666,0.0520458,0.0569592,0.0579419,0.0661013,0.0688872,0.072028,0.0773103,0.0841823,0.0898236,0.099317,0.0953965
792.207,0.0439258,0.0448687,0.0439356,0.0458482,0.0510068,0.0493469,0.0491537,0.0523209,0.0540244,0.0608151,0.0615131,0.0690513,0.0660743,0.0770214,0.0853362,0.0887091,0.0977278,0.0990411,0.0993998
792.588,0.0456825,0.0425229,0.0485445,0.0458396,0.0450234,0.0487516,0.0508958,0.0564332,0.0546361,0.0552992,0.0631475,0.065896,0.0718104,0.070935,0.0810443,0.0889784,0.0958967,0.0932384,0.0990504
792.97,0.0423463,0.0391868,0.0426299,0.0428287,0.0435014,0.0462336,0.0518516,0.0493161,0.0507057,0.0523417,0.0588249,0.0623291,0.0639234,0.0754493,0.078674,0.0846373,0.0891528,0.0957691,0.0991104
793.351,0.0425515,0.0453697,0.0427689,0.0380521,0.0480713,0.047643,0.0481073,0.0478215,0.0537337,0.0556077,0.0576364,0.0642334,0.069896,0.071614,0.0782576,0.0863649,0.0941084,0.0915138,0.0926899
793.733,0.0448304,0.0463342,0.0430032,0.0463106,0.0500735,0.0499395,0.0468267,0.0518781,0.0537047,0.0593089,0.0594941,0.0626201,0.0687854,0.0736451,0.0812529,0.086263,0.091839,0.0949769,0.0988955
794.114,0.0432659,0.0484764,0.042565,0.0432708,0.0483295,0.0449496,0.0502277,0.0478173,0.0530855,0.056678,0.0615736,0.0636868,0.0722063,0.0726052,0.0825079,0.0886145,0.0931419,0.0964285,0.0955738
794.495,0.0379544,0.0381011,0.0448674,0.0400127,0.0440798,0.0463755,0.046354,0.0469453,0.054294,0.0539694,0.0586741,0.0651481,0.0705821,0.0784381,0.0831988,0.086412,0.0972266,0.0970298,0.0998208
794.876,0.0386185,0.0425991,0.0433916,0.044938,0.0480696,0.04351,0.0477811,0.0502032,0.0512196,0.0563407,0.0580338,0.0598219,0.0676404,0.0731626,0.079365,0.0858021,0.0898416,0.0936318,0.0962329
795.257,0.04155,0.0426864,0.041884,0.0440509,0.0475991,0.0453254,0.0482234,0.052333,0.0500527,0.0547954,0.0607588,0.0668756,0.0677993,0.074672,0.0839221,0.0886148,0.0911412,0.0983473,0.0987816
795.638,0.0423403,0.0450716,0.0430866,0.044831,0.0476598,0.0498574,0.04462,0.0540197,0.0494415,0.0555581,0.0613915,0.0625098,0.071786,0.0761273,0.0835582,0.0902214,0.0939112,0.098101,0.10114
796.018,0.044792,0.0394664,0.0441585,0.0447034,0.047622,0.0490342,0.0505382,0.0515292,0.05629,0.0553018,0.0592418,0.0616386,0.0683631,0.073737,0.0786596,0.0896871,0.0926367,0.0934209,0.0983552
796.399,0.0459321,0.0451267,0.0493043,0.0450046,0.0466082,0.0450492,0.0440791,0.05359,0.0530019,0.0580612,0.0587595,0.0669592,0.0686925,0.0802336,0.0812344,0.0850217,0.0960872,0.0950772,0.100053
796.779,0.040696,0.0429388,0.0457741,0.0449207,0.0454888,0.0429604,0.043874,0.0491211,0.0542972,0.0511224,0.0626851,0.070102,0.0693424,0.0768338,0.0808304,0.085616,0.0957076,0.0951911,0.10143
797.159,0.0454023,0.0453946,0.0458151,0.0499162,0.0510861,0.0529511,0.0538563,0.0581911,0.0594432,0.0641025,0.0656819,0.0673807,0.0738763,0.0809641,0.0856916,0.0930324,0.096627,0.102636,0.100142
797.539,0.0439965,0.0457654,0.0443962,0.0512324,0.05149,0.0473113,0.0511016,0.0564337,0.0581564,0.0604715,0.0627975,0.069601,0.0744576,0.0773453,0.0845992,0.0950212,0.0940806,0.102303,0.101405
797.919,0.040027,0.0448114,0.045033,0.0408679,0.0424609,0.0507517,0.0497299,0.0505279,0.047756,0.056883,0.0577616,0.0622107,0.0654045,0.076969,0.0834114,0.0889315,0.0971497,0.0969148,0.10396
798.299,0.0350329,0.0411367,0.0443893,0.0403922,0.043366,0.0458716,0.0449178,0.0478247,0.0518015,0.0589805,0.058935,0.0593778,0.0637213,0.0711763,0.0735706,0.0805397,0.0921443,0.0943648,0.0972937
798.679,0.0441907,0.0396863,0.0480499,0.0458417,0.0453213,0.0525784,0.0534164,0.0467825,0.0504128,0.0531391,0.0565218,0.0647617,0.0690141,0.0720021,0.0825208,0.0875279,0.0930095,0.0988711,0.0988806
799.059,0.0447551,0.0452602,0.0486529,0.0473577,0.0516285,0.0483023,0.0501934,0.053525,0.0613603,0.0574231,0.0675307,0.0720954,0.0726235,0.079325,0.0817482,0.0945435,0.0993596,0.102563,0.103111
799.438,0.0448448,0.0459574,0.0451566,0.0462488,0.047492,0.0469761,0.0526341,0.050062,0.0515776,0.0565952,0.0590614,0.0660265,0.0688505,0.0722371,0.0782729,0.0904148,0.0987292,0.0978599,0.0990687
799.817,0.0399944,0.0378079,0.0428396,0.0423199,0.0400282,0.0458864,0.0473427,0.0482652,0.0519526,0.049219,0.0557125,0.0608993,0.0681572,0.0706372,0.0795109,0.0836653,0.0923453,0.095625,0.0912242
800.197,0.0352511,0.0375756,0.0388132,0.0419008,0.041416,0.0419671,0.0428856,0.0424365,0.0520853,0.051772,0.0519201,0.0626843,0.0637034,0.0677478,0.0774195,0.082017,0.0882222,0.0934836,0.0962607
800.576,0.0422295,0.0417785,0.0446439,0.043521,0.0451646,0.047242,0.0478326,0.0505976,0.0518687,0.0562562,0.0603927,0.0638656,0.0699769,0.0725709,0.079224,0.0840295,0.0926943,0.0979036,0.101344
800.955,0.0427162,0.041527,0.0438205,0.0458772,0.0466974,0.0476244,0.0481676,0.0516424,0.0502886,0.0538407,0.0646874,0.0624747,0.0700685,0.0752057,0.0802968,0.0883257,0.0889527,0.0998998,0.097579
801.334,0.0475845,0.0439155,0.0524425,0.0474124,0.0471121,0.0505749,0.0500997,0.0498693,0.0555058,0.0534227,0.0623505,0.0626503,0.0691868,0.0756514,0.0796204,0.0886812,0.0941602,0.0965639,0.100223
801.712,0.0452936,0.0449631,0.0477406,0.0448319,0.0479987,0.0460247,0.0535819,0.0527082,0.0522496,0.05849,0.0585195,0.0630419,0.0722281,0.0769227,0.0817305,0.0906213,0.0953836,0.099765,0.0993321
802.091,0.0405028,0.0463275,0.0482703,0.0491295,0.0505213,0.0500144,0.0502313,0.0525283,0.0534572,0.0629222,0.061482,0.0626999,0.0751357,0.0799081,0.0808971,0.0927298,0.0980451,0.0993708,0.103876
802.47,0.039296,0.0417451,0.0372411,0.0408288,0.0436207,0.0491268,0.045707,0.0472723,0.0487115,0.0514882,0.0565613,0.0594341,0.0669915,0.0739647,0.0782977,0.0831528,0.0915148,0.0950282,0.0939259
802.848,0.0447471,0.0416502,0.050071,0.0451676,0.0458366,0.0490795,0.048185,0.0512436,0.0512576,0.056547,0.0607599,0.0645235,0.0744133,0.0761097,0.0826772,0.0924593,0.0940351,0.102098,0.104039
803.226,0.0396575,0.037139,0.0433838,0.0425213,0.0442625,0.045815,0.0478065,0.0545611,0.0514652,0.0553537,0.0561654,0.0634591,0.0702161,0.071699,0.0746577,0.0850836,0.0897223,0.0940693,0.100026
803.604,0.0358806,0.0385767,0.0409423,0.0375664,0.0427821,0.042196,0.0470469,0.0459282,0.0491984,0.0501221,0.0583819,0.0578237,0.0639679,0.0670909,0.0767726,0.0846534,0.0886509,0.0886564,0.0901576
803.982,0.0418421,0.0435626,0.041746,0.0409274,0.0420557,0.042975,0.0475262,0.0522695,0.0524237,0.0539363,0.0597118,0.0605456,0.0612869,0.0692555,0.0741405,0.0804033,0.0861269,0.0970543,0.0938025
804.36,0.0420895,0.0426988,0.0422263,0.0443227,0.0430915,0.0479799,0.047887,0.0519967,0.0507584,0.0543686,0.0575733,0.068393,0.0714245,0.0729837,0.0774345,0.0839347,0.0917331,0.0995695,0.0971273
804.738,0.0415177,0.0444317,0.0422092,0.0427141,0.0439059,0.0435015,0.0508247,0.0480326,0.0586434,0.058881,0.0589355,0.0672079,0.0663693,0.0741538,0.0805549,0.0876265,0.0940487,0.0962146,0.100265
805.116,0.0409601,0.0437312,0.0429874,0.0435558,0.045039,0.0468623,0.0477782,0.0530505,0.0533769,0.0593134,0.0614338,0.0610103,0.0705523,0.0741373,0.078775,0.0837835,0.0947617,0.0971691,0.0916193
805.493,0.0400423,0.0442416,0.0463795,0.0468281,0.0484106,0.0451659,0.0534103,0.0510012,0.0506738,0.0547491,0.0629002,0.0630083,0.0730937,0.0746494,0.0785917,0.0878373,0.0945851,0.0983651,0.0984313
805.871,0.0424688,0.0455714,0.046213,0.0468076,0.0489929,0.047554,0.0526971,0.0509548,0.0530705,0.0556242,0.0604022,0.0672633,0.0660019,0.0773129,0.0768461,0.0881597,0.0952043,0.10149,0.0957104
806.248,0.0450742,0.0496961,0.0468006,0.049351,0.0501064,0.0490345,0.0556679,0.0541355,0.0557937,0.065161,0.061019,0.0729114,0.0681422,0.0780981,0.0854879,0.0917042,0.0961404,0.0998944,0.101579
806.625,0.0392967,0.0395683,0.0434287,0.0425114,0.0420201,0.0431028,0.0464958,0.0505757,0.0511682,0.0478083,0.0580268,0.0622427,0.065439,0.0726025,0.0796232,0.0842117,0.0930488,0.0897385,0.0970868
807.002,0.0399698,0.0398837,0.0422784,0.0427704,0.0407662,0.0428998,0.0481961,0.0494517,0.0508268,0.0543142,0.0564052,0.0634434,0.0627777,0.0751006,0.0796994,0.0828413,0.091916,0.096616,0.0987968
807.379,0.0435526,0.0448696,0.0468478,0.04421,0.0481922,0.0478218,0.051809,0.055169,0.0573598,0.0548329,0.0610472,0.065333,0.0653614,0.0749744,0.0828064,0.0891137,0.0936124,0.0998454,0.0979362
807.756,0.0402144,0.0411936,0.043352,0.0419396,0.0463508,0.0417518,0.0444332,0.0460566,0.0524467,0.0531384,0.0539458,0.0624579,0.0663856,0.0746126,0.0770188,0.0875406,0.0958001,0.0953478,0.0963859
808.132,0.0439091,0.0444754,0.0435597,0.0439962,0.0446193,0.0458233,0.0471874,0.0477374,0.0512496,0.0535771,0.0585282,0.0629505,0.0646129,0.0688142,0.0782121,0.0903224,0.090964,0.0925161,0.100555
808.509,0.0422294,0.0438912,0.0450708,0.0477636,0.0488206,0.0477119,0.0553579,0.0503893,0.0538462,0.0561587,0.0608033,0.0676743,0.0670857,0.0684575,0.0824579,0.0899033,0.0969382,0.0962418,0.0993759
808.885,0.0446278,0.0421116,0.0453673,0.0424244,0.0459532,0.0499358,0.0470721,0.0557603,0.0546549,0.0599487,0.0613118,0.0651183,0.0702466,0.0733789,0.0832726,0.0908966,0.0943274,0.103239,0.102317
809.262,0.0384332,0.0412562,0.0462925,0.0431099,0.0452456,0.0448149,0.0494795,0.0542869,0.0493249,0.0563835,0.0617376,0.0606597,0.0660144,0.0700289,0.073352,0.0871112,0.0936305,0.0986653,0.0983591
809.638,0.0411957,0.0436846,0.0435689,0.0444236,0.0471576,0.0472418,0.0487374,0.0484066,0.0553751,0.0552758,0.0591454,0.0613933,0.0732989,0.0735629,0.0802914,0.0879478,0.0991365,0.0971561,0.104032
810.014,0.0433727,0.0416417,0.0477052,0.0477079,0.0463123,0.0534916,0.0486148,0.0563218,0.0546097,0.0548014,0.061147,0.0669143,0.0678396,0.074796,0.0852509,0.0874816,0.0939601,0.0930816,0.100255
810.39,0.0437607,0.0393694,0.0476,0.0417861,0.0490322,0.0464527,0.0507515,0.0489734,0.0526478,0.0596663,0.0611706,0.0607735,0.0701083,0.0733567,0.0780833,0.0837587,0.0973489,0.104207,0.0980227
810.765,0.0385228,0.0411499,0.0418243,0.0450564,0.0465597,0.0445349,0.0464653,0.0490434,0.0510639,0.0542649,0.0614117,0.0630951,0.0651772,0.0719219,0.0749111,0.0867463,0.0883037,0.0995945,0.103612
811.141,0.0398734,0.0464165,0.0450937,0.0456819,0.0450273,0.0476649,0.0505288,0.052279,0.0556717,0.0572843,0.0568479,0.0657898,0.0688729,0.0762306,0.0810444,0.0907959,0.0917854,0.0963415,0.0976879
811.517,0.0475137,0.0451371,0.0493722,0.0505743,0.05112,0.0495095,0.0543962,0.0570507,0.0534805,0.0614348,0.0595069,0.0686175,0.0704797,0.0727408,0.0835286,0.0880162,0.101079,0.100978,0.101146
811.892,0.0381632,0.045113,0.0442912,0.0415169,0.0402137,0.0419815,0.0461332,0.0495545,0.0470659,0.049397,0.0581115,0.0623385,0.0664672,0.0771499,0.0730252,0.0876015,0.094637,0.0928094,0.0947178
812.267,0.0417986,0.0425716,0.0508963,0.0448025,0.044798,0.0478957,0.0484733,0.0518998,0.057941,0.0553372,0.0598896,0.0647253,0.0704839,0.0755893,0.0798885,0.0851637,0.0940583,0.0970586,0.0990325
812.643,0.0408405,0.0396623,0.0435676,0.0427824,0.048183,0.046563,0.0493531,0.041419,0.0596413,0.0495387,0.062915,0.0652177,0.0671575,0.0784974,0.0812535,0.0913855,0.0943582,0.0934801,0.0962406
813.018,0.0402056,0.0434095,0.0427301,0.0440946,0.044966,0.0470741,0.0442309,0.0512691,0.0522883,0.0546815,0.0601187,0.0606356,0.0613534,0.0749637,0.0814956,0.0856815,0.091103,0.0971826,0.10122
813.393,0.044306,0.0436339,0.0441298,0.0460501,0.0465635,0.0466558,0.0509228,0.0550868,0.0555996,0.0566861,0.0621981,0.0661017,0.063824,0.0787582,0.078335,0.0855492,0.0956273,0.0989319,0.0994216
813.767,0.0468313,0.0445272,0.04366,0.0523398,0.0449618,0.0464211,0.0536161,0.0505363,0.0543956,0.0566193,0.0617368,0.0659542,0.0725235,0.0740077,0.0806357,0.0884131,0.0927477,0.0981448,0.0985477
814.142,0.0361414,0.0454852,0.043785,0.0446633,0.0487301,0.0486211,0.0482471,0.0465328,0.0520294,0.0559652,0.0572168,0.0636589,0.0674456,0.0737103,0.0792025,0.0885417,0.0924087,0.093864,0.0987605
814.517,0.0398926,0.0424474,0.0404126,0.0457078,0.0461371,0.0498576,0.0468206,0.0506187,0.0532954,0.0560724,0.0629531,0.0646174,0.0719067,0.0797107,0.0851072,0.0899765,0.0951755,0.0960799,0.0995421
814.891,0.0384873,0.0389163,0.0421801,0.0406707,0.0449804,0.0424989,0.0479961,0.0468124,0.053422,0.053519,0.0576225,0.0589857,0.0672326,0.0706859,0.0753821,0.0840814,0.0905514,0.0920919,0.10189
815.265,0.0445269,0.0431118,0.0406474,0.0452095,0.044521,0.0488022,0.0484979,0.0532866,0.0569211,0.0570979,0.0628247,0.0599911,0.0683522,0.0714489,0.0777931,0.0905205,0.0967602,0.0974628,0.107491
815.639,0.042707,0.0428419,0.0421949,0.0430507,0.0483333,0.0487212,0.0468176,0.0481815,0.0518137,0.0555392,0.0587856,0.0654731,0.0717077,0.0713364,0.0816227,0.0870635,0.0886391,0.0962609,0.0968864
816.014,0.0399437,0.0469352,0.0431441,0.0456152,0.0459901,0.0480424,0.0523772,0.0538345,0.0560506,0.0585854,0.0624461,0.0630894,0.0691374,0.0736728,0.0883121,0.0884455,0.0951386,0.103636,0.100774
816.387,0.036775,0.0400154,0.0414092,0.0383081,0.0480122,0.0427514,0.0424295,0.0454442,0.0522829,0.0460439,0.0569573,0.053743,0.0666358,0.0698733,0.0759533,0.0883153,0.0941205,0.0892323,0.0953055
816.761,0.0418679,0.0470924,0.0454768,0.043769,0.0455977,0.0522935,0.053997,0.0543738,0.0530108,0.0572971,0.0603066,0.0653136,0.076234,0.0812256,0.0865845,0.0900437,0.100604,0.0967717,0.107284
817.135,0.0418952,0.0442667,0.0505921,0.0482147,0.0439979,0.052501,0.0543977,0.0483614,0.0549117,0.0550269,0.0585705,0.0687985,0.0684184,0.0745371,0.0873946,0.0883649,0.0918439,0.0967968,0.103771
817.509,0.0383066,0.0420199,0.0433898,0.0395657,0.0421242,0.0427055,0.0452066,0.048901,0.0526795,0.0545773,0.0561762,0.0597052,0.0680933,0.070174,0.0759636,0.0864461,0.09049,0.090197,0.096785
817.882,0.037879,0.0418818,0.0467581,0.0413607,0.0431946,0.0447587,0.0486822,0.0519909,0.0549509,0.0574408,0.0565576,0.0666895,0.0726598,0.0745476,0.0814739,0.0877857,0.0930564,0.0992621,0.100434
818.255,0.0422439,0.0473048,0.0461855,0.0435595,0.0511077,0.049368,0.0523031,0.0505259,0.0542746,0.0631511,0.0616113,0.066161,0.0670766,0.0782017,0.0846651,0.096343,0.0943096,0.0918075,0.09923
818.628,0.0415715,0.0426399,0.0431006,0.043934,0.0439369,0.0497873,0.0511158,0.0544,0.0507941,0.0587533,0.0644328,0.0641236,0.0736644,0.0776467,0.0778105,0.0887746,0.0951436,0.0998936,0.0966359
819.002,0.0364,0.03826,0.0399938,0.0385086,0.041846,0.045488,0.0445057,0.0448071,0.0519634,0.0564457,0.0537211,0.0604912,0.0632927,0.0688764,0.0806036,0.0815405,0.0922481,0.0871196,0.099786
819.374,0.0421996,0.0435974,0.0464508,0.0426816,0.0457914,0.0462509,0.05105,0.0519929,0.0562104,0.0572317,0.0663509,0.0677559,0.0674379,0.0749342,0.0795217,0.0817328,0.0959487,0.0953066,0.0996882
819.747,0.0416012,0.0416751,0.0441232,0.0400289,0.0450919,0.044983,0.0504432,0.0488032,0.0522373,0.0581828,0.0593911,0.058539,0.0699301,0.0746223,0.0827683,0.0809307,0.0897246,0.096684,0.0991754
820.12,0.0441385,0.0441149,0.0413054,0.0443933,0.0478032,0.0460194,0.0503127,0.0541241,0.0527306,0.0590801,0.0621079,0.0660236,0.0714722,0.0701453,0.0807045,0.0874317,0.0978447,0.101545,0.0997942
820.493,0.0391591,0.0478555,0.0433966,0.0452114,0.0489378,0.046845,0.0585264,0.0531853,0.0552093,0.0569179,0.0617342,0.0652967,0.068775,0.0771811,0.085245,0.0885113,0.0987711,0.0952991,0.0986117
820.865,0.0454125,0.0488705,0.0465093,0.0457501,0.0461252,0.0483045,0.0550666,0.0573653,0.0570449,0.0570479,0.0663583,0.0656062,0.0689981,0.0830055,0.0777167,0.0908352,0.0985123,0.0982312,0.103327
821.237,0.0419581,0.0445009,0.043828,0.0414963,0.0403428,0.0448031,0.0470189,0.051651,0.0561049,0.0534325,0.0646266,0.0648912,0.0679484,0.0760957,0.0829592,0.0883649,0.0949388,0.0970893,0.0969911
821.61,0.0410556,0.0423741,0.0443222,0.0419631,0.0430623,0.0462655,0.0471436,0.0496148,0.0485371,0.0517526,0.0612425,0.0683304,0.0679532,0.0718526,0.078863,0.089908,0.0885448,0.101427,0.0939196
821.982,0.0430455,0.0424456,0.0457252,0.0490948,0.0483492,0.04904,0.0502786,0.0478699,0.0573652,0.0587436,0.0616332,0.0685324,0.0725176,0.0737734,0.0863414,0.0873596,0.0948086,0.0948261,0.103511
822.354,0.0417474,0.0484286,0.0458865,0.0427236,0.0477234,0.0456776,0.0495963,0.0512547,0.0515158,0.0594197,0.0627086,0.0648956,0.071358,0.0728781,0.0852979,0.0895326,0.0991985,0.101382,0.108272
822.725,0.0469856,0.0512047,0.0496707,0.0506053,0.0544523,0.0476742,0.0588657,0.056273,0.0618104,0.0600576,0.0619057,0.068142,0.073367,0.0813102,0.0858321,0.0941665,0.102793,0.108191,0.106006
823.097,0.0433314,0.0394925,0.0412747,0.0379085,0.0423212,0.0419212,0.0472447,0.051953,0.0512352,0.0560273,0.0594208,0.0634496,0.073216,0.072776,0.0803002,0.0869361,0.0944015,0.0947452,0.0979389
823.469,0.0470175,0.0442421,0.0442149,0.0446363,0.046283,0.0449956,0.0485565,0.0512505,0.0515878,0.0613527,0.0541932,0.0624041,0.0642903,0.0741097,0.0771266,0.0927086,0.0939528,0.0949082,0.101319
823.84,0.0520455,0.044713,0.0451609,0.0438523,0.0445518,0.0469339,0.0502128,0.0503294,0.0545433,0.0637039,0.0577181,0.0647749,0.0678185,0.0732367,0.0810756,0.0880106,0.0912005,0.0990848,0.0972061
824.211,0.0377963,0.0476736,0.0469057,0.0428675,0.0465815,0.0486266,0.0482216,0.0529891,0.0544293,0.0564323,0.0546322,0.0668959,0.0728252,0.0786634,0.0781842,0.0904422,0.099134,0.098274,0.105377
824.583,0.0446885,0.0428549,0.0410489,0.0463656,0.0445229,0.045492,0.04707,0.0538836,0.0521489,0.0568109,0.0567002,0.0618884,0.071608,0.071926,0.0808331,0.0861768,0.0925633,0.0946365,0.0970365
824.954,0.0424201,0.0455461,0.0395969,0.0413327,0.0467898,0.0511234,0.0467242,0.0488692,0.0523988,0.0536893,0.0620661,0.0599465,0.0666878,0.0775458,0.0816452,0.0825907,0.0901407,0.101107,0.0959588
825.325,0.0360559,0.0437417,0.0385519,0.0388051,0.0381497,0.0448654,0.042829,0.0398414,0.0477365,0.0509725,0.0549836,0.0559733,0.0636519,0.0688509,0.0762831,0.0834761,0.0877327,0.0924241,0.0993088
825.696,0.0487925,0.0408777,0.0413675,0.0393003,0.0464459,0.0488689,0.0476574,0.0514172,0.0558671,0.0538861,0.0569012,0.060816,0.0686545,0.0769376,0.0815494,0.084074,0.0957019,0.0973011,0.0997857
826.066,0.0428215,0.0422548,0.0439486,0.0472107,0.049945,0.049701,0.048694,0.0556831,0.0570684,0.0573235,0.0606569,0.0673307,0.0698375,0.072557,0.0824695,0.0904779,0.0958748,0.0953165,0.102893
826.437,0.0367683,0.0434099,0.0428596,0.0495748,0.0383359,0.0464118,0.0470059,0.0459419,0.0446146,0.0598996,0.0586066,0.0626323,0.0651827,0.0750719,0.0828642,0.0845561,0.0898887,0.0983568,0.0954161
826.807,0.0417861,0.0441858,0.043645,0.0410678,0.0448457,0.044113,0.0467856,0.0455829,0.0545112,0.0556141,0.0584064,0.063096,0.0686567,0.0708708,0.0773264,0.0876479,0.0943015,0.0964979,0.098995
827.178,0.044949,0.0449707,0.0445776,0.0447315,0.0433937,0.0465287,0.0468036,0.05367,0.0543956,0.053691,0.0622496,0.0693086,0.06851,0.0760969,0.0824004,0.0883342,0.0969197,0.0952249,0.100195
827.548,0.038598,0.0417313,0.0360135,0.0380875,0.0412032,0.0460109,0.0462517,0.0487594,0.0501431,0.0499382,0.0584662,0.0600428,0.0688478,0.0681648,0.0742821,0.0844892,0.087964,0.0891005,0.102855
827.918,0.0441935,0.0425602,0.0462938,0.0467409,0.0453505,0.0473146,0.0477199,0.0512575,0.0526709,0.0534286,0.0569373,0.0667884,0.071368,0.0743181,0.0829399,0.0872479,0.0912008,0.097091,0.101937
828.288,0.0404525,0.0424877,0.0446464,0.0469211,0.0492504,0.0481622,0.0509419,0.0444352,0.053763,0.0509513,0.0628578,0.0680956,0.0659274,0.075428,0.0790534,0.0864671,0.0911592,0.100644,0.0983518
828.658,0.0351573,0.038137,0.0397679,0.0402884,0.0377573,0.0439636,0.0426636,0.0514496,0.0518034,0.0539142,0.0557973,0.0627835,0.0644175,0.07692,0.0754058,0.0861308,0.0880717,0.0847685,0.0927599
829.028,0.0444665,0.0465752,0.0483501,0.050074,0.0488418,0.0513722,0.0532627,0.0548944,0.0537142,0.0583894,0.0605162,0.0635131,0.0772644,0.0772068,0.0824768,0.0899837,0.0967014,0.10615,0.100595
829.397,0.0389844,0.0427332,0.0407105,0.0478752,0.0520087,0.0427119,0.048535,0.0541228,0.0533494,0.0561733,0.0600722,0.0647788,0.0711177,0.0748923,0.0836454,0.0855073,0.0935171,0.0954154,0.101139
829.767,0.0381006,0.0402667,0.0390292,0.0396571,0.0370868,0.0385656,0.040878,0.0425659,0.045883,0.0492753,0.0554631,0.0592635,0.0658862,0.0681014,0.068156,0.0765369,0.0835272,0.0937943,0.09115
830.136,0.0471021,0.045147,0.0477806,0.0507005,0.0513854,0.0524858,0.0504483,0.0528951,0.0540928,0.0629087,0.0640058,0.0684173,0.0712188,0.0755274,0.078438,0.0905978,0.0966334,0.0955125,0.0983987
830.505,0.0408364,0.0443308,0.0494363,0.0485085,0.0478119,0.0526397,0.0569243,0.0562184,0.0588631,0.0627829,0.0545875,0.0654738,0.0730219,0.0745737,0.0843694,0.0898227,0.102158,0.0969093,0.105108
830.874,0.0396192,0.0403055,0.0412243,0.0419596,0.0458838,0.0439208,0.0467231,0.047808,0.0496609,0.0550718,0.0577537,0.0642671,0.0682653,0.0698709,0.0778908,0.0934836,0.0926118,0.101235,0.100477
831.243,0.0417316,0.0412809,0.0409174,0.0411809,0.0454411,0.0448905,0.0429448,0.0470136,0.0550184,0.0552024,0.0572475,0.0664851,0.0690098,0.0775475,0.0831615,0.0854886,0.0962717,0.0989291,0.100218
831.612,0.0431706,0.0344887,0.0423647,0.0411763,0.0426354,0.0446506,0.0430255,0.0464948,0.044502,0.0530863,0.0557778,0.0612463,0.062226,0.0720847,0.0774054,0.0869567,0.0904186,0.0919577,0.0988734
831.981,0.0399543,0.0448932,0.040941,0.0434057,0.0438575,0.0441619,0.0500899,0.054808,0.047767,0.0564589,0.0574715,0.0617531,0.0700372,0.0708691,0.083093,0.0905551,0.095067,0.0987041,0.0937843
832.349,0.0415905,0.0441807,0.0410156,0.0449609,0.0463263,0.0425429,0.0526362,0.0523201,0.0565467,0.0560209,0.0611266,0.0614429,0.0646867,0.0749686,0.0791663,0.0849,0.0975725,0.0977776,0.104119
832.718,0.0405596,0.0401667,0.043805,0.0490719,0.0466013,0.0420468,0.0475413,0.0526625,0.0495586,0.0544061,0.0615058,0.0649689,0.0627734,0.0718594,0.0765564,0.0874491,0.0902164,0.0992887,0.0962892
833.086,0.0359284,0.0404944,0.0361546,0.0469955,0.0455993,0.0467027,0.0492947,0.0518589,0.0538858,0.0540819,0.060022,0.0644064,0.0696278,0.0735028,0.0776052,0.0866077,0.0913842,0.0985623,0.0992804
833.454,0.0390615,0.0394231,0.0433566,0.0454787,0.0460569,0.0453561,0.0488753,0.0570125,0.0525334,0.0601798,0.0581346,0.0625658,0.0700386,0.0777916,0.0781559,0.08444,0.093813,0.0979264,0.101193
833.823,0.0390669,0.0384292,0.0422701,0.0507767,0.0448633,0.0438649,0.0404848,0.0465375,0.0496389,0.0544795,0.0577648,0.0638654,0.0683426,0.0749263,0.0813881,0.0851799,0.0882625,0.101276,0.0999752
834.191,0.0401413,0.0363731,0.0393646,0.0401741,0.0403947,0.0429855,0.0473602,0.0517335,0.0524805,0.0532278,0.0571979,0.0628664,0.0615572,0.0690485,0.0777109,0.0866213,0.0938385,0.0988168,0.0981795
834.558,0.0370111,0.039816,0.0435707,0.0443685,0.0500008,0.0475846,0.046781,0.0532654,0.0506716,0.0586268,0.0600366,0.068396,0.0724057,0.0662669,0.0817374,0.0848941,0.0914683,0.097772,0.0984563
834.926,0.0442249,0.0412332,0.0485934,0.0439317,0.0486453,0.0496456,0.0472847,0.0573364,0.0518845,0.0564889,0.0656519,0.0695887,0.0736107,0.0781136,0.0802958,0.0848659,0.098837,0.0974975,0.101011
835.294,0.0483394,0.0506357,0.0423428,0.0469552,0.0466522,0.0505885,0.05675,0.0527326,0.0610765,0.0599248,0.062077,0.067805,0.0727885,0.0795991,0.0878625,0.0877969,0.100834,0.103636,0.10002
835.661,0.0437252,0.0457922,0.0418061,0.0430195,0.0419638,0.0472899,0.0500626,0.0488629,0.0508336,0.0582916,0.0593271,0.0561662,0.0648868,0.0732693,0.0862687,0.0858721,0.0945653,0.0945371,0.0988931
836.029,0.0394546,0.0373216,0.0363842,0.0411478,0.0393909,0.0365867,0.0448274,0.0469039,0.0523739,0.0535885,0.0524406,0.0657207,0.064928,0.0684486,0.0754742,0.0840282,0.0881398,0.0901525,0.101222
836.396,0.0478272,0.0423351,0.0468945,0.0520395,0.0491897,0.0510192,0.0492045,0.0531166,0.055266,0.0571432,0.0648189,0.0655578,0.0710844,0.0740345,0.0837064,0.0933721,0.0979164,0.100188,0.0986388
836.763,0.0437823,0.0369369,0.0410079,0.0474537,0.0459033,0.0496888,0.0491492,0.0518064,0.0537678,0.0536228,0.0573439,0.064864,0.0710991,0.0759964,0.0786972,0.0846302,0.091953,0.0953691,0.0994333
837.13,0.0416714,0.0488453,0.0450961,0.0454385,0.0464603,0.0470402,0.0507623,0.0522255,0.0548403,0.0612875,0.0602291,0.0658945,0.0641576,0.0743899,0.0786618,0.0867247,0.0917946,0.0963427,0.0987817
837.497,0.0389914,0.0398007,0.0371044,0.0416152,0.0382099,0.0449223,0.0505204,0.0480347,0.0576476,0.0533552,0.0577077,0.0636771,0.0689641,0.0701877,0.0784247,0.0845169,0.0901074,0.0923929,0.0929105
837.864,0.0390396,0.047643,0.0462535,0.0455696,0.0486161,0.0500855,0.0501041,0.0547876,0.0545184,0.0542073,0.0526236,0.0642676,0.0726782,0.0760746,0.0810267,0.0929483,0.0966189,0.0973339,0.101953
838.23,0.0439872,0.0544986,0.0483345,0.0446211,0.0520478,0.0524873,0.0493688,0.0584854,0.0548536,0.0611731,0.060789,0.0621705,0.072239,0.0783345,0.0869332,0.0877866,0.10165,0.0968261,0.102969
838.597,0.0382134,0.0444768,0.0477275,0.0437955,0.0435861,0.0425137,0.0463847,0.0481538,0.0506518,0.0480061,0.0598356,0.0631494,0.0690479,0.0695275,0.0735676,0.0865724,0.0952027,0.100929,0.0989363
838.963,0.0409401,0.0402099,0.041758,0.0410493,0.0411037,0.044024,0.0464844,0.0445907,0.0495381,0.052924,0.0586409,0.066052,0.0647247,0.0710162,0.0768366,0.0873324,0.0958078,0.0929652,0.104158
839.329,0.0448961,0.0499285,0.0509663,0.0518827,0.0487197,0.0510594,0.0578576,0.0530059,0.0547632,0.062617,0.0650148,0.0702394,0.0747714,0.0786024,0.0925756,0.0924522,0.10171,0.102266,0.103864
839.695,0.0394917,0.0431005,0.0400977,0.0402235,0.0448725,0.0467114,0.0508515,0.0482645,0.0507223,0.0580385,0.0591765,0.0617495,0.0676747,0.0718072,0.0828052,0.0928919,0.0877267,0.0965401,0.0987461
840.061,0.0428065,0.045693,0.0437536,0.0463206,0.0508908,0.054601,0.0519494,0.054895,0.0574416,0.0587831,0.0623822,0.0601211,0.0734366,0.0752175,0.0827265,0.0955029,0.0951452,0.0963031,0.103123
840.427,0.0430804,0.0417375,0.0443948,0.0492638,0.0489795,0.0451545,0.0516386,0.052145,0.0495157,0.0542951,0.0600505,0.0657768,0.0688805,0.0761189,0.0790522,0.0876896,0.0961618,0.101141,0.102902
840.793,0.0419361,0.0459096,0.0419996,0.0426612,0.0469331,0.0467628,0.0482737,0.0542307,0.0497143,0.0579449,0.0602182,0.0616332,0.0686111,0.0770113,0.0786385,0.0842372,0.099371,0.0923355,0.104117
841.159,0.0447394,0.0436373,0.0455203,0.042626,0.0501971,0.0540736,0.0528054,0.0563445,0.0524171,0.0565651,0.0587449,0.0729884,0.0730334,0.0824142,0.0874993,0.0899533,0.0978398,0.103177,0.103455
841.524,0.0397055,0.0364795,0.039713,0.0448811,0.0394426,0.0415432,0.0402339,0.048565,0.0502844,0.05278,0.0557467,0.0586102,0.0656301,0.0668633,0.0709022,0.0796624,0.0878905,0.0885763,0.0969914
841.889,0.0344304,0.0398827,0.0443595,0.0448402,0.0445527,0.0379134,0.0471166,0.0508191,0.04654,0.0561792,0.0557778,0.0602495,0.0685233,0.07241,0.0777283,0.0818379,0.0912525,0.0998855,0.0961964
842.255,0.0390917,0.0439506,0.0470775,0.0374798,0.0467272,0.0461389,0.048284,0.050609,0.0519064,0.0517382,0.0584356,0.0628492,0.0730303,0.0779433,0.0817681,0.0884089,0.0970661,0.0991183,0.103031
842.62,0.0450809,0.0376679,0.0487147,0.0468207,0.045407,0.0444604,0.0457441,0.051407,0.0547953,0.0547407,0.0645663,0.0715175,0.0657606,0.0803701,0.0816769,0.0884321,0.098855,0.100347,0.109325
842.985,0.0376014,0.0410949,0.0411873,0.042074,0.0481568,0.0465277,0.0457473,0.0505742,0.0491598,0.056972,0.0546441,0.0658035,0.0691379,0.0696886,0.0789017,0.0827199,0.0909303,0.0940337,0.0908429
843.35,0.0391966,0.0388914,0.0446851,0.0430668,0.0460364,0.0449866,0.0473355,0.0574841,0.0522224,0.0562625,0.059556,0.0629529,0.0702026,0.0732241,0.0780005,0.087835,0.0913223,0.0937666,0.100361
843.714,0.0420048,0.0406507,0.0445531,0.0391211,0.0454032,0.0438938,0.0502653,0.0511252,0.0575545,0.0578951,0.0610328,0.0590031,0.0740808,0.0696721,0.0771767,0.0846227,0.0890667,0.0950189,0.0977767
844.079,0.0415468,0.0452306,0.0485038,0.0421393,0.0467965,0.0557659,0.0471527,0.0465107,0.0523845,0.0549121,0.0552884,0.0672624,0.0697876,0.0737902,0.0843699,0.0909354,0.0911499,0.104107,0.10085
844.444,0.0340489,0.0405857,0.0357861,0.0419862,0.0391191,0.0482616,0.0426221,0.0479984,0.0500731,0.0496102,0.0512609,0.0561366,0.0626432,0.0681481,0.077758,0.0804138,0.0863727,0.0890388,0.0986188
844.808,0.0402056,0.0363304,0.0379266,0.041434,0.0396752,0.0467425,0.0419751,0.0447712,0.0504031,0.0501148,0.0561989,0.0627704,0.0640787,0.0686274,0.0780367,0.0838806,0.0916913,0.0915729,0.0983597
845.172,0.0452635,0.0484526,0.04975,0.0469491,0.0478797,0.051175,0.0514989,0.0556293,0.0536767,0.0558677,0.0622049,0.0643421,0.0703234,0.0724587,0.0826575,0.0870559,0.0961984,0.102625,0.107458
845.536,0.0449537,0.0475273,0.0477339,0.0465163,0.0373813,0.0417962,0.0493199,0.0478959,0.0465027,0.0541786,0.0622254,0.0665273,0.0656421,0.0713626,0.0772783,0.0874413,0.0906257,0.102699,0.100029
845.9,0.0435976,0.0518774,0.0418818,0.0456196,0.0512918,0.0536531,0.0512268,0.0505168,0.0536502,0.0572596,0.0550822,0.0687077,0.0756933,0.0775071,0.0769671,0.0884627,0.10009,0.101366,0.0992975
846.264,0.0488987,0.0468692,0.0505113,0.0479698,0.0535733,0.0594178,0.0563135,0.057005,0.0615408,0.0615133,0.0661114,0.0710232,0.075042,0.0818899,0.0892499,0.0919321,0.100663,0.10124,0.102436
846.628,0.043858,0.0474012,0.0487617,0.0469568,0.0462795,0.052792,0.0478626,0.052122,0.0533659,0.0524941,0.0638246,0.0627344,0.0685462,0.0753487,0.0856124,0.0941223,0.0952371,0.0962113,0.100524
846.992,0.0426837,0.0436813,0.0442962,0.0421076,0.048952,0.0487155,0.0500365,0.0523163,0.0573828,0.0581774,0.0636422,0.0656662,0.0693643,0.0762772,0.0870213,0.0848396,0.0918942,0.0969391,0.103564
847.355,0.0408829,0.0435342,0.0423127,0.0469453,0.0436458,0.0476656,0.0505907,0.048457,0.0517977,0.0555061,0.0558956,0.0653982,0.065091,0.0732093,0.0786792,0.0847644,0.0903977,0.0879676,0.097538
847.718,0.0503707,0.0450443,0.0479655,0.0491429,0.0472814,0.0516503,0.0565745,0.0581298,0.0575069,0.0608078,0.0685959,0.0647733,0.0776287,0.0706956,0.0884467,0.0871436,0.0940721,0.103242,0.109131
848.082,0.040324,0.0391776,0.0388078,0.0409963,0.0394815,0.042887,0.0434236,0.0539131,0.0506888,0.0600171,0.0571832,0.0649365,0.0650591,0.0744698,0.0792017,0.0793771,0.0936171,0.0976424,0.0920209
848.445,0.0433945,0.041814,0.0446059,0.0434421,0.0418075,0.0414111,0.0489413,0.049118,0.0507215,0.0543426,0.0616649,0.0618804,0.069217,0.0737915,0.0775379,0.083328,0.0926023,0.0977883,0.0963376
848.808,0.0380891,0.0435289,0.043929,0.0451209,0.0466774,0.0519821,0.0493746,0.0490008,0.055985,0.0583,0.0547708,0.0635036,0.067696,0.0775057,0.0806135,0.0963768,0.0946608,0.0995016,0.101051
849.171,0.0371643,0.0487948,0.0419626,0.0417781,0.0429299,0.0441168,0.0515302,0.0457568,0.0494142,0.0575499,0.0542155,0.0672785,0.0665759,0.0727476,0.074575,0.0805185,0.0946401,0.0925018,0.0953154
849.533,0.0449105,0.0451173,0.0465129,0.0439082,0.0470222,0.0468746,0.044562,0.0508586,0.046547,0.0580363,0.0595215,0.0688571,0.0665736,0.0711293,0.085652,0.0909261,0.0922805,0.0989151,0.0913988
849.896,0.0367809,0.0472704,0.0475492,0.0475679,0.048527,0.0464123,0.0470837,0.0485824,0.0508543,0.051975,0.0575757,0.0679989,0.0653281,0.0758591,0.0846726,0.0879872,0.0915039,0.094434,0.104126
850.259,0.0370674,0.0344125,0.0386426,0.0342401,0.044405,0.0352547,0.0410737,0.0474856,0.0476667,0.0535156,0.0531193,0.0577272,0.0588852,0.0688873,0.0745091,0.0768076,0.0835522,0.0937763,0.0954964
850.621,0.0434541,0.042889,0.0469984,0.0448133,0.0490989,0.0524053,0.0535257,0.0532946,0.0571674,0.0560824,0.0617629,0.0649784,0.0714453,0.0775091,0.0779703,0.0885254,0.0949251,0.10326,0.104384
850.983,0.0408161,0.0379645,0.0459683,0.0451878,0.0492124,0.0536574,0.04918,0.0473436,0.0588069,0.0558957,0.0586358,0.0682805,0.0702394,0.0702897,0.0753902,0.0907123,0.100074,0.0969535,0.0989731
851.345,0.0350331,0.0416735,0.0388884,0.0423197,0.0448095,0.0430235,0.0453153,0.0461658,0.0462339,0.0507102,0.0523825,0.0615286,0.0597,0.0738964,0.0721855,0.086704,0.0908067,0.089043,0.092356
851.707,0.040196,0.0451789,0.038006,0.0428775,0.0385151,0.0382046,0.0406641,0.050283,0.048697,0.0533567,0.053732,0.0659872,0.0648821,0.0754358,0.0718796,0.0847228,0.0873664,0.0971964,0.093311
852.069,0.0430041,0.0486237,0.0435287,0.0489229,0.0402279,0.0484519,0.0505625,0.0462288,0.046962,0.0498097,0.0607993,0.0641268,0.0654769,0.0800897,0.0814285,0.0904037,0.0975457,0.0926094,0.096647
852.431,0.0482409,0.0464776,0.0390626,0.0490213,0.0469007,0.0481625,0.0486109,0.0495023,0.0589719,0.0640606,0.0622968,0.0632413,0.072253,0.0745181,0.0840263,0.0900055,0.0898893,0.0933069,0.0999693
852.793,0.0455896,0.0503035,0.0527182,0.0532034,0.0515708,0.0535755,0.0547282,0.058321,0.059349,0.0536282,0.0667893,0.0649285,0.0744839,0.0897449,0.0802835,0.0968559,0.0954579,0.10465,0.108614
853.154,0.0348862,0.0444915,0.0424998,0.047304,0.042854,0.0478736,0.0436257,0.0534397,0.0491756,0.0532527,0.0487386,0.0600946,0.0699843,0.0700559,0.0755075,0.0797443,0.100769,0.0932661,0.0964043
853.515,0.0443125,0.046104,0.0467037,0.0459494,0.0472484,0.043438,0.0425008,0.0532817,0.0503092,0.060198,0.0573195,0.0663305,0.0707017,0.0742237,0.082433,0.0836827,0.101755,0.0987227,0.101441
853.877,0.0429707,0.0327188,0.0419881,0.0347794,0.0401174,0.0407324,0.0352235,0.0423258,0.0523376,0.0461821,0.0499252,0.0563567,0.0652894,0.0624402,0.0660359,0.077296,0.0876136,0.0903166,0.0945267
854.238,0.0404143,0.0421072,0.0466322,0.0449136,0.0446285,0.0510455,0.0506311,0.0525073,0.0524993,0.057055,0.0571482,0.0599269,0.070639,0.0706485,0.0760324,0.0872515,0.0953621,0.0996131,0.105236
854.599,0.0454462,0.0432151,0.045267,0.0455935,0.0433322,0.0510769,0.0440325,0.0517648,0.0527975,0.0576533,0.0525586,0.0647352,0.0728236,0.0699233,0.0748393,0.0852743,0.0909079,0.0996579,0.0977457
854.96,0.0476094,0.0498343,0.0414954,0.0472631,0.0451468,0.0528155,0.0504378,0.0573954,0.0605103,0.0606612,0.0583941,0.0619081,0.0692272,0.0689998,0.0746169,0.0883565,0.091367,0.0981841,0.092962
855.321,0.0359957,0.0404224,0.0360939,0.0458205,0.0483398,0.0465949,0.0425693,0.0529168,0.0482585,0.0485679,0.0542942,0.0501751,0.0662121,0.0664718,0.0705671,0.078521,0.0891027,0.0947979,0.0849962
855.681,0.0400222,0.0498411,0.0477186,0.0470493,0.0484717,0.0508269,0.0499588,0.0573821,0.0550436,0.0516413,0.0557436,0.0674285,0.0712243,0.0732488,0.0803167,0.0910477,0.0984492,0.103813,0.0974664
856.042,0.0366964,0.0434746,0.0504133,0.0402762,0.0480712,0.0467425,0.0550666,0.0547372,0.0568936,0.05539,0.0610735,0.0664802,0.0708786,0.0795948,0.0830585,0.0867868,0.0921216,0.0985246,0.0959037
856.402,0.0347588,0.0390329,0.0404206,0.0387124,0.0458547,0.0446328,0.0427837,0.0448388,0.0541659,0.0482416,0.0553665,0.0676372,0.0671223,0.0656337,0.0829261,0.0811553,0.094164,0.0955635,0.0969796
856.762,0.0330032,0.0388211,0.0350302,0.0373422,0.0400871,0.0481679,0.0475197,0.0504671,0.0505129,0.0556789,0.0539244,0.0547777,0.0711428,0.0702046,0.0736015,0.0846011,0.0896826,0.101056,0.0898146
857.122,0.045573,0.0544071,0.0445455,0.0461013,0.0549966,0.0549085,0.0584385,0.0511161,0.0603775,0.0625559,0.0618099,0.0724344,0.0756683,0.0782315,0.0869506,0.0938189,0.0965323,0.10388,0.104192
857.482,0.0419873,0.0485138,0.0451905,0.0421632,0.0460614,0.0501867,0.0523517,0.0478131,0.0515518,0.0512786,0.058274,0.0670112,0.0744944,0.0715878,0.0799627,0.0915367,0.101971,0.094417,0.102156
857.842,0.0468188,0.045184,0.0437551,0.0489972,0.0427015,0.0469457,0.053528,0.0584586,0.0512765,0.057604,0.0583205,0.0633563,0.0697435,0.066314,0.0817207,0.0885613,0.0960232,0.10214,0.104357
858.202,0.0420124,0.0385215,0.0427258,0.0394696,0.044448,0.0439397,0.0391361,0.0473209,0.047981,0.0528505,0.0602142,0.0613361,0.0686989,0.0689256,0.0798211,0.0803741,0.0967179,0.0950001,0.0929373
858.562,0.0364757,0.0419021,0.0401216,0.0417047,0.0409345,0.0446074,0.0457541,0.0441823,0.0518526,0.0554894,0.063014,0.0610378,0.0743641,0.0665673,0.0762468,0.0862252,0.0965875,0.0898722,0.102277
858.921,0.0368559,0.0388225,0.0350309,0.0402411,0.0476833,0.0431776,0.03974,0.0467506,0.0462882,0.0516838,0.0526857,0.0617082,0.0573283,0.06717,0.0816788,0.0835256,0.0863877,0.0972927,0.0963204
859.281,0.0336997,0.0457148,0.0440977,0.0425458,0.0453928,0.048019,0.0455068,0.0502841,0.0512665,0.0621581,0.0592448,0.0654733,0.0705552,0.0736238,0.0804423,0.0891809,0.0960544,0.0941326,0.0949678
859.64,0.0405354,0.0463283,0.0450211,0.0499155,0.0559793,0.0492304,0.0520819,0.0511104,0.0500291,0.0642512,0.0693795,0.0671357,0.0716413,0.077192,0.0828161,0.0926603,0.095038,0.0966764,0.100698
859.999,0.0387044,0.0415213,0.0449811,0.0412337,0.0470802,0.0444787,0.0411233,0.0399807,0.050768,0.0504635,0.0530302,0.0608242,0.0637628,0.0726307,0.0736039,0.0799489,0.0959298,0.0960825,0.10355
860.358,0.037102,0.0406941,0.0392767,0.0391886,0.0422743,0.0428407,0.0391853,0.0410996,0.0499859,0.0540176,0.0563067,0.057794,0.0672194,0.0640716,0.0712929,0.0877736,0.0841998,0.0952129,0.093115
860.717,0.0447495,0.0505385,0.044787,0.0529034,0.0511722,0.042164,0.0500605,0.0594579,0.0543812,0.0597509,0.0564212,0.0663593,0.0739324,0.0718975,0.0856184,0.0959402,0.0983149,0.102828,0.103996
861.076,0.0462007,0.0398319,0.0412236,0.0445503,0.0435479,0.0411765,0.0449428,0.0497855,0.0503808,0.0582736,0.068335,0.0652336,0.0675162,0.0742689,0.0761011,0.0892965,0.0942593,0.0921362,0.0956661
861.434,0.0471794,0.0450572,0.0330816,0.0485946,0.0512841,0.0466758,0.0466479,0.0492832,0.0481732,0.0512322,0.0583759,0.062953,0.0670366,0.0677733,0.0799284,0.0858,0.0957341,0.0962619,0.0956497
861.793,0.0388467,0.0386992,0.0385709,0.0430852,0.0414183,0.0387255,0.0415643,0.048391,0.0472659,0.050476,0.0492555,0.0532801,0.065654,0.0685364,0.0783195,0.0880363,0.0843393,0.0889964,0.0915591
862.151,0.0430366,0.0490522,0.0436166,0.0405502,0.045439,0.0483945,0.0427518,0.0554191,0.0537887,0.0557468,0.0566839,0.0620179,0.066052,0.0804893,0.0798247,0.0875873,0.0908874,0.0962712,0.102527
862.509,0.0394766,0.0408737,0.0384912,0.0407594,0.0493796,0.0460523,0.0417918,0.0465612,0.0544997,0.0556444,0.05831,0.0601264,0.0643739,0.0801245,0.0836552,0.0840898,0.0894399,0.104846,0.0946773
862.868,0.0387379,0.0319816,0.0434025,0.0418898,0.0420533,0.0344766,0.0436848,0.0475071,0.0449249,0.0518411,0.0465489,0.0615186,0.0626828,0.0744186,0.0718803,0.0901098,0.0825774,0.0954277,0.10299
863.226,0.0467381,0.0365717,0.0425481,0.043055,0.0538485,0.0396866,0.0512306,0.0570873,0.0547716,0.0546719,0.0648512,0.0620428,0.0654978,0.0713741,0.0826544,0.0873652,0.0921305,0.100474,0.100587
863.583,0.0379126,0.0434284,0.052793,0.0449468,0.0488198,0.046231,0.0568836,0.0523355,0.0519828,0.0574637,0.0606473,0.0692316,0.0736597,0.083396,0.082241,0.0927217,0.0942743,0.106332,0.103404
863.941,0.0430657,0.043751,0.0457172,0.055688,0.0449179,0.0454872,0.0483396,0.0520039,0.0548198,0.0587718,0.0614228,0.0744593,0.0797291,0.0795674,0.0849889,0.0932216,0.095652,0.0939438,0.100233
864.299,0.034999,0.0337255,0.0414518,0.0431719,0.0404963,0.0428363,0.0437871,0.0439539,0.0462253,0.0554373,0.0519969,0.0682654,0.0672685,0.0632764,0.0824034,0.0792058,0.0889926,0.0908588,0.0970385
864.656,0.0383267,0.0495299,0.0451232,0.0429161,0.0465159,0.0489771,0.0458357,0.0464638,0.0557634,0.057764,0.0590699,0.0652107,0.065902,0.0784739,0.0823339,0.0878293,0.0949859,0.100058,0.106103
865.014,0.0368833,0.0339829,0.0382148,0.0326411,0.0380856,0.0394654,0.0429491,0.0466223,0.0570361,0.0444591,0.051989,0.0580731,0.0572557,0.0769768,0.0702501,0.0769857,0.0919839,0.0906713,0.100901
865.371,0.0385911,0.0391022,0.0330526,0.042281,0.0366123,0.0414435,0.0443879,0.0400236,0.0486876,0.0587663,0.0573728,0.0608375,0.0687794,0.067456,0.0676324,0.0874952,0.0871301,0.0944938,0.0956966
865.728,0.0405834,0.0485256,0.0466241,0.0388757,0.0488001,0.0483279,0.0454834,0.0547285,0.0553454,0.0658665,0.0596947,0.0617127,0.0646005,0.0860001,0.085698,0.0898246,0.0973712,0.0994419,0.110554
866.085,0.0321236,0.043014,0.0426103,0.0472797,0.0429629,0.047907,0.0457016,0.043855,0.0500664,0.0553781,0.051457,0.0577021,0.065619,0.0716986,0.0772787,0.0868986,0.0951772,0.0951511,0.101747
866.442,0.0394916,0.0517563,0.0452422,0.0454294,0.0493695,0.0530504,0.0443734,0.0500572,0.0528956,0.0648468,0.0685996,0.0692028,0.0710402,0.0746249,0.080749,0.0879471,0.101386,0.103221,0.105116
866.799,0.040579,0.038068,0.0430637,0.0456691,0.0432121,0.0449491,0.0528097,0.0468775,0.056727,0.0556132,0.0580779,0.0687372,0.0679146,0.078536,0.0886751,0.0864241,0.0966955,0.1068,0.105524
867.155,0.0447421,0.0434362,0.0538596,0.0508774,0.0452671,0.0497866,0.0548628,0.0562147,0.0486306,0.0567814,0.0636329,0.0716473,0.0817544,0.0770717,0.0854715,0.0894092,0.0887594,0.108419,0.105281
867.512,0.0458005,0.0455489,0.0502154,0.0424561,0.0433177,0.0460474,0.0496468,0.0492053,0.0566647,0.0621942,0.0562483,0.0678315,0.069878,0.0790195,0.0842293,0.0918795,0.0938654,0.0929972,0.0989822
867.868,0.0333497,0.0398248,0.0295904,0.0375861,0.0374838,0.0378909,0.0380665,0.0470618,0.0470342,0.0517169,0.0564661,0.0543767,0.0632428,0.0606306,0.0786797,0.079304,0.0913092,0.0945685,0.100825
868.225,0.0382358,0.0425713,0.0383285,0.0404337,0.0427998,0.0430774,0.0496783,0.0501987,0.0495793,0.0539265,0.0539537,0.061464,0.062214,0.0725678,0.0789188,0.0777765,0.0922059,0.0989335,0.104756
868.581,0.0427802,0.0440854,0.0471001,0.0400654,0.0396389,0.0375104,0.0492857,0.0518174,0.0445205,0.0536487,0.0616135,0.0627513,0.066628,0.0754634,0.0857496,0.0900019,0.0855115,0.0891085,0.101526
868.937,0.0451447,0.0528632,0.0448043,0.0504644,0.0559348,0.0550495,0.0484823,0.0578812,0.057879,0.0697497,0.0648239,0.0740197,0.0762576,0.0790245,0.0943912,0.0872059,0.0987777,0.108019,0.103586
869.293,0.0601366,0.0611409,0.0620668,0.0586497,0.0603163,0.0554513,0.0624192,0.0552142,0.0704731,0.0718915,0.0657141,0.0703735,0.0831874,0.0773356,0.105796,0.111544,0.109862,0.115052,0.118096
869.648,0.0366342,0.0430081,0.0366485,0.0415209,0.0440906,0.0411526,0.0419763,0.0490843,0.0513378,0.0496392,0.0529087,0.0594094,0.0541753,0.0730059,0.0778255,0.0804686,0.094449,0.0890907,0.103137
870.004,0.0410647,0.0433759,0.0476795,0.0369754,0.0454323,0.0514108,0.0469035,0.046772,0.0501238,0.0520921,0.0567499,0.0705952,0.0689588,0.0815869,0.0848024,0.0922779,0.0977168,0.091025,0.101955
870.359,0.0414256,0.0394519,0.0425497,0.0489236,0.0420308,0.0476644,0.0489416,0.0567951,0.0603436,0.0590295,0.0584781,0.0609384,0.0714641,0.0717259,0.0812708,0.0886705,0.0890522,0.104221,0.105782
870.715,0.0489493,0.0497774,0.0477945,0.0512957,0.0514102,0.0554249,0.0570471,0.0537818,0.0560156,0.0716017,0.0643337,0.0647194,0.0694802,0.0814783,0.0884554,0.0959279,0.107067,0.10364,0.107638
871.07,0.0430777,0.0435835,0.0463856,0.0427155,0.0460263,0.0474506,0.0485333,0.0440026,0.0574446,0.0521584,0.0492059,0.0637238,0.0733189,0.0818391,0.0875242,0.0877863,0.0953785,0.10296,0.101101
871.425,0.0458596,0.0454388,0.0462291,0.0508218,0.0519048,0.0437907,0.0462008,0.0597496,0.0472019,0.0599127,0.0529898,0.0604947,0.0699779,0.0746687,0.0791758,0.089466,0.0947703,0.0969264,0.108732
871.78,0.0426327,0.039224,0.0413048,0.0390424,0.0467655,0.0338901,0.0434133,0.0462901,0.0473081,0.0471713,0.050418,0.0602919,0.0701244,0.0729406,0.0740375,0.0868649,0.0876287,0.0855875,0.0994703
872.135,0.0409217,0.0357269,0.0407502,0.0387214,0.0437026,0.0350028,0.0433586,0.0494741,0.0525065,0.0467852,0.0450125,0.0627847,0.0622658,0.0734297,0.0757191,0.0840472,0.0926841,0.0899198,0.0993173
872.49,0.0374969,0.0325736,0.0421933,0.0335712,0.0447324,0.0373438,0.0477503,0.0461854,0.0517109,0.0593319,0.0494182,0.061138,0.064306,0.0744758,0.0701107,0.077903,0.092122,0.0976711,0.095957
872.844,0.0387784,0.0414917,0.0361633,0.0436321,0.0344379,0.0398223,0.0460402,0.0402766,0.0431135,0.0536567,0.0520882,0.0582342,0.0675307,0.072117,0.0810514,0.0859193,0.0867329,0.100376,0.0935156
873.199,0.0490953,0.0466568,0.0557248,0.0483369,0.0520085,0.0546584,0.0541892,0.0595905,0.0642396,0.0621711,0.0609049,0.0647437,0.0742668,0.0835696,0.0828742,0.0979123,0.0965045,0.104514,0.105194
873.553,0.0456328,0.0374746,0.0420861,0.0476882,0.041253,0.0511853,0.0500938,0.0560993,0.0567253,0.0639803,0.0619389,0.0632454,0.0754208,0.0864578,0.0889857,0.0976358,0.0985201,0.107862,0.103241
873.908,0.0391001,0.0450975,0.0408257,0.0422748,0.0386647,0.034926,0.0444929,0.0423625,0.0521144,0.0551687,0.0612856,0.0595973,0.0666957,0.0737804,0.0778477,0.0869474,0.0888375,0.0986023,0.0979111
874.262,0.0423331,0.0496437,0.0507186,0.0556932,0.0507069,0.0521135,0.0489045,0.0611363,0.0561012,0.0606984,0.0640667,0.0647386,0.0733253,0.0766623,0.0829032,0.0884904,0.0974899,0.107328,0.110953
874.616,0.0405296,0.046192,0.0430516,0.0457417,0.0476207,0.0481008,0.0554409,0.0589559,0.0490255,0.0609695,0.0563071,0.0711638,0.0761905,0.0785123,0.0831069,0.0922322,0.107021,0.103101,0.101829
874.97,0.0468744,0.0514293,0.0500428,0.048272,0.0556414,0.0480187,0.0480792,0.048714,0.0508921,0.0656513,0.0636497,0.0700153,0.0748339,0.0801706,0.0850544,0.0906632,0.0970697,0.100941,0.109177
875.323,0.0468499,0.0395459,0.0448294,0.0500333,0.0461547,0.0484118,0.0528996,0.0499563,0.0516641,0.05414,0.0542815,0.0654603,0.071906,0.0699727,0.0788095,0.0798129,0.0979724,0.0958831,0.099264
875.677,0.0244122,0.0377332,0.0376443,0.0341125,0.044458,0.0360748,0.0441347,0.0421047,0.0504296,0.0436807,0.0518678,0.0531759,0.0645463,0.0712776,0.0664771,0.0763377,0.0827694,0.083001,0.091654
876.031,0.0397978,0.0372847,0.0372471,0.0408687,0.0404119,0.045998,0.0481235,0.0352792,0.0540026,0.0536488,0.0567542,0.0594102,0.0678253,0.0659486,0.0827145,0.0940849,0.0812596,0.0938502,0.094156
876.384,0.0396068,0.0451769,0.0347606,0.0439304,0.041531,0.0497599,0.0515383,0.0465829,0.0606106,0.0589182,0.0601927,0.058462,0.0699382,0.0709456,0.0854585,0.0843796,0.0941594,0.104029,0.0983133
876.737,0.0418541,0.0355031,0.0469129,0.0413109,0.043872,0.0461159,0.0456056,0.0515248,0.0467374,0.0596064,0.0528607,0.0638924,0.0630008,0.0828567,0.0790817,0.0878435,0.0898186,0.0953663,0.0935016
877.09,0.045859,0.0443125,0.0523294,0.0422171,0.0466253,0.0498146,0.0581328,0.0508866,0.0518066,0.0561382,0.0689346,0.0703741,0.0726589,0.0781539,0.0875732,0.0936981,0.101945,0.101621,0.11045
877.443,0.0425138,0.051118,0.0469661,0.047487,0.0508549,0.0534585,0.0488408,0.0508165,0.0626006,0.0550329,0.0659719,0.0665388,0.0643894,0.0886481,0.0929739,0.0890311,0.092847,0.100318,0.101476
877.796,0.0387586,0.0394372,0.0490487,0.0394542,0.0384075,0.0397162,0.0510056,0.050728,0.0590821,0.0542917,0.0640024,0.0666373,0.0665414,0.0694929,0.083578,0.0908411,0.0955838,0.105307,0.0983663
878.149,0.0508116,0.0417378,0.0526002,0.0486067,0.0479688,0.0466836,0.0568388,0.0537503,0.0612047,0.0559549,0.0650646,0.0591474,0.0643594,0.0800702,0.0771358,0.086865,0.0958376,0.0996306,0.104189
878.501,0.0450391,0.0369193,0.0351406,0.0391226,0.0399426,0.046783,0.0389276,0.0508576,0.0561317,0.0591535,0.0550355,0.0637862,0.0664831,0.0756414,0.0753931,0.0848356,0.0891971,0.100297,0.0983296
878.854,0.0411847,0.0463549,0.0480333,0.0445799,0.0448635,0.0452848,0.0491062,0.0541702,0.0506384,0.0520507,0.0638933,0.074109,0.0736759,0.0808941,0.0774215,0.0900194,0.0962823,0.110143,0.106617
879.206,0.0380003,0.043778,0.0376697,0.0431346,0.0379864,0.0411383,0.0467948,0.0494111,0.0495002,0.0512538,0.052026,0.0578849,0.0676138,0.0614756,0.0751243,0.0819102,0.0814838,0.0965534,0.0959636
879.559,0.0404715,0.0450127,0.0445024,0.0450217,0.0426865,0.0458837,0.0570467,0.0576994,0.0615285,0.0649398,0.0616535,0.0753415,0.0728477,0.0822381,0.0871667,0.0976906,0.0979896,0.105777,0.100918
879.911,0.0499835,0.0534716,0.0592383,0.055767,0.05206,0.0591676,0.0579598,0.0511599,0.0642154,0.0668392,0.0633584,0.0730675,0.0828277,0.0895113,0.0957965,0.0926727,0.103799,0.106441,0.111169
880.263,0.0469919,0.0465597,0.0421984,0.0427059,0.0546251,0.0584247,0.0571896,0.0578276,0.0589483,0.0525019,0.0626057,0.0583087,0.0724937,0.0774161,0.0875152,0.094125,0.0982121,0.101907,0.102317
880.615,0.0461818,0.0553955,0.0451048,0.0502635,0.0468167,0.0581246,0.0586949,0.0516202,0.0610365,0.0600146,0.0703409,0.0737364,0.0708331,0.079177,0.0868167,0.0931761,0.105315,0.100406,0.105922
880.966,0.0398996,0.0422799,0.0446449,0.0512024,0.0468165,0.0506989,0.0493594,0.0539201,0.0528684,0.0608626,0.0681301,0.0667823,0.0757074,0.0844759,0.0850001,0.0956978,0.0908168,0.0965652,0.102472
881.318,0.0436996,0.0471447,0.0553708,0.0471852,0.0588121,0.0470338,0.0555287,0.0513738,0.0591774,0.0583424,0.0618611,0.0704634,0.0730062,0.0817686,0.0828207,0.0878988,0.0995546,0.101239,0.107651
881.669,0.0403528,0.0502429,0.0438995,0.0437476,0.050954,0.0589389,0.052903,0.0421104,0.0603198,0.0530831,0.0637533,0.0663179,0.0703079,0.0767711,0.087056,0.100679,0.0984352,0.0979636,0.103969
882.021,0.0388328,0.0414861,0.0375514,0.04637,0.0479423,0.0485754,0.0451657,0.05157,0.0522577,0.0595819,0.0611137,0.0691561,0.0668768,0.0678092,0.0826583,0.101236,0.103422,0.0964929,0.0977406
882.372,0.0423129,0.0468644,0.0378446,0.0419394,0.0406515,0.0399608,0.0504586,0.048374,0.050737,0.0576354,0.0594446,0.064528,0.0665529,0.0772105,0.0813108,0.0893939,0.0944276,0.0963987,0.0979373
882.723,0.0374813,0.0452697,0.0480765,0.0443574,0.0424651,0.0479797,0.049594,0.0464492,0.0615729,0.0559247,0.0579591,0.0680027,0.0669925,0.0753764,0.0752142,0.0897457,0.0893026,0.093022,0.106414
883.074,0.0457167,0.0524212,0.0491589,0.0536041,0.049025,0.0492254,0.048238,0.0544351,0.0654066,0.0642553,0.0653451,0.0647759,0.0731086,0.0839604,0.0818885,0.0940404,0.0995343,0.106147,0.108588
883.425,0.0510897,0.055468,0.051906,0.0459114,0.0544052,0.0569656,0.059191,0.0552121,0.0637241,0.0566406,0.0699979,0.0667254,0.0808821,0.0820217,0.0858646,0.0954605,0.117102,0.108369,0.104177
883.776,0.0285978,0.0427277,0.0520662,0.0460032,0.0453968,0.0407568,0.0419289,0.0471819,0.063059,0.0485136,0.0602798,0.0536581,0.0716745,0.0749979,0.0798195,0.093576,0.0913522,0.099298,0.0997276
884.126,0.0430522,0.0397486,0.0444316,0.0422049,0.0427826,0.0485982,0.0408369,0.0505882,0.0519889,0.0564178,0.063519,0.0668435,0.0618641,0.0681713,0.0796992,0.0857774,0.0943105,0.0920036,0.106588
884.477,0.0410889,0.0352706,0.0452161,0.0373721,0.041819,0.0435656,0.0472957,0.0456806,0.0460136,0.0509302,0.0516181,0.0630994,0.0764698,0.0742236,0.0745793,0.0898885,0.0962582,0.0895119,0.0918862
884.827,0.047256,0.0440403,0.0486346,0.0521979,0.0460797,0.042353,0.044209,0.051027,0.052244,0.0557427,0.0659079,0.0676151,0.0714769,0.0714012,0.0928142,0.0802171,0.0922476,0.102653,0.108503
885.177,0.0284222,0.033449,0.0362988,0.0428129,0.0379757,0.0256973,0.0391735,0.0380063,0.035963,0.0465554,0.0539536,0.0627436,0.0652233,0.0613534,0.0700656,0.0821645,0.0853214,0.0937579,0.093761
885.528,0.0515975,0.0558605,0.0528194,0.0574036,0.0587324,0.0552661,0.0565602,0.0496189,0.0628318,0.0653205,0.075518,0.0694621,0.0708899,0.0853403,0.0876317,0.0946712,0.0995677,0.115455,0.110169
885.878,0.0414948,0.0491203,0.043027,0.0425198,0.0526017,0.0452782,0.0542315,0.0516993,0.0503135,0.0584606,0.0651536,0.0614442,0.0788588,0.0819246,0.0902802,0.0945978,0.0988148,0.111471,0.100163
886.227,0.0441853,0.041883,0.0534333,0.0440819,0.0458978,0.0501557,0.054913,0.0620767,0.0560528,0.0550174,0.0657107,0.0689154,0.0823036,0.0800632,0.0965622,0.0926533,0.104452,0.110133,0.112289
886.577,0.0413385,0.0410471,0.0412603,0.0320457,0.0406533,0.0382036,0.0477464,0.0474741,0.0535961,0.054745,0.0562676,0.0625978,0.0665309,0.0712012,0.0735272,0.0874326,0.0848309,0.0888893,0.0975907
886.927,0.0428769,0.0379284,0.0454451,0.0374759,0.0442162,0.0467476,0.0414754,0.049337,0.0531438,0.0613919,0.057088,0.0548493,0.0713272,0.074511,0.0760647,0.0808206,0.0887167,0.109616,0.0958722
887.276,0.0541226,0.0511576,0.0560472,0.0520375,0.054536,0.0504171,0.0635612,0.0597957,0.0610344,0.0678895,0.0699792,0.074287,0.0838603,0.0931797,0.0854751,0.0940352,0.104515,0.108835,0.105874
887.626,0.0509951,0.0644953,0.0575188,0.0565131,0.0637085,0.0536024,0.0540957,0.061374,0.0678586,0.0816334,0.0643338,0.0743885,0.0812686,0.0839413,0.0965023,0.0927718,0.101453,0.110247,0.12239
887.975,0.0264299,0.0305137,0.028989,0.0286858,0.0373569,0.0383595,0.0412783,0.0422624,0.0376828,0.0437466,0.0450639,0.0569215,0.0656237,0.0654212,0.0713868,0.0781155,0.0870533,0.0912525,0.0997645
888.324,0.0380293,0.0361156,0.051187,0.0445334,0.0446494,0.0459547,0.0461812,0.044614,0.052027,0.0412436,0.0475803,0.0611537,0.0634733,0.0735548,0.077227,0.0741758,0.0918255,0.0994219,0.0849003
888.673,0.0432807,0.0438084,0.0450122,0.0431701,0.0501148,0.0531753,0.0589912,0.0502751,0.0528687,0.058805,0.0614096,0.063177,0.0684368,0.0752251,0.0825057,0.0846275,0.0994377,0.099848,0.11749
889.022,0.0296907,0.0449613,0.0348545,0.0446302,0.0438498,0.0432892,0.0463191,0.0455508,0.0458356,0.056106,0.0467283,0.0550352,0.0636228,0.0697021,0.0779056,0.08095,0.093524,0.0953341,0.0988416
889.37,0.0328639,0.0423597,0.0461668,0.0358496,0.0293934,0.0415739,0.0429826,0.0558648,0.0498028,0.056949,0.0600126,0.0592438,0.0630706,0.0609267,0.0824486,0.0799625,0.086086,0.100396,0.0883438
889.719,0.0407867,0.0471959,0.0468642,0.0436332,0.0467031,0.0443779,0.0583868,0.0565652,0.0611891,0.0615048,0.0628167,0.0640683,0.0700927,0.0786985,0.0881277,0.0911017,0.0875089,0.0978539,0.0962183
890.068,0.0562528,0.053959,0.0555525,0.050154,0.0461699,0.0543981,0.0533785,0.0580473,0.0536342,0.0578007,0.0623231,0.0654044,0.068723,0.0815546,0.0905046,0.0982472,0.0930848,0.110334,0.115699
890.416,0.0450174,0.0404047,0.0430524,0.0560228,0.0326763,0.0477588,0.0538316,0.0556358,0.0448353,0.0515684,0.0591949,0.0633877,0.0704501,0.0733409,0.0701761,0.0955089,0.0893497,0.0932227,0.100347
890.764,0.0451526,0.0459727,0.0504478,0.0423529,0.0396005,0.0398963,0.0448278,0.0535135,0.0544832,0.0619314,0.0607272,0.0590175,0.0703167,0.0714199,0.0811486,0.0862524,0.0888257,0.105515,0.0950785
891.112,0.0370774,0.0444008,0.0459385,0.0472414,0.0466415,0.053,0.0419999,0.0547667,0.0450066,0.0511358,0.0589642,0.064189,0.0706738,0.0788151,0.0760388,0.089451,0.104507,0.0999825,0.10271
891.46,0.0462827,0.0431726,0.0346676,0.039705,0.0480697,0.0421356,0.0563418,0.0506047,0.0507935,0.0545565,0.0628187,0.0646852,0.072297,0.0832215,0.078714,0.0885548,0.103405,0.0940518,0.102231
891.808,0.0492815,0.0463164,0.0534804,0.0478374,0.0553145,0.0496386,0.0515423,0.0589035,0.0561888,0.0605217,0.0682605,0.0651221,0.075723,0.0729492,0.0806961,0.0940032,0.10019,0.0985085,0.103748
892.156,0.0445526,0.0280535,0.0517403,0.0484175,0.0402197,0.0485217,0.0595846,0.0571649,0.0572127,0.0719399,0.0601032,0.0721057,0.0735158,0.0814454,0.0774824,0.087884,0.0944367,0.0963422,0.0961634
892.503,0.0374752,0.0421895,0.0481088,0.0387794,0.0488005,0.0431755,0.0518647,0.0485864,0.0438493,0.0621201,0.057593,0.0662853,0.0686939,0.0805465,0.0759268,0.0849502,0.092748,0.101898,0.108963
892.851,0.0410707,0.040992,0.0391348,0.0489491,0.0500239,0.0479716,0.0457293,0.0512693,0.047228,0.0566611,0.0621333,0.0660759,0.0676244,0.0810378,0.0762919,0.0811885,0.103468,0.101421,0.109486
893.198,0.0409198,0.0441697,0.0394949,0.0400815,0.0480828,0.0489648,0.0487236,0.0471771,0.0485736,0.0631303,0.0607335,0.0773376,0.0661562,0.084802,0.0705618,0.0806493,0.094853,0.0974617,0.105102
893.545,0.0463109,0.0549005,0.0322144,0.0367694,0.0369512,0.0473433,0.0576106,0.0568088,0.0461489,0.0578346,0.0726786,0.0734194,0.0740376,0.069911,0.085798,0.0925395,0.0978278,0.0987384,0.105521
893.892,0.0401473,0.0555324,0.0451312,0.058358,0.0466659,0.0542939,0.0597995,0.0500888,0.0537308,0.0728722,0.0628133,0.0642221,0.0758431,0.087243,0.0890519,0.099724,0.102686,0.105496,0.0849883
894.239,0.0362709,0.0305054,0.0314267,0.0433571,0.0325415,0.0324465,0.0442167,0.0430093,0.0490062,0.047945,0.0559417,0.0542417,0.0551277,0.061457,0.0783089,0.0808507,0.088556,0.0878583,0.0907024
894.586,0.0365178,0.0400083,0.0381529,0.0344606,0.0486822,0.0372849,0.0492242,0.0495968,0.0496522,0.0537457,0.0598993,0.0651127,0.0586422,0.0720834,0.0758385,0.0841788,0.0890576,0.0961258,0.0978407
894.933,0.0465722,0.0552593,0.0584712,0.0485271,0.0518874,0.0548097,0.0638212,0.060502,0.0598853,0.059907,0.0675179,0.0643545,0.0834419,0.0786608,0.0961927,0.11426,0.107953,0.110099,0.111393
895.28,0.0387744,0.0440354,0.0435777,0.0432774,0.0417851,0.0426215,0.0545992,0.0489927,0.0536222,0.0612828,0.0582394,0.0627047,0.0678294,0.0695513,0.0785865,0.0831726,0.0955659,0.0912807,0.0979154
895.626,0.0505049,0.0631746,0.0549465,0.0513973,0.0555739,0.0567054,0.0477711,0.058228,0.0623968,0.0560534,0.067019,0.0764576,0.0746682,0.0812846,0.0864153,0.103424,0.102303,0.101171,0.0991152
895.972,0.0508971,0.0475995,0.0517394,0.050765,0.0507825,0.0473101,0.0445358,0.0584126,0.0604107,0.0549977,0.0595562,0.0696468,0.0643159,0.0861746,0.109028,0.0918765,0.0996586,0.0970614,0.100425
896.319,0.0375705,0.0436356,0.0383163,0.0392876,0.0434724,0.0419059,0.0543113,0.035555,0.0589051,0.0576736,0.0576382,0.0572487,0.0637849,0.0697098,0.0722488,0.0878696,0.0913265,0.100519,0.0994708
896.665,0.0513285,0.0507911,0.0487099,0.0411853,0.0562976,0.052463,0.0624462,0.0564088,0.0470124,0.0608784,0.0673971,0.0712231,0.0822303,0.0784141,0.087128,0.095266,0.0910247,0.092384,0.111975
897.011,0.0365603,0.0382244,0.0309943,0.0397053,0.041566,0.0426327,0.0531578,0.0551122,0.0533577,0.0644203,0.0577935,0.0556886,0.0675621,0.0707119,0.0768747,0.0852434,0.0876526,0.10203,0.106047
897.356,0.04916,0.0395862,0.0356137,0.0447945,0.0479915,0.0460279,0.043416,0.0461024,0.0598663,0.0593085,0.058907,0.0602129,0.0591779,0.0774569,0.0810808,0.0941962,0.0819001,0.093644,0.093501
897.702,0.0382063,0.0436258,0.0459486,0.0479523,0.0420178,0.0493314,0.0474679,0.0437897,0.0488574,0.0487037,0.057662,0.061455,0.0680748,0.0641527,0.0820248,0.0916766,0.0960781,0.0901475,0.101843
898.048,0.0506767,0.0502514,0.0565909,0.0582355,0.0579264,0.0524783,0.0535554,0.0603015,0.0618896,0.0588898,0.0679581,0.0783774,0.0811852,0.0789488,0.0997392,0.0975179,0.104492,0.104924,0.118041
898.393,0.0188528,0.0421319,0.0308817,0.0410028,0.0440262,0.0410755,0.0501428,0.0410932,0.0559969,0.0481458,0.0436964,0.0688234,0.0633866,0.0696112,0.0795435,0.0783934,0.0766514,0.0948021,0.090125
898.738,0.0291768,0.0401765,0.0250493,0.0405957,0.037159,0.0455177,0.0375319,0.0407153,0.0536545,0.046602,0.0563695,0.0505469,0.0618798,0.0722305,0.0693638,0.0913703,0.0906079,0.0860231,0.0842271
899.084,0.0476693,0.0437777,0.0441634,0.0467703,0.0458391,0.0366757,0.0503254,0.0493739,0.0604888,0.0567932,0.0532858,0.0518659,0.062314,0.0723617,0.0759202,0.0883827,0.0930703,0.0974152,0.0889889
899.429,0.0407702,0.0363365,0.0478519,0.037231,0.0399204,0.03889,0.0465629,0.051487,0.0495246,0.0622954,0.0501132,0.0622183,0.0596301,0.0714636,0.0768857,0.0897484,0.0887593,0.101517,0.0913856
899.774,0.0540534,0.0428221,0.0459876,0.0539949,0.034488,0.0412884,0.0448529,0.0637308,0.0449924,0.0590248,0.0724776,0.0743841,0.0754521,0.079297,0.095581,0.0948028,0.0986414,0.113948,0.101097
900.119,0.0359462,0.0405273,0.0373757,0.0395052,0.0343919,0.0449137,0.0428877,0.0410239,0.0474907,0.0488906,0.0531652,0.0687471,0.0585844,0.076785,0.0760013,0.0892916,0.101051,0.0851346,0.086419
900.463,0.0348323,0.0327544,0.0408249,0.0280333,0.034659,0.0289945,0.0316053,0.0381163,0.0527697,0.0499625,0.0480697,0.0514358,0.0549561,0.0715844,0.0608648,0.0749898,0.0901681,0.0890006,0.0905301
900.808,0.0419847,0.0363477,0.029958,0.0355782,0.0390117,0.0476234,0.0474534,0.0537237,0.0455938,0.0602662,0.0471625,0.0602294,0.0709737,0.0738405,0.0750536,0.0938523,0.0939977,0.0946608,0.100149
901.152,0.0358628,0.0420619,0.0380003,0.0440154,0.0339713,0.0409459,0.0487231,0.0462501,0.05077,0.0533751,0.04827,0.0523415,0.0646752,0.0653213,0.0792529,0.0863069,0.0729807,0.0963677,0.0888572
901.497,0.0496415,0.0388675,0.0458137,0.0388773,0.0470302,0.0476917,0.0534663,0.0416742,0.054845,0.0539299,0.0598626,0.0725852,0.0869176,0.0713874,0.0831988,0.101124,0.0917101,0.107321,0.113692
901.841,0.0327994,0.0478089,0.0496214,0.0469222,0.0402826,0.0462571,0.054769,0.0510109,0.0500917,0.0450563,0.0479169,0.052359,0.0606319,0.0699597,0.0789849,0.0897053,0.0998073,0.0916511,0.0946058
902.185,0.0430285,0.0492758,0.0569183,0.0456376,0.0499721,0.056254,0.0624528,0.0491319,0.0593209,0.0555976,0.072093,0.0619602,0.0733604,0.0830586,0.0834837,0.093569,0.10721,0.109383,0.113531
902.529,0.0574449,0.0468238,0.0490814,0.0482005,0.036435,0.0629358,0.0559558,0.0459537,0.0521504,0.0583651,0.0537714,0.0703069,0.0676534,0.071918,0.0863409,0.0891174,0.0963525,0.104121,0.0999679
902.873,0.0361044,0.0286811,0.0402797,0.0360405,0.0310403,0.031775,0.0396474,0.0474028,0.0482056,0.042208,0.0398157,0.0497921,0.0584239,0.0716695,0.0627733,0.0903237,0.08335,0.0960938,0.0969453
903.216,0.0375837,0.0297108,0.029925,0.0354588,0.0378631,0.0378475,0.0526842,0.036237,0.0491892,0.0362777,0.0525485,0.0544456,0.0709213,0.0551608,0.0775996,0.0833966,0.0818454,0.0962762,0.0908959
903.56,0.0578026,0.0522032,0.0455927,0.0487904,0.0540262,0.055737,0.0603485,0.0512433,0.0731363,0.070111,0.0712728,0.0737913,0.0779128,0.086294,0.0921006,0.0895658,0.103651,0.108901,0.109955
903.903,0.0381114,0.0401971,0.0519025,0.0512252,0.0516783,0.058018,0.0418571,0.0557564,0.0550217,0.0585151,0.0722293,0.0659893,0.0696979,0.0727987,0.0857141,0.0895857,0.0960538,0.0812792,0.102688
904.247,0.0439977,0.0522764,0.0523442,0.0495028,0.0419406,0.0534785,0.0503945,0.0518631,0.0630277,0.0566825,0.064913,0.0689181,0.0784783,0.076414,0.0827953,0.0875264,0.0968016,0.108549,0.0913046
904.59,0.0547354,0.0385935,0.0390215,0.0489574,0.0421236,0.0512512,0.0553684,0.0503438,0.0560581,0.0374788,0.0589036,0.0668056,0.0594191,0.074918,0.0880819,0.0849644,0.103431,0.0898621,0.100345
904.933,0.0482819,0.0453957,0.0577071,0.0644227,0.0597027,0.047717,0.0574415,0.0563223,0.0691948,0.0585848,0.074579,0.0776945,0.0951601,0.082115,0.0856411,0.112856,0.0970117,0.102494,0.106839
905.276,0.0435826,0.0406814,0.0504416,0.0455699,0.061318,0.0601181,0.0566898,0.0643319,0.0761411,0.0562385,0.0493468,0.0753579,0.0752083,0.0763176,0.0956918,0.100405,0.0855162,0.100445,0.111645
905.619,0.0437885,0.0357094,0.037607,0.0549516,0.0524069,0.0431858,0.0457192,0.0497139,0.0581001,0.0511726,0.0705025,0.0615442,0.0668758,0.0820175,0.0690334,0.0901086,0.0956885,0.0990278,0.112107
905.961,0.038589,0.0442455,0.0487568,0.0421378,0.0463332,0.0512934,0.0584854,0.0535432,0.0629995,0.0350141,0.0661396,0.0646023,0.0632554,0.0719294,0.0775811,0.08326,0.101748,0.0936237,0.114659
906.304,0.0447272,0.0404756,0.0335676,0.0366212,0.0463724,0.0442472,0.0386441,0.0586547,0.0559364,0.055007,0.0540421,0.0543896,0.0559453,0.0703849,0.0703794,0.0920805,0.0957931,0.107701,0.101918
906.646,0.0600617,0.0480575,0.0564886,0.0409962,0.0457823,0.0560765,0.0573852,0.0535074,0.0608146,0.0729491,0.0682447,0.0734848,0.0771202,0.0717529,0.0783418,0.0978824,0.106242,0.112646,0.100513
906.988,0.0519903,0.0327121,0.0217522,0.0323962,0.0488809,0.0451966,0.0532694,0.0391729,0.0507881,0.0549232,0.062448,0.0761405,0.0713152,0.0742026,0.0742122,0.0791139,0.0877291,0.100825,0.0983967
907.331,0.0411158,0.0406065,0.0222534,0.0498465,0.0433418,0.0444981,0.0559999,0.0472009,0.0527489,0.0502512,0.0649459,0.0723096,0.067902,0.0747685,0.0892046,0.0875417,0.097183,0.0925307,0.099194
907.673,0.0523647,0.0498128,0.0524714,0.0478099,0.0642436,0.0634245,0.0539044,0.0595577,0.0702883,0.0714458,0.0754037,0.0740604,0.0796251,0.0823901,0.111109,0.0958282,0.122457,0.132006,0.116587
908.015,0.0299528,0.0261188,0.023721,0.0288632,0.0216234,0.036207,0.0357214,0.04261,0.0298043,0.048206,0.0339444,0.0480107,0.0570822,0.0569662,0.0713544,0.0625884,0.0745314,0.091517,0.0927115
908.356,0.0320933,0.0474092,0.0393981,0.0373816,0.0443726,0.0435554,0.0482214,0.0479442,0.0528945,0.0468815,0.0582622,0.0604619,0.0671364,0.0607286,0.0903611,0.0986493,0.0873347,0.100574,0.113454
908.698,0.0461974,0.0527519,0.0495029,0.0509549,0.046703,0.0569897,0.0553466,0.0455013,0.0537868,0.0517938,0.0743919,0.0663268,0.091565,0.0857223,0.0927741,0.103257,0.103222,0.108785,0.111145
909.04,0.0386636,0.03754,0.0346989,0.0419289,0.0470154,0.0492678,0.0353171,0.05802,0.0602837,0.0630032,0.0637317,0.0691559,0.0695343,0.0811542,0.089204,0.0879759,0.0874332,0.120715,0.107304
909.381,0.0370058,0.0555633,0.0444693,0.0460569,0.0477993,0.0521922,0.0484938,0.053236,0.045745,0.0602007,0.0623004,0.0618635,0.0740207,0.0699592,0.0785296,0.0942824,0.0952243,0.0997942,0.0856226
909.722,0.03417,0.0287076,0.0352342,0.0351565,0.0376212,0.0383097,0.0447538,0.0408372,0.037657,0.0436029,0.0470496,0.0503105,0.05223,0.0663334,0.0776373,0.0829988,0.09544,0.0927044,0.105675
910.063,0.0382173,0.0296338,0.0425872,0.0378285,0.0425872,0.0602292,0.0384938,0.065019,0.0460672,0.0639366,0.0512729,0.0589165,0.0614097,0.0756531,0.0762743,0.072239,0.0977509,0.0956585,0.10166
910.405,0.0377977,0.0540193,0.0527491,0.043356,0.0409796,0.0524092,0.0528596,0.0532492,0.0585016,0.0669027,0.0662798,0.0769927,0.0722993,0.0928987,0.100754,0.0846786,0.0997087,0.112578,0.118037
910.745,0.053021,0.0521294,0.0631581,0.0627942,0.0573862,0.0647462,0.0584244,0.0557758,0.0608263,0.0677939,0.0701062,0.0682208,0.0835688,0.0884959,0.0916332,0.0975835,0.0909955,0.0977799,0.107772
911.086,0.0313916,0.0592326,0.0603146,0.0552814,0.0520946,0.0583482,0.0481127,0.0497569,0.0582652,0.0546436,0.0672992,0.066249,0.0778883,0.076712,0.0877466,0.101781,0.0982757,0.106179,0.0983903
911.427,0.0416979,0.0504496,0.0599835,0.0428936,0.0449781,0.0519315,0.0492626,0.0584808,0.0473327,0.0668685,0.0634381,0.0685087,0.0780929,0.0826399,0.0886186,0.0895924,0.100158,0.105239,0.104901
911.767,0.0475727,0.0454602,0.0543142,0.0366651,0.0435422,0.0459542,0.0483589,0.0609166,0.0539963,0.0593773,0.0794974,0.0744573,0.0759031,0.0751281,0.0746461,0.0874949,0.0893421,0.104506,0.0893355
912.108,0.0411678,0.0388147,0.0379516,0.0439885,0.0460178,0.0394393,0.055932,0.0539929,0.0470391,0.065839,0.0618385,0.0549097,0.076341,0.0675737,0.0809947,0.0979446,0.0877378,0.102682,0.0999204
912.448,0.0406366,0.0449121,0.0442535,0.0457316,0.0592859,0.0561768,0.0566621,0.0487148,0.0649919,0.0421021,0.0589194,0.0654233,0.068482,0.0741787,0.0845829,0.0815984,0.0953674,0.109569,0.114074
912.788,0.0330468,0.0528748,0.0525819,0.035578,0.0583593,0.0555801,0.0581899,0.0644631,0.0618991,0.0578498,0.0673663,0.071296,0.0805492,0.0812104,0.0855925,0.0947309,0.101175,0.0970925,0.0980061
913.128,0.0347928,0.0529719,0.0460647,0.0474147,0.0355588,0.0530362,0.0505924,0.055632,0.0410237,0.0650613,0.062546,0.0674685,0.0640945,0.0623179,0.0746898,0.0918708,0.0908888,0.102849,0.0913927
913.468,0.045764,0.0475349,0.0559227,0.0509587,0.0555871,0.049081,0.0614885,0.062471,0.0614576,0.0667004,0.0625698,0.0631552,0.083037,0.07878,0.0874149,0.108642,0.0875962,0.104276,0.0992225
913.808,0.0380598,0.0315786,0.0359699,0.0296547,0.0419502,0.0439152,0.0411381,0.0331393,0.0542257,0.0503501,0.0539638,0.0514089,0.0633475,0.0782478,0.0849439,0.084554,0.0914722,0.0947053,0.0962791
914.148,0.0251459,0.0425301,0.0353825,0.0310985,0.0293898,0.0415866,0.0157549,0.0265798,0.040428,0.0364562,0.0487084,0.0429034,0.0533903,0.0430933,0.0531503,0.0765651,0.0774571,0.0718765,0.071353
914.487,0.0626659,0.0485121,0.0549594,0.0529329,0.046488,0.0566746,0.048554,0.0592238,0.0589247,0.0629284,0.0669971,0.0728673,0.0708039,0.0883937,0.0867871,0.10822,0.108638,0.110297,0.109298
914.826,0.0458693,0.0450385,0.0447793,0.0442953,0.0447641,0.0557902,0.0423122,0.0488842,0.0485982,0.0582612,0.0572302,0.0745913,0.0614591,0.0827702,0.0987173,0.0918083,0.0867168,0.0911138,0.115409
915.166,0.0318125,0.0365879,0.0384411,0.028172,0.0332114,0.0466011,0.0400667,0.041645,0.0456006,0.0572457,0.0582785,0.0629218,0.0622324,0.0700736,0.0711123,0.0776308,0.0824319,0.0861329,0.0965548
915.505,0.0438631,0.0427071,0.0483351,0.0385496,0.0394456,0.0451877,0.0348058,0.052921,0.0463767,0.054803,0.0490773,0.0556552,0.0763195,0.0691861,0.0699374,0.0809036,0.0838671,0.0963395,0.0981277
915.844,0.0308856,0.0475725,0.0447807,0.0328067,0.0462045,0.0450061,0.0441162,0.0457892,0.0612753,0.0512245,0.0479013,0.0584651,0.059523,0.067251,0.0622814,0.0749712,0.0948912,0.092115,0.0903541
916.183,0.0498168,0.0608005,0.0456444,0.0467403,0.0430745,0.0382636,0.0466788,0.0546515,0.0659287,0.0652157,0.0632706,0.0705746,0.072956,0.0715707,0.0773435,0.093623,0.115826,0.105153,0.103377
916.522,0.0500789,0.0471233,0.0423623,0.0531396,0.0452031,0.0549583,0.0456335,0.0550827,0.067613,0.0770748,0.0701045,0.0715012,0.0817812,0.09069,0.0988795,0.101457,0.10689,0.102059,0.112134
916.86,0.0305743,0.0426084,0.0440029,0.0246333,0.0428505,0.0348652,0.0404326,0.0475885,0.0506072,0.0538218,0.0648472,0.0514502,0.0648003,0.0604632,0.0734118,0.0773571,0.08268,0.100872,0.0923436
917.199,0.0551801,0.0488329,0.0462971,0.0496835,0.0560063,0.0731778,0.0520324,0.0573872,0.0705304,0.0584877,0.081531,0.0681558,0.0961882,0.0943931,0.0996539,0.106852,0.1078,0.106658,0.108634
917.537,0.0402825,0.0498217,0.045587,0.0401704,0.0400219,0.0421077,0.0368166,0.0429884,0.0441407,0.0483108,0.0626648,0.0690563,0.0767724,0.0766019,0.0941531,0.0986596,0.0920487,0.0933449,0.0964341
917.875,0.0656824,0.0584934,0.0518941,0.0612797,0.0477707,0.0538419,0.0551509,0.0648918,0.0578124,0.0711725,0.0675578,0.072471,0.0784185,0.0854459,0.0884311,0.0979376,0.102236,0.0926582,0.114851
918.213,0.034651,0.0483921,0.0451046,0.0439871,0.04442,0.0456742,0.046679,0.0597279,0.0521304,0.0604969,0.064128,0.0627342,0.068564,0.0829515,0.059479,0.0905495,0.102019,0.105598,0.103579
918.551,0.0520753,0.0496502,0.0494867,0.050547,0.0543465,0.0642764,0.0642062,0.057916,0.0695707,0.0680958,0.0696374,0.0824345,0.0896356,0.0934651,0.0994516,0.108632,0.117105,0.120103,0.106952
918.889,0.0437056,0.044225,0.047022,0.0591045,0.0486832,0.0586464,0.0477293,0.0609947,0.0623483,0.0616487,0.0555548,0.0618105,0.0772522,0.0894892,0.0863666,0.106378,0.100842,0.0990955,0.116302
919.227,0.0339508,0.0429632,0.0427371,0.0478406,0.0539269,0.036065,0.0516329,0.0527508,0.051794,0.0508417,0.0703836,0.0627272,0.0746529,0.0893057,0.0871949,0.106174,0.0885816,0.106685,0.0923307
919.565,0.0426587,0.0574984,0.0507242,0.057767,0.0481464,0.0606227,0.0602609,0.0563116,0.0721922,0.0627656,0.0637356,0.0796697,0.0676215,0.0815379,0.0826984,0.0984422,0.0987212,0.117821,0.117389
919.902,0.0186766,0.0329851,0.0346482,0.0351948,0.0353754,0.0411224,0.0339786,0.0411152,0.0479874,0.0432664,0.0552209,0.0576018,0.0565249,0.0683538,0.0647731,0.0888404,0.0945723,0.0925478,0.070949
920.24,0.0508698,0.0595754,0.057028,0.0541022,0.0513685,0.0566554,0.0573775,0.0541958,0.0667878,0.0842364,0.0704863,0.05866,0.0732305,0.106169,0.0927932,0.102737,0.0929945,0.120212,0.115691
920.577,0.0377606,0.0350915,0.0357666,0.0350661,0.0293243,0.0395105,0.0345628,0.041128,0.0452995,0.0471538,0.0513318,0.0508525,0.0674955,0.0622749,0.0691056,0.0845686,0.0799289,0.0872144,0.0882484
920.914,0.0371485,0.0363401,0.0366246,0.0462304,0.0434016,0.0437049,0.0487173,0.0576752,0.0462868,0.041207,0.0526918,0.0643448,0.0539481,0.0837785,0.0908172,0.0759198,0.0797167,0.0964181,0.0974241
921.251,0.0382145,0.061899,0.0521301,0.0492174,0.0689175,0.0563811,0.0432177,0.0608738,0.0647675,0.076056,0.0681639,0.0815172,0.0948812,0.0968131,0.0936348,0.106522,0.124609,0.101713,0.127424
921.588,0.0444287,0.0601512,0.0491039,0.0401803,0.0630153,0.0471072,0.0492654,0.0618555,0.0627253,0.0668038,0.064815,0.0606632,0.0739876,0.0834873,0.0834446,0.0954167,0.107684,0.110396,0.0997793
921.924,0.0421834,0.0450812,0.0551691,0.0381541,0.055013,0.0581056,0.0533296,0.0500871,0.0586623,0.0580359,0.0617485,0.0686355,0.0592396,0.0804632,0.0826472,0.0834695,0.085372,0.117249,0.10183
922.261,0.0498934,0.0437921,0.0382043,0.0422239,0.0445084,0.0427271,0.0283784,0.0380513,0.0572476,0.0506708,0.0538621,0.0634362,0.0701908,0.0813862,0.077306,0.0851947,0.0961893,0.0993853,0.0987425
922.598,0.0257528,0.0187489,0.0326604,0.0318365,0.0347372,0.0367567,0.0295728,0.0377815,0.0398314,0.050536,0.0627814,0.0412681,0.0687033,0.0599228,0.0702893,0.0768595,0.0907645,0.076657,0.0834416
922.934,0.0541582,0.0523418,0.0436082,0.0537429,0.0423706,0.0403785,0.0441828,0.0468492,0.0521397,0.0608971,0.0665825,0.066443,0.0656857,0.092179,0.0964747,0.099242,0.0994343,0.100393,0.09036
923.27,0.0216657,0.0506163,0.0433094,0.0497543,0.047365,0.0468254,0.0489516,0.0442783,0.0606353,0.0584919,0.0642775,0.066442,0.0658171,0.0876059,0.0799524,0.088206,0.0810183,0.0870728,0.0945583
923.606,0.0558111,0.0383129,0.0517902,0.0334966,0.0350167,0.0410206,0.05868,0.0627073,0.0781482,0.0679768,0.0588956,0.0480446,0.0771883,0.0734333,0.0840014,0.0944946,0.0913282,0.103641,0.105819
923.942,0.047735,0.0327149,0.045414,0.0611447,0.0346802,0.0484465,0.0405209,0.0430705,0.0506588,0.0600335,0.0555328,0.0577526,0.068514,0.0691315,0.0781909,0.0866644,0.0942318,0.0820498,0.110636
924.278,0.0315626,0.0420351,0.0490822,0.0516104,0.0650691,0.0384251,0.0502576,0.0474056,0.0602421,0.0675529,0.0644539,0.0615984,0.0597824,0.0822926,0.09175,0.082955,0.101342,0.113443,0.0892308
924.614,0.0598079,0.0531199,0.0467347,0.0421041,0.0580204,0.0592173,0.0587277,0.0517833,0.0661864,0.0605619,0.0653521,0.0670824,0.0792123,0.0905708,0.085497,0.0952468,0.0964478,0.106818,0.096285
924.949,0.0462097,0.0435456,0.0362412,0.0503172,0.050153,0.0602276,0.0569306,0.0596531,0.0620928,0.0399876,0.0759639,0.0888259,0.0689078,0.076413,0.080869,0.0898965,0.0864754,0.106929,0.103618
925.285,0.0311284,0.0438194,0.0462285,0.0506376,0.0382593,0.0544601,0.0380607,0.0439465,0.057972,0.0623395,0.0521489,0.0602807,0.0683997,0.0797886,0.0876504,0.0780795,0.0951174,0.105371,0.101569
925.62,0.0636652,0.0445525,0.0562279,0.0521098,0.0557823,0.0771148,0.0570751,0.0464801,0.0709964,0.0546984,0.0723197,0.0689828,0.0795334,0.0713685,0.0854249,0.0842698,0.103409,0.0996275,0.122419
925.955,0.0272472,0.0217816,0.042835,0.031282,0.0370992,0.0460554,0.0387382,0.0291681,0.05532,0.0490483,0.0578801,0.0437453,0.0529259,0.0751068,0.0872442,0.0725227,0.0751206,0.0908481,0.0906833
926.29,0.0343968,0.0387376,0.0322479,0.0438269,0.0328594,0.0416405,0.0401675,0.0360163,0.0469835,0.0560488,0.0443005,0.0608742,0.0626166,0.07168,0.0876977,0.0782885,0.120167,0.0823134,0.0997247
926.625,0.0496073,0.0560033,0.0516862,0.0441428,0.05719,0.0550092,0.0606281,0.0636453,0.0630733,0.0613734,0.0649509,0.0795767,0.0830647,0.0968696,0.0994988,0.0945448,0.116674,0.115425,0.117761
926.96,0.0384084,0.0319721,0.0458592,0.0386801,0.0537729,0.0539983,0.0529459,0.0588449,0.0567894,0.0713727,0.042165,0.0622319,0.0705673,0.0696242,0.0746364,0.0966157,0.0798562,0.123355,0.106093
927.295,0.0471689,0.0624824,0.0529261,0.0598212,0.058844,0.0575716,0.0725882,0.0667092,0.0574305,0.0717016,0.0725091,0.0692941,0.0761414,0.0867209,0.0939829,0.114102,0.108543,0.102383,0.115311
927.629,0.0394988,0.031135,0.050521,0.0599,0.0405147,0.0500394,0.0529648,0.0470413,0.0626702,0.0706393,0.0614569,0.0722956,0.0694766,0.0795813,0.0797836,0.0967018,0.109952,0.105752,0.106854
927.964,0.0318856,0.0369675,0.0376507,0.0518557,0.0372421,0.0405111,0.0564058,0.0473666,0.0430492,0.050728,0.0608151,0.0537774,0.0700103,0.0874478,0.0735439,0.0990783,0.0942267,0.0951554,0.0867974
928.298,0.0367301,0.0289167,0.0324707,0.0346104,0.0298375,0.0511524,0.0411876,0.0579546,0.0485694,0.0373275,0.0554009,0.071219,0.062248,0.0651628,0.072152,0.0886002,0.0951596,0.10878,0.0865752
928.632,0.0507716,0.0657655,0.0522986,0.0405665,0.0547033,0.0557983,0.0713339,0.0613336,0.0635061,0.0609438,0.0690262,0.0724266,0.0767658,0.0743962,0.102299,0.0976549,0.0967009,0.118712,0.100358
928.967,0.0236746,0.038674,0.0359023,0.038818,0.0286543,0.0366806,0.0397917,0.0423936,0.0552323,0.0507321,0.0499398,0.0571632,0.0698154,0.0575171,0.0861398,0.0757178,0.0889105,0.0936918,0.105292
929.3,0.0628395,0.0496165,0.044217,0.0652209,0.047206,0.058551,0.0577346,0.0507955,0.0685306,0.0814702,0.0692929,0.0735019,0.0869748,0.094113,0.0959326,0.102727,0.100456,0.109101,0.127621
929.634,0.0601575,0.0619932,0.0610599,0.0587756,0.0616469,0.0557156,0.0524843,0.0386367,0.0600244,0.06294,0.0521432,0.0567045,0.0794377,0.0908379,0.0934467,0.0788809,0.0916905,0.0995752,0.11381
929.968,0.0387453,0.0402234,0.0586941,0.0498268,0.0518566,0.0484797,0.050915,0.0648209,0.0553643,0.0784262,0.059039,0.0676932,0.0720005,0.0752759,0.0863947,0.103041,0.102427,0.0963606,0.101092
930.302,0.0480271,0.0475004,0.020616,0.053407,0.047969,0.046302,0.0497488,0.0486809,0.0462782,0.0511226,0.0784209,0.0667103,0.0690863,0.0637224,0.0908685,0.0845215,0.0873866,0.0928647,0.100625
930.635,0.0446658,0.0450031,0.0512402,0.0480911,0.042678,0.0462011,0.0510541,0.0687246,0.0643037,0.0537016,0.0687386,0.0647449,0.0722438,0.0814173,0.0864447,0.100381,0.0994979,0.102495,0.100538
930.968,0.0396642,0.0572753,0.0614579,0.0624891,0.0558668,0.0427351,0.0724429,0.0870694,0.0725919,0.0609897,0.0935484,0.0831798,0.100005,0.0719347,0.104469,0.0800002,0.116413,0.119209,0.111373
931.301,0.0444675,0.0452543,0.0500633,0.0497169,0.0577952,0.0417304,0.0518343,0.0682308,0.0632016,0.0572882,0.0758921,0.0766344,0.0838755,0.0751382,0.0989706,0.0826879,0.100492,0.107248,0.105136
931.634,0.0493242,0.0320994,0.0377567,0.0359163,0.059822,0.0407119,0.0298495,0.047387,0.0532267,0.0534211,0.056094,0.0693111,0.0662995,0.078219,0.0927833,0.0855233,0.0833912,0.0943831,0.0980663
931.967,0.0594652,0.0513428,0.0454652,0.046356,0.0368212,0.0351363,0.0406251,0.044613,0.053256,0.0359574,0.0440333,0.0669687,0.0738961,0.0724907,0.0643985,0.0776844,0.09928,0.0949892,0.104813
932.3,0.0414381,0.0495966,0.0529616,0.0462429,0.0433557,0.0468514,0.0398125,0.0395332,0.0550392,0.0708469,0.0826637,0.0854332,0.0797226,0.0561028,0.0731159,0.0865077,0.112091,0.104752,0.103767
932.633,0.0240641,0.034944,0.0349369,0.0322934,0.0332933,0.0344226,0.0459654,0.0591672,0.0371913,0.0611201,0.0614133,0.0803935,0.0635559,0.0761366,0.0855908,0.0912998,0.0754535,0.100132,0.0954776
932.965,0.0437663,0.0379955,0.0321501,0.0294508,0.0531151,0.0445531,0.0516868,0.0437716,0.0515897,0.0514422,0.0671412,0.0632541,0.055697,0.0776319,0.0677629,0.0971288,0.0876445,0.0934636,0.0809661
933.298,0.0479086,0.0409927,0.0457634,0.0411902,0.0454504,0.0481683,0.0416406,0.0525312,0.0626633,0.0504119,0.062198,0.0564656,0.0734696,0.0756771,0.0786267,0.0951744,0.0835849,0.102119,0.112336
933.63,0.0599428,0.0516019,0.0515961,0.0633385,0.0378585,0.0549893,0.0449993,0.0493423,0.0491211,0.0556541,0.0475456,0.0773119,0.0691717,0.086323,0.095793,0.0910167,0.101151,0.117209,0.0895928
933.962,0.06269,0.0361844,0.0611348,0.0527496,0.037191,0.0607854,0.0480782,0.0770016,0.0699945,0.0739004,0.0780324,0.0827961,0.0806148,0.082515,0.10727,0.10356,0.104986,0.123692,0.110884
934.294,0.0627996,0.0470101,0.0561393,0.044084,0.0521906,0.043549,0.0355847,0.0798051,0.0772513,0.087403,0.0692849,0.0541163,0.0866425,0.101423,0.0798941,0.0885054,0.0903147,0.0969274,0.107603
934.626,0.0330829,0.0328142,0.0469564,0.029306,0.0263654,0.0399238,0.0489684,0.0442548,0.0452173,0.0604503,0.0579549,0.0624959,0.0675467,0.0699129,0.095746,0.0751944,0.100592,0.0930265,0.0878736
934.958,0.0275027,0.0398873,0.0183096,0.0335206,0.029168,0.0405326,0.0380181,0.0451195,0.0426817,0.0594697,0.0570358,0.0630134,0.0513354,0.0700665,0.0812717,0.0983717,0.0696333,0.0948987,0.0961054
935.29,0.0357092,0.0186733,0.0418574,0.0481471,0.0399199,0.0532284,0.0499624,0.0418739,0.0396139,0.0521953,0.0388152,0.0586264,0.0652703,0.0645941,0.0793484,0.0928497,0.0997323,0.0953686,0.106528
935.621,0.0363623,0.0435646,0.0378764,0.0493316,0.0594265,0.0414119,0.0437523,0.0596159,0.0465249,0.055324,0.0524596,0.0638215,0.0643889,0.0771977,0.0768022,0.0927514,0.100364,0.103463,0.0971447
935.953,0.0500311,0.0491659,0.0588471,0.0381759,0.0466818,0.0605271,0.0551699,0.0434804,0.0595091,0.0675199,0.0612663,0.0647615,0.0733204,0.0706258,0.0809022,0.065572,0.0881881,0.109452,0.10983
936.284,0.0236586,0.0285489,0.0376872,0.0379154,0.0416427,0.0315436,0.0280842,0.0459725,0.0612852,0.036902,0.0511648,0.0566028,0.0624498,0.0742638,0.0772383,0.0791093,0.102733,0.0900167,0.0935518
936.615,0.0467886,0.0541087,0.0637629,0.0671856,0.0562889,0.0534043,0.0669001,0.0588872,0.0812172,0.0642532,0.070475,0.0790169,0.0760315,0.0930699,0.0820886,0.102724,0.114958,0.115232,0.112539
936.946,0.0536995,0.0542111,0.059085,0.0403547,0.0599322,0.0609725,0.0614876,0.063149,0.045514,0.0619634,0.085008,0.0802405,0.08912,0.0880862,0.0940794,0.101509,0.0959436,0.132905,0.122659
937.277,0.0428572,0.0214624,0.0407052,0.036372,0.0358353,0.0427404,0.0578749,0.056201,0.033203,0.037108,0.0696885,0.0639156,0.0657047,0.0777433,0.0696039,0.0812276,0.0937924,0.0931804,0.08816
937.608,0.0434064,0.056061,0.0551159,0.0521738,0.0586117,0.0556563,0.0771121,0.0587201,0.055318,0.0640604,0.0638828,0.0944137,0.067908,0.092308,0.0897977,0.0897755,0.110023,0.119091,0.121136
937.938,0.0691476,0.045066,0.072648,0.067666,0.0800541,0.0788903,0.0555841,0.0763167,0.0609914,0.0624058,0.0922004,0.08206,0.0974158,0.0961812,0.0933589,0.0984544,0.118863,0.124982,0.125858
938.269,0.0552709,0.0468716,0.0478697,0.0446415,0.0517609,0.0536984,0.0604689,0.0693582,0.055966,0.04875,0.0642326,0.0798516,0.0773627,0.0792338,0.0961331,0.094271,0.0993935,0.0978827,0.0956955
938.599,0.0743674,0.0902859,0.0597548,0.0628653,0.0791352,0.0741123,0.0821532,0.0810492,0.0690966,0.0873177,0.0835683,0.109923,0.0990785,0.108204,0.103657,0.120992,0.127249,0.119664,0.138512
938.929,0.0404457,0.0303024,0.0455705,0.0415,0.044496,0.0487785,0.0543584,0.053251,0.0806135,0.068274,0.0652721,0.0760748,0.056589,0.0912685,0.0926156,0.0971978,0.098453,0.0988093,0.120852
939.26,0.0370934,0.0391044,0.0588913,0.0422899,0.0558074,0.0557304,0.0581217,0.039702,0.0656301,0.0708774,0.0643094,0.0550337,0.0482869,0.0749099,0.0866661,0.100711,0.117588,0.107882,0.123043
939.59,0.04491,0.0444977,0.060858,0.0392381,0.0590314,0.0459018,0.0607849,0.0486586,0.0551475,0.0602113,0.0526918,0.0761476,0.0694417,0.0620663,0.0828611,0.0887525,0.0990814,0.111647,0.111982
939.919,0.0758216,0.0638861,0.0761981,0.0677023,0.060766,0.0567278,0.0725274,0.0860024,0.0797811,0.0914597,0.0804598,0.10832,0.108717,0.11856,0.131969,0.118066,0.124713,0.1492,0.131045
940.249,0.056499,0.0508851,0.0505927,0.052656,0.0764885,0.0487414,0.0736636,0.0548938,0.0627194,0.0591083,0.0696513,0.0748612,0.0775522,0.075232,0.0929522,0.118798,0.092669,0.103135,0.113648
940.579,0.050677,0.0427395,0.0436664,0.0372096,0.0544828,0.0702182,0.0461546,0.0458318,0.0697437,0.0522191,0.0795647,0.0654157,0.0643529,0.0922888,0.0892637,0.0866342,0.104926,0.110804,0.0962094
940.908,0.0570605,0.0281078,0.0480951,0.0664916,0.0288438,0.0395903,0.0668847,0.0466783,0.0655336,0.0567357,0.0727541,0.0899197,0.0835756,0.0760075,0.097891,0.114331,0.103632,0.133593,0.120875
941.238,0.0443992,0.0288722,0.0518194,0.0304071,0.0586397,0.0271099,0.04684,0.040966,0.0375785,0.0709128,0.0649258,0.0536343,0.0440618,0.075501,0.0732818,0.0890953,0.0727332,0.087664,0.0947809
941.567,0.0418953,0.0393035,0.0574592,0.0444163,0.038927,0.0548846,0.0603977,0.0416094,0.0448658,0.0502861,0.0531054,0.0652228,0.0685189,0.0820145,0.0902329,0.0990855,0.102066,0.107734,0.106785
941.896,0.0397442,0.0291392,0.0344057,0.0299079,0.0284791,0.0353886,0.0187906,0.0250762,0.0359609,0.0482709,0.0466995,0.0441423,0.0466659,0.0567005,0.0643324,0.0636254,0.0825551,0.0804116,0.0798154
942.225,-0.00219375,0.014438,0.0178933,0.0408664,0.0164621,0.019021,0.0158003,0.0163392,0.0670051,0.037401,0.0426742,0.0399477,0.0426401,0.051328,0.0620829,0.0681708,0.0812976,0.0783829,0.0849643
942.554,0.0547334,0.0630069,0.0386894,0.0691531,0.0528724,0.0553592,0.0677254,0.0815511,0.0604727,0.0758123,0.0890392,0.0757396,0.0720257,0.0994089,0.100416,0.108596,0.118979,0.120919,0.11131
942.883,0.034363,0.0505242,0.0307141,0.0511577,0.0347297,0.0248815,0.0538137,0.0385802,0.0523787,0.0515788,0.0608817,0.0596858,0.0788737,0.058615,0.0653996,0.0931834,0.0905549,0.105556,0.0933437
943.211,0.0547527,0.0508306,0.0639098,0.0432867,0.0443366,0.0723837,0.0756573,0.0633358,0.0801035,0.0590499,0.0672758,0.0838011,0.12811,0.0851724,0.113208,0.119386,0.104307,0.118235,0.127581
943.54,0.0310428,0.0533016,0.0400138,0.0521744,0.0601445,0.0597582,0.0389973,0.054877,0.0656381,0.0884818,0.0748018,0.0653052,0.0752046,0.0719537,0.0846015,0.100972,0.0997861,0.115103,0.124295
943.868,0.0497821,0.058011,0.0456154,0.0667345,0.0675417,0.0590116,0.0500714,0.066367,0.053434,0.0470796,0.0681205,0.084608,0.0698336,0.095948,0.0724804,0.0856446,0.119771,0.10177,0.113337
944.196,0.0201953,0.0510825,0.0490852,0.0304533,0.0482114,0.0415009,0.0467629,0.0436376,0.0338412,0.047481,0.0487864,0.0648662,0.037336,0.0737048,0.0716321,0.0886201,0.0988727,0.089052,0.104028
944.524,0.0432151,0.0554902,0.0622426,0.0378265,0.0431042,0.0501408,0.0561728,0.0548627,0.0582978,0.0518808,0.0736429,0.0614137,0.0796485,0.0647259,0.0830691,0.0763667,0.0763355,0.0973597,0.0917279
944.852,0.0126776,0.0240527,0.039836,0.0147606,0.029206,0.0401786,0.0426224,0.0315216,0.0109851,0.0252905,0.0402302,0.0420102,0.0412372,0.0670122,0.0543318,0.061952,0.0794834,0.0845219,0.100858
945.18,0.0267537,0.0490496,0.0401409,0.0354738,0.0390732,0.0534382,0.0290469,0.0471689,0.0478735,0.058211,0.0438472,0.0589356,0.0513677,0.0725816,0.0775256,0.106536,0.0960455,0.104493,0.110962
945.508,0.0137788,0.0235726,0.0212507,0.0204222,0.0280516,0.0362886,0.0599371,0.0263093,0.048039,0.0335929,0.0519571,0.0724282,0.0380069,0.0731465,0.0732049,0.0892796,0.0792243,0.106556,0.0946503
945.835,0.0439207,0.0526879,0.0588477,0.0488406,0.0480332,0.0693799,0.0519782,0.0539823,0.0605174,0.0587352,0.0808702,0.0642749,0.0573092,0.0652551,0.0847476,0.108375,0.110815,0.0862542,0.11748
946.163,0.0459531,0.0454057,0.0447183,0.0228143,0.0536805,0.0465357,0.0339796,0.0319504,0.0481713,0.0473128,0.065252,0.0481898,0.0566551,0.0909637,0.0680266,0.0787301,0.0853783,0.0923163,0.100081
946.49,0.034154,0.0525936,0.0670713,0.0523321,0.0659426,0.0488841,0.0387485,0.0421881,0.041286,0.0450281,0.0461233,0.0555481,0.0643138,0.0783844,0.100137,0.0784405,0.108467,0.123273,0.129339
946.817,0.031003,0.0403887,0.0571478,0.0487095,0.0471941,0.035129,0.0607639,0.0622322,0.0384798,0.060015,0.0631366,0.0465913,0.061682,0.0778593,0.0819029,0.0811377,0.101955,0.083544,0.101626
947.144,0.0460393,0.0746502,0.0618122,0.0525194,0.0536377,0.0486431,0.0685136,0.0778111,0.0822813,0.0812625,0.091487,0.074478,0.0870576,0.074561,0.0963376,0.117686,0.108357,0.130263,0.13154
947.471,0.00607591,0.0326693,0.0372894,0.0448652,0.0403398,0.0511278,0.0437348,0.0447252,0.0644629,0.0461193,0.0738975,0.0650747,0.0502007,0.0757389,0.0958298,0.0710116,0.0786848,0.1047,0.0987286
947.798,0.0278577,0.0526806,0.0486637,0.0306528,0.0477704,0.0499109,0.0477087,0.0633661,0.0281095,0.0586792,0.0762602,0.0424298,0.0835897,0.0547958,0.0696078,0.0977327,0.0927508,0.0908874,0.102423
948.125,0.0662551,0.0672026,0.0394007,0.04039,0.0530701,0.0617029,0.0657345,0.0453338,0.0509251,0.0495739,0.0687843,0.0696462,0.0653216,0.0705887,0.0861014,0.0816148,0.111302,0.105067,0.131273
948.451,0.0415629,0.0266228,0.0218279,0.0199922,0.0237426,0.0631841,0.0483047,0.0387236,0.0479975,0.0446958,0.0461063,0.0476106,0.052282,0.0603642,0.0815374,0.0922629,0.0845106,0.0887906,0.0871927
948.778,0.0380082,0.0462857,0.0633959,0.0699773,0.0486212,0.0699816,0.0565347,0.0563665,0.066146,0.0671052,0.0718646,0.0495918,0.0937672,0.0948794,0.0739739,0.099572,0.0894278,0.110784,0.123262
949.104,0.0489797,0.0538436,0.051717,0.0681061,0.056681,0.0643337,0.0583549,0.058865,0.0602897,0.0651435,0.0571163,0.0612369,0.086298,0.057507,0.0838476,0.0946215,0.100255,0.116214,0.121572
949.43,0.0386224,0.0417887,0.0597952,0.0389413,0.0484429,0.0360023,0.0448541,0.0534039,0.0539919,0.0585405,0.0558085,0.0684083,0.0604242,0.0722155,0.0863785,0.085818,0.0940013,0.087108,0.116091
949.756,0.0300818,0.0424991,0.0536088,0.0356165,0.0396058,0.0430065,0.0358977,0.0413518,0.047119,0.0538729,0.0499019,0.049208,0.0545363,0.0554495,0.0696886,0.0841096,0.0954551,0.107957,0.0922232
950.082,0.0712001,0.0527812,0.0579259,0.0578247,0.0677327,0.057173,0.0654487,0.0861641,0.0514519,0.0803266,0.0750266,0.0742535,0.0750396,0.114785,0.0928429,0.118504,0.107914,0.114024,0.132669
950.408,0.0412168,0.0399428,0.0315201,0.0307647,0.0439065,0.0355056,0.0596806,0.0421764,0.0731873,0.0737534,0.0583211,0.0538212,0.0605298,0.07157,0.0765164,0.091309,0.0844538,0.107652,0.109979
950.734,0.0603653,0.039495,0.039161,0.0640299,0.0501841,0.0384405,0.0547855,0.0476434,0.0522618,0.0639195,0.06457,0.0388454,0.0938576,0.0689971,0.0971771,0.0903086,0.10651,0.1209,0.112349
951.059,0.0426518,0.0277741,0.0511032,0.0525873,0.0567848,0.0549485,0.032577,0.0589377,0.0455518,0.0467045,0.0685293,0.0648946,0.0690703,0.0568987,0.072402,0.0952427,0.0980515,0.118827,0.09321
951.385,0.039441,0.00887605,0.0299553,0.036255,0.0292446,0.0322738,0.050134,0.0508503,0.0364219,0.0628601,0.0643946,0.0569865,0.0563818,0.0784984,0.0719796,0.0995942,0.078238,0.0853588,0.100188
951.71,0.0691387,0.0830075,0.0876343,0.0946696,0.0851882,0.0846627,0.0832963,0.0884234,0.1021,0.112942,0.094153,0.0943698,0.0877812,0.111116,0.129139,0.133611,0.116826,0.132175,0.12946
952.035,0.0544671,0.0464305,0.0546099,0.053266,0.0410582,0.0557865,0.0790266,0.0600602,0.0565857,0.0853498,0.0769568,0.0629847,0.0823542,0.10235,0.100775,0.0996361,0.0940316,0.123998,0.120283
952.36,0.0629261,0.064394,0.0745398,0.0521116,0.0548647,0.0697769,0.0626252,0.052193,0.0821561,0.103177,0.0898416,0.0854244,0.0685083,0.0802138,0.0841653,0.127131,0.116867,0.137354,0.117181
952.685,0.0369049,0.0623399,0.0468145,0.0592483,0.05318,0.068157,0.0480149,0.0637457,0.0536136,0.0569476,0.0714466,0.0761391,0.0657758,0.0756234,0.103485,0.0891833,0.0956483,0.104547,0.113594
953.01,0.0380824,0.0339759,0.0683699,0.0560243,0.0614071,0.0621945,0.0447768,0.0597487,0.0269051,0.0800114,0.0766315,0.0812054,0.0722453,0.0826024,0.0970274,0.0909521,0.116623,0.0952819,0.0990617
953.335,0.0324378,0.0319363,0.0219057,0.0343085,0.0533956,0.0392811,0.0511952,0.031511,0.0522857,0.0478203,0.0258266,0.0691102,0.0720593,0.0883969,0.0607662,0.0690478,0.0832444,0.105782,0.089019
953.659,0.0586648,0.0619046,0.0611577,0.0643631,0.0539407,0.0652734,0.0502895,0.0596517,0.0423911,0.0663611,0.0651186,0.0793655,0.0775876,0.0677686,0.080398,0.093591,0.100539,0.109266,0.123165
953.984,0.0378475,0.0420851,0.0472525,0.0282161,0.0540461,0.0433785,0.0505687,0.0496823,0.0471557,0.0466748,0.0708968,0.0526615,0.0331776,0.0514436,0.074258,0.0834594,0.0980386,0.111396,0.0996924
954.308,0.0434449,0.0887544,0.0476107,0.0581028,0.0596489,0.066837,0.0698548,0.0747568,0.0769805,0.05077,0.082778,0.0887907,0.0811659,0.0803899,0.101507,0.1168,0.106417,0.120512,0.11792
954.632,0.0532836,0.0470384,0.0333893,0.0384893,0.0643113,0.0312542,0.0232984,0.0352956,0.0700589,0.0408314,0.0401839,0.0811164,0.0422946,0.0686356,0.0744146,0.0900743,0.0789612,0.0956522,0.124481
954.956,0.0375566,0.0377594,0.0400256,0.0465173,0.0276527,0.0322397,0.0510095,0.0417799,0.0316333,0.0693968,0.0654189,0.0603682,0.065579,0.0788055,0.0495585,0.0860793,0.0978903,0.0962542,0.0704511
955.28,0.0168227,0.0377075,0.0579503,0.0495158,0.043459,0.0429827,0.0511575,0.0406504,0.0530309,0.035876,0.0491075,0.070121,0.0543779,0.070164,0.0818445,0.078604,0.0675087,0.0950993,0.118119
955.604,0.0406445,0.032974,0.0458222,0.0585841,0.034764,0.0521296,0.0430187,0.0469667,0.0664066,0.0863513,0.0467703,0.0726171,0.0687859,0.102063,0.0884872,0.0911395,0.0836602,0.128815,0.0962232
955.927,0.0328106,0.0567659,0.0797407,0.0493969,0.0777609,0.0768447,0.0784023,0.0674468,0.0748457,0.0965915,0.0815821,0.111376,0.0858812,0.121291,0.0959553,0.106035,0.122294,0.133295,0.115187
956.251,0.05916,0.0407835,0.0303805,0.0558907,0.035375,0.0518811,0.0546241,0.0417114,0.0412027,0.0734087,0.0468494,0.0696332,0.0608955,0.0715011,0.0705319,0.0889873,0.0895073,0.0932733,0.0958437
956.574,0.0283656,0.0476594,0.0210987,0.0301911,0.0700592,0.0317524,0.0244664,0.0179281,0.0448626,0.0436129,0.0480676,0.0852468,0.065229,0.0944542,0.073759,0.119753,0.0965092,0.107198,0.0823217
956.897,0.0256883,0.0585358,0.0447892,0.0463456,0.0468183,0.0523846,0.0483682,0.0480268,0.047157,0.0510989,0.0772174,0.055971,0.0688984,0.0726532,0.104604,0.0801459,0.0974909,0.104094,0.0918405
957.22,0.0293246,0.0488461,0.0469522,0.0267447,0.0420564,0.0410836,0.0364604,0.0543572,0.0423958,0.0733685,0.0832065,0.069728,0.0780041,0.0654402,0.0948136,0.0946677,0.101257,0.10298,0.102913
957.543,0.0711671,0.0463892,0.0512069,0.0667984,0.0250222,0.0532276,0.0823569,0.0561219,0.0641129,0.072277,0.0372809,0.0729577,0.0752526,0.0740457,0.086382,0.0814522,0.0966642,0.105503,0.103601
957.866,0.0466913,0.0445122,0.0654204,0.0358352,0.0578858,0.0547633,0.03268,0.0634041,0.0628752,0.0676778,0.03329,0.0664707,0.082223,0.106556,0.0808941,0.0845061,0.0914997,0.101557,0.116152
958.189,0.0455916,0.0339697,0.0489712,0.0550386,0.0203397,0.0707096,0.0622929,0.0427102,0.0770978,0.0530503,0.048266,0.0418612,0.0622902,0.0604436,0.0485639,0.088294,0.0873687,0.0859671,0.101371
958.512,0.0511878,0.0585348,0.0517608,0.0340567,0.039959,0.0813223,0.0606339,0.0668817,0.0518873,0.0531289,0.0715446,0.0668639,0.0674291,0.0836442,0.0999962,0.0861893,0.0774164,0.0798078,0.0935314
958.834,0.0473558,0.0260188,0.0616797,0.0355335,0.042506,0.041367,0.0442162,0.0388456,0.0595172,0.0342762,0.0643865,0.0626308,0.0619538,0.0724644,0.0821752,0.0827464,0.102768,0.0862659,0.0788334
959.156,0.0291063,0.0344796,0.0116138,0.0287291,0.0353416,0.0206717,0.0241999,0.0316062,0.0266947,0.0419164,0.0459193,0.0371563,0.0631648,0.0497328,0.051008,0.0712016,0.0729546,0.0857312,0.0890131
959.479,0.0333788,0.0558101,0.0539055,0.0460953,0.0292186,0.0626655,0.042606,0.0636887,0.0472991,0.0727821,0.0667422,0.0744134,0.0679423,0.0791844,0.0976531,0.0998481,0.101144,0.107643,0.132294
959.801,0.0293223,0.024498,0.035966,0.0214198,0.0375899,0.0537705,0.0353642,0.0329008,0.0420088,0.0278752,0.0309187,0.038563,0.0601683,0.0527391,0.0849496,0.0914315,0.0678504,0.0790183,0.0905518
960.123,0.0272368,0.0515512,0.029272,0.0256207,0.0448671,0.0560639,0.05293,0.0674986,0.035788,0.0644907,0.0426135,0.0682458,0.052348,0.0747224,0.0634635,0.0690086,0.104112,0.106062,0.0982382
960.445,0.0673223,0.0709618,0.0777557,0.0584652,0.0744851,0.0644804,0.0684533,0.0737178,0.0881558,0.0786753,0.103454,0.0877678,0.123354,0.0979908,0.120929,0.126108,0.132278,0.128778,0.135654
960.766,0.0137318,0.0380074,0.0434616,0.0576464,0.0249869,0.0821361,0.0549904,0.0431768,0.0482423,0.0783529,0.0413745,0.0628675,0.0908885,0.0686132,0.0907326,0.102038,0.103551,0.0935932,0.120504
961.088,0.0555431,0.0666886,0.0705003,0.050026,0.086661,0.0675416,0.0657003,0.0821275,0.0744506,0.0722861,0.0784572,0.0921896,0.0799539,0.103572,0.105773,0.130969,0.0883535,0.130472,0.094654
961.409,0.0785758,0.0564083,0.0837379,0.0598644,0.060646,0.0678584,0.0747359,0.100424,0.0884179,0.0789064,0.0925667,0.0645925,0.109441,0.142287,0.107504,0.115667,0.161143,0.114294,0.129037
961.731,0.0730919,0.0729831,0.0811103,0.0732431,0.0708746,0.0461651,0.0757588,0.0661027,0.0709621,0.0797366,0.0775914,0.0638839,0.113367,0.0881018,0.103035,0.126699,0.110464,0.129551,0.144921
962.052,0.0344769,-0.00660162,0.0337974,0.0164602,0.0298362,0.0127663,0.0221358,0.0293899,0.00406112,0.0312891,0.0475443,0.0489186,0.0460636,0.0285567,0.0546356,0.0601309,0.0868574,0.0766626,0.0778256
962.373,0.00689777,0.0340881,0.0322652,0.0219222,0.0166804,0.0249796,0.0270231,0.0128718,0.0554182,0.0383493,0.0639427,0.060215,0.043234,0.0831988,0.0636973,0.0742616,0.0704504,0.0805725,0.0898361
962.694,0.0379702,0.0255867,0.0348829,-0.0092118,0.00617103,0.0593071,0.0330167,0.0556491,0.0511338,0.025716,0.0675577,0.0687732,0.0592569,0.0734667,0.0821743,0.057311,0.0683703,0.0955998,0.101289
963.015,0.0564845,0.0303047,0.0487511,0.0527836,0.0636962,0.0604085,0.0695356,0.0463189,0.0654425,0.0648344,0.0645479,0.0744409,0.0601812,0.0791578,0.0756492,0.0950384,0.0922636,0.11162,0.128327
963.335,0.0366323,0.0109729,0.0241346,0.0322948,0.0331639,0.0421443,0.056819,0.00757465,0.0561012,0.03836,0.0488673,0.0201318,0.0603821,0.0682468,0.0597537,0.0533614,0.0657306,0.0978469,0.119232
963.656,0.0222051,0.0216282,0.0517665,0.0394961,0.0592993,0.0333874,0.07647,0.0763502,0.0635058,0.0690783,0.0682711,0.0838277,0.0775016,0.086068,0.0921517,0.10391,0.111514,0.113122,0.102042
963.976,-0.00681325,-0.017556,0.00696954,0.0085519,0.0184327,0.0441582,-0.00252993,0.0426052,0.0540572,0.0215688,0.039498,0.0437574,0.0086968,0.0634615,0.0639405,0.072051,0.0848904,0.0657571,0.0823108
964.297,0.00814337,0.0187488,0.0272039,0.0392288,0.021017,0.0357989,0.0223455,0.0273213,0.0464961,0.0315584,0.0705407,0.0212209,0.0561292,0.0778027,0.0727335,0.0831213,0.0810895,0.0954511,0.0771
964.617,0.0564727,0.0684951,0.0650031,0.0639064,0.0833006,0.0760823,0.0733798,0.0583434,0.0614525,0.0719354,0.0732244,0.0677645,0.0975247,0.108795,0.0784062,0.116795,0.101238,0.130605,0.113914
964.937,0.0118101,0.022693,0.0153096,0.00293986,0.0342985,0.0244203,0.0272505,0.0373323,0.0323454,0.0606834,0.0476196,0.0405427,0.036142,0.0745405,0.0571025,0.045031,0.106357,0.0815747,0.0808538
965.257,0.0393003,0.0458697,0.0471408,0.0440192,0.0498062,0.0237527,0.0504342,0.0479856,0.0837435,0.0475929,0.039697,0.0641355,0.0669809,0.093822,0.0957042,0.0745054,0.110112,0.0911554,0.105508
965.577,0.0146883,0.0608259,0.0394065,0.053688,0.0659164,0.0295484,0.0569515,0.0232328,0.0571543,0.0484273,0.056107,0.0763061,0.0401763,0.0778629,0.0621718,0.097544,0.100955,0.0721033,0.102456
965.896,0.0431829,0.0314904,0.0227442,0.0307656,0.0305103,0.00394885,0.0403175,0.0228911,0.048035,0.0299465,0.0479053,0.0386866,0.019467,0.0775284,0.0474784,0.0560314,0.0705678,0.0986086,0.0841552
966.216,0.00671383,0.0335974,0.0321734,0.021659,0.0312965,0.0580938,0.0392428,0.0265434,0.0503036,0.0533899,0.0712449,0.102784,0.0547436,0.0678791,0.0692295,0.0785579,0.0809852,0.0884892,0.10211
966.535,0.043483,0.061582,0.049063,0.0602646,0.0448461,0.0635334,0.0660396,0.0435785,0.0692637,0.0831285,0.0656241,0.057362,0.0972912,0.0831945,0.0793876,0.0524168,0.117552,0.0895402,0.107886
966.854,0.0326256,0.0510135,0.0266429,0.0457624,0.0496124,0.0398742,0.0430584,0.0952222,0.0686524,0.0649584,0.0649588,0.0467219,0.0417195,0.0903572,0.0945697,0.0934617,0.0907955,0.0944525,0.12546
967.174,0.0683872,0.0687227,0.0493813,0.03741,0.0561858,0.0690191,0.0930527,0.0764894,0.062571,0.0617814,0.0731993,0.0445491,0.0739535,0.0860856,0.0786623,0.08299,0.0997081,0.109536,0.0965335
967.493,0.0206943,0.0366976,0.0329378,0.00994111,0.0634118,0.0643799,0.0440928,0.0389296,0.0416373,0.0392315,0.0715898,0.0858254,0.0743366,0.0725849,0.0810649,0.0775746,0.0947471,0.0883235,0.104483
967.811,0.0311981,0.0488219,0.0553241,0.0456974,0.0355688,0.0501956,0.0453551,0.0492026,0.060922,0.0594547,0.0914165,0.0850025,0.0673348,0.0973506,0.087064,0.146273,0.113768,0.106369,0.0987978
968.13,0.0720671,0.0721298,0.0936516,0.0661884,0.101245,0.0562008,0.0652297,0.0749332,0.0408383,0.0697793,0.093689,0.110034,0.0976582,0.110389,0.0925777,0.124965,0.126587,0.134902,0.119674
968.449,0.00379127,0.0380349,0.0231721,0.019867,0.0395637,0.00328336,0.0104098,0,0.0338201,0.0371074,0.0561181,0.0487834,0.0610085,0.0369192,0.0948315,0.0807317,0.0426119,0.0890842,0.0877312
968.767,0.0309796,0.0578284,0.059729,0.028476,0.0786965,0.0514319,0.0602511,0.0324912,0.0422495,0.0637627,0.0499882,0.0372815,0.0595587,0.0658207,0.083751,0.0817303,0.0718441,0.0842456,0.0974517
969.086,0.0478607,0.0685224,0.0811773,0.074319,0.041918,0.0346943,0.041923,0.0513763,0.0474502,0.0600384,0.0762593,0.0736148,0.064204,0.0568092,0.109162,0.107838,0.0956619,0.106343,0.118639
969.404,0.038607,0.0399523,0.0686296,0.0475128,0.0386047,0.0373283,0.0692399,0.0577623,0.0433587,0.0738152,0.0714775,0.0432534,0.0391692,0.0687673,0.0798599,0.0840106,0.106318,0.104026,0.118123
969.722,0.0810214,0.0900544,0.0710273,0.0751967,0.0893665,0.0888579,0.0640149,0.0747148,0.0829163,0.0977164,0.06653,0.0412026,0.0685042,0.107703,0.0865062,0.140476,0.127974,0.138204,0.138525
970.04,0.0563743,0.0585559,0.0511881,0.0599635,0.0605581,0.0764657,0.0769664,0.0844359,0.0689724,0.0833581,0.0887424,0.0636808,0.0953076,0.0998814,0.106057,0.113391,0.138312,0.106069,0.104037
970.358,0.0827235,0.0842229,0.0600105,0.0992975,0.0724375,0.0880079,0.092852,0.0827824,0.108693,0.0883347,0.098591,0.0648173,0.115048,0.0892075,0.0940694,0.129632,0.141181,0.129258,0.143487
970.676,0.0769695,0.068113,0.0970954,0.0623597,0.0539715,0.093967,0.0936263,0.0792657,0.0912771,0.0930441,0.089592,0.0800421,0.104328,0.0910647,0.0982718,0.126087,0.131683,0.110186,0.157001
970.993,0.0612138,0.0334641,0.0745516,0.055868,0.0740282,0.0569358,0.0453689,0.0699544,0.0730677,0.0947482,0.0622814,0.0753697,0.0660015,0.0977861,0.0588633,0.0945459,0.106581,0.0899982,0.105771
971.311,0.0214668,0.00596271,0.0239098,0.0215059,0.0229458,0.014036,0.0340416,0.0302359,0.0278052,0.0271814,0.0366342,0.020489,0.0730226,0.0378202,0.0473965,0.0560597,0.0598251,0.0596982,0.0672192
971.628,0.0311257,0.0393406,0.0708314,0.0420023,0.0200802,0.0613873,0.057633,0.0588965,0.0663735,0.057839,0.0533387,0.0964353,0.0787143,0.0789769,0.0904673,0.0959342,0.0872601,0.109316,0.13596
971.945,0.00553938,0.0162731,0.0538881,0.0218946,0.0500948,0.0559457,0.057919,0.0499206,0.0502834,0.0676581,0.0522299,0.0650683,0.0564621,0.0671934,0.0833265,0.113138,0.0984645,0.0857184,0.0906862
972.262,0.0309027,0.0238496,0.0626928,0.0356058,0.0252222,0.0400357,0.0464011,0.0821891,0.0539774,0.0633012,0.0377933,0.0276147,0.0579604,0.0663549,0.0803995,0.120807,0.108871,0.088982,0.087125
972.579,0.0569203,0.0398023,0.0626859,0.0519181,0.068234,0.0359405,0.090588,0.0543046,0.0664307,0.0629223,0.0487033,0.0904668,0.070844,0.0830268,0.096968,0.115051,0.128689,0.112144,0.12089
972.896,0.00593275,-0.0207595,-0.00517475,0.00336594,-0.00670285,-0.00335577,0.0292778,0.034967,0.0183098,0.02604,0.0416529,0.0198516,0.0562554,0.0717,0.0510704,0.082659,0.0889737,0.0712307,0.103846
973.213,0.015817,0.0628069,0.0428386,0.0325859,0.0471604,0.0493151,0.0501439,0.0638878,0.0738767,0.0415033,0.0489461,0.0238332,0.0895964,0.0719178,0.0612653,0.102934,0.0821741,0.0595164,0.0643331
973.53,0.0316337,0.0701557,0.0563089,0.0774409,0.0425474,0.0652426,0.059868,0.0675518,0.0909993,0.0567956,0.0667268,0.0633635,0.0721759,0.103158,0.120912,0.125112,0.131885,0.157205,0.096628
973.846,0.0574212,0.0297635,0.0492881,0.0572362,0.065572,0.0696484,0.035174,0.090785,0.072739,0.051922,0.0546895,0.0559688,0.0997729,0.0783886,0.114204,0.0981651,0.119213,0.120481,0.106073
974.162,0.0264941,0.0269032,0.0516844,0.00134111,0.0362347,0.0453563,0.0600473,0.0572217,0.0558373,0.0304996,0.0650292,0.0613887,0.0671011,0.0632621,0.0873129,0.091723,0.102405,0.0982475,0.101858
974.479,0.0520562,0.0530912,0.0580123,0.0437041,0.0602752,0.0526684,0.0697032,0.0967624,0.0663396,0.0714947,0.0909863,0.0645751,0.0826965,0.0770583,0.118248,0.100694,0.114303,0.111036,0.12415
974.795,0.0867424,0.0617275,0.0877899,0.0990397,0.0857997,0.0898537,0.108296,0.0508893,0.0789853,0.0811547,0.0853073,0.125035,0.0945957,0.110059,0.153448,0.104016,0.126975,0.149974,0.126042
975.111,0.0642496,0.0596249,0.0533841,0.0284927,0.0359432,0.0713678,0.0614855,0.100556,0.0260768,0.0635733,0.0694751,0.0639887,0.0591329,0.0855381,0.106578,0.127338,0.0916809,0.12832,0.13757
975.426,0.0741628,0.0272563,0.0198712,0.016528,0.0435279,0.0314496,0.0251682,0.0613456,0.0370911,0.0510836,0.049558,0.0314912,0.0789584,0.114352,0.0732496,0.101246,0.0707027,0.0954993,0.132423
975.742,0.0158729,0.0310784,0.0643872,0.0444659,0.0161732,0.0289527,0.0245623,0.0396968,0.032208,0.0312186,0.0296277,0.062268,0.0626579,0.0171473,0.0565616,0.0628685,0.0878026,0.0828393,0.0811089
976.058,0.0492817,0.0583975,0.056829,0.0297805,0.066227,0.0551532,0.02101,0.0501887,0.0586496,0.0562959,0.07981,0.0758886,0.0772818,0.0778121,0.0921028,0.0671014,0.0940379,0.112202,0.113127
976.373,0,0.0699357,0.0603728,0.0336806,0.0537926,0.0837346,0.0518162,0.0495179,0.0518866,0.0398716,0.0749603,0.0298078,0.05951,0.062404,0.0724118,0.0839736,0.0809995,0.111285,0.0979422
976.688,0.060798,0.0532314,0.0560217,0.057253,0.0516003,0.0430573,0.0867334,0.0892817,0.102092,0.0731307,0.0562884,0.0884707,0.0700425,0.0618337,0.0969054,0.116906,0.13545,0.103096,0.140592
977.004,0.0715248,0.0547084,0.0390766,0.0556949,0.055564,0.0362182,0.0608197,0.0912838,0.0781225,0.0964891,0.077971,0.0672748,0.0903716,0.0850479,0.124594,0.0938213,0.102602,0.119117,0.114187
977.319,0.0397755,0.070736,0.0498984,0.0435522,0.0621871,0.096118,0.0647134,0.0557492,0.0660214,0.0956493,0.0854829,0.0437291,0.0801008,0.0723711,0.0932011,0.0644939,0.101438,0.0906585,0.118344
977.633,0.0093234,0.0306684,0.0499313,0.0332087,0.0517768,0.0417986,0.0544269,0.0386453,0.0328818,0.0476977,0.0735016,0.0401057,0.037023,0.0560137,0.0515459,0.0714136,0.113189,0.069468,0.0960238
977.948,0.04966,0.0605485,0.0379749,0.0226757,0.0735007,0.0209191,0.0731832,0.0264613,0.0704349,0.00403764,0.0617628,0.0715193,0.0397789,0.0687562,0.0866851,0.0647809,0.0965553,0.0912918,0.0981278
978.263,0.0607977,0.0289687,0.00442295,0.0303559,0.0334948,0.00554844,0.0337587,0.0433433,0.0322915,0.0491733,0.0449273,0.0343379,0.0431487,0.0419273,0.0495497,0.0775089,0.0648473,0.0862479,0.111306
978.577,0.0280842,-0.0110019,0.0478664,0.0186182,0.0394913,0.0220382,0.0150215,0.0460701,0.0239669,0.054745,0.0447281,0.0445513,0.0273903,0.0521104,0.0955331,0.0649124,0.0538018,0.0903361,0.0633168
978.892,-0.0107844,0.00930237,-0.0198604,0.0153611,0.0120525,0.0419192,0.0249291,0.0194593,0.017015,0.0114179,0.0130057,0.0402221,0.040659,0.039778,0.0610679,0.058951,0.0540506,0.0500174,0.11319
979.206,0.0122727,0.00626451,0.00644679,0.0352352,0.013958,0.0214094,0.0418735,0.0386322,0.0301682,0.0496769,0.0406402,0.0307953,0.0489753,0.0403391,0.0799695,0.0888758,0.0714491,0.0764991,0.0794011
979.52,0.0173196,0.0490719,0.0213933,-0.00340556,0.040896,0.0231707,0.00285035,0.033,0.0472521,0.032094,0.0413161,0.0463578,0.0682273,0.0714729,0.0479432,0.0863316,0.0744552,0.0740867,0.0637687
979.834,0.0560167,0.0806876,0.0737489,0.0601491,0.0922699,0.0873618,0.0717161,0.0980615,0.107804,0.093819,0.096988,0.0639426,0.116567,0.11447,0.142046,0.155767,0.132597,0.167459,0.131151
980.148,0.0353015,0.0444669,0.03013,0.0458284,0.0490899,0.0410075,0.0444834,0.0197265,0.0421447,0.0227924,0.0451075,0.0862222,0.0718757,0.0318021,0.0705238,0.0840844,0.0654657,0.110848,0.111289
980.462,0.0676129,0.0532289,0.0708492,0.0462519,0.036093,0.0924514,0.0354179,0.0571156,0.0513444,0.0611067,0.0582065,0.0781023,0.0728382,0.0693596,0.0863912,0.109139,0.0679391,0.092043,0.138617
980.776,0.0773267,0.07264,0.0613696,0.0874647,0.0563783,0.0944548,0.0482513,0.0513814,0.0753698,0.0844909,0.0865235,0.0556641,0.0891784,0.10039,0.137717,0.135551,0.105964,0.118827,0.117866
981.089,0.0519254,0.0460519,0.0501626,0.042272,0.0142829,0.037193,0.025852,0.0279273,0.0423136,0.0546547,0.0541194,0.0859061,0.0264986,0.0341568,0.107745,0.0507666,0.0832237,0.0936658,0.0838962
981.402,0.0688377,0.0885153,0.0988269,0.0611777,0.075696,0.0946157,0.0382751,0.0774053,0.0676715,0.0982993,0.110728,0.0743842,0.101411,0.125987,0.0886142,0.0900428,0.142141,0.110909,0.101328
981.716,0.0397168,0.050454,0.0448311,0.0404013,0.0661542,0.0626551,0.0639296,0.0526381,0.126116,0.0763695,0.0836561,0.098993,0.114495,0.0637954,0.102276,0.148405,0.0958236,0.16796,0.119392
982.029,0.080639,0.0452173,0.0515637,0.0696205,0.0310056,0.0783592,0.0716111,0.0441155,0.066289,0.0672408,0.0708471,0.0959312,0.117958,0.0918841,0.103984,0.109507,0.102203,0.132405,0.13785
982.342,0.0762773,0.0803547,0.0640222,0.110661,0.057997,0.0902794,0.0987161,0.0665122,0.107337,0.102842,0.0865522,0.114155,0.0763583,0.128299,0.124675,0.166919,0.144002,0.131534,0.140306
982.655,0.0544801,0.0566274,0.0279355,0.0385274,0.0715197,0.0673067,0.0341423,0.0531509,0.073551,0.049701,0.0648946,0.0724555,0.0822768,0.055912,0.0860709,0.114789,0.0942209,0.085826,0.100638
982.967,0.0520602,0.0620366,0.0757039,0.0894915,0.0536809,0.0658231,0.0327862,0.0267151,0.0663492,0.0419692,0.106701,0.092467,0.0457726,0.0847586,0.0613305,0.126491,0.134563,0.117038,0.137757
983.28,0.0723176,0.0703045,0.0913468,0.0790935,0.0688973,0.0999459,0.0875023,0.0927522,0.113426,0.0863819,0.0836334,0.139616,0.101812,0.0845703,0.112542,0.129707,0.133139,0.169295,0.148383
983.592,0.0390508,0.0343603,0.0144584,0.0327695,0.0633559,0.0220423,0.0404091,0.0455202,0.0204648,0.0371687,0.0349359,0.028649,0.0881613,0.0606606,0.0742775,0.0846295,0.110967,0.0956857,0.0891864
983.905,0.0901091,0.0770532,0.0733356,0.0508431,0.0745143,0.0722834,0.0822898,0.0686675,0.0545221,0.0813269,0.0967871,0.121639,0.0833675,0.0794458,0.0868281,0.120228,0.11565,0.135175,0.139589
984.217,-0.00539965,0.0218972,0.0185228,0.0661784,0.0201088,0.0257264,0.017864,0.00467008,0.0273094,0.0384273,0.0447002,0.0741032,0.0263657,0.047742,0.0486004,0.087634,0.0885012,0.109036,0.12751
984.529,0.0348834,0.0578991,0.0318888,0.0173223,0.044366,0.0317075,0.0381662,0.0553703,0.0706733,0.0190846,0.0739455,0.0267322,0.0593475,0.0598273,0.0627752,0.095816,0.11565,0.0439323,0.0894059
984.841,0.0150455,0.0369139,0.058805,0.0381178,0.0195768,-0.00359598,0.030418,0.0728818,0.0882158,0.0272401,0.0376237,0.0744572,0.037353,0.0906203,0.098887,0.111101,0.0846377,0.0765988,0.089523
985.153,0.0391775,0.0360708,0.0426851,0.0268166,0.0260854,0.025532,0.021377,0.036617,0.0785937,0.0695668,0.0270941,0.0693582,0.0289494,0.048115,0.0568559,0.0597743,0.0842159,0.0730305,0.0948049
985.465,0.0476442,0.0381647,-0.0141025,-0.0270929,0.0396016,0.041828,0.0308411,0.0334448,0.0499249,0.0240495,-0.00867456,0.033013,0.0396242,0.0608071,0.0383674,0.082203,0.0691845,0.0895433,0.0762893
985.776,0.0649473,0.0624457,0.0315012,0.0269968,0.038553,0.0806349,-0.00737836,0.0665771,0.0298207,0.0751312,0.000811619,0.0509355,0.020086,0.08824,0.0953395,0.100047,0.084551,0.112157,0.106252
986.088,0.0386647,0.0414697,0.0603663,0.0654393,0.0526282,0.085187,0.0841242,0.0483254,0.0643248,0.0203934,0.0642807,0.0661808,0.0546354,0.0664416,0.0749938,0.0884485,0.0910993,0.111094,0.121462
986.399,0.0331274,0.0926405,0.0999671,0.0972318,0.0624929,0.0743485,0.0988341,0.0691092,0.0771689,0.038962,0.105572,0.0971199,0.107819,0.100848,0.156907,0.118509,0.163129,0.108612,0.169948
986.71,0.0287433,0.0758237,0.0222001,0.0687152,0.0861355,0.0527603,0.0901177,0.0407123,0.0681013,0.0954839,0.0341717,0.0703078,0.0998974,0.104729,0.105105,0.112101,0.128956,0.0935648,0.157354
987.021,0.0348472,0.0598124,0.0422423,0.0584464,0.0581159,0.0335856,0.0179437,0.04873,0.0613035,0.0639484,0.0369917,0.0849512,0.0815651,0.0612687,0.114174,0.103804,0.0874232,0.124747,0.111992
987.332,0.0385851,0.0319782,0.0127663,-0.000762333,0.0360876,0.0595635,0.0355164,0.0634585,0.0466944,0.0476106,0.031183,0.0298808,0.0482891,0.0500642,0.0984155,0.102981,0.0774513,0.0684553,0.101797
987.643,0.0730961,0.057012,0.0752968,0.0481678,0.0713856,0.0785336,0.0348267,0.0645324,0.0352645,0.0764588,0.0418104,0.0232448,0.0875822,0.11182,0.0671045,0.111189,0.0779555,0.0911626,0.108815
987.954,0.0711978,0.069148,-0.00875873,0.0420846,0.0891699,0.0852147,0.0917761,0.0726573,0.0748751,0.0537484,0.0950205,0.0699831,0.0824507,0.136531,0.0875015,0.0981237,0.154363,0.094742,0.122816
988.264,0.0268666,0.0152166,0.0266584,0.0953928,0.0399319,0.0176565,0.0354044,0.0198184,0.0714888,0.0661546,0.0675007,0.0373498,0.0276778,0.084534,0.0197846,0.0875967,0.0465408,0.0990356,0.133491
988.575,0.0587431,0.0334553,-0.00601883,0.0387831,0.0542605,0.065233,0.0657312,0.0466056,0.0165202,0.0404019,0.0959473,0.0405543,0.0117835,0.0994617,0.0510939,0.083569,0.0839026,0.0956911,0.108725
988.885,-0.0354085,0.0155884,-0.00496232,0.00927366,0.0278941,-0.00258064,0.0239998,0.00597147,0.0147343,0.0132405,0.0362729,0.0294184,0.0531087,0.0203889,0.0633903,0.0835991,0.0761765,0.0771608,0.0870911
989.195,0.0673096,0.0784028,0.0294828,0.0822125,0.0730373,0.0409809,0.051547,0.027173,0.0482534,0.0750088,0.0202335,0.059495,0.0663426,0.0888806,0.0550004,0.10185,0.0919227,0.0888841,0.0755814
989.505,-0.0247967,0.0484578,0.0528587,0.011024,0.0251055,0.0459629,-0.0267159,0.027329,0.0359992,0.118569,0.0198939,0.0315412,0.0513852,0.0924972,0.0795205,0.0886061,0.0696119,0.0584861,0.0961138
989.815,0.0127896,0.0688678,0.00878759,0.0101132,0.0124615,0.0281457,0.0405003,0.0248393,0.017135,0.0340865,0.0797918,0.017745,0.0394515,-0.00402081,0.0602101,0.0943441,0.0840377,0.0541724,0.0848835
990.125,0.0402128,0.00569277,0.0498511,0.0286017,0.0293114,0.0538957,0.0457188,0.0783596,0.0619033,0.0331899,0.0671512,0.117897,0.0823903,0.0489193,0.079462,0.0888923,0.0936701,0.121394,0.0305318
990.434,0.0810334,0.0513308,0.0670411,0.0803016,0.0739606,0.0621574,0.0711875,0.0773266,0.0684615,0.0730137,0.0777866,0.110746,0.100326,0.0837162,0.0885552,0.0882556,0.0991341,0.136595,0.0911502
990.744,0.0575805,0.0391445,0.0376699,0.00931,0.0351501,0.0547331,0.0689574,0.0406471,0.0630948,0.0604253,0.0623941,0.0760285,0.0838309,0.0964855,0.0926251,0.110274,0.0774647,0.102355,0.115381
991.053,0.0609991,0.0150436,0.0619034,0.0574425,0.00486793,-0.0032336,0.00554563,0.0459229,0.0212094,0.0278592,0.0852611,0.0414523,0.0790295,0.0694553,0.0484518,0.0703491,0.0645724,0.09179,0.111395
991.362,-0.0131612,0.0167399,0.0383968,0.0773716,0.0198536,0.0166918,-0.00672367,0.0492621,0.0155705,0.0493904,0.104134,0.0497323,0.0655579,0.0824124,0.0664387,0.107924,0.0701707,0.102127,0.107425
991.672,0.0571349,0.0364308,0.0638836,0.0498546,0.0639262,0.0242734,0.0548109,0.0596133,0.0140056,0.0699297,0.0575602,0.0306302,0.0457346,0.0877148,0.0937589,0.112401,0.0740769,0.0984105,0.116817
991.981,0.0117562,0.0268152,0.0343019,0,-0.00641851,-0.0252664,0.0147533,0.00412785,0.0040636,0.0362058,0.0557909,0.0640802,0.0293913,0.0157794,0.0743297,0.0693542,0.0560543,0.0564583,0.0814096
992.289,0.0981238,0.0917006,0.110567,0.0867374,0.0705189,0.0872256,0.0997109,0.0590892,0.0684499,0.0718431,0.0661726,0.0928031,0.119523,0.143723,0.108056,0.159942,0.144612,0.110217,0.147537
992.598,0.0378873,0.0709015,0.0598324,0.0310372,0.038219,0.03489,0.0690547,0.0635824,0.0208228,0.0792496,0.107433,0.0809399,0.0753587,0.0663804,0.100138,0.088249,0.104854,0.149207,0.134948
992.907,0.0150888,-0.0155375,0.0601655,0.00573546,0.00742224,0.0511064,0.052042,0.0178867,-0.0122112,0.0160035,0.0371596,0.0643261,0.0473385,0.0295834,0.0213749,0.0480515,0.0706431,0.0481629,0.113057
993.215,0.0431994,0.0513885,0.0509863,0.00541541,0.0326501,0.025476,0.068687,0.0152318,0.0349367,0.0670969,0.0446886,0.0969561,0.092305,0.0971479,0.0498568,0.0853653,0.113715,0.11059,0.133884
993.524,0.0296868,0.0783949,0.0472287,0.0581611,0.0447118,0.053951,0.0612351,0.058707,0.0440122,0.0905833,0.0510968,0.0547135,0.0866696,0.0674473,0.0901639,0.113981,0.0839344,0.148948,0.119272
993.832,0.0374169,0.0816333,0.0588385,0.0469192,0.0228524,0.0829839,0.0148026,0.0541595,0.0122972,0.0992701,0.045229,0.0319877,0.0455524,0.0838665,0.0761673,0.0732401,0.0989224,0.0933051,0.128552
994.14,0.0694247,0.0716871,0.063693,0.0971294,0.0955828,0.0681811,0.0861547,0.123474,0.123904,0.141367,0.0837779,0.0591959,0.114714,0.126147,0.124798,0.0880093,0.126234,0.159041,0.149023
994.448,0.070761,0.109458,0.100277,0.0483949,0.0921864,0.0779993,0.0719036,0.0660123,0.0911853,0.125435,0.0584511,0.0932316,0.0571764,0.114578,0.102201,0.157538,0.133053,0.146336,0.141607
994.756,0.00280256,0.0165922,0.0199224,0.0249546,0.0492284,-0.0104805,0.0121119,0.015038,0.00731125,0.0624119,0.0222114,0.0607125,0.0515518,0.0621712,0.109766,0.0206215,0.0499037,0.0286706,0.0526118
995.063,0.11185,0.0583354,0.0762791,0.0790381,0.0642659,0.0905645,0.080822,0.0873562,0.101749,0.085993,0.0636551,0.1331,0.0864697,0.0621619,0.0938259,0.136518,0.121951,0.113846,0.13467
995.371,0.0606147,0.0689691,0.0754882,0.0820459,0.071349,0.0584893,0.0534549,0.0772771,0.0782381,0.0963921,0.0798549,0.0281596,0.0728372,0.0978787,0.11362,0.0820714,0.12011,0.085391,0.103169
995.679,0.0662446,-0.01445,0.0492068,-0.0160379,0,0.0172776,0.0696462,0.0315282,-0.0129729,0.0586249,0.0689844,0.0376093,0.0425284,0.0708263,0.144156,0.091015,0.0795884,0.0902863,0.0650251
995.986,0.0469236,0.0482504,0.0438833,0.0249138,0.0262172,0.0644506,0.0362572,0.0847033,0.0612759,0.120224,0.0323426,0.0539068,0.0672323,0.0962307,0.0996565,0.0858839,0.129383,0.120519,0.0951585
996.293,0.0801621,0.0458168,0.0707971,0.029707,0.0460898,0.0396043,0.0592739,0.0742789,0.0504086,0.0807708,0.0927518,0.074567,0.0670125,0.0717722,0.0928821,0.0721193,0.0687168,0.0819224,0.0895376
996.6,0.060883,0.0444036,0.0880757,0.0740125,0.0313973,0.0381129,0.0455792,0.0361932,-0.00277622,0.0448573,0.0638977,0.119041,0.0555245,0.0829475,0.0618782,0.10472,0.110436,0.0537356,0.101604
996.907,0.0680045,0.0638924,0.0818629,0.0865134,0.0619402,0.0490583,0.070262,0.0632083,0.0561793,0.0844629,0.083989,0.0992627,0.0661645,0.0878711,0.0799144,0.0950447,0.146131,0.0989805,0.10342
997.214,0.065493,0.0525692,0.0402836,0.069089,0.10909,0.0364943,0.0656985,0.0831157,0.0601855,0.0480352,0.0835198,0.066099,0.084231,0.067433,0.119291,0.107723,0.122127,0.119033,0.0862834
997.52,0.0437098,0.0894093,0.0786036,0.0600374,0.0895639,0.0567983,0.120464,0.0749357,0.0841507,0.121665,0.0582024,0.103544,0.0517222,0.101591,0.159,0.0923866,0.118726,0.142984,0.116395
997.827,0.0465679,0.03479,0.0316008,-0.00916653,0.0616753,0.111043,0.068551,0.0840191,0.0539276,0.0818175,0.0842822,0.136504,0.0390047,0.106159,0.064587,0.12058,0.107855,0.168504,0.116707
998.133,0.0770024,0.0352156,0.0391661,0.0678811,0.0680828,0.0326027,0.0555464,0.0600078,0.0429395,0.0500073,0.0799341,0.0856814,0.104217,0.0254739,0.0610804,0.098709,0.110316,0.0642868,0.0889312
998.44,0.0174195,0.0425672,0.0301707,0.051335,0.0365175,0.0338248,-0.00222412,0.0206008,-0.00211251,-0.00102567,0.0964176,-0.00431927,0.0742806,0.0597588,0.0358472,0.0736856,0.0529283,0.0639664,0.0850751
998.746,0.0960988,0.046372,0.0722541,0.0852604,0.0658844,0.12583,0.0723692,0.0704758,0.1359,0.130567,0.0749391,0.103217,0.122991,0.0786643,0.0907011,0.134032,0.162296,0.1415,0.165757
999.052,0.0426101,0.0233799,0.0165337,0.0358657,0.0434855,0.0423002,0.0257807,0.0286124,0,0.0257635,0.032977,0.0402455,0.00966064,0.0768959,0.0333244,0.0451318,0.0806833,0.0715576,0.0686003
999.358,0.0177002,0.0791224,0.0184297,0.0280239,0.0349939,-0.0190479,0.00905802,0.0662698,0.00690985,0.0216559,0.0491356,0.0262292,0.0267344,0.115409,0.0170653,0.0476012,0.108711,0.0647166,0.135401
999.664,0.0298609,0.0526056,0.0665173,0.0626766,0.0158189,0.0723327,0.0370284,0.0229113,0.0380115,-0.0016304,0.050638,0.0811815,0.0774482,0.0557301,0.0589802,0.0377219,0.0535892,0.0753097,0.0304537
999.969,0.0445719,0.0420751,0.111305,0.00546772,0.010992,0.0731219,0.0548788,0.0156645,0.0415266,0.057561,0.0737153,0.0653267,0.0839561,0.0570127,0.0378353,0.0840385,0.101992,0.0652256,0.0707082
1000.27,-0.0171652,0.0180056,0,0.0271505,0.0443267,-0.017023,-0.0117122,-0.0084416,-0.0213431,-0.0145876,0.0672323,0.042225,0.00214403,0.0373457,0.0442523,0.0371819,0.0603993,0.118186,0.0683328
1000.58,0.0674795,-0.00190808,0.057713,0.0211644,0.0400661,0.0028835,0.0516359,0.037649,0,0.0389093,0.0541895,0.0329036,0.0602385,0.0770321,0.00198458,0.0619208,0.0886257,0.0633113,0.0984851
1000.89,0.0706752,0.0751194,0.11762,0.0511723,0.0466221,0.114173,0.126025,0.0753394,0.108308,0.119824,0.0907174,0.0901482,0.144723,0.103629,0.138733,0.157047,0.151109,0.171613,0.164717
1001.19,0.0792878,0.0626229,0.0618201,0.0240904,0.0323084,0.063167,0.0830805,0.0842429,0.106523,0.015986,0.060065,0.0949328,0.0539606,0.119838,0.0966373,0.137449,0.0516093,0.0557776,0.0987219
1001.5,0.114996,0.118932,0.073245,0.0852498,0.0539091,0.083313,0.088166,0.0469034,0.0979653,0.0741416,0.053934,0.142909,0.126668,0.0980362,0.107668,0.132759,0.140338,0.12609,0.1182
1001.8,0.00987397,-0.0182899,0.0181648,0.00418613,0.00297769,0.0511166,0.0293168,0.0363422,0.0764196,0.0395675,0.0393205,0.0165156,-0.012402,0.0351601,0.0264187,0.0312712,0.165613,0.0655321,0.0321067
1002.11,0.0500309,0.0435381,0.015352,0.0271046,0.0367889,0.0573838,0.0160947,0.0870063,0.00507309,0.0405586,0.0753186,-0.0275899,0.0065072,0.0828918,0.0280782,0.0820333,0.0625923,0.0691571,0.0364575
1002.41,0.0801631,0.0854516,0.0796521,0.0762598,0.0972012,0.109635,0.107739,0.0946307,0.113341,0.0978884,0.113057,0.151102,0.121484,0.135037,0.0939654,0.111058,0.140836,0.0870935,0.139559
1002.71,-0.0117376,0.0440622,-0.027993,0.0212739,0.0187917,0.0157571,0.0114133,0.044822,0.0159806,0.0720478,0.0515031,0.00844973,0.0471613,0.0031199,0.0719977,0.0844973,0.0988483,0.102091,0.114516
1003.02,0.0512554,0.00923522,0.0530874,0.0264699,0.0207765,0.0246695,0.0664973,0.0305234,0.0409039,0.0216517,0.0374936,0.0677215,0.0849388,0.00999663,0.0765694,0.0860122,0.101548,0.0933755,0.102531
1003.32,0.0164917,0.0616375,0.0271989,0.00210013,-0.0199172,0.0494709,0.0627313,0.053778,0.123901,0.0641009,0.0590347,0.0232584,0.0555285,0.0437668,0.0693491,0.11277,0.097057,0.0755158,0.100569
1003.63,0,0.100149,0.0595081,0.0446074,0.0682066,0.0426848,0.071647,0.0806416,0.0878328,0.0717179,0.115706,0.0928135,0.150942,0.0752899,0.146854,0.093115,0.117763,0.0821682,0.118822
1003.93,0.0228483,0.0205346,0.0611071,0.111632,0.0770095,0.0564348,0.0521756,0.018876,-0.0488609,0.0581862,0.0823957,0.0658653,0.0631577,0.045204,0.0534022,0.0508003,0.0572329,0.0599589,0.0824463
1004.23,0.0206808,0.0432144,0.0469345,0.0478763,0.0597622,0.00853355,0.0320968,0.0560474,0.070966,0.0196024,0.0888107,0.0641132,0.0865122,0.098676,0.0655719,0.0840606,0.109205,0.0626859,0.112447
1004.54,-0.0194658,0.0247898,0.0461932,0.0416101,0.0514983,0.027707,0.091814,0.0625897,0.0165945,0.0640092,-0.0169487,0.0747291,0.0621568,0.0354431,0.0288506,0.0748328,0.0877254,0.0642508,0.0966144
1004.84,0.0227427,-0.0259173,0.0371141,0.0719745,-0.00308835,0.103543,0.0888531,0.103207,0.0600239,0.0365881,0.0632456,0.0325648,-0.00444396,0.0698869,0.0608998,0.0445752,0.0784344,0.0760069,0.106925
1005.15,0.137532,0.0733272,0.0585782,0.10256,0.0678504,0.181151,0.173699,0.0739455,0.141699,0.161854,0.0822964,0.0979967,0.107433,0.201132,0.164482,0.15536,0.227601,0.179083,0.160447
1005.45,0.0429674,0.0276894,0.0545825,0.07339,0.0495854,0.0208277,0.0444276,0.0847361,0.0527939,0.0742493,0.0584713,0.0612177,0.0707074,0.093999,0.0613319,0.129936,0.140103,0.134076,0.0567592
1005.75,0.0571605,0.0522846,0.00526763,-0.00934157,0.0389232,0.0392647,0.0638078,0.0729692,0.0164641,0.078558,0.0481688,0.0510105,-0.00222074,0.0169012,0.0860853,0.0901511,0.113014,0.0645214,0.0803621
1006.05,0.0934956,-0.0301734,0.0800587,0.0574548,0,0.0283164,0.0436181,0.0295231,0.0891679,0.0706168,-0.00664003,0.0846095,0.0545162,0.0262506,0.0106644,0.114114,0.0884095,0.0848082,0.0807636
1006.36,0.0495205,-0.0264641,0.0485421,0.0737708,0,0.0650819,0.030416,0.00917221,0.0654101,0.057144,0.0387069,0.0349862,0.0855904,0.0656435,0.151881,0.0605151,0.103369,0.0791807,0.110056
1006.66,0.0642146,0.014857,0.110821,-0.010185,0.0392526,0.0413185,0.0880113,0.0392874,0.0919337,0.0614354,0.0494264,0.0421793,0.0772572,0.112797,0.0854795,0.0542178,0.105156,0.104013,0.0928666
1006.96,0.00252826,0.0192972,-0.0159302,-0.0477273,-0.0683498,-0.0216499,0.105493,0.0543167,0.0129924,0.0138108,0.0510737,0.00789043,0.00943542,0.00393783,0.0867135,-0.0187986,0.117044,0.0321446,0.0318905
1007.27,0.100415,0.117986,0.0752091,0.0710864,0.0015033,0.0850276,0.0257028,0.106128,0.0171813,0.0427368,0.0530194,0.0616425,0.042948,0.0307576,0.107313,-0.0522951,0.0930655,0.121327,0.0485932
1007.57,0.110639,0.0907026,0.08919,0.0742063,0.070451,0.0699017,0.12634,0.119407,0.139767,0.0519704,0.0845447,0.131536,0.0663722,0.113613,0.138847,0.118476,0.0953008,0.142773,0.163658
1007.87,0.165915,0.102107,0.135002,0.194584,0.125395,0.133849,0.134995,0.181484,0.141967,0.183828,0.079988,0.222268,0.204848,0.15077,0.143068,0.241934,0.308018,0.254526,0.248936
1008.17,0.11315,0.0919175,0.166812,0.0820486,0.0703101,0.136982,0.19106,0.178742,0.0692781,0.0855314,0.193462,0.123946,0.116063,0.116718,0.109863,0.127417,0.232007,0.181726,0.230058
1008.47,0.0996667,0.147884,0.0999948,0.141968,0.103309,0.125546,0.127494,0.134932,0.154533,0.205753,0.0953899,0.136091,0.176581,0.146999,0.245319,0.145393,0.176581,0.154525,0.256664
1008.78,0.0896464,0.0303988,0.0200551,0.0682151,0.0587898,0.0343772,0.0303988,0.0341746,0.067574,-0.0054444,0.0614388,0.059883,0.0592359,0.0591292,0.0874741,0.0490918,0.0944992,0.10979,0.0503181
1009.08,0.074648,0.0489744,0.0729018,0.0983987,0.0605646,0.125842,0.107196,0.140022,0.103116,0.0849092,0.0154221,0.0689985,0.160937,0.0929061,0.144618,0.104876,0.11371,0.176754,0.0859058
1009.38,0.0127157,0.0377882,0.10046,0.0238834,0.0308992,0.102367,0.13058,0.00313061,0.0192749,0.0796873,0.1004,0.112388,0.0720107,0.137999,0.144154,0.111838,0.127733,0.179574,0.158972
1009.68,0.0367292,0.123229,0.0452682,0.0428507,0.0336532,0.0450393,0.135036,0.150446,0.132412,0.0350525,0.0673063,0.0186127,0.0360518,0.0506582,-0.0203844,0.100283,0.113126,0.159328,0.161484
1009.98,0.0874886,0.110131,0.0695416,0.131916,0.0550502,0.067506,0.124603,0.119862,0.114846,0.128407,0.0740107,0.113478,0.118864,0.125134,0.137345,0.124873,0.187759,0.222386,0.192194
1010.28,0.0808583,0.166474,0.0789586,0.0442366,0.11404,0.0833195,0.134668,0.133468,0.0838895,0.0824606,0.102348,0.106504,0.0997572,0.126327,0.130901,0.138966,0.149606,0.0880791,0.168639
1010.59,0.0428291,0.0240114,0.00849256,-0.0134529,0.0555424,0.005163,0.0478778,0.0131925,0.102691,0.108726,0.0569348,0.0376427,0.0730824,0.0318458,0.0867789,0.0978829,0.0860717,-0.00375032,0.102644
1010.89,-0.0239394,-0.0036218,0.0121605,0.138121,0.133441,-0.00567335,-0.0160429,0.090573,-0.00880247,0.169435,0.0721802,0.0552709,0.129894,0.13136,0.095937,0.140236,0.195749,0.17754,0.133756
1011.19,0.0618215,0.07865,0.110129,0.0610362,0.0817088,0.0752184,0.0539299,0.0666733,0.031526,0.139595,0.0684592,0.068068,0.117719,0.0747942,0.0938868,0.09524,0.0918621,0.0355339,0.182265
1011.49,0.0919504,-0.00456577,0.0782179,0.0879091,0.11272,0.106572,0.129662,0.0864716,0.0597545,0.0414026,0.0828545,0.131733,0.129951,0.0941228,0.115578,0.167418,0.24067,0.211157,0.0902021
1011.79,0.118025,0.127323,0.0395151,0.0762882,0.166703,0.13356,0.148479,0.0970384,0.0517913,0.157182,0.179102,0.174314,0.144445,0.199345,0.218699,0.13402,0.128665,0.160611,0.223822
1012.09,-0.0596774,0.0127772,0.00275656,0.00967036,-0.0176722,0.01286,-0.0234263,-0.00891534,-0.0400824,-0.0178881,0.0449871,0.0770767,0.042079,0.00726119,0.00672029,-0.0282946,0.0771838,0.125645,0.0942687
1012.39,0.0342834,0.0392649,0.16936,0.118012,0.119302,0.0563229,0.0877907,0.0499154,0.0673201,0.0357331,0.0861533,0.101668,0.0358513,0.0933327,0.0472504,0.1674,0.0750941,0.168329,0.141227
1012.69,0.0283889,0.176985,0.132606,0.0419457,0.0784385,0.100562,0.0942478,0.149117,0.128197,0.0772793,0.10185,0.105502,0.0715941,0.101,0.0958974,0.0975385,0.0664989,0.0876249,0.146044
1012.99,0.0921054,-0.0121896,0.0431577,0.106841,0.0837346,0.138021,0.127948,0.114897,0.0896816,0.106763,0.152796,0.0734514,0.00973057,0.0344136,0.0207047,0.106854,0.164722,0.148013,0.15257
1013.29,-0.0678212,0.0163788,-0.0399005,-0.00819874,-0.0252835,-0.0146407,0.0434752,-0.0317348,-0.0313701,-0.00933953,-0.0234199,0.013133,0.0193457,0.0150148,0.0642693,0.0264563,-0.0182245,0.0537866,0.0589386
1013.59,0.0427194,0.00168028,0.091875,0.151122,0.106309,0.0953885,0.11956,0.128795,0.0790025,0.103846,0.0170414,0.129762,0.09274,0.129057,0.121008,0.118137,0.17388,0.0634576,0.233143
1013.89,0.0187446,-0.0297384,0.0338743,0.0764162,-0.0217265,-0.0291665,0.0420342,-0.0132323,0.0597488,0.0479118,0.0110184,0.15584,0.0844393,0.0753085,0.111015,0.123037,-0.0136853,0.0293324,0.192412
1014.19,0.0226581,0.00856068,0.0286491,0.0657366,-0.0130913,0.00683972,0.0236066,0.0161745,0.0188489,0.0210992,0.075065,0.0109939,0.0437597,0.0135552,0.0698452,0.100342,0.0763425,0.00565309,0.134761
1014.49,0.0220464,0.134006,0.0865599,0.00802439,0.041677,0.0267079,0.0190986,0.13986,0.042921,0.128544,0.0172412,0.0428925,0.0446164,0.0245429,0.058617,0.117895,0.151584,0.171591,0.110705
1014.79,0.0800148,0.00646392,0.0247636,0.00462207,0.0750507,0.0526828,0.0541737,0.0574366,0.0365575,0.0437357,0.137879,0.0749893,0.0944755,0.0584672,0.118174,0.0666542,0.150645,0.0917118,0.145819
1015.09,0.0534209,-0.0454934,0.00374321,0.101544,0.100355,0.0294206,0.0657969,0.0242477,-0.0214978,0.0620938,0.0796588,0.086789,0.0538214,0.0818867,0.0432843,0.140056,0.0968677,0.0821544,0.172385
1015.39,-0.0105778,0.0279184,0.0112294,-0.0274371,-0.0323728,0.02592,0.0470186,0.017463,0.0556364,0.0123793,0.0114545,0.0153,0.0845179,0.0549138,0.035234,0.136495,-0.00849017,0.0440397,0.0470221
1015.68,0.101626,0.100155,0.111619,0.0541305,0.127975,0.0801052,0.0184204,0.0962708,0.0399087,0.115842,0.040838,0.10842,0.0182057,0.145031,0.122151,0.0846432,0.113975,0.0833094,0.164681
1015.98,0.0801674,0.0703186,0.0624971,0.0958271,0.0624519,0.0746512,0.0160044,0.0355717,0.0204638,-0.00117356,0.0938927,0.0935644,0.10171,0.119198,0.0515189,0.109038,0.0485946,0.0479876,0.107209
1016.28,0,0.00599331,0.0514926,0.0358717,-0.0180242,-0.0802992,0.0641131,0.0260421,-0.0123508,-0.0495433,-0.061825,-0.028329,0.0293535,0.0511737,0.0712198,0.0322017,-0.0130831,0.0644867,0.0493076
1016.58,-0.0279814,-0.00313031,-0.0175373,-0.0166926,-0.0519643,-0.0101932,0.014703,0.0665236,-0.0647716,-0.0551361,-0.0060273,-0.0145443,0.0607238,0.0322904,0.0124339,0.00574199,0.0539433,0.0278681,0.0617995
1016.88,-0.0498144,0.0120886,-0.0206889,-0.0910313,0.00433356,0.00695576,0.0339623,-0.0154549,-0.00837786,-0.0452979,0.0213942,-0.00709557,-0.0135445,0.0532347,-0.00275516,0.0491137,0.0860256,0.0336596,0.0320755
1017.18,-0.021051,-0.133101,-0.0202235,-0.0331039,0.0286993,-0.103843,-0.0179603,-0.115244,-0.00641439,-0.0498274,-0.0810793,-0.0571594,-0.0144911,-0.0385138,0.0278073,-0.0713449,-0.0012781,-0.0710952,0.0438334
1017.48,-0.00634438,-0.0356393,-0.0501217,-0.0843872,0.0673495,0.00159591,0.0278643,0.00304845,-0.00620696,-0.00998319,-0.0166602,-0.0335727,0.0119398,0.0671946,0,0.0149941,0.0506536,0.119286,0.140827
1017.77,0.041297,0,-0.044006,-0.0371292,-0.0153451,-0.0556576,0.0268214,-0.00826431,0.0253226,-0.0181672,0.0618368,0.0146718,0.0556723,0.00519064,-0.0026575,0.0328098,0.0482894,0.026575,0.0953095
1018.07,0.0269325,0.00382836,0.0219857,0.0754412,0.0971399,0.00188372,0.0661146,0.035071,0.0619015,0.0344981,0.0937272,0.0602054,0.122813,0.0794442,0.0771337,0.136317,0.124233,0.17822,0.138165
1018.37,0.119235,0.0815896,0.139569,0.104231,0.10083,0.0175697,0.0658384,0.147259,0.0556825,0.0424795,0.0477044,-0.0653159,0.149432,0.201098,0.159245,0.177647,0.144076,0.0431442,0.0956625
1018.67,0.0915019,0.154112,0.0892838,0.0368528,0.0623881,0.04,0.0650333,0.160848,0.04125,0.133648,0.124981,0.0782609,0.136726,0.100341,0.150761,0.0928389,0.170676,0.147826,0.105808
1018.96,0.0683712,0.0714692,0.15356,0.133673,0.0823163,0.134877,0.077534,0.1544,0.0998367,0.149486,0.0892047,0.0836066,0.185508,0.0511254,0.159281,0.137067,0.0996411,0.193888,0.122265
1019.26,-0.00829869,-0.110418,-0.0515933,0.0452602,-0.00406996,-0.00818166,0.0627778,0.0737016,0.0977763,-0.0582423,0.0820269,-0.0430614,0.0504482,0.00206929,0.0296232,0.0253862,0.0417234,0.052842,0.116917
1019.56,0,0.0420403,0.00622143,-0.0243238,-0.00421753,0.0387321,-0.139927,-0.0440917,-0.0319941,-0.0497595,-0.0544877,0.0190538,0.0840806,0.121683,0.02346,-0.00838793,0.154107,0.046232,0.0726869
1019.86,0.0324792,-0.0113274,0.0186821,0.0145554,0.0372427,0.0188874,-0.00585979,0.0478135,0.0443344,0.0706089,-0.00595045,0.0533169,-0.0247776,0.111108,0.0256238,0.0796274,0.0789323,0,0.0825592
1020.15,0.00959212,-0.0798527,-0.0721322,0.0610588,-0.00957985,-0.133393,-0.0486046,-0.0294939,-0.114294,-0.0186509,0.00192088,0.0895479,-0.094063,0.00208675,-0.0582668,-0.00593774,0.0932709,-0.0619128,0.0559899
1020.45,0.112691,-0.0182827,0.125336,0.134444,0.0936154,0.124788,0.100628,0.0810064,0.137576,0.156277,0.0704316,0.0483176,0.0365143,0.121038,0.134333,0.106315,0.254513,-0.0133936,0.275296
1020.75,0.0261873,-0.0494156,0.0627367,0.0771875,-0.0207972,0.0234274,0.0665625,-0.00670293,-0.0268494,0.00465808,-0.0291859,0.0538197,0.0486094,0.0376908,0,0.125877,0.0331428,0.00436456,0.113956
1021.04,0.0458011,0.00527548,0.0576926,-0.0159985,0.0150166,-0.026936,0.0557473,0.0382124,0.0734781,0.127967,0.124772,0.117849,0.0721831,0.0880214,0.0378357,0.105418,0.0845818,0.124065,0.151743
1021.34,-0.0735659,-0.01412,-0.00919383,-0.0365694,0.0317669,-0.00675001,0.0360025,0.0350934,-0.0557406,-0.0745159,0.0176778,0.0241088,0.0395327,0.039031,0.0157534,0.00608978,0.0537002,-0.0119038,0.0414547
1021.64,0.0311393,-0.0251101,0.0373701,0.0124211,0.0396947,0.0300915,0.0492467,0.0814772,0.0613618,0.0731679,0.136024,0.0355906,0.0648722,0.0898778,0.0604175,0.164246,-0.0193256,0.097387,0.0942051
1021.93,0.101463,0.0180448,0.0618289,0.0542163,0.00745858,0.0661984,0.0306338,0.0715222,0.0700625,0.0502909,0.169283,0.0749519,0.0210868,0.0542271,0.0942999,0.108448,0.0949176,0.131721,0.104634
1022.23,0.027599,-0.00965964,0.0191343,0.048876,0.0291804,-0.0602895,0.0423853,0.0533047,0.0751842,-0.0160906,-0.0026361,0.0166011,0.0236937,0.0255811,0.0482014,0.0980341,0.0451022,0.0598253,0.140735
1022.52,-0.034862,0.0100352,-0.0385448,-0.0142468,-0.0868245,-0.029789,-0.0213365,-0.0412463,-0.112587,0.0352286,-0.0504999,0.0472659,-0.0645874,-0.025754,-0.0351192,-0.0631532,0.00433271,0.0854806,-0.141066
1022.82,0.208083,0.183354,0.172446,0.130134,0.151431,0.0877898,0.170458,0.120862,0.184886,0.179784,0.213208,0.163545,0.218265,0.224257,0.246559,0.0993487,0.254404,0.238952,0.218469
1023.12,-0.023331,0.0709758,-0.0176083,0.00220745,0.0460248,-0.0817946,0.0300988,0.0518678,0.0495594,-0.0140202,0.106383,0.0649579,-0.00460947,-0.00231176,0.0319748,0.126166,0.0956793,0.158206,0.0782582
1023.41,0.0589951,0.0249778,-0.0077735,-0.0121186,0.0311884,0.0620004,0.00714974,-0.0264082,0.0950785,0.028546,0.0203577,0.108584,0.0612612,0.0259308,0.0500482,-0.0219898,0.0221131,0.107689,0.055189
1023.71,0.0371311,0.00371628,0.11251,0.02387,0.0501121,0.0956398,0.0431735,0.0718224,0.0881459,0.014433,0.105257,0.00755701,0.0576427,0.00926298,0.14837,0.0893692,0.0896342,0.0994362,0.0538056
1024,0.145458,-0.0186294,0.0656368,0.0612227,0.0319118,-0.0405947,-0.0521623,0.0497841,0.0544653,0.0645696,0,0.0312588,0.0713091,0.118169,-0.00418099,0.054433,0.120207,0.173505,0.0309074
1024.3,-0.0770153,-0.0169236,0.0231182,0.0730179,-0.09482,0.0642086,0.0786922,0.159114,-0.0155718,0.0416526,-0.0508188,-0.0302521,0.0354047,0.0156113,0.112769,0.0267058,0.0117846,0.0304154,0.0453255
1024.59,-0.09074,0.0213694,0,0.126522,0.106088,-0.0638796,0.020281,0.0291211,-0.0447003,0.0391655,0.119122,0.0788033,0.186606,-0.017623,0.184326,0.0225653,0.103095,0.0390375,0.0416945
1024.89,0.0181122,-0.0917654,0.110354,0.0506426,0.0461098,-0.0394446,0.0869666,-0.0591195,-0.0192151,0.0517955,0.10246,0.0500217,0.0141124,0.00842532,-0.0121349,0.0521394,0.0965708,0.0865531,0.0893923
1025.18,0.0746034,0.0220485,-0.0346526,0.0268816,-0.0572674,-0.0105839,-0.0354366,0.00397605,0.101493,-0.0120443,-0.0565281,-0.00366929,0.0179993,-0.00762127,0.0674483,0,0.121033,0.0681713,0.0745746
1025.48,0.123105,0.0699858,-0.092893,0.0837189,-0.0289362,0.0559345,0.0775847,0.156862,0.0566421,0.00987923,0.11674,0.0185043,0.109602,0.0847318,0.131586,0.178278,0.0484884,0.204849,0.0849872
1025.77,0.116456,0.0333232,0.0613273,0.0171258,-0.0062659,0.0662553,-0.0123858,0.0894,-0.00918057,0.0933358,0.0165685,0.0493095,0.0557481,0.0150004,0.124103,0.036998,0.104308,0.0865556,-0.0200005
1026.06,0.145398,0.0966704,0.119502,0.00199539,-0.021038,-0.0209057,0.0868555,0.0288619,0.0795453,0.0868456,0.130436,0.0178151,0.206193,0.0769768,0.00991311,0.0612365,0.156358,0.0778407,0.10492
1026.36,-0.0308663,0.0372737,0.0184042,-0.057829,-0.117477,0.03156,0.0415617,-0.130472,-0.0610417,-0.0763567,0.0807137,0.00298812,0.107247,-0.048029,0.0478003,0.090747,0.0561767,0.0601894,-0.0221275
1026.65,0.132659,0.0848286,0.0195819,0.116332,0.146681,-0.0425747,-0.032337,0.173757,0.126124,0.0519947,0.0785651,0.116509,0.190544,0.157923,0.181503,0.0708333,0.199143,0.174077,0.17
1026.95,-0.00476269,0.107265,0.0997324,-0.0396065,0.00483789,0.0340725,-0.0129101,0.0336293,0.0249331,0.0900724,0.0740776,0.110673,0.127204,0.0445531,0.0453553,0.143832,0.00672585,0.0771531,0.0456397
1027.24,-0.0707104,0.00759529,0.00575186,-0.0214376,0.0262433,-0.00384704,-0.0490631,0.00566012,0.0483209,-0.00191418,-0.0409847,0.0114481,0.0412663,0.0477595,0.00985805,0.0813968,-0.0228961,0.0259044,0.0271946
1027.53,0.0770118,0.0993436,0.0397244,0.0729871,-0.0259466,0.101184,0.150372,0.0870833,-0.0160961,0.147085,0.0682854,0.0949836,0.124383,0.0261151,0.10027,0.0699081,0.12421,0.111578,0.133866
1027.83,0.142611,0.118821,0.0120935,0.0230917,0.00915034,0.108057,0.147143,0.104756,-0.00209207,-0.00959889,0.0904798,0.150919,0.162322,0.11799,-0.0352189,0.149412,0.215831,0.214232,0.150052
1028.12,-0.288139,-0.294871,-0.140211,-0.107662,-0.191831,-0.161117,-0.216459,-0.061263,-0.220304,-0.287611,-0.0788772,-0.151964,-0.198827,-0.0635728,-0.0095477,-0.135318,0.0349291,-0.0830702,0.0293251
1028.42,-0.0302961,-0.0262148,-0.103703,-0.0705782,0.0301006,0.00212123,-0.0666513,-0.0137223,-0.0754918,-0.0861051,0.0693598,0.0252854,-0.0081048,0.0341686,0.0734418,0.0476244,0.00595474,0.0455531,-0.0708462
1028.71,-0.112422,-0.0051118,-0.0535858,0.0652991,0.121506,0.0231235,0.063055,0.025828,0.130553,0.032475,0.168333,0.0774841,0.0805948,-0.0100835,0.115144,0.119895,0.142125,0.182969,0.121335
1029,0.00948749,0.0956655,0.0138869,0.0199998,0.0502244,0.035637,0.0594811,0.0146427,0.0500311,0.0218156,0.0294355,0.0632365,0.062795,0.0678278,0.15836,0.120401,0.106584,0.072215,0.0998451
1029.29,-0.124798,-0.105456,-0.0270291,-0.013661,-0.0159248,0.0192746,-0.0949525,0.155908,-0.0420864,-0.00583471,-0.0164646,-0.0933703,-0.0232619,0.191185,-0.134712,0.0774608,0.0405747,0.137413,0.0350662
1029.59,0.0149055,-0.00769314,-0.0446114,-0.0200167,0.0227343,0.00686004,0.00963471,-0.0119713,-0.00182955,0.0475938,0.0567161,0.0778245,0.0172441,0.0552857,0.0221825,0.0385788,0.0457633,0.0664358,0.0213758
1029.88,0.00500878,0.171286,0.067832,0.062847,0.0522434,0.229967,-0.0503578,0.126249,0.079372,0.0912627,0.117988,0.152768,0.153714,0.0231185,0.162694,0.077727,0.132891,0.188471,0.103184
1030.17,0.0977119,0.044389,0.186523,0.0819412,0.148702,0.0595489,0.112843,0.118107,0.0497274,0.143322,0.0898919,0.031932,0.0923856,-0.0042453,0.115431,0.0281444,0.10015,0.0868688,0.0193953
1030.46,0.0874143,-0.0806778,-0.112291,-0.0835736,-0.119896,0.0224915,-0.00350301,-0.123256,0.0308454,0.214651,-0.0453661,0.0399049,0.138217,0.173958,-0.0561394,0.103268,0.107033,0.123421,0.109615
1030.76,0.0131419,0.0665136,0.0111183,0.0487384,0.176495,0.0617076,0.101868,0.101937,0.0130329,0.0912848,0.0543994,0.0559516,0.0674908,0.143717,-0.0752453,0.157625,0.111452,0.0377855,0.164978
1031.05,0.0856766,0.0751607,-0.188488,0.0589338,-0.0644234,-0.0198069,-0.0835033,-0.169305,-0.0318844,-0.076416,-0.127465,-0.0332354,-0.0865734,0.0525003,-0.0460708,-0.0950267,0.0582693,-0.0668333,0.071364
1031.34,-0.043974,-0.0625176,0.0490612,0.031396,0.0099094,0.0259624,-0.0596896,0.00746012,0.0410702,-0.0361997,0.106009,-0.0202286,0.0153934,-0.0213857,0.0985685,-0.00924999,-0.0079131,0.0779049,0.00623582
1031.63,-0.00838866,0.00443053,-0.0595185,0.0356879,-0.0198569,0.0255866,0.0404146,0.0398957,0.00287518,0.064106,-0.0250044,-0.0249493,-0.0447886,-0.0294153,-0.0114437,0.0500419,0.0365469,0.00756495,0.0194311
1031.92,0.0715948,0.0325079,0.0128357,0.0669136,0.0822579,0.105987,0.0715948,0.129889,0.158949,0.0357974,0.0394502,0.0413359,0.139135,-0.0837152,0.185496,0.176697,0.143731,0.144378,0.193045
1032.22,0.241192,0.161858,0.271064,0.082889,0.0823949,0.0403925,0.292363,0.148053,0.181436,0,0.0848763,0.180686,0.225279,0.0505356,0.157153,0.147838,0.263409,0.350776,0.226674
1032.51,0.0995959,0.0147173,0.054562,0.0722876,0.0871516,0.03842,0.0389382,0.205018,0.127722,0.0631656,-0.0126148,0.0308802,0.0804967,0.0886356,0.0783291,0.0456036,0.267514,0.224086,0.119482
1032.8,-0.0555224,-0.0998107,0.018396,-0.118209,-0.260336,-0.194145,-0.120446,0.094771,-0.0649218,0.137586,0.184267,-0.037623,-0.0824687,0,-0.0215981,0.223256,0.060445,0.12266,0.00711549
1033.09,0.0551501,0.0934074,0.0924347,0.0244055,0.0853253,0.0582718,0.0065294,0.0473319,0.050218,0.0609277,0.0717795,0.033009,0.0368398,0.0874077,0.0319569,-0.0459242,0.0872431,0.00602028,0.120727
1033.38,0.309659,0.226035,0.0955834,0.296019,0.156165,0.233526,0.264567,0.0837727,0.175029,0.311842,0.220317,0.335198,0.353779,0.273915,0.256699,0.253499,0.323534,0.298537,0.316276
1033.67,0.0767901,0.242547,0.266072,0.13805,0.195454,0.265863,0.162894,0.216754,0.264709,0.128539,0.190702,0.0753578,0.236591,0.191089,0.208356,0.232538,0.239082,0.245799,0.276585
1033.96,0.0572293,0.014007,0.256968,0.331572,0.111842,0.0446632,0.259406,0.221629,0.191867,0.100086,0.183491,0.23874,0.154353,0.273251,0.183895,0.189225,0.0736913,0.16403,0.330508
1034.25,0.0406395,0.0448077,0.0604373,0.0702603,0.0785746,-0.0168029,0.0260562,0.0598942,0.0508628,-0.00895236,0.0452916,0.153259,0.132338,0.0536361,0.0800257,0.108992,0.104641,0.066241,0.145333
1034.54,-0.0624326,-0.0351496,0.0273659,0.00516677,-0.054334,-0.0543981,0.0451711,-0.0120791,0.0270342,-0.100778,-0.0606301,-0.0217151,0.115242,-0.114246,-0.0445137,-0.0303932,0,0.00883296,0.0141608
1034.84,0.0417193,0.00507491,-0.0943436,-0.0439357,0.0620663,-0.0213429,-0.056551,-0.0169509,-0.011199,-0.115413,-0.00918798,0.0267933,0.0594608,0.0190503,-0.0801163,-0.0851018,-0.00208692,0.0303486,0.0173764
1035.13,0.0842262,-0.0662885,0.169929,0.00453174,0,-0.0751529,0.0295819,0.00697773,0.104013,-0.0225871,0,-0.0962122,0.10398,0.0146288,0.023824,0.283396,0.227762,0.0506453,0.271904
1035.42,0.264886,0.195144,0.152625,0.152458,0.236167,0.323387,0.0360126,0.114022,0.15891,0.215412,0.253521,0.156839,0.289587,0.231399,0.110491,0.303535,0.214776,0.135918,0.279761
1035.71,-0.018447,0.0124998,0.0519773,-0.00224355,-0.060702,0.0471243,-0.0166388,0.0146396,0.099651,-0.0043514,-0.0118328,0.0627411,0.038541,0.0402167,0.00656682,0.0134334,0.0839078,0.0363757,0.069262
1036,0.128212,0.201593,0.189846,0.116157,-0.00867214,0.106124,0.074891,0.244145,0.0688187,0.157995,0.205863,0.122375,0.118223,0.162675,0.116423,0.14457,0.202902,0.162062,0.228158
1036.29,-0.0669124,0.198111,0.0953287,0.00875724,0.0617355,-0.156489,0.0647408,0.0338106,0.0446395,0.00318853,0.0515071,-0.00306072,-0.0319812,0.098412,-0.0776651,0.186529,0.0386876,0.137871,-0.0278997
1036.58,0.150658,0.145876,0.0848279,-0.0514545,0.0758412,0.0704579,0.157687,0.00598276,0.0876726,0.0861404,0.212981,0.255329,0.106341,0.176042,0.15954,0.163213,0.102862,0.0383568,0.178153
1036.86,-0.0786468,0.0277168,-0.0102508,-0.0569347,-0.195057,-0.0581056,-0.0546485,-0.0540744,0.0195698,-0.0963884,-0.177568,-0.10164,-0.161877,0.156682,-0.0966922,-0.00249152,0.0364385,0.00518717,-0.239887
1037.15,0.25698,0.249021,0.134937,0.34633,0.297151,0.163482,0.174936,0.348928,0.243367,0.303247,0.109327,0.181803,0.321332,0.288484,0.134598,0.160438,0.438739,0.260086,0.185525
1037.44,0.00586735,0.184601,0.0170084,0.0131588,0.151763,-0.0505223,0.0301861,-0.00208196,0,-0.0756293,-0.0221464,0.0506,0.0363137,0.0348365,0.0584399,0.0242422,0.0676142,-0.0728687,-0.00602381
1037.73,-0.0477596,0.0506999,0.180787,0.156675,0.119114,0.0134226,0.17478,0.16025,0.100005,0.117401,0.0883376,-0.0299738,0.219177,0.219563,0.120247,0.140058,-0.0137046,0.156475,0.194228
1038.02,0.137825,0.337823,0.113844,0.211619,0.00822789,0.192689,0.289741,0.170106,0.20784,0.289711,0.141639,0.276289,0.219292,0.0484802,0.0529578,0.301172,0.266035,0.222225,0.215704
1038.31,0.062346,0.187779,0.161904,0.0526187,0.0950953,0.0756078,0,0.0763995,0.151659,0.0425199,0.136211,0.273763,0.140251,-0.0519389,0.202164,0.0645657,0.141578,0.293733,0.183511
1038.6,0.163367,0.0654829,0.184695,0.367382,0.162235,0.128305,0.214698,0.219629,0.21265,0.167494,0.0846579,0.102799,0.21209,0.338413,0.217235,0.130291,0.28934,0.578428,0.179099
1038.89,0,0.0561674,0.0433714,0,0.0342505,0.177073,0.0785626,0.0662907,0.155679,0.113107,-0.0227826,-0.0166037,0.211352,0.169734,0.038576,0.248727,0.237346,0.213194,0.0741195
1039.18,-0.0142294,-0.0463184,-0.0372969,0.108789,0.0293591,0.129902,0.132914,0.0855779,-0.0405952,-0.00819712,0.0639375,-0.0190723,0.053688,0.177718,0.0158785,0.159343,0.174107,0.0686736,0.160768
1039.47,-0.071863,0.00996229,-0.0642882,-0.0180914,-0.0822435,0.00359749,0.0378553,-0.108863,-0.111835,-0.0070136,-0.175595,0.00289798,-0.0293192,0.0293421,-0.0480192,-0.123083,-0.0185196,0.0480192,0.226727
1039.75,-0.0727692,0,-0.134247,-0.0259642,-0.07548,0.00246324,0.038965,-0.160506,0.0163787,0.040274,-0.0350972,0,0.0619142,-0.043162,-0.0865286,0.0596652,-0.00817746,0.00929847,0.0790812
1040.04,-0.0384501,-0.031694,0.0182297,0.0361639,0.0122533,-0.145815,0.0272629,0.11947,0.133096,-0.048033,-0.0236616,0.135771,0.201024,0.1662,0.116498,0.0242931,0.0829652,0,-0.106607
1040.33,0.171045,0.00833253,0.0802605,0.0360607,-0.0484907,-0.0749772,0.00806312,0.0467712,-0.1076,0.0814041,0.0128452,0.0381984,0.0897594,0.0499601,0.0563572,0.0592808,0.104219,0.0802605,0.0816685
1040.62,0.0384131,-0.0335725,-0.045765,0.0091157,0,0.015466,0.0471394,-0.0750802,0.229412,0.00863894,-0.0780473,0.121558,-0.0388235,0.118548,0.0783867,0.0729466,-0.0789261,0.163044,0.0288568
1040.91,-0.0835116,-0.10369,-0.137109,-0.0226263,-0.0782416,-0.0446603,0.0236455,0.0427932,0.100247,0.098179,-0.24269,0.00600607,0.158224,0.0128975,-0.0261159,-0.00930727,0.00672987,0.109093,0.209839
1041.19,0.140239,0.145669,0.0924629,0.1146,0.0658535,-0.0145106,0.0391715,0.0340403,0.0584692,0.160104,0.0317903,-0.0136161,0.192527,0.113661,0.0452891,0.0392682,0.144215,0.0435954,0.188474
1041.48,-0.0717788,-0.248337,-0.102453,0.207673,-0.22041,0.106664,-0.0145795,0.0429711,0.126903,-0.0155101,-0.102879,0.0137173,-0.0519371,-0.237595,-0.0212617,0.0659847,-0.0206871,0.0939993,0.220448
1041.77,-0.0471017,-0.00693119,0,0.0890961,0.0685157,0.014146,-0.121072,0.0579171,-0.0441982,-0.13482,0,-0.169254,-0.0526054,0.123255,-0.0255393,-0.0541639,0.149276,-0.0761159,-0.0299878
1042.05,0.0212798,0.0265909,0.0305459,-0.0719704,0.138148,0.2621,0.0404209,0.168409,0.0934867,0.253273,0.0753513,-0.0344381,-0.0123434,0.0713942,0.167384,-0.00867251,-0.0560261,0.070125,-0.00390473
1042.34,0.20149,0.0792772,-0.0249196,0.0572558,0.00774474,-0.0978455,-0.0460238,0.0664725,0.0117304,0.127652,0.0709015,0.0624102,0.139405,0.117663,-0.18334,0.0113699,0.157947,0.149047,0.214024
1042.63,0.239779,0.177487,0.37438,0.18349,0.167326,-0.11418,0.0385936,-0.13385,0.0980017,0.249512,0.0608367,0.0464208,0.370048,-0.0249971,0.45509,0.0838064,-0.0919374,0.144742,0.494131
1042.92,0.0242647,0.219545,0.0133956,0.0954545,0.305979,0.0884879,0.044084,0.334853,0.380187,0.26908,0.243944,0.169342,0.173636,0.123397,0.213483,0.409283,0.196875,0.111447,0.398007
1043.2,0.0208241,-0.0318147,0.146244,0.0220172,-0.0343515,0.184646,0.0677452,0.0889022,0.104233,0.19718,0.0243789,0.140769,0.1342,0.122809,0.219908,0.10675,0.0667133,0.175983,0.234217
1043.49,-0.151231,-0.138472,-0.380896,-0.289753,0,-0.239749,-0.115467,0.093798,-0.212906,-0.263986,0.068039,-0.0227124,-0.162695,-0.0230787,0.146468,-0.148973,-0.0838406,0.0317503,0.084809
1043.78,0.373689,0.436671,0.222672,0.394338,0.271878,0.0938376,0.331321,0.653275,0.401874,0.628341,0.353648,0.371832,0.693951,0.491715,0.335298,0.153841,0.288747,0.45472,0.365217
1044.06,0.11064,0.377448,0.112974,0.107067,0.29254,0,0.198961,0.310058,0.0971817,0.331678,0.278813,0.227981,0.379806,0.303607,0.296516,0.284862,0.245894,0.251415,0.199447
1044.35,0.0112982,0.134114,-0.0527248,-0.0486586,0.092951,-0.0177897,-0.00409701,-0.234533,0.00441835,-0.0922635,-0.0825358,0.162404,0.0157669,-0.138132,-0.137961,0.117567,0.169968,0.128763,0.109623
1044.63,0.0688823,0.0719272,-0.0166516,-0.107135,0.103809,0.181042,0.26272,0.00818565,0.127955,0.0844656,0.150276,0.0311685,0.138428,0.0375597,-0.0188169,0.270127,0.104073,0.0524706,0.0442644
1044.92,-0.141757,-0.0930461,-0.0219551,-0.0479507,-0.254774,-0.0921494,0.16943,0.0107256,-0.215815,0.235862,0.0568922,-0.0851902,0.0517611,0.0271703,-0.366933,0.14312,0.139561,0.0479663,0.176992
1045.21,-0.20845,0.00601387,0.122693,-0.247051,0.0980939,-0.392376,-0.0610711,0.247253,-0.0590125,0.221413,0.227357,-0.0558735,0,-0.0585375,0.0095493,0.293667,0.367253,0.164365,-0.0679685
1045.49,-0.00744828,-0.014744,0.148159,-0.153164,-0.0175896,-0.120789,0.135678,-0.090559,0.00375,-0.144,-0.00333333,0.0696774,0.1728,0.0243609,-0.0372414,-0.103208,0.107601,0.0659807,0.0768683
1045.78,0.0645004,0.100399,0.0320919,0.126862,0.0121846,0.0453115,0.0170719,0.0629813,0.0443292,0.0831692,0.00215769,-0.023628,0.0120429,0.0401148,0.111365,0.191378,0,0.0393085,-0.00611629
1046.06,0.248116,-0.109295,0.0514933,0.24552,0.115874,0.462869,-0.0142083,0.0209202,0.277708,0.0476553,0.0943727,0.332683,-0.101702,0.356182,0.0618127,0.226494,0.46855,0.17657,0.401893
1046.35,0.0577259,-0.0169624,0.0738083,0.0254911,-0.039189,-0.0487063,0.00924594,-0.0760293,0.0666212,0.0764734,0.0198367,0.159773,0.110528,-0.00335492,0.0464546,0.200906,0.0644811,-0.00328225,0.0787172
1046.63,-0.301889,0.0825,-0.287176,0.477714,-0.0876923,-0.231813,-0.70224,-0.307353,0.146495,0.197308,-0.247784,-0.0594313,-0.29959,-0.176474,-0.209,-0.627,-0.329358,-0.141021,-0.671786
1046.92,-0.103617,-0.124936,0.065795,-0.100712,0.175789,-0.231858,-0.130359,0.00383693,-0.106167,-0.0996457,-0.0301185,-0.056103,-0.104317,0.0190207,-0.106348,-0.103741,-0.143575,-0.0113157,-0.0718982
1047.2,-0.110855,0.0216071,-0.0217054,-0.0722008,-0.0492105,-0.0125084,0.01149,-0.0607143,-0.0681161,-0.0213059,-0.00845389,-0.0258525,-0.046556,-0.125989,0.0241031,-0.0136496,0.0192063,-0.0137437,-0.138655
1047.49,-0.072151,-0.00840318,0,0.00785172,-0.074963,-0.0667706,-0.0488552,-0.038252,0.0287897,-0.0812041,0.0693399,-0.0643584,0.00630239,0.115595,0.0057982,0.0811172,-0.00966366,0.0100102,0.105454
1047.77,0.101601,0.0922605,0.241359,0.29384,0.14367,0.22093,0.0930892,0.15737,0.143389,0.0796243,0.172428,0.0469265,0.226248,0.219044,0.10222,0.19815,0.111092,0.193289,0.108062
1048.06,0.0485669,-0.00683632,-0.0679936,0.200118,-0.0971338,0.074578,-0.0937246,0.108144,0.124326,0.00855702,0.250187,-0.360239,0.0152471,0.165933,0.0326723,0.136726,0.0400235,0.189155,-0.212235
1048.34,0.252298,0.725633,0.481394,0.446471,0.680868,0.268764,0.373932,0.327452,0.310126,0.712887,0.775672,0.963817,1.05425,0.93483,0.421682,0.437609,0.426679,0.446419,0.676209
1048.62,-0.166269,-0.0826309,-0.158728,-0.154319,-0.299248,-0.149757,-0.0581825,-0.00341707,-0.154364,-0.0954234,0.0398658,-0.0628811,-0.0443295,0.0402726,-0.119014,0.0625586,-0.149657,-0.183771,-0.165596
1048.91,0.116831,0.0829271,-0.022861,0.138756,0.0607074,0.0295459,-0.0238365,0.0228433,0.143435,0.03916,0.0536322,0.0620879,0.062656,0.0851533,-0.054824,-0.183882,-0.0477885,0.239046,0.108135
1049.19,1.11946,0.573864,0.597689,0.365255,0.315,0.434077,1.00165,0.4059,0.980917,0.0800899,0.941707,0.60885,0.620697,0.899822,0.564594,0.471989,1.6585,0.497302,0.139554
1049.48,-0.222276,-0.163323,0.388206,-0.149531,-0.357287,0.631822,-0.280371,-0.101953,-0.277595,-0.0969932,0.407812,0.0102419,0.0598125,0.216793,0.442559,-0.0662946,-0.259188,0.181346,0.159178
1049.76,0.313738,0.182327,0.243621,0.194758,0.148387,0.375042,0.242148,0.0655818,0.115369,0.203007,0.300484,-0.200453,0.224525,0.570739,0.386866,0.188337,0.215061,0.269194,0.360753
1050.04,0.0933642,-0.202935,0.140698,0.20302,0.0949879,0.268595,0.282333,0.217393,0.260581,0.0389963,0.40627,0.168056,0.00468992,0.094902,0.504167,0.0764613,0.236129,0.35129,-0.0389963
