wavelength_nm,8,12,16,20,24,28,32,36,40,44,48,52,56,60,64,68,72,76,80
349.501,0.0112573,-0.0155556,-0.0510646,0.0729167,-0.0394872,0.0157602,-0.044386,-0.0589071,-0.0106312,-0.0693694,0.0140639,0.0256667,-0.0476867,-0.0865863,0,-0.0314624,0.0559649,0.0266933,0.002021
350.001,-inf,-inf,-inf,-inf,-inf,-inf,-inf,-inf,-inf,-inf,-inf,-inf,-inf,-inf,-inf,-inf,-inf,-inf,-inf
350.501,0.86625,-0.152514,-0.381929,-1.16522,0.157626,-0.524582,0.267188,0.322721,-0.380769,-4.37819,-0.918879,-3.39794,-0.0364535,-1.25066,-0.211824,0.0431422,-2.22442,0.0419866,-0.668376
351.001,0.146416,-0.174479,-0.121259,-0.386263,-0.117297,-0.100259,-0.207074,-0.395046,-0.315513,-0.519038,-0.311569,-0.115041,-0.0653784,-0.620306,0.178275,0.195921,0.0122585,-0.152769,-0.151621
351.5,0.539092,-0.249134,0.375665,0.502309,0.229745,-0.493477,0.298381,-0.954327,-0.28512,-0.129165,1.19672,-0.01584,0.135771,-0.3402,0.444129,0.193302,0.380979,0.640065,-0.6237
352,0.144097,0.0893615,-0.181166,-0.0242041,-0.210336,0.0528028,-0.0444437,0.0212159,0.0705351,-0.325921,-0.0592583,-0.164038,-0.189239,-0.278674,0.070566,-0.0577105,0.166904,-0.0700126,-0.154072
352.5,-0.0342496,0.224945,-0.0879894,0.111453,0.0564209,0.427367,0.237876,0.0725412,0.284739,0.504178,0.275266,0.436331,0.28313,0.120078,-0.0414337,-0.289029,0.16493,0.190874,0.389304
352.999,0.278654,0.161875,0.106579,0.146447,0.039375,-0.00199367,0.171142,0.148077,0.0825,0.196875,0.07,0.0413115,0.137812,0.0365806,0.256667,0.120273,0.199104,0.15975,0.241331
353.499,2.272,-0.533997,1.1445,0.407714,-0.0926908,0.881416,0.661341,-0.191561,1.90666,0.170276,0.745983,2.21032,0.99839,1.06191,0.514641,1.3326,1.21322,1.33875,1.42353
353.998,-0.524221,-0.0887852,0.200376,0.368197,-0.088409,-0.393734,0.129059,-0.138657,0.0199343,-0.201915,-0.694082,0.117363,-0.264946,-0.293407,-0.232105,0.0405399,0.156484,-0.182903,0.355141
354.497,0.117872,0.472407,0.408017,0.363596,0.0884037,0.746711,-0.0626483,0.367811,0.156491,0.022863,-0.180826,0.277755,0.2114,0.4228,0.186894,0.3171,0.292302,0.00927311,0.0451039
354.996,0.0803175,0.0637241,0.114862,0.0278313,0.0705517,0.062549,0.0728276,-0.0208861,0.113014,0.0373585,0.0569784,0.0908257,0.206703,0.094902,0.0387037,0.113143,0.104211,0.129231,0.0453297
355.495,-0.112956,-0.505102,-0.0665811,-0.0119363,-0.153354,-0.188878,-0.178818,-0.273103,-0.422581,0.0337522,-0.119483,0.227064,-0.145402,0.0240408,-0.455172,0.0884672,0.235821,0.0559638,-0.333958
355.994,-0.262308,0.105828,-0.0710417,-0.0591329,-0.028736,-0.286113,0.0834923,-0.0583904,-0.0366104,0.0590842,0.0167157,0.201285,-0.310554,0.0107911,-0.0799219,-0.308249,-0.218453,-0.0876857,0.155428
356.492,-0.212057,-0.192326,-0.135945,-0.0998145,-0.0844378,-0.0328546,0.0374114,-0.0156059,0.016742,0.0742841,-0.364138,-0.0237481,-0.165775,0.142489,0.165299,0.196993,-0.183342,-0.0577487,-0.164893
356.991,-0.257526,0.00433696,-0.0927733,0.0596863,0.065511,0.366194,-0.277685,0.0698928,0.0363419,-0.0616054,0.028835,0.251677,-0.0303587,0.0814095,0.0520436,-0.109425,0.00629436,-0.0296359,-0.0408101
357.489,0.161441,0.571498,0.422763,0.159829,-0.25373,0.120096,-0.350631,-0.180997,-0.329086,0.164448,-0.198947,0.306658,-0.0561134,0.0968328,0.327608,0.126442,-0.872078,-0.156316,0.517263
357.988,2.42637,-0.465626,-0.649877,-1.07,-1.35565,-1.27014,-1.17537,-1.03473,0.704509,-1.07191,0.20381,0.0705495,-1.4785,-1.26942,-0.693589,-1.13903,-0.708701,-0.553244,-0.0350298
358.486,-12.441,-3.36821,1.7226,3.52104,-15.6367,-10.5159,5.64787,-14.8437,0.60941,-9.09824,-4.92784,4.25918,0.509645,0.610851,-14.355,-4.752,-2.2968,-6.95665,0
358.984,0.0243212,0.0117857,0.0337147,0.0363125,0.0225062,0.00253289,0.0299155,0.0324158,0.0291855,0.0343427,0.0129412,0.0317576,0.034066,0.0245081,0.0103125,0.0330133,0.0374927,0.029779,0.0320833
359.482,0.102882,0.181557,0.180232,0.268754,0.342941,0.0876838,0,-0.00875594,0.203255,0.185567,0.122439,0.204284,0.131069,0.121115,0.115494,0.0228627,0.294708,0.189563,0.242302
359.98,-0.326078,-0.172945,-0.31733,-0.171113,-0.142048,-0.255777,-0.070549,-0.282239,-0.0815195,0,-0.0811635,-0.347997,0.0768943,-0.270438,-0.184389,-0.522826,-0.240135,-0.223846,-0.202986
360.478,-0.0264883,-0.141902,0.206609,-0.101988,-0.0982342,-0.0966396,-0.046193,-0.0118287,-0.0301863,0.00346659,-0.0192493,0.0941893,-0.125981,0.0877749,-0.189391,-0.0373799,0.0634325,0.140609,0.00314952
360.975,0.438297,-0.0385762,-0.218136,0.147931,0.114273,-0.0860294,-0.738366,0.230409,-0.0999164,0.0597678,0.161887,-0.158824,-0.141608,-0.156296,-0.432605,0.0221578,-0.470223,0.0867463,-0.221294
361.473,1.61462,-0.37907,2.03123,2.3387,2.18763,0.735488,0.355636,0.87,-0.525372,0.238537,0.645849,1.0595,1.38115,-0.327988,1.53269,-0.237379,-0.0388095,2.61298,2.63308
361.97,1.46941,1.03787,1.12993,1.43948,2.21821,1.02079,0.940761,1.02034,1.28616,0.728698,0.756708,0.396353,0.126453,0.928125,1.13991,0.919079,1.65894,1.2824,1.32051
362.468,-0.0239945,-1.1025,-0.590264,-0.270191,-0.351348,-0.664047,-0.507627,-0.794586,-0.143967,-0.0614858,-0.701304,-0.56544,-1.28149,-0.290087,-0.415868,-0.748078,-0.426844,-0.0101073,-0.58827
362.965,-0.29039,0.566301,0.0142122,0.045479,0.301471,-0.0600666,0.545327,-0.0690071,-0.0369224,0.0539581,-0.347869,-0.486373,-0.139279,-0.315826,-0.319606,0.224192,-0.0582353,-0.199951,0.504059
363.462,0.0789585,-0.278026,0.0165437,-0.145761,0.0597746,-0.0692317,0.00779917,-0.653592,-0.0481713,-0.223015,-0.0188256,0.473296,0.407419,0.128903,-0.366677,0.0170607,0.174455,0.144115,-0.391557
363.959,0.221235,-0.0128506,0.219904,0.127246,0.0160982,0.133119,0.20452,-0.00896659,0.0982205,0.0791755,0.220921,-0.0715104,0.0198155,0.054341,0.0181526,0.13343,-0.0169662,0.128871,0.146539
364.456,0.0274649,0.072868,0.134357,0.0759524,0.414666,0.329033,0.210013,-0.183896,-0.00688159,-0.113929,-0.121825,0.0759524,0.0961272,0.332292,0.127035,0.358622,0.0904727,0.296054,-0.0794291
364.953,0.0968212,0.0724865,0.251795,0.169135,0.125567,-0.205201,0.11326,0.0186879,-0.0144448,0.408366,-0.0203406,0.22854,0.264746,0.109683,0.0871422,0.0912462,0.175028,0,0.0852188
365.449,0.270684,0,0.176,0.756688,0.186072,0.187579,0.236026,0.617492,0.184958,0.399328,0.9216,-0.0412023,0.16335,0.241043,-0.7425,0.234474,0.337706,0.377723,0.93456
365.946,0.146348,-0.0211485,-0.166304,-0.110724,-0.0503313,0.0268177,-0.126426,-0.213222,-0.233697,-0.234783,-0.207508,0.0688696,-0.0609783,-0.185612,-0.163127,-0.166504,-0.056913,-0.0628488,0.00962815
366.442,-0.166486,-0.858,0.0441841,0.0270769,-0.46268,-0.282857,-0.48,-0.557746,-0.596538,-0.260601,-0.668216,-0.228462,-0.470495,-0.113957,-0.328421,-0.077,-0.1163,0.0261386,0.0377143
366.939,1.36204,-0.747297,0.692584,0.0798039,0.521521,-0.0764984,-1.09904,-0.470568,0.866566,0.282584,-0.856529,1.14501,1.59154,1.38922,-0.128365,0.107735,1.05341,0.160457,1.40364
367.435,0.545913,-0.429337,-0.324391,0.136987,0.210306,0.0249068,-0.0423415,0.110264,0.284991,0,-0.588651,-0.0334275,0.152779,0.258754,0.130953,-0.78169,0,0.193496,0.236614
367.931,0.106857,0.27777,0.131625,0.213231,0.161138,0.0972931,-0.0328177,0.0693503,0.234173,0.193959,0.0347707,0.133859,0.159158,0.105133,0.167218,0.0926422,0.162509,0.126809,0.172366
368.427,0.448615,0.432874,0.225514,-0.0161902,0.195204,-0.273361,-0.0337074,-0.673146,-0.0376126,0.30375,-0.29219,0.371111,0.717829,0.167538,0.0908797,-0.0145827,-0.24033,-0.0574345,-0.202419
368.923,0.12312,0.0551054,0.167053,0.032832,-0.00806143,0.1672,0.14784,0.104018,0.154378,0.0991602,0.172892,0.030096,0.0726895,0.242565,0.0174751,0.198849,0.0639207,0.284889,0.205446
369.418,-0.0355978,-0.309741,-0.242937,-0.066829,-0.385918,0.0462947,-0.460678,-0.380259,-0.290478,-0.207952,-0.137529,-0.193485,-0.168513,-0.10299,0.262091,0,-0.128517,-0.173358,-0.108288
369.914,-0.0292697,-0.0450055,-0.0941781,0.12714,0.0486662,0.120166,0.051894,0.184478,0.0312961,0.0804237,0.115146,-0.0310911,0.00987498,0.0302116,-0.0708444,0.0150314,0.11856,0.0613341,-0.0442228
370.409,0.619826,-0.56454,0.0628202,1.42723,0.146878,0,0.570892,-1.02717,0.97442,-0.0935728,-0.105515,0.26413,0.204788,0.294968,-0.113383,0.0196645,-0.522325,-0.182107,0.704348
370.905,0.829029,0.0118361,0.124248,0.272497,0.519449,0.343315,0.0878979,0.326518,0.519929,0.599596,0.378756,0.431407,0.382984,0.661285,0.130457,0.0198584,0.330346,0.44931,0.367245
371.4,-0.334418,0.228696,-0.280287,0.00847769,-0.0762992,-0.309363,-0.0977987,-0.137874,0.128307,-0.41384,-0.17464,-0.132975,-0.360548,0.196471,0.14237,-0.430019,-0.0907223,-0.267782,-0.278568
371.895,0.299348,0.282273,-0.0401653,0.733734,-0.0213158,0.0284211,0.268099,0.262059,-0.0246284,0.189844,0.535748,0.28677,0.2025,-0.084375,0.650613,-0.291872,0.268344,0.46989,0.0562934
372.39,-0.268989,-0.545056,-0.137538,-0.193638,-0.0430308,0.252152,0.199116,-0.209795,0.0757607,-0.227851,-0.0675689,-0.214318,-0.226517,-0.0879123,-0.0261627,-0.397392,-0.143436,0.108051,0.121124
372.885,0.240935,-0.0229408,0.375628,0.18523,-0.043628,0.151932,0.279971,0.216609,-0.0427222,-0.276727,0.104479,0.158095,0.211831,0.359831,0.320527,0.255097,-0.022582,0.13147,0.296769
373.38,0.100721,-0.0970567,-0.145014,0.0758535,0.0787288,0.017115,0.101688,0.0499036,-0.0339981,0.00660745,0.134415,0.116021,-0.112084,0.0273839,0.121652,-0.0486241,-0.00824495,0.140222,0.0187756
373.875,0.178762,0.300321,0.349091,0.00678015,0.616714,0.500535,0.720967,0.238255,-0.129252,0.140646,0.318638,0.365268,0.339084,0.522998,-0.124167,0.354847,0.629807,0.00601349,0.110423
374.369,-0.434983,0.0473965,0.0697844,0.0456574,0.151657,-0.13787,-0.0140501,0.232983,-0.389062,-0.112627,0.154094,0.385642,-0.225254,0.14908,-0.17421,0.148537,0.167087,-0.296584,-0.126935
374.864,0.110332,0.09207,-0.0969753,0.0994201,0.0678966,-0.0752368,-0.197898,-0.0835129,-0.0561746,0.098715,-0.455675,-0.0861641,-0.22791,0.171194,-0.384599,-0.260978,-0.0866541,-0.123331,-0.170283
375.358,0.104562,0.15326,0.136787,0.243748,0.152478,0.26399,0.0699079,0.164874,0.289178,0.0266076,0.176408,-0.0933926,0,0.124523,0.253836,-0.0438463,-0.00925825,-0.00482649,0.403386
375.852,-0.0865385,0.128205,0.121993,-0.0318546,-0.185705,0.0910931,-0.00983392,-0.0379925,-0.0172216,-0.0461538,0.0269031,-0.0869005,0.0303644,-0.273703,-0.105428,-0.156552,-0.137462,-0.00412088,-0.11268
376.347,0.159206,0.0769036,0.206193,0.0290093,-0.0317784,-0.348202,0.0160718,-0.0399499,-0.155361,-0.120539,-0.0313508,-0.272225,0.228611,0.0428582,0.0149279,0.103097,0.102747,-0.11428,-0.120901
376.841,0.0348132,-0.478884,-0.0581284,-0.0586667,0.1169,-0.174614,-0.0498462,0.0120456,-0.583579,0.0887586,0.0242759,-0.368554,-0.145728,-0.117105,0.0132552,-0.039403,0.0939661,0.508444,0.0972632
377.335,0.312187,-0.224005,-0.197223,-0.1854,0.163199,-0.0906958,0.125153,-0.0399569,-0.318277,-0.105066,-0.0225398,0.337171,-0.124248,-0.228696,-0.0270477,-0.0380817,0.0363245,-0.108319,-0.283296
377.828,-0.0867189,-0.00417767,-0.109806,-0.211559,-0.0707909,-0.176734,0.120976,0.0447359,-0.075534,-0.193105,-0.0817321,-0.0549315,0.0334214,0.0504713,-0.0043119,-0.0046681,0,-0.126589,0.143155
378.322,-0.155664,0.287924,0.0673406,-0.0186751,0.230396,0,-0.0711986,-0.00767123,0.230863,-0.0375038,-0.0628994,-0.0946282,0.207466,0.0360085,0.0567012,-0.0949315,-0.134021,0.0742942,-0.0596949
378.816,0.0267387,0.0618484,0.0470776,-0.00261797,0.0127026,-0.00954954,-0.0323714,0.0256503,-0.0163873,-0.0827148,-0.0666353,0.0470088,-0.0702801,-0.0673331,0.106901,0.0393897,-0.0121187,-0.0171465,0.00596316
379.309,0.0569846,0.0269888,-0.159149,-0.0467532,0.075,-0.0569846,-0.0547419,-0.097561,-0.016752,-0.0404684,-0.0534731,-0.0602956,0.0131447,-0.187013,-0.0734694,0.0388704,0.0397959,0,0.0298618
379.802,0.0171267,0.0499787,0.029274,0.0607279,0.0369679,0.00373609,0.00325787,-0.0134253,-0.00213584,0.0181261,-0.00954455,-0.0226841,0.076783,0.0317568,0.0721005,0.0558595,0.084988,0.084974,0.0834593
380.296,0.187647,0.0889888,0.305576,0.0141003,-0.020348,0.262467,0.256698,0.278935,0.225478,0.441521,0.256296,0.320873,-0.0211744,-0.105659,0.165849,0.234181,0.361958,0.192524,0.386908
380.789,0.311809,0.092456,0.158317,0.296417,0.110451,-0.142887,0.0679009,0.0445887,0.0518784,0.244948,-0.16503,0.333183,-0.0974258,0.0804308,-0.251753,0.0459115,-0.069088,0.584409,0.287139
381.282,-0.0273068,0.0759262,-0.171236,-0.0890785,-0.0945461,-0.0500319,-0.212219,-0.189255,-0.19694,-0.0946969,-0.211529,-0.264666,-0.173412,0.103912,-0.327681,-0.10804,-0.159189,-0.0552716,0.0605749
381.775,0.148816,0.230034,0.10653,0.271215,0.183755,0.186399,0.0564126,-0.0676179,0.22386,0.157703,-0.106153,0.093882,0.0339315,0.199573,0.256199,0.0894222,0.149889,0.11193,0.238669
382.267,0.271444,0.346506,0.233189,0.20549,0.135188,0.251238,0.121506,0.0751775,0.165114,0.288949,0.106578,0.150655,0.0823022,0.467823,0.316424,0.492204,0.375108,0.294418,0.493813
382.76,0.0317597,0.058288,-0.0459787,0.115294,0.0415998,-0.0126658,-0.100741,0.0573853,-0.0844097,-0.0468498,0.0552131,0.036208,0.0104485,-0.0382788,-0.0234722,0.00780364,-0.0138318,-0.0293479,-0.0419393
383.253,0.0627387,0.205071,0.148667,0.0994002,0.107969,0.152083,0.0289563,0.235141,-0.0117942,0.0181171,0.0563166,0.149512,0.0373041,0.207491,0.208486,0.159984,-0.0619197,0.189268,-0.0213651
383.745,-0.146463,-0.185773,-0.195588,-0.17317,-0.13472,-0.0759714,-0.139009,0.0433068,-0.139051,-0.178469,-0.32971,-0.106017,-0.126739,-0.0420711,-0.0827923,-0.244614,-0.219797,-0.190514,-0.136349
384.237,-0.0494609,0.0592969,0.0663633,-0.0626802,0.15201,-0.0469162,-0.0286776,0.0650159,-0.0399474,-0.0629006,0.116173,-0.0239181,-0.0583456,0.122187,0.0144187,0.00927873,-0.0193622,0.0720255,0.0726316
384.73,0.100042,0.1848,0.06048,0.0916837,0.0909333,0.202067,0.137984,-0.00277895,0.0368194,0.255355,0.0455827,0.0789943,0.0817548,0.0905143,0.1023,0.176306,0.12759,0.045056,0.202631
385.222,0.166988,0.0880507,0.0320222,0.20819,0.047759,0.069558,0.084787,0.0707597,0.0789969,0.0817975,-0.015751,0.0485433,0.1313,0.0837401,0.0319473,0.0871228,0.083745,0.121695,0.137904
385.714,0.0117371,0.0126148,-0.0198127,-0.0147094,-0.017893,0.070663,-0.10116,0.0432507,0.0333371,-0.0269673,0.0336032,-0.0184167,0.109642,-0.102692,-0.0415297,0.023056,0.0946087,-0.143826,0.0538065
386.205,0.0366175,0.0468874,0.0966338,0.10839,-0.0176008,0.087851,0.0257263,0.0662701,-0.0177337,0.0395271,0.0998022,0.152567,0.0873956,0.0966543,0.133102,0.0603663,0.110317,0.0442268,0.0865672
386.697,0.199612,0.299523,0.0490345,0.0755438,0.0413372,0.00940476,0.115924,0.304584,0.148125,0.25028,0.0335377,0.0555469,-0.0045229,0.036,0.2844,0.263499,0.274215,0.480545,0.119639
387.189,-0.0449009,0.0177963,-0.0653331,0.014279,0.0445,0.108937,0.0122528,0.0949263,0.106615,-0.038235,0.0254437,-0.0537503,0.133704,0.029458,0.136325,0.0702079,0.0552132,-0.0980525,-0.070718
387.68,0.076898,0.0375141,-0.044849,0.150215,0.0319685,0.110957,0.09312,0.0603675,0.0518713,0.0475365,0.0153836,0.0981832,0.0170297,0.104443,0.122099,0.0568195,0.0772348,0.138914,0.133369
388.172,0.0128419,0.0400697,-0.01359,0.0643168,0.0941728,-0.0125878,0.0784917,-0.0180802,0.0945517,0.0518433,0.0463633,0.0143603,-0.0462031,0.129192,0.0506483,0.0773253,0.0296797,0.0737118,0.0942252
388.663,0.0401754,0.16998,0.128151,0.0860124,0.00659024,-0.00235964,0.0379149,0.199657,0.0429191,0.0325658,-0.00221421,0.0576843,0.0413265,0.018,0.0635802,0.0996397,0.0894767,0.0650212,0.0705213
389.154,0.0373195,0.192585,0.0560761,0.141229,0.185685,0.0534059,0.0632469,0.154795,0.184084,0.0874149,0.198969,0.113084,0.171639,0.15733,0.156613,0.126001,0.180548,0.0783697,0.234617
389.645,0.0404438,-0.070186,0.0389986,0.0441462,-0.180823,-0.0823791,-0.0582912,0.0386559,-0.0804974,-0.0384635,-0.0629634,0.0115521,0.0609849,0.0105265,-0.150423,0.0828503,0.0906959,0.0144136,-0.00800214
390.136,-0.00220911,0.0912807,0.00713612,0.082703,0.0611839,0,0.0597786,-0.130337,0.0417441,-0.0559436,-0.00888516,0.0484233,0.0852976,0.00222129,-0.0813334,0.0817144,0.0546285,-0.0174181,-0.0503493
390.627,0.0549522,-0.0671395,-0.00846296,0.0459865,-0.0132643,-0.0796083,0.0711102,0.0212372,-0.133239,-0.0965977,-0.145315,-0.114465,-0.00787114,-0.0248429,-0.00192406,-0.119474,0.0260248,0.0577728,-0.038547
391.118,-0.00152352,0.0165303,-0.00946814,-0.0124681,-0.0283537,-0.0975347,-0.0338655,0.00474256,0.0552255,-0.00879185,-0.0249185,0.0639425,-0.0217041,-0.0425458,0.0804632,-0.0266858,-0.0128308,0.0703728,0.00451595
391.608,0.0302297,-0.00910954,0.0385996,0.0288011,0.0250899,0.051982,-0.0221403,0.0727459,-0.0274596,-0.0333134,0.00951811,0.0387811,-0.00837705,0.0380775,0.0443823,0.0601686,-0.00889737,0.0619928,-0.00763987
392.099,-0.00966241,0.0378816,0.0356566,0.0583055,0.0652696,0.0187914,0.0823282,0.06354,-0.028073,-0.0779951,0.024764,0.0397125,0.00217008,0.0856796,0.0700165,-0.0131064,0.124805,-0.0200231,0.125338
392.589,-0.0448,0.0220156,0.0475152,-0.0440449,-0.0184615,0.0427299,0.0505605,0.0100513,0.0673068,0.0616,0.0803804,0.0426227,0.0587083,-0.023776,0.0803122,0.0603077,0.053617,0.0691765,0.0820032
393.08,0.0331095,-0.018,-0.0533864,0.0825442,0.0653184,-0.0436154,-0.0648501,-0.041074,-0.0366934,0.0675423,-0.0282617,-0.0768814,-0.0460508,-0.0320149,-0.0756,-0.0934712,-0.0540859,0.0860155,0.00190588
393.57,-0.0299958,0.126674,0.0822316,0.126457,0.0994178,0.0300969,0.135513,0.00782086,0.093825,0.0247477,0.0475074,0.0273668,0.0468466,0.0958411,0.0858112,0.0687385,0.142847,0.0708951,0.129279
394.06,0.0622941,0.0979758,0.0718464,0.0903002,0.058085,0.164171,0.0873761,0.0768772,0.0801217,0.0278048,0.0951949,0.0482277,0.0380514,0,0.0931797,0.138655,0.162358,0.0586419,0.137803
394.55,0.0172247,0.063217,0.0171387,0.0449144,-0.105908,0.00610412,0.0236188,0.0467068,0.00650533,0.0327877,0.00295655,0.0101317,0.019383,0.0123168,0.0674251,0.0509576,0.0474336,0.050882,0.0413242
395.04,0.0660764,0.161701,0.114796,0.0462881,0.134384,0.0378592,0.121657,0.173082,-0.00207949,0.105159,0.196027,0.217721,0.107923,0.0197785,0.0824203,0.0993086,0.124334,0.230194,0.0852878
395.529,0.0198747,0.0369052,-0.00550922,0.00558031,-0.00393635,-0.01569,0.0508308,-0.0754315,0.026762,-0.00402426,0.0541914,0.0400439,0.0470682,0.0371399,-0.0218974,0.0119102,0.0577195,0.0906461,0.0745644
396.019,0.0511574,0.0925918,0.0679889,0.0920541,0.160746,0.0853426,0.0168024,0.145705,0.153439,0.0948585,0.113255,0.0435596,0.124776,0.0775337,0.131327,0.0928862,0.129575,0.134532,0.15514
396.508,-0.0120923,-0.0230399,0.0422458,0.0297719,-0.00566788,0,0.0564124,0.0297177,0.0308127,-0.0558795,-0.00628947,-0.0381304,-0.0657676,0.0388647,0.0164645,0.0142541,0.0234165,0.0450389,0.152487
396.998,0.0124798,0.081569,0.0378595,0.0861287,0.0593083,0.016636,0.0860898,0.0761931,0.0358191,0.033608,0.0377606,0.0530653,0.0638399,0.0833163,0.0717544,0.0108284,0.125862,0.103771,0.1013
397.487,0.0720876,0.152451,-0.0343059,0,0.0955262,0.0467054,-0.0921744,0.00949676,-0.017144,-0.0240569,0.118562,0.0499527,0.0563657,0.121371,0.0979561,0.0542027,0.0939952,0.087425,0.164367
397.976,-0.00966645,-0.0241386,0.0355343,-0.061431,-0.0657524,0.00850128,0.0214829,0.0234926,0.114871,0.0670421,-0.083789,0.0439423,0.0363617,-0.00480038,-0.018591,0.113945,0.0642233,0.00348008,0.0294357
398.465,-0.0090548,-0.0141226,0.0560009,-0.0338749,-0.00565424,-0.0169917,-0.019364,-0.00207736,0.0284565,-0.0183677,0.0293591,-0.0241419,-0.013463,-0.0103114,-0.0199644,-0.0190082,0.019343,0.0184647,0.0687009
398.954,0.0514044,0.0327835,0.0370259,0.133529,0.0720823,0.0437483,0.112605,0.0865868,0.0485975,0.141002,0.0733319,0.087628,0.0548551,0.0789886,0.128214,0.154447,0.138073,0.0851596,0.106228
399.443,0.044348,-0.0428816,0.0589113,-0.0222503,-0.0341819,0.0854822,0.0173864,-0.0110985,0.03562,-0.0231579,0.0051462,0.0443021,0.0475509,-0.0937389,0.00336286,0.0727014,0.0232283,0.0118745,0.0280596
399.931,0.020599,0.00628191,-0.0103101,-0.0419896,-0.0434225,-0.00818687,0.013918,-0.0406826,-0.042281,-0.0182036,0.00760674,0.0262671,-0.00358371,0.00351602,-0.0625662,-0.00819545,-0.0363967,0.0558462,0.0247381
400.42,0.0586968,0.0731928,-0.0417814,0.00658722,0.041045,-0.0462238,0.0771878,0.0112484,0.074628,0.0236027,0.0276802,-0.0134852,0.0369472,0.0676832,0.0829612,-0.0068551,0.0463249,0.0311505,0.0202668
400.908,0.0391416,0.0181839,0.050755,0.00464192,0.0996596,0.0334044,0.0447732,-0.0188383,-0.0351966,0.0256595,-0.0465864,0.00106128,0.0165122,0.0512937,0.0278638,0.0601859,0.00946457,0.0598805,0.108766
401.397,0.0910144,0.0623535,0.0519884,0.069595,0.0523958,0.0352935,0.0990689,0.0567471,0.0798561,0.051027,0.0975285,0.0203635,0.0421561,0.0753072,0.0896064,0.0636845,0.0564225,0.0906452,0.135202
401.885,0.0441875,0.0376352,0.0813735,0.0600921,0.0325936,0.0543889,0.0316144,0.0833926,0.0236572,0.068656,0.0506497,0.0760362,0.0454366,0.0218921,0.0353348,0.0594624,0.035568,0.0988356,0.102613
402.373,0.119758,0.0946245,0.082413,0.0950836,0.0464096,0.120421,0.0660273,0.0550536,0.021793,0.0576662,0.0812717,0.0874745,0.0314004,0.0794752,0.102623,0.0433094,0.0852734,0.104472,0.128925
402.861,0.0680431,0.062238,0.039707,0.0858655,0.0768519,0.0610773,0.0855599,0.0963357,0.113618,0.106543,0.104502,0.0496027,0.0694417,0.0428638,0.126764,0.0879362,0.0898033,0.126476,0.0563059
403.349,0.0222808,0.0316549,0.0188974,0.00554117,-0.0307862,-0.0258127,0.0182225,-0.0121484,-0.0124061,0.0150828,-0.0341672,0.033955,-0.0122012,-0.0160884,-0.0314021,0.0848876,0.102178,0.0110823,0.0930678
403.837,0.11069,0.0459447,0.0973586,0.0538617,0.0594902,0.0405825,0.102459,0.0698193,0.0503965,0.0328499,0.00486178,0.0177819,0.0486584,0.0172909,0.0331759,0.0553425,0.115852,0.0894169,0.144672
404.324,0.0412742,0.0607094,0.0681384,0.034969,0.0325494,0.0476654,0.0438699,0.00193885,0.0500908,0.0147277,0.0625765,0.0742636,0.0279592,0.0685892,0.0379312,0.0320266,0.0868774,0.0698247,0.0707083
404.812,0.0426069,0.0385707,0.0761305,0.0393289,0.0845248,0.0523218,0.0438232,0.00312236,0.0327944,0.0251977,0.0244626,0.00158659,0.0358094,0.0291923,0.0456854,0.0139654,-0.00472681,0.0166264,0.0431486
405.299,0.124405,0.066102,0.0871488,0.0850178,0.0982266,0.0778265,0.055727,0.0953191,0.0566878,0.0534312,0.0263732,0.0633208,0.0446635,0.073238,0.0388991,0.0894225,0.0720106,0.0986052,0.108189
405.786,0.110635,0.0614229,0.0555205,0.0418104,0.065568,0.0418762,0.0815162,0.113321,0.0523795,0.037411,0.0950076,0.0762335,0.0629489,0.0423674,0.0475796,0.0701391,0.150174,0.11219,0.122383
406.274,0.00466555,0.0862105,0.056512,0.0344147,0.0691844,0.0593565,0.0387947,0.0332379,0.0255726,0.0104814,0.0247179,0.0702488,0.00757172,0.0695419,0.0568568,0.0679423,0.053645,0.0972768,0.0710698
406.761,0.00564688,-0.0161339,0.0195242,0.0528409,-0.00485373,-0.00238842,-0.0175785,0.00643114,0.00236885,-0.00158791,-0.0414564,-0.0420813,-0.00228608,0.00407328,0.0124134,0.02424,0.0257783,-0.00163855,0.0137043
407.248,0.0715837,0.105625,0.043081,0.0658186,0.00526598,0.0877516,0.0145534,0.0522725,-0.0145702,0.0418146,0.00334292,0.0382889,0.0547894,0.032479,0.0538097,0.0535076,0.0601338,0.0701868,0.121704
407.734,0.0632889,0.0353707,0.0668378,0.0689542,0.0389138,0.057075,0.0347715,0.0288729,0.0645948,0.0325683,0.0134716,0.0434171,0.0362012,0.0487833,0.0226226,0.044181,0.0283897,0.0347715,0.063044
408.221,0.0583787,0.0007794,-0.00526693,0.0143695,0.0085792,0.0158344,0.0108895,-0.0140281,0.0655326,0.0221057,-0.00413182,-0.013988,0.0400201,-0.000805561,0.023559,0.0394725,0.049613,0.118089,0.0510515
408.708,0.0754844,0.0435483,0.0361993,0.0260885,0.041334,0.0484626,0.0469183,0.0290504,0.0521345,0.0233371,0.0443758,0.0557079,0.028109,0.0160296,0.0342427,0.0590018,0.0716564,0.042551,0.0717165
409.194,0.0753369,0.0669327,0.0166012,0.0342718,0.0524032,0.0549776,0.020909,0.0777066,0.0648958,0.0464852,0.0370724,0.00866795,0.0192966,0.0604476,0.0370974,0.041944,0.0484781,0.0540908,0.0851297
409.681,0.0482942,0.0205425,0.042806,0.0628625,0.0496692,0.0221502,0.0312151,0.00568646,0.0380254,0.0468538,0.0100522,0.0228985,0.0474209,0.0566807,0.0373203,0.028046,0.0406598,0.0415164,0.0465364
410.167,0.062387,0.0194316,0.0756951,0.0753089,0.0735242,0.101237,0.0519687,0.037611,0.0624979,0.0356033,0.0442998,0.0474639,0.0171967,0.0578845,0.0707593,0.0596927,0.0708651,0.109724,0.103287
410.653,-0.00157007,-0.00958127,0.0171067,0.0143457,0.0458344,0.0464285,0.0214662,0.0302301,-0.00956377,-0.0119184,0.00564762,0.0179375,0.00569676,0.060486,-0.00246599,0.00711652,0.0498907,0.071218,0.0239094
411.139,0.0630314,0.0628333,0.0403692,0.0387723,0.0569249,0.0375355,0.0385104,0.0258938,0.0443802,0.0362053,0.038236,0.0737235,0.0372073,0.0393946,0.0425491,0.0511318,0.0451403,0.0936971,0.07107
411.625,0.0558474,0.045245,0.0290453,0.0443766,0.0297053,0.0255453,0.0307006,0.0158766,0.0579054,0.00980837,0.0684083,0.0267989,0.0395643,0.0558305,0.0532958,0.0304588,0.0307143,0.053719,0.0472365
412.111,0.0350958,-0.0119661,0.0143217,0.00264578,0.0471294,0.0461982,0.0343569,-0.0171593,0.0495352,0.0127046,-0.00407084,0.0106844,0.0258857,0.010483,0.0562788,0.0468952,0.0748145,0.0230286,0.0507984
412.597,0.0415839,0.0307612,0.0695128,0.0139444,0.0311861,0.0415378,0.0182559,0.045345,0.0223143,0.0536211,0.0236927,0.0356738,0.0381507,0.0525719,0.0251217,0.0195433,0.0642379,0.0681085,0.0480633
413.082,0.0827145,0.0726393,0.0480022,0.0284967,0.0315511,0.0387925,0.0354946,0.0685055,0.043885,0.0259859,0.0613566,0.0440577,0.0402198,0.0131724,0.0758799,0.0394219,0.0464681,0.0614467,0.10847
413.568,0.0583493,0.0425996,0.0639101,0.0764261,0.0723046,0.070385,0.0722311,0.0303276,0.0772662,0.0356093,0.0474833,0.069205,0.029075,0.0247033,0.0543013,0.0472238,0.0586929,-0.00575292,0.0708631
414.053,0.012729,0.0256297,0.0543286,0.0435158,0.0680516,0.0412267,-0.0162565,0.0382033,-0.0155657,-0.0100547,0.0445295,0.00150935,0.0237746,0.0434442,0.0535413,-0.019172,0.0583961,0.0403549,0.0803125
414.538,0.0507673,0.0623316,0.0172023,0.0528756,0.0369493,0.0366254,0.0279581,0.0537507,0.0354716,0.0424323,0.0359996,0.0343704,0.0180884,0.0287849,0.0171205,0.0368447,0.0604763,0.0555797,0.0983557
415.023,0.0588025,0.0774434,0.0655636,0.0728415,0.0359817,0.0606559,0.0369667,0.0567018,0.0252309,0.0390042,0.036229,0.0467451,0.0312529,0.0174933,0.0508079,0.0619708,0.0852264,0.0810193,0.100583
415.508,0.0754311,0.0353369,0.0668396,0.0361197,0.0443613,0.0216524,0.0109088,0.0247627,0.025501,0.0553682,0.0300364,0.050407,0.0162971,0.0205922,0.0363241,0.0417525,0.0387462,0.0516434,0.05047
415.993,0.0527224,0.0391982,0.0712975,0.0552596,0.0638467,0.0590878,0.0298629,0.0622949,0.0330738,0.030499,0.0192024,0.0288444,0.0134362,0.0373119,0.0500756,0.0366969,0.0245372,0.0789076,0.0783244
416.478,0.0415226,0.0854654,0.0677286,0.0462992,0.0466377,0.0367135,0.0357644,0.0438071,0.0465042,0.0659021,0.0182435,0.00835196,0.0147723,0.061716,0.0452737,0.0363307,0.0283825,0.0910446,0.0859564
416.963,0.0163515,0.0618592,0.0412223,0.0390567,0.0429853,0.019712,0.054366,0.0397137,0.0128095,0.0413997,0.0370033,0.0319275,0.0281058,0.019398,0.0482172,0.0627064,0.0624465,0.0586335,0.0448348
417.447,0.0279357,0.0410655,0.0314604,0.0495015,0.0214792,0.052033,0.0738747,0.0255526,0.0274918,0.0373165,0.0394722,0.0438553,0.0402369,0.0268837,0.0475055,0.048483,0.043042,0.0568717,0.0635114
417.932,0.0102739,0.0223763,0.0179931,-0.00387291,0.0125147,0.0404995,0.0426989,0.0342869,0.0259096,0.0443313,0.0191383,0.02938,0.0421584,0.0321439,0.0294783,0.0433752,0.0534732,0.0429592,0.0626176
418.416,0.0311905,0.0720362,0.0546263,0.0493527,0.0429116,0.0502628,0.031819,0.0366905,0.025342,0.0452083,0.0398311,0.0322112,0.0507167,0.0418389,0.0377563,0.0282899,0.0448412,0.0615288,0.0631127
418.9,0.0453107,0.0616564,0.0324054,0.0591321,0.0333353,0.0380502,0.0583688,0.0707632,0.0237981,0.0357441,0.0327096,0.017205,0.0468968,0.0458377,0.0307075,0.0338924,0.0456376,0.0917161,0.0868072
419.384,0.0389269,0.0216487,0.0207994,0.0219266,0.0202853,0.0200023,0.0129902,-0.00148567,0.00246167,0.0308787,0.0164581,-0.015218,0.0043317,0.0360528,0.0178737,0.0312209,0.0377681,0.0395848,0.0525837
419.868,0.0659351,0.0544058,0.0383713,0.0590658,0.0392167,0.0486551,0.0641945,0.0273295,0.00745587,0.0623162,0.0465245,0.065432,0.0340279,0.0558763,0.0696058,0.0582653,0.0764058,0.0608621,0.0911362
420.352,0.0560523,0.039728,0.0671504,0.0802793,0.0522612,0.0392208,0.0391986,0.0568647,0.0624543,0.0420052,0.0239453,0.05392,0.0263708,0.0559216,0.0750889,0.0510139,0.0345017,0.0689191,0.0765732
420.836,0.0568096,0.0773446,0.0555343,0.0445211,0.0748608,0.0370486,0.0658145,0.043164,0.0612715,0.0479308,0.0475443,0.0567689,0.0377421,0.0248771,0.0593333,0.0460733,0.0759633,0.0760826,0.102355
421.319,0.0383889,0.0397934,0.0495771,0.0247769,0.0382183,0.0319952,0.020471,0.0376421,0.0223481,0.018146,0.0150042,0.01908,-0.00520424,0.0399823,0.0129017,0.03816,0.0530917,0.0357331,0.0667399
421.803,0.0377627,0.0378769,0.0595193,0.0359528,0.0597069,0.0253312,0.0776539,0.0566788,0.052051,0.0539028,0.0426826,0.0490807,0.018846,0.0467907,0.039416,0.0340184,0.0504354,0.0604853,0.0869054
422.286,0.027309,0.0496104,0.0587209,0.0399221,0.0468405,0.02852,0.0440602,0.0390228,0.0197582,0.0423043,0.0228842,0.0361839,0.0428898,0.0424125,0.0340332,0.0473263,0.0340006,0.071601,0.0719096
422.77,0.0356663,0.0305255,0.0288496,0.0133513,0.0395089,0.00975601,0.0409963,0.00554189,0.0287821,0.0473511,0.0309308,0.0199692,0.00886975,0.0290842,0.0122705,0.0256066,0.0459645,0.0377301,0.0412743
423.253,0.0518221,0.0479955,0.0406132,0.0601864,0.076846,0.0596823,0.0391791,0.0376174,0.050225,0.0391528,0.0585577,0.043206,0.0340593,0.0430209,0.0256664,0.0464124,0.0556012,0.0539184,0.0802947
423.736,0.0395358,0.0318674,0.0369237,0.0542232,0.0412284,0.0467573,0.0339472,0.0290707,0.0274025,0.0365917,0.0179184,0.0263564,0.0358368,0.0274816,0.0423452,0.0404952,0.0664749,0.0668459,0.073529
424.219,0.0671907,0.0504634,0.0612256,0.0521687,0.0450364,0.0548993,0.0363601,0.0592328,0.0638365,0.0504525,0.0550931,0.0603722,0.044588,0.0593752,0.046045,0.0555456,0.0764526,0.0696318,0.0943277
424.702,0.0398647,0.0345392,0.041052,0.0302955,0.0204189,0.047835,0.0342149,0.0448865,0.0125414,0.0148807,0.0374965,0.0283978,0.0405245,0.029854,0.0459013,0.0364843,0.0305301,0.071673,0.0595307
425.184,0.0362018,0.0370042,0.0401686,0.0512929,0.0414706,0.0356256,0.0371255,0.045143,0.0206068,0.0410322,0.0389147,0.0434898,0.0383157,0.0315478,0.0224458,0.0486322,0.0284527,0.0773666,0.0852543
425.667,0.0463422,0.0370148,0.0456536,0.0528954,0.0415373,0.0377847,0.0155425,0.0353885,0.0264,0.0269242,0.0396191,0.0305219,0.0217243,0.0392543,0.0299565,0.0459864,0.0439516,0.0666207,0.0452473
426.149,0.0653621,0.0381198,0.0540154,0.0498184,0.0592232,0.0115755,0.0336847,0.0552599,0.0290114,0.0394161,0.0397286,0.0359968,0.0276119,0.034652,0.0259297,0.0288204,0.0397492,0.0606385,0.0462238
426.632,0.0705462,0.0536454,0.0610072,0.0584828,0.0489246,0.0487925,0.0341077,0.0382724,0.0635932,0.0578762,0.0407902,0.0426727,0.0260863,0.0569998,0.0338317,0.0538574,0.0712563,0.0740368,0.0885582
427.114,0.05725,0.0711964,0.0676123,0.0656571,0.0587206,0.0432816,0.0602273,0.0494063,0.0475762,0.0547137,0.0526063,0.0401135,0.0448469,0.0485305,0.0495475,0.0509251,0.0559294,0.0679525,0.0849313
427.596,0.0715103,0.055447,0.0660242,0.0678776,0.0502553,0.0714088,0.0631926,0.0482206,0.0504296,0.0518478,0.0504995,0.0528914,0.0511449,0.0365796,0.0496579,0.0624825,0.0680655,0.0521691,0.0913766
428.078,0.0682398,0.0801525,0.0446663,0.0642704,0.0542934,0.0796532,0.0415932,0.0534687,0.0331176,0.0553821,0.0492045,0.0506054,0.0530795,0.0370426,0.0345166,0.0513279,0.0757523,0.0670408,0.0772974
428.56,0.0534943,0.0507218,0.0438905,0.0417123,0.0355144,0.0275637,0.0346116,0.00713951,0.0311501,0.014608,0.028448,0.0370598,0.0325807,0.0188964,0.0292589,0.0358645,0.0509977,0.0435144,0.0471422
429.042,0.0427302,0.0466392,0.0575727,0.0181639,0.0442067,0.0277084,0.041781,0.038457,0.0611913,0.0515357,0.0386159,0.0463896,0.0445606,0.0614268,0.0526011,0.038592,0.0592516,0.0538823,0.0901245
429.524,0.0620257,0.0603307,0.0534793,0.0499884,0.0505194,0.0395802,0.0493605,0.0517509,0.0205076,0.0489189,0.0532308,0.04952,0.0364774,0.0380805,0.0548416,0.0370313,0.0647541,0.0554826,0.086094
430.005,0.039026,0.064411,0.0209029,0.0283179,0.0358141,0.046061,0.0408295,0.0369748,0.0258316,0.0470832,0.0193058,0.0307552,0.028584,0.043289,0.0326766,0.0418989,0.0493741,0.061581,0.0859073
430.487,0.0468157,0.0374293,0.0548661,0.0328454,0.0434958,0.03869,0.0425954,0.0294126,0.0348878,0.0230391,0.0258488,0.0245861,0.0370368,0.0345528,0.0360994,0.0405086,0.0225456,0.0544222,0.0681626
430.968,0.0504474,0.0433619,0.0523337,0.0418923,0.0547762,0.048316,0.0617545,0.0456123,0.0514674,0.0379905,0.0488613,0.0477748,0.021038,0.0604633,0.0432286,0.0590955,0.0618588,0.0485076,0.0958189
431.449,0.0272092,0.0521417,0.0432387,0.0399388,0.0309598,0.0421849,0.0238451,0.0387105,0.0332627,0.0246958,0.024554,0.0206372,0.0233423,0.0308474,0.0389036,0.0296968,0.032046,0.0352119,0.0663429
431.93,0.0215364,0.0317211,0.0278956,0.0455101,0.0359885,0.0302861,0.0184343,0.013063,0.0337344,0.0202788,0.022302,0.00690886,0.0306539,0.0254371,0.0158087,0.0485617,0.0438889,0.0417223,0.0661249
432.411,0.0310703,0.0228693,0.0152625,0.0323956,0.0167837,0.0305394,0.0312203,0.020778,0.0142822,0.00906944,0.0117585,0.016388,0.016491,0.00480221,0.0300969,0.0237468,0.0316444,0.0302781,0.0517881
432.892,0.0353958,0.019226,0.030327,0.0489481,0.0483942,0.0336492,0.0341367,0.0408876,0.024283,0.0330116,0.0508814,0.0185706,0.0460486,0.0213384,0.0248227,0.0440261,0.0337579,0.0604947,0.0681301
433.373,0.0660428,0.0501799,0.0713079,0.067211,0.0667695,0.0633313,0.0494032,0.0663617,0.0646518,0.056196,0.0532583,0.0649919,0.0436691,0.0581496,0.0577028,0.0600782,0.0688777,0.0721145,0.0933096
433.854,0.0397774,0.045625,0.0536414,0.0401724,0.0529633,0.0324093,0.0288145,0.0500475,0.040621,0.0328935,0.0414005,0.0380632,0.0259566,0.0351773,0.0479986,0.0585697,0.0536423,0.0613401,0.0734399
434.334,0.0403942,0.0498822,0.0269313,0.0402649,0.0301038,0.0211875,0.0318862,0.0263125,0.012678,0.018712,0.0378214,0.021391,0.0155671,0.0194951,0.0295893,0.0262335,0.044659,0.0569227,0.0715389
434.814,0.0456102,0.0603597,0.0685517,0.040081,0.0431957,0.0685033,0.0547416,0.0496275,0.0277595,0.0507475,0.0333551,0.0503626,0.0264789,0.0434573,0.0435777,0.0350391,0.0572646,0.0796372,0.0798006
435.295,0.0455243,0.049372,0.0491741,0.0532038,0.0555253,0.0459157,0.0328692,0.0331243,0.0362172,0.0312973,0.0401131,0.0405986,0.0384807,0.0428452,0.0409213,0.0572523,0.0446858,0.0697754,0.0658876
435.775,0.0354815,0.0337468,0.035814,0.041983,0.0224594,0.0313799,0.0320039,0.0287785,0.0259326,0.0175848,0.028332,0.0302369,0.0294178,0.0387841,0.0268836,0.0292467,0.0419455,0.0399256,0.0697693
436.255,0.0555785,0.0463567,0.0681412,0.0454987,0.0555308,0.0371709,0.0500877,0.0417493,0.0352678,0.0389666,0.0512385,0.0464699,0.0432096,0.0297488,0.0406239,0.0412404,0.0616309,0.0782266,0.070914
436.735,0.0521511,0.0560832,0.0356765,0.0426345,0.0470888,0.0365554,0.0441982,0.0353158,0.0423676,0.0432937,0.0397178,0.0195744,0.0364854,0.0337133,0.0417418,0.0483651,0.056425,0.0609789,0.0790427
437.215,0.0741524,0.0700962,0.0622851,0.0696251,0.0615424,0.0633702,0.0544653,0.0511147,0.064412,0.0565353,0.0600847,0.051954,0.0526109,0.0385368,0.071371,0.0619636,0.0701624,0.0862575,0.098132
437.695,0.0297169,0.048272,0.0402685,0.042238,0.0448927,0.0327257,0.0333183,0.0271183,0.039366,0.037214,0.0349231,0.033469,0.0428687,0.0255763,0.0372282,0.0480964,0.0539048,0.0545031,0.0499773
438.174,0.0620478,0.0410618,0.0467362,0.0498818,0.0460927,0.0407607,0.0373885,0.0433354,0.0353621,0.0295517,0.0330309,0.0375946,0.0361577,0.0391235,0.0407541,0.0412192,0.0433292,0.0599325,0.0912852
438.654,0.0380813,0.0399476,0.035075,0.0465731,0.0331218,0.0469061,0.0303534,0.0414892,0.0397974,0.0275176,0.0494754,0.0233946,0.0100718,0.0271413,0.030579,0.0414799,0.0537185,0.0545054,0.0553449
439.133,0.0268436,0.0496206,0.0487279,0.0414292,0.0298503,0.0318958,0.0326343,0.0484705,0.030193,0.0325241,0.0393617,0.0210579,0.030681,0.0315344,0.0279587,0.039011,0.052301,0.0569427,0.0700898
439.612,0.0396186,0.0362728,0.0350341,0.0405282,0.0333983,0.0328583,0.0388356,0.0337931,0.0314046,0.0207713,0.0251105,0.0334061,0.0367725,0.0376148,0.0252454,0.0340236,0.0527519,0.0388286,0.0629784
440.091,0.0581779,0.0477878,0.0686906,0.0538095,0.0730069,0.0627877,0.0606916,0.0458307,0.0620161,0.0416083,0.0446868,0.0536503,0.05824,0.0409804,0.0637772,0.0515821,0.0610141,0.069831,0.0931716
440.571,0.0602633,0.0444757,0.0389995,0.0522871,0.0481102,0.0449668,0.0386677,0.0518524,0.0449253,0.0358037,0.0296113,0.0426665,0.0493876,0.0543348,0.0485505,0.0446535,0.045896,0.0612167,0.0697883
441.049,0.0516902,0.0491422,0.0337451,0.0381862,0.044059,0.0350973,0.0441835,0.0320084,0.0326535,0.0312005,0.0295972,0.0401674,0.0427845,0.0451001,0.0431396,0.0385949,0.0458099,0.0554145,0.0699067
441.528,0.0585758,0.0507895,0.0499202,0.0587604,0.035342,0.0596227,0.0325802,0.0436249,0.0400989,0.0396889,0.0417026,0.0316345,0.0355339,0.0494354,0.0369693,0.0547859,0.0471956,0.0716713,0.0772492
442.007,0.0466074,0.0449667,0.0457122,0.0344051,0.0342515,0.0308513,0.0249877,0.0255784,0.0150527,0.0276094,0.0239072,0.0256328,0.0301522,0.0273738,0.0380951,0.0415663,0.0406331,0.0521452,0.0650334
442.486,0.0553848,0.0553658,0.0524509,0.0450111,0.0553298,0.0516682,0.0501652,0.0464056,0.0449655,0.0597015,0.0401868,0.0472462,0.0490419,0.047049,0.0500425,0.0555182,0.0605364,0.0576971,0.088449
442.964,0.0705609,0.0554538,0.0583556,0.0543976,0.0514317,0.0425908,0.0621995,0.0522895,0.056424,0.0446981,0.0392182,0.034854,0.038524,0.0479553,0.0558815,0.0426835,0.0571965,0.0660197,0.0866136
443.442,0.0611681,0.0653917,0.0592011,0.0648518,0.053294,0.0481904,0.0544438,0.0519757,0.0535593,0.0460327,0.0435871,0.0454549,0.0473257,0.0496643,0.0468868,0.0566308,0.0783039,0.0716389,0.0938691
443.921,0.0439925,0.0574476,0.0496588,0.0575713,0.0425159,0.0535304,0.0464533,0.0514179,0.0369566,0.0512128,0.0330993,0.0383519,0.03428,0.0418516,0.0448114,0.0638702,0.0623717,0.0667879,0.0641431
444.399,0.0332147,0.0430835,0.0515492,0.033261,0.0454246,0.0379322,0.0362308,0.0418262,0.0318925,0.0406136,0.0359455,0.0285131,0.0425295,0.0414519,0.0405236,0.0437136,0.0558063,0.0691827,0.0695235
444.877,0.0423235,0.0377781,0.0380199,0.0456993,0.0373649,0.0238782,0.034579,0.0405163,0.0279556,0.0324436,0.0215998,0.0283261,0.0286665,0.0350293,0.0247044,0.0450438,0.0547831,0.0455438,0.0658265
445.355,0.0404003,0.0459255,0.0469798,0.0538873,0.0351084,0.0403729,0.0358038,0.0343253,0.0327555,0.024687,0.0321355,0.03076,0.0235881,0.0394656,0.0376471,0.0404226,0.052909,0.0548714,0.0638067
445.832,0.0489446,0.0392873,0.0470329,0.0504046,0.0389785,0.0355409,0.0452494,0.0302961,0.0290236,0.0283639,0.0324716,0.0228332,0.0271634,0.0387766,0.0295195,0.0337547,0.0401023,0.0638995,0.0640544
446.31,0.0507804,0.0401093,0.0491295,0.0487738,0.0591299,0.0571972,0.0393938,0.0366018,0.033056,0.0395786,0.045853,0.0309823,0.038071,0.0427136,0.0409877,0.0515276,0.0593221,0.0632249,0.0756214
446.788,0.0642579,0.0573246,0.0631821,0.057119,0.0581468,0.0553795,0.0476294,0.0533932,0.0445736,0.0510613,0.0379148,0.0440809,0.0464841,0.0409664,0.0463067,0.0663494,0.0593263,0.0588827,0.0962568
447.265,0.0544902,0.0509814,0.045442,0.0585838,0.0558412,0.0496365,0.0468839,0.0486236,0.0257051,0.0447139,0.0467163,0.0284008,0.0337751,0.047602,0.0440154,0.0506576,0.0544237,0.0619452,0.0734077
447.742,0.0394204,0.0421683,0.042183,0.042234,0.0458422,0.0360899,0.0438992,0.0373795,0.0295937,0.0386813,0.0391144,0.0335625,0.0427419,0.0414648,0.0321186,0.0401622,0.0598933,0.0479832,0.0650095
448.219,0.054834,0.0593076,0.0484175,0.0492963,0.0462301,0.0475231,0.0582796,0.0362068,0.0347924,0.0420257,0.0352347,0.0483739,0.0400044,0.0501963,0.0479983,0.053152,0.0555188,0.0679365,0.0799177
448.697,0.0474599,0.0494013,0.0476546,0.0467686,0.0393476,0.0345493,0.0443771,0.0362063,0.0403614,0.0395138,0.0323677,0.0243403,0.0325337,0.0428986,0.049686,0.0542745,0.0428375,0.0651878,0.0752276
449.173,0.0455835,0.0542525,0.0482718,0.0331866,0.0525866,0.0344993,0.0328643,0.0422814,0.0255876,0.03275,0.0360757,0.0382269,0.0336573,0.0206115,0.0411253,0.0479293,0.0527529,0.0480258,0.0738664
449.65,0.0429338,0.0519567,0.0467155,0.0506413,0.0476067,0.0456468,0.0421454,0.0402437,0.0283294,0.0351683,0.0354204,0.0282403,0.0414043,0.0469746,0.0276003,0.0475841,0.0440145,0.0558054,0.0687374
450.127,0.04779,0.0445964,0.0492474,0.0355327,0.0406747,0.0381359,0.0346501,0.0385325,0.0225223,0.0209904,0.0210759,0.0180544,0.0272348,0.0337856,0.0183079,0.0408858,0.0414105,0.0555434,0.0559593
450.604,0.0529386,0.0505889,0.0526927,0.0457857,0.0544328,0.046471,0.0348823,0.0512805,0.041435,0.0450109,0.0333296,0.0524601,0.0364626,0.0352562,0.0375834,0.0465269,0.0604433,0.0646712,0.0776128
451.08,0.0582081,0.0472954,0.052305,0.0482178,0.0402078,0.0303096,0.0414142,0.0417937,0.0223007,0.036461,0.0319793,0.0371854,0.0356968,0.0354363,0.0430379,0.0511912,0.0455877,0.0692479,0.0782223
451.557,0.048655,0.0494894,0.0473929,0.037621,0.0286793,0.035881,0.0282275,0.0316455,0.0364216,0.0357588,0.036645,0.0395971,0.0403835,0.0364638,0.0276207,0.0440007,0.0488601,0.052086,0.0665528
452.033,0.0551008,0.0426508,0.0435348,0.0468525,0.0445041,0.0463773,0.0403659,0.0338597,0.0252698,0.0381905,0.0397875,0.0369675,0.0377516,0.0312465,0.0480064,0.0460239,0.0579722,0.055772,0.0774975
452.509,0.0338104,0.0439653,0.0436468,0.0433413,0.0414203,0.0265519,0.0389207,0.0335003,0.0252694,0.0348682,0.0257447,0.0429999,0.0267295,0.0335133,0.0326724,0.0455807,0.0536462,0.0564132,0.0620816
452.985,0.0509867,0.054775,0.0573238,0.0528689,0.0515627,0.0541135,0.0532353,0.0576809,0.0422331,0.0459042,0.043867,0.0424205,0.0390236,0.0445798,0.0454262,0.0468512,0.0625806,0.0563585,0.0849698
453.461,0.0511302,0.0569316,0.0490468,0.0487641,0.0462629,0.0478492,0.0462416,0.0430819,0.0408121,0.0373747,0.0424802,0.0319416,0.035139,0.0426192,0.0432278,0.0481705,0.0482058,0.0590903,0.0675555
453.937,0.0536997,0.039509,0.0512812,0.0400472,0.0363994,0.0239066,0.0328257,0.0311573,0.0266254,0.0344374,0.0301522,0.0278977,0.0292817,0.0214642,0.0401778,0.0409086,0.0437466,0.0478465,0.0555619
454.412,0.0432481,0.0488375,0.048373,0.0500502,0.049588,0.0438876,0.0295139,0.038047,0.0411485,0.0390132,0.0350041,0.0442789,0.0351739,0.0384163,0.0443992,0.0404834,0.0542558,0.0598813,0.0730891
454.888,0.06098,0.0592763,0.0502117,0.0558847,0.0414484,0.049903,0.0435499,0.0495991,0.0363699,0.0295242,0.0360241,0.0401652,0.0393133,0.038807,0.0515464,0.0476975,0.0512243,0.0658735,0.0739506
455.363,0.046809,0.0434851,0.0388539,0.0323015,0.0456691,0.0392701,0.0353481,0.0308356,0.031548,0.0366833,0.0199773,0.022993,0.0294551,0.0308922,0.0336026,0.0420554,0.0358786,0.0477052,0.0622809
455.839,0.0550657,0.0526305,0.0393718,0.0505463,0.0452519,0.0493415,0.0436297,0.0348106,0.0367726,0.0429598,0.0385512,0.025333,0.0349792,0.0417944,0.0314635,0.0489424,0.0514472,0.0527856,0.0610861
456.314,0.0565384,0.0464106,0.0467723,0.0550231,0.0402265,0.0454531,0.0412017,0.0431346,0.0359142,0.0364272,0.0310223,0.035949,0.0402121,0.0420418,0.0378331,0.0457019,0.053591,0.0540871,0.0768437
456.789,0.0547121,0.053701,0.0582969,0.0565019,0.049315,0.0621732,0.0440388,0.0414873,0.0433342,0.0400796,0.0430466,0.0368681,0.036981,0.0376491,0.0488942,0.0502711,0.0665863,0.0680026,0.0769515
457.264,0.0478037,0.0323593,0.0330248,0.0384901,0.0379651,0.0293282,0.0301047,0.0229595,0.0396285,0.0310793,0.0184324,0.033921,0.0284896,0.0345293,0.019756,0.0410463,0.0427518,0.0409023,0.0648824
457.739,0.0459148,0.0448826,0.035897,0.0370677,0.029586,0.0273936,0.0374212,0.0356358,0.0273574,0.0258444,0.0245634,0.0269005,0.0258515,0.0252064,0.0315055,0.0402571,0.0497683,0.047401,0.0593763
458.214,0.0366914,0.0417336,0.0384155,0.0393839,0.0288625,0.0247175,0.0322713,0.0328822,0.0349017,0.0320368,0.0284284,0.024717,0.0293898,0.0329044,0.030981,0.0355429,0.0412317,0.0489052,0.0607601
458.689,0.0470239,0.0454245,0.0469702,0.0468063,0.0374747,0.043451,0.0397817,0.0407824,0.0378349,0.0440525,0.0415189,0.026614,0.0318012,0.0428518,0.0449361,0.0454909,0.0501055,0.0513353,0.0733644
459.163,0.0397482,0.0357173,0.0410102,0.0431151,0.0381224,0.0334597,0.0310206,0.0352435,0.0306821,0.032181,0.0273016,0.0341964,0.0306182,0.0326493,0.0295476,0.0341581,0.0472195,0.0623472,0.0647857
459.637,0.0537769,0.0545896,0.0451822,0.0489712,0.0404855,0.0421529,0.0402568,0.0443821,0.0409653,0.0385476,0.0388265,0.0449087,0.0285989,0.039716,0.0395138,0.0364721,0.0599239,0.0624012,0.0742462
460.112,0.055211,0.0514593,0.0522397,0.0504387,0.0571996,0.0509305,0.0420391,0.0484062,0.0398553,0.0366145,0.0428373,0.0390162,0.044833,0.0340157,0.0409784,0.0459522,0.0461114,0.06179,0.0766622
460.586,0.0463207,0.0513083,0.0431833,0.0386094,0.0479631,0.04082,0.0327553,0.0391821,0.0347596,0.0335205,0.028655,0.0266406,0.039895,0.0275463,0.0351261,0.0472483,0.0454652,0.0640166,0.0749659
461.06,0.0406965,0.0430348,0.0391706,0.0407411,0.0446819,0.0255005,0.0429028,0.0322617,0.0365903,0.0335245,0.0334298,0.0285883,0.0304952,0.0393684,0.0367509,0.0332413,0.0490782,0.059651,0.065556
461.534,0.0390907,0.0411189,0.0519237,0.037513,0.0466185,0.0443714,0.0379634,0.0376458,0.0369578,0.0416813,0.0404077,0.0360482,0.0385295,0.0330251,0.03801,0.0435324,0.0460957,0.0573612,0.0724264
462.008,0.0449483,0.0424621,0.0386991,0.0425107,0.0409765,0.0438719,0.0333243,0.0270704,0.0355225,0.0308046,0.035684,0.0279825,0.0248256,0.0336702,0.0385153,0.0342077,0.0554107,0.0627792,0.0810488
462.482,0.0348207,0.036822,0.0514512,0.0486318,0.0373211,0.0376049,0.043116,0.0333066,0.0290354,0.0289468,0.024966,0.0255347,0.0278454,0.0298222,0.0322489,0.0310938,0.0456277,0.0502181,0.0629584
462.955,0.0389165,0.0372001,0.0401421,0.0358954,0.0310899,0.0361758,0.0430664,0.0363191,0.0316763,0.0270572,0.0265875,0.0204269,0.0151654,0.0364735,0.0328392,0.0337769,0.0415372,0.0523844,0.0656796
463.429,0.0457784,0.0444999,0.0482023,0.0397235,0.0346924,0.0344188,0.0369751,0.0294122,0.0320561,0.0319904,0.03187,0.0264768,0.0278142,0.0343562,0.0422811,0.0338264,0.0424896,0.0503628,0.0594485
463.902,0.0450435,0.043168,0.0401814,0.0363252,0.0360384,0.0287474,0.0372509,0.0311037,0.0262298,0.0294752,0.0275832,0.0222483,0.0285346,0.0332838,0.0297022,0.0467506,0.0388035,0.0473114,0.0621336
464.375,0.0462452,0.0466367,0.0410058,0.0415574,0.0437911,0.0321342,0.0285486,0.0370265,0.045533,0.0344786,0.0294063,0.0252777,0.0257484,0.0321432,0.0368609,0.0383865,0.0428307,0.0583049,0.0647497
464.849,0.0508132,0.0530236,0.0436311,0.0539655,0.0429629,0.0380348,0.0446196,0.0399506,0.037831,0.0370957,0.0329127,0.0315375,0.0299296,0.0379261,0.0337266,0.0507076,0.044469,0.0566188,0.0750781
465.322,0.0569725,0.0515758,0.0469345,0.0474701,0.0452479,0.0485534,0.0432825,0.0435258,0.0344913,0.0373564,0.0319756,0.0442844,0.0315603,0.0394812,0.0438343,0.0461908,0.0499195,0.0619561,0.0727388
465.794,0.0379509,0.0518645,0.0368781,0.0401504,0.0430782,0.0312261,0.0298234,0.0317653,0.040693,0.0388265,0.0306609,0.0317706,0.0350211,0.0326397,0.032589,0.0386696,0.0454071,0.0522815,0.0694231
466.267,0.0502284,0.0489982,0.0501857,0.0514261,0.0411874,0.0399002,0.0428695,0.0408364,0.0413654,0.0308342,0.0290401,0.0340148,0.0296885,0.0391987,0.0406692,0.0404592,0.0471313,0.0593566,0.0642296
466.74,0.0486504,0.0511106,0.0529031,0.054028,0.0433021,0.0492336,0.0421332,0.0411217,0.04136,0.0398074,0.0353226,0.0438396,0.0376317,0.0464301,0.0474424,0.0429547,0.060768,0.0595626,0.0737373
467.213,0.0399114,0.0562871,0.0458609,0.0458714,0.0467887,0.0387031,0.0421596,0.0411556,0.0351299,0.0371441,0.0401522,0.0375469,0.0331196,0.0414236,0.0399921,0.0419869,0.0559059,0.0588718,0.0791616
467.685,0.0478336,0.0483106,0.0490752,0.0499245,0.0454328,0.0517996,0.035103,0.0367227,0.0428776,0.0343109,0.0337351,0.0392759,0.0412955,0.0337896,0.0336355,0.0417391,0.0489908,0.0556477,0.0689138
468.157,0.0567355,0.0508258,0.050365,0.0509284,0.0518292,0.0456614,0.043536,0.0496698,0.0410315,0.0365996,0.0360543,0.0422494,0.0441806,0.044369,0.0486018,0.0432975,0.0477698,0.0669674,0.0758403
468.63,0.0524118,0.0449283,0.0422567,0.0404448,0.0446118,0.0368345,0.0367986,0.0347971,0.0390322,0.0340488,0.0286406,0.0354977,0.037625,0.035196,0.0441771,0.0444309,0.0485486,0.0601877,0.0697152
469.102,0.0453924,0.0414373,0.0428281,0.0412713,0.046481,0.0427798,0.0345397,0.0347439,0.0312529,0.0366846,0.0306942,0.0273239,0.0356265,0.0351943,0.0411262,0.0435516,0.0456703,0.0547133,0.0734108
469.574,0.0475396,0.052728,0.0539783,0.054019,0.0472801,0.0455572,0.0475753,0.0375639,0.0374571,0.0400726,0.0344437,0.0301332,0.038515,0.0421062,0.0451002,0.0492788,0.0590354,0.0550477,0.074342
470.046,0.0484566,0.0542585,0.0460497,0.052482,0.0476412,0.0409966,0.0417886,0.0419891,0.035596,0.0421192,0.0382956,0.0361287,0.0365486,0.0398686,0.0432252,0.0450001,0.0537195,0.0608618,0.0725212
470.517,0.0473152,0.0472728,0.041398,0.0406168,0.0431373,0.0376638,0.0360772,0.0364171,0.0346367,0.0298,0.032299,0.0327802,0.0314756,0.0303106,0.0272205,0.0422996,0.0456486,0.0535773,0.067347
470.989,0.0411721,0.0414092,0.0389696,0.0379101,0.0359031,0.0313065,0.0349261,0.0259901,0.0241891,0.0344791,0.0242055,0.0250697,0.0249012,0.0292528,0.0288492,0.0426512,0.0435119,0.0534968,0.0627332
471.461,0.0482895,0.0501871,0.0446607,0.0421957,0.0421908,0.0337977,0.047308,0.0361555,0.0334938,0.0288799,0.0310697,0.0306542,0.0327756,0.033447,0.0392036,0.0388794,0.0397774,0.061193,0.0645421
471.932,0.0450051,0.043623,0.0440894,0.044118,0.0447801,0.0382037,0.0394336,0.0353326,0.0362483,0.0320642,0.0365345,0.0315191,0.0321248,0.0293005,0.0286983,0.038509,0.0442335,0.0540548,0.0722911
472.403,0.044415,0.0433878,0.0489902,0.0485509,0.0383167,0.0430753,0.042858,0.0364266,0.0392793,0.039793,0.0419512,0.0379691,0.0283186,0.037312,0.0420463,0.0462902,0.0482149,0.0632572,0.0773451
472.874,0.0532683,0.0465795,0.0456622,0.0506026,0.0408669,0.0431145,0.0384763,0.0363677,0.0394134,0.0390274,0.0327593,0.0310437,0.0370288,0.0327553,0.0381237,0.0439645,0.0456329,0.0582349,0.0745812
473.346,0.0432845,0.0394033,0.0437159,0.0403077,0.038126,0.041401,0.0392099,0.0390712,0.0365026,0.0330658,0.0364145,0.0388336,0.0341816,0.0368245,0.0360863,0.040867,0.0506567,0.0514534,0.0687907
473.816,0.0442148,0.050215,0.0465027,0.0471266,0.0402565,0.039692,0.0435515,0.0319389,0.0396955,0.0353171,0.0271965,0.0379377,0.0334761,0.037617,0.0384694,0.0433015,0.0515212,0.0560339,0.0697237
474.287,0.0459141,0.0428576,0.0302044,0.0367217,0.032339,0.0350706,0.0311072,0.0281972,0.0315435,0.0290187,0.0310602,0.0277495,0.0237171,0.0300528,0.0296833,0.0359486,0.0362345,0.0458319,0.0613208
474.758,0.0513608,0.0524854,0.0468524,0.0439268,0.0479624,0.0478707,0.0346744,0.0352762,0.0368248,0.036358,0.0328982,0.0362598,0.0385056,0.0373201,0.0418774,0.0444495,0.0475493,0.0618429,0.0710567
475.229,0.0536893,0.053177,0.0514638,0.0487351,0.0484699,0.0472655,0.0509346,0.0418498,0.0390562,0.0409935,0.0422975,0.0413859,0.0395749,0.0430851,0.041387,0.0434775,0.0568671,0.0629179,0.0750038
475.699,0.0416786,0.0396091,0.0389111,0.0394258,0.0377361,0.0343408,0.0345929,0.030344,0.0332262,0.0343816,0.030194,0.0342323,0.0308864,0.0335063,0.0351245,0.0343441,0.0400143,0.0537595,0.0676391
476.17,0.0387816,0.0421599,0.043218,0.0380539,0.0395815,0.0315515,0.0366807,0.0348461,0.031847,0.0289848,0.0268046,0.0300958,0.0313263,0.0306782,0.0347549,0.0332587,0.0444916,0.0519783,0.068185
476.64,0.0499356,0.049754,0.0507978,0.0430094,0.0454086,0.0453621,0.0387362,0.0364121,0.0358349,0.0325675,0.0349915,0.0363046,0.0375741,0.0344818,0.0367085,0.0447871,0.0463559,0.0639176,0.0676505
477.11,0.0491223,0.0529347,0.0478186,0.0498209,0.0431546,0.0452128,0.0405379,0.0399444,0.040328,0.0320358,0.0351953,0.0396211,0.0356766,0.0379958,0.0400097,0.0455497,0.0530135,0.0618681,0.0722474
477.58,0.0542402,0.0507434,0.0519834,0.0446415,0.0402435,0.0407638,0.0375806,0.0435977,0.0414822,0.0330079,0.0340534,0.0373913,0.0342421,0.0384919,0.0399355,0.0447515,0.0528442,0.0564299,0.0655165
478.05,0.0493547,0.0476346,0.0534154,0.0438044,0.0490659,0.0471004,0.0384565,0.0373336,0.0374875,0.0355645,0.0320463,0.0339806,0.0367344,0.0364464,0.0380256,0.046593,0.0547639,0.0647074,0.0724687
478.52,0.0502703,0.0527751,0.0501161,0.0470412,0.0503419,0.0465044,0.0396632,0.0401997,0.0351728,0.0402889,0.0408782,0.0353546,0.0328175,0.0440995,0.0389961,0.0434069,0.0555972,0.0611125,0.0665828
478.989,0.0464466,0.0478264,0.0495891,0.0498329,0.0439917,0.041148,0.0362932,0.0344976,0.0397713,0.0353703,0.0358403,0.0356194,0.0351084,0.0376406,0.0407021,0.046825,0.0487601,0.0543537,0.0714365
479.459,0.0407496,0.043157,0.0476768,0.0426316,0.0416857,0.0374074,0.0346884,0.0356446,0.0301894,0.0353098,0.0343553,0.0288898,0.0313438,0.0295958,0.037351,0.0344909,0.0441885,0.0569406,0.0663156
479.928,0.0509846,0.0475483,0.0471925,0.0484476,0.0441222,0.0446288,0.0420758,0.0385053,0.0342525,0.0333499,0.0316963,0.0365787,0.0348213,0.0371704,0.0435699,0.0440798,0.0490172,0.0610527,0.0762009
480.398,0.0509441,0.042865,0.0432897,0.0472145,0.0417848,0.0376648,0.036106,0.035741,0.0387199,0.0316479,0.0342795,0.0283973,0.0318457,0.03538,0.0404363,0.040067,0.0460748,0.0616979,0.0748503
480.867,0.051445,0.045559,0.0452814,0.0474668,0.0390418,0.0370942,0.0391875,0.0360058,0.039174,0.0343262,0.0400788,0.0344595,0.036925,0.0391403,0.0393224,0.0426411,0.0495238,0.0548964,0.0712834
481.336,0.0434309,0.043182,0.0423099,0.045644,0.0422412,0.0412249,0.0441138,0.0324055,0.0317645,0.032528,0.0281776,0.0301478,0.0308214,0.0329362,0.0391409,0.0344905,0.0438394,0.0514753,0.0713372
481.805,0.0445093,0.0479008,0.0490988,0.0428319,0.0433643,0.0410654,0.036885,0.0353451,0.0384217,0.0340781,0.0324303,0.0329212,0.0318579,0.0385263,0.0387169,0.0411102,0.0446584,0.0565059,0.066813
482.274,0.0401803,0.0408961,0.0394705,0.039238,0.0360349,0.0367105,0.0310769,0.0329506,0.0306291,0.0265851,0.0272139,0.0317279,0.0282611,0.0280611,0.0333422,0.0367994,0.0430084,0.0495719,0.0630995
482.743,0.0455681,0.047349,0.0422124,0.0423854,0.0433654,0.0414928,0.0397895,0.0396334,0.0329676,0.0339827,0.0343929,0.0315964,0.0321418,0.0360013,0.0369559,0.0393635,0.0483384,0.0550629,0.0697518
483.211,0.0470202,0.0470518,0.0470299,0.0456964,0.0432236,0.0466859,0.0424652,0.0414331,0.0390454,0.0351252,0.0381153,0.0305155,0.0380299,0.0371212,0.0405658,0.0436036,0.0517055,0.0594492,0.0718597
483.68,0.0497389,0.0468796,0.0470689,0.0461997,0.0427186,0.0433883,0.0389479,0.0386103,0.0380014,0.0348178,0.033715,0.0327096,0.031237,0.0314303,0.0393265,0.0418658,0.0445325,0.057785,0.0699834
484.148,0.0486486,0.0477177,0.0459073,0.04371,0.0426965,0.0348213,0.0401293,0.0436887,0.0346065,0.0305913,0.0321038,0.0285143,0.0356367,0.0349901,0.0411917,0.039121,0.0463241,0.0561065,0.0701007
484.617,0.0479556,0.0427173,0.04777,0.0460454,0.0418599,0.0386759,0.0344072,0.0362528,0.0336288,0.0360246,0.0346751,0.0337017,0.0357333,0.0313565,0.0342947,0.042709,0.0488239,0.0594887,0.0631308
485.085,0.0484971,0.0444958,0.0460207,0.0444587,0.0418478,0.0420841,0.0378204,0.0383856,0.0350658,0.0364471,0.0340008,0.0348589,0.032737,0.0341224,0.0425192,0.0455478,0.0528035,0.0560326,0.0723827
485.553,0.0532783,0.0493266,0.0463117,0.0429006,0.0453084,0.0418943,0.0395428,0.0357333,0.0372128,0.0388874,0.0341141,0.0371469,0.0368517,0.0374681,0.0413849,0.0482452,0.0492094,0.0556441,0.0719141
486.021,0.0473649,0.0428689,0.0438953,0.0421751,0.04435,0.0395099,0.0389982,0.034577,0.0358582,0.0330159,0.0320799,0.0333464,0.0343519,0.0346059,0.0360252,0.0409824,0.0454213,0.0570668,0.0704791
486.489,0.046943,0.0456459,0.0469238,0.046525,0.0414049,0.043591,0.0399914,0.0382673,0.0380867,0.0338632,0.0332681,0.0356691,0.0356799,0.0353013,0.0392216,0.0444142,0.0475864,0.0599083,0.0711796
486.956,0.0466919,0.0461071,0.0426191,0.0439378,0.0397897,0.03909,0.038238,0.0378438,0.0350512,0.0315897,0.0302491,0.0336392,0.0323947,0.0326711,0.0390677,0.0415927,0.0511168,0.0545344,0.0674812
487.424,0.0470684,0.0474629,0.0463026,0.0435003,0.0436481,0.0412302,0.0382205,0.0356541,0.0379819,0.0351946,0.0311154,0.0271467,0.030167,0.0321297,0.0381128,0.0447899,0.0479585,0.0580679,0.0683077
487.891,0.0411842,0.0427267,0.0412362,0.0411876,0.04026,0.0386537,0.0388872,0.0363672,0.0323646,0.0324253,0.0335756,0.0288642,0.0333953,0.0338432,0.03577,0.0408295,0.0464437,0.0564456,0.0644689
488.359,0.0450897,0.0453579,0.0464931,0.0434435,0.0479055,0.0424288,0.0385948,0.0383172,0.0362581,0.0332232,0.0336962,0.036555,0.0355973,0.0363106,0.0368478,0.04261,0.0466659,0.054675,0.0690711
488.826,0.0501012,0.0494024,0.0485949,0.0447246,0.0460526,0.0457476,0.0419016,0.0392631,0.0400598,0.0357722,0.0362549,0.0345662,0.0360854,0.0434283,0.0409533,0.046312,0.0491842,0.0615733,0.0719298
489.293,0.0427654,0.0442685,0.0414274,0.0402839,0.0397808,0.037155,0.0375594,0.0356132,0.0305888,0.0290413,0.0304366,0.0300155,0.0331785,0.0323333,0.0335558,0.0400672,0.0475675,0.0532603,0.0701809
489.76,0.0483696,0.0430538,0.0443244,0.039236,0.0407877,0.0413117,0.0353355,0.0351635,0.0338292,0.0326412,0.0302936,0.0308869,0.032684,0.035082,0.0360442,0.0420257,0.0463601,0.0558352,0.0687974
490.227,0.0437212,0.0391872,0.0440388,0.0379219,0.0385567,0.0381545,0.0340184,0.0342156,0.0291002,0.03185,0.029763,0.0299844,0.0321403,0.0331458,0.0338431,0.0378932,0.0466148,0.0555378,0.0611338
490.694,0.0448983,0.046156,0.0459632,0.0418613,0.040191,0.0378871,0.0417739,0.0343446,0.0341594,0.0348922,0.0326136,0.0315797,0.0342884,0.034354,0.0352075,0.0417347,0.0476899,0.0535784,0.0675598
491.16,0.041379,0.0439592,0.0409324,0.0406852,0.035342,0.0357365,0.0354336,0.0338511,0.0324988,0.0287288,0.0297807,0.0272375,0.0317035,0.0339934,0.03369,0.0359151,0.0465991,0.0541548,0.0668164
491.627,0.0442174,0.0449351,0.0424947,0.0438712,0.0378658,0.0376003,0.0366355,0.033015,0.0336854,0.0310463,0.0334576,0.0345714,0.030997,0.0326076,0.0372392,0.0366344,0.0450741,0.0530118,0.0674856
492.093,0.0446772,0.0433423,0.0429253,0.0383551,0.0415085,0.0337887,0.0343206,0.0329389,0.0326546,0.0297112,0.0302681,0.0311325,0.0298141,0.035904,0.0374887,0.0396361,0.042382,0.0513013,0.067632
492.56,0.0463248,0.0467062,0.0444948,0.0435731,0.0391287,0.0427026,0.0381692,0.0364799,0.0333065,0.0372756,0.0331612,0.0336901,0.031853,0.0355552,0.0378051,0.0401856,0.0464416,0.0522165,0.0693537
493.026,0.0466244,0.0457488,0.0450827,0.0429849,0.0413124,0.0408317,0.0396887,0.0357583,0.0328078,0.0321905,0.0326767,0.0330229,0.0322794,0.0334938,0.0362737,0.040471,0.0476256,0.0565676,0.0730139
493.492,0.0426309,0.0434601,0.0456493,0.0405363,0.0420009,0.0402225,0.0371887,0.0385978,0.0344907,0.0357156,0.0333711,0.0315521,0.032455,0.0335792,0.0374594,0.0435028,0.0486754,0.0551034,0.068766
493.958,0.0472142,0.045712,0.0428733,0.0450934,0.0430157,0.0413214,0.036314,0.0355738,0.0355977,0.0347604,0.0325002,0.0310871,0.0338283,0.0387253,0.0352303,0.045795,0.045528,0.0564435,0.0721796
494.424,0.0442052,0.0450057,0.0472161,0.0449627,0.0420774,0.0402069,0.0395022,0.0370048,0.0354055,0.0334951,0.0324128,0.0332472,0.0327896,0.0341515,0.0394867,0.0395408,0.0487789,0.0580102,0.0681138
494.89,0.0438627,0.0453768,0.0452287,0.0456775,0.0424831,0.0412831,0.038732,0.0387436,0.036626,0.0347621,0.0341775,0.0329107,0.0352365,0.0348729,0.0387326,0.04087,0.0494333,0.0561845,0.0684171
495.355,0.0449588,0.044291,0.0466255,0.0440395,0.0412374,0.0396005,0.0364283,0.0367468,0.0330725,0.0351801,0.0351641,0.0349298,0.0316353,0.0344218,0.0366969,0.0422581,0.0483197,0.0563656,0.0683953
495.821,0.0431209,0.0454116,0.0422131,0.0399149,0.0374259,0.0381496,0.032413,0.0333528,0.0340251,0.0318049,0.0320799,0.0297259,0.0333157,0.0344615,0.0338388,0.0389434,0.0481397,0.0551164,0.0688267
496.286,0.0458026,0.0428721,0.0443105,0.0406422,0.0380493,0.0366333,0.0377548,0.035765,0.0322417,0.0299002,0.0299788,0.0312723,0.0285904,0.0348437,0.0336049,0.0376327,0.0470258,0.0554335,0.0603639
496.751,0.0448004,0.041771,0.0421985,0.0400556,0.039372,0.0395592,0.0369302,0.035519,0.0353271,0.0310101,0.0294504,0.0294971,0.0292034,0.0300356,0.0337762,0.0380032,0.0437111,0.054654,0.0682217
497.216,0.0441585,0.0410389,0.0438137,0.0390825,0.0390662,0.0372583,0.0354574,0.0365729,0.0314904,0.029966,0.0309376,0.0302919,0.0319012,0.0351278,0.0333033,0.0407544,0.0435588,0.055386,0.0647728
497.682,0.0450579,0.046421,0.0427644,0.0460552,0.0430375,0.0370615,0.0399415,0.0398761,0.0331135,0.0342524,0.0320202,0.0344454,0.0327567,0.0349237,0.0366703,0.0421466,0.0460213,0.0547889,0.0662685
498.146,0.0456714,0.0465964,0.0431947,0.0444458,0.0423324,0.0421231,0.0366285,0.0354104,0.0372421,0.0318025,0.0335137,0.0345501,0.0347275,0.0351551,0.0352101,0.0399192,0.0457005,0.053741,0.0650242
498.611,0.0433699,0.042241,0.0390146,0.0398357,0.0381744,0.0378283,0.0340919,0.0319076,0.0299172,0.0319469,0.0338808,0.034893,0.0302119,0.034063,0.0361773,0.037654,0.0433534,0.0494711,0.0624375
499.076,0.0446681,0.0476422,0.0448282,0.0432042,0.0410863,0.0427269,0.0375883,0.0366258,0.0329041,0.036125,0.0328956,0.0301537,0.0340916,0.0353114,0.0400128,0.0437107,0.0467449,0.0545671,0.0694523
499.541,0.045685,0.0458029,0.0434215,0.0421465,0.0398629,0.0383975,0.0369261,0.0363967,0.0338721,0.0337112,0.029422,0.0325855,0.0327071,0.033993,0.0337223,0.0365081,0.0453594,0.0523488,0.0671781
500.005,0.0452497,0.0448006,0.0459578,0.0411251,0.0415147,0.0378331,0.0360359,0.03433,0.0362278,0.0315177,0.0339023,0.0343004,0.0318236,0.0331538,0.0373458,0.0417001,0.0502095,0.0535249,0.0706215
500.469,0.0464854,0.0471848,0.0413387,0.0413586,0.041571,0.0375364,0.0350811,0.0356821,0.0332711,0.0332435,0.0344585,0.0342465,0.0294344,0.0330698,0.0374044,0.0450479,0.046943,0.0534925,0.0659284
500.934,0.0444751,0.0463013,0.0456584,0.0439098,0.0434298,0.0367342,0.0383003,0.0380821,0.0331346,0.0319589,0.033745,0.0341576,0.0337141,0.0390438,0.0357236,0.0422408,0.0464172,0.0567111,0.0651613
501.398,0.043954,0.0424229,0.0434858,0.0406776,0.0399695,0.0392939,0.0405362,0.0327046,0.0303897,0.0313843,0.0304027,0.0286941,0.0305952,0.0329121,0.0364028,0.0371494,0.0440779,0.052077,0.0639682
501.862,0.0433325,0.042071,0.0412071,0.0401652,0.0376067,0.0388127,0.03681,0.0355306,0.0320642,0.029782,0.0269292,0.0318821,0.0301524,0.032476,0.0387343,0.0381699,0.0444412,0.0534211,0.0663224
502.326,0.0474705,0.0455885,0.0441915,0.0415244,0.0422341,0.0410408,0.0391549,0.0375805,0.0351712,0.0330813,0.0375677,0.0345669,0.0356062,0.0350194,0.0400574,0.0410014,0.0478505,0.0584635,0.071733
502.789,0.0423686,0.0439185,0.0416674,0.0426073,0.0409862,0.038322,0.0375991,0.0347484,0.0307673,0.0341075,0.0300238,0.03145,0.0297583,0.0298266,0.0348598,0.0365419,0.0452892,0.0531269,0.0683729
503.253,0.0459506,0.0452248,0.0403388,0.042178,0.0380817,0.0385351,0.0372714,0.0339591,0.0337052,0.0318349,0.0305773,0.0317855,0.0316827,0.0347632,0.0332949,0.0401427,0.0455451,0.0513753,0.0670438
503.716,0.046531,0.0453147,0.0457529,0.0419435,0.040306,0.0403113,0.0388879,0.0354805,0.0351192,0.0312343,0.033546,0.0322062,0.0318157,0.034659,0.0334533,0.0397021,0.0451857,0.0549161,0.0674484
504.18,0.0435372,0.0450711,0.0480843,0.041615,0.0402219,0.039341,0.0392542,0.0372076,0.0325292,0.0315188,0.0323938,0.0318383,0.0348542,0.0354707,0.0371075,0.0401665,0.0492161,0.0561116,0.0691411
504.643,0.046029,0.0454081,0.0457126,0.0465737,0.0395375,0.0394637,0.0371265,0.038769,0.0357413,0.0348013,0.0329684,0.0335356,0.0326744,0.0357919,0.0393524,0.0457499,0.0497792,0.0547387,0.0686703
505.106,0.0449911,0.0444818,0.0420255,0.0429955,0.0403097,0.037006,0.0388621,0.0363418,0.0314979,0.0323741,0.0343164,0.0342637,0.0332114,0.0344284,0.0367392,0.0429539,0.0463527,0.0570546,0.0696578
505.569,0.0439439,0.0444809,0.0439926,0.0411585,0.0421671,0.0407865,0.0377198,0.0346613,0.0361967,0.0341196,0.0323372,0.0338638,0.0339163,0.035172,0.0374123,0.042709,0.0479169,0.060038,0.0708093
506.032,0.0451209,0.0405515,0.0448765,0.0434484,0.0408078,0.0400533,0.0360123,0.0330314,0.0316963,0.032509,0.0326328,0.0302915,0.0330812,0.0331931,0.0353706,0.0394032,0.0464399,0.0548618,0.0649337
506.495,0.0435697,0.0436973,0.0434095,0.0414566,0.0391021,0.0397632,0.0346501,0.0354466,0.0325437,0.034013,0.0312975,0.0320939,0.0318115,0.0336761,0.0348405,0.0387931,0.0446725,0.0550528,0.0665531
506.958,0.0459119,0.0455609,0.0439721,0.044554,0.0438782,0.0399037,0.0381864,0.0359084,0.0356042,0.0367721,0.0346415,0.0350413,0.033904,0.0369497,0.0402219,0.0410783,0.0457711,0.0547569,0.0708652
507.42,0.0467513,0.0449185,0.0469967,0.0446033,0.0411456,0.0413132,0.0391458,0.0384452,0.0358832,0.0356383,0.035148,0.0361295,0.0351907,0.0357413,0.0371671,0.0446815,0.0495492,0.0573871,0.0716462
507.883,0.0404407,0.0453713,0.0425222,0.038282,0.0387502,0.0378346,0.03535,0.033018,0.0341432,0.0321183,0.0311366,0.0332752,0.0322243,0.033943,0.0367323,0.0406821,0.0469179,0.0549731,0.0665067
508.345,0.0452362,0.0455121,0.04088,0.0409875,0.036568,0.0351649,0.0355658,0.035459,0.030006,0.0322065,0.031307,0.0304588,0.030009,0.0359064,0.0369457,0.0364211,0.0448198,0.0528734,0.0670545
508.808,0.0458708,0.045148,0.04339,0.0402021,0.038582,0.0368233,0.03546,0.0347159,0.0329433,0.0320762,0.0315305,0.0309573,0.0332614,0.0362832,0.0370377,0.044139,0.0473723,0.0548668,0.0648095
509.27,0.0435373,0.0417025,0.0425568,0.0405127,0.0410045,0.0378344,0.0351395,0.0366804,0.0327614,0.033552,0.0331766,0.0313735,0.0300997,0.0336866,0.034442,0.0413975,0.0485609,0.0530891,0.0678675
509.732,0.0410035,0.0393871,0.0385061,0.0405741,0.0360164,0.0348552,0.0331115,0.0335897,0.030409,0.0308176,0.0291641,0.029265,0.0279229,0.0292358,0.0344109,0.0383799,0.0450485,0.0517278,0.0646564
510.194,0.0442655,0.045616,0.0441697,0.0435964,0.0391657,0.0389183,0.0356568,0.0346114,0.0323833,0.0333919,0.0345512,0.0304057,0.0323395,0.0341912,0.0361538,0.0408772,0.0456901,0.0563002,0.0685602
510.655,0.0415364,0.0420861,0.0432226,0.0383578,0.0377073,0.0393893,0.0354559,0.0341814,0.0310011,0.0297322,0.0283184,0.032086,0.028648,0.0318129,0.0338753,0.0385097,0.0457285,0.0537074,0.0659283
511.117,0.0435324,0.0437454,0.0408931,0.0445483,0.0434064,0.0382882,0.0365058,0.0379814,0.0334176,0.0298189,0.0323426,0.0309769,0.0309696,0.0318045,0.0375123,0.0395236,0.0475714,0.0561036,0.0671637
511.579,0.0429461,0.0447384,0.0455611,0.0425925,0.0406862,0.0387092,0.0367318,0.0358953,0.0323405,0.0318305,0.0309299,0.0331446,0.0333584,0.0337649,0.036207,0.0409455,0.0464544,0.0551981,0.0661573
512.04,0.0419816,0.0435747,0.0406101,0.040764,0.0390542,0.0386886,0.0372124,0.0348717,0.0335151,0.0302029,0.0310155,0.0288891,0.0298435,0.0310928,0.0374669,0.0386894,0.0453977,0.051355,0.0651194
512.501,0.0431455,0.0439753,0.0423515,0.041933,0.0371689,0.0355979,0.0380301,0.0350672,0.0320029,0.0310744,0.0322964,0.0321933,0.0318775,0.0309866,0.0332403,0.0383192,0.0481316,0.0534605,0.0671574
512.963,0.0439685,0.0437586,0.0403585,0.0402761,0.0379727,0.0382372,0.0357349,0.0336611,0.0342466,0.0314739,0.0320408,0.0278207,0.0303301,0.0294447,0.0329217,0.0391352,0.0442168,0.0561216,0.0658739
513.424,0.0439848,0.04466,0.0417108,0.0401304,0.0430414,0.0407695,0.0379138,0.0370434,0.0336279,0.0334416,0.0320353,0.0314455,0.0334733,0.0328167,0.0359569,0.0410544,0.045119,0.0575847,0.068347
513.885,0.0425199,0.0429688,0.0438087,0.0449618,0.0426118,0.039508,0.0369554,0.035282,0.0327722,0.0316218,0.0321448,0.0307132,0.031473,0.0348143,0.0376364,0.0390502,0.0454619,0.0570361,0.0679017
514.345,0.041241,0.0423935,0.0395004,0.0393465,0.037979,0.0351906,0.0353279,0.0343994,0.0328674,0.0310103,0.0320198,0.0301229,0.0325448,0.0318261,0.0330764,0.0397045,0.0426372,0.0522824,0.0649007
514.806,0.0424574,0.0446443,0.0442056,0.041181,0.0391348,0.0386516,0.037668,0.0358125,0.03187,0.031036,0.0319991,0.0317227,0.0309037,0.0338017,0.0353897,0.0397348,0.0459552,0.0561525,0.066648
515.267,0.0447415,0.0441025,0.0411115,0.0424137,0.0364279,0.0368463,0.0379436,0.0342529,0.0328944,0.0331654,0.0293632,0.0314939,0.0291009,0.0324904,0.0334091,0.0394626,0.0461286,0.0557073,0.0650798
515.727,0.0386098,0.0436292,0.0411104,0.0403913,0.0377356,0.0381323,0.0341823,0.0331376,0.0312617,0.0321592,0.0284673,0.029995,0.0283848,0.0298011,0.0359927,0.0363935,0.0420458,0.0504174,0.0659695
516.188,0.0445079,0.0448903,0.04376,0.0421589,0.0413236,0.0380883,0.0363381,0.0364901,0.0335527,0.0339363,0.0345024,0.0339111,0.0309669,0.0343114,0.037337,0.0408663,0.0471739,0.0543975,0.0686668
516.648,0.0401075,0.0420784,0.0397093,0.0397214,0.038954,0.0369907,0.0344844,0.031749,0.0316957,0.0285646,0.0297517,0.0274399,0.0310287,0.0311004,0.03503,0.0405216,0.044457,0.0539937,0.065841
517.108,0.0454311,0.0437872,0.0418385,0.0422516,0.0383815,0.0399436,0.0369203,0.0330071,0.0342789,0.0316496,0.0327565,0.032858,0.0315214,0.0325167,0.0356762,0.0392719,0.0445636,0.0547111,0.0694741
517.568,0.0462528,0.0454253,0.0444532,0.0426184,0.0388471,0.0368899,0.0399928,0.0354711,0.0343157,0.0326408,0.0318775,0.0340632,0.0351556,0.0339293,0.0373762,0.0423132,0.0477333,0.0565437,0.069149
518.028,0.0429499,0.0431442,0.0425794,0.041619,0.0393995,0.0375064,0.0349543,0.0339404,0.0319314,0.0299782,0.0322285,0.0320332,0.0317931,0.0324017,0.0345872,0.041547,0.0458645,0.0527636,0.067322
518.488,0.0452309,0.0438413,0.0421618,0.0392661,0.0380726,0.0367424,0.0357206,0.0324638,0.0317204,0.0290866,0.0312962,0.0311449,0.0315145,0.0318692,0.0378781,0.0402578,0.0446735,0.0532992,0.0664349
518.947,0.042361,0.042261,0.0405522,0.0397201,0.0389255,0.0366714,0.0357347,0.0352889,0.0327205,0.0299141,0.0328597,0.0298759,0.0318034,0.03109,0.0362041,0.0395197,0.045835,0.0554999,0.065321
519.407,0.0419243,0.041956,0.041182,0.0423463,0.0390394,0.0357679,0.0326073,0.0332938,0.0314248,0.0283259,0.0282598,0.0309132,0.0285272,0.0283277,0.0367311,0.0389882,0.0438988,0.0485753,0.0647087
519.866,0.0414144,0.0435055,0.0421756,0.0406141,0.0408439,0.0379887,0.038502,0.0337088,0.033387,0.0288438,0.0295022,0.0285145,0.0310247,0.032692,0.0361685,0.0385677,0.0438462,0.0522406,0.0662486
520.326,0.0428588,0.0438781,0.0435365,0.040382,0.0382225,0.0377643,0.0368905,0.0348571,0.0358984,0.0342025,0.0322306,0.0339851,0.0342563,0.0316409,0.0374749,0.0402268,0.0455533,0.0544447,0.0631452
520.785,0.0445835,0.043349,0.0424416,0.0404352,0.0407852,0.0368224,0.0360875,0.0352614,0.0326577,0.0315903,0.0326567,0.030872,0.0319323,0.0352154,0.0361726,0.0404668,0.0466772,0.0538911,0.0658931
521.244,0.0434242,0.0407015,0.0417826,0.0392152,0.0401142,0.0370752,0.0362685,0.0351374,0.0310862,0.0312759,0.0316224,0.0303517,0.0306672,0.031958,0.0353786,0.0398052,0.0450056,0.0532896,0.0655378
521.703,0.0417934,0.0445937,0.042221,0.0415625,0.0392408,0.0378013,0.0355365,0.0341649,0.0332761,0.0321251,0.0312462,0.0318613,0.0321719,0.0345686,0.0358439,0.0396679,0.0478585,0.0529396,0.0689343
522.162,0.0428828,0.0407206,0.0416368,0.0366655,0.0370536,0.0353164,0.0339291,0.0329008,0.0311498,0.0319278,0.0295209,0.030034,0.0302441,0.0326667,0.0333599,0.0373743,0.0448438,0.0513239,0.066256
522.621,0.0447233,0.0438407,0.0421225,0.0418099,0.0400786,0.0377358,0.0363193,0.0370267,0.0358004,0.032414,0.0307747,0.032162,0.0315578,0.0322994,0.0374446,0.0391874,0.04497,0.0565309,0.0689132
523.079,0.0421468,0.0428029,0.0436469,0.0406496,0.03962,0.0380029,0.0354676,0.0357302,0.0360334,0.0327322,0.032944,0.0305129,0.0318417,0.0330677,0.0362514,0.0392441,0.0443462,0.0529498,0.067807
523.538,0.0424014,0.0423747,0.0415245,0.0417629,0.0389383,0.035716,0.0385718,0.032234,0.032944,0.0305409,0.0327115,0.0323512,0.0304355,0.0337198,0.035689,0.0407746,0.0451524,0.0541675,0.0662433
523.996,0.0435102,0.0403448,0.0421095,0.0398597,0.0397323,0.0380739,0.0326898,0.0322344,0.0315011,0.030044,0.0301971,0.0290527,0.028662,0.0324409,0.0355485,0.0385644,0.044005,0.0525225,0.0628427
524.455,0.0403684,0.0411786,0.0407219,0.0410248,0.0366832,0.0362076,0.0341315,0.0317242,0.0300575,0.0300606,0.029527,0.0318426,0.030969,0.0320522,0.0351988,0.0375561,0.0450752,0.0507004,0.0653528
524.913,0.0445063,0.0433922,0.0426749,0.0421499,0.0400127,0.0392209,0.0361406,0.0340356,0.0334691,0.0335299,0.0319071,0.0305106,0.0304267,0.0340414,0.0360175,0.0414307,0.0458544,0.0534778,0.0670831
525.371,0.043914,0.0440563,0.0406603,0.0412588,0.0404553,0.0391543,0.0358073,0.0340397,0.0310303,0.0322029,0.0309643,0.030944,0.031729,0.033545,0.0345612,0.0424499,0.0457295,0.0547837,0.0674815
525.829,0.0442417,0.0434993,0.0419737,0.0416604,0.0386804,0.0397861,0.0375037,0.0330904,0.0333905,0.0335946,0.0319113,0.031806,0.0298392,0.0347451,0.0363371,0.0417467,0.0474426,0.054651,0.0664308
526.286,0.0419456,0.0441024,0.0408632,0.038363,0.0422,0.0387169,0.0358963,0.0325945,0.0340256,0.032995,0.0311962,0.0332211,0.0316457,0.0322573,0.0378974,0.0399311,0.0463019,0.055038,0.0668443
526.744,0.0412709,0.0414216,0.0399514,0.038215,0.0395065,0.0362164,0.0320385,0.0325786,0.0315876,0.0310725,0.0275302,0.0288323,0.0282517,0.0330025,0.0346677,0.0388969,0.0428317,0.0523463,0.0638185
527.202,0.0428034,0.0411207,0.0412469,0.03972,0.0389178,0.035979,0.0351942,0.0361749,0.0298044,0.0312887,0.0313474,0.0302261,0.0308595,0.030402,0.0340264,0.0371153,0.0446365,0.0510394,0.06636
527.659,0.0412441,0.0406519,0.0430725,0.0406286,0.0384228,0.0346087,0.0342716,0.0307439,0.0321264,0.033292,0.0297483,0.0287018,0.0290909,0.0307448,0.0305503,0.0385976,0.0432499,0.052505,0.0615033
528.117,0.0417163,0.0434562,0.0421785,0.0412931,0.0390408,0.0389795,0.0347991,0.034848,0.0283476,0.0313509,0.0310251,0.0304002,0.0277881,0.0321467,0.0338516,0.0367179,0.044826,0.0543272,0.0673534
528.574,0.0411199,0.0395318,0.0387579,0.0381597,0.0380623,0.0351996,0.0332651,0.0314157,0.0302484,0.0304437,0.0274521,0.0280592,0.0306841,0.0305748,0.0347465,0.0373495,0.0418007,0.0510004,0.0628146
529.031,0.043542,0.0437024,0.0426685,0.0396269,0.0404203,0.0351347,0.0354007,0.035167,0.0328472,0.0315691,0.0309388,0.0313496,0.029931,0.0333692,0.0333429,0.040628,0.046271,0.0550918,0.0655284
529.488,0.0424838,0.0414599,0.040977,0.0367195,0.0397498,0.0366275,0.0325231,0.0320307,0.0323102,0.0297071,0.0295479,0.0306658,0.0296434,0.0292469,0.0352295,0.0372421,0.0420645,0.0530328,0.0657743
529.945,0.0430837,0.04114,0.0424907,0.0392979,0.0402194,0.0376721,0.0361652,0.0332919,0.0332614,0.0301825,0.0326092,0.0306704,0.0301481,0.0316695,0.0368147,0.0368736,0.0455752,0.0525123,0.064568
530.402,0.042517,0.0420662,0.0430479,0.0421579,0.0395084,0.0388952,0.0387955,0.0330157,0.0335637,0.0324627,0.0334447,0.0333829,0.0328016,0.0343797,0.0380623,0.0404227,0.0473844,0.0543882,0.0683062
530.858,0.0468021,0.0438991,0.0422829,0.0415771,0.0398309,0.0361819,0.0380376,0.0359291,0.0337752,0.0341025,0.0327326,0.0344196,0.0307231,0.0347075,0.036288,0.0412983,0.0464211,0.0537828,0.068327
531.315,0.0418611,0.0413338,0.0405988,0.0383456,0.0378652,0.0366728,0.0340213,0.0326864,0.032431,0.031285,0.0308752,0.0290599,0.0315731,0.0317167,0.0327921,0.0377778,0.0450478,0.0509419,0.0629794
531.771,0.0405094,0.0423332,0.0381574,0.0384358,0.0389607,0.0349795,0.0354949,0.0321246,0.0332051,0.0307744,0.0286464,0.0288032,0.0299682,0.0316367,0.0362788,0.038396,0.0437977,0.0526933,0.0669996
532.227,0.045002,0.0458257,0.0415624,0.0410164,0.0418705,0.0390456,0.0384172,0.0362259,0.0339454,0.0350868,0.0334508,0.032801,0.0328276,0.0343092,0.0368073,0.0408804,0.0480792,0.055111,0.0688893
532.684,0.0399019,0.0404981,0.0370018,0.0400271,0.0345846,0.0361963,0.0342359,0.0331022,0.0304702,0.0290454,0.0288402,0.028116,0.0271248,0.0292745,0.0342693,0.0404748,0.0432869,0.0518593,0.0632611
533.14,0.0439087,0.0415102,0.0422023,0.0388189,0.0383389,0.0380563,0.0364408,0.0327,0.0309666,0.0321411,0.031876,0.031072,0.0324678,0.0321902,0.0339854,0.0399547,0.0445347,0.0532682,0.064485
533.596,0.0402628,0.0422954,0.0417976,0.0402553,0.0397437,0.0374935,0.034391,0.0347622,0.0314974,0.0312762,0.0320421,0.0308134,0.0310798,0.0343256,0.0336076,0.03864,0.0457194,0.051343,0.0659371
534.051,0.0428962,0.0422404,0.0383178,0.0387915,0.037645,0.0352306,0.0343393,0.0322565,0.0307501,0.0277534,0.0290814,0.0285179,0.029398,0.0315358,0.0337964,0.0389209,0.0471217,0.0509803,0.062385
534.507,0.0421014,0.0420342,0.0426685,0.0397408,0.0361032,0.0379614,0.0353826,0.0312815,0.032836,0.0306571,0.0273414,0.0296235,0.0308831,0.033665,0.0362116,0.0388301,0.0448477,0.0523049,0.0651966
534.963,0.043526,0.0410293,0.0414161,0.039048,0.0367063,0.0383037,0.0337261,0.0343348,0.0334445,0.0317255,0.0309665,0.029121,0.031838,0.0313564,0.0372537,0.039945,0.0440525,0.0536072,0.0646556
535.418,0.0436518,0.0448931,0.0404962,0.0418923,0.0408382,0.0390781,0.0358059,0.0351008,0.0324627,0.0315248,0.0326097,0.030953,0.0307072,0.0330017,0.0364878,0.0408879,0.045879,0.0524253,0.0673927
535.873,0.0430621,0.0415722,0.0427599,0.0407375,0.0405279,0.038584,0.0360222,0.0326871,0.0331148,0.0321686,0.0317594,0.0315877,0.0303757,0.0334115,0.0339618,0.0396371,0.0460338,0.0539481,0.0654229
536.329,0.044062,0.042463,0.0405188,0.0378612,0.0374733,0.0343367,0.0353197,0.0331003,0.0321086,0.031054,0.0289964,0.0292698,0.0289088,0.0319253,0.0339472,0.037403,0.0443454,0.0516402,0.0633475
536.784,0.0431767,0.0427404,0.0443938,0.0401833,0.0397202,0.0364199,0.0350549,0.0352568,0.0332466,0.0326471,0.0314192,0.0303695,0.0299901,0.0325754,0.035697,0.0402436,0.0478058,0.0525326,0.066383
537.239,0.0422149,0.0405934,0.0398958,0.0400447,0.0374635,0.0373195,0.0350176,0.0344004,0.0307682,0.0323401,0.029376,0.0302201,0.0299915,0.0298925,0.033788,0.0372804,0.0440295,0.052882,0.0626997
537.694,0.043516,0.0425929,0.043316,0.0396134,0.0395729,0.0387207,0.0357756,0.0341482,0.0321808,0.0329681,0.032352,0.030473,0.0332795,0.0332402,0.0328506,0.039779,0.0461398,0.0537272,0.0667385
538.148,0.042865,0.040273,0.0416395,0.0403969,0.0371733,0.0380546,0.0354087,0.0313238,0.0312909,0.029346,0.0311611,0.0314099,0.0311097,0.0331584,0.0359611,0.0406878,0.0436411,0.0530088,0.0631841
538.603,0.0427756,0.0427978,0.0422655,0.0418895,0.0388991,0.0385287,0.0364232,0.0347645,0.0339929,0.0320305,0.0296011,0.0316862,0.0303693,0.0345142,0.0382618,0.0393876,0.0470926,0.0541593,0.0677115
539.058,0.0418854,0.0439616,0.0395332,0.0398142,0.0375031,0.0349157,0.0332282,0.0330193,0.0303257,0.0297716,0.0300717,0.0285825,0.0323759,0.0324716,0.0357704,0.0390404,0.0450426,0.0544274,0.0644825
539.512,0.0412383,0.040047,0.0403475,0.0419076,0.0379893,0.038976,0.0350541,0.0332119,0.0327297,0.0296518,0.0291804,0.0309835,0.0310653,0.0315132,0.0319094,0.0371147,0.0472585,0.0514242,0.0667489
539.966,0.0389042,0.0414218,0.0398109,0.0378332,0.037493,0.036268,0.0342474,0.0325169,0.0314687,0.0314417,0.0295906,0.0300549,0.0275973,0.0320295,0.0341683,0.0381263,0.044375,0.052613,0.0609899
540.421,0.0437763,0.0415413,0.0402355,0.0395506,0.0372533,0.0373293,0.0352228,0.0329986,0.0313849,0.0301545,0.0288025,0.0319848,0.0299638,0.0315673,0.0327245,0.0392947,0.0441514,0.0530873,0.06448
540.875,0.0413284,0.0419619,0.0416313,0.0424056,0.0377976,0.0381933,0.0344121,0.0337558,0.0326656,0.0326952,0.0291588,0.0305028,0.0319238,0.0337851,0.0362264,0.0409238,0.045463,0.054475,0.0670597
541.329,0.0422522,0.0413216,0.0377727,0.0395311,0.0367954,0.0350813,0.0330005,0.0331703,0.0309714,0.0304537,0.0296958,0.0306461,0.0272728,0.0302766,0.0343858,0.0366487,0.0427244,0.0500377,0.0640406
541.782,0.0442703,0.0450959,0.0406333,0.0410469,0.0390183,0.0378459,0.0348825,0.0332458,0.0323811,0.0310889,0.0308082,0.0310725,0.0309218,0.0306335,0.0363288,0.0403047,0.0465698,0.0534061,0.0682067
542.236,0.0433013,0.0416783,0.0414599,0.0407886,0.0389238,0.0398041,0.0345767,0.03506,0.033347,0.0294407,0.0315083,0.0303624,0.0301643,0.0306361,0.0358997,0.0393982,0.0458946,0.0530719,0.0690189
542.69,0.0426587,0.042601,0.0385764,0.0386297,0.0370947,0.0366776,0.0315302,0.0319971,0.030645,0.0298949,0.0288228,0.0296084,0.029381,0.0331693,0.0331249,0.0393031,0.0434985,0.053082,0.0633004
543.143,0.040724,0.0417743,0.0395471,0.0394668,0.0372909,0.03449,0.0357286,0.0332412,0.0321822,0.0277361,0.0285378,0.0296802,0.0302226,0.0320616,0.0338701,0.0376105,0.0460748,0.0529474,0.0646542
543.597,0.0412077,0.0436846,0.0418767,0.0376155,0.0380394,0.0361707,0.0354219,0.0352058,0.0325529,0.0323668,0.0288108,0.0295416,0.0314198,0.0320194,0.0350477,0.0398296,0.0441602,0.0539999,0.0646913
544.05,0.0424282,0.0405785,0.0407317,0.0389235,0.0371303,0.0366375,0.0337721,0.0302249,0.0296555,0.0300661,0.0276293,0.0301827,0.0290366,0.0314964,0.0339654,0.0389659,0.0438191,0.0515465,0.0623556
544.503,0.0405872,0.0405704,0.0408575,0.0382821,0.0366085,0.034218,0.0336197,0.0304884,0.031021,0.0307699,0.0302381,0.0283696,0.0289647,0.0297205,0.0333798,0.0382957,0.0445569,0.0505867,0.0636389
544.956,0.0421754,0.0418195,0.0414643,0.0397208,0.038511,0.0369395,0.0342858,0.0331488,0.0341415,0.0306484,0.0302817,0.0310428,0.0314002,0.0305314,0.0356425,0.0385795,0.0452484,0.0522283,0.0645387
545.409,0.0448165,0.0432917,0.0419262,0.0410067,0.039236,0.0382671,0.036834,0.0340847,0.0319778,0.0331943,0.0298932,0.0314209,0.0320174,0.0318819,0.034291,0.0384208,0.0435304,0.0535092,0.0657889
545.862,0.0414969,0.0422992,0.0404081,0.0407026,0.0354588,0.0374248,0.0357855,0.033193,0.0306108,0.0305088,0.031108,0.0291655,0.0303577,0.0327845,0.0348281,0.0411142,0.0455031,0.0529575,0.0689761
546.314,0.0438912,0.0418196,0.0417219,0.0389243,0.0383254,0.0373712,0.035508,0.0340282,0.0330992,0.0309158,0.0288154,0.030592,0.0292321,0.031652,0.0333655,0.0399082,0.0447759,0.0537961,0.0644841
546.767,0.0445606,0.0408741,0.0413224,0.0400071,0.0397415,0.0374384,0.0343571,0.0348143,0.0326227,0.0308828,0.0299171,0.0311411,0.0306439,0.0335299,0.0362771,0.0377728,0.0458426,0.0541266,0.0663197
547.219,0.0409549,0.0390997,0.0386793,0.0377242,0.0378317,0.0346347,0.032651,0.0312196,0.0312171,0.0303534,0.0288605,0.0293558,0.0269002,0.0302724,0.0327276,0.0346687,0.0420515,0.0541,0.0645155
547.672,0.0427417,0.0409,0.0415443,0.0397213,0.0364249,0.0372715,0.0352507,0.0348819,0.0329189,0.031448,0.0311244,0.0303871,0.0313944,0.030191,0.0344553,0.0390797,0.0451672,0.0544031,0.0642623
548.124,0.0429039,0.0426168,0.0415599,0.0410217,0.0381427,0.0383915,0.0356888,0.0344497,0.0331827,0.0304006,0.0303582,0.0327,0.0319416,0.0327012,0.0357006,0.0388701,0.0462369,0.0523532,0.066
548.576,0.0411112,0.0396998,0.0389275,0.0390477,0.0372465,0.0372493,0.0334775,0.0329888,0.0290616,0.0295205,0.0294676,0.0276761,0.0298499,0.031493,0.0334018,0.0378751,0.0442037,0.0516613,0.0647698
549.028,0.0433916,0.0418934,0.0407391,0.0397131,0.0397678,0.0389086,0.0369168,0.0348408,0.0310451,0.0297365,0.029553,0.029847,0.0334201,0.0327637,0.0342785,0.0401686,0.0457863,0.0542148,0.0635833
549.48,0.0436931,0.0434586,0.0420747,0.0387762,0.0387421,0.0369776,0.0363708,0.0355789,0.0336205,0.0297419,0.0291453,0.0292676,0.0302343,0.0310485,0.0349323,0.0384143,0.0441195,0.0533138,0.0649099
549.931,0.0419409,0.0408515,0.0395399,0.0399148,0.0383891,0.0369735,0.0355479,0.0327052,0.0321532,0.0337032,0.0291295,0.029637,0.0307696,0.0324428,0.0339851,0.0394738,0.0451853,0.052072,0.0648385
550.383,0.0427999,0.0406413,0.0414541,0.0401445,0.0386182,0.0369813,0.0346552,0.0336936,0.03279,0.0316005,0.0315627,0.0296062,0.0312168,0.0332764,0.0351359,0.0398985,0.0439009,0.0536782,0.0652837
550.834,0.0413959,0.0388154,0.0411836,0.0382765,0.0370242,0.0357908,0.0345771,0.0330831,0.0321922,0.031324,0.0294701,0.0300663,0.0302215,0.0315216,0.0343296,0.0365412,0.0425325,0.0512267,0.0664884
551.286,0.0406206,0.0416571,0.0386437,0.0388815,0.037599,0.0373542,0.0338402,0.033891,0.0327102,0.0325431,0.0285011,0.0296156,0.0307533,0.0304458,0.0346061,0.038384,0.0449349,0.0535897,0.064995
551.737,0.0427485,0.0407364,0.0402705,0.0376927,0.0386052,0.0356954,0.0346886,0.0303061,0.0318852,0.0306524,0.0295341,0.0277312,0.029072,0.0295582,0.0337669,0.0382949,0.0420041,0.052664,0.0649632
552.188,0.0414065,0.0430097,0.0409583,0.0411352,0.0388475,0.0371243,0.0357137,0.0342558,0.0322535,0.0310902,0.0309857,0.0302956,0.0314824,0.0319399,0.0358242,0.0400309,0.044335,0.0533561,0.0648732
552.639,0.0405116,0.0405562,0.0414559,0.0375127,0.0381017,0.0375857,0.0359427,0.0339963,0.0312068,0.0324178,0.0299576,0.0298878,0.030119,0.0315349,0.035851,0.0374542,0.0442481,0.0532925,0.0648684
553.09,0.0416986,0.0405998,0.040235,0.0387789,0.037899,0.0356938,0.0351672,0.0340645,0.0313835,0.0290998,0.0299637,0.0302731,0.0307196,0.0307069,0.0335792,0.0382989,0.0445268,0.0530815,0.0651804
553.541,0.042576,0.0408162,0.0423703,0.04004,0.039675,0.0382839,0.035984,0.0311493,0.0332568,0.0322356,0.0299931,0.0288943,0.0306391,0.0334749,0.035654,0.0403553,0.0467067,0.0523601,0.0648522
553.992,0.041889,0.0446635,0.0429293,0.0409726,0.0383632,0.0340876,0.0348293,0.0336443,0.0321545,0.0320421,0.030622,0.031207,0.0319803,0.0325053,0.0360386,0.0391658,0.0482008,0.0539739,0.0681725
554.442,0.040887,0.0421831,0.0394033,0.0365312,0.0363543,0.0362706,0.031961,0.0342707,0.0304521,0.03021,0.0300897,0.0281221,0.0303598,0.0323941,0.0336616,0.0389818,0.0435665,0.0535391,0.0659401
554.893,0.0422241,0.0423822,0.0426539,0.0404101,0.0382696,0.0389522,0.0337738,0.0332758,0.032441,0.0300038,0.0314502,0.0288429,0.0319617,0.030547,0.0347274,0.0386758,0.0432422,0.0528684,0.067472
555.343,0.0438514,0.0407688,0.0409563,0.0420283,0.0408454,0.0364732,0.0362912,0.0322731,0.0331146,0.0321034,0.0312358,0.0300256,0.0326839,0.0327914,0.0353841,0.039477,0.0472589,0.0546038,0.0659351
555.793,0.0389008,0.0397907,0.0428573,0.0384981,0.0393066,0.0376136,0.0368379,0.033114,0.0324973,0.0310162,0.0314855,0.031367,0.0316775,0.0323625,0.0344267,0.0382997,0.0445752,0.0540086,0.0647991
556.243,0.0421517,0.0404972,0.0403878,0.0410529,0.0389962,0.0367299,0.0352816,0.032572,0.0304814,0.0302699,0.0315853,0.0301935,0.0303813,0.0323932,0.0339324,0.0363423,0.0427539,0.0527032,0.0655144
556.693,0.040727,0.0399102,0.0410216,0.0374192,0.0366259,0.0361069,0.0330443,0.0333913,0.0318545,0.0306723,0.0301553,0.0293584,0.0287199,0.0315854,0.0344862,0.0371942,0.0452353,0.0512849,0.0671721
557.143,0.0411856,0.039785,0.0398032,0.0393583,0.0348198,0.0342158,0.0332316,0.0320829,0.0298006,0.0289707,0.029547,0.0288097,0.0291617,0.0310653,0.0332894,0.0387473,0.0439166,0.0521888,0.065534
557.593,0.0411005,0.0403491,0.0415143,0.0373617,0.0381295,0.0355904,0.0342398,0.0351326,0.0308179,0.0292904,0.0300443,0.0300446,0.0285957,0.0333238,0.0352765,0.0397083,0.0424859,0.0534034,0.0636747
558.042,0.0421931,0.042588,0.0432061,0.0400944,0.0389026,0.0377246,0.0358345,0.0341994,0.0330958,0.0316868,0.0296886,0.0296208,0.0306186,0.0329107,0.0355824,0.039094,0.045944,0.0550021,0.0667943
558.492,0.0426261,0.0416327,0.0410652,0.0393149,0.0389916,0.0351197,0.0351827,0.0332451,0.0336137,0.0333617,0.0311631,0.029225,0.0303464,0.0318876,0.0346475,0.0402148,0.0446608,0.0559887,0.0665464
558.941,0.0409579,0.0420492,0.0396567,0.0398619,0.0385052,0.0361126,0.0349026,0.032983,0.0326992,0.031556,0.0300575,0.0297897,0.0308541,0.0326735,0.0357789,0.0385547,0.0428744,0.0518014,0.0657668
559.39,0.0416189,0.0406006,0.0389684,0.0383391,0.0353936,0.0348017,0.0345747,0.0311694,0.0294127,0.0295837,0.0282878,0.0295736,0.0286204,0.0287955,0.0322579,0.0353466,0.0428889,0.0515735,0.0640527
559.839,0.0418831,0.0435902,0.04178,0.0398735,0.0391584,0.0357226,0.0365655,0.0343521,0.0322352,0.0312534,0.0305173,0.0292403,0.0297719,0.0326074,0.035303,0.0385792,0.0450602,0.0531508,0.0662673
560.288,0.0433063,0.0425121,0.0427694,0.0411786,0.0401281,0.0360438,0.0355717,0.0342311,0.0317878,0.0311887,0.0291199,0.0288987,0.0319405,0.0338119,0.0357569,0.0387599,0.0460227,0.0541526,0.067095
560.737,0.0434341,0.0427283,0.0421576,0.0398819,0.0385034,0.0366166,0.0357151,0.0336147,0.0341897,0.0323762,0.0309475,0.030057,0.0310269,0.0334735,0.0336434,0.0378488,0.0453225,0.0535216,0.0653566
561.186,0.0423449,0.0408627,0.0399535,0.0378511,0.0360848,0.0356542,0.0342343,0.0312248,0.0291802,0.0292015,0.028954,0.0290505,0.0304138,0.0316046,0.0336082,0.0376747,0.0440504,0.0525795,0.0645423
561.635,0.0439325,0.0422049,0.0402683,0.0407372,0.0381596,0.0374296,0.0353301,0.0332047,0.0318662,0.031189,0.0300079,0.03005,0.0289672,0.0334192,0.0344472,0.0382011,0.0458043,0.0518147,0.066782
562.083,0.04168,0.042706,0.0408005,0.0395091,0.0367608,0.0360757,0.0323024,0.0313187,0.0302866,0.0300428,0.02883,0.0287949,0.0294797,0.0317749,0.0330838,0.0376095,0.0443668,0.0521082,0.0635464
562.532,0.0404966,0.0411077,0.0403559,0.0402927,0.0372535,0.0345437,0.0344498,0.0313372,0.0323783,0.030374,0.0279282,0.0305812,0.0301438,0.0318674,0.0349539,0.0384078,0.0440697,0.0532136,0.0668884
562.98,0.0418161,0.0422102,0.0382328,0.0389368,0.0371036,0.0353026,0.0328729,0.0316035,0.0322052,0.0298078,0.0289871,0.0291734,0.028989,0.0315914,0.0338369,0.0378074,0.0438236,0.05155,0.0637729
563.428,0.0397985,0.0406055,0.0410798,0.0407159,0.0372554,0.0350754,0.0337099,0.0340533,0.0306323,0.0301521,0.0316711,0.0289922,0.0300076,0.0300185,0.0356248,0.0386592,0.0449877,0.0536999,0.0660005
563.876,0.0431934,0.0417315,0.0397425,0.0405445,0.0358451,0.0361012,0.0350898,0.0330864,0.0337323,0.0301164,0.0292249,0.0285414,0.0292313,0.0302764,0.0359293,0.0389701,0.04408,0.0537893,0.0638235
564.324,0.0410326,0.0412066,0.0400569,0.0381081,0.0381612,0.0343518,0.0335158,0.0326937,0.0299724,0.0307405,0.0277458,0.0288316,0.0295252,0.0312126,0.0346242,0.0391225,0.0430161,0.0519915,0.0636836
564.772,0.0416055,0.0434962,0.0400892,0.0391792,0.0386468,0.034881,0.0349974,0.0341277,0.0314771,0.0299018,0.029291,0.0296558,0.0296377,0.0313493,0.0345229,0.0393692,0.0437221,0.0536923,0.0657193
565.22,0.0409535,0.0420315,0.0410269,0.0384156,0.0374391,0.0374534,0.0341837,0.0328085,0.0316755,0.0302534,0.0300661,0.0300839,0.0291625,0.0329423,0.0352416,0.0381978,0.0462324,0.0529936,0.0661209
565.667,0.0415077,0.039898,0.0403996,0.0384096,0.0373017,0.0369051,0.0347162,0.0333067,0.030313,0.0303771,0.0317584,0.0292504,0.0278797,0.0308959,0.0339379,0.0388703,0.0455282,0.0535607,0.0626612
566.115,0.0401261,0.0412362,0.0409969,0.039143,0.0377561,0.0355854,0.0341128,0.0319258,0.0312969,0.0299418,0.029452,0.0303443,0.0291586,0.0310076,0.0337867,0.0388986,0.0435604,0.053315,0.0632047
566.562,0.0436665,0.0417672,0.0412571,0.0426257,0.0390533,0.0361553,0.0369076,0.0336776,0.0322152,0.0307201,0.0289836,0.0315271,0.0303778,0.0328209,0.0343827,0.0404779,0.0445048,0.0523628,0.0668945
567.01,0.0437088,0.0398482,0.0414295,0.0401062,0.0363122,0.0365892,0.0361944,0.0335321,0.0306908,0.0309557,0.0296238,0.0294936,0.0299349,0.032581,0.0346579,0.0381475,0.0445467,0.0546546,0.0659294
567.457,0.0394704,0.0408624,0.0395441,0.036593,0.0366266,0.0350986,0.0342042,0.0324242,0.0299783,0.0303328,0.029227,0.0306623,0.0309765,0.0305188,0.0346151,0.0372732,0.0445126,0.0531877,0.0640596
567.904,0.042357,0.0419575,0.0390844,0.0388694,0.0385635,0.0349044,0.0351509,0.0330752,0.0299614,0.0303425,0.028941,0.0297281,0.0300639,0.0313596,0.0350921,0.0370347,0.0446706,0.0530852,0.0647639
568.351,0.0447042,0.0424319,0.0418974,0.0417296,0.0382403,0.0370683,0.036456,0.0337194,0.0337061,0.0313368,0.0322997,0.0297763,0.0326397,0.0329209,0.0363884,0.0391692,0.0463124,0.054777,0.0671868
568.797,0.043936,0.0422036,0.0421948,0.0388395,0.0381975,0.0370251,0.0352272,0.0340588,0.0320203,0.030819,0.0311482,0.0309891,0.0290943,0.0330319,0.0376656,0.0382389,0.0446403,0.0543482,0.0656629
569.244,0.0426952,0.0430801,0.0421402,0.038949,0.036467,0.0380918,0.0368275,0.0357291,0.0325488,0.0314194,0.0319137,0.0302032,0.0312025,0.0312614,0.0357484,0.0393256,0.0446655,0.0534,0.0663346
569.691,0.0400358,0.0393754,0.038733,0.0389065,0.0359087,0.0345604,0.0325227,0.0304214,0.0320698,0.0290757,0.0282481,0.0277168,0.0293006,0.0297438,0.0327407,0.0354791,0.0420147,0.0510066,0.0649796
570.137,0.0439195,0.0400935,0.0416662,0.039959,0.0386852,0.0362281,0.0343907,0.0316446,0.0338555,0.0309863,0.0296761,0.0311299,0.0306007,0.0322071,0.0341611,0.038881,0.0441497,0.054085,0.0661264
570.583,0.0423902,0.0444032,0.0401526,0.0394803,0.0379457,0.0362568,0.0364863,0.0333725,0.0332901,0.0300299,0.0309436,0.0312726,0.0306132,0.0329635,0.0344028,0.03934,0.0446507,0.054621,0.0649104
571.03,0.0406657,0.0394814,0.0391637,0.0386631,0.0371664,0.0351685,0.0335166,0.034855,0.0315367,0.0285351,0.0299867,0.0282625,0.0301333,0.0319459,0.0339831,0.0386431,0.0438673,0.0517108,0.0638914
571.476,0.0387533,0.0408204,0.0402174,0.0396898,0.0369179,0.0361522,0.0360315,0.0325059,0.0318926,0.0302395,0.0291223,0.0292793,0.0302531,0.0291894,0.0336415,0.0380861,0.0450599,0.0530738,0.0628523
571.922,0.0393365,0.0421745,0.0393186,0.0368399,0.0365652,0.0366953,0.0359931,0.0323687,0.0321031,0.0294215,0.0277892,0.0297667,0.0279848,0.0310003,0.0343117,0.0389735,0.0440104,0.052221,0.0639108
572.367,0.0420263,0.0409249,0.0425051,0.0413567,0.0390629,0.0371697,0.033789,0.0318155,0.0302923,0.0303191,0.031056,0.0296208,0.0312072,0.0329353,0.0348076,0.0395362,0.0453352,0.053426,0.0656481
572.813,0.0415233,0.0400818,0.0397294,0.0385376,0.0362944,0.0341701,0.033294,0.0320976,0.0313615,0.0289414,0.0270135,0.0276521,0.0281665,0.0312636,0.0337005,0.0359443,0.0434706,0.0503989,0.0662945
573.259,0.0421056,0.0420274,0.0412819,0.0391721,0.0389184,0.0360105,0.0356289,0.0344184,0.0320142,0.0301868,0.0308811,0.0294823,0.03155,0.0317051,0.0341965,0.0394837,0.0452382,0.0516703,0.0655887
573.704,0.0398183,0.0394672,0.0399137,0.0380298,0.0370279,0.0349678,0.0344646,0.0301681,0.0313957,0.0290227,0.0279779,0.0287962,0.0295292,0.0286883,0.0342543,0.036476,0.0407371,0.0515783,0.0656915
574.15,0.043437,0.0436547,0.0414836,0.0414567,0.0387211,0.0373445,0.0356638,0.0355604,0.0326565,0.0315831,0.0317102,0.0305193,0.0309551,0.0344266,0.0351004,0.0389485,0.0461472,0.0538431,0.068454
574.595,0.0432276,0.043207,0.0425395,0.0393022,0.0377975,0.0358845,0.0346762,0.031931,0.0309162,0.0318693,0.0311859,0.031709,0.029099,0.0329468,0.0353685,0.0395485,0.0454766,0.0543472,0.0673352
575.04,0.0434296,0.0429598,0.0400353,0.0404498,0.0384636,0.0365533,0.0353668,0.034596,0.0331766,0.0329003,0.031377,0.0306506,0.0300072,0.0329328,0.0362819,0.0387283,0.0459458,0.0544391,0.0663841
575.485,0.0444832,0.0414047,0.0390593,0.0387705,0.0369032,0.0355768,0.0338358,0.0321464,0.0302971,0.0303825,0.0300137,0.0301875,0.030227,0.0320804,0.0358419,0.0385461,0.0440548,0.0524974,0.0663978
575.93,0.0418668,0.0429155,0.0410624,0.0397503,0.038876,0.0365767,0.0333421,0.0333665,0.0329873,0.030984,0.0317884,0.0297381,0.0309327,0.0306845,0.0346692,0.0383295,0.0445282,0.0542967,0.0641804
576.375,0.0420144,0.0410989,0.0392007,0.0381098,0.0368364,0.0357483,0.0341435,0.0326925,0.0297689,0.0312011,0.030071,0.0300044,0.0301587,0.030446,0.0348611,0.038815,0.0451636,0.0535982,0.0665071
576.819,0.0429122,0.0424173,0.0410651,0.0392032,0.0395707,0.0395314,0.0355368,0.0328277,0.0315236,0.0302241,0.0309515,0.0314109,0.0320142,0.031765,0.0347866,0.0407729,0.0459842,0.0539541,0.0671444
577.264,0.0419597,0.0423584,0.0428408,0.0385454,0.0393678,0.0375865,0.0365074,0.0329506,0.0327503,0.031469,0.0306075,0.0298063,0.0326991,0.0321753,0.0350425,0.0383104,0.0465699,0.0547185,0.0664348
577.708,0.0398642,0.0414621,0.0409714,0.040701,0.0366518,0.0371698,0.0334167,0.0342598,0.0318702,0.0307563,0.0314332,0.0306592,0.0316286,0.0328542,0.0351862,0.0377396,0.0457427,0.0551182,0.0682961
578.153,0.0423062,0.0419552,0.0384447,0.0380049,0.0358069,0.0353269,0.033178,0.0317993,0.0314326,0.0294631,0.0295365,0.0292215,0.0290618,0.0314659,0.0341612,0.0374705,0.0450525,0.0531797,0.0640606
578.597,0.0398858,0.0388246,0.0387644,0.0373296,0.0370323,0.0365652,0.0351698,0.0322308,0.028206,0.0301562,0.0280658,0.0295827,0.0277981,0.0310899,0.0329982,0.0371227,0.0443008,0.0499242,0.0638676
579.041,0.0407146,0.0403328,0.0426716,0.0382564,0.0383379,0.0366223,0.0348652,0.0325286,0.0332613,0.0306829,0.0300888,0.0310608,0.0298712,0.0312193,0.0356356,0.0410005,0.0449651,0.0524593,0.0660526
579.485,0.0447236,0.0444342,0.0403577,0.0407909,0.040633,0.0399454,0.0375407,0.0360499,0.0332714,0.032087,0.0316135,0.0313671,0.032125,0.032156,0.037373,0.0417128,0.0455035,0.0546907,0.0695849
579.929,0.0448678,0.0410865,0.0414917,0.0402533,0.0388184,0.0377491,0.0374878,0.0352245,0.0325428,0.0329464,0.0308305,0.0307901,0.0337518,0.0341057,0.0355829,0.0400814,0.0464086,0.0549542,0.0697759
580.372,0.0417832,0.0406369,0.0418364,0.0388931,0.0389343,0.0366652,0.0349779,0.03193,0.0326557,0.029535,0.0292353,0.0305199,0.0308971,0.0305471,0.0348233,0.0390816,0.0454037,0.0528234,0.0645262
580.816,0.0430635,0.0397427,0.0398493,0.0395377,0.0382763,0.0366564,0.0335609,0.0331126,0.0322009,0.0296805,0.0297533,0.0302772,0.0304727,0.0289819,0.0362932,0.0391102,0.0445375,0.0538764,0.0654846
581.259,0.042481,0.0409917,0.0413957,0.0398561,0.035748,0.0369197,0.0350019,0.0318976,0.0315189,0.0328091,0.029961,0.0287967,0.029486,0.0313917,0.035452,0.0403948,0.045224,0.0530672,0.0655404
581.703,0.0406147,0.0422513,0.0407652,0.0382872,0.0376988,0.0380575,0.0357127,0.0335107,0.031559,0.0305512,0.0317286,0.0297092,0.0308039,0.0325984,0.0336242,0.0383404,0.044145,0.0546299,0.066237
582.146,0.0407195,0.0409228,0.0387106,0.040362,0.0372624,0.0364379,0.0343934,0.0325127,0.0324371,0.0296576,0.0274761,0.0294681,0.0274396,0.029624,0.0328379,0.037481,0.0427353,0.0525219,0.0647824
582.589,0.0408403,0.0401211,0.0377041,0.0365522,0.0374548,0.0364773,0.0334069,0.0312776,0.0310003,0.0288851,0.0297566,0.0274188,0.0294331,0.0307757,0.034046,0.036697,0.0456637,0.0506392,0.0663149
583.032,0.0412223,0.0376544,0.0398116,0.0385978,0.0368184,0.0363137,0.0324229,0.0299548,0.0287106,0.0298916,0.0291903,0.0278219,0.0275746,0.0310862,0.0354667,0.0367153,0.0441149,0.0518412,0.0651771
583.475,0.0414675,0.0418692,0.0406346,0.0392412,0.0392911,0.0364718,0.0340536,0.0337481,0.0307657,0.0302374,0.0285229,0.0284804,0.029757,0.0303305,0.0343812,0.0399367,0.0458318,0.0532435,0.0665459
583.918,0.0411835,0.0399528,0.0407091,0.0392432,0.0374289,0.0353795,0.0348257,0.0321995,0.0317324,0.0300234,0.0291523,0.0310398,0.0302937,0.0312888,0.0338781,0.0382908,0.0446181,0.052919,0.0661897
584.36,0.0409623,0.0397886,0.0393272,0.0372747,0.0367916,0.0340181,0.0331668,0.0331371,0.0319284,0.0287427,0.028193,0.0283603,0.0303541,0.0316237,0.0328755,0.0374537,0.0425016,0.0508093,0.0638622
584.803,0.0426661,0.0405117,0.0413225,0.0390451,0.0376583,0.0343248,0.0337267,0.031756,0.0320229,0.0303081,0.0291366,0.0286512,0.028502,0.0301979,0.0342823,0.0398275,0.0446486,0.0528243,0.0649259
585.245,0.0415486,0.0403779,0.0406168,0.0387974,0.0387307,0.0359503,0.0351908,0.0344302,0.0315007,0.0321523,0.0288736,0.031532,0.0314271,0.0317611,0.0350577,0.0397743,0.0454201,0.0524247,0.0647688
585.688,0.0421465,0.041028,0.0406749,0.0401732,0.0390214,0.0351614,0.0342449,0.0332247,0.0321562,0.0300849,0.0306315,0.029493,0.0316893,0.0320814,0.0349316,0.0374933,0.0445995,0.0530231,0.0647946
586.13,0.0437578,0.0429127,0.0433712,0.0405181,0.0395754,0.0371529,0.034535,0.0356256,0.0323811,0.0319154,0.0311058,0.0305829,0.0305704,0.0323366,0.0347284,0.0402817,0.045123,0.0558927,0.0669684
586.572,0.0410763,0.0413491,0.0404732,0.0394142,0.0371429,0.0363001,0.033367,0.0327153,0.0296068,0.0297153,0.0288829,0.0287918,0.0305688,0.0323432,0.0345907,0.0368596,0.0447185,0.0521245,0.0675265
587.014,0.0420774,0.0400894,0.0419904,0.0405334,0.0377507,0.0348745,0.0345683,0.0309356,0.0304773,0.0304295,0.0288921,0.0303283,0.0307466,0.0315823,0.0335523,0.0372942,0.0460613,0.0535956,0.0667961
587.456,0.0407434,0.0394489,0.0401394,0.0385639,0.0365371,0.0350427,0.0341609,0.0329768,0.0304716,0.0295231,0.028821,0.0299486,0.0297902,0.0313689,0.0336218,0.0383928,0.0461147,0.0537199,0.0654267
587.897,0.0409396,0.0399618,0.0397376,0.0384124,0.0371514,0.0359485,0.0335485,0.0315055,0.0315461,0.0315602,0.0298683,0.0306304,0.0296541,0.0315413,0.0341312,0.0383195,0.0442895,0.0514643,0.0659924
588.339,0.0392448,0.040234,0.0388863,0.0388853,0.0375671,0.0367502,0.0344297,0.0321042,0.0315089,0.0295935,0.028293,0.0297715,0.0311014,0.0311666,0.0346838,0.0376854,0.0461344,0.0525245,0.0642382
588.78,0.0411156,0.0404845,0.0412244,0.0394377,0.0376569,0.0360221,0.0329366,0.0335049,0.0290635,0.0289618,0.028618,0.0290626,0.0305416,0.0328174,0.0331371,0.0384217,0.0451018,0.0524759,0.0656433
589.222,0.0412804,0.0413423,0.0421149,0.0395498,0.0387832,0.0353383,0.0352672,0.0339583,0.0311962,0.0293532,0.03039,0.0289685,0.0292236,0.0312665,0.0356117,0.0391938,0.0438719,0.0529424,0.0658039
589.663,0.0408566,0.0425688,0.0411156,0.0402832,0.0396941,0.0357336,0.0346437,0.0328142,0.0328894,0.0317721,0.0303828,0.0326487,0.0308216,0.0326429,0.0365041,0.0390632,0.0462347,0.0542045,0.0665393
590.104,0.0420674,0.0426565,0.0400093,0.0400014,0.0370097,0.035818,0.0325831,0.0333519,0.0315784,0.0296151,0.0295059,0.029807,0.0290533,0.030449,0.0349233,0.0377531,0.0440777,0.0536083,0.0659024
590.545,0.0395593,0.0409413,0.0396413,0.0370189,0.0372182,0.0355944,0.0340177,0.0318831,0.0315377,0.0295413,0.0292257,0.0305295,0.0299752,0.0313096,0.0351297,0.0391779,0.0432759,0.0541219,0.0652859
590.986,0.0410386,0.0400953,0.0387429,0.0376273,0.0380267,0.0337292,0.0337293,0.0325047,0.0300426,0.0288693,0.0277753,0.0297592,0.0307021,0.0304423,0.0326303,0.0387436,0.042251,0.0525961,0.0639847
591.427,0.0410989,0.0386841,0.0400084,0.0396251,0.0386724,0.0336447,0.0342643,0.0321171,0.0312846,0.0315134,0.030225,0.0320908,0.0303667,0.0320752,0.0345946,0.0377725,0.0418827,0.0509723,0.0649348
591.867,0.0416913,0.0413075,0.0399743,0.0401632,0.0376546,0.0344069,0.034936,0.0327177,0.0302428,0.0298213,0.0312407,0.0305984,0.0278541,0.0304043,0.0337364,0.0376863,0.043387,0.0508534,0.0654569
592.308,0.0419727,0.0412291,0.0394218,0.0385084,0.0363843,0.0350373,0.034627,0.0324658,0.0323234,0.0289641,0.0293756,0.0292183,0.0292359,0.0303821,0.0317119,0.0380511,0.0458823,0.0532782,0.064875
592.748,0.0418099,0.042938,0.0415443,0.0397453,0.0381434,0.0368099,0.0355311,0.0347407,0.0316213,0.0307842,0.0315298,0.0315871,0.0299774,0.0321753,0.0339692,0.0376458,0.0471406,0.0531374,0.0667445
593.189,0.0412334,0.0422202,0.0420956,0.039917,0.039842,0.0375581,0.0369166,0.0349217,0.0313182,0.0298343,0.0285691,0.0297714,0.0313566,0.0331433,0.0352601,0.03945,0.0451862,0.0540205,0.0677221
593.629,0.0409728,0.0421346,0.0404796,0.0377197,0.0380024,0.0358581,0.035947,0.0334923,0.0315696,0.030834,0.0291337,0.0291484,0.0311829,0.0326863,0.0335407,0.0399645,0.045831,0.0549606,0.0661374
594.069,0.0404449,0.0415459,0.040447,0.0375476,0.0386861,0.0370025,0.0375909,0.0347842,0.0324479,0.0303008,0.0298949,0.0304099,0.0306313,0.0320705,0.0340732,0.0387399,0.0451305,0.0539048,0.0685614
594.509,0.0415146,0.0427647,0.0388252,0.0371227,0.0370673,0.0360518,0.0359591,0.0331037,0.0311376,0.0292977,0.0281472,0.0286661,0.0290823,0.0311682,0.0344828,0.037788,0.0424576,0.0516478,0.0660783
594.949,0.042596,0.0406364,0.0409635,0.0396579,0.0399454,0.0358185,0.0352567,0.0336666,0.0316282,0.0304157,0.0314402,0.0281395,0.0318297,0.0316637,0.0340294,0.0392532,0.0455156,0.0531628,0.0641273
595.388,0.0427925,0.0418715,0.0410325,0.0401041,0.0373708,0.0363176,0.0329116,0.0317834,0.0306722,0.0290036,0.0297901,0.0299478,0.0292546,0.0318601,0.0330303,0.0382067,0.0448551,0.0543551,0.0660748
595.828,0.0420432,0.0407795,0.0403885,0.0404869,0.0373872,0.0359433,0.0333739,0.0316407,0.0288555,0.0293397,0.0275772,0.0295368,0.0275727,0.0311359,0.0321245,0.038367,0.0433754,0.0508989,0.0649623
596.267,0.0434749,0.0412432,0.0413219,0.0387029,0.0364215,0.0354107,0.0331978,0.031994,0.0320785,0.0279433,0.0298222,0.0302094,0.0302101,0.0315677,0.0328767,0.0387326,0.0435335,0.0528003,0.0648832
596.707,0.0438184,0.0419248,0.0426615,0.0402923,0.0384297,0.037971,0.0348335,0.0336483,0.0336002,0.0314119,0.0288842,0.0302368,0.0306193,0.0337482,0.0341287,0.0389879,0.0459323,0.0547706,0.0667435
597.146,0.0419425,0.0399355,0.0401473,0.0408284,0.0367075,0.0362665,0.0352857,0.0338617,0.0325813,0.0299577,0.0296744,0.0306613,0.0308199,0.0321444,0.0341619,0.0393768,0.0457561,0.0535497,0.0663047
597.585,0.0412494,0.041759,0.0398747,0.0402992,0.0373592,0.0357035,0.0338656,0.0342083,0.0321074,0.0291517,0.0295976,0.0311661,0.0302345,0.03119,0.0365834,0.0394718,0.0457136,0.0522591,0.0663074
598.024,0.0434748,0.041047,0.0398452,0.0399614,0.0373723,0.0367288,0.0345386,0.0325875,0.0312344,0.0308125,0.0287816,0.0306023,0.0302233,0.0333194,0.0347286,0.0399015,0.0441276,0.0534842,0.0670879
598.463,0.0410867,0.0409222,0.0398537,0.0387875,0.0379615,0.0362281,0.0342494,0.0330122,0.0298221,0.0293105,0.0288586,0.0288329,0.0298358,0.0308141,0.0327348,0.0371272,0.0450189,0.0526811,0.0656367
598.902,0.0439545,0.0418374,0.0412892,0.0391784,0.0373714,0.0381441,0.0353753,0.0330237,0.0319318,0.031477,0.0312967,0.0293535,0.0313871,0.0310971,0.0340664,0.0383504,0.04576,0.0530774,0.0677244
599.34,0.0411009,0.040124,0.040156,0.0390471,0.0355176,0.0349639,0.0343503,0.0320166,0.0295102,0.0313482,0.0289599,0.0291236,0.0303705,0.0313701,0.0351622,0.0393048,0.0447202,0.0517859,0.0658977
599.779,0.0410106,0.040656,0.0406424,0.0397916,0.0378886,0.0363684,0.0352881,0.032471,0.0308649,0.031316,0.0291537,0.0282635,0.0287246,0.0306188,0.0340604,0.0382319,0.0451112,0.0533083,0.0662921
600.217,0.041127,0.0395261,0.0392433,0.0383063,0.0364838,0.0358269,0.0349307,0.0325394,0.0305495,0.0287401,0.0290219,0.0282127,0.0294194,0.0304622,0.0327562,0.0362807,0.0443198,0.0519334,0.0662898
600.655,0.0422672,0.0399455,0.0395653,0.0395061,0.0366628,0.0359311,0.033465,0.0327455,0.0318791,0.0308208,0.0301307,0.029998,0.0297513,0.0317342,0.0358132,0.037967,0.0450674,0.0530988,0.0682408
601.093,0.0433128,0.0412994,0.0405072,0.0411335,0.0384823,0.0350136,0.0352335,0.0339152,0.0315967,0.0300329,0.0305384,0.0307861,0.0315551,0.0325275,0.0351795,0.0380574,0.0473752,0.0559641,0.0649055
601.532,0.0413187,0.0405471,0.0390439,0.0400797,0.0383025,0.0345418,0.0339448,0.032759,0.0318129,0.0297614,0.0299215,0.0291158,0.0278757,0.0303645,0.0336602,0.0396266,0.044031,0.0537111,0.0662104
601.969,0.0405365,0.0428793,0.0396726,0.0410185,0.0373372,0.0352533,0.0347859,0.0334931,0.0299032,0.02981,0.0297051,0.0298857,0.0310016,0.0314661,0.0353742,0.0379413,0.0454766,0.0533622,0.0674623
602.407,0.0425481,0.0411115,0.0416676,0.039041,0.0387888,0.0366045,0.034864,0.0345284,0.0311973,0.0301383,0.029177,0.0306927,0.0300175,0.0312945,0.0349747,0.038603,0.0460838,0.0541601,0.0685998
602.845,0.041326,0.0401106,0.0379426,0.0377432,0.0360508,0.0351716,0.0339707,0.0348261,0.0316545,0.0309176,0.0308759,0.0308039,0.0284575,0.0318787,0.0322087,0.0372063,0.0435079,0.051139,0.0657238
603.282,0.0417652,0.0399313,0.0412322,0.0396333,0.0388939,0.0356296,0.0341173,0.0333895,0.0313004,0.0302621,0.0295216,0.0280899,0.030925,0.0316217,0.0354468,0.0375129,0.0424255,0.053875,0.0661582
603.72,0.0416427,0.0418776,0.0407629,0.0397439,0.0389889,0.0365342,0.0346368,0.0339427,0.0322066,0.030649,0.0324044,0.0313201,0.0299583,0.0314973,0.0359719,0.0403108,0.0434163,0.0541388,0.0671432
604.157,0.0422146,0.0424837,0.0411289,0.0391951,0.0369507,0.0352096,0.0351744,0.0325408,0.0303206,0.0292168,0.0289121,0.029068,0.0287843,0.0315035,0.0362472,0.039111,0.04486,0.0520506,0.0664831
604.594,0.0421865,0.0394127,0.0405596,0.0383547,0.0368656,0.0362302,0.0331431,0.0330315,0.0314088,0.0307255,0.0292326,0.0297499,0.0290105,0.0305968,0.0331418,0.0373499,0.0427845,0.0507745,0.0653804
605.032,0.0410328,0.0375551,0.0375998,0.0370155,0.0353293,0.0343791,0.0329973,0.0310063,0.0293426,0.0276279,0.0299012,0.0301878,0.029721,0.0303883,0.0331258,0.0366672,0.0436298,0.0526176,0.064458
605.468,0.0394292,0.0415957,0.0394834,0.0403125,0.0375277,0.035129,0.0349579,0.0333033,0.0280533,0.0308641,0.0301073,0.0291207,0.0303786,0.0344096,0.0334056,0.0372499,0.0428538,0.053827,0.0671054
605.905,0.0404438,0.0389887,0.0386747,0.0370413,0.0373733,0.0362234,0.0332152,0.0326292,0.0292808,0.0307628,0.0307961,0.0286027,0.0289796,0.0308077,0.0353077,0.0368948,0.0435496,0.0511071,0.0644049
606.342,0.0412561,0.0399448,0.0404873,0.0401754,0.0381691,0.0356777,0.033805,0.0330738,0.032223,0.0299249,0.0292857,0.0311382,0.0303818,0.0313379,0.0340405,0.0391394,0.0445134,0.0537276,0.0682426
606.779,0.0452333,0.0422343,0.0386394,0.0400805,0.0383134,0.0365944,0.0355059,0.0329676,0.031958,0.0301187,0.0308252,0.0313172,0.0312564,0.0324086,0.0377287,0.0390321,0.0461181,0.0538052,0.068534
607.215,0.0408515,0.0392149,0.0391889,0.0369787,0.0369586,0.0351945,0.034024,0.0313489,0.0311637,0.0275934,0.0283415,0.0303539,0.0287425,0.0295842,0.0338487,0.0369128,0.0423607,0.0526599,0.0667871
607.652,0.0397591,0.0378658,0.03851,0.0384177,0.0375553,0.0344447,0.0329131,0.0327614,0.0291025,0.0297164,0.0288142,0.0283193,0.0293996,0.0295604,0.0327156,0.0383248,0.0431823,0.0511362,0.0651907
608.088,0.0415109,0.040522,0.0399788,0.039779,0.0380324,0.0351007,0.0345309,0.0322609,0.0310644,0.0290246,0.029659,0.0289781,0.0298845,0.0328111,0.0358551,0.0362056,0.0449013,0.0528357,0.0675267
608.524,0.0420097,0.0399936,0.0396985,0.038511,0.0371984,0.0349436,0.0346932,0.0319073,0.0298556,0.0315893,0.0287371,0.0292058,0.0289477,0.0328128,0.0356895,0.0370522,0.0447729,0.0513789,0.0688333
608.96,0.0394917,0.0381066,0.0406855,0.03592,0.0380556,0.0339329,0.0331555,0.0310343,0.0311479,0.0300345,0.0273036,0.0272878,0.0288772,0.0314077,0.0345938,0.0386377,0.0442859,0.0522206,0.0653234
609.396,0.0426187,0.0414009,0.0411786,0.0404681,0.0370802,0.0352982,0.0358961,0.0325329,0.0307378,0.0297452,0.0309325,0.0303641,0.0310889,0.0326474,0.0349514,0.0393413,0.0459739,0.0547418,0.0666346
609.832,0.0420746,0.0404924,0.0386449,0.0376095,0.0366056,0.0345164,0.0328688,0.0301635,0.0287157,0.0278195,0.0284241,0.0293489,0.0280189,0.0291466,0.032652,0.0382198,0.0426631,0.0528299,0.0646418
610.267,0.0409042,0.0405359,0.0395165,0.0375337,0.0381431,0.0343306,0.0322182,0.0317292,0.0311932,0.030551,0.0274066,0.0280184,0.029344,0.0304401,0.0322217,0.0375762,0.0436381,0.0508131,0.0670579
610.703,0.0412203,0.0403041,0.0400872,0.0376341,0.0392391,0.0354153,0.0344379,0.032231,0.0319982,0.0293963,0.0308417,0.0308416,0.0297687,0.0307813,0.0331795,0.0378899,0.0445388,0.0533894,0.0645946
611.138,0.0420739,0.0434654,0.041333,0.038512,0.0378686,0.0357909,0.0354336,0.0322017,0.0302542,0.029858,0.0286344,0.0288199,0.0286128,0.0314245,0.035036,0.039132,0.0431251,0.0526592,0.0658738
611.574,0.0412883,0.039605,0.0384316,0.0383246,0.0385139,0.0347022,0.0341675,0.0319896,0.0300764,0.0309477,0.0293361,0.0295354,0.0297793,0.0324144,0.0342979,0.0382777,0.0451989,0.053177,0.066616
612.009,0.0429471,0.0414204,0.0411504,0.040152,0.0361957,0.0361582,0.0344092,0.032873,0.0323985,0.0315838,0.0314058,0.0308514,0.0306857,0.0319105,0.0353016,0.0371384,0.0457786,0.0548614,0.0669209
612.444,0.0400568,0.0399363,0.0380307,0.0385743,0.0356055,0.0343042,0.0336176,0.0319081,0.0308255,0.0294709,0.0287576,0.0284782,0.0269835,0.0303806,0.0323048,0.0374638,0.0427496,0.0522679,0.0663725
612.879,0.0405106,0.0402269,0.0388962,0.038651,0.0371349,0.036131,0.0348772,0.0317633,0.0304563,0.030724,0.0295328,0.0281898,0.0301915,0.0328011,0.0323174,0.0390472,0.046062,0.0521429,0.0656424
613.314,0.0434351,0.0428717,0.0413054,0.0412099,0.0397714,0.0371081,0.0363304,0.0335645,0.0316991,0.0316437,0.0322394,0.0317226,0.0300201,0.0329852,0.0343699,0.0381594,0.0461154,0.0555758,0.0679934
613.748,0.0424012,0.0385008,0.0404247,0.0392472,0.0358383,0.0350118,0.0339898,0.030845,0.0314018,0.0293749,0.0281344,0.0287509,0.0292386,0.0302142,0.0348225,0.0379852,0.0441375,0.0530798,0.0675885
614.183,0.0432477,0.0421298,0.0410271,0.041115,0.0361796,0.0345342,0.0342765,0.0337106,0.0310624,0.0314655,0.0298691,0.0306129,0.032557,0.0328825,0.0358794,0.0408266,0.0464596,0.0538442,0.067351
614.617,0.0402668,0.0411169,0.0405597,0.0379381,0.0374776,0.03638,0.0328877,0.0334063,0.0313569,0.0302356,0.03002,0.0282223,0.0295555,0.0321766,0.0321668,0.0387923,0.0437107,0.0534313,0.065545
615.052,0.0416607,0.0424293,0.0403417,0.0391619,0.0381177,0.0365425,0.0360373,0.0331848,0.0332296,0.0304356,0.03018,0.028648,0.0306268,0.0323064,0.033941,0.0394158,0.044227,0.0552784,0.0659285
615.486,0.041949,0.0416271,0.0403555,0.0396612,0.0385741,0.0341765,0.0347963,0.032914,0.0304561,0.0291293,0.0287684,0.0304162,0.0300334,0.0313395,0.0351466,0.0389196,0.0458818,0.0546721,0.0673061
615.92,0.0404699,0.0408944,0.0391493,0.0390552,0.0357198,0.034501,0.0320963,0.0310038,0.0292161,0.0284375,0.0286828,0.0277249,0.0290708,0.0306869,0.0330541,0.0391325,0.0441498,0.0531066,0.0660021
616.354,0.0435931,0.0427952,0.0398924,0.0396268,0.0366943,0.0374717,0.0358078,0.0331179,0.0332572,0.0304949,0.029236,0.029356,0.0316083,0.0334576,0.035535,0.0401953,0.0477498,0.0543308,0.0677157
616.788,0.0431871,0.0384923,0.0410221,0.040209,0.037724,0.0358608,0.0342525,0.0330824,0.0304597,0.0306558,0.0287381,0.0292672,0.0298412,0.0326749,0.0342019,0.0382962,0.0449303,0.0527328,0.0642256
617.222,0.0421589,0.0426256,0.0407269,0.038324,0.0386182,0.0354347,0.0340184,0.0312425,0.0301731,0.0297585,0.0286522,0.0304037,0.0315668,0.0310605,0.0343038,0.0379466,0.0451097,0.0538287,0.0661602
617.655,0.0431525,0.0392954,0.0399909,0.0389992,0.0376603,0.0358193,0.035288,0.0329589,0.0304991,0.0304411,0.0291902,0.0299724,0.0311581,0.0325457,0.0339918,0.0375493,0.0444057,0.0539133,0.0658378
618.089,0.0428463,0.0411369,0.0408114,0.0394664,0.0381189,0.0374177,0.0355344,0.033286,0.0327862,0.0309212,0.0301623,0.0309137,0.030803,0.0345522,0.0347857,0.0400118,0.0450812,0.0558311,0.0670909
618.522,0.0408142,0.0410014,0.040153,0.0412702,0.0379754,0.0357781,0.0344649,0.0332538,0.0326321,0.0320608,0.0300237,0.0322505,0.0313898,0.0337886,0.0348517,0.0409628,0.0449768,0.0541593,0.0686319
618.956,0.0429114,0.0422882,0.0413775,0.039648,0.0386887,0.0343619,0.0344159,0.032147,0.0305735,0.0302628,0.0295912,0.0290309,0.0291847,0.0320505,0.0340409,0.038906,0.0445489,0.0547023,0.0659773
619.389,0.0410016,0.0395445,0.0395975,0.0380885,0.0366442,0.0339521,0.0334232,0.0303187,0.029331,0.0285927,0.0281385,0.0290254,0.029756,0.0309502,0.0317486,0.0381228,0.043411,0.0542584,0.0640367
619.822,0.0403234,0.0411799,0.0399139,0.0364122,0.0374453,0.0369925,0.0330178,0.0336893,0.0318089,0.0294478,0.0287945,0.029403,0.0298036,0.0319424,0.0338532,0.0385174,0.045134,0.0528039,0.0657261
620.255,0.0410908,0.0402205,0.0381908,0.0375957,0.0379224,0.0356729,0.0339592,0.0339579,0.0322594,0.0305908,0.0300957,0.0308694,0.0300994,0.0307317,0.0362429,0.039192,0.0444078,0.0538709,0.0667605
620.688,0.0399854,0.0409341,0.0417158,0.0391404,0.0378787,0.0357603,0.0333039,0.0336154,0.0312954,0.0300345,0.0298238,0.0291902,0.0291244,0.0330198,0.035705,0.0391422,0.0477813,0.0541806,0.0681034
621.12,0.0414115,0.0397255,0.0405484,0.0374246,0.0366773,0.0328222,0.0339821,0.031138,0.0296847,0.0292053,0.0292535,0.028891,0.0304681,0.0307307,0.0313718,0.0369294,0.0433173,0.0513616,0.0640614
621.553,0.0392661,0.0392885,0.0406143,0.0364405,0.0378743,0.0359761,0.0325558,0.0316658,0.0304664,0.0301069,0.0287434,0.0273519,0.0290163,0.0288035,0.0331292,0.0382418,0.0431219,0.0512629,0.0662184
621.985,0.0420864,0.0391647,0.0399798,0.0382877,0.0377494,0.0355077,0.034647,0.0322222,0.030111,0.0306049,0.0297957,0.0275311,0.0300224,0.0325339,0.0350586,0.0379435,0.0458753,0.0530639,0.0691481
622.418,0.0407908,0.04087,0.0406824,0.0389913,0.0381329,0.0378758,0.0347605,0.0328058,0.0322291,0.0301535,0.0295763,0.0299569,0.0300743,0.0310743,0.0356359,0.040456,0.0474164,0.0557566,0.0677044
622.85,0.0420223,0.038706,0.0402023,0.0377026,0.0365807,0.0359948,0.0351862,0.0321611,0.0294557,0.0275067,0.0283154,0.0293821,0.0279237,0.0311746,0.0353863,0.0387434,0.0455344,0.0534968,0.0643603
623.282,0.0410397,0.0403895,0.0402539,0.0392834,0.037967,0.0364514,0.0348694,0.032034,0.0318602,0.0325131,0.0298455,0.0299574,0.0316112,0.0326025,0.0342346,0.0382626,0.0455408,0.054457,0.0665907
623.714,0.0414122,0.0412835,0.0398965,0.038534,0.0388166,0.0341497,0.0348025,0.0338447,0.0293722,0.0286548,0.0314153,0.0297276,0.029846,0.0306979,0.0331432,0.0396927,0.0445196,0.0543692,0.0670202
624.146,0.0421418,0.0408387,0.0387085,0.038921,0.0377277,0.0345091,0.0342432,0.0327721,0.0329171,0.0282223,0.0303215,0.0291599,0.0281086,0.0312299,0.034936,0.040452,0.0455616,0.0541502,0.0666866
624.577,0.0415349,0.0407578,0.0390376,0.0393827,0.035872,0.0347648,0.0336773,0.032801,0.0295108,0.0296011,0.0299705,0.0292952,0.029933,0.0304109,0.0335657,0.0375734,0.0448772,0.0523203,0.0644997
625.009,0.0410458,0.0386903,0.0368181,0.0380763,0.0363818,0.034874,0.0332053,0.030955,0.0299295,0.0290968,0.0286694,0.0271648,0.0281193,0.0309057,0.0321464,0.0394736,0.0443563,0.0534349,0.0658502
625.441,0.0413321,0.0395532,0.0393626,0.0394499,0.0373556,0.0365175,0.0335538,0.0338391,0.0320941,0.030991,0.0288365,0.02867,0.0304985,0.0317192,0.0346704,0.0377741,0.046995,0.0553999,0.0662155
625.872,0.0393944,0.0399293,0.0382286,0.0383507,0.0358838,0.0340476,0.0337447,0.0326373,0.0297039,0.0291926,0.0282546,0.0284703,0.0291798,0.0302279,0.0309093,0.0391331,0.0420825,0.0528968,0.0651048
626.303,0.0401816,0.0408429,0.0403377,0.0384334,0.0375681,0.0362028,0.0335739,0.0324967,0.0319771,0.0291342,0.0304916,0.0301537,0.028437,0.0319288,0.0340666,0.0388756,0.0441761,0.0555264,0.066152
626.734,0.0427171,0.0395627,0.0416086,0.0386591,0.0376542,0.0361592,0.03425,0.0329458,0.0301448,0.0298081,0.026872,0.028973,0.0293216,0.0322347,0.0351084,0.038107,0.0455806,0.0512104,0.0635975
627.165,0.0417733,0.0406016,0.0396359,0.0408705,0.0367584,0.0357779,0.0339827,0.0311039,0.0307318,0.0311783,0.0286198,0.0292922,0.0290703,0.0304234,0.0339718,0.037217,0.0426609,0.0527789,0.0666402
627.596,0.0404117,0.0411527,0.0391286,0.0382651,0.0360466,0.0345442,0.0340039,0.0307948,0.0300254,0.0312185,0.0286947,0.0301421,0.028176,0.031499,0.0331601,0.0372041,0.0441876,0.0521742,0.0651087
628.027,0.0411957,0.0410314,0.0399829,0.0404807,0.038445,0.0371754,0.0358707,0.033654,0.033192,0.0299913,0.0308024,0.0308026,0.0317799,0.0334158,0.0338192,0.041168,0.0470531,0.0557672,0.0693358
628.458,0.0425831,0.0425562,0.040646,0.0399725,0.0375214,0.0363024,0.0349378,0.0322718,0.0310568,0.0310274,0.0307774,0.0309604,0.029987,0.0340284,0.0349191,0.0407138,0.0461478,0.0546626,0.0686568
628.888,0.0419093,0.0403113,0.0390589,0.0376696,0.0373315,0.0383046,0.0339566,0.0323843,0.0300891,0.0290774,0.0297096,0.0286179,0.0288853,0.0304766,0.0346038,0.0386107,0.0462829,0.0513171,0.0663818
629.319,0.039666,0.0407908,0.0396708,0.0389092,0.0362368,0.035202,0.0321244,0.0323422,0.0297315,0.0285021,0.0293655,0.0293994,0.0295151,0.0309323,0.03334,0.0388791,0.0438968,0.0514628,0.0653744
629.749,0.0397651,0.0395782,0.040205,0.0369128,0.0378245,0.0362018,0.0338171,0.0305712,0.0305792,0.0314409,0.028826,0.0298401,0.0299558,0.0325701,0.0349872,0.0391051,0.0449196,0.0542043,0.0676018
630.179,0.0422064,0.0398492,0.0380566,0.038824,0.0358372,0.0363659,0.032866,0.0319573,0.0293151,0.0301067,0.0295394,0.0291179,0.0291914,0.0330139,0.0343396,0.04032,0.0458056,0.0533211,0.0666512
630.609,0.0407205,0.0422758,0.0396693,0.0393208,0.0384874,0.0360105,0.0344201,0.032419,0.0300476,0.0307665,0.0296481,0.0295776,0.0300309,0.0329764,0.0359695,0.0382935,0.044022,0.0520394,0.0676422
631.039,0.0402741,0.0416555,0.0384044,0.0380609,0.0379607,0.0353646,0.0341333,0.0332067,0.0330129,0.030416,0.0289104,0.0271326,0.0300148,0.0301981,0.0347381,0.0371737,0.0433812,0.0534149,0.0659381
631.469,0.0429736,0.0433717,0.0405869,0.0391315,0.0377861,0.035115,0.0357661,0.0327923,0.0327623,0.0310219,0.0304885,0.0304858,0.0301876,0.032548,0.0347222,0.0389544,0.0458064,0.0526219,0.0673778
631.899,0.042033,0.0405804,0.0403764,0.0389037,0.0368249,0.0360039,0.0353439,0.0316679,0.0309508,0.0302358,0.0304015,0.0297454,0.0311116,0.0312928,0.0335951,0.0388894,0.0457118,0.0528975,0.0687866
632.328,0.0405244,0.0395559,0.0396332,0.039247,0.0373334,0.035334,0.0333824,0.032107,0.0297348,0.0300354,0.0279315,0.0272115,0.0278968,0.0317077,0.0325512,0.0375626,0.0438533,0.0518425,0.0656728
632.758,0.0411682,0.0414278,0.0389946,0.0368661,0.0373115,0.0353211,0.0353394,0.0323885,0.0305698,0.0297968,0.0280451,0.0286686,0.0295101,0.0324845,0.0343295,0.0389647,0.0444615,0.0539242,0.0663251
633.187,0.0406778,0.0403043,0.0395982,0.0378853,0.0367576,0.0366476,0.0329175,0.0323698,0.0308761,0.0298012,0.027972,0.0290363,0.0291831,0.029726,0.034644,0.0373867,0.0459484,0.0535397,0.0651442
633.616,0.0408584,0.0398197,0.0406193,0.0375234,0.0389494,0.036874,0.0333516,0.0331503,0.0330122,0.0303732,0.0289471,0.0297405,0.0298266,0.0323136,0.0358496,0.0399331,0.0456507,0.0566389,0.0677575
634.046,0.0410112,0.0397231,0.0404534,0.0400296,0.0372864,0.034861,0.0354281,0.0328341,0.0322181,0.0289339,0.0306219,0.0296116,0.0304951,0.0322087,0.0359183,0.0382884,0.0449943,0.0530603,0.066593
634.475,0.043883,0.0415948,0.0420627,0.0410042,0.0397625,0.0370601,0.0341541,0.0332359,0.0324479,0.030784,0.0317827,0.0311723,0.0288052,0.0315096,0.0344506,0.037119,0.046515,0.0529932,0.0686412
634.903,0.0398561,0.0392375,0.0394894,0.0384544,0.0357499,0.036287,0.0338379,0.0315791,0.031415,0.0290364,0.0285321,0.0286272,0.0306072,0.0313806,0.0338934,0.0384487,0.0452677,0.0540096,0.0648832
635.332,0.0403214,0.0382957,0.0395437,0.0386122,0.037825,0.0347593,0.0330288,0.0307742,0.0318746,0.0296978,0.0291313,0.0287854,0.0278675,0.0307186,0.034567,0.0388625,0.0453044,0.0556754,0.0678296
635.761,0.0414675,0.039549,0.0414726,0.0390206,0.0372022,0.0358616,0.0337401,0.0341187,0.0320624,0.0304137,0.0295678,0.0285091,0.030437,0.0334078,0.0354434,0.0385199,0.0459988,0.0547318,0.0678676
636.189,0.0415559,0.043737,0.04147,0.0417815,0.0391966,0.035922,0.034554,0.0341815,0.0308154,0.0319956,0.0317669,0.030791,0.0326332,0.0323091,0.0377595,0.0393809,0.0464077,0.0545371,0.0649557
636.618,0.0428565,0.0416692,0.0394867,0.0395116,0.0366842,0.0353082,0.0329901,0.0308425,0.0306258,0.0295367,0.0305534,0.0295356,0.0293965,0.0294992,0.0322896,0.0399633,0.044346,0.055378,0.0688439
637.046,0.0420409,0.0421917,0.0427184,0.0386297,0.0390523,0.0377816,0.0361182,0.0338337,0.032581,0.032232,0.0286063,0.0306486,0.0327621,0.0335969,0.0347881,0.0406839,0.0466072,0.0546208,0.0684844
637.474,0.0409351,0.0414511,0.0404605,0.0371135,0.0383416,0.0355799,0.034749,0.0323884,0.0327835,0.0313956,0.0305695,0.0289602,0.0308191,0.0320897,0.0353868,0.0386368,0.0459995,0.0518918,0.067464
637.902,0.042325,0.039907,0.0406371,0.0389563,0.0360565,0.0374844,0.0328376,0.0317216,0.0309515,0.0288896,0.0297179,0.0305206,0.0290873,0.0316265,0.0340396,0.0403395,0.0454955,0.053185,0.0665022
638.33,0.0408349,0.039011,0.0408731,0.0386269,0.037075,0.0360563,0.0333933,0.031062,0.0304645,0.0287779,0.0273788,0.0303323,0.0298321,0.0315316,0.0338771,0.0393606,0.0461967,0.0542042,0.0644904
638.758,0.0412847,0.0400416,0.037952,0.0392923,0.0390331,0.0357545,0.0339806,0.0324238,0.0304094,0.0305856,0.0292244,0.0287924,0.0284356,0.0316239,0.0338978,0.0383226,0.0447913,0.0532192,0.0664824
639.186,0.0430777,0.0391157,0.0401663,0.0370554,0.0382346,0.0348521,0.0334698,0.0314123,0.030043,0.031054,0.0277583,0.0293673,0.0306331,0.0306318,0.0338574,0.0386175,0.0437507,0.0535386,0.0639332
639.613,0.039238,0.038337,0.0380721,0.037976,0.0339434,0.0340213,0.0338831,0.0317123,0.0308663,0.0281983,0.0294201,0.0264022,0.030134,0.0306293,0.0333784,0.03895,0.0431327,0.0523862,0.0653849
640.041,0.041274,0.0421728,0.0408664,0.0386757,0.0380138,0.0372707,0.0341904,0.0339718,0.031905,0.02953,0.0310332,0.0296928,0.0296866,0.033175,0.0347433,0.0397474,0.0462536,0.0537984,0.067611
640.468,0.0411342,0.0411277,0.0400827,0.0388291,0.0391259,0.0370139,0.0343676,0.0320004,0.0309648,0.0286022,0.0296668,0.0303365,0.029919,0.0331855,0.0348079,0.0387076,0.0452917,0.0527917,0.0674125
640.895,0.040637,0.0417846,0.0399587,0.0392765,0.0377172,0.0376146,0.0352374,0.0321167,0.0319399,0.0306795,0.0297562,0.0289182,0.0303646,0.0313641,0.0355563,0.0383496,0.0455592,0.0552409,0.0680497
641.322,0.0392793,0.0408323,0.0373254,0.0382664,0.0360449,0.0351754,0.0323658,0.0306236,0.0289402,0.027577,0.0272987,0.0278419,0.0295698,0.0288368,0.0338712,0.0369511,0.0431791,0.0511079,0.0660097
641.749,0.0407327,0.0395503,0.0377887,0.0378534,0.0358919,0.0357958,0.0324386,0.0306125,0.0305926,0.0283481,0.0279669,0.0285844,0.0286244,0.0309646,0.0327703,0.0353484,0.0443081,0.0533456,0.0659725
642.176,0.0415744,0.038887,0.0382174,0.0387272,0.0373105,0.0366727,0.0344149,0.0313736,0.0306199,0.0306562,0.0303696,0.0299958,0.030243,0.0326851,0.0343016,0.0376335,0.0463097,0.0545077,0.0668417
642.603,0.0410971,0.0390746,0.0393039,0.0368859,0.037966,0.0363549,0.0349566,0.031543,0.0298841,0.0304994,0.0286577,0.0293758,0.0297355,0.0304756,0.0335007,0.0367575,0.0447792,0.0525967,0.0669439
643.029,0.0421764,0.0411291,0.0412586,0.038684,0.0390083,0.0347198,0.0338165,0.034062,0.031614,0.0284762,0.0304317,0.0280911,0.0308515,0.032622,0.0325898,0.0373831,0.044063,0.0534219,0.06636
643.456,0.0404863,0.0409237,0.0382801,0.0379822,0.0362123,0.034887,0.0339566,0.0308663,0.0302278,0.0297294,0.0283765,0.0286716,0.0310091,0.0311719,0.0332066,0.0354329,0.0437583,0.0523818,0.0664269
643.882,0.0389935,0.0384172,0.0392879,0.035156,0.0358404,0.0335246,0.0315464,0.0311801,0.030209,0.0278923,0.0272641,0.0276145,0.0288809,0.0308716,0.032971,0.0375015,0.0429558,0.0514174,0.0647007
644.308,0.0420133,0.0400696,0.0409047,0.0394209,0.0368754,0.0354878,0.0334259,0.0332364,0.030856,0.0312701,0.0286798,0.0292539,0.0295076,0.0302665,0.0333419,0.0406587,0.0443523,0.0540836,0.0646419
644.735,0.0391853,0.0388472,0.0393725,0.0382371,0.0366125,0.0347352,0.0338337,0.0316955,0.029592,0.0287498,0.0268585,0.0295335,0.0295539,0.0302946,0.0323751,0.0382054,0.043321,0.0516885,0.0667025
645.161,0.0419303,0.0398702,0.0400371,0.0381705,0.0369719,0.0363694,0.0350618,0.0324022,0.0298113,0.0288071,0.0293017,0.0285826,0.028603,0.0318312,0.0361185,0.0384826,0.045744,0.0534452,0.066108
645.586,0.0399368,0.0394861,0.0367636,0.0355106,0.0358273,0.0340658,0.0322426,0.0331125,0.0286569,0.0287193,0.0287543,0.0305277,0.0284984,0.0312541,0.0337005,0.0373626,0.0459428,0.0549943,0.0660643
646.012,0.0422367,0.0429769,0.0395392,0.0411325,0.0392853,0.0360023,0.0340668,0.0331293,0.0332426,0.0313756,0.0323449,0.0299799,0.0313837,0.0309981,0.0354849,0.0399023,0.0459686,0.055607,0.0685225
646.438,0.0410651,0.0394437,0.039004,0.03837,0.0393272,0.0364528,0.0330786,0.0317913,0.0302829,0.0297613,0.0312111,0.030834,0.0302406,0.031145,0.0352817,0.0393249,0.0431505,0.0519737,0.0652659
646.863,0.0388194,0.037895,0.0411148,0.0374711,0.0362006,0.0352159,0.0331803,0.0323809,0.0290334,0.027399,0.0284991,0.0288097,0.028296,0.0305742,0.0352798,0.0364076,0.0436392,0.0519406,0.0663961
647.289,0.0405443,0.0403934,0.0405608,0.0391881,0.0371868,0.0355812,0.0336956,0.0311372,0.0320846,0.0316813,0.0296665,0.0293351,0.0300154,0.0312953,0.0353888,0.0377902,0.043505,0.0532338,0.0660954
647.714,0.0395464,0.039348,0.0372536,0.0372939,0.0361827,0.0347272,0.0300649,0.0310343,0.030143,0.0296458,0.0281158,0.0278587,0.0278047,0.0297395,0.0325427,0.0377477,0.0433334,0.0533206,0.068516
648.139,0.0408874,0.0418096,0.0380434,0.0386869,0.0372731,0.035379,0.0354167,0.0329421,0.0295304,0.0294016,0.0308797,0.0285878,0.0299152,0.0327965,0.0343297,0.0381313,0.0447659,0.0527236,0.0643195
648.564,0.0404776,0.0385741,0.0394224,0.0394391,0.0375044,0.0361366,0.0322097,0.0322,0.0292937,0.0302381,0.0295537,0.0296647,0.0305657,0.0320601,0.03429,0.0392256,0.0426979,0.0536139,0.0669527
648.989,0.0416411,0.0419943,0.0416102,0.0385517,0.0382025,0.0350219,0.0358212,0.0325454,0.0320109,0.0299261,0.0310529,0.0317809,0.028089,0.0319503,0.0341928,0.0384461,0.0457745,0.0542855,0.066784
649.414,0.0395398,0.0410774,0.0401228,0.039818,0.0370353,0.0364514,0.0352913,0.0330211,0.0307355,0.0288554,0.031023,0.0305378,0.0305315,0.0322867,0.0332132,0.0395588,0.0449244,0.0538531,0.0678329
649.839,0.0422288,0.039172,0.039949,0.0382305,0.0366027,0.0364658,0.0343246,0.0316247,0.0320217,0.0292093,0.0306882,0.0314676,0.0307276,0.0304924,0.0351296,0.0387897,0.0445511,0.0529718,0.0687055
650.263,0.0400197,0.0403311,0.0394505,0.0388096,0.0359205,0.0362815,0.0352956,0.0338102,0.0305289,0.0307195,0.0294061,0.0302976,0.0295591,0.0320249,0.0346854,0.0391411,0.046454,0.0531004,0.0664985
650.688,0.0418661,0.0417617,0.0412094,0.0404715,0.0376466,0.0356275,0.0353873,0.0330531,0.031021,0.0317421,0.0314009,0.029851,0.0299307,0.0329757,0.0363213,0.0403316,0.0469685,0.054973,0.0675506
651.112,0.0411576,0.0390979,0.0387353,0.0385178,0.0356447,0.0354922,0.0324815,0.0310382,0.0293918,0.0299581,0.0285014,0.0277062,0.0301517,0.0301271,0.0348706,0.035845,0.0447846,0.0550333,0.0658196
651.536,0.0394943,0.0415358,0.0366123,0.0390492,0.0367538,0.034023,0.0331426,0.0329825,0.0307636,0.030972,0.030351,0.0272804,0.0296677,0.0297969,0.0336633,0.0370717,0.0429515,0.0540279,0.0645697
651.961,0.040712,0.0430835,0.0385283,0.0398534,0.0383389,0.0344644,0.0352268,0.0331312,0.0331487,0.0296962,0.0297759,0.0300714,0.0303146,0.0317451,0.0356878,0.0378509,0.0459906,0.0539368,0.0664457
652.384,0.0422259,0.0411776,0.0401416,0.0378707,0.0366873,0.035115,0.033873,0.033568,0.0325222,0.0285584,0.0275859,0.0298867,0.0293042,0.0311921,0.0347777,0.0361568,0.0438688,0.0540851,0.0644493
652.808,0.0431625,0.0416594,0.0406503,0.0394286,0.0370754,0.0356326,0.0372532,0.0340933,0.0312177,0.0301375,0.0294605,0.0304632,0.0313751,0.0318355,0.0347693,0.0390162,0.0459318,0.0538639,0.0691189
653.232,0.0409471,0.0426766,0.0387361,0.0399956,0.0368147,0.0389388,0.0345552,0.0328866,0.0314912,0.0298227,0.0306845,0.0305111,0.0302271,0.0324376,0.0358626,0.0387808,0.0450381,0.0544647,0.0677127
653.656,0.0408294,0.0403277,0.0391952,0.0398549,0.0372883,0.0333167,0.033686,0.0329832,0.0317602,0.0296346,0.0295155,0.0305325,0.0316818,0.0324566,0.0329506,0.0378718,0.0447998,0.054079,0.0682263
654.079,0.0387298,0.0399683,0.04012,0.0394063,0.0382415,0.0343162,0.032709,0.0322734,0.030638,0.029055,0.0295985,0.0308415,0.0292064,0.0309963,0.0341377,0.0387805,0.0453529,0.0524621,0.0654312
654.503,0.0421149,0.0408328,0.0394999,0.0403188,0.0367758,0.0336257,0.0323787,0.0315337,0.0307727,0.0311307,0.0294052,0.0295731,0.0305808,0.031351,0.0335648,0.0377647,0.0468707,0.0535397,0.0671124
654.926,0.0432628,0.0410264,0.0402741,0.0394431,0.0389912,0.0366905,0.034946,0.0331128,0.0321391,0.0307551,0.0307806,0.0296009,0.0308085,0.0330217,0.0351604,0.0390566,0.0464866,0.0543922,0.0673765
655.349,0.038821,0.0400743,0.0395941,0.0375015,0.0367736,0.0344172,0.0338685,0.0319765,0.028832,0.0281843,0.0291497,0.0285909,0.0274516,0.0305294,0.0335832,0.0354818,0.0449598,0.0534559,0.0678812
655.772,0.0412363,0.039701,0.0403964,0.0373959,0.0359551,0.0344318,0.0327798,0.0325554,0.0318799,0.0294967,0.0289499,0.0297398,0.0292741,0.0311768,0.0343053,0.0392441,0.0458883,0.0522523,0.0659294
656.195,0.0412416,0.0398056,0.0402564,0.0406241,0.0369973,0.0357403,0.0339239,0.0319936,0.0309228,0.0308056,0.0282659,0.0293601,0.0311962,0.0318281,0.033236,0.0376118,0.0444479,0.0540021,0.0666895
656.618,0.0420016,0.0416547,0.0392104,0.0391701,0.0377593,0.0352759,0.0355479,0.0332416,0.0301054,0.0306933,0.0298619,0.0285093,0.0311,0.0324899,0.0357682,0.039083,0.0437338,0.0555886,0.0670497
657.04,0.042578,0.0395508,0.0414773,0.0379347,0.0385715,0.0354782,0.0340642,0.0307631,0.0300965,0.029897,0.0302782,0.0294096,0.0283942,0.0326629,0.0341479,0.0370549,0.0438554,0.0526339,0.0675387
657.463,0.0407164,0.0413502,0.0392423,0.0388923,0.0380193,0.0344342,0.0357746,0.0328275,0.0316309,0.0310714,0.0293139,0.030731,0.030929,0.0322559,0.0351741,0.0380719,0.045298,0.0541152,0.064297
657.885,0.0404641,0.0404579,0.037971,0.0388815,0.0365322,0.0341201,0.0333842,0.0321615,0.0313334,0.0299212,0.0271453,0.0287879,0.0298964,0.0309833,0.0326963,0.0394665,0.0443111,0.0517762,0.0660838
658.308,0.0423768,0.0421696,0.0391222,0.0372964,0.039064,0.0358153,0.0328141,0.0341012,0.0323463,0.0307902,0.0304538,0.0302106,0.030486,0.0299828,0.0351054,0.0388815,0.0449338,0.0530764,0.0668369
658.73,0.0380959,0.0401675,0.0378994,0.0370453,0.0370104,0.0326864,0.0330755,0.0305855,0.0310553,0.0276865,0.0284997,0.0288325,0.0304726,0.029577,0.0346039,0.0360419,0.0450407,0.052021,0.0669098
659.152,0.0400104,0.0406274,0.0403224,0.039721,0.0381635,0.0359496,0.0329781,0.0328901,0.0305036,0.0289502,0.0273951,0.0271559,0.0296749,0.0297341,0.0317418,0.039419,0.0440302,0.052529,0.066632
659.574,0.0405957,0.0413115,0.0407318,0.0380732,0.0384258,0.035413,0.0358792,0.0313394,0.0318583,0.0306073,0.028423,0.030152,0.0291416,0.0325919,0.0354776,0.0384721,0.0443686,0.0535422,0.0666
659.996,0.0411341,0.0393869,0.0390627,0.0398673,0.0351455,0.0348835,0.0347433,0.0320338,0.0300339,0.0306074,0.028494,0.0285397,0.0315759,0.0336566,0.0336223,0.0390971,0.0445588,0.0528819,0.0666254
660.417,0.0425073,0.0405399,0.0409886,0.0394295,0.0387435,0.037697,0.0345898,0.0342966,0.0331419,0.031173,0.0293747,0.0318732,0.0314536,0.0322454,0.0366869,0.0366351,0.0458024,0.0549082,0.0680507
660.839,0.0408776,0.0419535,0.0400614,0.0387956,0.0388018,0.0359301,0.0334755,0.0313803,0.0311114,0.0308947,0.028954,0.0293569,0.0323627,0.0326777,0.0350777,0.0383425,0.0433273,0.0530306,0.0673811
661.26,0.0421788,0.0421709,0.040807,0.0386811,0.0383931,0.0352671,0.0331261,0.0336373,0.0321091,0.0310087,0.0289065,0.0308083,0.0312726,0.0319264,0.0360426,0.0393543,0.0455443,0.0555597,0.0690367
661.682,0.0409422,0.0411893,0.0396208,0.0387669,0.0362405,0.036112,0.0335805,0.030681,0.0320054,0.0320217,0.0315931,0.0299804,0.0302697,0.0327212,0.0362572,0.0399368,0.0484603,0.0528872,0.071528
662.103,0.0395871,0.0403474,0.0392703,0.0379464,0.036396,0.0360053,0.0341935,0.032859,0.029715,0.0309137,0.0284287,0.028323,0.0308977,0.0326415,0.0341762,0.0394547,0.0456818,0.0552683,0.068382
662.524,0.0402482,0.0415142,0.0379043,0.0376998,0.0370339,0.0361526,0.0333736,0.0325348,0.0299314,0.0307111,0.0273298,0.0259075,0.0302476,0.0298324,0.0343655,0.0382163,0.0458473,0.0543829,0.0662608
662.945,0.0413836,0.0435629,0.0395666,0.0403109,0.0376329,0.0352864,0.0349231,0.0326299,0.0307743,0.0296076,0.0290195,0.0292863,0.031024,0.0328869,0.0357952,0.0386488,0.0434288,0.053049,0.0673315
663.366,0.0404689,0.0399869,0.0386427,0.0388098,0.0360182,0.0344991,0.0345587,0.0312552,0.0299243,0.0305431,0.0288459,0.0295933,0.0304459,0.0312378,0.034572,0.0366413,0.0434387,0.0544726,0.0651257
663.787,0.0412055,0.0400309,0.0389088,0.0374482,0.0361503,0.03559,0.0342489,0.0310656,0.0305635,0.0284621,0.0297644,0.0289953,0.0288767,0.0304576,0.0348789,0.0386157,0.0440171,0.0537649,0.0643764
664.207,0.0411453,0.0400709,0.0401764,0.0387617,0.0368011,0.0349492,0.0355781,0.0328265,0.0299733,0.0298105,0.0275034,0.0283064,0.0299392,0.0326248,0.033225,0.0379898,0.0442856,0.0552283,0.0661928
664.628,0.040368,0.0387975,0.0377,0.0366673,0.0371032,0.0339615,0.0331954,0.0316244,0.0287163,0.0281749,0.0265679,0.0269692,0.0296766,0.0320891,0.032607,0.038817,0.045016,0.0524634,0.0665092
665.048,0.0400458,0.038645,0.0377001,0.0382739,0.0362119,0.0367467,0.0331964,0.0336539,0.0303648,0.0291752,0.0290571,0.0294037,0.0284966,0.0318293,0.0334075,0.0387773,0.0438037,0.0529459,0.0661061
665.468,0.041378,0.0400072,0.03967,0.0377975,0.0345529,0.035372,0.0348095,0.0329991,0.0314704,0.0285579,0.0293164,0.0291179,0.0298049,0.0314812,0.0344946,0.0370678,0.045281,0.0523161,0.0678842
665.888,0.040142,0.0389897,0.0361656,0.0366925,0.0335201,0.0334624,0.0324058,0.0289572,0.0308289,0.0289048,0.0253849,0.0264145,0.0288142,0.0299694,0.0344743,0.0366775,0.0420377,0.0527783,0.0643224
666.308,0.0411551,0.0403405,0.0383223,0.0382393,0.0350785,0.0352496,0.0356528,0.0323441,0.0295334,0.0295868,0.0297863,0.0265807,0.0291786,0.0329533,0.0337601,0.0389014,0.0463943,0.0536584,0.0677691
666.728,0.0409809,0.0421672,0.039083,0.0384323,0.037146,0.0357007,0.0346893,0.0330242,0.0314166,0.0305814,0.0314205,0.0284795,0.0289886,0.0333669,0.0346039,0.0385702,0.0464907,0.0540168,0.0693103
667.148,0.0413363,0.0412313,0.0418296,0.0403293,0.0391739,0.0368354,0.0368436,0.032764,0.0326024,0.0304103,0.0300018,0.0295275,0.0294113,0.0308002,0.0339746,0.0412248,0.0465495,0.0537549,0.0687871
667.568,0.0401822,0.0397511,0.0382997,0.0359556,0.0353969,0.0335526,0.0331925,0.0329018,0.0310168,0.0285886,0.0291244,0.0295705,0.0304457,0.0307142,0.032183,0.0377925,0.0442868,0.0548033,0.0651882
667.987,0.0389433,0.0391603,0.0389275,0.0362628,0.0345458,0.0353706,0.0320323,0.0301777,0.0310354,0.0294057,0.0285165,0.0283183,0.0281253,0.0326707,0.0334743,0.0382899,0.0439177,0.0525276,0.0656673
668.407,0.0374963,0.0399321,0.0381552,0.0376076,0.0364674,0.0331544,0.0318838,0.0294285,0.0293568,0.0299117,0.0286419,0.0281378,0.028761,0.0303283,0.0323015,0.038687,0.0412505,0.0514324,0.0654397
668.826,0.0416409,0.0387063,0.0384963,0.04067,0.0376824,0.0356537,0.035224,0.03243,0.0307674,0.0304866,0.02923,0.0311631,0.0306747,0.0302849,0.0358346,0.0371116,0.0455527,0.0513698,0.0691826
669.245,0.0428591,0.0406107,0.0425429,0.0392932,0.0385369,0.0370753,0.0360511,0.0326039,0.0342803,0.0309662,0.0302124,0.0300897,0.0317484,0.0310008,0.0365087,0.0400974,0.0467811,0.0556585,0.070532
669.664,0.0409137,0.0418283,0.0392814,0.0389275,0.0363308,0.0362367,0.0351285,0.0315194,0.031847,0.0300022,0.0300284,0.0290951,0.0282371,0.0296827,0.0350366,0.0387841,0.0462338,0.0530872,0.0648684
670.083,0.0400527,0.040706,0.039673,0.0365955,0.0363623,0.0354905,0.0317534,0.0320936,0.0292081,0.0291887,0.0272343,0.0289589,0.0305958,0.0296124,0.0354417,0.0382701,0.0478017,0.0514044,0.0653756
670.502,0.0408527,0.0395366,0.0396088,0.036501,0.0341597,0.0357574,0.033321,0.0314827,0.0311748,0.0294512,0.0285326,0.029679,0.0283813,0.0314817,0.033007,0.0382909,0.044847,0.0536366,0.0667411
670.921,0.0393568,0.0391468,0.0400066,0.038165,0.0359855,0.0355649,0.0327572,0.0313061,0.0298052,0.0290695,0.0287466,0.0298647,0.0293802,0.0307332,0.0315012,0.0402162,0.0430556,0.0528021,0.0658514
671.339,0.0416173,0.039344,0.0409773,0.0372842,0.0378546,0.0379589,0.0353954,0.0323769,0.030735,0.0303498,0.0306548,0.0305129,0.0301908,0.0339991,0.0342387,0.0390312,0.0469464,0.0549335,0.0692881
671.758,0.0417345,0.0408558,0.0402294,0.0387718,0.0387746,0.0363737,0.0345194,0.031398,0.0312881,0.0282683,0.0278991,0.0279867,0.028434,0.0309472,0.0334863,0.0399027,0.0450309,0.0563872,0.0687315
672.176,0.041941,0.0404154,0.0387559,0.0396279,0.0379253,0.036322,0.0343654,0.0339798,0.0305128,0.0311854,0.031043,0.0302436,0.0297843,0.0329984,0.0377384,0.0395235,0.0470374,0.0542016,0.0672701
672.594,0.0424334,0.040437,0.0385913,0.0411985,0.0367692,0.0360224,0.0361319,0.0338327,0.0320506,0.0303355,0.0301483,0.0300187,0.0292848,0.0328662,0.0361879,0.0405373,0.0456885,0.0552471,0.0691944
673.012,0.0393944,0.0416174,0.039947,0.0392227,0.0363993,0.035965,0.0348706,0.0317096,0.032651,0.030889,0.0304131,0.0297827,0.0299131,0.0340973,0.0362929,0.0366851,0.0444428,0.0547175,0.068621
673.43,0.0413111,0.0404866,0.0389689,0.0381463,0.0365459,0.0353549,0.0342339,0.0322605,0.0301529,0.0298899,0.0296202,0.0287165,0.0294396,0.0338829,0.0351773,0.0386241,0.0459497,0.0556029,0.0669507
673.848,0.0427142,0.0414826,0.0389671,0.038686,0.0373999,0.0344389,0.0337297,0.0332686,0.0314575,0.0296939,0.029556,0.0281941,0.029173,0.0305049,0.0348959,0.0388336,0.0455345,0.0535249,0.0665945
674.266,0.0404177,0.0414982,0.0385347,0.0390573,0.0387027,0.0354205,0.0330586,0.0332901,0.0295345,0.0284942,0.0284325,0.0282515,0.0295772,0.0302473,0.0344934,0.0380315,0.0439763,0.0518098,0.0660164
674.684,0.039898,0.0413522,0.040443,0.0407295,0.0388156,0.0372227,0.0371685,0.0344253,0.0334009,0.0328977,0.0307435,0.0320611,0.0311693,0.0337254,0.0348752,0.0410686,0.047324,0.0560023,0.067754
675.101,0.0415862,0.0406269,0.0390841,0.0391966,0.037864,0.0339079,0.0349093,0.0344797,0.0325653,0.0299772,0.0289535,0.0293133,0.0286533,0.03285,0.0331672,0.0397438,0.0464335,0.0536992,0.0675519
675.519,0.0441194,0.0435778,0.0407773,0.0405153,0.0397182,0.0363714,0.0357206,0.0328486,0.0315299,0.0320246,0.031174,0.0317347,0.0314428,0.0337426,0.0350642,0.0389508,0.047479,0.0543335,0.0691591
675.936,0.0446511,0.0410572,0.0417248,0.0408446,0.038537,0.0367088,0.035321,0.0347511,0.0339134,0.0327809,0.0308773,0.0334965,0.0328891,0.033683,0.0364286,0.0402274,0.0468337,0.0552861,0.0693395
676.353,0.0412278,0.0408463,0.0421294,0.0392846,0.0375128,0.0363086,0.033548,0.0328034,0.0330309,0.0282156,0.028092,0.0312319,0.0305891,0.0321203,0.0348264,0.0414807,0.0452009,0.0553635,0.0687968
676.77,0.0425234,0.0426239,0.0405269,0.0399589,0.0358902,0.0346425,0.0342927,0.0339769,0.029882,0.0293967,0.0294342,0.0302143,0.0302491,0.0295792,0.0347337,0.0396658,0.0443608,0.053907,0.0666461
677.187,0.0395692,0.0401581,0.0392671,0.0364369,0.0366949,0.0362471,0.031759,0.0314504,0.0308102,0.0291554,0.0293531,0.0299927,0.0286071,0.0300373,0.0333492,0.0372096,0.0455378,0.05346,0.0660807
677.604,0.0401668,0.0387982,0.0370307,0.0363618,0.0347445,0.0346491,0.0320009,0.0319242,0.031605,0.0295448,0.0278433,0.0284798,0.0274226,0.0295934,0.0327942,0.0384804,0.0434539,0.0533004,0.0634528
678.02,0.0423281,0.0398586,0.0407922,0.0386651,0.0383407,0.0361581,0.0346395,0.0324764,0.0306164,0.0312025,0.0293863,0.0306131,0.0305904,0.0332931,0.0351167,0.0409089,0.0462408,0.0536763,0.0662781
678.437,0.0409058,0.0394343,0.0381349,0.0368062,0.0348907,0.0329689,0.0329461,0.0315393,0.0289236,0.0295893,0.0286026,0.0280116,0.0299018,0.0304485,0.0324658,0.03777,0.0436348,0.0517114,0.0646197
678.853,0.0418701,0.0390655,0.0400076,0.0386714,0.0379151,0.0342893,0.0331438,0.0313867,0.0299132,0.029702,0.0305426,0.0262259,0.029373,0.0320205,0.0346465,0.0386141,0.0471826,0.0552902,0.0682217
679.27,0.0414922,0.0418197,0.0392866,0.0393197,0.0387901,0.0353738,0.0320778,0.0322711,0.0301596,0.0307275,0.0298947,0.0297641,0.0311625,0.0317177,0.0342957,0.0398548,0.045625,0.053904,0.0674624
679.686,0.0402306,0.0411715,0.0413293,0.0403803,0.0369465,0.0357567,0.0330837,0.0319837,0.031447,0.0282225,0.030429,0.0288714,0.0305981,0.0308989,0.0363855,0.0385265,0.0453743,0.0520879,0.0687081
680.102,0.0419191,0.0391455,0.0374801,0.0408174,0.0380775,0.0331869,0.0327357,0.032015,0.0312351,0.0289977,0.0288598,0.0279958,0.0294532,0.0311015,0.0331011,0.0378422,0.044579,0.0521661,0.0690029
680.518,0.0426416,0.0378406,0.040778,0.0377222,0.0382929,0.0341488,0.0334639,0.0323584,0.0304276,0.0307206,0.0282148,0.029469,0.0301094,0.0308259,0.0350699,0.0404619,0.0457243,0.0522255,0.066248
680.933,0.0419779,0.0426348,0.0378621,0.0401796,0.0395104,0.0351629,0.0364437,0.0326294,0.0301713,0.0314197,0.0289163,0.0300943,0.0321513,0.0330725,0.0353282,0.0392748,0.0445393,0.0551327,0.0671623
681.349,0.0403226,0.0418183,0.040522,0.0403431,0.0393197,0.0340663,0.0325886,0.0307265,0.0329824,0.0303113,0.0288911,0.0305531,0.0282158,0.0316868,0.0355431,0.0407487,0.0466898,0.0542411,0.0683785
681.765,0.0404177,0.0406056,0.040074,0.0364639,0.0374238,0.0354654,0.0325751,0.0316677,0.0304002,0.0294287,0.029063,0.0281175,0.0288866,0.0310053,0.0341978,0.0387225,0.0448747,0.05411,0.0680068
682.18,0.0391222,0.0419619,0.0381489,0.0376561,0.0357139,0.0331485,0.0315021,0.0312874,0.0298644,0.0296144,0.0271674,0.0281116,0.0288526,0.0304567,0.0344729,0.03707,0.0450296,0.0516995,0.0682432
682.596,0.0437854,0.0418993,0.0421064,0.0411808,0.0395591,0.0381904,0.0361766,0.0350959,0.0335755,0.0328686,0.0316369,0.032539,0.032876,0.0332053,0.0380545,0.0396564,0.0475152,0.0555086,0.0694464
683.011,0.0398501,0.0398558,0.0392502,0.0383903,0.0378388,0.035394,0.0346569,0.0327363,0.0308243,0.0309823,0.0293741,0.0300371,0.0292651,0.0327577,0.0347051,0.0402591,0.0454658,0.0529386,0.0645816
683.426,0.0407344,0.0418719,0.0400762,0.0410278,0.0398967,0.0350199,0.0341965,0.0322919,0.0318978,0.0317414,0.0301871,0.0300966,0.0300949,0.0317833,0.0348427,0.0406921,0.045722,0.0531623,0.0673514
683.841,0.039582,0.0405235,0.0402833,0.0380332,0.0359335,0.0340791,0.0330252,0.0326608,0.0303788,0.0304625,0.0313706,0.0266363,0.0309538,0.0299209,0.0358786,0.0383142,0.0447209,0.0535784,0.0690743
684.256,0.0414476,0.0394711,0.0389005,0.0379074,0.0349932,0.0347742,0.0333011,0.0304473,0.0308307,0.0274699,0.0301655,0.0297496,0.0303595,0.0311333,0.0327468,0.039461,0.0444089,0.0547187,0.0662769
684.67,0.0416356,0.0409028,0.0420343,0.0386257,0.036682,0.0358631,0.0337019,0.0332272,0.0324876,0.0309562,0.0307898,0.0301853,0.0316533,0.0318115,0.0348017,0.0387343,0.0470585,0.0551626,0.0676312
685.085,0.0433379,0.0415816,0.0399666,0.0392252,0.0372559,0.0342479,0.0331779,0.0339019,0.0316993,0.0311939,0.0296792,0.0299633,0.0306698,0.0326359,0.0338009,0.0398798,0.0452901,0.0541111,0.0677541
685.499,0.0399751,0.0402536,0.0393614,0.0390283,0.0380012,0.0341856,0.0347453,0.0310679,0.0314692,0.0312222,0.0314108,0.027704,0.0282319,0.0294639,0.0352139,0.0391813,0.044634,0.0541177,0.0685738
685.914,0.0418328,0.0410176,0.0406331,0.0402843,0.0366252,0.0341405,0.032768,0.03399,0.0316263,0.0315512,0.0297003,0.0295102,0.0307178,0.0326404,0.0369794,0.0389168,0.0447069,0.054734,0.0676191
686.328,0.0418006,0.0421624,0.0422321,0.0398939,0.0378442,0.0380833,0.0357397,0.0338151,0.0338638,0.0316611,0.0291076,0.0299734,0.0314272,0.0333396,0.0360808,0.0436736,0.0476568,0.0533519,0.0686439
686.742,0.0413021,0.0386873,0.0382768,0.0383566,0.0371901,0.0349041,0.0340051,0.0315985,0.0312411,0.0307457,0.0280993,0.0287698,0.0317559,0.0312363,0.0348468,0.0369803,0.0445127,0.0542236,0.0700517
687.156,0.0396789,0.0397707,0.040278,0.0372302,0.0372008,0.036614,0.0336562,0.0313148,0.0301368,0.0291004,0.0288766,0.0295952,0.0300658,0.0317189,0.0358372,0.0398047,0.0444052,0.0534555,0.0684611
687.57,0.0371186,0.0385679,0.0368136,0.0388228,0.0359965,0.0360223,0.031784,0.0307472,0.0290006,0.0292129,0.0288415,0.0279929,0.0287193,0.0306125,0.0327342,0.0405904,0.0425433,0.0538601,0.066368
687.984,0.0386369,0.041775,0.038756,0.0392417,0.0374559,0.0406138,0.0359365,0.0346887,0.0315089,0.0312436,0.0320013,0.0296417,0.0335097,0.0342626,0.036718,0.0397731,0.04801,0.0556009,0.0670385
688.398,0.0420455,0.0396409,0.0383278,0.0381872,0.0387239,0.0361436,0.0332694,0.033554,0.0297265,0.031897,0.030014,0.0293608,0.0316116,0.0319699,0.0359092,0.0377916,0.0464115,0.0543582,0.0674601
688.811,0.0419112,0.0417152,0.0426818,0.040239,0.0387825,0.0363611,0.0341342,0.0355888,0.0334546,0.031448,0.0316609,0.0321741,0.0305751,0.0346439,0.0376954,0.0421351,0.0465377,0.0552447,0.0704479
689.224,0.0386824,0.039848,0.0387194,0.0383435,0.0362345,0.0338587,0.032808,0.0318339,0.0321237,0.0296669,0.0272608,0.0293548,0.029156,0.0309412,0.032868,0.0376431,0.0438074,0.05227,0.0667481
689.638,0.0398438,0.0392153,0.0379634,0.0387374,0.0366094,0.0349236,0.0325638,0.0315801,0.029178,0.0288503,0.028564,0.0294062,0.0290716,0.0315935,0.0353447,0.0368066,0.0449233,0.0519809,0.066769
690.051,0.0379885,0.0416594,0.0381024,0.0380826,0.0361871,0.0344767,0.0306754,0.0284424,0.0299296,0.0298857,0.0284423,0.0283565,0.0290488,0.0313998,0.0318165,0.0379273,0.0445379,0.0532887,0.0647494
690.464,0.0390761,0.0394366,0.039326,0.0382773,0.0376455,0.0347553,0.0320122,0.0339021,0.0294452,0.0288878,0.0281232,0.030347,0.0297431,0.0325459,0.0324282,0.037699,0.0443936,0.053679,0.0696445
690.877,0.0429338,0.0421703,0.039991,0.039374,0.0381758,0.0363035,0.0360285,0.0343449,0.0314442,0.0319559,0.0311665,0.029843,0.0330047,0.0343952,0.0360192,0.0386457,0.0468772,0.0559651,0.0688236
691.29,0.0390215,0.0395664,0.0398904,0.0369356,0.0361944,0.0346835,0.0334727,0.0332771,0.0283416,0.0289552,0.0280808,0.0274739,0.0285588,0.0290238,0.0342553,0.0388949,0.0441755,0.0516081,0.0666386
691.702,0.0421273,0.0430078,0.0399749,0.0380782,0.0375695,0.0366997,0.0333408,0.0325288,0.0316693,0.03149,0.0294391,0.030825,0.0304083,0.0329707,0.0359251,0.0393574,0.0465237,0.0538892,0.065427
692.115,0.0406429,0.0386407,0.0389235,0.0379422,0.0363137,0.0353457,0.030382,0.0305888,0.028684,0.0306513,0.0286542,0.0285837,0.0283262,0.0305783,0.0326082,0.0378979,0.0455191,0.052069,0.0663574
692.527,0.0410146,0.038948,0.03937,0.0380837,0.0384436,0.0349977,0.0348868,0.0333919,0.0296148,0.0295048,0.0286948,0.0284204,0.0297011,0.030986,0.0345823,0.0375585,0.0469101,0.0527189,0.0681655
692.94,0.0433576,0.0410488,0.0395476,0.042381,0.0377213,0.038613,0.0344178,0.0327609,0.0319408,0.0309286,0.0313618,0.0305649,0.03033,0.0331014,0.0343791,0.0411645,0.0461203,0.0569732,0.0702661
693.352,0.0415327,0.0398457,0.0412999,0.0395078,0.0379758,0.0349559,0.0337253,0.0346584,0.0325097,0.0303124,0.0306161,0.0291752,0.0304712,0.0317853,0.0342019,0.0410355,0.0464397,0.0565273,0.0670286
693.764,0.0401598,0.0377036,0.040114,0.0367364,0.0361292,0.0351607,0.0335621,0.0288878,0.0292844,0.0276575,0.0280025,0.0295054,0.0297924,0.0303835,0.0334363,0.0349505,0.0440047,0.0519455,0.0684964
694.176,0.0433026,0.0395632,0.0405829,0.0394247,0.0377862,0.0370215,0.0328134,0.0336692,0.0341083,0.0298514,0.0317805,0.0281361,0.0303128,0.0299902,0.0360555,0.0392826,0.0485184,0.0519886,0.0677856
694.588,0.0430733,0.042558,0.0407109,0.0385918,0.0388145,0.0375072,0.0352068,0.0346144,0.0337019,0.0304878,0.0323949,0.0292088,0.0331768,0.0337036,0.0366254,0.0402502,0.045967,0.055252,0.0703376
694.999,0.0412884,0.041729,0.0380486,0.0390756,0.0384416,0.0352581,0.0343014,0.0334219,0.0314932,0.0277552,0.0292472,0.0294008,0.0292604,0.0317471,0.0360147,0.0394554,0.0462419,0.0537616,0.0681141
695.411,0.0391234,0.0401158,0.0380813,0.0394309,0.0385888,0.0363024,0.0360986,0.0324295,0.0312136,0.0292464,0.0283778,0.0305548,0.0293559,0.0303401,0.0341391,0.0375872,0.0469706,0.051618,0.0678462
695.822,0.0402689,0.0392791,0.0388709,0.0376371,0.037423,0.0350584,0.0329735,0.0334949,0.0313767,0.0292778,0.0290948,0.0269236,0.0292283,0.0312814,0.0340578,0.0389203,0.0461365,0.0542807,0.0686996
696.234,0.0392228,0.0399225,0.0362039,0.0359844,0.0355123,0.0323282,0.0318002,0.029618,0.0283735,0.0287729,0.0270823,0.0263387,0.0278338,0.0312731,0.0314125,0.0378927,0.0423032,0.0529616,0.0644297
696.645,0.0390867,0.0389305,0.0390454,0.0398002,0.0365896,0.0344163,0.0335786,0.0328978,0.0298147,0.0305023,0.0288393,0.0288326,0.0286122,0.0295547,0.0339721,0.0368362,0.0462401,0.0548316,0.0670552
697.056,0.0384125,0.0395604,0.0405777,0.0350397,0.0356153,0.033031,0.0331474,0.033178,0.0308849,0.029517,0.0278094,0.0285595,0.0294032,0.0312412,0.0336105,0.0386758,0.0438043,0.0530091,0.0654734
697.467,0.0397633,0.0409727,0.0397185,0.0389771,0.0374502,0.037056,0.0333227,0.0323598,0.031996,0.0319448,0.029748,0.0295804,0.031052,0.0320757,0.0355517,0.0397443,0.0451861,0.0537529,0.0669457
697.878,0.0417245,0.0383844,0.0391995,0.0366729,0.0356675,0.0344436,0.0325436,0.0311389,0.028239,0.0306967,0.027811,0.027374,0.0292286,0.0295876,0.0340758,0.0380786,0.0406531,0.0532815,0.0664073
698.289,0.0418099,0.0398876,0.0395924,0.0410512,0.0375355,0.0359187,0.0340851,0.0319155,0.0320217,0.0300377,0.029019,0.0308321,0.0314125,0.0320115,0.0349715,0.0402735,0.0448916,0.0536359,0.0671818
698.699,0.0393872,0.0415648,0.0398234,0.038542,0.0379661,0.0378175,0.0347033,0.032958,0.0325204,0.0310493,0.0302262,0.0297837,0.0321044,0.0319636,0.03491,0.0391844,0.0452934,0.0563395,0.0689974
699.11,0.0396081,0.0417246,0.0429426,0.041168,0.03797,0.0358382,0.0355331,0.0338318,0.0313207,0.0305675,0.0298927,0.031538,0.0295697,0.0302032,0.0356826,0.0387965,0.0476387,0.0567287,0.0661825
699.52,0.0392737,0.0396938,0.0387324,0.0368891,0.0368458,0.0347867,0.0310472,0.0306036,0.0302521,0.0285718,0.0259053,0.0276187,0.0298415,0.032129,0.0343667,0.0376487,0.0442444,0.0542846,0.065168
699.931,0.0411225,0.04383,0.0419548,0.0385483,0.0386036,0.0368337,0.0355092,0.033983,0.0314913,0.0287473,0.0304165,0.0296555,0.031894,0.0324718,0.0366872,0.0414539,0.0460949,0.0569259,0.0695477
700.341,0.038818,0.0392063,0.0397983,0.0373345,0.0353165,0.0351029,0.0322102,0.0317519,0.0315409,0.028625,0.027273,0.0280462,0.0303104,0.0288352,0.0345708,0.0385753,0.0445258,0.0523044,0.0675006
700.751,0.0394685,0.0393871,0.0389366,0.0385664,0.0379639,0.0340402,0.0336413,0.0308645,0.0318497,0.0275746,0.0299831,0.0279015,0.0297333,0.0318155,0.0337287,0.0411358,0.0455905,0.0563608,0.0688172
701.161,0.0418924,0.0413168,0.0411462,0.0378443,0.039079,0.0356302,0.0354538,0.0308602,0.030253,0.0313462,0.0302483,0.0274385,0.0303444,0.031995,0.0332626,0.0404318,0.043876,0.0548292,0.0691758
701.57,0.039172,0.0383447,0.0370533,0.0372496,0.0343352,0.0325171,0.0314222,0.0296313,0.0278697,0.028639,0.0273266,0.0275193,0.026684,0.0287463,0.0325982,0.0370483,0.0450731,0.0534258,0.0672008
701.98,0.041263,0.0391857,0.0397764,0.0378909,0.0395247,0.0358525,0.0342539,0.0315248,0.0305135,0.0293606,0.0281629,0.0298592,0.0305604,0.0327674,0.03415,0.0385772,0.0451291,0.0535795,0.0696019
702.39,0.0424364,0.0413945,0.0417634,0.0396629,0.0379918,0.0360651,0.0374853,0.0328696,0.031419,0.0338292,0.0305771,0.0311638,0.0317532,0.0323582,0.0332438,0.0400929,0.0490214,0.0541551,0.068392
702.799,0.039574,0.0376513,0.0388098,0.0375495,0.0368917,0.0350787,0.032212,0.0328645,0.030877,0.0314453,0.027643,0.0286156,0.0277403,0.0290536,0.0316038,0.0362087,0.0452306,0.0538507,0.0653029
703.208,0.0435316,0.0402666,0.042032,0.0417717,0.0377906,0.037204,0.0366173,0.0347821,0.0342793,0.0318968,0.0296163,0.0316903,0.0322397,0.0340607,0.0355861,0.0418893,0.0468736,0.0570724,0.0700729
703.617,0.0465564,0.0416635,0.0411957,0.0414666,0.0385356,0.0397479,0.035147,0.0336504,0.0335477,0.0330793,0.0333823,0.0334075,0.0322735,0.0345817,0.0355618,0.0438278,0.0484931,0.0571047,0.0705623
704.027,0.0435777,0.0401535,0.0416748,0.0392218,0.0370824,0.0345393,0.0349832,0.033131,0.0311913,0.0300028,0.0310434,0.0289948,0.0310599,0.0335022,0.0352748,0.0412451,0.0445893,0.0558903,0.0702808
704.435,0.0416448,0.0384288,0.0397751,0.0390112,0.0368575,0.0381184,0.0323391,0.0306764,0.0320463,0.0286798,0.0298306,0.0297303,0.0302157,0.031799,0.0329886,0.0391121,0.0461721,0.0542904,0.0702798
704.844,0.0392863,0.0389274,0.039197,0.0389978,0.0362752,0.0362694,0.0316325,0.0305549,0.031904,0.0296667,0.028182,0.0292616,0.0284688,0.031398,0.0323136,0.0377439,0.0455915,0.0557214,0.0674129
705.253,0.0398663,0.0414194,0.0399282,0.0393356,0.0374792,0.0360034,0.0352588,0.0317841,0.0320419,0.0298893,0.0302263,0.0322003,0.0315561,0.0311286,0.0361364,0.0420601,0.0435023,0.056117,0.0677793
705.662,0.0394219,0.0418899,0.0382699,0.0371616,0.0388553,0.0363934,0.0346396,0.0332805,0.0309243,0.0292092,0.029138,0.0309268,0.0302247,0.0292746,0.0352916,0.0408725,0.0449361,0.0541289,0.0689754
706.07,0.0402383,0.0423299,0.0383986,0.039293,0.0363304,0.0365464,0.0348988,0.0326729,0.0276478,0.0285447,0.0311189,0.0286602,0.0285138,0.0316217,0.035344,0.0400517,0.0447503,0.0554794,0.0670328
706.478,0.0407956,0.0400594,0.0386872,0.039234,0.0370297,0.0345258,0.0338409,0.0309185,0.0306467,0.0271804,0.0293077,0.0306094,0.0289588,0.0328963,0.0354626,0.0380784,0.045341,0.0539555,0.0698413
706.887,0.0388537,0.0393017,0.0401823,0.037796,0.0345836,0.0341357,0.03217,0.031155,0.030966,0.0276377,0.0304887,0.0281233,0.0291953,0.0310545,0.0322909,0.0361016,0.0443134,0.0543256,0.0677722
707.295,0.0400991,0.0394165,0.0378229,0.0366272,0.0366069,0.0332518,0.0347423,0.0318765,0.0282874,0.0294632,0.0273221,0.0285569,0.026171,0.0297907,0.0328865,0.0352222,0.0444154,0.0529862,0.0662492
707.703,0.0393145,0.038842,0.0356294,0.036633,0.0346882,0.0337733,0.0291143,0.0307934,0.0276137,0.0279213,0.0279462,0.0270744,0.0278165,0.0299548,0.0309121,0.0335119,0.0401728,0.0535452,0.0666712
708.11,0.0408087,0.0422411,0.0406023,0.0389632,0.0372361,0.0337482,0.034225,0.0324737,0.0306814,0.0280462,0.0299137,0.0282458,0.0309384,0.0311657,0.0330533,0.0368879,0.0426958,0.0531458,0.0670049
708.518,0.0435409,0.0409146,0.0428424,0.0379695,0.0388581,0.037338,0.0352118,0.0347903,0.0325019,0.0320863,0.0289146,0.032326,0.0311633,0.0340001,0.0350021,0.0417502,0.0474877,0.056902,0.0693269
708.926,0.039853,0.0392813,0.0386956,0.0392406,0.0371649,0.0351233,0.0325756,0.0317247,0.0318967,0.0288169,0.0296872,0.0268759,0.0292076,0.0323901,0.034071,0.0380575,0.0456648,0.0532267,0.0675467
709.333,0.0415321,0.0416245,0.0393216,0.0407159,0.0363107,0.0356003,0.034564,0.0344162,0.03111,0.0296199,0.030046,0.0320752,0.0311799,0.0326348,0.0359759,0.0405703,0.0470999,0.0538326,0.0676837
709.741,0.040058,0.0406434,0.0394515,0.0382069,0.0355105,0.033625,0.0317599,0.0318013,0.0296068,0.0299911,0.0287504,0.0276368,0.0302435,0.0319364,0.0365842,0.0383934,0.0442505,0.0544753,0.0682958
710.148,0.0395769,0.039791,0.0394659,0.0387948,0.0364364,0.0333697,0.0346401,0.0326205,0.0316594,0.0305921,0.0307924,0.0286329,0.0300024,0.0312822,0.0326019,0.037579,0.0461813,0.0564945,0.0673044
710.555,0.0425813,0.0417354,0.0416095,0.0392157,0.0410208,0.0361505,0.0342809,0.0358803,0.0321033,0.0317052,0.0286724,0.0326131,0.0324932,0.0329003,0.0354103,0.0421764,0.0480144,0.0570436,0.0719224
710.962,0.039166,0.0394583,0.0377329,0.0375483,0.036022,0.0334646,0.0338269,0.0303624,0.0310386,0.0283232,0.0298067,0.0303728,0.0302045,0.0299083,0.0346177,0.0382027,0.0447305,0.0544135,0.0662958
711.369,0.0402395,0.0393836,0.0411336,0.0382475,0.036785,0.0355458,0.0330765,0.0314953,0.0293005,0.0291236,0.0294071,0.0290984,0.0324533,0.03316,0.0343626,0.0393577,0.0437881,0.053614,0.0677845
711.776,0.0402103,0.0399727,0.0364271,0.0390867,0.0350254,0.0328206,0.0326359,0.0309059,0.0307586,0.0294289,0.0286461,0.0284675,0.0273714,0.0327633,0.0329295,0.0366413,0.0444764,0.052669,0.0659237
712.182,0.0432102,0.0403991,0.0401439,0.0408184,0.0358476,0.0356266,0.0357734,0.0346533,0.033642,0.0307908,0.028883,0.0306653,0.0309475,0.031407,0.0357128,0.0403246,0.0479169,0.0572523,0.0700452
712.589,0.0439336,0.0392488,0.0409918,0.0407416,0.0391724,0.0378109,0.0367033,0.0337091,0.032594,0.0294796,0.031365,0.0301932,0.0305973,0.0333149,0.0373031,0.0414671,0.0476339,0.0572652,0.0702372
712.995,0.038623,0.0383994,0.0387765,0.0383494,0.03573,0.0344958,0.0339363,0.0310712,0.0302609,0.0296128,0.0272402,0.0290424,0.0267935,0.0314316,0.0331351,0.037843,0.0434682,0.0552539,0.0695633
713.401,0.0390513,0.0401988,0.0382129,0.037939,0.0363374,0.0346965,0.0325542,0.0306689,0.0292705,0.0302241,0.0291207,0.0280349,0.0283142,0.0299272,0.0336831,0.0369085,0.0444621,0.053545,0.0679828
713.808,0.0393759,0.0397774,0.0388547,0.0385589,0.0361087,0.0345667,0.0321817,0.0314689,0.0300316,0.0308641,0.0287139,0.0289472,0.0287702,0.031803,0.0332968,0.0353063,0.0451898,0.0535218,0.067357
714.214,0.0406479,0.037889,0.037283,0.0378682,0.0363569,0.0360246,0.0333912,0.0315581,0.0281488,0.0294005,0.0291578,0.0286093,0.0277856,0.0311452,0.0348633,0.0384642,0.0427552,0.0529931,0.0686112
714.619,0.0401371,0.0381395,0.0354108,0.0361979,0.0363277,0.0341385,0.0303313,0.0294918,0.0308717,0.0287418,0.0288712,0.0277218,0.0281099,0.0296713,0.0331358,0.0387889,0.0432938,0.0534154,0.0670639
715.025,0.0411853,0.0427868,0.0397871,0.0403702,0.0385771,0.0361032,0.0334612,0.0307817,0.0323652,0.0319269,0.0303799,0.0294566,0.0294754,0.0321114,0.0353332,0.0411299,0.0448355,0.055902,0.067019
715.431,0.0384931,0.0398025,0.0394522,0.0379057,0.0365188,0.0356501,0.0332372,0.0325418,0.0317484,0.0313977,0.0288264,0.0290578,0.0311352,0.0317654,0.034594,0.0388048,0.0465159,0.0570516,0.0671205
715.836,0.0415423,0.0403162,0.0397135,0.0395031,0.0377074,0.0357138,0.0345785,0.0326732,0.0321073,0.0309511,0.0304555,0.0313792,0.0299993,0.0316605,0.0362991,0.041295,0.046352,0.0551502,0.0681268
716.242,0.0399882,0.0415536,0.0381434,0.0371928,0.0370431,0.0355637,0.0318942,0.0322382,0.030932,0.0314304,0.0297601,0.0297288,0.0310398,0.0318802,0.03389,0.0398724,0.0453636,0.0516208,0.0680451
716.647,0.0442923,0.0405557,0.0398001,0.0385458,0.0401875,0.0378242,0.0340208,0.0361552,0.0312392,0.0309245,0.0295501,0.0323558,0.0324213,0.0342703,0.0366153,0.0436249,0.0479556,0.0562201,0.0698798
717.052,0.0401884,0.0387073,0.0393345,0.0389165,0.0353953,0.0354509,0.0331281,0.0311034,0.0291662,0.02873,0.0283238,0.0294132,0.0296924,0.0326812,0.0338007,0.040316,0.0456242,0.0541475,0.0673354
717.457,0.0411294,0.0423734,0.0380031,0.0385091,0.0373808,0.0377337,0.0344448,0.0314217,0.0300653,0.0305371,0.0314021,0.0299581,0.0313859,0.030826,0.0332849,0.040838,0.0477864,0.0568237,0.0685947
717.862,0.0410541,0.0419315,0.0389016,0.0391505,0.0379857,0.037893,0.0373339,0.032281,0.0309613,0.0297954,0.0305405,0.030057,0.0321498,0.0312936,0.0362146,0.0412167,0.0487434,0.0553884,0.0697153
718.267,0.0415842,0.0419343,0.0422428,0.0378578,0.0389907,0.0372784,0.0347901,0.0342509,0.031408,0.0338976,0.028961,0.0324896,0.0324598,0.0329788,0.0346385,0.0407545,0.0484868,0.0558829,0.0682443
718.672,0.0419022,0.0392171,0.0365529,0.0381655,0.0353351,0.0342719,0.0339469,0.0284133,0.0294119,0.0292124,0.0303276,0.0272421,0.0332689,0.0327815,0.0340019,0.0371796,0.0469487,0.0549216,0.0674239
719.076,0.0420685,0.0434948,0.0389229,0.0401293,0.0387439,0.0343942,0.0365112,0.0301199,0.0295862,0.0292612,0.0289456,0.0306019,0.0325435,0.0321096,0.0330762,0.0413251,0.0469516,0.056065,0.0676035
719.481,0.0408078,0.0422987,0.0393434,0.0387948,0.0388788,0.0362911,0.0334564,0.0346267,0.0304566,0.030528,0.0301018,0.0310002,0.029353,0.0333848,0.035869,0.0381089,0.0443343,0.0564917,0.0673465
719.885,0.0437565,0.0402146,0.0407788,0.0406658,0.0368292,0.0364183,0.0360456,0.0323477,0.0319515,0.0303136,0.0310728,0.0307935,0.0299175,0.0332922,0.0330735,0.0424855,0.0482718,0.0564801,0.0697828
720.289,0.0418999,0.0411307,0.0434158,0.0384369,0.038228,0.0370921,0.033042,0.0337669,0.0308027,0.0300425,0.0317136,0.0294946,0.0334586,0.0328654,0.0363802,0.0392769,0.047683,0.0574795,0.0676689
720.694,0.0417861,0.0419503,0.0396788,0.0391263,0.037596,0.0327387,0.0338521,0.0316965,0.0314265,0.0289746,0.0302154,0.0293947,0.0316385,0.0309076,0.0335823,0.03999,0.0468285,0.0543017,0.0678368
721.097,0.0385258,0.041505,0.0381348,0.0395229,0.0375793,0.0364669,0.0364768,0.0310347,0.0319343,0.0307487,0.0299604,0.0319382,0.0329468,0.0325767,0.0350393,0.0373269,0.0460581,0.0553563,0.0679114
721.501,0.0431369,0.040794,0.0397945,0.040034,0.038409,0.0382995,0.0334887,0.0335523,0.0320111,0.0335143,0.0310504,0.0320938,0.0334668,0.0335253,0.0347319,0.0420474,0.047803,0.057028,0.070047
721.905,0.041778,0.0389395,0.0402388,0.0388317,0.0371851,0.0370736,0.0319412,0.0327199,0.0302288,0.0317759,0.0288075,0.0285316,0.0286287,0.0326877,0.0355719,0.0401378,0.0484251,0.0561851,0.0688988
722.309,0.0403748,0.0391042,0.0438635,0.0400904,0.0377324,0.0383728,0.0361044,0.0336291,0.0328343,0.0323067,0.0305439,0.0301634,0.0310761,0.0327083,0.0358562,0.0430579,0.0459863,0.0562239,0.0672631
722.712,0.0392454,0.0398682,0.0382893,0.0377542,0.0375547,0.0374826,0.0337828,0.0327943,0.0311591,0.0290868,0.0282496,0.0295874,0.0283227,0.0320755,0.0363669,0.0381757,0.0462126,0.0561435,0.0680494
723.115,0.0411816,0.0409547,0.0403687,0.0396336,0.0371507,0.0347942,0.0353262,0.0336539,0.0299584,0.0318246,0.0311944,0.029762,0.0293468,0.0330127,0.0347424,0.0387595,0.0453342,0.0571975,0.0683554
723.519,0.0410938,0.0426448,0.0410911,0.0395841,0.0384323,0.0372094,0.0348981,0.034278,0.0337518,0.0315765,0.0324484,0.0321693,0.0331961,0.0332977,0.0362558,0.0396868,0.0464139,0.0558605,0.0696063
723.922,0.0398704,0.0414348,0.0406926,0.0392474,0.03713,0.0337747,0.0337302,0.0312919,0.0311677,0.0317898,0.0280488,0.0290714,0.031914,0.0324113,0.0347343,0.0403301,0.0465275,0.0562541,0.0667022
724.325,0.0400933,0.0407793,0.0394933,0.0390861,0.0365967,0.0345207,0.0329172,0.0311803,0.0290562,0.0306191,0.0285493,0.0294178,0.0303857,0.0331851,0.0331559,0.0396894,0.0466858,0.0527872,0.066272
724.728,0.0424216,0.042752,0.0405383,0.0400499,0.0367239,0.0352216,0.0341316,0.0335788,0.0318991,0.0309227,0.0306041,0.0307443,0.0311258,0.0310039,0.0347519,0.0373571,0.0460208,0.0572796,0.0665167
725.13,0.041874,0.0400292,0.0385702,0.0375235,0.0362753,0.035829,0.0337809,0.0300345,0.0295977,0.0309529,0.0304672,0.0289943,0.0304566,0.0299465,0.0348366,0.0397523,0.0456723,0.0530963,0.0663676
725.533,0.0416123,0.0408213,0.0427974,0.0374126,0.0359891,0.0359469,0.0357808,0.0323186,0.0313332,0.0309379,0.0289366,0.0278581,0.0299117,0.0322111,0.0341773,0.037735,0.044634,0.053874,0.0682365
725.936,0.0443519,0.0429868,0.0422759,0.0412428,0.0396799,0.0362586,0.0366819,0.0349353,0.0336209,0.0326438,0.0330282,0.0308374,0.0323106,0.032055,0.0380147,0.0415989,0.0496702,0.0596463,0.0699178
726.338,0.040435,0.0393016,0.0404794,0.0358712,0.0370494,0.0348244,0.0318925,0.0323931,0.0310245,0.0309694,0.0302973,0.0302367,0.0289864,0.0322236,0.0329394,0.0399054,0.0433894,0.0562205,0.0677082
726.74,0.043676,0.0410403,0.0410541,0.0397313,0.0386932,0.0403413,0.0372628,0.0347932,0.0322036,0.0319211,0.0305804,0.0315317,0.0299825,0.0350587,0.0367313,0.0425042,0.0487875,0.0579816,0.0697852
727.142,0.039509,0.0393463,0.0389144,0.0366156,0.0383291,0.035329,0.0334316,0.0345549,0.0295516,0.0310998,0.0293613,0.0291187,0.0316279,0.0320384,0.0332721,0.0395841,0.0466706,0.0553393,0.0691815
727.544,0.0412738,0.0418137,0.0391138,0.0388824,0.0380662,0.0348442,0.0318084,0.0323042,0.033281,0.0308127,0.0304037,0.0306282,0.0285968,0.0341343,0.0354597,0.0367658,0.0475133,0.0561883,0.0685117
727.946,0.039515,0.0404871,0.0355466,0.0403614,0.0360749,0.0343786,0.0332484,0.0301373,0.0282273,0.0269346,0.027963,0.0282583,0.0287421,0.0301247,0.0310801,0.0348586,0.0435575,0.0525713,0.0647113
728.348,0.0397622,0.0418562,0.0409167,0.0398026,0.036341,0.0381036,0.0352632,0.0334603,0.0313851,0.0313895,0.0321098,0.0301904,0.0331211,0.0336579,0.0373916,0.0375434,0.0456002,0.0555094,0.0719764
728.75,0.0416998,0.0390403,0.0398493,0.037877,0.0375559,0.0357364,0.0352385,0.0317373,0.0306905,0.0313212,0.0312901,0.0296931,0.0303797,0.0333323,0.0333982,0.0374948,0.0458175,0.0571546,0.0710392
729.151,0.0392325,0.0369236,0.0363335,0.0387927,0.0361525,0.0360453,0.031675,0.0325064,0.0298886,0.0291384,0.026092,0.0271359,0.027125,0.0306016,0.0346325,0.0381701,0.0436781,0.0509098,0.0655945
729.553,0.0413272,0.0414986,0.0380138,0.0364536,0.0394587,0.0370603,0.0356344,0.0327072,0.0302365,0.0303115,0.03043,0.0304299,0.0316804,0.0333345,0.0372719,0.0400557,0.044822,0.0549073,0.0694919
729.954,0.0428852,0.0403766,0.0390532,0.0404256,0.0364616,0.0337967,0.0347788,0.0326348,0.0283914,0.029222,0.0305301,0.0281273,0.0287187,0.0322373,0.035225,0.0413387,0.0474059,0.0553045,0.0697685
730.355,0.044677,0.0418196,0.0399546,0.0371856,0.0385486,0.038531,0.0343344,0.034582,0.0334315,0.0308488,0.0305194,0.0308115,0.0324103,0.034589,0.035997,0.0406686,0.0489589,0.055001,0.0695509
730.756,0.0420363,0.040255,0.0381765,0.0373967,0.0358705,0.0347385,0.0316275,0.0313184,0.028553,0.0271264,0.0274867,0.0272533,0.0286798,0.0299047,0.0329996,0.0369566,0.044757,0.0533494,0.0665918
731.157,0.0400819,0.038461,0.0390391,0.0374472,0.0373347,0.0342995,0.0342098,0.0344235,0.0317421,0.0292176,0.0281079,0.0266203,0.0308451,0.0333825,0.0381743,0.040198,0.0471157,0.0555745,0.0687458
731.558,0.0401027,0.041471,0.0413962,0.0403534,0.0393845,0.0345669,0.0360471,0.0318482,0.0296891,0.0310695,0.0308546,0.0284604,0.0307521,0.0331599,0.0356842,0.0396874,0.047158,0.0562561,0.0706988
731.959,0.0432409,0.0398008,0.0393052,0.0374058,0.0345125,0.0338837,0.0333573,0.0305294,0.0292208,0.0278667,0.0287404,0.0293024,0.0300098,0.0337382,0.0342534,0.0397946,0.0460041,0.0560573,0.0686343
732.359,0.0432651,0.0402761,0.0424573,0.0392642,0.0414858,0.0378627,0.0358372,0.0333661,0.0339329,0.0306823,0.0317909,0.0300267,0.031878,0.0341032,0.0349229,0.0417183,0.0496133,0.0602376,0.0715554
732.76,0.0393523,0.0398036,0.0375589,0.0389227,0.0367391,0.0335545,0.0327838,0.0333877,0.0303821,0.0284737,0.0266398,0.027512,0.0316884,0.0299658,0.0380288,0.0366404,0.0450662,0.0569877,0.0681338
733.16,0.0415114,0.0428546,0.0411077,0.0376876,0.0369935,0.034946,0.0337372,0.0324496,0.0330323,0.0314276,0.0296363,0.0306839,0.0295379,0.0324989,0.0358066,0.0395,0.049048,0.056583,0.0693094
733.56,0.0392468,0.0387958,0.0404358,0.0381511,0.0373728,0.0353695,0.0324746,0.0331405,0.0317868,0.029857,0.0309001,0.0300654,0.0298491,0.0345898,0.0350478,0.0388353,0.0472094,0.0546978,0.0654581
733.96,0.0400222,0.0392913,0.0386341,0.0375631,0.0370747,0.035323,0.0344163,0.0307733,0.0329183,0.0290633,0.0296793,0.0291304,0.0288444,0.0303156,0.0344562,0.0410061,0.045649,0.0580639,0.069689
734.36,0.0396848,0.0408281,0.0421008,0.0414186,0.0400487,0.0332452,0.0348101,0.0315577,0.0312503,0.0303043,0.0310541,0.0301111,0.0326205,0.032286,0.0398185,0.0420608,0.0463611,0.056883,0.0706008
734.76,0.0414556,0.0403528,0.0405409,0.0374723,0.0352816,0.0365002,0.033531,0.0324909,0.0307431,0.0295731,0.0324339,0.0287414,0.0292894,0.0322033,0.0361178,0.0413131,0.0462455,0.0548389,0.0699283
735.16,0.0405802,0.0426574,0.0384843,0.0388793,0.0341056,0.037626,0.03487,0.0326495,0.0308194,0.0290658,0.0304245,0.029658,0.029604,0.0339091,0.038301,0.04044,0.0477092,0.0576904,0.0694957
735.559,0.0403125,0.0381837,0.0415989,0.0397013,0.0370078,0.0351248,0.033656,0.0325535,0.028211,0.0289708,0.0276709,0.0279106,0.0293399,0.0307597,0.0356486,0.0405082,0.045538,0.0552448,0.0707922
735.959,0.0454694,0.0426442,0.0424549,0.0415002,0.0366735,0.0371707,0.0367263,0.0337511,0.0332895,0.0305924,0.0299266,0.0330675,0.0333801,0.033185,0.0395788,0.0397953,0.048828,0.056345,0.072152
736.358,0.0381264,0.0396729,0.0388578,0.0383741,0.0378868,0.0353029,0.0323641,0.030515,0.030688,0.029224,0.029971,0.0275468,0.0279002,0.0310216,0.0348733,0.0394188,0.0446733,0.0563253,0.0705292
736.757,0.0417861,0.0439961,0.0415922,0.0377759,0.0362746,0.0373719,0.0353504,0.0343866,0.0316413,0.0310802,0.0293451,0.0277252,0.0315085,0.0337934,0.0365662,0.0397549,0.0451921,0.0558586,0.070219
737.157,0.0398435,0.0397606,0.0382018,0.0407889,0.0349998,0.0343645,0.0330673,0.0321707,0.0292987,0.030737,0.0275604,0.0260712,0.028009,0.0326863,0.0367767,0.0370031,0.0453205,0.0553414,0.0693329
737.555,0.0418323,0.0387116,0.0393325,0.0375944,0.0399023,0.0357658,0.032292,0.0327334,0.0303695,0.0292609,0.0286442,0.0308074,0.0306377,0.032089,0.0373847,0.0394707,0.0468113,0.058434,0.069895
737.954,0.0427246,0.0392851,0.0404819,0.0386583,0.0360373,0.0316918,0.0330013,0.032964,0.0292941,0.0272914,0.0278592,0.0291448,0.0296851,0.0330999,0.0325279,0.0408063,0.0460886,0.0540101,0.0694116
738.353,0.0421514,0.0391946,0.0369164,0.0393563,0.0346598,0.0340921,0.0336884,0.0329129,0.0321527,0.0302191,0.0295779,0.0295614,0.0285554,0.0302368,0.0356811,0.0365769,0.0465909,0.054015,0.0713327
738.752,0.0429774,0.0426353,0.0394527,0.0408452,0.0410505,0.0380162,0.0356684,0.0321441,0.0292602,0.0313019,0.0328272,0.028908,0.0303189,0.0314708,0.0378671,0.0421779,0.0465716,0.0550612,0.0710269
739.15,0.0423891,0.0403766,0.0417324,0.0408224,0.0372843,0.0364585,0.0335922,0.0337405,0.0334363,0.032903,0.0283941,0.0293679,0.0287421,0.0313362,0.0360587,0.0404069,0.0474262,0.0580616,0.0714716
739.549,0.0432083,0.0417487,0.0407817,0.0386001,0.0390664,0.0372282,0.0389721,0.0304289,0.0319044,0.0340671,0.0291018,0.0316918,0.0317119,0.032898,0.0382723,0.0416071,0.0490475,0.0556761,0.0729702
739.947,0.0419276,0.0397164,0.0408481,0.0372929,0.0403765,0.0366774,0.0369819,0.0336296,0.031837,0.0311148,0.0295436,0.0300959,0.0319287,0.0342565,0.0353375,0.0437033,0.0472734,0.055911,0.0691825
740.345,0.0420403,0.0410354,0.0430898,0.0417932,0.0393073,0.0340671,0.0330009,0.0347638,0.0322959,0.0328122,0.0313724,0.0295708,0.0318929,0.0348479,0.0368601,0.0385079,0.0479933,0.0563111,0.0725131
740.743,0.0437825,0.0430444,0.0406057,0.0386831,0.0370218,0.0391083,0.0371756,0.0353453,0.0299883,0.0318457,0.0303511,0.0299412,0.0296958,0.0329456,0.0341276,0.0370943,0.0458843,0.0578593,0.0706381
741.141,0.0417935,0.0409926,0.0407052,0.0408466,0.0355416,0.0365089,0.0333804,0.0302364,0.0329396,0.0292074,0.0268782,0.0284281,0.028807,0.0327651,0.0364582,0.0396635,0.046342,0.0544229,0.0672503
741.539,0.0409889,0.0408469,0.0413936,0.0378638,0.0400638,0.037862,0.0329737,0.0315622,0.0331949,0.0314135,0.0275528,0.0298664,0.0279247,0.030596,0.0375696,0.0410097,0.0470651,0.053833,0.0711848
741.936,0.0411199,0.0401743,0.0402898,0.0386314,0.0355562,0.0329743,0.0342648,0.0324528,0.028484,0.0288934,0.0302591,0.0279987,0.029398,0.0299069,0.0364228,0.0414382,0.0459159,0.056515,0.070498
742.334,0.0396372,0.0411298,0.0375171,0.0385634,0.0380751,0.0350343,0.0341191,0.0301544,0.0305605,0.0267422,0.0308738,0.0296051,0.0301244,0.0319542,0.0350778,0.0401027,0.0463223,0.0539329,0.06903
742.731,0.0424649,0.0437795,0.0441896,0.0397463,0.0391745,0.0400069,0.0361222,0.0330147,0.0311614,0.0329636,0.0313904,0.0313426,0.0306561,0.036709,0.0354944,0.0399029,0.0468679,0.0568207,0.0714225
743.128,0.0387952,0.0373966,0.0384465,0.0381072,0.0346067,0.0348331,0.0314663,0.0281824,0.0268008,0.0273901,0.0250465,0.0275879,0.0277949,0.0304407,0.0340074,0.0408759,0.0450931,0.0538952,0.0695606
743.526,0.0411729,0.0415509,0.0383298,0.0370191,0.0343467,0.0346778,0.0321524,0.0319407,0.0299216,0.0277405,0.0293425,0.0310675,0.0294645,0.0317323,0.0360537,0.0410554,0.0482497,0.0518734,0.0687488
743.923,0.0408842,0.0409264,0.0395785,0.0390634,0.0351062,0.0361255,0.0337162,0.0350924,0.0294584,0.0279752,0.0286421,0.0296764,0.0290609,0.0314906,0.0336417,0.039858,0.0503353,0.0569247,0.0695295
744.32,0.0405893,0.0391508,0.0359793,0.036144,0.0317004,0.0339174,0.0323004,0.0289807,0.0276084,0.0281215,0.0294083,0.0283243,0.0293839,0.0310341,0.0331921,0.0333697,0.0446562,0.0529345,0.0674777
744.716,0.0423942,0.0404821,0.0388012,0.0345158,0.0334058,0.0326675,0.0318917,0.0294638,0.0300223,0.0295166,0.0277963,0.0290173,0.0289606,0.029939,0.030924,0.0362612,0.043061,0.0525798,0.0673857
745.113,0.0404159,0.041343,0.0422232,0.0419049,0.038217,0.0370377,0.0346791,0.0356704,0.033501,0.0317909,0.0311077,0.0289964,0.0299525,0.0329623,0.0373726,0.0408077,0.0471528,0.0538949,0.0691438
745.51,0.0436366,0.0411701,0.0415851,0.0386276,0.034976,0.0354497,0.0343128,0.0334974,0.0321693,0.0320621,0.0296663,0.0303385,0.0317409,0.0350058,0.0351694,0.0425137,0.0495678,0.0525823,0.0703788
745.906,0.0416626,0.0396119,0.0402325,0.0394032,0.0365191,0.0314523,0.0326367,0.0321151,0.0294108,0.0308704,0.0279329,0.027865,0.0295067,0.0331963,0.0323384,0.0389533,0.0458165,0.0565373,0.070098
746.302,0.0390838,0.0382198,0.0368777,0.0400944,0.0358784,0.0385857,0.0336918,0.0315192,0.0309856,0.0314321,0.0284823,0.0295732,0.0321692,0.0333236,0.0336895,0.0417922,0.0467037,0.0541516,0.0680149
746.698,0.041263,0.0384662,0.0405506,0.0375182,0.0341499,0.0371383,0.0350631,0.0333356,0.0287526,0.0318912,0.0303923,0.0279095,0.028451,0.0299937,0.0359747,0.0391645,0.044375,0.055266,0.0672168
747.095,0.0424908,0.0435588,0.0407879,0.0400234,0.037244,0.0347306,0.0365509,0.0332018,0.0318786,0.0317543,0.0286815,0.0312383,0.0339246,0.0329483,0.0371773,0.0427404,0.0474283,0.0560819,0.0701923
747.49,0.0439487,0.0406317,0.0417357,0.0408136,0.0352531,0.0383251,0.0359303,0.0322055,0.033648,0.0308867,0.0289052,0.0303259,0.0316687,0.0322257,0.0371038,0.0390173,0.0472955,0.0580426,0.0686118
747.886,0.0380134,0.0431341,0.0425808,0.0393217,0.0377435,0.04072,0.0327413,0.0320984,0.0340618,0.0298667,0.0298105,0.0317138,0.0308052,0.0347001,0.0353525,0.0398556,0.0478204,0.057025,0.0714809
748.282,0.0413242,0.0422845,0.0420611,0.0387351,0.0351143,0.0353639,0.0344404,0.0334331,0.0289744,0.0306462,0.0283637,0.0314098,0.0277148,0.0317873,0.0346977,0.0418041,0.044488,0.0558247,0.0689944
748.678,0.0431973,0.0447619,0.04449,0.0399466,0.0371759,0.0356737,0.0342573,0.0354763,0.0311869,0.0311633,0.0325854,0.0305429,0.0340178,0.0342806,0.0371125,0.0398976,0.0483223,0.0568961,0.0722666
749.073,0.0437382,0.0430785,0.0412603,0.0425526,0.0398237,0.0381106,0.0362564,0.034688,0.0335321,0.0285899,0.0321457,0.0308153,0.0306257,0.032073,0.0401975,0.0418758,0.0494349,0.0577539,0.0728797
749.468,0.0386309,0.0425837,0.0387952,0.0379995,0.036801,0.0325951,0.0363455,0.0317111,0.0302544,0.0234734,0.029005,0.0269754,0.0283596,0.0302201,0.0332634,0.0379707,0.0457805,0.052638,0.0680073
749.863,0.0405173,0.0396154,0.0390169,0.0387827,0.0375585,0.0357146,0.0327059,0.0349261,0.0306303,0.0296706,0.0295233,0.03216,0.0313148,0.032955,0.0359349,0.0375259,0.0454329,0.0565091,0.0686173
750.259,0.0445674,0.0417285,0.0382076,0.03717,0.0362514,0.0394757,0.0376515,0.0339953,0.0348129,0.0275388,0.0296482,0.0299515,0.0323981,0.0329456,0.0349666,0.0422236,0.047293,0.0543997,0.0725415
750.654,0.0424383,0.0400305,0.0414007,0.0404163,0.0361267,0.0359768,0.0334618,0.0343372,0.0297083,0.0286246,0.0303728,0.0293264,0.0306896,0.0316195,0.0349224,0.040587,0.0451414,0.0542639,0.068749
751.048,0.0413298,0.0424275,0.0406968,0.0367398,0.0371783,0.0349687,0.0328907,0.0340912,0.0298393,0.0306797,0.0279666,0.0302547,0.0300708,0.0301181,0.0353729,0.0376248,0.0474025,0.0579483,0.0704723
751.443,0.0401784,0.0380017,0.0387482,0.0383556,0.0361722,0.0317368,0.0324077,0.0323127,0.0294577,0.0263338,0.0280416,0.026761,0.0282607,0.0289499,0.0319727,0.0389492,0.0453321,0.0547638,0.0674074
751.838,0.0400217,0.040062,0.0392221,0.0372108,0.0384236,0.0339026,0.0356922,0.0324828,0.029424,0.0300434,0.0299643,0.0264695,0.0330009,0.0327083,0.0340257,0.0390522,0.0460657,0.0526867,0.0732595
752.232,0.0412273,0.0397163,0.0404669,0.0350244,0.0367008,0.0342059,0.0335199,0.0302488,0.0297537,0.0267577,0.0275639,0.0268365,0.0300563,0.028309,0.032807,0.0367902,0.0445387,0.0549959,0.0696915
752.626,0.0421871,0.0444452,0.0380933,0.0424292,0.0388377,0.0400099,0.0344456,0.031595,0.0336226,0.0294863,0.0320769,0.0294206,0.0320079,0.0348385,0.0365691,0.0416926,0.0495231,0.0572008,0.0726081
753.021,0.0425645,0.0435436,0.0404458,0.0414107,0.0418292,0.0376642,0.0352622,0.0361895,0.0340176,0.0333775,0.0326961,0.0336688,0.0321735,0.0335,0.037578,0.0402826,0.0474229,0.055911,0.071968
753.415,0.042908,0.0427019,0.041456,0.0360192,0.0371526,0.0365191,0.0366354,0.0335578,0.0306796,0.0268036,0.0301255,0.0321918,0.0281823,0.0341125,0.0353233,0.0400226,0.0437382,0.055904,0.0706859
753.809,0.0414106,0.0380459,0.0397434,0.0407372,0.0371302,0.0333177,0.0322506,0.0309644,0.0302238,0.0283953,0.025138,0.0277267,0.0285124,0.0329134,0.0341983,0.0409917,0.0457493,0.054433,0.0691098
754.203,0.0405265,0.038499,0.0407848,0.036332,0.0377282,0.0342093,0.0300521,0.0322673,0.027876,0.0306489,0.0272429,0.0283608,0.0303856,0.033055,0.0330306,0.0418008,0.0454186,0.0574552,0.074259
754.596,0.0382197,0.0433186,0.0432239,0.0412288,0.0376218,0.0360841,0.0366422,0.0342505,0.0328202,0.0339987,0.0301648,0.031,0.0305819,0.0327878,0.0373069,0.0449758,0.0483775,0.0596812,0.0734745
754.99,0.0420259,0.0439437,0.0409877,0.0370305,0.0346127,0.0377172,0.0391944,0.0359768,0.0316279,0.0323192,0.033499,0.0288593,0.0311486,0.034831,0.0371878,0.0417749,0.0488284,0.0587901,0.0725448
755.383,0.0412991,0.0394076,0.041316,0.0385109,0.0364738,0.0362024,0.0325244,0.0307664,0.0302285,0.0316017,0.0301935,0.0292478,0.0295007,0.0325878,0.033586,0.0404542,0.0473186,0.0579413,0.0705537
755.777,0.0408225,0.0413946,0.0404001,0.0373216,0.0400858,0.0338236,0.0351991,0.0320772,0.0304672,0.0310507,0.0312173,0.0312067,0.0306501,0.033729,0.0364433,0.0383494,0.0471901,0.0579581,0.0713431
756.17,0.0402019,0.0372897,0.0361699,0.0404338,0.0391806,0.0381708,0.0322301,0.0350312,0.0305863,0.0318572,0.0282654,0.0330314,0.0315742,0.0346448,0.0360026,0.0393944,0.0462105,0.0570397,0.0723554
756.563,0.042909,0.041108,0.0440665,0.0398796,0.035421,0.0397247,0.0351698,0.0324771,0.0308693,0.0291825,0.0313614,0.0319514,0.0307856,0.0341328,0.0345962,0.0426172,0.0474309,0.0556856,0.0712507
756.956,0.0427908,0.043079,0.0428788,0.0408273,0.0387729,0.0355434,0.0337154,0.0311189,0.031929,0.0289811,0.032902,0.032373,0.0308262,0.0324,0.0350589,0.0428042,0.0490342,0.0553891,0.0710679
757.349,0.0428549,0.0449717,0.043115,0.0385724,0.0387384,0.0401443,0.0361684,0.0361381,0.0344192,0.0319925,0.0335607,0.031057,0.034778,0.0337647,0.0363019,0.042136,0.0502255,0.0586471,0.0741133
757.742,0.0425585,0.0390171,0.0373167,0.0347812,0.034689,0.0338293,0.0314419,0.0302844,0.027145,0.0299124,0.0275537,0.0288194,0.0280044,0.0327844,0.033283,0.0353599,0.0445297,0.0535158,0.0692039
758.135,0.0425727,0.0432267,0.0395418,0.039862,0.0359835,0.0371227,0.036065,0.0362273,0.0305329,0.0309993,0.0280303,0.031432,0.0300268,0.0341497,0.0359133,0.0411378,0.0468313,0.0559605,0.0727612
758.527,0.0424203,0.0442329,0.0428156,0.0385161,0.0431506,0.0370479,0.0374752,0.0341239,0.0329779,0.0308658,0.0333355,0.0316202,0.0326887,0.0341363,0.0377698,0.0417774,0.051614,0.0559969,0.0730864
758.919,0.0464011,0.044244,0.0431089,0.0421228,0.0381523,0.0402798,0.0374851,0.0362518,0.0337297,0.0322287,0.0359355,0.0306671,0.035902,0.0354837,0.0403543,0.0408956,0.0482829,0.0595063,0.0710834
759.312,0.0414495,0.0420122,0.0407349,0.0401581,0.0386882,0.0331642,0.0322172,0.0331386,0.0295738,0.0306933,0.0321398,0.031276,0.0298072,0.0357851,0.0354224,0.0400942,0.0469054,0.056947,0.0724756
759.704,0.0402875,0.0400774,0.0403396,0.0411395,0.0359534,0.0350814,0.0340165,0.0359298,0.0287415,0.0270829,0.0296161,0.0287264,0.0301924,0.0341907,0.0349413,0.0412686,0.0461921,0.0562678,0.0676993
760.096,0.0445526,0.0409711,0.041478,0.0419484,0.0388959,0.0380067,0.0354387,0.0347325,0.0347955,0.0301743,0.0306856,0.0286786,0.0325299,0.0321941,0.039265,0.0421291,0.0490403,0.06215,0.0713001
760.488,0.0405929,0.03786,0.0410901,0.0413054,0.0360572,0.0387878,0.0362324,0.0323006,0.031977,0.029668,0.0298616,0.0291037,0.0335957,0.0353391,0.0335272,0.041412,0.0460501,0.0568431,0.0735625
760.88,0.0426831,0.0400047,0.0415352,0.0410687,0.0386814,0.0375179,0.0351424,0.0338222,0.0353979,0.0333577,0.0322135,0.0319523,0.0329781,0.0332311,0.0374523,0.045108,0.0454789,0.0597888,0.0716046
761.271,0.0461081,0.0417079,0.0418944,0.0408004,0.0392555,0.0406303,0.0378708,0.0324347,0.0344724,0.0327412,0.0304892,0.0313201,0.032301,0.0371159,0.0389422,0.0425876,0.049568,0.0617927,0.0717954
761.663,0.0467779,0.0402028,0.040284,0.0381696,0.0399062,0.0368422,0.0334113,0.0319853,0.0329122,0.0298798,0.0286356,0.0281782,0.0293869,0.0331199,0.0368119,0.0389423,0.0473235,0.0557782,0.0715476
762.054,0.0398292,0.0371793,0.0376938,0.0381549,0.0351049,0.034883,0.0341905,0.0277621,0.0302683,0.0306734,0.0261116,0.0284671,0.0294454,0.0301591,0.0343714,0.0409426,0.0465981,0.0543939,0.0701712
762.445,0.039467,0.034173,0.0366674,0.0378987,0.0365043,0.0338244,0.0328297,0.0289772,0.0298441,0.0277639,0.02736,0.0288904,0.026074,0.0303619,0.0319905,0.0364404,0.0445112,0.0540245,0.0676594
762.837,0.0412524,0.0420125,0.0425611,0.0434959,0.0381176,0.0379518,0.0346708,0.0323705,0.0312667,0.0292541,0.0316709,0.0307705,0.0312326,0.0318764,0.0381074,0.0352319,0.0472954,0.0603026,0.0684886
763.228,0.0390794,0.0397101,0.0416928,0.0384197,0.0379504,0.0354396,0.0329972,0.0347422,0.0289242,0.0274626,0.0315941,0.0273988,0.0317309,0.0311626,0.0310203,0.0393319,0.045627,0.0545847,0.0705145
763.619,0.0437327,0.0434836,0.0431059,0.0393717,0.0397243,0.0386821,0.0356316,0.0366449,0.0308511,0.0307057,0.0331335,0.0287419,0.0313094,0.033323,0.0339283,0.0434613,0.0513011,0.0588266,0.0727487
764.009,0.0408221,0.0398751,0.0399167,0.0381947,0.0407668,0.0318656,0.0338255,0.0307925,0.0312192,0.0285867,0.0311102,0.029222,0.0298959,0.031017,0.0338105,0.0386018,0.0474757,0.056705,0.0713901
764.4,0.0365496,0.0393256,0.0320469,0.0359488,0.0342305,0.0327676,0.0316465,0.0290207,0.0293665,0.0236908,0.0279082,0.0253772,0.0276847,0.0305066,0.0303901,0.0375365,0.0443435,0.0537758,0.0650778
764.791,0.03991,0.0400884,0.0367264,0.0397938,0.0366582,0.034358,0.0339206,0.0288582,0.0336952,0.0282018,0.0279001,0.0307639,0.0295589,0.0309657,0.0314009,0.0382678,0.049096,0.0563201,0.0687441
765.181,0.0430024,0.0400737,0.0422213,0.0375662,0.0382003,0.0345813,0.033778,0.0327711,0.0302019,0.0274855,0.0309428,0.0289914,0.0300728,0.0317255,0.0359261,0.0417855,0.0475379,0.0570266,0.0709788
765.571,0.0416158,0.0407083,0.03796,0.0418021,0.0370055,0.035613,0.0287353,0.030605,0.030788,0.0316487,0.0302015,0.0320233,0.0313102,0.0302933,0.0325393,0.0408903,0.0467227,0.0532651,0.0690451
765.962,0.0400764,0.0401631,0.0391935,0.0384396,0.0401507,0.0348983,0.0323304,0.031449,0.0291571,0.0281163,0.0286396,0.0277696,0.0294347,0.0334843,0.03346,0.0363035,0.0448861,0.0525348,0.0668876
766.352,0.0449346,0.0425498,0.041706,0.038264,0.0410163,0.0416008,0.0353298,0.0348361,0.0348324,0.032819,0.032786,0.033672,0.0329843,0.0355217,0.0393665,0.0427545,0.0514909,0.0584075,0.0710769
766.742,0.0462309,0.0414273,0.048375,0.0422213,0.0411324,0.0395576,0.039779,0.0352358,0.0340273,0.0346286,0.0330923,0.0349373,0.0333624,0.0362194,0.0389338,0.0426509,0.0504106,0.0609903,0.076732
767.131,0.0397512,0.0472165,0.0459839,0.042006,0.0368713,0.0394802,0.0360382,0.0315742,0.032005,0.0309855,0.0342198,0.0301416,0.0306115,0.0362059,0.0350721,0.0405958,0.0485263,0.0565028,0.0710713
767.521,0.0411417,0.0412065,0.0362367,0.0414891,0.0354143,0.0379169,0.0374435,0.0346824,0.0297473,0.0320922,0.0291319,0.0332523,0.032625,0.0327608,0.0386284,0.0418765,0.0481304,0.0557728,0.0701868
767.911,0.0416405,0.0437287,0.0390762,0.0407401,0.0374088,0.036069,0.0364805,0.0333287,0.0325698,0.0311191,0.0304125,0.0329968,0.0335278,0.0335589,0.0358616,0.0409982,0.0473253,0.0559655,0.0681763
768.3,0.0395794,0.0401387,0.0381269,0.0345321,0.0351838,0.0351146,0.0346822,0.0271215,0.0277642,0.0282604,0.0283461,0.027641,0.0312014,0.030559,0.0281361,0.0367077,0.0451631,0.0540087,0.0685998
768.689,0.0464091,0.044527,0.0411672,0.0394407,0.0400917,0.0353786,0.0369421,0.0319118,0.0351375,0.0357724,0.0350973,0.0324462,0.0338031,0.0370018,0.0376665,0.0429301,0.0485225,0.0580783,0.0706057
769.079,0.0425383,0.0416716,0.0427254,0.0384365,0.040907,0.0384066,0.0355308,0.0345734,0.0333664,0.0341151,0.0313793,0.0331606,0.0335733,0.0343964,0.0387178,0.0417697,0.050426,0.0559062,0.0725759
769.468,0.038835,0.0433693,0.0431826,0.0393885,0.0359545,0.0336764,0.0369724,0.0342233,0.0317048,0.0307062,0.032709,0.0304641,0.0313672,0.033702,0.0364385,0.0400756,0.048383,0.0547481,0.073932
769.857,0.0418921,0.0383411,0.0388445,0.0370683,0.0377226,0.0335075,0.03094,0.0311722,0.0279505,0.0280315,0.0251882,0.030604,0.0294815,0.0334795,0.0347076,0.0402453,0.0454781,0.0563288,0.0694731
770.246,0.0385967,0.0399837,0.0429775,0.0382487,0.0365158,0.0354534,0.0327014,0.0301381,0.0283162,0.02991,0.0292752,0.0279222,0.0303274,0.0335464,0.0347294,0.0419991,0.0450057,0.0577355,0.0754745
770.634,0.0427953,0.0409669,0.0441208,0.0405117,0.0379294,0.0386819,0.0332374,0.0354977,0.0319229,0.0312011,0.0285797,0.0332655,0.0335066,0.0338828,0.04107,0.0434355,0.047561,0.054745,0.0731959
771.023,0.0437316,0.0415683,0.041726,0.0379846,0.0385867,0.0377325,0.0375563,0.0338415,0.0336248,0.03215,0.0304357,0.0317368,0.0306931,0.0378859,0.038416,0.0426231,0.0488297,0.0570862,0.0743662
771.411,0.0424263,0.0438879,0.0439312,0.0425467,0.0399884,0.0373308,0.0421778,0.0378945,0.0364381,0.0322196,0.0313587,0.0345118,0.0315733,0.0377078,0.037291,0.0427391,0.0539081,0.0622797,0.0782018
771.8,0.0415671,0.0413048,0.0414422,0.0375571,0.0347394,0.0313878,0.035069,0.0312429,0.0299782,0.0289921,0.0316031,0.0304961,0.030799,0.0319573,0.037956,0.0386836,0.0499176,0.0592309,0.0742449
772.188,0.038797,0.037376,0.0397605,0.0374235,0.0364549,0.0336513,0.0317488,0.0291251,0.0307815,0.0290103,0.0276566,0.0286904,0.0308322,0.0323767,0.0344897,0.0396172,0.0429758,0.056462,0.0707652
772.576,0.0418153,0.0396602,0.0386769,0.0413079,0.038542,0.0374702,0.0315352,0.0328692,0.0307889,0.0312762,0.0278533,0.0294971,0.0301601,0.0326555,0.0336037,0.0433593,0.0465148,0.0567779,0.0719393
772.964,0.0416244,0.0397886,0.0410668,0.0424616,0.038096,0.0340094,0.0322048,0.03491,0.032379,0.0294601,0.0286037,0.0316753,0.0337318,0.0343028,0.0368161,0.0380939,0.0484229,0.0566767,0.0748149
773.352,0.0456467,0.0440145,0.0445905,0.0433176,0.0414089,0.0390176,0.0362762,0.0356685,0.0338871,0.0359935,0.0344862,0.0356163,0.0367666,0.0368145,0.0437545,0.0393355,0.0515097,0.0640565,0.0750124
773.74,0.0417246,0.0434239,0.0441314,0.0406196,0.0381287,0.0388671,0.0404859,0.0356644,0.0318428,0.0355331,0.0340109,0.0322972,0.0294868,0.0318887,0.0371663,0.0411369,0.0505361,0.0554126,0.0720411
774.127,0.0447124,0.0422098,0.0413393,0.0424654,0.0391898,0.0363948,0.0351005,0.0335797,0.0332216,0.031981,0.031067,0.0294929,0.0314271,0.0353044,0.0390591,0.0392117,0.0493104,0.0618832,0.072497
774.515,0.043639,0.0403153,0.0441729,0.0413874,0.03617,0.0395474,0.0362335,0.0331797,0.0298814,0.0298635,0.0317912,0.0353759,0.0344416,0.0340217,0.0393173,0.0415925,0.0464692,0.0583572,0.0749721
774.902,0.039491,0.0406102,0.0412312,0.0402987,0.0381547,0.0374675,0.0362928,0.0299387,0.0326208,0.0280376,0.0308896,0.0313735,0.0318653,0.0332236,0.0374928,0.0401884,0.046411,0.0577773,0.0682345
775.289,0.0435215,0.0429579,0.0414191,0.0407032,0.0386774,0.0353783,0.0362763,0.0327484,0.0313094,0.0356676,0.0344267,0.0323337,0.0302766,0.0345058,0.0367971,0.0423988,0.0469811,0.0595293,0.0728848
775.676,0.0415941,0.0437143,0.0408327,0.0415472,0.0402509,0.0385808,0.035196,0.0328654,0.0311428,0.0310171,0.0299493,0.0332873,0.0326697,0.0357329,0.0368671,0.0418075,0.0490163,0.0586278,0.0750113
776.063,0.0456146,0.0430484,0.0378186,0.0413922,0.039679,0.0355767,0.0361857,0.0344709,0.0322393,0.033916,0.0278521,0.0311893,0.0293895,0.03627,0.0361196,0.0392392,0.0477697,0.0603381,0.071736
776.45,0.0381179,0.0354601,0.037045,0.0375759,0.0357482,0.030423,0.0276692,0.0299808,0.0281041,0.029906,0.029429,0.0288355,0.0300947,0.0289054,0.0350305,0.0364992,0.0435196,0.0538664,0.0642354
776.837,0.0420992,0.0383796,0.040161,0.0392443,0.0368439,0.0351975,0.036519,0.031469,0.0308111,0.0264469,0.0282389,0.0314517,0.0296232,0.0308732,0.0331603,0.0390759,0.044995,0.0580222,0.0713152
777.224,0.0407084,0.0452151,0.0383598,0.0351074,0.0388957,0.0337679,0.0368372,0.0343037,0.0298865,0.0293364,0.0266368,0.0292525,0.0307717,0.0318907,0.0325592,0.0396751,0.0454761,0.0536253,0.0681444
777.61,0.0470051,0.0414394,0.0408216,0.0415996,0.0405573,0.0395075,0.037261,0.037806,0.0323791,0.0319631,0.0327189,0.0339427,0.0338934,0.0336275,0.0384557,0.041857,0.0513514,0.0637144,0.0753942
777.997,0.0435247,0.0376514,0.0402204,0.0372829,0.0365859,0.0348352,0.0298773,0.0311112,0.028278,0.0299273,0.0321274,0.0290668,0.0309264,0.0334776,0.0335571,0.0455205,0.0480045,0.0577421,0.0712381
778.383,0.0426369,0.0429844,0.0447331,0.0386192,0.0432356,0.0402757,0.0349644,0.0307604,0.0322371,0.0311691,0.0323397,0.0302425,0.0349794,0.0331495,0.0393703,0.04402,0.0510009,0.058323,0.0742587
778.769,0.0375461,0.0400438,0.0400538,0.0368165,0.037198,0.039178,0.0387012,0.0294181,0.0357535,0.0313826,0.0320159,0.0330977,0.0298465,0.0330607,0.0349091,0.0410926,0.0446208,0.0560456,0.0689133
779.155,0.037872,0.0405465,0.043372,0.0400941,0.0380649,0.0370628,0.0364913,0.0335495,0.0335366,0.0279371,0.0297618,0.0312507,0.0303567,0.0330622,0.0368623,0.0402058,0.0494859,0.0602429,0.0730979
779.541,0.0401058,0.0393779,0.0359316,0.0387461,0.0371394,0.0377462,0.0345388,0.0297206,0.0318784,0.0283902,0.0302591,0.0288939,0.031863,0.0317885,0.0353667,0.0392212,0.0472417,0.0531144,0.0702123
779.927,0.0390455,0.0406524,0.0398416,0.0408188,0.0409503,0.0364627,0.036837,0.0323407,0.0304404,0.0316791,0.0270054,0.0281873,0.0352648,0.0330351,0.0377797,0.0404893,0.0480651,0.0553492,0.0729881
780.312,0.0388876,0.0402762,0.0374166,0.0374148,0.033443,0.0325938,0.0309654,0.0283903,0.0302399,0.0320189,0.0262143,0.027346,0.0312293,0.0309825,0.0336935,0.0376237,0.0471081,0.0585581,0.07225
780.698,0.0427246,0.0371769,0.038306,0.0364683,0.0378913,0.0333574,0.0311099,0.029148,0.0267205,0.0298234,0.0302447,0.0276901,0.0319108,0.0311693,0.0353544,0.042154,0.0496209,0.0539338,0.0685321
781.083,0.0425107,0.0435602,0.0372908,0.0380557,0.039677,0.0337532,0.0364357,0.0290996,0.0294133,0.0292645,0.0296044,0.0305136,0.0332285,0.0337786,0.0363836,0.0413819,0.0504149,0.0535288,0.0710965
781.469,0.0433712,0.040876,0.0412842,0.0425542,0.0382122,0.0376796,0.036366,0.0321741,0.0318322,0.0300829,0.0310884,0.0270308,0.0337301,0.0328073,0.0365357,0.0423472,0.0485248,0.0590311,0.0739184
781.854,0.0454031,0.0432963,0.040804,0.0395791,0.0377775,0.0349159,0.0364578,0.0316413,0.0324358,0.0367889,0.0275274,0.0315357,0.0327954,0.0288445,0.0342112,0.0440337,0.0490687,0.0570246,0.0718222
782.239,0.0431966,0.0432442,0.0415678,0.0403432,0.0390246,0.0366549,0.0358808,0.0350372,0.03383,0.030497,0.0264934,0.0317674,0.0336993,0.0355837,0.0386313,0.0395063,0.0487959,0.0558666,0.0708428
782.624,0.0447462,0.0414442,0.0406462,0.0426126,0.0378991,0.0345814,0.0351379,0.0319305,0.0345636,0.0309633,0.0289837,0.0283693,0.0311975,0.0298545,0.0386917,0.0400825,0.0439396,0.0527214,0.0754583
783.008,0.0401865,0.0390659,0.0376155,0.0385973,0.0351009,0.0371506,0.0344594,0.031737,0.0316089,0.0319381,0.0271113,0.0293562,0.0302861,0.0316691,0.0315998,0.0404999,0.0461041,0.0569634,0.0696128
783.393,0.0437556,0.0465767,0.0430737,0.0414002,0.0391135,0.0398565,0.0374282,0.0338011,0.0297657,0.034267,0.0316207,0.0332321,0.0318421,0.0384144,0.0386769,0.0397544,0.0503789,0.058192,0.0711761
783.778,0.0423032,0.0412194,0.0398992,0.0408114,0.0409202,0.0343803,0.0374,0.033562,0.0335653,0.0331724,0.0296702,0.0282726,0.0317891,0.0359199,0.0369151,0.042979,0.047536,0.0614248,0.0705496
784.162,0.0373756,0.0395081,0.0417764,0.0341234,0.0360129,0.0321929,0.0312247,0.0304375,0.0314033,0.0321076,0.030308,0.0242227,0.0280547,0.0320213,0.0314729,0.0377852,0.0468485,0.0575842,0.0722979
784.546,0.0382129,0.0423465,0.0418043,0.0415785,0.03881,0.0385558,0.0381402,0.0301047,0.0296824,0.0329105,0.0311004,0.0309187,0.0349029,0.0360102,0.0374075,0.0432846,0.0488459,0.0606059,0.0734558
784.931,0.0417256,0.0437628,0.0367584,0.0398972,0.0411633,0.0357197,0.0331976,0.0318688,0.0321749,0.0289021,0.0276034,0.0318756,0.0309982,0.0324838,0.0365695,0.039907,0.0485052,0.0587162,0.0682923
785.315,0.0468522,0.0421151,0.0434627,0.0406463,0.0429562,0.0391271,0.0358406,0.036964,0.0352902,0.03744,0.0315375,0.0313975,0.0326923,0.0304,0.0376975,0.0427342,0.0521127,0.0588501,0.0755299
785.699,0.0424615,0.0405811,0.0425035,0.0389889,0.0384603,0.0393219,0.0354068,0.0346498,0.031716,0.0308409,0.0321238,0.0319025,0.0305054,0.0324171,0.0373301,0.0406929,0.0473514,0.0611836,0.0709289
786.082,0.0432962,0.0425582,0.0434703,0.0432472,0.0390552,0.0388659,0.0367035,0.0319983,0.0325932,0.0326512,0.0323465,0.0303006,0.0325482,0.0333156,0.0369377,0.0438664,0.0515506,0.059884,0.074408
786.466,0.0429202,0.0427824,0.0387743,0.0383917,0.0403616,0.0382024,0.0369586,0.0339338,0.0318694,0.0323385,0.0287033,0.0310535,0.0317632,0.0347802,0.0382099,0.0404867,0.049436,0.0577051,0.07125
786.85,0.0413917,0.0442768,0.0421558,0.0398218,0.0387747,0.0362959,0.0327552,0.0349502,0.0330966,0.0334054,0.0313737,0.0325605,0.0323763,0.0356328,0.0364374,0.041026,0.0454692,0.0622932,0.073855
787.233,0.0364166,0.0346036,0.0381799,0.0366792,0.0329922,0.0321012,0.0319021,0.0284546,0.0277462,0.0268923,0.024299,0.027247,0.0266582,0.0285354,0.033609,0.0399154,0.0448233,0.0530342,0.068033
787.616,0.0444133,0.0403072,0.0427605,0.040209,0.0382936,0.0359418,0.034283,0.0327301,0.0308317,0.0335951,0.0322075,0.0312671,0.0341774,0.0355965,0.0393133,0.0421297,0.0479115,0.0564215,0.0730536
788,0.0401789,0.0400156,0.0415135,0.0365426,0.0363134,0.0357857,0.0370042,0.0333126,0.0305489,0.0283083,0.029486,0.032701,0.0286417,0.0334283,0.0365337,0.0402824,0.0500429,0.0574992,0.0722095
788.383,0.0407975,0.0471123,0.041943,0.0422212,0.0394563,0.0378109,0.0356515,0.0321543,0.0312562,0.0298717,0.0298858,0.0285278,0.0324905,0.032154,0.0373749,0.0425766,0.047848,0.0573829,0.0745575
788.766,0.0473709,0.044952,0.0440109,0.0418083,0.0427949,0.0399646,0.0390942,0.0372585,0.0349743,0.0331805,0.0348946,0.0357905,0.0344169,0.0387004,0.0386651,0.0474393,0.0522782,0.0642333,0.0746729
789.148,0.0429718,0.0381241,0.0391163,0.0365156,0.034913,0.0398484,0.0380979,0.0342044,0.0330252,0.0291898,0.0308788,0.0301698,0.0330376,0.0304013,0.0351225,0.0414836,0.0490629,0.0560295,0.0700833
789.531,0.04086,0.0411691,0.0409448,0.0396412,0.0367739,0.0364914,0.039262,0.0332614,0.0319954,0.0309597,0.0323257,0.0292368,0.0309728,0.0297043,0.0377715,0.0414529,0.0497517,0.0613799,0.0725777
789.914,0.0454907,0.0432264,0.0419676,0.0410812,0.0379216,0.036066,0.0360666,0.0326062,0.0333206,0.03031,0.0320372,0.0329687,0.0337219,0.0342492,0.0385841,0.0406103,0.0454387,0.0553703,0.0715207
790.296,0.0404997,0.0362999,0.0379731,0.0356595,0.0340342,0.0350111,0.033552,0.0313314,0.0316784,0.0279076,0.0272185,0.0292653,0.0298491,0.0337293,0.034518,0.0410694,0.0455287,0.0544604,0.0719916
790.678,0.0394365,0.0372082,0.0380013,0.0356654,0.0338175,0.0342842,0.0317103,0.0279986,0.0283236,0.0283436,0.0300925,0.0261925,0.0294467,0.0302203,0.0318201,0.036771,0.0456443,0.0510182,0.0690731
791.061,0.0397085,0.0392347,0.0442767,0.0396645,0.0357062,0.0348029,0.0352288,0.0362199,0.028041,0.0323033,0.0281945,0.0302813,0.0315061,0.0331546,0.0371445,0.0428968,0.0477019,0.0564241,0.0696729
791.443,0.0391051,0.0371365,0.038986,0.038089,0.0389069,0.0354603,0.0335629,0.0322914,0.028529,0.0288805,0.0301947,0.0302217,0.0284758,0.0317876,0.0335231,0.0393148,0.0467245,0.0550144,0.0708625
791.825,0.0423202,0.039131,0.041509,0.0369577,0.0343837,0.0339372,0.0312051,0.0317084,0.0332617,0.0279825,0.0285134,0.0301173,0.0274145,0.0302705,0.0366385,0.039995,0.0463154,0.0573132,0.0756351
792.207,0.0383887,0.0371959,0.0358376,0.034208,0.0361737,0.032392,0.0324726,0.0290066,0.0305109,0.0269484,0.029652,0.0240403,0.0300518,0.030922,0.0342579,0.0419883,0.0470182,0.0555301,0.0713059
792.588,0.0430946,0.0438882,0.0445394,0.0392127,0.0362123,0.0362282,0.0347989,0.0306141,0.0341199,0.0338327,0.0292581,0.0332914,0.0328753,0.031995,0.0423738,0.0456762,0.049131,0.0606472,0.0729879
792.97,0.0437332,0.0442908,0.0430947,0.0384467,0.0394087,0.0377515,0.0359317,0.0333499,0.0335071,0.0299005,0.0295552,0.031864,0.030625,0.0350897,0.0368482,0.0425547,0.0484913,0.0584246,0.077867
793.351,0.0440503,0.0464765,0.0452393,0.0419119,0.0432369,0.0416767,0.0382316,0.0393225,0.0375069,0.0371427,0.0363262,0.0365792,0.038989,0.0371193,0.040228,0.0426617,0.0514579,0.0645315,0.0779083
793.733,0.0439086,0.0463784,0.0412264,0.0430694,0.0424339,0.0394726,0.0380496,0.0367733,0.0369446,0.0367868,0.0371326,0.0353709,0.0350592,0.035286,0.0388232,0.0434987,0.0475573,0.0600078,0.0723973
794.114,0.0480358,0.0438097,0.0448013,0.0414716,0.0397734,0.0390234,0.0384719,0.0328077,0.0345019,0.0359333,0.035127,0.0287495,0.0340455,0.0357665,0.0397976,0.043899,0.0524867,0.0602271,0.0741577
794.495,0.0430903,0.0363306,0.0419077,0.0376088,0.0358947,0.0384117,0.0340184,0.0351045,0.0335627,0.0334605,0.0332876,0.0294434,0.0325199,0.0325739,0.0371522,0.041178,0.0482847,0.0555377,0.0750406
794.876,0.041563,0.0387612,0.0408013,0.0378506,0.0383031,0.0336034,0.0347141,0.0341895,0.0302904,0.0260296,0.0312734,0.0274803,0.0289256,0.0314904,0.0348116,0.0391348,0.0450585,0.0517389,0.0742083
795.257,0.0430157,0.0391514,0.0425012,0.0398338,0.0374251,0.0359826,0.0326087,0.0309987,0.0307878,0.0311921,0.0300693,0.0303152,0.0303639,0.0344398,0.0351323,0.042629,0.050587,0.0582026,0.0724815
795.638,0.0394595,0.0383604,0.0397635,0.0381796,0.032713,0.0320367,0.0328047,0.0328731,0.0281981,0.0283287,0.0278199,0.027061,0.0302711,0.0310523,0.0354117,0.0374502,0.0440878,0.0563438,0.0720892
796.018,0.0401835,0.0445856,0.040584,0.0403041,0.0384277,0.0362401,0.035244,0.0349301,0.0305538,0.0292787,0.0308084,0.0320278,0.0341556,0.0344036,0.0351923,0.0390824,0.0464848,0.062415,0.0689163
796.399,0.0422581,0.0478163,0.0450104,0.0428422,0.0419049,0.03982,0.0413765,0.0367338,0.0369286,0.0335453,0.0332959,0.0364364,0.0354633,0.03886,0.04071,0.0474036,0.0507743,0.0607216,0.07716
796.779,0.0407867,0.0410806,0.0367061,0.0387488,0.0377299,0.0370152,0.0340538,0.0318295,0.0327798,0.0324425,0.0290624,0.0283797,0.0311978,0.0326105,0.035844,0.0419335,0.0509105,0.0575464,0.0725337
797.159,0.0392959,0.0402366,0.0368291,0.038168,0.0408383,0.0317076,0.0325289,0.0358072,0.032339,0.0287851,0.0296991,0.0297664,0.032573,0.03242,0.0366222,0.0429159,0.0503136,0.0618031,0.0734915
797.539,0.0447385,0.0431315,0.0388698,0.0401976,0.0365409,0.0366856,0.0348825,0.0311618,0.0331609,0.0301303,0.033255,0.0325253,0.0368716,0.0360198,0.036952,0.046878,0.0482803,0.0636832,0.0743416
797.919,0.0459774,0.0452028,0.047011,0.0401121,0.0365633,0.0374719,0.033415,0.0348053,0.0316261,0.0367468,0.032121,0.0297261,0.0311879,0.035617,0.038484,0.0450184,0.0492729,0.0584908,0.0742902
798.299,0.0387548,0.0411766,0.0403715,0.0392771,0.035939,0.0387014,0.034788,0.0318079,0.0309617,0.0291076,0.029089,0.0299878,0.0307857,0.0307851,0.0374419,0.0400203,0.0471419,0.0577481,0.0671639
798.679,0.0398918,0.0425888,0.0405143,0.038351,0.0395527,0.0357099,0.0349201,0.0323395,0.0302857,0.0274795,0.0266106,0.0265885,0.0286441,0.0333012,0.0346734,0.0434466,0.0501734,0.0548025,0.0745613
799.059,0.043255,0.0425778,0.0418112,0.0429631,0.0372758,0.0334298,0.0345244,0.034706,0.0312762,0.0318916,0.0308576,0.0312676,0.0276557,0.0319773,0.0365072,0.0427105,0.047006,0.0588253,0.0733225
799.438,0.0415662,0.0411945,0.0434391,0.0373181,0.0396275,0.0396506,0.0376476,0.03324,0.030129,0.0326461,0.0329134,0.0319247,0.0308549,0.0301133,0.0355604,0.0414688,0.0508697,0.0558982,0.0709289
799.817,0.0456795,0.0429008,0.0396663,0.0410442,0.0415272,0.0374967,0.0364929,0.0378395,0.0318065,0.0354136,0.0301637,0.0298001,0.0347275,0.029512,0.0373023,0.0444845,0.050014,0.0572816,0.0775732
800.197,0.043549,0.0428429,0.0423206,0.046521,0.0400722,0.0413515,0.0402254,0.0359679,0.0361,0.0359487,0.0331272,0.0311276,0.0337133,0.0343705,0.0372421,0.0484499,0.0513047,0.0636743,0.0753262
800.576,0.0429311,0.0418974,0.0407003,0.0385927,0.0343597,0.0353334,0.0307945,0.0309841,0.0306956,0.0311952,0.0250306,0.0293576,0.0331608,0.0331089,0.0358179,0.0405816,0.0483488,0.0610474,0.0720249
800.955,0.0435288,0.0410545,0.0445999,0.0417315,0.0383306,0.0404633,0.0382941,0.03453,0.033361,0.0331938,0.0330517,0.0346988,0.0344174,0.0338005,0.0410949,0.042421,0.0503572,0.0590431,0.0774444
801.334,0.0443375,0.0446019,0.040817,0.0405818,0.0382462,0.0358309,0.0387275,0.0329049,0.0327639,0.0328899,0.028604,0.0328548,0.0311393,0.0328477,0.0377983,0.0413853,0.0497632,0.060272,0.072746
801.712,0.0410852,0.0425898,0.0410436,0.0400178,0.0382479,0.0366491,0.0380904,0.0336058,0.0335426,0.0312258,0.0332342,0.0317879,0.0314308,0.0290186,0.0377392,0.0432728,0.0509997,0.0602159,0.0719585
802.091,0.0420807,0.0436115,0.0392618,0.040571,0.040077,0.0367231,0.0377648,0.0365247,0.0353461,0.0339114,0.0306991,0.0335899,0.0319659,0.0325291,0.0396525,0.0433452,0.0497315,0.0620141,0.0745476
802.47,0.0452435,0.0413647,0.0422746,0.037405,0.0373565,0.0368274,0.0335475,0.0340177,0.0328007,0.0343392,0.030828,0.0309029,0.0326099,0.0337005,0.0350016,0.0404786,0.0494878,0.0591109,0.071285
802.848,0.0433499,0.0424462,0.0394884,0.038228,0.037688,0.0375255,0.0350508,0.032029,0.0315614,0.0312236,0.033066,0.0316876,0.0308272,0.0343805,0.0372543,0.0425166,0.0452187,0.0578257,0.0751896
803.226,0.0444275,0.0425879,0.0415424,0.0398459,0.0386924,0.036493,0.0362914,0.0360741,0.0330288,0.0328252,0.0305,0.0313963,0.0287414,0.0305735,0.0363497,0.044851,0.0486951,0.0547647,0.0707539
803.604,0.0409903,0.043135,0.0421101,0.039428,0.0410254,0.0391066,0.03719,0.0379996,0.0353023,0.0311014,0.033427,0.0332625,0.0316104,0.0353802,0.0355824,0.0438776,0.052337,0.0568324,0.0717351
803.982,0.0453876,0.0446744,0.0424362,0.0429031,0.039776,0.0415625,0.0378854,0.0312878,0.0344687,0.0294804,0.0340021,0.0300947,0.0348605,0.0362722,0.0393088,0.0444899,0.0511672,0.0623437,0.0723338
804.36,0.0453851,0.0441169,0.0400547,0.0410811,0.0386157,0.0358188,0.0350055,0.0326605,0.0337388,0.0303861,0.0327252,0.0331004,0.034667,0.0322566,0.0351421,0.0419368,0.0552416,0.0648297,0.0745374
804.738,0.0433245,0.0444196,0.0425783,0.0401024,0.0377468,0.0382553,0.0403673,0.0330511,0.0340152,0.0321101,0.0310469,0.0300665,0.0292305,0.0363909,0.0378685,0.0438186,0.0501922,0.0580267,0.0741279
805.116,0.0396861,0.0379684,0.0388836,0.0401612,0.0381221,0.0364785,0.0324507,0.0327937,0.0293714,0.0298478,0.0279926,0.0295281,0.03235,0.031994,0.031487,0.0396511,0.0485802,0.0574965,0.072
805.493,0.0444045,0.0414254,0.0415746,0.0376639,0.0352794,0.0344726,0.0339455,0.0337741,0.031919,0.0300074,0.0301787,0.0317179,0.0342555,0.0333739,0.0341253,0.0423009,0.0479175,0.0565984,0.0711506
805.871,0.0502284,0.0438811,0.0424736,0.0409784,0.0414538,0.0416122,0.0355984,0.036338,0.037401,0.0334425,0.0333157,0.0334808,0.0334518,0.0362449,0.0399446,0.0474307,0.0495082,0.0651048,0.0781204
806.248,0.0369006,0.0416063,0.0387739,0.0381152,0.0356404,0.0373654,0.0368202,0.0298388,0.0308162,0.032463,0.0322537,0.0325236,0.0308409,0.0326972,0.0311538,0.039538,0.049197,0.0557925,0.0713142
806.625,0.0406521,0.0416221,0.0417843,0.0423596,0.0365593,0.0401247,0.0335097,0.0347536,0.0332711,0.0296761,0.0278711,0.0317509,0.0311892,0.0308797,0.0390828,0.0423151,0.0520019,0.0554278,0.0759728
807.002,0.0410405,0.0404938,0.0443533,0.0410315,0.0370245,0.0360139,0.0365888,0.0336809,0.0319998,0.0297741,0.0315086,0.0308321,0.0331216,0.0317057,0.034786,0.0418163,0.0473143,0.0566447,0.0697785
807.379,0.0427016,0.0455583,0.0381534,0.0418233,0.0353039,0.0380636,0.0378486,0.0357082,0.0367691,0.0293389,0.0309728,0.0335128,0.0336115,0.0373113,0.0398446,0.0417428,0.0473922,0.0561525,0.0711033
807.756,0.0397581,0.0404526,0.0405241,0.0390359,0.0349421,0.0360878,0.033388,0.0325484,0.0290175,0.029402,0.0317842,0.0302055,0.0336083,0.0325924,0.0326433,0.0425481,0.0441245,0.0556094,0.0710594
808.132,0.0464259,0.0404072,0.0403508,0.0384813,0.0413213,0.0385294,0.0350746,0.0342105,0.0363978,0.0310542,0.0319206,0.0340437,0.0367988,0.0346104,0.0369621,0.0409043,0.0523505,0.0561087,0.07498
808.509,0.0422269,0.0405249,0.0388472,0.0368506,0.037168,0.0353518,0.0329466,0.0319179,0.0279435,0.0300032,0.0240263,0.0288123,0.0308814,0.033051,0.0329894,0.038594,0.0476162,0.0527404,0.0688295
808.885,0.0402443,0.0418481,0.0393035,0.0413912,0.042321,0.0377499,0.0355209,0.0338627,0.0379406,0.0333217,0.030723,0.0304301,0.0333204,0.0346938,0.0359358,0.0415122,0.0496049,0.0606653,0.0727753
809.262,0.0379357,0.0404667,0.042079,0.0358987,0.0365853,0.0352018,0.036419,0.0333217,0.0306263,0.0270126,0.0275277,0.0314048,0.0288896,0.0303166,0.0362386,0.0379046,0.0466356,0.0587361,0.072274
809.638,0.0389774,0.0419744,0.0401523,0.0386541,0.0373721,0.0363211,0.0330087,0.0344669,0.0288697,0.0329875,0.0312383,0.0299986,0.0286952,0.0300531,0.0387766,0.0408216,0.0518495,0.0585459,0.0709312
810.014,0.0482485,0.0458402,0.0458409,0.046323,0.0416047,0.0391359,0.0362965,0.0354887,0.0362336,0.0352485,0.0368508,0.0346436,0.0371993,0.0370526,0.0406,0.0460104,0.0478903,0.063776,0.0714323
810.39,0.0428305,0.0436241,0.038754,0.0401357,0.0384739,0.0407331,0.0341426,0.0349916,0.0349431,0.0307287,0.0336415,0.0330104,0.0306292,0.0342846,0.0370571,0.0435741,0.0505534,0.0597206,0.0695483
810.765,0.0436692,0.0437489,0.0405181,0.0420453,0.0358558,0.0403009,0.0354205,0.037568,0.0338929,0.0344941,0.0328982,0.0293154,0.0342259,0.0355785,0.0377266,0.0434217,0.0526977,0.0587752,0.0762607
811.141,0.0411278,0.048244,0.0383168,0.0422506,0.0409922,0.0350838,0.0389026,0.0366098,0.0322075,0.0327304,0.0327458,0.0349015,0.0365015,0.032798,0.0401032,0.0480895,0.0514067,0.0605165,0.0727245
811.517,0.0427079,0.0442507,0.0417674,0.0371082,0.0404545,0.0373661,0.0355235,0.0364534,0.0291474,0.0323593,0.0286162,0.033078,0.0353672,0.034947,0.0353671,0.0396886,0.0521013,0.0612179,0.0725228
811.892,0.0432268,0.0410876,0.041544,0.0442829,0.0395548,0.0374506,0.0357531,0.0319383,0.0344894,0.0272849,0.0309961,0.0310548,0.0300132,0.0328449,0.0385406,0.0405471,0.0531229,0.0578595,0.0727659
812.267,0.0435153,0.0412119,0.0411691,0.040726,0.0376092,0.0409723,0.0406457,0.0379678,0.0365836,0.0315921,0.0319496,0.0339125,0.0306177,0.0361497,0.037852,0.0415733,0.0532739,0.0597688,0.075221
812.643,0.0432359,0.0458719,0.0415939,0.0398868,0.0419904,0.0382725,0.0411505,0.0370963,0.0329669,0.0368488,0.0305229,0.033632,0.0323789,0.0354056,0.0399971,0.0458967,0.0506205,0.0570555,0.0704435
813.018,0.0454526,0.0399136,0.0396878,0.0376809,0.0395846,0.0383807,0.0359049,0.0331625,0.0351865,0.0317365,0.0308072,0.0337219,0.0334109,0.0280384,0.0369453,0.0414803,0.0505406,0.0615627,0.0758879
813.393,0.0439253,0.0411129,0.0408207,0.0432483,0.0407879,0.0395477,0.035773,0.0363573,0.0323481,0.03157,0.0346494,0.0312269,0.0285964,0.040104,0.0405726,0.0430302,0.0520721,0.0590488,0.0748611
813.767,0.0480808,0.04366,0.0437937,0.0424442,0.0413527,0.0407315,0.0360969,0.0384692,0.0323723,0.0328735,0.0320959,0.0341037,0.0346865,0.0387425,0.0405735,0.0436731,0.0500364,0.0628923,0.0738496
814.142,0.0402348,0.0411364,0.0376685,0.0414389,0.0362771,0.0326249,0.0325781,0.0302965,0.0288907,0.0301771,0.0261656,0.027808,0.0266878,0.0317229,0.0358281,0.039287,0.0461677,0.0611623,0.0737209
814.517,0.040094,0.0413886,0.0423981,0.0353057,0.0373951,0.0341614,0.0349204,0.0325051,0.0324153,0.0300389,0.0321034,0.0336942,0.0289393,0.0321477,0.0351576,0.042516,0.0488823,0.0588131,0.0741685
814.891,0.0394989,0.0380499,0.0357478,0.0364518,0.0366561,0.033653,0.0297683,0.028767,0.028869,0.0272316,0.0266316,0.0253329,0.0293492,0.0322123,0.0355515,0.0386923,0.0451222,0.0565181,0.0727319
815.265,0.0416087,0.0374282,0.0402969,0.0400258,0.0340445,0.0352264,0.0344266,0.0327285,0.0275804,0.0276285,0.0298134,0.0270274,0.0296763,0.0311127,0.0368108,0.0403295,0.0494144,0.0580883,0.0734965
815.639,0.043989,0.0469842,0.0401296,0.0430759,0.03626,0.0359414,0.0377803,0.0317516,0.0326678,0.0296867,0.0344937,0.0297992,0.0328994,0.0350088,0.0363812,0.0417355,0.0479282,0.0632832,0.0695666
816.014,0.046404,0.0437435,0.0373586,0.0408054,0.0410488,0.0396116,0.0348173,0.0333314,0.0343392,0.0298362,0.0303293,0.0342573,0.0304869,0.034787,0.0393928,0.0422876,0.0521746,0.0608175,0.0754862
816.387,0.038329,0.0396013,0.0414491,0.0366736,0.0367551,0.0369832,0.0338203,0.0318622,0.030965,0.0311147,0.0259591,0.0301335,0.0265222,0.0301157,0.0335247,0.0401378,0.0520641,0.057624,0.0719275
816.761,0.0409693,0.0392782,0.0440869,0.0401442,0.0400211,0.0333594,0.033909,0.0372029,0.0357772,0.031999,0.0333839,0.0334198,0.0291939,0.0319971,0.037012,0.0419525,0.0472679,0.0599863,0.0767168
817.135,0.0491178,0.0431627,0.0457909,0.044815,0.0415782,0.0446793,0.0401627,0.0360979,0.0354614,0.0353768,0.0335332,0.0353824,0.0398859,0.0362188,0.0403306,0.0488825,0.0482139,0.0625886,0.075223
817.509,0.0381114,0.0433656,0.0403922,0.0384016,0.0370932,0.0349768,0.0357366,0.028213,0.0335265,0.0281141,0.0318686,0.0297571,0.0317483,0.0317159,0.0335882,0.0360132,0.0499544,0.0563723,0.0741146
817.882,0.0450221,0.0487146,0.0495259,0.042607,0.0422873,0.0418812,0.0395835,0.037775,0.0364874,0.0316131,0.0334992,0.0366941,0.0339908,0.0333931,0.0424895,0.0486041,0.0540415,0.0573203,0.0764074
818.255,0.0449627,0.0472674,0.0400202,0.0378681,0.036217,0.0383826,0.0308321,0.0398588,0.0326203,0.0310551,0.028858,0.0287522,0.0293617,0.0372523,0.0386985,0.0423393,0.0513425,0.0613361,0.0741451
818.628,0.0438054,0.0413665,0.0437979,0.0404134,0.0423011,0.0374783,0.0344085,0.034937,0.0316183,0.0331195,0.0306437,0.0343198,0.0302656,0.0325831,0.0377147,0.0401523,0.0500304,0.0592614,0.0755048
819.002,0.0419494,0.0454147,0.0407583,0.0373256,0.0379101,0.0369644,0.0326398,0.0300065,0.0284717,0.0340776,0.0283355,0.0286192,0.0294968,0.0345615,0.0348415,0.0398145,0.0500432,0.0530066,0.0728348
819.374,0.0401308,0.0438181,0.0389039,0.0392038,0.0356577,0.0354583,0.0332174,0.0314342,0.0329869,0.0313017,0.0309345,0.0299519,0.0288161,0.029851,0.0346025,0.0417817,0.0493183,0.0580941,0.0746047
819.747,0.0429338,0.0377238,0.0458792,0.0422554,0.0351889,0.0419242,0.0364013,0.0368729,0.0342274,0.0288723,0.0281086,0.0347077,0.0320368,0.0344753,0.0392799,0.0435594,0.0503496,0.0578992,0.0721782
820.12,0.043475,0.0449227,0.0418958,0.0394989,0.0366092,0.0369349,0.0364475,0.0343038,0.0325456,0.032396,0.0304146,0.0298178,0.0338138,0.0316436,0.0368267,0.0447237,0.0495378,0.0627784,0.0687886
820.493,0.0458628,0.039103,0.040333,0.0411897,0.0344671,0.0371045,0.0337984,0.0326419,0.0288517,0.0315237,0.0280527,0.0313386,0.0326387,0.0238515,0.0335245,0.0394387,0.0471252,0.057605,0.0684081
820.865,0.0473399,0.0436406,0.0421927,0.0420638,0.0453499,0.0404047,0.0380711,0.0368001,0.0360549,0.0338582,0.0344367,0.0314462,0.0372553,0.038611,0.039899,0.043043,0.0500506,0.0600651,0.0775897
821.237,0.0391441,0.038642,0.0410177,0.0380245,0.0390186,0.0346378,0.0344744,0.0309779,0.0303223,0.0284585,0.0294732,0.0290137,0.0264898,0.0316253,0.0348117,0.040939,0.0506686,0.0586068,0.0747147
821.61,0.0391855,0.0408066,0.0366883,0.0386356,0.041425,0.0349488,0.0310827,0.030064,0.0291087,0.0289824,0.0270629,0.026301,0.0285455,0.0310854,0.037832,0.0381855,0.0477723,0.0561247,0.0725652
821.982,0.0378007,0.0396475,0.0390257,0.0393872,0.0358175,0.0331754,0.0349008,0.0295794,0.026725,0.0314465,0.0252475,0.0283897,0.0260775,0.0334066,0.0335006,0.0399462,0.0444575,0.056315,0.0671218
822.354,0.0426176,0.0440631,0.0405954,0.0447663,0.0425879,0.0381176,0.0402372,0.0340177,0.0312206,0.0330558,0.0328637,0.0307512,0.034763,0.0338328,0.040024,0.0456505,0.0523626,0.0634112,0.0731602
822.725,0.0416813,0.0474197,0.038577,0.0375516,0.0370682,0.0369024,0.0400584,0.0403739,0.0317959,0.0331752,0.0337541,0.0313858,0.0342244,0.0355987,0.0412268,0.0475997,0.0476758,0.0608596,0.0787214
823.097,0.0408054,0.043062,0.0407032,0.0420743,0.0422151,0.0362024,0.0342206,0.0346864,0.0325207,0.0338104,0.0320248,0.0338445,0.031825,0.0371572,0.037005,0.0388801,0.0543239,0.0589826,0.0700241
823.469,0.0454677,0.0403669,0.0433045,0.0400699,0.0347908,0.0366373,0.0359169,0.0341022,0.0264873,0.0307508,0.0356181,0.0316266,0.0299446,0.0343515,0.0368298,0.0406957,0.0514037,0.0558645,0.0774751
823.84,0.0419177,0.0415157,0.0387367,0.0404824,0.0413448,0.0344929,0.0349765,0.031743,0.0315311,0.0304871,0.0280822,0.0296072,0.0303756,0.033722,0.0379644,0.0399784,0.04676,0.0588937,0.0705732
824.211,0.0402082,0.0410356,0.037003,0.0342063,0.041646,0.0321269,0.0336935,0.0343845,0.0287902,0.028397,0.0290082,0.0288218,0.0331186,0.0348819,0.0366344,0.0430703,0.046567,0.0563754,0.0705127
824.583,0.0426883,0.0415352,0.0426086,0.0395232,0.0407282,0.0375443,0.0385707,0.0368736,0.0324236,0.03096,0.0291801,0.0309252,0.030918,0.033902,0.039829,0.0389262,0.0459733,0.0615753,0.0770344
824.954,0.0379418,0.0361735,0.038576,0.0343391,0.0317716,0.0376431,0.0325423,0.0293388,0.0297672,0.0285954,0.0275602,0.0247347,0.0294341,0.0357231,0.0337162,0.0338566,0.0480876,0.0580303,0.0728858
825.325,0.0480947,0.0441599,0.0432238,0.0467369,0.0408159,0.041622,0.0365315,0.0352253,0.0356261,0.0365683,0.030619,0.0363295,0.0356369,0.0359035,0.0392114,0.0396404,0.0513954,0.057061,0.081995
825.696,0.0446583,0.0429957,0.0437484,0.0397773,0.0386363,0.0390903,0.0387206,0.0368518,0.0354041,0.0301243,0.0315893,0.0366227,0.0321676,0.0337774,0.0434702,0.0442155,0.0507352,0.0583433,0.07621
826.066,0.0405031,0.0417794,0.0424611,0.0417919,0.0355845,0.0350127,0.0331744,0.029916,0.0331679,0.0283761,0.0304924,0.0311906,0.0303102,0.03133,0.0366729,0.0376094,0.0461326,0.0575631,0.0769665
826.437,0.0408176,0.042377,0.0397585,0.0388435,0.0338551,0.0351114,0.0313244,0.0329516,0.0316683,0.02841,0.0319855,0.029937,0.033937,0.0329822,0.0339484,0.0425156,0.047931,0.061401,0.0724838
826.807,0.0382836,0.0354081,0.03715,0.0338203,0.0348019,0.0334577,0.0363835,0.0316385,0.0298841,0.028972,0.0304325,0.0321896,0.0295094,0.0255564,0.0318936,0.0402253,0.0424283,0.0595485,0.0736761
827.178,0.0432501,0.0405661,0.0458368,0.0412437,0.0414207,0.0390943,0.0396291,0.0355017,0.0323633,0.0318306,0.0299841,0.0352046,0.0343966,0.0346101,0.0381265,0.0449371,0.0511139,0.0569641,0.0724339
827.548,0.0422467,0.038346,0.0391119,0.0393495,0.038127,0.034917,0.0394859,0.0354285,0.034215,0.0286933,0.0292192,0.0311183,0.0294705,0.0360873,0.0414895,0.0422472,0.0467507,0.057926,0.0741987
827.918,0.0413941,0.0473361,0.0438669,0.0449196,0.0413034,0.0367052,0.0367711,0.0341503,0.0349248,0.0337221,0.0309841,0.0325061,0.0322675,0.0321509,0.0384121,0.0422782,0.0491482,0.0629152,0.0757076
828.288,0.0466699,0.0441783,0.0451757,0.0448782,0.040749,0.0378089,0.0373679,0.036281,0.0317624,0.0377863,0.0313758,0.0304363,0.0335962,0.034527,0.0428304,0.0481989,0.0535475,0.0582615,0.0766474
828.658,0.0437255,0.0432722,0.0480304,0.0445732,0.0410333,0.0345976,0.0363416,0.0397029,0.0357035,0.0329688,0.0303844,0.0338783,0.0315538,0.0372572,0.0399607,0.0410237,0.0573164,0.0640645,0.0759368
829.028,0.0405414,0.0436319,0.0395725,0.0410924,0.0370154,0.0326735,0.0341176,0.0325522,0.0341205,0.0310243,0.0280797,0.0333005,0.0322674,0.0323695,0.0396881,0.0452456,0.046637,0.0526118,0.0762587
829.397,0.042693,0.0397789,0.0409893,0.0420044,0.038661,0.0350977,0.0344761,0.0304867,0.0298647,0.0309637,0.0340159,0.0325688,0.0316809,0.0372668,0.0405885,0.041319,0.0527669,0.058568,0.0733525
829.767,0.0467285,0.0438595,0.0424129,0.0407254,0.03974,0.0401619,0.0387729,0.030965,0.0320935,0.0363805,0.0391551,0.030011,0.035688,0.0314786,0.0411129,0.0476666,0.0528319,0.0606572,0.0776687
830.136,0.044568,0.0373065,0.0371884,0.0412196,0.0380963,0.0373972,0.0361959,0.0301945,0.0340142,0.025574,0.0310064,0.029386,0.029973,0.0328145,0.0370807,0.0458041,0.0470553,0.0559638,0.0751417
830.505,0.0459758,0.0466567,0.0458313,0.0424851,0.0428338,0.0369981,0.0434079,0.0318309,0.034359,0.0318579,0.034648,0.0336333,0.0339721,0.0341629,0.043746,0.0469238,0.0506198,0.0590856,0.0773275
830.874,0.0437701,0.0427606,0.0387891,0.0341023,0.0346668,0.0354573,0.0293615,0.0291599,0.0280784,0.036795,0.0301841,0.0305815,0.028764,0.027796,0.0324389,0.0399072,0.048892,0.0604987,0.0690472
831.243,0.0408887,0.0411641,0.0397694,0.0393284,0.0352331,0.0416961,0.0373631,0.0303517,0.0327764,0.0283649,0.0281003,0.026635,0.0306557,0.0288367,0.0384869,0.0378395,0.043648,0.0594928,0.0739947
831.612,0.0354848,0.0392159,0.0342799,0.036921,0.0324112,0.0355135,0.0320815,0.0274658,0.0277222,0.023334,0.0277355,0.0261331,0.0239103,0.0276605,0.0307619,0.0355378,0.0446509,0.0545731,0.0682832
831.981,0.0410261,0.0422614,0.0393047,0.0389352,0.0405835,0.033236,0.0297515,0.0293874,0.0308313,0.0302225,0.0271086,0.0273679,0.0308948,0.0327697,0.0372931,0.0374405,0.0504433,0.0514342,0.0724219
832.349,0.0396312,0.0386592,0.038528,0.0415431,0.0330199,0.0353055,0.0314832,0.031714,0.0262875,0.0263705,0.0265532,0.0285845,0.0309879,0.0328856,0.0310972,0.0346021,0.0477129,0.0579565,0.0702938
832.718,0.040091,0.0333345,0.0383687,0.0339328,0.0320192,0.034627,0.0325595,0.0286675,0.0307468,0.0315469,0.026807,0.0277506,0.0256527,0.0300956,0.0343782,0.0337114,0.0450558,0.0525059,0.0684265
833.086,0.0453044,0.0408017,0.0418903,0.0438567,0.0389552,0.0367036,0.0349585,0.0345754,0.0331356,0.0319592,0.0299883,0.0308696,0.028775,0.0313625,0.0353913,0.0401407,0.0494163,0.0566055,0.0734441
833.454,0.0432804,0.0410272,0.0380306,0.0409958,0.0386745,0.0379252,0.0354084,0.0384253,0.0326949,0.0331623,0.0303313,0.0289915,0.0328291,0.0334944,0.0400145,0.0391804,0.0496357,0.060339,0.0761117
833.823,0.0450594,0.040067,0.0418092,0.0350473,0.0409636,0.0348487,0.0337356,0.0338275,0.0339476,0.0339366,0.0288768,0.031718,0.0350874,0.0333118,0.0406396,0.0439193,0.0511114,0.0604269,0.0718168
834.191,0.0432381,0.0397203,0.0396342,0.040411,0.0383843,0.0388925,0.0334239,0.0346096,0.0334488,0.0306345,0.0299513,0.0301564,0.0314435,0.0343803,0.0383259,0.0402033,0.0460736,0.0584584,0.0747195
834.558,0.0354381,0.0369028,0.0387681,0.0387875,0.0310742,0.0339508,0.032775,0.0299083,0.0260226,0.0283644,0.0297055,0.0264135,0.0293897,0.027775,0.0318502,0.0420345,0.0440761,0.0553008,0.0726301
834.926,0.0391552,0.0366784,0.0432942,0.0405877,0.0355407,0.0407871,0.0333794,0.0312659,0.0317846,0.0286973,0.0273222,0.0333006,0.0263639,0.0348462,0.0327849,0.0412421,0.0453998,0.0568509,0.0742985
835.294,0.0428857,0.0417498,0.0460404,0.0381335,0.0376974,0.035029,0.0386697,0.0346022,0.0281112,0.0271737,0.0329699,0.0325407,0.029159,0.0289386,0.0382181,0.0411351,0.0448117,0.0546067,0.0727296
835.661,0.0385355,0.0405981,0.0430507,0.0327085,0.039286,0.0409026,0.0371226,0.0310626,0.0292677,0.0302508,0.0331215,0.031313,0.0308728,0.0356369,0.0356794,0.0405159,0.0500555,0.055248,0.0716622
836.029,0.0440156,0.0402049,0.0440232,0.0408713,0.0396285,0.0360925,0.0388094,0.0334328,0.0342708,0.031313,0.0332444,0.0355935,0.0341173,0.0344297,0.0378847,0.0379611,0.0528888,0.0625927,0.0738659
836.396,0.0426458,0.0407417,0.0380366,0.0414013,0.0379516,0.0356727,0.0324746,0.0315105,0.0290111,0.0252488,0.0325736,0.0311176,0.0286856,0.0322799,0.0392161,0.0439749,0.0463245,0.0586257,0.0697454
836.763,0.0424077,0.0403712,0.04253,0.0447337,0.0380592,0.0364178,0.03784,0.0424094,0.0282275,0.0334332,0.03003,0.0305096,0.0303942,0.0279768,0.0367151,0.0417075,0.0500152,0.0544804,0.0719124
837.13,0.0458841,0.0447856,0.045281,0.0419896,0.0425595,0.0439617,0.0360884,0.0363545,0.0356905,0.0307444,0.0310223,0.0321401,0.0349142,0.0323232,0.0420825,0.0459263,0.0498033,0.0634184,0.0772592
837.497,0.0390712,0.0415854,0.0357141,0.0369803,0.0389649,0.0399469,0.0319975,0.0311574,0.0315339,0.0314508,0.0282266,0.0272939,0.0327515,0.0330896,0.0356945,0.0409139,0.0460289,0.0538964,0.0784067
837.864,0.0394157,0.0409096,0.0407405,0.0400944,0.0377519,0.0348025,0.036635,0.0324862,0.0265338,0.0280204,0.0326333,0.0301656,0.0298585,0.0291095,0.0355393,0.0431249,0.0446466,0.0587308,0.0732905
838.23,0.0405174,0.0409164,0.0411217,0.0331282,0.0346574,0.031879,0.0274118,0.0306025,0.0255728,0.0285267,0.0252658,0.0269353,0.0284049,0.0272358,0.0307331,0.0362515,0.0454977,0.0551919,0.0713423
838.597,0.0424549,0.0452269,0.0400688,0.0409258,0.0409982,0.0395796,0.0353715,0.0374958,0.0328612,0.0281903,0.0319676,0.0298922,0.0290736,0.0324558,0.040015,0.0421684,0.0497442,0.0597962,0.0705221
838.963,0.0415375,0.0378172,0.0370856,0.0349076,0.0414576,0.0356628,0.0305405,0.0311355,0.0275715,0.0268165,0.033216,0.0277937,0.026188,0.0337407,0.0340618,0.0376965,0.0475729,0.0604074,0.0643304
839.329,0.0387738,0.0427055,0.0451952,0.0454157,0.0401946,0.039095,0.031744,0.041458,0.0353071,0.0327243,0.0375712,0.037288,0.0286999,0.0380055,0.0459758,0.0427567,0.0546471,0.0651558,0.0747957
839.695,0.0416828,0.048423,0.0456892,0.0419371,0.042157,0.0408447,0.0355214,0.0367615,0.0345646,0.0331202,0.036932,0.030543,0.0367975,0.0363863,0.038193,0.0469601,0.0523522,0.0593214,0.0769214
840.061,0.0433956,0.0453943,0.0478756,0.0445864,0.0399553,0.045881,0.0388876,0.0422708,0.0312596,0.0344761,0.0406004,0.0336366,0.033681,0.0329124,0.0407133,0.0473664,0.0554866,0.0639384,0.0842082
840.427,0.0416004,0.045933,0.0377684,0.041799,0.037038,0.0365326,0.0355386,0.0325633,0.0342468,0.027896,0.0300632,0.0312543,0.0327058,0.0338614,0.0330372,0.0416107,0.04597,0.0605204,0.0754494
840.793,0.0382191,0.0404017,0.0390818,0.0389599,0.0353141,0.0374861,0.0314624,0.032607,0.0305434,0.028711,0.0313321,0.0331396,0.0337216,0.0301162,0.0341518,0.0359626,0.0451498,0.0528557,0.0761217
841.159,0.040687,0.0420163,0.0377962,0.0426562,0.0368308,0.0371999,0.0359122,0.0339835,0.0318566,0.0340798,0.0342642,0.0360177,0.0342979,0.0340632,0.0395997,0.0493867,0.047348,0.0598248,0.077938
841.524,0.0436924,0.0395389,0.0443743,0.0424435,0.0420656,0.0400102,0.0351171,0.0371701,0.0359724,0.0299151,0.0334735,0.0297304,0.0348885,0.03391,0.040585,0.0438711,0.0539953,0.0624523,0.0786108
841.889,0.0360994,0.0427531,0.0365475,0.0393917,0.041752,0.0374691,0.0291468,0.0306779,0.0282369,0.0255305,0.0295292,0.0306795,0.0256909,0.029524,0.0328738,0.0369068,0.0467318,0.056118,0.0685459
842.255,0.0422866,0.0388772,0.0428137,0.0446582,0.039106,0.0399618,0.0390972,0.031898,0.0360227,0.0337842,0.0339306,0.0283201,0.0341658,0.0364182,0.0401616,0.0415869,0.0478608,0.057945,0.0757817
842.62,0.0463159,0.0458087,0.0447037,0.0433315,0.0368109,0.0395639,0.0340458,0.039415,0.0390067,0.037089,0.0358544,0.0358909,0.0347648,0.0342299,0.0446014,0.0453365,0.0517887,0.0655741,0.0798818
842.985,0.0394507,0.0379961,0.0438526,0.0419713,0.0347317,0.0374312,0.0349152,0.0324246,0.0356676,0.028941,0.0289092,0.0261006,0.0288994,0.0307185,0.0367874,0.041185,0.0464206,0.0606207,0.0735325
843.35,0.0413843,0.0351078,0.0374783,0.0372577,0.0402456,0.0317841,0.0294131,0.028108,0.0364,0.0318586,0.0294849,0.0298848,0.0302376,0.0356316,0.0393474,0.0378659,0.0424033,0.0555709,0.0751189
843.714,0.0427135,0.0391268,0.0422021,0.0380042,0.0412309,0.0348256,0.031258,0.0373904,0.0343572,0.0300213,0.0329351,0.0312383,0.0343093,0.0324057,0.0394732,0.0400038,0.0540756,0.0537616,0.0803475
844.079,0.0421859,0.0446209,0.0412112,0.0379807,0.0367837,0.0404225,0.0321716,0.0349151,0.0352902,0.0325702,0.0322691,0.0317793,0.0323224,0.03521,0.0360181,0.0431572,0.0490884,0.0606488,0.0751064
844.444,0.0397466,0.0400296,0.0389781,0.0412685,0.0350309,0.0316103,0.0410234,0.0317173,0.0291134,0.030442,0.0321726,0.0309474,0.031194,0.0330182,0.0351869,0.0449132,0.0550508,0.0594581,0.0745185
844.808,0.0400378,0.0371212,0.0380726,0.0414576,0.0391487,0.0327893,0.035659,0.0382848,0.0283781,0.0282126,0.0255775,0.0315186,0.0326975,0.0342494,0.0352024,0.044122,0.0522148,0.0571725,0.073638
845.172,0.0458903,0.0407543,0.0398508,0.0442757,0.0371561,0.0379743,0.0387749,0.0337733,0.029981,0.0378613,0.0298896,0.0333546,0.0373511,0.0336818,0.0406043,0.0424173,0.0535212,0.0589236,0.079053
845.536,0.04396,0.0386798,0.0403177,0.0350999,0.0330428,0.0306798,0.0332895,0.0334328,0.030774,0.0279694,0.0344845,0.0275734,0.035047,0.0321235,0.0328288,0.0401108,0.0479077,0.0547443,0.0781911
845.9,0.0409093,0.0419985,0.0410045,0.0372885,0.0379696,0.0360819,0.0368501,0.0333231,0.0323735,0.0303362,0.0319126,0.0324385,0.0320921,0.0321791,0.0366392,0.0430001,0.0494151,0.0558107,0.0741069
846.264,0.0412349,0.0424319,0.0432704,0.0373673,0.0357836,0.0389245,0.0341455,0.0311652,0.0290522,0.0300222,0.0281553,0.0279422,0.0311288,0.0324142,0.0313753,0.0422897,0.0512327,0.0600236,0.0710789
846.628,0.037569,0.0390608,0.0409388,0.0362872,0.0378103,0.0337195,0.0290694,0.0306981,0.0281329,0.0240279,0.0237193,0.0279228,0.029005,0.0289214,0.0368458,0.0370935,0.0508325,0.0526081,0.0728509
846.992,0.0458877,0.0432453,0.0381195,0.0372126,0.0403038,0.0374643,0.0385404,0.0342308,0.0332574,0.0301741,0.0330813,0.0372775,0.0308063,0.0331183,0.0411256,0.0427637,0.0490216,0.0596652,0.0777583
847.355,0.0406185,0.0403815,0.0404353,0.0375446,0.0411025,0.0366058,0.0379839,0.0314238,0.0281516,0.0354957,0.031618,0.0281723,0.0314772,0.0336818,0.0361765,0.0385697,0.0451639,0.0588236,0.0702269
847.718,0.0441329,0.0384956,0.0391225,0.0406093,0.0357962,0.0412475,0.0328493,0.0343237,0.0300488,0.0307317,0.0313707,0.0326123,0.0320337,0.0338322,0.0347177,0.0424879,0.0484055,0.0613605,0.0762815
848.082,0.0466454,0.0414027,0.0456789,0.0459595,0.0360129,0.0402136,0.0330038,0.0381711,0.0299437,0.0325582,0.0382118,0.0344675,0.0348856,0.0367701,0.0390459,0.0446698,0.0507625,0.0565649,0.0781382
848.445,0.042418,0.0409826,0.0412614,0.0342864,0.0327103,0.0337063,0.0318978,0.0287738,0.0298364,0.0325048,0.0294396,0.0244049,0.0257643,0.0295664,0.0310936,0.0409658,0.0462261,0.0538859,0.0728084
848.808,0.0379328,0.0393065,0.0325939,0.0382399,0.0319724,0.0322662,0.0285358,0.0331601,0.0275843,0.0284101,0.0276101,0.0245484,0.0291948,0.0292307,0.0287679,0.0406751,0.0434107,0.0584149,0.0640131
849.171,0.0420943,0.0440381,0.0439574,0.0396459,0.0431398,0.0410669,0.0376947,0.034568,0.0330472,0.0311471,0.0291831,0.0303723,0.0357462,0.0363039,0.0405743,0.0417729,0.0516176,0.057034,0.0756973
849.533,0.036554,0.03977,0.0427447,0.0394635,0.0368437,0.0372194,0.0373605,0.0271753,0.0341042,0.030226,0.0274073,0.0286339,0.0274647,0.0346122,0.0345424,0.0396001,0.0479134,0.0580576,0.07476
849.896,0.0480858,0.0440742,0.0421663,0.043465,0.0425154,0.0315572,0.0358277,0.036442,0.0339219,0.0304496,0.0350816,0.0305291,0.0326443,0.0390485,0.0400873,0.0443589,0.0559938,0.0679529,0.0772774
850.259,0.0405322,0.0442289,0.0374005,0.037674,0.0413545,0.0353887,0.0363344,0.0317767,0.0306095,0.0313344,0.0321484,0.0373387,0.033638,0.0369563,0.0417594,0.0428205,0.0490997,0.0618427,0.0742354
850.621,0.0423303,0.0458424,0.0395182,0.0442241,0.0372782,0.0347108,0.0337503,0.0289062,0.0309398,0.0265964,0.0327892,0.0328845,0.0285406,0.0322699,0.0426401,0.0403161,0.0409696,0.0545295,0.0762438
850.983,0.0426835,0.0490078,0.0450698,0.0442168,0.040011,0.0396782,0.032765,0.0332574,0.0317829,0.0359907,0.0344981,0.0338917,0.0323141,0.037126,0.0356803,0.0471838,0.0538358,0.062183,0.0788562
851.345,0.043575,0.0384129,0.0440839,0.0401643,0.0392557,0.0423402,0.0344621,0.0336474,0.0348157,0.032108,0.0278498,0.0367287,0.0355465,0.0358925,0.0391879,0.0463585,0.047587,0.0604269,0.0770006
851.707,0.0448943,0.0467803,0.0439964,0.0396382,0.0376206,0.0395362,0.0372147,0.0347041,0.0379859,0.0321174,0.0284376,0.0316093,0.0379483,0.0354571,0.0396338,0.049387,0.0565997,0.0635067,0.0767142
852.069,0.0470464,0.0430035,0.04241,0.0440763,0.041062,0.0392731,0.0363323,0.0287821,0.0319839,0.0355009,0.031021,0.0313263,0.0280052,0.0333414,0.0389442,0.0450891,0.0515146,0.0641556,0.0814605
852.431,0.0399621,0.0441383,0.043837,0.0417118,0.0430308,0.0319402,0.0363429,0.0350726,0.0375108,0.0361836,0.0333282,0.0342359,0.0342843,0.0359858,0.0384648,0.0442576,0.0538297,0.0582771,0.0823219
852.793,0.0447717,0.0435784,0.0373819,0.0351962,0.0372662,0.0351456,0.0344539,0.0323262,0.0308439,0.0355363,0.0345285,0.0277806,0.0326959,0.0334121,0.0392305,0.042316,0.0525629,0.0644292,0.0716256
853.154,0.0384315,0.0391312,0.0375024,0.0323277,0.0348974,0.0276196,0.0328531,0.0308164,0.0339466,0.0243626,0.0301274,0.0257479,0.0241097,0.0321632,0.0382968,0.0392039,0.0466185,0.060977,0.0708697
853.515,0.0395217,0.0358228,0.0403427,0.0325221,0.0371004,0.0288053,0.0310316,0.0331851,0.0339352,0.0265227,0.0245776,0.0286162,0.0314203,0.0312705,0.0310242,0.0402548,0.0430593,0.0564479,0.0665516
853.877,0.043433,0.035184,0.0418616,0.0410312,0.0392682,0.0435586,0.0326809,0.0328696,0.0314073,0.0345456,0.0289276,0.0343369,0.0365479,0.0370001,0.0337158,0.0417552,0.0457313,0.0598014,0.0757407
854.238,0.0362728,0.0409964,0.0403963,0.0334128,0.0313727,0.0358891,0.0305376,0.0346201,0.0329192,0.0294329,0.0255551,0.0288057,0.0252367,0.0297431,0.036775,0.0400341,0.0473689,0.0568976,0.0687814
854.599,0.0387899,0.0412329,0.040023,0.0358641,0.0376423,0.0320495,0.0320669,0.0318006,0.0249626,0.0297956,0.0291212,0.0272393,0.0315747,0.0338507,0.0365675,0.0429041,0.0462375,0.0605051,0.0688206
854.96,0.0492684,0.0397033,0.0406631,0.0389411,0.0400844,0.0430231,0.0388538,0.0347701,0.0338561,0.0301999,0.0311562,0.0322818,0.0365588,0.0364685,0.0379166,0.0414985,0.0506532,0.0596121,0.0732314
855.321,0.0446779,0.0440821,0.045472,0.0403451,0.0337401,0.0365544,0.0388141,0.032355,0.0382119,0.0324318,0.0319269,0.0320296,0.0295526,0.0378018,0.0403067,0.042332,0.047605,0.0657522,0.0703454
855.681,0.0436408,0.0411531,0.0454427,0.0423202,0.04302,0.0352477,0.0418518,0.0342785,0.0360392,0.0302818,0.0304493,0.033256,0.0339965,0.0316426,0.0405057,0.0387468,0.0499723,0.0610591,0.0849772
856.042,0.0421143,0.0399933,0.0367471,0.034004,0.0375888,0.0310192,0.0359848,0.0348342,0.0337756,0.0239289,0.0269112,0.026633,0.0319457,0.0319901,0.0366521,0.0385605,0.0463918,0.0648183,0.0764782
856.402,0.0357544,0.0371325,0.0354132,0.0309553,0.0286878,0.029092,0.033297,0.0278982,0.0256866,0.0233524,0.0277048,0.0324345,0.0237733,0.032391,0.0250083,0.0381138,0.041052,0.0611539,0.0745825
856.762,0.0388097,0.04096,0.0399655,0.0428273,0.0364908,0.0366927,0.0385367,0.0293814,0.0378564,0.0298214,0.0335043,0.0328059,0.0368412,0.0322823,0.0394973,0.0447236,0.0513956,0.0604534,0.0741517
857.122,0.0457944,0.0435117,0.045845,0.0428589,0.0397535,0.0446125,0.0396716,0.0298213,0.0343835,0.033209,0.0318339,0.0407237,0.0365376,0.0375947,0.0390974,0.0456257,0.0530002,0.0619425,0.0825652
857.482,0.0333596,0.0345377,0.0306676,0.0310227,0.027931,0.0242157,0.027739,0.0252521,0.022124,0.025633,0.0216474,0.0273371,0.027607,0.0318243,0.0324067,0.0300552,0.0454709,0.055801,0.0665345
857.842,0.0373224,0.0441711,0.0414476,0.038871,0.0383299,0.0352324,0.0365101,0.0346508,0.028525,0.0322288,0.0283574,0.0332486,0.0311254,0.039103,0.0385733,0.0442619,0.0529621,0.0550321,0.0713029
858.202,0.040807,0.0437163,0.0378233,0.0367453,0.0358565,0.0350655,0.02967,0.0329036,0.0302338,0.0304487,0.0243276,0.0246634,0.0295896,0.034281,0.0389927,0.0439223,0.0447655,0.0604265,0.0725445
858.562,0.0465933,0.0451664,0.0477144,0.0515092,0.0480804,0.0463721,0.0398703,0.0402603,0.0331617,0.0316751,0.0320886,0.0323276,0.0352715,0.0413574,0.0450334,0.0461493,0.0540438,0.0605865,0.0756981
858.921,0.0484189,0.0401728,0.0447289,0.0395702,0.0379899,0.0377123,0.0340396,0.0308348,0.0278296,0.036034,0.0281982,0.0330913,0.0298825,0.0302296,0.0313009,0.0386495,0.0492031,0.0598052,0.0711261
859.281,0.0464219,0.0437505,0.0382433,0.0393347,0.0390314,0.0338494,0.0356423,0.0380216,0.0334064,0.0331225,0.030497,0.0321711,0.0310398,0.0307925,0.0386295,0.0402644,0.0501478,0.054335,0.0737694
859.64,0.0372438,0.0448045,0.042102,0.0399715,0.0433186,0.0380884,0.0385798,0.0371314,0.0372208,0.0321275,0.0300602,0.0321414,0.0345542,0.0352396,0.039133,0.0468921,0.0505766,0.0576511,0.0771375
859.999,0.0494271,0.0541101,0.0532152,0.0490227,0.0460244,0.0411409,0.0477283,0.0462078,0.0388852,0.0356634,0.033631,0.0405159,0.0367984,0.0431123,0.0481793,0.0492275,0.0561047,0.0726808,0.0870925
860.358,0.039804,0.0400884,0.0392235,0.0351724,0.0372786,0.038298,0.0348643,0.0324606,0.0274666,0.0315758,0.0281588,0.0272398,0.0300921,0.0342323,0.032576,0.0369926,0.0506072,0.0501419,0.0696178
860.717,0.0393458,0.0363182,0.0462767,0.036417,0.0381809,0.0341808,0.0366873,0.0345534,0.0281363,0.0269429,0.0272084,0.0295304,0.0248558,0.0289299,0.0300286,0.0378597,0.0506168,0.067043,0.0683034
861.076,0.0459275,0.0362075,0.046694,0.0393494,0.0406195,0.0363584,0.0339266,0.031356,0.0358994,0.0341246,0.030528,0.0296837,0.0297254,0.0331521,0.034728,0.0408861,0.0494311,0.0626959,0.0761649
861.434,0.0472718,0.0448553,0.041513,0.0429896,0.0417922,0.0398756,0.0381595,0.0401662,0.0376455,0.0369575,0.0347615,0.0334867,0.0368757,0.0376049,0.0449458,0.0478636,0.0515945,0.0581111,0.0788644
861.793,0.0447282,0.0470092,0.0503092,0.0435677,0.0392172,0.0404231,0.0417465,0.0370923,0.0309716,0.0361759,0.0342401,0.0349619,0.0315,0.0376026,0.0422459,0.0481916,0.0508389,0.065628,0.0727638
862.151,0.0480911,0.0471105,0.0403682,0.0406371,0.0385761,0.041072,0.0416552,0.0357901,0.0352485,0.0345841,0.0316933,0.0358934,0.0379364,0.0369841,0.0430069,0.0365945,0.0465607,0.0634447,0.07561
862.509,0.0425435,0.034513,0.0394779,0.0424781,0.0363479,0.0314475,0.033643,0.0301703,0.0301975,0.0246559,0.0254425,0.0267845,0.0277585,0.0309334,0.035117,0.0391824,0.0503871,0.0595384,0.073224
862.868,0.0374842,0.0353931,0.0381115,0.0341733,0.0403577,0.0304674,0.0347573,0.0295012,0.0330132,0.0303234,0.0217403,0.020743,0.0268403,0.0328007,0.0253004,0.0363929,0.0420441,0.0589849,0.0731686
863.226,0.0403747,0.0330444,0.0365774,0.040639,0.0365929,0.0355502,0.0365063,0.0324301,0.031926,0.0309218,0.0315487,0.0313521,0.0256479,0.0335454,0.0352769,0.0443384,0.0507796,0.0646169,0.0751343
863.583,0.0467102,0.0466407,0.0443018,0.038975,0.04329,0.0389352,0.0429885,0.0366664,0.0308507,0.0351095,0.03512,0.0374644,0.0349545,0.0311006,0.0447965,0.0452099,0.0486547,0.0652453,0.0812974
863.941,0.0477942,0.0465417,0.0432333,0.0411887,0.0439794,0.0396932,0.0405439,0.0353635,0.0330723,0.0340859,0.0285612,0.0357976,0.0331163,0.0323929,0.0358435,0.0430957,0.0473879,0.0624735,0.0767798
864.299,0.0408813,0.0377084,0.0387685,0.0353466,0.0395238,0.0349508,0.0360606,0.0294805,0.0368744,0.0350041,0.0317463,0.0309219,0.0326237,0.0333494,0.0335931,0.0422399,0.0423811,0.0598279,0.0724928
864.656,0.0370108,0.0437839,0.0396893,0.0351387,0.0443897,0.0395283,0.0357879,0.0326612,0.0275464,0.0244046,0.0389332,0.0276065,0.0303678,0.0288099,0.0361358,0.0438558,0.049683,0.0566274,0.0745458
865.014,0.0337005,0.0305877,0.0363568,0.0366729,0.0396892,0.0376523,0.0329964,0.027791,0.0264797,0.0254007,0.0268039,0.031421,0.0332989,0.0237366,0.0269551,0.0360325,0.0401483,0.052756,0.0667601
865.371,0.0439873,0.0456827,0.0372688,0.0400613,0.034555,0.0332852,0.0320029,0.032493,0.0311325,0.0247191,0.0279901,0.0360945,0.0390186,0.0330738,0.0384551,0.0513929,0.0509664,0.0635528,0.0761952
865.728,0.038156,0.0351536,0.038412,0.0372585,0.0414965,0.0317982,0.0281835,0.0337644,0.0299813,0.0266414,0.026608,0.0284689,0.0209856,0.0283122,0.0385038,0.0346877,0.0469409,0.0563363,0.0663773
866.085,0.0487211,0.0360339,0.045916,0.0396767,0.0419817,0.0438676,0.0414937,0.0360707,0.0361866,0.0330603,0.0289056,0.0258539,0.0403108,0.0383222,0.0404859,0.0446888,0.0562349,0.0608642,0.0801055
866.442,0.039607,0.0458874,0.0385219,0.0360525,0.0402805,0.0392877,0.034268,0.0317878,0.0269568,0.0300261,0.0236594,0.0296653,0.0342982,0.0300914,0.0356069,0.0366283,0.0500044,0.0669644,0.0764465
866.799,0.0465451,0.0358495,0.0379199,0.0434627,0.0384271,0.0402112,0.0311982,0.0277615,0.0404838,0.0344833,0.0281871,0.0302304,0.0314107,0.0349826,0.0342498,0.042005,0.0547569,0.0605426,0.070536
867.155,0.037865,0.038265,0.0293987,0.0354157,0.0306636,0.0238271,0.0312573,0.0294346,0.0248685,0.0247507,0.0284561,0.0253578,0.0283595,0.0275631,0.033147,0.0338764,0.0400955,0.0530324,0.0692286
867.512,0.041733,0.0415426,0.0372596,0.0364417,0.0355087,0.0345115,0.0344763,0.0413964,0.0333769,0.0361279,0.0293004,0.0305752,0.0310322,0.0407323,0.0399353,0.0442137,0.0580874,0.0731294,0.0784774
867.868,0.0426678,0.0442983,0.0441629,0.0443468,0.0366298,0.0368659,0.0362457,0.0340906,0.0299274,0.0307405,0.0340026,0.0369508,0.0310292,0.0364829,0.0492709,0.0472526,0.0513225,0.066601,0.0820884
868.225,0.0463454,0.0405151,0.0397611,0.0377582,0.0381812,0.0359804,0.0378574,0.0340793,0.0338173,0.0278837,0.0279301,0.0282781,0.027249,0.0386695,0.0432635,0.0437529,0.054423,0.0644253,0.0770471
868.581,0.0397151,0.0452312,0.0437448,0.0356668,0.0434343,0.0431998,0.0412961,0.0407063,0.0291775,0.0388562,0.0310678,0.0339571,0.0366076,0.0363318,0.0411465,0.0514767,0.0542412,0.0640025,0.0817938
868.937,0.0479701,0.0469994,0.0447552,0.0420756,0.0405604,0.0310572,0.0404862,0.0372319,0.0305542,0.0297601,0.0337059,0.0294168,0.0332248,0.0370335,0.0354573,0.0464844,0.0443559,0.0663656,0.0786355
869.293,0.0390697,0.0369329,0.0395537,0.0351675,0.0347634,0.0356948,0.035944,0.0339114,0.0316804,0.0333908,0.0295602,0.0298011,0.0336306,0.0294011,0.0290193,0.0369396,0.0462147,0.0554676,0.0713472
869.648,0.035824,0.0366853,0.0318102,0.0344491,0.0317977,0.0308219,0.0259872,0.0244302,0.0338469,0.028121,0.0207536,0.0257927,0.0271093,0.0234264,0.031379,0.0368105,0.0454021,0.0537638,0.0627566
870.004,0.0470418,0.0406337,0.0399003,0.0415506,0.0409047,0.0396777,0.0373701,0.0357845,0.0330231,0.0317893,0.0322196,0.0360025,0.0389396,0.0351338,0.039593,0.0527266,0.047616,0.0639709,0.0775581
870.359,0.0395942,0.0418003,0.0479078,0.038988,0.0393366,0.037112,0.0383822,0.0403176,0.0275702,0.0311197,0.0364031,0.0315539,0.0342841,0.038896,0.0410993,0.0431514,0.0508369,0.0641922,0.0788757
870.715,0.0420953,0.0488814,0.03974,0.037855,0.0426754,0.0389498,0.0417932,0.0371267,0.0353178,0.0362021,0.0276397,0.0385842,0.0335579,0.0377478,0.042653,0.0492952,0.0514969,0.0631037,0.0743905
871.07,0.0432374,0.0456151,0.0481416,0.0511217,0.0441317,0.0337766,0.0373185,0.0416614,0.034863,0.0361789,0.0282757,0.0296425,0.0372846,0.0386284,0.0385729,0.0496223,0.0582985,0.0641697,0.078856
871.425,0.0348192,0.0448965,0.0365456,0.0414065,0.0342329,0.0320869,0.0305467,0.0311959,0.0308957,0.0261297,0.0236274,0.0209467,0.0287471,0.0299841,0.0330468,0.0383692,0.0429752,0.0513019,0.0670861
871.78,0.0437499,0.0413976,0.0372003,0.0416101,0.0375541,0.0392325,0.0362982,0.0280171,0.0249733,0.0275519,0.0276351,0.031152,0.0301908,0.0375276,0.0324922,0.0445006,0.0459709,0.057137,0.07676
872.135,0.0360014,0.0408492,0.0409608,0.0387107,0.0364816,0.0377042,0.0293404,0.0315127,0.0322279,0.0243816,0.0320435,0.0307644,0.0308329,0.029517,0.0342623,0.0372608,0.0504101,0.0598876,0.0644285
872.49,0.0469363,0.0474106,0.0455314,0.0440237,0.036883,0.0339284,0.0398168,0.033332,0.0315911,0.0290314,0.0282858,0.0341245,0.0318459,0.0368107,0.0412317,0.0437246,0.059641,0.0623273,0.0797148
872.844,0.0334994,0.0343709,0.0413926,0.0357482,0.0278558,0.0336858,0.0356097,0.0347158,0.027436,0.0259885,0.023864,0.0254211,0.031666,0.0307017,0.0350118,0.0396912,0.0520154,0.058658,0.0720657
873.199,0.044094,0.0462673,0.046196,0.0406856,0.039365,0.037619,0.0331721,0.0406023,0.0350717,0.039989,0.0326075,0.0291979,0.0282242,0.0307852,0.0374753,0.043508,0.0520985,0.065807,0.0873886
873.553,0.0474379,0.0481985,0.0468781,0.0461327,0.0442233,0.0429109,0.0365527,0.0388177,0.0404673,0.0324072,0.0407535,0.0350663,0.0313004,0.036242,0.0375279,0.0450279,0.05302,0.0663441,0.0854618
873.908,0.0547084,0.0464054,0.0456111,0.0416238,0.0488898,0.0331553,0.0352827,0.0372949,0.0377991,0.0283011,0.0363909,0.0411841,0.0412359,0.0351698,0.0311407,0.045719,0.0492291,0.0665685,0.0825518
874.262,0.0456353,0.0374792,0.0455999,0.0391743,0.0428455,0.0345962,0.033087,0.0365451,0.0261474,0.0290679,0.0350631,0.0337031,0.031637,0.0349463,0.0356195,0.0383891,0.0471137,0.0594491,0.0801346
874.616,0.0425583,0.0412505,0.0480793,0.0360098,0.0392423,0.0349876,0.0309034,0.0339525,0.0316652,0.0289755,0.0304534,0.0297166,0.0292596,0.039592,0.040277,0.0451987,0.0489344,0.061391,0.082382
874.97,0.0422878,0.0384518,0.0496581,0.0462868,0.0375814,0.035785,0.0395742,0.0307265,0.032697,0.0370125,0.0334871,0.0389517,0.0307995,0.0408032,0.0364374,0.0554596,0.0530736,0.0639577,0.0774492
875.323,0.043612,0.0457098,0.0461858,0.0414215,0.0437893,0.0451925,0.036296,0.0335925,0.0396212,0.0358815,0.0361175,0.0305387,0.0330452,0.0421209,0.0404612,0.0479437,0.0564067,0.0608581,0.0712951
875.677,0.0454202,0.0405003,0.0418113,0.0411558,0.0345607,0.0333485,0.0426094,0.0292555,0.0294738,0.0354535,0.0370915,0.0250265,0.0303129,0.0351463,0.0388515,0.0407749,0.0493241,0.0624137,0.074934
876.031,0.0313413,0.0331247,0.0332289,0.0333699,0.032264,0.0280521,0.0320242,0.0261677,0.0243927,0.0254716,0.0273434,0.0309183,0.0214359,0.0290904,0.0288581,0.0295178,0.0461574,0.0472845,0.0621141
876.384,0.0458668,0.0429079,0.0492268,0.0415797,0.0413453,0.0381468,0.0456957,0.0401092,0.0378692,0.0340055,0.0345617,0.041644,0.0377524,0.0417667,0.048023,0.0501392,0.0598944,0.0630396,0.0774012
876.737,0.0486612,0.044411,0.0485144,0.0511179,0.0455882,0.0424548,0.043383,0.0358177,0.0358858,0.0364085,0.0322613,0.035556,0.0302855,0.0304237,0.0379656,0.0455447,0.0585241,0.0625771,0.0789316
877.09,0.0479708,0.0372516,0.0466014,0.0494082,0.0383059,0.0311626,0.0342923,0.0380613,0.0256341,0.0318114,0.0245933,0.0293458,0.0339718,0.0321677,0.0403737,0.0440456,0.052731,0.058062,0.0807059
877.443,0.0355624,0.0331352,0.0352492,0.0378599,0.0355895,0.0290938,0.0303935,0.0313168,0.0260618,0.0336332,0.0323463,0.0253013,0.0290819,0.0365266,0.0329187,0.0370458,0.0438313,0.0600223,0.0678774
877.796,0.046951,0.0499663,0.0322447,0.0417288,0.0400836,0.0330592,0.0356821,0.0390146,0.0335581,0.035342,0.0338139,0.0272052,0.0288409,0.0331238,0.0423676,0.041756,0.0632239,0.0612118,0.0737947
878.149,0.041694,0.0436226,0.0409492,0.0351345,0.0385128,0.0385707,0.0348405,0.0428302,0.0287515,0.030789,0.0405803,0.0378323,0.0318783,0.0280935,0.040205,0.0404435,0.053753,0.0645177,0.0695919
878.501,0.0413386,0.0406342,0.0430406,0.0352031,0.0304204,0.0363218,0.0318168,0.0341902,0.0290236,0.0270902,0.0301922,0.0239162,0.0306072,0.0361127,0.0318576,0.0463737,0.0467314,0.0560091,0.0709361
878.854,0.0433466,0.0404938,0.0399851,0.0407439,0.0351145,0.0366785,0.0362758,0.0397268,0.0343641,0.0242698,0.0309528,0.0361097,0.0326582,0.0414306,0.0420682,0.0443118,0.0503182,0.0612221,0.0727133
879.206,0.0460649,0.0464004,0.0424768,0.0462554,0.0382838,0.0367846,0.0421485,0.0268741,0.0392164,0.032379,0.026792,0.0411291,0.0367438,0.0314251,0.0451419,0.043138,0.0543,0.0607607,0.0728395
879.559,0.0472833,0.0454078,0.0499174,0.0453762,0.0462703,0.046766,0.0402639,0.036042,0.0392681,0.0373458,0.0393187,0.0371717,0.0311139,0.0326717,0.0468382,0.044778,0.0560223,0.0628483,0.0723468
879.911,0.0407093,0.0435216,0.0450583,0.0438417,0.0422195,0.0358077,0.03687,0.0336103,0.032569,0.037767,0.0297072,0.0309467,0.0245043,0.0400481,0.0390031,0.0479808,0.0544345,0.0607654,0.082563
880.263,0.053151,0.0452874,0.039448,0.0400617,0.0455848,0.0346496,0.0401517,0.0349187,0.0302324,0.042485,0.0316957,0.0360342,0.0372779,0.0381483,0.0365362,0.0468716,0.0503878,0.0638664,0.0766367
880.615,0.042926,0.0289293,0.0423584,0.037895,0.0372185,0.0374919,0.0312885,0.0272319,0.0366285,0.0275401,0.0298494,0.0350827,0.0382364,0.0276858,0.0339987,0.0443558,0.0460745,0.0558337,0.0763712
880.966,0.04028,0.0433611,0.034391,0.0367663,0.0395755,0.0366743,0.0350241,0.0313956,0.0344344,0.0388468,0.020536,0.0250814,0.0367431,0.0373048,0.0345653,0.0406795,0.0456738,0.0616462,0.0809007
881.318,0.0413818,0.0456798,0.044481,0.0352032,0.0424914,0.0369554,0.04081,0.035242,0.0319675,0.0256386,0.0316577,0.0300151,0.0337576,0.0386511,0.0350731,0.0371314,0.0471844,0.0670907,0.0767033
881.669,0.0462088,0.0407409,0.0400278,0.0358017,0.0398649,0.033127,0.0353946,0.0360454,0.0320544,0.0278288,0.0299337,0.0287834,0.0384448,0.0303274,0.0354723,0.0467516,0.050868,0.0610585,0.0749299
882.021,0.0552171,0.0573012,0.0428198,0.0489007,0.0510177,0.0485013,0.0506575,0.0410304,0.0422082,0.03245,0.0490025,0.0315246,0.0376383,0.0458851,0.045563,0.0555833,0.056688,0.0723308,0.0871378
882.372,0.0355517,0.0396722,0.038049,0.0359349,0.0391571,0.0328031,0.028715,0.0320453,0.0268006,0.0261251,0.0281995,0.0360313,0.026226,0.030698,0.030839,0.0393078,0.0458945,0.0563751,0.0692511
882.723,0.0358966,0.0352951,0.0400142,0.0318582,0.033998,0.0224997,0.0353247,0.0266157,0.0205385,0.0258167,0.0238676,0.0170589,0.0233977,0.0259264,0.0338498,0.0294348,0.0423569,0.0545345,0.067942
883.074,0.0365761,0.0335301,0.0363633,0.0403835,0.0382915,0.0335549,0.0343176,0.0362744,0.0268192,0.0260427,0.0266846,0.0260313,0.033865,0.0290023,0.0278116,0.0376343,0.0446828,0.0601333,0.0681881
883.425,0.041175,0.0418989,0.0388342,0.0355508,0.0390119,0.0272736,0.0314287,0.0260383,0.0243683,0.0223546,0.0231301,0.024572,0.0378442,0.0360998,0.0311787,0.0461215,0.0502518,0.0572424,0.0755061
883.776,0.0403226,0.0402772,0.044791,0.0350817,0.0352111,0.0348157,0.0377963,0.0355029,0.0330002,0.036212,0.0285423,0.0320705,0.0349556,0.0314405,0.0396731,0.0459451,0.043209,0.0588259,0.0778953
884.126,0.0418714,0.0329355,0.0372346,0.0371464,0.0370126,0.0295537,0.0344055,0.0322385,0.0260388,0.0310974,0.0288604,0.0233588,0.0254026,0.0345855,0.0263934,0.0402525,0.0434409,0.0551479,0.0663294
884.477,0.0422161,0.045993,0.0427725,0.0369845,0.0345851,0.0316993,0.0307878,0.0334261,0.0330862,0.0263046,0.0337216,0.0324893,0.0317957,0.0334255,0.0395063,0.0517289,0.0588313,0.068902,0.0764459
884.827,0.0390473,0.0467091,0.0378849,0.0338704,0.0300667,0.0353844,0.0298428,0.0317666,0.0324099,0.0224503,0.0288874,0.029844,0.0262108,0.0357211,0.0312406,0.0407202,0.0479644,0.0628299,0.0783219
885.177,0.034973,0.0376826,0.0352235,0.0334893,0.0287753,0.0345533,0.0334375,0.0286766,0.0277332,0.0336982,0.0288165,0.0283421,0.0280907,0.0302685,0.0361954,0.0417888,0.0539308,0.0602525,0.0719365
885.528,0.0458466,0.0357617,0.0397407,0.0368346,0.0411661,0.0367627,0.0351985,0.0333931,0.0354218,0.0360857,0.0296411,0.029771,0.0292361,0.0389416,0.0425784,0.0468683,0.0494975,0.0598461,0.0722022
885.878,0.0352049,0.0363531,0.0329088,0.0317947,0.0320626,0.0372193,0.0259921,0.0279535,0.0291497,0.0235677,0.0222307,0.0217753,0.0282104,0.0285122,0.0352829,0.0431145,0.0417039,0.0515627,0.065316
886.227,0.0393944,0.0351754,0.0326856,0.0314467,0.0380834,0.0338016,0.0355009,0.0264079,0.0230589,0.018825,0.0268397,0.026965,0.0280367,0.0383946,0.036953,0.034752,0.0446172,0.0580065,0.0729532
886.577,0.0426084,0.0511194,0.0475325,0.041759,0.0413303,0.0415822,0.054583,0.0395331,0.0376003,0.0401704,0.0412174,0.0358747,0.0381657,0.0447025,0.04448,0.0524026,0.0686714,0.0745869,0.082103
886.927,0.0255329,0.0329211,0.0278287,0.027637,0.0358269,0.0312399,0.0314303,0.0302613,0.0256674,0.0196433,0.0331212,0.0221723,0.0254606,0.0250336,0.0350518,0.0297235,0.0492458,0.0605983,0.0699823
887.276,0.0474324,0.0387524,0.0328482,0.0383141,0.0429937,0.0397964,0.0313401,0.0295502,0.0244262,0.0219542,0.0238104,0.0339543,0.0260346,0.0254283,0.0323278,0.0417082,0.0486912,0.0573593,0.0689956
887.626,0.0477357,0.0496333,0.0431345,0.0438533,0.0425755,0.0382304,0.041007,0.0415813,0.0340617,0.031408,0.0317933,0.0306062,0.0351603,0.0373378,0.0378611,0.0549607,0.0555974,0.0615688,0.0832203
887.975,0.0364287,0.0406954,0.0403661,0.0387577,0.0406531,0.037031,0.0398706,0.0385247,0.0337252,0.033449,0.0377223,0.0337689,0.0316397,0.0399578,0.0394524,0.0470888,0.0510428,0.0625982,0.0830856
888.324,0.0425412,0.0399732,0.0378789,0.0411473,0.0414058,0.0414034,0.0342991,0.031564,0.0356868,0.0387787,0.0384046,0.0310393,0.0271512,0.0342054,0.0355525,0.0400415,0.0533889,0.0628503,0.0745467
888.673,0.0397601,0.0460352,0.0388484,0.0405961,0.0301856,0.0306018,0.0367361,0.0369404,0.0368476,0.0273827,0.0342979,0.0242176,0.0324714,0.0338444,0.0423178,0.0363121,0.0513728,0.0594879,0.0675435
889.022,0.050539,0.0578745,0.0518936,0.0432972,0.0368958,0.047254,0.0340357,0.0342068,0.0343658,0.0351077,0.036632,0.0398988,0.0492926,0.0409135,0.0471447,0.0515691,0.0529805,0.068345,0.0820863
889.37,0.0462365,0.0548907,0.0457387,0.0458537,0.0362872,0.0411144,0.0365083,0.0345099,0.0345178,0.0317739,0.0290662,0.0333905,0.0321199,0.0289637,0.0365555,0.0416202,0.0548241,0.0614354,0.0736379
889.719,0.042195,0.0447883,0.0518382,0.0402199,0.0338985,0.0423544,0.042161,0.0403678,0.0388566,0.0365946,0.0270367,0.0302669,0.0304442,0.0373679,0.0363155,0.0499751,0.0484729,0.064889,0.0768755
890.068,0.0340319,0.0416881,0.045994,0.0453618,0.0354342,0.0365603,0.0471489,0.0385946,0.0360519,0.0354214,0.0213166,0.0331345,0.0352111,0.038506,0.0400798,0.0500243,0.046868,0.0687038,0.0857411
890.416,0.0423154,0.0332467,0.0419118,0.0314717,0.0351821,0.038926,0.032722,0.0331535,0.0269241,0.0258489,0.0297283,0.0288977,0.0348222,0.0324262,0.0479777,0.0507347,0.0438742,0.0637148,0.0805438
890.764,0.031725,0.0368129,0.0399826,0.0322956,0.0353695,0.0388521,0.0397311,0.0309207,0.027086,0.0272542,0.0306967,0.0306115,0.0309411,0.024239,0.0298838,0.043996,0.0477969,0.0574825,0.0753386
891.112,0.0414049,0.0334174,0.0387599,0.0300898,0.0361961,0.0446741,0.033352,0.0264315,0.0188697,0.0395947,0.0300705,0.0308154,0.0299227,0.0387482,0.0358433,0.0394621,0.0438937,0.0663455,0.0703684
891.46,0.0373673,0.0341874,0.0221644,0.0207134,0.0255685,0.0170495,0.0312556,0.0184024,0.0160199,0.0192787,0.0134905,0.0180195,0.0292965,0.0281989,0.0307804,0.0402369,0.0428219,0.0496433,0.0614075
891.808,0.043633,0.0534276,0.0431718,0.0494565,0.0416832,0.0389476,0.0359574,0.037885,0.0372755,0.0414042,0.0330659,0.0453612,0.039785,0.0346722,0.0293474,0.0451329,0.0454252,0.0566675,0.0902056
892.156,0.0472142,0.0450442,0.0424796,0.037915,0.0344393,0.0340431,0.0378332,0.0296576,0.0365587,0.0311675,0.0276639,0.030805,0.0339688,0.0263625,0.0284988,0.0459034,0.0527276,0.0561077,0.0775123
892.503,0.0557664,0.0366124,0.0420924,0.0330704,0.0348395,0.031875,0.037955,0.0308152,0.02671,0.0329764,0.0261053,0.0343711,0.0361591,0.0349161,0.0334551,0.0416256,0.0438478,0.0515222,0.0849711
892.851,0.0391592,0.0403115,0.0343594,0.0418304,0.0315644,0.0352947,0.0304854,0.0299747,0.0244138,0.0281728,0.0293803,0.0286615,0.028439,0.0328652,0.0339774,0.0411195,0.039619,0.056334,0.0730832
893.198,0.0401395,0.0470821,0.0380009,0.0340793,0.0445557,0.0395661,0.0379507,0.0310422,0.0328323,0.0354454,0.0323236,0.0308727,0.0265602,0.0315932,0.0332392,0.0398059,0.0472399,0.0640356,0.0831643
893.545,0.0459507,0.0424555,0.032279,0.0389949,0.0271413,0.0340602,0.0387125,0.0381619,0.0397231,0.0362168,0.0340817,0.0292817,0.0298314,0.0339114,0.0405831,0.0433417,0.0475034,0.0658463,0.0781068
893.892,0.0440197,0.0450862,0.0390198,0.0368466,0.0365326,0.0392343,0.0265305,0.0396682,0.0306751,0.0319795,0.0302783,0.0261638,0.0321702,0.0227206,0.0363488,0.0442577,0.0503705,0.0553904,0.0797931
894.239,0.0445419,0.0441921,0.0497022,0.0537716,0.0413792,0.0445877,0.0382825,0.034271,0.03793,0.0371735,0.0355104,0.0363002,0.0341535,0.0445273,0.0405321,0.0460047,0.0626888,0.0620849,0.0897017
894.586,0.0374303,0.0410501,0.0451732,0.0339274,0.037124,0.0392085,0.0435053,0.0324567,0.0246987,0.0271145,0.0369421,0.0316181,0.0318962,0.0334309,0.040364,0.0416535,0.0441277,0.0571529,0.0828521
894.933,0.0399328,0.041108,0.0427779,0.0313611,0.0325354,0.0264609,0.0292593,0.0292408,0.0222684,0.0280989,0.0332397,0.0285996,0.0295263,0.0230145,0.032678,0.035588,0.0542333,0.0610909,0.0756059
895.28,0.0423107,0.0503427,0.0470277,0.0442083,0.0425133,0.0353439,0.0359722,0.038798,0.0387247,0.0328969,0.0326125,0.0371106,0.0261306,0.043632,0.0443163,0.0409313,0.0484562,0.0612344,0.0761274
895.626,0.0523305,0.053067,0.0500337,0.0461333,0.0542349,0.0470814,0.0494138,0.0394895,0.0550382,0.0513907,0.0348519,0.0359703,0.0349573,0.0403884,0.04274,0.0528057,0.0600409,0.0673023,0.088495
895.972,0.0403622,0.0426095,0.0444668,0.0432125,0.0382065,0.0361067,0.0313133,0.0296349,0.0366777,0.0336769,0.0308713,0.0233568,0.0342258,0.0285242,0.0410737,0.0450654,0.0518936,0.0682333,0.0829465
896.319,0.0451009,0.0239748,0.0266787,0.0309487,0.0288948,0.0218158,0.0197031,0.029879,0.0260899,0.031093,0.0270088,0.0229761,0.0134891,0.0265029,0.0282027,0.0357998,0.0397348,0.0518989,0.0657954
896.665,0.039588,0.0420337,0.0487212,0.0445886,0.0412702,0.0470972,0.0334264,0.0423132,0.0366152,0.0294361,0.0447481,0.0393247,0.0382195,0.0386247,0.0443577,0.0468638,0.0505661,0.0632666,0.0839461
897.011,0.0671097,0.0483304,0.0524084,0.0619257,0.0621616,0.0465481,0.0483923,0.0529284,0.045829,0.037409,0.0381004,0.0450009,0.0407599,0.0435732,0.0495767,0.0522921,0.0657631,0.0766303,0.0850854
897.356,0.0309768,0.0352153,0.0331929,0.0405461,0.0303376,0.0339472,0.0306008,0.0370282,0.024263,0.0294737,0.0324778,0.0295928,0.03012,0.0322487,0.0419756,0.0378763,0.0479606,0.0552568,0.0710655
897.702,0.0512637,0.0392451,0.0426033,0.046549,0.0397256,0.0326057,0.0394101,0.0341893,0.0325501,0.028288,0.0312661,0.0272221,0.0332885,0.0327443,0.0315468,0.0421493,0.0506776,0.0625456,0.0822981
898.048,0.0500999,0.0513228,0.0534509,0.0485715,0.0472197,0.0428837,0.0443561,0.0429059,0.0385709,0.0318409,0.0376683,0.0308427,0.0402035,0.0479782,0.0488039,0.0549598,0.0566496,0.0739127,0.0751624
898.393,0.0432541,0.0507269,0.0412414,0.048527,0.0454228,0.0366213,0.0396035,0.0422531,0.0325082,0.0363949,0.0311622,0.0380862,0.0320064,0.0324611,0.0488055,0.0474175,0.0531686,0.062869,0.080466
898.738,0.0470281,0.0362776,0.0376139,0.0434935,0.0564933,0.0469689,0.0418289,0.038814,0.0318774,0.0439113,0.0406276,0.0343493,0.0355036,0.0370396,0.0436347,0.0411291,0.0456721,0.0612458,0.0747845
899.084,0.0472966,0.0493176,0.0425165,0.0358404,0.0458674,0.0355158,0.0537593,0.0396363,0.0333702,0.0295557,0.0391454,0.0332096,0.0463522,0.0413227,0.0471811,0.0539268,0.0526456,0.0725974,0.0887497
899.429,0.0458628,0.0443425,0.0423103,0.0488982,0.0439842,0.038845,0.0386434,0.04173,0.0404212,0.0403314,0.0393603,0.0423333,0.0404162,0.0388763,0.0489224,0.047969,0.0509394,0.070001,0.0785503
899.774,0.0429273,0.0446143,0.0395331,0.043292,0.0415513,0.0291669,0.0419424,0.0370342,0.0329899,0.0291892,0.0315609,0.0385916,0.036366,0.0389679,0.0401717,0.037946,0.0636001,0.0523744,0.080569
900.119,0.0441498,0.0441979,0.0420021,0.0416887,0.0370108,0.041765,0.0333131,0.0303464,0.0309335,0.0351042,0.032733,0.0369611,0.0343577,0.0391355,0.0391494,0.0528209,0.0497797,0.0695306,0.0825502
900.463,0.0403069,0.0356694,0.0386364,0.0413456,0.033338,0.0454481,0.0415826,0.0256871,0.0274329,0.0337305,0.0268674,0.0343173,0.0327466,0.0372876,0.0345274,0.0426265,0.0413858,0.0641996,0.0809469
900.808,0.036467,0.0344522,0.0451292,0.0353795,0.0295241,0.0286711,0.0230881,0.0271083,0.0253486,0.0228984,0.0238367,0.0222897,0.0330273,0.0292167,0.0321265,0.0335102,0.042563,0.0537598,0.0608951
901.152,0.0465765,0.0370743,0.0405178,0.0237886,0.0367485,0.0314641,0.0258019,0.0221256,0.0284897,0.0280529,0.0310074,0.0228417,0.0328424,0.024577,0.0308197,0.0343879,0.0536989,0.0526195,0.0763543
901.497,0.0431092,0.0412974,0.0339511,0.0409911,0.0396435,0.0398732,0.0419354,0.0371722,0.0327573,0.0392155,0.0299713,0.0266719,0.0427548,0.0403186,0.0393074,0.0416271,0.0466,0.0626697,0.0815508
901.841,0.0648289,0.0603719,0.0593874,0.0502176,0.0509832,0.0576909,0.0562568,0.0532534,0.0494822,0.0473658,0.0505357,0.0481937,0.0484116,0.0436038,0.0585459,0.0601828,0.0645086,0.082831,0.0973739
902.185,0.0511027,0.0391587,0.0451693,0.050758,0.0363284,0.042079,0.0332189,0.0370813,0.0409628,0.0361183,0.0336457,0.0297467,0.027375,0.0339562,0.0384077,0.0513978,0.0520843,0.0706294,0.0811942
902.529,0.0382427,0.0312063,0.0317092,0.0358495,0.0335467,0.0283746,0.0250863,0.0319392,0.0270309,0.0350532,0.0257879,0.023665,0.0228409,0.019813,0.0278947,0.0389529,0.0459739,0.0453614,0.0662775
902.873,0.0448673,0.0329787,0.0351469,0.0368642,0.0351046,0.0476777,0.0363921,0.0338954,0.0349919,0.0382309,0.0235087,0.0253173,0.0289853,0.0339184,0.0372228,0.047835,0.0439924,0.07209,0.0851828
903.216,0.0513778,0.0512184,0.0405393,0.0517692,0.040627,0.0540201,0.0442367,0.040895,0.0376166,0.0437498,0.041158,0.0461257,0.0336881,0.0400659,0.039876,0.0416802,0.052139,0.068872,0.0804092
903.56,0.0463442,0.051213,0.0350673,0.0396787,0.0323169,0.034646,0.0445946,0.0394714,0.0401131,0.0267786,0.0272582,0.0234528,0.0483974,0.0291644,0.0455529,0.0461675,0.0526136,0.0632979,0.0781759
903.903,0.0472233,0.0421835,0.0477431,0.0448793,0.0334758,0.0347945,0.0257758,0.0315808,0.0377349,0.033843,0.0306062,0.0289958,0.0316792,0.0384055,0.0425273,0.0394124,0.0511422,0.0556123,0.0748966
904.247,0.0363418,0.0438856,0.0396857,0.0465352,0.0397018,0.0426731,0.0447762,0.0321306,0.0308079,0.0347818,0.0264598,0.0280407,0.0353569,0.0396983,0.0360481,0.0426996,0.0508331,0.065742,0.0714926
904.59,0.0507069,0.0490297,0.0463557,0.0443229,0.0508157,0.0428594,0.0351458,0.0425244,0.0362303,0.0507014,0.0448025,0.0327044,0.0459541,0.0359602,0.0375699,0.0478725,0.0542945,0.0673538,0.0773876
904.933,0.0496363,0.038923,0.0461469,0.0302968,0.0306492,0.0331421,0.0387224,0.0308936,0.0445463,0.0356507,0.035846,0.0379967,0.0328332,0.0343403,0.0364835,0.0408324,0.0468008,0.0645865,0.0901538
905.276,0.0366859,0.0460372,0.0425538,0.0372237,0.0389357,0.0364898,0.0430481,0.0242073,0.02625,0.0275324,0.0347362,0.0291687,0.0289546,0.0301267,0.0405112,0.0407178,0.0480536,0.0543913,0.0741227
905.619,0.0510356,0.0411098,0.0440069,0.0482489,0.0300819,0.0358432,0.0426831,0.0249521,0.0341411,0.0392135,0.0318797,0.0360974,0.0339748,0.0409638,0.0458903,0.0354421,0.0556168,0.0624213,0.0732206
905.961,0.0385543,0.0450022,0.0359087,0.0351275,0.0408257,0.0318899,0.0277752,0.0395267,0.032255,0.0346326,0.0205021,0.0366492,0.0350148,0.0365326,0.0419655,0.0451616,0.0360224,0.0607041,0.0827127
906.304,0.0454074,0.0441441,0.0427467,0.051868,0.050342,0.0430004,0.0421732,0.0384282,0.0268803,0.0336265,0.0322311,0.039384,0.0385171,0.0538409,0.0450918,0.0508048,0.0558653,0.0731989,0.0904545
906.646,0.0478681,0.0547165,0.0593388,0.051636,0.0595155,0.0588123,0.0415501,0.0577309,0.0355899,0.0417048,0.0458989,0.0486468,0.0492778,0.0449543,0.0476248,0.0518216,0.0621138,0.0634941,0.0933782
906.988,0.0357525,0.0415012,0.0331028,0.0310965,0.0278865,0.0235572,0.0235176,0.0290817,0.0260301,0.0264758,0.0205753,0.0262899,0.0179529,0.0164802,0.028321,0.0364449,0.0496268,0.0550719,0.0675995
907.331,0.045967,0.0416115,0.044015,0.0436468,0.0444085,0.0404483,0.0311369,0.0411764,0.0360154,0.0428648,0.0378495,0.0355142,0.0336247,0.0342978,0.0382277,0.0440992,0.0466498,0.0580823,0.0847343
907.673,0.0432028,0.0439835,0.0416494,0.0329412,0.0367453,0.0247092,0.0444254,0.032904,0.0291063,0.0433688,0.028626,0.0299561,0.0323623,0.0325989,0.0274681,0.0469605,0.0505346,0.0612666,0.0686692
908.015,0.0444255,0.0448397,0.0375032,0.032873,0.0486386,0.0303594,0.0395779,0.0369446,0.0235144,0.0286325,0.0306357,0.0292033,0.0372107,0.0312494,0.0335446,0.0437623,0.0570797,0.0636112,0.069967
908.356,0.0307509,0.0393244,0.0262705,0.0375022,0.0311375,0.0318157,0.0282159,0.0307684,0.0274397,0.0240009,0.0204144,0.0273264,0.0262579,0.0206301,0.0360857,0.0387169,0.0477593,0.0496217,0.0640575
908.698,0.0326366,0.0390171,0.0316346,0.0425356,0.0349444,0.0290606,0.0322794,0.0325967,0.0197283,0.0354318,0.0327852,0.0194195,0.0209792,0.029216,0.0380833,0.0365407,0.0474544,0.0624063,0.0775165
909.04,0.0305568,0.0397911,0.0420192,0.0328993,0.0405058,0.024018,0.0414379,0.0296146,0.0331503,0.0331295,0.0262078,0.0232248,0.028337,0.0238256,0.0354658,0.042149,0.0473445,0.060519,0.0775406
909.381,0.055443,0.037969,0.047758,0.0435264,0.0504399,0.0422904,0.0450046,0.0427243,0.043241,0.0385534,0.0303787,0.0354527,0.0376722,0.0516681,0.049464,0.0427951,0.0594571,0.0750836,0.0874669
909.722,0.0491615,0.039867,0.0349417,0.0409788,0.0410811,0.0458699,0.0195267,0.0283019,0.0337649,0.032337,0.0354303,0.0295587,0.0212667,0.0423343,0.0374305,0.0403043,0.0589274,0.0571089,0.0926726
910.063,0.0499018,0.0531886,0.0557772,0.0549678,0.0500598,0.041061,0.0416119,0.0399371,0.0381147,0.0378413,0.0387724,0.0296793,0.0359372,0.0431912,0.0440186,0.0441796,0.0712191,0.0599807,0.0895504
910.405,0.055164,0.0457708,0.056098,0.0475366,0.0366673,0.0452978,0.0314815,0.0429308,0.0489301,0.0361024,0.0397004,0.0336744,0.0324971,0.0383596,0.0480035,0.0465385,0.049029,0.0733471,0.085619
910.745,0.0360982,0.0416509,0.043122,0.0465925,0.0546056,0.0383827,0.0289294,0.0389373,0.0268576,0.0205502,0.0243375,0.0259574,0.0296279,0.0336247,0.0346286,0.0490655,0.0497275,0.066854,0.0734344
911.086,0.0488368,0.0281222,0.0272337,0.0406368,0.0418018,0.0291069,0.0338352,0.0216636,0.0265867,0.00953643,0.0355457,0.0233306,0.023128,0.0238965,0.0323726,0.0356944,0.0457719,0.0537378,0.0693378
911.427,0.0393804,0.0334179,0.0466707,0.0382457,0.0430733,0.0348452,0.0466675,0.0278344,0.0346465,0.0285548,0.0338293,0.0338348,0.0205351,0.0382653,0.0385936,0.0508718,0.0615933,0.0612369,0.0698832
911.767,0.0450128,0.0579263,0.0529053,0.0455244,0.049691,0.05066,0.0385291,0.0421334,0.0455486,0.0436527,0.0372345,0.0423598,0.0342805,0.0372586,0.0454245,0.0420934,0.0663043,0.0817438,0.0826463
912.108,0.0550818,0.0494938,0.0733876,0.042931,0.0492694,0.046395,0.0394408,0.0490598,0.0451543,0.0415613,0.0366751,0.0437682,0.0381109,0.0446023,0.0420212,0.0637357,0.0608873,0.074618,0.0956523
912.448,0.0338605,0.0316563,0.034873,0.0385188,0.0430585,0.0333813,0.0356367,0.0268273,0.0388739,0.0305827,0.0411871,0.0322895,0.0311523,0.0378338,0.0329497,0.0395652,0.052444,0.0607115,0.0761367
912.788,0.0402646,0.0475166,0.0424903,0.0473851,0.0513222,0.0342514,0.0442814,0.0405942,0.0406374,0.0373608,0.0375627,0.0361673,0.0399799,0.0388304,0.0365809,0.0531692,0.0501777,0.0721659,0.0881087
913.128,0.036962,0.0480569,0.0387243,0.0369732,0.0466102,0.0375496,0.0305489,0.0285358,0.0329268,0.0365256,0.0354307,0.0325457,0.0342269,0.0430441,0.0431411,0.0504925,0.058391,0.0761387,0.0845567
913.468,0.0454424,0.060394,0.0643165,0.0488999,0.0465838,0.044514,0.0541385,0.0512273,0.0424891,0.0347909,0.0394968,0.0419436,0.0359668,0.0420047,0.0494388,0.0519775,0.0623692,0.0817304,0.0947465
913.808,0.0364337,0.0391741,0.0357169,0.0333376,0.0339697,0.0323656,0.0365053,0.014938,0.0307099,0.0282989,0.0263238,0.0271231,0.0222229,0.0346433,0.037967,0.03675,0.0554663,0.0555951,0.0827318
914.148,0.0346949,0.0289888,0.0309897,0.0394052,0.0462402,0.0269787,0.0611372,0.0438333,0.033744,0.0354214,0.0356079,0.0341646,0.0283926,0.0230778,0.0388531,0.0362955,0.0454707,0.0440578,0.0763681
914.487,0.0446543,0.0453993,0.0267847,0.0398927,0.0315446,0.0371292,0.0392255,0.0260285,0.0393701,0.0342957,0.0222555,0.0320298,0.0380234,0.0342512,0.0334513,0.0362658,0.0567917,0.0651788,0.0872158
914.826,0.0513347,0.0441414,0.0462808,0.049009,0.0453067,0.0420511,0.0410345,0.0511749,0.0528407,0.0316199,0.0438156,0.0342173,0.0305618,0.0361751,0.033114,0.0555891,0.0548872,0.0622981,0.0761248
915.166,0.0454593,0.0329706,0.0312317,0.0432168,0.0283536,0.035494,0.0290348,0.0348291,0.0305799,0.0226299,0.0236146,0.0283508,0.0368936,0.0305485,0.0370275,0.0428277,0.0538505,0.0604719,0.0673261
915.505,0.035686,0.0325828,0.039343,0.0301529,0.0467428,0.0363846,0.0364012,0.0415378,0.0424443,0.0211424,0.0428964,0.0281873,0.0258837,0.0276431,0.0463165,0.0502669,0.05547,0.0705759,0.0752492
915.844,0.0549034,0.0543173,0.0406577,0.0423693,0.0542922,0.0487318,0.0372737,0.046271,0.0348418,0.0314385,0.0337451,0.039899,0.0358922,0.0388837,0.0335112,0.0389245,0.0618444,0.0632428,0.0750933
916.183,0.0549955,0.0428335,0.0442862,0.045161,0.0383999,0.040459,0.0416009,0.0371497,0.042843,0.0393728,0.0372007,0.0434436,0.0479572,0.0405175,0.0365478,0.0474588,0.0533823,0.0770646,0.0796435
916.522,0.0458192,0.0427401,0.0392717,0.0380764,0.0506305,0.0370578,0.0437702,0.0277775,0.0409075,0.0317724,0.0274651,0.0409007,0.035309,0.0360903,0.0418268,0.0519842,0.0461167,0.0651758,0.0678215
916.86,0.0382944,0.0404829,0.0548696,0.0509892,0.0443732,0.0546677,0.0445645,0.0345893,0.0431925,0.0320856,0.0266719,0.0436675,0.0300005,0.0495555,0.0404779,0.0498061,0.0589033,0.0657769,0.0906182
917.199,0.0586981,0.0433777,0.0495705,0.0476672,0.0509476,0.0539735,0.0475508,0.0408361,0.0477784,0.03425,0.0476376,0.0506558,0.0414622,0.0497434,0.0380677,0.0469732,0.0563725,0.0675187,0.0960704
917.537,0.0256546,0.041999,0.0440064,0.0241725,0.0445484,0.0201433,0.0273669,0.032589,0.0314798,0.0242678,0.0248906,0.0358388,0.0262108,0.0291732,0.0372346,0.0322878,0.0520189,0.0655958,0.074961
917.875,0.0469385,0.051252,0.0429625,0.044751,0.041163,0.0434545,0.0291894,0.0378372,0.0323763,0.0291894,0.0383688,0.0456494,0.04699,0.046013,0.046849,0.0472498,0.0530511,0.0628644,0.0696936
918.213,0.0371585,0.0433421,0.0485829,0.0397376,0.0384854,0.0414581,0.041452,0.0357,0.0254551,0.0415231,0.0338294,0.0284715,0.0458997,0.0449838,0.0428693,0.0546818,0.0562383,0.058867,0.0794678
918.551,0.0428171,0.0525867,0.0453679,0.0410042,0.0366952,0.0359778,0.0417735,0.0344335,0.0552221,0.0307441,0.0416728,0.0411932,0.0394665,0.0483918,0.0391194,0.0393531,0.0570569,0.061064,0.085013
918.889,0.0377211,0.0548,0.0574671,0.0334964,0.0490926,0.051023,0.0311846,0.0361827,0.0395773,0.0361871,0.0234644,0.0381686,0.0323931,0.0368839,0.0384594,0.0439637,0.0551954,0.0688286,0.0795825
919.227,0.0403185,0.0264156,0.0389395,0.0452832,0.0238945,0.0408297,0.0327111,0.0238989,0.0370906,0.0335327,0.0254332,0.0405085,0.0237489,0.0322778,0.0355506,0.0442576,0.0442769,0.0590531,0.0605749
919.565,0.0314784,0.0375329,0.0429285,0.0470786,0.0421126,0.042736,0.0425529,0.0494299,0.0455619,0.0213168,0.0366908,0.0360798,0.0367231,0.0385336,0.0515636,0.0436705,0.0577503,0.0570457,0.0781621
919.902,0.0369321,0.0491942,0.042252,0.0537784,0.0401121,0.0442118,0.036406,0.0357763,0.0408888,0.038523,0.038631,0.0301688,0.0363198,0.0419084,0.0440943,0.0433347,0.0638341,0.0595078,0.0790618
920.24,0.0518767,0.0538994,0.0334295,0.0506131,0.0440591,0.0501509,0.0480567,0.03889,0.0403864,0.0322263,0.0430353,0.0392189,0.0406211,0.0417009,0.0395626,0.0516192,0.0608287,0.0686539,0.0835796
920.577,0.0501179,0.0383304,0.0376626,0.0515336,0.0368091,0.0393395,0.0240109,0.0272857,0.0281129,0.0389529,0.0259329,0.0267262,0.0348658,0.0233532,0.0317696,0.0404734,0.0472345,0.0661758,0.0836321
920.914,0.0337226,0.0440158,0.0463954,0.0385235,0.0368496,0.0281775,0.0254832,0.0260554,0.0350109,0.0275641,0.0153083,0.0300672,0.0306314,0.0288563,0.0268296,0.034853,0.0479448,0.0536337,0.0572556
921.251,0.0511493,0.0450711,0.0424911,0.0373721,0.0388693,0.0427966,0.0443554,0.0435641,0.0351163,0.0277938,0.0230056,0.0343785,0.0548986,0.0308748,0.051332,0.0376993,0.0511867,0.0574372,0.0904097
921.588,0.0500995,0.0333372,0.0394946,0.0424943,0.0311404,0.0323394,0.0312722,0.0370298,0.0252316,0.0325526,0.0284179,0.027175,0.0364824,0.0357291,0.0419439,0.0526372,0.0508321,0.0602192,0.077727
921.924,0.0501381,0.0635756,0.0556829,0.0565689,0.0489592,0.0488164,0.0445312,0.044898,0.0495793,0.0493915,0.0479552,0.0434161,0.0490116,0.0444406,0.0457198,0.0578156,0.0605487,0.0756643,0.0983686
922.261,0.0420398,0.0293707,0.026337,0.0473733,0.0291218,0.0343522,0.0358913,0.0271266,0.0254836,0.0173273,0.0214381,0.0442838,0.0257112,0.0436378,0.0238334,0.0390416,0.0411999,0.0549068,0.0716222
922.598,0.0482967,0.0417485,0.0501898,0.0395741,0.042118,0.0363238,0.0403785,0.0407387,0.034395,0.0434278,0.0417485,0.03102,0.0458833,0.0507052,0.0490544,0.0492528,0.0584784,0.0556144,0.0738781
922.934,0.046322,0.0327281,0.0462851,0.0366535,0.0316931,0.0336212,0.0324179,0.0319913,0.0242181,0.0285715,0.0242679,0.0211948,0.0374918,0.0184282,0.031104,0.0441526,0.0435187,0.072622,0.0749288
923.27,0.0351987,0.0371157,0.0341595,0.0223895,0.0338975,0.0190041,0.0235351,0.0273039,0.0196173,0.0225419,0.0222986,0.0227888,0.0343166,0.0187893,0.0298706,0.0306236,0.0496162,0.0515957,0.0598365
923.606,0.0214323,0.0322098,0.033873,0.0257672,0.0204193,0.024413,0.0219369,0.027594,0.0342872,0.0219157,0.0133255,0.0229738,0.0213443,0.0086336,0.0315271,0.0400816,0.041151,0.0567565,0.0701068
923.942,0.0250683,0.0357254,0.0421193,0.0385959,0.0246703,0.026413,0.0240711,0.0352206,0.0273253,0.026439,0.0323651,0.0227424,0.0258164,0.0396321,0.0271543,0.0344205,0.0469254,0.0692816,0.0828259
924.278,0.0375544,0.04436,0.0452839,0.0554087,0.0359809,0.0417416,0.0330201,0.0357785,0.0242684,0.0290611,0.0391623,0.0267904,0.0313877,0.0289888,0.0288866,0.0448017,0.0448729,0.0633083,0.0770276
924.614,0.0431782,0.0547566,0.0635009,0.041732,0.0533229,0.0456198,0.0441798,0.0390955,0.039033,0.0420871,0.0301531,0.030975,0.0399023,0.0474297,0.0394158,0.0557354,0.0528763,0.0683108,0.0717467
924.949,0.04638,0.0601243,0.0486275,0.0495846,0.0496886,0.0405088,0.037611,0.0344914,0.0408684,0.0329298,0.0321537,0.0420586,0.0404453,0.0296187,0.0383843,0.0482931,0.06375,0.0599184,0.0872955
925.285,0.0521267,0.0534294,0.0327538,0.0254235,0.0342995,0.025523,0.0204734,0.020962,0.0238603,0.0279838,0.0294674,0.0228034,0.0323108,0.0264549,0.0438804,0.0173105,0.046985,0.0650322,0.0728058
925.62,0.0627805,0.0579989,0.0485149,0.0516826,0.0449745,0.0517835,0.0397296,0.0387119,0.043757,0.0345223,0.0308426,0.0467771,0.0545663,0.0563136,0.054788,0.0557311,0.0586563,0.0847731,0.106298
925.955,0.0334562,0.0255242,0.0234291,0.0362154,0.0123507,0.0276912,0.0250239,0.0188479,0.0170275,0.0240545,0.0210809,0.0291333,0.026711,0.0318129,0.0290009,0.0255365,0.0345604,0.0601988,0.0583317
926.29,0.0451003,0.0538655,0.0431847,0.0458027,0.0528139,0.0431095,0.0411721,0.0459287,0.0374112,0.0226516,0.0440338,0.0281192,0.0398997,0.0457209,0.0342081,0.0589499,0.0648763,0.0714431,0.0826119
926.625,0.061559,0.0403969,0.0368392,0.0454289,0.0566156,0.0525931,0.0427501,0.0403823,0.035462,0.0391138,0.0350181,0.0455487,0.0357579,0.0569793,0.0398262,0.0587161,0.0605158,0.0611543,0.0764503
926.96,0.0504798,0.0510398,0.0390985,0.0273171,0.0423249,0.04348,0.0386633,0.0190429,0.0287372,0.0335168,0.025716,0.0417194,0.0349561,0.0567705,0.035174,0.0473639,0.0522617,0.059343,0.0781653
927.295,0.0484525,0.0521966,0.0512174,0.0523402,0.0390194,0.0538692,0.0339699,0.0203687,0.0323407,0.0378853,0.0475009,0.0379897,0.0297443,0.0486173,0.0411368,0.0538663,0.0409817,0.0555554,0.081004
927.629,0.0444052,0.0310784,0.040454,0.040454,0.0410702,0.0467052,0.0343201,0.0307123,0.0307512,0.0245338,0.0348562,0.032793,0.0364831,0.0333674,0.0402206,0.0441759,0.0443221,0.0617862,0.0748028
927.964,0.0144579,0.0292296,0.0461561,0.0422279,0.0256287,0.0421572,0.0205374,0.0334934,0.0289401,0.0350518,0.0171038,0.0330195,0.0246788,0.0421398,0.0316188,0.0396963,0.0499003,0.0569952,0.0625528
928.298,0.0390631,0.0469362,0.0568012,0.0463774,0.04982,0.0557616,0.030596,0.0483735,0.0444957,0.0397493,0.0397762,0.0500427,0.0440531,0.0452849,0.0524398,0.0505444,0.0667722,0.0680856,0.0852803
928.632,0.0454782,0.0436805,0.034666,0.0397807,0.0565356,0.0355071,0.0487759,0.0479203,0.0386479,0.0437981,0.0251643,0.0363687,0.0398876,0.0245808,0.0470116,0.0544517,0.0607596,0.06989,0.0843361
928.967,0.0355195,0.0331578,0.0532994,0.0403966,0.0341528,0.0434878,0.0173202,0.0372826,0.0542116,0.0188026,0.0344133,0.0479343,0.0301476,0.0331684,0.0361254,0.0361527,0.0552921,0.0500407,0.070432
929.3,0.0286868,0.0155692,0.0300407,0.02285,0.0206347,0.0170106,0.0199252,0.0259434,0.0174395,0.00617612,0.0109227,0.0253981,0.025411,0.0154638,0.038117,0.032195,0.0331043,0.0440201,0.0625763
929.634,0.0356903,0.0353961,0.0369491,0.0360739,0.0456544,0.0344081,0.0442583,0.0243391,0.0158984,0.0230593,0.0324681,0.0260206,0.0319787,0.0342935,0.0322455,0.0387231,0.0341802,0.0597289,0.0775761
929.968,0.0410458,0.0321225,0.0408196,0.0270014,0.023191,0.0279985,0.0259244,0.0363903,0.0281512,0.0232071,0.0247605,0.0252599,0.0363091,0.0495131,0.0333228,0.0335653,0.047572,0.0444053,0.0877621
930.302,0.0353944,0.031284,0.0320398,0.0403917,0.0402479,0.0108602,0.0306457,0.0344306,0.0218434,0.0343983,0.0194914,0.0223514,0.0307588,0.0442197,0.0265631,0.0361449,0.0494806,0.0496491,0.0818759
930.635,0.0455414,0.0353494,0.0528703,0.0489286,0.0268094,0.0392898,0.037844,0.0429972,0.0295552,0.0389054,0.0191871,0.0398414,0.0460188,0.042722,0.0327693,0.063353,0.0659139,0.0643637,0.0843143
930.968,0.0568393,0.0440757,0.0497046,0.042031,0.0427727,0.0500102,0.0513635,0.0401597,0.0401375,0.030787,0.0263754,0.0404932,0.0582765,0.035796,0.0504039,0.0432808,0.0726627,0.0729819,0.0814224
931.301,0.0537662,0.0412117,0.0453638,0.0434361,0.0428066,0.0450036,0.0461695,0.0352616,0.0395242,0.0340123,0.033515,0.0400098,0.0473995,0.0351936,0.0460382,0.0486177,0.0662116,0.0687102,0.0775876
931.634,0.0506638,0.038261,0.0411535,0.0443946,0.042599,0.0397448,0.0405545,0.0297355,0.0386414,0.0371171,0.0410473,0.0392684,0.0358118,0.0345792,0.0415322,0.0539354,0.0594969,0.0644207,0.0733235
931.967,0.0594851,0.0543971,0.040001,0.0468569,0.0605686,0.0553727,0.0317086,0.0422979,0.0426721,0.0433164,0.0442161,0.0331716,0.0372033,0.0531245,0.0491666,0.0525371,0.0652171,0.0715606,0.0880374
932.3,0.0296522,0.0409571,0.0367008,0.0314205,0.0329142,0.0215232,0.0424095,0.0295644,0.0243102,0.0321461,0.0319944,0.0325917,0.0204389,0.0338663,0.0489245,0.0366819,0.0554322,0.0651586,0.0823361
932.633,0.0340156,0.0360979,0.037261,0.0327429,0.0428609,0.0384449,0.0455592,0.0201544,0.0281754,0.0360857,0.0184452,0.021249,0.0305378,0.0203085,0.0370933,0.0405781,0.0493741,0.0610782,0.0609085
932.965,0.0451314,0.0330461,0.0535855,0.0456544,0.0367694,0.0294921,0.0277003,0.0228981,0.0211494,0.0272431,0.0291767,0.0302193,0.0340237,0.0418775,0.0168229,0.0489624,0.0398145,0.0407409,0.0756921
933.298,0.0473869,0.0547391,0.0436584,0.0474933,0.0416813,0.0444235,0.0580225,0.031904,0.0475564,0.0430497,0.0321496,0.0461376,0.0452968,0.0358225,0.0409426,0.0402434,0.0592534,0.0656462,0.0862343
933.63,0.0313694,0.045411,0.0401235,0.0471391,0.0640408,0.0351688,0.0344088,0.0394057,0.0437968,0.0143633,0.0452755,0.0390708,0.0188879,0.0356551,0.0432424,0.0435601,0.0565651,0.0581611,0.073011
933.962,0.0421453,0.0391052,0.0345856,0.0369638,0.0273138,0.0288648,0.0196244,0.0215148,0.0221539,0.018965,0.0274319,0.0251076,0.0375384,0.0133432,0.0383252,0.0342675,0.0461434,0.0525859,0.0787334
934.294,0.0406047,0.0467151,0.0425056,0.0271015,0.0355928,0.0432005,0.0309281,0.0317995,0.0390689,0.0293087,0.0305635,0.0323759,0.0258571,0.0299131,0.025494,0.0396274,0.0439934,0.0658595,0.0737803
934.626,0.0465079,0.0560896,0.0469392,0.0557945,0.040748,0.0399827,0.0437659,0.0417943,0.0449953,0.0370322,0.0443148,0.0382916,0.0496667,0.0437244,0.0436934,0.041739,0.0531135,0.0829482,0.0883818
934.958,0.0387155,0.0279851,0.0242052,0.0323332,0.0408427,0.0443194,0.0349415,0.028068,0.0215135,0.0165774,0.032748,0.0284906,0.030895,0.0344072,0.0415778,0.0276038,0.0467706,0.0587681,0.0678964
935.29,0.0428176,0.0371906,0.0407826,0.0348677,0.0422218,0.0579482,0.0408672,0.0230999,0.0343533,0.0282206,0.0284722,0.0315728,0.0523789,0.0409884,0.0407806,0.0416944,0.0440869,0.0616363,0.0859987
935.621,0.0505527,0.0634841,0.0561327,0.0561567,0.0358955,0.0480051,0.0550494,0.060874,0.0361714,0.0436192,0.0309626,0.0474836,0.0320791,0.0477511,0.0687153,0.0432613,0.0593745,0.070011,0.0852794
935.953,0.0528563,0.0287346,0.022924,0.0522054,0.0170583,0.042072,0.0266165,0.0345845,0.0201307,0.0204023,0.0229552,0.0369837,0.0184766,0.0345242,0.0260427,0.0419899,0.0478909,0.0606719,0.0728819
936.284,0.0368131,0.0489909,0.0400736,0.0436332,0.0488691,0.0483725,0.0326911,0.0418469,0.0340073,0.0400632,0.0359739,0.0460823,0.0195245,0.0340823,0.0423482,0.041172,0.0544171,0.0677106,0.087163
936.615,0.0507079,0.0499791,0.0501482,0.0308981,0.0272251,0.0458215,0.0386557,0.022498,0.0427324,0.0343774,0.0469518,0.0224581,0.0357492,0.0466529,0.051572,0.0481298,0.0491077,0.0585685,0.0813369
936.946,0.0493896,0.0342675,0.0546317,0.0557602,0.055358,0.0418796,0.0343622,0.0430703,0.0307468,0.0375273,0.0382111,0.044946,0.045131,0.0468576,0.0545799,0.0411498,0.0633439,0.0700013,0.0766144
937.277,0.047574,0.0572581,0.040404,0.0339423,0.0428187,0.0250248,0.0373862,0.0380536,0.0367841,0.0284316,0.0228252,0.0319032,0.0271276,0.0295256,0.0414717,0.0475553,0.0478582,0.054998,0.0833395
937.608,0.0206027,0.0310791,0.0374884,0.023015,0.0396825,0.0266891,0.0171287,0.0241269,0.0217316,0.0095875,-0.00931008,0.0230822,0.0241293,0.0192246,0.012216,0.0403064,0.0656939,0.0458664,0.0700316
937.938,0.0327918,0.0466183,0.0360767,0.0252255,0.0192295,0.0470561,0.0274489,0.0318043,0.0417399,0.0175582,0.0244466,0.026779,0.0358112,0.0276535,0.0184546,0.0415053,0.0471963,0.0502375,0.0594318
938.269,0.0580064,0.0490926,0.0464509,0.0560019,0.0473905,0.0443208,0.0380483,0.0238556,0.0338777,0.0321605,0.0465428,0.0358467,0.0381361,0.034958,0.0517036,0.0543431,0.0475456,0.0655513,0.0861297
938.599,0.0534685,0.0570943,0.0476259,0.0575806,0.0458284,0.0548396,0.0325035,0.0432206,0.0353752,0.0345554,0.0403393,0.0531196,0.0355204,0.057624,0.0286737,0.0483136,0.0682091,0.0777763,0.0826162
938.929,0.021333,0.0174563,0.0182104,0.0266618,0.0224032,0.0215758,0.0378881,0.0134715,0.0071067,0.0179666,0.0188866,0.0249155,0.000870283,0.0151035,0.0226436,0.0317435,0.0362038,0.0492028,0.0508653
939.26,0.048987,0.037102,0.041749,0.0450384,0.0423201,0.0370644,0.0449816,0.0416937,0.0314436,0.0373061,0.0542152,0.0375624,0.0335345,0.0358251,0.0402332,0.049439,0.0587924,0.071515,0.0802698
939.59,0.0531666,0.0449836,0.0281919,0.0187384,0.0367793,0.0260499,0.0301291,0.0230675,0.0196881,0.0216269,0.0185035,0.0195956,0.0201873,0.0293628,0.037377,0.0397724,0.0487057,0.0611554,0.0782437
939.919,0.0382615,0.0343902,0.0323921,0.0158417,0.018819,0.00553917,0.0152108,0.0431716,0.0152014,0.0178865,0.013852,0.00554375,0.0196058,0.0321969,0.023059,0.0295954,0.0275596,0.059663,0.056075
940.249,0.0469355,0.0544034,0.0276297,0.0266619,0.0444183,0.0159987,0.0155382,0.0354807,0.0204245,0.0229658,0.028387,0.0319681,0.0267311,0.0425189,0.0402232,0.0337579,0.0438979,0.0706145,0.0818971
940.579,0.0413931,0.0403075,0.0321127,0.0299321,0.0363897,0.0311092,0.0328561,0.0215731,0.0194323,0.0185189,0.0266428,0.0225725,0.0142627,0.0327035,0.0241734,0.0222464,0.0464443,0.0579226,0.0673499
940.908,0.0382602,0.0518927,0.0370259,0.03183,0.0290817,0.0498723,0.0279767,0.0319295,0.020711,0.0457015,0.0192057,0.0386347,0.0372463,0.0415429,0.0508573,0.0448634,0.0423515,0.0636764,0.0620018
941.238,0.0433119,0.0279721,0.0271286,0.0485786,0.0270448,0.0219699,0.0266325,0.0221114,0.0322806,0.0282468,0.0183122,0.0334938,0.0222234,0.0281998,0.0259477,0.0209924,0.0446562,0.0528957,0.0722404
941.567,0.0761127,0.0552228,0.0589589,0.059617,0.0562029,0.0553855,0.0553004,0.0543135,0.0454442,0.049138,0.055346,0.0357965,0.0491894,0.044275,0.072238,0.0522728,0.0624053,0.0931466,0.106328
941.896,0.0554027,0.0467178,0.0418691,0.0443405,0.0438023,0.044829,0.0365313,0.0408481,0.0497385,0.0296007,0.0208359,0.044829,0.0458908,0.0461265,0.0338899,0.0528693,0.0684474,0.0683604,0.0868456
942.225,0.044811,0.0643418,0.0337347,0.0671516,0.0674103,0.0418427,0.0563077,0.0518264,0.0462149,0.0572251,0.0466758,0.0475139,0.0429654,0.0371426,0.0496751,0.0441832,0.0621924,0.0693373,0.0887549
942.554,0.0458576,0.0556112,0.0617788,0.0391413,0.0559991,0.0393004,0.045496,0.0426507,0.0243144,0.045551,0.0430483,0.0380119,0.0393337,0.032113,0.0502255,0.0664735,0.0642089,0.0665958,0.0878292
942.883,0.0368487,0.0485838,0.0350704,0.0475025,0.0267258,0.0396004,0.0380131,0.0358827,0.0305209,0.0230869,0.039002,0.0159262,0.0299978,0.037568,0.0321705,0.0425876,0.0536459,0.067546,0.0798121
943.211,0.0474305,0.0309228,0.0378298,0.0433689,0.03273,0.0360503,0.016491,0.0331205,0.0234815,0.0349772,0.0289408,0.0500413,0.0277679,0.0267394,0.0448429,0.049519,0.0569504,0.0473422,0.0738095
943.54,0.0345594,0.0438675,0.0360845,0.0395063,0.0315689,0.0114796,0.029727,0.0278956,0.0136472,0.0369941,0.0283215,0.0369609,0.0167575,0.0280564,0.0427418,0.0340498,0.0525743,0.0598423,0.0640716
943.868,0.0362898,0.0420477,0.0306756,0.0305252,0.0249796,0.0350191,0.0352888,0.0126301,0.03454,0.0106188,0.0364109,0.0285166,0.0235659,0.0208275,0.0284283,0.0399757,0.0371215,0.0596114,0.062342
944.196,0.0394675,0.034901,0.0517141,0.0455845,0.0399182,0.0246193,0.0418245,0.0289712,0.0295448,0.0215943,0.0341255,0.0405666,0.045719,0.0227973,0.0273267,0.0389956,0.0536908,0.0637592,0.054537
944.524,0.0499039,0.0184843,0.035216,0.0445975,0.0326103,0.0528225,0.0384092,0.0376739,0.0271481,0.0382776,0.0345318,0.0376871,0.0367425,0.0317926,0.046391,0.0404485,0.0634996,0.0778605,0.0931397
944.852,0.0356767,0.038421,0.0549705,0.0483743,0.045785,0.0411185,0.0354869,0.0439372,0.0366541,0.0514727,0.0403232,0.0477794,0.0473229,0.0439097,0.0559894,0.034977,0.0450907,0.0769376,0.0850022
945.18,0.0398223,0.0171119,0.0500553,0.0398186,0.0326519,0.0426964,0.0382187,0.0356038,0.033744,0.0436159,0.0396195,0.0471554,0.0200328,0.0454489,0.0420083,0.0440811,0.0508134,0.0570681,0.0696939
945.508,0.0499861,0.064099,0.0458454,0.0621985,0.0628393,0.0437999,0.0511034,0.0442246,0.0358844,0.0456938,0.0321733,0.0412761,0.0293136,0.0452367,0.0352638,0.0621707,0.0589501,0.0624062,0.0953934
945.835,0.0534277,0.0377451,0.0409196,0.0362213,0.0266646,0.0353192,0.0417505,0.0323333,0.0290107,0.0428663,0.0314992,0.022138,0.0427937,0.0440513,0.0248825,0.0372772,0.0659103,0.060572,0.0738834
946.163,0.0475021,0.0497864,0.0548481,0.0623463,0.0486738,0.0462469,0.0389382,0.0534198,0.0244695,0.0485618,0.0366398,0.0353932,0.0490141,0.0464555,0.0507133,0.0454115,0.0625488,0.0747752,0.0980495
946.49,0.034159,0.0284185,0.0153622,0.0342873,0.0402616,0.0515328,0.0305271,0.0160429,0.0170328,0.0406793,0.0330798,0.0211351,0.0434912,0.0482636,0.0332939,0.0332933,0.0403997,0.0490041,0.0761163
946.817,0.041207,0.0227345,0.035757,0.0145612,0.0281,0.0335878,0.038956,0.0363297,0.0427508,0.0286671,0.0220808,0.0269343,0.0144114,0.0239497,0.0401795,0.0363274,0.0404593,0.0563078,0.0679278
947.144,0.0556577,0.060206,0.0667465,0.0588892,0.0460055,0.0562424,0.0567386,0.0396509,0.0698929,0.0567913,0.0284465,0.0351236,0.0387093,0.0563218,0.0565282,0.0527842,0.0738807,0.0789041,0.0853679
947.471,0.0474221,0.044393,0.0448688,0.0370867,0.0543406,0.0345877,0.0487469,0.0481223,0.0280093,0.0318272,0.0328826,0.0524352,0.0332039,0.0400533,0.060204,0.0544616,0.0599328,0.0725289,0.0969008
947.798,0.0610253,0.0616339,0.0641394,0.0479977,0.0717387,0.058107,0.0546884,0.0509327,0.0505156,0.0384097,0.0479538,0.0522754,0.0470738,0.0432767,0.0575347,0.0786609,0.0678457,0.0729567,0.0911938
948.125,0.0757877,0.061209,0.0627227,0.0476615,0.0412654,0.0417095,0.0569354,0.0543954,0.0369465,0.0359066,0.057514,0.0275378,0.0479964,0.0344985,0.0625735,0.0436009,0.0684819,0.0757065,0.0967752
948.451,0.0588847,0.0443533,0.0520279,0.0539009,0.0467566,0.0433805,0.0484792,0.0423265,0.0495718,0.0548344,0.0588829,0.0448178,0.0490731,0.0479802,0.056085,0.0463354,0.0633222,0.0829105,0.0824991
948.778,0.0438822,0.0760674,0.0390773,0.0479918,0.0456404,0.0462201,0.0414217,0.0299318,0.0398973,0.0397332,0.039574,0.0440266,0.0327304,0.0493329,0.0390225,0.039903,0.0603204,0.0535631,0.10301
949.104,0.0182441,0.0382979,0.0267905,0.0412524,0.0253119,0.0247601,0.0239602,0.0198736,0.0221565,0.0241735,0.0165761,0.0126204,0.00438211,0.0176477,0.0167894,0.0232814,0.0474085,0.0459699,0.0569529
949.43,0.0282755,0.0642742,0.0668058,0.0442362,0.062299,-0.170702,-0.185549,-0.1921,-0.201266,-0.188923,-0.178744,-0.17897,-0.188145,-0.181203,-0.165517,-0.166076,-0.138308,-0.145451,-0.127665
949.756,0.0387464,0.0580352,0.0348846,0.0508568,0.0207831,0.0389931,0.0281635,0.0300395,0.0232914,0.0290316,0.0363879,0.0367157,0.0280256,0.0165578,0.0549807,0.0258822,0.0635713,0.0880155,0.0890462
950.082,0.0256354,0.0188518,0.0317536,0.0263932,0.0196897,0.0130735,0.0162975,0.0233649,0.0273885,0.0324617,0.0171624,0.0174334,0.00991779,0.0333447,0.0355474,0.0368203,0.0408161,0.0440171,0.0737365
950.408,0.0608236,0.0442657,0.0468451,0.0690977,0.0362666,0.0450818,0.0443658,0.067848,0.0546183,0.0448793,0.0671313,0.0326256,0.0531678,0.0436201,0.0533537,0.0411895,0.058178,0.0900729,0.102017
950.734,0.0680169,0.0734812,0.0545147,0.0480806,0.0480196,0.059116,0.0589712,0.0485294,0.0463452,0.0429846,0.0570173,0.0600822,0.0778132,0.03277,0.0591453,0.0579139,0.075397,0.0790486,0.0924964
951.059,0.0372669,0.0347485,0.0349364,0.0315156,0.0175037,0.0509408,0.0185792,0.0228289,0.0228299,0.0371557,0.0291471,0.00920058,0.0421133,0.0541956,0.0171934,0.0298774,0.0461592,0.064762,0.064926
951.385,0.0317867,0.0553748,0.0178644,0.0476789,0.040664,0.0441728,0.0552749,0.0367072,0.0332988,0.0246261,0.0331583,0.0349342,0.0413423,0.0384683,0.0319362,0.057959,0.0608016,0.0622661,0.0810387
951.71,0.0472181,0.0492151,0.045835,0.0406987,0.0423837,0.0586411,0.0452111,0.0257828,0.0287771,0.0317207,0.0467334,0.0426486,0.0315941,0.0340719,0.0465543,0.0417791,0.066007,0.0835871,0.0856937
952.035,0.0513994,0.0450086,0.0351466,0.0280149,0.0443719,0.0252645,0.0292006,0.0398906,0.0212478,0.0297607,0.0434006,0.0445984,0.0324336,0.0245839,0.0433762,0.0662096,0.0447653,0.0742871,0.0892066
952.36,0.0129817,0.0445833,0.0350789,0.0286882,0.0470066,0.0439166,0.0328791,0.0230016,0.0282756,0.0203798,0.0437663,0.0469583,0.00889699,0.0336192,0.0132709,0.0347873,0.0402303,0.0628546,0.0712214
952.685,0.0550251,0.0520593,0.0266619,0.0231715,0.0399965,0.0339599,0.0252781,0.0413416,0.0359845,0.0371091,0.0234119,0.0343001,0.0348502,0.0385994,0.0286482,0.027185,0.0590854,0.048659,0.0693211
953.01,0.0371544,0.0806754,0.0661055,0.0314543,0.0387414,0.0414541,0.0510551,0.0256672,0.0398252,0.0309506,0.0320305,0.0454374,0.0452908,0.0246113,0.0398825,0.0411811,0.0521981,0.0638213,0.0875628
953.335,0.0376238,0.0565314,0.0559592,0.0238461,0.0251441,0.0467812,0.023287,0.0358271,0.0520027,0.0427732,0.0263025,0.0326919,0.0402254,0.0350412,0.0338295,0.0642411,0.0590769,0.0675084,0.0810133
953.659,0.0635061,0.0506342,0.0637503,0.051832,0.0588672,0.0335598,0.0514279,0.0432118,0.0373345,0.0304557,0.0491792,0.0386549,0.0463803,0.0467857,0.055083,0.0584327,0.0507984,0.0656159,0.0873174
953.984,0.05379,0.0571466,0.0540592,0.0492267,0.0471895,0.0490709,0.047182,0.0402648,0.0429547,0.0255973,0.037489,0.0438551,0.0460027,0.0465226,0.0398428,0.0612269,0.0625862,0.0583344,0.0959418
954.308,0.0835222,0.0615682,0.0405668,0.0494646,0.0574816,0.04869,0.0434529,0.0440123,0.0506267,0.0315381,0.0567052,0.0358285,0.0543946,0.049507,0.0444432,0.0566277,0.0523736,0.0640598,0.0729679
954.632,0.061819,0.0479778,0.0725649,0.0508965,0.0680941,0.054043,0.0525043,0.0434597,0.0383158,0.0375724,0.0425373,0.0686639,0.0441838,0.0455556,0.0486669,0.0817398,0.0819153,0.0881995,0.0820444
954.956,0.0382856,0.0275368,0.0441757,0.0218661,0.0415358,0.0443496,0.0330082,0.029936,0.0220016,0.0359306,0.029493,0.0488663,0.0137575,0.0329099,0.0247424,0.0377305,0.0519486,0.0563992,0.0906259
955.28,0.032246,0.0683869,0.0428373,0.0406098,0.0383054,0.0241377,0.0378231,0.0313957,0.0263921,0.0322799,0.0422409,0.0298102,0.0218891,0.0364056,0.0322086,0.0354692,0.0334134,0.0561007,0.0684828
955.604,0.030231,0.0412771,0.0312808,0.0399095,0.0374922,0.0353403,0.0229968,0.0466613,0.0360643,0.041736,0.0387582,0.0524635,0.0207266,0.0356306,0.0488913,0.053141,0.0456925,0.0699808,0.0701264
955.927,0.0433508,0.035167,0.0527338,0.0533704,0.0410547,0.0479584,0.0477155,0.0381715,0.0360482,0.0459798,0.010164,0.0529896,0.0545947,0.0443577,0.0458431,0.053513,0.0423904,0.0674722,0.069512
956.251,0.0349092,0.041087,0.0460016,0.0446397,0.0365107,0.0440085,0.0502122,0.0173077,0.029638,0.0512189,0.0257554,0.0382215,0.0469829,0.0464999,0.0566145,0.0415828,0.0459153,0.0878083,0.104365
956.574,0.0438695,0.0490211,0.0582973,0.0527113,0.034453,0.0454906,0.0246685,0.0364911,0.0509835,0.00543762,0.0300536,0.0309408,0.0267704,0.0392621,0.0310691,0.0271732,0.056878,0.0751006,0.0717904
956.897,0.0528036,0.0426129,0.03762,0.0420675,0.0804646,0.0454846,0.032842,0.0312007,0.0415944,0.0454396,0.0414639,0.0389233,0.0431692,0.0384427,0.0454102,0.0360924,0.0776108,0.0692648,0.0994257
957.22,0.0472193,0.0280937,0.0431965,0.0352787,0.0313544,0.0398565,0.0495972,0.0523653,0.0533556,0.0470572,0.0373109,0.0321561,0.0206382,0.0414925,0.0565154,0.0446585,0.0764029,0.0793941,0.103701
957.543,0.0296342,0.0333493,0.0230594,0.0347164,0.0123214,0.022853,0.0349142,0.0196295,0.0198726,0.033186,0.00632196,0.0235751,0.0320404,0.0343371,0.0217256,0.0126695,0.0415556,0.0449007,0.0695459
957.866,0.0419356,0.0471067,0.0683289,0.0452766,0.0240439,0.0377236,0.0363544,0.0419708,0.0496458,0.021702,0.0229967,0.0389915,0.0534927,0.019559,0.0469997,0.0463473,0.0584538,0.067158,0.0760041
958.189,0.0222451,0.0294763,0.0180605,0.0178746,0.048312,0.029731,0.0221562,0.0331266,0.0174166,0.0300119,0.019577,0.0246391,0.0253517,0.0373156,0.033168,0.0400276,0.0432048,0.0502342,0.0845703
958.512,0.0444235,0.055684,0.0337756,0.0517111,0.0317434,0.0388333,0.0631823,0.061343,0.0419731,0.0465495,0.0332621,0.0447913,0.0393777,0.0437309,0.043753,0.0383574,0.0555225,0.0683286,0.0825011
958.834,0.0482576,0.070441,0.0465419,0.0432392,0.0308289,0.0424395,0.0420364,0.0455499,0.0403092,0.030511,0.0281521,0.0233094,0.0172913,0.046427,0.0385017,0.0515131,0.0726448,0.0733838,0.087499
959.156,0.0212927,0.0392245,0.0136792,0.032358,0.0271737,0.0255444,-0.00649299,0.0168967,0.00769488,0.0191007,0.0189311,-0.00293645,0.00950896,0.00891243,0.0187376,0.0112331,0.0326819,0.0545139,0.0452531
959.479,0.0252591,0.0518089,0.0254385,0.0260328,0.0243511,0.0345797,0.0178669,0.0355755,0.0235869,0.0483381,0.0190476,0.0150173,0.00361723,0.0377224,0.0415536,0.03836,0.0465723,0.0600326,0.0580614
959.801,0.0434441,0.0601214,0.044336,0.0458565,0.039279,0.0416383,0.0306119,0.0528324,0.0507743,0.0423079,0.0323019,0.0338039,0.0198501,0.0400162,0.0368071,0.0422167,0.0634697,0.0618001,0.0803839
960.123,0.0292598,0.0314546,0.042525,0.0278516,0.011653,0.0213376,0.0233814,0.0226863,0.0206577,0.0266306,0.0186245,0.0159829,0.00446807,0.0312363,0.0330904,0.0265388,0.029073,0.0272603,0.0668725
960.445,0.06302,0.0437295,0.0575126,0.0276199,0.035923,0.0511663,0.0419095,0.0458554,0.0568442,0.0417682,0.042635,0.0272592,0.0497387,0.0432522,0.0552357,0.0541322,0.070641,0.0812636,0.0800895
960.766,0.0438881,0.0266494,0.0479468,0.0424595,0.0344862,0.0441454,0.02393,0.0541062,0.0338431,0.0199886,0.00565913,0.0356289,0.0246946,0.0205893,0.0279187,0.0519095,0.0314492,0.0474676,0.0935935
961.088,0.0500168,0.0334701,0.0259904,0.0582243,0.0299262,0.0474947,0.0389674,0.068768,0.0267465,0.0361085,0.0256656,0.0264146,0.0204449,0.0498809,0.0262111,0.0510161,0.0340799,0.0675134,0.084737
961.409,0.067833,0.0599134,0.0842691,0.06266,0.0489504,0.0743384,0.0405521,0.0623756,0.0478343,0.0442865,0.0490708,0.05098,0.0581799,0.0633839,0.0717538,0.0513786,0.0691118,0.0520048,0.0977745
961.731,0.0457756,0.0246096,0.0393054,0.0281514,0.0370577,0.0390061,0.0528296,0.0275191,0.0623528,0.0447672,0.0492484,0.0385492,0.0517764,0.0342199,0.0345498,0.0566341,0.0669884,0.0706967,0.0879773
962.052,0.0488687,0.0429452,0.0466352,0.0346512,0.0390411,0.0689445,0.0278553,0.0391351,0.0529052,0.04619,0.0596528,0.0313976,0.033803,0.0502735,0.0590676,0.0491191,0.0562953,0.0939312,0.0801711
962.373,0.054542,0.0499781,0.0208345,0.0521644,0.0479442,0.0599505,0.0457921,0.0597306,0.042119,0.0519385,0.0335588,0.0443132,0.0393985,0.0527666,0.0446077,0.0705467,0.0611463,0.0928387,0.107713
962.694,0.0507153,0.0289293,0.0296396,0.045901,0.0165633,0.0134396,0.036341,0.0368686,0.0243459,0.0327064,0.0167341,0.019721,0.0195091,0.0323798,0.0475522,0.0696729,0.0399117,0.0529176,0.0880618
963.015,0.02883,0.02961,0.0364539,0.0558805,0.0294975,0.0144402,0.0353245,0.0406451,0.0374599,0.0364431,0.031641,0.00259199,0.0343823,0.0288824,0.0284778,0.0581783,0.0556337,0.058444,0.0779613
963.335,0.0179454,0.0275356,0.0204494,0.0219088,0.0220215,0.0162059,0.0259471,0.0112113,-0.00296443,0.0306837,0.0296901,-0.00373523,-0.00126019,0.0188764,0.0244535,0.0247145,0.0322826,0.0488528,0.067032
963.656,0.0551284,0.0497531,0.0539888,0.0545655,0.0561836,0.0490927,0.0594319,0.039445,0.0572239,0.0495999,0.0344494,0.0517802,0.0387803,0.0240822,0.0312061,0.056629,0.0445938,0.0797894,0.0821553
963.976,0.0627914,0.0483763,0.0489197,0.0507756,0.043329,0.0548238,0.0547465,0.0488265,0.0515298,0.0335579,0.047317,0.0536763,0.0362453,0.0428499,0.0278511,0.0498886,0.0462584,0.067515,0.0672026
964.297,0.0566895,0.0516607,0.0554236,0.0531391,0.0433518,0.0477769,0.0465246,0.0364154,0.0468176,0.0535314,0.0621803,0.0545224,0.0363038,0.0352802,0.0357972,0.0826269,0.0684787,0.0778727,0.0965979
964.617,0.0509022,0.0472708,0.0487442,0.041111,0.0384137,0.0189137,0.0162901,0.027271,0.040922,0.00839996,0.0363695,0.0301594,0.0185862,0.0639643,0.0262182,0.0550562,0.0578785,0.0509534,0.0708707
964.937,0.053893,0.0684033,0.0374509,0.0605751,0.0409167,0.0233362,0.0264643,0.010116,0.0655494,0.0325652,0.0381153,0.0392696,0.0356806,0.0576494,0.0518611,0.0871203,0.0704776,0.0663498,0.0704754
965.257,0.00276686,0.0388362,0.0485675,0.0323081,0.0146785,0.0120558,0.0199687,0.0278783,0.0254177,0.048361,0.0347598,0.00456584,0.0334159,0.0328008,0.033448,0.0320773,0.0573481,0.0445444,0.0715933
965.577,0.039562,0.0396222,0.0499346,0.0399952,0.0480465,0.0500424,0.0202322,0.0187004,0.026815,0.0209741,0.0148879,0.0490308,0.0316614,0.0460422,0.0214787,0.0583559,0.052067,0.0568207,0.115627
965.896,0.0496891,0.0749815,0.0207673,0.028319,0.0618649,0.0342638,0.0369115,0.0307206,0.0415209,0.0465597,0.0466521,0.0400007,0.0533341,0.0438063,0.0453589,0.0620576,0.0415944,0.0739955,0.0673669
966.216,0.0275767,0.0388856,0.0014873,0.0222427,0.0130991,0.0223319,0.0115105,0.026197,0.00601341,0.0440058,0.0197019,0.0259741,0.0319426,0.0380471,0.0304807,0.0483349,0.0633713,0.0613067,0.0674275
966.535,0.0579437,0.0598638,0.0539782,0.0662233,0.069946,0.0558441,0.0580458,0.0498512,0.0354338,0.0212247,0.0433586,0.0568463,0.0293706,0.0645894,0.0475948,0.0775389,0.059125,0.0585733,0.100903
966.854,0.029832,0.0629473,0.0496538,0.0613248,0.0301014,0.0390995,0.0305411,0.0436088,0.0328091,0.0277158,0.0294549,0.0193447,0.0310058,0.033056,0.0543622,0.0470164,0.0479594,0.0504639,0.0781521
967.174,0.0353176,0.0366156,0.0396598,0.0239508,0.0396628,0.0424221,0.0441797,0.0122582,0.0232086,0.0246351,0.0391791,0.0162686,0.0312194,0.0321584,0.0400267,0.0248591,0.0546675,0.0645862,0.0918288
967.493,0.00529658,0.031665,0.0256331,0.0189731,0.0157007,0.0218968,-0.00293801,0.0236188,0.000978361,0.000490973,0.000503558,-0.000493936,0.00345639,0.0172947,0.0043837,0.0154571,0.0425587,0.0354209,0.0729214
967.811,0.052404,0.0624138,0.0443534,0.0378861,0.0448031,0.0327593,0.0307171,0.0519448,0.0304629,0.0625556,0.0354085,0.0248985,0.0675332,0.0292743,0.0252574,0.0401255,0.0750937,0.0682398,0.0963508
968.13,0.058466,0.0633044,0.0422459,0.0536727,0.063583,0.0635948,0.0332216,0.0625687,0.0332854,0.058312,0.0461691,0.0278883,0.0592245,0.0409031,0.0287873,0.0610067,0.0743895,0.0784343,0.110857
968.449,0.0555537,0.0536936,0.0283437,0.0492128,0.0498958,0.0541293,0.0275489,0.043491,0.00995586,0.0205224,0.0356235,0.0429097,0.0466402,0.0488728,0.0587238,0.0522332,0.0608041,0.0970045,0.116553
968.767,0.0280208,0.0494648,0.0351753,0.0265642,0.0261351,0.00847338,0.0436065,0.0332231,0.0106362,0.00786278,0.0513209,0.0126041,0.0157743,0.0399134,0.033314,0.0212008,0.038768,0.0600537,0.0721156
969.086,0.0500933,0.0666747,0.0616354,0.0724212,0.0235002,0.0577517,0.0363732,0.0221039,0.0340608,0.0290537,0.0602813,0.0337009,0.0183647,0.0299301,0.0456883,0.0513014,0.0576514,0.0786422,0.0763439
969.404,0.0216878,0.037887,0.0370465,0.0187689,0.03192,0.0382542,0.0274775,0.0499518,0.0359842,0.0141437,0.0551209,0.0385273,0.0526567,0.0431309,0.0249919,0.0487655,0.0507051,0.0664777,0.0925953
969.722,0.0155392,0.0279079,0.00575432,0.0307139,-0.00465399,-0.0068144,0.00194767,0.00754984,0.0156476,-0.00664303,0.0162351,-0.00334842,-0.015372,0.0187537,0.0137798,-0.000941115,0.0269102,0.0263786,0.0488968
970.04,0.0419938,0.0629669,0.0378461,0.0225135,0.0488096,0.0390213,0.0237099,0.0393782,0.0328487,0.0206651,0.0434025,0.0344793,0.0265451,0.0361793,0.0531752,0.0353257,0.0529255,0.0661062,0.100921
970.358,0.043252,0.0282348,0.0292784,0.0339842,0.0330206,0.0309599,0.0270241,0.026013,0.0251471,-0.00727716,0.031682,0.0319288,0.0231717,0.0442405,0.0362314,0.0386879,0.0310157,0.0723828,0.0861676
970.676,0.0429261,0.0455127,0.0087219,0.0250881,0.0428289,0.0557475,0.0316034,0.0169958,0.0140179,0.0360259,0.0266325,0.027648,0.022756,0.0592907,0.0320978,0.0383013,0.0577054,0.0627327,0.0597532
970.993,0.0398922,0.0198142,0.0385817,0.0490046,0.0421952,0.0353347,0.0549319,0.0178493,0.0293903,0.0260694,0.0183958,0.0128691,0.0413016,0.013067,0.0117838,0.0602228,0.0438502,0.0436545,0.105851
971.311,0.055609,0.0483265,0.0275291,0.0332626,0.0434951,0.0561022,0.0300731,0.0345335,0.0239299,0.046538,0.0277984,0.0198787,0.0448975,0.0443721,0.0252055,0.054489,0.0222794,0.070523,0.103281
971.628,0.0432067,0.0468073,0.0321639,0.0326069,0.0602622,0.0609027,0.0404817,0.0642199,0.0486787,0.0196243,0.0189947,0.0225476,0.067605,0.0499872,0.0260977,0.0489534,0.0668206,0.0565382,0.0888977
971.945,0.043543,0.0434047,0.0312511,0.0304884,0.0253242,0.0299426,0.0551818,0.0513489,0.0211486,0.00383507,0.0145266,0.0340094,0.0161525,0.0355521,0.0366143,0.0548284,0.0518441,0.054762,0.0617142
972.262,0.0583654,0.0426423,0.0558302,0.0730701,0.0467159,0.0807525,0.0642841,0.00549913,0.0297293,0.0329188,0.0329188,0.0189792,0.0477487,0.0598016,0.0444565,0.0596827,0.0820097,0.0829917,0.118456
972.579,0.0641286,0.0228582,0.0492193,0.0506875,0.0538401,0.0268408,0.0540003,0.0173545,0.0295868,0.0362684,0.0360309,0.0260236,0.0339446,0.0214242,0.0412468,0.0469094,0.0797438,0.0697673,0.0817883
972.896,0.0735497,0.0414713,0.0697544,0.0491605,0.0472247,0.040118,0.0393977,0.0144382,0.0575221,0.0454938,0.0313265,0.0551928,0.0249487,0.0258477,0.034873,0.0603588,0.0543189,0.059174,0.0700845
973.213,0.068256,0.00889716,0.0590965,0.0414807,0.0380464,0.0486885,0.0454313,0.0398106,0.0554623,0.0483036,0.0185403,0.0462843,0.0241908,0.0507124,0.0487249,0.0507662,0.0369135,0.0345543,0.0917033
973.53,0.0749896,0.0354004,0.0448415,0.0350824,0.0306607,0.048873,0.0290458,0.0464138,0.0442946,0.0476788,0.0658211,0.0506745,0.0336371,0.0344906,0.0453197,0.0395901,0.0578803,0.0913515,0.102281
973.846,0.0427486,0.0220319,0.0111216,0.00463938,0.0182986,-0.00107805,-0.0100471,-0.00952554,0.00623197,0.000532637,0.00310787,-0.0227826,0.0361088,0.0201862,0.0326613,0.00153566,0.0237777,0.064222,0.059896
974.162,0.0729426,0.0572066,0.0375024,0.0541451,0.0615817,0.0721994,0.0408948,0.050811,0.0572494,0.0525997,0.0443019,0.0467194,0.0626741,0.0512757,0.0470442,0.0363901,0.0772546,0.0752875,0.0756087
974.479,0.0449325,0.0566762,0.0760638,0.036545,0.0594149,0.0489912,0.0466139,0.0284916,0.0640191,0.049965,0.0445769,0.050425,0.0585616,0.0478148,0.042005,0.0531814,0.0566111,0.0754733,0.12352
974.795,0.0159774,0.00500468,0.0305339,0.00836708,0.0185609,0.0168053,-0.0058588,0.00833498,0.0436906,0.025148,0.00243373,0.00956506,0.0146223,0.00143725,0.0176797,0.0271421,0.0200866,0.0419475,0.0467932
975.111,0.0597942,0.0749681,0.0725454,0.0620946,0.0825679,0.0631439,0.048669,0.0592345,0.0829351,0.0537458,0.0548534,0.0575048,0.0688546,0.0384637,0.0658479,0.0574734,0.04903,0.0683131,0.098125
975.426,0.0313484,0.0421091,0.0352985,0.0415707,0.0280417,0.0316531,0.0358421,0.0136193,0.0307939,0.0520072,0.000498501,0.0164828,0.0265044,0.028992,0.0357713,0.0352985,0.0291216,0.0199699,0.0774828
975.742,0.0171298,0.0150362,0.00392686,0.0176709,0.0226004,0.0230994,0.0138204,-0.00826854,-0.0074685,-0.0111471,-0.0111427,0.00767872,0.0104399,0.0400998,0.0118803,0.0278793,0.0188718,0.0286942,0.0401876
976.058,0.0602443,0.0270731,0.0343917,0.0374403,0.0420311,0.0172238,0.0394222,0.0331184,0.0439395,0.0333441,0.051429,0.0377388,0.0417594,0.0180704,0.0413709,0.046084,0.061905,0.0872201,0.0752257
976.373,0.0212335,0.0523807,0.056958,0.0692579,0.0409687,0.0601616,0.0408264,0.0487549,0.018374,0.0387847,0.0552838,0.0481864,0.0300699,0.0697799,0.0648787,0.0550431,0.0617532,0.0606425,0.102334
976.688,0.0529065,0.0400342,0.0336301,0.0496862,0.0448304,0.0564681,0.0354525,0.0253557,0.0388719,-0.00364234,0.0664523,0.0162585,0.0142001,0.0374902,0.0431605,0.0423835,0.0461213,0.0566271,0.102164
977.004,0.0722946,0.0672163,0.0587058,0.0582341,0.0533985,0.0631896,0.0533085,0.0787214,0.0459021,0.0697728,0.0461087,0.0535081,0.0503949,0.048444,0.0205289,0.0745973,0.0571481,0.074348,0.101043
977.319,0.0408505,0.0530301,0.0478958,0.015485,0.0599741,0.0310553,0.0507351,0.0258331,0.0268472,0.0366472,0.0328061,0.0514662,0.0122524,0.0284318,0.0204829,-0.00285696,0.0422481,0.0575022,0.0729869
977.633,0.0244461,0.0630287,0.0207679,0.0404676,0.0394057,0.0552907,0.0315096,0.0263108,0.0238362,0.0274882,0.0193685,0.00534283,-0.0074056,0.0335556,0.0278731,0.0655501,0.032532,0.0557394,0.0627642
977.948,0.0290266,0.0347592,0.0423279,0.0234389,0.0245506,0.0202813,0.0233943,0.0087582,0.0393531,0.0111193,0.0156387,0.00783211,0.0251346,-0.00582196,0.0283932,0.043893,-0.00663614,0.0530203,0.0427457
978.263,0.0350651,0.0194157,0.0472068,0.0387407,0.0461765,0.0393666,0.0463797,0.018046,0.0469557,0.0246261,0.0241002,0.015145,0.0142284,0.0197428,0.0268663,0.0686932,0.0169776,0.0393888,0.0603392
978.577,0.0707033,0.0533017,0.0490598,0.0554282,0.0406222,0.0660306,0.0650997,0.0560779,0.0583485,0.0449159,0.0534245,0.078501,0.030395,0.0553447,0.0652097,0.0336919,0.0604681,0.0652354,0.0660514
978.892,0.0554057,0.0692214,0.0573537,0.0495905,0.0377004,0.0733003,0.0217878,0.0267137,0.0434279,0.0694267,0.0498235,0.0616742,0.0116634,0.0472643,0.0247199,0.0801077,0.0776308,0.0511902,0.117156
979.206,0.0511834,0.0445836,0.0599423,0.0495992,0.0745232,0.0929804,0.0525381,0.0334344,0.06017,0.0462718,0.044418,0.0334626,0.0536317,0.0404774,0.0639808,0.0599854,0.0612015,0.0865907,0.0823189
979.52,0.0764515,0.0431863,0.0467175,0.057316,0.0570194,0.0507999,0.0184351,0.0634242,0.0471586,0.0609204,0.0457533,0.0462678,0.05465,0.0529077,0.0179095,0.0390132,0.0661759,0.0670597,0.101846
979.834,0.0768259,0.0862194,0.0667417,0.0660714,0.0522083,0.04189,0.076506,0.0353127,0.0411,0.0430211,0.0465059,0.0581566,0.0473002,0.0461793,0.0608095,0.0653794,0.0885248,0.0560157,0.106167
980.148,0.0588024,0.0311087,0.080366,0.0508538,0.0480385,0.0689998,0.0615354,0.0229208,0.0265059,0.0285233,0.078892,0.0592519,0.0279878,0.0386742,0.0532671,0.0649489,0.0871055,0.0797742,0.0758308
980.462,0.0518511,0.0418107,0.0581018,0.030073,0.0333109,0.0493779,0.0176931,0.0285554,0.0144944,0.0414142,0.0289343,0.00990117,0.0522645,0.0371486,0.032779,0.0201365,0.055343,0.0266546,0.0609769
980.776,0.0394798,0.0419109,0.0408811,0.0685789,0.0372205,0.00929974,0.0221825,0.00789239,0.0489866,0.0497379,0.0389691,0.0325245,-0.00756454,0.00573587,0.0432412,0.0437266,-0.00589541,0.0647921,0.0654946
981.089,0.0484943,0.0431369,0.0460431,0.0615829,0.0133902,0.0279364,0.00769923,0.0508555,0.0202976,0.0289208,0.0450404,0.0326309,0.0334737,0.0233594,0.0508376,0.0118883,0.0567775,0.072039,0.113299
981.402,0.0389571,0.0533364,0.046565,0.0546317,0.057833,0.0613178,0.0532706,0.00649503,0.0356132,0.050681,0.0237321,0.0130014,0.0390262,0.0451503,0.0787576,0.0626431,0.0782817,0.0743771,0.118167
981.716,0.0740685,0.068994,0.0646836,0.0698956,0.0646322,0.0596668,0.0561292,0.0711607,0.076847,0.0854978,0.0757983,0.0471798,0.0927211,0.066972,0.0471374,0.101082,0.0838841,0.107117,0.106856
982.029,0.0563659,0.0450185,0.029161,0.0468691,0.0454998,0.0568734,0.0198053,0.0532612,0.0344494,0.0582379,0.0552464,0.0311771,0.0593172,0.0698919,0.042477,0.081494,0.0240186,0.0712677,0.0825567
982.342,0.0722028,0.0617718,0.0505666,0.0662881,0.0903997,0.0754621,0.0739646,0.0510165,0.0460865,0.0531073,0.0658967,0.0635445,0.0251638,0.0790559,0.0636812,0.0460464,0.10965,0.0910267,0.1165
982.655,0.0467966,0.0327125,0,0.0533364,0.00303582,0.0549566,0.0659409,0.0450295,0.0356029,0.0275166,0.0501989,0.0222705,0.0341368,0.0326,0.0330996,0.0616227,0.0431261,0.0526809,0.0824254
982.967,0.0167983,0.0499091,0.0244726,0.0462074,0.0310936,0.023433,0.00771018,0.0411969,0.0545384,-0.0056371,0.0256769,0.0317482,0.0534026,0.0585394,0.038991,0.0389166,0.0391213,0.0513104,0.0357337
983.28,0.0673148,0.0490871,0.0628442,0.0493382,0.0767553,0.0552921,0.0618373,0.0291176,0.0746171,0.0465229,0.0481246,0.0533174,0.0521628,0.0700599,0.0404359,0.0952912,0.0747168,0.0972257,0.0568641
983.592,0.0197956,0.0203781,0.0185941,0.0178389,0.018973,0.0319607,0.0229951,-0.0117193,0.00133559,-0.00742553,-0.000658568,0.0154151,-0.0265753,0.0442263,0.00134375,0.00709714,0.016982,0.0146505,0.0524132
983.905,0.0546557,0.0290653,0.0383623,0.0117189,0.0367096,0.0258988,0.0461107,0.0367977,0.0131456,0.0110486,0.0315991,0.0305721,0.0575143,0.0472612,0.0559999,-0.0064109,0.0629998,0.0635123,0.0904917
984.217,0.0167023,0.0295337,0.0237238,0.0399797,0.0256957,0,0.0453501,0.0118536,0.00972386,0.033044,0.0430073,-0.0160023,0.0449422,-0.0118643,0.0242201,0.00537284,0.0477687,0.0509703,0.0503549
984.529,0.0333944,0.0692239,0.013702,0.0523025,0.0878007,0.0584557,0.0541854,0.0224551,0.023491,0.0140484,0.061804,0.0341113,0.038829,0.0508862,0.0349601,0.0581403,0.0594044,0.0490241,0.0668015
984.841,0.0752441,0.0411691,0.0324763,0.0205154,0.00324289,0.0120138,0.0494601,0,0.0247663,0.0392591,0.0311488,0.0346863,0,0.0274097,0.0136394,0.0364088,0.0608451,0.0758101,0.089289
985.153,0.0767566,0.034717,0.0669375,0.0669123,0.0376954,0.0286387,0.0531413,0.00895476,0.0154731,0.0476403,0.0797847,0.0412732,0.0393458,0.0300877,0.0642608,0.0492055,0.0647908,0.0931517,0.115554
985.465,0.0506865,0.0253901,0.0605861,0.0532806,0.0422623,0.00832895,0.0353254,0.0297447,0.0259814,0.0430906,0.0506741,0.0330658,0.0582447,0.0262931,0.0189745,0.0309137,0.0429667,0.0614124,0.0814581
985.776,0.0750598,0.0614265,0.0210045,0.0604676,0.0332224,0.0126456,0.03388,0.0391808,0.0646483,0.0300014,0.0786297,0.0358376,0.0326826,0.0746441,0.0240321,0.0466036,0.125517,0.0647745,0.0686672
986.088,0.0560916,0.0610433,0.0687257,0.0507793,0.0730447,0.0347947,0.0470561,0.037074,0.076489,0.0752229,0.0744714,0.0410222,0.0529969,0.0603236,0.079437,0.0690417,0.058561,0.0841991,0.0921464
986.399,0.0260465,0.0439297,0.0450843,0.014373,0.0726463,0.036453,0.031826,0.034385,0.00988944,0.0102116,0.047269,0.0504689,0.00749576,0.0233169,0.0586032,0.0481941,0.0404803,0.0681178,0.0981355
986.71,0.0426937,0.0413489,0.0259311,0.0183938,0.0277215,0.0345186,0.0234123,0.0177258,0.0234012,0.0276785,0.00257377,-0.0153025,0.0291801,-0.0303736,-0.00191464,0.0341354,0.0500902,0.0325644,0.105842
987.021,0.0452712,0.0359161,0.0560948,0.0714304,0.031889,0.0659367,0.0606948,0.0211643,0.0442492,0.0205302,0.0140745,0.0371834,0.0445072,0.0593484,0.0582756,0.0691872,0.0728641,0.0543216,0.0945778
987.332,0.0376401,0.0234799,0.0586549,0.0512232,0.0655112,0.0322273,0.0349104,0.0468009,0.0516597,0.00701903,0.027701,0.0302483,0.00807256,0.0355134,0.048459,0.0464273,0.0646024,0.0338948,0.0741734
987.643,0.0544142,0.0773645,0.0626172,0.0684748,0.112561,0.069204,0.0571923,0.0347293,0.0351816,0.0444972,0.0558359,0.0270399,0.0408376,0.0394331,0.0651293,0.0590195,0.0717249,0.0526642,0.102431
987.954,0.0393045,0.0122691,0.0523916,0.0478682,0.0471774,0.0353275,0.0238289,0.0326223,0.0151957,0.00678045,0.0368915,0.0353976,0.0183232,0.0260865,0.0180996,0.0179862,0.0174214,0.0793466,0.0925098
988.264,0.0183154,0.0382712,0.0224957,0.0318145,0.0353677,0.0166426,0.0166832,0.0562394,0.0335165,0.025704,-0.00543405,0.0317663,0.0237431,0.00962428,0.0275118,0.0471489,0.0436458,0.0607396,0.0607382
988.575,0.034655,0.0553403,0.0875621,0.0713074,0.0354339,0.0708518,0.0214633,0.0232582,0.036806,0.0509594,0.0284263,0.0187742,0.0624319,0.0536608,0.028275,0.0577878,0.0595233,0.0993625,0.0857044
988.885,0.045781,0.0452936,0.0310877,0.0558106,0.0398718,0.0292912,0.037864,0.0298604,0.0281815,0.0545296,0.0221417,0.0271279,0.0352641,0.0187876,0.0717857,0.0722353,0.0952825,0.0575075,0.0582347
989.195,0.139628,0.107937,0.09578,0.103741,0.0686515,0.101768,0.099516,0.105905,0.059637,0.0605926,0.100629,0.0598267,0.0698298,0.0928554,0.0719197,0.108805,0.0682503,0.113923,0.145669
989.505,0.0297132,0.0303893,0.0180148,0.00757242,-0.0417454,0.00779909,0.0260891,0.00828759,0.068816,-0.00409733,0.0133862,0.0238502,0.0179213,0.00563769,0.051789,0.02817,0.0465232,0.00332049,0.0529825
989.815,0.0302004,0.0385594,0.0475344,0.0642532,0.0653604,0.057322,0.0105356,0.0390643,0.0379153,0.011882,0.0498724,0.0436371,0.034126,0.0390779,0.0614595,0.0211585,0.0527777,0.066826,0.0993535
990.125,0.0751102,0.0213994,0.0652654,0.0358714,0.03897,0.0701281,0.0439105,0.0590071,0.0271249,0.0401061,0.0615845,0.0488189,0.0248194,0.0618326,0.0534155,0.0229267,0.0704018,0.0981793,0.0998921
990.434,0.0315805,0.0249528,0.0038549,0.0239467,-0.00316457,0.0225135,0.00770177,0.0132354,0.0105889,0.00978003,0.0211892,0.0170241,0.0389758,0.0225742,0.0118299,0.0294357,0.0422683,0.0289639,0.0426462
990.744,0.0621307,0.0728083,0.0593722,0.05542,0.0729295,0.0473681,0.0437552,0.0347856,0.0311463,0.0347936,0.0640169,0.0240019,0.0544602,0.0442135,0.0680709,0.0479663,0.0484485,0.0726747,0.121565
991.053,0.0858614,0.0616941,0.0730003,0.0673005,0.0617198,0.0757601,0.0738674,0.0503767,0.0800982,0.0688103,0.0811636,0.0948674,0.064673,0.0502378,0.0763505,0.0972511,0.0770201,0.101391,0.110105
991.362,0.0930304,0.0639782,0.04434,0.0380535,0.0633931,0.0957375,0.02434,0.0408185,0.0463502,0.0997106,0.0426986,0.0642542,0.0752978,0.0390255,0.0756262,0.0863227,0.103046,0.111167,0.0872975
991.672,0.0175534,0.0323507,0.0364376,0.0485834,0.0206181,0.0269113,0.0462014,0.0444083,0.0632613,0.0096289,0.0534352,0.00541211,0.0674115,-0.00313874,0.0253762,0.0464799,0.0667563,0.0769585,0.0643442
991.981,0.0193378,0.101329,0.0517369,0.0630463,0.0604259,0.0602497,0.0919595,0.0633129,0.0432398,0.0528269,0.0406971,0.0294291,0.0861555,0.0607727,0.0479773,0.0592245,0.0345291,0.0618075,0.0863529
992.289,0.0685397,0.0711923,0.0582208,0.0579858,0.0383878,0.0643521,0.0515008,0.0400906,0.0317097,0.00944255,0.0803578,0.0245471,0.0589769,0.0270144,0.0201131,0.0711693,0.051697,0.0794673,0.0880685
992.598,0.109121,0.0361538,0.0557343,0.0674284,0.0505049,0.069908,0.0496543,0.0331439,0.0669735,0.0471028,0.0557383,0.0353381,0.0799434,0.0907037,0.0316057,0.0603152,0.107931,0.0954059,0.106084
992.907,0.0293211,0.0616008,0.0481781,0.0870847,0.0170681,0.0711417,0.0283222,0.0487471,0.0393108,0.0436787,0.0404715,0.034728,0.0772736,0.0528427,0.0858121,0.037622,0.0747029,0.106772,0.115139
993.215,0.0742245,0.0903379,0.077207,0.0350602,0.0331254,0.0291819,0.0478399,0.0337422,0.0191958,0.0442954,0.0644978,0.00241116,0.0339718,0.0505341,0.0457706,0.0458914,0.0519892,0.0731421,0.0658037
993.524,0.0591887,0.0785298,0.0576515,0.0647623,0.0602557,0.0785072,0.0745547,0.0498568,0.0516922,0.073564,0.0483513,0.0700596,0.0364834,0.0926151,0.0863185,0.0257117,0.0749712,0.0744679,0.117185
993.832,0.0963728,0.0781327,0.0723217,0.120066,0.0949881,0.0760512,0.0626509,0.0583751,0.0618061,0.0301848,0.07596,0.098644,0.042604,0.102837,0.0644095,0.080978,0.0775641,0.0598347,0.107115
994.14,0.0267299,0.0481648,0.082727,0.0472627,0.0417854,0.0470919,0.0490255,0.0438515,0.0616334,0.0257308,0.0476925,0.034139,0.0801664,0.0651198,0.066175,0.0869919,0.0824399,0.0591548,0.0681261
994.448,0.0171641,0.0456277,0.013747,0.0391926,0.0348098,0.0129459,-0.000819563,0.0468842,0.0424144,0,0.0158517,0.0337208,0.0495445,0.0146064,0.0293321,0.0555074,0.0184918,0.0775853,0.0463381
994.756,0.0793074,-0.00681535,0.0883403,0.0411144,0.0619262,0.0546193,0.0349822,0.0396591,0.0518846,0.023683,0.0584841,0.0804792,0.0264666,0.0794193,0.00247836,0.0915392,0.0701523,0.118966,0.0819812
995.063,0.0186153,0.0377827,0.0185857,0.00975812,0.0220257,0.0117471,0.0292293,0.0188437,0.0262291,-0.0049745,0.0215165,0.0315453,0.0175272,0.0485264,0.0208354,0.00148508,0.0434574,0.0192535,0.0420475
995.371,0.0500396,-0.016613,0.0428363,-0.0191718,0.00248905,0.0395464,0.0235595,0.0326938,0.0140414,0.0431733,0.0238668,-0.0121558,0.0240609,0.0183989,0.0271074,0.0585807,0.0576163,0.0239081,0.0682664
995.679,0.0119142,0.0222379,0.0346806,0.0240054,0.0436587,0.014511,0.0156454,0.00642929,0.0228432,0.045477,0.0377721,0.0267265,0.0357836,0.0281107,0.0364718,0.0457802,0.0621993,0.0881652,0.0770662
995.986,0.00746765,-0.0105981,0.00248922,0.0339302,-0.0107999,0.037427,0.00879788,0,-0.00684797,0.0098841,0,0.0445327,0.00169589,0.00506861,0.0104594,0.0503927,0.00507495,0.0510057,0.0775033
996.293,0.080013,0.0331165,0.0409877,0.0488629,0.0481547,0.0435419,0.0472746,0.0435153,0.000734253,0.0148069,0.0496277,0.0135348,0.0122373,-0.00525722,0.0273724,0.0308958,0.0513579,0.0420577,0.0916538
996.6,0.046565,0.0495433,0.0618494,0.0328024,-0.0178446,0.0163822,0.0369863,0.0213357,0.0483521,0.0504801,0.0237513,0.00390053,0.041933,0.0443613,0.0681522,0.0359426,0.0655436,0.0340842,0.101312
996.907,0.0526296,0.0219517,0.0702556,0.0904251,0.0100808,0.0145238,0.0111199,0.0320354,0.00651225,0.0289873,0.00553815,0.0221459,0.0649979,0.0465373,0.0261691,0.0452527,0.0987693,0.0603213,0.0454121
997.214,0.0737346,0.0662066,0.0286647,0.072744,0.0201963,0.0449254,0.0579804,0.0530105,0.0187251,0.0401513,0.0189767,0.12229,0.0629335,0.0603234,0.073818,0.0764041,0.081819,0.0721229,0.105812
997.52,0.0178937,0.0147638,0.056893,0.0111128,0.0369347,0.0323242,0.00625512,0.0261971,0.00970977,0.0315161,0.0120208,-0.00768415,0.0495372,-0.00312756,0.0301825,-0.0123606,0.0716447,0.0206978,0.0629834
997.827,0.0808986,0.127298,0.135632,0.162894,0.137639,0.0822862,0.0956302,0.096712,0.103707,0.0884579,0.0898492,0.0799337,0.0661668,0.124418,0.105902,0.084712,0.0671174,0.119914,0.132344
998.133,0.0108754,0.0187642,0.0560823,0.0583404,0.0279993,0.00671922,0.0113446,0.0255704,-0.000851772,0.0369312,0.0511574,0.0272891,0.0370294,0.0717904,0.00990143,0.000827818,0.0737158,0.0588906,0.101225
998.44,0.0345635,0.0264123,0.0240966,0.0428475,0.0574169,0.086837,0.0586948,0.0332417,0.0444254,0.0243384,0.0503996,0.0606261,0.0202475,0.0658282,0.092507,0.061215,0.091274,0.106444,0.104481
998.746,0.107917,0.0497046,0.07612,0.051276,0.0857325,0.0467494,0.0847244,0.0865027,0.0904724,0.0754649,0.0455183,0.0405904,0.0407555,0.0635328,0.0917689,0.100275,0.0459,0.0934692,0.0907013
999.052,0.107861,0.0466857,0.0420111,0.086707,0.0476497,0.0664953,0.0949603,0.0880145,0.0272974,0.0381382,0.033843,0.0424094,0.0159551,0.0420395,0.0624739,0.0506689,0.0206431,0.0496412,0.106411
999.358,0.055961,0.013001,0.0651346,0.0486534,0.021185,0.0406843,0.0300324,0.0455698,0.019408,0.0153647,0.033165,-0.00321702,0.0372415,0.0471276,0.0631777,0.083168,0.0893333,0.0244048,0.0974183
999.664,0.0486394,0.0656417,0.0303608,0.0209611,0.0569518,0.0764128,0.0372237,0.0638856,0.0225984,0.0430344,0.017992,0.0175943,0.0146817,0.0495968,0.0143301,0.0453493,0.0573031,0.0671952,0.0976318
999.969,0.0411493,0.0418986,0.068455,0.0557194,0.0247073,0.0800475,0.0299276,0.0398642,0.0501967,0.0573643,0.0196852,0.0254596,0.0300803,0.041143,0.0853377,0.0553868,0.101059,0.106442,0.0845767
1000.27,0.118747,0.0936556,0.138018,0.0856883,0.135486,0.0961286,0.0825358,0.0837854,0.0837766,0.111213,0.10652,0.101367,0.108792,0.0924176,0.0577276,0.135344,0.126034,0.145999,0.205204
1000.58,0.0605429,0.102691,0.107226,0.0648472,0.0818564,0.0815808,0.0790081,0.10033,0.0937285,0.0848753,0.0736829,0.109893,0.0687949,0.0480195,0.0693034,0.0942726,0.107797,0.0906576,0.0901376
1000.89,0.107376,0.0708678,0.0712556,0.0483648,0.0189048,-0.00897723,0.0317093,0.0110611,0.00800121,-0.00833156,0.0104437,0.0327198,0.0103349,0.0532254,0.0228001,0.0238697,0.0643501,-0.00739359,0.0620971
1001.19,-0.00159235,0.0178676,0.000792535,0.0049224,0.00423959,-0.0396031,-0.0200006,0.0176582,-0.0163307,0.00995246,-0.0362578,0.0427361,-0.0218261,0.0171127,-0.00578977,-0.0194528,0.0303959,0.0376563,0.0313234
1001.5,0.0282831,0.071229,0.0166117,0.0242592,0.0228929,0.0161747,0.0360463,0.0973288,0.0563759,-0.0165908,0.00335079,-0.00913131,0.040539,0.0112008,0.0140631,0.0511117,0.0652861,0.0513569,0.0908862
1001.8,0.0288895,-0.020739,0.0705066,0.0405523,0.0454086,0.0628326,0.0163713,0.0469536,0.0409894,0.0331806,0.0127851,0.0301364,0.0129079,0.0569001,0.050146,0.0216682,0.0363543,0.0479144,0.0401911
1002.11,0.0431555,-0.00738147,0.00458709,0.000906427,0.0262673,-0.00917418,0.0110326,-0.0129083,0.010135,-0.00887661,-0.0446802,0.0294836,-0.0125836,0.0346924,0.0586729,0,0.0702707,0.0502787,0.0230025
1002.41,0.0720254,0.0527434,0.0392803,0.0243523,0.0642781,0.0221669,0.0304715,0.0245986,-0.0276093,-0.0115328,0.0475099,0.0285091,0.0194041,0.00478513,0.0411574,0.0728235,0.0569032,0.0669546,0.0844938
1002.71,0.0127037,-0.0276987,-0.043031,-0.00335742,0.0082464,-0.0162716,-0.0282811,-0.0457875,-0.0375502,-0.0377451,-0.0289756,-0.0176023,-0.0325561,0.00936793,0.0106485,0.0224622,0.0159587,0.0188523,0.0522552
1003.02,0.0467598,0.0384949,0.0660767,0.0564058,0.0197778,-0.00373648,0.0363002,0.0481875,0.0309662,0.034614,0.00613273,0.0121552,0.00705313,0.0147701,0.0291761,0.0603171,0.064877,0.0461696,0.0760335
1003.32,0.0702515,-0.00719477,0.0218211,0,-0.000783583,0.0253424,0.0119054,-0.000809003,-0.0360366,0.0232708,-0.0132429,0.0195818,-0.00584437,0.0482679,-0.00813016,0.0212136,-0.0134961,0.011334,-0.00883671
1003.63,-0.00390569,0.0256316,-0.00473985,-0.0348704,-0.0523638,-0.00374398,0.0046767,-0.01149,-0.0462644,-0.0180114,-0.0410839,0.00284593,-0.0281924,-0.0105098,-0.00279036,-0.00359513,0.0125194,0.00396373,0.0264388
1003.93,0.0318969,0.0464856,0.0192455,-0.00852702,0.00197457,0.0381216,0.0256442,0.00278113,0,0.00663213,0.0214093,0.0448847,0.0309479,0.062131,0.0536872,0.0316786,0.031633,0.0891613,0.038339
1004.23,-0.0019801,0.00710593,-0.00211374,-0.00517988,-0.0165756,0.0244726,0.0588715,-0.0154691,-0.00933087,-0.00514078,-0.00199898,-0.0320779,0.00692531,0.0390739,0.0234178,0.0525909,0.0169758,0.0489197,0.108198
1004.54,0.0239009,0.04194,0.00382415,0.123862,0.0794902,0.0905321,0.066393,0.0318584,0.0198465,0,0.0223281,0.0783847,0.0765746,0.0445021,0.0782248,0.0483025,0.0455266,0.0737037,0.0880281
1004.84,0.00716736,0.0534036,0.0289543,0.0193912,-0.0171871,0.0407727,0.0300088,-0.0405721,0.021714,0.0386602,0.0347347,0.0242228,0.00408337,0.0587955,0.0245554,0.030589,0.0303302,0.0381495,0.112369
1005.15,0.0420859,0.0280053,0.0331108,0.071918,0.0542856,0.0546394,0.0338639,0.0410547,0.00389837,-0.00999131,0.00627625,0.0591741,0.0597933,0.00377383,0.0636394,0.112078,0.0680128,0.0895938,0.0882915
1005.45,0.0411611,-0.00485835,0.00502991,0.0638333,0.0425884,0.0380426,0.0702782,0.0437931,-0.00791447,0.0228941,0.0114234,0.035523,0.0339852,-0.00299154,0.0392303,0.018269,0.00764885,0.0475243,0.0936886
1005.75,0.110033,0.0989114,0.0700423,0.0928591,0.0596378,0.121561,0.0228722,0.0692509,0.0936605,0.0571133,0.117463,0.0893252,0.0655107,0.0886077,0.0661245,0.0814928,0.0200612,0.126331,0.176223
1006.05,0.0967654,0.0161315,0.0759426,0.0550551,-0.00666143,-0.0407028,0.0512091,0.0337179,0.0520948,0.0469043,0.0225415,0.0549507,0.011084,0.0143735,0.0463098,0.0334171,-0.00434716,0.00432607,0.14636
1006.36,0.0502654,0.0499907,0.00403059,0.117238,0.0747526,0.0589067,0.00203839,0.0416248,0.00523598,0.016573,0.0951454,0.0843843,0.0342342,0.0228149,0.0730014,0.0651323,0.0486832,0.0839351,0.0863512
1006.66,0.0998311,0.0908907,0.0805327,0.0453181,0.0387969,0.0343155,0.0266294,-0.0200805,0.0473009,0.0139627,0.0238992,0.0167864,0.00311208,0,0.0775127,0.10512,0.0676949,0.0962871,0.0975699
1006.96,0.117455,0.0982185,0.0583647,0.0752463,0.0844624,0.0863647,0.135334,0.0722325,0.0861686,0.0950451,0.0439659,0.0707321,0.099434,0.028178,0.0644914,0.0880029,0.0724918,0.0330553,0.0946721
1007.27,-0.00857221,0.0361619,0.00776177,0.0266512,0.0129919,0.0464664,0.0187843,0.0442698,-0.0132293,0.0184342,0.0327516,0.000949447,0.0523919,0.0229322,0.0818716,0.0934027,0.0890978,0.0535662,0.123887
1007.57,0.0770406,0.140894,0.0914752,0.113273,0.120816,0.117993,0.124008,0.0881748,0.0561424,0.0813146,0.0879342,0.139085,0.106759,0.138178,0.0840276,0.140697,0.121851,0.145096,0.212049
1007.87,0.0418682,0.0535103,0.012181,0.0465887,0.0423921,0.0724107,0.0792034,0.0471429,0.0285964,0.0298116,0.0477869,0.0402371,0.0561647,0.0596838,-0.00762159,-0.0159314,0.089619,0.0981564,0.0683651
1008.17,0,0.0785719,0.0342444,0.0796302,-0.0113481,0.075195,-0.00731892,0.00571107,-0.00114501,0.015095,-0.0033825,-0.0554138,-0.0189237,0.0345482,-0.0480456,0.05459,0.0264652,0.0148186,0.0493827
1008.47,0.0632774,0.117074,0.0889228,0.0686927,0.0441068,0.0431082,0.0472989,0.0978314,0.0309687,0.0279625,0.0421732,0.0333304,0.0818827,0.0661602,0.0390259,0.0477828,0.0746846,0.0637437,0.145927
1008.78,0.00539209,-0.0522604,0.0286344,0.0454648,0.00262721,-0.014865,-0.00369144,0.000885533,-0.0044661,-0.0196168,-0.012073,0.0372244,0.00262497,-0.0265487,-0.00445065,0.0154804,-0.0295581,0.0415571,0.0451921
1009.08,0.115678,0.103227,0.0488023,0.140206,0.0583055,0.0940893,0.16267,0.0984114,0.0871816,0.0383049,0.0638039,0.0719497,0.0683646,0.071986,0.101643,0.0640792,0.100808,0.129049,0.175236
1009.38,0.00480811,-0.0205965,0.0410845,0.0073405,-0.0189345,0.0404808,0.0481654,0.00864856,0.0180937,-0.0170822,0.0341342,0.034104,0.0231113,0.0164967,0.00117231,0.0141038,0.0434496,0.0528893,0.0536871
1009.68,0.115272,0.083389,0.0634516,0.142907,0.0977705,0.108274,0.0975783,0.10146,0.0559127,0.0956062,0.0933348,0.109748,0.0417649,0.122015,0.0875233,0.0984642,0.128683,0.138809,0.118044
1009.98,-0.0190883,0.0315152,0.0440982,0.104377,0.0113775,0.0208622,0,0.034294,0.0408379,0.0745169,0.0607992,0.0101324,0.00126179,0.0819969,0.025937,0.06204,0.10019,0.10612,0.151098
1010.28,-0.0325552,0.0831413,-0.0183523,0.11691,0.0172134,0.0432348,0.123323,0.0623559,0.0156878,0.0355113,0.0376734,0.0901222,0.115462,0.058617,-0.0166335,0.125668,0.0599196,0.0827277,0.164132
1010.59,0.0399474,0.0339734,0.0572826,0.0731032,0.0482508,0.0185752,0.0143077,-0.0273485,0.0575479,0.0435955,0.0585197,0.0461118,0.120721,0.00315846,0.0627905,0.0766134,0.0817525,0.0325743,0.139641
1010.89,0.024287,0.0581465,0.0701339,0.106332,0.085537,0.0673367,0.0690416,0.0354538,0.0442653,0.0225713,0.00403244,0.0502347,0.0988361,0.0503187,0.060282,0.0373797,0.0262096,0.0590633,0.0767914
1011.19,0.113559,0.0968271,0.0280234,0.0603756,0.0892865,0.0130599,0.0743551,0.0429558,0.0679547,0.0604199,0.0951,0.0220425,0.083216,0.063806,0.120715,0.0475916,0.111982,0.135929,0.137515
1011.49,0.013674,-0.0197605,0.071159,0.00162083,0.0387324,0.0360328,0.0581429,0.00307263,0.00931326,0.0154062,0.109091,0.0865169,0.0546961,-0.0123711,0.0701133,0.0151934,0.0930688,0.0602404,0.115484
1011.79,0.0418333,0.119387,0.0697156,0.110145,0.0895114,0.0501463,0.0239346,0.0875781,0.0403238,0.0580328,0.0739578,0.0334309,0.0646309,0.0795749,0.0719261,0.0454954,0.0866726,0.0630677,0.0782771
1012.09,-0.0372326,0,0.00622354,-0.00777612,-0.018854,-0.0328582,-0.0261092,-0.0347596,-0.0366987,-0.039681,0.00211568,-0.0532618,-0.0386341,-0.0287591,-0.0547901,0.0181412,-0.00700855,-0.00593488,0.0103024
1012.39,0.0567472,0.0767958,0.0762672,0.0564299,0.0513229,-0.0168159,0.0863072,0.0429848,0.0388001,0.0151038,0.0778386,0.0200071,0.033383,0,0.0286401,0.0737044,0.0869828,0.122383,0.0913396
1012.69,0.019038,0.0380005,0.0525823,0.0866624,-0.0348896,0.0515726,0.0604137,-0.023787,0.0502948,0.0182236,0.0330009,0.0295043,0.0385352,0.0445572,0.0329262,0.0320983,0.0655017,0.0631188,0.0401529
1012.99,0.0648471,0.103247,0.115717,0.047893,0.0285175,0.118528,0.0981756,0.0781247,0.112588,0.0245684,0.0509111,0.0632932,0.105717,0.0267342,0.0153475,0.123663,0.10344,0.0852669,0.127518
1013.29,0.0317037,0.0533958,0.0604159,0.021358,0.0529656,-0.0509619,0.0480216,0.00321004,-0.0206581,0.0474498,0.00488861,-0.0339484,-0.044268,-0.0335121,-0.0112918,0.06354,0.0240632,0.102824,0.0262598
1013.59,0.14632,0.144198,0.0680321,0.0968707,0.123534,0.0946793,0.109391,0.00768044,0.0536505,0.0816353,0.0549136,0.0482102,0.0318742,0.0310645,0.0851714,0.0549198,0.0915558,0.0849007,0.123788
1013.89,0.0751629,-0.0129732,0.0708797,0.0848627,0.0806852,0.0375748,-0.0099772,0.0307993,0.0449247,0.0503784,0.0776764,0.00817562,0.022727,0.0525138,0.0370847,0.0153698,0.0350971,0.0425278,0.0780582
1014.19,0.154519,0.0241464,0.0858302,0.109804,0.0376894,0.112424,0.00152666,0.0716775,0.0192182,0.0675595,0.00448999,0.00574886,0.0382352,0.0156693,0.0774804,0.099053,0.0911304,0.0447611,0.132129
1014.49,0.0221267,0.0529994,0.0236832,0.0664587,0,0.00287419,0.0403264,-0.0295048,-0.0397715,0.0599694,-0.0181107,-0.0100816,0.00141099,-0.0319746,0.0258705,0.0128222,-0.00127234,0.0542377,0.0269528
1014.79,0.0282609,0.0665166,0.0296982,-0.0105283,0.041203,0.0316917,0.0551903,0.0628634,0.0250147,0.101503,0.089057,0.0859094,0.073755,0.0609345,0.140786,0.0132803,-0.0168546,0.0586725,0.099634
1015.09,0.0485752,0.136819,0.0992344,0.0922162,0.136664,0.0554225,0.118033,0.0858215,0.0705823,0.00782641,0.115549,0.0708476,0.147202,0.121301,0.0761976,0.121712,0.10101,0.186624,0.12899
1015.39,0.00743641,-0.0195572,-0.0441211,0.00997494,0.0876299,-0.00703217,-0.0391037,0.0329703,-0.00977859,-0.0532235,-0.0236681,0.0492695,-0.0106144,0,0.0249955,-0.0386363,0.0322749,-0.00937774,0.148284
1015.68,0.0368607,-0.0107947,0.0486793,-0.0188785,0.0749869,0.0485762,0,0.0119939,0.0160479,0.0398076,-0.0123937,0.00111508,0.0036624,-0.0380091,0.0408823,0.00562763,0.0201678,-0.00574113,0.0589568
1015.98,0.0169695,0.0216507,0.0831567,0.0147112,0.111002,0.0628154,0.0943041,0.104257,0.0622836,0.0347122,0.032733,0.0559067,0.0210508,0.0401383,0.117111,0.0689768,0.00402861,0.129283,0.0881449
1016.28,0.0389299,0.0696016,0.0926096,0.0996762,0.13319,0.0752101,0.0976636,0.0727046,0.102772,0.00850677,0.0742061,0.0528403,-0.0167601,0.101711,0.104578,0.0853442,0.0964338,0.105901,0.0825237
1016.58,0.0157875,0.0432866,0.0398664,-0.0403619,0.0362777,0.0526138,0.0415043,0.0269933,0.0167182,0.00253668,0.00935295,-0.00252866,0,0.0569508,-0.00671057,-0.0184592,0.00376522,-0.0284794,0.0727182
1016.88,0.0432611,0.0201848,0.016595,-0.0280921,0.072314,-0.0405955,0.0234698,0.061574,0.032771,0.00277552,-0.0289606,0.0130181,0.0926136,-0.0334454,0.0157403,0.00440144,0.0666818,0.0472718,0.0531158
1017.18,-0.0627043,0.00438408,-0.00321156,-0.052132,-0.0712254,0.0279186,-0.00630444,0.00623959,-0.0267048,0.0602383,-0.00749128,-0.0828223,-0.0542772,0.0306558,-0.00771136,-0.0161615,0.0165718,0.0220147,-0.00145358
1017.48,0.0861364,-0.00138354,0.0383569,-0.0138593,0.0281967,-0.0361249,-0.0146394,-0.00670912,0.0159981,0.0104656,0.00730369,-0.00716263,0.0574861,0.0571396,0.0594351,0.0412922,0.016466,0.0266431,0.0237565
1017.77,0.117047,0.0367488,0.080392,0.0461493,0.0723984,0.0843746,0.103426,0.101055,0.0962721,0.0351514,0.11832,-0.0200428,0.0034111,-0.0212997,0.0904088,0.0690246,0.10598,0.118387,0.0777973
1018.07,0.193715,0.181251,0.182023,0.108905,0.232601,0.17495,0.221445,0.125139,0.199481,0.151308,0.183376,0.199667,0.184838,0.208332,0.224514,0.211151,0.19576,0.165053,0.218768
1018.37,0.00727798,0.0461209,0.0459489,0.00416241,0.0384795,0.0504092,-0.0211746,0.0463445,0.0667177,-0.0013371,0.00410154,0.0187877,0.0564687,-0.00711606,0.0303856,0.0394801,-0.0244813,0.10688,0.0646658
1018.67,0.0428108,-0.0220385,0.0898953,0.0865644,0.0337187,0.120912,-0.0318609,0.00869889,0.0262977,-0.0301145,0.0888195,-0.0263597,-0.0278532,0.0469646,0.0632347,0.0198074,0.00432089,0.0268983,0.134854
1018.96,0.00143397,-0.00283883,0.00295545,-0.0148295,-0.0179269,0.00970611,-0.0331322,-0.0826277,-0.055671,-0.075229,-0.00315149,0.00597401,0.00268735,-0.0100837,-0.0453191,-0.0264033,-0.0235057,0.00824687,0.0307761
1019.26,0.0653467,0.0477018,0.105881,0.0756907,0.0603027,0.108089,0.114819,0.0366079,0.0408963,0.0634978,0.0390971,0.0925688,0.092073,0.0788132,0.0588807,0.0930293,0.0277626,0.112863,0.180818
1019.56,0.0989794,-0.0292536,0.0465497,0.0322231,0.0352529,0.00513121,0.0670625,-0.0349159,0.0186195,0.087813,0.0655591,0.0432247,0.0850314,0.0460442,-0.0124289,0.0100131,-0.0286123,0.074116,0.0646591
1019.86,0.030414,-0.0427926,-0.038441,-0.0164714,0.00239941,-0.0857532,-0.0123993,-0.0569006,-0.0577282,0.0196336,-0.0369766,-0.0074307,0.00972154,-0.0195565,-0.0442454,0.012081,0.062928,-0.0442232,0.00372426
1020.15,0.0117189,0.0372134,-0.00427155,-0.019212,0.00143128,0.0233891,0.040757,-0.0014388,0.0282933,0.0175185,0.0733483,0.053898,0.0408583,0.0600556,-0.0167171,-0.032246,-0.010542,0.0623721,0.0819958
1020.45,0.0108502,-0.0465594,-0.0341483,-0.0351844,0.0427018,0.0158337,0.0530112,-0.0281974,-0.0198487,-0.0985465,-0.0130089,0.115586,0.0238789,0.0755863,-0.0103403,0,-0.0440711,-0.0047163,0.0852425
1020.75,0.0787601,0.0834136,0.0293811,0.096943,0.0535952,0.0489137,0.0770278,0.0378561,0.0196516,0.00332688,-0.00833635,0.0679969,0.0762556,0.0841734,-0.0330119,0.123805,0.022107,0.0891313,0.150388
1021.04,0.0812611,0.00160923,0.0500626,0.0272563,0.0911171,0.0616557,-0.0349992,-0.0241958,0.0225271,-0.00336325,0.0276524,0.13172,-0.0418791,0.0534729,-0.0373801,0.0576943,0.0356663,-0.0354554,0.125867
1021.34,0.0797376,0.0277866,0.130283,0.0617885,-0.0203816,0.0452984,0.0379611,0.0303141,0.0751462,-0.0229663,0.0706051,0.0903063,0.0133256,0.0498707,0.0520831,0.0620607,0.0672073,0.104295,0.116079
1021.64,0.185834,0.289176,0.152218,0.19715,0.132405,0.186702,-0.0254411,0.18691,0.127334,0.0463435,0.119987,0.165634,0.198825,0.0799285,0.244464,0.197693,0.208139,0.229541,0.172414
1021.93,0.0462232,0.0932308,0.0106163,0.0928549,0.112302,0.108416,0.0549753,0.0328698,0.0917201,0.103841,0.0467593,0.148077,0.0713118,0.0479259,0.0816512,0.108769,0.0677417,0.167975,0.105508
1022.23,0.0789326,0.04664,-0.0119178,0.125856,0.0653847,0.0900713,0.079585,0.0834647,0.116555,0.0891545,0.0870602,0.0692392,0.16266,0.0742837,0.111565,0.127732,0.0637023,0.113348,0.0714771
1022.52,0.0318575,0.0753836,0.104973,0.0869324,0.0594517,0.0687949,0.0854326,0.0527817,0.160065,0.0200206,0.120078,0.091059,0.0443564,0.0777994,0.117155,0.0455953,0.0975165,0.0948465,0.111324
1022.82,0.0307795,-0.0256001,0.0348213,-0.00844484,0.0461999,0.0210559,0.031753,0.0517751,0.0838884,0.0245797,0,0.00985846,-0.049769,0.0260543,0.0276674,0.0617522,0,0.136138,0.0355792
1023.12,-0.029024,0.00333984,0.0324684,0.0852632,0.0281096,-0.00812738,0.138649,-0.0233182,0.0346102,0.125597,-0.0323176,0.0968601,0.011797,-0.0107024,0.0184412,-0.018274,-0.00880838,0.10988,0.10524
1023.41,0.0182016,-0.0321328,0.0539691,-0.0376551,-0.0859527,0.0435048,0.0451325,-0.0888012,-0.0585395,0.0331264,-0.0679048,0.0271488,0.00505163,0,-0.0127062,0.00500715,0.103351,-0.0471869,0.0365201
1023.71,0.0953553,0.133404,0.0405505,0.122618,0.0639737,0.122268,0.112235,0.0773403,0.0664368,0.0328266,0.0772144,0.0645104,0.194631,-0.0133766,0.106623,0.152219,0.11544,0.0716757,0.0246927
1024,0.0844872,0.098666,0.144183,0.161311,0.104441,0.090725,0.121923,0.149493,0.118445,0.104831,0.151364,0.194353,0.177006,0.124668,0.230934,0.0294824,0.182536,0.180477,0.176139
1024.3,-0.112882,0.0698902,-0.065803,-0.167736,-0.0605312,-0.0476977,-0.0750155,-0.0461296,-0.120846,-0.0612371,0.0232115,-0.104624,-0.0526055,-0.120025,-0.110192,-0.096203,-0.0835887,-0.0419204,-0.0577042
1024.59,0.0534572,0.0735482,0.0229431,0.0573435,-0.0310357,0,0.0457913,0.14786,0.0439236,-0.00404111,-0.0331174,0.0528256,0.094869,0.00413967,0.00377695,0.0484212,0.0739591,0.100945,0.112444
1024.89,-0.0335981,-0.00161685,0.0655875,0.0452718,0.0537569,0.0174554,-0.0254109,-0.00936468,-0.0224852,0.014914,0.103922,-0.0362016,0.0689721,0.0334119,0.0665692,0.00354235,0.0764475,0.072725,0.110241
1025.18,0.073597,0.130299,0.00554182,-0.049683,0.056347,0.0704118,-0.0149574,-0.00970142,0.0927392,0.021876,0.0459245,0.0700461,0.041638,0.0572084,0.0181347,0.0305321,0.111622,0.0400376,0.0705085
1025.48,0.0500988,0.0903608,0.0717484,-0.0132435,0.0881824,0.0518417,-0.0287235,0.0260599,0.0596366,-0.0207141,0.0105494,0.0782026,-0.0130377,0.0109311,0.00131118,0.0474651,0.0929711,0.0396578,0.0339549
1025.77,0.120672,0.116163,0.121534,0.187629,0.127907,0.106055,0.0934084,0.0837216,0.0848389,0.0641629,0.0441137,0.133724,0.0594576,0.0647495,0.0955388,0.11221,0.199454,0.0358043,0.242184
1026.06,-0.00974626,0.0510352,0.107947,0.0514173,-0.018268,0.0743147,0.0366586,0.0546142,0.00342196,-0.017259,-0.0766652,0.00336379,0.0675063,0.113653,0.0128196,0.0756099,0.0103404,0.0604375,0.11481
1026.36,0.0603367,0.0679204,0.0808315,0.148099,0.0466102,0.0739023,0.131422,0.068065,0.0522819,-0.0331076,0.158351,0.0505647,0.103218,-0.0194751,-0.00813021,0.138102,0.0827325,0.138466,0.107708
1026.65,0.0764231,-0.0493446,0.0261511,0.0919673,0.071219,0.0333195,0.172973,0.0935604,-0.0145656,0.0305466,-0.055012,0.0172168,0.00877237,0.0230275,0.0203516,-0.0574766,0.0440282,-0.0197097,-0.0224658
1026.95,-0.0744802,-0.0377667,-0.0316515,-0.0201692,-0.0248667,-0.0322307,0.00867647,-0.0762482,0.00200226,-0.0251201,0.00803328,0.00581387,0.00603409,0.0256046,-0.0243063,0.0447035,-0.0585662,-0.0669839,0.06
1027.24,0.126546,0.137154,-0.0346281,0.0672397,0.15674,0.0794289,0.0482441,0.0672188,0.0627571,0.15169,0.0138723,0.10861,0.0493034,0.026803,0.117712,0.0917079,0.0595716,0.0887469,0.0726111
1027.53,-0.094502,-0.076107,-0.0793779,-0.0570522,-0.0485081,-0.0352174,-0.0881366,-0.157212,0.00364318,0.0301173,-0.11855,-0.0795172,0.0225864,-0.00415062,-0.0812272,-0.0944266,-0.0569519,-0.0712654,-0.031095
1027.83,-0.036153,0.0850658,-0.0910576,-0.014668,-0.102387,0.0585763,-0.134072,-0.0061459,-0.135759,-0.0384068,-0.0421145,0.0483412,0.0301727,0.0128023,-0.0602106,0.0832147,0.0109412,0.0574194,-0.0723059
1028.12,0.129772,0.185827,0.0201631,0.11596,0.0806284,0.149909,-0.021179,-0.0813678,0.0160837,0.00237132,0.0222668,0.024735,0.0156527,0.0964838,0.0232613,0.211272,0.0923349,0.0647649,0.0347385
1028.42,0.0656942,0.156,0.0656493,0.0369451,0.0787861,0.119867,0.019577,0.0955246,0.0769282,-0.0720855,0.166893,0.0951646,0.116673,0.150394,0.0171962,0.0863833,0.0507637,0.171843,0.112963
1028.71,-0.0173814,-0.0219842,0.0547811,0.0822533,-0.0547699,0.0486678,-0.00367606,-0.00544259,-0.00729225,-0.0657342,0,0.200815,0.0593732,-0.0428374,0.0996289,0.122218,0.0310426,0.10176,0.0289334
1029,0.20727,0.103191,0.128989,0.143869,0.0500684,0.176511,0.0464006,0.0676988,0.112842,0.186422,0.279009,0.136144,0.1672,0.044645,0.0999912,0.116219,0.134081,0.107013,0.117812
1029.29,0.107901,0.00215603,0.047344,0.168135,0.0728807,0.161972,0.0854534,0.0794263,0.0406363,0.0512228,0.020745,0.0712996,0.0245378,0.0568129,-0.0205151,0.124797,0.0880129,0.0750741,0.174508
1029.59,0.0923483,0.0461435,0.167229,-0.00636048,0.0938308,0.136465,0.0688285,0.150769,0,0.167004,0.119976,0.190283,0.0782801,0.146765,0.0949093,0.0989986,0.0799356,0.144164,0.158989
1029.88,0.098,0.0924,0.0785209,0.142215,0.172926,0.159694,0.0643902,0.039521,0.086,0.0934154,0.151541,0.110724,0.104574,0.092459,0.121224,0.140828,0.00206897,0.136748,0.148119
1030.17,0.0172429,0.0198464,0.0594803,0.139291,0.189083,0.137438,0.0595291,0.116681,0.0487092,0.155387,0.0938488,0.130425,0.0348228,0.0549175,0.118178,0.189699,0.138894,0.162758,0.139028
1030.46,-0.143366,-0.117933,0.0477599,0.0751253,-0.0334958,0.0186905,0.0610687,-0.0158844,-0.0962393,-0.103988,0.0460981,0.0584649,-0.0924409,-0.0367435,-0.112688,0.0357639,0.0694624,-0.0286919,0.0504568
1030.76,0.01743,-0.0146394,0.0933397,-0.0419972,-0.033216,-0.0121359,-0.0238891,-0.064503,0.0192073,-0.00483142,0.0715965,0.0129911,0.0284247,0.0251673,0.0548174,0.00164862,-0.00164862,0.0436771,0.0634375
1031.05,0.0466051,0.0683574,0.168103,-0.0677001,-0.0622294,0.158577,0.11403,0.180235,0.0512314,0,0.0864598,0.0931746,0.135567,0.0280125,0.161511,0.0291424,0.0512879,0.132595,0.00264772
1031.34,-0.0524076,0.00288107,-0.0287,-0.128282,-0.00947918,0.015516,-0.0632983,-0.0107421,-0.051598,-0.0406568,-0.0441397,-0.00162515,-0.00631945,-0.0193637,-0.0514386,-0.0799528,-0.0244598,0.00692325,-0.0541218
1031.63,0.0397973,0.0559729,-0.014327,0.0473921,0,0.0618308,0.135795,0.0239149,0.0611532,0.0430342,-0.0382512,0.0542903,0.097345,-0.0820042,0.0386785,0.0870218,0.0844133,0.0600329,0.135389
1031.92,0.0583416,0.0890087,0.0542953,0.175146,0.066825,0.106288,0.0290058,0.0728563,0.143915,0.0793184,0.0034148,0.0985558,-0.030446,0.119895,0.0788835,0.11933,0.119185,0.105744,0.0608919
1032.22,0.0585418,0.133789,0.0209876,0.110427,-0.0127671,0.00798741,0.0447801,0.102476,0.0537362,0.0736385,0.0196739,0.132142,0.00567874,0.139239,0.108155,0.0363669,0.0959303,-0.0061439,-0.0356053
1032.51,0.151514,0.131701,0.0980492,0.172836,0.164658,0.0314936,0.0842998,0.016298,0.116902,0.129951,0.0591458,0.203352,0.0992769,0.139229,0.184625,0.162079,0.121257,0.190054,0.150535
1032.8,0.0270408,0.0499548,0.189056,0.0854619,-0.0109567,0.142606,0.0441071,-0.0258717,0.106301,0.0454174,0.0786126,0.068724,0.0334303,0.0108427,0.0286378,0.0649728,0.149781,0.140468,0.0708255
1033.09,0.0651381,-0.095745,-0.0276266,0.0020926,0.0316343,0.088043,0.0483067,0.0785987,0.089759,-0.0114066,-0.0139336,0.0776145,-0.00852655,0.0402757,0.0468557,0.0314805,0.0690557,0.0705026,-0.0415475
1033.38,0.0564596,0.0591769,0.225415,-0.0171834,0.0602758,0.156637,-0.016496,0.159267,0.0637895,0.146273,0.14508,0.100907,0.0953443,-0.0473148,0.0847367,0.10852,0.184331,0.171157,0.0850268
1033.67,0.185893,0.149492,0.151446,0.0529064,0.0929321,0.17686,0.0833898,0.105728,0.106703,0.128733,0.0774985,0.122717,0.0917988,0.0196045,0.160931,0.158969,0.10427,0.106375,0.211104
1033.96,0.129815,0.0272617,0.0487661,-0.0808325,0.089375,0.0801045,0.113779,0.0503092,0.106385,0.0589215,-0.0174047,0.0744909,0,0.100351,0.033477,0.0712409,0.00754075,0.00577177,0.0786702
1034.25,0.0927854,-0.00560467,-0.0234945,0.00583083,0.181681,0.0304043,0.067828,0.0261111,0.124586,0.0728608,0.0850805,0.0364174,0.0333818,0.0639148,0.0518996,0.105425,0.0677217,0.0727381,0.132529
1034.54,-0.00501178,0.0364482,0.0208049,-0.0286117,0.031825,-0.0596649,-0.0194386,-0.0631716,-0.0143692,0.0155237,0.0446624,0.00994127,-0.0323756,-0.00308103,0.0271247,0.0489655,-0.042123,0.0377043,0.0266037
1034.84,0.0426853,0.042624,0.0447372,0.00980651,0.149922,0.0738358,0.0785981,-0.0351058,0.0809897,0.00652554,0.0767657,-0.0248395,0.0415425,0.112812,0.0974975,0.0977019,0.016717,0.123471,0.0688015
1035.13,0.0668342,0.2079,0.107317,0.112635,0.132612,0.179698,0.114118,0.0166753,0.0767281,0.0867752,0.102722,0.200764,0.0240729,0.0611985,0.0190551,0.134072,0.0789801,0.128615,0.125084
1035.42,0.172397,0.144834,0.0700155,0.183172,0.216378,0.19618,0.118645,0.188122,0.196646,0.170016,0.248241,0.0436288,0.13383,0.0189488,0.115368,0.148096,0.104878,0.209977,0.179729
1035.71,0.0422256,-0.0944634,-0.0643729,-0.0943911,-0.0785845,-0.177458,-0.106433,-0.0252392,-0.08916,-0.121139,-0.152886,-0.128171,-0.176263,-0.0208995,-0.00777839,-0.0573674,-0.136894,-0.0455975,-0.0347426
1036,0.0825276,0.0524713,0.0233783,0.106139,0.125005,0.0858621,0.102945,-0.101587,0.135164,0.0456233,0.0267812,0.093605,0.0324618,0.111918,0.233554,0.0341968,-0.00239312,0.105501,0.21111
1036.29,0.0854499,0.133847,0.0895553,0.111222,0.116074,0.0888818,-0.00840987,0.0691815,0.106231,0.0347022,0.099968,0.0485385,0.0742819,0.010879,0.104677,0.0810851,0.0493738,0.0798771,0.0907917
1036.58,-0.0409025,0.0534552,0.100032,-0.0179333,0.0170532,0.0255276,0.112755,-0.0313496,0.0736336,0.0107082,0.0460987,-0.0332894,0.0914523,0.0403826,-0.0566156,0.119354,0.00758781,-0.0546898,-0.0317072
1036.86,0.0158586,-0.0262568,-0.0317605,-0.0827998,-0.0616758,-0.0796456,-0.169325,-0.0356267,-0.0399178,-0.0269846,0.078562,-0.0582772,-0.065642,-0.0414641,-0.0350005,-0.00247346,-0.134964,-0.043542,0.0378514
1037.15,0.0149031,0.0849476,0.0780426,-0.00310784,0.00287958,-0.0165482,0.0733948,-0.0535468,-0.0538002,-0.0129034,0.0421809,0.00324641,-0.0407331,-0.152045,-0.0594964,0.0268256,0.0574422,0.0781051,-0.00283684
1037.44,0.0699345,0.0351329,0.0697301,0.0791531,-0.0552815,0.0537459,0.0195659,0.0409927,0.0320601,0.0703037,0.0445135,0.102752,-0.00333595,0.057498,0.0744174,0.0699345,0.0418766,0.0785323,0.0590617
1037.73,0.165227,0.100109,0.0679682,0.18265,0.15084,0.0289379,0.165935,0.0662357,0.0932059,0.0760179,0.0952705,0.136327,0.119803,0.111105,0.112688,0.0228638,0.094008,-0.0197391,0.21075
1038.02,0.0840039,-0.0451786,0.0149803,0.0282366,0.0320524,-0.0992127,0.0873849,-0.122482,0.0298783,0.0577333,-0.0109002,-0.0587529,-0.0490586,0.00926514,-0.199524,-0.0298205,0.0275266,-0.00436809,0.117544
1038.31,0,-0.0470909,0.0401,0.118034,-0.0973112,-0.0778121,-0.0829361,0.0890406,-0.0618392,0,-0.304182,-0.0142393,-0.225938,0.115105,-0.0517856,-0.0459377,-0.0425456,0.0443599,0.00896078
1038.6,0.0217482,0.143897,-0.00212509,0.0970268,0.0249918,0.0973491,0.0434964,0.029861,0.00898608,0.127222,0.0388656,0.13782,0.0327093,0.0599917,0,0.0183348,-0.0623272,0.14359,0.0640336
1038.89,0.158292,0.117874,0.222092,0.12367,0.0717832,0.191577,0.211562,0.161077,0.1859,0.138361,0.0995095,0.270003,0.266814,0.130934,0.26888,0.227853,0.157324,0.196457,0.205449
1039.18,-0.0692829,0.0615738,0.119721,0.123971,0.0646375,0.0474163,0,0.068049,0.0634115,0.177557,0.151469,0.208428,0.0617245,0.0199459,0.171156,0.225424,0.173979,-0.0788468,0.130814
1039.47,0.00498963,0.0751677,0.128613,0.0102663,0.16817,-0.0647371,0.273492,0.137801,0.00759883,0.00623703,0.024859,-0.0776733,0.166166,-0.0633299,0.0690529,0.103228,0.0220969,0.0240184,0.144663
1039.75,0.356201,0.106886,0.187321,0.244681,0.12639,0.297079,0.238523,0.274769,0.0926813,0.249136,0.27083,0.300164,0.118898,0.213249,0.209584,0.277485,0.153688,0.378177,0.451272
1040.04,-0.0499104,-0.169423,-0.202085,-0.0862405,-0.142743,-0.0596553,-0.127273,-0.151749,-0.232193,-0.279219,-0.195867,-0.0152282,-0.11354,-0.109393,-0.169627,-0.0888737,-0.103302,-0.052951,-0.0751311
1040.33,0.155114,0.076483,0.192207,0.0497516,0.276524,0.152738,0.190126,0.23076,0.0679978,0.172954,0.173222,0.100085,0.180256,0.0987477,0.121512,-0.0194958,0.238502,0.0838196,0.165658
1040.62,-0.0520152,0.0988071,-0.0387611,-0.121232,0.0382976,-0.0630096,0.0226675,0.0904465,-0.0591377,-0.0195235,0.0188771,0.0438528,0.0393551,-0.0684602,0.0414493,-0.0392917,-0.0330166,-0.0703811,0.0726829
1040.91,0.0905085,0.24379,0.150718,0.0365497,0.0786657,0.0415631,0.0955196,0.118902,0.241369,0.135,0.0917536,0.0860616,0.0153085,0.0703506,0.13436,0.11027,0.182888,0.115214,0.0728897
1041.19,0.129581,0.0287984,-0.071286,0.0172738,0.0754526,0,0.0106877,-0.0356781,0.0699262,-0.0584944,-0.0644578,0.0387164,0.0325309,-0.0151974,0.171979,-0.0130902,-0.0460652,0.0605434,0.116443
1041.48,0.00570175,0.0203147,-0.0289103,0.00547368,-0.0505721,0.0133577,0.00284429,-0.0532895,0.0887382,-0.105564,-0.103072,-0.0177206,0.011273,-0.026391,0.052349,0.134354,-0.0338489,0.115022,0.0960406
1041.77,0.134378,0.186676,0.335309,0.268144,0.306702,0.129642,0.255371,0.344403,0.161322,0.262154,0.142074,0.519713,0.2229,0.328057,0.169226,0.363649,0.326966,0.297647,0.273121
1042.05,0.190614,0.0675503,0.195267,0.14482,-0.0323677,0.14515,-0.00370809,-0.0522405,-0.0451223,-0.178467,0.063561,0.103578,0.228809,0.133422,0.0441835,0.165324,0.215033,0.225253,0.0435143
1042.34,0.219405,0.092851,-0.010673,0.12192,0.22364,0.116458,0.222411,0,0.0705308,0.15511,0.0200202,0.285277,0.296431,0.297116,0.263472,0.129475,0.0466618,0.165655,0.17423
1042.63,0.105622,0.00966636,0.0835396,0.0932818,-0.115809,0.0489729,0.148503,0.0398948,-0.15236,0.0527706,-0.0151926,0.00835396,0.165903,0.143871,0.0902033,0.0248606,0.107729,0.0976765,0.0659704
1042.92,0.10467,-0.00723111,0.219045,0.0827934,0.149998,0.0604523,0.0696696,0.0233834,0.0798233,0.151336,0.126286,0.152795,0.128757,0.0562598,-0.0360518,0.0660811,0.141981,0.1768,0.132133
1043.2,-0.128759,-0.160241,0.015205,-0.170954,-0.198374,-0.110693,0.00257126,-0.0588791,-0.0970138,-0.118567,-0.134642,0.00808862,-0.11286,-0.201626,-0.131395,-0.187961,-0.173803,-0.0115531,-0.188146
1043.49,0.233684,0.208591,0.160549,0.222,0.257354,0.24093,0.131488,0.336083,0.191023,0.222,0.0951429,0.158977,0.174118,0.246667,0.153372,0.185,0.298512,0.204701,0.316728
1043.78,0.0733202,0.137094,0.0281758,0.175518,0.113752,0.0918928,0.120473,0.0469674,0.0801209,0.188347,0.131253,0.147029,0.178393,0.0211618,0.01393,0.130869,0.146127,0.0762734,0.12594
1044.06,0.0876358,0.158264,-0.0284918,0.152241,-0.0102044,-0.0914077,0.0824373,0.218735,0.478663,0.121489,0.0283378,0.197623,0.016687,-0.0802131,0.249149,0.20153,-0.00494575,0.10485,0.17674
1044.35,-0.4375,-0.254589,-0.147393,0.0417219,0.00846774,-0.039595,0.0727582,-0.124016,-0.0916667,-0.232718,-0.176602,0.0591153,-0.0756,-0.298469,-0.0946721,-0.154987,-0.28795,0.144603,-0.167468
1044.63,-0.0937534,0.0425591,-0.160082,0.0630096,-0.224034,-0.00421268,-0.225546,-0.141141,-0.0154354,-0.113942,-0.282578,-0.0214945,-0.0756115,-0.0159374,0.0729037,-0.0205914,-0.102987,-0.00437567,0.0354746
1044.92,0.0407573,0.0980405,0.0987505,0.0814601,0.0675148,-0.0868097,0.0443143,0.0715846,0.12925,0.238078,0.0913393,0.118487,0.16292,0.204752,0.0832494,0.132943,0.105684,-0.018342,0.121934
1045.21,-0.0260534,0.0180637,0.0371057,0.0797664,-0.0147843,-0.0700356,0.0748266,-0.0389879,0.00481349,-0.00237908,-0.0204706,0.0358765,0.0309281,0,0.0349123,0.0141525,0.0875957,-0.0451593,0.0811687
1045.49,0.140102,-0.0515773,-0.0193858,0.0220278,-0.00686581,0.15557,0.174496,0.0932514,-0.116258,-0.203824,-0.0959034,0.0908033,-0.0741339,0.0154921,-0.0553986,0.0774173,-0.0220374,0.0174286,0.19186
1045.78,-0.095,-0.256056,-0.144444,-0.237875,-0.131405,0.0142857,0.0302013,-0.0852071,-0.119189,-0.148101,-0.297087,-0.122727,-0.103323,-0.175325,-0.207273,-0.0972125,-0.18785,0.0342561,-0.0623269
1046.06,0.201889,0.2017,0.282127,0.120314,0.161753,0.392819,0.183183,0.174132,0.0414424,0.194593,0.131281,0.225207,0.188085,0.11855,0.215266,0.165835,0.227269,0.0485782,0.183957
1046.35,0.0199397,0.0912034,0.0816742,0.0304549,0.00854458,-0.0113068,0.00411157,0.0282241,0.137636,0.0232702,-0.0244534,0.0469952,0.0190777,0.0522736,0.0697656,-0.0144131,-0.00680757,0.00218599,0.121036
1046.63,0.0723854,-0.0784152,-0.0473749,-0.059973,0.05775,0.0863336,0.00224854,0.081234,-0.0106694,0.0336508,0.0583019,0.00198227,0.0892365,0.0240658,0.0586111,0.059468,0.0543336,0.145124,0.0920652
1046.92,-0.0482946,-0.100518,0.110134,0.00896037,0.0137888,0.00348857,-0.0921509,-0.0999689,0.07326,-0.198041,-0.132437,0.0278343,0.0225069,0.0990446,0.0500154,-0.141347,0.0844009,-0.0881588,-0.0161508
1047.2,0.174434,0.0674516,0.162606,0.136033,0.192931,0.111538,0.181871,0.0744333,0.131542,0.0538433,0.0953538,0.259286,-0.0177303,0.197339,0.0636878,0.149253,0.0814279,0.108795,0.122621
1047.49,0.0795802,0.13332,0.261323,-0.0618802,0.0421101,0.0881739,0.0289999,-0.036149,0.186232,0.0589542,-0.00834207,0.218343,-0.0217346,0.0201009,0.0505322,0.058124,0.0119551,0.119049,0.218071
1047.77,0.125545,0.0583753,0.102499,-0.0595641,0.0592233,0.163871,0.0425116,0.0822551,-0.00608355,0.0923837,-0.0649048,0.0551322,0.125618,0.0699609,0.0686471,0.216028,0.15516,0.0823765,0.0684872
1048.06,-0.116599,-0.0141625,-0.00710372,-0.191337,-0.0207352,-0.00907164,0.15897,-0.0126511,0.0458106,0.122373,-0.0840136,0.128919,0.0565657,0.0743076,0.108387,0.0187122,-0.0298356,0.096392,-0.0362866
1048.34,0.383175,0.407633,0.538075,-0.0658036,0.00797619,0.352632,0.202473,0.066482,0.519471,0.0456818,0.654142,0.873871,0.381528,0.458188,0.0397091,0.078072,-0.0140114,0.145012,0.510792
1048.62,0.261525,0.143415,-0.0112611,-0.0838212,0.162082,0.183437,0.152664,-0.028973,0.0773129,-0.0391165,0.0323485,0.143076,0.166957,0.203312,0.180359,0.00307228,0,0.238619,0.366272
1048.91,-0.223837,0.137992,0.0327486,-0.357861,-0.200279,0.25173,0.195297,-0.139834,0.0974061,0.203082,-0.313496,0.192042,0.152932,0.35814,0.297188,0.00662973,0.0808263,0.279981,0.0224783
1049.19,0.109612,0.105031,0.189863,-0.0698347,0.109747,0.209504,0.0500738,0.099059,0.0707333,0.219951,-0.00365121,0.259919,0.0552329,0.00726748,0.21869,0.0580757,0,0.174227,0.266474
1049.48,-0.201349,-0.0381024,0.0356862,-0.00812851,-0.512468,-0.361892,-0.265794,-0.380532,-0.265405,-0.365783,0.293409,-0.62133,-0.0958003,0.0756793,-0.113876,-0.484875,0.385411,-0.0643135,-0.104096
1049.76,0.0660167,-0.0299183,-0.0802615,0.0330827,0.00350287,-0.0277895,0.0458068,-0.104968,0.0295284,-0.115733,-0.0192871,0.0165907,0.0540881,0.0176441,-0.0723093,0,-0.0957452,0.042753,0.112889
1050.04,-0.00791578,-0.024725,-0.00519763,-0.0080597,-0.00297906,-0.0270549,0.0342107,-0.00830119,-0.00636902,-0.0423316,0.00857543,0,0.0219167,0.0200093,0.00859077,0.00241243,0.0184701,0.00675051,0.013083
