wavelength_nm,8,12,16,20,24,28,32,36,40,44,48,52,56,60,64,68,72,76,80
349.501,-0.0815469,-0.0426829,0.0486719,-0.326524,-0.365678,-0.222401,-0.41303,-0.49876,-0.120017,-0.289321,-0.329945,-0.143021,-0.244762,-0.356377,-0.00480183,-0.381668,-0.400321,0.169024,-0.159708
350.001,1.09402,0.966903,0.405677,1.501,0.435267,0.54519,-0.274526,1.21755,0.946965,1.38464,1.91104,1.15851,1.52768,0.948659,0.814088,1.36272,0.724723,1.3917,1.04329
350.501,-0.0923214,-0.0847297,-0.0909355,-0.0554867,-0.0725579,-0.0463916,-0.07125,-0.0307353,-0.0380769,-0.0489039,-0.0360345,0.0462304,-0.100681,-0.0667021,-0.048417,-0.0575229,-0.0538915,0.0459853,0.0818419
351.001,-0.361425,0.0803971,-0.413471,-0.136911,-0.689118,-0.115495,-0.296851,-0.715122,0.026169,-0.522919,-0.602978,-0.431645,0.022594,-0.164449,-0.958376,-0.225694,-0.288074,-0.177837,-0.123851
351.5,-0.2888,1.03806,0.528924,0.243466,0.694286,0.560769,0.577226,0.710065,1.27286,0.205024,1.10353,-0.410143,0.575816,0.48817,0.851835,0.474625,0.504754,0.337697,0.99442
352,-0.208421,0.431432,0.166046,0.354463,0.0998684,0.200853,0.113643,0.044386,0.28619,0.181829,0.309936,0.305053,0.0285338,0.404872,0.150526,-0.0134152,-0.112083,-0.115404,0.140505
352.5,0.327958,0.221731,-0.0115643,0.77481,0.535925,0.263288,0.240197,0.169012,-0.114171,0.643144,0.564816,0.0860196,0.1628,0.361316,0.633048,0.116286,0.375953,0.0940738,0.68376
352.999,0.0557871,-0.015109,-0.014541,0.0233262,0.0928125,-0.00306005,0.0723329,0.15703,0.0402907,0.0906541,-0.0311016,-0.0416117,0.00215843,0.0530278,0.0483488,-0.0087907,0.123153,-0.0103605,0.00194955
353.499,0,0.106384,0.30563,0.097471,0.145421,-0.0147502,-0.0667857,0.0534286,-0.146055,0.249333,0.0577953,-0.462363,0.163002,0.252624,0.0897122,0.644627,0.16919,0.0546429,0.584528
353.998,-0.179421,0.11311,-0.915742,-0.469073,-0.202735,-0.291532,-0.212373,-0.328054,-0.160839,-0.15434,-0.514468,-0.265808,-0.344566,-0.242806,-0.171694,-0.750598,-0.31897,-0.483288,-0.0942582
354.497,0.301596,-0.687074,0.0521993,0.114923,0.787166,0.53365,0.0801486,0.43093,-0.265536,0.666892,-0.154225,-0.220084,-0.250784,0.029504,0.505528,-0.376176,0.536306,0.0427086,-0.387767
354.996,0.0180952,0.0628966,-0.146961,-0.0274699,-0.076,0.00248366,0.0524138,-0.0529114,-0.184795,0.075283,-0.00273381,-0.0662385,-0.371648,-0.00993464,-0.17358,-0.0352857,-0.00666667,-0.0398601,0
355.495,0.288666,0.197396,0.137197,0.274536,0.146686,0.205201,0.0108374,0.0455172,0.0939069,0.225015,0.0037931,0.271433,0.155939,0.0721224,0.284483,0.187342,0.232078,0.149237,0.500937
355.994,0.106172,0.120946,0.0780678,0.0140793,-0.00273676,-0.106771,-0.0200884,0.0834149,0.0777038,-0.0265276,-0.108254,-0.0575099,0.0452347,0.0801627,0.139546,0.0522922,-0.0243571,0.0835102,0.15341
356.492,0.186353,0.523797,0.0550957,-0.132845,0.206276,0.222661,0.103776,0.111503,0.0263868,0.0330574,0,-0.00598866,0.150066,0.0658752,0.289977,0.150535,0.240803,0.254848,0.129943
356.991,0.408651,0.262769,0.562097,0.61276,0.472523,0.369785,-0.177099,-0.0415165,0.220189,0.180973,0.106765,0.530389,0.0700717,0.467286,0.245251,0.193371,0.0889849,0.730206,0.117743
357.489,0.361475,0.016051,-0.0644318,0.127416,0.0273913,0.284268,0.041768,0.151579,0.322105,0.116532,0.0214773,0,0.0969231,-0.100354,0.120719,0.0728,0.341053,0.36,-0.00572727
357.988,-0.0776302,0.145815,-0.116294,-0.236526,0.0696908,0.0641757,0.129909,0.0428866,-0.137046,-0.0766599,0.0112632,0.0389879,0.0576751,0.140305,0.271794,-0.244592,-0.45155,-0.0719389,-0.0851776
358.486,0.131496,0.150596,-0.184095,0.041351,0.317,0.0382256,0.0646703,-0.0587536,0.173674,-0.0972331,0.0065421,0.0722507,0.0855892,-0.013989,0.0124053,0.158702,0.201627,0.121381,0.0909722
358.984,0.00567742,-0.0232347,-0.00298305,0.018,0.00623881,0.0180632,0.00743243,0.0054715,0.0276774,0.0108451,0.0024958,0.00335025,0.0129775,0.00763889,0.0184643,0.0130725,0.0310814,-0.00145856,-0.0111864
359.482,-0.0231349,0.110231,0.957482,0.331443,1.01133,0.582054,0.0991497,0.646793,0.487526,0.712783,0.629805,0.395457,0.136908,0.158137,0.137018,0.290839,0.257917,0.521355,0.537076
359.98,1.51356,0.612188,1.12976,1.16204,-0.418431,0.751449,1.89464,1.31806,1.27842,1.56912,0.789355,0.187254,0.450704,1.85604,1.86613,0.429025,-0.16421,1.54059,0.555226
360.478,0.138462,-0.128571,-0.2625,-0.286624,0.126994,0.0116129,0.0878049,-0.522137,-0.128571,-0.144966,-0.0391304,0.0211765,-0.0658537,0.0882353,0.048,-0.159868,-0.0842105,-0.05,-0.0384146
360.975,-0.199226,-0.0723305,-0.737812,-0.195791,-0.511848,0,0.338807,-0.123434,-0.297828,0.186774,-0.464234,-0.569118,0.108929,0.244213,-0.527237,-0.470854,-0.352667,-0.0197151,0.363971
361.473,-0.0691981,-0.284302,-0.183375,-0.690978,0.0643421,0.00745427,-0.155591,-0.315,-0.651663,0.253445,0.207594,0.320906,0.0559924,-0.614977,-0.355802,0.089017,0.0145536,-0.195973,-0.391827
361.97,-0.668358,-0.52717,-0.526772,-0.0435655,-0.508264,-0.663733,-0.442711,-0.262406,-0.588786,-0.533268,-0.71641,-0.572657,-0.84487,-0.698077,-1.31342,-1.04634,-1.23581,-0.402981,-0.879231
362.468,-0.112683,-0.432414,-0.0477931,-0.320704,-0.509143,0.183857,-0.32472,-0.761538,-0.0321951,-0.0530357,-0.19604,-0.444112,-0.356053,-0.101538,0.117,0.089375,-1.08818,-0.196644,-0.0936486
362.965,-1.18985,-0.756559,-0.758275,-0.588778,-0.529846,-0.777631,-0.543513,-0.541441,-0.135193,-0.539789,-0.372196,-0.312231,-0.327842,-0.416308,-1.47511,-0.721209,-0.0571154,-0.507567,-0.385085
363.462,-0.290455,-0.294425,-0.578143,-0.227476,-0.29318,-0.569984,0.0669429,0.106071,0.127979,0.273459,0.311631,-0.229441,-0.0499574,0.0929762,-0.874254,0.407933,-0.377497,-0.332635,0.192049
363.959,0.0514191,0.172803,0.221423,0.0608388,0.240525,0.0911606,0.141035,0.0736842,0.440259,0.0168997,0.192548,0.00534225,0.187509,0.312276,0.0723258,0.0120825,-0.0316869,0,0.406614
364.456,0.00769018,0.113674,0.27918,0.5742,0.500314,0.0449933,0.0830169,0.229368,0.248563,0.023925,0.213193,0.319,-0.0915131,0.0638,0.175309,-0.00424286,0.405318,0.315406,0.151637
364.953,0.014788,-0.0941053,-0.258789,0.0784211,0.183394,-0.167452,-0.764605,0.388184,0.412563,-0.611031,-0.29928,-0.082417,-0.350444,0.222881,-0.325255,0.23692,0.39134,0.150265,0.105825
365.449,0.119771,0.0207955,0.0645259,0.0669635,-0.00253332,0.0165999,0.0946891,0.0855317,0.0125907,0.0954146,0.00764602,0.155572,0.0919912,-0.0609465,-0.0116814,0.0968328,-0.078983,0.0711668,0
365.946,0.226075,0.548852,0.368228,0.0991555,0.247207,0.284073,0.307746,0.339361,0.670728,0.217612,0.258692,0.443284,0.421647,0.301433,0.508788,0.559546,0.42703,0.508552,0.158649
366.442,0.0387336,0.03168,-0.0018936,0.0835516,0,0.0484898,-0.0214658,0.106237,0.00217582,0.058271,0.0544588,0.0565714,0.127706,0.00651182,0.0714586,0.109371,0.0179434,0.04929,0.0301714
366.939,0.182891,0.234832,0.08325,0.164444,0.305427,0.185219,0.102805,0.141621,0.296804,0.181967,0.297839,0.0128696,0.105955,0.227842,-0.0708511,0.2331,0.123333,0.0212553,0.167451
367.435,0.234914,0.824835,-0.0317074,0.71696,0.59887,0.0925109,0.170374,-0.0204777,-0.390651,0.479763,-0.0191791,-0.0310398,0.324265,0.07645,-0.121599,-0.015122,0.430337,0.391058,-0.0693832
367.931,-0.00305849,0.0207933,0.180642,0.212447,-0.0707193,0.0523238,0.009581,0.0293428,-0.00555821,-0.035391,0.0112791,0.103127,-0.00829742,-0.0895216,-0.0825791,-0.0159097,0.13088,0.172117,0.100643
368.427,0.0216,0.00893233,-0.0821198,0.088198,0.138564,-0.0117721,0.0639906,0.145469,0.142808,0.0665357,0.0830707,-0.0322871,0.0451902,0.0942857,-0.14346,0.11555,0.135551,0.0711093,0.0976077
368.923,0.291732,0.108475,0.332759,0.414709,0.206296,0.300335,0.29622,0.0614282,0.400588,0.226018,0.340338,0.211586,0.365255,0.154742,0.240799,0.364986,0.102235,0.23295,0.356529
369.418,0.239535,0.104372,0.211447,0.0190545,0.203768,-0.00527989,0.0420321,0.278797,0.194876,0.127706,0.177765,-0.021016,0.0184796,0.00978829,0.00427019,0.191542,0.283986,0.05203,0.163199
369.914,0.0110139,-0.419989,0.425258,0.191366,0.0586001,0.155031,-0.374921,0.0300182,-0.109913,0.284824,-0.498274,0.314208,0.200656,0.341048,-0.24373,0.15083,0.244197,0.130783,0.224647
370.409,0.140199,0.116801,-0.0628202,0.0424771,-0.189718,-0.0303123,0.040778,-0.332609,0.364417,-0.162193,-0.0452208,0.0807065,-0.381134,-0.301523,-0.201569,0.294968,-0.137836,0.0441472,0.332609
370.905,-0.530324,1.47466,0.650769,0.429603,-0.140303,1.36044,0.891375,0.609963,1.34169,0.835236,0.960245,-0.119045,1.19374,0.582577,-0.075598,1.15077,0.79763,0.810039,0.685732
371.4,-0.569749,-0.696483,0.122176,-0.381496,-0.33063,-0.199589,-0.314353,-0.068937,-0.0213845,-0.430394,0.017464,-0.097515,-0.101404,-0.502091,-0.408127,-0.105311,-0.483852,-0.570492,-0.0964272
371.895,-0.0100621,0.0490909,0.504935,-0.153284,0.284211,0.349173,0.241207,0.360756,0.272085,-0.108482,0.579483,0.0344987,0.216,-0.141429,0.0627097,-0.0853312,0.29816,0.161105,0.134032
372.39,0.52875,0.154264,0.522179,0.370436,0.455921,-0.0667903,0.215763,0.0784528,0.250845,0.266265,0.386591,0.0756917,0.061875,0.116431,0.109147,0.377906,0.11398,0.303378,0.102266
372.885,0.287354,0.185631,0.29367,0.200736,0.164995,0.177924,0.201374,0.112058,0.222539,0.219307,0.110855,0.222709,0.246164,0.187756,0.226428,0.200229,0.188529,0.187214,0.316444
373.38,-0.0184945,0.271665,0.0396,0.47124,0.121516,0.249108,0.297574,0.202466,0.18104,-0.187652,-0.161207,-0.234342,0.112917,0.00607581,0.107966,0.0647308,0.153665,-0.0888908,0.36104
373.875,-0.447873,-0.0118754,0,0.0868657,-0.40006,-0.0356263,-0.775706,-0.266485,-0.153328,-0.240257,-0.402047,-0.165445,-0.382514,-0.259985,-0.228742,-0.0618533,-0.572265,-0.23113,0.249656
374.369,-0.0250858,-0.0813944,-0.0280878,0.0606436,0.193112,-0.106544,-0.0248824,-0.0300077,-0.130095,0.0744395,-0.0303218,-0.0282216,0.051535,0.0581575,0.0951172,-0.0935768,-0.0327851,0.0140439,-0.0476847
374.864,0.15127,0.619401,0.406692,0.28665,0.191608,0.268197,0.225351,0.165388,0.259578,0.615807,0.984454,0.620206,0.846285,0.972872,0.394429,0.751765,0.273502,0.366366,0.307904
375.358,-0.0630891,0.0787111,-0.0849722,0.25623,0.139752,-0.325864,0.128423,0.131642,-0.0447646,0.227051,0.0344361,0.231917,0.114258,0.136231,-0.0999026,-0.124718,0.179953,-0.237964,0.0831455
375.852,0.441077,-0.0315548,0.0853856,0.137205,0.236763,0.156944,-0.00847139,0.407288,0.252203,0.178916,0.0927024,0.137244,0.183101,0.0416083,0.0908201,0.0599382,0.0968857,0.504088,0.465926
376.347,-0.164914,0.380716,0.109653,0.08886,-0.227132,0.842537,-0.0273503,0.563304,0.396579,0.266665,0.256087,0.178987,-0.334755,0.182335,0.228633,0.328959,0.311688,0.549109,0.688795
376.841,-0.0687102,0.327173,-0.0286818,0.474185,-0.18458,-0.730294,0.065587,-0.229818,-0.179501,-0.260526,-0.40726,0.0412715,-0.283453,0.170305,-0.183131,-0.0103692,0.529884,0.283041,0
377.335,-0.0905735,0.162689,0.0405157,0.140965,-0.0960069,0.043474,0.00571341,0.0519864,0.0908111,0.0570771,-0.018007,-0.0615691,0.142936,0,0.0518601,0.106482,0.0278588,-0.0639035,0.131801
377.828,0.0136369,-0.00459868,0.0671512,0.186303,0.168837,0.204272,0.0332918,0.257164,0.201926,0.0127539,0.245369,-0.153917,0.00459868,0.0505069,0.218336,0.246649,0.412939,0.0619316,0.253256
378.322,-0.0456788,0.149199,-0.334412,0.037096,-0.0847512,-0.101382,0.223929,0.106667,-0.116526,0.0139683,0.138826,-0.0722958,0.0299716,0.162562,0.107511,0.0867429,0.0166387,0.142658,0.00988147
378.816,-0.0473325,-0.142838,-0.0259268,-0.108134,0.0546533,-0.0788875,0.0234576,0.0244493,-0.00564056,-0.0397265,-0.0123979,-0.151019,-0.090898,-0.109065,-0.180223,-0.00903869,-0.100111,-0.0849868,0.161466
379.309,-0.0274238,-0.0901968,-0.248209,0.00432692,-0.253516,-0.140547,-0.0277311,-0.00335366,-0.0604642,-0.0892623,-0.151376,0.0384052,0.0434904,-0.108333,-0.0673469,-0.15109,0.180469,-0.213941,0.00798387
379.802,-0.0518748,-0.01566,-0.0825527,-0.00839474,-0.067845,-0.0298514,-0.0673728,-0.0394368,-0.0983769,-0.0443003,0.0233269,-0.117277,-0.142748,-0.0719945,-0.00188262,-0.103322,-0.033287,-0.132624,-0.00500756
380.296,-0.0960357,-0.387574,-0.358208,0.0890021,-0.125227,-0.0976273,0.0540098,-0.336125,0.113859,-0.544419,0.0198092,-0.172156,-0.10425,-0.341801,0.50439,-0.258679,-0.459726,0.202537,0.263298
380.789,0.10908,0.0856086,-0.0217749,0.11925,0.0571679,-0.112535,-0.121408,0.0740308,-0.223203,-0.00280752,0.161725,-0.0291393,0.0326623,-0.0287624,-0.0729954,0.0718293,0.046324,0.0577464,-0.0328344
381.282,0.203965,0.386539,-0.260268,0.21347,-0.0214931,0.191166,-0.118043,0.257279,0.181714,-0.146705,-0.112328,-0.401108,-0.391529,-0.130798,0.083803,0.22813,0.217541,0.442518,0.327278
381.775,0.488049,0.453539,0.234097,0.355196,0.223531,0.153727,0.0827844,0.143246,0.223041,0.485473,0.368946,0.406059,0.308769,0.267179,0.508828,0.470635,0.298365,0.374436,0.276507
382.267,-0.00509564,-0.0472772,0.129137,0.0529289,-0.143492,0.0287859,0.10352,-0.0220406,0.00507987,-0.0711181,-0.00295107,0,-0.0708986,0.0030842,0.0212401,-0.157666,-0.0105179,-0.00517602,0.171644
382.76,-0.0274005,-0.274297,-0.0329707,-0.195153,-0.159359,-0.254309,-0.0505678,-0.101352,-0.0560784,-0.0764295,-0.165686,-0.1454,-0.0944054,-0.169539,0.0147277,-0.140363,-0.0954669,-0.0509936,0.0321626
383.253,0.11373,0.150508,0.0692936,0.00352219,-0.00372242,0.156854,0.0591006,0.165765,-0.0338517,0.0423699,0.094526,0.312463,0.00865211,0.099799,0.0554068,0.0720288,0.161736,0.140839,0.186886
383.745,0.131437,0.0808275,0.200175,0.138719,0.148645,0.188177,0.12192,0.182193,0.1451,0.329716,0.197182,0.0531782,0.0285386,0.179995,0.157787,0.154566,0.230967,0.166344,0.214521
384.237,-0.0154984,0.0321717,0.00753059,-0.0370989,-0.0983658,-0.0858467,-0.0292877,-0.101443,-0.00382475,-0.0341269,-0.0481996,0.0671741,-0.0505194,-0.0275266,-0.00662646,-0.0213213,-0.00926916,-0.0513638,-0.0243393
384.73,-0.00314005,0.135895,-0.0813559,-0.151696,-0.039774,-0.247674,-0.108185,-0.0408207,-0.135212,-0.104595,-0.243795,-0.0892591,-0.102276,-0.260339,-0.100678,-0.166013,-0.0786379,-0.0763661,-0.150363
385.222,0.0908341,0.140953,0.134896,0.240144,0.144317,0.1448,0.163187,0.130467,-0.0188811,0.0363081,0.0806714,0.0253143,0.125528,-0.0380769,0.0366516,0.178486,0.0726161,0.222115,0.141682
385.714,0.268927,0.136777,0.176541,0.173197,0.133242,0.0954098,0.100888,0.0825822,0.088319,0.144818,0.135871,0.139779,0.302174,0.340252,0.30547,0.26964,0.140596,0.233064,0.238864
386.205,-0.0250526,0.0355658,0.0859482,0.0653681,-0.0523155,0.00851488,0.0577068,0.0337216,-0.0866286,0.021777,-0.0744657,0.0911893,-0.137226,-0.0596502,0.0309619,0.0362382,-0.0210343,-0.0334359,0.0125857
386.697,0.0555469,-0.0438851,0.0927058,0.226076,0.113677,0.345919,0.15054,0.100013,0.058192,0.0456506,0.11858,0.00881273,0.177241,0.185625,0.18025,0.168874,0.0235653,0.241564,0.185067
387.189,0.0970198,0.0738408,0.126091,0.0528573,-0.0308865,0.0686871,-0.0376812,-0.0073719,0.0277186,-0.0122483,0.0750856,-0.0459163,0.160836,0.102946,-0.0873418,-0.0743692,0.121284,0.0885478,0.0302054
387.68,0.0835784,0.110465,0.0457373,0.063156,0.0818571,0.0676738,0.0876263,-0.00601122,0.0566557,0.0719826,-0.00413601,0.0059655,0.0366287,0.0668577,0.09093,0.00963376,0.143049,0.0374983,0.0645706
388.172,0.0374912,0.0151642,-0.0220418,0.028766,0.138766,0.0714573,0.00636533,0.100583,0.0685201,-0.0147149,-0.0732355,0.138582,0.0587509,0.0042515,0.0511137,0.0694157,0.0568628,0.0751045,0.122826
388.663,-0.209826,-0.15029,-0.0360073,-0.116448,0.0396057,-0.176248,-0.277703,-0.0495652,-0.0552714,0,-0.059881,-0.0514288,-0.10378,-0.263678,-0.0790555,-0.0342177,0.00909699,-0.00810335,0.0125266
389.154,0.0509099,0.134277,-0.0339986,-0.120017,0.0241243,-0.0815967,0.0194824,-0.0297415,0.0209267,-0.0902417,-0.0766378,-0.0462793,-0.0253129,0.00282399,0.0866965,-0.162839,-0.0591113,0.133636,0.196958
389.645,0.0916645,0.0730443,0.00670004,0.126481,0.0320844,-0.00707645,-0.0100145,0.039847,0.0918,0.0462568,0.142427,0.0625173,0.0454018,0.0205715,0.0636504,0.0996369,0.0281477,0.104004,0.0834036
390.136,0.111503,0.0873522,0.11784,0.13528,0.0238288,0.0881158,0,0.158995,0.0780371,0.0250997,0.0436014,0.187219,0.186033,0.0539827,0.165079,0.127298,0.153185,0.128212,0.205361
390.627,-0.0811364,-0.0281842,-0.0452961,-0.151065,-0.0338068,-0.105206,-0.183655,-0.044204,-0.139552,-0.0774277,-0.15233,-0.12253,-0.0421285,-0.0795522,-0.0160192,0.0199441,0.00773844,0.0663451,-0.00687714
391.118,0.00147163,0.00870945,0.100603,0.0316141,0.0517331,0.0415646,0.0249236,0.0931479,0.0187428,-0.0396314,-0.0160466,-0.016845,0.0703822,0.0315076,0.00143931,-0.0100244,-0.0154923,0.0379402,0.0974215
391.608,0.0136385,0.0468829,0.0331093,0.0050152,0.0363169,0.0900864,-0.00488342,-0.0580365,0.0588845,0.0367392,0.0577331,0.0392051,0.0338746,0.0453527,0.00337561,0.0204173,0.0408848,0.0358118,0.0589787
392.099,-0.0306751,0.0369225,0.00186181,0.0469068,0.0221524,0.0156991,0.0832606,-0.0141557,-0.0216493,-0.0362003,0.0206889,0.084787,-0.0580154,-0.00536853,0.00548389,0.0967222,0.0358953,-0.0278803,0.157988
392.589,0.0661243,-0.0222333,0.0221469,0.0451647,0.0292568,0.0502241,-0.0244392,0.0918244,0.057515,-0.00174011,0.0553837,-0.0343149,-0.034205,0.023869,0.0784324,0.0720306,0.0349874,0.0526074,0.0521207
393.08,0.00133899,-0.0276618,-0.0625368,-0.0969663,0.0220129,-0.00460137,-0.0354407,-0.0462214,0.06501,-0.0244397,-0.0757195,-0.0155459,0.0263832,0.0354344,0.0521987,0.0499257,-0.0437459,-0.0127784,0.0123322
393.57,0.0174206,0.0514186,0.0612277,0.0322115,0.0225222,0.0208088,-0.0152081,-0.0340659,0.0454089,-0.105799,-0.00799735,-0.0285273,-0.00197153,-0.0637788,0.0197764,0.0836444,-0.0428438,-0.00605495,0.161465
394.06,0.077921,0.0575032,0.0479542,0.0530535,0.0156436,0.0848571,0.0557806,0.0155414,0.107188,0.0743953,0.176136,0.114825,0.0848091,0.055219,0.102541,0.0805488,-0.0209367,-0.0144182,0.141699
394.55,0.0610605,0.0578738,0.0584811,0.054257,0.0828172,0.00254573,-0.031289,0.0243489,0.0569741,0.0142686,0.0283597,-0.0193163,0.021142,0.0231152,0.0855817,0.011592,0.0491558,0.0707346,0.121278
395.04,0.0557115,0.107634,0.0713183,-0.0130091,0.0422776,-0.0549742,-0.00869271,0.0352249,-0.0578587,-0.0102304,0,0.0592156,0.0463555,-0.0129702,0.0225378,0.0709892,0.0367828,0.0402818,0.0993034
395.529,0.0149098,0.0627073,0.095376,-0.00483033,0.010222,0.0283973,0.0535127,0.033856,0.0521219,0.0406398,0.0388995,0.0705195,0.0179746,0.0142882,0.0213238,0.0675848,0.0499622,0.0773264,0.12311
396.019,0.0447765,0.0703845,0.0851145,0.0534219,0.174042,0.0364077,0.0511431,0.0866717,0.0556274,0.10467,0.0821184,0.160815,0.0198226,0.0931451,0.0958692,0.132658,0.177239,0.156826,0.175896
396.508,0.0236812,0.056306,0.0330117,-0.0356073,0.0410297,0.0591465,-0.0392482,-0.0338501,0.00352652,-0.0390831,0.00989768,-0.0535434,0.0357538,0.0489288,0.0169593,0.0538359,-0.00786142,0.0877964,0.0779897
396.998,-0.0288071,-0.0302903,-0.00331167,0.0319233,-0.0275604,-0.0297653,-0.0148628,-0.0267221,0.0146868,0.0260293,0.0206439,0.0275604,-0.0146099,-0.0223751,0.0120703,0.0221996,-0.0447673,0.0724906,0.0390006
397.487,0.00285644,0.0298792,-0.0312652,-0.0075392,-0.00305471,-0.0255393,0.0274924,0.0043275,-0.00994283,0.0234907,0.0177401,-0.0345363,-0.080946,-0.103336,-0.0998654,-0.0108059,0.0590785,0.109359,0.0741857
397.976,0.0131961,0.0342707,0.0277197,0.034835,0.0275547,0.0278531,0.00270713,-0.00824677,0.00537652,-0.0411849,-0.00807416,-0.0359925,-0.0212738,-0.00917449,0.038069,0.0119996,0.0152276,-0.00997669,0.140855
398.465,0.0901822,0.109861,0.0618802,0.122868,0.11696,0.0744453,0.0989011,0.0871353,0.0890842,0.0956062,0.0313291,0.0723743,0.119904,0.0663581,0.0772809,0.079666,0.0790353,0.0931293,0.169002
398.954,0.00137344,-0.0248628,0.00676003,-0.0119679,-0.00595946,-0.0758801,0.018018,-0.0230355,-0.0818022,-0.0229398,0.0142524,-0.0500242,-0.0409713,-0.0662483,-0.037814,-0.101514,0.053143,-0.0174916,0.00701012
399.443,0.106926,0.0159062,0.0368249,0.0370342,0.125383,0.0813842,0.106705,-0.00137226,0.0546522,0.0501085,0.0311786,0.03097,0.0161683,0.119635,0.0189188,0.038047,0.0214446,0.0851566,0.157144
399.931,0.0039831,0.0597629,0.0837309,0.00974312,0.0783658,0.105838,0.0632443,0.0114423,0.0327025,0.101072,0.0647182,0.0596243,-0.00138592,0.058469,-0.0537691,0.101874,0.0686186,0.126826,0.0832319
400.42,0.0683584,0.100331,0.126048,0.0629869,0.113213,0.0342354,0.0854023,0.00804377,0.048654,0.0229773,0.0566836,0.0880301,0.0550548,0.0829725,0.0762763,0.110928,0.0927004,0.0739877,0.0826872
400.908,0.0434231,0.0337509,0.0487271,0.0760568,0.0832873,0.0604335,0.0446433,0.121422,0.122081,0.0502682,0.0806471,0.0532535,0.0338186,0.0455235,0.0365234,0.0273925,0.0872295,0.0647915,0.0922555
401.397,-0.00113618,-0.019064,-0.0117372,0.00476434,-0.0177438,-0.0608561,-0.0594167,-0.0173695,-0.0508411,-0.0143649,-0.021915,-0.0284313,-0.0103227,-0.0445204,-0.0226384,0.0159724,0.0287836,0.0153019,0.0544938
401.885,0.0216815,0.019202,0.0677718,0.0173004,0.0036194,0.0580285,0.0175533,-0.0034298,0.0673896,0.00924122,-0.0187482,-0.00216502,0.00784868,0.0165753,0.0403922,0.0440206,0.00677092,0.106324,0.0759655
402.373,0.0155463,-0.0159647,-0.0182212,0.0169046,0.0166814,0.0174655,-0.00733236,-0.00248254,0.00818932,-0.0391601,-0.042756,0,0.0146019,-0.0242063,0.0158578,0.0069862,0.00671393,-0.0152414,0.0654609
402.861,0.114823,0.0428637,0.0715099,0.0116223,0.0536898,0.0258989,0.0324268,0.0257531,0.0314578,0.0360957,0.0594385,-0.0198902,0.0517531,0.00458346,0.0268947,0.0543792,0.0576164,0.0439536,0.110783
403.349,0,0.0570737,0.0149065,0.04833,0.0312229,0.0447222,-0.0260908,0.0313617,-0.0617667,0.0633724,-0.00693038,0.020662,-0.0179989,0.00932375,-0.00549096,0.0849437,0.0746562,0.0910402,0.0966088
403.837,0.00316652,0.0225628,-0.0322098,-0.0219591,-0.0181333,0.0149471,-0.0463698,-0.024146,-0.0184404,-0.00832625,-0.00191004,-0.0513673,-0.0298693,-0.0619365,0.0296222,0.0133326,0.023542,0.0520809,0.0434979
404.324,0.144021,0.050696,0.0851825,-0.0172502,0.0508314,0.0407319,0.0571224,0.0437146,0.021309,0.106734,0.0554545,0.0600587,0.0611089,0.0373113,0.0366524,0.0202267,0.0476518,0.103216,0.126527
404.812,0.0204388,-0.0132864,-0.00432477,-0.0407166,0,-0.000830485,-0.0297816,0.00505513,-0.0317659,0.00526392,-0.0308041,-0.0154123,0.017178,-0.0210056,-0.00268964,-0.0301468,-0.00255091,-0.0107673,0.018453
405.299,0.0919213,0.0546171,0.0638493,0.0461048,0.0673108,0.0398807,0.0255524,0.0580608,0.0573078,0.0724573,0.0668632,0.0148235,0.0420324,0.0690341,0.0481201,0.0652796,0.0579218,0.0930829,0.0997122
405.786,0.0602017,0.0529985,0.0361795,0.0561807,0.0556445,0.04737,0.0413036,0.0354634,-0.0147262,0.00674944,0.00533623,0.0295622,0.0316476,0.0394661,0.0522703,0.073034,0.069714,0.0510581,0.0178334
406.274,0.0100319,0.0315972,0.00268701,0.0394854,-0.00461035,0.0348078,0.00189583,-0.019016,0.0187453,0.0175614,-0.016833,0.00452695,0.0293054,0.0249482,-0.00833549,-0.00569181,0.0212677,0.0317956,0.0558847
406.761,-0.0139111,0.0417334,0.0226017,0.0101247,0.0418503,-0.00305091,-0.00882136,0.00231046,-0.00680829,0.0114095,0.0145118,-0.00395247,-0.015331,-0.0046828,0.00668949,0.0520508,0.0192941,0.0565122,0.0440212
407.248,0.0420622,0.0724798,0.0442355,0.0445892,0.0527192,0.0207176,0.0508789,0.023312,0.00898895,0.0414631,0.0653401,0.07222,0.063848,0.0105941,0.0187305,0.0123428,0.056504,0.0984118,0.0743632
407.734,0.0150969,0.0127838,0.0334393,0.0184766,0.0258857,-0.013535,-0.0172031,0.012558,-0.0239686,0.0279512,0.0436401,0.0351499,-0.0383795,0.0443303,-0.00239839,0.0425813,0.0431133,0.0524285,0.0668375
408.221,0.0502891,0.0320399,0.0512998,0.0240125,0.0594313,0,0.0460128,0.027303,0.0166244,0.0344776,0.0538558,0.0264,0.0204564,0.00161538,0.0814528,0.0234231,0.0450808,0.0744908,0.0949428
408.708,0.00650743,0.0196621,0.00752289,0.0608917,0.0334255,0.0541166,0.0751268,0.0190071,-0.0103641,0.040776,0.0114398,0.0200538,0.049279,0.0355838,0.0383378,0.0490749,0.00566977,0.039064,0.0751976
409.194,0.0682767,0.0376149,0.070067,0.057113,0.0381977,0.0585277,-0.00979778,0.0313708,0.0555967,0.0307382,0.046396,0.0204127,0.0382297,0.0459541,0.0519594,0.034636,0.0345371,0.0493575,0.0844116
409.681,0.0162063,0.0672478,0.00650602,0.0168807,-0.00954128,0.0119701,0.0169742,-0.0314981,-0.00469055,0.00799031,0.00511883,0.0149347,-0.00289331,0,0.0144058,0.0573477,0.0304716,0.0135634,0.0352078
410.167,0.00165703,0.0230662,-0.00556237,0.0547865,-0.0114606,-0.0124913,0.0326194,-0.0132975,0.0056732,0.0171693,-0.0408249,0.0261587,-0.00868782,-0.00717791,0.0234824,0.0750757,0.0677498,0.0436059,0.0492539
410.653,0.0322088,0.0203104,0.0280745,-0.00915569,0.0162113,0.0387435,0.023486,-0.0117501,0.0418546,0.0339037,0.053625,0.0374665,-0.010017,0.0590229,0.0249567,0.0350376,0.0415686,0.0537907,0.0477404
411.139,0.0392131,0.0589292,0.0666628,0.0428605,0.0719764,0.0467335,0.0263183,0.046286,0.0419152,0.0702298,0.0367244,0.0260523,0.0627209,0.0288938,0.0328275,0.0733097,0.0840017,0.0744301,0.113542
411.625,0.0182066,0.0427245,0.0371181,0.0358516,0.00864449,0.0294218,0.0197827,0.00937007,0.0554159,0.0266962,0.0226758,0.0144478,0.0208459,0.0358791,0.0170462,0.0447408,0.0435979,0.0344679,0.0632375
412.111,0.0136955,0.0295609,0.0493677,0.0294126,0.0407357,0.0436794,0.0225473,0.0068249,0.045286,0.0243054,0.0154357,-0.0248602,0.0183155,0.0339673,0.052521,0.0231933,0.0383471,0.0805483,0.0735441
412.597,0.0699852,0.0718064,0.0808244,0.0873196,0.0738479,0.061334,0.0665993,0.0649557,0.08288,0.043373,0.0603207,0.0322071,0.0493201,0.0815716,0.0647752,0.0700598,0.0784306,0.0911699,0.165151
413.082,0.0161734,0.0647113,0.00202059,0.00703727,0.0261371,-0.00540554,0.0312947,0.00616703,0.00470218,0.0338516,-0.0238406,0.00199296,-0.00524284,0.025284,-0.0218078,0.0224824,0.00528951,0.0620766,0.0654822
413.568,0.0644106,0.0650684,0.0313638,0.047883,0.0503024,0.0721987,0.0266036,0.0315554,0.00531532,0.0568862,0.0348922,0.0191419,-0.00119514,0.0281199,0.0382642,0.0570214,0.0488551,0.0786284,0.11304
414.053,0.0301146,0.0053079,-0.00777237,0.0678678,0.0402405,0.0180329,0.0160102,0.0176338,0.0205141,-0.00130146,-0.000630413,0,0.022194,0.0234909,0.0272463,0.039889,0.0140244,0.0737583,0.0675703
414.538,0.0525718,0.10741,0.0509296,0.0737231,0.0364378,0.0452498,0.0828148,0.025809,0.026454,0.0440975,0.050753,0.063909,0.0673494,0.0710872,0.0460613,0.0548743,0.0818815,0.146551,0.112045
415.023,0.0657295,0.0594638,0.0542461,0.0741408,0.0175192,0.0384196,0.0548783,0.0876268,0.0510941,0.0721415,0.0918477,0.0620118,0.0526466,0.0402045,0.0358274,0.0707508,0.0663767,0.0803406,0.121674
415.508,0.0375187,0.0639276,0.0431708,0.0540057,0.0947629,0.0400596,0.051175,0.030655,0.0178344,0.0443759,0.034277,0.0425463,0.041997,0.054019,0.0471087,0.0791135,0.0607766,0.0776818,0.108339
415.993,0.0738842,0.0570718,0.0489548,0.0594776,0.068688,0.0591461,0.0585891,0.0391256,0.0650305,0.0886518,0.0642714,0.0824081,0.0501297,0.0545411,0.0799614,0.0520386,0.0787225,0.103706,0.116378
416.478,0.0557884,0.0682524,0.0604217,0.0527125,0.0677586,0.053555,0.0572539,0.046425,0.0473782,0.0539414,0.0505365,0.0492744,0.0702328,0.0659656,0.0201116,0.0423974,0.0789406,0.0804906,0.0948441
416.963,0.0336566,0.0479507,0.0396989,0.0663928,-0.00620542,0.0289949,0.0346898,0.00805736,0.0340562,0.0237121,0.0291053,0.0152335,0.0222361,0.0358842,0.0159102,0.0443885,0.0455752,0.0789621,0.0801819
417.447,0.0415604,0.0267008,0.0255867,0.0383988,0.0359689,0.0196358,-0.00988221,0.00256458,0.00540344,0.0110646,0.00620654,0.0224749,0.0273317,0.0119354,0.0258363,0.0533636,0.0244684,0.0631229,0.0709036
417.932,0.0566512,0.083351,0.0527782,0.0574077,0.0734499,0.0486227,0.043014,0.0582861,0.0588657,0.0435558,0.0203812,0.069764,0.0413806,0.0318415,0.0556122,0.0512476,0.0869353,0.107389,0.103473
418.416,0.0621923,0.0523192,0.00930045,0.0509847,0.0521932,0.0348531,0.0494088,0.0261041,0.0433847,0.0248522,0.0317901,0.0207016,0.0121604,0.00221481,0.0149113,0.0227735,0.0136947,0.0565509,0.09132
418.9,-0.0032013,0.0153299,0.0367261,-0.0066845,0.01889,0.0104427,-0.00824776,0.00551512,0.0128906,0.012544,-0.00436127,-0.0252172,-0.00441782,0.00165525,-0.00844862,0.0077884,0.00488974,0.0494139,0.0558715
419.384,0.046666,0.0552891,0.036423,0.0751103,0.052627,0.0388305,0.0518478,0.0583765,0.0372025,0.0398606,0.0429174,0.0321483,0.0538257,0.0511601,0.0311488,0.0677502,0.060784,0.100204,0.106976
419.868,0.0673642,0.0541932,0.0574902,0.046869,0.0469202,0.0153565,0.0407265,0.0492738,0.0268043,0.00571961,0.0326088,0.0522738,0.0560936,0.0510214,0.0456053,0.0419082,0.0549514,0.0993457,0.105334
420.352,0.0222154,0.0321932,0.0154611,0.0277562,0.0427479,-0.000419156,0.0282631,0.0228723,0.0137412,-0.000842858,-0.00470866,-0.010603,0.0263531,0.0177364,0.0130039,0.0290168,0.0191358,0.0419688,0.0721877
420.836,0.0621432,0.0454362,0.0260548,0.0592294,0.0270951,0.0338706,0.0378282,0.0328223,0.0102546,0.0146553,0.0296443,0.0315193,0.0219077,0.0112312,0.0502156,0.0378729,0.0752776,0.0458102,0.0933429
421.319,0.03202,0.0345536,0.0431147,0.02551,0.0296332,0.029448,0.0156849,0.0452989,0.0270998,0.0388805,0.00298996,0.0309401,0.0141262,-0.00914781,0.0163488,0.0378157,0.0614952,0.0681846,0.0961006
421.803,0.065524,0.0521611,0.0764671,0.0756493,0.0578601,0.0334367,0.0229342,0.0407043,0.0350402,0.0271987,0.061853,0.0401809,0.0548822,0.0512999,0.0418699,0.045886,0.0688538,0.0765222,0.124614
422.286,0.0308275,0.0399984,0.0510658,0.0604178,0.0330811,0.0366222,0.0388969,0.0788783,0.034727,0.0340789,0.0494365,0.0387941,0.0156044,0.031961,0.0337127,0.0349574,0.062464,0.070369,0.0794508
422.77,0.040478,0.0301952,0.0542187,0.0339795,0.0437181,0.0534629,0.0290533,0.0240182,0.0565053,0.0184926,0.0204335,0.0400823,0.0371926,0.0378019,0.0245445,0.0511035,0.0644581,0.0712801,0.119253
423.253,0.055402,0.0393741,0.0392616,0.0538244,0.0381301,0.0329893,0.0580193,0.0138115,0.0132291,0.0279834,0.0240879,0.0436245,0.0174123,0.0343158,0.025915,0.02365,0.0425435,0.0661066,0.0914896
423.736,0.0472184,0.0200343,0.0491399,0.0330619,0.0335463,0.0316831,0.0190312,0.0421714,0.0286645,0.0337893,0.0215312,0.0319624,0.0237282,0.0375927,0.0444777,0.0421523,0.0456444,0.0641155,0.080187
424.219,0.0441958,0.0480511,0.0698869,0.0456905,0.0508358,0.0164304,0.0444258,0.0301817,0.0283422,0.0268358,0.0415929,0.042227,0.0343589,0.056612,0.0498812,0.0464846,0.0700628,0.0909571,0.0810487
424.702,0.0475165,0.0555712,0.0652358,0.0496803,0.0593814,0.0320144,0.0518901,0.0247027,0.0568858,0.0234877,0.0475165,0.0323574,0.0441025,0.0359402,0.0422511,0.0409941,0.067705,0.0977246,0.107647
425.184,0.03384,0.0520114,0.0952452,0.068569,0.0515117,0.0372449,0.0516085,0.0342477,0.0073248,0.0553375,0.0526745,0.0467295,0.0547019,0.0381895,0.034361,0.0680775,0.0701155,0.074143,0.103769
425.667,0.0406859,0.0518904,0.0328298,0.0408157,0.0321772,0.0397272,0.0417235,0.0416291,0.042121,0.00163648,0.0488133,0.0176857,0.0301986,0.0223833,0.0327863,0.0458221,0.0511188,0.0726631,0.104277
426.149,0.0530477,0.041689,0.0283924,0.0399937,0.0479714,0.0430252,0.0254204,0.0324047,0.0259059,0.0384443,0.0422137,0.0407395,0.0291042,0.018391,0.039788,0.0633923,0.0616157,0.0832387,0.0904599
426.632,0.032585,0.0379356,0.0459791,0.025515,0.0412785,0.0291714,0.0337766,0.0225627,0.0357536,0.0325193,0.0204357,0.0108601,0.0145711,0.00747249,0.0300991,0.0470239,0.0465444,0.053774,0.0698916
427.114,0.0379154,0.0218328,0.0540547,0.0253493,-0.000838846,0.0136969,0.0278616,0.0167769,0.0191396,0.0409487,0.0239891,0.0486078,0.0275397,0.00567481,0.0221685,0.0241569,0.0405478,0.0703777,0.0887846
427.596,0.0397222,0.0514361,0.0310457,0.0669045,0.039238,0.0557425,0.0596548,0.0405129,0.0384071,0.0290598,0.0285383,0.0177868,0.0337756,0.0416812,0.0325178,0.052222,0.0665933,0.0650329,0.111033
428.078,0.0526739,0.0476789,0.0693224,0.0403287,0.0438812,0.0509485,0.0313393,0.0392581,0.0388214,0.0447092,0.0339704,0.0484743,0.0349339,0.0412004,0.0246112,0.0423117,0.0636444,0.0554207,0.0845285
428.56,0.0409121,0.0351334,0.0375419,0.0514996,0.0341384,0.0372477,0.032905,0.0263679,0.0380759,0.0305414,0.0153136,0.0209993,0.0229425,0.0119884,0.0351565,0.0493028,0.0654843,0.0698352,0.0681576
429.042,0.0342553,0.0458949,0.0531718,0.026096,0.0136442,0.0461708,0.0275395,0.0231728,0.030232,0.0361447,0.0237117,0.0385514,0.0220779,0.0267354,0.0372128,0.0281092,0.0347026,0.076299,0.0841171
429.524,0.0261343,0.0238679,0.0285525,0.0267812,0.0179015,0.0154797,0.0226121,0.00103263,0.0046786,0.0160548,0.0125862,0.0170485,0.0203802,0.0243706,0.0220592,0.0245809,0.0373212,0.0405182,0.0683521
430.005,0.0508122,0.0542589,0.0443896,0.0326766,0.034503,0.0462467,0.0412017,0.03384,0.0188037,0.0304378,0.0311096,0.0311186,0.0281481,0.0466812,0.0438933,0.0437775,0.0587646,0.0733794,0.0835212
430.487,0.0379908,0.0371065,0.0356343,0.0446929,0.0183914,0.0230871,0.011856,0.0167107,0.0268026,0.0137363,0.0273115,0.0298266,0.00308463,0.0275111,0.0243833,0.0415786,0.0519746,0.0517709,0.0718133
430.968,0.0376045,0.02163,0.0376679,0.0401086,0.0378569,0.0325914,0.0355454,0.0373817,0.0521534,0.013066,0.0260284,0.0223466,0.0153627,0.0235064,0.0269022,0.0317396,0.0351866,0.0615712,0.0885878
431.449,0.0531753,0.0307954,0.0368513,0.0448924,0.0398444,0.021567,0.0344586,0.0264586,0.0257314,0.0266388,0.0311209,0.0267002,0.0318702,0.0217913,0.0489287,0.0321581,0.0362655,0.0771042,0.0869348
431.93,0.0376377,0.0387873,0.038211,0.0488142,0.0452684,0.0364616,0.0468047,0.0373131,0.0240014,0.0522236,0.0284281,0.0268495,0.0337185,0.0319929,0.0358085,0.0539206,0.0684759,0.0883171,0.102174
432.411,0.0590883,0.0615096,0.057442,0.0487548,0.0507591,0.0633976,0.0416296,0.0453327,0.0432917,0.036365,0.0440153,0.0303443,0.0352717,0.0483715,0.0559499,0.0723594,0.0714364,0.0922979,0.0982273
432.892,0.0318744,0.0304585,0.0348636,0.0228334,0.0206599,0.0296681,0.0097589,0.0306026,0.0105499,-0.000327033,0.0132109,-0.000640728,0.0127441,0.024909,0.0154827,0.0138263,0.0276062,0.0750175,0.0678395
433.373,0.0358004,0.0467506,0.0465478,0.0353012,0.0381966,0.0523046,0.0363613,0.0441261,0.0421946,0.0281936,0.0278334,0.0206346,0.0366885,0.0313545,0.0412389,0.0412399,0.0576711,0.0745439,0.0798052
433.854,0.0390007,0.0266979,0.0352046,0.0265746,0.037822,0.0123442,0.0409595,0.0255588,0.0100379,0.0102799,0.0292264,0.00739063,0.0246109,0.0242837,0.00408939,0.0372146,0.0496421,0.0604748,0.0990547
434.334,0.0512776,0.0335168,0.0430761,0.0415997,0.0541184,0.028584,0.0339008,0.0210607,0.0195091,0.0194961,0.0260642,0.0234075,0.0239549,0.0122386,0.0221031,0.0414036,0.0437588,0.0818744,0.0760971
434.814,0.0430518,0.0393243,0.040749,0.0420195,0.0382614,0.0264749,0.0225437,0.0308622,0.0195468,0.0161919,0.0268071,0.0347824,0.0190092,0.0295402,0.00574305,0.024932,0.0498307,0.0842206,0.0726893
435.295,0.0309121,0.0476821,0.0402595,0.0249978,0.0545854,0.0270932,0.0250983,0.0312836,0.0398898,0.044442,0.0231537,0.0180155,0.0282169,0.0340571,0.0277333,0.0547112,0.0535389,0.0669463,0.0979038
435.775,0.0687086,0.0392509,0.0483864,0.0378971,0.0294976,0.022478,0.0392902,0.0291363,0.0152422,0.0140696,0.0214959,0.0316807,0.0284515,0.0194921,0.0412449,0.0489626,0.043267,0.0625807,0.0915436
436.255,0.0583463,0.0470637,0.0398507,0.0638148,0.0388694,0.0413895,0.0486301,0.0246123,0.0331869,0.0414364,0.0331813,0.0425228,0.0273601,0.0316995,0.0518158,0.0462805,0.05957,0.0747664,0.107428
436.735,0.0371787,0.0400969,0.0299169,0.0333217,0.0220025,0.0321588,0.0240576,0.0318206,0.0238153,0.0254947,0.0326075,0.0189678,0.0128389,0.0206919,0.0216873,0.0458465,0.0429808,0.0742667,0.0731119
437.215,0.0500583,0.0615525,0.0409152,0.0538213,0.0414974,0.0361074,0.0324239,0.0415235,0.0343436,0.0289064,0.0445504,0.0328382,0.00823809,0.0326204,0.0316598,0.0394732,0.0589058,0.0790438,0.0838146
437.695,0.0505385,0.0280766,0.0715608,0.051152,0.0470992,0.0237625,0.0537295,0.0400511,0.034036,0.0430037,0.0327358,0.032344,0.0308587,0.0279539,0.021038,0.0501245,0.0496106,0.0768183,0.0991685
438.174,0.0368568,0.0375009,0.0355795,0.0380657,0.0318048,0.0199974,0.0177908,0.0271543,0.0155177,0.030081,0.0232962,0.0215901,0.0129273,0.0296293,0.029554,0.0552635,0.0438436,0.0585048,0.097944
438.654,0.0372977,0.0350319,0.0164617,0.0416936,0.0229247,0.0270209,0.0244997,0.0133818,0.0185236,0.0238179,0.0034915,0.00837741,0.00432669,0.017975,0.0173206,0.0147362,0.0316434,0.0557956,0.0674132
439.133,0.0332038,0.0330451,0.0410625,0.0446462,0.0245721,0.0237699,0.0312345,0.0172274,0.024974,0.0361956,0.0257732,0.0266982,0.020598,0.0357128,0.0231645,0.0436086,0.0414151,0.0712921,0.0872804
439.612,0.0401862,0.0546027,0.0594699,0.0435884,0.0384205,0.0392663,0.034134,0.0231799,0.030858,0.0290519,0.0330728,0.027382,0.0387635,0.0341855,0.0452423,0.0457916,0.0561107,0.0759924,0.0954483
440.091,0.0439764,0.0494526,0.0627079,0.0485628,0.0499188,0.0419324,0.0355138,0.0396531,0.0427418,0.0352786,0.0348044,0.041071,0.0155532,0.0393035,0.0563997,0.0422162,0.0604811,0.0876118,0.0831744
440.571,0.0342418,0.0476958,0.0401532,0.0501257,0.0241575,0.0348426,0.0319187,0.0237969,0.0286478,0.0314343,0.0228779,0.0228526,0.0336781,0.0201151,0.0349393,0.033943,0.0525177,0.061022,0.0907827
441.049,0.037897,0.0321234,0.0574579,0.0600645,0.0472502,0.0444369,0.0325742,0.0471312,0.0305616,0.036574,0.0337715,0.0152463,0.0374013,0.0266807,0.0334849,0.0441057,0.0620278,0.0724931,0.0951384
441.528,0.0382721,0.0397333,0.0330208,0.0461574,0.0301207,0.0279673,0.0297193,0.0299626,0.0207916,0.0194187,0.0243331,0.0276972,0.0154869,0.0240245,0.0223037,0.0484727,0.0524965,0.0636717,0.0840646
442.007,0.0410767,0.0422573,0.0507983,0.0363435,0.0429953,0.0405549,0.0320284,0.0306239,0.0454153,0.0332699,0.0245391,0.0300752,0.0315769,0.0389801,0.0260422,0.0395635,0.0479607,0.0799,0.0926764
442.486,0.040947,0.0340961,0.0287276,0.0214736,0.0314102,0.0308192,0.029273,0.0120905,0.0163595,0.0228946,0.00486593,0.0239998,0.0181715,0.0196613,0.0265721,0.0330883,0.0399028,0.0672804,0.0752065
442.964,0.0513494,0.0451238,0.0433349,0.0440604,0.0398064,0.0437948,0.0416727,0.0327942,0.0336179,0.0153054,0.0315026,0.0300961,0.0272149,0.0224389,0.0467425,0.0280897,0.0485401,0.0616151,0.0707857
443.442,0.0374979,0.0459357,0.038317,0.0303161,0.0267779,0.0376068,0.0256148,0.0407974,0.0188588,0.0214092,0.0214475,0.0233409,0.0227776,0.0282488,0.0279594,0.0393213,0.053181,0.0823504,0.0877574
443.921,0.0339829,0.0480936,0.0325265,0.0428501,0.0376258,0.0249589,0.0307552,0.0363533,0.0440435,0.0164808,0.0265641,0.0270259,0.0168676,0.0233693,0.0251598,0.0602116,0.0468729,0.0580665,0.0951905
444.399,0.0272229,0.0406968,0.0375722,0.0305309,0.027117,0.0241341,0.0298677,0.0454232,0.031998,0.0108347,0.0346949,0.0196099,0.0197292,0.0265073,0.0288761,0.0440878,0.0412933,0.0549316,0.0645865
444.877,0.0403723,0.043565,0.0387389,0.0351686,0.0426909,0.0346495,0.0373274,0.0501301,0.0241711,0.0381089,0.0320099,0.0375535,0.0393227,0.0449868,0.0381066,0.0502076,0.0568457,0.0741771,0.0794937
445.355,0.0403458,0.0388598,0.0358629,0.0224874,0.0287261,0.0238201,0.0264706,0.0173819,0.011576,0.01883,0.0324935,0.0154262,0.0243548,0.0287091,0.0222768,0.0362629,0.051017,0.0696765,0.0782763
445.832,0.0424871,0.0448795,0.0409569,0.0362436,0.0368535,0.0248808,0.0343559,0.0445335,0.034463,0.0229615,0.0364818,0.0283896,0.0237234,0.0310581,0.0349961,0.0464633,0.0600064,0.0873515,0.0979877
446.31,0.0543433,0.0466115,0.0500624,0.0475839,0.0243253,0.0340814,0.0306792,0.033619,0.033997,0.0341551,0.0283415,0.0356691,0.036838,0.0251026,0.0398127,0.0464864,0.050686,0.0683594,0.0796596
446.788,0.0380441,0.0419008,0.0430653,0.0255261,0.0317941,0.0329077,0.0192203,0.0346005,0.029356,0.0189984,0.0196449,0.0182421,0.034911,0.0211428,0.0328054,0.0251376,0.0342832,0.0779827,0.0818759
447.265,0.036961,0.0357846,0.0400979,0.0331742,0.0428102,0.0314242,0.0248405,0.0361705,0.0231468,0.0243026,0.0276322,0.0267846,0.0210174,0.0248431,0.0353631,0.0398156,0.0510856,0.066809,0.0797409
447.742,0.0306752,0.0349003,0.0223555,0.0275225,0.0362993,0.0332369,0.0334071,0.0180051,0.0259011,0.0184476,0.0194151,0.0184912,0.0160796,0.0208032,0.0201705,0.0388099,0.0366422,0.0518876,0.0716777
448.219,0.0410948,0.0413541,0.0266584,0.0424641,0.0385117,0.0325565,0.0253123,0.0223577,0.0224184,0.0117215,0.0224829,0.0288801,0.0315619,0.0266768,0.0347191,0.0426529,0.0387955,0.0684245,0.0868177
448.697,0.0549114,0.0544815,0.0498223,0.0509055,0.0559558,0.0400376,0.0435508,0.0323514,0.0450545,0.041531,0.0327414,0.0409373,0.0351038,0.0353963,0.0490968,0.0498989,0.0523586,0.0746645,0.0961519
449.173,0.0245374,0.0417772,0.0356954,0.0326022,0.0276536,0.0341287,0.0193682,0.027282,0.0151778,0.0202584,0.0159936,0.0141792,0.0191679,0.017589,0.0224884,0.0384285,0.0494299,0.0633927,0.071491
449.65,0.0402848,0.0510603,0.0435823,0.0315548,0.0409641,0.0399924,0.0355013,0.0223262,0.0314535,0.0247167,0.0219404,0.022119,0.0274762,0.017019,0.0380578,0.0361351,0.0415671,0.0693411,0.0831075
450.127,0.0433504,0.0366552,0.0353267,0.0409993,0.0408823,0.029344,0.0266751,0.0201867,0.0297313,0.0191104,0.0191883,0.0252559,0.0195813,0.0264261,0.0246369,0.0415159,0.0363721,0.0700674,0.0871176
450.604,0.0397041,0.0416546,0.0412137,0.0437634,0.042179,0.0397732,0.0354888,0.0373286,0.0392853,0.02685,0.0268845,0.0304842,0.0247553,0.0348408,0.0306707,0.0418698,0.0504482,0.0726169,0.0882085
451.08,0.0589164,0.0567876,0.0387821,0.0532573,0.0576642,0.0469858,0.0515468,0.0381205,0.0450953,0.0407346,0.03803,0.0365424,0.0457853,0.0452988,0.0469492,0.0544582,0.0723328,0.0833784,0.100332
451.557,0.0360795,0.0365319,0.0321691,0.0388275,0.0427106,0.031131,0.0375666,0.0211689,0.0305696,0.023212,0.0246214,0.0285911,0.0270153,0.027938,0.0299069,0.0436945,0.0464404,0.0679829,0.0831924
452.033,0.0459282,0.0342084,0.0384063,0.0442531,0.0366836,0.0361492,0.0397307,0.0312443,0.0212796,0.027258,0.0308612,0.0258326,0.0248352,0.0299626,0.0170724,0.0455854,0.0493588,0.0705569,0.0919265
452.509,0.0423744,0.0476045,0.050629,0.0478992,0.0393064,0.0302242,0.0367722,0.0307939,0.0347664,0.0316776,0.0356128,0.0283661,0.0250682,0.0363143,0.031654,0.0327568,0.0446293,0.0696431,0.0856845
452.985,0.0356468,0.0511441,0.0418247,0.0396344,0.0387396,0.0378357,0.0357709,0.0272279,0.0277101,0.0359419,0.0286211,0.0177488,0.025348,0.0342088,0.0444491,0.0401151,0.0505251,0.0683326,0.0958883
453.461,0.0411115,0.0464199,0.0468816,0.0415916,0.034441,0.0268535,0.0292591,0.026818,0.0184468,0.0227611,0.028111,0.0207663,0.0257963,0.0306033,0.0317382,0.0332393,0.0384222,0.0612042,0.0793144
453.937,0.0359803,0.0351356,0.0351323,0.0343562,0.039318,0.0297226,0.0266983,0.030739,0.02189,0.0186591,0.0199956,0.010392,0.020219,0.0198304,0.0253388,0.0288248,0.0527294,0.0661711,0.0818214
454.412,0.0509736,0.0427035,0.0570173,0.0434587,0.0358503,0.0503017,0.0426287,0.0356517,0.0463401,0.0366002,0.0357507,0.0327234,0.0318668,0.0363955,0.0355575,0.0507654,0.057608,0.0683017,0.0863829
454.888,0.0427278,0.041437,0.0445148,0.0351398,0.0268882,0.0262038,0.0168773,0.0224079,0.0356506,0.0215078,0.0176423,0.0306119,0.0267205,0.0217971,0.0256689,0.0389411,0.0451587,0.0672626,0.0864805
455.363,0.0456097,0.0487396,0.053607,0.027987,0.0391872,0.0373561,0.0400808,0.0380796,0.0330874,0.0297334,0.035177,0.0250955,0.0414053,0.0331077,0.0286965,0.0440707,0.0596902,0.0789347,0.0878071
455.839,0.0356107,0.0420958,0.0310179,0.0431571,0.0310004,0.0280272,0.0285048,0.0292485,0.0194734,0.0239894,0.01449,0.0252935,0.0252159,0.0333239,0.0295551,0.0369284,0.0524521,0.0653746,0.0808916
456.314,0.0543327,0.0409113,0.0480072,0.0409688,0.0299602,0.0272694,0.0357301,0.0327155,0.0267391,0.0338034,0.0218934,0.0293739,0.0236108,0.032647,0.0341097,0.0430582,0.0556814,0.07354,0.0863885
456.789,0.0430285,0.0363391,0.0441852,0.0409422,0.0373326,0.0322254,0.0346335,0.0350801,0.0349599,0.0262342,0.0343824,0.0333528,0.0300571,0.0377498,0.0228293,0.045468,0.0395829,0.0644346,0.084243
457.264,0.0313805,0.0468023,0.039673,0.0316953,0.0306458,0.0318782,0.0288508,0.0199689,0.0289111,0.0257222,0.0109373,0.0281877,0.0272064,0.0252007,0.0296468,0.0260638,0.0565043,0.0570421,0.0871874
457.739,0.0345626,0.0411377,0.0427277,0.0421286,0.0368365,0.0463229,0.0349674,0.0240984,0.0291178,0.028078,0.0245907,0.019815,0.029166,0.0280988,0.0348688,0.0448813,0.0493193,0.0700441,0.0896144
458.214,0.0396074,0.039464,0.037407,0.0415249,0.0385523,0.0311327,0.0327564,0.0332246,0.0272722,0.0197603,0.0280892,0.0172024,0.0247917,0.0250658,0.0310697,0.0482189,0.0490078,0.0657645,0.0852146
458.689,0.0442317,0.0352699,0.0447036,0.042772,0.0288623,0.0380101,0.0341375,0.0283074,0.0342624,0.0208852,0.0202089,0.0268553,0.0268588,0.0349503,0.0265521,0.0320637,0.0409911,0.0734064,0.0935525
459.163,0.0475279,0.0469026,0.0392405,0.0425463,0.0350985,0.0409198,0.0319615,0.0308911,0.0339031,0.0278702,0.0333815,0.0294272,0.0363619,0.0363864,0.0379359,0.04417,0.0543844,0.0673409,0.0810632
459.637,0.0431295,0.0444472,0.0390915,0.0416906,0.035922,0.0272472,0.0321808,0.0246785,0.0300653,0.0300251,0.027233,0.0253764,0.0281884,0.0302369,0.0274822,0.0314321,0.0482697,0.0582846,0.0827369
460.112,0.039431,0.0413946,0.0393682,0.0390453,0.0374142,0.0366817,0.0292921,0.0336449,0.0281653,0.0309089,0.0377616,0.0284708,0.0233192,0.0234401,0.0288199,0.0317096,0.0431609,0.070219,0.0805762
460.586,0.0428809,0.0429726,0.0358664,0.0353895,0.0406085,0.0304931,0.0352165,0.0308013,0.0269081,0.0164742,0.0288918,0.0270297,0.0267604,0.0304035,0.026856,0.0410968,0.0463484,0.0679074,0.0914449
461.06,0.029119,0.0393834,0.0418076,0.0363788,0.0392169,0.0349152,0.0208227,0.0273191,0.0231761,0.0218932,0.0261117,0.0135616,0.0247108,0.0244032,0.0311441,0.0398309,0.0506469,0.063701,0.075244
461.534,0.0361105,0.041253,0.036713,0.0343135,0.0303028,0.0197726,0.0296639,0.0220224,0.0259729,0.02559,0.0208225,0.0178404,0.0255059,0.0218052,0.0260408,0.0399654,0.0485927,0.0630151,0.0772984
462.008,0.0402465,0.0348908,0.0361986,0.0286863,0.027743,0.0236033,0.0245072,0.0236416,0.0260912,0.0257746,0.0158682,0.0183334,0.0210059,0.0166012,0.0342075,0.0347646,0.0343749,0.0665512,0.0756203
462.482,0.0378989,0.0457208,0.0349956,0.0427118,0.0397666,0.0310532,0.0206913,0.0184717,0.0322525,0.030643,0.0184382,0.0207493,0.0253634,0.0347385,0.0271831,0.0405701,0.0489906,0.0669031,0.0799093
462.955,0.0433712,0.038815,0.036596,0.0376176,0.0375688,0.0274671,0.0298202,0.028155,0.0282511,0.0309449,0.0268396,0.0268692,0.0249946,0.0236583,0.0287203,0.0362571,0.0538664,0.0652508,0.0853143
463.429,0.0386572,0.0417698,0.034733,0.0389283,0.0429822,0.0309072,0.0274491,0.0273764,0.0288308,0.0245285,0.0269909,0.0293388,0.0237557,0.0287456,0.0261737,0.035714,0.0470515,0.0633968,0.0754214
463.902,0.0363713,0.0373056,0.0380672,0.0353693,0.0385201,0.0405878,0.0271009,0.0346699,0.0314932,0.0259209,0.0237287,0.0249522,0.0209908,0.0302043,0.0315523,0.0384815,0.0507837,0.0629082,0.0805898
464.375,0.0362388,0.0315826,0.0376471,0.0347346,0.0320039,0.0378868,0.0299705,0.0311506,0.0262725,0.0251855,0.0308524,0.0212211,0.0143536,0.0305223,0.0282153,0.0343835,0.0367168,0.0649021,0.0802951
464.849,0.039484,0.0379024,0.0316706,0.042233,0.0294375,0.0293183,0.0254446,0.028493,0.0276404,0.0217035,0.0204188,0.0213056,0.0190358,0.0300502,0.0265064,0.031272,0.0489675,0.0657778,0.0806963
465.322,0.0380604,0.0415314,0.0373339,0.0308665,0.0293267,0.0258383,0.0278358,0.019815,0.0234504,0.0246603,0.026214,0.019256,0.0271313,0.0205056,0.0253043,0.0383679,0.0542074,0.0620693,0.0856444
465.794,0.0535382,0.045727,0.043919,0.0417507,0.0316069,0.0340655,0.0296824,0.0380426,0.0323589,0.0303391,0.0295144,0.037396,0.0266616,0.0320463,0.0345351,0.0346005,0.0514617,0.0678174,0.0802485
466.267,0.0424838,0.0397083,0.0398962,0.0452499,0.0317622,0.0335817,0.0293042,0.0266145,0.0206048,0.0251933,0.0210641,0.027703,0.0200935,0.0246965,0.0350376,0.0398957,0.046361,0.0591497,0.0768939
466.74,0.0364956,0.0429206,0.0396854,0.0394795,0.0365853,0.0313158,0.0258186,0.0275285,0.0265615,0.024382,0.0269302,0.0257439,0.020518,0.0269818,0.031662,0.0416883,0.0469078,0.0709872,0.0857669
467.213,0.0476627,0.0447702,0.0444823,0.0527496,0.0402197,0.0374105,0.0341998,0.0307854,0.0326985,0.0334901,0.0291616,0.0226163,0.0336104,0.0333121,0.0347465,0.0430301,0.0629107,0.0686486,0.0885795
467.685,0.0390251,0.0421065,0.0441487,0.03319,0.0378813,0.033901,0.0316815,0.0321676,0.0334697,0.024602,0.0284701,0.0245624,0.0268987,0.0306592,0.038165,0.037093,0.0471044,0.0675789,0.0830113
468.157,0.0445173,0.0387784,0.0434616,0.0382221,0.0411562,0.0373442,0.0391267,0.0355557,0.0343626,0.0293446,0.0306285,0.0242564,0.0296633,0.035155,0.036831,0.0407467,0.0558657,0.0698998,0.0823839
468.63,0.0415069,0.0463875,0.046036,0.0366308,0.0320419,0.0356868,0.0339173,0.0340386,0.0332035,0.0285634,0.0237397,0.0316362,0.0269178,0.0340315,0.0330749,0.0478426,0.0488722,0.0681341,0.0911459
469.102,0.0386823,0.0437537,0.0384288,0.0475403,0.0284926,0.0395913,0.0359789,0.0251145,0.0298145,0.0213343,0.0297721,0.0253722,0.03209,0.0240601,0.0386843,0.0394161,0.0505452,0.0678082,0.0843638
469.574,0.0365872,0.0398511,0.0432109,0.0409808,0.0318081,0.0375812,0.0367549,0.0208383,0.027529,0.027763,0.0250315,0.0259071,0.0277763,0.0368321,0.0372939,0.0435904,0.0507326,0.0694624,0.0901507
470.046,0.0397196,0.0380914,0.0378293,0.047782,0.0370051,0.0444375,0.0321817,0.0310015,0.0295503,0.0332665,0.0235761,0.0235385,0.0277474,0.0291513,0.0356753,0.0422487,0.0501795,0.0758113,0.0809982
470.517,0.0402397,0.0377831,0.0469652,0.0408372,0.036295,0.0399113,0.0441749,0.0300237,0.0280984,0.0298945,0.0295842,0.0314399,0.0236261,0.0361289,0.0344425,0.0411911,0.04519,0.07282,0.0805952
470.989,0.0488432,0.0461277,0.0428939,0.0467421,0.0406002,0.0360447,0.0326063,0.031511,0.0304824,0.0290547,0.0296768,0.0287491,0.0339924,0.0303459,0.0327705,0.0481301,0.0503436,0.0728872,0.0911613
471.461,0.0448709,0.0464214,0.046644,0.048362,0.0450445,0.0391655,0.038687,0.0413463,0.0346282,0.0346821,0.0284615,0.0356345,0.032702,0.0362667,0.0347396,0.0458418,0.0613124,0.0821513,0.0990598
471.932,0.0391689,0.037474,0.0387576,0.0376506,0.0316463,0.0265316,0.0293973,0.0272888,0.0270372,0.0282469,0.0211533,0.0218335,0.0227917,0.0217282,0.0318163,0.0378079,0.0492539,0.0664513,0.0873117
472.403,0.041137,0.0450465,0.0397226,0.0364192,0.0415731,0.0391369,0.0370402,0.0349195,0.0305427,0.0330282,0.0313604,0.0275902,0.0248076,0.0307085,0.0344938,0.0461973,0.0548359,0.0685309,0.0965915
472.874,0.0353535,0.0306434,0.0339684,0.0318785,0.0300883,0.0281517,0.0228565,0.0240789,0.0272651,0.0182418,0.0191439,0.0223133,0.0226632,0.0206677,0.0242768,0.0391701,0.0415655,0.0668003,0.0816924
473.346,0.034831,0.0369685,0.0382199,0.0390038,0.0348304,0.0255198,0.0291149,0.0259667,0.0253271,0.027979,0.028571,0.0222847,0.024362,0.0256936,0.0273971,0.0351832,0.0431456,0.064494,0.0854783
473.816,0.0359696,0.034362,0.0351655,0.0415215,0.0336003,0.0255275,0.0285528,0.0275851,0.0255997,0.0251917,0.0278944,0.0210554,0.021905,0.0235282,0.0315636,0.0366982,0.0500923,0.0683987,0.0816268
474.287,0.0402254,0.0403206,0.044751,0.0407399,0.0384761,0.0444017,0.0339283,0.0291517,0.0350852,0.0282297,0.0245559,0.0305864,0.0293797,0.0309599,0.0341952,0.0460407,0.0561359,0.0683328,0.0827151
474.758,0.0460211,0.0365508,0.0422714,0.0293562,0.0311922,0.0327428,0.0269077,0.0263739,0.0256695,0.0219557,0.0274144,0.0214907,0.0240592,0.0253311,0.0324038,0.0398878,0.0489398,0.070092,0.0795793
475.229,0.0402843,0.0367847,0.0424037,0.0416795,0.0352639,0.0322084,0.0256521,0.0281462,0.0254959,0.0242348,0.0239709,0.0239018,0.0267507,0.0294294,0.0293919,0.0383055,0.0425615,0.0638354,0.082719
475.699,0.0386398,0.0413627,0.0394003,0.0385489,0.0326748,0.0341209,0.0298633,0.0263911,0.0262487,0.025814,0.0275054,0.0239399,0.0241933,0.0267955,0.0306702,0.0357085,0.0466054,0.0658761,0.0833792
476.17,0.0398346,0.0352049,0.0407579,0.0357528,0.0334314,0.036364,0.030039,0.0306645,0.029581,0.0284567,0.0202983,0.0261863,0.0247524,0.0308856,0.0263282,0.0360092,0.0504667,0.0739936,0.0867229
476.64,0.040577,0.0373212,0.0362038,0.0368915,0.0335445,0.0377024,0.0282623,0.026697,0.0282343,0.025953,0.0227347,0.0204173,0.0242018,0.0301459,0.0302098,0.0400522,0.0431777,0.0627254,0.0840532
477.11,0.0432436,0.0407016,0.0428506,0.0345679,0.0341995,0.036953,0.0372772,0.0317324,0.0288944,0.0306633,0.0299283,0.0253112,0.0292936,0.0316882,0.0358359,0.0403588,0.0494184,0.0693963,0.0841207
477.58,0.0434372,0.0403389,0.0358957,0.0330092,0.0363629,0.0271267,0.0260267,0.0272732,0.0251626,0.0239483,0.022152,0.021843,0.0281234,0.0302386,0.0321752,0.0406361,0.0501836,0.0659283,0.0850304
478.05,0.039845,0.0365925,0.0340771,0.0307794,0.0313281,0.0340349,0.0250117,0.0298385,0.0281004,0.0214194,0.0183518,0.0201459,0.0239076,0.0264936,0.0281421,0.035179,0.0449533,0.0659665,0.0841576
478.52,0.0388264,0.0386354,0.0359042,0.0368558,0.0317711,0.0314845,0.0274665,0.0237997,0.0177868,0.0261086,0.0242932,0.0223586,0.0229228,0.0203052,0.0261922,0.0330706,0.0496307,0.0636337,0.0819033
478.989,0.0401357,0.0436955,0.0358798,0.0391484,0.0387597,0.0346562,0.0304734,0.028851,0.0286673,0.0287313,0.0300944,0.0277925,0.026254,0.0292729,0.0294122,0.0410493,0.0541417,0.0634091,0.0874738
479.459,0.0400414,0.0382091,0.0386343,0.0337477,0.0302887,0.0301799,0.0254354,0.0288155,0.0278798,0.0257453,0.0276578,0.0227293,0.0239429,0.0255386,0.027315,0.0365308,0.0475246,0.0646729,0.0782015
479.928,0.0388219,0.0448557,0.0417624,0.0320091,0.0356621,0.0349538,0.0337465,0.0304741,0.0307719,0.031533,0.0261427,0.0285711,0.0244029,0.028351,0.033813,0.0301594,0.0493984,0.0647663,0.0888979
480.398,0.0428392,0.0431449,0.0430598,0.0422059,0.0356227,0.0345408,0.0358549,0.0338395,0.0288838,0.0266687,0.0223304,0.0292369,0.026119,0.0232779,0.0321873,0.040645,0.0504205,0.0735174,0.0871089
480.867,0.0372075,0.0371699,0.0329512,0.0300031,0.0321738,0.0300408,0.0269669,0.0267174,0.024581,0.0216113,0.0204728,0.0239542,0.0224772,0.0241072,0.0241521,0.0326807,0.0457551,0.0611923,0.0792804
481.336,0.0434305,0.0411455,0.038047,0.0367166,0.040023,0.0317705,0.0341711,0.0350941,0.028015,0.031812,0.0298592,0.026959,0.028623,0.0279805,0.0309843,0.0453106,0.0490164,0.0714731,0.0858328
481.805,0.0394546,0.038012,0.0366271,0.0311447,0.0273709,0.0321437,0.0224767,0.0254606,0.0236455,0.0231473,0.0244786,0.0225019,0.0257628,0.0273097,0.0293689,0.0346073,0.0456716,0.0640129,0.0780104
482.274,0.0375937,0.0323282,0.0301508,0.0334492,0.0279509,0.0241509,0.0220237,0.025998,0.0204914,0.0240908,0.0220164,0.0203953,0.0222882,0.0236033,0.0252527,0.0366169,0.040212,0.0628096,0.0790097
482.743,0.0414004,0.0356015,0.0366365,0.0352388,0.0380392,0.0317226,0.0287452,0.0283606,0.0278485,0.0260939,0.025703,0.0230674,0.024531,0.0317184,0.0311181,0.0356231,0.0524633,0.0635145,0.0819155
483.211,0.0397083,0.0381284,0.0352131,0.0360166,0.0329091,0.0309069,0.0277359,0.0270964,0.0275847,0.0304945,0.024183,0.0167442,0.025558,0.0286786,0.033568,0.0398425,0.050583,0.0637128,0.0795463
483.68,0.0415988,0.0402229,0.0327764,0.0376157,0.0357848,0.0295325,0.0293841,0.0252366,0.0306876,0.0272692,0.0244705,0.0216001,0.0227329,0.0271319,0.0311081,0.0343705,0.0460926,0.0605782,0.0808655
484.148,0.0355662,0.0389191,0.0405599,0.0334999,0.0324139,0.0301691,0.0305103,0.0293621,0.02258,0.0269268,0.0232337,0.0258437,0.022259,0.0250911,0.0291938,0.0389737,0.0492687,0.0661258,0.083269
484.617,0.0363437,0.0352488,0.0289603,0.0260082,0.0265034,0.0254614,0.0261936,0.021456,0.021608,0.0215897,0.0184597,0.0199401,0.0195541,0.021731,0.0238444,0.0299227,0.0445206,0.0589067,0.077593
485.085,0.0426967,0.0398586,0.0352393,0.036553,0.0352635,0.0274886,0.0292953,0.0263271,0.0254247,0.0259164,0.0263121,0.0221013,0.021542,0.0286767,0.0304307,0.0334298,0.0433866,0.0646027,0.0804643
485.553,0.0375342,0.0396675,0.0365628,0.0354717,0.0334079,0.0320417,0.0297383,0.0245739,0.0288268,0.0231845,0.0278027,0.019941,0.0266742,0.0247802,0.0319992,0.0339905,0.0468044,0.0634644,0.082311
486.021,0.0382379,0.037911,0.0400998,0.0331436,0.0300877,0.0342902,0.0313158,0.0279759,0.0273913,0.0290004,0.0242926,0.0257495,0.0256865,0.0296495,0.031795,0.0347943,0.0484576,0.0658283,0.077881
486.489,0.0363295,0.0398608,0.0349941,0.0370615,0.0329803,0.031315,0.026608,0.0272291,0.0264213,0.0280584,0.0293701,0.0242812,0.02242,0.025179,0.0302562,0.036799,0.0475624,0.0638763,0.0818907
486.956,0.0406436,0.0442865,0.0389415,0.0387047,0.0351622,0.0302629,0.0324197,0.0325561,0.0289931,0.0279901,0.0266148,0.0271135,0.0290152,0.0285198,0.0306461,0.0411303,0.0511428,0.0661877,0.0847266
487.424,0.0454462,0.0431474,0.0380854,0.0366435,0.0357516,0.037364,0.0350574,0.0344121,0.0315097,0.0312279,0.0268428,0.0326798,0.0332564,0.027673,0.0321489,0.0414479,0.0552334,0.0674334,0.0875653
487.891,0.0411861,0.0373128,0.0371811,0.0381954,0.0331671,0.0339415,0.0296862,0.0289886,0.025457,0.0238477,0.0254156,0.0261493,0.0260318,0.0260226,0.0290424,0.0390353,0.0470188,0.065757,0.0808916
488.359,0.0383227,0.0358238,0.0393084,0.0370374,0.0309897,0.0289353,0.0309459,0.0256234,0.0252654,0.0231583,0.0238477,0.0243202,0.0249759,0.0277681,0.0300658,0.0350664,0.0443162,0.0644516,0.0803739
488.826,0.0379893,0.039506,0.0396503,0.0366951,0.0360095,0.0322026,0.0292869,0.0281949,0.025857,0.0285291,0.0249993,0.0280446,0.0279245,0.0278637,0.0330992,0.0408969,0.049583,0.0648103,0.0834065
489.293,0.0380763,0.040665,0.039769,0.035441,0.030596,0.0315595,0.0294143,0.0268808,0.0298437,0.0237791,0.0246656,0.0263272,0.0274333,0.0260213,0.0296195,0.0374303,0.049487,0.066987,0.0852412
489.76,0.0420575,0.037256,0.0404153,0.0408703,0.0360995,0.034705,0.0317294,0.0302551,0.0294548,0.0277433,0.029094,0.0278419,0.0260746,0.0331882,0.0335206,0.0367317,0.0520545,0.0667115,0.0847113
490.227,0.0374214,0.0356664,0.0345453,0.0376545,0.0300488,0.0318303,0.028235,0.0305217,0.0223091,0.026784,0.0238913,0.0229484,0.0231523,0.0272713,0.0302783,0.0379368,0.0515419,0.0574515,0.0788624
490.694,0.0398356,0.0411583,0.0402986,0.0394353,0.0357721,0.0345206,0.0295981,0.0291072,0.0318653,0.028932,0.0247534,0.0241664,0.0233524,0.0255512,0.0313741,0.0370966,0.0495357,0.0663027,0.0869115
491.16,0.0416774,0.0412847,0.0370512,0.0330049,0.0333056,0.0319288,0.0306835,0.0286779,0.0266222,0.026401,0.0243106,0.0263109,0.0298061,0.027628,0.0325867,0.0359352,0.0477574,0.0674571,0.0832397
491.627,0.0411601,0.0409684,0.0409278,0.0350981,0.0336257,0.0335091,0.0274693,0.0309658,0.0242103,0.0282606,0.0256593,0.0250299,0.0278825,0.0271956,0.0317994,0.036812,0.050418,0.0673417,0.0827412
492.093,0.0392352,0.0400443,0.0375714,0.0362111,0.0358486,0.0347219,0.0279292,0.0287049,0.0294404,0.0261793,0.0255953,0.0248415,0.0258418,0.0237028,0.0310661,0.0404572,0.0497535,0.0661707,0.0836271
492.56,0.042298,0.0417389,0.0400196,0.0389827,0.038094,0.0328835,0.0319912,0.0301592,0.0268741,0.0305146,0.0281493,0.0247426,0.0269105,0.0307983,0.0308169,0.040099,0.0494987,0.0650074,0.0840707
493.026,0.0407658,0.0370652,0.0362976,0.0359787,0.0378609,0.0305064,0.0299502,0.0294917,0.0283989,0.0253525,0.0261063,0.0218913,0.0255358,0.0266763,0.0316042,0.0380136,0.0467378,0.0596572,0.0853325
493.492,0.03786,0.0358224,0.0331909,0.0364582,0.0346112,0.0341406,0.0255252,0.0272942,0.028846,0.0215336,0.0220293,0.0224375,0.0236265,0.0231641,0.028792,0.0375571,0.04355,0.0612258,0.0802352
493.958,0.0385032,0.0388826,0.0368152,0.0347476,0.0324446,0.0302692,0.028207,0.0282451,0.0258877,0.0264241,0.0267361,0.0233787,0.0225464,0.0244478,0.0305502,0.0358473,0.0483064,0.0646592,0.0802992
494.424,0.0396909,0.0385072,0.0384579,0.0346652,0.0313305,0.0304304,0.0286614,0.0271229,0.0244817,0.0239527,0.0234195,0.0259102,0.0247884,0.0244549,0.0300217,0.0349165,0.0448603,0.0662052,0.0775005
494.89,0.0374333,0.0364255,0.0341057,0.0386129,0.0320288,0.0324669,0.0313995,0.0264,0.0252225,0.0244671,0.023837,0.0240261,0.0233937,0.026196,0.0319299,0.0401309,0.0442366,0.0646896,0.0830526
495.355,0.0369509,0.0375514,0.0378359,0.0339384,0.0350057,0.0330711,0.0267851,0.0290078,0.0247773,0.0240993,0.0244168,0.0254192,0.0238384,0.02638,0.0291141,0.037303,0.0489161,0.0660245,0.0848174
495.821,0.0452896,0.0386162,0.0370743,0.0378735,0.030665,0.029424,0.0288063,0.0316678,0.0260178,0.0236532,0.0247182,0.0239702,0.0223219,0.028143,0.0298575,0.0396744,0.0495725,0.0649576,0.0818035
496.286,0.0398474,0.042326,0.0355556,0.0341785,0.0325821,0.0301204,0.0292087,0.0265812,0.0242837,0.0223468,0.0233531,0.0242672,0.0241441,0.0272515,0.0293301,0.0372475,0.0494507,0.0640042,0.080111
496.751,0.0368072,0.0402103,0.0367311,0.0349741,0.0319704,0.0322257,0.0287047,0.0277801,0.0233933,0.0246268,0.0215687,0.022802,0.0252126,0.0236855,0.0283113,0.0358755,0.0483008,0.0640321,0.0812682
497.216,0.0375281,0.0381002,0.0343589,0.0329111,0.0319698,0.0317348,0.029769,0.0297784,0.0280416,0.024599,0.0239078,0.0241144,0.0253267,0.0280816,0.0300455,0.0350243,0.0477454,0.0655706,0.086301
497.682,0.0388776,0.0372631,0.0398615,0.035272,0.0339884,0.0303577,0.0295115,0.0310674,0.02497,0.0250894,0.0283342,0.0214228,0.0246064,0.0243684,0.0268508,0.0356547,0.0471468,0.0660708,0.0847796
498.146,0.0396769,0.0387358,0.0374512,0.0348761,0.0347471,0.0302092,0.0294389,0.0283474,0.0262682,0.02426,0.0241635,0.0243853,0.0236425,0.0284157,0.0309255,0.0383316,0.0488344,0.0653947,0.0831323
498.611,0.0374737,0.0353759,0.0337489,0.0335235,0.0321477,0.0321055,0.0266815,0.0274322,0.0234075,0.0238852,0.0230457,0.0247015,0.0239697,0.0232346,0.0298747,0.035593,0.0474806,0.0599314,0.0807127
499.076,0.0410447,0.0442967,0.0345963,0.0357444,0.0348463,0.0322261,0.033489,0.0298466,0.0253103,0.0250593,0.0252026,0.0248423,0.0267104,0.0250765,0.0325171,0.038555,0.0500236,0.0630131,0.0868961
499.541,0.0379324,0.0367406,0.0398339,0.0371304,0.0314424,0.0322048,0.0319645,0.0291349,0.0263684,0.0279508,0.0229061,0.0252133,0.0277468,0.0264676,0.0291941,0.0366653,0.0490127,0.0642069,0.0842572
500.005,0.0363577,0.0367016,0.0390317,0.0342581,0.0305641,0.0308809,0.0311478,0.029132,0.0228641,0.0246132,0.0194728,0.0214295,0.0217262,0.0267437,0.0257574,0.0368536,0.0437787,0.0650156,0.0826925
500.469,0.0411511,0.0383966,0.039633,0.036125,0.0318345,0.0314849,0.029624,0.03,0.0258954,0.0256566,0.024729,0.0233103,0.0236966,0.0276015,0.029697,0.0356861,0.0445404,0.0648331,0.0846841
500.934,0.0401969,0.037346,0.0381193,0.0345541,0.0369364,0.0309569,0.0284969,0.0275363,0.0255715,0.0260296,0.0257711,0.0249504,0.0254573,0.0271922,0.0295563,0.0402087,0.0476437,0.0676362,0.0814731
501.398,0.0371319,0.0349988,0.0349328,0.030249,0.0310504,0.0290656,0.0267077,0.0237169,0.0238454,0.0213319,0.0220001,0.023109,0.0229572,0.0237189,0.0263598,0.0347811,0.0462986,0.0619138,0.0773406
501.862,0.0386567,0.0387666,0.0383914,0.0365231,0.030956,0.0333072,0.0304526,0.0273468,0.0247481,0.0242547,0.0222594,0.0248056,0.0243468,0.0256831,0.0304655,0.0378238,0.0484893,0.0644755,0.0800708
502.326,0.0410253,0.0398189,0.0398959,0.0368905,0.0313983,0.0299415,0.0295986,0.0239761,0.025914,0.0268906,0.0230649,0.0237681,0.0245122,0.0250953,0.0308662,0.0370303,0.0459583,0.0644945,0.0842658
502.789,0.0388235,0.0376586,0.036913,0.0336054,0.0331728,0.0332872,0.0305043,0.0270211,0.0239532,0.0264082,0.0253763,0.0247189,0.0264389,0.0257213,0.0291952,0.0334762,0.0490383,0.06472,0.0811313
503.253,0.0370843,0.0362237,0.0381563,0.0343548,0.0299527,0.0309681,0.0282546,0.0245195,0.0218884,0.0208951,0.0245335,0.0196058,0.0216748,0.0237945,0.027218,0.0318558,0.045004,0.0619412,0.0845752
503.716,0.0361348,0.0388397,0.0398887,0.037225,0.0351879,0.0338082,0.0336808,0.025394,0.028545,0.0245799,0.0269832,0.024411,0.0255765,0.0283367,0.0307809,0.0386534,0.0477874,0.0664795,0.0837453
504.18,0.0360882,0.0405345,0.0362259,0.0360545,0.0309345,0.0311229,0.0297918,0.0267234,0.0259211,0.0232306,0.0260169,0.0237755,0.0246249,0.0270391,0.028939,0.0340722,0.0490188,0.0661148,0.0823544
504.643,0.0376306,0.0386761,0.0365481,0.0370251,0.0346354,0.0309856,0.028401,0.0275169,0.0242212,0.0243687,0.02478,0.0241435,0.0240865,0.0254538,0.0290684,0.0352378,0.0458642,0.0627943,0.0811396
505.106,0.0382987,0.0371095,0.0355513,0.0312541,0.0359229,0.0290893,0.0275356,0.0242631,0.0257944,0.0246292,0.0257265,0.0225507,0.0243141,0.0251053,0.0305902,0.0354611,0.0486334,0.0634359,0.0823705
505.569,0.0360456,0.0368351,0.0340157,0.0337504,0.0299159,0.0284595,0.0265718,0.025508,0.0230182,0.0219952,0.0227347,0.0213366,0.0236813,0.0255557,0.0289522,0.0347931,0.044179,0.0645864,0.0778886
506.032,0.0358933,0.0354224,0.0350429,0.0342605,0.0292422,0.0255256,0.0259103,0.0248422,0.0219462,0.0207421,0.0192561,0.0191038,0.0224078,0.0222787,0.0245619,0.0346426,0.0421843,0.0602607,0.0762569
506.495,0.0374809,0.0422263,0.0397563,0.0342651,0.0340963,0.0348143,0.0314153,0.0286313,0.026274,0.0294016,0.0270711,0.0218763,0.0268245,0.028261,0.0289805,0.0376006,0.0475515,0.0667626,0.0830607
506.958,0.0362065,0.037204,0.0378948,0.0357551,0.0350547,0.0324977,0.0278918,0.0270471,0.0253145,0.0244308,0.0256387,0.0220974,0.0242006,0.0253864,0.0299665,0.0355046,0.0455706,0.0646635,0.0803732
507.42,0.0376005,0.0408845,0.0405931,0.0386641,0.038366,0.0362351,0.0314567,0.0297843,0.029003,0.0309098,0.0264,0.0287608,0.0254231,0.0291948,0.0309769,0.0420199,0.0508257,0.0630677,0.0837548
507.883,0.0341678,0.0360914,0.034456,0.033604,0.0309791,0.0283923,0.028434,0.0234376,0.0232914,0.023075,0.0214463,0.0217547,0.0223753,0.0248328,0.0285036,0.0331091,0.0456608,0.0635397,0.080714
508.345,0.0343964,0.0364131,0.0364375,0.0353771,0.0297704,0.0303418,0.0298184,0.026812,0.0260858,0.0230576,0.0231372,0.0216222,0.0242382,0.0249799,0.0287419,0.0346421,0.0447508,0.0631482,0.0786302
508.808,0.0379245,0.0383908,0.0360526,0.0344591,0.030355,0.0294891,0.0288243,0.0251257,0.0266212,0.0222211,0.0241005,0.0188767,0.0235576,0.0242723,0.0279479,0.0357822,0.0449906,0.0661445,0.0831986
509.27,0.0401182,0.0376945,0.0381625,0.0341106,0.0334565,0.0272652,0.0311345,0.0280786,0.0262289,0.025059,0.0247441,0.0268119,0.0230567,0.0270876,0.0307883,0.0350594,0.047493,0.06404,0.0842425
509.732,0.0395278,0.0385602,0.038746,0.0347561,0.0323059,0.0304438,0.0271969,0.028584,0.0272674,0.0252914,0.0237741,0.0247036,0.0252665,0.0274896,0.0307346,0.0354735,0.0463463,0.0636339,0.0825022
510.194,0.0376865,0.0371372,0.0371525,0.0371055,0.0317741,0.0293072,0.0324322,0.027207,0.0252299,0.0255811,0.0230731,0.0239921,0.0240074,0.0245916,0.0286123,0.0376564,0.0496539,0.065004,0.0793648
510.655,0.0355403,0.0355043,0.0362097,0.0315087,0.0315041,0.0308344,0.0240928,0.0240782,0.0251641,0.0245729,0.0215354,0.0189086,0.024641,0.0230317,0.028354,0.0333867,0.044906,0.0605653,0.0778058
511.117,0.03863,0.037538,0.0328639,0.0325244,0.0316555,0.0305094,0.0262966,0.0251572,0.0235806,0.026525,0.0214067,0.0217182,0.0235482,0.0241337,0.025977,0.0380402,0.0450088,0.0617024,0.0788473
511.579,0.0399474,0.0376394,0.0343508,0.0335937,0.0348999,0.0291549,0.025916,0.0269831,0.0252207,0.0237401,0.0219858,0.0224244,0.0227752,0.025269,0.0262238,0.0356712,0.0434751,0.0631179,0.0790489
512.04,0.0391969,0.0419687,0.0400919,0.033535,0.0354205,0.0309849,0.028489,0.0272302,0.0265564,0.0255614,0.0249957,0.0253122,0.0262801,0.0275224,0.0308787,0.0371538,0.0480297,0.0689163,0.0831605
512.501,0.0383024,0.0379365,0.0345143,0.0322233,0.0321137,0.032069,0.0284761,0.0252061,0.0231845,0.0226827,0.0238933,0.0237675,0.0218947,0.0237055,0.0282014,0.0354896,0.0470574,0.0652079,0.0827119
512.963,0.041677,0.040038,0.0342442,0.0365232,0.0343699,0.0305823,0.0281823,0.0280447,0.0270392,0.025341,0.0258395,0.0238793,0.0267424,0.0251997,0.0308348,0.0345804,0.0475462,0.0650947,0.0824157
513.424,0.0400271,0.0378762,0.0368984,0.0354683,0.0344943,0.0301402,0.0285106,0.0270669,0.0271292,0.0211127,0.022766,0.0242789,0.0249694,0.0253,0.0291762,0.0384367,0.0433649,0.064993,0.0820744
513.885,0.0369311,0.0380019,0.0354505,0.0354645,0.0336068,0.0307063,0.0264261,0.0276219,0.0269809,0.0251193,0.0241824,0.0248992,0.023999,0.0265458,0.0283592,0.0355086,0.0480202,0.0640144,0.0833206
514.345,0.0348793,0.0369343,0.034378,0.0340162,0.0327376,0.0291961,0.0275385,0.0247307,0.0237664,0.0215073,0.020172,0.0209378,0.0231572,0.0257113,0.0271917,0.0326358,0.0446585,0.0606083,0.0822971
514.806,0.0382051,0.0383561,0.0352421,0.0360454,0.0332859,0.0295199,0.0289688,0.0268593,0.0261634,0.0248665,0.0237722,0.0249362,0.0240184,0.0279646,0.0298112,0.0358031,0.0478357,0.0630466,0.0805095
515.267,0.0357916,0.0379375,0.035988,0.03331,0.0340194,0.0285527,0.0279975,0.0266736,0.0236056,0.024216,0.0233462,0.022341,0.0236555,0.0252099,0.0289315,0.0346366,0.0457839,0.0622329,0.0783604
515.727,0.0396244,0.038926,0.0374382,0.0372065,0.0361191,0.0330606,0.0302719,0.0297389,0.0275942,0.0268144,0.0250003,0.0268169,0.0244636,0.0258814,0.0325361,0.0372469,0.0505213,0.0668574,0.084845
516.188,0.0386662,0.0378849,0.035484,0.0347335,0.0336524,0.0303988,0.028688,0.0281055,0.0284522,0.024988,0.0227714,0.025082,0.0229122,0.0242763,0.0295012,0.0346552,0.0477989,0.0643351,0.0802985
516.648,0.0377264,0.0366901,0.036107,0.0367102,0.0324938,0.0296063,0.0315303,0.0265744,0.0248826,0.0252201,0.0244059,0.0234051,0.0239161,0.0263017,0.0298373,0.0386227,0.0461744,0.0666316,0.0808218
517.108,0.0387047,0.0369635,0.0369918,0.0316817,0.0350018,0.0288551,0.0301378,0.0269996,0.0268029,0.0252436,0.025315,0.0225053,0.0243054,0.0260618,0.0292505,0.0352803,0.0469935,0.0624635,0.082052
517.568,0.0402626,0.0381941,0.0379936,0.0328655,0.0319385,0.0277129,0.0297834,0.0273698,0.0246882,0.0253775,0.0247654,0.0249986,0.0247203,0.0269896,0.0303874,0.0361797,0.04729,0.0652818,0.0791373
518.028,0.0373951,0.0374539,0.0349721,0.0338709,0.0292506,0.0292386,0.0277123,0.0260409,0.0239937,0.0256752,0.0239813,0.0232235,0.0243646,0.0255931,0.0271913,0.0361984,0.0466308,0.0630086,0.0795365
518.488,0.0391971,0.0412167,0.036124,0.0335434,0.0318761,0.0300524,0.0292972,0.0267051,0.0270083,0.0247516,0.0237267,0.0249542,0.024325,0.0249547,0.0302606,0.0362084,0.0454466,0.0636251,0.0816947
518.947,0.0408811,0.038615,0.0397427,0.0358224,0.0339675,0.0306973,0.0306467,0.0298228,0.0270327,0.0249062,0.0249587,0.0241158,0.0251362,0.0263805,0.0322585,0.036861,0.0487554,0.0667889,0.0809829
519.407,0.0403233,0.0386249,0.0369243,0.0325946,0.0318181,0.0311177,0.0296491,0.0270138,0.0275601,0.0247481,0.0251307,0.0235296,0.0242353,0.025999,0.029864,0.0359075,0.0490307,0.0626609,0.0806546
519.866,0.0375842,0.0361636,0.0343997,0.0334461,0.0319316,0.0310291,0.0271634,0.0256802,0.0243445,0.0239564,0.0223038,0.0235796,0.022536,0.0254666,0.0308215,0.0370617,0.0462356,0.0612011,0.0796724
520.326,0.0360974,0.0352371,0.0352637,0.0324801,0.0293231,0.0274967,0.028461,0.0241194,0.0247511,0.0219444,0.0217611,0.0217463,0.0223591,0.0230213,0.0285953,0.0347029,0.0447521,0.0628869,0.0815953
520.785,0.0367142,0.0359725,0.0354181,0.0311534,0.0309556,0.0306119,0.0250609,0.023353,0.0239369,0.0218628,0.022048,0.0219433,0.0216254,0.0253796,0.029018,0.0357384,0.0445391,0.0623108,0.076999
521.244,0.0394832,0.0370192,0.0373767,0.033923,0.033931,0.0293597,0.0274985,0.0252591,0.024754,0.0221205,0.0234545,0.0223051,0.0223941,0.0251425,0.0296913,0.0328406,0.0459375,0.0619324,0.0779198
521.703,0.0353417,0.0379006,0.0329456,0.0313153,0.0329627,0.0302244,0.0244266,0.025629,0.0236825,0.023245,0.0231227,0.0211812,0.0214071,0.0256445,0.0267391,0.0358608,0.0453501,0.0631624,0.0764322
522.162,0.0348594,0.0384132,0.0355287,0.0352759,0.0335139,0.0282755,0.0285744,0.0266442,0.0250175,0.0244065,0.0232533,0.022933,0.0227013,0.0254491,0.0284565,0.0353759,0.044948,0.0614179,0.0794858
522.621,0.0384864,0.0366488,0.0359632,0.0329809,0.0336375,0.0324629,0.0307579,0.0279055,0.024879,0.0245077,0.0229847,0.0253836,0.0251066,0.0256057,0.0300881,0.0386526,0.0459853,0.063912,0.0799247
523.079,0.0361621,0.0373857,0.0364634,0.0328608,0.0290302,0.0296038,0.0280189,0.026429,0.023955,0.0239951,0.0211641,0.0225308,0.0235042,0.0270037,0.0274217,0.0349644,0.0454874,0.0621056,0.0794505
523.538,0.036558,0.035437,0.0360141,0.0336646,0.0303952,0.030733,0.0268257,0.0280337,0.0253009,0.0235346,0.0254575,0.0229682,0.0212868,0.02439,0.0276921,0.0343896,0.0459367,0.0628859,0.0806296
523.996,0.0369739,0.0354552,0.0356685,0.0317732,0.0288941,0.0288807,0.0254626,0.02573,0.0249844,0.0211266,0.0209739,0.0203313,0.0237345,0.0227804,0.0280717,0.0360674,0.047942,0.0600295,0.0809997
524.455,0.0379552,0.0396028,0.0378578,0.0367756,0.0325967,0.0315341,0.0304517,0.0271661,0.0252774,0.0252995,0.0251603,0.0238225,0.0249634,0.0258405,0.0309062,0.0367964,0.0476787,0.0646438,0.0802278
524.913,0.0380824,0.0388681,0.0361639,0.0351174,0.0337145,0.0304206,0.0303243,0.0286853,0.0272845,0.0265456,0.0261969,0.0235425,0.0259536,0.0285132,0.0296802,0.0351422,0.0474014,0.0642861,0.0824271
525.371,0.0357614,0.0365162,0.0330625,0.0335031,0.0322824,0.0292949,0.0264665,0.0244414,0.0246576,0.0241985,0.022561,0.0234928,0.0231501,0.0247653,0.0273926,0.0351527,0.0470091,0.0630364,0.0813287
525.829,0.0330161,0.0339673,0.0330008,0.0324172,0.0307635,0.02623,0.0259122,0.0227486,0.0234532,0.0210854,0.0214794,0.0201233,0.0222265,0.0240579,0.026554,0.0291286,0.0438235,0.0607992,0.0774731
526.286,0.0368011,0.0368782,0.0346842,0.0318302,0.0342469,0.0298286,0.0277351,0.0250747,0.0259546,0.0237561,0.0228382,0.0230067,0.0234993,0.0254977,0.030267,0.0348889,0.0456652,0.0634458,0.082553
526.744,0.036909,0.0376264,0.0369346,0.0332387,0.0310703,0.0304453,0.0291418,0.0260785,0.0260615,0.0250436,0.0227056,0.0224331,0.0208319,0.0245062,0.0280575,0.0359754,0.0477736,0.0611683,0.0802734
527.202,0.0372398,0.0384391,0.0359219,0.0341363,0.0315269,0.0297804,0.027936,0.0278863,0.0276208,0.0241744,0.0243792,0.0250806,0.0224195,0.0239129,0.0284542,0.0356833,0.0473535,0.0620529,0.078624
527.659,0.0370955,0.0360703,0.0324165,0.0333177,0.0317975,0.0308155,0.0261519,0.024527,0.0239368,0.0223448,0.0222393,0.0218738,0.0225101,0.0233141,0.0265175,0.0347439,0.0456175,0.0616294,0.0779049
528.117,0.0365718,0.0393967,0.0356646,0.0329559,0.0309723,0.0301933,0.0264076,0.0272674,0.0243219,0.0245069,0.0243375,0.023782,0.0221692,0.0253812,0.0280818,0.0356458,0.0459946,0.0634363,0.0785311
528.574,0.0369918,0.0360286,0.0354241,0.0340097,0.032558,0.0309552,0.0266321,0.0251213,0.0257312,0.0242829,0.0200985,0.0220279,0.0226576,0.0241052,0.027674,0.0342387,0.044004,0.0609685,0.0777986
529.031,0.0364915,0.0366478,0.0306892,0.0318832,0.0313682,0.0292019,0.0270599,0.0247341,0.0262511,0.0218504,0.0209923,0.0217683,0.0217941,0.0246309,0.0277427,0.0335589,0.0447839,0.0597349,0.0753247
529.488,0.0391152,0.0370565,0.0356089,0.0327444,0.0302172,0.0290961,0.0269562,0.0254802,0.0239314,0.0241085,0.0232993,0.0210906,0.0233376,0.0253145,0.0277353,0.0343572,0.0443972,0.0619704,0.079444
529.945,0.0387498,0.0352687,0.0355776,0.0343523,0.0334342,0.0314214,0.0304355,0.0294075,0.0269317,0.0253058,0.0249411,0.022788,0.0241506,0.0253314,0.0290203,0.0358289,0.0449347,0.0641422,0.081972
530.402,0.0380049,0.0373085,0.0337164,0.0322715,0.0333748,0.0282219,0.0284644,0.0261156,0.0237949,0.0232356,0.0230783,0.0225478,0.021991,0.0261753,0.0283713,0.0342148,0.045885,0.0640693,0.0772583
530.858,0.0366707,0.0384149,0.0338899,0.0341969,0.0328449,0.030139,0.0285974,0.0247902,0.0258583,0.0254647,0.0234991,0.0233262,0.0224446,0.0266372,0.0287821,0.034255,0.0447615,0.0653103,0.07981
531.315,0.037367,0.0342427,0.0373951,0.0342505,0.0325981,0.0300689,0.0279411,0.0263333,0.0240387,0.024189,0.0244189,0.023456,0.0229549,0.0250033,0.0269849,0.0351074,0.0452248,0.0629705,0.0791112
531.771,0.0393924,0.0374592,0.0355935,0.036229,0.0309292,0.0316981,0.0286467,0.0280273,0.025361,0.0244803,0.0239606,0.0244302,0.0238182,0.0245686,0.0300966,0.0379017,0.0470664,0.0613079,0.0806676
532.227,0.0396068,0.0388774,0.0390993,0.0381787,0.0327495,0.0337215,0.029823,0.028893,0.0261336,0.0248252,0.0250056,0.0247337,0.0249417,0.0278638,0.0317874,0.0374057,0.046292,0.0624651,0.0820235
532.684,0.0369678,0.0387321,0.0353991,0.0328011,0.0336194,0.0307174,0.0280211,0.0266614,0.0256691,0.0246519,0.0244019,0.023251,0.0241275,0.0277613,0.0267797,0.0327913,0.0473879,0.0648119,0.0809782
533.14,0.0372151,0.0373056,0.0343735,0.0340123,0.0311905,0.0294842,0.0273102,0.025863,0.0242756,0.0233218,0.024062,0.0243384,0.0242187,0.0238308,0.0271646,0.0353472,0.0473503,0.0615143,0.0793469
533.596,0.0365358,0.0365949,0.033649,0.0335525,0.029496,0.0295873,0.026762,0.0249424,0.0212494,0.0215501,0.0209127,0.0223783,0.0213513,0.0254384,0.0263909,0.0336221,0.0427517,0.0612965,0.077564
534.051,0.0346661,0.035227,0.0341538,0.0326468,0.0301326,0.0285434,0.0280515,0.0246627,0.0218287,0.0222462,0.023857,0.0228975,0.0224575,0.026799,0.0283271,0.035056,0.0448841,0.0605964,0.0799451
534.507,0.0364113,0.0350848,0.0358705,0.0360134,0.0321212,0.0305141,0.0287134,0.0241144,0.0232454,0.0259443,0.0232089,0.0227434,0.0234397,0.0258114,0.0283821,0.0353488,0.0439323,0.0619482,0.0782404
534.963,0.0365319,0.0350067,0.0376594,0.0352675,0.0311315,0.0287203,0.029157,0.0277404,0.0256773,0.0252505,0.0240612,0.0222672,0.0253438,0.0256167,0.0290342,0.0351136,0.0445434,0.0637014,0.0819509
535.418,0.0349724,0.035018,0.0365831,0.0339556,0.0303386,0.0282939,0.0260511,0.0245991,0.0248142,0.0223993,0.0222152,0.022306,0.0213975,0.0239858,0.0280838,0.0336373,0.0464928,0.063189,0.080238
535.873,0.0374242,0.0353003,0.0336835,0.0328681,0.0320752,0.0288642,0.0278137,0.0269932,0.0237461,0.0233802,0.0213187,0.0217728,0.0231934,0.02499,0.0304614,0.0336984,0.0462814,0.0615393,0.0807816
536.329,0.0370053,0.0366611,0.0349701,0.0332304,0.0317958,0.0297204,0.0272008,0.0264151,0.0236717,0.0236497,0.0250503,0.0236405,0.0244995,0.0247257,0.0288197,0.035757,0.0464258,0.0615021,0.078967
536.784,0.0387507,0.0368922,0.0357603,0.0317561,0.0310247,0.0300686,0.0259678,0.0262786,0.023568,0.0233061,0.0232278,0.0232453,0.02403,0.0233834,0.0272039,0.0327879,0.0455323,0.0603423,0.0796832
537.239,0.0368266,0.038927,0.0351801,0.0311797,0.0346237,0.0276898,0.0273335,0.0256387,0.0251588,0.0257155,0.0231341,0.024877,0.0220142,0.0265682,0.0288223,0.0345479,0.0448699,0.0651814,0.0808784
537.694,0.0359523,0.0352752,0.0355531,0.0308627,0.0318923,0.0291177,0.0272971,0.0237057,0.021956,0.0220211,0.0226127,0.0194133,0.022696,0.0234099,0.0276602,0.032016,0.0437299,0.0625162,0.0777191
538.148,0.0385399,0.0374056,0.0363715,0.032395,0.031911,0.031108,0.0282566,0.0276812,0.025168,0.0231414,0.0236605,0.0262384,0.0249293,0.0251714,0.0287924,0.0364842,0.0469369,0.0610363,0.0804562
538.603,0.0370481,0.0373207,0.0353002,0.0324497,0.0317897,0.028984,0.0297174,0.0258779,0.0244354,0.0225705,0.0237839,0.0220453,0.022547,0.0225056,0.0287767,0.0359627,0.0459045,0.0640601,0.0780274
539.058,0.0343031,0.0350596,0.0367184,0.0331834,0.0300111,0.0305673,0.0263789,0.0263265,0.0248515,0.022785,0.0227767,0.0228369,0.0227569,0.0246697,0.027942,0.0335075,0.0452844,0.0634233,0.0779999
539.512,0.0389776,0.0374847,0.0357156,0.0349487,0.0307466,0.0296471,0.0283345,0.02493,0.0233625,0.0236678,0.0245013,0.021901,0.0227399,0.0240123,0.0293904,0.0355995,0.0436068,0.0637893,0.0802686
539.966,0.0349254,0.0368618,0.0340249,0.0331191,0.0298901,0.0284645,0.026833,0.0252834,0.0253229,0.0218415,0.0225427,0.0228323,0.0227402,0.0246881,0.0280891,0.0315332,0.0442383,0.0627669,0.0782746
540.421,0.0389269,0.0370582,0.0356498,0.0339802,0.0298151,0.029619,0.0279933,0.0265752,0.0263652,0.0234334,0.0223399,0.0226284,0.0245031,0.02431,0.030186,0.0351943,0.0483204,0.0622929,0.0808962
540.875,0.0357449,0.037585,0.035257,0.0366656,0.0333692,0.0294947,0.0286402,0.0254994,0.0251108,0.0240262,0.0241334,0.0223545,0.0240347,0.0254592,0.0291467,0.037902,0.0435234,0.0632202,0.0813936
541.329,0.0387346,0.0380085,0.0369356,0.0341746,0.0331104,0.0296944,0.0277142,0.026385,0.025436,0.0224867,0.0251105,0.0231527,0.0229182,0.0244177,0.0288148,0.0343161,0.045739,0.0629372,0.0777769
541.782,0.038432,0.0374336,0.0350206,0.0333769,0.031597,0.029106,0.0299623,0.0266497,0.0253874,0.0238736,0.0246997,0.0243379,0.0224639,0.0270859,0.0306462,0.0355011,0.0475869,0.0621668,0.0815119
542.236,0.0351408,0.0346669,0.0347183,0.0334563,0.0299281,0.0275849,0.0259421,0.024287,0.0227315,0.0233448,0.0223333,0.0227026,0.0221061,0.0270235,0.0274349,0.0341791,0.0438706,0.0628072,0.0803934
542.69,0.0359798,0.0360178,0.0354083,0.0343408,0.0317937,0.0302588,0.0258656,0.0252587,0.0239429,0.0220449,0.0229807,0.0212985,0.0214618,0.0242665,0.027843,0.0354232,0.0455968,0.0613483,0.0786189
543.143,0.037178,0.0362556,0.0349804,0.0348005,0.0347444,0.0289098,0.0277013,0.0251667,0.023768,0.021959,0.0213326,0.0230597,0.0223407,0.0247804,0.0261406,0.0355777,0.0440174,0.0635919,0.0793828
543.597,0.0379952,0.0348004,0.033839,0.0335782,0.0321681,0.0307036,0.028509,0.0255721,0.0248279,0.0234428,0.023723,0.0226301,0.0229634,0.025776,0.0285729,0.0356395,0.0471458,0.0646449,0.0814095
544.05,0.0356886,0.0357987,0.0361898,0.0332469,0.0336879,0.0306056,0.0277103,0.0249435,0.0265283,0.0261261,0.0216676,0.021323,0.0235475,0.0242939,0.0277461,0.0359683,0.0467351,0.0632023,0.0785136
544.503,0.0358595,0.0372356,0.0357159,0.0326807,0.0303071,0.02947,0.0274722,0.0248422,0.0247338,0.0239139,0.0225393,0.020933,0.0228561,0.0236377,0.0280355,0.0336525,0.0437024,0.0616545,0.0794953
544.956,0.0367721,0.0361791,0.0316114,0.0323892,0.0318248,0.0282703,0.0265587,0.024276,0.0252198,0.0222031,0.0234003,0.0234988,0.0229225,0.0248698,0.0270132,0.0342857,0.0464993,0.0623244,0.0807662
545.409,0.0343736,0.0349272,0.0356976,0.0331091,0.0310703,0.0285818,0.0259756,0.0255745,0.0226392,0.020868,0.0209798,0.0216975,0.024001,0.0234334,0.0275497,0.0338568,0.0463004,0.0607322,0.07892
545.862,0.0360842,0.0348305,0.0337799,0.0338518,0.0300916,0.0271386,0.0258058,0.0260714,0.023433,0.0224138,0.0216489,0.02145,0.0218697,0.025523,0.0274032,0.0345603,0.0452935,0.0614632,0.0760206
546.314,0.0380149,0.0370232,0.0352672,0.0322664,0.0310269,0.0283947,0.0270469,0.0260362,0.023768,0.0226713,0.0225827,0.0218717,0.0213986,0.0244246,0.0265804,0.0335795,0.0453131,0.0629212,0.078522
546.767,0.0356343,0.0353141,0.035902,0.0333721,0.0313941,0.029218,0.0277649,0.0256897,0.0254305,0.0228325,0.0227002,0.0220974,0.0216954,0.0239592,0.028249,0.0346626,0.0449735,0.0622594,0.0779608
547.219,0.0345561,0.0346909,0.0327692,0.0318246,0.0292502,0.0292435,0.0268373,0.0261846,0.02477,0.0223713,0.0223146,0.0219269,0.0211799,0.0240314,0.0282768,0.0327848,0.0431426,0.0623406,0.0787094
547.672,0.0366513,0.036125,0.0337215,0.0339938,0.0300399,0.0283227,0.0248774,0.0252745,0.0245401,0.0234837,0.0227042,0.0208973,0.0210814,0.0231527,0.0271346,0.0344564,0.0464324,0.0605875,0.0766071
548.124,0.0368547,0.0352501,0.0334334,0.031893,0.0310453,0.029148,0.0269802,0.0257224,0.0237239,0.0203315,0.0216726,0.0213637,0.0228511,0.0239175,0.0267684,0.0358701,0.0419598,0.0598328,0.0797483
548.576,0.0370844,0.0356571,0.0338877,0.0356685,0.0323232,0.0316984,0.0285626,0.025745,0.0261288,0.0244724,0.0255806,0.0233608,0.0228202,0.0273353,0.0283261,0.0354535,0.0448123,0.0646758,0.0822461
549.028,0.036195,0.0368592,0.03433,0.033206,0.0326064,0.0286288,0.0268114,0.0264754,0.0238746,0.0229343,0.0236452,0.0223961,0.0209883,0.0256272,0.0265398,0.0345135,0.0451827,0.0633194,0.0779371
549.48,0.0365429,0.0348297,0.0334432,0.0321323,0.0316274,0.0281188,0.0275904,0.0247334,0.0249533,0.0210025,0.0232286,0.0217259,0.0211478,0.0230624,0.0283654,0.0338441,0.0450076,0.0602595,0.0786226
549.931,0.0339739,0.0363124,0.0337165,0.0323527,0.0300842,0.0285913,0.0264038,0.0234138,0.0244025,0.0210263,0.0209989,0.0219202,0.020532,0.0229349,0.0266512,0.0313968,0.0421111,0.0605496,0.0795346
550.383,0.0363873,0.0353401,0.0363097,0.0325692,0.0298688,0.0299408,0.0292172,0.0270876,0.0248371,0.0223115,0.0223377,0.0203697,0.0220788,0.0244507,0.0267157,0.0342658,0.0454041,0.0613769,0.0772931
550.834,0.0364052,0.034553,0.0366656,0.0331797,0.0305825,0.0284434,0.0287818,0.0255269,0.0244298,0.0231236,0.0218988,0.0225266,0.0233049,0.0255674,0.0299754,0.033799,0.0445548,0.0604091,0.0789471
551.286,0.0370312,0.0391105,0.0369762,0.035175,0.0335191,0.0300471,0.0288355,0.0266687,0.0253438,0.0243499,0.0232823,0.0237883,0.0255373,0.0254637,0.0306419,0.0360962,0.0452325,0.0625036,0.0786934
551.737,0.0334935,0.0355147,0.0331211,0.033032,0.0309244,0.0291563,0.0250684,0.0260562,0.0239448,0.0211142,0.0223371,0.0201732,0.0227418,0.022244,0.0263852,0.033401,0.0445068,0.0603488,0.0792818
552.188,0.0368863,0.0366275,0.0352998,0.0334731,0.0330658,0.0299076,0.0269373,0.0241685,0.0240135,0.0243884,0.0242833,0.0230632,0.0231924,0.0244988,0.0284509,0.036989,0.0459972,0.0645773,0.0803995
552.639,0.0358795,0.0359955,0.035468,0.033369,0.0305064,0.0303092,0.0267592,0.026024,0.0243643,0.0238021,0.0237049,0.0230409,0.0225753,0.0252022,0.0286817,0.0343854,0.0462495,0.062927,0.0800707
553.09,0.0382754,0.0377897,0.0365177,0.0365027,0.0333321,0.0317318,0.0299684,0.0276173,0.0261498,0.0263799,0.0257566,0.0234301,0.0248699,0.025925,0.0311923,0.036847,0.0477132,0.0656684,0.0834933
553.541,0.0367847,0.0349475,0.0335801,0.0341798,0.0302289,0.0286346,0.0256091,0.0251152,0.022285,0.0239091,0.0226766,0.0216491,0.0219341,0.0232631,0.0268661,0.0348298,0.0440735,0.0611571,0.0775433
553.992,0.0332367,0.0342783,0.0328175,0.0330425,0.0294518,0.0273308,0.0249828,0.0251995,0.0220786,0.0204633,0.0212481,0.0222237,0.020737,0.0256401,0.0269121,0.0345407,0.0451195,0.0615791,0.0777929
554.442,0.0353425,0.0360664,0.0362571,0.0315108,0.0307461,0.0293591,0.0265911,0.0251523,0.0240027,0.0221056,0.023566,0.0217456,0.0237134,0.0250822,0.029484,0.0339177,0.0450393,0.0615966,0.0802593
554.893,0.0377099,0.0360749,0.0356047,0.0326946,0.0321679,0.0290636,0.0249185,0.0251561,0.0246343,0.023617,0.0220277,0.0233676,0.0239659,0.0260147,0.028123,0.0348466,0.0458807,0.0623298,0.0810273
555.343,0.0356099,0.0355755,0.0345122,0.0325649,0.0307297,0.0300323,0.0266139,0.0260124,0.0239918,0.0226422,0.0214155,0.0227897,0.0225995,0.0258045,0.0289132,0.0352866,0.0449946,0.060754,0.0792555
555.793,0.0367951,0.0336895,0.0347384,0.03218,0.0292852,0.0301857,0.0286467,0.0241083,0.0217511,0.0221768,0.022831,0.0217285,0.0220074,0.0252373,0.0282787,0.033181,0.0464298,0.0625003,0.0792534
556.243,0.0371652,0.0376718,0.0359524,0.0355477,0.0331326,0.030551,0.0286842,0.0257265,0.0256032,0.0238459,0.0244842,0.024362,0.0231886,0.0246469,0.0290495,0.0367471,0.0482243,0.0652551,0.0796446
556.693,0.0361603,0.035783,0.0328386,0.0347431,0.0326294,0.0298884,0.0263865,0.0266245,0.025057,0.0222805,0.0226837,0.0224043,0.0219446,0.0241652,0.0293011,0.0351499,0.0469008,0.0623134,0.0778946
557.143,0.0368498,0.0363495,0.0357095,0.0327934,0.0308418,0.029303,0.0296935,0.0249608,0.0255965,0.0231171,0.0237119,0.0235059,0.024778,0.0237815,0.0289986,0.0361752,0.0463733,0.0628579,0.0778783
557.593,0.0372306,0.0350469,0.0331643,0.0307804,0.0308168,0.0283442,0.0266288,0.0254723,0.0236466,0.0222409,0.0240604,0.021031,0.0212905,0.0234746,0.0289917,0.034129,0.045057,0.0641565,0.0800403
558.042,0.0370505,0.0344701,0.0363267,0.0334517,0.032309,0.0300908,0.0269357,0.0268827,0.0251283,0.0243434,0.0220493,0.022455,0.0238461,0.0260618,0.0285855,0.0344172,0.0453208,0.0624621,0.0797566
558.492,0.0366718,0.035535,0.0362363,0.0338194,0.030708,0.0319676,0.0273458,0.0253808,0.0256875,0.02459,0.0234123,0.0216477,0.0244971,0.0262024,0.02956,0.0338704,0.0449496,0.0620065,0.080669
558.941,0.0355518,0.0353457,0.0334547,0.032408,0.0295061,0.0283906,0.0279322,0.0241542,0.0243223,0.0223776,0.0220246,0.0228533,0.0232071,0.024864,0.0284409,0.0344971,0.0464041,0.0629014,0.0786594
559.39,0.0380667,0.0368565,0.0336329,0.0329393,0.0314936,0.0282585,0.0268777,0.0235836,0.0242117,0.0241946,0.020639,0.0246683,0.0233747,0.0248538,0.0281687,0.0362255,0.0469346,0.0626967,0.0811127
559.839,0.035233,0.0360691,0.0345693,0.0343234,0.0316189,0.0279248,0.0276977,0.0246816,0.0248773,0.0225164,0.0211597,0.0232539,0.0234727,0.0237869,0.0297188,0.0345416,0.0450271,0.0634727,0.0800447
560.288,0.0353708,0.0334436,0.0354019,0.0329058,0.0318553,0.0293144,0.0258426,0.0254484,0.0235971,0.0214543,0.0204353,0.0220034,0.0208593,0.0249607,0.0275158,0.0334918,0.0432911,0.0619558,0.0782795
560.737,0.0367239,0.0364475,0.036259,0.0345661,0.0323265,0.0304397,0.0293247,0.0261374,0.025621,0.02325,0.0259476,0.0244913,0.0243315,0.0262191,0.0290384,0.0362667,0.0477022,0.0651094,0.0789098
561.186,0.0362443,0.0364271,0.0341197,0.0325068,0.0311377,0.029767,0.0272082,0.027179,0.0254063,0.026181,0.022078,0.0220845,0.0235415,0.0243235,0.0281084,0.035452,0.0464089,0.0640357,0.0793278
561.635,0.0372711,0.0362355,0.0344168,0.0323251,0.0312922,0.0302699,0.0256304,0.0262868,0.0246507,0.0247222,0.0207223,0.0215141,0.0221567,0.0247268,0.0273356,0.0338787,0.046,0.0632639,0.0798279
562.083,0.0352286,0.0367056,0.0330552,0.0300479,0.030947,0.0278013,0.0254153,0.0253042,0.0229991,0.0246045,0.0222706,0.0220133,0.0224894,0.024219,0.0275209,0.0338496,0.0444072,0.0631391,0.0784646
562.532,0.034644,0.0352357,0.0325296,0.0304296,0.0293195,0.0279165,0.0257405,0.0228574,0.0215484,0.0230324,0.0197275,0.0204336,0.0211583,0.021548,0.0270443,0.0305906,0.0434345,0.0627263,0.0772924
562.98,0.0363199,0.0356826,0.0329154,0.0321843,0.0309548,0.0294672,0.0266457,0.0246748,0.0239252,0.0230488,0.021722,0.0210226,0.0221357,0.0250338,0.0297601,0.034873,0.0443941,0.0616419,0.0797017
563.428,0.0346091,0.0363586,0.0323479,0.0323702,0.0294547,0.0293073,0.02668,0.024237,0.0237829,0.0212719,0.0226153,0.0205256,0.0221545,0.023801,0.0271521,0.0374802,0.0434666,0.0615921,0.0792197
563.876,0.0359204,0.0349704,0.0326107,0.0321318,0.0297799,0.0283889,0.0265133,0.0269667,0.0240674,0.0237253,0.0209932,0.0217418,0.0228021,0.0242587,0.027956,0.0326098,0.0454774,0.0620004,0.0794379
564.324,0.0360114,0.0368058,0.0343808,0.0319385,0.0302322,0.0274981,0.0260118,0.0262349,0.0243975,0.0236217,0.0211434,0.0214371,0.0215528,0.0246953,0.0280837,0.0334107,0.044384,0.0634543,0.0825989
564.772,0.0345865,0.0356931,0.0352469,0.0328114,0.0313694,0.0289168,0.0277826,0.0251485,0.0262659,0.0251357,0.02256,0.0235514,0.0224598,0.0249417,0.0292741,0.0348485,0.0452742,0.0626868,0.0820162
565.22,0.0366274,0.0351925,0.0326445,0.030942,0.0306681,0.0284866,0.0250407,0.0255186,0.0233912,0.0211946,0.0207621,0.0213581,0.0231168,0.0246799,0.0273203,0.0333704,0.0429107,0.0639834,0.0810334
565.667,0.035861,0.0344618,0.0359766,0.0333358,0.0311338,0.0301628,0.026907,0.0252101,0.023752,0.0240989,0.0222331,0.0213337,0.0221177,0.024375,0.0293901,0.0353686,0.0456944,0.0614024,0.0784143
566.115,0.0366408,0.0357418,0.0355524,0.0332326,0.0311777,0.0299969,0.0263158,0.0269273,0.0260828,0.0235921,0.0215654,0.0213847,0.0221172,0.026514,0.0283233,0.0351136,0.0458867,0.0628299,0.0779859
566.562,0.0359505,0.0361466,0.0354011,0.0327919,0.0315852,0.0282808,0.0282213,0.0245288,0.025003,0.0244722,0.0221845,0.0228347,0.0231403,0.0254917,0.0297387,0.0342807,0.0464851,0.0622117,0.0793844
567.01,0.0359641,0.0355987,0.0356279,0.0324719,0.0299594,0.0295656,0.0263847,0.0243229,0.0244544,0.0218511,0.0226014,0.021401,0.0229347,0.0248148,0.0292862,0.035665,0.0455851,0.0610407,0.0803956
567.457,0.0372813,0.0362564,0.035521,0.0336227,0.0322185,0.0318605,0.0278316,0.0258536,0.024099,0.023779,0.0231745,0.0230081,0.0240405,0.0251493,0.0281588,0.0355509,0.0469893,0.0657712,0.0798604
567.904,0.0352651,0.0350498,0.0346625,0.0299337,0.0293095,0.0281617,0.0267446,0.0235208,0.0225764,0.0220588,0.0192689,0.0205152,0.0203099,0.0230887,0.0251253,0.0335559,0.0463153,0.0598903,0.0760969
568.351,0.0360547,0.0349979,0.0330179,0.0306869,0.0298519,0.0289865,0.0282413,0.0255971,0.0221613,0.0237508,0.0218444,0.0223078,0.0227373,0.0248833,0.0277209,0.0343347,0.0434816,0.0621825,0.0794039
568.797,0.0352836,0.0359832,0.0335798,0.0319087,0.0299211,0.0281468,0.0280436,0.0279066,0.0250869,0.0244733,0.0225943,0.0224382,0.0230842,0.0263607,0.0286324,0.0341122,0.0443085,0.0631223,0.0814192
569.244,0.0369397,0.0349296,0.0341948,0.0330366,0.0299961,0.0292668,0.0274731,0.024967,0.0240318,0.0226646,0.0227658,0.0223519,0.0223664,0.0226954,0.0270009,0.0352431,0.0447473,0.0617572,0.0788362
569.691,0.0362751,0.0346903,0.0348096,0.0340916,0.0306932,0.0291926,0.0267188,0.0252982,0.0239432,0.02403,0.0213009,0.0221595,0.0210005,0.0242272,0.0286852,0.0338757,0.0442701,0.0637623,0.0796269
570.137,0.0354948,0.0351297,0.0349037,0.0322121,0.0306256,0.0280806,0.026228,0.0236022,0.0235523,0.0234929,0.0217664,0.0216688,0.0229072,0.0241584,0.0274818,0.0350082,0.0455048,0.0643459,0.0816423
570.583,0.0345092,0.0355256,0.0354439,0.0325102,0.0309275,0.027883,0.0273422,0.0252573,0.0245078,0.0215946,0.0221664,0.0220168,0.0231752,0.0242169,0.0278536,0.0354403,0.0448062,0.0648481,0.0777687
571.03,0.0347536,0.0322554,0.0328566,0.0334856,0.0312794,0.0298089,0.0271802,0.0249893,0.0229354,0.0209865,0.0223574,0.0212351,0.0205568,0.0233886,0.027692,0.0349741,0.0447198,0.0631659,0.0800649
571.476,0.0373879,0.03571,0.0349839,0.0321246,0.0310441,0.0289904,0.0276063,0.0251085,0.0261594,0.0237306,0.0229746,0.0220791,0.0210741,0.0242226,0.0287571,0.0362893,0.0451681,0.0634461,0.0814282
571.922,0.0371655,0.0365203,0.0356603,0.0329583,0.0315606,0.0307561,0.0273318,0.0255788,0.0253132,0.0227761,0.0224823,0.0220448,0.0227573,0.0259874,0.0275443,0.0359537,0.0462435,0.061788,0.0809062
572.367,0.0363621,0.0341461,0.033929,0.0319931,0.0291808,0.0286779,0.0245685,0.0260154,0.0235642,0.0227584,0.0219245,0.0208055,0.0220644,0.0226442,0.0276387,0.0347637,0.0430393,0.0628306,0.0761637
572.813,0.0357599,0.0363183,0.0347256,0.0335374,0.0303823,0.0307149,0.0278809,0.0255789,0.0268432,0.0233869,0.0209674,0.0223069,0.023831,0.0260053,0.0282886,0.0344154,0.0446331,0.0627215,0.0805824
573.259,0.036405,0.0361471,0.0335213,0.0321329,0.0295163,0.027845,0.0248527,0.0234747,0.0226023,0.0227863,0.0213821,0.021286,0.0207441,0.0214682,0.0283915,0.0339754,0.0449259,0.0627091,0.0795099
573.704,0.0366758,0.0348425,0.033091,0.0283627,0.0308533,0.029564,0.0268585,0.023879,0.0240812,0.0222555,0.0226067,0.0207081,0.021646,0.0241117,0.027476,0.0342951,0.0444406,0.0611923,0.0798021
574.15,0.0351281,0.0356995,0.034696,0.0333474,0.0313125,0.0286376,0.0259677,0.0249495,0.0223061,0.0211843,0.0217759,0.0210485,0.0229875,0.0244587,0.0286295,0.0344128,0.044464,0.0622503,0.0785758
574.595,0.0372317,0.0338441,0.0329445,0.0326324,0.0294808,0.0293117,0.0248208,0.0235461,0.0221787,0.0218543,0.0220285,0.0228178,0.0203408,0.0237208,0.0272401,0.0347385,0.0460746,0.061861,0.0804158
575.04,0.0359136,0.0359243,0.0333986,0.0315745,0.0303992,0.0277611,0.0257924,0.0242462,0.0229567,0.0231951,0.0210338,0.0205311,0.0221008,0.0235488,0.0273239,0.0338287,0.0437638,0.0618936,0.077658
575.485,0.0364246,0.0372485,0.0325302,0.031651,0.0293593,0.0277387,0.0283554,0.0254555,0.0221986,0.0213697,0.0215474,0.0224084,0.0225475,0.0242987,0.0278204,0.0330556,0.045843,0.0632655,0.0793595
575.93,0.035007,0.035158,0.0338514,0.0303739,0.0298845,0.027352,0.0274793,0.0232242,0.0217688,0.0226332,0.02177,0.021665,0.0208408,0.0236582,0.028144,0.0342467,0.0454234,0.0628279,0.077968
576.375,0.0336031,0.0354972,0.0331798,0.0313242,0.0312488,0.027619,0.0257636,0.02522,0.0232922,0.021899,0.0214496,0.0203206,0.0226715,0.0230425,0.0252387,0.0320807,0.0445167,0.0611779,0.0780465
576.819,0.03407,0.0358281,0.0337146,0.0319371,0.031089,0.0296761,0.0260892,0.0239907,0.0243393,0.0222127,0.0218311,0.0218354,0.0219546,0.0244143,0.0275422,0.0338742,0.0442982,0.0619762,0.0809597
577.264,0.0352185,0.0354431,0.0336038,0.0327041,0.0306126,0.0281224,0.0281039,0.0257089,0.0240597,0.0221026,0.020286,0.0213995,0.0206554,0.0242918,0.0274591,0.0349205,0.0446334,0.0608874,0.078883
577.708,0.0355693,0.0344664,0.0346404,0.0327203,0.0304628,0.0282396,0.0261463,0.0246088,0.0236136,0.0234384,0.0218281,0.0215497,0.0232046,0.0248483,0.0285654,0.033355,0.045852,0.0619089,0.0804392
578.153,0.0374088,0.0377548,0.0343972,0.0333232,0.0313233,0.0285715,0.0285614,0.0257475,0.0241979,0.0239569,0.0223538,0.0214382,0.0233091,0.0248088,0.0297152,0.035053,0.0470222,0.0637483,0.0802221
578.597,0.0357904,0.0343814,0.0340323,0.0324173,0.03113,0.02796,0.0272954,0.02485,0.0237757,0.0240097,0.0204059,0.0217706,0.0209776,0.0224914,0.0283925,0.0326497,0.0452565,0.0631078,0.0800721
579.041,0.036957,0.0358665,0.0332699,0.0339175,0.0316481,0.0281276,0.0274855,0.0238651,0.026047,0.0234505,0.0223961,0.0215772,0.0219481,0.0238808,0.0277724,0.0337839,0.0460074,0.0626414,0.0799008
579.485,0.0356108,0.0344268,0.0351808,0.0327058,0.0310237,0.0279274,0.0267148,0.0238254,0.0243915,0.0219261,0.0205659,0.021413,0.0223221,0.0234515,0.0280364,0.0337607,0.0455744,0.0622647,0.0796795
579.929,0.0369783,0.0357115,0.0349624,0.0342753,0.0312561,0.0283809,0.0284456,0.0261097,0.0238209,0.0218246,0.0227319,0.0213661,0.0228085,0.0258215,0.0277676,0.0353687,0.04623,0.0639121,0.0801434
580.372,0.0360751,0.0350335,0.0345414,0.0326985,0.0308749,0.0297833,0.0261544,0.0257571,0.0244581,0.0253046,0.0228385,0.0218223,0.0218344,0.0249426,0.0278013,0.0346705,0.0453555,0.0610375,0.0789323
580.816,0.038387,0.0362075,0.0355737,0.0328322,0.0311064,0.0298097,0.0263165,0.0261028,0.0237507,0.0220691,0.0230793,0.0239704,0.0232875,0.0243015,0.028079,0.0326275,0.0445856,0.0638392,0.081654
581.259,0.0373334,0.0349025,0.0339617,0.0309858,0.0279986,0.0288593,0.0266754,0.0241337,0.0235316,0.0221982,0.0214322,0.0200234,0.0224236,0.0248096,0.0289154,0.0339665,0.044149,0.0601624,0.0776853
581.703,0.0357131,0.0350254,0.0335071,0.0310656,0.0308762,0.0296129,0.02746,0.0238998,0.0237801,0.0235455,0.0227038,0.0217765,0.0228454,0.0253977,0.0281082,0.033979,0.045632,0.0629713,0.0790416
582.146,0.0354062,0.0359525,0.0346487,0.032236,0.0309387,0.0296531,0.0264502,0.0240651,0.024129,0.0232099,0.0224725,0.0220777,0.021448,0.0229903,0.0290002,0.0323116,0.0456795,0.0613322,0.0790739
582.589,0.0353182,0.0354172,0.0328884,0.0323381,0.0298902,0.0293686,0.026063,0.0257611,0.0249291,0.0222003,0.0212513,0.0218898,0.0216174,0.0256133,0.0286956,0.0347938,0.0459177,0.0635729,0.0808602
583.032,0.0383451,0.0368581,0.0343576,0.0334394,0.0310745,0.0290714,0.0271744,0.0268643,0.0247902,0.0243683,0.0224594,0.0227728,0.0230256,0.0241292,0.030143,0.0360387,0.0449853,0.0637585,0.0787169
583.475,0.0355935,0.0346614,0.03442,0.031558,0.0296001,0.0283382,0.0270052,0.0258136,0.0240293,0.0223494,0.0204265,0.0227079,0.0231986,0.023771,0.0276262,0.0341712,0.0459508,0.0592834,0.0784785
583.918,0.035849,0.0344074,0.0355475,0.0310862,0.0290248,0.0290352,0.0253402,0.0237424,0.0234913,0.0220757,0.0215607,0.0200032,0.0202551,0.0243057,0.0275647,0.0343689,0.0433537,0.0605721,0.0759057
584.36,0.0361557,0.0346553,0.033475,0.0324682,0.031152,0.0289086,0.0266336,0.0252653,0.0242608,0.0222415,0.0235604,0.022957,0.0212858,0.0246278,0.0287291,0.0343591,0.0445355,0.0621859,0.0791603
584.803,0.0347082,0.0363758,0.0347904,0.031741,0.029502,0.0295389,0.0262231,0.0245369,0.0234306,0.0224533,0.0215388,0.0220929,0.0226411,0.0238337,0.0266818,0.0341542,0.0462705,0.0615312,0.0797361
585.245,0.0341087,0.0340324,0.0322212,0.0315704,0.0299561,0.0274982,0.0261372,0.0241019,0.0239156,0.0239561,0.0221306,0.0226059,0.0215441,0.0229892,0.028155,0.0345454,0.0469012,0.0621607,0.0806999
585.688,0.0375611,0.0356001,0.0336956,0.0315743,0.0323107,0.0289334,0.0273677,0.0258071,0.0255275,0.0227927,0.0218044,0.0207889,0.0227126,0.0232425,0.0280922,0.0353995,0.0465751,0.063332,0.0785378
586.13,0.0355313,0.0343632,0.035423,0.031448,0.0303987,0.0287178,0.0255583,0.0227748,0.0234874,0.0209605,0.0214928,0.0228403,0.0209863,0.0235053,0.0277083,0.0341986,0.0449915,0.061987,0.0815994
586.572,0.0374689,0.0357708,0.0347514,0.0325846,0.0304395,0.0279873,0.0271045,0.024151,0.0250592,0.0230724,0.0228339,0.0220431,0.02396,0.0249651,0.0283752,0.0350133,0.046626,0.0641277,0.0823278
587.014,0.0361701,0.0330191,0.0322136,0.0309608,0.0286459,0.027218,0.0245403,0.0249025,0.0216593,0.0216041,0.0201899,0.0208054,0.0223918,0.0226157,0.0254302,0.0336054,0.0421491,0.0605472,0.0776848
587.456,0.0343774,0.0369303,0.0336023,0.0328463,0.0318208,0.0287916,0.0249754,0.0251421,0.0254444,0.0233872,0.023532,0.0235882,0.025008,0.0241046,0.0293699,0.0355388,0.0472023,0.0631409,0.0808825
587.897,0.036305,0.0363046,0.0330091,0.0325558,0.0301174,0.0284809,0.0252637,0.0241371,0.0232076,0.0228933,0.0213664,0.0212689,0.0226052,0.0246506,0.0288723,0.0350552,0.0442042,0.0609419,0.0790468
588.339,0.0343465,0.0345952,0.0331781,0.0312944,0.0308794,0.0262451,0.0261288,0.0239316,0.0215578,0.0208974,0.0204668,0.0200349,0.0219663,0.0231858,0.0267384,0.0299497,0.0436743,0.0610298,0.0798887
588.78,0.0362217,0.0359115,0.0363604,0.0326102,0.0311694,0.0280785,0.0257088,0.0266593,0.0247263,0.0234254,0.0240018,0.0230335,0.0236779,0.0234212,0.0285128,0.0354045,0.0474074,0.0648129,0.0817263
589.222,0.0349065,0.0353067,0.0336843,0.0312999,0.0292706,0.0288563,0.0259016,0.0250511,0.0251727,0.0224447,0.0212892,0.0200417,0.0218327,0.0233691,0.0280549,0.0335861,0.043469,0.0617087,0.0791123
589.663,0.0358873,0.0347113,0.0319084,0.0321783,0.0296916,0.0295467,0.0258098,0.0248346,0.0223037,0.0212904,0.0218871,0.0225556,0.0219368,0.0236149,0.0274083,0.0343204,0.0448953,0.0634842,0.076579
590.104,0.0358235,0.0352957,0.0341029,0.0317515,0.0295192,0.0290071,0.0254903,0.0243597,0.0242988,0.022297,0.0216112,0.0198511,0.021774,0.0235484,0.0276897,0.0354131,0.0425959,0.0617396,0.0798352
590.545,0.0344531,0.0346994,0.0328927,0.0319023,0.0291273,0.0279041,0.0262191,0.025878,0.0230345,0.0230018,0.0211055,0.0207223,0.0219717,0.0230051,0.0276284,0.0346208,0.0437122,0.0631585,0.0800629
590.986,0.033955,0.0354339,0.0344589,0.0313683,0.0296415,0.0280453,0.0267482,0.0244293,0.0218164,0.0223777,0.0207418,0.0221112,0.0227462,0.024437,0.0281379,0.0341606,0.0455186,0.0623799,0.0798488
591.427,0.0343684,0.0342962,0.0314776,0.0309304,0.0286694,0.0267126,0.0242905,0.0216125,0.023344,0.020321,0.0207087,0.0193823,0.0208033,0.02251,0.0254662,0.0321401,0.0434909,0.0620749,0.0776052
591.867,0.0358301,0.0361284,0.0361239,0.0332961,0.0329073,0.0295019,0.0279526,0.0256412,0.0247147,0.0228572,0.0233999,0.0210902,0.0218048,0.0235581,0.0294089,0.0342758,0.0466556,0.0620857,0.0807748
592.308,0.0375656,0.0339778,0.0345909,0.0314987,0.0299206,0.0306877,0.0274031,0.0241676,0.0244319,0.024524,0.0225247,0.0236859,0.0218257,0.0240234,0.0286461,0.0349053,0.046197,0.0607269,0.079092
592.748,0.0339188,0.03507,0.0331144,0.0311441,0.0302895,0.0298247,0.0256751,0.0239506,0.0235359,0.0222933,0.021688,0.0203807,0.0213438,0.0221267,0.0280673,0.0349432,0.0457397,0.0628302,0.0810316
593.189,0.0347173,0.0345574,0.0320976,0.0331229,0.0295439,0.027657,0.0269648,0.0230936,0.0239056,0.0219676,0.0210541,0.0218787,0.0206698,0.0236311,0.0266818,0.033311,0.0442217,0.0652073,0.0789023
593.629,0.0339896,0.0346123,0.0324352,0.0334057,0.0290353,0.0294586,0.0270686,0.0231464,0.0221553,0.021491,0.0225805,0.0209782,0.021654,0.0220916,0.0268089,0.0334212,0.0461622,0.0605793,0.0777196
594.069,0.0363455,0.0369752,0.0353824,0.0321453,0.0307635,0.0307838,0.0267245,0.0260045,0.0232229,0.0239703,0.0231025,0.023182,0.0231943,0.0259402,0.0275551,0.0350496,0.0482647,0.0638076,0.0802214
594.509,0.0357905,0.0361673,0.0334261,0.0321981,0.0314105,0.0295169,0.0261887,0.0252622,0.0235195,0.0228006,0.0235513,0.0205174,0.0234947,0.0255526,0.0284455,0.035698,0.0455202,0.0621394,0.0802691
594.949,0.0330252,0.0331363,0.0328543,0.0334014,0.0305891,0.0262347,0.0267214,0.0242273,0.0240839,0.02031,0.0204473,0.0214171,0.020182,0.0222931,0.0277749,0.0332112,0.0459721,0.0621206,0.0810431
595.388,0.0353019,0.0360676,0.0341398,0.0333313,0.0312244,0.028069,0.0267982,0.0261166,0.0249478,0.0209332,0.0210357,0.02228,0.0215229,0.0224885,0.0272221,0.0350071,0.0455151,0.062471,0.0796662
595.828,0.0353257,0.0344638,0.0349428,0.0323056,0.0305888,0.0280812,0.0258774,0.0271205,0.0232734,0.022785,0.0224479,0.0231614,0.0232844,0.0247137,0.0281747,0.0355755,0.0469835,0.0621508,0.0791455
596.267,0.0350722,0.0350892,0.0329821,0.0316889,0.0298983,0.0281156,0.0262254,0.0243245,0.023882,0.0213251,0.0212858,0.0204354,0.020941,0.0199881,0.0261959,0.0329757,0.0442467,0.0629243,0.0777037
596.707,0.0341719,0.0348835,0.0343721,0.0330976,0.0300677,0.0301828,0.0261393,0.0244025,0.0227227,0.0216139,0.0206277,0.0229909,0.0226752,0.0251928,0.0267108,0.0330881,0.0461568,0.0614748,0.081045
597.146,0.0373012,0.0356264,0.0356557,0.0334362,0.0319929,0.028708,0.0272125,0.0262958,0.024383,0.0241742,0.0235782,0.0227244,0.0243161,0.0264779,0.0288151,0.0341973,0.0464476,0.0641433,0.0809001
597.585,0.0372672,0.0372235,0.0357936,0.0324293,0.031382,0.027515,0.0263522,0.028606,0.0257715,0.0226525,0.0229413,0.0218547,0.0238679,0.0248884,0.02943,0.0337773,0.0453062,0.0651657,0.0803469
598.024,0.0352907,0.0355227,0.0334304,0.0311422,0.0304629,0.028914,0.0261922,0.0242757,0.0230943,0.0228309,0.0217212,0.0211863,0.0220351,0.0233807,0.0283864,0.031893,0.0441238,0.0611273,0.0787843
598.463,0.0353875,0.0351461,0.0324309,0.031406,0.0302803,0.028771,0.0265081,0.0246494,0.0232392,0.0203074,0.0218009,0.0207678,0.0221699,0.0234578,0.0273445,0.0340598,0.045745,0.0627221,0.0799553
598.902,0.0352779,0.0344819,0.033659,0.0326295,0.031669,0.028478,0.0262881,0.0260309,0.0234639,0.0227656,0.0236017,0.0201136,0.0223765,0.0249307,0.0274284,0.0341831,0.0446619,0.0646253,0.0798339
599.34,0.036691,0.0371312,0.0326385,0.0336092,0.03168,0.0281849,0.0273476,0.0276273,0.023342,0.0225322,0.0223316,0.0231154,0.0228988,0.0253456,0.0290361,0.0338702,0.0479548,0.0648511,0.0836564
599.779,0.0358336,0.0360782,0.0342415,0.0332765,0.0301276,0.0291159,0.027826,0.0260254,0.0248643,0.0242812,0.0227715,0.0230846,0.0225063,0.0235477,0.0282621,0.0349589,0.0455548,0.0639437,0.0826211
600.217,0.0355863,0.034484,0.0342823,0.0306067,0.0288998,0.0276235,0.02561,0.0248334,0.0223345,0.0209143,0.021146,0.0206142,0.0205334,0.0216389,0.0280597,0.0318694,0.0434939,0.0618604,0.0784534
600.655,0.0345454,0.0348822,0.0344965,0.0326278,0.0292111,0.0295251,0.0258326,0.0239983,0.0245136,0.0229198,0.0220539,0.022202,0.0225829,0.0233512,0.0275112,0.0330919,0.0458025,0.0641476,0.078247
601.093,0.032703,0.035233,0.0324564,0.0312106,0.028919,0.0272737,0.0256525,0.0244603,0.0233876,0.021931,0.020651,0.0195521,0.0212667,0.0220607,0.0278164,0.0325153,0.0436407,0.063318,0.0788939
601.532,0.0334177,0.0339413,0.0328457,0.0299579,0.0301602,0.0261259,0.0264522,0.0233767,0.022779,0.0215337,0.020943,0.02118,0.0206709,0.0229495,0.0269933,0.0324512,0.0452321,0.0616943,0.0785279
601.969,0.0344552,0.0349161,0.0314285,0.0311522,0.0293502,0.0269407,0.0254549,0.0244758,0.0233701,0.0207139,0.021247,0.0205821,0.0209697,0.0216002,0.0272516,0.0314579,0.0456229,0.0622284,0.0786679
602.407,0.0376916,0.0372384,0.034577,0.0355614,0.0305777,0.0293754,0.028101,0.0259653,0.0246871,0.0234413,0.0214611,0.0237101,0.0229244,0.0248362,0.0292758,0.0353924,0.0450149,0.0645636,0.0812713
602.845,0.0334657,0.0328043,0.0341498,0.0322549,0.0314485,0.0292805,0.0279307,0.0251925,0.0242239,0.0219674,0.0227662,0.0223958,0.0210569,0.024299,0.0265534,0.0350058,0.0466857,0.063329,0.0779287
603.282,0.0352269,0.0326686,0.033906,0.0313198,0.0300006,0.0271138,0.0259967,0.0235541,0.0221715,0.0213593,0.0213969,0.0213927,0.0213696,0.02385,0.0267855,0.0340117,0.0443947,0.0609268,0.0800328
603.72,0.0366283,0.0352344,0.0334344,0.0339099,0.0304405,0.0289895,0.0278996,0.0260481,0.0235584,0.0229787,0.022793,0.0219051,0.0210578,0.0257965,0.028578,0.0340084,0.0470436,0.0633364,0.08134
604.157,0.0369945,0.0353713,0.0332648,0.0329055,0.0291387,0.0287633,0.0263073,0.0261941,0.0234355,0.0205007,0.0219793,0.0236957,0.0234047,0.0250766,0.0272231,0.0341825,0.0468615,0.063331,0.0810329
604.594,0.0371522,0.0370202,0.0331932,0.032068,0.0327648,0.028476,0.0284251,0.0245471,0.0245279,0.0240476,0.0223446,0.0229447,0.0229175,0.025396,0.0271015,0.0342258,0.0461352,0.0628934,0.07868
605.032,0.0368212,0.0381897,0.0347261,0.0341067,0.0325229,0.028715,0.0283614,0.0283541,0.0256787,0.0238144,0.0236785,0.0239174,0.0243871,0.0246526,0.0278057,0.0355089,0.0489453,0.0626086,0.0824493
605.468,0.0349884,0.0339238,0.0346879,0.0346288,0.0303416,0.0291503,0.026437,0.0233658,0.024746,0.0218974,0.0221804,0.0220676,0.0234425,0.0244617,0.0281059,0.0339779,0.0455731,0.0631783,0.080591
605.905,0.0330998,0.0318576,0.0326632,0.0297509,0.0293552,0.0279153,0.025508,0.0227062,0.0221954,0.0200926,0.0204619,0.0210801,0.0204986,0.0213592,0.0264403,0.0324385,0.0418172,0.0616547,0.07842
606.342,0.035253,0.0349107,0.0318346,0.0339086,0.0291302,0.0275013,0.0259858,0.0236771,0.0232379,0.0242843,0.0205328,0.0207988,0.0212777,0.0243773,0.028113,0.0336436,0.0460888,0.0617396,0.0811816
606.779,0.0358767,0.0363223,0.0358175,0.0326744,0.030743,0.0289794,0.0268517,0.0260278,0.0242665,0.022616,0.0215527,0.0204878,0.0225987,0.0247013,0.027016,0.0337772,0.0485364,0.0618024,0.0800914
607.215,0.0339885,0.0361239,0.0340083,0.0314529,0.032021,0.0270571,0.026762,0.0251889,0.0245975,0.0229588,0.0223413,0.0228915,0.0228327,0.0245009,0.0281817,0.0338535,0.0462405,0.063543,0.0814363
607.652,0.0345785,0.0357543,0.0329842,0.0309716,0.029072,0.0279964,0.0261979,0.0235955,0.0233095,0.0232575,0.0213422,0.0208622,0.0209149,0.0228101,0.0282087,0.0344007,0.045608,0.0611469,0.0793301
608.088,0.0335469,0.034466,0.0327109,0.0302051,0.0290321,0.0283114,0.0249165,0.0236786,0.0230676,0.0230369,0.0199666,0.0209423,0.02059,0.0221223,0.0267101,0.033086,0.044184,0.0621957,0.0810455
608.524,0.033804,0.0338642,0.033926,0.0318583,0.028289,0.0266642,0.024269,0.0238203,0.0228701,0.0228871,0.0196928,0.0198519,0.0221608,0.0231215,0.0272311,0.0346582,0.0446583,0.0603824,0.0783336
608.96,0.0361382,0.0362987,0.0348761,0.0319703,0.0305248,0.0295644,0.027133,0.0260622,0.0245182,0.0234098,0.0228777,0.0213941,0.0246679,0.0257111,0.0286955,0.0329314,0.0465577,0.0643291,0.0790637
609.396,0.0345214,0.0337913,0.0345811,0.0300656,0.0302646,0.026666,0.0249623,0.0240772,0.0227159,0.0204331,0.0195956,0.0196375,0.0208596,0.0237575,0.0263755,0.0329381,0.0449975,0.0599534,0.0798113
609.832,0.0361976,0.0352062,0.0328962,0.0318751,0.0316983,0.02854,0.0268934,0.0247674,0.0221525,0.021633,0.0211645,0.0222182,0.021783,0.0248791,0.0275264,0.0354108,0.043927,0.063171,0.0790499
610.267,0.0343726,0.0353584,0.03426,0.0321077,0.0293733,0.028456,0.0273542,0.0244555,0.0244726,0.0223609,0.0211961,0.0230102,0.0220275,0.0245649,0.0283716,0.0341148,0.0453384,0.0637522,0.0817905
610.703,0.0358991,0.0351139,0.0332814,0.0327172,0.0309584,0.0293165,0.0264798,0.0255946,0.0250175,0.023076,0.0222647,0.0202007,0.0225076,0.0240869,0.0274736,0.0351387,0.0452758,0.0624744,0.0816478
611.138,0.0347666,0.0351919,0.0345177,0.0326585,0.0321217,0.0289279,0.0275989,0.0255914,0.0245714,0.0220174,0.0227437,0.0220532,0.0228537,0.0256406,0.0277401,0.0349582,0.0463531,0.0651262,0.0832663
611.574,0.0340942,0.032722,0.0321854,0.0298937,0.0302746,0.0271276,0.0245281,0.0231743,0.0216072,0.0214675,0.021165,0.0214683,0.0222018,0.022243,0.0271695,0.0330152,0.0441329,0.0615522,0.0795685
612.009,0.0349178,0.0333393,0.0345491,0.0325346,0.0299304,0.0287089,0.026575,0.0244554,0.0241124,0.0230706,0.0218498,0.0222879,0.0227346,0.025131,0.0276061,0.0343085,0.0459615,0.0644145,0.0784409
612.444,0.0366932,0.0356841,0.0344751,0.0321143,0.0299607,0.0284747,0.0262497,0.0268769,0.0239207,0.0225469,0.0221205,0.0223777,0.0221128,0.0239776,0.0304183,0.0343797,0.0463718,0.0654191,0.0804686
612.879,0.0369137,0.0341527,0.0353161,0.032305,0.0321967,0.0309639,0.0280995,0.0263768,0.0242621,0.0241788,0.0244684,0.0229842,0.0252162,0.0254174,0.0289823,0.0332605,0.0472468,0.0646925,0.083534
613.314,0.0370796,0.0341046,0.033685,0.0311526,0.0314998,0.0278664,0.0266345,0.0241372,0.0227328,0.0220642,0.021116,0.0195772,0.0219594,0.0251367,0.0265754,0.0328963,0.0460075,0.062656,0.0820605
613.748,0.0374657,0.0369134,0.0356732,0.0327557,0.0308993,0.0298883,0.0293173,0.0254087,0.023232,0.0237712,0.0224524,0.0216424,0.0228686,0.0247322,0.0277973,0.034318,0.0477894,0.0639312,0.0817392
614.183,0.0383453,0.0358525,0.034455,0.032981,0.0303431,0.0298325,0.0286214,0.0243368,0.0235653,0.0249142,0.0225161,0.0203223,0.0226224,0.0249382,0.0270496,0.0347604,0.0473473,0.0641261,0.0821551
614.617,0.0351841,0.0367671,0.0336853,0.0318709,0.0303438,0.0268625,0.0246452,0.0239634,0.0229808,0.0216264,0.0213014,0.0205939,0.0218925,0.0237367,0.0272073,0.034855,0.044491,0.0630601,0.0784762
615.052,0.0346651,0.0364279,0.0333537,0.0337818,0.0325277,0.0286599,0.0262364,0.023576,0.0231321,0.0221171,0.0209032,0.0216781,0.0216949,0.0241829,0.0278565,0.0347682,0.0461178,0.0660233,0.080849
615.486,0.0360289,0.033785,0.0328204,0.0320248,0.0296592,0.0284094,0.0267636,0.0231285,0.0235419,0.0218173,0.0224738,0.0220791,0.0226615,0.0224963,0.0270614,0.0337565,0.0468573,0.0606389,0.0805892
615.92,0.0353437,0.0351007,0.0332194,0.0323277,0.0311921,0.0298901,0.0272687,0.0249207,0.0236024,0.0229485,0.0221734,0.0224272,0.0225775,0.023864,0.0279352,0.0346773,0.0443636,0.0628246,0.0820296
616.354,0.034928,0.0359899,0.0346659,0.0325355,0.0298532,0.0283899,0.0260566,0.023232,0.0248971,0.0223919,0.0210497,0.0214082,0.0236789,0.0233625,0.0286265,0.0330349,0.0462636,0.0627144,0.0800179
616.788,0.0369127,0.0352865,0.0345542,0.0339317,0.0312382,0.0290183,0.0270904,0.0250657,0.0246938,0.024207,0.0207351,0.0211496,0.0228088,0.0234054,0.0285007,0.0339771,0.0483009,0.0635393,0.0802858
617.222,0.0356799,0.0341213,0.0346179,0.0329576,0.0310303,0.0285411,0.0262311,0.0241494,0.022881,0.0233361,0.0224693,0.0211857,0.0227269,0.0247659,0.0291991,0.0344883,0.0457066,0.061777,0.0817287
617.655,0.0355479,0.0343912,0.034669,0.0309946,0.031589,0.0275741,0.0266994,0.0276906,0.0234583,0.0247835,0.0230789,0.0216957,0.02142,0.0242492,0.0259549,0.0311631,0.0453616,0.0631368,0.0799475
618.089,0.0348191,0.034157,0.0326475,0.0307456,0.0299266,0.0261287,0.0244141,0.0238026,0.0223909,0.0206307,0.0206482,0.0220656,0.0208869,0.0218731,0.0267166,0.0319602,0.0430978,0.0627362,0.0789134
618.522,0.035401,0.0332973,0.0325658,0.030958,0.0301221,0.0276216,0.0247357,0.0226463,0.0228519,0.0206724,0.0200956,0.0213616,0.0208748,0.0232374,0.0270339,0.0344376,0.0449517,0.0622487,0.0814729
618.956,0.0356415,0.0353571,0.033827,0.0302407,0.0295479,0.0294842,0.0265695,0.0236064,0.02358,0.0231579,0.0218525,0.0203658,0.0205616,0.023439,0.027483,0.033523,0.0441931,0.0639931,0.0803064
619.389,0.035836,0.0360532,0.0345672,0.0331763,0.0312213,0.0269091,0.0263917,0.0250444,0.0238635,0.0237575,0.0223885,0.0223927,0.0218601,0.0262328,0.0284025,0.0356266,0.0463645,0.0629071,0.0820004
619.822,0.0358482,0.0352842,0.036912,0.0351388,0.0309849,0.0298891,0.0285252,0.0260141,0.0240883,0.0256075,0.0226196,0.0226887,0.0227699,0.0262617,0.0290374,0.0351427,0.0463787,0.0647004,0.0812415
620.255,0.0348333,0.0347389,0.0335083,0.0314311,0.0304698,0.0280502,0.0263131,0.0246141,0.02308,0.0213662,0.0212943,0.0196975,0.0222548,0.0236625,0.0266791,0.031439,0.0430885,0.0639177,0.0786475
620.688,0.038224,0.0372976,0.0358111,0.0325467,0.0314313,0.0297173,0.0271507,0.0265242,0.0240946,0.0219454,0.0226513,0.0226442,0.0221782,0.0254284,0.0292725,0.0353181,0.0473786,0.0646915,0.0826875
621.12,0.0351497,0.0358546,0.0347998,0.0337237,0.0311092,0.0280444,0.0283117,0.0280084,0.0236061,0.0236758,0.0224205,0.0250494,0.0226796,0.0244133,0.0283298,0.0359641,0.0462851,0.0637724,0.0794917
621.553,0.0355736,0.0336341,0.0324867,0.0309741,0.0311145,0.0297943,0.027265,0.0252218,0.0242923,0.0228197,0.0220944,0.0206906,0.0216771,0.0228078,0.0279183,0.0342269,0.0463367,0.0620985,0.0784543
621.985,0.0351204,0.0355431,0.0347072,0.0319142,0.0305624,0.0296091,0.0256785,0.0252054,0.0241726,0.0209789,0.0229591,0.0199702,0.0220392,0.0247842,0.0278351,0.0360765,0.0431841,0.0655804,0.0799032
622.418,0.0358583,0.0346818,0.0348703,0.0317379,0.0302748,0.0299401,0.0285113,0.0255802,0.0246859,0.0232381,0.0228473,0.0228256,0.0232956,0.0242371,0.0283715,0.0373108,0.0464014,0.0631046,0.0798893
622.85,0.0371697,0.0359341,0.0356332,0.0332541,0.032316,0.0307711,0.0279527,0.0250758,0.0245708,0.0236269,0.0234982,0.0255535,0.0241169,0.0242207,0.0299331,0.0363962,0.0470692,0.0647435,0.0813422
623.282,0.0358227,0.0364391,0.0331374,0.0318972,0.0300359,0.0281744,0.0280022,0.0263963,0.0231939,0.0234141,0.0237458,0.0224965,0.0235148,0.0245881,0.0282779,0.0353959,0.0460094,0.0642578,0.0797721
623.714,0.0378049,0.0355077,0.0349708,0.0330067,0.0305162,0.0298064,0.0282297,0.0254327,0.0235756,0.0228625,0.0223505,0.0235741,0.0227216,0.0270564,0.0286062,0.0366488,0.0478518,0.0648299,0.0830292
624.146,0.0343078,0.0334995,0.0346993,0.033218,0.0319784,0.0296069,0.0273682,0.0244487,0.0254967,0.0227181,0.0218125,0.0216846,0.0219587,0.0222937,0.0274139,0.0348706,0.0461086,0.0636258,0.0829537
624.577,0.0362929,0.035264,0.0343193,0.0328487,0.0303158,0.0290134,0.026784,0.0256722,0.0245748,0.022925,0.021075,0.0218781,0.0214273,0.0233989,0.0271912,0.0327734,0.0462065,0.0630548,0.082105
625.009,0.034219,0.0332794,0.0333481,0.0319854,0.0298736,0.029097,0.0257354,0.0252583,0.0226426,0.0230425,0.0214594,0.0206015,0.0215416,0.0226843,0.0277677,0.0338573,0.0456658,0.06404,0.0824985
625.441,0.0355228,0.0347605,0.0352369,0.0336935,0.0323334,0.0308128,0.0267492,0.0259879,0.0247368,0.0231296,0.0223048,0.0232058,0.0233763,0.0238506,0.0277099,0.0364016,0.0473316,0.0641884,0.0826314
625.872,0.0339518,0.0323015,0.0324235,0.0342741,0.0282791,0.0277125,0.0255532,0.0235949,0.0245898,0.0221174,0.0215985,0.0201777,0.0212148,0.0241496,0.0266991,0.033704,0.0453455,0.0628897,0.078473
626.303,0.0338979,0.033381,0.0324257,0.0320938,0.0283662,0.0278685,0.024143,0.0247522,0.0222359,0.0214192,0.0193463,0.0195807,0.0204657,0.0221756,0.024967,0.0326169,0.0443584,0.061217,0.0774544
626.734,0.0361607,0.0357439,0.0313297,0.032654,0.0278682,0.0288036,0.0250255,0.025575,0.0264705,0.023538,0.022596,0.0219431,0.021531,0.0245142,0.0275503,0.0342422,0.0440511,0.0621209,0.079823
627.165,0.0365503,0.0358753,0.036217,0.0335779,0.0305813,0.0276992,0.0285698,0.0252758,0.0248908,0.023522,0.0217295,0.0216644,0.0225634,0.025186,0.028898,0.0347433,0.0464619,0.0627746,0.0816399
627.596,0.0364324,0.0349175,0.0332926,0.0337685,0.0300134,0.0298837,0.0289888,0.0244392,0.023587,0.0251127,0.0230313,0.022066,0.0232882,0.0242697,0.0290929,0.0361334,0.0463229,0.0645464,0.0815364
628.027,0.0369702,0.0356028,0.035902,0.0328507,0.030865,0.030129,0.0276667,0.0254587,0.0237816,0.0244718,0.0218189,0.0235696,0.0244137,0.0257207,0.0285206,0.0360149,0.0459468,0.0638946,0.0829449
628.458,0.0333003,0.0339594,0.0330524,0.0312346,0.0284834,0.027944,0.0244442,0.0234458,0.0225077,0.02269,0.0219969,0.0240244,0.0212942,0.0225079,0.0283161,0.0351385,0.0437152,0.0644611,0.0798457
628.888,0.0347308,0.0345149,0.0340352,0.0312536,0.0297431,0.0280348,0.0268899,0.0252375,0.0247188,0.0235557,0.0221187,0.0209232,0.0220721,0.0242204,0.0268991,0.0343096,0.0468943,0.0609012,0.0805031
629.319,0.0349099,0.0353064,0.0325418,0.0305675,0.0307069,0.0276422,0.0255809,0.0239494,0.0228351,0.0223909,0.0210534,0.0227802,0.0212751,0.0233067,0.028041,0.0349058,0.0446351,0.0620292,0.0793949
629.749,0.0366356,0.0355682,0.0324866,0.0323405,0.0304411,0.0288697,0.0270265,0.0259334,0.0243468,0.0237399,0.0232265,0.021975,0.0229876,0.0250887,0.0282733,0.0362717,0.0472423,0.0649478,0.0813106
630.179,0.0347506,0.0339605,0.0334,0.0306127,0.0282747,0.0270442,0.0267107,0.0239393,0.0228026,0.0224843,0.0206576,0.0217798,0.021171,0.0237885,0.0272578,0.0332288,0.0443873,0.0614251,0.0826642
630.609,0.0364787,0.037278,0.0354877,0.034686,0.0311421,0.0307912,0.0276501,0.0267554,0.0243913,0.0245308,0.0226963,0.0227541,0.0234589,0.0272084,0.0271751,0.0362185,0.0437356,0.0636294,0.0811344
631.039,0.0337509,0.0347334,0.0336404,0.0321636,0.0291603,0.027649,0.0271744,0.0233893,0.0231408,0.0219799,0.0212934,0.0210044,0.0218088,0.0238784,0.0275374,0.0337659,0.0460095,0.061306,0.0794575
631.469,0.0341215,0.0357453,0.0327076,0.032308,0.0317185,0.0288618,0.0269917,0.0239083,0.0222871,0.0211334,0.021541,0.0218734,0.0203258,0.0229915,0.0275463,0.0327927,0.0450407,0.0618316,0.0806416
631.899,0.0345387,0.0345071,0.0329206,0.0320309,0.0287806,0.0272196,0.0266691,0.0255464,0.0229614,0.021816,0.0219765,0.0203677,0.0223047,0.0235557,0.0268768,0.0352871,0.0470401,0.0640126,0.0791943
632.328,0.0349597,0.035112,0.0346266,0.0315838,0.0301354,0.0291429,0.0264336,0.0239457,0.0233973,0.0241737,0.0213816,0.0227516,0.0216525,0.025776,0.0303663,0.0349024,0.0477851,0.0616048,0.0831193
632.758,0.0338727,0.0344146,0.0337572,0.0306113,0.0304958,0.027647,0.0251972,0.0262396,0.0240202,0.0233735,0.0204505,0.0219751,0.0214405,0.0221957,0.0282377,0.0328074,0.0444598,0.0636101,0.0814573
633.187,0.0340605,0.0342224,0.0323846,0.0322433,0.0292312,0.0283718,0.0253215,0.0259584,0.0229001,0.0222359,0.0214666,0.0204108,0.0204639,0.0232565,0.0281992,0.0332127,0.0452651,0.06252,0.0782081
633.616,0.0349644,0.0365117,0.0342599,0.0338201,0.0326314,0.0292941,0.0285721,0.025693,0.0247875,0.025193,0.0218084,0.0221054,0.0237196,0.0246805,0.0272631,0.0362998,0.0467754,0.0660682,0.0795514
634.046,0.0351339,0.0359997,0.0342831,0.0338624,0.0317112,0.0308558,0.026978,0.0253802,0.023965,0.0223083,0.0223143,0.0215404,0.0224741,0.025069,0.0295123,0.0338884,0.0472085,0.064501,0.0836568
634.475,0.0351309,0.034325,0.0335307,0.0306575,0.0310858,0.0291496,0.0248272,0.0250093,0.0245038,0.0226234,0.0219715,0.0227238,0.0210477,0.0230477,0.0265799,0.0338617,0.0449224,0.0660492,0.0813391
634.903,0.0342283,0.0330098,0.033409,0.0320199,0.0295174,0.0260778,0.0254461,0.0218622,0.0228379,0.0212218,0.0208979,0.0191314,0.0213562,0.0227013,0.0267333,0.032859,0.0449221,0.0618609,0.0788193
635.332,0.0362367,0.0343395,0.0345025,0.0335727,0.0290255,0.0292153,0.0270571,0.0243803,0.0221983,0.0226287,0.0215841,0.0203152,0.0216733,0.0240914,0.0292098,0.034783,0.0465857,0.0625458,0.0804456
635.761,0.0370415,0.0360526,0.0341416,0.0318641,0.0309791,0.0281346,0.0261134,0.0252022,0.023772,0.0233674,0.0211387,0.0212305,0.0230789,0.0237175,0.0287326,0.0357695,0.0449558,0.0623772,0.079952
636.189,0.0353804,0.0387027,0.0342419,0.0314547,0.0302259,0.0300171,0.0281786,0.0276734,0.0248717,0.0240289,0.021875,0.021822,0.0231994,0.0239671,0.0284762,0.0346006,0.0477614,0.0640357,0.0819137
636.618,0.0378696,0.0371084,0.0340785,0.0339338,0.0316481,0.029567,0.0263128,0.0259992,0.0251434,0.0245069,0.0223393,0.0242972,0.0220546,0.02439,0.0283718,0.0348636,0.0460221,0.063542,0.0835096
637.046,0.0370828,0.0346913,0.0331568,0.0310306,0.0312168,0.0303252,0.0243844,0.0243904,0.0240355,0.0207871,0.0218896,0.0210518,0.0212635,0.0233147,0.0280138,0.0340446,0.0453471,0.0601141,0.080847
637.474,0.03482,0.035016,0.0346443,0.0339068,0.0302991,0.0284687,0.0251274,0.0255875,0.0230614,0.0220243,0.0210475,0.0221575,0.0234729,0.0238641,0.0285923,0.0345074,0.0450981,0.0629127,0.0829006
637.902,0.0358848,0.0341352,0.0349158,0.0316423,0.0285389,0.0272989,0.0264532,0.0249991,0.0242123,0.0237172,0.0214567,0.0215925,0.0229715,0.0254908,0.0281005,0.0349755,0.046221,0.0634733,0.0804143
638.33,0.0349784,0.0341612,0.0319131,0.0316089,0.0290584,0.0284783,0.0245718,0.0257361,0.0230443,0.0224362,0.0204035,0.0220401,0.0221233,0.0237164,0.0280754,0.0350451,0.0462386,0.0627863,0.0807374
638.758,0.0358238,0.0354596,0.0351124,0.0342427,0.0291474,0.0295446,0.0266764,0.0265713,0.0254099,0.0226143,0.0229959,0.0221434,0.0211951,0.0240666,0.0295118,0.035954,0.044768,0.0639438,0.0810941
639.186,0.0368281,0.0360815,0.0357257,0.0323974,0.0315636,0.0300326,0.0285966,0.0250629,0.0246543,0.02332,0.0234578,0.0224884,0.0231406,0.0245191,0.0299639,0.0364448,0.0464148,0.0654308,0.082618
639.613,0.034145,0.0341569,0.034648,0.0319756,0.0295374,0.0285839,0.0251555,0.0259811,0.0219775,0.0227145,0.0222361,0.0216811,0.0209837,0.0224754,0.0265671,0.0332205,0.0451575,0.0622787,0.0770557
640.041,0.0339899,0.0358335,0.033113,0.0338684,0.031848,0.0311667,0.0274551,0.0265226,0.0244655,0.0220533,0.0233819,0.0218999,0.0217465,0.0233718,0.0267658,0.0351367,0.0463874,0.066389,0.0819329
640.468,0.0334786,0.0325215,0.0316054,0.0314559,0.027861,0.0271346,0.0239796,0.0234111,0.0217429,0.0212565,0.021408,0.019437,0.0188135,0.0232682,0.0268603,0.0321388,0.0454775,0.0634723,0.0821219
640.895,0.035268,0.0347133,0.0335652,0.0329283,0.0282435,0.0289897,0.0256472,0.0245909,0.0244217,0.0219211,0.0210474,0.0226764,0.0212873,0.0238263,0.0286634,0.034159,0.0463503,0.0613773,0.0793191
641.322,0.0344005,0.0349065,0.0333427,0.0329415,0.0310371,0.0268145,0.025756,0.0231269,0.0238714,0.0227578,0.021826,0.0211571,0.0225967,0.0224333,0.0287352,0.0348102,0.0450027,0.0638306,0.0801144
641.749,0.0351879,0.0331111,0.0331605,0.0333636,0.0317677,0.0291307,0.0268627,0.023734,0.0224794,0.0213576,0.0225228,0.021443,0.0235476,0.0243112,0.0287491,0.0338286,0.0452915,0.0637787,0.0804756
642.176,0.0355797,0.034733,0.0327496,0.0335048,0.0314685,0.0273676,0.0268942,0.0231701,0.0229759,0.0240249,0.0222512,0.0208377,0.0217316,0.0229417,0.0276627,0.0346945,0.0463364,0.0628998,0.0823898
642.603,0.0369993,0.0350305,0.0329324,0.033306,0.0304134,0.0303133,0.026226,0.0239949,0.025177,0.0258714,0.0234416,0.0231595,0.0227936,0.0247166,0.0299492,0.0357338,0.0470996,0.0636169,0.0828559
643.029,0.0355377,0.0340692,0.0353306,0.0322915,0.0301081,0.029059,0.0258861,0.0251073,0.0233715,0.0228855,0.0207759,0.0220335,0.0224041,0.023027,0.0284715,0.0333197,0.0473079,0.0630107,0.0825883
643.456,0.0352033,0.0347479,0.0334334,0.0309916,0.0294315,0.0272372,0.0267503,0.0232358,0.0236542,0.0228797,0.0228778,0.0213418,0.0219375,0.0235954,0.0247851,0.0318815,0.0431052,0.0623367,0.0806325
643.882,0.0370293,0.0347005,0.0343849,0.0312623,0.0301953,0.0294982,0.0269374,0.0252945,0.0236618,0.0241341,0.0211911,0.02175,0.0215924,0.0232978,0.027508,0.033659,0.0446544,0.0623234,0.0802066
644.308,0.0372578,0.0358827,0.0346988,0.0348434,0.0297956,0.0291956,0.0259146,0.0246209,0.0252278,0.0236148,0.0241404,0.0224601,0.0220978,0.0246587,0.0274142,0.0356031,0.0473459,0.0653075,0.0799689
644.735,0.0357991,0.033145,0.0312429,0.0314301,0.0297896,0.0274455,0.0250463,0.0234309,0.0222805,0.0202743,0.0203245,0.0200147,0.0205684,0.0219957,0.0256115,0.0338926,0.0439557,0.0599384,0.0800639
645.161,0.0345536,0.0350009,0.032129,0.0309159,0.0291279,0.0295444,0.0274198,0.0229958,0.0226383,0.0223296,0.020711,0.022425,0.0212584,0.025347,0.0292024,0.033623,0.0468423,0.0635663,0.0805056
645.586,0.0360558,0.0345834,0.0318144,0.0321671,0.0300123,0.0284717,0.0268266,0.023661,0.0228153,0.0242569,0.0217688,0.0207805,0.0201204,0.0240832,0.0288703,0.0346057,0.0454645,0.0631728,0.0804521
646.012,0.0347458,0.0351919,0.0339292,0.0325776,0.0293193,0.0302569,0.0275764,0.0244461,0.0243331,0.0245552,0.0205353,0.0204015,0.0236088,0.0239744,0.0275208,0.0346556,0.046581,0.0650241,0.0826154
646.438,0.0346622,0.0345475,0.0326188,0.0322461,0.030688,0.0277744,0.0264218,0.0236826,0.0231697,0.0218469,0.0204933,0.0200205,0.022547,0.0230293,0.0262885,0.032867,0.0451549,0.0615181,0.079284
646.863,0.0363105,0.034536,0.0348454,0.0321923,0.0294243,0.0281758,0.026569,0.024566,0.024915,0.0210854,0.0211729,0.0205794,0.0230787,0.0252619,0.0291087,0.0346011,0.0471212,0.0640669,0.0831046
647.289,0.0368778,0.036763,0.034418,0.0316085,0.0317965,0.0263125,0.026393,0.0247115,0.0242509,0.0227589,0.0207699,0.0208231,0.022726,0.0239136,0.0258501,0.0348374,0.0445431,0.0629707,0.0820343
647.714,0.0344985,0.0336618,0.0338327,0.033177,0.0299114,0.0280999,0.026142,0.024452,0.0236125,0.0225829,0.0206071,0.0213694,0.0233635,0.0258699,0.0283923,0.0353849,0.04666,0.0637838,0.0816143
648.139,0.0345659,0.0352741,0.0333241,0.0300511,0.0311402,0.0279741,0.0266085,0.0263194,0.0227814,0.0212409,0.0233933,0.0208201,0.0215692,0.0227023,0.0272049,0.0328654,0.0447256,0.0636,0.0805714
648.564,0.0346756,0.0349575,0.0319317,0.0316924,0.0299826,0.0259953,0.026633,0.0238496,0.0235873,0.0212619,0.0232736,0.022499,0.0237031,0.0241198,0.0294673,0.0347216,0.0446138,0.0659701,0.0801839
648.989,0.0350452,0.0344885,0.0345691,0.0319656,0.0313709,0.0269179,0.0247328,0.0250229,0.023568,0.0221936,0.0208966,0.0210722,0.0208823,0.0231981,0.0270556,0.0348109,0.046383,0.063869,0.0804823
649.414,0.0339303,0.0356495,0.034488,0.0328643,0.0326899,0.0290875,0.0265374,0.025134,0.0238153,0.0228426,0.0218068,0.0219834,0.0220805,0.0246801,0.0268659,0.0352281,0.0457656,0.062424,0.0816437
649.839,0.0366595,0.035949,0.0362873,0.0346431,0.0310009,0.0300223,0.0269496,0.0256137,0.0244906,0.0229115,0.023073,0.0231335,0.0219312,0.024059,0.0286409,0.0353712,0.0477318,0.0659479,0.0831867
650.263,0.0353615,0.0347785,0.0321959,0.0312861,0.027079,0.0280754,0.0270822,0.0224571,0.0212936,0.0219476,0.0218193,0.020079,0.0227395,0.0231633,0.0261983,0.0343964,0.0454074,0.0609986,0.0812921
650.688,0.0366501,0.0343616,0.0336545,0.0315215,0.0310753,0.0279647,0.025521,0.0265174,0.0266128,0.0236761,0.0226009,0.0223288,0.0241138,0.0253151,0.0286331,0.0359522,0.0458432,0.0604491,0.0817824
651.112,0.0353627,0.0350151,0.0363097,0.0315371,0.031683,0.0293696,0.0259819,0.0249546,0.0253936,0.0228282,0.0215484,0.0220457,0.0217412,0.0240339,0.0272908,0.0345775,0.0480835,0.0642891,0.0816508
651.536,0.0339585,0.0335953,0.0354458,0.0322665,0.0296805,0.0272957,0.0259521,0.0248501,0.0238507,0.0220248,0.0197477,0.0215058,0.0205926,0.0237124,0.0253621,0.0336331,0.045264,0.0597581,0.0796881
651.961,0.0361218,0.0351785,0.0338124,0.031529,0.0306562,0.0279401,0.0273538,0.0242061,0.0225265,0.0230537,0.022027,0.0214504,0.0221598,0.0239865,0.028328,0.0349235,0.0459764,0.0653129,0.0808019
652.384,0.034692,0.0332301,0.0335678,0.0302881,0.030071,0.0276434,0.0257511,0.0241201,0.0233262,0.0215598,0.0225721,0.0216615,0.0214568,0.0236272,0.0290775,0.0335886,0.0473781,0.064333,0.0803614
652.808,0.0349271,0.0339072,0.0339804,0.0324553,0.03076,0.0274792,0.0255119,0.0244245,0.0233617,0.0225943,0.0204615,0.0220948,0.0216541,0.0229542,0.0270963,0.0344291,0.0445924,0.0637617,0.0811622
653.232,0.0349111,0.0339418,0.0323934,0.0330742,0.0284879,0.0283341,0.0274026,0.0239928,0.0226191,0.0222304,0.0197478,0.0209042,0.0212144,0.0237199,0.0261886,0.0331444,0.0432673,0.0622181,0.0799493
653.656,0.0350827,0.0360419,0.0350608,0.0331155,0.0312063,0.0289138,0.0274535,0.0247497,0.0242651,0.0223127,0.0212254,0.0200295,0.022535,0.0252727,0.0280843,0.0345529,0.0434254,0.0619718,0.0799
654.079,0.0345159,0.0356753,0.0332074,0.0323338,0.031606,0.0285178,0.0259209,0.0260757,0.0252993,0.0227551,0.0221394,0.022935,0.0208731,0.0243183,0.0274016,0.0349663,0.0446378,0.0646764,0.0807273
654.503,0.0367549,0.0369089,0.0355387,0.032416,0.0311926,0.0303063,0.0269718,0.0242541,0.0243961,0.0223521,0.0217356,0.0226462,0.0225521,0.0243481,0.0281521,0.0340475,0.0446046,0.0642688,0.0803868
654.926,0.0380237,0.0364492,0.0354988,0.033865,0.0322787,0.02781,0.0280034,0.025465,0.0237434,0.0220539,0.0237661,0.0222574,0.022944,0.0252163,0.0298444,0.0353335,0.0481574,0.0646642,0.0834392
655.349,0.0340755,0.0348911,0.0329401,0.0326701,0.0286181,0.0274894,0.0244301,0.0242932,0.0220563,0.0233021,0.0205664,0.0195147,0.0215943,0.0246999,0.0273238,0.0345154,0.0453882,0.0625823,0.0795046
655.772,0.034113,0.0336719,0.0332167,0.0292566,0.0312351,0.0276975,0.0258838,0.0232528,0.0237869,0.0207206,0.0207635,0.0211956,0.0223122,0.0229945,0.0259685,0.0322534,0.0460524,0.0615145,0.0794404
656.195,0.0358018,0.0360047,0.0349099,0.033239,0.0299837,0.0291451,0.0252728,0.0241623,0.0240757,0.0237776,0.0213191,0.0217894,0.0230705,0.0254609,0.0269791,0.0353965,0.0457039,0.0644163,0.0817358
656.618,0.0333212,0.0347716,0.0333061,0.0304575,0.0288664,0.0269994,0.0245551,0.0228579,0.0218726,0.0209587,0.0219565,0.0213402,0.0206144,0.0232025,0.0264373,0.0339777,0.0444276,0.0632239,0.078161
657.04,0.033589,0.0354265,0.0327031,0.0307767,0.0279982,0.0262765,0.0254078,0.0252629,0.0244805,0.0212373,0.0218769,0.0211898,0.0228279,0.0241497,0.0283301,0.0345624,0.0457434,0.0626049,0.0829444
657.463,0.035105,0.0346099,0.0332778,0.0333868,0.0307986,0.0291812,0.0260122,0.0258202,0.0226087,0.0219629,0.0233122,0.0222082,0.0215244,0.0232087,0.026486,0.032456,0.0433243,0.0670097,0.0831226
657.885,0.0383157,0.0349169,0.0345533,0.0317204,0.0331497,0.028259,0.0281587,0.0249559,0.0247572,0.0250665,0.0221622,0.0232036,0.0221172,0.0250016,0.0276389,0.0350768,0.0473549,0.0640593,0.0814221
658.308,0.033682,0.0344454,0.0334489,0.0316783,0.0306576,0.0263034,0.0250313,0.0239651,0.0228634,0.0210693,0.0210096,0.0217802,0.020204,0.0220252,0.0276096,0.0324518,0.0431972,0.0644243,0.0804833
658.73,0.0356385,0.0352649,0.0327794,0.0318025,0.0305863,0.0279818,0.0240515,0.023295,0.0244827,0.0225316,0.0218512,0.0210483,0.0214407,0.0236488,0.0267345,0.0352721,0.0437017,0.0627231,0.0818665
659.152,0.0348378,0.0370726,0.0353082,0.0306728,0.0303247,0.0266056,0.0257119,0.0246505,0.0230266,0.0224523,0.0225134,0.0234942,0.0217132,0.0224826,0.0264371,0.0346419,0.0455791,0.0644231,0.0807055
659.574,0.0359871,0.0329867,0.0325067,0.0316466,0.0278213,0.0282812,0.0250299,0.0251282,0.0226295,0.0208247,0.0207903,0.0220613,0.0222475,0.0228532,0.0270939,0.0326234,0.0454798,0.0622566,0.0788788
659.996,0.0342839,0.0337813,0.0344294,0.0324815,0.0312321,0.0287777,0.0253647,0.0244052,0.0217731,0.0216395,0.022416,0.0221773,0.0224462,0.0232081,0.0273452,0.0338037,0.0457831,0.0634312,0.0785407
660.417,0.0359732,0.0354107,0.0336667,0.0328792,0.0298271,0.0285562,0.0269539,0.02497,0.0226055,0.0231204,0.0233269,0.0211882,0.0214436,0.0236336,0.0266451,0.0342405,0.0469545,0.0651198,0.0827276
660.839,0.0353138,0.0365669,0.0339896,0.0305055,0.0298225,0.0282797,0.026776,0.0252606,0.0233007,0.0235106,0.0215633,0.0206789,0.0233546,0.0241321,0.0288199,0.0343575,0.0465403,0.0631621,0.0818339
661.26,0.0364291,0.0347557,0.0349245,0.0320423,0.0316009,0.0296119,0.0276561,0.0253407,0.0262267,0.0234141,0.0225425,0.0214549,0.022467,0.0232623,0.0283965,0.0336698,0.0477243,0.0642966,0.0822069
661.682,0.0340984,0.0348241,0.0343202,0.0308845,0.0300412,0.0270633,0.0257488,0.0236213,0.0233517,0.0225664,0.0207105,0.0193407,0.0202716,0.024525,0.0280241,0.0350487,0.0477882,0.0629759,0.0792618
662.103,0.0343139,0.0341366,0.0326098,0.0317577,0.028675,0.0280141,0.0243641,0.0240956,0.0223063,0.0220964,0.0215526,0.0219761,0.0201529,0.0227072,0.0267648,0.0341071,0.0452131,0.0646986,0.0790984
662.524,0.0340384,0.0339301,0.0334186,0.0332535,0.0288348,0.0280988,0.0252277,0.0241554,0.0241699,0.0206152,0.0204154,0.0197304,0.0207878,0.0241472,0.0269662,0.0345074,0.0449597,0.0628411,0.0823748
662.945,0.0340612,0.035173,0.0318931,0.0320145,0.0292884,0.0277684,0.0277706,0.023125,0.0231894,0.0197354,0.0200995,0.0218369,0.0193688,0.0242165,0.0269537,0.0340943,0.044561,0.0629813,0.0838571
663.366,0.0341574,0.0341382,0.0324246,0.0328026,0.0297681,0.0276226,0.024043,0.0245882,0.0221014,0.0206292,0.0222631,0.0197313,0.0193653,0.0224354,0.0256454,0.032366,0.0445545,0.0626922,0.0785051
663.787,0.0356666,0.0350476,0.0348756,0.0346163,0.0283217,0.0281,0.0281243,0.0252539,0.0244413,0.0210293,0.0196482,0.0216214,0.0234574,0.0259689,0.0299661,0.0313243,0.047694,0.0650126,0.0815177
664.207,0.0375645,0.0366849,0.0349047,0.0337688,0.0310933,0.0299779,0.0285728,0.0257292,0.0249476,0.0248742,0.0231934,0.0217443,0.0245074,0.0267943,0.029378,0.0365301,0.0488568,0.0660148,0.0829434
664.628,0.0338069,0.0338718,0.0324215,0.0303717,0.028158,0.0280908,0.0270612,0.0237582,0.022435,0.0204769,0.021358,0.0210639,0.0211657,0.0229507,0.0278917,0.0347068,0.043913,0.0601279,0.0811932
665.048,0.0367169,0.0350124,0.0348296,0.0318342,0.0312956,0.0276313,0.0263156,0.0265001,0.0244374,0.022584,0.0206422,0.0227298,0.023087,0.0229491,0.0309535,0.0357449,0.0466433,0.0611482,0.0831825
665.468,0.0345904,0.0345831,0.0351997,0.0321199,0.030849,0.0286105,0.0265348,0.024004,0.0221379,0.021866,0.0222532,0.0220648,0.0204372,0.0234664,0.0287107,0.034833,0.0470205,0.0643131,0.0846362
665.888,0.0354465,0.0356851,0.0326035,0.0314305,0.0302507,0.0293272,0.0252713,0.0248541,0.0219144,0.0217147,0.0201203,0.0213486,0.0219658,0.0254161,0.0261102,0.0340759,0.046599,0.0628637,0.0819172
666.308,0.0319488,0.0359947,0.0326962,0.0310872,0.0298943,0.0272407,0.0260839,0.0247652,0.0223408,0.0213705,0.0191711,0.0212315,0.0214228,0.0240986,0.0280354,0.0340145,0.0460971,0.0642287,0.082174
666.728,0.0368535,0.03508,0.0337889,0.0327792,0.0300472,0.0290357,0.0273518,0.0244745,0.0224815,0.0235033,0.0224633,0.0200147,0.0238666,0.026969,0.0289099,0.035141,0.0456006,0.0637542,0.0808489
667.148,0.0350678,0.0354785,0.035174,0.032534,0.0287275,0.0279321,0.0257421,0.0264885,0.0241104,0.0211337,0.0221153,0.0219645,0.022413,0.0248312,0.0288746,0.0358572,0.0472891,0.0651045,0.0811444
667.568,0.0362757,0.035563,0.0360796,0.0335639,0.0296529,0.0295872,0.0258718,0.0250958,0.025288,0.0234363,0.0235045,0.0200018,0.0246299,0.0250424,0.0275116,0.0355514,0.0460165,0.0624372,0.0832317
667.987,0.035556,0.0354331,0.0318697,0.0326282,0.0286037,0.0263138,0.0262347,0.0249221,0.0247662,0.0215128,0.0211361,0.0213456,0.0199951,0.0232043,0.0260462,0.034093,0.0469575,0.0639691,0.0805413
668.407,0.0355974,0.0346419,0.034257,0.0310352,0.0290251,0.0254964,0.0267993,0.0263031,0.0222513,0.0220237,0.0210924,0.022322,0.0207671,0.0243389,0.0284352,0.0353032,0.046422,0.064582,0.0799085
668.826,0.0329195,0.035402,0.0318085,0.0299891,0.029333,0.0287042,0.0252998,0.0250046,0.0222489,0.0212726,0.0211299,0.0211123,0.0208024,0.0242505,0.0287572,0.0337906,0.044504,0.0638954,0.0813754
669.245,0.033884,0.0338042,0.0349019,0.0318005,0.0306556,0.028629,0.0276029,0.0251544,0.0230322,0.0232552,0.021903,0.0210401,0.0222615,0.0231078,0.0288054,0.0336923,0.0474791,0.0650964,0.0828186
669.664,0.0360206,0.034932,0.0324759,0.032153,0.030808,0.0271033,0.0276633,0.025213,0.0257117,0.0226556,0.0228447,0.0216825,0.0232792,0.024097,0.0266244,0.0358165,0.047464,0.0638857,0.0821208
670.083,0.035292,0.0346161,0.0325777,0.03298,0.0313023,0.0278955,0.0257638,0.0235875,0.0228558,0.0230996,0.0217196,0.022228,0.0220139,0.0231752,0.0259255,0.0365894,0.0453081,0.0641086,0.0809893
670.502,0.0367455,0.0351216,0.0354621,0.0326127,0.0304484,0.0294869,0.0259697,0.0263573,0.0234635,0.0228036,0.0212112,0.0214067,0.0230309,0.0234865,0.0270808,0.0349627,0.0462803,0.0628336,0.0835979
670.921,0.0336899,0.0337667,0.0331644,0.0309891,0.028721,0.0291355,0.0257728,0.0247607,0.0225274,0.0201537,0.0199429,0.0198105,0.021789,0.0222359,0.0262492,0.0336052,0.0448898,0.0618914,0.0787205
671.339,0.0337052,0.0340144,0.0343107,0.0316937,0.0293731,0.0276855,0.0252363,0.0246002,0.0209341,0.0201103,0.0204226,0.0209593,0.0209844,0.0250018,0.0256903,0.0337593,0.0463142,0.062988,0.079491
671.758,0.0338028,0.0340978,0.032379,0.0300879,0.0293491,0.0283525,0.0256872,0.0245826,0.0218699,0.0209885,0.0219888,0.0209143,0.0213435,0.023037,0.0274493,0.0346874,0.0459195,0.0643131,0.0831602
672.176,0.0344577,0.0327712,0.0346641,0.0304376,0.0270554,0.0257886,0.0250876,0.0237594,0.02344,0.0210029,0.0200694,0.0210871,0.0222676,0.0228685,0.0270135,0.0324722,0.044752,0.0643028,0.077745
672.594,0.0367962,0.0349076,0.033027,0.0336884,0.0313387,0.0270381,0.0259266,0.0244156,0.0247386,0.0232972,0.0201328,0.0201816,0.0211586,0.0251448,0.0278677,0.0354813,0.0463866,0.0617583,0.0798936
673.012,0.0366493,0.0369812,0.0368197,0.031866,0.0315261,0.0290055,0.0281537,0.0260305,0.0232049,0.0241573,0.0237568,0.0226398,0.0225463,0.0252261,0.0290145,0.0376776,0.0469286,0.0661013,0.0812463
673.43,0.0356494,0.0339592,0.0319981,0.029856,0.0278849,0.0273845,0.0258084,0.0244321,0.0204611,0.0209955,0.0207696,0.019225,0.0204056,0.0225349,0.0239282,0.0331434,0.046374,0.0622151,0.0780027
673.848,0.0352018,0.0319115,0.0347103,0.0321932,0.0296729,0.0269232,0.0237006,0.0240588,0.0214833,0.0198191,0.0220253,0.0197671,0.0215188,0.0219928,0.0274905,0.0334877,0.0431175,0.0646331,0.0783843
674.266,0.0338902,0.0332601,0.032744,0.0286411,0.0286634,0.0274987,0.024776,0.0240251,0.0201309,0.0228095,0.0196087,0.020035,0.0220431,0.0217028,0.0252965,0.0357855,0.0455677,0.0626671,0.0789974
674.684,0.0350949,0.0340925,0.0331798,0.0300008,0.0288016,0.0274895,0.0262702,0.024991,0.0237081,0.0226715,0.0204234,0.0227065,0.0227242,0.022814,0.0279272,0.0367072,0.0460683,0.0662481,0.0799181
675.101,0.0355447,0.0355717,0.034998,0.0316865,0.0319794,0.0309469,0.0273221,0.0249445,0.0235266,0.0227291,0.0218678,0.0216276,0.0221288,0.0254245,0.0286724,0.0346067,0.049248,0.0665639,0.0824824
675.519,0.0371136,0.0365077,0.0357571,0.0321905,0.0305617,0.0302535,0.0261405,0.0263265,0.0235368,0.0231949,0.0243368,0.0221781,0.0227952,0.0242141,0.029655,0.0349312,0.0470674,0.065903,0.0812724
675.936,0.0333904,0.0342996,0.0309458,0.0328963,0.028799,0.0249899,0.0244151,0.0228515,0.021725,0.0213743,0.0209026,0.0210045,0.0216316,0.0235922,0.0241223,0.0327552,0.0459602,0.0593668,0.0781929
676.353,0.0342571,0.0334677,0.0329103,0.0321745,0.0285663,0.0281021,0.0239753,0.0250326,0.0235648,0.0202956,0.0217656,0.0210524,0.0223028,0.0241745,0.0268432,0.0346576,0.0457136,0.0635194,0.0798076
676.77,0.0343252,0.0361477,0.0343652,0.0324543,0.033395,0.0292724,0.0282798,0.0258208,0.0254182,0.0233854,0.022072,0.0215149,0.0227835,0.0263247,0.0280643,0.0358585,0.0463945,0.064984,0.0844031
677.187,0.0357316,0.033284,0.0329026,0.0296577,0.0303197,0.0269017,0.0261772,0.0244684,0.0231907,0.022465,0.0200107,0.0217051,0.0221626,0.0229268,0.0286287,0.0358065,0.0472253,0.0645618,0.0812682
677.604,0.0364896,0.0344272,0.0336628,0.0310079,0.0288041,0.0277287,0.0262404,0.0256029,0.0233285,0.0209391,0.0215006,0.0231875,0.023635,0.0240486,0.0285469,0.0358516,0.0454858,0.062861,0.0820957
678.02,0.0354095,0.0350549,0.0322135,0.0326593,0.0297279,0.0269854,0.0270956,0.0251581,0.022313,0.0210039,0.0220145,0.0229956,0.0217077,0.0242286,0.0275228,0.0347827,0.0469172,0.0629956,0.0846083
678.437,0.0342241,0.0333297,0.0320518,0.0317341,0.0276709,0.027439,0.0225997,0.0206067,0.0218531,0.0205988,0.01831,0.020013,0.0208496,0.0248178,0.0251007,0.0324887,0.04454,0.0630017,0.0798294
678.853,0.0360026,0.0352163,0.0335601,0.0305387,0.0282184,0.0287566,0.0264228,0.0244529,0.0236383,0.0221735,0.0212855,0.0224207,0.0232059,0.0251181,0.0287103,0.0356522,0.0452133,0.0656846,0.0837451
679.27,0.034044,0.0348731,0.0358981,0.0332471,0.0285446,0.0300453,0.0282402,0.0253246,0.0232314,0.0233054,0.0223049,0.0223864,0.0232734,0.0241411,0.0285081,0.0359573,0.0454609,0.0670952,0.0832763
679.686,0.0348506,0.0352624,0.0335513,0.0320524,0.0307228,0.0306435,0.02691,0.024115,0.0232824,0.0237302,0.0225522,0.0228426,0.0223858,0.0247302,0.0292537,0.0337898,0.0472809,0.0643249,0.0834279
680.102,0.0342657,0.0329754,0.0344986,0.0322335,0.0298538,0.0278614,0.0246403,0.0243622,0.0230898,0.0223233,0.0196623,0.0196728,0.0219598,0.024052,0.0262537,0.0331386,0.0453871,0.0637518,0.0800611
680.518,0.0366833,0.0326352,0.0331456,0.031648,0.0309522,0.0275535,0.0244728,0.0256645,0.023556,0.02139,0.0237096,0.0218952,0.0213023,0.0232898,0.0283121,0.0350243,0.0460338,0.0622012,0.0820092
680.933,0.0374664,0.0354444,0.0341678,0.0333076,0.0316719,0.0290717,0.0267619,0.0246035,0.0247565,0.0227285,0.0223194,0.0228535,0.0215392,0.0241153,0.0295893,0.0354082,0.0481607,0.0642121,0.0819047
681.349,0.037151,0.0366769,0.0352017,0.0331323,0.032582,0.0300587,0.0290562,0.0249507,0.0240103,0.0236316,0.0241445,0.0239179,0.0225932,0.0264013,0.0307484,0.0378205,0.0471585,0.0656644,0.0838338
681.765,0.034742,0.0377707,0.0349777,0.0309472,0.0331356,0.0310472,0.026757,0.0248108,0.0252599,0.0241257,0.0211238,0.0224474,0.0221771,0.0252604,0.0291459,0.0341405,0.0468808,0.0626439,0.0838185
682.18,0.0355779,0.0358197,0.03405,0.0298063,0.0288737,0.0259095,0.0256653,0.0227701,0.0234261,0.0211708,0.0209348,0.0220095,0.0198686,0.0243187,0.0279042,0.0338924,0.0456583,0.0622378,0.0829277
682.596,0.0366772,0.0350643,0.0328862,0.0340913,0.0316381,0.0304906,0.0278393,0.02413,0.0240286,0.0233525,0.0215114,0.0218507,0.0228825,0.0257226,0.0281976,0.0358945,0.0472731,0.0653646,0.084214
683.011,0.0357631,0.0345905,0.0337852,0.0329305,0.0301195,0.0303524,0.0273026,0.0243029,0.0236364,0.0223583,0.0218651,0.023538,0.0216315,0.0260006,0.0273632,0.0329931,0.0447008,0.0639754,0.0809821
683.426,0.0347027,0.0363697,0.0344325,0.0349527,0.0328086,0.0286959,0.0276302,0.0244683,0.0254714,0.0230514,0.020742,0.0215791,0.0216003,0.0238729,0.0276182,0.0366076,0.0460994,0.0630825,0.0816425
683.841,0.033006,0.0310462,0.0332911,0.0319542,0.0280148,0.0268799,0.0244145,0.0242875,0.0220909,0.0216937,0.0211059,0.0221294,0.0198715,0.0209677,0.0262973,0.0316279,0.0486734,0.0615641,0.0820901
684.256,0.0349057,0.0344679,0.0320094,0.0313029,0.0292885,0.0279891,0.024657,0.0241087,0.0209992,0.0223696,0.0213437,0.0202581,0.0193262,0.0231927,0.0270357,0.035956,0.0466939,0.0650013,0.0804618
684.67,0.032747,0.0329888,0.0308727,0.0310364,0.0309778,0.0283664,0.0263658,0.0227878,0.0225104,0.0216523,0.0204194,0.0210077,0.0214594,0.0229945,0.0279184,0.0342856,0.0453611,0.0642981,0.0812201
685.085,0.0360141,0.0339664,0.035171,0.0300275,0.0310881,0.0298484,0.0285281,0.0249812,0.0255691,0.0234836,0.0232988,0.0219466,0.0250052,0.0237864,0.0287296,0.0354436,0.0476592,0.0646985,0.084456
685.499,0.0334794,0.0339417,0.0318858,0.0318483,0.0294393,0.0291823,0.0260192,0.02457,0.0237117,0.0205584,0.0214942,0.0211328,0.0208166,0.0233991,0.0277157,0.0350245,0.0470058,0.0616447,0.0816206
685.914,0.0367356,0.0370486,0.0354456,0.0346851,0.0326781,0.0297649,0.0266284,0.0256247,0.0233142,0.0226237,0.0231292,0.0234481,0.02295,0.025236,0.0307475,0.0361897,0.0490624,0.0651951,0.0827188
686.328,0.0336994,0.0343785,0.0326023,0.0314114,0.0273232,0.0278881,0.0253857,0.0228386,0.0232703,0.0221039,0.0186018,0.0217255,0.0216662,0.0236362,0.0268091,0.0351594,0.0447769,0.0622128,0.0785685
686.742,0.0327664,0.0320886,0.0314675,0.0311712,0.0295473,0.0272716,0.0259786,0.023294,0.0212058,0.01965,0.0191855,0.0204046,0.0213751,0.0219665,0.0257904,0.03368,0.0456774,0.0617555,0.0821517
687.156,0.0339662,0.0334875,0.0327207,0.0296838,0.0305159,0.0276123,0.0238941,0.0232799,0.0218067,0.0199709,0.0209606,0.0212004,0.0220585,0.0214511,0.0269938,0.0344485,0.0435849,0.0626274,0.0810005
687.57,0.0337132,0.0339999,0.0335475,0.0328631,0.0300852,0.0275293,0.0260479,0.0242162,0.0242944,0.0221911,0.0206229,0.0196683,0.021197,0.0229464,0.0262694,0.0339967,0.0495857,0.0635911,0.0810424
687.984,0.0355521,0.0343327,0.0341142,0.0325367,0.030133,0.0283797,0.0275502,0.0250182,0.0237228,0.0230354,0.0210159,0.0214942,0.0227292,0.022118,0.02712,0.0367563,0.0467883,0.0630864,0.0825029
688.398,0.0358115,0.0354513,0.0331951,0.0324145,0.0328654,0.0291008,0.0271469,0.0241963,0.0239427,0.0228396,0.0209395,0.0225323,0.0212327,0.0239277,0.0286921,0.0361114,0.0456479,0.066251,0.0823644
688.811,0.0355282,0.0327654,0.0333228,0.0311284,0.0311408,0.0279897,0.0234937,0.0234674,0.0236134,0.0204305,0.0217686,0.0201027,0.0215515,0.0207929,0.0277516,0.0358532,0.0469516,0.0634908,0.0813576
689.224,0.0361315,0.0354475,0.0321259,0.0320061,0.0305944,0.0284772,0.0268841,0.0237034,0.0236219,0.0236607,0.0205162,0.0211739,0.0212721,0.0250671,0.0280917,0.0334647,0.0487339,0.0661502,0.080935
689.638,0.0326156,0.0343601,0.0351099,0.0312847,0.0323884,0.0284825,0.0273703,0.0244996,0.0218969,0.0236652,0.0222449,0.0217995,0.0218479,0.0260193,0.028911,0.0350164,0.0442806,0.0647635,0.0857647
690.051,0.0346471,0.0343118,0.0343614,0.0322528,0.0310849,0.0263554,0.0272385,0.0230417,0.0237033,0.023841,0.0209096,0.0214741,0.01952,0.0240451,0.0285879,0.0364404,0.046387,0.0638627,0.0818351
690.464,0.0337799,0.0331177,0.032637,0.0309022,0.0294703,0.0289278,0.0251359,0.0230483,0.0217217,0.0224666,0.0220865,0.020521,0.0222543,0.0236472,0.026178,0.0330747,0.0466601,0.065114,0.0817483
690.877,0.0376847,0.0385809,0.0343355,0.0316112,0.0314505,0.0296411,0.0267199,0.0263059,0.0248057,0.025394,0.0213606,0.0217923,0.0224131,0.0273193,0.0286341,0.036141,0.046872,0.0648556,0.0831704
691.29,0.0330686,0.0332398,0.0345639,0.0322044,0.0290197,0.0294929,0.0264577,0.0259244,0.023535,0.0238975,0.0227561,0.0220863,0.022128,0.0239542,0.027959,0.034888,0.0480046,0.0659886,0.0864638
691.702,0.0354391,0.0350016,0.0349863,0.0316057,0.0313705,0.0288585,0.0277124,0.0261215,0.0245684,0.0236752,0.0218925,0.0213869,0.0227867,0.0258146,0.0290292,0.0359221,0.0474491,0.0626774,0.0821088
692.115,0.0357602,0.035139,0.0345836,0.03202,0.0303279,0.0312957,0.0278465,0.0256822,0.0242916,0.0227295,0.0228779,0.0205619,0.0224864,0.025613,0.0286167,0.0357614,0.0459602,0.065116,0.0816544
692.527,0.0342464,0.0338898,0.0325735,0.0338953,0.0299922,0.027797,0.0265039,0.0259329,0.0235953,0.023662,0.0222316,0.0213433,0.0214885,0.0258189,0.0267856,0.0346434,0.0463136,0.0644299,0.082867
692.94,0.0355673,0.0335372,0.0326767,0.0331445,0.0295701,0.0275065,0.0257975,0.0240225,0.0231746,0.0220592,0.0212935,0.0201698,0.0212187,0.0236461,0.0283983,0.0346244,0.0486715,0.0650586,0.0824305
693.352,0.0356068,0.03613,0.0316468,0.0331396,0.0311699,0.0288941,0.0258303,0.0255649,0.0226092,0.0228435,0.02268,0.0199287,0.0232409,0.0249294,0.0284247,0.0365017,0.0462015,0.0677526,0.0822464
693.764,0.0354904,0.0355077,0.0318785,0.0310088,0.0311964,0.0285024,0.0248597,0.0236171,0.0220132,0.0219201,0.0218883,0.0205522,0.0230677,0.0238955,0.027265,0.0368749,0.0466241,0.0625349,0.0810942
694.176,0.0330265,0.0338063,0.0334098,0.0340634,0.0280565,0.0267783,0.0268319,0.0250343,0.0219749,0.0200096,0.0209975,0.0208244,0.0226121,0.0240452,0.0253342,0.0338088,0.0464881,0.0633041,0.0811798
694.588,0.03357,0.0344335,0.0329502,0.0310845,0.0291095,0.0260108,0.0259373,0.0250634,0.0233056,0.0207105,0.0200594,0.0211606,0.0208275,0.0227076,0.0289004,0.0327952,0.0489659,0.0649097,0.0811254
694.999,0.0355244,0.0369931,0.0343866,0.03308,0.0320081,0.0278287,0.0269842,0.0250508,0.0247083,0.0243516,0.0213285,0.0230609,0.0231479,0.0243382,0.0287827,0.0366635,0.0474931,0.0646146,0.0806172
695.411,0.0341407,0.0340269,0.0335569,0.0291513,0.0284623,0.0287781,0.0246799,0.0226947,0.0236667,0.021571,0.0196901,0.0201269,0.0205808,0.0232134,0.0265213,0.033221,0.0446306,0.0640414,0.0778809
695.822,0.0336381,0.0349474,0.0317999,0.0303956,0.030782,0.0268749,0.0268351,0.0231367,0.0207545,0.0210236,0.0208106,0.0211233,0.0218522,0.0229531,0.0263927,0.0334138,0.0493813,0.0644484,0.0782144
696.234,0.0341945,0.0346847,0.0345874,0.0336983,0.0311481,0.0261285,0.0267104,0.0252879,0.0235328,0.0228563,0.0217764,0.0213924,0.0224431,0.025083,0.0297512,0.0345624,0.043621,0.0671559,0.0811745
696.645,0.0339935,0.0323705,0.0325765,0.0297971,0.0288375,0.0247165,0.0240603,0.0242387,0.0212725,0.0196124,0.0190173,0.0194782,0.0196135,0.0230256,0.0284846,0.0347818,0.0438181,0.061776,0.0806591
697.056,0.0338189,0.0347119,0.0348161,0.0317187,0.0289729,0.027821,0.0272622,0.0246493,0.0232234,0.0216505,0.0204125,0.0203645,0.0238853,0.0246872,0.0267115,0.0341222,0.0449662,0.0640641,0.0822448
697.467,0.0361893,0.0334124,0.0339645,0.0328005,0.0310192,0.0294832,0.0265293,0.0273553,0.0223264,0.0231811,0.0226189,0.0245324,0.0231847,0.0257446,0.0264377,0.0375784,0.0474935,0.0655466,0.0845759
697.878,0.034891,0.0326663,0.0330619,0.0328437,0.0281982,0.026425,0.0260437,0.0246966,0.0257781,0.0215685,0.0204842,0.0215357,0.0196988,0.0231344,0.0252384,0.0342343,0.0445766,0.0611177,0.0810952
698.289,0.0362736,0.0345249,0.036125,0.0328906,0.0315204,0.02885,0.0275445,0.0245407,0.025206,0.0232973,0.0232419,0.0226909,0.0215406,0.0237904,0.0269365,0.0358288,0.0480633,0.0649616,0.0830277
698.699,0.0360454,0.035184,0.0336836,0.0308209,0.0309435,0.0278377,0.0264982,0.0253576,0.0224914,0.0230036,0.0219414,0.0200885,0.0202791,0.0240436,0.0274885,0.0356503,0.0468003,0.0623944,0.0831417
699.11,0.0350108,0.0334948,0.0344079,0.030819,0.0301524,0.0274156,0.0255792,0.0252868,0.0212315,0.0217282,0.0217367,0.0214987,0.0228708,0.0235048,0.0279274,0.0361992,0.0458091,0.0636462,0.082925
699.52,0.0362448,0.0336059,0.0351783,0.0342519,0.0320854,0.0271871,0.0273803,0.0244286,0.0255749,0.0242912,0.022811,0.0227774,0.0239269,0.0245738,0.0278188,0.0343416,0.0446569,0.065576,0.0821141
699.931,0.0337602,0.0347901,0.0329342,0.0302368,0.0299566,0.0269744,0.0265439,0.0253405,0.0219268,0.0230367,0.0226461,0.0211591,0.0213849,0.0226192,0.0259309,0.0347296,0.0457451,0.0645144,0.0834264
700.341,0.0346148,0.0343342,0.0326451,0.0319536,0.0279272,0.0272077,0.0260618,0.0257282,0.0252183,0.0199807,0.0206585,0.0222436,0.0231271,0.0231016,0.0276182,0.0328932,0.0452344,0.0639056,0.0790776
700.751,0.0373141,0.0336261,0.0328574,0.0303562,0.0299649,0.0257936,0.0251303,0.0227993,0.0232922,0.0228034,0.0206,0.0229052,0.0209573,0.0233217,0.0269821,0.0332794,0.0461033,0.0636469,0.0818223
701.161,0.0366231,0.0340845,0.0344172,0.0337062,0.0299807,0.0284668,0.024559,0.0230756,0.0233436,0.0203113,0.0213375,0.0219195,0.0226987,0.0244339,0.0285611,0.0347235,0.0471936,0.0666505,0.0836336
701.57,0.0349977,0.033503,0.0340327,0.0314584,0.0325458,0.0301667,0.0276987,0.0240665,0.0247526,0.0210362,0.0227855,0.0228452,0.02292,0.0222763,0.0279993,0.0366111,0.0474258,0.0655677,0.0834263
701.98,0.0320597,0.0342493,0.0317978,0.0318515,0.0294733,0.0276145,0.0248829,0.0227782,0.0246361,0.0207082,0.0212574,0.0206789,0.0217507,0.0225464,0.0260823,0.033241,0.0453917,0.0645651,0.0791119
702.39,0.0356772,0.0347079,0.0336024,0.0316834,0.0312675,0.0278528,0.0265371,0.0241219,0.0227043,0.0242727,0.0197803,0.0218066,0.0220002,0.0222697,0.0262536,0.0350496,0.0488179,0.0689828,0.0827651
702.799,0.0331082,0.0351807,0.0324967,0.0298996,0.0283606,0.0273471,0.0226318,0.0230601,0.0206425,0.0224301,0.01968,0.0211182,0.0193776,0.0228799,0.0256756,0.0323524,0.0440924,0.0631138,0.0832407
703.208,0.036013,0.0333514,0.0328927,0.0308613,0.0277313,0.0282733,0.0252303,0.024366,0.0194827,0.0194814,0.0207286,0.0210555,0.0196864,0.0221266,0.0259851,0.0330918,0.0458312,0.0638239,0.0810524
703.617,0.0337172,0.0335512,0.0347817,0.0329315,0.0282176,0.0276252,0.025279,0.024832,0.0230392,0.0221107,0.0214769,0.0212193,0.0213058,0.0238107,0.0268847,0.0358017,0.0470906,0.0656167,0.083184
704.027,0.0359809,0.0361587,0.0355432,0.0306127,0.029293,0.0293766,0.0267526,0.0240697,0.0230414,0.0241935,0.0241084,0.0231058,0.0232213,0.0228197,0.0283722,0.0349952,0.0487826,0.0659286,0.0809771
704.435,0.0338475,0.033698,0.0345428,0.0311403,0.0306939,0.0264035,0.0260422,0.0231312,0.0226559,0.0228147,0.019313,0.0202825,0.0218172,0.024467,0.0258763,0.0342419,0.0450973,0.0641496,0.080667
704.844,0.0348459,0.0336496,0.03016,0.0312235,0.0288087,0.0279463,0.0264876,0.0249147,0.021833,0.023026,0.0223515,0.0209099,0.0220303,0.0250175,0.0263751,0.0341373,0.0470676,0.0633715,0.0824844
705.253,0.0316615,0.0330016,0.0342364,0.0312818,0.0280708,0.0270082,0.0234683,0.0229681,0.0211655,0.0217968,0.0199651,0.0184748,0.0195909,0.0221117,0.0268753,0.0331047,0.0430748,0.0618214,0.0805246
705.662,0.0339865,0.0330006,0.0326319,0.0328092,0.0289168,0.0291534,0.0237859,0.025763,0.0230504,0.0209959,0.0210957,0.0216541,0.0204222,0.0240967,0.0268143,0.0350116,0.0473183,0.0642654,0.0818366
706.07,0.0342816,0.0359575,0.0350795,0.0328391,0.0302381,0.0293426,0.0254988,0.0251237,0.0246109,0.023545,0.0207667,0.0226743,0.02366,0.0240166,0.0289053,0.0361377,0.0465915,0.0651695,0.083077
706.478,0.0356552,0.0353948,0.0340828,0.0339754,0.0324167,0.0300689,0.0288643,0.0262248,0.0246157,0.0263839,0.0215107,0.0225659,0.0239836,0.0267954,0.0292647,0.0355227,0.0489178,0.0650207,0.0851993
706.887,0.0337843,0.0343669,0.0341394,0.0326598,0.030534,0.0283901,0.0278708,0.023964,0.023402,0.0236046,0.0212633,0.0221337,0.0231032,0.0240342,0.0286717,0.0329446,0.0479942,0.0639671,0.0830061
707.295,0.0370383,0.0364623,0.0353525,0.0312903,0.0288545,0.0278015,0.0274896,0.0252504,0.024884,0.0218583,0.0231035,0.0212388,0.0218226,0.0239165,0.029353,0.0355303,0.0458229,0.0640915,0.0826306
707.703,0.0348636,0.0345112,0.0328089,0.0308197,0.0292377,0.0274827,0.0252554,0.0245229,0.0246245,0.021292,0.0216965,0.0213666,0.0216447,0.0232282,0.0269514,0.0338472,0.0454692,0.0631176,0.0782368
708.11,0.0362815,0.0351352,0.0339965,0.0333748,0.031539,0.0283756,0.0281743,0.0249155,0.0244586,0.0238402,0.0224794,0.0203824,0.0238663,0.0244982,0.0294089,0.0373572,0.0478674,0.0650934,0.0854676
708.518,0.0357235,0.0351433,0.03213,0.0322515,0.0284377,0.0243191,0.0250259,0.0227179,0.0225631,0.0219779,0.0198429,0.0215053,0.0200315,0.0228362,0.027641,0.035419,0.0443445,0.0646356,0.0822056
708.926,0.0335379,0.0346424,0.0351031,0.0316428,0.0310683,0.0255786,0.0263356,0.0247847,0.0228492,0.0228459,0.0210438,0.0218032,0.0219042,0.0236677,0.0271792,0.0348043,0.0455438,0.062927,0.0827135
709.333,0.0338009,0.0341077,0.0329701,0.0316286,0.0284951,0.0282811,0.0282092,0.0264547,0.0229369,0.0240044,0.0216671,0.0221882,0.0229036,0.0241171,0.0268385,0.0351952,0.046017,0.0616233,0.0820808
709.741,0.0351509,0.0360563,0.0342269,0.0335592,0.0307624,0.0271149,0.0280053,0.0237867,0.0245524,0.0234803,0.024273,0.0236304,0.0210145,0.0235283,0.0282086,0.0341194,0.0458458,0.0640707,0.0797165
710.148,0.0337021,0.03402,0.0340141,0.0297537,0.0301867,0.0270932,0.0270064,0.0227816,0.023765,0.0236633,0.0205619,0.0196088,0.0207913,0.0228265,0.0266478,0.0381002,0.0461755,0.064949,0.0796723
710.555,0.0359362,0.0352068,0.0349523,0.0302055,0.0306193,0.0287446,0.0268551,0.0240338,0.0234358,0.0216109,0.0202811,0.0202137,0.0197075,0.0237052,0.0268153,0.0341691,0.0462374,0.0634225,0.0849165
710.962,0.0362327,0.0359023,0.0355494,0.0317384,0.0291267,0.0290332,0.0269188,0.0250244,0.0230642,0.0219624,0.0208192,0.0213228,0.0213157,0.0230522,0.0279798,0.0360119,0.0464927,0.0642796,0.0816544
711.369,0.0364917,0.036214,0.03616,0.0315073,0.0305092,0.0302799,0.0273986,0.0270153,0.0245107,0.0236762,0.0224088,0.0233059,0.0224923,0.02422,0.0304502,0.0365842,0.0482642,0.0631792,0.0863485
711.776,0.0355448,0.0367327,0.0339907,0.0307116,0.0309811,0.0277232,0.0260947,0.02489,0.022283,0.0227883,0.021324,0.0212435,0.0233398,0.023925,0.0267045,0.0369152,0.0459167,0.0606952,0.0807017
712.182,0.0352382,0.0345936,0.0318944,0.0312723,0.0284239,0.0279742,0.0263296,0.0237034,0.0219653,0.020438,0.0213212,0.0196367,0.0225296,0.0237602,0.0253543,0.0345767,0.0450427,0.064357,0.0799328
712.589,0.0348646,0.0325804,0.033236,0.0321017,0.0302851,0.0281457,0.0267706,0.027399,0.0242001,0.0240191,0.0233619,0.022168,0.02265,0.0236313,0.027275,0.0348306,0.0461832,0.0629944,0.0808036
712.995,0.0336815,0.0341372,0.033254,0.0309326,0.0281957,0.0272226,0.0253467,0.023438,0.0238808,0.0212081,0.0196775,0.0219784,0.0207934,0.0215488,0.0258187,0.0329278,0.04513,0.0630681,0.0803635
713.401,0.030614,0.0333514,0.0308666,0.0304219,0.0269872,0.0262456,0.0255511,0.0212181,0.022051,0.0201188,0.0207921,0.0187708,0.0219088,0.023543,0.0259599,0.0331343,0.0459559,0.06266,0.0788153
713.808,0.0354722,0.0339499,0.0325077,0.0309822,0.028508,0.0248317,0.0234469,0.0226741,0.0236443,0.0200338,0.019334,0.0185707,0.0218878,0.0234123,0.0276845,0.0352726,0.0458722,0.0627798,0.0811676
714.214,0.0343811,0.0323613,0.0334341,0.0303492,0.0293713,0.0263158,0.0256536,0.0231582,0.0215891,0.0229091,0.0208947,0.0212614,0.0218021,0.0217726,0.0277133,0.0338788,0.0454654,0.0660307,0.0821607
714.619,0.0345657,0.0355743,0.0330902,0.0299212,0.0280461,0.0272962,0.0270145,0.0256377,0.0219538,0.022029,0.0208515,0.0212967,0.0217684,0.0245858,0.028319,0.0339697,0.0467155,0.0631952,0.0838536
715.025,0.0347499,0.0339826,0.033034,0.0288753,0.028733,0.0277729,0.0250169,0.0243504,0.0246415,0.0211199,0.020787,0.020669,0.0222539,0.0224757,0.0292573,0.0352539,0.0478351,0.061653,0.0838275
715.431,0.0356058,0.0350579,0.0323249,0.0324516,0.0295409,0.0292145,0.023294,0.0250152,0.0225687,0.0221363,0.0208408,0.0210958,0.020784,0.0233793,0.0285364,0.0352814,0.0477998,0.0632296,0.0822414
715.836,0.0353391,0.0353128,0.0316323,0.0318915,0.0300729,0.0295312,0.0253877,0.0259151,0.0215363,0.0222811,0.0220063,0.021126,0.0217159,0.023154,0.0290948,0.0339352,0.046122,0.0677026,0.0830227
716.242,0.0351936,0.0345004,0.0352756,0.0328518,0.0285232,0.0277033,0.0275619,0.0243594,0.0228666,0.0228078,0.0214926,0.0219319,0.0220152,0.0243118,0.0280713,0.0336814,0.0462542,0.0648871,0.0839483
716.647,0.0352261,0.0338089,0.0326622,0.031916,0.0281139,0.0278987,0.0239972,0.0254819,0.0248054,0.0228832,0.0201665,0.0224487,0.0219483,0.0234139,0.0277559,0.0342554,0.045634,0.0665772,0.0826644
717.052,0.0340951,0.0345697,0.0350064,0.0312146,0.0293736,0.0288787,0.0255106,0.0245824,0.0212909,0.0227992,0.0239005,0.0215475,0.0216751,0.024438,0.0289736,0.0367426,0.0486555,0.0663068,0.0814004
717.457,0.0368136,0.0358446,0.034017,0.0342171,0.0290748,0.0291743,0.027557,0.026927,0.0231957,0.0245698,0.0233715,0.0226212,0.0235589,0.0251899,0.0293559,0.0367969,0.0468395,0.0653576,0.0849229
717.862,0.0344979,0.033652,0.0329452,0.0307844,0.0304232,0.0287077,0.0249396,0.0242671,0.0216907,0.0211356,0.0206805,0.0199697,0.0204752,0.0239,0.0270655,0.0350843,0.0482971,0.0647983,0.0836256
718.267,0.0351733,0.034448,0.0319293,0.0326411,0.0315932,0.0299014,0.025975,0.0237566,0.0227487,0.0229527,0.0224295,0.0214177,0.0210313,0.0235912,0.027125,0.0359685,0.0463913,0.0626131,0.0800212
718.672,0.0357426,0.0348376,0.0332934,0.0292621,0.0300896,0.0292052,0.0291618,0.0237772,0.0259675,0.0241673,0.0227109,0.0204635,0.0214382,0.0234903,0.0284522,0.0351558,0.046486,0.062251,0.0825467
719.076,0.0372378,0.0363811,0.037637,0.0330993,0.0300057,0.0299864,0.0287866,0.0238233,0.0251463,0.0244025,0.0226223,0.020695,0.0219135,0.0231544,0.0284806,0.0364154,0.0474862,0.0681264,0.0845066
719.481,0.0360486,0.037352,0.0354114,0.0304333,0.029797,0.0282284,0.0294612,0.0262135,0.0241611,0.0220271,0.0215638,0.0214543,0.0232244,0.0237525,0.0302051,0.0359323,0.0465978,0.0640074,0.0811024
719.885,0.0374082,0.0368918,0.0336155,0.0338977,0.0301903,0.0313027,0.0279425,0.0245535,0.023586,0.023274,0.0230985,0.0236164,0.0224215,0.0244554,0.0274204,0.0342282,0.0477482,0.0657412,0.0830781
720.289,0.0369591,0.0359187,0.0323202,0.0326951,0.0316345,0.0306508,0.0277846,0.0238494,0.0265756,0.0232666,0.0234385,0.0223213,0.0238303,0.0233594,0.0292927,0.0370206,0.0458983,0.0666047,0.0834206
720.694,0.0339937,0.0321817,0.0328593,0.0313117,0.0322326,0.0265409,0.0240297,0.0250488,0.0231869,0.0197031,0.0181965,0.0208786,0.0207846,0.0226008,0.0244825,0.0336825,0.0463473,0.0644481,0.0805871
721.097,0.0355731,0.0360916,0.033277,0.0330822,0.0320339,0.0299916,0.0260534,0.0251384,0.0224236,0.0229824,0.0221619,0.0223601,0.0222476,0.0214357,0.0287114,0.0350908,0.0466789,0.0649364,0.0837182
721.501,0.0309116,0.0317894,0.0319296,0.0302286,0.0287235,0.0299639,0.025911,0.0218194,0.0194029,0.0218003,0.0209013,0.0190386,0.0205519,0.0245419,0.0262208,0.0337819,0.0479037,0.0643076,0.0810973
721.905,0.0357219,0.034804,0.0327352,0.0332508,0.0326178,0.0269425,0.0262592,0.0253575,0.0241021,0.0239549,0.0212356,0.0202799,0.0228317,0.0252787,0.0277353,0.0373072,0.0498447,0.0660246,0.0845406
722.309,0.0332309,0.034564,0.0339743,0.0319219,0.0290413,0.0272225,0.0228574,0.0239763,0.0234135,0.0226964,0.0186574,0.0213654,0.0216225,0.0213384,0.0278528,0.0330265,0.0459735,0.0623635,0.0835613
722.712,0.0344992,0.0350592,0.0351693,0.030842,0.0291199,0.0277483,0.0256896,0.0239674,0.0236161,0.0225612,0.0226882,0.0222429,0.021907,0.0228365,0.0292229,0.035339,0.0493375,0.0627507,0.0852475
723.115,0.0343301,0.0333355,0.0329714,0.032333,0.030733,0.0269804,0.023776,0.0249105,0.0226382,0.0227081,0.0205668,0.0220757,0.022144,0.0243624,0.0275713,0.0344849,0.04483,0.0610664,0.0808007
723.519,0.0319756,0.0323255,0.0355787,0.0300017,0.0281229,0.0257674,0.0239095,0.0226194,0.0228939,0.0193927,0.0189004,0.0190695,0.0196356,0.022277,0.0256803,0.0337911,0.0434835,0.0622096,0.0802735
723.922,0.0360361,0.0342568,0.0334066,0.0352692,0.0297507,0.0287694,0.0271206,0.0255255,0.0233433,0.0241021,0.0225674,0.0213111,0.0213415,0.0254467,0.0291221,0.0375859,0.0478316,0.0679992,0.0846558
724.325,0.037038,0.0342748,0.0331305,0.0316343,0.0306737,0.0253176,0.026629,0.0250714,0.0229554,0.020026,0.0215911,0.0218007,0.0214063,0.0232065,0.0279952,0.0350817,0.0452002,0.0643848,0.0843918
724.728,0.032931,0.0331748,0.0345927,0.0323603,0.0294099,0.0295939,0.0265476,0.0243056,0.0225433,0.0225485,0.0208059,0.0222391,0.0211006,0.0219252,0.0290395,0.0369487,0.045697,0.0628158,0.0832854
725.13,0.0333517,0.0356391,0.0337234,0.02998,0.0295953,0.0283074,0.0248346,0.0247213,0.0230974,0.0213051,0.0203855,0.0196452,0.0211563,0.0214427,0.0295721,0.035671,0.0475947,0.0654693,0.08291
725.533,0.035022,0.0360389,0.0321198,0.0314021,0.0308592,0.0266162,0.0266991,0.0248363,0.0252755,0.0216513,0.0195617,0.02299,0.0235366,0.021963,0.0285508,0.0354588,0.0482955,0.064245,0.0846117
725.936,0.0345083,0.038805,0.03194,0.0319265,0.0284424,0.0267727,0.0275316,0.0210071,0.0235031,0.02025,0.0203533,0.0209745,0.0194493,0.0238435,0.0272875,0.0341596,0.0472039,0.0652967,0.083615
726.338,0.0348867,0.034595,0.0321192,0.0292602,0.0294232,0.0256265,0.0259106,0.0226574,0.0230878,0.0202303,0.0195992,0.0208514,0.0188755,0.0240682,0.026266,0.0338445,0.0459535,0.0654568,0.0809352
726.74,0.0360397,0.0348468,0.0312907,0.0315355,0.0274744,0.0286757,0.0234597,0.0231228,0.0220664,0.0217748,0.020614,0.0204466,0.0216592,0.0242881,0.0295025,0.033305,0.0458972,0.0642379,0.0807704
727.142,0.0340739,0.0345638,0.0334971,0.0320497,0.0300322,0.0268537,0.0270197,0.0240615,0.022805,0.0223442,0.0212513,0.0223874,0.0207564,0.0241184,0.0294708,0.0343528,0.0460737,0.0648376,0.0839319
727.544,0.0347818,0.035165,0.0331482,0.0331607,0.0311139,0.0266499,0.0256627,0.0216114,0.0231454,0.0233829,0.021455,0.0218178,0.0213632,0.0216152,0.0274567,0.034594,0.0473922,0.0651035,0.0812696
727.946,0.0342651,0.0305943,0.0287305,0.0284625,0.0275258,0.0264738,0.0221096,0.023098,0.0210801,0.0209549,0.0202166,0.0179868,0.0211588,0.0218793,0.0256296,0.0304055,0.0421515,0.0625117,0.0818326
728.348,0.0339727,0.0329834,0.0311332,0.0329525,0.0289905,0.0277566,0.0242266,0.0256454,0.0223805,0.0221314,0.0197249,0.0196616,0.0203696,0.0237254,0.0257643,0.035254,0.0439802,0.065094,0.0824542
728.75,0.0341463,0.0380134,0.0352532,0.0343571,0.0327003,0.0302629,0.0270885,0.0256041,0.0244746,0.0238566,0.0223722,0.0213084,0.022744,0.0255172,0.0293401,0.0395818,0.0506874,0.0665998,0.0841863
729.151,0.0356544,0.0327027,0.0356143,0.0313596,0.0301294,0.0276044,0.0276226,0.0281576,0.0218529,0.0227665,0.0221059,0.0228917,0.0237963,0.0232734,0.0293332,0.0365937,0.0462288,0.0614171,0.0815748
729.553,0.0328748,0.0356216,0.0317227,0.0293079,0.0314906,0.0285918,0.0270672,0.024164,0.0216431,0.0216294,0.0215614,0.0203288,0.0213356,0.0235113,0.0279356,0.0336067,0.0455979,0.0623717,0.0833605
729.954,0.0324388,0.0332798,0.0325903,0.0290549,0.0286456,0.0303863,0.022424,0.0241309,0.020677,0.0223799,0.0221971,0.0227447,0.0205646,0.0230963,0.0265978,0.0359856,0.0454985,0.0638504,0.0826399
730.355,0.0348391,0.035615,0.0319412,0.0319947,0.0309721,0.0278169,0.0246168,0.0255072,0.022064,0.0217953,0.0230093,0.0216685,0.0214245,0.0254212,0.0246642,0.0340643,0.0470149,0.0639255,0.0835968
730.756,0.0336189,0.0365826,0.0330977,0.0322354,0.0295178,0.0271414,0.0261336,0.0267926,0.0218206,0.0226385,0.0201821,0.0200936,0.0233262,0.0230004,0.0249051,0.033211,0.0467498,0.0632518,0.0839531
731.157,0.0375055,0.0331352,0.0344909,0.0302631,0.0306898,0.030247,0.0254306,0.0236496,0.0222659,0.0235439,0.0214172,0.0213917,0.0214257,0.0239961,0.0284206,0.0346468,0.0482881,0.0611698,0.0825518
731.558,0.034569,0.033246,0.0311711,0.0288389,0.0312516,0.0296048,0.0262738,0.023526,0.0224367,0.0238368,0.0200761,0.0219465,0.0211411,0.0212323,0.0278174,0.0342169,0.0461234,0.0643578,0.0837117
731.959,0.0363845,0.0367668,0.0335038,0.0323139,0.0317256,0.0287211,0.0287312,0.0248578,0.0237795,0.0245281,0.0205684,0.0217386,0.0233344,0.0268034,0.0278261,0.0365063,0.0460911,0.066618,0.0851226
732.359,0.0380902,0.0355575,0.0352149,0.0355886,0.0299282,0.0257204,0.026358,0.0267136,0.0239287,0.0227708,0.0219798,0.0217224,0.0233579,0.0260258,0.0305217,0.0346983,0.0485395,0.0670414,0.0865471
732.76,0.0333901,0.0358452,0.0342649,0.0315619,0.028944,0.0289235,0.0271047,0.024005,0.0239682,0.0238111,0.0200717,0.0239296,0.0227944,0.0227714,0.0268242,0.0358683,0.0480411,0.0654433,0.081379
733.16,0.0346193,0.0349824,0.0368585,0.0299042,0.0308857,0.0287918,0.0269702,0.0246452,0.0234441,0.0217323,0.0202752,0.0202905,0.0199023,0.0238368,0.0261873,0.0363976,0.0477802,0.0652981,0.084577
733.56,0.0360569,0.033649,0.0330198,0.0315956,0.0279628,0.0264277,0.0263589,0.0233826,0.0231136,0.0219237,0.0204983,0.0231271,0.0198662,0.0217668,0.0240934,0.0327817,0.04277,0.0651765,0.0801499
733.96,0.0365185,0.0331487,0.0332094,0.0306683,0.0311501,0.0280591,0.025249,0.0244457,0.0217687,0.0222319,0.0221686,0.0218429,0.0223888,0.0245901,0.0277849,0.03251,0.0473893,0.0648526,0.0806118
734.36,0.0337173,0.0327331,0.0336891,0.033545,0.0318131,0.0278349,0.0267615,0.0260185,0.0221368,0.0226174,0.0204367,0.0215399,0.0231099,0.0253881,0.0281551,0.0366812,0.0485502,0.0663522,0.0839121
734.76,0.0339378,0.0336566,0.0305991,0.0304047,0.0284592,0.0267405,0.0259996,0.0226352,0.0193173,0.0201337,0.02046,0.0184604,0.0211068,0.019494,0.026692,0.0332147,0.0449211,0.063513,0.0829263
735.16,0.0325353,0.0334857,0.0289791,0.0302507,0.0290363,0.0274534,0.0241198,0.0214946,0.021364,0.0191199,0.0198058,0.018536,0.0186187,0.0224655,0.0283277,0.0326675,0.0448523,0.0655191,0.0808798
735.559,0.0335434,0.0344786,0.0353675,0.0346236,0.0306997,0.0274107,0.0251979,0.0268038,0.0231403,0.0226574,0.0223738,0.0209149,0.0227258,0.0227961,0.0307296,0.033287,0.0473699,0.0672497,0.0859388
735.959,0.0339728,0.0320158,0.031949,0.0318522,0.0287041,0.0283078,0.0223138,0.0231142,0.0216555,0.0214642,0.0216369,0.0200073,0.0204845,0.0235324,0.0262626,0.0343558,0.0442469,0.0641844,0.0864461
736.358,0.0361207,0.0337026,0.0345293,0.0326013,0.030373,0.0290017,0.0243574,0.0239711,0.0217867,0.0227537,0.0234589,0.0207471,0.0234178,0.0251673,0.0289905,0.034279,0.0471014,0.0651633,0.0820521
736.757,0.0361567,0.0346806,0.0334127,0.0324031,0.0300928,0.0254928,0.0261188,0.0255866,0.0237484,0.0226871,0.0227035,0.0218499,0.0215474,0.0256087,0.0301104,0.0344287,0.0466799,0.0631699,0.0820877
737.157,0.0340648,0.0339549,0.0322059,0.0299118,0.0303171,0.0274129,0.0265957,0.0241649,0.0228847,0.0218579,0.0228182,0.0208497,0.0206727,0.0252812,0.0268248,0.0345756,0.0472145,0.0645939,0.0820768
737.555,0.0341888,0.0357672,0.035118,0.0342571,0.0313401,0.0271912,0.0265001,0.0249869,0.0238683,0.0218178,0.0231389,0.0231938,0.0237568,0.0250608,0.0290031,0.0350175,0.0457077,0.0661706,0.0838529
737.954,0.0369392,0.0362985,0.0352541,0.0355688,0.031281,0.0280828,0.0276216,0.0260085,0.025147,0.02221,0.0222872,0.0251757,0.0236718,0.025225,0.0290178,0.0358991,0.0501967,0.0669699,0.0839953
738.353,0.0338439,0.0357037,0.0350054,0.0328053,0.0289062,0.0272326,0.0263686,0.0248928,0.0232904,0.0230628,0.022391,0.0243845,0.0219425,0.0268065,0.0272198,0.0362885,0.0473147,0.0641313,0.0811354
738.752,0.0368574,0.0362397,0.0349067,0.0322377,0.0300029,0.029313,0.0239023,0.0240258,0.0248724,0.0238755,0.0228608,0.0216646,0.0212451,0.0244419,0.0289415,0.0355965,0.0491457,0.0667175,0.085401
739.15,0.0362052,0.0349131,0.0328004,0.0348128,0.0327949,0.0279323,0.0240284,0.0268834,0.0246934,0.0233543,0.0229896,0.0216692,0.0210007,0.0224361,0.0288091,0.036227,0.0475271,0.0646252,0.084354
739.549,0.0331652,0.0371111,0.0326836,0.0302104,0.0308688,0.0285847,0.0283306,0.0242817,0.0221635,0.0217441,0.0223407,0.0245347,0.021572,0.0231694,0.0300019,0.0368945,0.045705,0.0632101,0.0886032
739.947,0.0302889,0.0303629,0.0297187,0.0277304,0.025229,0.0271455,0.0207278,0.0221147,0.0212877,0.0208186,0.0169394,0.0179374,0.0186043,0.0215957,0.0243758,0.0321015,0.0427845,0.0614614,0.0758767
740.345,0.036448,0.0341749,0.035704,0.030937,0.0301218,0.0280558,0.0225778,0.0227233,0.0230509,0.0226028,0.0214726,0.0211377,0.0223611,0.0215509,0.0287626,0.0335754,0.0481549,0.0658218,0.0808179
740.743,0.0355761,0.0330501,0.0307511,0.0320703,0.0307736,0.0272498,0.0255905,0.0262754,0.0226122,0.022132,0.0221554,0.0214372,0.020264,0.024403,0.0279325,0.0333524,0.0499095,0.0663351,0.0841414
741.141,0.0325116,0.0334855,0.0325771,0.0311234,0.0280351,0.0241618,0.0237122,0.0247668,0.0222001,0.0202599,0.0208097,0.0219952,0.0214493,0.0235572,0.0258317,0.0349036,0.0437526,0.0635953,0.0787259
741.539,0.0348619,0.0343689,0.0319962,0.0311607,0.0264305,0.0266223,0.0250386,0.0229933,0.0215882,0.0214692,0.0206974,0.0207196,0.0217865,0.0249546,0.0262308,0.0331646,0.0453622,0.064865,0.0822147
741.936,0.0361891,0.0360595,0.0322265,0.0308745,0.0317653,0.0293413,0.0262114,0.0269365,0.0234294,0.0216015,0.0246518,0.0215273,0.0237712,0.0249988,0.02921,0.0344138,0.0484591,0.0671584,0.0845517
742.334,0.0358551,0.0318985,0.0313495,0.0311401,0.0287057,0.0277494,0.0250308,0.0262189,0.0217487,0.022032,0.0214724,0.0205505,0.0196678,0.0215,0.0240388,0.0325977,0.0461987,0.0645265,0.0849278
742.731,0.0337528,0.032585,0.0350933,0.0298368,0.0307032,0.0272792,0.0249782,0.0234673,0.0207042,0.0228395,0.0230115,0.0215494,0.0226548,0.0219381,0.0279705,0.0325991,0.0454201,0.0658606,0.0825987
743.128,0.0361208,0.0350234,0.0324589,0.0313012,0.0311334,0.0283925,0.02326,0.0233389,0.0230785,0.023974,0.0195136,0.0193163,0.0214259,0.0224272,0.0273968,0.0343838,0.047218,0.0626776,0.0817438
743.526,0.0336871,0.0338156,0.0305088,0.0291208,0.0310866,0.0278745,0.0235649,0.0230072,0.0220432,0.021079,0.0217211,0.0193543,0.0202038,0.024008,0.0271169,0.0324524,0.0431249,0.0638109,0.0830686
743.923,0.0380313,0.0368685,0.0338094,0.0331773,0.0318642,0.0277862,0.0280658,0.0255646,0.0240759,0.0239852,0.0222962,0.024092,0.0229834,0.0253158,0.0292099,0.034691,0.047879,0.0672324,0.086061
744.32,0.03469,0.0370259,0.0340243,0.0338289,0.0309941,0.0286245,0.0282072,0.0253019,0.0247435,0.0229198,0.0215378,0.0212543,0.0225389,0.0248678,0.0275872,0.0371968,0.0487575,0.0712161,0.0869798
744.716,0.0355988,0.0366329,0.0362709,0.0314239,0.0321371,0.029745,0.0256754,0.0264141,0.0246188,0.0268367,0.0231814,0.023123,0.0239736,0.025721,0.031354,0.0362339,0.0482365,0.0650926,0.0860798
745.113,0.0373961,0.0341037,0.0340283,0.0341484,0.0297291,0.0269038,0.0273769,0.0252285,0.0250703,0.0238332,0.0238053,0.0233384,0.0249131,0.0232416,0.0261235,0.0366486,0.0464136,0.0635331,0.0834179
745.51,0.0344981,0.035493,0.0327486,0.0296688,0.0296346,0.0252425,0.0246688,0.0251969,0.0255541,0.0219537,0.0216276,0.0186467,0.0223309,0.0225632,0.0288252,0.0372688,0.0469335,0.0652651,0.0832827
745.906,0.0350256,0.036585,0.036963,0.0333244,0.0325877,0.0290881,0.0295252,0.024675,0.0248172,0.0226192,0.0227589,0.0237044,0.0236345,0.0237533,0.0296845,0.036854,0.0465405,0.0663902,0.0842277
746.302,0.034644,0.0357188,0.0336335,0.0326037,0.0305729,0.0284971,0.0277903,0.0245023,0.0216685,0.0228087,0.0219017,0.0235355,0.0237436,0.0226561,0.0298733,0.0353028,0.0482187,0.0672804,0.0825991
746.698,0.0371989,0.0349797,0.0323548,0.031582,0.0308308,0.0293344,0.0255119,0.0226372,0.0244062,0.0250923,0.0239719,0.023751,0.0217482,0.0243909,0.0273994,0.035033,0.0462622,0.0657877,0.0849163
747.095,0.0331602,0.0327563,0.0349214,0.0321838,0.027905,0.0263422,0.028014,0.0228441,0.0211833,0.0225188,0.0200643,0.0195683,0.0220517,0.0229852,0.0298458,0.0340164,0.0475781,0.063804,0.0861195
747.49,0.036175,0.0374106,0.0345005,0.0332079,0.0291894,0.0308909,0.0254578,0.0256659,0.0236659,0.0215786,0.0249995,0.0212883,0.0204615,0.0223102,0.0299083,0.0345896,0.0474777,0.0650533,0.0847839
747.886,0.0345775,0.0359301,0.0337628,0.0321942,0.0304696,0.0300997,0.0273997,0.0265094,0.0232675,0.0230962,0.0226418,0.0224679,0.0224667,0.0238135,0.0291072,0.0345136,0.0478866,0.0689622,0.0854008
748.282,0.0333518,0.0379232,0.0340832,0.0326574,0.0314375,0.0275828,0.0269837,0.0231286,0.0243095,0.0239925,0.0227302,0.0217552,0.0206551,0.0236594,0.0295821,0.0353072,0.0491005,0.0688302,0.0894502
748.678,0.0334139,0.0329977,0.0336066,0.0322905,0.0318584,0.0304282,0.0261567,0.0259936,0.0231581,0.0218624,0.0219938,0.0223644,0.021881,0.0237448,0.0304805,0.0356901,0.0456187,0.0666978,0.0841151
749.073,0.0336601,0.0374766,0.0328227,0.0313358,0.0298776,0.0284665,0.02518,0.024339,0.0219522,0.0222093,0.0194546,0.0202801,0.0204747,0.0219308,0.0270891,0.0358975,0.0479076,0.0633998,0.0833416
749.468,0.0358633,0.0339071,0.032368,0.0308105,0.0256998,0.0262982,0.0251193,0.0243351,0.023727,0.0206706,0.0198772,0.0169571,0.0215114,0.0232977,0.030313,0.0345671,0.0487083,0.0642339,0.0817316
749.863,0.0349125,0.0353523,0.0300668,0.0313024,0.0290381,0.0267258,0.0248223,0.0232403,0.0228864,0.0202556,0.0204198,0.0241101,0.0204228,0.0214638,0.0264893,0.036178,0.045362,0.0639631,0.0810135
750.259,0.0330362,0.0320282,0.0316709,0.030011,0.026003,0.0268085,0.0236084,0.0219524,0.0210213,0.0218176,0.0186718,0.0175767,0.021317,0.0241859,0.0262166,0.0347764,0.0446547,0.0614759,0.0832457
750.654,0.0366455,0.036469,0.0343791,0.0312159,0.0323591,0.0289671,0.0269556,0.0224102,0.0226505,0.0224516,0.0215219,0.0215149,0.0236831,0.0244486,0.0298756,0.0389614,0.0499215,0.0655753,0.0846602
751.048,0.0361643,0.0345798,0.0342778,0.0337458,0.0316505,0.0287332,0.0250225,0.0248285,0.025766,0.0208507,0.0228561,0.0206504,0.0221968,0.0261852,0.0273715,0.0356859,0.0485727,0.0659963,0.084207
751.443,0.0384154,0.0347825,0.035078,0.0333631,0.0297146,0.029415,0.0280866,0.0264955,0.0242025,0.0217245,0.0205796,0.0225606,0.0216611,0.0240096,0.027451,0.0342417,0.0497575,0.0638347,0.0851381
751.838,0.030909,0.0333189,0.0298437,0.0297894,0.0279701,0.026121,0.0231326,0.0221377,0.0220365,0.0213308,0.019561,0.0220603,0.0188429,0.022252,0.0248407,0.035696,0.0444272,0.0659187,0.0853751
752.232,0.0387091,0.0378376,0.0370156,0.0330316,0.0326212,0.0323675,0.0283313,0.0275092,0.0241694,0.0227615,0.0252142,0.0246344,0.0251397,0.0264186,0.0314634,0.0398192,0.0515835,0.066159,0.0874485
752.626,0.0390856,0.0388052,0.0355691,0.0347547,0.0292083,0.0283936,0.0270723,0.0224226,0.0226629,0.0235289,0.0247623,0.0237401,0.0233498,0.0253493,0.0303736,0.0349279,0.0505541,0.0656068,0.0847345
753.021,0.0374645,0.0374666,0.0374163,0.0343913,0.0332468,0.0276788,0.0284114,0.0260074,0.0254334,0.023126,0.0248663,0.0239442,0.0227513,0.02544,0.0305796,0.035483,0.050269,0.0695162,0.0867561
753.415,0.0331243,0.0351247,0.0336417,0.0311153,0.0304951,0.027958,0.0249918,0.0236135,0.0220378,0.0235298,0.021957,0.0188434,0.0225734,0.0256302,0.0293495,0.0350093,0.0484647,0.0638338,0.0874883
753.809,0.0351449,0.0353319,0.0328941,0.0298831,0.0278623,0.0240932,0.025717,0.0231101,0.021062,0.0208154,0.0198401,0.0189561,0.0209417,0.0230202,0.0253276,0.0344811,0.0474479,0.0648035,0.0848101
754.203,0.0349328,0.0379867,0.0357171,0.0343811,0.030806,0.0308191,0.0284481,0.024843,0.0241049,0.0216493,0.025407,0.0241349,0.0261424,0.0252691,0.0311704,0.0399752,0.0505201,0.0686535,0.0824234
754.596,0.0378127,0.0350525,0.033929,0.0318839,0.0319235,0.0288445,0.0236899,0.0248167,0.0208761,0.0212739,0.0223362,0.0197447,0.0219326,0.0244253,0.0290826,0.0360538,0.0472471,0.0658297,0.0847644
754.99,0.0376129,0.0372449,0.03436,0.0348557,0.0326553,0.0286342,0.0272889,0.0250694,0.0235787,0.0225482,0.0215553,0.0235739,0.0242908,0.0252342,0.0302245,0.035003,0.0454687,0.0650581,0.0857605
755.383,0.0341224,0.0308568,0.030432,0.0316108,0.0277181,0.0241751,0.0255828,0.0212809,0.0223251,0.0207969,0.0193463,0.0202812,0.0191563,0.0228726,0.0265519,0.0334863,0.0462229,0.0651443,0.0828783
755.777,0.0353396,0.0343181,0.0328066,0.032508,0.0292922,0.0285371,0.0273281,0.025619,0.0247615,0.0230623,0.0218221,0.0229809,0.0209508,0.0261827,0.0285463,0.0366806,0.047072,0.0657116,0.083984
756.17,0.0370447,0.0366906,0.0347337,0.0341929,0.0295759,0.0279945,0.0257213,0.0269655,0.0242851,0.0218245,0.0215315,0.0212785,0.023366,0.0242548,0.0268806,0.0359313,0.0480609,0.0640069,0.0841315
756.563,0.0377621,0.0315317,0.0336435,0.03028,0.031602,0.0280623,0.0257369,0.024644,0.0226783,0.0212608,0.0199732,0.0195358,0.021429,0.0253056,0.0267015,0.0339375,0.0468927,0.064269,0.0816837
756.956,0.0341426,0.0382206,0.0342367,0.0332417,0.0336908,0.0278401,0.0247923,0.0270496,0.0230333,0.0239939,0.0226719,0.0208876,0.0218625,0.0233074,0.0296338,0.0359664,0.0455013,0.0669071,0.08443
757.349,0.0394577,0.0378298,0.0361057,0.0338264,0.0334548,0.0297411,0.0257926,0.0263627,0.0256976,0.0230726,0.0256767,0.0235206,0.0230772,0.024356,0.0290929,0.0362081,0.0468848,0.0679395,0.0866546
757.742,0.0400425,0.0357946,0.0368367,0.0327169,0.0322358,0.0293853,0.0271211,0.0254903,0.0233315,0.0220144,0.0239972,0.0231416,0.0252107,0.0272952,0.0313593,0.0394574,0.0489184,0.0669278,0.0879432
758.135,0.0346268,0.0331923,0.0331109,0.0310894,0.0266067,0.0299232,0.0258212,0.0220924,0.0236653,0.0213919,0.0227016,0.021429,0.0222675,0.0245302,0.026313,0.0374199,0.0468899,0.0628536,0.0855028
758.527,0.0401292,0.0342201,0.036663,0.0349063,0.0304461,0.0324267,0.0280866,0.0269519,0.0242888,0.0221888,0.0227537,0.0249454,0.0247938,0.025793,0.0311475,0.0379757,0.0512289,0.0669381,0.0895626
758.919,0.0369813,0.0350938,0.0353095,0.0362453,0.030602,0.0283382,0.0285358,0.0237602,0.0265361,0.0260755,0.0232894,0.0239331,0.0213342,0.0267811,0.0312821,0.0363743,0.0514326,0.0661342,0.0858196
759.312,0.0380561,0.036621,0.0352415,0.0338689,0.031104,0.0279502,0.0286539,0.0293846,0.0260508,0.0268141,0.0238151,0.0214502,0.023837,0.026611,0.0286687,0.0374209,0.0493873,0.0675913,0.0837751
759.704,0.0388706,0.0385303,0.0333406,0.0327929,0.0298189,0.0278391,0.0272362,0.027934,0.0247345,0.0277433,0.024397,0.022379,0.0215026,0.0248035,0.0308578,0.0366076,0.0494386,0.0711336,0.0846926
760.096,0.0327182,0.0330675,0.0319504,0.0294316,0.028749,0.0249965,0.0252622,0.0236121,0.0210782,0.0233264,0.020394,0.0218678,0.0216418,0.0216722,0.0264831,0.0355328,0.049893,0.0683735,0.0854347
760.488,0.0343594,0.0370757,0.0330429,0.0339934,0.0318327,0.026307,0.025146,0.0247229,0.0246928,0.0262252,0.0220622,0.0218264,0.0230786,0.0231521,0.0289979,0.0356235,0.0480553,0.0658886,0.0852581
760.88,0.0334678,0.0361176,0.034737,0.0328625,0.0310253,0.0317336,0.0222282,0.0234726,0.023122,0.0207566,0.0201719,0.0219365,0.0217547,0.0230042,0.0304729,0.035483,0.0444374,0.0681466,0.0870932
761.271,0.0347568,0.0332874,0.0336818,0.0333117,0.0288292,0.0229132,0.0234222,0.0226771,0.0242294,0.019916,0.0176826,0.0174834,0.021051,0.0243951,0.0278248,0.0305685,0.0455777,0.0650767,0.0825725
761.663,0.0397576,0.0380722,0.0345678,0.0377844,0.0301173,0.0298209,0.0287956,0.0271496,0.0250654,0.0261158,0.0231127,0.0225582,0.0234813,0.0262637,0.0290249,0.0396965,0.052781,0.0719672,0.0854556
762.054,0.0380499,0.0367782,0.0366665,0.0355924,0.0331648,0.0304653,0.0284328,0.0257249,0.0218626,0.0272556,0.0235547,0.0248307,0.023873,0.0285068,0.0287297,0.0386388,0.0517889,0.0685494,0.0870402
762.445,0.0370191,0.0364743,0.0360015,0.0349455,0.0331903,0.029022,0.0272995,0.0285098,0.0280894,0.0224659,0.0197284,0.0244852,0.0224105,0.0243577,0.0287382,0.0354199,0.0501222,0.0708803,0.0920414
762.837,0.0337401,0.0350196,0.0363946,0.0320941,0.0301935,0.0277269,0.0259724,0.0255879,0.0230559,0.0236211,0.0229273,0.0213162,0.0225,0.027295,0.0293569,0.0355213,0.0500428,0.0690726,0.08542
763.228,0.029867,0.0372217,0.0316083,0.0297679,0.0308939,0.0260546,0.0245264,0.0249075,0.023882,0.0240274,0.0204229,0.0221358,0.0199135,0.02095,0.0253836,0.0318084,0.0470498,0.0617522,0.0805604
763.619,0.034577,0.0376055,0.0336394,0.0326611,0.0295479,0.0296498,0.0258876,0.0277631,0.0269219,0.0234033,0.0229162,0.0191734,0.0233705,0.0235125,0.0278657,0.0342201,0.0514432,0.065582,0.0879899
764.009,0.0375906,0.0340302,0.0347834,0.0321593,0.027932,0.0287781,0.0246272,0.023887,0.0221574,0.0225479,0.022729,0.0219419,0.0222007,0.0239807,0.0315247,0.0349387,0.0475665,0.0664528,0.0875185
764.4,0.0279529,0.0291714,0.0294226,0.0303567,0.0262086,0.0231847,0.0205263,0.0188774,0.0181728,0.0173146,0.0190512,0.0158267,0.0206736,0.018764,0.0248927,0.0306204,0.0442208,0.0614684,0.0798155
764.791,0.0345842,0.0387406,0.0358753,0.0352602,0.0316931,0.0304422,0.0301102,0.0275976,0.0222877,0.021517,0.0238664,0.0241853,0.0233656,0.0258681,0.0303573,0.0379375,0.0513891,0.0686873,0.0878807
765.181,0.0382223,0.0357339,0.0345004,0.0364366,0.027873,0.0278171,0.026233,0.0272709,0.0266201,0.0231178,0.020234,0.02078,0.0257127,0.0254249,0.0277584,0.0361251,0.0505742,0.0654941,0.0879983
765.571,0.0373319,0.0346655,0.0320975,0.0291737,0.030697,0.0238571,0.0258699,0.0224373,0.0231473,0.0216502,0.0225826,0.0179453,0.0213,0.0231576,0.0280836,0.0353464,0.0480535,0.0656573,0.0810841
765.962,0.0334135,0.0338166,0.0321416,0.0290268,0.0301501,0.0271805,0.0263309,0.0226816,0.0222529,0.0219464,0.0194064,0.0222445,0.0205586,0.023072,0.0250511,0.0289437,0.0468152,0.0645805,0.0799583
766.352,0.0351194,0.0361156,0.0331207,0.031733,0.0296453,0.0271373,0.0273481,0.0230857,0.0230457,0.0207112,0.0180447,0.0240078,0.0200343,0.0245101,0.027185,0.033557,0.0497281,0.0658245,0.0851797
766.742,0.0370126,0.0318601,0.0297202,0.0339952,0.0311431,0.0272421,0.0252835,0.0236707,0.022466,0.0248354,0.0183554,0.0215453,0.021481,0.0225435,0.0302925,0.0359139,0.0512833,0.0661345,0.0864668
767.131,0.0370263,0.0386623,0.0370383,0.0313364,0.0327849,0.0291744,0.030276,0.0271673,0.0234842,0.0243787,0.0242709,0.0232428,0.0219409,0.0248039,0.0300096,0.0375162,0.0484716,0.0698828,0.0873099
767.521,0.0314788,0.0357208,0.0350307,0.0336848,0.0322581,0.0296782,0.0251911,0.0234667,0.0223572,0.0215023,0.0239072,0.0215302,0.0220875,0.0245769,0.0263833,0.0353647,0.0479608,0.0713661,0.0903496
767.911,0.0375888,0.0345386,0.0348835,0.0341524,0.0321099,0.024763,0.025042,0.0245776,0.0264034,0.0234269,0.0230198,0.0185497,0.0225334,0.0255533,0.0264349,0.0358033,0.0476311,0.0663187,0.0920605
768.3,0.03739,0.0384732,0.0323884,0.0329464,0.0334313,0.029591,0.0278385,0.0264008,0.0257688,0.0236609,0.0250064,0.0223682,0.0265548,0.0280133,0.0331913,0.0358632,0.0494596,0.0666811,0.0871835
768.689,0.0359071,0.0363074,0.0321838,0.0322594,0.0292101,0.0295143,0.024993,0.0248903,0.0225607,0.0203683,0.0223356,0.019636,0.0218411,0.0235338,0.0289442,0.0371322,0.0467356,0.0677747,0.0886606
769.079,0.0371511,0.0348045,0.0384125,0.0320767,0.0324556,0.0255504,0.026667,0.0272507,0.0250189,0.0241004,0.0231572,0.0206818,0.0234746,0.0251516,0.0309307,0.0358359,0.048548,0.0680065,0.089212
769.468,0.0376222,0.037298,0.0341111,0.0322478,0.0305132,0.0252423,0.0293293,0.0277942,0.0220781,0.0254134,0.022418,0.0207943,0.0236227,0.0240398,0.0301643,0.0369238,0.0485598,0.069318,0.0853289
769.857,0.0380993,0.0381771,0.0342078,0.0338721,0.0323214,0.0290636,0.0304889,0.0254736,0.025604,0.0245382,0.0232529,0.0219269,0.0265912,0.0231411,0.030073,0.0379662,0.0493158,0.0684829,0.088203
770.246,0.0359576,0.0362848,0.0345889,0.0308,0.0317213,0.0291344,0.0263947,0.0276468,0.0238866,0.0259402,0.0232038,0.025544,0.0225204,0.0266113,0.0278461,0.0392211,0.0486712,0.0682695,0.0847475
770.634,0.0344343,0.0341952,0.0318705,0.0304051,0.0266163,0.0273793,0.0235998,0.022978,0.0197621,0.0210446,0.0206308,0.0199253,0.0211621,0.0231959,0.0266366,0.0350934,0.0484088,0.0643282,0.0848472
771.023,0.0325346,0.0352922,0.035073,0.0264328,0.029697,0.0248308,0.0221469,0.0207022,0.0194127,0.0240655,0.0167332,0.0177868,0.0192763,0.0211942,0.02805,0.0333357,0.0479388,0.0662717,0.0847154
771.411,0.0369212,0.0355578,0.0332306,0.0315587,0.0327954,0.0269994,0.026241,0.0222536,0.0251339,0.0213391,0.0210304,0.0216109,0.0199987,0.0250335,0.0320108,0.0343523,0.0461823,0.0694335,0.0845738
771.8,0.0361852,0.037717,0.0352809,0.0306424,0.0294566,0.0274911,0.0267756,0.026372,0.0266439,0.0220377,0.0205424,0.0224159,0.0195584,0.0244051,0.0289484,0.0384252,0.0478602,0.0713554,0.0822027
772.188,0.0386555,0.0390018,0.0389729,0.0327318,0.0326674,0.0303447,0.0268814,0.0274857,0.0297087,0.0258465,0.0254046,0.0294297,0.0260291,0.0302958,0.035982,0.0410426,0.0513319,0.0728836,0.0888088
772.576,0.0366161,0.0354647,0.0323433,0.0325952,0.0298662,0.0274118,0.0237442,0.0254585,0.0216879,0.0248084,0.0197951,0.0211186,0.0209162,0.0245414,0.024324,0.0349926,0.0471181,0.067669,0.0830826
772.964,0.0354026,0.0332977,0.0319188,0.0298868,0.0278627,0.0270798,0.0238861,0.0202776,0.0238916,0.0205417,0.0197026,0.0218672,0.0202168,0.0229948,0.0267891,0.0330925,0.0490048,0.0646418,0.0856344
773.352,0.0332922,0.036097,0.0352955,0.0325578,0.0303522,0.0292823,0.0278647,0.0272101,0.0263949,0.0215986,0.0215074,0.0234121,0.0176392,0.0208989,0.0291911,0.0361012,0.0474013,0.0696422,0.0896634
773.74,0.0341257,0.0330448,0.0305464,0.0308596,0.0259594,0.0275608,0.0224873,0.0229262,0.0227659,0.0206851,0.0214676,0.0238134,0.0196352,0.0245343,0.028423,0.0311059,0.0470625,0.0627176,0.0855454
774.127,0.0366098,0.0342161,0.0373238,0.0375528,0.0302998,0.0310117,0.0268167,0.026306,0.0276445,0.0270696,0.0242043,0.0223698,0.0267839,0.0268713,0.028906,0.0386549,0.046234,0.0704413,0.0888921
774.515,0.0357217,0.0358679,0.0307652,0.033599,0.0298075,0.0297749,0.0249134,0.0278203,0.0240325,0.0197244,0.0197944,0.0228493,0.0227871,0.0219155,0.0265799,0.0362474,0.0468626,0.0696736,0.0883901
774.902,0.0351947,0.0346341,0.0316898,0.0311253,0.0293396,0.0261762,0.0267971,0.0253766,0.0253575,0.0225157,0.0210343,0.0224809,0.0235977,0.0224132,0.0261068,0.0327366,0.0508301,0.0658466,0.0872017
775.289,0.0322137,0.034554,0.0352169,0.0315768,0.028964,0.0248541,0.0262928,0.0237311,0.0224958,0.0252711,0.0219247,0.0205868,0.0234925,0.0227485,0.0333512,0.0327363,0.0470521,0.0679551,0.0867052
775.676,0.0351957,0.0374826,0.0358502,0.0354555,0.0328998,0.0289018,0.0278087,0.0231482,0.0256097,0.0207308,0.0214891,0.0204462,0.0231567,0.0236621,0.0293192,0.0348805,0.0487737,0.0675442,0.0879552
776.063,0.0343461,0.0385802,0.0328015,0.0345091,0.0306755,0.0295576,0.023692,0.0218848,0.0230501,0.0215081,0.0207301,0.0196467,0.0190256,0.0217293,0.0283574,0.0350896,0.0461448,0.0633395,0.0847028
776.45,0.0347259,0.0348966,0.0351704,0.0334896,0.0323061,0.030242,0.0295322,0.0254388,0.021798,0.0204127,0.0205191,0.0201294,0.0191358,0.026137,0.0283727,0.0366843,0.0482407,0.0653728,0.0857616
776.837,0.0344529,0.0339401,0.0341443,0.0321474,0.0325606,0.0292388,0.0262135,0.0246313,0.0212039,0.0181217,0.017979,0.0216359,0.021244,0.0251492,0.0321215,0.0343779,0.0462349,0.0650375,0.0842612
777.224,0.035265,0.0352953,0.0311446,0.032623,0.0298658,0.0284622,0.027011,0.0257133,0.0201685,0.0225022,0.0202398,0.018601,0.0222911,0.0220181,0.025289,0.0323161,0.0463918,0.0637114,0.0876996
777.61,0.0404687,0.0393519,0.0345951,0.031777,0.0327905,0.0289663,0.0283033,0.0268265,0.0261278,0.025572,0.0230774,0.0239565,0.0232166,0.0251922,0.0342497,0.0395566,0.0513309,0.0714218,0.0892004
777.997,0.0331636,0.0390833,0.0373268,0.0316389,0.0314178,0.0282744,0.0276173,0.0283536,0.0247264,0.0249541,0.0218224,0.0240921,0.0273181,0.0268809,0.0305216,0.0377393,0.0518801,0.0713931,0.0863018
778.383,0.0371289,0.0360171,0.0343773,0.0322697,0.0341073,0.0259036,0.0288405,0.0264188,0.0242012,0.0226982,0.0210325,0.0229276,0.0211707,0.0269449,0.0298722,0.0372025,0.0481047,0.0676517,0.0864825
778.769,0.0348418,0.033001,0.0301979,0.0328161,0.0318594,0.0275523,0.0246638,0.0207778,0.0211386,0.0210831,0.0213341,0.022236,0.0220617,0.0256568,0.0278997,0.0352647,0.0495385,0.0679536,0.0850857
779.155,0.0373003,0.0373464,0.0357687,0.0295026,0.0292874,0.0287142,0.0275812,0.0269187,0.0262439,0.0254786,0.0221622,0.0213848,0.0230007,0.0264033,0.0310018,0.0389732,0.049705,0.0747006,0.0913256
779.541,0.0348007,0.039776,0.0352171,0.035361,0.0334801,0.0312326,0.0328588,0.0274197,0.0267395,0.0250776,0.0204948,0.0236027,0.0252816,0.0304691,0.0331868,0.039456,0.0493689,0.069577,0.0942856
779.927,0.0400335,0.0372223,0.0320424,0.0342201,0.0291118,0.0292755,0.0293927,0.0251644,0.0270262,0.0216088,0.0220843,0.0221255,0.026594,0.0234178,0.0312504,0.0389508,0.0512268,0.0730124,0.0902046
780.312,0.0338089,0.0321194,0.0347978,0.0325378,0.031211,0.030966,0.0269469,0.0273406,0.0225251,0.0224263,0.0238779,0.0203256,0.0240264,0.0255354,0.030629,0.033795,0.0474488,0.0618438,0.0859701
780.698,0.0367822,0.0369998,0.0311837,0.0318171,0.0290921,0.0283925,0.0264199,0.0241932,0.0269465,0.0226632,0.021239,0.0212995,0.0247321,0.0225047,0.0298172,0.0353862,0.0455598,0.0677989,0.0865004
781.083,0.0346533,0.0341929,0.0312964,0.0334032,0.0283924,0.0289104,0.0289651,0.0238159,0.0209022,0.0248536,0.0200122,0.0214841,0.0228401,0.0245079,0.0269262,0.039224,0.0482455,0.0695245,0.0862951
781.469,0.0333547,0.0315778,0.0299566,0.031027,0.0305033,0.0265977,0.0268378,0.0246353,0.0226765,0.0211206,0.0194376,0.0196386,0.0219333,0.0241929,0.0273219,0.0362801,0.0473105,0.0681573,0.0854168
781.854,0.0370616,0.0350387,0.0379049,0.0331026,0.0288623,0.0298441,0.0295815,0.027524,0.0240678,0.0210219,0.0224189,0.0226668,0.0243942,0.0265115,0.0278571,0.0370887,0.0473948,0.0671091,0.0851649
782.239,0.0373973,0.035147,0.0337821,0.0287929,0.0318753,0.0333012,0.0282343,0.0296075,0.0260323,0.0252501,0.0223711,0.0233209,0.0255778,0.0265975,0.02875,0.0381123,0.0477248,0.0688258,0.085226
782.624,0.0382397,0.039204,0.0361463,0.0354097,0.0344876,0.031764,0.030061,0.0273435,0.0266713,0.0235755,0.0250167,0.0199338,0.0246052,0.0247361,0.0301277,0.0379186,0.0519915,0.0707715,0.0921228
783.008,0.0366742,0.0370283,0.0334696,0.0304543,0.0318016,0.029715,0.0257651,0.0245263,0.024939,0.0181069,0.0217455,0.0179361,0.0253025,0.0212909,0.0316473,0.0357775,0.0516204,0.0684493,0.0831174
783.393,0.0342865,0.0347815,0.0341675,0.0296548,0.030007,0.0280933,0.0274417,0.0236475,0.0229619,0.0256277,0.0203353,0.022917,0.0217027,0.0253402,0.0269542,0.0331211,0.0462371,0.0683499,0.0854758
783.778,0.0324298,0.0338096,0.0333,0.0323438,0.0308421,0.0295093,0.0250236,0.0267218,0.0210367,0.0194494,0.0255106,0.0219796,0.0238717,0.0215237,0.0298998,0.0385541,0.0470601,0.0698668,0.0866013
784.162,0.038983,0.0338005,0.0334768,0.0334746,0.0260049,0.0269936,0.0252264,0.0234537,0.0234337,0.0219802,0.020562,0.0196331,0.0199295,0.0195784,0.0268207,0.0336318,0.0482633,0.067095,0.0839169
784.546,0.0332828,0.0366105,0.0308171,0.0348668,0.0297495,0.0280275,0.0265642,0.0214472,0.0252537,0.0226864,0.0181549,0.0215261,0.0232092,0.023908,0.0306031,0.0338758,0.0504365,0.0686119,0.0880518
784.931,0.0368056,0.0353911,0.0382924,0.0350129,0.0327644,0.030482,0.0288741,0.0270548,0.0258315,0.0232888,0.0215395,0.023403,0.0241606,0.0271328,0.0295633,0.0367977,0.0476709,0.0674201,0.0870025
785.315,0.036602,0.0376827,0.0341251,0.0312939,0.0293693,0.0271577,0.025535,0.0233667,0.0232588,0.0223472,0.0214435,0.0182599,0.021965,0.0232268,0.0296304,0.0340913,0.0485317,0.0668717,0.085189
785.699,0.0413247,0.0368934,0.036583,0.0371753,0.0289358,0.0299095,0.0296624,0.027042,0.025216,0.0236118,0.026654,0.0229635,0.0233377,0.0244088,0.027538,0.0391978,0.0519927,0.0690106,0.0854844
786.082,0.0340334,0.0324433,0.0315632,0.0312762,0.0294316,0.0244734,0.0236457,0.0252108,0.0221435,0.0228665,0.0205192,0.0217428,0.0215404,0.0211871,0.0243209,0.0353562,0.0433668,0.0676861,0.082963
786.466,0.0346863,0.032687,0.0336314,0.03461,0.0317504,0.02863,0.026571,0.0287072,0.0234195,0.0240725,0.0238054,0.0231735,0.0209792,0.0236317,0.025031,0.0372861,0.0497359,0.0691585,0.0850465
786.85,0.0338859,0.0350243,0.0331697,0.0306838,0.0284815,0.0309952,0.0232493,0.024242,0.0184736,0.0220557,0.0223557,0.0222648,0.0192578,0.0236387,0.0282253,0.0377928,0.045722,0.0673495,0.0831471
787.233,0.0354777,0.0367281,0.03411,0.0344108,0.0323018,0.0300072,0.0261593,0.025025,0.0221067,0.0250192,0.02049,0.0234191,0.020464,0.022707,0.0313135,0.0341379,0.0438662,0.0698165,0.0875819
787.616,0.0382389,0.036616,0.0320165,0.0320449,0.0296171,0.0304662,0.0264614,0.0267118,0.0227741,0.0218859,0.0194623,0.0216467,0.023532,0.0236819,0.0292364,0.039297,0.0486987,0.070109,0.0859543
788,0.0356488,0.0322535,0.0322719,0.030529,0.0285593,0.0265977,0.0239291,0.0218265,0.0230051,0.0172195,0.0186832,0.018289,0.0199735,0.0187723,0.0270768,0.0332226,0.0480635,0.0646471,0.0856693
788.383,0.0355981,0.0335492,0.0377004,0.0293445,0.029818,0.0277404,0.0274287,0.0225537,0.0220519,0.0233162,0.0205172,0.0245462,0.0210783,0.0228705,0.0317721,0.0343177,0.047994,0.0684725,0.084712
788.766,0.0379077,0.0370787,0.0362946,0.032419,0.0306129,0.0308978,0.0289305,0.0253858,0.0260513,0.022044,0.0245859,0.0234646,0.0248749,0.0277309,0.0276564,0.0353946,0.0489772,0.0696216,0.0886748
789.148,0.035629,0.0359607,0.0321234,0.0315455,0.0288027,0.0259475,0.0260624,0.0236288,0.0253119,0.0179483,0.0222062,0.021347,0.0199547,0.0235506,0.0262075,0.0339482,0.0479798,0.0633756,0.0853914
789.531,0.03538,0.0374505,0.0342446,0.0324005,0.0289471,0.0245883,0.025402,0.0259089,0.0263443,0.0214791,0.0246567,0.023813,0.0242147,0.0276344,0.0280509,0.0363409,0.0492402,0.064925,0.0887041
789.914,0.0395753,0.0383632,0.0340965,0.0354354,0.0312286,0.0279796,0.0272296,0.0295045,0.0267878,0.0256219,0.0238962,0.024475,0.0266192,0.0269884,0.030158,0.039434,0.0502116,0.0692497,0.0921092
790.296,0.0324051,0.0364062,0.0363014,0.0310696,0.0307515,0.0275442,0.0227324,0.0228957,0.0223874,0.0204858,0.023538,0.0231829,0.0204141,0.0268463,0.0264718,0.0349593,0.0480252,0.0658674,0.0814583
790.678,0.0330552,0.0343502,0.0365091,0.033175,0.0300422,0.0272689,0.0239863,0.0228028,0.0222499,0.0232368,0.0221539,0.0225276,0.0180083,0.0246724,0.0273817,0.0355165,0.0498522,0.0663214,0.0839086
791.061,0.0340059,0.0375689,0.0345064,0.0306326,0.0334637,0.0301296,0.0237535,0.025314,0.0261378,0.023536,0.02492,0.0216198,0.0239088,0.0249916,0.0292347,0.0359958,0.0482089,0.0682943,0.0858706
791.443,0.0328621,0.0328867,0.0319223,0.027519,0.0289554,0.0293443,0.0241763,0.0207614,0.0216676,0.0196747,0.0191625,0.0204183,0.0198721,0.025,0.0303886,0.0363766,0.0501017,0.0646881,0.0865217
791.825,0.0352747,0.0373683,0.0333559,0.0342865,0.0308481,0.0281446,0.0259008,0.0235732,0.0222973,0.0235509,0.0219751,0.0226452,0.0230533,0.0251331,0.02911,0.0376815,0.048591,0.0685316,0.0925758
792.207,0.0306247,0.0325416,0.0305438,0.0279961,0.0255007,0.0247083,0.0245755,0.022799,0.0200843,0.0187793,0.0177501,0.0221168,0.0142032,0.0186931,0.023825,0.035418,0.0469106,0.0656135,0.085478
792.588,0.0384147,0.0369047,0.0345154,0.0377141,0.0332912,0.029788,0.0283013,0.0271561,0.028358,0.0248122,0.0249672,0.026843,0.0259556,0.0238266,0.032589,0.0396189,0.0524394,0.0703137,0.084283
792.97,0.035344,0.0358994,0.0346186,0.0306112,0.0302362,0.0277301,0.0279977,0.0232924,0.0268197,0.0239789,0.0229355,0.021129,0.0233832,0.0252457,0.0324529,0.0350601,0.0455914,0.0696001,0.0886558
793.351,0.0340067,0.0324123,0.0324673,0.0335211,0.031872,0.0277576,0.0267354,0.0247329,0.0237205,0.0189582,0.0194297,0.0199682,0.0201742,0.0236762,0.0267911,0.0324788,0.0475429,0.0690009,0.0858769
793.733,0.0390827,0.0373305,0.0354442,0.0355066,0.0305786,0.0295333,0.0266255,0.0268658,0.0237838,0.0264582,0.0236928,0.0229909,0.0266039,0.0261867,0.0314431,0.0375497,0.051626,0.0697001,0.0880318
794.114,0.0345738,0.0302638,0.031212,0.0317314,0.0279,0.0303461,0.0226676,0.0227266,0.0220157,0.0215021,0.0181977,0.0208545,0.0197869,0.0210496,0.0246803,0.0340286,0.0505015,0.0674484,0.0823477
794.495,0.0358442,0.0289081,0.0346332,0.029294,0.0281485,0.0217158,0.0225698,0.0226505,0.0189324,0.0217989,0.01858,0.0214886,0.021335,0.0184484,0.0229336,0.030216,0.0471857,0.064785,0.0824072
794.876,0.0345609,0.0363638,0.0340214,0.0308773,0.0303062,0.0242097,0.0274317,0.0214855,0.0250546,0.0227956,0.0208423,0.0235519,0.0230439,0.0262446,0.027574,0.0332453,0.0481578,0.0660275,0.0848744
795.257,0.0343415,0.0360777,0.033931,0.0355064,0.0305616,0.0279234,0.023343,0.0256799,0.0212349,0.0251954,0.021369,0.0215812,0.0258164,0.0244278,0.0288642,0.0384386,0.0509985,0.0697797,0.0844328
795.638,0.0344956,0.0324389,0.0348625,0.0324811,0.025659,0.0240575,0.0244964,0.0219906,0.0237319,0.0187414,0.0190261,0.0175737,0.0222316,0.0232583,0.0296847,0.032679,0.0458711,0.0666881,0.0847535
796.018,0.0367719,0.0331141,0.0342307,0.0316307,0.0291575,0.025164,0.0255991,0.0251385,0.0239077,0.0205493,0.0259746,0.0200971,0.0228715,0.0259892,0.0321113,0.0369406,0.0491422,0.0721239,0.0907338
796.399,0.0293792,0.0306664,0.027653,0.0288432,0.0266958,0.0212547,0.0241271,0.01581,0.0172404,0.0157468,0.0210918,0.0188336,0.0211326,0.0211177,0.0232937,0.0318049,0.0439421,0.0676456,0.0817383
796.779,0.0344863,0.0290786,0.0303832,0.0286246,0.0289675,0.0266365,0.021546,0.0211112,0.0223675,0.0175246,0.0188182,0.0203753,0.0189956,0.0169452,0.0238553,0.0330556,0.0434347,0.0684045,0.0851843
797.159,0.0310135,0.0357356,0.0301716,0.0284939,0.0268447,0.026432,0.0252225,0.0203431,0.0224187,0.0212652,0.0201062,0.0194841,0.0215172,0.0240361,0.024941,0.0362117,0.0479244,0.0661655,0.084863
797.539,0.0354465,0.0374845,0.0356852,0.0320476,0.0306645,0.0297047,0.0275411,0.0237169,0.0237943,0.0244453,0.0224639,0.0183449,0.0210558,0.0238644,0.0285135,0.0336726,0.0497933,0.0662901,0.0871886
797.919,0.0324006,0.0353696,0.0313712,0.0305394,0.0288774,0.0269369,0.0260971,0.0186437,0.0242564,0.0221513,0.0181055,0.0216273,0.0211361,0.0217931,0.0274917,0.0339931,0.0462811,0.0673703,0.0837201
798.299,0.0345314,0.0406692,0.0307399,0.0353891,0.02794,0.0272276,0.0271445,0.0245965,0.0259521,0.0241912,0.0259104,0.0246625,0.0211727,0.0208131,0.0279853,0.0388896,0.0509843,0.0659466,0.08503
798.679,0.0350118,0.0359456,0.0292141,0.0296897,0.0327686,0.0275603,0.0253797,0.024253,0.0245526,0.0206761,0.025132,0.0202627,0.0249084,0.0226856,0.0298352,0.0337422,0.0503052,0.0685743,0.087985
799.059,0.0390977,0.0417561,0.0374129,0.0347964,0.0340988,0.0328183,0.0312633,0.0269209,0.025591,0.0234954,0.0260286,0.0244841,0.0269236,0.0238319,0.0323137,0.0386747,0.0494181,0.0736976,0.0903673
799.438,0.0318585,0.0325939,0.0302139,0.0308647,0.0288338,0.0301288,0.0226637,0.0255135,0.0215724,0.021055,0.0198089,0.0210796,0.0165739,0.0190885,0.0261822,0.0332891,0.0485874,0.0643056,0.0849381
799.817,0.0382932,0.0339471,0.0358904,0.0321968,0.0325547,0.02651,0.0280908,0.0280771,0.0247334,0.0242121,0.022593,0.0235478,0.0257273,0.027568,0.0273175,0.0423618,0.0468348,0.0654689,0.0886993
800.197,0.0362558,0.0379506,0.0340721,0.0349369,0.0314185,0.029524,0.0288637,0.0298717,0.0247529,0.0242168,0.0227137,0.0248316,0.0243391,0.0261011,0.0295127,0.0352771,0.0546225,0.0710244,0.0923903
800.576,0.0327186,0.0371647,0.0357796,0.0306347,0.028382,0.0284108,0.0284135,0.026093,0.0241211,0.0206728,0.0205593,0.0271338,0.0230396,0.025903,0.0271722,0.034538,0.0501797,0.0654884,0.0866091
800.955,0.0391072,0.0418359,0.0360952,0.0347855,0.0356612,0.0337935,0.0305997,0.0308536,0.0316449,0.0253279,0.0300163,0.0233307,0.0264709,0.0289916,0.0337707,0.0400881,0.0561757,0.0732467,0.0935637
801.334,0.0346052,0.0359819,0.0341526,0.0314379,0.0272277,0.0300187,0.0283024,0.0277617,0.023311,0.0188037,0.0189753,0.0192345,0.018783,0.0228328,0.0270987,0.0381337,0.0480123,0.0666206,0.0853272
801.712,0.0355602,0.0345892,0.0353411,0.0315709,0.0270415,0.0280429,0.0260664,0.0228192,0.0231293,0.026261,0.020791,0.0210059,0.02012,0.0232302,0.0288933,0.0352543,0.049543,0.0680103,0.086556
802.091,0.0369211,0.0371919,0.0346953,0.029245,0.0308579,0.0288198,0.0304616,0.0259775,0.0259529,0.0233458,0.0230405,0.025269,0.0253673,0.0273284,0.0297005,0.0356494,0.0475406,0.0677687,0.0877144
802.47,0.0374824,0.0345121,0.0321473,0.0343065,0.032311,0.0252403,0.0261535,0.0248735,0.0230595,0.0257523,0.0230819,0.0221868,0.0220325,0.0263351,0.028442,0.0382538,0.0488409,0.0672555,0.0900765
802.848,0.0346407,0.0322365,0.0324767,0.0297287,0.0275058,0.0267872,0.0238122,0.0220739,0.0212962,0.0192013,0.0254429,0.0189174,0.0214284,0.0233407,0.0284583,0.032258,0.0507667,0.0671309,0.0850395
803.226,0.0296821,0.0350296,0.0360786,0.0331069,0.0258036,0.0297238,0.0276726,0.025066,0.0199676,0.0177598,0.0187224,0.0205224,0.0232685,0.0235208,0.0274714,0.0310853,0.0508574,0.0652507,0.0919545
803.604,0.0366772,0.0353831,0.0400882,0.0333934,0.0338122,0.0304241,0.0261187,0.0269492,0.0266566,0.0235313,0.0190521,0.0197732,0.0259397,0.022477,0.0272052,0.0373091,0.0498895,0.0700413,0.0906751
803.982,0.0298718,0.0263811,0.0315975,0.0288218,0.0225967,0.0262511,0.0218303,0.0215662,0.020488,0.0178457,0.0188908,0.0224531,0.017677,0.0194765,0.0276756,0.0334967,0.0464831,0.0660371,0.0809615
804.36,0.0406121,0.0409009,0.0372517,0.0339934,0.0335564,0.0330382,0.0269084,0.0293933,0.0255065,0.0256686,0.0259587,0.0250164,0.0231316,0.0271441,0.0320713,0.0365116,0.0505381,0.0705164,0.0919092
804.738,0.0333653,0.0363857,0.0340898,0.0383218,0.0332105,0.0307443,0.026298,0.0232899,0.0260413,0.0238312,0.0216272,0.0242621,0.0236617,0.0226118,0.0288646,0.0385441,0.0542994,0.0705607,0.0895321
805.116,0.0328641,0.0384669,0.0356815,0.033824,0.0281498,0.0291938,0.0273403,0.0258153,0.0235081,0.0242513,0.0229104,0.0254576,0.021424,0.0236888,0.0294984,0.0372618,0.0490939,0.0673808,0.0869174
805.493,0.0383665,0.03649,0.0370061,0.0318053,0.0337645,0.0332417,0.0298371,0.0275962,0.0256903,0.0229446,0.0212614,0.0237163,0.0231038,0.0230272,0.0310836,0.0375575,0.0483419,0.0675523,0.0870522
805.871,0.0344846,0.0344085,0.031,0.0302554,0.0283845,0.029722,0.024225,0.0214707,0.0282438,0.0203831,0.0236009,0.0213963,0.0213823,0.0210296,0.0292043,0.0367042,0.0513228,0.0636044,0.08425
806.248,0.0347859,0.0370839,0.0330404,0.0347151,0.0304105,0.0278601,0.0214374,0.0263157,0.0205036,0.0234103,0.0187223,0.0224617,0.0207806,0.0232508,0.0282533,0.0354157,0.0511614,0.0669734,0.0857724
806.625,0.0344971,0.0352234,0.0325666,0.033184,0.0281209,0.0289667,0.025681,0.0198005,0.0208222,0.0221652,0.0224526,0.0210315,0.0197072,0.0246824,0.0259376,0.0303657,0.050382,0.0671416,0.083575
807.002,0.0376614,0.035885,0.0360531,0.0332463,0.0339334,0.025715,0.0259131,0.0278398,0.0231938,0.0232015,0.0212141,0.0194792,0.0223529,0.0242039,0.0285664,0.0375,0.0472893,0.0671233,0.0860324
807.379,0.0332845,0.0331601,0.0320948,0.032746,0.0282025,0.0271521,0.0265584,0.0235221,0.0225487,0.0213119,0.0212666,0.0204479,0.0237478,0.0226117,0.0255151,0.0379954,0.0462928,0.0657482,0.0805956
807.756,0.0313031,0.0358258,0.0338048,0.0326977,0.0351025,0.027087,0.0261545,0.0275416,0.0258,0.0216617,0.0233328,0.0205643,0.0237865,0.0257142,0.0278827,0.0373838,0.05402,0.0708063,0.0874314
808.132,0.0332262,0.0332791,0.029387,0.0312541,0.0306731,0.0267157,0.0204214,0.0262507,0.0245592,0.0220817,0.0209652,0.0216364,0.0216491,0.0253691,0.0253463,0.0334574,0.0481043,0.0633491,0.0836832
808.509,0.0388536,0.0353843,0.035685,0.0324319,0.0319688,0.0285377,0.027479,0.0248701,0.0227859,0.0212715,0.0209605,0.0222997,0.0265931,0.0239544,0.0272117,0.0367274,0.0471933,0.0681768,0.0868444
808.885,0.0346144,0.0367749,0.0340441,0.0287936,0.0285716,0.0239665,0.0246102,0.0201617,0.0202294,0.0196196,0.0158804,0.0210003,0.0193419,0.0249404,0.0284599,0.0364226,0.0477506,0.0685586,0.0842199
809.262,0.0368749,0.0372056,0.035385,0.0315613,0.0319025,0.0277156,0.0262371,0.0273604,0.0243912,0.021627,0.023487,0.0190397,0.0227632,0.0264016,0.0276735,0.0369872,0.0508863,0.0694048,0.0886176
809.638,0.0357353,0.0377036,0.0337567,0.0391635,0.035131,0.0311131,0.0254404,0.0277262,0.0249714,0.0239813,0.0244119,0.0240787,0.0211793,0.0235465,0.0277893,0.0348938,0.0508579,0.0688937,0.0908915
810.014,0.0345827,0.033053,0.0334732,0.0352463,0.0303588,0.0264219,0.024085,0.0256737,0.026224,0.0205656,0.020789,0.0210325,0.0214373,0.0247299,0.0280216,0.0383153,0.0494792,0.0672074,0.0872037
810.39,0.0285486,0.0365521,0.0327898,0.030017,0.0279423,0.0240338,0.0238551,0.0227444,0.0223268,0.0165207,0.0218399,0.0164362,0.016797,0.0204042,0.0237975,0.0361848,0.0476686,0.0641097,0.0829863
810.765,0.0321352,0.0341079,0.0274834,0.0300677,0.030156,0.0274046,0.0257717,0.0272892,0.0238811,0.0217306,0.0203215,0.0244766,0.0211057,0.023725,0.0251554,0.0343123,0.0493403,0.067246,0.0867799
811.141,0.0376075,0.0389933,0.0339185,0.0296105,0.0269285,0.0257517,0.025854,0.0222584,0.0188058,0.0202949,0.0253151,0.0174197,0.0186401,0.021276,0.0285944,0.0354817,0.0532455,0.0669569,0.0917183
811.517,0.033661,0.033365,0.0330453,0.027134,0.027816,0.0243289,0.0286748,0.0207826,0.0191293,0.0170001,0.0192559,0.020174,0.0167037,0.021449,0.0246579,0.0354941,0.0451263,0.0729668,0.0884183
811.892,0.0358739,0.0347209,0.0367928,0.0326981,0.0291812,0.0270627,0.0265708,0.0200219,0.0222983,0.0209908,0.0254901,0.0229927,0.0243679,0.0246535,0.031611,0.0379147,0.0488089,0.0683164,0.0870346
812.267,0.0339254,0.0361193,0.0365152,0.0340172,0.024536,0.0265416,0.0249286,0.0236752,0.0222836,0.0189296,0.0231074,0.0191414,0.0208428,0.0279439,0.0277841,0.0418496,0.0492521,0.0651394,0.0866901
812.643,0.0347595,0.0348675,0.0324536,0.0324846,0.0302957,0.030795,0.0264598,0.0256002,0.0254156,0.0233309,0.0238895,0.0233439,0.0223996,0.0260528,0.0293945,0.0360207,0.0517611,0.0653626,0.0856145
813.018,0.0348433,0.0335476,0.0359467,0.0357657,0.0318354,0.0258667,0.0280207,0.0237294,0.0256907,0.0218762,0.0243241,0.0241903,0.0244266,0.0281358,0.0276205,0.0412203,0.0465275,0.0693588,0.0884121
813.393,0.0387193,0.0384532,0.038883,0.0348343,0.0321166,0.0308769,0.0284196,0.02836,0.0276217,0.0204064,0.0234185,0.0256696,0.0200374,0.0278854,0.0297133,0.0408565,0.0514035,0.0710171,0.0870103
813.767,0.0370836,0.0374977,0.0310871,0.0351804,0.0321294,0.0312608,0.0280164,0.0221872,0.0179225,0.0219329,0.02145,0.0191735,0.0197778,0.023216,0.0255624,0.0342127,0.0475193,0.0699547,0.085997
814.142,0.0389426,0.0341595,0.0370336,0.0317512,0.0307512,0.0303034,0.0261268,0.0272133,0.0253549,0.0250766,0.0260419,0.0199796,0.0278518,0.0254275,0.0303912,0.0370629,0.052614,0.070907,0.0857475
814.517,0.0389975,0.0382237,0.033157,0.0307577,0.0273159,0.0292608,0.0291473,0.0267867,0.0235504,0.0252708,0.0197908,0.0241431,0.0204162,0.0239349,0.032223,0.0349053,0.051663,0.0738404,0.0913475
814.891,0.0361489,0.0380785,0.0344532,0.0328393,0.0336425,0.0286904,0.0241974,0.0272959,0.0265082,0.022215,0.0251191,0.0216655,0.0259861,0.0278356,0.0300062,0.0366819,0.0505813,0.0736246,0.0894735
815.265,0.0361866,0.0381044,0.0317377,0.0325628,0.0320469,0.0252757,0.0215647,0.0206274,0.0206178,0.0178973,0.0201147,0.0160498,0.0191748,0.0253578,0.0273637,0.0339394,0.0477239,0.0658827,0.0891833
815.639,0.0372111,0.034416,0.0323086,0.0307217,0.0283985,0.0275888,0.0222124,0.0212574,0.0186273,0.0228745,0.0187632,0.0154099,0.0235893,0.0223665,0.0238334,0.0319136,0.0460773,0.064507,0.0810364
816.014,0.0408728,0.0333541,0.0356287,0.0320725,0.0357509,0.0302384,0.0241062,0.0266351,0.024265,0.0266289,0.019478,0.0224092,0.0240763,0.0263515,0.0309438,0.0370075,0.0496812,0.0702967,0.0870174
816.387,0.0402399,0.0388798,0.0320791,0.0344515,0.0317931,0.0312457,0.0276132,0.0258731,0.0251402,0.0299856,0.0202816,0.0275269,0.0246063,0.0271226,0.0326051,0.0366609,0.0494628,0.0701137,0.0875258
816.761,0.0338582,0.0329836,0.0329551,0.0299374,0.0320957,0.0310885,0.0265934,0.0248196,0.0228068,0.0219618,0.0173424,0.0230753,0.0225689,0.0254064,0.0331867,0.0389476,0.0492249,0.0705127,0.0834737
817.135,0.034517,0.0307673,0.0370215,0.0337809,0.0299184,0.0330333,0.0212323,0.0231993,0.0236642,0.0194772,0.0239086,0.0250823,0.0220579,0.0196934,0.0299197,0.0341825,0.0462802,0.0680911,0.0865333
817.509,0.0367442,0.0352675,0.0338501,0.0324934,0.0269263,0.0305807,0.0269685,0.0272193,0.0231326,0.0258628,0.0222936,0.0231622,0.0238243,0.0253176,0.0292555,0.0363557,0.0522411,0.0730085,0.084602
817.882,0.0310735,0.0347049,0.036724,0.030889,0.0317302,0.0294468,0.0250446,0.0249895,0.0239592,0.0220899,0.0208885,0.0252266,0.0230167,0.0232351,0.026348,0.0379741,0.0492357,0.068725,0.0873257
818.255,0.0416959,0.0397068,0.0374472,0.0331215,0.0319754,0.0328347,0.0290292,0.0286218,0.025523,0.0249709,0.0214844,0.0284239,0.021322,0.0271383,0.0327803,0.0397221,0.0499031,0.0702665,0.0896325
818.628,0.0400765,0.0366028,0.0370186,0.0332344,0.0329413,0.0304262,0.0274669,0.0247307,0.0238443,0.0246631,0.0210468,0.0181739,0.0222043,0.0258002,0.0313199,0.041725,0.0482722,0.0699017,0.0889784
819.002,0.0332957,0.0346551,0.0364618,0.033504,0.0330178,0.027807,0.0289133,0.0228744,0.0239278,0.024781,0.0263361,0.0246625,0.0256881,0.0232563,0.0279836,0.0367702,0.0472316,0.0719985,0.0888928
819.374,0.0357438,0.0332529,0.0281628,0.0353504,0.0295486,0.0284483,0.0241327,0.0229358,0.020738,0.018674,0.0179059,0.0214668,0.0222878,0.0221523,0.0306254,0.0342587,0.0508444,0.0695514,0.0849161
819.747,0.0350414,0.0392686,0.0357269,0.0304913,0.02906,0.0264229,0.0249504,0.0233376,0.0237757,0.0220653,0.0193939,0.0233702,0.0202403,0.0227418,0.026982,0.0349012,0.0509762,0.0657724,0.0900463
820.12,0.0393345,0.0408005,0.0352357,0.0354587,0.0359446,0.0307054,0.028997,0.0264487,0.023898,0.0255616,0.0196651,0.0210798,0.0253596,0.0278582,0.0306204,0.0381823,0.0535329,0.0676966,0.0912151
820.493,0.0381364,0.0378449,0.0365253,0.0325341,0.031802,0.0302193,0.0283022,0.0270744,0.0234113,0.0240228,0.0228852,0.0236169,0.0227779,0.0260852,0.0318817,0.0389278,0.0507511,0.0717531,0.0908208
820.865,0.03291,0.0331438,0.0308164,0.0309479,0.0323912,0.0303226,0.030501,0.0252962,0.0246616,0.0231798,0.0229382,0.0246347,0.0212698,0.0241939,0.032179,0.0357687,0.0527438,0.0677291,0.088814
821.237,0.0349596,0.0387803,0.0340394,0.0287598,0.0303608,0.0262778,0.0258775,0.0245923,0.0237622,0.0207375,0.0249342,0.0214369,0.0208431,0.0248248,0.0279439,0.0355033,0.0499636,0.0688982,0.0903988
821.61,0.0351451,0.0341762,0.0325107,0.0311202,0.0273587,0.0274727,0.0273364,0.0256054,0.0186093,0.0207636,0.0199924,0.0224427,0.0202447,0.0240294,0.0230532,0.033301,0.0513761,0.0672192,0.0874687
821.982,0.0396011,0.0395189,0.0349314,0.0396896,0.0340708,0.028659,0.0283213,0.0277301,0.0244722,0.0255521,0.0234349,0.022806,0.0262241,0.0276034,0.031794,0.0377935,0.0501986,0.0683692,0.0859069
822.354,0.0406597,0.0418998,0.0390037,0.0341887,0.0355618,0.0290303,0.0314442,0.0304169,0.0240519,0.028748,0.0273625,0.0256092,0.0266132,0.0295544,0.0317043,0.0455516,0.0516345,0.0693779,0.0939917
822.725,0.0321511,0.0353281,0.0307722,0.0334261,0.0292378,0.0249409,0.025207,0.0234081,0.0203901,0.0220362,0.0183609,0.0196012,0.0214002,0.0203684,0.0259486,0.0357632,0.0474978,0.0625984,0.0902164
823.097,0.0297269,0.0315678,0.0332659,0.0302965,0.0262971,0.0274485,0.0254457,0.0256678,0.0169678,0.0200933,0.0182788,0.0221408,0.0181514,0.023675,0.0303604,0.0337547,0.0504791,0.0668599,0.0832986
823.469,0.0342044,0.0345196,0.0368733,0.034244,0.0355276,0.0298862,0.0306336,0.0273052,0.0252927,0.0217966,0.0185904,0.0246711,0.024904,0.0243952,0.028685,0.0447497,0.0493703,0.0635435,0.0847169
823.84,0.0352256,0.0387235,0.0345969,0.0295292,0.0329581,0.0262205,0.0294422,0.0227993,0.0246797,0.0191379,0.0197314,0.0215258,0.0240196,0.0217255,0.0270862,0.0407853,0.048443,0.0658699,0.0900138
824.211,0.0409784,0.0437357,0.0363301,0.0361466,0.0343235,0.030356,0.0345216,0.0253489,0.0235236,0.0264973,0.0256745,0.0295849,0.0231124,0.0279497,0.0324844,0.0401373,0.052376,0.0728252,0.0878062
824.583,0.030685,0.0301223,0.0332169,0.0265091,0.0294059,0.0263317,0.0242301,0.0192473,0.0237345,0.018826,0.0200883,0.0213221,0.0207739,0.0200286,0.0253921,0.0328309,0.0469249,0.0634684,0.0857503
824.954,0.0317095,0.0338715,0.0302657,0.0326882,0.0301786,0.0275,0.0251218,0.0244474,0.0223537,0.0227348,0.0241391,0.0172823,0.0181258,0.0248595,0.023244,0.034566,0.0483951,0.0639138,0.0894108
825.325,0.0341722,0.0354999,0.0336405,0.0312562,0.0319353,0.0252246,0.0261133,0.0253479,0.0217207,0.0210302,0.0224284,0.0159317,0.0266245,0.0271376,0.0278556,0.0349602,0.0498434,0.0649987,0.088494
825.696,0.0345548,0.0315807,0.0306336,0.0311155,0.0285589,0.0276412,0.0219978,0.0236048,0.0218935,0.0198429,0.0206967,0.0179552,0.0211106,0.0215119,0.029568,0.0299116,0.0517093,0.0676093,0.0819271
826.066,0.0331673,0.0346782,0.031658,0.0322675,0.0330457,0.0276448,0.0224985,0.032981,0.0209658,0.0203337,0.0202406,0.0250431,0.0276494,0.0241749,0.0278518,0.0397064,0.0513606,0.0687856,0.0903587
826.437,0.032748,0.0346521,0.028617,0.0317651,0.0263577,0.0253719,0.0230312,0.0245903,0.0199179,0.0190997,0.0174586,0.0203354,0.0152636,0.0200076,0.030687,0.0357226,0.0472982,0.067456,0.0846042
826.807,0.0393713,0.0382655,0.0356548,0.0358313,0.0299361,0.0291263,0.0225193,0.0248011,0.0247109,0.0219652,0.0230179,0.0203724,0.0238145,0.0228785,0.0240726,0.0373573,0.0469035,0.0716205,0.0859725
827.178,0.0372384,0.0352725,0.0346716,0.0340881,0.034539,0.0280769,0.0255975,0.0260675,0.0232056,0.0259379,0.0199109,0.0253719,0.0223714,0.0259558,0.0336925,0.0358546,0.053054,0.0711302,0.0869465
827.548,0.033569,0.0360773,0.0333398,0.0282765,0.0306351,0.0266718,0.019899,0.0218021,0.0246901,0.0226596,0.023061,0.0202665,0.0230089,0.0211595,0.0281514,0.0356194,0.0494818,0.071296,0.0890067
827.918,0.0378594,0.035037,0.0352807,0.0318495,0.0297126,0.0296416,0.0239645,0.0232274,0.0222805,0.0179352,0.0214005,0.0253126,0.0219667,0.0257272,0.029291,0.0328165,0.0456373,0.0690214,0.0878934
828.288,0.036037,0.0302963,0.0319625,0.0286714,0.0293595,0.0320356,0.0244393,0.0189184,0.0184127,0.0168052,0.0212117,0.0200343,0.0205405,0.0242811,0.0263175,0.0325442,0.0454358,0.0657078,0.0846392
828.658,0.0412551,0.0403308,0.0391196,0.0339784,0.0348261,0.0374976,0.0287594,0.0316978,0.0303263,0.0267216,0.0276789,0.0247382,0.0254804,0.0270743,0.0309945,0.0395858,0.0514134,0.0713859,0.0942976
829.028,0.0432616,0.0369301,0.0405218,0.0311762,0.0348376,0.0308363,0.0262961,0.0271351,0.0278555,0.0250142,0.0236927,0.0249844,0.0261725,0.0269054,0.030933,0.0409338,0.0509436,0.0721618,0.0911541
829.397,0.0334976,0.0345149,0.030998,0.0276066,0.0332366,0.0309026,0.0287518,0.0268537,0.0248675,0.0220517,0.0191159,0.0200929,0.0228082,0.0265373,0.0282815,0.0398484,0.0482916,0.0706268,0.0829524
829.767,0.0405431,0.0387657,0.0371932,0.0317,0.0272778,0.026686,0.0294813,0.0259357,0.0220203,0.0214841,0.0208415,0.0201529,0.0233358,0.0277445,0.0267797,0.037205,0.0506611,0.0741265,0.0855607
830.136,0.0366736,0.0309332,0.0346088,0.0311076,0.0276883,0.0306959,0.0235295,0.0237509,0.0245831,0.0258029,0.0239756,0.0228189,0.0239608,0.021662,0.0261293,0.0338415,0.0519708,0.066803,0.0844969
830.505,0.0358615,0.0348278,0.0373308,0.0329484,0.0302963,0.0289091,0.0316018,0.0267891,0.0280742,0.0255767,0.0200392,0.0209132,0.0211852,0.0247688,0.0321759,0.0399974,0.0510686,0.0696125,0.0896332
830.874,0.0366332,0.0349579,0.0299116,0.029395,0.0290401,0.0271693,0.0253681,0.0245731,0.0230486,0.0247412,0.0156782,0.0202589,0.0223515,0.0264378,0.0275344,0.0374553,0.0449414,0.0647631,0.0852776
831.243,0.0343058,0.0334942,0.0333981,0.0331578,0.02976,0.0278042,0.0260469,0.0267064,0.0203148,0.0226986,0.0206796,0.0248465,0.0250946,0.0241293,0.0264251,0.0346506,0.0427784,0.068605,0.0874865
831.612,0.038803,0.0330183,0.0374787,0.0314865,0.0272002,0.028264,0.0307972,0.0250486,0.0214807,0.02368,0.0220926,0.0226586,0.0218193,0.0225119,0.0304806,0.0337873,0.0517375,0.0654141,0.0917464
831.981,0.0356817,0.0358349,0.0356421,0.0322009,0.036898,0.0336712,0.0276746,0.0276857,0.0254692,0.0235108,0.0217719,0.0215518,0.0221797,0.026463,0.030052,0.0379527,0.0504757,0.0686216,0.0915451
832.349,0.0330787,0.0342856,0.0316087,0.0311771,0.0286856,0.0244362,0.0216497,0.022428,0.023769,0.0197192,0.0151733,0.0165899,0.0195837,0.0231996,0.0321911,0.0321753,0.049506,0.0663028,0.0883017
832.718,0.0349304,0.0387786,0.0347306,0.0348969,0.0314784,0.0275661,0.0237493,0.0234454,0.0262398,0.0222234,0.0216838,0.0241258,0.0213739,0.0291831,0.0304982,0.0376492,0.0473542,0.069761,0.0884602
833.086,0.0358098,0.0378366,0.0319498,0.0302579,0.0246357,0.0289738,0.0234135,0.0262345,0.0223165,0.0195758,0.019405,0.0202991,0.0180088,0.026785,0.0273081,0.0337018,0.0501166,0.066565,0.0861224
833.454,0.0442216,0.0433679,0.0475159,0.0425245,0.0373476,0.0384964,0.0353596,0.0281863,0.0333048,0.0272197,0.0302446,0.0304752,0.0247605,0.033163,0.0334679,0.0409886,0.0531195,0.0775824,0.0915609
833.823,0.0373091,0.0325484,0.0341286,0.028879,0.0284073,0.025822,0.022317,0.0219609,0.0172874,0.0218931,0.0191974,0.019364,0.0218234,0.0237884,0.0268165,0.0346343,0.0473324,0.0597981,0.0843589
834.191,0.0357948,0.037711,0.036086,0.032201,0.0305334,0.0288029,0.027048,0.0244703,0.0241758,0.0246435,0.02086,0.0213796,0.0164573,0.0264582,0.0301981,0.0344105,0.0465145,0.0676542,0.0906415
834.558,0.0371338,0.0352532,0.0391053,0.0366085,0.0263248,0.0333344,0.0253704,0.0285072,0.0240578,0.0212398,0.0218353,0.0220311,0.0195047,0.0278749,0.0260896,0.0351047,0.0502555,0.0694768,0.0875808
834.926,0.0335473,0.0361891,0.0305931,0.0313675,0.0304151,0.0321306,0.0258192,0.027858,0.0260846,0.0240567,0.0215984,0.021486,0.022619,0.0228501,0.0311512,0.0371027,0.0549497,0.0666234,0.0901548
835.294,0.0345393,0.0308464,0.0310011,0.0297851,0.0347434,0.0309866,0.0252193,0.0219364,0.0242733,0.0219247,0.0189619,0.0273971,0.0233439,0.0253589,0.0282693,0.0330209,0.0485316,0.0756975,0.088923
835.661,0.0302461,0.0321115,0.0281465,0.0331434,0.0321374,0.0253058,0.0228442,0.0204995,0.0231468,0.0205152,0.0201372,0.0230539,0.018673,0.0233564,0.027959,0.0313853,0.0487146,0.0659045,0.0885628
836.029,0.0289792,0.0316914,0.0309972,0.0324978,0.0268797,0.0272078,0.0250449,0.0264923,0.0184875,0.0177443,0.0182873,0.019192,0.017592,0.0189929,0.0239173,0.0345259,0.0462399,0.0635721,0.084801
836.396,0.0347595,0.0282336,0.033113,0.0378705,0.0302779,0.0261026,0.0276352,0.0238447,0.0210721,0.0198117,0.0216228,0.0184139,0.0216834,0.0264223,0.0342489,0.0366591,0.0519773,0.0675901,0.0863274
836.763,0.0334787,0.0305703,0.0361524,0.0356818,0.0310756,0.0272848,0.0242076,0.0233686,0.0246173,0.023771,0.0218036,0.0233045,0.0217529,0.025372,0.0270415,0.0387458,0.0522115,0.0699008,0.0878011
837.13,0.0343658,0.0334876,0.0260934,0.0270343,0.0229127,0.0263163,0.0243165,0.0190251,0.0257533,0.018264,0.0175983,0.017411,0.0185768,0.0233591,0.0250824,0.0303144,0.0473412,0.0651428,0.0879797
837.497,0.0389216,0.036184,0.0356906,0.0329819,0.0317368,0.0289101,0.0236584,0.0260427,0.0228586,0.0178717,0.0202784,0.0216773,0.0218826,0.0256391,0.0341781,0.0360117,0.054504,0.0692968,0.0874697
837.864,0.0351885,0.040285,0.0347241,0.0372586,0.031323,0.0273421,0.0291065,0.026348,0.0234405,0.0246606,0.0202262,0.0206398,0.0213042,0.0219014,0.0254682,0.0402496,0.0501403,0.0700384,0.0899434
838.23,0.0378724,0.0295084,0.0330246,0.0296495,0.0281944,0.02586,0.0256937,0.0270364,0.0205987,0.0191167,0.0152354,0.0224455,0.0213746,0.0246907,0.026961,0.032604,0.0451647,0.0639802,0.0862723
838.597,0.0368919,0.0354368,0.0352096,0.0356671,0.0318593,0.0310727,0.0237293,0.0289136,0.029331,0.025058,0.0200139,0.0241371,0.0247693,0.0237903,0.0254308,0.0352647,0.050259,0.070261,0.0876366
838.963,0.0324829,0.0342765,0.0344399,0.0316816,0.0292195,0.0317049,0.0261888,0.0261748,0.0227399,0.0209291,0.0228306,0.0275611,0.0216429,0.0266789,0.0248644,0.0385954,0.047755,0.0662351,0.0877463
839.329,0.0365765,0.0331792,0.0323915,0.0324555,0.0283618,0.0251603,0.0256594,0.0223188,0.0204455,0.0240242,0.0212018,0.0202225,0.0178324,0.0251795,0.0259103,0.0393201,0.0447493,0.0718489,0.0906548
839.695,0.0335754,0.0263626,0.0306699,0.0296295,0.0286755,0.0286701,0.0235658,0.0194154,0.0195559,0.0192057,0.0202081,0.0209539,0.0225872,0.0235665,0.0240209,0.0332226,0.0458149,0.0700751,0.087549
840.061,0.0382584,0.0350228,0.0353964,0.037291,0.0320173,0.0311157,0.0243299,0.0276029,0.0264467,0.023994,0.0281441,0.0226078,0.0241806,0.0275279,0.0286424,0.041081,0.053516,0.0764884,0.0905125
840.427,0.037658,0.0337807,0.0303495,0.036658,0.0283749,0.0264183,0.0256647,0.0277201,0.0238767,0.0191502,0.0215824,0.022767,0.0203422,0.0290762,0.0339597,0.0416928,0.0499659,0.071544,0.0839233
840.793,0.0341663,0.0365664,0.0296892,0.0321179,0.0337798,0.0305813,0.0281135,0.0239873,0.0241475,0.02277,0.0219799,0.019797,0.023929,0.0258638,0.0297782,0.0370184,0.0539418,0.0666522,0.0876406
841.159,0.0348912,0.0410101,0.0366398,0.0356304,0.0280399,0.031366,0.0267196,0.028344,0.0248609,0.0267942,0.0240976,0.0234331,0.0239017,0.0229805,0.0361634,0.0373175,0.0497854,0.0685853,0.0904407
841.524,0.0367818,0.046351,0.0341304,0.0332225,0.0338907,0.0296913,0.0291812,0.0234069,0.0259097,0.0265464,0.0180067,0.0250476,0.0238825,0.0270694,0.0278349,0.0382272,0.0555799,0.0699889,0.08666
841.889,0.035809,0.0366564,0.0291033,0.0278458,0.0310024,0.0311078,0.0261414,0.0243232,0.0207334,0.0215135,0.0210157,0.0235276,0.026781,0.021719,0.0272315,0.0327455,0.0546822,0.0726604,0.0864857
842.255,0.0391496,0.0410886,0.0356928,0.0365396,0.0325775,0.0286427,0.0308545,0.0265512,0.0287323,0.0251907,0.0268801,0.0231838,0.0236436,0.02982,0.0296144,0.0417301,0.0511728,0.0726953,0.089942
842.62,0.0404897,0.0370274,0.0331496,0.0348996,0.0341728,0.0295722,0.0311464,0.0241473,0.0253045,0.0247696,0.0262804,0.0220222,0.0240248,0.0290677,0.0328768,0.0400431,0.0523491,0.0707885,0.0904079
842.985,0.0375204,0.0301657,0.0309708,0.0317965,0.0282701,0.0293657,0.0213233,0.0255992,0.0198795,0.0166946,0.015543,0.0179677,0.0223301,0.0241373,0.0270799,0.0370137,0.0488854,0.0700857,0.0846362
843.35,0.0378977,0.0348332,0.0303055,0.0353725,0.0318194,0.0244266,0.0241069,0.0266221,0.0247587,0.0199324,0.0204964,0.0196136,0.020313,0.0200027,0.0293925,0.0361744,0.0463279,0.0679095,0.0832498
843.714,0.0335481,0.0359398,0.0302214,0.0333823,0.030435,0.0222674,0.0232344,0.0199357,0.0207863,0.0197836,0.0217666,0.0183139,0.0205329,0.0185762,0.0245249,0.0336165,0.0482704,0.0706332,0.0867305
844.079,0.035372,0.0332506,0.0327648,0.0325137,0.0279779,0.0261217,0.0247707,0.0248768,0.0192595,0.021074,0.0230819,0.0254815,0.019635,0.0227729,0.0220076,0.0357105,0.0475626,0.0697154,0.0856553
844.444,0.0358356,0.0346702,0.0320464,0.0293859,0.0319529,0.0275076,0.0236,0.0258572,0.0219361,0.0204128,0.0196477,0.0177017,0.0216772,0.0216065,0.0239305,0.0335765,0.0474207,0.0665081,0.0913555
844.808,0.0346494,0.0353846,0.0332638,0.030887,0.0253983,0.029855,0.0267129,0.025844,0.0177578,0.0188767,0.0235453,0.021965,0.0231594,0.0210949,0.0322801,0.0356293,0.0441974,0.0701872,0.0854529
845.172,0.0324379,0.0320844,0.0283389,0.0303984,0.0269076,0.0293081,0.0185512,0.0264641,0.0222638,0.0196585,0.0191751,0.0216134,0.0210965,0.0237279,0.0253823,0.0327329,0.0534759,0.0677822,0.0910201
845.536,0.04396,0.0380727,0.0366761,0.0342332,0.0357455,0.0350377,0.0262122,0.0256638,0.0310362,0.0240362,0.0203212,0.0218326,0.0291333,0.0284572,0.0333485,0.0373564,0.0518928,0.0712113,0.0982948
845.9,0.0320279,0.0386713,0.0362991,0.0336246,0.0247448,0.0308051,0.0289022,0.0266206,0.0230698,0.027118,0.0183794,0.0221947,0.0236775,0.0178829,0.027996,0.0402145,0.0482678,0.0751708,0.0828825
846.264,0.0386811,0.0388904,0.0345557,0.032838,0.0298977,0.0301315,0.030875,0.0300252,0.0216403,0.0228273,0.0216318,0.0188131,0.0235035,0.0265521,0.0305016,0.0349829,0.0519683,0.0658689,0.091184
846.628,0.0435648,0.0430795,0.0367884,0.0366938,0.0333737,0.0319728,0.0321025,0.0318202,0.0276901,0.0267403,0.0259554,0.0258979,0.0238628,0.0290323,0.0344654,0.0402391,0.0536929,0.0747671,0.0940266
846.992,0.0377551,0.0369356,0.0403292,0.0350123,0.0338627,0.0331924,0.0293767,0.0279027,0.0248033,0.0215272,0.0270521,0.0251337,0.0255247,0.0266266,0.0291186,0.0350447,0.0526591,0.0692982,0.0883837
847.355,0.0323483,0.035835,0.0346021,0.0291752,0.0314881,0.0266791,0.0300775,0.0247789,0.020907,0.0208065,0.024932,0.0235989,0.0265994,0.0251996,0.0269036,0.0309318,0.0503966,0.0722866,0.0850028
847.718,0.03557,0.0385257,0.0348687,0.0405364,0.0297479,0.027054,0.0250894,0.0241755,0.0246443,0.025302,0.0207697,0.0226522,0.0235582,0.022956,0.0281609,0.0345852,0.0441651,0.0703901,0.0884246
848.082,0.0285691,0.0307659,0.0253424,0.0224486,0.0252221,0.0232783,0.0203247,0.018203,0.0164386,0.0216321,0.0105131,0.0166808,0.0174283,0.0146175,0.0258987,0.0224683,0.0443706,0.0639151,0.0832634
848.445,0.0339592,0.0324816,0.029017,0.0304535,0.0286909,0.0248413,0.0253913,0.0234885,0.0260445,0.0214509,0.0192328,0.0201324,0.0214471,0.0207575,0.0269846,0.0367184,0.0473181,0.0682201,0.0833025
848.808,0.0387781,0.0407014,0.0418252,0.0356601,0.0304283,0.0302723,0.0262284,0.0271192,0.0278522,0.0244118,0.0264529,0.0286708,0.023463,0.024952,0.030557,0.0399684,0.0497302,0.0744711,0.089923
849.171,0.0358774,0.0365084,0.0423583,0.037157,0.0367984,0.0306161,0.0278056,0.0312481,0.0222681,0.0285081,0.0247176,0.025635,0.0247896,0.0294096,0.0324351,0.0369013,0.0533393,0.0679832,0.0873689
849.533,0.0398294,0.0364484,0.0373212,0.0346788,0.0344764,0.0277275,0.0306251,0.0295035,0.026836,0.0252237,0.0203523,0.0259708,0.020471,0.0222337,0.0293085,0.0355169,0.0493392,0.0694073,0.0856063
849.896,0.0359423,0.0345989,0.0349008,0.0370425,0.0289744,0.0296885,0.0248243,0.0249254,0.016047,0.0187067,0.0217794,0.0248248,0.0196854,0.0244134,0.0311155,0.037763,0.0512062,0.0725713,0.0751362
850.259,0.0309265,0.0319878,0.0372087,0.0309065,0.0285088,0.0265212,0.0205718,0.0247893,0.0186064,0.0210218,0.0170392,0.0138082,0.0233662,0.0222967,0.019916,0.0381602,0.0473536,0.069185,0.0864547
850.621,0.0332513,0.0390874,0.0339389,0.0276685,0.0305108,0.0284631,0.0242478,0.0270631,0.023874,0.0264972,0.024303,0.0195342,0.0178017,0.0225026,0.0325626,0.038791,0.049682,0.0665707,0.0930834
850.983,0.0322982,0.0345191,0.0366487,0.0317706,0.0277804,0.0285463,0.0278411,0.0195927,0.0216671,0.0189007,0.0231851,0.0165546,0.0187086,0.0199711,0.0330881,0.0388907,0.047425,0.0722138,0.0882516
851.345,0.0416167,0.039454,0.0363813,0.035045,0.036512,0.0256949,0.0261473,0.0287283,0.025182,0.0253487,0.0271965,0.023575,0.0200447,0.0269074,0.0331171,0.0380894,0.0530279,0.0736382,0.0925311
851.707,0.0410915,0.0391833,0.033948,0.0326039,0.0284585,0.0326281,0.0219017,0.0208035,0.0239627,0.0232521,0.022872,0.0209141,0.0227297,0.0245255,0.0266923,0.036038,0.0514616,0.0715841,0.0881402
852.069,0.0358915,0.041225,0.0422456,0.0312812,0.0308428,0.0293348,0.0309181,0.0327428,0.0276386,0.0287179,0.0236737,0.0266847,0.0289972,0.0245789,0.0278331,0.0392165,0.0542734,0.0730673,0.0889058
852.431,0.0392757,0.0301298,0.0357256,0.0334214,0.0305044,0.0269678,0.0259746,0.0287349,0.0257657,0.0215045,0.024016,0.0207299,0.020054,0.0230706,0.030412,0.0361766,0.05662,0.067688,0.0923144
852.793,0.0371063,0.0325476,0.037035,0.0331272,0.0350069,0.0295803,0.0253337,0.0213088,0.0247538,0.0236974,0.0180443,0.0234006,0.0230717,0.0262401,0.0329369,0.0341459,0.0458938,0.0669594,0.0840994
853.154,0.0389929,0.0375088,0.0318169,0.0280823,0.030561,0.0232074,0.0237177,0.0204585,0.0219077,0.0231683,0.0230624,0.020525,0.0181054,0.0239646,0.0300044,0.0394813,0.0500579,0.0704341,0.0909057
853.515,0.0362096,0.0361424,0.0318153,0.0347672,0.0294064,0.0290392,0.0256536,0.0301922,0.0222918,0.0314776,0.0207067,0.0221421,0.0227051,0.025088,0.028917,0.0380502,0.051979,0.0723224,0.0881652
853.877,0.0319882,0.0362663,0.0258137,0.0325841,0.0264496,0.021065,0.022558,0.0270278,0.0199536,0.0189288,0.0220683,0.0205511,0.0181003,0.0198206,0.0318002,0.0373426,0.0485402,0.0671718,0.0880074
854.238,0.0382957,0.0379901,0.0347331,0.0385115,0.0275119,0.0319919,0.0255054,0.0304346,0.0277033,0.0224855,0.0268794,0.0229358,0.0182379,0.0231106,0.0329091,0.041599,0.0467922,0.0740565,0.0903339
854.599,0.0384477,0.0395941,0.0337491,0.0384758,0.0302959,0.0349216,0.0265549,0.0277046,0.0273545,0.0231418,0.0252406,0.0170815,0.0263052,0.0232626,0.0247754,0.0360015,0.0519862,0.0738873,0.0902401
854.96,0.0389104,0.0386559,0.0389743,0.0359185,0.0336892,0.0305752,0.0278103,0.0257232,0.0263062,0.0183248,0.0233465,0.0229442,0.0229526,0.0248992,0.0315105,0.0393383,0.0526116,0.0660878,0.087812
855.321,0.030949,0.0296355,0.031372,0.0340364,0.0281632,0.0262874,0.0245419,0.0204118,0.0175632,0.0191952,0.0209351,0.0209419,0.021465,0.0213112,0.0283831,0.0307515,0.0498684,0.0696133,0.083931
855.681,0.0348463,0.0369689,0.035318,0.0309809,0.026835,0.0326405,0.0303296,0.0284775,0.0229515,0.0244842,0.0215111,0.0219445,0.0196689,0.0233038,0.0287185,0.04153,0.0513255,0.0695263,0.0919198
856.042,0.0417688,0.0398468,0.0360104,0.0304874,0.0297385,0.0299952,0.028574,0.0264421,0.026711,0.0237026,0.0244174,0.0194089,0.0272209,0.0246008,0.031181,0.0392001,0.0522512,0.0757084,0.0946439
856.402,0.0356445,0.0360736,0.0278456,0.0323966,0.0315335,0.027956,0.024173,0.0279144,0.0227042,0.0213156,0.0205762,0.0155879,0.0204837,0.0223542,0.0268124,0.0333067,0.0503674,0.0654943,0.0927824
856.762,0.0423649,0.0385304,0.0332701,0.0368048,0.0354492,0.0272029,0.0310259,0.0281735,0.0221123,0.0255542,0.0261876,0.0295391,0.0241925,0.0355756,0.0265314,0.0424979,0.0586893,0.0724697,0.095034
857.122,0.0367568,0.04469,0.0376206,0.0420707,0.0370884,0.0296433,0.0274281,0.028101,0.0277057,0.0262505,0.028175,0.0271123,0.0265076,0.0270393,0.0350606,0.0362673,0.0538004,0.0702349,0.0910755
857.482,0.0390809,0.0361998,0.0342915,0.0350505,0.0342377,0.0247722,0.0233766,0.0234,0.0242928,0.0244515,0.0253937,0.0191728,0.0228017,0.0285627,0.0274201,0.0379188,0.049356,0.07092,0.0836064
857.842,0.0362579,0.0335246,0.0300586,0.0394395,0.0325895,0.0268452,0.0245735,0.0180999,0.0238701,0.0167016,0.0219855,0.0190404,0.0167385,0.0254006,0.0296538,0.0356641,0.053456,0.0707667,0.0831026
858.202,0.0338476,0.0359276,0.035457,0.032109,0.0280616,0.0271331,0.0272869,0.024983,0.0193389,0.0228575,0.02443,0.0230416,0.0226394,0.0264732,0.0333484,0.0386063,0.0513902,0.0661512,0.0920474
858.562,0.042251,0.0339759,0.0381696,0.0352477,0.0326225,0.0334372,0.0252225,0.0236403,0.0207587,0.0247081,0.0181309,0.0265509,0.0225346,0.0228494,0.0369546,0.0356835,0.0532274,0.0643608,0.090883
858.921,0.0334038,0.0315137,0.0351115,0.0280685,0.0295628,0.0298745,0.0272939,0.0192301,0.0268665,0.0247746,0.0191024,0.0204922,0.0214063,0.0242983,0.0289824,0.0373994,0.0495428,0.0710241,0.0843307
859.281,0.0326242,0.0303537,0.0327349,0.0325727,0.0278972,0.0238464,0.0284372,0.0254481,0.0204337,0.0202797,0.0174392,0.0164119,0.0195634,0.0203587,0.0209476,0.0327875,0.0472348,0.0699034,0.0864203
859.64,0.0451932,0.0419333,0.0354829,0.0367662,0.0397249,0.0357773,0.0257455,0.0306608,0.0298049,0.0243496,0.0224217,0.0263307,0.0229221,0.0257236,0.0313583,0.0432318,0.0532871,0.0769457,0.0925369
859.999,0.0324717,0.0320969,0.0310671,0.0271339,0.0225975,0.0239672,0.0207828,0.0263762,0.0169079,0.0155639,0.0141488,0.014451,0.0180258,0.0187686,0.0232427,0.0260543,0.044677,0.0579656,0.0892384
860.358,0.030825,0.0308349,0.0342586,0.0319958,0.0206322,0.019228,0.0176159,0.0177946,0.0161395,0.0146121,0.0118542,0.0196076,0.0148781,0.0207973,0.0210203,0.0320591,0.0435869,0.0657281,0.0823724
860.717,0.0301879,0.0315708,0.0316793,0.0277905,0.0243277,0.0251879,0.0242226,0.0222202,0.0241633,0.0186398,0.0180755,0.0211043,0.0182597,0.0222414,0.020584,0.0327554,0.0419538,0.0639306,0.0826413
861.076,0.0298312,0.036824,0.0369034,0.0345327,0.0284342,0.0297677,0.0246419,0.0237083,0.0216166,0.0253466,0.0186984,0.0190424,0.0207365,0.0240868,0.0255889,0.0278158,0.0461587,0.0655636,0.0961395
861.434,0.0411144,0.0380719,0.0351663,0.0345228,0.0334905,0.0289008,0.0283626,0.0268146,0.0216679,0.0215599,0.0230961,0.027832,0.0239153,0.0244643,0.032136,0.034665,0.0513706,0.071721,0.0817734
861.793,0.0275128,0.036134,0.0313757,0.0294018,0.0253078,0.0285995,0.0235206,0.0183262,0.0220856,0.0174308,0.0144676,0.0107015,0.0128817,0.0259283,0.0198418,0.0317256,0.0498973,0.0619353,0.0866211
862.151,0.0382806,0.0341165,0.0358751,0.0374907,0.0335776,0.028801,0.0265448,0.0218664,0.0284539,0.0233856,0.0262949,0.0180674,0.0173519,0.0256595,0.0294633,0.0392756,0.0531018,0.0675724,0.0885284
862.509,0.0392586,0.0415108,0.0352345,0.0379278,0.0334853,0.0316493,0.030282,0.032049,0.0328215,0.0256983,0.0233299,0.0238506,0.0210066,0.0302845,0.0279881,0.0373085,0.0502857,0.0746037,0.0937337
862.868,0.0400686,0.0358506,0.0360096,0.0304429,0.0305575,0.0280146,0.027955,0.0224648,0.0258182,0.0265407,0.0209292,0.0202401,0.0191208,0.023545,0.0281397,0.0369626,0.0490907,0.0636569,0.0923892
863.226,0.0339737,0.0399057,0.0370019,0.030521,0.0342198,0.0278019,0.0266104,0.0271277,0.0302382,0.0288107,0.024489,0.017791,0.0220426,0.0284329,0.026146,0.0398179,0.0472071,0.06876,0.0931547
863.583,0.0329954,0.0368229,0.039175,0.0368644,0.0283902,0.0275756,0.0250816,0.0258109,0.0237559,0.0251633,0.0238495,0.0192052,0.0221796,0.0250084,0.0306767,0.0425241,0.0521652,0.0662934,0.0913117
863.941,0.0356726,0.030017,0.0371357,0.0301628,0.0261547,0.0290121,0.0214364,0.0161688,0.0195649,0.0222627,0.0208318,0.0194954,0.0219316,0.025277,0.028516,0.0332287,0.0489502,0.0694547,0.0877039
864.299,0.0316442,0.0319551,0.0354338,0.0352409,0.03513,0.0300678,0.0192472,0.0220674,0.023998,0.0168646,0.0268774,0.0207652,0.0270248,0.0244244,0.031501,0.0367904,0.0562934,0.065846,0.0896183
864.656,0.0271047,0.0230645,0.0255634,0.0273617,0.0296498,0.0221057,0.0179978,0.0188092,0.014437,0.0167721,0.0154832,0.0115718,0.0204923,0.0207896,0.0254129,0.0359819,0.0440323,0.0639238,0.0836011
865.014,0.0321433,0.0311127,0.0326596,0.0214263,0.0181567,0.0212119,0.0255517,0.0176812,0.0211933,0.0191321,0.0199176,0.0163673,0.0170075,0.019952,0.0270469,0.0313297,0.0464374,0.0661264,0.0874271
865.371,0.0360434,0.035415,0.0358067,0.0338684,0.0273835,0.025738,0.0227074,0.0270843,0.022359,0.0256533,0.0230169,0.0199582,0.02253,0.0242026,0.0308437,0.033439,0.045352,0.066701,0.0871879
865.728,0.0352918,0.033014,0.0303749,0.0300126,0.0292575,0.0254417,0.0215168,0.018438,0.0232399,0.0241083,0.0208696,0.0193055,0.0271019,0.0214211,0.0355318,0.0366077,0.0469243,0.0668389,0.0800299
866.085,0.0424404,0.0389558,0.038517,0.0338129,0.0306771,0.0294736,0.0269755,0.02354,0.028087,0.020064,0.0207914,0.0177548,0.0254309,0.0253406,0.0277699,0.0373392,0.0506813,0.0686585,0.0908001
866.442,0.0349751,0.0335097,0.0319926,0.037275,0.0244159,0.0276679,0.0294662,0.0212443,0.0194723,0.0277293,0.0227421,0.0223518,0.0184768,0.0223946,0.028725,0.0353545,0.0512823,0.069795,0.0852078
866.799,0.0369398,0.0318061,0.0282717,0.0356047,0.031673,0.0272189,0.0248225,0.031655,0.0204403,0.0222105,0.0185702,0.0242393,0.0239326,0.0194161,0.0306683,0.0345664,0.0473861,0.0631719,0.0915127
867.155,0.036489,0.0381194,0.0351711,0.0292281,0.0263363,0.036282,0.0237783,0.0251247,0.0205154,0.0248301,0.0156898,0.0177803,0.0220101,0.0205133,0.0250567,0.0355498,0.0544278,0.0714859,0.0863613
867.512,0.0354533,0.0360191,0.0317262,0.0347174,0.030553,0.0304248,0.0282938,0.0301434,0.0280792,0.0163688,0.0161518,0.0158057,0.0197447,0.019275,0.0268827,0.028266,0.0533933,0.0698012,0.0927982
867.868,0.0299936,0.0301932,0.0279187,0.0299607,0.0235567,0.0201983,0.0233418,0.0252675,0.0232221,0.016425,0.0174736,0.0197494,0.0168409,0.0232009,0.0227635,0.0306001,0.0480969,0.0661576,0.0909306
868.225,0.0373113,0.0371467,0.0287311,0.0325612,0.0278191,0.0280083,0.0261876,0.0220243,0.0143281,0.014472,0.0172824,0.0236893,0.0251165,0.0207811,0.0288784,0.0340276,0.0509083,0.0661147,0.0841178
868.581,0.0379867,0.0345023,0.0346361,0.024563,0.0305631,0.0260626,0.0253324,0.0271928,0.0207272,0.0243242,0.0201512,0.0208694,0.0200029,0.0326116,0.0255594,0.0396098,0.0491679,0.0632872,0.0879935
868.937,0.0446897,0.0379818,0.0337188,0.0338691,0.0257894,0.0298165,0.027513,0.0313113,0.0276373,0.0240406,0.0200776,0.0252731,0.0226631,0.0257363,0.0282508,0.0486131,0.0516701,0.0684725,0.0995251
869.293,0.0376881,0.0348601,0.0369248,0.0251371,0.0232741,0.0369074,0.0219149,0.0265234,0.0222424,0.027981,0.0218749,0.0219693,0.0245265,0.0222602,0.028662,0.0361271,0.0470773,0.07365,0.0893301
869.648,0.0349102,0.0354227,0.0371826,0.0281246,0.0301701,0.027958,0.020852,0.0262509,0.0240686,0.0239632,0.0173308,0.0223426,0.0217794,0.0228984,0.0386269,0.0284647,0.049133,0.0754357,0.0843959
870.004,0.0353771,0.0330553,0.0394874,0.0354982,0.0330903,0.0314567,0.0270614,0.028487,0.0238938,0.0272584,0.0200746,0.021705,0.019782,0.0240558,0.0299195,0.035317,0.0448448,0.0615699,0.0837805
870.359,0.0415859,0.0383011,0.0369891,0.0367351,0.0331433,0.0310319,0.0299381,0.0241755,0.0289277,0.0263335,0.0244935,0.0253728,0.0269716,0.0309049,0.0393798,0.0422964,0.0534478,0.0717438,0.0984314
870.715,0.0409801,0.0356528,0.0397857,0.0382457,0.031046,0.0308454,0.0305944,0.0284591,0.0266849,0.0303316,0.0247085,0.0231984,0.0246947,0.0271403,0.0341933,0.038498,0.0533387,0.071459,0.0898448
871.07,0.0395753,0.041372,0.0333679,0.0317319,0.0329099,0.0269613,0.026581,0.0245917,0.0244108,0.0273682,0.0240753,0.026291,0.021019,0.0271532,0.0325241,0.0342634,0.0460242,0.0686678,0.0910841
871.425,0.0347537,0.0324587,0.0434384,0.0290375,0.0315906,0.0314416,0.0258032,0.0268435,0.0250076,0.0236197,0.0202975,0.0200545,0.0155364,0.0225201,0.0252801,0.0411931,0.0514142,0.0692593,0.0844137
871.78,0.0351608,0.0341328,0.0354521,0.03452,0.0293257,0.0293599,0.0276434,0.0214763,0.0257486,0.0168711,0.0256098,0.0211179,0.0216424,0.0257555,0.0308551,0.0363243,0.0482502,0.0688493,0.090254
872.135,0.0308007,0.0294414,0.0312415,0.0340681,0.030183,0.0249616,0.0280999,0.0222667,0.0190655,0.0172592,0.0154212,0.0205677,0.0198157,0.0193617,0.0286892,0.0361662,0.0499098,0.0737837,0.0867687
872.49,0.0367415,0.0335558,0.0379431,0.031648,0.0310996,0.0290862,0.0225446,0.030575,0.0243369,0.025077,0.0186579,0.0235885,0.0235467,0.0304846,0.0341866,0.0341785,0.0550541,0.0756229,0.0878014
872.844,0.0417771,0.0474945,0.0460448,0.0442333,0.0419824,0.0339687,0.0377795,0.0413118,0.0311048,0.0376221,0.0274386,0.0231705,0.0283216,0.0324994,0.0336202,0.042073,0.0546153,0.0777717,0.102259
873.199,0.038143,0.0317023,0.0395533,0.0365144,0.0231615,0.0322201,0.0309988,0.0302051,0.0199839,0.0265912,0.0223862,0.0164279,0.0250549,0.0201786,0.0330613,0.0364602,0.0508957,0.0688159,0.0915
873.553,0.0365742,0.0345923,0.0358406,0.0324618,0.0306942,0.0263482,0.0327177,0.0280731,0.026138,0.0237339,0.0236798,0.0236652,0.0251328,0.0277525,0.0253354,0.0396055,0.0506576,0.0738529,0.0986708
873.908,0.049204,0.0412461,0.0452306,0.0366536,0.0380392,0.0338231,0.0346175,0.0232057,0.0279534,0.0274457,0.034587,0.0226869,0.0220809,0.0322316,0.0416362,0.0431188,0.0472025,0.0808645,0.0975228
874.262,0.0359872,0.0297589,0.0292402,0.0227643,0.0270272,0.0300965,0.033609,0.0277364,0.0234108,0.0220005,0.0214772,0.0197592,0.0203413,0.0244535,0.0304969,0.0390352,0.051138,0.0708256,0.0936754
874.616,0.0406138,0.0429522,0.0406883,0.0405643,0.0378581,0.0278096,0.0311641,0.0274892,0.0272653,0.02701,0.023981,0.0270196,0.0211964,0.0290039,0.0294622,0.0453349,0.0509272,0.0718627,0.0889498
874.97,0.0353711,0.036108,0.0347508,0.0358607,0.031838,0.0332027,0.0284312,0.0280052,0.0253771,0.0210392,0.0193472,0.0182531,0.0266009,0.0293508,0.0260305,0.0401973,0.0471791,0.0706692,0.0888522
875.323,0.0315157,0.0362474,0.0360799,0.0364193,0.0255184,0.0307454,0.0244099,0.0224913,0.0271496,0.0197583,0.0268749,0.0219141,0.0213471,0.0281812,0.0289012,0.048985,0.0490541,0.0690663,0.0897811
875.677,0.0440685,0.0322385,0.0300944,0.0367119,0.0376904,0.0256499,0.0383158,0.0227481,0.0235406,0.0197389,0.0151485,0.0214202,0.0212939,0.0311433,0.0281456,0.0377639,0.0525018,0.0626841,0.0916975
876.031,0.0273361,0.030226,0.0297072,0.026652,0.0225702,0.018188,0.0217132,0.0107332,0.0186057,0.0116867,0.0123054,0.0179488,0.0199963,0.0174035,0.0270938,0.0333997,0.0456991,0.0667206,0.0849602
876.384,0.0416564,0.0407244,0.0372182,0.0386962,0.0264175,0.0354878,0.0331903,0.0268935,0.029931,0.0217171,0.0259185,0.0211215,0.0310544,0.0292772,0.0322291,0.039266,0.0578218,0.075087,0.0897562
876.737,0.0335508,0.0405706,0.0414997,0.0395922,0.0374396,0.0311032,0.03027,0.0288893,0.0262892,0.036179,0.0222419,0.0246122,0.025238,0.0266207,0.0330821,0.0435369,0.0530184,0.0702518,0.0910947
877.09,0.0344741,0.0368882,0.0332362,0.0360212,0.036774,0.0275322,0.0334104,0.0301576,0.0272046,0.0218372,0.0287137,0.0256665,0.0272954,0.0265577,0.0230003,0.0428557,0.0581087,0.0753369,0.0958502
877.443,0.0198975,0.0276353,0.0262379,0.0275201,0.0289329,0.0224677,0.0153306,0.020016,0.0251435,0.0152153,0.0150639,0.0133352,0.0197064,0.0160083,0.0252751,0.028159,0.0496272,0.0613064,0.0856284
877.796,0.0270857,0.0354593,0.0351173,0.0282663,0.0273424,0.0257157,0.0226398,0.0204869,0.022215,0.0130841,0.0195761,0.0140634,0.024719,0.0197086,0.0287781,0.0334274,0.0549924,0.0666693,0.0836562
878.149,0.034528,0.0341475,0.0307428,0.0295715,0.0291839,0.0263054,0.0225899,0.0288381,0.017629,0.0175741,0.020394,0.0112094,0.0174603,0.022216,0.0347652,0.0315463,0.0443343,0.0658991,0.0913417
878.501,0.0258954,0.032657,0.0408176,0.0320173,0.0274613,0.0341031,0.0257342,0.0125871,0.0138544,0.0182842,0.0163962,0.0217248,0.0181391,0.01524,0.021984,0.0371252,0.0514731,0.0663158,0.0932086
878.854,0.0349056,0.0348589,0.0350932,0.0325783,0.033467,0.028913,0.0203817,0.0258242,0.0227734,0.0265774,0.0228759,0.0215635,0.0258322,0.0198834,0.024238,0.0368405,0.0566293,0.0663171,0.0871339
879.206,0.042542,0.0416871,0.046109,0.0420251,0.0326924,0.0391358,0.0336714,0.0346901,0.0345133,0.0360512,0.0294557,0.0259073,0.0317494,0.0313841,0.035686,0.0427044,0.0480061,0.080558,0.0993828
879.559,0.035846,0.0303044,0.0395092,0.0332388,0.0316351,0.0291542,0.0237963,0.0257874,0.0199495,0.0152328,0.0193134,0.0219254,0.0223566,0.0197193,0.0251574,0.0377225,0.0470594,0.0724375,0.0896191
879.911,0.0362144,0.0337041,0.0373755,0.0328082,0.029685,0.0232754,0.0275157,0.0237375,0.0208274,0.0166293,0.0224901,0.0183091,0.0247583,0.0187808,0.0300579,0.030235,0.0446951,0.0687963,0.0884991
880.263,0.0367795,0.0325799,0.0368514,0.0346852,0.0297165,0.0278848,0.0252101,0.0299358,0.0206185,0.0208395,0.0189978,0.0139407,0.0204885,0.0219623,0.0266474,0.0332073,0.0480688,0.0739191,0.0874097
880.615,0.031632,0.0424051,0.0274759,0.0333709,0.0291304,0.025642,0.0255476,0.031224,0.0199201,0.0194989,0.0208772,0.0179471,0.02931,0.0248922,0.023089,0.0366643,0.046956,0.0816138,0.0909786
880.966,0.0242875,0.0295122,0.0315383,0.0260196,0.0223828,0.0291225,0.0210417,0.0195806,0.0156156,0.0158666,0.0135935,0.020347,0.0158413,0.0201561,0.022022,0.0341579,0.0461542,0.0627065,0.085604
881.318,0.0398948,0.0368171,0.0308854,0.0292206,0.03497,0.0324467,0.0268797,0.0269382,0.0147175,0.0252743,0.0180392,0.0217574,0.0163812,0.0264982,0.0225628,0.0381254,0.0467823,0.0776105,0.0891381
881.669,0.0369586,0.0330943,0.0400733,0.0299376,0.0326467,0.0307842,0.0278166,0.0292748,0.0297826,0.024266,0.0284635,0.0210796,0.0250088,0.0264486,0.033253,0.032762,0.0555471,0.0737359,0.0862299
882.021,0.0407597,0.0317609,0.0300677,0.0269164,0.0271578,0.0254347,0.0225031,0.0226134,0.0224424,0.0184247,0.0166248,0.0199546,0.0193852,0.0225199,0.0325159,0.0346368,0.0406133,0.0684643,0.0820302
882.372,0.0352331,0.0355926,0.0369367,0.0278616,0.0312063,0.026618,0.02586,0.0239383,0.026665,0.023126,0.0270012,0.0282793,0.0272956,0.0322132,0.0346439,0.0345753,0.0527929,0.0740738,0.0872416
882.723,0.0322413,0.0332845,0.0309811,0.0338715,0.0215983,0.0302746,0.0229807,0.0281566,0.0235245,0.0196965,0.0247495,0.0187861,0.019687,0.0206802,0.0279427,0.0324558,0.0510591,0.0763141,0.086401
883.074,0.0413823,0.0339223,0.0411605,0.034507,0.0325642,0.0336692,0.0284602,0.0268327,0.0242136,0.0236878,0.017704,0.0130893,0.0275618,0.030944,0.0302938,0.0304562,0.0510553,0.0808025,0.0891351
883.425,0.0318438,0.0354763,0.0341296,0.0285094,0.034965,0.0312556,0.0282157,0.0243199,0.0206999,0.0215996,0.0199733,0.0231143,0.020362,0.0216231,0.0282524,0.034812,0.0475211,0.0630566,0.087739
883.776,0.0383359,0.0463469,0.0326627,0.0294187,0.0322639,0.0361753,0.0265074,0.0275929,0.0287227,0.0209005,0.0217657,0.0317476,0.0236373,0.0236514,0.0339056,0.0361209,0.0493587,0.0805056,0.0904961
884.126,0.0310041,0.0279972,0.0280842,0.0245718,0.0189174,0.023106,0.016027,0.0160533,0.0171509,0.0141889,0.0134221,0.00993105,0.011889,0.0160647,0.0188926,0.026359,0.0473316,0.0665349,0.0746919
884.477,0.0295882,0.0339019,0.0314502,0.0270685,0.0349292,0.0286106,0.0289713,0.0236972,0.0200399,0.0212165,0.0224879,0.0209792,0.0274264,0.0212723,0.0191946,0.0350072,0.0492344,0.0712175,0.0891655
884.827,0.0317741,0.0395395,0.0480557,0.0262993,0.0324992,0.0297261,0.0233649,0.0179024,0.0213406,0.0197876,0.0198722,0.0206939,0.0283685,0.0287018,0.0282233,0.0349,0.0501356,0.0681899,0.0954963
885.177,0.044078,0.0429368,0.0346161,0.0383556,0.0368754,0.0348077,0.0273574,0.0248595,0.0226953,0.0333429,0.0270142,0.0278294,0.0272937,0.0272131,0.0367792,0.0369106,0.0521463,0.0883337,0.0921968
885.528,0.0316733,0.0344336,0.0295301,0.0298703,0.0332747,0.0235628,0.0231387,0.0257817,0.0224041,0.0259811,0.0152433,0.0252019,0.0206513,0.0234037,0.0210618,0.0274793,0.0401215,0.0683371,0.0888896
885.878,0.0402909,0.0384296,0.0379398,0.0387124,0.0415006,0.0362823,0.032535,0.033274,0.0223194,0.0271434,0.0285272,0.0358577,0.0300605,0.0289153,0.0360249,0.0342557,0.0542319,0.0783731,0.0958255
886.227,0.0438707,0.0397341,0.0378327,0.0380203,0.0329053,0.0220709,0.0292388,0.0302752,0.0215812,0.0164004,0.0243025,0.024284,0.0251795,0.0332801,0.0273222,0.0305482,0.0475553,0.069056,0.0890642
886.577,0.0418785,0.0496502,0.0392463,0.0404824,0.0349014,0.0331738,0.0334875,0.0289014,0.0213908,0.0225454,0.0302456,0.0311578,0.0292339,0.02464,0.0309033,0.0420112,0.0592464,0.0765955,0.0900363
886.927,0.0442735,0.0422512,0.033803,0.0384132,0.0385914,0.0350777,0.0315129,0.0316397,0.0301292,0.0304435,0.0272331,0.0256488,0.0260741,0.033188,0.0391083,0.0362883,0.0582287,0.0781949,0.109913
887.276,0.0399615,0.0434618,0.0381116,0.0398191,0.0354531,0.0367968,0.0338799,0.0310063,0.0339936,0.0330548,0.0284063,0.0282009,0.0295303,0.0339149,0.0401427,0.0432016,0.059208,0.0714473,0.0973462
887.626,0.0332256,0.0246507,0.0354129,0.0281185,0.0284974,0.0149748,0.0201848,0.0205447,0.0184057,0.0136169,0.0182935,0.0179675,0.0137129,0.0262257,0.0175711,0.0342116,0.0406994,0.0708628,0.092956
887.975,0.0347177,0.024612,0.0180086,0.0247865,0.0112688,0.0152334,0.0156239,0.0217994,0.0111475,0.0120381,0.0209914,0.0138467,0.0162291,0.0162489,0.018016,0.0311991,0.0434626,0.0591306,0.0904583
888.324,0.046368,0.0362858,0.0341133,0.0387952,0.0413051,0.0308673,0.029686,0.0243819,0.0262515,0.0253718,0.0283946,0.0306532,0.0229799,0.0317838,0.0323937,0.0390411,0.0501094,0.0841169,0.0947157
888.673,0.0396084,0.0260316,0.0353153,0.0358322,0.0309886,0.0295859,0.0308146,0.0245206,0.019219,0.0276553,0.0252595,0.0233176,0.0219709,0.0276755,0.0324318,0.0463703,0.0531941,0.0747269,0.092657
889.022,0.0449663,0.0392863,0.0438629,0.0297302,0.0284775,0.0255524,0.0261946,0.0260219,0.0345566,0.0208226,0.02517,0.0168746,0.0194854,0.0245356,0.0325831,0.0375306,0.0513295,0.0687193,0.098274
889.37,0.0250968,0.0323485,0.0302382,0.0216747,0.0343758,0.0239203,0.0231735,0.021527,0.0202046,0.0207085,0.0197601,0.0158893,0.0108237,0.0175583,0.0222347,0.0305496,0.0472172,0.0672916,0.0847646
889.719,0.028218,0.0233812,0.0229282,0.0283597,0.0292211,0.0317757,0.0132719,0.0136262,0.0202173,0.022606,0.0167805,0.0180541,0.0154547,0.0247841,0.0262106,0.0289358,0.0415079,0.0587771,0.0827587
890.068,0.0262712,0.0332193,0.0365586,0.0236477,0.0241145,0.0301031,0.0181469,0.0169833,0.0148455,0.0174289,0.0171833,0.0188022,0.0176187,0.0220144,0.0259088,0.03744,0.0489847,0.0617037,0.0810087
890.416,0.0294772,0.0373461,0.0343226,0.0363623,0.0195926,0.0296661,0.0290026,0.0230526,0.0229617,0.027341,0.0262788,0.0239167,0.0256031,0.0246242,0.0269129,0.0427925,0.0506706,0.0668332,0.0917386
890.764,0.0452978,0.0360899,0.0379247,0.046184,0.029767,0.0308029,0.029115,0.0295525,0.0237758,0.0204999,0.0257524,0.0283569,0.026583,0.0284137,0.0289857,0.0482793,0.0498256,0.0721208,0.0905015
891.112,0.0355578,0.0345532,0.0309475,0.0329246,0.034231,0.0313335,0.0237088,0.0235634,0.0239453,0.018197,0.0123906,0.0224291,0.0156058,0.0148711,0.0322102,0.040877,0.0507792,0.0687535,0.0885594
891.46,0.0371849,0.0439134,0.0354654,0.0364502,0.0384579,0.0307368,0.0319564,0.0342749,0.0247788,0.0218917,0.0206527,0.027644,0.0125352,0.0350217,0.0361993,0.0292672,0.0525539,0.0677612,0.0941463
891.808,0.0458931,0.037781,0.0401742,0.035777,0.0354288,0.0325643,0.0283238,0.0292191,0.027363,0.0217391,0.0250046,0.0314348,0.0266142,0.0263028,0.0371055,0.0472363,0.0514922,0.072614,0.0897907
892.156,0.0460625,0.0407904,0.0254704,0.0334143,0.0404624,0.0369474,0.0259152,0.0315654,0.0217659,0.029376,0.0339417,0.0216859,0.0236375,0.0256076,0.0287879,0.0383436,0.0533986,0.081095,0.0970353
892.503,0.036022,0.0298748,0.0318811,0.0355811,0.0333154,0.0252973,0.0250899,0.0192024,0.0220646,0.0180417,0.0203494,0.0181896,0.0263416,0.0265694,0.0359711,0.0342058,0.0462073,0.0771328,0.0909778
892.851,0.0374464,0.0306099,0.0359043,0.0362841,0.0301771,0.0351289,0.0259446,0.0281033,0.0226971,0.0206544,0.0258166,0.0238261,0.0244138,0.0273031,0.0342769,0.0300229,0.0481511,0.0750914,0.082058
893.198,0.0309173,0.040463,0.0367136,0.0270931,0.0356433,0.0230165,0.024126,0.0170396,0.0242393,0.0223421,0.0187364,0.0217019,0.0147094,0.0306544,0.027063,0.036054,0.0520433,0.0744121,0.0874172
893.545,0.0414007,0.0390451,0.0454836,0.03354,0.0401636,0.0341476,0.0221741,0.0263263,0.0261147,0.0308204,0.0197274,0.0269076,0.0150966,0.0280867,0.0254236,0.0351464,0.0556215,0.0686249,0.0868072
893.892,0.0273199,0.0353705,0.0301451,0.031068,0.0337468,0.0315141,0.0240491,0.0153196,0.0234769,0.0213264,0.024592,0.0174418,0.016089,0.0275523,0.0335482,0.0345635,0.0476446,0.0667492,0.0768307
894.239,0.039833,0.0411649,0.0427851,0.0357335,0.0390578,0.0294789,0.0354985,0.0333269,0.0285457,0.0397477,0.0301725,0.0264411,0.0322177,0.0348221,0.0412385,0.0489884,0.0647648,0.0823088,0.104153
894.586,0.0386705,0.0384344,0.0468668,0.0340985,0.0379055,0.0327228,0.0333316,0.0333098,0.028219,0.0349157,0.0271758,0.0316994,0.0352009,0.0282808,0.0385929,0.0447082,0.0500027,0.0809537,0.105238
894.933,0.0474444,0.0469328,0.0369192,0.0412885,0.0402772,0.0385467,0.0292085,0.035732,0.0324286,0.0218454,0.0237835,0.033475,0.0369187,0.0307265,0.0469624,0.0526306,0.0500651,0.078101,0.0894894
895.28,0.0453314,0.0420998,0.0362709,0.0368862,0.0391573,0.0356464,0.0261747,0.0264233,0.0226799,0.02475,0.0298025,0.0246339,0.0171117,0.0260997,0.0345631,0.0442458,0.0515166,0.0717597,0.0838013
895.626,0.0226287,0.0296089,0.0239631,0.0290579,0.0190901,0.024399,0.0210419,0.026534,0.0183504,0.0212443,0.0144999,0.00890764,0.0180567,0.0241103,0.0161554,0.0247085,0.0409371,0.0700693,0.0827266
895.972,0.0530505,0.0429107,0.0471419,0.0399239,0.0390737,0.0444724,0.0410313,0.0346314,0.0284985,0.0264932,0.0288753,0.0325774,0.0305266,0.028268,0.0440829,0.0426383,0.0657794,0.0857091,0.100296
896.319,0.033,0.0307643,0.0254425,0.0253171,0.0217522,0.0197409,0.0258631,0.0201185,0.0170883,0.0179542,0.0132819,0.01336,0.0230232,0.0161591,0.0276281,0.0393754,0.0409544,0.0648803,0.0801859
896.665,0.0280419,0.02762,0.0266169,0.0198714,0.0265265,0.0161466,0.0254834,0.0149001,0.0127398,0.0140425,0.0141783,0.0104977,0.0178337,0.0109343,0.0257822,0.0332512,0.0407012,0.0664381,0.0789962
897.011,0.0429622,0.0343913,0.0316509,0.036376,0.0324046,0.0332884,0.0186123,0.0207346,0.0249347,0.0179,0.0252443,0.0258622,0.0143777,0.0255573,0.0267356,0.0384531,0.0466618,0.0636684,0.0894144
897.356,0.0346062,0.0393054,0.0347005,0.0280553,0.0367186,0.0262235,0.0293842,0.0260745,0.0209437,0.0263695,0.0187668,0.0276641,0.0173036,0.0247598,0.0358466,0.0345703,0.0542448,0.0754633,0.0840496
897.702,0.0314566,0.0295313,0.0323207,0.0336967,0.0330239,0.0207237,0.0292433,0.0168907,0.0197807,0.0169667,0.0184055,0.0163588,0.0230814,0.0193017,0.0296242,0.0356956,0.043628,0.0601738,0.0817538
898.048,0.0319213,0.0391835,0.0356443,0.0362048,0.029805,0.0257833,0.0217501,0.0291574,0.025211,0.0191519,0.0209356,0.0253656,0.0208382,0.0183233,0.0299191,0.0432506,0.0499217,0.0722208,0.0831423
898.393,0.0417975,0.0407236,0.039581,0.0373704,0.0332195,0.0377406,0.0322631,0.0329742,0.0332799,0.0282967,0.034008,0.0272131,0.0226602,0.0365787,0.0324037,0.0457788,0.0552453,0.0819125,0.0965005
898.738,0.0402415,0.0392403,0.0362976,0.0353905,0.0340115,0.0320324,0.0345062,0.0239422,0.0183226,0.0162135,0.021959,0.0223793,0.0199867,0.0266216,0.026185,0.0341251,0.0580996,0.0722131,0.103588
899.084,0.0286244,0.0365524,0.0428314,0.038646,0.0240061,0.0309245,0.0302485,0.030798,0.0167168,0.0253174,0.0158812,0.0280304,0.028763,0.0176878,0.0246655,0.0410145,0.0569642,0.0766855,0.0967385
899.429,0.0364169,0.0342303,0.0301553,0.0354836,0.0304146,0.0223598,0.0229201,0.014379,0.0244819,0.0136096,0.0246333,0.0195235,0.0299477,0.0312561,0.0266479,0.0437766,0.050836,0.0690058,0.0864785
899.774,0.0399827,0.0417846,0.0381219,0.0373449,0.0383815,0.0326498,0.0335412,0.0288309,0.0237801,0.0326413,0.0350474,0.0291384,0.0322596,0.0328099,0.0405229,0.0401875,0.0545537,0.0740651,0.0995329
900.119,0.0423903,0.0272522,0.0401721,0.0356886,0.0353644,0.0269057,0.0230937,0.0312269,0.0186596,0.0218543,0.022277,0.0224664,0.0292217,0.0257238,0.0377898,0.0361769,0.0539014,0.080291,0.101752
900.463,0.044741,0.0335206,0.035324,0.0386166,0.0320449,0.0285167,0.0414,0.0342858,0.0345882,0.028587,0.0281004,0.0339405,0.0275954,0.0339749,0.0364807,0.0488949,0.0612325,0.0843767,0.0842921
900.808,0.0343551,0.0429536,0.033968,0.0310363,0.0263234,0.0235212,0.0286392,0.0259257,0.0275786,0.0294846,0.0217829,0.0214098,0.0306986,0.0207558,0.0225359,0.035633,0.0539367,0.0775384,0.0891973
901.152,0.041617,0.0248331,0.0358243,0.0334978,0.0288799,0.0167149,0.00888304,0.0263871,0.0113418,0.00836476,0.0237278,0.0257963,0.0255642,0.0254143,0.0176183,0.0247045,0.0414473,0.0638679,0.0916577
901.497,0.0269251,0.0214478,0.031286,0.025734,0.0197313,0.0132287,0.0210408,0.0140039,0.0149667,0.00276239,0.00671852,0,0.0111779,0.014224,0.0144445,0.0266854,0.0482881,0.0560173,0.0793029
901.841,0.0371561,0.0390758,0.0319254,0.0256265,0.0346913,0.026396,0.0325484,0.0274669,0.0227216,0.0184065,0.0226229,0.0267473,0.025144,0.0174405,0.0286645,0.0357484,0.0553977,0.0710796,0.0851929
902.185,0.0504113,0.0508451,0.0463159,0.042808,0.0404004,0.0294446,0.0400736,0.0317326,0.0334282,0.0318547,0.0285475,0.0340573,0.0295221,0.0321194,0.0354696,0.0530824,0.0530104,0.0893699,0.0902924
902.529,0.0455475,0.0485876,0.0362019,0.0444393,0.0353588,0.0355925,0.0295566,0.0292233,0.0225187,0.0243298,0.0305801,0.0232964,0.0253708,0.0246246,0.039656,0.0462309,0.0612194,0.077198,0.0934853
902.873,0.0437717,0.0343877,0.036254,0.0404818,0.0330325,0.0331599,0.0225921,0.0288791,0.031673,0.0166439,0.0318825,0.0244292,0.0215278,0.0349927,0.0416833,0.0456209,0.0446358,0.0798859,0.0872669
903.216,0.0334491,0.0342604,0.0302242,0.0275275,0.0364585,0.0375886,0.0230704,0.0293364,0.0211763,0.02153,0.0196966,0.022707,0.0195512,0.0138009,0.0327685,0.0350199,0.0422089,0.0711022,0.0827476
903.56,0.0294857,0.0319151,0.0269876,0.0271302,0.026694,0.0206324,0.0290956,0.0247317,0.0185051,0.0216493,0.0147412,0.0191723,0.00805704,0.0288468,0.0244432,0.034013,0.0464308,0.0731952,0.0730021
903.903,0.0364861,0.0460412,0.0330466,0.030435,0.0433566,0.0232904,0.0345957,0.0219118,0.029202,0.0274677,0.0260057,0.0298618,0.0261829,0.0231848,0.0287789,0.0384661,0.054597,0.0692028,0.0862215
904.247,0.0441942,0.039333,0.0327502,0.0274341,0.0268081,0.0303043,0.0230598,0.032937,0.0191239,0.0313853,0.0134639,0.024114,0.0225917,0.0120191,0.0288545,0.0480187,0.047024,0.0817758,0.0922755
904.59,0.0283881,0.0428496,0.0374335,0.0135361,0.0303631,0.0261642,0.0299664,0.0192703,0.029799,0.0239439,0.0171738,0.0168544,0.0246225,0.0239494,0.0336483,0.0398172,0.0425923,0.072449,0.0906499
904.933,0.0422342,0.0454207,0.0425706,0.0315993,0.0278542,0.0315634,0.0306892,0.0228003,0.0305496,0.0303411,0.0190348,0.0240174,0.0299176,0.0234112,0.0319659,0.0327161,0.0594612,0.0676943,0.0910715
905.276,0.0447682,0.0385629,0.0419431,0.0514526,0.0268983,0.0271714,0.0348568,0.0346737,0.0331056,0.0274885,0.0318028,0.0364269,0.0284141,0.0278903,0.0413951,0.039162,0.0607416,0.0778992,0.0968582
905.619,0.0430003,0.0478233,0.0301322,0.0392774,0.0333656,0.0317259,0.024131,0.0231535,0.0273182,0.0299139,0.0226044,0.0280771,0.0277515,0.0333742,0.028911,0.0358792,0.0574818,0.0736494,0.0902365
905.961,0.0264878,0.0275514,0.0259731,0.0294198,0.032877,0.0321034,0.0171781,0.0139599,0.0261286,0.0204084,0.0187902,0.0266892,0.0285284,0.0262215,0.0272861,0.0256859,0.0561789,0.0720505,0.101692
906.304,0.0322497,0.0437919,0.0397229,0.0373921,0.0365494,0.0405564,0.0331022,0.0266073,0.0226029,0.0221095,0.0301497,0.0162353,0.0307994,0.0195467,0.0269157,0.043859,0.0513383,0.0742625,0.0976924
906.646,0.0367865,0.0313246,0.045776,0.0372103,0.042287,0.0408134,0.0248756,0.0271508,0.0246058,0.0230545,0.0215591,0.0282322,0.026172,0.0190113,0.0339152,0.0436077,0.0503811,0.0716967,0.089427
906.988,0.0315266,0.0242045,0.0306641,0.01976,0.0243624,0.0311968,0.0261533,0.0224626,0.0176003,0.00993957,0.0226342,0.0197103,0.0220809,0.0242476,0.030215,0.0302444,0.0471335,0.0703938,0.0939453
907.331,0.0364058,0.0342834,0.0297479,0.0262758,0.0232107,0.0311562,0.0354513,0.0299173,0.0256441,0.0295281,0.0156621,0.016235,0.0237851,0.0369917,0.032758,0.0311392,0.0513206,0.077008,0.0935801
907.673,0.0264257,0.0355162,0.0255195,0.0321183,0.0308161,0.028926,0.021217,0.0278581,0.0206108,0.0275814,0.0174351,0.017406,0.0141793,0.025595,0.0277862,0.0380257,0.0545382,0.0687559,0.0855827
908.015,0.0336386,0.0441776,0.0331464,0.035258,0.0426296,0.0350242,0.0360089,0.0326268,0.0199189,0.0248295,0.0347792,0.0133437,0.0271892,0.0332367,0.0367214,0.0357801,0.0578258,0.0621598,0.0824952
908.356,0.0347204,0.0377929,0.0395315,0.0405984,0.032012,0.0350352,0.0300191,0.0310514,0.0305755,0.0340463,0.0238611,0.0236759,0.0295437,0.0348527,0.0345025,0.0385627,0.0604799,0.0664883,0.0851889
908.698,0.0407479,0.0425355,0.0270138,0.0357892,0.0296904,0.0250664,0.0218459,0.0208,0.0200275,0.0210457,0.0258224,0.0295709,0.020917,0.0248752,0.030967,0.0320715,0.0464602,0.0603085,0.0875858
909.04,0.0415669,0.0308513,0.0223669,0.032436,0.0326042,0.0171341,0.0289063,0.0163276,0.0226862,0.0219697,0.0252559,0.0141203,0.0149257,0.0244528,0.0307627,0.0322998,0.0553216,0.0662963,0.0935868
909.381,0.0348736,0.04266,0.0324066,0.0251771,0.0288938,0.0281367,0.0292484,0.0249452,0.0343915,0.0301624,0.0305413,0.023276,0.0282562,0.0332093,0.0411813,0.0341101,0.0452196,0.0707725,0.0791384
909.722,0.025442,0.0312263,0.0297832,0.0243823,0.0404596,0.0337683,0.0176675,0.0169852,0.0168458,0.0244438,0.0186162,0.0310981,0.0144572,0.0223082,0.0363506,0.0396793,0.0556171,0.0666476,0.0931867
910.063,0.0301717,0.0212704,0.026451,0.0228559,0.0237089,0.0162898,0.0263519,0.0126572,0.0149281,0.0197614,0.0300403,0.0138715,0.0143762,0.025165,0.0234156,0.0392213,0.0358163,0.0624334,0.0766345
910.405,0.0471695,0.0359184,0.0280102,0.0233353,0.021517,0.0227703,0.0165094,0.0197628,0.0283372,0.0157097,0.0193136,0.0184212,0.0242175,0.0261664,0.0332132,0.0399322,0.0518453,0.0676513,0.0777781
910.745,0.0295392,0.0258527,0.0303848,0.0273709,0.0336307,0.0150636,0.0216024,0.0328737,0.0148516,0.0218146,0.0152828,0.0161574,0.0127644,0.0211045,0.0266841,0.0232108,0.046325,0.0758073,0.0939194
911.086,0.0470467,0.0490097,0.0431439,0.0413705,0.0395776,0.0349114,0.0367391,0.0307704,0.032071,0.0272913,0.0268031,0.0358673,0.0236353,0.0310633,0.0255108,0.0435987,0.0522853,0.0783542,0.110832
911.427,0.0458287,0.0290623,0.0292231,0.0319573,0.0265942,0.0216581,0.00978386,0.0186968,0.0161218,0.00991972,0.0153229,0.0137256,0.0109587,0.0234744,0.0261098,0.0176608,0.0365583,0.0670778,0.0853114
911.767,0.0459339,0.0391255,0.0418844,0.039706,0.0298837,0.0430046,0.0316557,0.0168374,0.0256503,0.0385811,0.0306528,0.0193624,0.0326898,0.0328635,0.0334264,0.0366716,0.0605486,0.0857147,0.0936274
912.108,0.0344015,0.0423524,0.0338414,0.0282304,0.0304821,0.0131404,0.0202194,0.0288239,0.0246172,0.0244235,0.0145265,0.0155967,0.0240531,0.0329035,0.0245208,0.0447334,0.0584743,0.0654572,0.0929428
912.448,0.0319539,0.0350898,0.0278725,0.0371697,0.0340815,0.0277605,0.0299698,0.0280506,0.0303074,0.0152688,0.0216497,0.019421,0.0254081,0.0266555,0.0300237,0.025886,0.0524224,0.0630699,0.0959919
912.788,0.043558,0.0400486,0.0443536,0.0375747,0.0382348,0.0404781,0.035533,0.0412882,0.0340771,0.0324854,0.0348294,0.0273224,0.0268843,0.0392385,0.0362805,0.0344645,0.0542751,0.0745318,0.104565
913.128,0.0300286,0.0295185,0.0333173,0.0305383,0.0371472,0.0224558,0.0281532,0.0253122,0.0262784,0.0198034,0.0113525,0.0270914,0.0187204,0.0243366,0.0326633,0.0417462,0.0476048,0.0652963,0.0866631
913.468,0.0312068,0.0374009,0.0338262,0.0261844,0.0308204,0.033004,0.0292338,0.0198162,0.0258822,0.0127157,0.0177815,0.0176839,0.0273317,0.0236128,0.0359695,0.0391817,0.0528052,0.0766759,0.101253
913.808,0.0376419,0.0395771,0.0430955,0.0378838,0.0245222,0.0345612,0.0316025,0.0292928,0.0214983,0.0185243,0.0186744,0.0307291,0.026193,0.0317972,0.0287639,0.0309659,0.0473426,0.0760667,0.0961306
914.148,0.0465157,0.0360416,0.0239133,0.0495023,0.0375879,0.0309593,0.0241876,0.0272899,0.0287485,0.0287098,0.0380816,0.0318369,0.0246126,0.034266,0.0284258,0.032327,0.0677226,0.0707934,0.0981871
914.487,0.0279186,0.0262509,0.0226086,0.0281277,0.022316,0.030114,0.0246853,0.0186984,0.0166297,0.0188513,0.0162885,0.0110629,0.0206237,0.0088104,0.0164548,0.0268335,0.0475973,0.072154,0.0847859
914.826,0.037245,0.0295173,0.0464062,0.0306003,0.0304338,0.0393763,0.0304503,0.03082,0.0334668,0.0204719,0.0273069,0.0246663,0.0276517,0.0320481,0.0272194,0.0435803,0.0640559,0.0758574,0.0893397
915.166,0.0354776,0.0354002,0.0416254,0.031171,0.0378837,0.0364104,0.0258486,0.0229148,0.0251259,0.0109587,0.0243621,0.0193847,0.0310417,0.0330045,0.0274165,0.0433293,0.0520321,0.0761155,0.0903097
915.505,0.0371104,0.0367058,0.0434299,0.0403829,0.0336873,0.0273723,0.0304867,0.028992,0.0287648,0.0267188,0.0204911,0.0210195,0.0268906,0.0323635,0.0431824,0.0290258,0.0576947,0.0690666,0.0955263
915.844,0.0464679,0.044078,0.0355964,0.0436323,0.0360322,0.0418873,0.0393645,0.0393761,0.0351699,0.0369157,0.0338499,0.0286445,0.0290684,0.0364616,0.046166,0.0443608,0.0632732,0.0839317,0.103637
916.183,0.0336265,0.0269254,0.0271763,0.0255618,0.0246474,0.0179924,0.0172379,0.0151554,0.0163884,0.0163491,0.00855534,0.00879079,0.0181133,0.0220445,0.0230604,0.0355255,0.0450655,0.0640734,0.0861862
916.522,0.0265784,0.0343764,0.0374988,0.0349655,0.0299532,0.0263628,0.0259518,0.0165092,0.0407058,0.0205483,0.0193705,0.0219944,0.0295321,0.0261329,0.0199536,0.0444651,0.0545984,0.0706108,0.0936965
916.86,0.0390385,0.0410513,0.0546604,0.031807,0.0364805,0.0251064,0.0279927,0.0290315,0.0339909,0.0222303,0.0275624,0.0351881,0.0350194,0.0250704,0.0364718,0.0423998,0.0504662,0.0830589,0.0926752
917.199,0.0280339,0.0341715,0.0310634,0.0158003,0.0270465,0.0304087,0.0225312,0.0197289,0.0255244,0.0184714,0.0236788,0.025106,0.0290429,0.0222324,0.0185473,0.0315571,0.0406445,0.0600901,0.0906327
917.537,0.0352527,0.0317501,0.0291577,0.0233443,0.0207822,0.0259347,0.0292055,0.0216688,0.0135051,0.0171959,0.0328341,0.0229142,0.0181901,0.0240495,0.0329692,0.0382865,0.048765,0.0678545,0.0989576
917.875,0.0407107,0.0479857,0.0219102,0.0343776,0.0324696,0.0250762,0.0214446,0.0246961,0.0167368,0.00692482,0.0294964,0.0288704,0.0212151,0.029402,0.0305026,0.0324879,0.0543206,0.066759,0.0809652
918.213,0.037239,0.0502071,0.0468124,0.0395381,0.0410489,0.0288894,0.0255851,0.0213932,0.0316757,0.0157882,0.0217485,0.0174266,0.0209428,0.0305366,0.0357303,0.0349571,0.0506326,0.0747538,0.0836219
918.551,0.0491254,0.0275652,0.0410399,0.0479873,0.0354719,0.0297972,0.0295176,0.0347219,0.0382686,0.025091,0.0269928,0.0277315,0.0173817,0.0369993,0.0326753,0.0412012,0.0576954,0.0694018,0.0966258
918.889,0.0520295,0.0538708,0.0588269,0.0438213,0.054798,0.0410416,0.0468052,0.0454469,0.0424113,0.0416562,0.034086,0.0389226,0.0387679,0.030896,0.0528899,0.0523042,0.0716764,0.0738345,0.102917
919.227,0.0369507,0.0364613,0.0398988,0.03556,0.0244992,0.0409264,0.0328179,0.0257337,0.0198299,0.0275433,0.0324752,0.0186539,0.0248345,0.0282854,0.0372984,0.0364613,0.0514109,0.0698477,0.0922374
919.565,0.0258452,0.0296017,0.0258448,0.0235272,0.025232,0.0214028,0.0224827,0.0304381,0.0190054,0.019629,0.00596219,0.0204627,0.0136289,0.0186697,0.0178392,0.0214042,0.0458789,0.0558507,0.0773725
919.902,0.0366573,0.0381629,0.0397276,0.0228096,0.0341234,0.0308112,0.0174454,0.0229559,0.0261735,0.0201425,0.0284793,0.00827481,0.0199537,0.0248463,0.00929556,0.0364307,0.0592662,0.0775834,0.082726
920.24,0.0408988,0.036351,0.0287976,0.032458,0.0398254,0.0404514,0.0307665,0.029357,0.0172267,0.0173705,0.0335835,0.0188599,0.0106436,0.0311498,0.0395023,0.0395632,0.0552534,0.0852982,0.0902681
920.577,0.0481829,0.0493001,0.0266772,0.0411676,0.0333871,0.0398802,0.0260279,0.0259622,0.024428,0.0281715,0.0215525,0.0251583,0.0188829,0.0169785,0.0386475,0.0440776,0.0447712,0.0817825,0.100965
920.914,0.0319669,0.0303943,0.0347213,0.0406687,0.0259869,0.0376258,0.0189998,0.0224184,0.0224925,0.0142478,0.0154485,0.0215769,0.0148623,0.0283803,0.0353978,0.0499744,0.0501062,0.0655128,0.100522
921.251,0.0400906,0.0271438,0.028122,0.0249825,0.0235787,0.0112132,0.0270399,0.00425392,0.0155906,0.0323226,0.0260556,0.0270857,0.0148503,0.0271106,0.0337594,0.02974,0.0502589,0.0679639,0.0926218
921.588,0.0310753,0.0384892,0.0230649,0.0308806,0.0148807,0.0202853,0.0265943,0.0164273,0.0274033,0.0266424,0.0222275,0.0289824,0.0269433,0.0308817,0.0275701,0.0319256,0.0506065,0.066734,0.10101
921.924,0.0405617,0.0434556,0.0391277,0.0409311,0.0320559,0.0259147,0.0226015,0.0299045,0.0237594,0.0113238,0.0287563,0.0294381,0.0192642,0.0329431,0.022973,0.0469174,0.053497,0.0655688,0.0889219
922.261,0.0694083,0.0571453,0.0416897,0.0555346,0.0385749,0.0463543,0.0519969,0.0476512,0.0385626,0.0350461,0.0298495,0.041061,0.0263133,0.0335798,0.0479768,0.0482143,0.064778,0.0911149,0.1119
922.598,0.0494629,0.0445358,0.0365581,0.0310647,0.0423288,0.041687,0.0410552,0.024942,0.0260437,0.0396561,0.0396134,0.0364108,0.0205987,0.0421893,0.0419523,0.0527225,0.0583027,0.0622069,0.110893
922.934,0.0402608,0.0544752,0.038083,0.0398937,0.0315827,0.0375381,0.0203222,0.0220707,0.0292236,0.0204696,0.0195509,0.0244616,0.0341234,0.024268,0.0365482,0.049192,0.0625821,0.0741082,0.0956603
923.27,0.0289688,0.0334925,0.0286041,0.0369774,0.0211002,0.0273971,0.0245909,0.0220222,0.0136649,0.0248059,0.0273073,0.0260669,0.0225028,0.0221173,0.0460728,0.0382469,0.046881,0.0746451,0.0859661
923.606,0.0383464,0.0355446,0.0320742,0.0234328,0.0255157,0.0347771,0.0234961,0.0189257,0.0125912,0.0240009,0.00726606,0.0178006,0.0205233,0.0305673,0.0231044,0.0308483,0.0484577,0.0688441,0.0901078
923.942,0.0137756,0.037224,0.026872,0.0264794,0.0310016,0.0230913,0.0263528,0.0283049,0.0214873,0.0161573,0.0270317,0.0184306,0.00876491,0.018022,0.0163286,0.0336319,0.0382679,0.0634107,0.10023
924.278,0.0377467,0.0318068,0.0454766,0.0496943,0.0376087,0.0211571,0.0367913,0.0408381,0.0228218,0.0204819,0.0113989,0.0167763,0.0194239,0.0254512,0.0283283,0.0315509,0.0472771,0.0660381,0.0897215
924.614,0.0425765,0.0440683,0.042562,0.0336814,0.0399573,0.0382641,0.0392427,0.0455773,0.0142807,0.0336712,0.022261,0.032269,0.0328178,0.0259048,0.0357484,0.0421624,0.0553278,0.0750242,0.0977797
924.949,0.0379828,0.031106,0.0313272,0.0214013,0.0213765,0.0260793,0.0288227,0.0213855,0.0230528,0.022903,0.00619659,0.00947713,0.0170529,0.0291953,0.0188656,0.0282931,0.0540574,0.0699303,0.0756532
925.285,0.0379064,0.0513221,0.0467572,0.0319551,0.0383707,0.0452603,0.0389113,0.0366652,0.0382627,0.027266,0.0353943,0.0375245,0.035841,0.0320988,0.0502556,0.0446465,0.0673232,0.0833348,0.0951671
925.62,0.0440108,0.0336959,0.0268972,0.0269155,0.0228502,0.0263401,0.0110067,0.0131701,0.0235471,0.0210198,0.0159941,0.0314934,0.0126772,0.00841197,0.0324457,0.0262706,0.0524611,0.0629743,0.0847083
925.955,0.0343571,0.0381201,0.0235516,0.0351749,0.0295484,0.0268507,0.0152902,0.0228834,0.0291988,0.0149569,0.00608943,0.0158838,0.0110851,0.00421432,0.0158116,0.0325154,0.0382403,0.0578296,0.0803813
926.29,0.0484519,0.042129,0.0306342,0.0303048,0.0371557,0.0248317,0.0291629,0.0210535,0.0169317,0.0217631,0.0330792,0.0225805,0.0323737,0.0142356,0.023372,0.0348655,0.0533347,0.0760378,0.0854832
926.625,0.0455005,0.0480079,0.0310979,0.0253057,0.0430239,0.0318488,0.0318157,0.035409,0.0189247,0.0258417,0.0239929,0.0164024,0.0301414,0.0268916,0.0295685,0.0388916,0.0561058,0.0743835,0.0977318
926.96,0.0377473,0.0527666,0.0396488,0.0396415,0.0442686,0.0490143,0.0386902,0.0368175,0.0407875,0.0313627,0.0324656,0.0322213,0.0343697,0.032692,0.0478072,0.0459683,0.0624953,0.0719544,0.104772
927.295,0.0119108,0.0325172,0.0351964,0.0335129,0.0258927,0.0225846,0.0175904,0.025681,0.0216164,0.0176727,0.0309484,0.0233663,0.0128719,0.032621,0.0238375,0.040974,0.0539832,0.069668,0.0978861
927.629,0.0360279,0.0393171,0.0285996,0.0391362,0.0247054,0.0341097,0.0313379,0.0197409,0.0289867,0.026238,0.0272889,0.0217292,0.0179213,0.0212733,0.028358,0.0306217,0.0611943,0.0750093,0.0948431
927.964,0.0361442,0.0234877,0.026231,0.0401607,0.0269504,0.0184884,0.0157171,0.0232794,0.018604,0.0135615,0.0312704,0.0233491,0.0176042,0.0191605,0.0323476,0.0397463,0.0464154,0.0704221,0.0887965
928.298,0.0464797,0.0440142,0.0580184,0.0324667,0.038437,0.0452679,0.0282582,0.0342166,0.0345906,0.0165537,0.0197201,0.0151227,0.0358726,0.0169107,0.0497428,0.0312642,0.0692206,0.068487,0.0925365
928.632,0.0303399,0.032524,0.025874,0.00475672,0.0225148,0.0180935,0.0274399,0.00689676,0.0103738,0.0193274,0.00177143,0.0177383,0.013224,0.0224792,0.00430714,0.0182112,0.0282474,0.0486968,0.0878705
928.967,0.0419767,0.0382476,0.0332771,0.0254356,0.0414615,0.0149034,0.0286246,0.0325041,0.0381446,0.0286782,0.0256546,0.0334296,0.0266651,0.0284543,0.0476506,0.057213,0.0569977,0.0874897,0.086301
929.3,0.0377948,0.0335301,0.0448582,0.0381724,0.0138889,0.0390183,0.0444786,0.0451721,0.0293096,0.0160984,0.0336225,0.0126999,0.0184656,0.022202,0.035416,0.0338358,0.0523123,0.0867229,0.107128
929.634,0.0443817,0.0368355,0.027407,0.0162646,0.0462146,0.0493297,0.0183473,0.0220007,0.00524119,0.0307611,0.0234958,0.0158565,0.0266608,0.0192706,0.0228162,0.0388182,0.055907,0.0839031,0.0894666
929.968,0.0108335,0.0207467,0.0250491,0.0186265,0.0194431,0.020648,0.0165542,0.00671973,0.0219689,-0.00270229,-0.0043568,0.0142865,0.0101912,0.00657067,0.0262781,0.0326901,0.0386963,0.0527408,0.0813833
930.302,0.0241814,0.0336394,0.037776,0.0379008,0.0286484,0.0333431,0.0228892,0.00721931,0.0263268,0.0330326,0.00657643,0.0190503,0.0234476,0.0225882,0.0326083,0.0417497,0.0627619,0.0772019,0.0993736
930.635,0.0381918,0.0346009,0.044548,0.0459498,0.0388992,0.0334101,0.0437179,0.0282291,0.0422975,0.017314,0.0348871,0.019537,0.0283654,0.0112924,0.0325845,0.0297554,0.0536745,0.0744444,0.0973178
930.968,0.0345117,0.046823,0.0460926,0.0384055,0.0401841,0.0358277,0.0375332,0.0371848,0.0313445,0.0545074,0.0305028,0.0362621,0.0502101,0.0300691,0.0369305,0.0664045,0.062795,0.099742,0.0904589
931.301,0.0464641,0.0532622,0.0471024,0.0477901,0.038363,0.0437095,0.0432553,0.0418324,0.0345212,0.0503491,0.0373056,0.0358403,0.0426781,0.0336451,0.0431631,0.065946,0.0664379,0.0922685,0.109808
931.634,0.0579451,0.0593986,0.0472827,0.0568061,0.0357331,0.0513979,0.0486671,0.0455975,0.0371442,0.0453291,0.0436781,0.0351431,0.0349792,0.0369568,0.0488085,0.0651828,0.0691343,0.0843967,0.128759
931.967,0.0494989,0.0506227,0.0334703,0.0508131,0.0513557,0.0411926,0.0386116,0.0255142,0.0378125,0.0269259,0.0272127,0.0393607,0.0415946,0.0369213,0.0403503,0.0437619,0.0596291,0.0815345,0.0968149
932.3,0.0390009,0.0501862,0.0330624,0.0371527,0.0323594,0.0227692,0.0335191,0.0160271,0.0296841,0.0196879,0.0128915,0.007354,0.0307292,0.0285384,0.0363866,0.025135,0.0455465,0.0674502,0.0840939
932.633,0.0438349,0.0511267,0.0309001,0.0456107,0.0298547,0.0337988,0.0217841,0.022692,0.0259016,0.027709,0.0151586,0.0256898,0.0374003,0.026065,0.0277855,0.0464179,0.0627092,0.0749657,0.097094
932.965,0.0352489,0.0446632,0.0442013,0.0331666,0.0213134,0.0166154,0.0161664,0.0114547,0.0252178,0.0305154,0.00642202,0.0132454,0.0200238,0.0144476,0.0265304,0.0544615,0.0541629,0.0605672,0.0976131
933.298,0.0326187,0.0362331,0.0106976,0.0432658,0.0383841,0.0194785,0.0224057,0.0127511,0.026146,0.02292,0.031,0.00803255,-0.00258093,0.0208525,0.0238241,0.0315992,0.0418371,0.0754029,0.0960856
933.63,0.0451236,0.0503798,0.0432581,0.029983,0.0256213,0.0355614,0.0255814,0.0350708,0.0290323,0.0360434,0.0228316,0.0260089,0.0265417,0.0288462,0.0262025,0.0387703,0.064326,0.0763427,0.0904195
933.962,0.0344239,0.0381248,0.0141246,0.0269151,0.0244012,0.0215136,0.0276972,0.0275312,0.0304601,0.0290446,0.012972,0.0142738,0.0294818,0.0183618,0.0102973,0.0268907,0.0567088,0.0571911,0.0991622
934.294,0.0408743,0.0647046,0.0406466,0.0627005,0.0569533,0.0407058,0.0430957,0.0329428,0.0347068,0.0419353,0.0419614,0.0158318,0.0371935,0.057175,0.0517361,0.0622099,0.0765967,0.0924832,0.116559
934.626,0.0343308,0.0441313,0.032496,0.0504214,0.0381314,0.0195496,0.0313224,0.0414809,0.0302521,0.0361802,0.0186854,0.0146171,0.0324762,0.0329813,0.0454167,0.0457714,0.0602047,0.080856,0.0894617
934.958,0.0323287,0.0335922,0.0481801,0.0476632,0.0519751,0.0334586,0.0291773,0.0310728,0.0483659,0.0240487,0.0131031,0.0349862,0.0262549,0.0333073,0.0270163,0.0649753,0.0628506,0.0798322,0.0935248
935.29,0.0406636,0.0332748,0.0451696,0.0321151,0.0248883,0.0373294,0.0339989,0.0289599,0.0203722,0.0394297,0.0256167,0.0379216,0.0264805,0.0370044,0.0395531,0.0501354,0.0474985,0.0788018,0.101139
935.621,0.0274366,0.0328164,0.0323253,0.0266184,0.0127901,0.0257105,0.0269382,0.0270276,0.0157781,0.0293979,0.0212692,0.0190504,0.0284789,0.0208981,0.0222302,0.0556428,0.054677,0.0801511,0.0923748
935.953,0.0623048,0.0588105,0.0445182,0.0482078,0.0399892,0.0487502,0.0310509,0.0473942,0.0394761,0.0446835,0.0338809,0.0352199,0.0363597,0.0443087,0.0504123,0.0524833,0.0661973,0.0871048,0.118296
936.284,0.0324218,0.0609179,0.051402,0.0340284,0.0322374,0.0451522,0.0271285,0.0149102,0.0450375,0.0210056,0.00472508,0.0342834,0.0347667,0.0273323,0.0224569,0.034673,0.0593669,0.0718669,0.0924338
936.615,0.0204076,0.0356958,0.0189742,0.0272075,0.0110443,0.00198544,0.00841778,0.00539119,0.00648144,0.012429,0.0179789,0.0121795,0.00671067,0.0211682,0.0191999,0.0210527,0.0410542,0.0682924,0.0849259
936.946,0.0353121,0.0415816,0.0208516,0.0364028,0.0249627,0.0132543,0.00998452,0.0253562,0.0119636,0.000608411,0.00660479,0.0179373,0.0179596,0.019025,0.029187,0.0414379,0.0494063,0.0646465,0.0728768
937.277,0.04149,0.0305533,0.0367917,0.0316414,0.0239756,0.02807,0.0135637,0.00801893,0.0241108,0.0171195,0.01336,0.0147489,0.0189026,0.0192877,0.0344222,0.0379912,0.0449562,0.0696198,0.0678923
937.608,0.0558795,0.038395,0.034182,0.0269437,0.0271064,0.0304189,0.0234523,0.0462478,0.037841,0.0335271,0.0376526,0.029266,0.0314831,0.025833,0.0305632,0.0491329,0.0429738,0.0746805,0.0968537
937.938,0.0529882,0.0408591,0.045049,0.0412472,0.0238629,0.0497927,0.0350587,0.0395067,0.028763,0.0133726,0.0171352,0.00667807,0.0162167,0.0354946,0.0416811,0.0308015,0.0595029,0.0999677,0.123586
938.269,0.0396669,0.0404297,0.0436683,0.0361444,0.039179,0.0328607,0.0384456,0.0241047,0.0510572,0.0450851,0.0207395,0.0370973,0.0303604,0.0329877,0.0424299,0.0434709,0.0515574,0.0848285,0.100374
938.599,0.0522996,0.0556,0.0392563,0.0302594,0.0578211,0.0344039,0.0317294,0.0420789,0.049633,0.0318585,0.0264661,0.0430735,0.0327958,0.0333362,0.0304541,0.0449205,0.0782927,0.0657948,0.0915083
938.929,0.0425933,0.0430395,0.0477793,0.0327936,0.0156296,0.0161543,0.0280989,0.023845,0.0171453,0.0210559,0.0278479,-0.00206098,0.0181,0.0117795,0.018778,0.0272187,0.0332015,0.0703154,0.0707242
939.26,0.0315296,0.0146265,0.0254714,0.00357765,0.0212218,0.0133165,0.0137473,0.00567495,0.01274,0.00420199,-0.00210014,-0.00149949,0.00241888,0.00936739,0.0164142,0.00734493,0.016716,0.0593632,0.0731602
939.59,0.0418162,0.042127,0.0539009,0.0285378,0.0272488,0.0322178,0.0101347,0.0341033,0.0305595,0.0178466,0.0415882,0.0431253,0.0149715,0.0266099,0.035159,0.036419,0.0563519,0.0733693,0.0862885
939.919,0.033522,0.0290834,0.0215178,0.0174679,0.0079386,-0.0133109,-0.00530849,0.0086855,0.0103982,-0.00823387,0.000633369,0.014871,-0.00156523,0.00965405,-0.000610413,0.0215686,0.0365578,0.046714,0.0708226
940.249,0.0386587,0.0140313,0.0347944,0.0309439,0.0209333,0.0216576,0.000945822,0.0207975,0.0215498,0.00377628,0.0101961,0.00812005,0.00416649,0.0366474,0.0198257,0.0456158,0.0519496,0.0646123,0.0713817
940.579,0.0320995,0.0293765,0.046871,0.0214702,0.0271652,0.0182,0.0280533,0.0331262,0.00742387,0.0169798,0.0173588,0.0143725,0.0233749,0.0296492,0.0293031,0.0332196,0.0529192,0.0735303,0.0959323
940.908,0.0229676,0.0468237,0.0277755,0.0333959,0.0433562,0.0164485,0.026602,0.0299569,0.0286089,0.0126628,0.0184067,0.0196491,0.0163372,0.00548056,0.0294539,0.0414352,0.035016,0.0607584,0.0824225
941.238,0.0465175,0.0431042,0.0333923,0.0318294,0.0464743,0.0393266,0.0448555,0.0243985,0.0226686,0.0200098,0.0199952,0.0039603,0.0199446,0.0344755,0.0199995,0.0395372,0.0517981,0.051941,0.0886244
941.567,0.0600349,0.0501975,0.0379297,0.0360532,0.0485783,0.0454539,0.0260909,0.03039,0.0338164,0.0290772,0.00886667,0.0348334,0.0313605,0.0392541,0.0312419,0.0463014,0.0565271,0.0672597,0.121861
941.896,0.02334,0.0451917,0.0475528,0.0449568,0.0371317,0.0370104,0.0452087,0.0299227,0.0215087,0.0427336,0.0263884,0.0207619,0.0187364,0.0328532,0.0346657,0.0470391,0.0499824,0.0650083,0.101546
942.225,0.0332765,0.0384575,0.0620538,0.0314887,0.0550721,0.0443533,0.0150651,0.0370044,0.0284952,0.0285333,0.0469378,0.026318,0.0173935,0.0361423,0.0476894,0.0681063,0.048599,0.0817717,0.126716
942.554,0.0382309,0.0243607,0.0400041,0.030957,0.0338763,0.014932,0.0133512,0.015904,0.0198332,0.0183084,0.0179045,0.0193557,0.0266229,0.0351761,0.0266796,0.0298704,0.0648945,0.0776294,0.0967006
942.883,0.0311712,0.0270498,0.0243808,0.0309858,0.0408235,0.0166025,0.0208923,0.0185495,0.0270779,0.0271563,0.0174784,0.0202766,0.0126578,0.0329548,0.0281194,0.043506,0.0462213,0.0577867,0.0928142
943.211,0.0385385,0.0467253,0.0404166,0.0437117,0.0343224,0.0455622,0.0383944,0.0337759,0.0376554,0.0375416,0.0349369,0.0380269,0.0367248,0.0500045,0.0403807,0.0354349,0.073352,0.0825742,0.100939
943.54,0.0712845,0.0571103,0.0546117,0.0658946,0.0566995,0.0462117,0.0463684,0.0281333,0.039701,0.0437384,0.0563932,0.0400575,0.0449722,0.0515932,0.0617441,0.0514099,0.0773117,0.101859,0.108569
943.868,0.0567512,0.0366903,0.039311,0.0583403,0.0520853,0.0508931,0.0472543,0.0373534,0.0472535,0.0378707,0.0309973,0.0328871,0.0394612,0.0393766,0.0444944,0.0475423,0.0559307,0.0765768,0.111051
944.196,0.0299151,0.0618932,0.0432015,0.0356976,0.0322396,0.0270199,0.0337569,0.0372108,0.0193795,0.0213848,0.000691819,0.0325012,0.0300799,0.0260925,0.043211,0.0431812,0.0416874,0.0758311,0.110399
944.524,0.0475173,0.0379034,0.0509973,0.04826,0.0464373,0.0344571,0.0257848,0.0355443,0.047925,0.0282202,0.0504545,0.04686,0.0306082,0.0366831,0.0315817,0.0400629,0.0652747,0.0807392,0.106023
944.852,0.0388807,0.0498968,0.0424923,0.036443,0.0460585,0.03599,0.0279311,0.0258361,0.0444615,0.0431233,0.0295307,0.0397378,0.0221026,0.0237493,0.0333142,0.0422391,0.0560128,0.0781625,0.117386
945.18,0.0606047,0.0608026,0.0487841,0.0562404,0.044413,0.0262227,0.0237974,0.0485794,0.032492,0.0405125,0.0499761,0.0261032,0.0417013,0.0404277,0.0557258,0.040724,0.0636582,0.0859334,0.112465
945.508,0.049971,0.0211403,0.0271577,0.0266938,0.036949,0.0255148,0.0221951,0.0493028,0.0226955,0.0109637,0.0219413,0.0246552,0.0249574,0.0063917,0.0436014,0.0385057,0.0593149,0.0761198,0.0781019
945.835,0.0255531,0.0193877,0.0197428,0.0313074,0.038333,0.0135293,0.0168647,0.0242352,0.0184019,0.00830071,0.0193833,0.00492686,0.00460666,0.00433996,0.0213576,0.0212981,0.0415929,0.0598193,0.0785065
946.163,0.0489172,0.0461925,0.0415439,0.0262795,0.0204587,0.0177929,0.0352099,0.0206362,0.0446603,0.0353802,0.0377337,0.0302924,0.015344,0.0241059,0.0435454,0.0349676,0.055327,0.0766334,0.0965118
946.49,0.0440602,0.00199036,0.0228636,0.0278344,0.0162498,0.0167027,0.0041303,-0.00103811,0.0162239,0.00820919,0.015727,0.00642635,0.0190276,0.020865,0.0269041,0.0235954,0.0346029,0.0816028,0.0768709
946.817,0.0414902,0.0283988,0.0403594,0.0426058,0.038736,0.0395772,0.0173187,0.0152499,0.031067,0.0214377,0.00899713,0.00830747,0.0355059,0.0172827,0.0421994,0.0384855,0.0462173,0.0754866,0.102957
947.144,0.0414775,0.0601016,0.0436333,0.0410382,0.0433117,0.0393339,0.0381259,0.0300219,0.0348769,0.0372473,0.0489893,0.0334182,0.0196419,0.0248401,0.0437202,0.0570047,0.0443267,0.0907878,0.12428
947.471,0.0424071,0.0400351,0.0330011,0.0394267,0.0262206,0.0290992,0.0205835,0.0241134,0.0379757,0.0230523,0.0302758,0.00908826,0.027367,0.0365296,0.0496795,0.03982,0.0571204,0.0786505,0.116595
947.798,0.0340255,0.0354521,0.0234269,0.0383025,0.0291659,0.0271332,0.0252234,0.0403988,0.0296301,0.0271332,0.0167374,0.0238169,0.0145225,0.0326987,0.047958,0.0377079,0.0501618,0.0763701,0.0772089
948.125,0.0373315,0.0521405,0.0281999,0.0420362,0.0235495,0.0327722,0.0339572,0.0351618,0.0483042,0.0218586,0.0324235,0.029632,0.0422979,0.0292478,0.0291621,0.0463273,0.0470962,0.0725113,0.0982537
948.451,0.0271493,0.0556835,0.0308845,0.0291245,0.0264535,0.0222995,0.00911548,0.0208228,0.0216875,-0.00919402,0.0135276,0.0115191,0.0217761,0.0307521,0.0263258,0.035157,0.053711,0.0749337,0.0993303
948.778,0.0616714,0.0540384,0.0638243,0.0385214,0.0525974,0.0527611,0.0456969,0.0406477,0.0376948,0.0402999,0.0265326,0.033782,0.0312308,0.035474,0.0308569,0.0515256,0.0628492,0.0829787,0.108051
949.104,0.0347221,0.0294053,0.0165855,0.0269921,0.0239023,0.0221412,0.0102845,0.0133739,0.0153627,0.020752,0.01297,0.0228087,-0.00108516,-0.00291343,-0.000360327,0.026431,0.0336765,0.0810152,0.0786808
949.43,0.0298143,0.0331425,0.0284195,0.034963,0.0158697,0.0161372,0.0223121,0.0218754,0.00454679,0.0125576,0.0330982,0.00857955,0.0121823,0.00716593,0.0181068,0.0373479,0.0453125,0.0765786,0.0793091
949.756,0.0411132,0.0347583,0.0422789,0.0448969,0.0311515,0.0341605,0.0241131,0.0210951,0.0134518,0.0382407,0.0334315,0.0409403,0.0208549,0.018902,0.0341214,0.0353766,0.0575397,0.0722196,0.0990099
950.082,0.035805,0.0283324,0.0453165,0.0451003,0.0349316,0.0376434,0.0321012,0.0225368,0.0240825,0.0147241,0.0455683,0.0269224,0.0292719,0.0328471,0.00240538,0.0387558,0.0707561,0.0879955,0.107414
950.408,0.0292707,0.0371773,0.0371458,0.0269227,0.00104286,0.0169851,0.027463,0.0361681,0.00702533,0.0332851,0.0238491,0.038886,0.0325069,0.0266507,0.0142524,0.0355852,0.050477,0.071903,0.0973983
950.734,0.0411007,0.0627974,0.0468508,0.0446214,0.0364764,0.0531748,0.0101409,0.0454426,0.0493013,0.0291711,0.00982711,0.00900731,0.0346,0.023668,0.0284478,0.0546023,0.0513936,0.096752,0.098665
951.059,0.0578762,0.0564653,0.0529871,0.0579466,0.0457206,0.0475102,0.0525552,0.061608,0.0297782,0.0461628,0.0317793,0.0429946,0.0493748,0.0453738,0.0561376,0.0558736,0.0647715,0.0930621,0.110561
951.385,0.0389892,0.0403576,0.0376421,0.0494113,0.0557795,0.0428024,0.0191614,0.0456713,0.0172276,0.0166182,0.0143307,0.040252,0.0277719,0.0356013,0.0297259,0.0351261,0.0578379,0.0857776,0.092284
951.71,0.0489803,0.0407509,0.0627689,0.0430406,0.0463242,0.039727,0.00907941,0.0361506,0.0231627,0.0402399,0.0372378,0.0211905,0.0406464,0.0543351,0.0273262,0.0392278,0.0679355,0.0734674,0.114204
952.035,0.0353294,0.043081,0.0280643,0.0581167,0.0397813,0.0383396,0.0282956,0.030423,0.0204913,0.0261468,0.0349376,0.0197647,0.0108656,0.0162188,0.0349865,0.0494251,0.042414,0.0798189,0.106534
952.36,0.057079,0.0622116,0.04485,0.0516589,0.0279836,0.0331919,0.0541276,0.0544742,0.0473685,0.0386119,0.0299584,0.0264835,0.038118,0.0273245,0.0369675,0.0529119,0.0567652,0.0788429,0.118468
952.685,0.00666482,0.00351687,0.0234358,0.0199441,0.00344822,-0.0115282,-0.00239073,-0.00529584,0,0.01316,-0.00969864,0.00827993,0.011316,0.0277477,0.00909353,0.0133298,0.0265728,0.0395743,0.0672841
953.01,0.0297237,0.0211912,0.0254746,0.0274261,0.0356551,0.0239318,0.018866,0.0373806,0.0422458,0.0149786,0.0222843,0.0135582,0.0216514,0.041403,0.029607,0.0468087,0.0412695,0.0441496,0.0852888
953.335,0.0450946,0.0475102,0.0410456,0.0187464,0.0175527,0.0516438,0.0281176,0.036726,0.0246034,0.022197,0.0306723,0.0267491,0.030133,0.0399313,0.0621077,0.0531889,0.0740199,0.0878192,0.109486
953.659,0.0454519,0.0515375,0.0411289,0.0303899,0.0364183,0.0371823,0.0415729,0.0114266,0.0260304,0.017387,0.028945,0.0120789,0.0409381,0.0240397,0.0322513,0.0392947,0.0644639,0.0682763,0.0892007
953.984,0.0595878,0.0604287,0.0540101,0.047683,0.0471708,0.039885,0.0305788,0.0344674,0.0278012,0.0427587,0.0328349,0.0184709,0.0406702,0.0353089,0.0445159,0.0239354,0.0528638,0.0726858,0.101856
954.308,0.0609993,0.0367433,0.0506099,0.0268363,0.0508464,0.04949,0.0371084,0.024515,0.0296303,0.0317919,0.0361109,0.0388975,-0.00304013,0.0296826,0.0388262,0.0430413,0.0498689,0.0727486,0.101624
954.632,0.0296566,0.0520374,0.016581,0.0300514,0.0262716,0.0243961,0.00398231,0.0391161,-0.00403801,0.00533572,0.022112,0.0313481,0.0352995,0.00687149,0.0190567,0.0208472,0.0559075,0.0708367,0.084718
954.956,0.0476436,0.0344558,0.0313751,0.0368913,0.0437039,0.02411,0.0714357,0.039276,0.0239348,0.0187041,0.0238711,0.0344098,0.0289513,0.0350168,0.0341938,0.0389059,0.0677479,0.0973227,0.0997269
955.28,0.0369901,0.0290945,0.0155878,0.0293716,0.0333855,0.00563597,0.0191279,0.0197811,0.0166587,0.0183443,0.00362312,0.0189464,-0.00557557,0.0249691,0.0159113,0.0225867,0.0660569,0.0625093,0.0822354
955.604,0.0491321,0.0466034,0.0435278,0.0256437,0.0324043,0.0501802,0.0405018,0.0459717,0.019365,0.0209429,0.0190631,0.0191472,0.0436742,0.0183323,0.0207126,0.0228082,0.0632574,0.0814807,0.0790765
955.927,0.0469335,0.0553595,0.0435868,0.0365621,0.039822,0.0318197,0.0250952,0.0341256,0.0284646,0.0472486,0.0144616,0.0424802,0.0259227,0.0270401,0.0345713,0.0442225,0.0685083,0.0944041,0.0975445
956.251,0.0261052,0.0290739,0.0239877,0.0206387,0.0281833,0.0352039,0.0231013,0.0481309,0.0375606,0.0131571,0.0131439,0.0278895,0.0107049,0.039358,0.0447545,0.0269727,0.0490826,0.0720001,0.0893221
956.574,0.0436527,0.0411932,0.0333898,0.0425358,0.0273328,0.0339162,0.018475,0.0388412,0.038299,0.0250921,0.017306,0.00795535,0.0222348,0.0405097,0.0243802,0.0473253,0.0527715,0.0750439,0.102958
956.897,0.0361457,0.0418656,0.0249025,0.0463827,0.0316033,0.0373976,0.0430357,0.0269692,0.0347939,0.0324577,0.0225121,0.0408486,0.0273499,0.0309525,0.0361696,0.0402336,0.071623,0.0694042,0.0954192
957.22,0.0512468,0.0675177,0.0527637,0.0541164,0.041326,0.0392161,0.0337683,0.0173703,0.0348488,0.0354002,0.0253334,0.0320088,0.0170478,0.0276908,0.0357795,0.0613937,0.0505551,0.0791576,0.0970817
957.543,0.0312996,0.0442623,0.0311051,0.0202927,0.0295415,0.0312121,0.0129514,0.0180451,0.0137186,0.00078204,0.0131381,0.0215185,0.0279366,0.0189131,0.0154523,0.0142676,0.0417792,0.0582891,0.0727308
957.866,0.00401909,0.00776448,0.00675681,0.0123898,0.0209697,0.0118376,0.0108546,-0.0150262,0.00371598,-0.0259596,-0.016646,0.0032361,-0.0178086,-0.0104438,0.0171246,0.0130919,0.0230356,0.0343909,0.068304
958.189,0.0485118,0.0263255,0.0655261,0.0368,0.0415005,0.0538645,0.0425363,0.0300082,0.0446599,0.0322765,0.0123154,0.0314129,0.0489761,0.0379808,0.0210197,0.0319816,0.0604668,0.0844087,0.103064
958.512,0.0353551,0.0593519,0.0630993,0.0628103,0.0495843,0.0579597,0.0455018,0.0453198,0.0287168,0.0395052,0.0560361,0.0456076,0.0291702,0.0406874,0.0356039,0.0450256,0.0775312,0.07439,0.106178
958.834,0.0610446,0.0455929,0.0514544,0.0469107,0.0466218,0.0375177,0.0317612,0.038056,0.0295191,0.0376532,0.0229069,0.0436728,0.0155886,0.0455929,0.0227769,0.0430527,0.0528921,0.0758694,0.106958
959.156,0.0364596,0.0336373,0.0570672,0.0254443,0.0302338,0.0264473,0.0264698,0.0200541,0.0184496,0.015989,0.00917458,0.0156355,0.0352782,0.0306183,0.0371129,0.046105,0.0384897,0.0821711,0.122669
959.479,0.0347359,0.0255501,0.0341189,0.0134802,0.0231173,0.0255799,0.00452311,0.0266796,0.00884442,0.0134617,0.00629564,0.0263528,0.0166495,0.0172229,0.0183216,0.0367686,0.037988,0.0723918,0.0806003
959.801,0.0273706,0.0455885,0.0333977,0.0175262,0.0136711,0.0138049,0.0149788,0.0148739,0.0194092,0.0111197,0.0134521,0.0231672,0.0267157,0.024672,0.026743,0.0247343,0.0405309,0.0721472,0.0811317
960.123,0.0436746,0.04504,0.0623842,0.0351439,0.0274357,0.0354613,0.0594176,0.0633033,0.0311272,0.0368689,0.0268508,0.0145803,0.0348526,0.0309651,0.0367629,0.0747652,0.0525861,0.0708802,0.11072
960.445,0.0514037,0.0450951,0.0263179,0.0507872,0.029749,0.0238871,0.0168953,0.0254696,0.0536498,0.0581513,0.023803,0.0251836,0.0258999,0.0234415,0.0351539,0.0405902,0.0548335,0.0995659,0.107239
960.766,0.0587155,0.0551451,0.0464181,0.0828466,0.0628642,0.0576101,0.0387506,0.0547808,0.0417,0.056648,0.0608924,0.0473829,0.0474093,0.0503796,0.058855,0.0570881,0.0602564,0.0839417,0.113867
961.088,0.0574685,0.0623101,0.033824,0.0582831,0.048346,0.0291578,0.0510724,0.0181082,0.0411368,0.0443523,0.0331148,0.0478232,0.0249485,0.0304196,0.0606915,0.0303823,0.0829435,0.110439,0.117376
961.409,0.0119459,0.0141667,0.0105025,0.0122773,0.0278857,-0.00392748,0.00312443,-0.00219697,-0.00459491,0.00534802,0.0153297,-0.0297806,-0.0191839,-0.0170807,0.0178653,0.0186897,0.0237557,0.0361871,0.0807963
961.731,0.0459307,0.0526634,0.0373878,0.0413588,0.0355857,0.0446177,0.0396194,0.0224362,0.0319077,0.0149607,0.0229107,0.0201854,0.0314193,0.0372676,0.0358255,0.0529813,0.0708916,0.100747,0.112901
962.052,0.0495576,0.0141068,0.0221401,0.0202847,0.0248585,0.0393633,0,0.0426932,0.0138206,0.02153,0.0119063,0.0307009,0.0165672,0,0.0507148,0.0330646,0.0317285,0.0744159,0.0894162
962.373,0.0575303,0.0349511,0.0406168,0.0191275,0.0163704,0.0297806,-0.00661855,0.0226153,0.0037716,0.0566579,0.0250761,0.0204667,0.0244779,0.0158978,0.0241821,0.0144263,0.0253627,0.0618206,0.081015
962.694,0.0629031,0.0591608,0.0291569,0.0491406,0.0534544,0.0326152,0.0352222,0.0485762,0.0310202,0.0519253,0.0408445,0.0270982,0.0209988,0.0453822,0.0375555,0.0671695,0.062611,0.0705742,0.131242
963.015,0.034307,0.0284375,0.0125819,0.0282575,0.0245267,0.0362468,0.019417,0.0320214,0.0203171,0.0137619,0.0168238,0.0120772,0.0218053,0.0321376,0.0244968,0.0321279,0.035103,0.0618304,0.0879798
963.335,0.0159437,0.0225799,0.0379769,0.00263205,0.0323576,0.014993,0.0297207,0.000457595,0.0179764,0.0120434,0.00787685,0.00528514,0.0285296,0.00870948,0.0100159,0.0400076,0.0245959,0.0698563,0.0747828
963.656,0.0285052,0.0618909,0.0193957,0.0196947,0.0292382,0.0357316,0.0262811,0.0304008,0.027056,0.0393531,0.0241782,0.0217461,0.00401488,0.0063663,0.0267043,0.0597248,0.0797905,0.0691452,0.0973771
963.976,0.0165355,0.0460003,0.035868,0.0443024,0.0356601,0.0181669,0.0180937,0.0274231,0.0291765,0.027457,0.0258969,0.0390663,0.0226081,0.0285857,0.0386873,0.0546382,0.057134,0.0755011,0.113224
964.297,0.0449732,0.0252376,0.0301204,0.0483997,0.0454264,0.0406616,0.0338039,0.0370422,0.0200098,0.0220404,0.0152718,0.016588,0.0238809,0.0289203,0.0439836,0.0221124,0.0637888,0.055945,0.113944
964.617,0.025747,0.0360835,0.0227131,-0.00258934,0.0171894,0.0308158,0.00999213,0.017361,0.0210677,0,0.00170893,0.0144423,-0.000873328,0.0271136,0.0416563,0.0196774,0.0361852,0.0546887,0.0847249
964.937,0.0390239,0.0369573,0.0157923,0.0256183,0.0255446,0.00283286,0.00333157,0.027601,0.0216909,0.019167,-0.00231347,0.0166847,-0.00374606,0.028687,0.0331101,0.0216115,0.0391109,0.076488,0.0915772
965.257,0.0545012,0.0597357,0.0310784,0.0468975,0.0754058,0.0585167,0.0390915,0.0402816,0.0495015,0.0275429,0.0352612,0.0338407,0.040346,0.0433474,0.0261583,0.0414406,0.068093,0.0731317,0.134391
965.577,0.0292122,0.039916,0.0326929,0.0689081,0.0254855,0.0398833,0.0184962,0.00564515,0.0107815,0.0277463,0.0316415,0.0390771,0.0298566,0.0626842,0.0334654,0.0382148,0.0495354,0.104848,0.108459
965.896,0.0463841,0.0821266,0.0481125,0.0627753,0.0540541,0.0519469,0.0485356,0.0489307,0.0535935,0.0461239,0.0471397,0.0591752,0.0375735,0.03167,0.0482075,0.0620729,0.0659092,0.0923616,0.114105
966.216,0.0222551,0.0358577,0.00641858,0.011322,0.0163068,-0.0103789,0.00955281,0.00787614,0.0269495,0.0226514,0.00574281,0.0335322,0.00530196,0.00738143,0.0187917,0.03514,0.0325269,0.0744581,0.0585177
966.535,0.0211283,0.0459827,0.0290444,0.0206377,0.0250061,0.023779,0.0178691,0.0286849,0.0259068,0.0136123,0.0140502,0.0200519,0.0360023,0.0165398,-0.00311173,0.039052,0.0370376,0.0580957,0.0906297
966.854,0.0352225,0.0413018,0.0251684,0.0145883,0.0250332,0.0374516,0.0397755,0.0283584,0.0148508,0.0272579,0.0286201,0.00709435,0.0293827,0.0139973,0.0255055,0.0310693,0.0430188,0.0469494,0.0765276
967.174,0.0290698,0.0173784,0.0105527,0.0116706,0.003626,0.0420108,0.0200172,0.00618515,0.00932055,-0.00135792,0.00906501,-0.00646745,0.00930827,0.0130433,0.0247001,0.00134391,0.0436542,0.0529561,0.10407
967.493,0.0451492,0.0558602,0.0499948,0.0563713,0.0291059,0.0474886,0.0529421,0.0221177,0.0402521,0.035702,0.0322809,0.050568,0.0255117,0.0165476,0.0480017,0.0481847,0.0608462,0.0833147,0.110869
967.811,0.00838027,0.00988171,0.00349828,0.00143876,0.0113612,0.0197586,0.0127951,0.0112387,0.0110524,-0.00979255,0,-0.0250387,0.00242115,0.0180098,0.0191834,0.0171428,0.0346,0.0587157,0.0671792
968.13,0.0500546,0.0351109,0.0360839,0.053595,0.0135871,0.0210188,0.0211284,0.0206986,0.0366386,0.0357955,0.00538318,0.0256373,0.0400959,0.0222269,0.0335133,0.0252831,0.0588268,0.0738333,0.06173
968.449,0.0211978,0.044589,0.0562392,0.0440117,0.0298029,0.0158984,0.0313659,0.0333382,0.0319464,0.0177559,0.0260646,0.0101991,0.0214706,0.00485452,0.0275312,0.0286283,0.0574507,0.078511,0.0819866
968.767,0.0615,0.0484504,0.0484501,0.0291014,0.0612123,0.0449543,0.0379147,0.0416959,0.0192233,0.0543302,0.0628175,0.0324389,0.0487618,0.0490928,0.0621679,0.0257006,0.0742657,0.0781266,0.118941
969.086,0.0296665,0.0298225,0.0536886,0.0463043,0.0317341,0.0432887,0.0350647,-0.000972464,0.0270492,0.017235,0.0377869,0.0498445,0.0399727,0.0542792,0.030828,0.0295798,0.0571213,0.0714515,0.0809942
969.404,0.0360786,0.0358705,0.0112127,0.0113748,0.0332458,0.0195845,0.0227664,0.0399349,0.0307389,0.0323028,0.016846,0.022078,0.0395515,0.0594395,0.035512,0.0379688,0.032834,0.0510372,0.0801233
969.722,0.0530092,0.0693704,0.0411057,0.0448973,0.0317234,0.0457459,0.0528026,0.0107214,0.0435849,0.0622376,0.0320554,0.0607655,0.0168682,0.0647194,0.0525098,0.0753278,0.0867317,0.100704,0.102906
970.04,0.0237387,0.0284988,0.0148637,0.00530958,0.0172853,0.0253232,0.0242859,0.025942,0.0250144,0.0441581,0.0179037,0.0318126,0.0207483,0.0259975,0.0411518,0.031959,0.051138,0.0538333,0.0977101
970.358,0.0340938,0.0368819,0.0360862,0.0294891,0.0395927,0.0303312,0.0340398,0.0353956,0.0274792,0.0337458,0.0164599,0.0208537,0.0354707,0.0174311,0.0298164,0.0170561,0.0598072,0.068565,0.0886625
970.676,0.0516656,0.0427979,0.0541819,0.0447546,0.0848916,0.0510184,0.0581641,0.0217285,0.0528532,0.0337788,0.0319266,0.0232695,0.0462531,0.0247412,0.0559869,0.0354139,0.0664865,0.0754691,0.0807869
970.993,0.0730965,0.0655832,0.0803644,0.0756975,0.0647211,0.0413375,0.0436077,0.0632248,0.065492,0.0702547,0.0369719,0.026765,0.0741244,0.0649692,0.0341884,0.0633537,0.0674702,0.106442,0.108772
971.311,0.0253249,0.0296065,0.0149722,0.00821964,0.00472551,0.0281331,0.00762366,0.0273326,0.0374306,0.0520983,-0.00636977,0.0283716,0.00471528,0.0213816,0.0114191,0.0366041,0.05956,0.07044,0.0812181
971.628,0.0489601,0.0319472,0.0415663,0.033963,0.0116312,0.0282606,0.0281049,0.0303099,0.0191549,0.0442666,0.0287735,0.0301396,0.0326252,0.0463236,0.0227435,0.0304981,0.0490812,0.0722478,0.104457
971.945,0.0444056,0.0604428,0.0482014,0.0280859,0.022005,0.0677596,0.0215682,0.0327668,0.0329031,0.0287676,0.0206835,0.0191186,0.011518,0.0356019,0.0361115,0.0220432,0.0504119,0.0669569,0.0907968
972.262,0.0427655,0.0278136,0.0284703,0.017361,0.0188883,0.0319809,0.00489863,0.00952385,0.0173598,0.00911211,0.0080401,0.0260589,0.0292577,0.0264177,0.0240729,0.0562661,0.0406517,0.0782541,0.104565
972.579,0.0207481,0.0332798,0.0753752,0.0336618,0.0512023,0.00976952,0.011118,0.0461867,0.0116997,0.0201898,-0.00591837,0.0123608,0.0478265,0.029859,0.0405686,0.0524135,0.073664,0.0750664,0.101083
972.896,0.079491,0.052442,0.0561959,0.0533472,0.0190991,0.0526043,0.056462,0.0634946,0.0505882,0.0275986,0.014605,0.0255427,0.0328529,0.0103841,0.0765924,0.036348,0.0534915,0.0884248,0.106003
973.213,0.05519,0.0565427,0.0361224,0.0665564,0.061046,0.04642,0.0118529,0.0777876,0.044351,0.0124914,0.0314981,0.00512164,0.0253138,0.0311625,0.0617507,0.0610213,0.0789709,0.0773357,0.109388
973.53,0.047981,0.0586972,0.0431083,0.0746724,0.0443437,0.0538333,0.0467508,0.0387264,0.0315022,0.0403422,0.0382501,0.0462041,0.0115145,0.0580964,0.0518725,0.05207,0.0826827,0.0769369,0.12314
973.846,0.0788788,0.054674,0.0404131,0.0257198,0.0558116,0.0506246,0.0532849,0.0393469,0.0421699,0.0187592,0.0395263,0.0116509,0.018702,0.0410161,0.0494758,0.0245386,0.0527275,0.0889665,0.103316
974.162,0.0437969,0.0472826,0.0648326,0.0563716,0.0457534,0.0451261,0.0459434,0.056714,0.057538,0.0164225,0.0347226,0.0409081,0.0158283,0.0508735,0.0442769,0.0568297,0.0467594,0.0915341,0.102567
974.479,0.0673898,0.0421383,0.0711527,0.0526962,0.0282484,0.0653899,0.0359064,0.0509553,0.0593971,0.0752258,0.030361,0.028607,0.0468056,0.0376715,0.0528346,0.0697194,0.0789185,0.0922913,0.0909176
974.795,0.0442763,0.0440928,0.0272418,0.0175646,0.0386021,0.0259078,0.0223242,0.0366349,-0.00378973,0.0269671,0.0184563,0.0033686,0.00506088,-0.00480859,0.034105,0.0403597,0.0289576,0.060224,0.107666
975.111,0.0527117,0.0499524,0.0206555,0.0271661,0.0185538,0.0208449,0.00623577,0.00786298,0.0356752,0.0169147,0.0400271,0.0415659,0.0243067,0.0306348,0.0205091,0.0491378,0.0433989,0.0789763,0.0834328
975.426,0.0428443,0.0550626,0.0517932,0.0639359,0.0481834,0.0530793,0.0422209,0.039967,0.058887,0.0404946,0.0279778,0.0417742,0.0750789,0.0389347,0.0687505,0.0544908,0.0672471,0.115242,0.147128
975.742,0.00884081,0.0153734,0.021459,-0.0273602,-0.0136642,-0.00841535,-0.0104171,0,-0.0306097,-0.0301927,0.00158846,-0.0241279,0.0114101,-0.00052803,0.0151485,0.009296,0.011635,0.0527908,0.0512427
976.058,0.0695707,0.0791457,0.042643,0.0492986,0.0446945,0.0359965,0.0716429,0.0525117,0.0255557,0.0736798,0.0269972,0.0210551,0.0410193,0.0702489,0.038885,0.0548117,0.0946937,0.055642,0.127214
976.373,0.0256081,0.0282934,0.0600749,0.0779764,0.0605423,0.0488106,0.0157453,0.0309776,0.0282517,0.0554248,0.0172971,0.044844,0.0525201,0.0336146,0.0436653,0.0340809,0.0614887,0.0767298,0.106765
976.688,0.0320138,0.0186738,-0.0169675,0.0254147,0.00684684,0.0275745,0.0380016,0.00446414,0.0301128,0.0219865,0.0300848,-0.0177289,0.0283342,0.0390456,0.0450373,0.0109201,0.0227365,0.0724413,0.0755459
977.004,0.0124803,0.028914,0.0336504,0.0330591,0.0439372,0.0172718,0.0133567,0.0399605,0.0322626,0.0325149,0.0024295,0.0314064,0.0275492,0.0288902,0.0260847,0.0435394,0.0800739,0.0623004,0.0883793
977.319,0.0500928,0.0542712,0.0327569,0.0576522,0.0417492,0.0380412,0.0669159,0.0458473,0.0304682,0.0367022,0.0154602,0.0501995,0.00416906,0.0496408,0.0378888,0.0513279,0.0689913,0.0794035,0.123335
977.633,0.040854,0.0249362,0.0120913,0.0479991,0.0387513,0.00114967,0.00400258,0.00856305,0.0374697,0.0234342,0,0.00355502,0.0261539,-0.0115486,0.00985268,0.0181083,0.0510231,0.0421631,0.084853
977.948,-0.00105613,0.0134136,0.0234247,0.0143275,0.00372514,0.00103311,0.0276254,0.00724967,0.00384445,0.0312871,0.00690403,0.00531946,0.0368094,0.0183331,0.0236671,0.0140078,0.0540861,0.0550751,0.0801929
978.263,0.0302014,0.0406454,0.0296472,0.0334455,0.00800004,-0.00278573,-0.00383801,0.0144001,0.0187661,0.0115479,0.00968679,0.021197,0.0120978,0.0562982,0.0588522,0.0173924,0.0735704,0.0796941,0.0950441
978.577,-0.0112321,0.0500911,0.00239667,0.0228942,-0.00522883,0.0208569,-0.00427003,0.0434525,0.043456,-0.00843831,-0.0137692,0.000588463,0.00240277,0.0176218,-0.000585786,0.0443004,0.0331646,0.0409306,0.0638854
978.892,-0.0331854,-0.0100169,0.0214233,0,-0.0229029,0.008268,-0.0289086,0.0229316,-0.0327521,-0.0121361,-0.0151923,-0.0326026,-0.0180489,-0.0282966,0.0193037,0.00848868,0.0564884,0.0502858,0.0440162
979.206,0.0728295,0.0306362,0.0391464,0.0402809,0.0594472,0.0230723,0.0227594,0.0403827,0.0161803,0.0441978,0.054262,0.0398393,0.00172415,-0.00572315,0.0383823,0.0344192,0.0428699,0.0677186,0.0832161
979.52,0.0782242,0.047514,0.0435212,0.00796704,0.0368259,0.0425038,0.050778,0.0311972,0.0636305,0.0498121,0.0553279,0.0201679,0.0126992,0.00960237,0.0217971,0.0422565,0.0504514,0.0864993,0.0781914
979.834,0.0680374,0.0754311,0.0457038,0.0621281,0.0722223,0.0812424,0.0514426,0.0292024,0.0277708,0.0558518,0.0267682,0.0555978,0.0531845,0.0577727,0.0678716,0.0470434,0.108389,0.118239,0.086643
980.148,0.0641141,0.0436705,0.0357257,0.0391435,0.058445,0.0412445,0.00380405,0.0244854,0.0170098,0.0427105,0.0402152,0.0177446,0.0352032,0.03971,0.0352631,0.0785036,0.0660462,0.0764333,0.115896
980.462,0.0546431,0.0362376,0.0186447,0.0337353,0.0615817,0.054402,0.0426417,0.0764929,0.0460648,0.0234144,0.0237524,0.0569671,0.0325465,0.0663535,0.055977,0.0605601,0.0374296,0.0880998,0.118954
980.776,0.0648834,0.0538269,0.0687891,0.056135,0.0857188,0.0603279,0.0551671,0.0488011,0.0379111,0.0564556,0.0268234,0.0537896,0.0246179,0.045163,0.0334961,0.0861614,0.0592364,0.0969748,0.128375
981.089,0.0930004,0.0208339,0.0407241,0.0288078,0.0375326,0.0133173,0.0214096,0.0514819,0.0119156,0.0186578,0.0551716,0.0202302,0.0589518,0.0363758,0.0255372,0.0390691,0.0552594,0.0689634,0.129009
981.402,0.0416723,0.064968,0.0956274,0.0508628,0.034353,0.0692036,0.0554894,0.0285597,0.08698,0.0571502,0.086092,0.041686,0.035696,0.0592662,0.092085,0.0792033,0.0932256,0.109072,0.105449
981.716,0.0635204,0.0662436,0.0798367,0.0391,0.034147,0.00431737,0.0247828,0.0564978,0.0579379,0.0533378,0.0240278,0.035894,0.0557589,0.0242021,0.0141236,0.0413795,0.0717339,0.0602232,0.116767
982.029,0.0843878,0.0831727,0.0778649,0.0649605,0.0697257,0.0610652,0.0262496,0.0493629,0.069509,0.0645609,0.0478779,0.0647771,0.0651772,0.0797259,0.094197,0.0564916,0.084114,0.117112,0.148004
982.342,0.0819355,0.0552699,0.0296179,0.0315631,0.0378745,0.0417976,0.0259798,0.0398174,0.0418901,0.0235324,0.0194217,0.0551192,0.0392797,0.0381057,0.0601894,0.0418537,0.077587,0.0884766,0.128401
982.655,0.034293,0.0769786,0.045129,0.0672515,0.0428147,0.058955,0.0215614,0.0656261,0.0675825,0.0513624,0.0449868,0.0718495,0.0935564,0.0400664,0.0317337,0.0354311,0.0614923,0.0921087,0.118251
982.967,0.0866954,0.0743713,0.0581268,0.051815,0.0722805,0.0430566,0.0825729,0.0547448,0.0794272,0.0804946,0.0539869,0.0387512,0.0443836,0.0862479,0.0671532,0.0317024,0.110905,0.105353,0.10914
983.28,0.0410252,0.0467732,0.0233539,0.0529988,0.0145967,0.0265333,0.0458529,0.0140575,0.0355192,0.0373004,0.00745161,0.0209337,0.0131495,0.0455467,0.0325998,0.0311003,0.0317226,0.0671972,0.119109
983.592,0.0386909,0.0470117,0.0488113,0.0242816,0.0235569,0.0745058,0.0423222,0.0226344,0.0371453,0.0422423,0.0569105,0.0529524,0.065332,0.0466747,0.04805,0.0608817,0.0531987,0.0727601,0.108735
983.905,0.00328423,0.0275878,0.0603535,0.0240163,0.0614793,0.0579346,0.0183745,0.0278605,0.0452403,0.0194979,0.0215194,0.0194512,0.0522812,0.014338,0.0460584,0.0479083,0.0870693,0.055338,0.0901495
984.217,0.0465976,-0.00412742,0.00555414,0.0211122,0.0119974,0,-0.0265605,-0.0114994,-0.0339877,0.000685704,-0.000711377,-0.0324688,-0.0148481,0.0236965,0.00345535,0.015671,0.0372664,0.0696727,0.0980387
984.529,0.04304,0.0364984,0.0622104,0.027096,0.0307502,0.053531,-0.0120407,0.0306357,0.0517882,0.0413291,0.018774,-0.00732732,0.00683666,0.0657142,0.046112,0.0382724,0.0360901,0.0650043,0.0974676
984.841,0.0527679,0.0802011,0.0692259,0.0734855,0.0841239,0.0794698,0.0886222,0.0786423,0.0537351,0.0567434,0.0486445,0.0523138,0.0463007,0.0653735,0.0392718,0.0385689,0.0802956,0.10945,0.123853
985.153,0.0674825,0.0749324,0.0322065,0.067841,0.0766841,0.0605646,0.0541885,0.0387425,0.0621258,0.0262327,0.0488141,0.012626,0.0662985,0.0465962,0.066641,0.039293,0.0856935,0.0958858,0.0914809
985.465,0.00650134,0.0485645,0.0459582,0.0182805,-0.01694,0.0308169,0.0121113,0.00706522,-0.0135295,0.055979,-0.0126618,0.0145531,0.0257614,0.0397571,0.0398636,0.0254707,0.0418135,0.0614076,0.106418
985.776,0.00699933,0.0651861,0.0122862,0.0116037,0.00558853,0.00881451,0.0157668,0.0210083,0.032913,0.0273811,0.0202091,-0.00290048,0.0308423,0.000678361,0.0369159,0.0366495,0.0673009,0.059444,0.108702
986.088,0.0942107,0.0959282,0.0389333,0.0343192,0.0846698,0.0565057,0.0391686,0.0365793,0.041494,0.0925332,0.0729891,0.0180632,0.0494835,0.0710808,0.0828511,0.0499693,0.046787,0.13994,0.147039
986.399,0.124981,0.109683,0.106947,0.101276,0.105679,0.0919239,0.0620582,0.0856039,0.0459459,0.081237,0.0996517,0.097645,0.0936762,0.0591464,0.0845687,0.0881288,0.119208,0.122554,0.168766
986.71,0.0279317,0.0555373,0.077377,0.0410811,0.0231977,0.03214,0.0357794,0.0351455,0.0195068,0.0304884,0.0582131,0.038675,0.0379994,0.0239183,0.0643012,0.0602558,0.0743844,0.0912464,0.12258
987.021,0.0707832,0.0636987,0.0544763,0.0479173,0.0670769,0.0480369,0.0295501,0.0344429,0.0282443,0.0416168,0.032254,0.0427483,0.0177383,0.0851798,0.0380182,0.0703576,0.0522718,0.0590449,0.131204
987.332,0.0043042,0.030986,0.00321149,0.0018905,0.00658802,0.0364373,-0.0136667,0.010571,0.026057,-0.0101737,-0.00376416,0.0109025,-0.0136133,0.00183045,0.0451935,0.0250078,0.0404647,0.0409208,0.0732814
987.643,0.0269162,0.057896,0.00954043,0.0304681,0.045631,0.0410567,0.00585074,0.0356619,-0.000633798,0.0152188,0.021952,0.0201503,0.0228998,0.0194528,0.0389443,0.0215276,0.0485604,0.05151,0.0914502
987.954,0.0868855,0.04538,0.0688633,0.0565716,0.0695261,0.0632919,0.0553359,0.067511,0.0170622,0.0353067,0.0927037,0.0387901,0.0671616,0.0660968,0.0803766,0.0911827,0.100557,0.0588215,0.0999082
988.264,0.0532613,0.013338,0.0299447,0.0213587,0.0436892,0.0396989,0.0392331,0.0718672,0.0531735,0.0372566,0.0311036,0.0588312,0.0565173,0.0439239,0.0410162,0.0704424,0.087147,0.123483,0.0902514
988.575,0.0243195,0.0116913,-0.0195399,-0.0138388,0.0213138,0,0.0112672,0.00863385,-0.0349566,-0.00349206,-0.0202852,-0.0252336,-0.0316407,-0.0435746,0.0263421,-0.00139039,0.00716075,0.0631144,0.055118
988.885,0.0298144,0.043027,0.000772639,0.0201398,0.0118364,0.047738,0,0.00957358,-0.00617797,-0.0199365,0.0389293,0.023651,-0.0253809,0.0563739,0.0419928,0.0311911,0.026797,0.0925669,0.101421
989.195,0.00435418,0.0566632,0.0240313,0.0139288,0.0151487,0.00900658,0.00433997,0.00432586,0.0724159,0.0156655,0.0252205,-0.00199431,-0.050451,0.00353401,-0.0283776,0.0175303,0.0269588,0.105092,0.0779923
989.505,0.00970398,0.0221286,0.00324342,0.0290023,-0.000640702,0.00597408,-0.019283,0.00775899,0.00433642,0.00255733,0.0307044,-0.0114835,0.0124284,0.00791717,-0.00382783,0.0175822,0.00126249,0.0870436,0.10175
989.815,0.0300915,0.0252632,0.0235379,0.0470766,0.0130603,0.0503916,0.0208027,0.0314569,0,0.0371639,0.0142318,0.00862581,0.036402,-0.0347368,0.0263914,0.009364,0.0404265,0.0734425,0.0977668
990.125,0.0502331,0.0188034,0.0212399,0.00215519,0.0181176,0.0350552,-0.0100031,-0.00768129,-0.00217292,0.00806024,-0.015845,-0.0315066,0.0140312,-0.0050646,0.0402565,0.0419638,0.0398616,0.0839865,0.0757919
990.434,0.0721729,0.0595953,0.0759815,0.0541878,0.0317946,0.0602908,0.0201511,0.0364519,0.0193935,0.0307064,0.00554398,0.0342633,0.0285536,0.0166768,0.0343912,0.0455095,0.0476395,0.0585587,0.0779397
990.744,-0.00493146,0.0451783,0.0529478,0.0530913,0.0272775,-0.0033002,-0.0149653,0.0589733,0.017527,0.0198337,0.0123893,0.0097098,0.00650454,-0.0234947,0.00836929,0.0458801,0.0614226,0.0959811,0.0838813
991.053,0.0294181,0.0471501,0.0293239,0.0143133,0.0511453,0.0266815,0.0759058,0.0321944,0.0296384,0.0745659,0.0386458,0.0053753,0.040538,0.019054,0.0355564,0.0484774,0.0474067,0.0790303,0.0889688
991.362,0.0591386,0.0455276,0.0547633,0.0473651,0.0474302,0.033942,0.00570793,-0.00144487,-0.00911635,0.0571582,0.0421243,0.0330063,0.0657364,0.0492788,0.0431202,0.0468794,0.0592662,0.0855797,0.113116
991.672,0.00538538,0.0143171,-0.011179,0.0122437,-0.0391702,-0.0180853,-0.00375593,0.0164927,-0.0357739,-0.031546,-0.0179552,-0.020264,0.0343677,0.0221481,-0.0155034,0.00691292,0.0100554,0.0714335,0.103622
991.981,0.0567857,0.109523,0.0418914,0.0069186,0.0637448,0.0823912,0.0217931,0.0449714,0.0199927,0.0199766,0.0114235,0.028455,0.016468,0.0273192,0.05594,0.0772747,0.0492978,0.0772752,0.0944477
992.289,0.0685947,0.0400051,0.0297585,0.0240227,0.0259962,0.0281056,0.0203948,0.0439179,-0.00152754,0.0350442,0.0129286,0.0349577,0.0227104,-0.00959287,0.0312471,0.0384579,0.0997853,0.081514,0.087248
992.598,0.0265169,0.00176983,0.0386828,0.0214359,0.0399827,0.0138392,-0.0111813,0.0319861,0.00964502,-0.0229813,-0.0433109,-0.0397877,0.00424573,-0.0177241,0.0194872,0.000859618,0.0128367,-0.00174665,0.0880553
992.907,0.0602083,0.0323539,0.0226174,0.0724993,-0.00793729,0.0522954,0.0466968,0.0295285,0.0273292,0.0354541,0.0365839,0.0851536,0.0500914,0.00278523,0.0188646,0.0550562,0.0495298,0.0707489,0.10537
993.215,0.0493838,0.0946008,0.0881387,0.0753343,0.0642814,0.10885,0.0681808,0.0358151,0.0500644,0.104295,0.0725933,0.0917076,0.0650449,0.044619,0.072036,0.065619,0.102875,0.147857,0.116628
993.524,0.0401841,0.0742678,0.0378684,0.0500073,0.0534315,0.0544891,0.0786273,0.0224256,0.0421772,0.0680827,0.0453489,0.0337296,0.0244162,0.0724175,0.0054012,0.0427496,0.0854978,0.0993569,0.15587
993.832,0.0783696,0.0728544,0.0784154,0.0748584,0.0517387,0.0327462,0.042464,0.0269943,0.0541533,0.0445827,0.0661744,0.0427231,0.0405285,0.0773517,0.0526215,0.0570043,0.0895453,0.136308,0.137139
994.14,0.0502177,0.0249854,0.0146503,0.0516855,0.0232847,0.0549598,0.0501157,0.0209337,0.00964927,0.0268559,0.0282586,0.00850801,0.0508815,0.0412237,0.0567565,0.0379163,0.0615551,0.0478138,0.066037
994.448,0.076915,0.0758629,0.103342,0.0569496,0.0794382,0.079767,0.103989,0.0505147,0.0609435,0.0459903,0.0730728,0.0840854,0.0600652,0.043703,0.0728879,0.0822448,0.0961417,0.114348,0.137106
994.756,0.0296125,0.0585986,0.0589395,0.0740862,0.0283754,0.0601304,0.0395389,0.0711205,0.0108264,0.0254022,-0.00239404,0.0552271,-0.00721144,0.0148918,0.0424179,0.00798941,0.0596748,0.0846269,0.0918326
995.063,0.0536316,0.0811818,0.0461625,0.0340322,0.0311163,0.0108545,0.0302494,0.0450031,0.0337512,0.0315191,0.0275692,0.0407154,0.0050386,0.0264897,0.0410716,0.037325,0.0753261,0.0484959,0.0934348
995.371,0.0321477,0.032501,0.00722244,0.00716766,0.0578676,0.0257252,-0.0136665,0.0593496,0.0293467,0.0129858,0.0322389,0.042585,-0.0166469,0.0175789,0.0129496,0.0132151,0.0159561,0.0661647,0.101718
995.679,0.0393203,0.0554511,0.0138982,0.0475347,0.0558006,0.064652,0.110755,0.0469459,0.0371561,0.0101946,0.0421717,0.014009,0.0169092,0.0262415,0.00164137,0.0604351,0.0348428,0.0511164,0.131722
995.986,0.00942727,0.0261034,0.0462793,0.0252657,-0.0077227,0.0588652,0.0586538,0.0223711,0.0450914,0.0340305,0.0389243,0.0442936,-0.01051,0.0253039,0.00581717,0.0579264,0.0515448,0.148702,0.14163
996.293,0.0300802,0.0302834,0.013201,0.0394923,0.0489279,-0.00162993,-0.0138291,0.0488681,0.020367,0.0726659,0.0136376,0.0280774,0.0375344,-0.00240374,0.0166872,-0.0115365,0.0428805,0.0713108,0.103214
996.6,0.0636802,0.00979362,0.00664938,0.0636544,0.0245646,0.00398375,0.0146476,0.0548809,0.0615273,0.0676689,0.0409878,0.0151383,0.0363631,0.0412625,0.0419316,0.0390527,0.0801653,0.0850048,0.084223
996.907,0.0630532,0.0338135,0.0821915,0.0637261,0.0357615,0.0736956,0.0122975,0.0274144,0.0372587,0.012093,0.0312793,0.0139949,0.054611,0.033085,0.0259465,0.0762814,0.0667281,0.0774303,0.139902
997.214,0.121622,0.0788306,0.0404856,0.0754468,0.091979,0.0478909,0.0776124,0.0500269,0.0609924,0.0683148,0.108171,0.0474829,0.10762,0.0524562,0.118625,0.136734,0.092269,0.0699586,0.109289
997.52,0.024841,0.044726,0.0293651,0.0717971,0.0169773,0.0607529,0.0247987,-0.0163483,0.0570293,0.0341735,0.0197688,0.0330968,0.0258624,0.0339834,0.0550483,0.0987346,0.0783554,0.0567311,0.0897072
997.827,0.00608518,0.0513775,0.0110628,0.0361718,0.0253949,0.0119075,0.015794,0.013332,0.0366459,0.012445,0.0453055,-0.00153352,0.0122606,0.0217652,0.0300209,0.00867563,0.0546326,0.095432,0.08096
998.133,0.0294754,0.0411229,0.00079999,0.00705562,0.0450498,0.0443891,0.020286,0.00316117,0.00157952,0.00933887,-0.0122408,0.0379536,0.0312124,-0.011094,0.00612039,0.00921061,0.0310678,0.0438364,0.0527454
998.44,0.0471455,0.0554201,0.000880225,0.021461,0.0510862,0.029136,0.0159144,0.0319964,0.0569516,0.0321542,0.0196186,0.0178686,-0.0105823,-0.00175397,0.0083433,0.0149881,0.0959758,0.0785726,0.112134
998.746,0.0806542,0.0116828,0.0310158,0.0397322,0.0547238,0.0346527,0.0142242,0.0250195,0.0060184,0.00422323,0.0077862,0.0608969,0.00837844,0.016623,0.0373159,0.0448936,0.0376742,0.0857478,0.110152
999.052,0.0750311,0.0498534,0.0777066,0.103722,0.0607478,0.0538405,0.0785305,0.0363309,0.0772984,0.0436349,0.0542089,0.0488811,0.079936,0.0492528,0.0869173,0.0765225,0.129114,0.11132,0.120936
999.358,0.0402077,0.082243,0.0305983,0.0401248,0.016494,0.0214762,0.0714088,0.0139767,0.0336488,0.0354676,0.055946,0.0452233,0.0356441,0.0297542,-0.000888121,0.0467654,0.0235322,0.0634088,0.120793
999.664,0.00443561,0.0184999,-0.0134034,0.0595479,-0.00680945,0.00353664,-0.00261234,-0.046121,-0.0165014,0.00757779,0.0079204,0.00172118,-0.00263313,0.0400278,-0.000856691,0.0196911,0.00260549,0.0141089,0.0800869
999.969,0.00556194,0.046286,0.026501,0.0351638,0.0164823,0.0351638,0.0238042,0.0628629,0.0530203,0.0725922,0.0271396,0,0.0102744,0.0682779,0.0604762,0.042124,0.0925223,0.0634106,0.0733195
1000.27,0.0681343,0.0485718,0.0536371,0.0851921,0.0679078,0.0398835,0.0367929,0.0705122,0.049512,0.0466145,0.0358146,0.0406955,0.0442695,0.0789605,0.0484332,0.0729223,0.0757256,0.125523,0.124226
1000.58,0.0907841,0.0649963,0.0586266,0.0646825,0.0306048,0.0551433,0.0409533,0.0420772,0.045272,0.0698003,0.0956169,0.0369519,0.0759514,0.0873102,0.0756611,0.0658945,0.0906751,0.120725,0.106901
1000.89,0.032676,0.0128698,0.0136665,0.0658347,0.0554619,0.0142845,0.0416258,0.0324006,0.00626625,0.0428784,-0.0196299,0.0415668,-0.00647513,-0.0074728,0.0482349,0.0761689,0.0429686,0.120062,0.0800723
1001.19,-0.00459775,0.0625343,0.00686509,-0.00394803,0.00734483,-0.00162198,0.0128333,0.0283257,0.0227907,0.029535,-0.0162311,-0.0298409,0.00311213,0.0117646,0.00557246,0.00858124,-0.00395338,0.00563779,0.0690225
1001.5,-0.0730988,0.0251374,-0.0150748,-0.035426,0.029431,-0.000856228,-0.0124252,-0.00340644,0.0198956,-0.0245913,0.00886894,-0.0263661,-0.000913186,-0.0321875,0.00525494,0.0113464,0.00597335,0.0181243,0.0438162
1001.8,0.0153003,0.0603549,-0.0122288,0.0723012,0.0484006,0.0716578,0.0171269,0.0597635,0.0508727,0.0337739,0.101461,0.0266549,0.0303832,0.0401802,0.0563259,0.0368796,0.0413932,0.0751887,0.11916
1002.11,0.0724667,0.0657175,0.0331314,0.071834,0.0702674,-0.0147251,0.0368916,0.0406971,0.0314253,0.0436328,0.0295631,0.081336,0.04328,0.0739543,0.0349471,0.0326543,0.122247,0.0706126,0.115376
1002.41,0.0730645,0.0447808,0.0796269,0.0452112,0.0643289,0.0240029,0.0574917,0.0422856,0.0156275,0.0794217,-0.00738201,0.0947383,0.0282423,0.0379188,0.0762413,0.0503201,0.0960972,0.112578,0.101889
1002.71,0.0643188,0.0500152,0.0502768,-0.0353049,0.0558828,0.0350212,0.0170222,0.051552,0.0229336,0.0470409,0.0577521,0.022525,0.0458408,0.0427864,0.0612508,0.054433,0.0775278,0.0794879,0.113246
1003.02,0.0617218,0.0965901,0.0780851,0.0803415,0.0780169,0.100067,0.116136,0.0790109,0.0705998,0.0695376,0.0986403,0.0521985,0.14745,0.0816759,0.0802145,0.0762937,0.117876,0.14364,0.145447
1003.32,0.0380653,0.0449007,0.037644,0.0822739,0.0290474,0.0531402,0.0773763,0.0727024,0.0481918,0.00387273,0.0632238,0.0394111,0.0215713,0.102116,0.034705,0.0357449,0.0686685,0.0654783,0.0983633
1003.63,0.0659904,0.00869948,0.0206319,0.012205,-0.00565869,0.0493199,0.0310712,0.0592273,0.0135307,-0.029319,-0.0229833,0.0173866,0.0267262,0.04925,-0.0202434,-0.00720682,0.0871479,0.0942133,0.131585
1003.93,0.0274309,0.0559678,0.032959,0.0658857,0.0645573,0.0464912,0.00380236,-0.0173194,0.0224201,0.00196674,0.0808037,0.036881,0.0233609,0.0545657,0.0019901,0.0367479,0.028004,0.0925419,0.103849
1004.23,0.0572608,0.0606365,0.00501029,0.0825086,0.0442011,0.101515,0.0754036,0.0264002,0.0678265,0.0623893,0.0615975,0.0522744,0.0515911,0.0991269,0.0125497,0.043151,0.0905364,0.110915,0.0774059
1004.54,0.0804873,0.0727705,0.0240417,0.038986,-0.0169583,0.0721758,0.0425177,0.0717141,0.010333,0.0262634,0.0499349,0.0247814,0.0171482,0.044602,0.0834416,0.0207105,0.0943686,0.100731,0.107438
1004.84,0.0705863,0.0956742,0.0623185,0.0712554,0.113964,0.0341853,-0.001928,0.0755936,-0.00192654,0.0880384,0.0475863,0.0627918,0.0485017,0.0273868,0.0581424,0.130691,0.0527435,0.100697,0.125208
1005.15,0.115895,0.0401391,0.0616803,0.0409487,0.0853813,0.0559378,0.0581548,0.068331,0.0713726,0.0593266,0.081781,0.0799403,0.0882909,0.0746945,0.105921,0.0930567,0.0663464,0.110832,0.155233
1005.45,0.0669822,0.022137,0.0254653,0.0856898,0.0404278,0.067904,0.0036555,0.0591237,0.0175302,-0.00603685,-0.0105152,-0.0411073,-0.0101211,0.0921348,-0.0108995,0.0706532,0.0641371,0.110277,0.137304
1005.75,-0.0416241,-0.0450359,-0.00606122,0.01125,0.0955496,0.0294545,-0.032874,0.0034322,0.0192233,-0.0263468,0.0323077,0.00601215,-0.00877215,0.0715663,-0.0417419,0.07425,0.0522545,0.0833727,0.120887
1006.05,0.039117,0.0309782,-0.00206665,0.0142182,-0.0143362,0.0383018,-0.0264924,0.0313308,0.00880768,-0.0275301,-0.0537365,0,0.0055048,0.0219646,-0.0122664,0.00686749,0.0917571,0.0644556,0.0495361
1006.36,0.046493,-0.0248979,0.0435901,0,0.0224565,0.00124184,0.0301666,0.0157952,-0.0476851,0.0188667,-0.0345175,-0.00607995,0.0286561,0.0123678,0.0385414,0.0271871,0.0294793,0.123212,0.0516088
1006.66,0.00338518,0.0295061,0.0540468,0.0370254,0.0241187,-0.00223318,0.0219956,0.0839789,-0.0187706,-0.00321278,0.0662952,0.0116632,-0.0100251,0.0343227,0.0259425,0.0184288,0.00113578,0.0797915,0.0734465
1006.96,0.0330017,0.089372,0.0710177,0.131685,0.0589572,0.122781,0.0511695,0.0676274,0.0874524,0.0390957,0.105822,0.0246865,0.0551122,0.12193,0.122341,0.101039,0.149727,0.183844,0.159801
1007.27,0.0146991,0.0472605,0.00898387,0.0284746,0.0329025,-0.018309,0.0356008,0.0263159,0.0262496,-0.00399283,0.0112321,0,0.0399283,0.000983071,0.0564859,0.0572699,0.0190975,0.0338403,0.0826503
1007.57,-0.0129213,-0.0508677,-0.0302492,0.0108007,0.00969892,-0.0375025,-0.0200418,-0.0235412,-0.0124909,-0.0357895,-0.0190207,0.0308112,0.0258638,-0.0264279,-0.00999663,0.0055241,0.0280139,0.0383004,0.0559739
1007.87,0.109704,-0.0110266,0.0232752,0.0388583,0.0850407,0.04683,0.0258961,0.0702751,0.0963233,-0.00621627,0.0443871,-0.0156616,0.0286183,0.0519529,0.0673838,0.0334855,0.0945617,0.10825,0.132621
1008.17,-0.0599226,-0.0103499,-0.0174796,0.00116132,0.00810946,-0.0729892,-0.0585282,-0.0151587,-0.0327296,-0.0355618,-0.00460413,-0.0306423,-0.0313929,-0.0411475,0.0239261,-0.0266532,-0.0458124,-0.0302557,0.0204055
1008.47,0.0293293,0.038544,-0.0267962,0.0263647,0.059384,0.0433622,0.0631252,-0.0232722,0.0830699,0.0833401,0.0564447,0.0192553,0.0450853,-0.018272,0.0500561,0.0448759,0.104094,0.105095,0.0584643
1008.78,0.0981864,0.0996163,0.0264311,0.0349981,0.0728987,0.0837827,0.126035,0.114027,0.101075,0.0243552,0.0736831,0.0703194,0.105841,0.0500104,0.109987,0.130284,0.0949116,0.133955,0.134516
1009.08,0.0919568,0.0124164,0.0286095,-0.0515944,0.0600162,0.0393633,-0.0341222,0.0532808,0.0116661,-0.011716,-0.0565266,0.0120348,-0.0116167,-0.0175141,0.0248371,0.0354815,0.0390336,0.0452556,0.132418
1009.38,0.0204558,0.0748759,0.0335512,0.0317775,0.0773758,0.0659226,0.0334337,0,0.0237688,0.0590145,-0.0327567,0.0687282,0.0217351,0.0411607,0.0766502,0.010527,0.0925581,0.102454,0.135515
1009.68,0.0663279,0.0844098,0.0599186,0.0490829,0.0635406,0.0376452,0.04692,0.0356218,0.0644475,0.05035,0.0381665,0.110193,0.012734,0.0406418,0.0504831,0.0131002,0.133299,0.101307,0.114067
1009.98,0.0963249,0.128363,0.101552,0.103462,0.0489842,0.0663507,0.0224244,0.0389149,0.0827996,0.0940081,0.0212441,0.0753268,0.0341108,0.0937398,0.0289371,0.061496,0.112854,0.128985,0.156247
1010.28,0.180263,0.136919,0.123746,0.108423,0.12014,0.166656,0.117992,0.0738172,0.155759,0.144132,0.148825,0.160334,0.108225,0.140871,0.0445609,0.148912,0.115801,0.145806,0.228747
1010.59,0.0666032,-0.00370753,0.0901626,0.054394,0.0730007,0.0524665,0.0516463,0.0207621,0.0580625,0.0439162,-0.0262964,0.0760682,-0.00738746,-0.02183,0.0408737,0.0784634,0.0928833,0.109015,0.156078
1010.89,0.0218129,0.103447,0.0777895,0.0441598,0.0579966,0.0970493,0.0734309,0.0394481,0.0667184,0.0915062,0.0434598,0.0510827,0.0280319,0.0460252,0.0434864,0.0712869,0.0267608,0.1282,0.129551
1011.19,0.0844012,0.0419039,0.0364874,0.107023,0.0490558,0.0530978,0.082921,0.0712125,0.0340566,0.0819624,0.0463783,0.0328148,0.0401683,0.0330167,0.094978,0.0439758,0.154062,0.13918,0.0387254
1011.49,-0.00749583,-0.00135404,0.017066,0.00533102,0.00891757,0.0543192,0.0348877,-0.024002,0.011487,-0.0215356,-0.0660308,-0.0241369,-0.0324819,-0.00635776,-0.0371536,0.0224875,0.0415065,0.112357,0.0611381
1011.79,0.0684089,0.0246923,0.0476146,0.0376988,0.0659809,-0.0442927,0.00119612,0.00702733,0.0788966,0.0477559,-0.0464384,0.0272084,0.0188824,-0.0557963,0.0769673,0.0761659,0.0152837,0.0368515,0.0545826
1012.09,0.0398805,0.0335849,-0.00324299,0.0709103,0.110253,0.0684875,-0.0185029,-0.0234399,0.0733052,0.0254488,0.00771712,0.014432,0.0181185,0.0288191,0.0175694,0.0325607,-0.00834753,0.0309257,0.108442
1012.39,0.0705243,0.053977,0.0339802,0.00841065,0.028915,0.0581549,0.0249637,0.064868,-0.00542157,0.0119392,0.0472008,0.00317816,0.0185298,0.0166004,0.0066493,0.09295,0.00632602,0.0870365,0.0995509
1012.69,0.00980948,0,0.0526736,0.0413617,0.0012323,0.0501938,-0.0134747,0.00828703,0.0171326,0.0269959,-0.00498393,-0.00239296,0.0235785,0.0267165,0.0180258,-0.0246016,-0.0227111,0.0979061,0.0251224
1012.99,0.0224532,0.106945,0.0540408,0.0953516,0.0752287,0.146084,0.0977304,0.142815,0.0698667,0.0417208,0.0939074,0.0890304,0.0483523,0.0574279,0.106945,0.149799,0.155848,0.197095,0.15016
1013.29,0.0749412,-0.0455525,0.0647077,-0.0274893,-0.0734983,-0.0583422,-0.0545669,-0.0720849,-0.0447806,0.0172907,-0.0574008,-0.0122302,0.0447591,-0.0206583,-0.0113644,0.0382852,0.0469225,0.158463,0.049141
1013.59,-0.00597051,0.0152171,0.0430284,0.0112936,0.0108756,0.00915004,0.0134909,-0.0465395,0.0238821,-0.0884406,0.0266086,0.0059016,-0.0167222,0.0256684,0.0088524,-0.027372,0.090171,0.0794467,0.0509969
1013.89,0.148537,0.0910881,0.118269,0.11049,0.0991991,0.116579,0.101679,0.1267,0.133222,0.108653,0.101961,0.0112107,0.130889,0.103672,0.0905858,0.0901572,0.0421107,0.127251,0.174826
1014.19,0.0876246,0.032846,-0.0067806,0.0244573,0.0621696,0.0179316,0.0612078,-0.0296982,0.0254013,0.139301,-0.012001,-0.139938,0.0227104,-0.0163175,0.0502381,0.122921,0.0371558,0.0119639,0.0915165
1014.49,-0.0180809,-0.0544816,-0.0496757,0.0168068,0.0691591,0.0273297,0.0958627,0.0417487,0.0423817,0.00161997,-0.00496757,-0.0222538,0.0301875,0.0545282,-0.019987,-0.00677347,-0.010586,0.0161165,0.14669
1014.79,0.0216951,0.00584053,-0.0290162,0.066005,0.0253701,0.0522258,0.031455,-0.0491141,0.0336053,-0.0179571,-0.0550463,0.00932628,-0.0231776,0.0776162,0.00434795,0.0190305,0.0661869,0.0939157,0.0324486
1015.09,0.016316,0.127602,0.0716388,0.087116,0.0605933,0.0808322,0.0681723,0.111999,0.161511,0.0425869,0.0574989,0.0363955,0.0146995,0.0382896,0.13508,0.0955493,0.0972276,0.0830946,0.143426
1015.39,0.0738458,0.0803622,0.105313,0.0256175,-0.0393837,0.0982458,-0.00415554,-0.00282246,0.0602717,0.0420577,-0.0286043,0.0714539,0.0640601,-0.00138971,0.109466,0.0127575,0.142711,0.0825728,0.17681
1015.68,0.0884609,0.111053,0.0378482,0.0852821,0.0773752,0.0563087,0.0163939,0.0331779,0.00465062,0.0428483,0.0620374,0.0694765,0.0566053,0.028324,0.00846252,0.0733888,0.0876681,0.136428,0.16264
1015.98,0.136725,0.0565486,0.0433255,0.0319748,0.0609044,-0.00794618,0.0606849,0.0665425,0.0354551,0.0110656,0.00621111,0.038486,0.0511284,0.0283641,0.0524336,0.00148171,0.0886741,0.048541,0.155386
1016.28,0.0262027,-0.00726505,0.0120833,-0.0240041,0.0180874,-0.022243,-0.0383738,0.0136455,0.0295381,0.00125792,0.0620398,-0.0300524,-0.0495672,-0.0415587,0.00125385,0.0189301,0.0232233,0.0205937,0.0705554
1016.58,0.0134024,0.0501095,0.042875,0.0056635,0.0199091,-0.0285222,0.00582378,0.0174989,0.0262014,0.0305398,-0.00371218,-0.00936715,0.0303473,-0.00239736,0.00994343,-0.015874,0.0627653,0.0401354,0.0264566
1016.88,0.0242087,-0.061572,0.0141741,0.0391481,0.00475113,-0.0115578,0.0188668,0.0394436,-0.00608484,0.0414858,0.00247358,-0.0506533,0.0304242,0.00952211,-0.0488877,0.0375935,0.069072,0.0623987,0.0232966
1017.18,0.0204422,0.051215,0.0425198,0.0775101,0.0237731,0.0301987,0.082241,-0.00121485,0.127097,0.0377598,0.0291711,0.0580519,0.0397846,0.0466126,0.0816765,0.0617888,0.0351985,0.0902975,0.101885
1017.48,0.0900723,0.073088,0.0897418,0.0579306,0.0665781,0.0999963,0.065618,0.0633663,0.12223,0.0682108,0.050275,0.0974614,0.0966258,0.0423885,0.0858621,0.0826265,0.0647991,0.0888555,0.176204
1017.77,0.0294834,0.0515735,0.0948934,0.0290617,0.0338681,0.0239643,-0.00923675,0.0322502,0.0145951,0.0172661,0.0792513,0.0287142,0.0335101,0.0624827,0.0697434,0.0508564,0.0747936,0.0415363,0.107994
1018.07,0.0132839,-0.0123109,0.0273125,0.0485431,0.0247591,-0.129449,-0.0678604,-0.0275274,0.0361447,-0.0282321,0.0105956,0.0421574,0.0148449,0.0976642,-0.0032282,0.0244859,0.0944621,0.0551775,0.141698
1018.37,0.0211023,-0.0196657,-0.0247942,-0.00464185,0.0769452,0.0327924,0.0251878,0.0466811,0.0339663,-0.0342955,0.0335424,0.0241751,0.0644724,0.0365043,-0.0176794,0.0283034,0.0562081,0.149753,0.0950596
1018.67,0.0909691,0.136587,0.0864039,0.112361,0.0927334,0.10257,0.134634,0.10513,0.122238,0.0506592,0.0604537,0.121085,0.0844953,0.12569,0.168342,0.100568,0.144609,0.119146,0.217899
1018.96,0.105826,0.0792719,0.0353693,0.0561993,0.0123773,0.0829698,0.0385494,0.068437,0.0156595,0.0764407,0.0754309,0.0119156,0.0509212,0.0933806,0.0621449,0.0346471,0.0556746,0.104177,0.0864976
1019.26,0.0728463,0.1437,0.132867,0.0379596,0.102356,0.144313,0.0603487,0.103717,0.0717479,0.053022,0.0112014,0.0938198,0.0490174,0.0505545,0.04479,0.0647344,0.110731,0.0497646,0.146345
1019.56,-0.0714809,-0.0287371,-0.0307161,-0.0738598,-0.0404022,-0.0793896,-0.0461149,-0.0859603,-0.0114903,-0.0572872,-0.0798312,-0.100578,-0.0638477,-0.06053,0.0237406,-0.00655752,-0.109305,-0.048763,0.0444622
1019.86,0.0701691,-0.00642134,0.0571066,0.0556121,0.0486065,-0.00510931,0.130615,0.0935506,0.0525402,-0.0547986,-0.0309956,0.0301058,0.0114879,-0.0139825,0.0409743,0.0505784,0.0465013,0.00351318,0.0201187
1020.15,0.0166332,-0.08126,-0.161676,0.00727163,-0.152363,-0.051871,-0.059777,0.0347168,-0.0823242,-0.157478,-0.100454,-0.126879,0,-0.0535229,-0.00395458,-0.0820019,-0.0879063,0.0511496,0.00187712
1020.45,0.195356,0.175216,0.107511,0.169622,0.126038,0.0915999,0.139559,0.150503,0.0977922,0.112336,0.11927,0.142307,0.163868,0.182198,0.0872373,0.131119,0.0878039,0.193264,0.182767
1020.75,0.0639278,0.0450949,0.00913328,0.0204554,-0.0133283,-0.0181762,0.0988186,-0.0542031,0.0281375,0.073082,-0.0539011,0.0390225,-0.00752523,-0.0222687,0.085136,0,0.0718924,0.0471607,0.0714535
1021.04,0.0650757,0.0278639,0.0740424,-0.00184354,0,-0.0504493,-0.0667337,0.0579801,-0.0206281,0.0163786,0.0654614,0.0211894,-0.0199413,-0.0964466,0.0239037,0.0404,0.0245622,0.0153478,0.155397
1021.34,0.029452,-0.0226819,0.0398722,0.0741725,0.00130489,0.0507521,0.039156,-0.0317584,0.0367638,0.0181633,0.00398852,-0.0229566,0.0358318,0.0155328,0.0608321,0.00993323,0.0686615,0.0693403,0.0962742
1021.64,0.00887137,0.0182223,-0.00471485,-0.0138658,-0.0427513,0.0205087,-0.0191146,0.0015958,0.00831349,-0.0379845,-0.0397538,-0.0567022,0.0319458,-0.013848,0.0148,0.094152,0.09754,0.0701128,0.132989
1021.93,0.0231116,0.0932308,0.0895754,0.0857375,0.0726451,-0.0173489,0.0351404,0.12018,0.162365,0.0598711,0.0834585,0.0550331,0.0649195,0.067935,0.00153096,0.0233077,0.103785,0.09545,0.0445112
1022.23,0.0658486,-0.0277921,0.0553926,-0.0320815,-0.0571439,0.0241525,-0.0520729,-0.0491503,0.0745912,-0.0275467,-0.0181572,-0.0354449,-0.0412413,0.0180747,-0.0506422,0.0159838,0.0573385,0.0479649,0.0349048
1022.52,0.0680325,0.021355,0.0725294,0.0159348,0.0644379,0.0876982,0.0603288,0.0478471,0.014746,0.0340292,0,-0.0243625,-0.0502618,0.0839594,0.0494292,0.0529905,0.062156,0.117373,0.0583423
1022.82,-0.0210174,-0.0977943,-0.0467918,-0.0754883,-0.0250291,-0.131753,-0.0988181,-0.149987,-0.0208299,-0.0366197,-0.0906507,0,-0.0381971,-0.0617083,-0.0105692,0.0175239,0.0291567,0.0062407,0.0530069
1023.12,0.088073,0.042098,0.0134735,0.0447801,0.00164035,0.081955,0.0034067,0.00502428,0.0897641,0.0313815,0.0460559,0,0.0487793,0.0799413,0.0485243,0.0573909,0.17271,0.0865629,0.138232
1023.41,0.062384,-0.058514,0.0102877,0.0257721,0.0692929,-0.0701449,0.155685,-0.0207688,0.00647219,-0.0162777,-0.0486981,0.0544039,0.026064,0.0360589,0.0581995,-0.0387517,0.014744,0.0459099,0.0807539
1023.71,-0.00317317,0.134845,0.0573499,0.102424,0.0658015,0.0138338,0.135066,0.126335,0.051402,0.131086,0.0177086,0.0618051,0.0390696,0.11351,0.0460611,0.0558138,0.0630925,0.126712,0.101275
1024,-0.0416362,-0.0835719,-0.0774122,-0.051341,-0.0402807,-0.00619065,-0.062987,0,-0.0280181,-0.0132844,0.0335673,-0.0284964,0.0439913,-0.0270114,-0.0781498,-0.0441326,-0.0957088,0,0.0871907
1024.3,0.0160876,-0.00913043,-0.0193421,-0.0228261,-0.0254179,-0.125332,-0.00993243,-0.0581113,-0.107234,0.0125,0.0702954,-0.0143515,-0.0659748,-0.0675111,0.0103814,-0.0695725,0.0903,0.112412,-0.0304438
1024.59,0.00941631,-0.0963341,-0.0275546,0.0577193,0.0820026,-0.0449858,-0.00175348,0.0476881,-0.0891437,-0.0818603,0.0236987,0.0706495,0,-0.0783879,-0.0249486,0.0302078,0.00835106,-0.0557841,0.0803476
1024.89,0.0246525,-0.033218,0.0672962,0.00632724,0.023009,0.0273234,0.0894967,0.0366469,-0.0204266,-0.00547155,-0.0283341,0.146498,-0.0345616,0.0212471,0.0651265,0.0138623,0.0232682,0.0780903,0.166537
1025.18,-0.0327887,-0.112485,-0.0677758,0.060094,-0.071288,-0.0578519,0.0470386,-0.126105,0.0773762,-0.0745292,-0.126372,-0.0428328,-0.101184,-0.137075,-0.0399213,0.0140027,0.0647738,-0.00629557,0.0459455
1025.48,0.0287888,0.0301786,0.06343,0.0321321,0.0272436,0.0128724,0.0350121,-0.0490412,0.0165554,-0.00165321,-0.0134713,-0.0410152,0.0682604,0.0062039,0.0652996,0.0159505,0.105154,0.0576273,0.0947489
1025.77,0.0741093,0.0127502,0.101688,0.0454286,-0.00610398,0.0285725,0.10919,0.0501237,0.0698397,0.076673,0.0347357,0.0959289,0.0978915,0.0849953,0.059357,0.125686,0.0713156,0.150839,0.0687472
1026.06,-0.0876696,0.0500806,-0.0672236,-0.0216801,-0.0550011,0.0118899,-0.0117303,-0.0605079,0.0104936,-0.0275213,-0.0809173,-0.0391979,0.169855,-0.0478568,-0.0628993,-0.0505879,-0.0169116,0.0261649,0.100316
1026.36,0,0.0426559,0.0143832,0.0953725,0.0368617,-0.0669048,-0.0998754,-0.0489356,0.025842,-0.0392748,-0.0853851,0.0461412,0.0138617,0.0508262,0.0313451,0.0295798,0.0813873,0.0416431,0.0638859
1026.65,-0.0459356,-0.0373354,0.0734783,0.100028,0.0132791,0.0676479,-0.0720019,-0.0307649,0.0090527,0.0817823,0.0437247,-0.0936292,-0.0882567,-0.0546454,0.0959201,-0.0793451,0.107176,0.0878926,0.129505
1026.95,-0.0255328,-0.0550244,-0.0282114,0.0299199,-0.0490494,-0.0939171,-0.0758473,0.0751994,0.00700129,-0.0360357,-0.0468165,0.0271057,-0.00703311,0.0344351,0.0108964,-0.0271851,0.111496,0.0804399,0.15298
1027.24,-0.00690698,-0.00869693,-0.0113607,-0.0954643,-0.06688,-0.0802703,-0.00650068,-0.0202213,-0.0099,0.0300337,-0.0465231,-0.0482087,-0.0125053,0.0441888,-0.0507557,0.00681779,-0.0231892,-0.0556603,0.0956662
1027.53,-0.0353643,0.0144712,-0.0608564,-0.0668965,-0.0444361,-0.018218,0.041458,-0.0857525,0.0240289,-0.0919203,-0.0717813,-0.0143443,0.0252799,-0.0949027,-0.00183159,-0.0431169,-0.0657354,0.00321393,-0.0444361
1027.83,0.180129,0.0831365,0.115711,0.0591615,0.070753,0.0954129,0.0774914,0.171297,0.167835,0.176093,0.148631,0.139984,0.0444665,0.120485,0.176535,0.0324383,0.0689106,0.0877552,0.235553
1028.12,0.0207124,0.140019,0.0591067,0.192162,-0.0669836,0.0552332,-0.0326761,0.0275573,0.068241,-0.00731722,0.130547,0.15265,0.256593,0.0628523,0.0978789,0.227559,0.19673,0.341672,0.232251
1028.42,-0.00909854,0.0851332,0.0920143,0.0619137,0.0720175,0.0941909,0.0516971,0.100323,0.0703193,-0.0247097,-0.00930214,0.101487,0.159004,-0.0348526,0.0569808,0.0931347,-0.00773376,0.101406,0.111357
1028.71,0.0373644,0.0328187,-0.00218078,0.117452,0.0408812,0.0134129,0.0043902,0.0173331,0.0457217,0.112149,0.012227,0.10659,0.0417103,0.09787,0.102652,0.0764556,0.0457963,0.0889763,0.071268
1029,0.0772328,0.114143,0.0987353,0.114311,0.153069,0.115306,0.0826027,0.0108702,0.0432307,0.0977174,0.182163,0.112614,0.11914,0.0350825,0.00181961,0.148385,0.135137,0.125189,0.193335
1029.29,0.0656008,-0.0397253,0.0676935,0.0218549,0.0775278,0.00436311,0.0597031,0.016114,0.018025,0.0640845,0.0679521,0.0423777,0.095903,0.00969248,0.0685991,0.0307145,0.0410175,0.0733859,0.08278
1029.59,0.0911298,-0.0454539,0.00575511,0.0268995,-0.0929443,0.0597745,0.0715488,-0.0153954,-0.0355957,-0.0110742,0.0342294,-0.130439,0.0486455,-0.0464465,-0.0320043,-0.0219309,-0.0095318,0.0276019,0
1029.88,0.036313,0.124113,-0.021674,0.00227301,-0.0370663,-0.0825802,0.0981864,0.0426053,0.0930522,0.237362,-0.0316779,0.0714465,-0.0134342,-0.0491119,0.0807912,-0.033393,0.0093913,0.056037,0.118647
1030.17,0.0910033,0.095622,-0.0407248,0.00248358,-0.152734,-0.00482569,-0.0609031,-0.0703422,-0.161917,0.0835919,0,0.0390379,-0.0471881,-0.0182781,-0.0103736,-0.0577257,-0.0144087,0.021994,-0.0544614
1030.46,0.219962,0.239578,0.112377,0.236786,0.0939005,0.297181,0.180451,0.176571,0.204168,0.135771,0.146305,0.130877,0.224782,0.245581,0.172656,0.169085,0.306613,0.256913,0.231096
1030.76,0.0742922,0.0645497,0.142001,0.0320976,0.0418455,0.0942806,0.0451433,0.132227,0.0692926,0.0639095,0.0205885,0.157525,0.0557036,0.103044,0.0987618,0.118731,0.0557311,-0.00246905,0.205603
1031.05,0.0697477,0.166477,0.119928,0.0891221,0.145116,0.00447331,0.0573153,0.116078,0.08732,0.00212976,0.0494519,0.103032,0.162759,0.0744231,0.0836525,0.0690549,0.0607651,0.106913,0.211223
1031.34,-0.0105902,0.205397,0.0923043,0.0163312,0.0183888,0,0.0782807,0.0647488,0.0774934,-0.0525805,0.0128441,-0.014187,0.0160902,0.0931874,0.0924492,0.0851674,0.11388,0.0201458,0.195589
1031.63,-0.13708,0.158368,-0.0502625,-0.028523,0.135833,-0.0335768,0.0938366,0.08695,0.109173,0.0641375,0.0214816,0.0825,0.0236793,0.0230265,0.0578238,0.0158954,0.0722641,0.077089,0.015634
1031.92,-0.00499781,0.0732752,0.0255815,-0.111112,0.0377104,-0.0211693,0.0361069,0,-0.024817,0.0426291,0.0861493,0,-0.123974,-0.102341,0.0401138,-0.0343302,0.160766,0.0108005,0.067377
1032.22,-0.0739756,0.0731755,0.0241097,0.0289609,0.0672207,0.0176631,-0.0169757,0.0719402,-0.0125746,0.0980821,0.0919844,-0.00547473,-0.00717587,0.00279282,0.084104,0.217008,-0.0197912,0.0569334,0.12439
1032.51,-0.0968671,-0.0486782,-0.161988,-0.0680239,-0.0632805,-0.0088689,-0.00206431,0.0458966,-0.117822,-0.105211,-0.0814294,-0.0327233,-0.0279573,-0.0345954,-0.0764943,-0.0355001,0.0352486,0.0901405,-0.00678274
1032.8,-0.214039,-0.111527,-0.0666439,-0.138381,-0.094351,-0.134246,-0.0577504,-0.139524,-0.095353,-0.102121,-0.129541,-0.0272093,-0.194204,-0.136942,-0.0274009,-0.0822204,-0.079373,-0.0186095,-0.0492848
1033.09,0.0191768,0.0126417,-0.0234493,-0.068383,-0.0571242,-0.0217963,-0.012479,0.0436625,0.0777741,0.0451818,0.0729318,-0.04826,0.0147761,-0.0188921,-0.00535376,0.00550127,0.00207221,0.0143739,0.0411429
1033.38,0.0668865,0.00253716,0.0961359,0.0747772,-0.0394688,0.0496212,-0.0940646,-0.0132775,0.114866,-0.0405223,0.00450426,0.0192716,0.0249224,-0.0100236,0.014305,0,0.045007,0.0168112,-0.0623777
1033.67,0.0882889,-0.0110047,0.0352726,0.013047,-0.0469532,-0.0093045,-0.0508063,-0.0509876,-0.081865,0.0169314,0.106176,-0.0154065,-0.00402456,0.0580151,0.0626043,0.0485892,-0.0693668,0.122063,0.0160183
1033.96,0.144112,0.105924,0.0151583,0.0381373,0.153552,0.0304223,-0.00225554,0.0465415,0.0497268,0.0496218,0,0.00229708,-0.0624734,0.113392,0.0511003,0.0610099,-0.0209281,0.0747533,0.199301
1034.25,-0.0932363,0.0483992,-0.0269571,-0.0534038,-0.015503,-0.0402786,-0.00682668,-0.0190343,0.0105329,0.0967985,-0.100899,-0.0481506,0.0425851,-0.0319303,-0.0423107,0.0336666,0.0299903,0.0102492,-0.0406411
1034.54,0.0345048,0.10488,0.101108,0.00695237,0.0796061,0.0852824,0.124526,0.0871223,0.0872896,0.0943027,-0.0522529,0.0644169,-0.0196674,0.0898395,0.0439403,0.15935,0.0977026,0.11125,-0.00692618
1034.84,0.236382,0.100684,0.00719908,0.0788153,-0.0602682,-0.0261036,0.0534904,0.117019,0.0359954,0.197941,-0.0379952,0.092734,0.156169,0.0865408,0.160247,0.146998,0.0702116,0.210235,-0.0104414
1035.13,0.0672983,0.072765,-0.00273,0.0184395,0.125521,-0.00255454,0.110314,0.0214926,0.124823,0.0931098,0.0514542,0.0766071,0.0199461,0.0076061,0.025118,0.0758653,0.0814373,0.157801,0.245236
1035.42,0.0911211,0.210934,-0.00236089,0.0291176,-0.0143034,0.0704189,0.192243,0.136617,0.00243129,0.0518005,0.0276229,0.0878483,-0.0383579,-0.0210852,0.0472961,-0.01301,0.162897,0.144168,0.119536
1035.71,0.0716977,0.23055,0.0703238,0.096972,0.0246865,-0.00623131,0.255133,0.0357128,0.135604,0.0927622,0.125132,0.0999326,0.115788,0.00894624,0.163151,0.206685,0.123476,0.0542498,0.166165
1036,0.130544,0.0158095,-0.0295842,0.043798,0.046526,-0.00754545,0.0284325,0.0955465,-0.0105583,-0.0531763,0.0225936,-0.0613607,-0.0513486,0.00287861,0.0839022,0.0283345,0.151419,0.0185426,0.128747
1036.29,-0.153991,0.0263603,-0.0384293,-0.119993,-0.132037,-0.00514392,-0.0647325,-0.0717251,-0.0687129,-0.101008,-0.116267,-0.153157,-0.135356,-0.100486,-0.155728,-0.176037,-0.051931,-0.00975922,0.017045
1036.58,-0.00233369,0.0720353,0.141126,0.0912097,0.0222393,0.0368973,0.100694,0.0176113,0.129636,0.0928652,-0.0376527,0.106362,0.0812879,0.0990731,0.0882921,0.00411153,0.21242,0.167141,0.0868346
1036.86,0.03332,0.0485471,0.219698,0.0969249,0.0403153,0.117715,0.0751055,0.0938171,0.0311517,0.0536039,0.125221,0.120218,0.0904742,0.0980085,0.101973,0.0893868,0.115528,0.297325,0.147127
1037.15,0.0511346,0.00971557,-0.0198352,0.0497627,-0.0856287,-0.0681352,0.00524641,-0.00340234,-0.106871,-0.125442,-0.0723642,-0.137379,-0.073464,-0.0164053,-0.0612421,0.00852243,0.0187707,-0.00515364,0.0421789
1037.44,-0.0260362,-0.0227474,0.00863539,0.0164858,-0.0701112,0.0143657,-0.0728429,0.0432014,-0.0115975,-0.0289098,0.0183568,-0.0206499,0.116553,0.0903295,-0.00426234,-0.128178,0.111931,0.00977831,0.157138
1037.73,0.0115728,-0.0341861,-0.108542,0.0576958,-0.0535302,0.11091,0.0750808,0.0209645,-0.014779,-0.00188213,-0.0331196,-0.0439816,-0.0791668,0.141034,0.073983,0.0885152,-0.017662,0.1401,0.0918859
1038.02,0.056925,0.137921,0.140934,0.0596357,0.071387,0.0292377,0.139017,0.00223967,0.0317721,0.105305,0.0703191,0.0752037,-0.0270291,0.0320203,0.12913,0.129485,0.121557,0.0503204,0.154755
1038.31,0.0308304,-0.0997797,-0.161219,-0.158067,-0.253772,-0.117695,-0.00400527,-0.205114,-0.274154,-0.257763,-0.194501,-0.334205,-0.0667773,-0.300176,-0.0600217,-0.086105,-0.00739682,-0.256157,0.0194736
1038.6,0.0376348,-0.0524395,0.0567372,0.0100407,-0.0333626,-0.173274,-0.0991946,-0.16865,-0.0324888,-0.0268416,-0.0929575,-0.0843249,-0.103098,0.0102673,0.0795181,-0.0280453,0.0776562,-0.0730998,-0.0580427
1038.89,-0.099909,0.0284161,0.0295734,0.0278775,-0.0963432,0.0111961,0.00563424,-0.0605159,-0.00514623,0.106363,-0.0134204,-0.0305407,0.0695004,-0.0297078,0.0027461,-0.0278708,0.0448804,-0.0568323,0.164044
1039.18,-0.169335,0.132696,0.0975369,0.0937855,0.136917,-0.0401754,-0.0470785,0.0108107,0.10229,0.0188053,0.00700026,-0.0937333,0.101982,-0.0579427,0.080696,0.0152799,0.128985,0.108226,0.139051
1039.47,0.0292151,0.221188,-0.0602439,0.0947898,0.133514,-0.0419866,-0.0514378,-0.0923757,0.0752948,0.0337097,0.0547381,0.0744816,-0.0887003,0.0311166,0.079619,0.0243538,0.0995238,0.0411077,0.315755
1039.75,0.0358677,-0.043775,-0.140099,-0.0321893,-0.139113,0.034094,-0.168312,-0.0525559,-0.156431,0.0130615,-0.184462,-0.0888185,-0.0905414,-0.110414,-0.12953,-0.0901961,-0.196696,-0.176411,0.0770076
1040.04,0.0217732,0.182287,0.11501,0.0677845,0.157137,0.235993,0.233065,0.205821,0.255797,0.124853,0.171226,-0.0347109,0.19503,0.0775484,0.152315,0.0805704,0.0094438,0.137154,0.260601
1040.33,0.0794912,0.0206054,0.0870618,-0.0837729,0.00388014,-0.137911,0.0765113,-0.184468,0.0160696,-0.296718,0.19445,0.0144969,-0.136123,-0.0332548,0.0266153,-0.02918,-0.0504418,0.162227,0.104137
1040.62,0.104362,0.013187,0.0787911,0.0195343,0.0702801,0.145363,0.0831945,-0.0985814,0.0564324,-0.0262737,-0.0692828,0.0462729,-0.103173,-0.0342632,0.00234043,-0.0131099,0.00403927,-0.0335808,0.0997457
1040.91,0.011023,0.00536585,0.0377914,0.0719066,0.0878226,0.16646,0.0478465,-0.00556962,0.0056531,-0.100892,-0.0478912,0.117916,0.0475424,-0.0160649,0.152727,0.013253,0.0492946,-0.0390888,0.0260526
1041.19,0.0799076,-0.03541,-0.249971,0.257476,-0.103464,-0.163835,-0.0495619,-0.157571,-0.0241271,-0.103195,0.0092256,-0.140265,-0.0290106,0.0440466,0.0306736,-0.07082,-0.00468459,-0.151102,0.0765926
1041.48,0.0827546,-0.0663402,0.00839202,0.0873889,0.0374195,-0.0413594,-0.0770593,0.0716146,0.0754549,-0.11,-0.0664878,-0.0457234,-0.0845347,-0.0652579,0.0639821,-0.0866667,0.0453488,0.010858,0.103861
1041.77,0.0443014,0.0664748,-0.133514,0.138916,0,0.0244229,0.0945614,0.0676884,0.15098,0.0231967,-0.125714,0.0520132,0.0232453,-0.0389158,-0.072313,0.159278,-0.0433973,0.1679,0.128631
1042.05,0.153594,0.0433478,-0.150205,0.0813161,0.165517,-0.0173624,0.215744,-0.0831099,0.123061,-0.262679,-0.0545726,-0.0139499,0.0810878,-0.0379039,0.0763169,0.111758,-0.105562,0.184634,0.0970981
1042.34,0.217132,0.176887,0.232375,0.203232,0.0541014,0.29036,0.178795,0.300045,0.357029,0.214156,0.148927,0.310554,0.300442,0.258101,0.275643,0.237386,0.222723,0.247576,0.426753
1042.63,0.0860098,0.0681322,-0.0526838,0.211088,0.176841,0.0393627,0.114186,0.109518,0.232363,0.250369,0.0473422,0.0681791,0.158258,0.083538,0.0383835,0.0940695,0.128884,0.164526,0.250847
1042.92,0.164639,0.136266,0.0726826,0.210554,0.0761158,0.0916828,0.153635,0.0421893,0.134419,0.0179047,-0.0883786,0.086642,-0.027877,0.121808,0.0371693,0.0965167,0.0382341,0.179519,0.19192
1043.2,0.129579,0.144467,0.153669,0.0644243,0.259224,0.116476,0.0766378,0.0720412,0.342333,0.307301,0.0529973,0.180121,0.0659063,0.183544,0.241825,0.142787,0.243055,0.166236,0.150401
1043.49,-0.204372,-0.0947021,-0.093501,-0.0235996,-0.00283251,-0.00937582,-0.129944,0.0604741,-0.210956,0.00306198,-0.118068,0.0711459,-0.050395,-0.051195,0.0424876,-0.163784,-0.0600004,-0.172783,0.2153
1043.78,0.0573967,0.113881,0.0775875,-0.193184,0.148279,-0.03435,-0.157268,-0.0146305,-0.0965616,0.0244977,-0.250221,-0.122133,0.0828225,0.0768437,-0.0885209,0.0720747,0.0174734,-0.0387754,0.253089
1044.06,-0.250015,-0.191059,-0.097008,-0.115759,-0.120266,-0.214757,-0.131569,-0.0778365,-0.179092,-0.0415023,-0.0463863,-0.00718867,-0.12747,0.0187573,-0.0475804,0.10699,-0.0485744,0.0858147,0.0187659
1044.35,-0.00592308,-0.178179,0,0.00941416,-0.00573201,-0.0148904,-0.0869147,-0.151108,0.0451282,0.0112523,0.0317162,-0.111475,-0.03696,-0.0590581,-0.0320429,0.0170131,-0.1329,0.0476198,-0.0188939
1044.63,-0.024828,0.0942632,-0.071399,0.0756447,0.0593292,0.00446244,0.0176976,-0.0249183,-0.0674461,-0.052562,-0.095439,-0.00683066,0.0200236,-0.0844115,0.0343227,0.00654366,0.0846408,0.0927019,0.0250519
1044.92,0.0332113,-0.192494,-0.1304,-0.265987,-0.208271,0.0211731,-0.170232,-0.0872983,0.0331006,-0.101619,-0.154688,-0.0568956,-0.0139078,0.0515002,-0.0327999,0.0189146,0.0699966,0.201986,0.071376
1045.21,-0.337947,-0.0720954,0.0381808,-0.00823348,-0.207998,-0.0411798,0.119217,-0.181923,-0.187312,0.028486,-0.180424,0.0247828,-0.135308,0.0917881,-0.104506,-0.148273,-0.156478,0.161464,-0.138839
1045.49,-0.164147,-0.216664,-0.299869,-0.219768,-0.230283,-0.379001,-0.344747,-0.221367,-0.281648,-0.324426,-0.200931,-0.186137,-0.200963,-0.249129,-0.178174,-0.29384,-0.290258,-0.202863,-0.123722
1045.78,-0.0189062,-0.0687016,-0.0770255,-0.0278185,-0.0625,-0.0450149,-0.0647127,-0.00335614,-0.0919764,-0.116668,-0.154187,-0.0532812,-0.058261,0,-0.104844,-0.0849793,-0.0653768,-0.0588776,-0.029852
1046.06,0.175177,0.115723,0.145602,-0.0181851,0.190356,-0.071369,0.0149272,-0.0135983,-0.00970899,0.00792845,-0.222981,0.133517,0.149139,-0.0138868,0.20934,0.0433688,0.0293759,0.0948394,-0.0359141
1046.35,-0.0143227,0.108295,0.0576807,0.0937534,0.0828573,0.0730953,0.058856,0.0122663,0.0691634,0.0312592,0.11497,0.104558,0.0858918,-0.0131662,0.0110452,-0.0443697,0.0984962,0.133242,-0.071133
1046.63,-0.0812922,-0.256186,-0.149823,-0.175871,-0.0938437,-0.0372314,-0.0290905,-0.123851,-0.0828214,-0.141398,-0.144152,-0.122529,-0.143369,-0.121081,-0.0280845,-0.0747995,-0.0603535,-0.258286,-0.135352
1046.92,0.154901,0.15031,0.168883,0.213477,0.208284,0.115674,0.0824508,0.0711213,0.136238,0.0954125,0.0428421,0.150403,0.136818,0.152042,0.0967402,0.144038,0.11056,0.178638,0.145187
1047.2,0.15699,0.158038,0.0588872,0.1764,0.310772,0.577148,0.0608742,-0.2772,0.559125,0.361703,0.0615922,-0.102857,0.268372,0.303639,0.156325,0.255752,0.148289,0.396747,0.229006
1047.49,-0.150472,-0.0426724,-0.097119,-0.0580986,0.127396,0.0951557,0.0862211,-0.0261076,-0.0492537,-0.184505,0.187104,0.1,0.102032,0.242647,0.0966454,0.197957,-0.0561224,0.0532258,0.0752737
1047.77,0.00669342,0.00657038,0.0283174,-0.0287322,-0.0568349,0.275488,-0.0511381,-0.0545912,0.0154064,0.033207,-0.128507,0.193607,-0.0169665,0.0831946,-0.114739,0.0729446,0.128069,0.166893,0.135978
1048.06,0.214581,0.19278,-0.0623845,-0.0961196,0.204857,0.0995834,0.185889,0.149293,0.30173,0.12282,0.113508,0.319432,0.230115,0.0815707,0.0844384,0.205412,0.0145564,0.290988,0.212445
1048.34,0.352195,0.00628919,0.245278,0.28554,-0.0307653,0.156417,0.406102,0.102572,0.200368,-0.0822273,0.117746,0.292393,0.1005,0.248173,0.17767,0.144545,0.0324264,-0.0789643,0.218129
1048.62,0.00531808,-0.00783339,0.105795,0.126871,0.164384,-0.00783339,-0.002988,-0.0806499,0.0442319,-0.10281,0.154767,0.0448055,0.0568305,-0.0403869,0.00990891,0.0312686,0.0857913,0.167583,-0.0154168
1048.91,0.130952,0.0498626,0.0521552,0.112733,-0.0661443,0.0989243,0.313895,0.249211,0.0623283,0.138612,0.0209778,-0.143365,0.100207,-0.0174603,0.0529155,0.153852,0.160904,0.0347452,0.112511
1049.19,0.0295627,-0.106772,-0.179224,-0.0439477,-0.292836,-0.274673,0.00525199,-0.255292,-0.281136,-0.34996,-0.0413594,-0.168682,-0.191172,0.0137205,0.00500451,0.0618499,0.0354023,-0.0449817,0.0447187
1049.48,-0.620729,-0.602381,-0.119889,-0.533308,-0.572415,-0.655185,-0.330163,-0.314793,-0.427662,-0.612303,-0.491697,-0.356477,-0.234068,-0.471103,-0.515547,-0.349661,-0.516226,-0.235127,-0.678857
1049.76,0.0148315,-0.0650435,0.012913,0.044,-0.00873529,0.1353,0.118038,-0.0201356,-0.0654545,0.0850169,0.0288583,0.102448,0.0242096,-0.00838095,-0.0176786,-0.120946,0.104824,0.182769,0.153896
1050.04,0.00704014,0.00837711,-0.00176102,-0.00836283,0.0130709,0.0160414,0.00345264,0.0191956,-0.00528685,-0.0222578,-0.00547566,-0.0253872,0.00377271,0.00273783,-0.00662173,-0.0157342,0.00832301,-0.0093392,0.0287472
