wavelength_nm,8,12,16,20,24,28,32,36,40,44,48,52,56,60,64,68,72,76,80
349.501,-0.115664,0.333025,-0.234161,0,-0.180769,-0.020534,0,-0.058211,0.52875,0.0813462,-0.537712,0.123204,0.540767,0.339911,0.544773,0.482549,0.290111,0.216596,-0.0983721
350.001,-0.162967,-0.174284,-0.0461739,-0.0916338,-0.432125,0.0514777,0.0186733,-0.0209881,0.0609496,0.117072,-0.199047,-0.0998705,0.277765,0.0619406,0.112246,-0.0404389,-0.143606,0.162484,0.117437
350.501,-0.0190476,0.00490196,0.0463992,0.0436508,0.0181202,-0.00716946,0.0215021,0.024881,-0.00891892,0.0307155,-0.0202206,0.066494,0.0858156,0.00689964,0.029845,0.0797927,0.0665432,0.0101852,0.0787138
351.001,0.34131,0.291384,-0.0419153,-0.853987,0.241872,-0.20024,0.13101,0.693188,0.0549709,-0.0162253,0.793167,0.0423565,0.561774,0.0602376,0.140071,0.459579,0.613811,0.359274,-0.408515
351.5,0.141869,0.510081,0.75625,0.0739286,0.544923,0.378504,0.0121635,0.339676,0.374,0.388377,0.337977,-0.215976,0.209437,-0.0107203,0.0591121,0.299798,0.57867,1.25046,0.399474
352,-0.490558,-0.5831,0.101673,0.18435,-0.285152,0.193974,-0.200629,-0.260747,0.145588,-0.170755,-0.043615,0.465264,-0.278929,0.128208,-0.0210418,-0.2458,-0.045188,0.110259,-0.601145
352.5,0.0452571,0.473846,0.11285,0.0603659,0.398415,0.446617,0.241875,0.512553,0.235714,0.254689,0.172615,0.245839,0.381284,0.155787,0.0128571,0.516522,0.438962,0.291176,0.559322
352.999,-0.0205415,0.203888,0.55081,0.22,0.392857,0.0831933,0.352381,0.284305,0.0626643,0.0275689,0.0433071,0.23985,0.4,0.0398551,0.202381,0.571429,0.785714,0.533163,0.341165
353.499,-0.373519,0.247051,-0.0707602,0,0.10614,0.0197641,0.222666,0.141327,0.304717,0.0233942,0.471382,-0.563605,-0.948187,0.375841,0.929445,0.0955263,-0.251247,0.0578947,0.398719
353.998,0.327308,-0.263772,0.728669,1.41391,0.63,0.801509,0.0989144,0.35743,0.030854,1.19221,0.807801,1.00131,0.179365,1.48099,0.0443972,0.851415,0.974136,1.83441,0.672618
354.497,0.424286,0.404774,-0.0768634,0.161829,0.261636,-0.214119,-0.328793,0.277311,-0.278677,-0.378827,-0.376061,0.509572,0.0721574,-0.0735585,0.108834,0.0114796,0.0741758,0.454592,0.173629
354.996,-0.0196931,0.117309,0.110924,0.0283933,-0.0335889,0,0.0269837,0.163922,-0.131555,0.0201307,0.0231994,-0.0350664,-0.0119021,0.233622,-0.0695718,-0.0905882,0.0396737,0.0836199,0.0447208
355.495,8.56517,9.4592,4.39421,-4.60181,47.6437,-0.493398,-0.479434,16.5,-2.70319,3.5353,6.3525,9.7463,-1.80213,18.6924,-1.92176,3.95267,-1.3516,0.847,8.37375
355.994,0.236676,0.277609,0.154898,0.356477,0.14894,0.426604,0.0320479,0.215282,0.184686,0.115486,-0.217147,-0.135184,0.0669829,0.338839,0.37425,0.375219,0.27262,-0.0357457,0.388515
356.492,0.00767442,-0.072907,0.0471401,-0.22117,0.0983366,-0.058352,-0.0844186,0,0.0639911,-0.136758,0.0793223,-0.171235,0.131475,-0.0103605,-0.0379703,0.0827891,0.0995417,0.00950086,0.00442215
356.991,0.0619977,0.405823,0.29286,0.113662,0.32892,-0.036216,0.181302,0.292734,0.264209,0.230006,0.281018,0.127212,-0.158316,0.13003,0.479378,0.352087,0.336896,0.410448,0.202576
357.489,0.0302317,0.449004,0.185143,-0.00810559,0.270865,0.0618306,0.195033,0.0602823,0.0728064,0.176617,0.0248571,0.380428,0.460058,-0.0721659,0.0762662,-0.154983,0.362614,0.543605,0.279643
357.988,-0.136,-0.0221538,0.0776048,-0.0184615,0.590164,0.0404494,0.405,-0.28492,-0.492973,-0.376822,-0.0715528,0.279273,-0.189197,-0.128168,-0.100465,-0.0137143,0.255701,0.304818,-0.0950254
358.486,0.269689,0.215565,0.284378,0.0087565,0.259751,0.207688,0.12024,-0.134861,0.100008,0.377238,0.0573489,0.0585165,0.17296,0.127243,-0.156085,0.0220096,-0.0514329,0.181716,0.0569479
358.984,0.00114517,0.00485013,0.00986998,0.00519322,0.0368718,0.0226367,0.0289139,0.00459377,0.0176921,0.0192982,0.0254593,0.00916136,0.0356391,0.0422144,0.0179618,0.0189327,0.0299743,0.0370776,0.0409114
359.482,0,0,0,0,0,0,-0,-0,0,0,0,0,0,0,0,0,0,0,0
359.98,0.0601895,0.0293903,-0.125332,0.0802527,-0.0574887,0.143243,-0.00461329,-0.164418,-0.0358013,-0.00803605,0.0884441,-0.0439619,-0.0612584,-0.0706453,0.106158,0.218457,0.086233,0.131886,-0.00743635
360.478,-0.0408316,0.109601,0.0356578,-0.137302,0.111062,0.0926227,0.0938793,-0.0952738,0.0592557,-0.0605353,0.040526,0.103408,0.0190465,0.0951357,0.0406721,0.133087,0.200804,0.26413,0.0873496
360.975,-0.212655,0.345189,0.277283,-0.0329498,0.38134,0.0250026,-0.0736603,0.109833,-0.0128138,0.0153766,0.176453,0.946252,0.420126,-0.0728365,0.797733,0.655177,0.244628,0.253262,0.394995
361.473,-0.207376,0.200332,0.217704,0.172212,0.028974,0.197131,0.0720391,0.134417,0.175776,0.272328,0.149735,0.082913,0.109102,-0.410986,0.0382121,0.297684,0.113404,0.187494,-0.0105889
361.97,0.15809,0.231493,0.141711,0.223307,0.0988863,0.273515,0.436092,0.0921521,0.295784,0.137256,0.242058,0.285672,0.14632,0.310668,0.158218,0.702276,0.247731,0.143902,0.149365
362.468,-0.382309,-0.0899814,0.156204,-0.325635,-0.0240729,0.14359,-0.102979,0.137305,-0.134537,-0.0759679,-0.191753,-0.237447,0.328868,-0.12401,-0.250489,0.146338,-0.0744757,0.044436,-0.109036
362.965,0.48661,0.156705,-0.120221,-0.567042,-0.211731,0.0478633,-0.38671,0.812237,-0.374006,-0.160651,-0.447155,0.113753,0.233573,0.0280737,-0.229533,0.315933,0.0739155,0.539014,-0.196715
363.462,-0.620455,-0.548382,-0.557227,1.0843,-0.317812,0.286113,1.15605,0.130309,-0.63064,0.0406209,-0.506199,1.31612,-0.772721,-1.07292,0.347422,-0.151278,0.0967734,-0.326986,0.567292
363.959,-0.00586922,0.0899733,0.0699792,0.0203671,-0.144088,-0.11445,-0.0225553,-0.0904079,0.131911,0.120405,-0.0199941,-0.128549,-0.0235856,-0.153039,0.247699,-0.0580679,0.176162,0.0985541,-0.155509
364.456,0.285521,-0.668906,-0.0658059,-0.474025,0.0805317,0.411287,0.366994,-0.0530693,0.166899,0.274191,0.152643,-0.402147,0.0720502,-0.270435,0.0858338,0.401571,0.0907667,-0.482815,0.687971
364.953,0.221642,-0.155833,0.266129,0.0402439,0.392857,0.384586,-0.0364641,0.140196,0.259722,-0.0227586,0.234043,0.0458333,-0.39759,0.271646,0.0184358,0.159036,0.475424,0.0851613,-0.156569
365.449,-0.0168665,-0.00663805,0.360363,-0.317578,0.0153244,-0.16963,-0.0236627,0.15526,-0.346943,-0.30084,0.164324,-0.154718,-0.245514,-0.2466,-0.304373,0.0812658,0.0738102,0.144273,-0.0401463
365.946,0.319268,-0.0350997,0.0594386,0.33959,-0.256667,-0.132086,0.21614,0.249537,-0.0488889,0.241163,0.0369305,0.113235,0.115057,0.294894,0.103312,-0.0513333,0.226667,0.470156,0.355776
366.442,-0.0216582,0.108947,0.0517085,-0.037218,-0.0228706,-0.0256805,0.00512146,0.193862,-0.0136184,0.00257172,0.0562524,0.0947589,0.090292,0.0435789,-0.0400959,0.0707729,-0.122114,0.0237782,0.0272368
366.939,0.171093,0.219188,-0.154141,-0.57503,-0.193401,-0.255626,0.249429,0.689308,0.365704,-0.467474,-0.504275,-0.0101544,0.787268,0.0512365,-0.337896,0.311491,-0.638829,0.557197,0.365634
367.435,0.0175154,-0.0096381,0.196447,0.167949,-0.0848571,0.121015,0.0356179,-0.140897,0.19228,0.1863,0.123498,0.192875,0.336943,0.322,0.0263237,0.377083,0.423628,0.197446,0.2673
367.931,0,-0.103889,-0.277418,-0.134856,-0.331225,0.315,-0.105376,-0.0677737,-0.349565,0,0,0.094399,-0.226558,-0.0300076,-0.22534,0.0123802,0.0764752,-0.380998,0.0224315
368.427,0.1848,0.147696,-0.0268062,0.0274085,0.0408656,-0.0199948,0.0845764,-0.0875834,0.107838,-0.0192987,-0.0140732,0.158725,-0.206269,-0.007623,0.0543008,0.09196,0.363309,0.146219,0.219027
368.923,-0.0228462,-0.0705543,-0.145649,0.119037,0.257347,0.159923,0.00564103,-0.207866,0.16834,0.162241,-0.0672349,-0.205284,0.20803,0.0592308,0.0258775,0.0112821,0.226154,0.0261633,0.130393
369.418,-0.0556145,0.264699,0.190016,0.650884,0.303387,0.378387,0.728099,0.848616,0.344232,2.02145,0.188304,0.149766,0.495694,0.637048,0.931452,0.644698,0.159009,1.51586,1.21927
369.914,0.789235,0.162068,0.497457,0.553731,0.663891,0.107065,0.523639,0.522968,-0.279067,0.674519,0.260622,0.622398,0.860984,0.61135,1.02859,0.699837,0.854606,0.918383,1.0178
370.409,0.0256009,-0.00520803,0.247274,0.0393496,-0.0577127,0.125336,0.142497,-0.0374758,-0.185002,-0.0618897,0.0521442,0.180414,0.00372786,0.0898849,0.0800331,0.132805,0.108968,0.0781564,0.132568
370.905,0.116993,0.085289,0.239059,0.019916,-0.236242,0.361143,0.885653,0.428783,-0.706925,0.312527,0.438151,-0.0126676,0.513039,-0.136254,0.588677,0.596709,0.478467,0.0704595,-0.0941533
371.4,0.304199,-0.31397,-0.559254,-0.339299,-0.0675999,-0.149062,0.0506999,0.0225045,-0.386424,-0.150297,-0.067711,-0.303154,-0.165202,-0.657178,0.1827,0.278164,-0.317902,-0.351437,-0.104447
371.895,0.0198611,0.0522661,0.00297917,0.0271784,-0.0102143,-0.0201408,0.00714107,0.00509804,-0.00294239,0.030521,0.00970314,0.00456577,0.0317778,0.0143,0.0485775,0.00760638,0.00583078,0.0391465,0.0266748
372.39,0.569869,0.312719,0.479865,0.774844,-0.123113,-0.074218,0.663559,1.05179,0.406935,0.510136,0.672103,0.295714,0.946632,0.704469,0.779289,0.32364,0.772864,0.987568,0.894556
372.885,0.181977,0.159466,0.213173,0.312729,0.175585,0.185559,0.0677909,0.0954824,0.0625263,0.17001,0.302779,0.0705629,0.424193,0.27168,0.209536,0.24208,0.243081,0.320155,0.153059
373.38,1.64476,4.64131,1.49382,3.85819,1.74933,2.21665,2.63262,0.849902,1.20038,2.67685,3.91734,0.943716,0.638385,4.77937,4.02967,3.81636,3.19193,4.36713,4.35204
373.875,0.332067,0.116782,0.319825,0.343197,0.180445,0.195569,0.207223,0.216881,0.213163,0.221496,0.328788,0.204647,0.103922,0.184955,0.334617,0.128676,0.116186,0.39335,0.265729
374.369,-0.519449,0.00902902,-0.44705,-0.0453488,-0.54521,-0.300105,-0.776769,-0.346805,-0.0477167,-0.428459,-0.14817,0.0753923,-0.433022,-0.131498,0.502615,-0.493477,0.316774,0.0924623,0.416532
374.864,0.0205279,-0.179984,-0.044626,0.241505,-0.0172988,0.0317442,0.184082,-0.144157,-0.108377,0.029159,0.318537,-0.131429,0.0733141,-0.0910106,0.266982,0.184383,0.07674,0.149086,0.422966
375.358,-0.0145455,0.145329,0.0921951,0.100944,0.122575,-0.0884211,0.0895431,0.102205,0.150874,-0.0227027,0.220452,0.135605,0.0657391,0.0897087,-0.00785047,0.248571,0.105,-0.0710448,0.166452
375.852,0.00309942,-0.0588247,-0.133867,-0.151454,-0.0317971,-0.0367703,-0.00328173,-0.0457313,-0.0421414,0.0217619,-0.0298319,-0.0599577,-0.060694,0.05801,-0.133752,-0.0559348,-0.00410949,0.0386394,-0.0273709
376.347,0.199904,0.279115,0.227296,0.246375,0.261674,0.165708,0.316038,0.189337,0.22875,0.190024,0.254281,0.0912394,0.22623,0.189084,0.306604,0.394342,0.467113,0.289929,0.333173
376.841,0.328583,0.626332,0.162334,0.329443,0.927452,0.214371,0.796252,0.493242,0.325379,0.698461,0.572241,0.592042,0.213934,0.451629,0.867228,1.03459,0.695233,0.831509,0.981941
377.335,0.0376675,-0.0464423,0.00437885,0.0261424,-0.0958389,-0.0260129,-0.0420369,0.0695055,0.0321711,0,-0.0482075,0.0599211,0.00425131,-0.0898225,0.176626,0.0855403,0.157926,0.141791,0.145307
377.828,0.109018,0.0201707,0.105068,0.242653,0.377803,0.0793761,0.467219,-0.104063,-0.0836301,0.261441,0.0479172,-0.00880529,0.290813,-0.0196008,0.462746,0.214992,0.483767,0.128548,0.310137
378.322,-0.208265,0.142165,0.0204783,-0.119103,0.12584,0.193977,-0.0601277,0.0793502,0.0133051,-0.18366,0.105913,-0.0699505,0.197748,0.101509,0.146356,0.190688,0.0120769,0.129218,0.335169
378.816,0.0604896,-0.0479032,0.0812784,0.223548,0.15799,-0.0512453,0.297777,-0.509186,-0.0831528,0.240197,-0.522581,0.367258,-0.0762767,-0.196561,0.0731806,0.290897,0.167783,0.316204,0.294963
379.309,-0.0206143,0.145628,-0.0659656,-0.0535508,-0.0252743,0.0559546,0.0772271,-0.0643034,0.143722,-0.301012,0.0666576,0.153609,-0.16135,-0.0734489,0.0862814,0.0434856,0.103454,-0.124916,0.16364
379.802,0.0397284,0.0794567,0.0832646,0.126326,0.0445637,0.056291,-0.0129023,0.0496911,0.128364,0.00900157,0.138947,0.136866,0.170332,0.0854724,0.120376,0.171334,0.161618,0.128209,0.137216
380.296,0.114921,-0.156879,-0.0362499,0.0936966,-0.0808991,-0.296964,-0.00765135,-0.124382,-0.0627302,-0.134659,0.018305,0.0351611,-0.0604358,-0.00378637,0.116556,0.0629215,0.140778,0.0623861,-0.00850477
380.789,-0.281206,-0.262732,-0.255665,-0.27744,-0.202854,-0.218849,-0.133681,-0.281984,-0.113282,-0.30707,0.176216,0.113223,0.0054044,-0.260639,-0.110669,0.0431207,0.163131,-0.0973516,-0.157312
381.282,-0.0633111,-0.0177242,-0.250626,0.103252,-0.142834,-0.06512,-0.349592,-0.17146,0.127409,0.0825465,-0.266895,0.035306,-0.0228224,-0.0969198,-0.0544684,0.0867553,0.264216,0.127168,0.138226
381.775,-0.0989467,-0.115353,-0.362401,-0.0496188,-0.141901,-0.363872,0.260499,-0.00551321,-0.193595,-0.23211,-0.213919,0.0184712,0.0764165,-0.239451,0.119141,0.302955,0.264736,0.169309,0.0976422
382.267,0.0283946,0.0155956,-0.12699,-0.0132363,-0.274148,0.0160315,-0.37605,-0.288879,-0.0436413,-0.141973,-0.12746,0.182119,-0.12375,-0.361896,0.119257,0.595403,0.576002,-0.0359731,0.113127
382.76,0.0756838,0.0709243,0.152881,0.0681576,0.109491,0.12311,-0.0227192,0.108051,0.12885,0.209746,0.120048,0.0808457,0.185642,0.0599233,0.117209,0.191797,0.295446,0.270895,0.232872
383.253,-0.0138542,-0.00942857,-0.11075,0.0305104,-0.0211044,-0.0184975,0.0625505,-0.0125327,0.0419048,-0.0119798,0.0567403,0.0311224,-0.037978,-0.156366,-0.0356355,0.197838,0.221668,0.243227,0.177093
383.745,0.0117722,0.00679945,-0.139621,-0.00497625,-0.0268418,-0.0217883,0.025307,-0.0625981,0.00429829,0.0729084,0.0197678,-0.059715,-0.0140428,-0.0212597,0.0195554,0.115374,0.0883738,0.0573267,0.0628389
384.237,-0.0367347,0.14112,-0.0538943,-0.0407276,-0.103633,-0.0581633,0.0161665,-0.101399,0.160893,0.114415,0.0423823,0.0473782,0.139379,0.0254894,0.116982,0.167868,0.141347,0.112001,0.0936735
384.73,-0.0165386,-0.0698861,-0.128854,-0.12102,-0.0636376,-0.0424899,0.0683239,0.01697,0.0426038,-0.180105,-0.0724239,-0.0507629,0.0787431,-0.0566653,-0.00887405,0.107057,0.166831,0.099569,0.122461
385.222,0.168318,0.185958,0.129247,0.298661,0.477115,0.228615,0.269129,0.30729,0.182239,0.222183,0.161489,0.279752,0.400938,0.629686,0.253915,0.288092,0.457933,0.171461,0.534499
385.714,0.102642,0.148714,0.182934,0.183129,-0.0279525,0.0718493,0.212381,0.264067,0.326793,0.149564,0.113524,0.139048,0.225872,0.316172,0.0807284,0.208264,0.348982,0.289128,0.206217
386.205,0.0364737,0.0717809,-0.0103213,0.11592,0.0258146,-0.00231,0.0196995,0.178784,0.079249,0.0833983,0.156484,0.0615609,0.049,0.0108706,0.0448511,0.241389,0.112134,0.314659,0.222036
386.697,0.115622,0.128034,0.177062,0.0806114,0.0837962,0.102379,0.0782549,0.155963,0.146873,0.0886174,0.330126,0.0545507,0.114964,0.161008,0.270248,0.230792,0.405866,0.354549,0.253689
387.189,-0.0454372,0.0737606,0.13382,0.0975239,-0.0204451,0.0220747,0.083929,0.0586423,0.23829,0.0589609,0.172541,0.0925931,0.0616108,0.133154,0.229709,0.177423,0.295093,0.214708,0.219182
387.68,0.0986538,0.141554,0.131811,0.0689666,0.128756,0.0722715,0.138276,0.133497,0.154709,0.146209,0.185971,0.189341,0.145988,0.20772,0.100653,0.188305,0.308985,0.226691,0.275142
388.172,0.0828615,0.131233,0.0741392,0.0993153,-0.0665488,-0.0037141,-0.0601039,0.0470151,0.0525714,0.0463978,0.0638284,0.230711,0.0327695,0.0185348,0.00629941,0.161585,0.210004,0.198431,0.148615
388.663,0.0957108,0.189209,0.163571,0.143637,0.122932,-0.0261359,0.203782,0.227541,0.119889,0.0899796,0.0550072,0.1405,0.200909,0.232689,0.325978,0.275915,0.32666,0.35623,0.282151
389.154,0.083632,-0.00238043,0.0864942,-0.0291679,0.136259,0.0283311,-0.0108585,0.0321008,0.225469,0.0632081,0.0498219,0.190435,0.196072,0.111118,0.231264,0.228259,0.241264,0.336661,0.32165
389.645,0.124563,0.0066148,0.0603925,0.145822,0.079102,0.0354954,0.109165,0.106277,0.151592,0.177595,0.0495247,0.146418,0.121789,0.164217,0.189186,0.173663,0.160545,0.215995,0.202442
390.136,0.168187,0.0175807,0.101805,0.0797538,-0.0938057,-0.0819775,0.07752,0.106511,0.0910104,0.131037,0.106535,0.214179,0.0629224,0.122416,0.143865,0.160386,0.299304,0.358247,0.217999
390.627,0.0148657,0.125303,-0.0190586,0.0448805,0.0860598,-0.051617,-0.0795551,0.00924847,-0.00609776,0.0625281,0.136845,-0.0954862,0.0563634,0.0481907,0.267905,0.0792122,0.247397,0.18546,0.191696
391.118,0.0176214,0.0642812,0.112777,0.0509831,-0.00982852,0.0905724,0.0377441,0.0431321,0.124087,0.0881068,0.146911,0.129075,0.129643,0.133211,0.161733,0.131183,0.148093,0.154428,0.226025
391.608,0.0520319,0.0396148,0.0515445,-0.0545998,-0.0469488,0.0609351,0.113809,-0.0152877,0.0941286,0.0544587,0.0139553,0.0152627,0.115115,0.165953,0.084351,0.135243,0.0260356,0.17963,0.194956
392.099,0.0873412,0.0156506,0.0733059,0.0458706,0.145209,0.0158179,0.0687725,0.0958597,0.150011,0.0939351,0.156114,0.0644903,0.112642,0.167294,0.157352,0.157338,0.25875,0.307901,0.296216
392.589,0.00373846,0.0295461,0.0107638,0.0263535,0.0416571,-0.022275,0.152484,0,0.0925269,0.0584166,0.0588725,0.0662336,0.102094,0.100587,0.220858,0.0998176,0.0575871,0.308273,0.170059
393.08,0.027573,0.00120698,0.0011894,0.0254708,0.0726924,0.0282879,0.0451593,0.0242293,0.047032,0.0465602,0.0297328,0.0578284,0.0398428,0.101,0.100073,0.165577,0.132772,0.130596,0.0676299
393.57,0.0669108,0.111234,0.136488,0.120508,0.19688,0.147237,0.00789752,0.213773,0.070422,0.111758,0.096195,0.112127,0.146958,0.203224,0.254259,0.346172,0.329532,0.324505,0.297193
394.06,0.116593,0.0321364,0.036303,0.061981,0.0776971,0,0.183847,-0.00711537,0.0366839,0.162114,0.0818716,0.246824,0.18897,0.156241,0.250817,0.253194,0.292007,0.193856,0.301054
394.55,0.00194359,-0.0254561,-0.041513,0.0288148,-0.0440547,-0.0400745,-0.062664,0.0308141,0.0274037,0.10099,0.157696,0.0571293,0.0947897,0.17881,0.162772,0.193034,0.156999,0.186823,0.226056
395.04,0.0448148,0.104825,-0.0150883,0.130664,0.0345696,0.0139181,0.136782,0.121232,0.0798039,0.0364773,0.0744279,0.0183333,0.0517719,0.14836,0.166222,0.081084,0.287381,0.304012,0.356488
395.529,0.0292362,0.0423972,0.0188263,0.0399209,0.0920665,0.168302,0.0568525,0.0951032,0.0913409,0.128856,0.125071,0.0797078,0.128319,0.182454,0.227383,0.31715,0.331807,0.314888,0.314583
396.019,-0.0458368,0.0457667,0.0165239,-0.0144375,0.047636,0.0844777,0.0535009,0.00193359,0.040986,0.149326,0.0176178,0.0265052,0.0727144,0.126452,0.137337,0.266709,0.212574,0.289786,0.231232
396.508,0.0324064,-0.017099,0.0133863,0.00345179,-0.0600157,-0.033434,-0.0215379,-0.0125831,0.0295585,-0.0493971,0.0953821,0.0843567,0.152986,0.122993,0.127272,0.134751,0.165559,0.144935,0.207494
396.998,0.0257725,-0.0607157,-0.0289706,0.0403415,0.0200531,-0.0238584,0.0133948,0.010389,0.0277659,0.00731804,-0.00758015,0.0287849,0.027174,0.120936,0.138025,0.199369,0.180058,0.199914,0.155261
397.487,0.0482824,0.0753797,-0.00496619,0.0356786,0.0827699,0.0318096,0.0810434,0.126602,0.0556956,0.168496,0.0476864,0.0889162,0.195264,0.136876,0.17461,0.193376,0.18901,0.206925,0.237023
397.976,0.0607399,0.117141,0.03254,0.072361,0.0781845,0.0351591,0.00494303,0.0993495,0.027338,0.100513,0.0104111,0.145133,0.220299,0.126407,0.197788,0.255074,0.294488,0.266452,0.356985
398.465,0.0348505,0.010528,-0.00704322,-0.0190846,0.0508973,0.0262241,0.0153977,0.00528981,0.0559262,0.00996879,0.0397699,0.030258,0.104702,0.0742621,0.117199,0.0880336,0.106884,0.128576,0.165813
398.954,0.0886232,0.040798,0.0734845,0.00553387,0.0963572,0.0929369,0.0917626,0.0603899,0.0990084,0.0806781,0.106854,0.0921715,0.215991,0.193739,0.245137,0.191252,0.227129,0.254729,0.180239
399.443,0.0663473,0.085971,0.13333,0.0289359,0.123395,0.0215953,0.0696752,0.0582312,0.0747209,0.109239,0.0856937,0.152484,0.103994,0.247025,0.283972,0.155085,0.305183,0.186016,0.360012
399.931,0.0351138,0.0545816,0.103999,0.0764731,0.0150085,0.0366151,0.113463,0.0384717,0.103717,0.0757492,0.0845649,0.109624,0.0929899,0.159341,0.146678,0.232393,0.246233,0.220826,0.242546
400.42,0.046687,0.00343309,0.00488119,0.0132841,0.101654,-0.0309706,0.0537557,0.0329705,0.0557088,0.0125332,0.0251864,0.0718727,0.0714956,0.0899476,0.106039,0.0888335,0.197171,0.190394,0.188114
400.908,-0.0356536,-0.0170481,0.0065474,-0.0163655,-0.00401585,-0.0251748,0.0600106,-0.0220768,-0.0206427,0.0222146,0.0378319,0.0538011,0.0346681,0.00857131,0.0701235,0.04083,0.154293,0.150715,0.132806
401.397,0.0611891,0.0674515,0.095642,0.0950173,0.0632262,0.0740087,0.0703456,0.10313,0.0620262,0.127428,0.139736,0.109721,0.196575,0.157154,0.197726,0.213609,0.260887,0.237484,0.230851
401.885,0.0865482,0.0680567,0.091803,0.114169,0.0674787,0.14179,0.125452,0.132317,0.111981,0.124986,0.104773,0.131717,0.124085,0.196268,0.142809,0.198888,0.231796,0.255405,0.29163
402.373,0,0.0354068,-0.0295647,-0.030138,-0.0361957,0.0259769,0.0520047,0.0188216,0.0036929,0.0572938,0.00286946,0.0220537,0.104718,0.128086,0.0791306,0.134211,0.148111,0.178003,0.19057
402.861,0.10695,0.127364,0.0701842,0.0986966,0.0480067,0.089648,0.116609,0.0442643,0.0660082,0.110357,0.0885912,0.109643,0.109792,0.127438,0.173597,0.187679,0.228681,0.266591,0.31736
403.349,0.0534624,0.0060408,0.0432349,0.00106135,0.0298481,0.0385733,0.00542537,0.0677937,-0.0198791,0.0227644,0.0222863,0.112528,0.0551507,0.138073,0.138342,0.151485,0.152154,0.248001,0.209284
403.837,0.00317687,0.017226,0.0516076,0.0399461,0.0748164,0.0453864,0.0715371,0.0256961,0.0838437,0.0251173,0.0829029,0.0682721,0.177153,0.0583911,0.132606,0.230055,0.266541,0.22233,0.224984
404.324,0.0535633,0.072759,0.0709334,0.0613373,0.0892533,0.0504957,0.0984232,0.0770685,0.10199,0.114629,0.131424,0.147795,0.158918,0.125471,0.123629,0.166923,0.247954,0.251322,0.242356
404.812,0.0802375,0.0403419,0.0847265,0.075297,0.045643,0.0696503,0.0157237,0.0611702,0.0946859,0.0740894,0.0742315,0.111638,0.1584,0.1365,0.152807,0.148971,0.214423,0.215821,0.225758
405.299,0.0111255,-0.0126787,-0.0164639,0.0137969,0.00800911,-0.0338401,0.0346499,0.0360517,0.0507457,0.0563995,0.10613,0.0805205,0.12113,0.0475821,0.134022,0.168455,0.190143,0.229895,0.231254
405.786,0.113477,0.0765325,0.0785168,0.0803314,0.0713156,0.101681,0.0738596,0.0994482,0.100919,0.0283131,0.1397,0.134904,0.17038,0.113085,0.185803,0.186986,0.249532,0.19849,0.267701
406.274,0.0498836,0.0583478,0.0585725,0.049807,0.0465427,0.0804808,0.0539206,0.0383542,0.071251,0.0635992,0.0832512,0.172895,0.150032,0.156125,0.194205,0.186919,0.214693,0.250385,0.252798
406.761,0.0715428,0.0868397,0.0613554,0.0666115,0.0939161,0.111523,0.120372,0.0860328,0.109542,0.0960913,0.123242,0.126678,0.202591,0.160313,0.187374,0.216324,0.198446,0.241894,0.293237
407.248,0.0635523,0.0248381,0.0224737,0.0301077,0.0226878,0.033916,0.0759701,0.0749151,0.0589486,0.0658103,0.100026,0.0824749,0.116095,0.130151,0.100421,0.153799,0.201215,0.181581,0.235617
407.734,0.0217737,0.011099,0.0311101,0.0636187,0.0833163,0.0300024,0.0341321,0.0603518,0.0377758,0.0573975,0.0592691,0.0696138,0.114694,0.123473,0.105424,0.117152,0.205174,0.187848,0.238025
408.221,0.0892709,0.130438,0.0769705,0.108463,0.121179,0.0831343,0.0866093,0.107971,0.129702,0.168054,0.174356,0.149755,0.1657,0.185653,0.194544,0.208059,0.284267,0.275471,0.258682
408.708,0.06937,0.0623207,0.0659339,0.0752029,0.027508,0.0713764,0.107569,0.0541196,0.0565442,0.123061,0.145822,0.131911,0.147241,0.206355,0.169811,0.276984,0.209297,0.288108,0.277138
409.194,-0.0391898,0.0179889,0.0259666,0.0227062,0.0337249,0.00179058,0.0195361,0.0550585,0.0464864,0.0562577,0.0438645,0.104941,0.100193,0.101088,0.128763,0.162754,0.167395,0.194468,0.219747
409.681,0.0887442,0.0424075,0.0110486,0.0927804,0.0716827,0.0619211,0.0406789,0.0705808,0.0917861,0.101173,0.107695,0.122783,0.160127,0.155083,0.180593,0.183197,0.223268,0.195979,0.25428
410.167,0.0136072,0.0395813,0.0509762,0.0454829,0.0474996,0.021402,0.0573445,0.0503801,0.0784076,0.0468121,0.0919751,0.0875103,0.155072,0.197613,0.186905,0.237181,0.286661,0.301365,0.259229
410.653,0.00376555,0.0330918,0.02993,-0.00913819,0.0623791,0.0070911,0.0327393,0.0294993,0.102312,0.0517408,0.097515,0.0362434,0.0787365,0.137512,0.124752,0.179205,0.194494,0.211869,0.244719
411.139,0.0390882,0.0354031,0.0802327,-0.00542628,0.0292259,0.0146727,0.0450735,0.0576498,0.0742013,0.0768527,0.109279,0.0612959,0.119463,0.123958,0.133676,0.173947,0.202763,0.201103,0.258107
411.625,0.0695648,0.0730097,0.0500517,0.0760367,0.0683928,0.057208,0.0901176,0.0766215,0.0680272,0.0704678,0.0983836,0.0923627,0.107322,0.140548,0.17508,0.166538,0.201763,0.194056,0.230791
412.111,0.0466163,0.0300351,0.0380041,0.00343285,0.0325149,0.0610985,0.0475695,0.0742178,0.0605539,0.0725828,0.0750894,0.108942,0.111571,0.100606,0.115543,0.156494,0.176246,0.226679,0.287476
412.597,0.0413463,-0.00694571,0.0156342,0.0315024,0.0301566,0.0885166,0.0658123,0.0817534,0.0518567,0.0768693,0.0917981,0.101047,0.146993,0.144134,0.132792,0.172745,0.183437,0.2125,0.243121
413.082,0.035011,0.0503988,0.0304413,0.0636048,0.0560849,0.0707802,0.083995,0.0653416,0.0840942,0.0746465,0.109497,0.138433,0.131692,0.127599,0.131581,0.201919,0.206067,0.230108,0.230194
413.568,0.0564303,0.0199342,0.0656631,0.085359,0.0416029,0.0740035,0.0614997,0.0517857,0.0631515,0.0613972,0.083303,0.11866,0.0984357,0.0827871,0.122549,0.163319,0.189871,0.207463,0.241769
414.053,0.0465524,0.0559538,0.0362629,0.0679447,0.0715506,0.0787069,0.066959,0.130537,0.0745621,0.0748886,0.0875951,0.116815,0.111929,0.126951,0.209388,0.209592,0.178962,0.257196,0.241039
414.538,0.0658625,0.053509,0.0129211,0.0469174,0.0651858,0.075547,0.0924165,0.0814937,0.0880707,0.10264,0.121838,0.109183,0.11823,0.138062,0.170001,0.182237,0.24975,0.259808,0.253715
415.023,0.0433249,0.0710221,0.0646592,0.0750647,0.0502883,0.0583453,0.0597062,0.0795846,0.112729,0.0939119,0.115313,0.0887515,0.129033,0.143213,0.177258,0.162215,0.21054,0.262421,0.243743
415.508,0.0711396,0.0800834,0.0623524,0.061511,0.0520938,0.0644694,0.0698522,0.0778748,0.0684289,0.0720468,0.113796,0.0954077,0.103414,0.14291,0.153934,0.192306,0.2223,0.223652,0.206701
415.993,0.0482506,0.058561,0.0618559,0.0526351,0.0710078,0.0927223,0.0922312,0.081937,0.0418012,0.0782382,0.10218,0.126693,0.126002,0.158385,0.180341,0.211157,0.192829,0.256803,0.272848
416.478,0.0297786,0.00757273,0.0462317,-0.00971111,0.0152438,0.0555846,0.0702017,0.00756459,0.0117539,0.0702017,0.0747062,0.12148,0.0813464,0.127844,0.173542,0.197962,0.207572,0.209984,0.264691
416.963,0.0559585,0.0460918,0.0596444,0.0406325,0.0619431,0.0903277,0.0678982,0.0602932,0.0945575,0.0944629,0.0932042,0.109464,0.146693,0.148055,0.191055,0.179246,0.252553,0.246864,0.241588
417.447,0.0444911,0.0434658,0.0307614,0.0324871,0.0169663,0.00978021,0.0462572,0.0246353,0.0541354,0.0627309,0.0747899,0.0757641,0.118601,0.122661,0.142949,0.186721,0.197729,0.188642,0.215117
417.932,0.0745747,0.0455558,0.0850893,0.0256811,0.0584282,0.0420119,0.0637872,0.103183,0.052667,0.0960617,0.103323,0.125172,0.139287,0.166676,0.167929,0.181021,0.211295,0.245047,0.255315
418.416,0.0601325,0.0669048,0.0232293,0.0555913,0.0636705,0.0412486,0.0636593,0.0605584,0.0665351,0.0727344,0.096719,0.0850599,0.114636,0.108602,0.148213,0.171032,0.160709,0.192966,0.197585
418.9,0.0456284,0.0533235,0.0517082,0.0463832,0.0416195,0.0324408,0.0405331,0.0524685,0.0540362,0.0688109,0.0726739,0.0974856,0.11605,0.104849,0.171472,0.156266,0.186857,0.225594,0.237873
419.384,0.0412563,0.0483021,0.0476677,0.0359908,0.0289676,0.0421551,0.0841721,0.0509173,0.0692634,0.0825487,0.0851113,0.0907654,0.125607,0.1237,0.170434,0.180704,0.21984,0.251974,0.246118
419.868,0.0507418,0.00703888,0.0475974,0.0326963,0.0548956,0.0122223,0.038216,0.0567546,0.0426789,0.074628,0.0961986,0.0726089,0.0699334,0.150282,0.140586,0.165598,0.200753,0.25222,0.239115
420.352,0.0696991,0.0759812,0.0657497,0.0439093,0.0381688,0.0832519,0.0745779,0.0905543,0.0724343,0.10739,0.109282,0.133725,0.148155,0.120413,0.180602,0.204096,0.253464,0.254037,0.263187
420.836,0.0324329,0.0372545,0.0684694,0.0500733,0.0812176,0.0744233,0.0586569,0.0763012,0.0643976,0.126694,0.117348,0.123059,0.11799,0.187263,0.183334,0.201935,0.253112,0.25062,0.284188
421.319,0.0568161,0.0497297,0.0721396,0.0702991,0.0918239,0.0737782,0.0814134,0.112667,0.0707722,0.0777644,0.117798,0.156688,0.134528,0.133611,0.182014,0.20271,0.219207,0.281602,0.259879
421.803,0.0829293,0.0623035,0.0826564,0.0561387,0.0631257,0.0974244,0.0763811,0.0837722,0.0890011,0.109781,0.120004,0.0999906,0.129436,0.13657,0.184622,0.201235,0.218537,0.260647,0.280465
422.286,0.0399166,0.0565996,0.0703216,0.0629592,0.0658722,0.066094,0.0758475,0.102756,0.0935501,0.0962275,0.102459,0.122783,0.136189,0.143611,0.177211,0.192615,0.212663,0.255732,0.268924
422.77,0.0418372,0.0508312,0.0499235,0.0394447,0.0564665,0.033165,0.0755334,0.07918,0.0748254,0.0727689,0.107384,0.129982,0.126668,0.135792,0.183871,0.214075,0.242128,0.258017,0.284556
423.253,0.0382329,0.0515907,0.0406583,0.0414344,0.0727923,0.0538907,0.0756164,0.067448,0.0874777,0.0778835,0.0897512,0.11428,0.118076,0.147029,0.157084,0.194306,0.198899,0.245307,0.254768
423.736,0.0581483,0.071063,0.0601312,0.0611923,0.0472762,0.0613786,0.0879993,0.0847318,0.0686617,0.093367,0.0996069,0.103206,0.14288,0.176904,0.1747,0.22354,0.237324,0.245303,0.260917
424.219,0.0601626,0.0395455,0.0451352,0.0628202,0.068845,0.0568112,0.0683896,0.0532377,0.0831862,0.0776171,0.0946491,0.129857,0.127865,0.147313,0.153467,0.19649,0.239575,0.213575,0.221322
424.702,0.0165673,0.0412366,0.0107789,0.0256189,0.0328053,0.0288356,0.0235156,0.0404475,0.0396369,0.0735682,0.0853094,0.0841954,0.0793037,0.109381,0.136324,0.169211,0.19892,0.209236,0.256104
425.184,0.0133769,0.0444927,0.0551347,0.0384866,0.0595626,0.0388613,0.0267858,0.0408232,0.0465886,0.0647974,0.0745155,0.100294,0.103279,0.15302,0.15413,0.200475,0.213114,0.24484,0.265114
425.667,0.063009,0.0481697,0.0499391,0.0463701,0.0362643,0.050038,0.0583321,0.0609087,0.0631281,0.0679807,0.0908284,0.0913787,0.119583,0.142142,0.165603,0.156215,0.201847,0.215926,0.218915
426.149,0.0597086,0.0355024,0.0504671,0.0404647,0.0571893,0.0416763,0.061252,0.0618147,0.058655,0.0820356,0.0856874,0.0997554,0.120122,0.151786,0.148354,0.176987,0.215967,0.225534,0.249144
426.632,0.0697239,0.0637187,0.0508441,0.0906803,0.0722003,0.0880423,0.07909,0.085515,0.0896901,0.126998,0.134796,0.137919,0.13253,0.187945,0.169887,0.206649,0.239179,0.301267,0.288252
427.114,0.0650683,0.0345387,0.0646203,0.0585229,0.0488697,0.0282302,0.0532215,0.0548566,0.0912913,0.0871609,0.0795098,0.118417,0.106833,0.147382,0.131511,0.18724,0.183146,0.238751,0.278456
427.596,0.048671,0.0399324,0.0651889,0.0539994,0.0623345,0.0664716,0.066987,0.0692818,0.0838623,0.0761318,0.088722,0.0895973,0.126075,0.138813,0.149561,0.178635,0.229933,0.241463,0.278829
428.078,0.0373418,0.0125551,0.0187911,0.0339798,0.0378782,0.0409857,0.037478,0.066352,0.0510525,0.0427218,0.0761687,0.0655449,0.11941,0.125927,0.142672,0.154066,0.184796,0.212919,0.238358
428.56,0.0515213,0.0706197,0.0472166,0.0389397,0.0410553,0.0501647,0.0477393,0.0447081,0.0567469,0.0860998,0.0890607,0.0943689,0.11947,0.138958,0.140101,0.187047,0.217607,0.225831,0.241085
429.042,0.0837814,0.0551842,0.0619352,0.0410363,0.0560908,0.0546776,0.0606627,0.0751421,0.0781182,0.0939479,0.0858856,0.104273,0.135235,0.148419,0.136738,0.197265,0.244186,0.276716,0.253451
429.524,0.0517503,0.0494971,0.049102,0.0343763,0.0419985,0.0414569,0.0487543,0.0720445,0.0724872,0.105863,0.0992515,0.103834,0.125913,0.130635,0.17176,0.199646,0.198672,0.259564,0.254785
430.005,0.0321472,0.041386,0.0558214,0.0306645,0.0523823,0.0600456,0.0521144,0.0448268,0.0745798,0.0745954,0.0797796,0.0933848,0.0991349,0.134259,0.157191,0.195117,0.219762,0.230433,0.249974
430.487,0.0576914,0.0484277,0.0741966,0.0525091,0.066029,0.0526747,0.0692115,0.0464541,0.0967537,0.103466,0.118062,0.110965,0.124287,0.14635,0.183086,0.21445,0.223673,0.263898,0.268979
430.968,0.0386262,0.0583956,0.0408927,0.0439745,0.053301,0.0592206,0.0662022,0.0518803,0.0672387,0.0835687,0.0961536,0.0933144,0.10367,0.139885,0.151093,0.182901,0.215015,0.236756,0.239561
431.449,0.0812394,0.0709204,0.0503992,0.0587633,0.0841942,0.0635397,0.078266,0.0722732,0.0769075,0.102575,0.107984,0.114617,0.122378,0.159756,0.173413,0.221112,0.201659,0.231137,0.276164
431.93,0.0622933,0.0388233,0.0524602,0.0548809,0.0565386,0.0808296,0.0604562,0.0705027,0.0786715,0.0913853,0.0965304,0.123034,0.106464,0.155881,0.158282,0.203402,0.208822,0.239578,0.257171
432.411,0.0756787,0.0629996,0.0746506,0.0651998,0.0787477,0.0600133,0.0744071,0.0752167,0.0973771,0.129933,0.119415,0.126369,0.15945,0.159235,0.172624,0.216976,0.244442,0.24174,0.312282
432.892,0.0486916,0.0282611,0.0196813,0.0241264,0.04462,0.0359903,0.0486044,0.0507703,0.0345113,0.0635389,0.0735338,0.0953166,0.107916,0.119497,0.142458,0.165505,0.188403,0.225444,0.220423
433.373,0.0421748,0.0466698,0.0397312,0.0518443,0.0309704,0.0560534,0.0604284,0.0690894,0.0584492,0.0857569,0.0895859,0.120717,0.103649,0.15283,0.141757,0.184991,0.214436,0.219155,0.253949
433.854,0.035537,0.056064,0.037239,0.0573616,0.0565984,0.0405688,0.0606928,0.067853,0.0627656,0.0803819,0.102649,0.101068,0.11671,0.121146,0.158275,0.198439,0.227708,0.242412,0.232777
434.334,0.0208963,0.0376994,0.0309556,0.0313195,0.0485029,0.0378046,0.0426657,0.050037,0.0571762,0.0603345,0.0724939,0.106975,0.107906,0.101526,0.160851,0.180633,0.192184,0.220838,0.228636
434.814,0.073221,0.0642351,0.0740511,0.0638401,0.068243,0.0678302,0.0890821,0.0798544,0.087645,0.106028,0.0995397,0.136197,0.151918,0.158956,0.186032,0.177675,0.224282,0.264101,0.276232
435.295,0.043767,0.0610863,0.0333237,0.0517769,0.0481336,0.0524282,0.0661483,0.0570092,0.0820062,0.0815079,0.106939,0.113784,0.146431,0.128581,0.170688,0.167767,0.215957,0.252026,0.262282
435.775,0.0526746,0.0547271,0.0649429,0.0558717,0.0788593,0.0578511,0.0660785,0.0704906,0.0694111,0.0920719,0.0877117,0.115252,0.12814,0.130226,0.178729,0.200302,0.233362,0.252714,0.264367
436.255,0.0548721,0.0584176,0.0555853,0.0475641,0.0665228,0.0571698,0.0746706,0.0544138,0.0818839,0.0814515,0.0953885,0.10626,0.121209,0.14072,0.174738,0.181278,0.232129,0.259641,0.259405
436.735,0.0509874,0.052329,0.0478385,0.042964,0.0429531,0.0398457,0.0435339,0.0642686,0.0594103,0.0898731,0.0940188,0.0905358,0.11217,0.125306,0.139764,0.170002,0.227256,0.232226,0.271379
437.215,0.0654726,0.0245655,0.0437656,0.0488288,0.0571579,0.0612508,0.0689516,0.0690963,0.0602021,0.0849509,0.0932398,0.111476,0.122017,0.132507,0.160019,0.184752,0.222616,0.239751,0.26552
437.695,0.0213501,0.0299861,0.0423212,0.039041,0.0635309,0.0530329,0.0554176,0.0547743,0.0606852,0.0705393,0.0743009,0.105587,0.119253,0.130268,0.144629,0.185221,0.210756,0.235522,0.237354
438.174,0.0241808,0.0259626,0.0244172,0.0267816,0.0330686,0.0321042,0.0457702,0.0425848,0.0477413,0.0545256,0.0695278,0.0803408,0.10214,0.121667,0.147077,0.176973,0.200383,0.222242,0.22117
438.654,0.0351676,0.0254726,0.0413723,0.0205695,0.0493693,0.0566329,0.0471114,0.0558451,0.0662223,0.0632715,0.0738374,0.0899222,0.0993912,0.126726,0.145726,0.168594,0.201185,0.226284,0.225767
439.133,0.0225537,0.0466885,0.0420969,0.0435895,0.0367212,0.0355419,0.0655759,0.0694498,0.0589859,0.0805241,0.0740991,0.0848356,0.105494,0.125775,0.152834,0.176284,0.205343,0.225894,0.252824
439.612,0.0608112,0.0618335,0.0716056,0.0569395,0.0686902,0.0514696,0.0853493,0.0596351,0.0773103,0.0877622,0.106063,0.117747,0.132175,0.168023,0.181816,0.225333,0.233983,0.267403,0.278408
440.091,0.057526,0.032581,0.0462734,0.049382,0.05514,0.0565677,0.0574108,0.0601615,0.062568,0.0791487,0.0894272,0.111486,0.133892,0.144689,0.160511,0.17869,0.223533,0.234934,0.276539
440.571,0.0593574,0.0407091,0.037929,0.0609385,0.0535573,0.0662835,0.075441,0.0754901,0.0745667,0.0801705,0.0796294,0.101104,0.127149,0.138747,0.155472,0.175599,0.214141,0.241509,0.259567
441.049,0.0594682,0.0595954,0.0648614,0.0509301,0.0652569,0.0647492,0.0550287,0.0752589,0.0813585,0.0837225,0.0908875,0.111872,0.119042,0.152439,0.173894,0.188003,0.199799,0.235142,0.268755
441.528,0.0413323,0.0473823,0.0312258,0.0394394,0.0450957,0.0583601,0.0532797,0.062078,0.0700866,0.0707221,0.0710231,0.108404,0.126399,0.128868,0.145946,0.172713,0.196695,0.224142,0.239687
442.007,0.0511587,0.0544111,0.048425,0.0562075,0.0410204,0.0728577,0.0657671,0.0512908,0.0723788,0.0828542,0.101374,0.105148,0.122367,0.153039,0.166249,0.183222,0.208781,0.249509,0.262683
442.486,0.0430439,0.058204,0.0543816,0.0465229,0.0486703,0.0626823,0.0607335,0.0751957,0.0731207,0.0807396,0.0859807,0.0959187,0.10732,0.13743,0.162491,0.176499,0.205433,0.221802,0.241189
442.964,0.0575377,0.0697015,0.0690955,0.057134,0.0508129,0.0646028,0.0774524,0.0789359,0.0857921,0.0855988,0.101636,0.124058,0.139391,0.139105,0.16776,0.204216,0.210928,0.244614,0.242809
443.442,0.042769,0.0508831,0.0294037,0.0431266,0.0469187,0.0466432,0.0568073,0.0628962,0.0607374,0.064048,0.0856636,0.0902242,0.110604,0.139826,0.174057,0.169121,0.211594,0.246721,0.258441
443.921,0.0383585,0.0520199,0.0558219,0.0456727,0.0495487,0.0551258,0.0701256,0.0784108,0.0755491,0.0682275,0.103621,0.101557,0.124108,0.150843,0.163687,0.188916,0.206456,0.246561,0.249796
444.399,0.0473022,0.0497849,0.0478543,0.0538883,0.055214,0.061725,0.0492307,0.0512553,0.0710811,0.0771826,0.0885037,0.0970421,0.117983,0.120173,0.155658,0.166838,0.205323,0.246094,0.259242
444.877,0.0403737,0.0518657,0.0607032,0.0572559,0.0666297,0.0595819,0.0669919,0.0664192,0.0644096,0.0892859,0.0884495,0.111151,0.110659,0.133322,0.175216,0.182283,0.216695,0.245659,0.284983
445.355,0.0363087,0.0436681,0.0367538,0.0449125,0.0264969,0.0411726,0.0582004,0.0569871,0.0564267,0.0646686,0.0892713,0.094223,0.111047,0.124153,0.147292,0.169651,0.210405,0.238313,0.26163
445.832,0.0556983,0.0422343,0.0644623,0.0617791,0.0552751,0.0614531,0.0592544,0.0684228,0.0702897,0.0647823,0.0895938,0.101054,0.122029,0.138621,0.156615,0.184915,0.201518,0.23008,0.252703
446.31,0.0383835,0.0615816,0.0518241,0.0380356,0.0677669,0.0493009,0.0597921,0.0770179,0.0538118,0.0807472,0.0951654,0.112342,0.114905,0.138476,0.163146,0.19781,0.214975,0.240779,0.256562
446.788,0.0585529,0.0567395,0.0507325,0.0663806,0.0566471,0.0550917,0.0600605,0.0749926,0.0804221,0.0853568,0.114547,0.108246,0.125801,0.145718,0.161565,0.202108,0.232427,0.241024,0.260663
447.265,0.0603884,0.0490889,0.0421626,0.0484737,0.0504992,0.0564129,0.0600109,0.0492568,0.055124,0.0694349,0.0886742,0.107032,0.117222,0.126817,0.155554,0.207818,0.204671,0.248239,0.25516
447.742,0.044438,0.0437005,0.0432904,0.0487933,0.0598372,0.0554496,0.0695688,0.0717214,0.0774586,0.0803336,0.0859049,0.0889249,0.126146,0.134816,0.155563,0.189867,0.215138,0.234206,0.248589
448.219,0.03388,0.0413453,0.046181,0.0375305,0.0464261,0.0354201,0.0605749,0.0599058,0.050939,0.0641773,0.0823641,0.0877737,0.104437,0.120496,0.134908,0.178845,0.199246,0.22428,0.241234
448.697,0.0519812,0.0433819,0.0496425,0.0475479,0.0443007,0.0434776,0.0693387,0.0665683,0.0729674,0.0762192,0.094042,0.100167,0.113155,0.126158,0.154736,0.182064,0.219131,0.245513,0.235422
449.173,0.0593011,0.0503705,0.0627366,0.0680733,0.0694907,0.0708405,0.0756508,0.0853135,0.0792296,0.0865645,0.0946614,0.115504,0.123411,0.150064,0.168173,0.198531,0.234415,0.242979,0.257376
449.65,0.0446003,0.0446933,0.0503483,0.0452785,0.0677643,0.0687221,0.0729471,0.0725593,0.0693464,0.0892291,0.108322,0.105139,0.135897,0.142855,0.160196,0.196785,0.217194,0.26695,0.269757
450.127,0.0544446,0.0548987,0.0476323,0.0618252,0.0659414,0.0553515,0.0526287,0.0711347,0.0795376,0.0747053,0.0964617,0.10273,0.12574,0.149625,0.160122,0.196564,0.209083,0.250122,0.242688
450.604,0.056889,0.0491585,0.0414796,0.0535749,0.047881,0.061204,0.0495648,0.0644445,0.0707821,0.0881609,0.0922346,0.113367,0.122976,0.14166,0.166981,0.189769,0.205854,0.237069,0.256708
451.08,0.054029,0.0619223,0.0577896,0.0484642,0.0646817,0.0580845,0.0706209,0.0705291,0.0781798,0.0813324,0.101643,0.106048,0.127218,0.131862,0.168675,0.19939,0.215621,0.245071,0.256081
451.557,0.0404191,0.0414431,0.0416435,0.047047,0.0366322,0.0438927,0.0488068,0.0575833,0.0635382,0.0664511,0.0728054,0.0869966,0.100357,0.127096,0.158054,0.161724,0.2003,0.228767,0.2432
452.033,0.0501591,0.0503667,0.0434223,0.0426083,0.0539514,0.055164,0.0640831,0.0562374,0.067707,0.0819837,0.0872242,0.102013,0.113541,0.146559,0.170674,0.187479,0.210907,0.243479,0.273095
452.509,0.0453367,0.0509322,0.0420775,0.0492382,0.0482714,0.0408159,0.0406962,0.0534754,0.0722663,0.0839496,0.0900019,0.100197,0.112583,0.130792,0.143083,0.189657,0.207731,0.244287,0.247944
452.985,0.0437682,0.0465163,0.050686,0.0581454,0.0655464,0.0548055,0.0555678,0.0608274,0.0696403,0.0739853,0.0874735,0.107152,0.122015,0.143172,0.153269,0.194322,0.21434,0.244641,0.26502
453.461,0.0346163,0.0388553,0.0502618,0.0437793,0.0566093,0.0443722,0.0614524,0.0564751,0.0653344,0.0758983,0.0904717,0.0961317,0.110846,0.134643,0.149345,0.16723,0.209304,0.221407,0.246711
453.937,0.0473729,0.0508427,0.0598451,0.0529924,0.0671209,0.0640633,0.0638172,0.0660218,0.0773079,0.0734993,0.0876101,0.109674,0.125947,0.145328,0.167344,0.183104,0.204126,0.232559,0.255458
454.412,0.0426621,0.0528363,0.028396,0.0450377,0.0559718,0.0521879,0.0585675,0.0538184,0.0631396,0.0766453,0.0777397,0.0875856,0.109974,0.139699,0.158505,0.179636,0.218128,0.240025,0.252071
454.888,0.0560789,0.0721075,0.0659914,0.0766002,0.0532573,0.0716884,0.0874883,0.0736028,0.0830572,0.0925379,0.104915,0.11524,0.131572,0.146277,0.163187,0.207479,0.229752,0.263797,0.257956
455.363,0.0428574,0.0433247,0.0451231,0.055633,0.0555699,0.0578595,0.0635413,0.0606562,0.0494129,0.0690669,0.0880205,0.0921215,0.114416,0.124644,0.160024,0.18387,0.212748,0.238517,0.25412
455.839,0.0471222,0.0425598,0.0440942,0.0529888,0.0522119,0.0563166,0.064144,0.0536779,0.0697274,0.0723827,0.0905647,0.0957105,0.117681,0.139113,0.15731,0.194473,0.198863,0.233263,0.246034
456.314,0.0445572,0.033392,0.038282,0.0409189,0.0460589,0.0475435,0.0615014,0.0629365,0.0665947,0.0749023,0.080583,0.0988787,0.109603,0.124103,0.14792,0.169319,0.200008,0.221508,0.257584
456.789,0.0431558,0.048438,0.0503913,0.0475199,0.0672316,0.0621751,0.0825305,0.0741903,0.0706359,0.0778501,0.09762,0.108055,0.125075,0.133939,0.169105,0.181614,0.220633,0.234759,0.259582
457.264,0.0424456,0.0546872,0.0528725,0.0642441,0.0482955,0.0591242,0.0691293,0.0636832,0.0668971,0.0955522,0.0960687,0.114203,0.124662,0.146492,0.1651,0.20103,0.225188,0.261405,0.267476
457.739,0.0425492,0.0455216,0.0473098,0.0600751,0.0532903,0.0479152,0.0606214,0.0603632,0.0817743,0.0741408,0.0941237,0.102045,0.119602,0.137199,0.152648,0.185902,0.226698,0.227657,0.251754
458.214,0.0416986,0.0518569,0.0360196,0.0517151,0.0369453,0.0574935,0.0606975,0.0698574,0.0783199,0.0728894,0.0777529,0.0984221,0.114918,0.132529,0.158843,0.179831,0.195533,0.241413,0.254124
458.689,0.0521287,0.0554661,0.0505361,0.0459779,0.0547805,0.0688283,0.0615184,0.0624755,0.0776075,0.0938812,0.0878089,0.109717,0.120907,0.14651,0.16068,0.188433,0.212876,0.259486,0.259038
459.163,0.0556761,0.0534504,0.0576309,0.0476183,0.0454776,0.0539014,0.0592817,0.0666547,0.0760209,0.075099,0.0873337,0.102897,0.119268,0.13331,0.158665,0.189309,0.22857,0.240743,0.260513
459.637,0.0537559,0.0454911,0.0416376,0.0521547,0.0519457,0.051589,0.0596389,0.0639219,0.05995,0.0794196,0.0910112,0.112685,0.120527,0.131921,0.149854,0.188899,0.208951,0.253343,0.267144
460.112,0.0419489,0.0417334,0.0380465,0.0415479,0.0446088,0.0609724,0.0527964,0.0622089,0.0582355,0.0758141,0.0933614,0.0982681,0.113084,0.139146,0.162727,0.175151,0.204772,0.225551,0.25732
460.586,0.0453662,0.0318598,0.0440247,0.0406084,0.0505426,0.0431298,0.0550154,0.0520843,0.0610388,0.0685551,0.0791387,0.0998685,0.11667,0.135413,0.163037,0.176999,0.225208,0.244141,0.269112
461.06,0.0543036,0.0538363,0.0532633,0.0469757,0.0404525,0.0440351,0.063456,0.0617081,0.059124,0.0836835,0.086328,0.099687,0.113787,0.139366,0.163465,0.174479,0.203005,0.234254,0.248321
461.534,0.0500352,0.0435792,0.0416766,0.0541974,0.0549182,0.0597911,0.0616822,0.0715387,0.0693724,0.0808796,0.0941476,0.112095,0.130812,0.137914,0.161992,0.197613,0.226216,0.244851,0.265076
462.008,0.0391329,0.0503861,0.0531672,0.0442602,0.049981,0.0412627,0.0562882,0.0616437,0.069408,0.0788909,0.0856743,0.0960406,0.110032,0.134173,0.154526,0.173143,0.210734,0.236892,0.244678
462.482,0.0413862,0.0444,0.057265,0.0571784,0.0535972,0.0600427,0.0515438,0.0603573,0.0798042,0.0806739,0.0913115,0.0996477,0.119706,0.131249,0.148526,0.177013,0.210348,0.230024,0.253747
462.955,0.0525342,0.0380586,0.0410164,0.0411186,0.0476467,0.0574964,0.0612872,0.0628252,0.065434,0.0799472,0.0897127,0.101781,0.110852,0.128022,0.151794,0.176611,0.20052,0.231212,0.243493
463.429,0.0460747,0.0477127,0.0529875,0.0456564,0.05403,0.0551198,0.0634273,0.0620926,0.0754616,0.087796,0.0818335,0.113484,0.126604,0.132258,0.163136,0.177432,0.212117,0.23373,0.253141
463.902,0.0452314,0.0507527,0.0518834,0.0447097,0.0474228,0.0516379,0.0596686,0.0537705,0.0694257,0.0692976,0.0973344,0.102471,0.118037,0.138815,0.160086,0.172742,0.206606,0.217697,0.252629
464.375,0.0377463,0.0247166,0.0390751,0.0376206,0.0521065,0.0396037,0.0431667,0.0570555,0.0535005,0.0635063,0.0739094,0.085346,0.1118,0.123567,0.141718,0.170298,0.195483,0.227743,0.24347
464.849,0.0371015,0.0496657,0.0466277,0.0499757,0.0498959,0.0528043,0.0545869,0.0597567,0.0641665,0.0790025,0.0869319,0.0980055,0.11179,0.128176,0.149739,0.180755,0.214818,0.239819,0.247026
465.322,0.0491975,0.0497276,0.0557425,0.0462836,0.052017,0.0673844,0.0498833,0.0543633,0.0738422,0.0736604,0.0953696,0.102318,0.124909,0.139686,0.155823,0.194767,0.224031,0.244419,0.263909
465.794,0.0475325,0.0434915,0.0527151,0.0502071,0.0668207,0.0577799,0.0675978,0.058378,0.0730941,0.075371,0.0910684,0.1165,0.119197,0.133544,0.156159,0.188639,0.218143,0.247412,0.262794
466.267,0.0536524,0.0441622,0.0426649,0.051405,0.0542633,0.0632071,0.0557639,0.0670615,0.0659476,0.0759252,0.0886019,0.105108,0.120645,0.141044,0.162796,0.187083,0.218298,0.24607,0.261903
466.74,0.044382,0.0393723,0.0514383,0.0460451,0.050348,0.0503292,0.0505562,0.0598843,0.0698952,0.0782416,0.0898232,0.111323,0.126607,0.135238,0.153228,0.178216,0.208862,0.231932,0.254013
467.213,0.0456588,0.0480561,0.0555177,0.0527707,0.0433783,0.0510719,0.0603131,0.0635079,0.0738135,0.0783781,0.082099,0.0951757,0.107423,0.132167,0.155261,0.179668,0.217506,0.241865,0.251497
467.685,0.040237,0.0436697,0.0568005,0.0475859,0.0465995,0.0593376,0.0582264,0.0541525,0.0723136,0.0855146,0.0768429,0.0992831,0.117051,0.122313,0.153009,0.180509,0.207022,0.241512,0.247492
468.157,0.043228,0.0389471,0.0494796,0.0494091,0.0483726,0.0629178,0.0613164,0.0555798,0.0679275,0.0791294,0.0903349,0.104342,0.112368,0.132097,0.157319,0.191649,0.217382,0.246,0.250322
468.63,0.0340407,0.0499492,0.0428334,0.048997,0.0476216,0.0489735,0.0515053,0.0589849,0.0704303,0.0724518,0.0893243,0.0977748,0.113492,0.126386,0.146219,0.175181,0.208893,0.227715,0.246063
469.102,0.0519126,0.0482337,0.0521029,0.055798,0.0485098,0.0542221,0.0568084,0.0709045,0.0714667,0.084174,0.0926044,0.102866,0.123982,0.140031,0.157818,0.194573,0.211139,0.242074,0.266879
469.574,0.0359064,0.0358016,0.0357491,0.0396528,0.0435214,0.0408711,0.0453638,0.0514896,0.0580601,0.0615359,0.0744482,0.0893844,0.106455,0.124725,0.149962,0.158995,0.197073,0.21719,0.233937
470.046,0.056863,0.0461602,0.050834,0.056992,0.0602588,0.0575981,0.0651338,0.0751679,0.076349,0.0831809,0.0872669,0.104346,0.117896,0.134872,0.166051,0.182078,0.221662,0.242999,0.260362
470.517,0.0435003,0.0483351,0.0552495,0.0499414,0.0593635,0.0544677,0.0568067,0.0744755,0.0809972,0.0829674,0.0839351,0.110697,0.123447,0.14359,0.163436,0.190497,0.224402,0.245952,0.265439
470.989,0.0477655,0.0526504,0.0574363,0.0561094,0.0561031,0.0567794,0.0660055,0.0689091,0.0800281,0.0853697,0.0905809,0.109243,0.120613,0.151515,0.159799,0.183079,0.224673,0.244642,0.266883
471.461,0.0562828,0.051823,0.0548643,0.0553477,0.0584227,0.0658013,0.058792,0.0722164,0.0762555,0.0785862,0.0996823,0.104793,0.120993,0.142375,0.158991,0.191052,0.225186,0.237569,0.256278
471.932,0.048388,0.053814,0.050028,0.0493207,0.0568227,0.0659099,0.0598211,0.0585443,0.075735,0.0803008,0.0795281,0.102117,0.12323,0.145628,0.167508,0.190122,0.218267,0.246879,0.264566
472.403,0.0468094,0.045205,0.0523624,0.0482271,0.0529054,0.0666148,0.0608002,0.0605094,0.070717,0.0884183,0.0884101,0.101177,0.120802,0.135867,0.16108,0.18428,0.212602,0.226954,0.252224
472.874,0.0449401,0.0431301,0.0488999,0.0476438,0.0473514,0.0526282,0.0516645,0.0607919,0.0669645,0.0742058,0.0841016,0.0909923,0.113163,0.134729,0.161338,0.173061,0.207365,0.223049,0.237304
473.346,0.0325777,0.0416553,0.0458301,0.0465384,0.0438741,0.0541018,0.05568,0.0569232,0.0655401,0.0680889,0.0822008,0.0903911,0.108474,0.127391,0.145874,0.1785,0.202297,0.223609,0.249896
473.816,0.0472016,0.053229,0.0528743,0.0531703,0.0539735,0.0533804,0.0627531,0.0663337,0.0707758,0.0800377,0.089249,0.0984363,0.115079,0.139591,0.160383,0.182185,0.208545,0.24012,0.254722
474.287,0.0351109,0.0472946,0.0539277,0.0440629,0.0534328,0.058067,0.0577326,0.0627182,0.0651019,0.0839925,0.0828899,0.103937,0.108047,0.13601,0.146279,0.177314,0.207263,0.237563,0.242928
474.758,0.0419484,0.0349428,0.0499024,0.0464111,0.0473147,0.0497066,0.0528742,0.0584051,0.0749532,0.0751287,0.0876889,0.0986227,0.118773,0.138727,0.148777,0.18045,0.216949,0.230907,0.245241
475.229,0.0471824,0.0390227,0.0410001,0.0453063,0.042721,0.0549842,0.0481124,0.0582349,0.0683721,0.0779867,0.089875,0.0989522,0.114188,0.127226,0.156388,0.184229,0.209791,0.226448,0.241096
475.699,0.0512461,0.0427404,0.0498408,0.0531872,0.0513211,0.0611541,0.0514173,0.0614132,0.0764745,0.075501,0.0833861,0.0992632,0.119455,0.131576,0.152866,0.182404,0.20197,0.237202,0.249031
476.17,0.0397984,0.0447478,0.0521364,0.048486,0.0491565,0.0545514,0.0593723,0.0588306,0.0655985,0.0856962,0.0933873,0.103193,0.110089,0.130906,0.154453,0.181494,0.206991,0.23277,0.252669
476.64,0.0543233,0.046603,0.0570396,0.058025,0.0571347,0.0586246,0.0661645,0.0610415,0.0784667,0.0850162,0.0869941,0.105011,0.118397,0.139541,0.1569,0.18369,0.214233,0.239229,0.25887
477.11,0.0514012,0.0569755,0.0513894,0.0573113,0.0569801,0.0647001,0.0653195,0.0717333,0.0732603,0.0828559,0.0966448,0.103152,0.121121,0.139385,0.162274,0.187244,0.217142,0.245136,0.255765
477.58,0.0436498,0.0409682,0.0434582,0.0469275,0.0452179,0.0553614,0.0585046,0.0625058,0.0658132,0.0709083,0.0843669,0.102129,0.111798,0.127512,0.155393,0.182161,0.207605,0.230338,0.262957
478.05,0.0500785,0.0457129,0.0454711,0.0532968,0.0526231,0.0558085,0.0592823,0.0649892,0.0733851,0.085171,0.0884079,0.107605,0.11822,0.135571,0.15257,0.179491,0.209145,0.228008,0.253307
478.52,0.0457651,0.0481035,0.0527399,0.0534419,0.0580555,0.0548327,0.0560297,0.0654729,0.0748533,0.0782667,0.0898763,0.0961522,0.122655,0.13902,0.163407,0.181924,0.210115,0.238222,0.252996
478.989,0.04464,0.0510015,0.0568283,0.0507288,0.05242,0.0622341,0.0603743,0.0658983,0.0687564,0.0782272,0.091121,0.104964,0.122843,0.134087,0.160193,0.175549,0.207945,0.244549,0.244432
479.459,0.0418333,0.0471787,0.0461288,0.0480124,0.0484484,0.0559079,0.0582643,0.065994,0.0646854,0.0776847,0.0864351,0.0964448,0.116915,0.133627,0.155058,0.176567,0.201317,0.232963,0.244265
479.928,0.0533629,0.0491795,0.0525476,0.0609029,0.0581499,0.0634086,0.0634357,0.0690668,0.0728867,0.0811756,0.0886285,0.109106,0.122898,0.134807,0.157869,0.183993,0.214485,0.245421,0.250255
480.398,0.0482578,0.0501763,0.0494976,0.0585665,0.0535124,0.0565427,0.0579441,0.0653839,0.0720754,0.0795182,0.0814613,0.103528,0.11721,0.136877,0.160612,0.185821,0.222655,0.238224,0.259662
480.867,0.0437674,0.0429724,0.0524718,0.0495657,0.0548206,0.0550151,0.0602561,0.0651544,0.0722196,0.0745629,0.0871281,0.096625,0.111793,0.129993,0.157607,0.179428,0.20521,0.231798,0.244546
481.336,0.0424423,0.0469273,0.0471438,0.0498641,0.0491568,0.055804,0.0584067,0.065684,0.0696163,0.075643,0.0830497,0.100648,0.117421,0.13125,0.150219,0.183525,0.207925,0.241671,0.2561
481.805,0.0487837,0.0468441,0.0430834,0.0473275,0.0527658,0.0528341,0.0630892,0.064409,0.0703503,0.0749892,0.0911909,0.101582,0.117157,0.13529,0.15408,0.181282,0.209349,0.235211,0.251714
482.274,0.0405249,0.0408326,0.0395406,0.046466,0.0461005,0.0506738,0.0503731,0.0570153,0.063334,0.0697494,0.0786008,0.0947367,0.108993,0.129816,0.147846,0.171128,0.204026,0.221765,0.230278
482.743,0.0465854,0.0464764,0.0431718,0.0533406,0.052115,0.0527547,0.0563909,0.059197,0.0656679,0.074964,0.0777702,0.0971499,0.115197,0.133286,0.14979,0.176606,0.207737,0.227698,0.250727
483.211,0.0481202,0.0459404,0.0474889,0.0519478,0.0507504,0.0531029,0.0580805,0.065572,0.0694027,0.080148,0.0893708,0.0996456,0.114006,0.133193,0.157946,0.176268,0.209398,0.235716,0.24955
483.68,0.0468761,0.0471145,0.0444256,0.0496483,0.0524157,0.0581146,0.0569455,0.0632812,0.0688534,0.0782268,0.084213,0.0958715,0.1152,0.129292,0.155045,0.176029,0.206435,0.233195,0.247472
484.148,0.0475419,0.0453679,0.0482662,0.0464456,0.0526683,0.0598178,0.0560135,0.061045,0.0748438,0.0816749,0.0905702,0.0955473,0.119437,0.134653,0.157096,0.180139,0.213043,0.238537,0.252729
484.617,0.0416693,0.039008,0.0471243,0.0461126,0.0517726,0.0506591,0.0544507,0.0684817,0.0693615,0.0765082,0.0838452,0.101177,0.117064,0.131494,0.155692,0.179087,0.204922,0.228755,0.256313
485.085,0.0461955,0.0501765,0.0456602,0.0483753,0.0512026,0.0501218,0.0609873,0.0670141,0.0700864,0.0808131,0.083175,0.101321,0.119795,0.131492,0.152617,0.173575,0.213313,0.236869,0.258318
485.553,0.0472588,0.0401088,0.0464779,0.0509603,0.05265,0.0531663,0.0574089,0.0605356,0.0681265,0.074473,0.0836378,0.100674,0.110616,0.126732,0.155061,0.174712,0.205072,0.23475,0.241693
486.021,0.0434082,0.0466288,0.0505855,0.0489015,0.0506465,0.0520575,0.054639,0.0599818,0.0656043,0.0720799,0.0846616,0.0983651,0.109331,0.132612,0.151103,0.177185,0.203874,0.230263,0.238461
486.489,0.0438497,0.0453485,0.0489671,0.0516547,0.053438,0.0550222,0.0560493,0.0615746,0.0642312,0.0782124,0.0853443,0.0996994,0.117789,0.129408,0.157,0.17377,0.204531,0.234152,0.245056
486.956,0.0413232,0.0449065,0.0491745,0.0455368,0.0491259,0.0525049,0.0551805,0.0608835,0.0646574,0.0702429,0.0822544,0.0959904,0.113357,0.132019,0.145952,0.179933,0.200499,0.225142,0.242925
487.424,0.0443132,0.0468725,0.0476248,0.0486817,0.0501483,0.0529916,0.058688,0.0619706,0.069754,0.0741792,0.0907265,0.0971621,0.112379,0.129979,0.155641,0.181428,0.203616,0.235452,0.245111
487.891,0.0430924,0.0421728,0.0436835,0.0497312,0.0541128,0.0546636,0.0578595,0.0654252,0.0688577,0.0768089,0.0913444,0.100191,0.115218,0.128727,0.150207,0.179774,0.211336,0.229224,0.246421
488.359,0.0473336,0.0464209,0.0443107,0.0462316,0.05257,0.0554512,0.0552541,0.0605812,0.0693926,0.0757987,0.0850809,0.0993424,0.112476,0.129151,0.151754,0.174146,0.205945,0.226835,0.251697
488.826,0.0423559,0.0459691,0.0484777,0.0469751,0.048184,0.053117,0.0527226,0.0601587,0.068003,0.0765236,0.0877842,0.0955505,0.108834,0.131937,0.155253,0.17175,0.207801,0.22497,0.250556
489.293,0.0415344,0.0462816,0.0438916,0.0495018,0.0502641,0.052347,0.0560616,0.0580228,0.0649862,0.0743081,0.0825175,0.0956039,0.111683,0.129741,0.15355,0.173626,0.199104,0.227342,0.244227
489.76,0.0464325,0.0483774,0.0506369,0.0497926,0.0518303,0.0606899,0.0592795,0.0624503,0.0731779,0.0805668,0.0886283,0.10093,0.114145,0.129285,0.15445,0.181169,0.212106,0.23262,0.248609
490.227,0.0430785,0.0458423,0.0472323,0.0488201,0.0502895,0.053666,0.0563952,0.0638508,0.0639841,0.0771577,0.0885364,0.0987988,0.112943,0.13082,0.150572,0.178229,0.203721,0.223035,0.24173
490.694,0.0452883,0.0390457,0.0440413,0.0472293,0.0494173,0.054356,0.0552796,0.0601886,0.0676673,0.0740072,0.0867188,0.0949566,0.11208,0.128761,0.148889,0.184606,0.210239,0.234517,0.246775
491.16,0.0465697,0.0463548,0.0494907,0.0526294,0.0545669,0.0557379,0.0597793,0.060159,0.0701135,0.0773882,0.0913307,0.100862,0.117911,0.131562,0.155185,0.183272,0.208169,0.233813,0.24911
491.627,0.0427648,0.0445224,0.0433896,0.0486216,0.0514491,0.0495727,0.0570937,0.0634265,0.0642713,0.0722666,0.0832492,0.0963736,0.114059,0.131956,0.150409,0.173743,0.194955,0.228514,0.246322
492.093,0.0405702,0.0401988,0.0427711,0.0485902,0.0470311,0.049814,0.0534012,0.0618425,0.0613072,0.0714116,0.0814467,0.0951183,0.105136,0.132202,0.148392,0.178752,0.203074,0.233348,0.243551
492.56,0.0468664,0.0452971,0.0467226,0.0467909,0.0497378,0.0537954,0.0549657,0.0590788,0.0690973,0.0734182,0.0855976,0.0984762,0.116435,0.127977,0.155094,0.180718,0.205618,0.22827,0.246206
493.026,0.0435253,0.0447998,0.0476352,0.0502808,0.0508996,0.0549499,0.0587358,0.0639552,0.06708,0.0730763,0.0839797,0.0945382,0.11535,0.134514,0.155127,0.173999,0.20737,0.232337,0.250866
493.492,0.0473695,0.0475149,0.0470387,0.0504241,0.0514145,0.0554012,0.0615505,0.0632915,0.0692275,0.075547,0.0876569,0.101529,0.119614,0.136404,0.157494,0.178504,0.208848,0.231545,0.249599
493.958,0.0459028,0.0457159,0.0517461,0.048708,0.0545768,0.0562252,0.0596438,0.0622511,0.0721775,0.0745314,0.0860426,0.0972228,0.115265,0.13059,0.154749,0.175427,0.208614,0.230019,0.246966
494.424,0.0469529,0.0487339,0.0520773,0.0514055,0.0578195,0.0592802,0.0565823,0.0645089,0.0697339,0.0780296,0.0885748,0.102924,0.116914,0.139384,0.155803,0.183164,0.210343,0.239849,0.255545
494.89,0.0436022,0.0467429,0.0436022,0.0531526,0.0527473,0.050762,0.0581599,0.0575401,0.0673953,0.0751823,0.0780795,0.0964503,0.110274,0.132304,0.15555,0.18181,0.20486,0.236038,0.242361
495.355,0.0442075,0.0439445,0.0462013,0.0482712,0.0523698,0.0532324,0.0554494,0.0624452,0.063627,0.0743729,0.081091,0.0963151,0.109295,0.125132,0.154334,0.178052,0.204504,0.237872,0.245737
495.821,0.0420806,0.043469,0.0453236,0.0467352,0.0490093,0.0525689,0.0558991,0.0597366,0.0653461,0.075199,0.0862152,0.0952929,0.111828,0.12639,0.147849,0.175347,0.203995,0.23561,0.246156
496.286,0.0422465,0.0423125,0.0454875,0.0493842,0.0482353,0.0537833,0.0566746,0.0600747,0.0688483,0.0776013,0.0869478,0.100692,0.11479,0.132033,0.152824,0.179045,0.20709,0.233992,0.248856
496.751,0.0420446,0.0431521,0.0473391,0.0506833,0.0482168,0.0526309,0.05459,0.0584078,0.0688325,0.0760955,0.0815132,0.0929612,0.113252,0.132184,0.151318,0.17845,0.204413,0.229758,0.250301
497.216,0.0440705,0.0450311,0.0505607,0.0514453,0.0523774,0.055973,0.0607513,0.0623195,0.0696129,0.0744636,0.0904547,0.100552,0.11866,0.135431,0.160145,0.176532,0.213625,0.23641,0.253217
497.682,0.042723,0.0432156,0.0463887,0.0461079,0.0520222,0.0554517,0.0564209,0.0567524,0.064203,0.0742234,0.079135,0.0944203,0.109373,0.130429,0.156403,0.172928,0.206274,0.227615,0.240304
498.146,0.0423861,0.0426035,0.0479229,0.0488299,0.0492289,0.0536699,0.0583156,0.0628423,0.0703142,0.0746301,0.0823124,0.0998227,0.113334,0.129823,0.155307,0.18142,0.206451,0.232142,0.251455
498.611,0.0419528,0.0443105,0.0457669,0.0511243,0.0505003,0.0516064,0.0560109,0.0590439,0.0676001,0.074972,0.0840996,0.0983605,0.110011,0.130936,0.149329,0.179286,0.207781,0.234318,0.245536
499.076,0.0373127,0.0405481,0.0436286,0.0469732,0.0466608,0.0498623,0.055723,0.060445,0.0640223,0.0711933,0.0825323,0.0970903,0.110367,0.124358,0.148203,0.175289,0.199471,0.226807,0.237336
499.541,0.0414827,0.0470945,0.0477187,0.0484712,0.0491335,0.0532697,0.0558969,0.065034,0.0684982,0.0734743,0.0868387,0.0932143,0.111149,0.130713,0.151834,0.17728,0.201767,0.22945,0.24699
500.005,0.0375222,0.04279,0.0452342,0.0445522,0.0522241,0.0541205,0.0527023,0.0595031,0.0639338,0.075532,0.082752,0.0974077,0.112821,0.128498,0.148464,0.17801,0.204772,0.230719,0.246634
500.469,0.0411045,0.0421098,0.0467218,0.0463333,0.0482776,0.0515547,0.055248,0.0573326,0.0615575,0.0734021,0.0834263,0.0964631,0.111857,0.120744,0.14511,0.173755,0.202915,0.225748,0.242817
500.934,0.0444559,0.0469776,0.0492381,0.0469102,0.0504768,0.0523559,0.0545692,0.0610629,0.0654178,0.0785213,0.0864011,0.0952307,0.109689,0.128774,0.149013,0.172841,0.203474,0.228926,0.24579
501.398,0.0420472,0.04366,0.0473811,0.0492376,0.0518884,0.0504826,0.0575839,0.0640308,0.0666863,0.075877,0.085776,0.0964348,0.115331,0.129621,0.149493,0.174008,0.200559,0.227853,0.243805
501.862,0.0429467,0.0465786,0.0504208,0.049644,0.0553744,0.0536438,0.0595126,0.0627941,0.0688651,0.0755316,0.0868832,0.105294,0.113577,0.131391,0.149133,0.175436,0.203047,0.231886,0.242834
502.326,0.0407854,0.0425669,0.0430158,0.0464526,0.0522963,0.054831,0.0572201,0.0603883,0.0682088,0.073752,0.0832128,0.0974211,0.115829,0.129137,0.153113,0.174739,0.208157,0.226372,0.248902
502.789,0.0439977,0.0457827,0.0473282,0.0486042,0.0533796,0.0546614,0.0580076,0.0637882,0.0681668,0.0789411,0.0861857,0.100931,0.114337,0.134974,0.153907,0.17904,0.210595,0.236856,0.25381
503.253,0.0493397,0.0472601,0.0524137,0.0515702,0.0551886,0.0565473,0.0611847,0.0636098,0.0710295,0.0798028,0.0871337,0.102723,0.118191,0.136775,0.158419,0.181423,0.2096,0.23482,0.251395
503.716,0.0463125,0.0453989,0.0539395,0.0516689,0.0529546,0.0561647,0.0617473,0.0626217,0.0695185,0.0709714,0.0877837,0.100965,0.112934,0.127424,0.153193,0.172853,0.213434,0.235494,0.247752
504.18,0.0461281,0.0439291,0.0464656,0.0521525,0.0512229,0.0567786,0.0582186,0.0635268,0.0712351,0.0744574,0.0855114,0.101249,0.11386,0.131855,0.159552,0.179788,0.208662,0.233005,0.249334
504.643,0.0483142,0.0491206,0.0486821,0.0513777,0.0503209,0.054228,0.0614452,0.0617993,0.07047,0.0737757,0.0893932,0.101678,0.113228,0.135852,0.156509,0.183054,0.206145,0.236934,0.242356
505.106,0.0467587,0.0425969,0.0464529,0.0515081,0.0506493,0.0562792,0.0541101,0.0623266,0.0691191,0.072585,0.0894031,0.097947,0.110485,0.130074,0.153507,0.177715,0.204125,0.233306,0.250191
505.569,0.046034,0.0454682,0.0470538,0.04858,0.0537835,0.0547119,0.0564889,0.0622728,0.0708599,0.0747634,0.0857983,0.0991217,0.111814,0.129775,0.155485,0.173029,0.202561,0.231104,0.247771
506.032,0.0438375,0.0457325,0.0481925,0.0485447,0.0535397,0.0552124,0.0571102,0.0607791,0.0664166,0.0738918,0.0853641,0.0949568,0.113191,0.127745,0.15103,0.175897,0.204557,0.232192,0.242005
506.495,0.0414622,0.0427793,0.0441138,0.0446443,0.051248,0.0492497,0.0532028,0.0589781,0.0640318,0.0729119,0.0833038,0.097241,0.111994,0.131712,0.149364,0.174656,0.201838,0.232153,0.245186
506.958,0.0434116,0.0477676,0.0460673,0.0508122,0.0528239,0.05249,0.0595478,0.062072,0.069907,0.0718726,0.0863048,0.0990609,0.111401,0.129869,0.151534,0.176944,0.207834,0.230649,0.251164
507.42,0.0467574,0.0481855,0.0486155,0.0477056,0.0521986,0.0572488,0.0595785,0.0634492,0.0710577,0.074405,0.0863409,0.0986391,0.112005,0.13547,0.153949,0.179211,0.201116,0.233024,0.249469
507.883,0.0434328,0.0489129,0.048875,0.0515398,0.0540854,0.0545054,0.0575284,0.0646706,0.0682961,0.077179,0.0865629,0.101885,0.115474,0.130888,0.153508,0.174783,0.210669,0.229534,0.249997
508.345,0.0436193,0.0429889,0.044462,0.0480975,0.0512484,0.0479622,0.0547046,0.0588241,0.0651582,0.0755711,0.0815044,0.0979522,0.110505,0.127857,0.151697,0.179449,0.202665,0.232752,0.246849
508.808,0.0432123,0.0466428,0.0456049,0.0487094,0.0501278,0.0507942,0.0577828,0.0599394,0.0678251,0.0750244,0.0850359,0.0976974,0.111477,0.126395,0.146876,0.178084,0.207743,0.23071,0.247804
509.27,0.0405645,0.042762,0.0464887,0.0470542,0.0507407,0.053778,0.0593812,0.0604678,0.0691841,0.0767031,0.0843702,0.0982332,0.113384,0.130771,0.154629,0.177234,0.201252,0.231764,0.247441
509.732,0.0448426,0.0462912,0.0468217,0.0441462,0.0495739,0.0573623,0.0574825,0.0616309,0.0641602,0.0706884,0.0876258,0.0979646,0.112778,0.128861,0.152514,0.17361,0.202911,0.230864,0.244325
510.194,0.0403154,0.0419143,0.0444704,0.0459317,0.047671,0.048961,0.0541687,0.0592961,0.0629125,0.071217,0.0818445,0.0931702,0.110979,0.128431,0.15269,0.172614,0.198758,0.22765,0.240577
510.655,0.0395803,0.0443226,0.0458093,0.0455567,0.04966,0.0528971,0.0551864,0.0597286,0.0659196,0.0709408,0.0816323,0.0942793,0.107495,0.128667,0.150393,0.175307,0.201302,0.232418,0.246112
511.117,0.0425639,0.0426049,0.0441728,0.0459043,0.0488732,0.0496776,0.0554974,0.0599109,0.0650099,0.0751276,0.0802075,0.0934703,0.107874,0.130378,0.147581,0.168016,0.200071,0.227583,0.242117
511.579,0.0435507,0.0442018,0.0460195,0.0498431,0.0492451,0.0520534,0.0533129,0.0597415,0.0671311,0.0717261,0.0870358,0.0963108,0.110106,0.129229,0.149706,0.173744,0.201506,0.229008,0.241817
512.04,0.0410132,0.0464372,0.0444545,0.0459739,0.0503768,0.0530886,0.0529851,0.0614601,0.0656024,0.0737407,0.0817482,0.0925841,0.1113,0.124294,0.152504,0.171068,0.205978,0.23169,0.240808
512.501,0.044934,0.0489905,0.0489716,0.0503457,0.0531283,0.0538121,0.0588262,0.0632048,0.0688398,0.0741403,0.087111,0.0979516,0.113709,0.13488,0.155474,0.17675,0.207789,0.237094,0.249737
512.963,0.0426496,0.0423027,0.0441705,0.0473483,0.0510344,0.0541973,0.0535564,0.0612984,0.0673078,0.0710656,0.0838015,0.0965259,0.110563,0.133837,0.154767,0.178007,0.202899,0.230258,0.248372
513.424,0.0432914,0.0436443,0.0456267,0.045205,0.0489054,0.0521067,0.0541492,0.0583757,0.0666165,0.0760521,0.0828656,0.0905398,0.112215,0.130097,0.151992,0.172182,0.202556,0.227863,0.236648
513.885,0.0434689,0.0449986,0.0470781,0.0530398,0.0519259,0.0528495,0.0568095,0.0610551,0.0673394,0.0743421,0.0859565,0.0988214,0.113947,0.134755,0.155978,0.179876,0.207507,0.230822,0.248184
514.345,0.0430493,0.0450772,0.0466627,0.0497786,0.0497653,0.0550428,0.0582378,0.0615633,0.0699917,0.0771226,0.0866035,0.0947006,0.116555,0.13101,0.152005,0.178748,0.203208,0.232576,0.247826
514.806,0.0407072,0.0449737,0.0451944,0.0453232,0.0494286,0.0524423,0.0528724,0.0614723,0.063882,0.0726261,0.0807056,0.093543,0.109725,0.13119,0.146444,0.173673,0.199344,0.224631,0.242794
515.267,0.0448445,0.0449971,0.047868,0.0486625,0.0516807,0.0512557,0.0596245,0.0629758,0.067736,0.0753659,0.085509,0.0930322,0.112712,0.132078,0.152553,0.178442,0.206659,0.229786,0.247186
515.727,0.0426645,0.0482466,0.0485132,0.0494057,0.0555533,0.0560725,0.0576314,0.0621973,0.071609,0.0790588,0.0875914,0.101303,0.117202,0.133178,0.160316,0.178988,0.206735,0.234391,0.251052
516.188,0.0424969,0.0443468,0.0451397,0.0493724,0.0513979,0.0512201,0.0568668,0.061493,0.0670988,0.0752271,0.0856052,0.097308,0.110793,0.131154,0.149378,0.174286,0.203555,0.228259,0.247121
516.648,0.0437652,0.0429407,0.0435167,0.048015,0.0495672,0.0485867,0.058935,0.0602972,0.0683777,0.0716752,0.0835619,0.097111,0.107084,0.13145,0.148425,0.175989,0.197576,0.230264,0.238541
517.108,0.0444143,0.0425881,0.0467713,0.0494874,0.0519749,0.0512751,0.0558529,0.0624254,0.0657518,0.0740756,0.0848885,0.0969912,0.109602,0.127809,0.151436,0.175128,0.201216,0.22894,0.247163
517.568,0.0427976,0.0434125,0.045292,0.048085,0.0494547,0.0533719,0.0575071,0.0598562,0.0648242,0.0730456,0.0854035,0.0969555,0.111918,0.128796,0.149472,0.17223,0.195566,0.22452,0.241084
518.028,0.0415079,0.0442648,0.0440776,0.047304,0.0479961,0.0518199,0.0556555,0.0582417,0.0653928,0.0710617,0.0786135,0.0938178,0.111459,0.126865,0.14907,0.17014,0.202229,0.22662,0.240788
518.488,0.0409431,0.0408077,0.0436607,0.0457647,0.0478599,0.0508662,0.0553232,0.0604813,0.06268,0.0729022,0.0828962,0.0939925,0.107159,0.128496,0.145949,0.169929,0.200919,0.228826,0.24117
518.947,0.0435291,0.0447529,0.0448379,0.046269,0.048654,0.0543102,0.0559595,0.0613585,0.0646274,0.0737936,0.0858734,0.0940155,0.112103,0.131717,0.14605,0.174512,0.200482,0.229843,0.247169
519.407,0.0418541,0.0444944,0.0441292,0.0459514,0.049578,0.0536922,0.0570652,0.0574499,0.0630428,0.0736232,0.0829423,0.0942062,0.109166,0.125718,0.150492,0.174146,0.195664,0.22456,0.243252
519.866,0.0436229,0.0466831,0.045993,0.0476454,0.0495887,0.0520616,0.0573087,0.0607911,0.06511,0.0706789,0.0846005,0.0961761,0.108634,0.125572,0.147188,0.174806,0.203361,0.226038,0.241975
520.326,0.0433541,0.0428933,0.0445334,0.0460106,0.0484688,0.0536188,0.0563987,0.0612899,0.0662825,0.0749827,0.0854588,0.0965481,0.111166,0.128145,0.148713,0.176811,0.202405,0.228983,0.240985
520.785,0.0412593,0.0395142,0.0442815,0.0469313,0.0501258,0.0547483,0.0546726,0.0577308,0.0640158,0.0699171,0.0836249,0.093877,0.107673,0.128717,0.147249,0.16961,0.193619,0.218033,0.24267
521.244,0.0416856,0.0420386,0.0449638,0.0490203,0.0496664,0.0529594,0.0557465,0.0569933,0.0639347,0.0717751,0.0862606,0.093172,0.107994,0.132218,0.148817,0.168519,0.197675,0.22136,0.240134
521.703,0.043982,0.0439199,0.0442841,0.0490299,0.0464828,0.0544565,0.0564659,0.0613915,0.0670436,0.0717544,0.0836737,0.099293,0.110373,0.12994,0.151158,0.168583,0.202955,0.232082,0.24301
522.162,0.0432585,0.0440446,0.0441945,0.0473473,0.0492797,0.0511807,0.0545543,0.0591596,0.0641804,0.0711966,0.0839896,0.0972335,0.107054,0.125682,0.149847,0.175543,0.198253,0.225751,0.242315
522.621,0.043022,0.0423252,0.0459333,0.0476006,0.0511375,0.0508597,0.0544736,0.0580878,0.064902,0.0703336,0.0803545,0.0972871,0.109197,0.130434,0.147761,0.176706,0.206254,0.226651,0.244505
523.079,0.0402584,0.0435512,0.0455421,0.0478123,0.049926,0.0489151,0.0558062,0.0597354,0.066382,0.0728629,0.0813486,0.0918661,0.109468,0.126882,0.151577,0.169056,0.19659,0.22153,0.241373
523.538,0.0402635,0.0423597,0.0444555,0.0474632,0.0509282,0.0532961,0.0527701,0.0576901,0.0643802,0.0727171,0.0817863,0.0982733,0.107635,0.127013,0.152042,0.169942,0.204547,0.230055,0.23863
523.996,0.0422012,0.0407612,0.0450756,0.0461714,0.0511738,0.0508162,0.0544923,0.0577427,0.0635919,0.0728718,0.083061,0.0918712,0.107649,0.128085,0.14788,0.170892,0.197552,0.226273,0.240056
524.455,0.043628,0.0437398,0.0466884,0.0464809,0.0470262,0.0499667,0.0553031,0.0559118,0.0632155,0.0723369,0.0809757,0.0946096,0.109073,0.124266,0.147106,0.174052,0.195824,0.223116,0.241434
524.913,0.044284,0.0441671,0.0476556,0.0471744,0.0507954,0.0542519,0.0580985,0.0609726,0.0641899,0.0741348,0.0842156,0.0944835,0.110482,0.127403,0.15023,0.176578,0.204707,0.228785,0.245372
525.371,0.044446,0.0427096,0.0447799,0.0476368,0.048791,0.0512844,0.0550162,0.0587939,0.0658659,0.0724252,0.0824837,0.0988088,0.106559,0.129542,0.148597,0.169861,0.199932,0.222454,0.243243
525.829,0.0431314,0.0440003,0.0458668,0.0469666,0.0504401,0.0555523,0.0549797,0.0590876,0.0650183,0.0762281,0.0821299,0.0952286,0.112467,0.130098,0.153484,0.175554,0.200981,0.231439,0.244141
526.286,0.0418421,0.0412891,0.0475127,0.045385,0.0493238,0.0510688,0.0565815,0.0569044,0.0665067,0.0735762,0.08656,0.0955901,0.110371,0.129733,0.148103,0.172392,0.202302,0.227627,0.244076
526.744,0.0434358,0.0471307,0.0474573,0.0490849,0.0510299,0.0532622,0.0586872,0.0612448,0.0668033,0.0750875,0.0839763,0.098743,0.114821,0.128977,0.150169,0.173365,0.203307,0.229943,0.246893
527.202,0.04166,0.0463174,0.0456529,0.0472766,0.0517926,0.0522397,0.0555217,0.0606063,0.0641532,0.072981,0.086293,0.0940349,0.113899,0.1307,0.149951,0.170123,0.202505,0.2275,0.239398
527.659,0.0415839,0.0418461,0.0464535,0.0451308,0.0464033,0.0522503,0.0538826,0.0571399,0.0645435,0.0698345,0.0837798,0.0932035,0.106304,0.123974,0.146702,0.169702,0.198175,0.227756,0.239589
528.117,0.0425386,0.0443508,0.0448784,0.049404,0.0479312,0.0529229,0.0561101,0.0587917,0.0674588,0.0709769,0.0835156,0.0943278,0.112455,0.131162,0.149742,0.174898,0.200719,0.228956,0.246863
528.574,0.040582,0.0399997,0.0405345,0.0457843,0.0443942,0.0518241,0.0527881,0.062069,0.0622141,0.0681033,0.0787642,0.0924364,0.105253,0.121732,0.148845,0.171952,0.195655,0.22154,0.239152
529.031,0.041382,0.0460245,0.0442841,0.0469541,0.0477269,0.0518182,0.0584636,0.0604057,0.0668906,0.0746828,0.0833102,0.096287,0.109605,0.13033,0.150972,0.173844,0.196827,0.226236,0.245618
529.488,0.0421446,0.0413349,0.0430481,0.0466221,0.0476122,0.0471485,0.0503783,0.0544304,0.0648038,0.0683355,0.0818281,0.094482,0.106262,0.123308,0.146734,0.169044,0.193115,0.225733,0.241023
529.945,0.0414452,0.0416864,0.0439095,0.0473202,0.0477166,0.0500731,0.0553231,0.0571183,0.0633967,0.0694814,0.0817969,0.0917446,0.109308,0.127085,0.151362,0.170702,0.199426,0.22133,0.241962
530.402,0.0414821,0.041749,0.0452063,0.0493466,0.0506883,0.0515699,0.0577354,0.0593179,0.0654986,0.0729944,0.0834206,0.100419,0.113026,0.127592,0.149563,0.178044,0.203086,0.224652,0.245858
530.858,0.0405939,0.0438687,0.0466633,0.0495975,0.0497111,0.0523226,0.0580749,0.0575933,0.0650038,0.0706551,0.0811011,0.0955169,0.112646,0.125777,0.143996,0.17014,0.204494,0.227731,0.241129
531.315,0.0405741,0.041556,0.0459128,0.0446191,0.0466467,0.0491324,0.0537903,0.0565706,0.063264,0.0713519,0.0799504,0.090565,0.11019,0.125587,0.142052,0.1718,0.194397,0.227643,0.245048
531.771,0.0385912,0.0418951,0.0459442,0.0462888,0.0465722,0.0493151,0.0531278,0.0586361,0.0626474,0.0707519,0.0816655,0.0925539,0.109076,0.127781,0.14711,0.169093,0.199149,0.229416,0.242513
532.227,0.0374638,0.0413238,0.042294,0.0432984,0.0459816,0.0509218,0.0538489,0.055167,0.0615899,0.0693937,0.078666,0.0916232,0.108308,0.126701,0.146566,0.169858,0.202402,0.224485,0.241596
532.684,0.0432332,0.04534,0.0441812,0.0469302,0.0492983,0.0503003,0.0533543,0.0558367,0.0652471,0.0725404,0.0834419,0.0942078,0.108078,0.126662,0.14397,0.167658,0.197714,0.226579,0.241627
533.14,0.0406328,0.047067,0.0450105,0.0459335,0.0525685,0.050944,0.0538093,0.0573518,0.0660775,0.0715257,0.0795358,0.0956092,0.108425,0.127858,0.149027,0.174266,0.199159,0.226174,0.240045
533.596,0.0429636,0.0441334,0.0430393,0.0473596,0.0510728,0.0521792,0.0557909,0.0578786,0.0649783,0.0725964,0.0845558,0.0938273,0.111666,0.130198,0.145239,0.174047,0.1979,0.226485,0.24724
534.051,0.0397083,0.0425625,0.0451971,0.0455771,0.0469727,0.0488612,0.0557285,0.0600651,0.0641754,0.0714097,0.0823179,0.0930967,0.110633,0.127529,0.1465,0.169367,0.196711,0.227066,0.2412
534.507,0.0407796,0.0416651,0.0449425,0.0462997,0.0487919,0.0488573,0.0528197,0.059562,0.0643467,0.0692329,0.0856239,0.0924122,0.108535,0.126575,0.150766,0.168044,0.197518,0.222635,0.242036
534.963,0.0413283,0.0417405,0.0424641,0.0448768,0.0461832,0.0484971,0.0559394,0.0582902,0.0651494,0.0694666,0.0828806,0.0928586,0.107865,0.125708,0.147186,0.172742,0.194308,0.22107,0.237632
535.418,0.0390788,0.0430103,0.0452626,0.0457728,0.0471626,0.0520071,0.0506951,0.0598567,0.0647724,0.0717108,0.0814465,0.0938394,0.107524,0.124542,0.148357,0.175051,0.1974,0.230791,0.244365
535.873,0.0444797,0.0424933,0.0462975,0.0452967,0.0489248,0.0518013,0.0554109,0.0619305,0.0670825,0.0748206,0.0838691,0.095741,0.112953,0.128304,0.152903,0.177602,0.200774,0.22681,0.247701
536.329,0.0398409,0.0403877,0.0443344,0.0466168,0.047518,0.0522354,0.0512849,0.0590986,0.0648558,0.0727345,0.081401,0.0905008,0.109945,0.12572,0.145111,0.169156,0.200657,0.219095,0.245827
536.784,0.0388796,0.0425258,0.0433301,0.0457135,0.0484684,0.0500664,0.0543555,0.0596674,0.0626942,0.0708241,0.0821188,0.0909095,0.109063,0.125298,0.146026,0.170708,0.193055,0.224297,0.239148
537.239,0.0397398,0.04381,0.0450061,0.0461079,0.0503817,0.0512649,0.0545204,0.0593672,0.0628054,0.0706347,0.0795854,0.0949688,0.104377,0.129228,0.144314,0.170783,0.19624,0.226457,0.238433
537.694,0.0425281,0.0422399,0.0448751,0.0458829,0.0478571,0.0511719,0.0524477,0.0588438,0.062061,0.0702995,0.0817847,0.095809,0.10539,0.128732,0.143371,0.169266,0.1925,0.223643,0.235513
538.148,0.0389587,0.0405029,0.0413396,0.0445558,0.0452697,0.0491329,0.0551304,0.0564032,0.0614089,0.0713614,0.0797725,0.0960298,0.106947,0.125153,0.144211,0.166803,0.195368,0.220661,0.234719
538.603,0.0398079,0.04128,0.0451379,0.047403,0.0491633,0.051126,0.0522702,0.0594168,0.0642425,0.0703571,0.084031,0.0930325,0.106559,0.123628,0.146438,0.172025,0.200028,0.227867,0.241583
539.058,0.043606,0.0437361,0.0463681,0.0472441,0.0486096,0.0522274,0.0557048,0.0608706,0.0673761,0.0726561,0.0814001,0.0967269,0.110827,0.127455,0.147586,0.172197,0.200899,0.230699,0.244906
539.512,0.0421296,0.0441341,0.0469544,0.0477544,0.0491825,0.0514476,0.0546843,0.0588356,0.0656005,0.075138,0.0846213,0.0940558,0.110628,0.127214,0.148148,0.17504,0.196925,0.225377,0.237961
539.966,0.0412536,0.04353,0.0436567,0.0482803,0.048922,0.0519227,0.0537806,0.0585226,0.063877,0.0727942,0.081156,0.094403,0.113859,0.125511,0.146625,0.171328,0.199817,0.228607,0.240978
540.421,0.0407924,0.0446829,0.0427116,0.0451769,0.0492053,0.0494588,0.0541833,0.0576068,0.0645054,0.0714531,0.0820002,0.0949411,0.109488,0.125492,0.145994,0.16842,0.195005,0.22644,0.238526
540.875,0.0388512,0.0423734,0.0429383,0.0463672,0.0470183,0.0504635,0.0539815,0.0578872,0.0644201,0.071027,0.0833269,0.0928491,0.108799,0.124716,0.148448,0.173609,0.196919,0.226654,0.242717
541.329,0.0423245,0.0409212,0.0435287,0.0446759,0.0492312,0.053425,0.054057,0.0589831,0.0642023,0.0712204,0.0814791,0.0935435,0.111067,0.126203,0.147161,0.170184,0.200984,0.228975,0.243156
541.782,0.0405416,0.0408749,0.0445743,0.0452825,0.0493024,0.0495933,0.0515344,0.0576718,0.0659476,0.0712393,0.0824101,0.093704,0.108412,0.125189,0.144251,0.170236,0.199961,0.2195,0.238253
542.236,0.0396471,0.0432452,0.0429635,0.0496679,0.0474428,0.0501539,0.0545405,0.0591946,0.066607,0.0716435,0.0792106,0.0920551,0.109206,0.125129,0.14427,0.169022,0.200334,0.220199,0.237846
542.69,0.0407229,0.0415118,0.044296,0.0440531,0.0458933,0.0510387,0.0522049,0.0556561,0.0638398,0.0710936,0.0786363,0.0946298,0.106277,0.122948,0.144599,0.165295,0.189567,0.222941,0.237392
543.143,0.0416132,0.042897,0.0458624,0.0466875,0.0491042,0.0506111,0.0542183,0.0585933,0.0645643,0.0693969,0.0821557,0.0907133,0.106317,0.125883,0.147511,0.168814,0.195212,0.222207,0.238542
543.597,0.0403073,0.0422048,0.0432772,0.0441174,0.0495459,0.0523839,0.0537973,0.0560951,0.064889,0.0714141,0.0802499,0.0920485,0.106338,0.128341,0.146512,0.165773,0.195787,0.220457,0.23861
544.05,0.0425871,0.0466968,0.0471156,0.0457738,0.0475011,0.0535386,0.0573805,0.0599677,0.065712,0.0749149,0.0840549,0.100598,0.109698,0.130527,0.147512,0.173764,0.202704,0.227748,0.242324
544.503,0.0408139,0.0412874,0.0426948,0.0436951,0.0500191,0.0496372,0.053394,0.0566415,0.0629036,0.0702296,0.082736,0.0909165,0.10635,0.125906,0.141411,0.172865,0.194337,0.219918,0.238659
544.956,0.041681,0.0397598,0.0435362,0.0424194,0.0466523,0.047545,0.0535291,0.0563113,0.0639395,0.0697562,0.0802563,0.0920216,0.105244,0.12493,0.145739,0.164748,0.192379,0.221181,0.236902
545.409,0.0417348,0.0439042,0.0457461,0.0480152,0.0498257,0.0538107,0.0540273,0.0593593,0.0672183,0.0721,0.0857985,0.0945577,0.111057,0.128615,0.1497,0.172116,0.197229,0.225976,0.246076
545.862,0.0415085,0.0423932,0.0427687,0.0473957,0.047049,0.0483409,0.0528655,0.0587199,0.0633276,0.0710702,0.0789983,0.0934126,0.108772,0.127936,0.145787,0.16659,0.192037,0.222838,0.232977
546.314,0.0434697,0.0450198,0.0453269,0.0489392,0.0506669,0.0536299,0.0549482,0.0608311,0.0652404,0.0737165,0.0843,0.0939245,0.11169,0.13022,0.152653,0.175368,0.202279,0.229681,0.246475
546.767,0.0420056,0.0435854,0.0440298,0.0459213,0.049376,0.0526649,0.0545623,0.0598384,0.0622231,0.0730823,0.0834539,0.0966435,0.10861,0.128884,0.149427,0.171468,0.199231,0.221796,0.242118
547.219,0.0411352,0.0417602,0.0445931,0.0440757,0.0503137,0.0531075,0.0540943,0.0555605,0.0657436,0.0718674,0.080087,0.0944258,0.108124,0.127846,0.146192,0.171684,0.195551,0.226733,0.239195
547.672,0.0418379,0.0413063,0.0431297,0.0469818,0.0467069,0.0491002,0.052083,0.0584283,0.0631953,0.0687974,0.0824008,0.0930248,0.107855,0.128006,0.145078,0.16933,0.19478,0.22493,0.237411
548.124,0.0392442,0.0423542,0.0422589,0.0439033,0.0444089,0.0485995,0.0522298,0.0573815,0.0612623,0.069148,0.0808009,0.09095,0.109733,0.123759,0.144446,0.169444,0.196409,0.224072,0.235365
548.576,0.038969,0.0420736,0.042234,0.046901,0.0447285,0.0469415,0.0532774,0.0561579,0.0614449,0.0683058,0.0779487,0.0914434,0.105341,0.126217,0.141013,0.166162,0.195414,0.220589,0.236215
549.028,0.0413982,0.0409754,0.0439648,0.0453889,0.0483997,0.0507079,0.0532635,0.0598941,0.0624242,0.0708804,0.0804134,0.0921839,0.104419,0.122351,0.146891,0.169446,0.197025,0.225347,0.244151
549.48,0.0433686,0.0440878,0.0448323,0.0456224,0.0468324,0.0489904,0.0532062,0.0584047,0.064361,0.0721916,0.0819562,0.0931827,0.108159,0.126133,0.147165,0.170112,0.198911,0.22405,0.235855
549.931,0.0392987,0.0395531,0.0422302,0.0436589,0.0492868,0.0492449,0.0531339,0.0582807,0.0635633,0.0713139,0.0830635,0.0915888,0.1068,0.126194,0.147725,0.171277,0.195713,0.220393,0.239939
550.383,0.0406078,0.0434094,0.043703,0.046061,0.0487409,0.0506995,0.054677,0.0573092,0.0625224,0.0741281,0.0819748,0.0922911,0.109435,0.12678,0.147154,0.172585,0.19594,0.224661,0.244579
550.834,0.0397963,0.0447528,0.0466835,0.046273,0.0480941,0.0504963,0.0529393,0.0581222,0.0628134,0.0732774,0.0778835,0.0927602,0.106719,0.125314,0.142765,0.170906,0.195217,0.223582,0.242499
551.286,0.0411629,0.0410809,0.0430405,0.0464198,0.0483946,0.0484944,0.052803,0.0584736,0.0654964,0.072131,0.0799176,0.0914587,0.108036,0.123207,0.143708,0.170348,0.192228,0.219063,0.237737
551.737,0.041487,0.0431249,0.0447121,0.0465834,0.0485232,0.0523596,0.0560309,0.0571995,0.0655095,0.0720224,0.0833499,0.0918279,0.108436,0.12546,0.146926,0.170643,0.198777,0.222936,0.242583
552.188,0.0400541,0.0420676,0.0415571,0.045463,0.049514,0.0506747,0.0554229,0.0568904,0.0642903,0.0698341,0.0841958,0.0915832,0.109468,0.12642,0.146445,0.171653,0.197484,0.223182,0.241988
552.639,0.0400383,0.0408884,0.0444255,0.0466082,0.0500732,0.0503193,0.0549753,0.0597516,0.0610019,0.0698049,0.0817195,0.0942278,0.106204,0.127623,0.146723,0.171943,0.198406,0.222511,0.242968
553.09,0.0391463,0.0407663,0.0444387,0.0461343,0.0486963,0.0502855,0.053464,0.055132,0.0617591,0.0710306,0.0822946,0.0950854,0.10659,0.126319,0.146753,0.168627,0.199786,0.225061,0.241612
553.541,0.0403645,0.0414906,0.0433259,0.0454615,0.0488282,0.0513506,0.0542141,0.0548172,0.0646402,0.069439,0.0796834,0.0947985,0.108485,0.125675,0.146005,0.168995,0.194806,0.223398,0.240323
553.992,0.0420849,0.0432984,0.0457963,0.0449377,0.0492571,0.0489517,0.0559527,0.0577933,0.0644403,0.0698482,0.0794491,0.0941663,0.10541,0.126069,0.146247,0.171307,0.198763,0.227054,0.242516
554.442,0.0403815,0.043406,0.0439249,0.0447708,0.0474493,0.0517089,0.0553396,0.0568066,0.0622917,0.0711326,0.0801845,0.090953,0.10685,0.12407,0.144887,0.169606,0.197048,0.222825,0.241861
554.893,0.0404768,0.0437333,0.0434014,0.0485887,0.0477412,0.0493404,0.054849,0.0575931,0.0649302,0.0726813,0.0833459,0.0931705,0.107848,0.124746,0.145847,0.172375,0.202737,0.222256,0.242908
555.343,0.0408613,0.0414817,0.0446918,0.0461008,0.0465441,0.0495849,0.0543467,0.0576254,0.0623742,0.0715867,0.0812017,0.0923312,0.106947,0.125614,0.14211,0.167363,0.195091,0.220685,0.236655
555.793,0.0418765,0.0422984,0.0438962,0.0464176,0.0487055,0.0517319,0.0544896,0.0581842,0.0633518,0.0734976,0.0815753,0.0929696,0.105527,0.123381,0.147166,0.168896,0.197172,0.224554,0.236166
556.243,0.0393387,0.0404885,0.0432986,0.0450103,0.0459752,0.0506084,0.0529236,0.0582446,0.0612684,0.0700394,0.0785467,0.0930351,0.104223,0.127158,0.144612,0.169173,0.193604,0.225388,0.238098
556.693,0.039024,0.0444721,0.0428511,0.0457778,0.0489113,0.0509042,0.0535467,0.0560033,0.0625958,0.0666759,0.0785286,0.0934423,0.105801,0.127277,0.145649,0.167038,0.192624,0.222311,0.237056
557.143,0.0400006,0.0406947,0.0414362,0.0460964,0.0461847,0.0501409,0.0516648,0.0572465,0.0601037,0.0704696,0.0792387,0.0890747,0.107773,0.12517,0.142309,0.165533,0.195662,0.213952,0.233608
557.593,0.0418387,0.0419408,0.0438221,0.0451087,0.0471374,0.0507024,0.0553583,0.0596045,0.0645986,0.0703849,0.0799436,0.0940139,0.10585,0.126391,0.145568,0.169227,0.197156,0.223181,0.244282
558.042,0.0398985,0.0402526,0.0434482,0.042845,0.0456615,0.049157,0.0538387,0.0594897,0.0628536,0.0712373,0.0796011,0.0938758,0.107864,0.125875,0.14539,0.16636,0.197521,0.222754,0.239042
558.492,0.041776,0.0407447,0.0417747,0.0454036,0.0475426,0.0529612,0.0520994,0.0578013,0.0622164,0.0702513,0.081222,0.091343,0.108142,0.12369,0.145871,0.168603,0.197342,0.223321,0.23817
558.941,0.0418737,0.0428848,0.0450074,0.0457531,0.0491372,0.0497644,0.0530485,0.0571028,0.0627242,0.0709679,0.0819723,0.0925454,0.10617,0.127178,0.147161,0.16508,0.196917,0.219195,0.238809
559.39,0.0394632,0.0438293,0.0438383,0.04689,0.0479524,0.0492929,0.0537392,0.0573137,0.0627,0.0706298,0.0797564,0.0925058,0.105959,0.122251,0.142522,0.166826,0.19343,0.222007,0.233004
559.839,0.0387714,0.0410115,0.0429162,0.045787,0.0481333,0.0472445,0.0519489,0.0563757,0.0625232,0.0702983,0.079274,0.0898359,0.107967,0.120763,0.143012,0.164373,0.19629,0.222868,0.238598
560.288,0.0424776,0.0422495,0.0426545,0.044511,0.0467602,0.0478244,0.0535245,0.057651,0.0627032,0.067945,0.080181,0.0915392,0.107385,0.124893,0.14231,0.167911,0.193294,0.220156,0.238005
560.737,0.040492,0.0419379,0.0418695,0.0447065,0.0471293,0.0511298,0.0516321,0.0566499,0.0618106,0.0714744,0.0793798,0.0931824,0.105756,0.124499,0.146081,0.16714,0.19365,0.221947,0.236943
561.186,0.0399905,0.0435576,0.0441878,0.0451515,0.0491668,0.0497017,0.0533368,0.0606541,0.0639573,0.0731472,0.081274,0.0959257,0.111017,0.126735,0.150249,0.171645,0.198555,0.224906,0.239212
561.635,0.0421375,0.0430208,0.0445587,0.0464185,0.0475998,0.0512819,0.054519,0.0584419,0.064985,0.0722452,0.0809679,0.0942478,0.107601,0.124773,0.143891,0.170309,0.197903,0.226429,0.238907
562.083,0.0395168,0.0434924,0.0454149,0.0473261,0.0486703,0.0501721,0.0536477,0.0573323,0.0661937,0.0728746,0.0835567,0.0955559,0.110307,0.1265,0.147909,0.172144,0.201317,0.226736,0.245785
562.532,0.0389985,0.0413663,0.0436127,0.0460409,0.0487997,0.0499991,0.0501899,0.0564428,0.0613655,0.0695266,0.0812017,0.0917602,0.101944,0.121601,0.143574,0.17091,0.19473,0.223022,0.236036
562.98,0.040278,0.0380834,0.0431952,0.0429223,0.0457357,0.0473765,0.0540139,0.0559173,0.0626795,0.0663741,0.0786099,0.0904114,0.102209,0.121399,0.141319,0.166232,0.191748,0.218908,0.233039
563.428,0.0392917,0.0415245,0.0430371,0.0433591,0.0450953,0.0470171,0.0514629,0.0554482,0.0607053,0.0663785,0.0803371,0.0912778,0.103462,0.121683,0.142968,0.160582,0.189252,0.218258,0.231231
563.876,0.0401814,0.0400236,0.0422301,0.0440031,0.0442879,0.0480285,0.0522362,0.0563897,0.0626223,0.0673357,0.0810945,0.0876916,0.101992,0.12264,0.142141,0.166539,0.192201,0.220544,0.233626
564.324,0.0400696,0.0403131,0.0424988,0.0463706,0.0470376,0.0486302,0.0504426,0.0553195,0.0608193,0.0692272,0.0794482,0.0904286,0.104963,0.121706,0.141362,0.164481,0.190554,0.21859,0.236923
564.772,0.0405811,0.041472,0.0434716,0.045355,0.0472683,0.048333,0.0522692,0.0562622,0.0599015,0.069069,0.0797017,0.0904504,0.105571,0.12487,0.144266,0.164869,0.194355,0.219995,0.234902
565.22,0.0395435,0.0421611,0.0455623,0.0439134,0.0475697,0.0502292,0.0538745,0.0563176,0.0662284,0.0709242,0.0795443,0.0904798,0.105918,0.125206,0.144896,0.169474,0.194976,0.221706,0.23381
565.667,0.0438252,0.039488,0.0433225,0.0459579,0.0469444,0.0494868,0.0528664,0.0560852,0.0637246,0.072047,0.0788698,0.0915043,0.106305,0.124072,0.146522,0.167319,0.200001,0.224607,0.237493
566.115,0.0406172,0.0406773,0.0438226,0.0448332,0.0473314,0.0498023,0.0541109,0.0565101,0.062171,0.0684679,0.0805069,0.0925274,0.10506,0.124279,0.148729,0.168623,0.195309,0.226137,0.239872
566.562,0.0390717,0.0389785,0.0421744,0.0446255,0.0478319,0.0497049,0.0536187,0.0558056,0.0617598,0.0689643,0.0769229,0.0902646,0.104161,0.124784,0.143493,0.165917,0.194865,0.221015,0.237493
567.01,0.0407425,0.0423493,0.0436779,0.043926,0.0474483,0.0484759,0.0514675,0.0566848,0.0628102,0.0701093,0.0813633,0.0930144,0.105395,0.126661,0.145917,0.17068,0.193444,0.219087,0.237471
567.457,0.0417442,0.0423118,0.0453692,0.045162,0.0478622,0.0491854,0.0550112,0.0569356,0.0614266,0.0699548,0.0816066,0.0963915,0.107076,0.127455,0.147377,0.171396,0.197474,0.22438,0.239404
567.904,0.0401985,0.0409862,0.0431893,0.0462475,0.0469761,0.0480967,0.0524588,0.0577639,0.0633881,0.0706531,0.0786896,0.0923866,0.10786,0.126808,0.147184,0.169529,0.196113,0.224373,0.239707
568.351,0.039785,0.0434,0.0434417,0.0452295,0.046172,0.0513687,0.0552102,0.0554166,0.0625491,0.0677476,0.0800321,0.0904065,0.1052,0.123095,0.145443,0.16827,0.194499,0.219334,0.238379
568.797,0.0398498,0.0414285,0.0414897,0.0430473,0.0465223,0.0505743,0.0555538,0.0566463,0.0624062,0.0707264,0.0805421,0.0907353,0.106575,0.121243,0.145539,0.163253,0.194527,0.221943,0.237434
569.244,0.042614,0.043414,0.0438838,0.0465733,0.0493028,0.0532022,0.0555997,0.0588463,0.0667134,0.0743074,0.0841252,0.0946355,0.109071,0.128309,0.150468,0.172877,0.201816,0.232192,0.246117
569.691,0.0392662,0.0395724,0.0417893,0.043639,0.0452283,0.0480975,0.0523859,0.0554738,0.0596341,0.0680347,0.0756288,0.0908118,0.104057,0.119757,0.143351,0.165758,0.192156,0.21967,0.235997
570.137,0.040857,0.0416372,0.0436794,0.0466987,0.0458258,0.0488758,0.0525871,0.0588628,0.0620324,0.0689004,0.0765342,0.0929359,0.108521,0.125286,0.144947,0.166157,0.193981,0.220926,0.237619
570.583,0.0390539,0.0430001,0.0446646,0.0460536,0.0458517,0.0499776,0.0515134,0.0582343,0.0619098,0.0690865,0.077412,0.0921756,0.107228,0.12345,0.142287,0.165008,0.192191,0.221203,0.237252
571.03,0.0433117,0.0444353,0.0443039,0.0480963,0.049942,0.0526622,0.0569852,0.0591874,0.064354,0.07369,0.0829091,0.0924225,0.109736,0.127307,0.145591,0.172755,0.199828,0.223874,0.24038
571.476,0.0411407,0.0413452,0.0408703,0.045406,0.0480068,0.050823,0.0520022,0.0530974,0.0632791,0.0703953,0.0779741,0.0911976,0.107569,0.123734,0.142472,0.166491,0.195594,0.226746,0.23715
571.922,0.040138,0.0416126,0.0427659,0.0468385,0.0480609,0.0513004,0.0526703,0.0559714,0.0632415,0.0706107,0.0790794,0.0909832,0.106069,0.124765,0.146961,0.166438,0.195429,0.224379,0.23635
572.367,0.0401969,0.0426692,0.0441701,0.045358,0.0452856,0.0505528,0.0526396,0.058187,0.0627404,0.0708213,0.0785269,0.0914354,0.10854,0.124377,0.147132,0.168219,0.19437,0.220847,0.240347
572.813,0.0414165,0.0413789,0.0422069,0.0451157,0.0452134,0.0489425,0.0516087,0.0539007,0.0631456,0.0688857,0.0774647,0.0930225,0.104357,0.118739,0.142605,0.166683,0.192495,0.216857,0.235673
573.259,0.0412704,0.0421789,0.0443434,0.0429146,0.0468759,0.0495188,0.0510007,0.0575671,0.0621937,0.0686239,0.0821355,0.0945492,0.107948,0.124748,0.146861,0.169031,0.196526,0.222422,0.241421
573.704,0.0393158,0.0399767,0.0419835,0.0446046,0.0466763,0.0475333,0.0512375,0.0576199,0.0641782,0.0715164,0.0792429,0.0927331,0.104632,0.122597,0.142712,0.168219,0.191094,0.223569,0.241964
574.15,0.0395842,0.0411837,0.0431956,0.0452325,0.0461748,0.0479101,0.050742,0.0577153,0.0629201,0.0702633,0.0797716,0.0918253,0.103704,0.122651,0.144404,0.169707,0.193189,0.22189,0.235903
574.595,0.0402398,0.0406591,0.0421305,0.0443332,0.0465229,0.0481392,0.0512305,0.0575166,0.0616797,0.0692799,0.0791931,0.0934417,0.107487,0.123903,0.143469,0.167597,0.197614,0.218667,0.238388
575.04,0.0399854,0.0412015,0.0435824,0.0461581,0.0481742,0.049845,0.0532984,0.0576188,0.0624216,0.0715192,0.0844146,0.0923511,0.105496,0.12333,0.143669,0.16882,0.194948,0.221251,0.238098
575.485,0.0429374,0.0431201,0.0429562,0.0439955,0.0449428,0.0491357,0.0517594,0.0564089,0.0612746,0.0716158,0.0791344,0.0898572,0.104917,0.125148,0.14448,0.168068,0.190689,0.224492,0.234811
575.93,0.0411556,0.040746,0.0423663,0.0443958,0.0478771,0.0512341,0.052245,0.0563763,0.062472,0.0686495,0.0776514,0.0938895,0.106986,0.124588,0.146004,0.165346,0.194955,0.223362,0.237602
576.375,0.0401041,0.0385668,0.0408883,0.0446935,0.0463755,0.0500673,0.0511271,0.0548001,0.0618569,0.0693851,0.0802599,0.0895938,0.103482,0.123326,0.144096,0.165521,0.193572,0.221331,0.23729
576.819,0.0411971,0.0414468,0.0449011,0.049803,0.0474781,0.0483876,0.0571719,0.0569725,0.0640416,0.0725527,0.0853812,0.0933282,0.107645,0.126311,0.148491,0.170545,0.196678,0.22417,0.2421
577.264,0.0397837,0.0423192,0.0434353,0.0455408,0.0486787,0.0481497,0.0539692,0.0597255,0.0620158,0.0698703,0.0813957,0.094643,0.107316,0.125976,0.147525,0.165886,0.195012,0.221183,0.236857
577.708,0.0384504,0.0403914,0.0432435,0.0427013,0.0477139,0.0476797,0.053476,0.0573012,0.0643662,0.0686777,0.079995,0.0895627,0.103525,0.120541,0.141396,0.167209,0.195101,0.218909,0.235129
578.153,0.0393171,0.0435413,0.0435705,0.046113,0.0475376,0.0527331,0.0531155,0.0581902,0.0631193,0.0708896,0.0795474,0.0913227,0.109681,0.122728,0.146402,0.171466,0.197282,0.222905,0.237791
578.597,0.0374787,0.0407306,0.0439497,0.0443111,0.0462612,0.0490744,0.0519371,0.0572426,0.0628586,0.0688973,0.0766013,0.090396,0.103318,0.122242,0.144672,0.166542,0.192065,0.217985,0.233984
579.041,0.039635,0.0407601,0.039764,0.0436795,0.0459088,0.0498833,0.0539073,0.0556749,0.0603735,0.0686481,0.0801215,0.0901318,0.106608,0.125489,0.145826,0.167081,0.196634,0.220196,0.238268
579.485,0.0391261,0.0412272,0.0433979,0.0445599,0.0475546,0.0512518,0.0541307,0.0582746,0.0633242,0.0731239,0.082089,0.0946476,0.106923,0.122663,0.143694,0.170477,0.197956,0.225367,0.240488
579.929,0.0410391,0.0428901,0.0448603,0.0468491,0.0476842,0.0521215,0.0539489,0.0584605,0.0652586,0.07247,0.080182,0.0962259,0.109537,0.128616,0.14698,0.173723,0.198508,0.225803,0.247628
580.372,0.0399368,0.0413675,0.0422859,0.0445557,0.044366,0.051884,0.054086,0.0590454,0.062475,0.0714875,0.0795489,0.0926953,0.10756,0.126093,0.144862,0.16902,0.193044,0.221189,0.235519
580.816,0.040442,0.0433685,0.0434387,0.0467205,0.045957,0.0492139,0.0536627,0.0565951,0.0633683,0.0722786,0.0792639,0.0945069,0.108568,0.127189,0.146444,0.168819,0.197666,0.225584,0.245205
581.259,0.0411851,0.0408469,0.0432854,0.044593,0.0461287,0.0482503,0.0503913,0.0553767,0.063361,0.069032,0.0773898,0.0899352,0.105278,0.123341,0.143597,0.16302,0.196066,0.220527,0.235398
581.703,0.0397717,0.0415328,0.0432551,0.045519,0.0467254,0.0517204,0.0538963,0.0560864,0.0609829,0.0712192,0.0807116,0.0937532,0.10424,0.122751,0.144768,0.167173,0.195911,0.22142,0.236299
582.146,0.0384812,0.0407029,0.0427995,0.0439547,0.0452521,0.0494064,0.0499237,0.0557121,0.0627105,0.0711133,0.080532,0.090338,0.102933,0.122222,0.143714,0.166419,0.19209,0.219713,0.234326
582.589,0.0415553,0.0426173,0.0416974,0.0449681,0.0489997,0.0500581,0.0532545,0.0575584,0.0644111,0.0706016,0.0813693,0.0925746,0.106829,0.123642,0.14541,0.17125,0.1946,0.222916,0.239604
583.032,0.0397763,0.0400735,0.0449928,0.0446999,0.0475886,0.049756,0.0525237,0.0565587,0.063643,0.0712492,0.0795198,0.0890214,0.106145,0.124589,0.144379,0.169325,0.196488,0.225478,0.23971
583.475,0.042001,0.0441816,0.0434787,0.046864,0.0477101,0.0513858,0.0538618,0.0582733,0.0641159,0.0713801,0.0815525,0.0952082,0.108949,0.121731,0.146345,0.171621,0.194993,0.222316,0.240319
583.918,0.0385803,0.039599,0.0407865,0.0428548,0.0482665,0.0484078,0.0511835,0.056112,0.0609818,0.0714433,0.0788626,0.0889671,0.104372,0.118655,0.143591,0.167402,0.192173,0.219607,0.237219
584.36,0.0398883,0.0412283,0.0434367,0.0455821,0.0469007,0.0495375,0.0511012,0.0547394,0.0613381,0.068173,0.0785998,0.0917654,0.104584,0.123455,0.142926,0.161791,0.198151,0.219436,0.239028
584.803,0.0415398,0.0421284,0.0427919,0.044566,0.0468052,0.0488088,0.0537121,0.0573782,0.0629405,0.0692266,0.0804306,0.0918538,0.106333,0.124405,0.145485,0.166659,0.191495,0.220977,0.236975
585.245,0.0390576,0.040669,0.043053,0.0439355,0.0482232,0.0501245,0.0514225,0.0580379,0.0628931,0.0713788,0.080272,0.0915112,0.109386,0.123095,0.14369,0.169382,0.196061,0.222857,0.237689
585.688,0.0389976,0.0400862,0.0403317,0.0457128,0.0447985,0.0494884,0.0490537,0.056763,0.0611476,0.0649497,0.0809412,0.0930825,0.106805,0.123437,0.142273,0.168053,0.193363,0.219696,0.234642
586.13,0.0380753,0.0404709,0.0413516,0.0424913,0.0452936,0.0493289,0.0532145,0.057842,0.0612401,0.068108,0.0787103,0.0903905,0.104624,0.122133,0.1464,0.165885,0.197973,0.222079,0.238127
586.572,0.0384605,0.0424697,0.0400371,0.0440303,0.0444362,0.0484597,0.0510299,0.0555438,0.062256,0.0678981,0.077897,0.091598,0.103449,0.121647,0.143678,0.163469,0.193587,0.21908,0.235025
587.014,0.0376802,0.0405289,0.0407742,0.0433571,0.0468131,0.0497013,0.0522414,0.0558983,0.0629991,0.0672784,0.0806157,0.0893534,0.104515,0.121507,0.144374,0.167181,0.1982,0.217675,0.238578
587.456,0.0399202,0.0412202,0.0421344,0.0421703,0.0468761,0.0499922,0.0532522,0.0586951,0.0628628,0.0709959,0.0794454,0.0909078,0.107528,0.121491,0.146599,0.167875,0.196017,0.220276,0.23662
587.897,0.0411618,0.0403121,0.0427534,0.0440284,0.0462403,0.0502435,0.0544595,0.0558951,0.0630873,0.0699128,0.0801203,0.0931706,0.106676,0.124683,0.145433,0.165864,0.193079,0.217934,0.238932
588.339,0.0382489,0.0406267,0.0408767,0.0427213,0.0454193,0.047555,0.0510261,0.0529493,0.0612901,0.0670036,0.0753437,0.0875326,0.103237,0.121064,0.141882,0.16654,0.192941,0.218336,0.237837
588.78,0.0374791,0.0425504,0.0434666,0.0453421,0.0452362,0.0482515,0.0533278,0.0545007,0.0640954,0.0690447,0.0774312,0.0915279,0.107916,0.127657,0.145888,0.167693,0.193248,0.220552,0.235146
589.222,0.0368531,0.0390438,0.0411631,0.0424173,0.0464497,0.047774,0.0513226,0.0559898,0.0588673,0.0714353,0.0774337,0.0910578,0.105287,0.120795,0.144553,0.165344,0.191378,0.224635,0.240848
589.663,0.0398495,0.0406529,0.0431168,0.0460591,0.0477991,0.0489417,0.0510598,0.0577244,0.0637343,0.0699495,0.0812208,0.0903426,0.104201,0.124864,0.145711,0.17184,0.194696,0.223845,0.236675
590.104,0.0398584,0.0413478,0.0424705,0.0429327,0.046667,0.0465459,0.0520622,0.0572524,0.0645354,0.0713418,0.0803952,0.0910805,0.103654,0.124927,0.139675,0.167143,0.195738,0.22005,0.233388
590.545,0.0422704,0.0439779,0.0458749,0.0474509,0.0493401,0.053005,0.0563144,0.0581749,0.065017,0.0744891,0.0815395,0.0939011,0.110429,0.12802,0.145926,0.169999,0.199161,0.228134,0.238766
590.986,0.0378603,0.0388909,0.0422432,0.0431919,0.0447764,0.0488119,0.0509707,0.054648,0.0608274,0.0681492,0.0770034,0.0901087,0.104525,0.121756,0.144507,0.164997,0.192506,0.222488,0.236079
591.427,0.0418714,0.043755,0.0420013,0.0446112,0.0474024,0.0495066,0.0536384,0.056095,0.0628815,0.0692288,0.0791843,0.0918269,0.107923,0.126281,0.146558,0.171427,0.197499,0.224065,0.241162
591.867,0.0399701,0.041659,0.0438539,0.0462084,0.0472178,0.0497177,0.0548333,0.0572579,0.0633545,0.0717447,0.0785087,0.0914119,0.105462,0.123348,0.143502,0.167094,0.195618,0.222111,0.237032
592.308,0.0416088,0.040489,0.0423303,0.0465269,0.046602,0.0491079,0.0533854,0.0574258,0.0618591,0.0694685,0.0797992,0.091491,0.10496,0.121905,0.144506,0.169918,0.198798,0.21983,0.235772
592.748,0.0406593,0.0441435,0.0449702,0.0466648,0.0489964,0.0509918,0.0549442,0.0565231,0.0627491,0.0701606,0.0799871,0.0898502,0.110608,0.123651,0.145311,0.174373,0.195919,0.226974,0.241489
593.189,0.0414282,0.0427304,0.0429367,0.0452134,0.0479788,0.0499063,0.0528399,0.0582738,0.0630607,0.0707427,0.0794269,0.0914809,0.105373,0.12284,0.143423,0.165609,0.19314,0.223534,0.237352
593.629,0.0370241,0.040109,0.0429436,0.0435383,0.0471137,0.0472438,0.0509219,0.0551135,0.0638053,0.0689952,0.0800064,0.0914493,0.106696,0.121756,0.142879,0.166025,0.191409,0.221038,0.235516
594.069,0.0398867,0.040862,0.0426462,0.0439658,0.0447046,0.0494414,0.0532043,0.0557589,0.0612014,0.0679445,0.079296,0.092381,0.106075,0.124308,0.144776,0.16829,0.194891,0.221668,0.235518
594.509,0.0392507,0.040497,0.0427374,0.0448516,0.0462249,0.0490582,0.0526341,0.0574986,0.0615708,0.0691948,0.0787509,0.0908454,0.10276,0.123117,0.143313,0.167992,0.196614,0.224102,0.236909
594.949,0.0392284,0.0424559,0.0439729,0.0459517,0.0471214,0.0529962,0.0521893,0.0560284,0.0617697,0.0700662,0.0802244,0.0925226,0.10598,0.126761,0.144811,0.171483,0.197827,0.221448,0.237699
595.388,0.036005,0.0403082,0.0428687,0.0440132,0.0451831,0.0489761,0.0494008,0.0556874,0.0592788,0.0670355,0.0795781,0.0922203,0.104221,0.124811,0.148451,0.167544,0.195014,0.219128,0.231374
595.828,0.0402417,0.0411162,0.044107,0.0464136,0.0472775,0.0484934,0.0533764,0.0575726,0.061011,0.0676212,0.0812681,0.0919624,0.109523,0.122561,0.144729,0.167391,0.195214,0.221004,0.236622
596.267,0.0386863,0.0412928,0.0419423,0.0429535,0.0447474,0.0486499,0.0518613,0.0572979,0.0614748,0.0683759,0.0781354,0.0921441,0.106092,0.125287,0.144205,0.165458,0.193995,0.218366,0.230644
596.707,0.0365838,0.0376763,0.0433851,0.0435421,0.0467458,0.0470155,0.0513312,0.0570308,0.0631211,0.0673151,0.0768715,0.0902008,0.106288,0.122101,0.143618,0.166004,0.191414,0.220477,0.235089
597.146,0.0410279,0.0409617,0.0419874,0.0445405,0.0463912,0.0481474,0.0533819,0.0579526,0.0606115,0.0684456,0.0797462,0.0904224,0.105846,0.123874,0.14364,0.165401,0.194224,0.217699,0.236688
597.585,0.0399157,0.0405677,0.0442773,0.0447657,0.0473202,0.0508453,0.05092,0.0582205,0.0620732,0.0687944,0.0794699,0.0905609,0.105585,0.125095,0.144336,0.165577,0.195784,0.221999,0.236686
598.024,0.0398704,0.0434699,0.0429524,0.045717,0.0480925,0.0498975,0.0515321,0.0566724,0.0634359,0.068541,0.082096,0.092062,0.105716,0.121187,0.145482,0.16802,0.194921,0.225649,0.240552
598.463,0.0399238,0.0428389,0.0422721,0.044696,0.0480966,0.0496896,0.0510973,0.0576667,0.0615679,0.0692861,0.0787866,0.0910824,0.106545,0.125349,0.146025,0.168562,0.197732,0.219127,0.240264
598.902,0.0388106,0.0412045,0.0396173,0.045016,0.0453777,0.044549,0.0542021,0.0565906,0.0613661,0.0691471,0.0799248,0.0919536,0.105131,0.1237,0.140831,0.167816,0.192095,0.220668,0.23824
599.34,0.0403822,0.041601,0.0450007,0.0447531,0.0481212,0.0504169,0.0535503,0.057157,0.064397,0.0711342,0.0807505,0.0928702,0.106464,0.12142,0.143347,0.170754,0.199513,0.220436,0.246461
599.779,0.0406958,0.0431381,0.0434,0.0452136,0.0449878,0.0512888,0.0520182,0.0574141,0.0631564,0.0682289,0.0799805,0.0949614,0.105604,0.1235,0.14517,0.171599,0.194992,0.222872,0.238723
600.217,0.0388252,0.0416287,0.041648,0.0451917,0.0479602,0.0508839,0.0529351,0.055661,0.0623253,0.0676356,0.0784227,0.0922484,0.106259,0.123484,0.142179,0.166627,0.193776,0.218772,0.234923
600.655,0.0418032,0.0396465,0.0414473,0.0460455,0.0459584,0.0498562,0.0515291,0.0550667,0.0621869,0.0693111,0.0811036,0.0919111,0.107231,0.126376,0.142754,0.166046,0.192334,0.221455,0.239174
601.093,0.0411669,0.0405397,0.0442325,0.045289,0.0474857,0.0491586,0.0521395,0.0568711,0.0630655,0.0708863,0.0805632,0.0916329,0.107396,0.125298,0.145226,0.172145,0.194896,0.221535,0.239034
601.532,0.0392228,0.042727,0.0428862,0.0445361,0.045363,0.0501649,0.0517703,0.0567096,0.0635184,0.0708209,0.0787005,0.0923474,0.105478,0.122236,0.146335,0.168857,0.195804,0.222059,0.238853
601.969,0.0402775,0.042417,0.0446872,0.0454712,0.0498867,0.0498102,0.0533995,0.0585382,0.0614852,0.0705557,0.0797458,0.0917818,0.108476,0.123063,0.145211,0.166672,0.191985,0.218796,0.235315
602.407,0.0386928,0.0415649,0.042296,0.0459604,0.0459225,0.0492431,0.0525568,0.0539133,0.0626032,0.0699808,0.0807401,0.091148,0.105761,0.125035,0.142997,0.1689,0.194439,0.21861,0.238306
602.845,0.0376839,0.04107,0.0433466,0.0450233,0.0456042,0.05122,0.0513139,0.0556266,0.0629657,0.0706736,0.0797736,0.0904407,0.105703,0.123898,0.146125,0.168802,0.195721,0.22242,0.238719
603.282,0.0392385,0.0413817,0.0413732,0.0440903,0.0465661,0.0464582,0.0530077,0.0558813,0.0612087,0.0683909,0.0808955,0.0895759,0.108091,0.121351,0.143877,0.168154,0.192841,0.221796,0.233882
603.72,0.0402633,0.0406374,0.0423876,0.0440163,0.0473353,0.0502362,0.0523491,0.0583137,0.0610175,0.0694908,0.0769593,0.091088,0.106619,0.124741,0.143311,0.166294,0.194917,0.223065,0.235994
604.157,0.0407286,0.0413688,0.0408591,0.0451551,0.047506,0.0509611,0.0518187,0.0558355,0.0629278,0.0704453,0.0794544,0.0919093,0.108272,0.124881,0.143462,0.17275,0.194434,0.2211,0.235766
604.594,0.0377787,0.0405522,0.0424571,0.0449975,0.0469791,0.0470072,0.0513225,0.0547436,0.0600141,0.0694795,0.0782485,0.0923278,0.104805,0.122121,0.141738,0.167316,0.192402,0.22229,0.2394
605.032,0.0408274,0.0402182,0.0436973,0.0441451,0.0466881,0.0503855,0.0519758,0.0570771,0.0622223,0.0709952,0.0806987,0.0889621,0.103967,0.124861,0.145693,0.166397,0.19442,0.22373,0.239825
605.468,0.0382089,0.0400086,0.0430417,0.0430325,0.0457052,0.0487334,0.0515864,0.0556988,0.0605313,0.0683118,0.0809525,0.0909264,0.106669,0.122752,0.145979,0.170469,0.191203,0.222588,0.235267
605.905,0.0383599,0.0406476,0.042733,0.0439383,0.0464135,0.0479887,0.050515,0.056596,0.0616651,0.0670625,0.0821944,0.0912639,0.105305,0.121662,0.144022,0.167908,0.196395,0.223357,0.238206
606.342,0.0384411,0.0414468,0.0425329,0.0442655,0.047537,0.0487881,0.0524631,0.0570153,0.0636654,0.0696791,0.0799887,0.0885184,0.104667,0.123772,0.144555,0.167896,0.192976,0.222179,0.237058
606.779,0.039062,0.0400125,0.0433316,0.0443923,0.0463599,0.0490074,0.0523274,0.0547695,0.0614281,0.0689741,0.0784165,0.0921137,0.106579,0.12192,0.142297,0.167716,0.193503,0.219398,0.236828
607.215,0.0376692,0.039275,0.0419493,0.044551,0.0470584,0.0469408,0.0548454,0.0558521,0.0598983,0.0681447,0.0755836,0.0896113,0.107215,0.121335,0.146267,0.169123,0.194142,0.221379,0.234126
607.652,0.0392022,0.0414476,0.0429783,0.0445423,0.0451068,0.0495802,0.0510471,0.0559844,0.0613497,0.0671922,0.078926,0.0922087,0.106502,0.123198,0.146322,0.166384,0.197812,0.221913,0.238346
608.088,0.0393257,0.0419031,0.0420225,0.0417742,0.0458466,0.0462745,0.0525577,0.0565146,0.0615184,0.0685557,0.0792755,0.0897906,0.104769,0.122509,0.141587,0.168734,0.19367,0.219424,0.237213
608.524,0.0385295,0.0406964,0.0414473,0.0423173,0.0452418,0.0487292,0.0514933,0.0551384,0.0597611,0.0675569,0.078771,0.0909941,0.104615,0.122247,0.142896,0.167359,0.193912,0.220656,0.236555
608.96,0.0383682,0.04052,0.0424849,0.0430582,0.0470475,0.0462599,0.0518144,0.0575023,0.0602885,0.0715535,0.0786501,0.0912898,0.107115,0.123121,0.14392,0.16847,0.195336,0.220627,0.23543
609.396,0.0398662,0.0399866,0.0443485,0.0461112,0.0490877,0.0479786,0.051735,0.0553459,0.0625535,0.0698856,0.0769168,0.0925838,0.106034,0.126423,0.148165,0.169368,0.194521,0.223777,0.238063
609.832,0.0395093,0.0421633,0.0414538,0.045234,0.0463647,0.0490767,0.0521505,0.0549813,0.0635369,0.0678389,0.0813701,0.0910907,0.106736,0.124336,0.144545,0.169909,0.197174,0.225869,0.233653
610.267,0.042357,0.0425058,0.0437593,0.0442848,0.0457804,0.0517957,0.0547696,0.0573648,0.0638818,0.0703692,0.0807231,0.0914713,0.105709,0.123244,0.146326,0.173076,0.194091,0.22273,0.240038
610.703,0.0399676,0.0421341,0.0437898,0.0446909,0.0485677,0.0517066,0.0515255,0.0580014,0.0628666,0.0699806,0.0778334,0.0916346,0.104857,0.123081,0.144969,0.169901,0.197481,0.222679,0.240506
611.138,0.0394877,0.0394438,0.0426294,0.0429412,0.0453313,0.0487567,0.0525316,0.0572679,0.0610284,0.0706258,0.0784841,0.0894076,0.106872,0.124026,0.144294,0.166577,0.193288,0.220313,0.236561
611.574,0.0401027,0.0416629,0.0420092,0.0452759,0.0455257,0.0482926,0.0518612,0.0563071,0.0602215,0.0703051,0.0794184,0.0929871,0.106818,0.124125,0.145402,0.172118,0.196353,0.220017,0.238361
612.009,0.0425427,0.0431475,0.0426644,0.0460816,0.0487305,0.0497435,0.0512168,0.0579863,0.0621879,0.0719568,0.0790417,0.0917192,0.107385,0.122612,0.143839,0.168751,0.198242,0.220282,0.238191
612.444,0.0413407,0.0410431,0.042626,0.043339,0.0463281,0.0474502,0.0514662,0.0566781,0.0592149,0.0692044,0.0779862,0.0922859,0.104488,0.124036,0.144004,0.168058,0.194094,0.222184,0.235775
612.879,0.0414204,0.040944,0.0420829,0.0461177,0.0474913,0.0499856,0.0553584,0.0562978,0.0619138,0.0681771,0.0806813,0.0920387,0.10654,0.123565,0.14699,0.164473,0.198133,0.22324,0.238157
613.314,0.0401869,0.0410372,0.04345,0.0435534,0.0467655,0.0468884,0.0522948,0.0567089,0.0630626,0.0678202,0.0786049,0.0918561,0.104183,0.123252,0.143353,0.16778,0.197016,0.222182,0.236347
613.748,0.0424473,0.0410719,0.0437415,0.0457633,0.0468842,0.049679,0.0507045,0.0570413,0.0635594,0.0679735,0.0789458,0.0902537,0.106504,0.12318,0.143551,0.168585,0.19522,0.221055,0.239472
614.183,0.0405407,0.039595,0.0403969,0.0431146,0.0455658,0.0503488,0.0529276,0.0584475,0.0605268,0.0697295,0.0784593,0.0912219,0.106641,0.122868,0.145307,0.16536,0.191788,0.217615,0.236771
614.617,0.0377124,0.038515,0.0415312,0.0428316,0.0457071,0.046646,0.0508978,0.0541092,0.0576167,0.0675453,0.0759946,0.086646,0.105052,0.123149,0.141875,0.165412,0.189838,0.218157,0.231755
615.052,0.0406276,0.0422486,0.043707,0.0460767,0.0462017,0.049646,0.0533082,0.0559579,0.0641825,0.066795,0.0792227,0.0917983,0.10464,0.125889,0.145193,0.171578,0.194489,0.225439,0.237687
615.486,0.0364156,0.0397091,0.0409575,0.0426104,0.0447912,0.0460787,0.0496102,0.0560559,0.0591333,0.0672018,0.077292,0.0885786,0.10698,0.122875,0.14563,0.165908,0.191741,0.217674,0.236506
615.92,0.0365258,0.0417156,0.0411238,0.044241,0.0470677,0.0491629,0.0523409,0.0549248,0.0593665,0.0689912,0.0768979,0.0925771,0.104884,0.122103,0.145278,0.167207,0.193981,0.218659,0.238295
616.354,0.0396119,0.0390364,0.0442368,0.0436597,0.0445678,0.0490941,0.0511165,0.0545276,0.0623962,0.0672792,0.0790393,0.0890108,0.104003,0.12087,0.141849,0.168135,0.193018,0.218802,0.236589
616.788,0.0396817,0.0392126,0.0412696,0.0425305,0.0460691,0.0479393,0.0503427,0.0543727,0.060614,0.0675969,0.0778983,0.0898174,0.105121,0.120789,0.145766,0.166042,0.193043,0.218027,0.235756
617.222,0.0391468,0.0408604,0.0422504,0.0422077,0.0453436,0.0478684,0.0513545,0.0559358,0.0595071,0.0704758,0.0811775,0.0917991,0.107388,0.123776,0.14279,0.167138,0.195788,0.220095,0.239681
617.655,0.0410847,0.0423111,0.0426858,0.0445841,0.0468965,0.0490908,0.0528292,0.0548433,0.0627971,0.0695861,0.0795722,0.090981,0.104141,0.120886,0.145684,0.167086,0.193257,0.223351,0.23685
618.089,0.0417302,0.0437417,0.0439096,0.0474079,0.0467012,0.0502532,0.0561747,0.0575576,0.066096,0.0736425,0.0812786,0.0944409,0.110871,0.12574,0.151373,0.166567,0.200794,0.228442,0.244166
618.522,0.0394736,0.041952,0.0442243,0.0458457,0.0469118,0.050903,0.0554758,0.0574588,0.0627794,0.0729784,0.0813909,0.0919265,0.106763,0.122201,0.145478,0.170143,0.195516,0.225966,0.239671
618.956,0.0410155,0.0403364,0.0435908,0.0460481,0.0475811,0.0504267,0.0525224,0.0538983,0.0626898,0.0715789,0.0793796,0.0901767,0.103415,0.12405,0.142792,0.166326,0.194111,0.218962,0.236903
619.389,0.0393187,0.0421911,0.0423757,0.0443041,0.0472528,0.0507378,0.0533281,0.0574126,0.062294,0.068562,0.0802164,0.0930774,0.106885,0.124134,0.147079,0.17019,0.19388,0.221942,0.241697
619.822,0.0383398,0.040374,0.0433492,0.0422763,0.0451696,0.046125,0.0484245,0.0546145,0.0603701,0.0665266,0.079019,0.0909151,0.105838,0.123989,0.140927,0.166893,0.194101,0.222709,0.237838
620.255,0.0387386,0.0409462,0.040747,0.0437137,0.0459637,0.0487782,0.0500077,0.0552141,0.0601768,0.0687355,0.0783503,0.0891858,0.104975,0.120055,0.142835,0.167541,0.192098,0.216247,0.239072
620.688,0.0384679,0.0417029,0.0410252,0.0452054,0.0460152,0.0485872,0.0509652,0.055934,0.0620712,0.0686882,0.0787202,0.0911999,0.106689,0.122901,0.143712,0.168422,0.19155,0.220472,0.236671
621.12,0.039962,0.0421996,0.0446041,0.0443921,0.0467233,0.04908,0.053255,0.0561239,0.0626516,0.0704101,0.0803905,0.0906579,0.10566,0.124463,0.147509,0.170001,0.192878,0.219059,0.235716
621.553,0.0379829,0.0414046,0.0430188,0.0449682,0.0458879,0.0488879,0.0530435,0.0570898,0.0609346,0.0699013,0.0801831,0.0902526,0.108353,0.124769,0.145153,0.168055,0.194431,0.22168,0.236809
621.985,0.0382712,0.0397067,0.0426486,0.0459613,0.0456021,0.0481841,0.0518204,0.0541241,0.0619182,0.0685301,0.0773371,0.0897834,0.105582,0.122578,0.149018,0.167587,0.192943,0.221591,0.23941
622.418,0.0402855,0.0413449,0.0423354,0.0427263,0.0499919,0.0502513,0.0536344,0.0569306,0.0620821,0.0694256,0.0785409,0.0919227,0.107201,0.123372,0.145369,0.16899,0.19278,0.219637,0.237881
622.85,0.0391903,0.0424762,0.0433864,0.0429703,0.0465322,0.0485825,0.0512997,0.0559462,0.0610548,0.0697844,0.0766906,0.0906001,0.104481,0.1216,0.144986,0.166802,0.192379,0.220147,0.238183
623.282,0.0376154,0.0414805,0.0441488,0.0452751,0.0485093,0.0470383,0.0535445,0.054339,0.0633986,0.0686587,0.0791919,0.0938227,0.104912,0.123811,0.146289,0.170825,0.194866,0.220105,0.240598
623.714,0.0398982,0.0413106,0.0460622,0.0448786,0.047435,0.0477961,0.0534457,0.0574694,0.0638399,0.0693398,0.0800205,0.0896961,0.107501,0.125348,0.142439,0.168754,0.194766,0.216987,0.237143
624.146,0.0393937,0.0414132,0.0420421,0.0454916,0.046477,0.0467542,0.0525992,0.0569334,0.060484,0.0709253,0.0787,0.0916495,0.105353,0.124126,0.145429,0.167766,0.194835,0.224308,0.236551
624.577,0.0411295,0.0406996,0.0427197,0.0463082,0.0488089,0.0494311,0.0531079,0.0564543,0.0655852,0.0711513,0.0814469,0.0902935,0.106742,0.124276,0.145649,0.170407,0.196524,0.225058,0.237671
625.009,0.0377986,0.0375745,0.0420525,0.043966,0.0442353,0.0481072,0.0507414,0.0550003,0.0595543,0.0698221,0.0774155,0.0877448,0.1033,0.120923,0.141928,0.163508,0.192989,0.218532,0.236463
625.441,0.0382866,0.0422335,0.0426467,0.0431733,0.0474058,0.0476984,0.0498934,0.0563972,0.0609594,0.0681067,0.0799605,0.0919006,0.104965,0.122599,0.143387,0.166728,0.193442,0.220035,0.235455
625.872,0.0390807,0.0427989,0.0423873,0.0458994,0.0457026,0.049608,0.0537493,0.0563894,0.0603455,0.0685418,0.0795497,0.0896411,0.105869,0.123007,0.146246,0.165126,0.194599,0.22447,0.238909
626.303,0.0400109,0.0410472,0.0430134,0.042448,0.0454739,0.0469708,0.0515104,0.0551938,0.0613344,0.0678196,0.0793395,0.0914956,0.106856,0.122096,0.141738,0.165499,0.191173,0.224006,0.236974
626.734,0.0381059,0.0394833,0.0397412,0.0440377,0.0470679,0.0471046,0.052346,0.0553626,0.0591752,0.0693838,0.0787854,0.0893655,0.104126,0.121044,0.141099,0.164471,0.194467,0.215977,0.23322
627.165,0.0394666,0.0420786,0.0423313,0.0463306,0.0455477,0.0471067,0.0504585,0.0557264,0.0605226,0.0704737,0.0776441,0.0924932,0.107783,0.123147,0.143865,0.16469,0.194748,0.222861,0.234911
627.596,0.0393182,0.0437485,0.0421942,0.0454711,0.0454804,0.0492603,0.0530561,0.0557081,0.0609392,0.0724404,0.0772622,0.091088,0.109575,0.121172,0.144296,0.167869,0.191507,0.219866,0.236056
628.027,0.0402014,0.0439817,0.0436573,0.0463458,0.0447553,0.0473834,0.0512682,0.0580038,0.0622366,0.0710729,0.0785573,0.0914263,0.106052,0.124327,0.144174,0.165075,0.194585,0.216555,0.237769
628.458,0.0393628,0.0427519,0.0428039,0.0446468,0.0464226,0.0490361,0.0521881,0.0578114,0.0623599,0.0711959,0.0804815,0.0929575,0.107881,0.123077,0.146592,0.169965,0.195861,0.221995,0.23657
628.888,0.0386909,0.0424808,0.0421189,0.0439382,0.0465711,0.0482348,0.053216,0.0564633,0.0618771,0.0707849,0.0791228,0.08995,0.106004,0.120422,0.143862,0.1701,0.195583,0.220236,0.237112
629.319,0.0400505,0.0418469,0.0412539,0.0435206,0.0467087,0.0474197,0.0516013,0.0573874,0.062542,0.0694035,0.0780398,0.0900798,0.105631,0.123001,0.145294,0.167244,0.194358,0.222154,0.238026
629.749,0.0395414,0.0406358,0.0428657,0.0443782,0.046007,0.0485614,0.0520454,0.0548673,0.0598496,0.0690154,0.0790047,0.0901433,0.103904,0.122124,0.142352,0.164488,0.193447,0.217392,0.232421
630.179,0.0419677,0.0434913,0.0450972,0.0444471,0.048136,0.0518383,0.0551732,0.0586709,0.0642993,0.0692319,0.0810547,0.0934988,0.109498,0.12233,0.145793,0.172765,0.195805,0.224305,0.240427
630.609,0.0408941,0.0444441,0.0450239,0.0444663,0.0491541,0.0502753,0.0517093,0.0565535,0.0627467,0.0708403,0.0811955,0.0936404,0.107647,0.123998,0.147026,0.16933,0.1953,0.222731,0.239333
631.039,0.0405552,0.0408101,0.0425627,0.0443948,0.0445672,0.0508296,0.0521938,0.0578733,0.0622349,0.0695387,0.0796845,0.0927587,0.108833,0.12334,0.147296,0.168575,0.195406,0.220974,0.236348
631.469,0.0408502,0.0395985,0.0436614,0.0446047,0.0454013,0.0475786,0.0503582,0.0577156,0.0629781,0.0660053,0.078523,0.0894393,0.106534,0.120799,0.142393,0.169213,0.195704,0.217483,0.237894
631.899,0.0389423,0.041752,0.0415816,0.044736,0.0456228,0.0492188,0.0516383,0.0561348,0.0604847,0.0682269,0.0790225,0.090606,0.107028,0.120142,0.144024,0.164838,0.195266,0.2202,0.234871
632.328,0.0412062,0.0439935,0.0414906,0.0453609,0.046086,0.0495952,0.0525625,0.0573288,0.0637103,0.0722607,0.0813414,0.0929033,0.108546,0.122389,0.144707,0.169191,0.195927,0.227719,0.236904
632.758,0.0393603,0.0379877,0.0416164,0.0441112,0.0467678,0.0494306,0.0493386,0.0547179,0.0613919,0.0685297,0.0776938,0.0894253,0.102458,0.119878,0.145426,0.16904,0.19485,0.220711,0.237856
633.187,0.0376774,0.0401097,0.0406357,0.0426116,0.045977,0.0484548,0.0513514,0.056492,0.0620851,0.0696419,0.0789196,0.0897725,0.107259,0.123541,0.145292,0.169564,0.195061,0.217934,0.240984
633.616,0.0366416,0.0378625,0.04153,0.0412144,0.0457707,0.0473543,0.0507567,0.0567997,0.0600294,0.0657602,0.0769896,0.0890119,0.104936,0.122283,0.143043,0.164859,0.194966,0.220062,0.237856
634.046,0.0416454,0.0411148,0.043712,0.0430073,0.045965,0.0491434,0.0523097,0.0541296,0.0601298,0.0713295,0.0764578,0.0925339,0.10145,0.123032,0.14373,0.164639,0.191613,0.223246,0.233913
634.475,0.0401723,0.0404209,0.0399852,0.0434111,0.0459444,0.0471194,0.0527853,0.0544677,0.0612341,0.0672376,0.0782484,0.0894419,0.103639,0.121695,0.142182,0.162109,0.19016,0.218351,0.233609
634.903,0.041812,0.0406904,0.0423478,0.0447792,0.0475205,0.0520987,0.0514416,0.0564708,0.0626872,0.0710805,0.0783791,0.0900086,0.103428,0.122855,0.147157,0.168403,0.197238,0.221977,0.237906
635.332,0.03903,0.0384442,0.0406171,0.0430921,0.0468523,0.0460973,0.0493165,0.0535909,0.0584,0.0684635,0.0783431,0.0914092,0.107916,0.124176,0.143809,0.167511,0.197516,0.2197,0.241064
635.761,0.0379523,0.0408969,0.0436591,0.0430539,0.0476389,0.049932,0.0535259,0.0573087,0.0601342,0.0703662,0.0784428,0.0923844,0.104497,0.123846,0.145773,0.169094,0.195813,0.225063,0.243987
636.189,0.0397289,0.0434624,0.0443419,0.0440451,0.045973,0.0501152,0.0537556,0.056266,0.0636335,0.0720388,0.079965,0.0921969,0.106668,0.123201,0.14484,0.16862,0.193876,0.224873,0.236862
636.618,0.0367498,0.0407214,0.0410069,0.043829,0.0443191,0.0485236,0.0510261,0.0549191,0.0597879,0.0680172,0.0780418,0.0903135,0.102558,0.119985,0.142185,0.164927,0.191577,0.216489,0.230058
637.046,0.0374149,0.0402859,0.0399969,0.042789,0.0458193,0.047445,0.0507199,0.0525512,0.0604267,0.0695209,0.0779316,0.0879222,0.103462,0.122434,0.14074,0.166693,0.192064,0.218038,0.23806
637.474,0.0402704,0.040481,0.0435661,0.0433385,0.0440618,0.0480168,0.051858,0.0560495,0.0589455,0.0689752,0.0785909,0.0907216,0.105449,0.12063,0.142963,0.165957,0.194307,0.219539,0.235739
637.902,0.0381462,0.0407318,0.0419803,0.0430936,0.046794,0.0489277,0.0509965,0.0556699,0.0615313,0.0703109,0.0793274,0.0908205,0.105193,0.124378,0.144338,0.170473,0.197304,0.220677,0.240174
638.33,0.0407653,0.0422338,0.0451761,0.0430748,0.0461729,0.0483512,0.054778,0.0554803,0.0613185,0.0686343,0.0783359,0.0895979,0.104509,0.121057,0.142466,0.164748,0.193654,0.217702,0.237837
638.758,0.0404455,0.0405631,0.0407062,0.0442904,0.0476355,0.0485074,0.0528843,0.0576493,0.0609881,0.067452,0.0801688,0.0928267,0.105256,0.124851,0.143771,0.165668,0.196233,0.221927,0.238531
639.186,0.0391783,0.0391684,0.0415972,0.0434242,0.046436,0.047865,0.0520525,0.0555845,0.0629291,0.069564,0.077307,0.0910342,0.108034,0.123587,0.143214,0.167136,0.193353,0.220542,0.236208
639.613,0.0407179,0.0426312,0.0443304,0.0461432,0.0479152,0.0487213,0.0538347,0.0578392,0.0597231,0.0692887,0.0787168,0.0917819,0.106267,0.125651,0.14543,0.171492,0.197093,0.224152,0.241002
640.041,0.0393658,0.0417055,0.0416839,0.0459702,0.0470531,0.0491053,0.0529802,0.0548983,0.0615623,0.0695794,0.0760887,0.0890298,0.10427,0.123552,0.141727,0.168379,0.19607,0.218251,0.234459
640.468,0.0393734,0.0418228,0.0409314,0.0437141,0.0472901,0.0475264,0.0511528,0.0549042,0.061766,0.0686872,0.0781428,0.0918504,0.102336,0.122475,0.141584,0.165868,0.192714,0.218929,0.230967
640.895,0.0394264,0.0416828,0.0413001,0.0444887,0.0462204,0.050038,0.0507117,0.0550594,0.0608327,0.0675572,0.076876,0.0913972,0.107478,0.124712,0.145611,0.168244,0.195404,0.221932,0.239828
641.322,0.0399752,0.0426917,0.0432336,0.0465637,0.049153,0.0494335,0.0529075,0.0563826,0.0599896,0.0682871,0.0802253,0.0921101,0.106823,0.1261,0.142143,0.167676,0.19278,0.218538,0.237582
641.749,0.0372844,0.0379629,0.0415019,0.0441859,0.0438851,0.049531,0.0506099,0.0551244,0.0595224,0.0692089,0.0770156,0.0885019,0.103015,0.119948,0.143305,0.167553,0.197364,0.219583,0.237452
642.176,0.0400873,0.0431386,0.042204,0.0448774,0.0443575,0.0476993,0.0526994,0.0584752,0.0621183,0.0668494,0.0777119,0.0905208,0.106054,0.12369,0.146189,0.166661,0.196494,0.216882,0.240698
642.603,0.0374828,0.0406747,0.0432548,0.0438122,0.046186,0.0483314,0.0519741,0.0569129,0.0605515,0.0659046,0.0776848,0.0875929,0.103985,0.122241,0.142919,0.164164,0.192132,0.217812,0.236181
643.029,0.0389953,0.0408319,0.042141,0.0461794,0.0445135,0.0499126,0.0499253,0.0542018,0.0607404,0.0669758,0.078954,0.0905311,0.104179,0.125378,0.143923,0.167264,0.192917,0.217385,0.238113
643.456,0.0409414,0.0427635,0.0431207,0.0458138,0.0482691,0.0497142,0.0534387,0.0548009,0.0632603,0.0691734,0.0801485,0.091118,0.107603,0.123099,0.14257,0.171499,0.195783,0.22602,0.240939
643.882,0.0371516,0.0375346,0.0417637,0.0437136,0.0465283,0.049433,0.0516975,0.0544168,0.0596298,0.0667502,0.0741926,0.0909988,0.105179,0.120814,0.141883,0.166177,0.192599,0.217198,0.235014
644.308,0.0382248,0.0404774,0.0431558,0.0459505,0.0485485,0.0502393,0.0534878,0.0566143,0.0617934,0.0683496,0.0793199,0.0896315,0.106555,0.121456,0.144314,0.1627,0.195808,0.220257,0.23078
644.735,0.0408578,0.0412337,0.0412334,0.0447725,0.0442598,0.0478828,0.0521554,0.0544314,0.0619983,0.0688775,0.0767876,0.0892773,0.105855,0.119756,0.144639,0.163095,0.189813,0.213441,0.234778
645.161,0.0378652,0.0402438,0.0410744,0.0451421,0.0461772,0.0480869,0.0525719,0.0550551,0.0622975,0.0667873,0.0773806,0.0891232,0.107163,0.121781,0.14409,0.165711,0.19081,0.219186,0.233709
645.586,0.0383656,0.039222,0.040463,0.0428905,0.0418959,0.0476252,0.0506248,0.0520749,0.0602771,0.0662316,0.0763079,0.0873357,0.102818,0.119579,0.141067,0.163125,0.189427,0.213662,0.233083
646.012,0.0393336,0.0382653,0.0419986,0.0442491,0.0440513,0.0471251,0.0508476,0.0533203,0.0597465,0.0648459,0.0756501,0.0875467,0.104858,0.119714,0.140021,0.164777,0.191189,0.219387,0.233261
646.438,0.0359613,0.0420082,0.0405572,0.0443816,0.047228,0.0484125,0.0512703,0.0552994,0.0572781,0.0678483,0.078851,0.0917207,0.104489,0.118725,0.144793,0.166562,0.19141,0.217423,0.23021
646.863,0.0390923,0.0403263,0.0418567,0.0434639,0.0448167,0.0467793,0.0501178,0.055505,0.0592262,0.0666727,0.0799599,0.0895505,0.105212,0.125422,0.145416,0.168082,0.194823,0.222848,0.238017
647.289,0.0381257,0.0399201,0.041164,0.042547,0.0452285,0.0464427,0.0504636,0.053625,0.0606615,0.0687189,0.0775794,0.0890282,0.102472,0.12201,0.141606,0.164969,0.189547,0.221819,0.233746
647.714,0.0400477,0.0410377,0.0445472,0.0452943,0.0476544,0.0489435,0.0529746,0.0574685,0.061381,0.0689232,0.0791142,0.0924257,0.105108,0.124434,0.144378,0.168342,0.197248,0.219864,0.239
648.139,0.0380684,0.0378485,0.0412362,0.043848,0.043075,0.0461948,0.0489476,0.0531972,0.0589393,0.065086,0.0758166,0.0869298,0.102879,0.118497,0.138096,0.161194,0.187942,0.218086,0.233609
648.564,0.0406632,0.0414452,0.044715,0.0451853,0.0473318,0.0487105,0.0518971,0.0558431,0.0625716,0.0718325,0.0796257,0.091746,0.10515,0.124643,0.147133,0.167733,0.194264,0.221101,0.235137
648.989,0.0391768,0.0396748,0.0414717,0.0422987,0.0446299,0.0480119,0.0514425,0.0546248,0.0590292,0.0654399,0.0778705,0.089523,0.100842,0.123354,0.142318,0.165082,0.192429,0.218877,0.235274
649.414,0.0406931,0.042519,0.0419603,0.0453048,0.0476643,0.0511098,0.0526983,0.0550216,0.0604347,0.0710556,0.0811354,0.0925594,0.10678,0.125457,0.143159,0.166975,0.19559,0.222235,0.239419
649.839,0.0402542,0.0430397,0.0434286,0.0431331,0.0470448,0.0508721,0.0528793,0.0575516,0.0636721,0.0686873,0.0798058,0.0924115,0.10566,0.126316,0.146669,0.167224,0.198602,0.226926,0.240057
650.263,0.0400888,0.0427035,0.0449683,0.0463443,0.0483818,0.0502609,0.0548463,0.0589193,0.0609803,0.0691611,0.0780937,0.0915313,0.108795,0.127176,0.144923,0.168195,0.196489,0.2271,0.241406
650.688,0.0364677,0.0404087,0.0406602,0.0410046,0.0443695,0.0474301,0.0502139,0.0554254,0.060582,0.0678412,0.078355,0.0897906,0.103628,0.124045,0.145594,0.165122,0.193223,0.215615,0.235581
651.112,0.0410416,0.0417435,0.042921,0.045808,0.0457503,0.0495712,0.0518642,0.0586661,0.0620676,0.0693548,0.0791968,0.0918337,0.108567,0.124611,0.143198,0.165808,0.198315,0.221166,0.238213
651.536,0.0389156,0.0388592,0.0413242,0.0441422,0.0432884,0.0479487,0.0525756,0.0544052,0.0619296,0.066516,0.0769971,0.0894103,0.1064,0.124139,0.143553,0.167554,0.19592,0.220486,0.236134
651.961,0.0417132,0.0419472,0.0434541,0.0436186,0.0465859,0.0502003,0.0516606,0.0565311,0.063976,0.0709086,0.0786416,0.0925929,0.104832,0.122006,0.143622,0.166544,0.19357,0.218655,0.235815
652.384,0.0418515,0.0416695,0.0432164,0.0443894,0.0471817,0.0486244,0.05102,0.0573951,0.0634167,0.0693738,0.0785505,0.0916069,0.102977,0.123733,0.144907,0.167251,0.192796,0.226595,0.238369
652.808,0.0364115,0.0409383,0.041896,0.0442766,0.0458513,0.0489432,0.0516586,0.0558739,0.0606434,0.0680953,0.0798286,0.0916356,0.102834,0.123821,0.146192,0.16603,0.195208,0.220423,0.232098
653.232,0.039065,0.0407394,0.0438637,0.0445291,0.0449216,0.0511123,0.053121,0.0558666,0.0637411,0.0693282,0.0771693,0.0882245,0.107156,0.121367,0.146436,0.164571,0.197942,0.220568,0.237766
653.656,0.0400298,0.0421378,0.0448323,0.0465872,0.0471445,0.0524763,0.0517051,0.058627,0.0630007,0.0689032,0.0787732,0.0942677,0.105889,0.127299,0.145283,0.169312,0.198286,0.220238,0.238821
654.079,0.0405824,0.0410625,0.0430325,0.047033,0.0471391,0.0503647,0.0541132,0.0546672,0.0613588,0.0705426,0.0815383,0.0911614,0.106881,0.125246,0.149031,0.169708,0.193552,0.219348,0.240139
654.503,0.0390788,0.039866,0.0421546,0.0426813,0.0415404,0.0469689,0.0516906,0.0552009,0.0604453,0.0681188,0.0760263,0.0895243,0.10353,0.125362,0.142203,0.17091,0.194069,0.220343,0.238999
654.926,0.0407555,0.0403607,0.0426156,0.0431559,0.0480509,0.0490794,0.0518542,0.0555594,0.0611869,0.0708317,0.0771541,0.0900486,0.108769,0.121009,0.145321,0.169405,0.192467,0.224883,0.238164
655.349,0.0390387,0.0386847,0.042578,0.0438062,0.0454928,0.0461412,0.0530019,0.0557417,0.0620724,0.0697669,0.0785037,0.0884223,0.103598,0.120806,0.140369,0.165943,0.193347,0.215466,0.235409
655.772,0.0385421,0.038293,0.0405626,0.0446444,0.0458615,0.0468963,0.0532556,0.0533299,0.0615332,0.0689743,0.0798766,0.09063,0.103358,0.122561,0.143458,0.168943,0.195299,0.214251,0.237917
656.195,0.0379013,0.0414349,0.0429572,0.0449993,0.047628,0.0495409,0.0516548,0.0543581,0.0594405,0.0702,0.0802709,0.091239,0.105476,0.122952,0.143079,0.168321,0.192341,0.220421,0.239703
656.618,0.0385332,0.0410557,0.0404869,0.0433417,0.0475033,0.0497545,0.0539119,0.0558875,0.0599031,0.0688002,0.0778972,0.0893941,0.10396,0.121637,0.141207,0.169228,0.190997,0.223038,0.235667
657.04,0.0391851,0.0404215,0.0408458,0.0454638,0.0456063,0.0485903,0.0513362,0.0541253,0.0617408,0.0682106,0.0780072,0.0902687,0.103573,0.122684,0.144682,0.166341,0.191328,0.220968,0.237364
657.463,0.0398426,0.0432154,0.0429937,0.0431943,0.0474598,0.05017,0.0522671,0.0580401,0.0593067,0.0691543,0.0795845,0.093142,0.102431,0.122361,0.141858,0.167144,0.195667,0.219453,0.236001
657.885,0.0403349,0.0412307,0.0405937,0.0428703,0.0479694,0.0488532,0.0510315,0.0562459,0.0621213,0.0676046,0.0786546,0.0928538,0.105494,0.124731,0.141982,0.166883,0.191622,0.220049,0.238296
658.308,0.0402486,0.0427533,0.0441916,0.0447538,0.0471196,0.0497095,0.0530298,0.0567995,0.0612828,0.0700271,0.0817167,0.0917465,0.107185,0.126087,0.144454,0.173959,0.193841,0.221114,0.23785
658.73,0.0381495,0.042039,0.0408414,0.0436174,0.0465585,0.0477595,0.0489734,0.0565633,0.0602428,0.0674388,0.0794406,0.0919181,0.104388,0.123216,0.144171,0.165294,0.19316,0.219417,0.235064
659.152,0.0384306,0.0423909,0.0434942,0.0463935,0.04641,0.0480586,0.0504864,0.0556886,0.0607174,0.0700827,0.0808745,0.0927005,0.106078,0.123693,0.144695,0.167425,0.200303,0.218152,0.23796
659.574,0.0389477,0.0415937,0.0417934,0.0445079,0.0447552,0.047385,0.0514897,0.0545778,0.0610335,0.070471,0.0768223,0.0890612,0.105226,0.121991,0.144772,0.16584,0.194031,0.221149,0.23601
659.996,0.0412439,0.0412104,0.0426513,0.0438014,0.0452165,0.0458881,0.0521339,0.0564584,0.0629486,0.0685012,0.0784002,0.0917405,0.106954,0.125265,0.148203,0.16654,0.193992,0.222184,0.243494
660.417,0.0395983,0.0420002,0.0407748,0.0451894,0.0479755,0.0484805,0.0543826,0.0561098,0.062284,0.0700794,0.0785396,0.0912492,0.106045,0.12117,0.143839,0.165792,0.191657,0.218696,0.234409
660.839,0.0391575,0.0388656,0.0425499,0.046371,0.0452182,0.0467539,0.0516038,0.0563068,0.062094,0.0689245,0.0775699,0.0917267,0.106751,0.125456,0.143673,0.168182,0.19334,0.22024,0.238965
661.26,0.038511,0.0380477,0.0399059,0.0428755,0.0465532,0.0483636,0.0521783,0.0543598,0.0607621,0.0677502,0.0781332,0.0913805,0.103177,0.121823,0.140637,0.166523,0.192986,0.220436,0.232868
661.682,0.0404164,0.0397082,0.0405087,0.0423146,0.0442623,0.0476618,0.0504999,0.0565151,0.0619049,0.0699015,0.0802241,0.0910749,0.106396,0.1224,0.143071,0.166842,0.192125,0.222479,0.239759
662.103,0.0383733,0.0396193,0.0402708,0.0438899,0.0463859,0.0476931,0.051601,0.0547466,0.061645,0.0663713,0.0789942,0.090085,0.102628,0.121979,0.142466,0.166799,0.19123,0.218633,0.234808
662.524,0.0403872,0.0411341,0.0431371,0.0445894,0.045859,0.0479644,0.0502272,0.0538408,0.0603151,0.0667829,0.0810609,0.0872937,0.105607,0.121599,0.141611,0.167032,0.196626,0.220968,0.240067
662.945,0.0383574,0.038189,0.0431987,0.0465812,0.0440115,0.0502435,0.0495052,0.054228,0.059838,0.0709114,0.0778067,0.0889891,0.1025,0.122454,0.143606,0.164798,0.194426,0.220393,0.237302
663.366,0.0389848,0.0408296,0.0422041,0.0459998,0.046021,0.0492195,0.0488333,0.0555481,0.061797,0.0695502,0.0799991,0.0917269,0.10536,0.12312,0.144746,0.169511,0.194767,0.223634,0.241466
663.787,0.0378398,0.0405216,0.0408847,0.0420376,0.0435244,0.0455099,0.0516216,0.0537241,0.0612333,0.0695085,0.0778366,0.0901685,0.103829,0.122583,0.141826,0.167412,0.193603,0.21438,0.232815
664.207,0.0381217,0.0430408,0.0394239,0.0447691,0.0468568,0.0499991,0.0516201,0.0537189,0.0629623,0.0696889,0.0791914,0.0928397,0.10492,0.122,0.141336,0.167408,0.196964,0.224361,0.236112
664.628,0.0402001,0.0399714,0.0435385,0.0443922,0.0474367,0.0489129,0.0526251,0.0567831,0.0627034,0.0701807,0.0795025,0.0899166,0.107267,0.122865,0.141702,0.168983,0.196441,0.220989,0.238037
665.048,0.0403896,0.0429437,0.0427496,0.0457583,0.0490362,0.0507853,0.0535299,0.058129,0.0637143,0.0737471,0.0817159,0.0930267,0.107654,0.127314,0.151959,0.17219,0.197049,0.223013,0.243969
665.468,0.0375207,0.0426562,0.0416785,0.0442181,0.0464617,0.0468938,0.052917,0.0546852,0.0599628,0.065637,0.0793917,0.0893119,0.101815,0.122361,0.141679,0.165932,0.189853,0.218683,0.236729
665.888,0.0382886,0.038435,0.0418298,0.0439418,0.0450864,0.0445157,0.0499124,0.0553067,0.0619078,0.0667958,0.0783566,0.090537,0.104617,0.123537,0.142515,0.167533,0.19252,0.220859,0.234315
666.308,0.0360951,0.0372126,0.0433357,0.0449077,0.0445651,0.0465523,0.0538893,0.0581196,0.0597504,0.0695123,0.0783439,0.0893102,0.107117,0.120749,0.142055,0.164576,0.194647,0.22101,0.238509
666.728,0.0392099,0.0426252,0.0413576,0.0452443,0.0483665,0.0486688,0.0520953,0.0554474,0.0630003,0.069693,0.0780945,0.0913079,0.105873,0.122024,0.141192,0.168295,0.194977,0.221815,0.237635
667.148,0.0386573,0.0427859,0.0436862,0.044727,0.047245,0.0486797,0.0506362,0.0557147,0.0593929,0.0693507,0.0768086,0.0902981,0.104468,0.122633,0.145437,0.16687,0.192719,0.219918,0.23801
667.568,0.0396458,0.0420328,0.0406059,0.0434802,0.0451913,0.0490997,0.0494463,0.05553,0.0607215,0.068552,0.079031,0.0898154,0.104622,0.122951,0.141288,0.164937,0.192153,0.218605,0.234977
667.987,0.0397846,0.040736,0.0431188,0.0460806,0.0462338,0.0478249,0.0520418,0.0567982,0.0610785,0.0692393,0.0792456,0.0915908,0.107491,0.123091,0.142202,0.163395,0.192439,0.218568,0.236767
668.407,0.0380778,0.0383744,0.0404571,0.0431413,0.04311,0.0486027,0.0493805,0.0535084,0.0610802,0.0667469,0.0753331,0.0903048,0.101215,0.123548,0.1451,0.163253,0.191383,0.218288,0.234417
668.826,0.0379423,0.0400263,0.041536,0.0432914,0.0463094,0.0465554,0.0525056,0.0550422,0.0602647,0.0677477,0.0797264,0.0893448,0.10349,0.125408,0.143389,0.167683,0.190443,0.219912,0.238915
669.245,0.0384481,0.0410181,0.0427462,0.0455974,0.0452681,0.0486977,0.0498007,0.0564109,0.0599803,0.0688112,0.0773808,0.0897671,0.105613,0.122586,0.143753,0.166308,0.190304,0.220421,0.236083
669.664,0.0367645,0.0403265,0.0418832,0.044023,0.0453177,0.0468435,0.0508885,0.0550076,0.0613277,0.067396,0.0776234,0.0886486,0.108472,0.124419,0.14445,0.171288,0.193535,0.217514,0.239564
670.083,0.0384251,0.0412634,0.0420421,0.0422979,0.0457604,0.0470254,0.051595,0.0514008,0.0616032,0.069114,0.0781607,0.0913325,0.1033,0.124273,0.140554,0.164459,0.198008,0.221715,0.235746
670.502,0.039255,0.041539,0.0451161,0.044862,0.0445207,0.0516064,0.0539515,0.0567007,0.0642256,0.0687384,0.0784444,0.0915414,0.106695,0.123661,0.144192,0.164834,0.19121,0.220759,0.237855
670.921,0.0353961,0.0391506,0.0413934,0.0427298,0.0459157,0.0483721,0.0509889,0.0551383,0.0590846,0.0673763,0.0785049,0.0888523,0.101784,0.121597,0.142144,0.165295,0.193724,0.217765,0.237603
671.339,0.0401238,0.0403737,0.0411397,0.0455212,0.0448166,0.0495457,0.0514736,0.0546401,0.0604933,0.0703724,0.0781218,0.0913297,0.106641,0.121395,0.1409,0.16864,0.192426,0.224685,0.235737
671.758,0.0397673,0.0407949,0.0424179,0.0444442,0.0480462,0.0478845,0.0540766,0.0542515,0.0620747,0.0699777,0.0793164,0.0908342,0.105451,0.12761,0.143509,0.167983,0.196108,0.224059,0.239508
672.176,0.0387195,0.0399234,0.0426159,0.0424118,0.0457947,0.0474391,0.0508044,0.0555817,0.0624289,0.0670508,0.0785484,0.091717,0.101953,0.119101,0.144174,0.167707,0.19495,0.221042,0.241959
672.594,0.0391909,0.0406923,0.0453139,0.0451692,0.0470043,0.0462963,0.0516688,0.0567711,0.0615156,0.068184,0.0775575,0.0907758,0.104239,0.127478,0.146127,0.169948,0.195041,0.22254,0.240662
673.012,0.0422144,0.0420921,0.0440172,0.043779,0.0462667,0.0488771,0.0520688,0.0561467,0.0610537,0.0693395,0.0782104,0.0923562,0.106852,0.12631,0.140812,0.170258,0.198003,0.219037,0.239782
673.43,0.0402367,0.040497,0.044501,0.0450569,0.0474311,0.0481995,0.0514975,0.0561534,0.0619439,0.0698167,0.0807262,0.0906038,0.108625,0.121622,0.14491,0.168366,0.194297,0.219285,0.237728
673.848,0.0408965,0.0388284,0.0414778,0.0441386,0.0467931,0.0479768,0.0500332,0.0545701,0.0603407,0.068954,0.0792222,0.0904927,0.105846,0.123836,0.140383,0.166192,0.194474,0.22,0.233758
674.266,0.0394301,0.0417002,0.0433546,0.0440237,0.0503353,0.0514671,0.0524352,0.0562984,0.0613409,0.0707725,0.0793413,0.0938332,0.107538,0.126538,0.145907,0.171051,0.199811,0.22008,0.238705
674.684,0.0391332,0.0402318,0.0423495,0.0427567,0.0485093,0.0488491,0.0517385,0.0552942,0.0620018,0.0700322,0.0803939,0.0931837,0.109433,0.124195,0.145313,0.168098,0.197973,0.219079,0.243382
675.101,0.0369208,0.0381061,0.0407292,0.0421222,0.0445996,0.0484372,0.0513303,0.054357,0.0603172,0.0669504,0.0792784,0.0873386,0.102034,0.120794,0.139742,0.163777,0.193616,0.221191,0.238155
675.519,0.0384753,0.0381658,0.0404074,0.0432435,0.0442983,0.0465544,0.0506465,0.052547,0.0608312,0.0652856,0.0778958,0.0893688,0.102147,0.120754,0.141157,0.168348,0.191177,0.218453,0.237105
675.936,0.0405359,0.0415799,0.0422308,0.0436978,0.047281,0.0484461,0.0521708,0.0550106,0.0601861,0.0666093,0.0804403,0.0915416,0.106355,0.12126,0.142027,0.166827,0.197339,0.219905,0.237871
676.353,0.0395865,0.0401716,0.0419573,0.0444678,0.0472702,0.0490157,0.053027,0.0547195,0.0614479,0.0668933,0.0795281,0.0937235,0.106341,0.123904,0.144903,0.173941,0.197818,0.219492,0.236569
676.77,0.0400054,0.0415582,0.0438505,0.044788,0.0463307,0.0478779,0.0516279,0.0563308,0.0626599,0.0680109,0.0775173,0.0932289,0.107631,0.125135,0.147051,0.170509,0.193962,0.220968,0.240633
677.187,0.0428372,0.0409192,0.0435965,0.0446421,0.0447956,0.0491725,0.0516848,0.0560562,0.0616429,0.0659772,0.0792257,0.091782,0.106518,0.12043,0.143672,0.168048,0.194556,0.222621,0.236808
677.604,0.0382056,0.0357167,0.0401449,0.0427043,0.0449243,0.0455468,0.0534174,0.0563605,0.0581241,0.0656373,0.077337,0.0913193,0.100911,0.119715,0.141096,0.167799,0.191535,0.219717,0.235111
678.02,0.0409626,0.0395182,0.0430748,0.0445931,0.047812,0.0482945,0.0532849,0.0559258,0.0608459,0.0672127,0.0775634,0.0901157,0.106981,0.124726,0.143899,0.17394,0.198759,0.225661,0.242799
678.437,0.0414785,0.0417875,0.0434343,0.0443855,0.0493884,0.0482659,0.0535723,0.0589838,0.0614784,0.0678577,0.0813275,0.0934518,0.10747,0.124432,0.145943,0.170286,0.197519,0.220932,0.238332
678.853,0.0379341,0.0424381,0.0418494,0.0428867,0.0481216,0.0482032,0.0512537,0.0554897,0.0615202,0.0699028,0.080352,0.090388,0.108401,0.121985,0.143061,0.169869,0.194184,0.22293,0.239732
679.27,0.0376325,0.0402044,0.0405102,0.042237,0.0470385,0.0470516,0.0504383,0.0548415,0.0606721,0.068127,0.0789239,0.0905682,0.10744,0.122148,0.144167,0.166461,0.195171,0.220782,0.241496
679.686,0.0383226,0.0395828,0.0415869,0.0420645,0.0469259,0.0490903,0.0518486,0.0547875,0.0593608,0.0700684,0.077485,0.0881064,0.106041,0.121337,0.143593,0.166539,0.191614,0.225235,0.233687
680.102,0.0389989,0.0418993,0.0440609,0.0427468,0.0460517,0.048513,0.0506495,0.0547028,0.0620525,0.0669854,0.0786733,0.0896332,0.103383,0.124569,0.146075,0.167273,0.193754,0.224454,0.236522
680.518,0.0402023,0.0418646,0.0429144,0.0449226,0.0473134,0.048547,0.0543484,0.057627,0.0621098,0.0693385,0.0790391,0.0913057,0.107433,0.124079,0.145634,0.173556,0.193885,0.221819,0.239583
680.933,0.0394875,0.0412662,0.0425383,0.0439331,0.0468303,0.0487792,0.0538118,0.0585196,0.0613987,0.0727457,0.0796847,0.0931588,0.107663,0.123583,0.142136,0.167972,0.192389,0.218441,0.240563
681.349,0.0408106,0.0433341,0.0434468,0.0448263,0.0481545,0.0495744,0.0542026,0.0555717,0.0629272,0.0726518,0.0806576,0.0938587,0.108686,0.125868,0.146478,0.16868,0.195666,0.221049,0.240995
681.765,0.038171,0.0406992,0.0419975,0.0435262,0.0446964,0.0486485,0.0503412,0.0558354,0.0611489,0.0690807,0.0786717,0.090061,0.102673,0.122366,0.140507,0.16316,0.193016,0.214283,0.231132
682.18,0.0375068,0.0393197,0.0407149,0.0427164,0.0446603,0.0465913,0.0514077,0.0587515,0.0589336,0.0655027,0.078405,0.0901356,0.102316,0.118988,0.142054,0.166968,0.193048,0.216006,0.236466
682.596,0.0385285,0.041973,0.0420342,0.0438746,0.047816,0.0482005,0.0510512,0.0555325,0.0622728,0.070462,0.0780646,0.089707,0.103165,0.120652,0.146232,0.167568,0.196424,0.223642,0.237016
683.011,0.0368784,0.03866,0.0392626,0.0427257,0.0437281,0.0453708,0.0493927,0.0548902,0.0600949,0.0660241,0.0763072,0.0878266,0.104468,0.123454,0.14457,0.167294,0.195597,0.217937,0.232325
683.426,0.0398576,0.0410016,0.0410985,0.0425831,0.0447347,0.0481512,0.0498243,0.0547692,0.0606739,0.0674106,0.0768645,0.0910518,0.103648,0.121573,0.14508,0.166999,0.191123,0.222923,0.23676
683.841,0.0391563,0.0398181,0.0423347,0.0442285,0.0438714,0.0494606,0.0516546,0.0541111,0.0608492,0.0694559,0.0802719,0.0895589,0.10506,0.119324,0.142951,0.167536,0.191629,0.222477,0.233676
684.256,0.0412464,0.0428176,0.045595,0.0466762,0.0460132,0.0496158,0.0543801,0.0561115,0.0641005,0.0700712,0.0808303,0.0901612,0.110296,0.124715,0.147197,0.170685,0.195627,0.220537,0.240977
684.67,0.0371273,0.0395925,0.0421315,0.0430736,0.0436805,0.046542,0.0507831,0.0550011,0.0597696,0.0662124,0.0770356,0.0904091,0.102489,0.12322,0.144914,0.162978,0.188275,0.222388,0.23976
685.085,0.0421025,0.0425456,0.0451144,0.0458132,0.0478398,0.0476597,0.0556159,0.0551537,0.0618848,0.0742834,0.0803754,0.0893601,0.108099,0.125822,0.148905,0.172299,0.19708,0.226568,0.241516
685.499,0.038469,0.0420555,0.0435661,0.0425958,0.0472184,0.0491517,0.051947,0.0545128,0.0604256,0.0671031,0.080834,0.0913991,0.10347,0.12283,0.147968,0.169839,0.195308,0.21934,0.234919
685.914,0.0390884,0.0408619,0.0444123,0.044696,0.0488814,0.0501156,0.0512611,0.054095,0.0634944,0.0679303,0.081652,0.0898134,0.106412,0.125646,0.145764,0.168079,0.19389,0.226967,0.236249
686.328,0.0386525,0.0442132,0.0413144,0.0428746,0.0443781,0.0459458,0.0483367,0.0550508,0.0587746,0.0682066,0.0788647,0.0869122,0.104273,0.119801,0.141795,0.164803,0.19408,0.215186,0.233938
686.742,0.0384373,0.0417929,0.0417548,0.0450298,0.046535,0.0482442,0.0520984,0.0545727,0.0620048,0.0673849,0.0796796,0.089048,0.106051,0.121167,0.145224,0.166441,0.194596,0.219667,0.23207
687.156,0.0418556,0.0438267,0.0430599,0.046227,0.0481006,0.0494893,0.0532473,0.0579422,0.0641347,0.0702281,0.0796899,0.0918325,0.110295,0.124535,0.145451,0.170553,0.2017,0.229583,0.241327
687.57,0.0368685,0.0411288,0.0408335,0.043754,0.0451326,0.0471684,0.0541857,0.0535234,0.0614352,0.0671232,0.0797562,0.0904585,0.1072,0.119132,0.144304,0.164842,0.195066,0.219509,0.24117
687.984,0.0391688,0.0406288,0.0431802,0.0452349,0.0468464,0.0477516,0.0533556,0.055482,0.0626077,0.069618,0.0819052,0.0933938,0.10709,0.123158,0.144945,0.169137,0.197031,0.221198,0.239397
688.398,0.0397139,0.0410147,0.0409742,0.0437857,0.0467153,0.0494175,0.0528016,0.0551118,0.0618606,0.0692451,0.0776069,0.090133,0.105627,0.123188,0.146174,0.167757,0.19913,0.220977,0.235055
688.811,0.0351915,0.0403422,0.0405895,0.041625,0.0450316,0.04503,0.0509985,0.0543983,0.0584227,0.0666917,0.075799,0.0875831,0.105128,0.120614,0.141031,0.167625,0.186732,0.214449,0.234907
689.224,0.0355079,0.0405498,0.0431776,0.0458875,0.0439051,0.0472985,0.0502066,0.0547929,0.0605345,0.0666774,0.0792424,0.0921668,0.105232,0.12227,0.144015,0.169194,0.194589,0.219186,0.236192
689.638,0.0384652,0.0424503,0.0442945,0.0439963,0.0479818,0.0492054,0.0511979,0.0549569,0.0615147,0.0674039,0.0784529,0.0941341,0.107517,0.121758,0.143825,0.167218,0.196018,0.22525,0.236181
690.051,0.0386059,0.04412,0.0444423,0.0441687,0.0457225,0.0483058,0.0531427,0.056131,0.0626971,0.0675808,0.0786875,0.0913241,0.103542,0.119884,0.145343,0.167485,0.19444,0.21854,0.236043
690.464,0.0378211,0.0365383,0.0389393,0.0400997,0.0444243,0.0450316,0.049835,0.0543681,0.0602921,0.0677875,0.0745338,0.091344,0.103185,0.120233,0.144151,0.163455,0.192035,0.219566,0.235727
690.877,0.0398146,0.0404672,0.0383832,0.0415862,0.0437522,0.0483159,0.0528617,0.0553912,0.0623189,0.0704551,0.0787313,0.0883079,0.101269,0.122474,0.148656,0.166714,0.193808,0.222299,0.234091
691.29,0.0398712,0.0416294,0.044023,0.0432718,0.0452556,0.0468601,0.0503225,0.0558124,0.0608337,0.0700184,0.0809481,0.0902914,0.104116,0.120812,0.142856,0.163131,0.192472,0.217093,0.238033
691.702,0.0400085,0.0411847,0.0402034,0.0443545,0.0461791,0.0489,0.0500091,0.0533059,0.0613091,0.0690681,0.0786438,0.0896798,0.103433,0.120332,0.144574,0.165091,0.193701,0.222419,0.240649
692.115,0.0393417,0.0405254,0.0432128,0.0424698,0.0451744,0.0475219,0.0511804,0.0557862,0.0597527,0.0687131,0.0782352,0.0889062,0.102423,0.121093,0.143597,0.165676,0.195636,0.21941,0.235448
692.527,0.0377196,0.0412433,0.0405559,0.0439979,0.0472358,0.045481,0.0525412,0.0559945,0.0606572,0.06801,0.078394,0.093014,0.10617,0.121608,0.13927,0.164816,0.190132,0.227294,0.23694
692.94,0.0395809,0.0414013,0.0424459,0.0449455,0.0474825,0.0482207,0.0511006,0.0527795,0.0618594,0.0678234,0.0792432,0.0921432,0.104097,0.118425,0.142358,0.16322,0.191133,0.220147,0.236157
693.352,0.0388675,0.0412117,0.0417115,0.0439054,0.0466687,0.046428,0.0518922,0.053774,0.0639888,0.0676382,0.0756425,0.0878573,0.106078,0.119298,0.146714,0.167558,0.193749,0.220682,0.233221
693.764,0.0382936,0.0424511,0.0418276,0.0451034,0.0465638,0.0470669,0.0494608,0.0541269,0.0650249,0.0694711,0.0763415,0.0900696,0.107241,0.121052,0.142751,0.166931,0.194722,0.219795,0.234393
694.176,0.0421351,0.0399025,0.0439577,0.0451731,0.0471961,0.0473762,0.0531164,0.0568298,0.0651137,0.0695828,0.079873,0.0929513,0.108497,0.123754,0.146586,0.171845,0.193783,0.220626,0.240359
694.588,0.0382823,0.0418821,0.0430132,0.0442263,0.0450874,0.0487464,0.0513785,0.0550612,0.0591022,0.0690257,0.080673,0.088747,0.104286,0.120944,0.146455,0.168266,0.193304,0.21822,0.238324
694.999,0.0408698,0.0402261,0.0414181,0.0416979,0.0474396,0.0483942,0.0511038,0.0539049,0.0601676,0.0673475,0.0792021,0.0912795,0.105367,0.12273,0.142359,0.168093,0.191926,0.215464,0.236282
695.411,0.0368932,0.0417003,0.0416723,0.0437312,0.0482139,0.0478675,0.0538924,0.0580284,0.0621472,0.0709135,0.077559,0.0931078,0.10605,0.121046,0.144516,0.168435,0.199785,0.218891,0.236772
695.822,0.03955,0.0406103,0.0394827,0.0451101,0.0451765,0.0492715,0.0519212,0.0528734,0.0615255,0.0701075,0.0776478,0.091337,0.102904,0.122628,0.143045,0.166242,0.191913,0.22055,0.236756
696.234,0.0378687,0.0395279,0.039865,0.0431743,0.0432007,0.0483549,0.0495007,0.0557324,0.0590228,0.0696118,0.0788125,0.0904217,0.103426,0.122769,0.142132,0.162804,0.194461,0.219147,0.234366
696.645,0.0396286,0.0411607,0.0401959,0.0435778,0.045116,0.0484109,0.05033,0.0572233,0.0615056,0.0690459,0.0802869,0.0921476,0.105525,0.124779,0.144852,0.17169,0.190225,0.223797,0.237582
697.056,0.0373729,0.0379945,0.0406864,0.04284,0.0451885,0.0475567,0.0493667,0.0556513,0.0594658,0.0642328,0.0765653,0.0890243,0.104601,0.123799,0.139954,0.165786,0.19428,0.218166,0.234404
697.467,0.0407732,0.0415828,0.0411838,0.0449565,0.0448723,0.0499054,0.0523058,0.0540321,0.0595453,0.0678455,0.0808265,0.0879345,0.104948,0.12328,0.146335,0.165306,0.19386,0.212676,0.240907
697.878,0.0363905,0.0396772,0.0398097,0.041414,0.0460078,0.0475764,0.0524524,0.0547124,0.0581358,0.0671221,0.0788597,0.090548,0.103479,0.12365,0.142342,0.168459,0.193203,0.220333,0.238852
698.289,0.0384954,0.0418364,0.0440659,0.0454577,0.0475075,0.0488541,0.052218,0.0568044,0.0634053,0.0730621,0.0824723,0.0947651,0.108618,0.122576,0.145731,0.168569,0.198878,0.226284,0.240157
698.699,0.0407694,0.0404011,0.0439967,0.046544,0.0446112,0.0498008,0.0519626,0.0561656,0.059975,0.0711338,0.0807811,0.0918496,0.104756,0.123018,0.14635,0.169206,0.195066,0.221774,0.240651
699.11,0.0398061,0.041607,0.0433025,0.0457447,0.0510177,0.0507627,0.0538263,0.0545355,0.0637803,0.0677484,0.0800409,0.0930325,0.104533,0.124761,0.146968,0.167132,0.19488,0.221953,0.233736
699.52,0.0384624,0.0413797,0.0415483,0.0416178,0.0454806,0.0455123,0.0517041,0.0539302,0.0585949,0.0665673,0.0766599,0.0872261,0.102142,0.118005,0.141736,0.167113,0.189621,0.218328,0.235368
699.931,0.0379136,0.0401335,0.0384824,0.0417373,0.0437806,0.0454353,0.0488919,0.0545252,0.0589424,0.0685737,0.0775676,0.0876455,0.105364,0.124184,0.139425,0.166192,0.193943,0.220042,0.233172
700.341,0.0402539,0.0425801,0.0428053,0.0451077,0.0483275,0.0510603,0.0517887,0.0577087,0.0621285,0.0719888,0.0784723,0.0942058,0.102607,0.123678,0.144072,0.171201,0.19241,0.220572,0.239555
700.751,0.0392217,0.0428091,0.0413656,0.0445906,0.0470203,0.0469526,0.0545725,0.0567313,0.0629799,0.0679684,0.0773779,0.0912597,0.10577,0.121046,0.145517,0.167374,0.194571,0.220605,0.24152
701.161,0.0373019,0.036628,0.0410145,0.0422842,0.0421679,0.047298,0.0504919,0.051712,0.0583105,0.0639497,0.0765362,0.0903741,0.106438,0.11831,0.143752,0.166471,0.192381,0.216375,0.233317
701.57,0.0360471,0.0381493,0.0417103,0.0388662,0.0445814,0.0451334,0.0485213,0.0530363,0.0577115,0.0664211,0.0740152,0.0890786,0.103175,0.119453,0.13893,0.165597,0.192395,0.217259,0.231722
701.98,0.0393227,0.0409782,0.0414873,0.0427751,0.044981,0.0470554,0.0520284,0.0571641,0.0621711,0.0695676,0.0765818,0.0872191,0.104612,0.122285,0.146283,0.163799,0.198477,0.220719,0.235315
702.39,0.0376879,0.0418858,0.0428682,0.0419766,0.0449041,0.045453,0.0480486,0.055667,0.0592777,0.0689428,0.0783961,0.0921586,0.102065,0.118053,0.143624,0.16375,0.192468,0.22378,0.241337
702.799,0.0378066,0.0380679,0.0429892,0.0436701,0.0462423,0.0488121,0.0501088,0.0566313,0.0612322,0.0670496,0.0792184,0.0917605,0.106195,0.122824,0.143559,0.167479,0.191856,0.218869,0.237739
703.208,0.0408337,0.0421443,0.0419183,0.0439919,0.0464515,0.0519143,0.0529872,0.054499,0.0606179,0.0672084,0.0804495,0.0927579,0.104039,0.126603,0.142739,0.170991,0.191967,0.21828,0.236063
703.617,0.0361815,0.0406443,0.0402923,0.0403689,0.0460266,0.0479095,0.0490553,0.053558,0.0618317,0.0664061,0.0771459,0.0911763,0.104268,0.119075,0.144435,0.164251,0.193755,0.215697,0.235538
704.027,0.0372814,0.0419475,0.0419397,0.0419979,0.0454351,0.0481502,0.0514675,0.0545382,0.0587756,0.0666734,0.0763335,0.0888871,0.104869,0.119998,0.144007,0.164774,0.190763,0.220252,0.235459
704.435,0.0390445,0.0415379,0.0430656,0.0411324,0.0452271,0.0471875,0.0511836,0.0540001,0.0617351,0.0677722,0.078361,0.0895738,0.10541,0.121104,0.140268,0.163721,0.194189,0.218375,0.23678
704.844,0.0377303,0.0397231,0.0401008,0.0413338,0.0470458,0.0479962,0.0527028,0.0543697,0.0633969,0.0703991,0.0764686,0.0914073,0.10321,0.125573,0.141453,0.164334,0.191893,0.218555,0.237148
705.253,0.0394617,0.0421167,0.0423838,0.0475002,0.0435326,0.0486862,0.0548179,0.0558317,0.0622423,0.0691811,0.0795877,0.0946987,0.108009,0.126599,0.142978,0.16741,0.197072,0.219529,0.24166
705.662,0.0370129,0.0397614,0.04196,0.0439944,0.0458417,0.0466927,0.0513693,0.0556153,0.0615537,0.0678369,0.0737481,0.0909655,0.104022,0.12367,0.141944,0.166418,0.191242,0.219594,0.236635
706.07,0.0360682,0.0393735,0.0422442,0.0403336,0.0473257,0.0470062,0.0498219,0.0536615,0.0617079,0.0660999,0.0774366,0.087672,0.105607,0.121686,0.139819,0.162503,0.192009,0.219098,0.234651
706.478,0.0387697,0.0380376,0.038943,0.0426772,0.0449109,0.0468061,0.0516322,0.0540441,0.0610879,0.0702253,0.0781807,0.0911503,0.106008,0.120898,0.141648,0.165107,0.192818,0.219328,0.238174
706.887,0.0392525,0.0426737,0.0424758,0.0436343,0.0476139,0.0465451,0.0525141,0.0584833,0.063244,0.0670294,0.0784364,0.0918417,0.106232,0.127279,0.143066,0.169423,0.189551,0.219671,0.238063
707.295,0.0413883,0.0393719,0.0411026,0.0438793,0.046154,0.0488892,0.0523882,0.0548606,0.0603382,0.0700929,0.0772889,0.088414,0.10516,0.125217,0.141056,0.167263,0.193009,0.222867,0.239569
707.703,0.0386712,0.0397733,0.0441939,0.0435321,0.0478278,0.0476324,0.0527131,0.0559566,0.0636649,0.067622,0.0801109,0.0883965,0.104745,0.124919,0.142851,0.165045,0.192157,0.218387,0.23857
708.11,0.0379368,0.0411648,0.0400594,0.045968,0.0463509,0.0457257,0.0519133,0.0557034,0.0609862,0.0668381,0.0771712,0.0891917,0.101932,0.118933,0.143057,0.16438,0.189443,0.217803,0.236042
708.518,0.0388876,0.0402163,0.0430199,0.0447878,0.0467129,0.0493663,0.0533968,0.055698,0.0620473,0.0701655,0.0787822,0.0929896,0.107351,0.122699,0.145342,0.16684,0.194344,0.222981,0.235191
708.926,0.0404544,0.0420392,0.0409188,0.0422474,0.0484422,0.050345,0.0535067,0.0568981,0.0613575,0.0718977,0.0803058,0.0931887,0.107788,0.126202,0.146323,0.170097,0.19315,0.217804,0.238442
709.333,0.0399728,0.0414838,0.0444977,0.0434818,0.0484193,0.0510122,0.0540198,0.0573582,0.0642346,0.0712661,0.0812125,0.0940872,0.111153,0.126667,0.152074,0.171381,0.201099,0.22716,0.242931
709.741,0.0399416,0.0404296,0.0419427,0.0424038,0.0422899,0.044699,0.0491972,0.0537004,0.0593892,0.0660706,0.0800887,0.0899725,0.101766,0.118979,0.140354,0.168505,0.193908,0.217396,0.238033
710.148,0.0362709,0.0407914,0.0415994,0.0440248,0.0470551,0.0483636,0.0529494,0.0549613,0.0611895,0.0689601,0.078897,0.0901993,0.101112,0.124598,0.140076,0.166096,0.193652,0.217648,0.239703
710.555,0.0397471,0.0400461,0.0428857,0.0429249,0.0484382,0.0505983,0.0514108,0.054965,0.0663713,0.0684811,0.0766018,0.0914114,0.105723,0.125675,0.143999,0.17134,0.197354,0.221482,0.242938
710.962,0.0388798,0.0411829,0.0421028,0.0431,0.0477019,0.0466842,0.052632,0.0549178,0.0614421,0.0711034,0.0792179,0.0923513,0.105023,0.119931,0.142975,0.16964,0.192995,0.219948,0.240506
711.369,0.0396559,0.0420263,0.0436885,0.0430742,0.0493293,0.0474478,0.0504783,0.056072,0.0587695,0.0709209,0.0783704,0.0900383,0.106233,0.12443,0.146099,0.171592,0.191798,0.218901,0.239115
711.776,0.0369786,0.0407467,0.0418181,0.0426846,0.0459083,0.0494684,0.0501788,0.053385,0.0609192,0.0660643,0.077001,0.0923964,0.107849,0.123531,0.14429,0.166365,0.192347,0.224629,0.244107
712.182,0.0356005,0.0373281,0.0383268,0.0393782,0.042519,0.0440488,0.0509858,0.0531849,0.0582764,0.0655794,0.0740517,0.0856546,0.100975,0.11877,0.140482,0.164971,0.190368,0.213708,0.233374
712.589,0.0375888,0.0396085,0.043702,0.0438006,0.0457351,0.0495849,0.0507758,0.0559768,0.0628874,0.0700882,0.0761372,0.0883213,0.104197,0.119461,0.140271,0.169496,0.190173,0.219965,0.238133
712.995,0.0393756,0.0400395,0.0412686,0.0444773,0.0441049,0.047602,0.0545428,0.0575356,0.0587491,0.0669484,0.0768902,0.0920414,0.104296,0.122334,0.146688,0.171085,0.197377,0.221211,0.239755
713.401,0.0384866,0.0384107,0.0410787,0.0433938,0.044914,0.0465361,0.0502931,0.0576462,0.0586081,0.0677889,0.0771641,0.0883804,0.102929,0.121698,0.143495,0.168074,0.197052,0.226129,0.235555
713.808,0.0401404,0.0411644,0.0431353,0.0442618,0.0474256,0.0504523,0.0516457,0.0542901,0.0616025,0.0674808,0.0816101,0.0915122,0.107592,0.12664,0.1482,0.171655,0.192994,0.222505,0.23683
714.214,0.0359464,0.0386925,0.0427841,0.0400224,0.0441546,0.0478302,0.0494068,0.0537984,0.0592708,0.0680441,0.0794172,0.0883662,0.103989,0.118848,0.142933,0.164181,0.194929,0.22224,0.235359
714.619,0.0385161,0.0421982,0.045356,0.0428228,0.0490995,0.0492428,0.0526063,0.0542916,0.0597123,0.0686769,0.0819764,0.0909587,0.107628,0.126075,0.145349,0.16961,0.196687,0.222594,0.241311
715.025,0.0344729,0.0394104,0.0427036,0.0413795,0.0466052,0.0450604,0.0501799,0.0532683,0.059125,0.065246,0.077866,0.0897866,0.102983,0.123713,0.139386,0.161192,0.190699,0.223137,0.235474
715.431,0.0380074,0.0418449,0.041139,0.0431753,0.0471937,0.0485158,0.0510855,0.0558547,0.0620231,0.0698104,0.0783993,0.0936508,0.106112,0.121645,0.144788,0.168732,0.196216,0.224139,0.240893
715.836,0.0390528,0.0415666,0.0414456,0.0417813,0.047203,0.0502655,0.0508516,0.055875,0.0620821,0.0684353,0.0798226,0.092608,0.105477,0.12473,0.14423,0.168032,0.19198,0.221918,0.236385
716.242,0.0365106,0.0386292,0.0398197,0.0440548,0.0445,0.0453366,0.0485158,0.0500186,0.0618265,0.0675373,0.076182,0.0894594,0.103014,0.118959,0.141325,0.164036,0.191437,0.219886,0.236317
716.647,0.0367474,0.039177,0.0418328,0.040529,0.0442257,0.0486622,0.05183,0.0545123,0.061691,0.0688053,0.0797394,0.0918256,0.101242,0.122185,0.142746,0.168369,0.191028,0.224027,0.239216
717.052,0.0387314,0.0388376,0.0422251,0.0451172,0.0452281,0.0471599,0.0528082,0.0565338,0.0627229,0.069118,0.0774653,0.0879798,0.106193,0.12247,0.143547,0.171058,0.195416,0.221792,0.236354
717.457,0.0375901,0.0397731,0.0411293,0.043594,0.0443668,0.0485526,0.0504125,0.0589762,0.0624566,0.0687767,0.0774514,0.0899093,0.103705,0.120289,0.13987,0.165132,0.197286,0.218656,0.240109
717.862,0.0399225,0.0393865,0.0434313,0.045856,0.0444722,0.049529,0.0495388,0.0578852,0.0606568,0.0670197,0.0775283,0.0892824,0.106503,0.122398,0.142921,0.168054,0.198295,0.225111,0.242768
718.267,0.0379504,0.0412461,0.0442717,0.0441473,0.0473078,0.0498683,0.0527931,0.0582759,0.063643,0.0680811,0.0809572,0.0907624,0.104875,0.122356,0.143649,0.164235,0.192531,0.22151,0.237833
718.672,0.0377174,0.0389025,0.0408222,0.0430311,0.0464358,0.0487986,0.0498998,0.0539381,0.0604873,0.0672623,0.0780227,0.0915541,0.105617,0.126284,0.147519,0.167513,0.195659,0.221543,0.240029
719.076,0.0390677,0.0419403,0.042393,0.0459913,0.0471104,0.0497117,0.051105,0.0589626,0.0626248,0.0693877,0.078238,0.0902288,0.104615,0.120137,0.14362,0.169537,0.192424,0.220223,0.238659
719.481,0.0382565,0.040231,0.0397833,0.04402,0.047915,0.0516267,0.0512308,0.0555505,0.063122,0.0667048,0.0793064,0.0904076,0.106445,0.12143,0.14449,0.166892,0.193777,0.22499,0.232929
719.885,0.0372545,0.0424896,0.0416039,0.0465558,0.0439182,0.0477202,0.0505243,0.0520669,0.0605214,0.0668518,0.079124,0.0875927,0.1042,0.122748,0.140926,0.167184,0.194484,0.219764,0.240524
720.289,0.0387147,0.0392288,0.0440157,0.0411169,0.0486197,0.0471306,0.051905,0.0562794,0.0580499,0.0686359,0.0792918,0.0891076,0.1049,0.126338,0.144132,0.166673,0.193419,0.222703,0.241366
720.694,0.039459,0.0437738,0.0441755,0.0444832,0.0483553,0.0499007,0.0532256,0.055256,0.061328,0.0682576,0.0766928,0.0926662,0.104524,0.121118,0.143403,0.16726,0.194407,0.217626,0.232689
721.097,0.0355572,0.0385747,0.0365044,0.0390795,0.0406522,0.0436802,0.0474339,0.0514015,0.0585271,0.0608378,0.0748165,0.0846604,0.102966,0.118987,0.137492,0.164485,0.191043,0.215314,0.239663
721.501,0.0400194,0.0380894,0.0410408,0.0406676,0.0459422,0.0472924,0.050795,0.0543705,0.0617962,0.06712,0.0767988,0.089033,0.101582,0.121067,0.139426,0.165146,0.19053,0.216675,0.238274
721.905,0.0411784,0.0449434,0.0459561,0.0476277,0.051952,0.0509227,0.0536331,0.0607319,0.0636067,0.0731483,0.0816794,0.0948786,0.108005,0.128469,0.14912,0.17243,0.196077,0.226733,0.242583
722.309,0.0394977,0.0389398,0.0412143,0.0409795,0.0449257,0.047608,0.0511222,0.0569939,0.0589221,0.0669626,0.0793772,0.0907228,0.103452,0.120934,0.143181,0.164426,0.197212,0.222062,0.241268
722.712,0.039152,0.0412743,0.0412473,0.0435815,0.0453825,0.0483712,0.0513388,0.0539629,0.059461,0.0682911,0.0787195,0.0897251,0.105596,0.122896,0.140951,0.169889,0.192491,0.21864,0.234334
723.115,0.0397639,0.0417516,0.0404435,0.0445744,0.0459959,0.0497933,0.0525511,0.05498,0.0618536,0.0675752,0.0760402,0.0915394,0.103824,0.125904,0.146698,0.168281,0.190289,0.218106,0.236627
723.519,0.0373306,0.0421864,0.0408184,0.0422314,0.0454136,0.0462298,0.0535701,0.0604309,0.0610363,0.0714282,0.0785986,0.0891544,0.106507,0.123094,0.147081,0.171172,0.192826,0.222894,0.240268
723.922,0.0390306,0.0393049,0.0404618,0.0448164,0.0445144,0.0468357,0.0517094,0.0516967,0.0580935,0.0703879,0.0779898,0.0917666,0.102006,0.12381,0.145795,0.170593,0.196138,0.221109,0.235896
724.325,0.0400685,0.0405315,0.0404472,0.0433998,0.0459755,0.0474959,0.0519884,0.0546078,0.0597185,0.0692418,0.0798073,0.0886999,0.109497,0.123995,0.145555,0.171723,0.199095,0.218843,0.239292
724.728,0.0370688,0.0367182,0.0435194,0.0414696,0.0473904,0.0468612,0.0507461,0.0526635,0.0601756,0.0695992,0.0759451,0.0878013,0.106855,0.119865,0.14733,0.166781,0.19273,0.222411,0.23992
725.13,0.035646,0.0391023,0.0412525,0.0420062,0.0430836,0.049239,0.0480685,0.054218,0.0590186,0.0665781,0.076238,0.0865446,0.0997538,0.118789,0.141263,0.164019,0.194035,0.218339,0.235162
725.533,0.0392489,0.0423816,0.0434869,0.0456505,0.0446213,0.0477037,0.0519029,0.0561612,0.0601507,0.0711648,0.0795176,0.0896216,0.103627,0.12329,0.143908,0.170653,0.200129,0.221059,0.242375
725.936,0.0386272,0.0369434,0.0398285,0.0430956,0.0463398,0.046942,0.0486277,0.0522704,0.0614937,0.0666761,0.0750336,0.088371,0.101863,0.121432,0.140588,0.164357,0.194473,0.216287,0.23174
726.338,0.0394986,0.0424241,0.0430761,0.043574,0.0456033,0.0479291,0.0507755,0.0578247,0.0593845,0.0681691,0.0772124,0.0896254,0.105231,0.124481,0.146445,0.173101,0.194911,0.224033,0.234334
726.74,0.0364908,0.0374482,0.0389027,0.0441952,0.0437169,0.0483621,0.0485915,0.0529968,0.0584573,0.0671222,0.0775006,0.0875399,0.102172,0.118946,0.141392,0.161031,0.19387,0.213138,0.231918
727.142,0.0387748,0.0401834,0.04263,0.0460679,0.0447973,0.0503067,0.0525939,0.0550314,0.0611368,0.0678572,0.0762834,0.0894558,0.105602,0.123707,0.141691,0.170098,0.196401,0.218041,0.236774
727.544,0.0386462,0.0387141,0.0446152,0.0450627,0.0466349,0.0483287,0.0502846,0.0565194,0.0610018,0.0693391,0.0801516,0.0920825,0.102808,0.123416,0.141796,0.167002,0.195705,0.21913,0.23614
727.946,0.0370688,0.03921,0.042362,0.0455245,0.0453821,0.045458,0.0487661,0.0555685,0.0611262,0.0680768,0.0791968,0.0905178,0.105584,0.121951,0.146661,0.168067,0.193657,0.222125,0.236406
728.348,0.0367791,0.0413651,0.0431271,0.0429579,0.0447977,0.0481202,0.0507216,0.0558597,0.0592662,0.0695388,0.0784369,0.0913289,0.103039,0.120991,0.142816,0.166249,0.193757,0.22224,0.238961
728.75,0.0382228,0.0403439,0.0407318,0.0426213,0.0435207,0.0476934,0.054229,0.0535675,0.0618139,0.0690512,0.0773973,0.091609,0.104886,0.123454,0.14493,0.168919,0.193723,0.219509,0.239267
729.151,0.0413516,0.0404029,0.0420739,0.045833,0.0472577,0.0495094,0.0547899,0.0563841,0.063131,0.0719606,0.0780613,0.0931403,0.10679,0.127794,0.147989,0.168964,0.198181,0.230947,0.244947
729.553,0.0375998,0.0399578,0.0406281,0.0431949,0.0464277,0.0460929,0.0530687,0.0536099,0.0593614,0.0668235,0.080822,0.0919472,0.103404,0.122184,0.140616,0.166646,0.197803,0.222148,0.239816
729.954,0.0384055,0.0393036,0.0432679,0.0444862,0.0456462,0.0486095,0.0497388,0.0593135,0.0625272,0.0693779,0.0772069,0.0888141,0.104176,0.12065,0.144314,0.166969,0.195903,0.219412,0.243645
730.355,0.0395506,0.0421774,0.0424618,0.0432849,0.04523,0.0474856,0.0513595,0.055023,0.0616315,0.0682315,0.0766398,0.0930353,0.103783,0.121065,0.143219,0.168924,0.18999,0.223186,0.238017
730.756,0.0392667,0.0413641,0.0411918,0.0466259,0.0449299,0.0507188,0.0514296,0.0562074,0.0623955,0.0710928,0.0780975,0.0915303,0.10654,0.123857,0.144795,0.166173,0.199141,0.223325,0.236163
731.157,0.0416212,0.0430347,0.042376,0.0470321,0.0471392,0.0484404,0.0560949,0.0588681,0.0636954,0.071108,0.081214,0.0929334,0.10871,0.121197,0.151079,0.172351,0.195558,0.221109,0.238595
731.558,0.0361419,0.0380854,0.0424377,0.0434057,0.0423164,0.047873,0.0524562,0.0536869,0.0584823,0.0698262,0.0759263,0.0918161,0.106045,0.128175,0.143925,0.166031,0.193222,0.221386,0.241209
731.959,0.0407868,0.0420154,0.0405171,0.0421505,0.0445258,0.051324,0.0497013,0.0566012,0.0598479,0.0693674,0.0779667,0.0932291,0.107373,0.122427,0.145268,0.16489,0.200527,0.220058,0.241063
732.359,0.0388023,0.0402888,0.0440073,0.041747,0.0433069,0.0488695,0.0507845,0.0551583,0.059171,0.0676269,0.0808381,0.0903528,0.10267,0.122737,0.150166,0.166273,0.197835,0.220928,0.236787
732.76,0.0350279,0.0365161,0.0381039,0.0418519,0.0441639,0.0454454,0.0525486,0.0529041,0.0580102,0.0667841,0.0792069,0.0885668,0.106038,0.122614,0.147793,0.165767,0.197648,0.21724,0.23679
733.16,0.0349289,0.0392208,0.0406686,0.0396637,0.0424676,0.0485838,0.0526758,0.0520269,0.0595289,0.0682827,0.0770219,0.0924239,0.105312,0.121334,0.141386,0.166436,0.195393,0.21753,0.23759
733.56,0.0398182,0.0387144,0.0403715,0.0418316,0.044613,0.0482841,0.0496587,0.0557579,0.0586616,0.0698469,0.0765712,0.0869789,0.104733,0.119374,0.142553,0.164554,0.192006,0.217434,0.238249
733.96,0.0401809,0.0400791,0.0399294,0.0450317,0.0472125,0.0513605,0.0527095,0.0554479,0.0609596,0.0704422,0.075757,0.0897672,0.10821,0.124414,0.142781,0.166427,0.194171,0.226321,0.243209
734.36,0.0400866,0.0397184,0.0400523,0.0452359,0.0452034,0.0479343,0.0506435,0.0559551,0.0579848,0.0658602,0.0787683,0.0910636,0.105515,0.120724,0.14187,0.164888,0.198276,0.217359,0.238481
734.76,0.0402414,0.0394555,0.0429211,0.0462404,0.0459132,0.0493227,0.051646,0.0558345,0.06185,0.0693079,0.0793559,0.090962,0.10585,0.12069,0.142808,0.166223,0.196194,0.224064,0.235972
735.16,0.0317446,0.04065,0.0390421,0.0424559,0.0426875,0.0472612,0.0498912,0.0531532,0.0595674,0.0689726,0.0757773,0.0854134,0.100562,0.126185,0.141218,0.163617,0.191393,0.220426,0.237582
735.559,0.0370181,0.0413067,0.0391077,0.0427064,0.0436931,0.0478993,0.0493237,0.0551523,0.0590616,0.070188,0.0778843,0.0918744,0.101666,0.124109,0.143118,0.172764,0.194061,0.220673,0.241775
735.959,0.0394401,0.0392735,0.0423978,0.0457418,0.0470809,0.0468898,0.0521593,0.0556451,0.0618518,0.0683975,0.0777135,0.0908982,0.104807,0.125196,0.145128,0.173092,0.196943,0.222101,0.243697
736.358,0.0373008,0.041496,0.0409871,0.0417499,0.0443592,0.0458287,0.0501859,0.0552334,0.0603308,0.0686168,0.0791117,0.0896866,0.107297,0.121156,0.146586,0.168233,0.196123,0.222288,0.239708
736.757,0.0392783,0.0440093,0.0428021,0.0450414,0.0480698,0.0505479,0.0513109,0.0562378,0.0618785,0.0717361,0.0813797,0.0926029,0.103723,0.125938,0.14598,0.167328,0.20002,0.225773,0.239527
737.157,0.0416115,0.0413752,0.0433462,0.0466464,0.0470908,0.0490431,0.0533923,0.0582342,0.0637626,0.0730141,0.0790008,0.0917075,0.106929,0.124173,0.148363,0.168844,0.192838,0.223237,0.241317
737.555,0.0445461,0.04221,0.0444961,0.0458761,0.0486491,0.0484129,0.0516653,0.0596692,0.0611592,0.0676807,0.0823058,0.0907497,0.109945,0.123829,0.146537,0.17369,0.199223,0.223614,0.240655
737.954,0.0397589,0.0412908,0.0405856,0.0439273,0.0458417,0.0488313,0.0490716,0.0532332,0.0610857,0.0676071,0.0834713,0.0936188,0.102924,0.121232,0.143911,0.164335,0.191531,0.220867,0.235375
738.353,0.0396555,0.0403365,0.0409895,0.0433389,0.0465905,0.0463694,0.0546216,0.0547386,0.0610163,0.0701558,0.0800019,0.0940919,0.104526,0.125256,0.144821,0.169766,0.196901,0.221741,0.238642
738.752,0.0400688,0.0420581,0.0406005,0.0433803,0.0439391,0.048704,0.0507247,0.0517889,0.0603596,0.0692069,0.0812011,0.0911493,0.105147,0.117175,0.140028,0.166911,0.192306,0.219434,0.241664
739.15,0.0401637,0.0396436,0.0399105,0.044807,0.0442763,0.0492355,0.0489152,0.0553464,0.0623991,0.064567,0.0800476,0.0890551,0.105763,0.124641,0.144951,0.166779,0.19729,0.21985,0.239109
739.549,0.0345446,0.0367662,0.0396521,0.0400576,0.0444689,0.0445268,0.048169,0.055596,0.0579987,0.0660818,0.0785506,0.0857881,0.105538,0.123188,0.142237,0.165746,0.192068,0.219294,0.239492
739.947,0.0410367,0.0420205,0.0406689,0.0452351,0.0484292,0.0492191,0.0548139,0.0556445,0.0581517,0.0676294,0.080011,0.0936104,0.107131,0.122311,0.146864,0.170498,0.199275,0.219453,0.239109
740.345,0.0388649,0.0368565,0.0401461,0.0430588,0.0437804,0.0487956,0.050612,0.0569018,0.061307,0.0676031,0.0777413,0.0917412,0.104029,0.124898,0.143168,0.166806,0.196051,0.222942,0.239427
740.743,0.0419555,0.0427969,0.0452111,0.044238,0.0481796,0.0499701,0.0563655,0.0567518,0.0619164,0.0706473,0.0822386,0.095659,0.106762,0.126714,0.147548,0.168015,0.199881,0.225949,0.246024
741.141,0.0378094,0.0407657,0.0398027,0.0389322,0.0425455,0.0489408,0.0468343,0.0525928,0.0571491,0.0673456,0.0738536,0.0851114,0.102287,0.117876,0.141302,0.163679,0.187534,0.213664,0.235529
741.539,0.0390498,0.0438818,0.0449736,0.0460363,0.0491662,0.0504762,0.0505566,0.0587852,0.0615686,0.0728038,0.0828537,0.0945264,0.10862,0.125382,0.149668,0.173824,0.202292,0.228301,0.247491
741.936,0.0416443,0.0412546,0.0455223,0.0457913,0.0481789,0.0504626,0.0551983,0.057596,0.0622468,0.0738826,0.0820947,0.091107,0.106055,0.122585,0.14666,0.169172,0.200166,0.226894,0.243209
742.334,0.0416242,0.0402245,0.0437966,0.0423766,0.0458789,0.0496351,0.0536545,0.0588429,0.0638235,0.06962,0.0797889,0.0912199,0.105035,0.128213,0.15051,0.170772,0.202891,0.226037,0.246191
742.731,0.0374528,0.044413,0.0422495,0.0433676,0.0464658,0.0484468,0.052641,0.0576696,0.0606715,0.0701618,0.0780699,0.0904787,0.106219,0.122713,0.144486,0.167912,0.198499,0.22154,0.241334
743.128,0.0362492,0.0429379,0.0382198,0.0430072,0.0457581,0.0458648,0.0487242,0.0523941,0.0598878,0.0681453,0.079565,0.0894481,0.104276,0.121899,0.144218,0.169959,0.198435,0.225754,0.234373
743.526,0.0370409,0.0396165,0.0392956,0.0449468,0.0449589,0.0491995,0.0496746,0.0526447,0.0586275,0.0714469,0.0744972,0.0927484,0.106955,0.125125,0.141968,0.167798,0.19935,0.223864,0.241148
743.923,0.0399565,0.0374545,0.0422318,0.0427215,0.0444257,0.0474624,0.0492495,0.0555911,0.0657311,0.067688,0.0786215,0.0907504,0.10691,0.120095,0.146455,0.168427,0.198897,0.231116,0.243438
744.32,0.04082,0.0400964,0.04088,0.0442635,0.0482578,0.0492821,0.0519809,0.0557886,0.0636038,0.0668231,0.0801116,0.0897629,0.106018,0.122799,0.143786,0.166605,0.191663,0.22224,0.235186
744.716,0.0385373,0.0409333,0.0395549,0.0456007,0.0444481,0.0498595,0.0536046,0.0577033,0.0598963,0.0652638,0.0797503,0.0908818,0.106404,0.12241,0.147066,0.169719,0.195978,0.221909,0.238372
745.113,0.0344353,0.0360548,0.0434232,0.0400958,0.0459097,0.0474448,0.0483046,0.0549396,0.0601815,0.0633886,0.075348,0.0892075,0.103163,0.120974,0.143207,0.166743,0.196589,0.223841,0.236519
745.51,0.0384827,0.0391648,0.0445077,0.0432164,0.0462437,0.0461759,0.0512026,0.0556392,0.0634701,0.0717235,0.075774,0.0935378,0.105015,0.118503,0.143166,0.168593,0.199525,0.224644,0.241475
745.906,0.0397026,0.041,0.0432412,0.0451119,0.0465307,0.0485309,0.0509671,0.0551945,0.0590714,0.0669799,0.0771513,0.0904177,0.105781,0.126731,0.144258,0.173525,0.194972,0.223589,0.243887
746.302,0.0388936,0.0453638,0.0407491,0.0442765,0.0444468,0.0488703,0.0527154,0.0601265,0.0636121,0.0683936,0.0773977,0.0883857,0.108065,0.127243,0.143586,0.173164,0.198472,0.221195,0.234821
746.698,0.0402044,0.0411624,0.0431986,0.0449385,0.0468068,0.048501,0.0526533,0.0559777,0.058883,0.0698961,0.0792773,0.0956696,0.108236,0.12887,0.150194,0.175782,0.199615,0.234665,0.246196
747.095,0.0398321,0.0396351,0.0414981,0.0444885,0.0434438,0.0516263,0.053613,0.0551689,0.0618385,0.0701446,0.0827127,0.0924747,0.104174,0.125747,0.148582,0.167248,0.190315,0.222743,0.24044
747.49,0.0426911,0.0425406,0.0456424,0.0485902,0.0471158,0.0529639,0.0572733,0.0547324,0.066267,0.0699414,0.084681,0.0931146,0.111724,0.128903,0.148169,0.168313,0.197763,0.227736,0.252869
747.886,0.0396761,0.041052,0.042259,0.0441642,0.0471408,0.0508957,0.0525882,0.0554912,0.0617769,0.07309,0.0779955,0.0903786,0.106148,0.128493,0.150244,0.172159,0.203099,0.230016,0.246044
748.282,0.0400646,0.0418274,0.0423316,0.0447973,0.0475836,0.0484052,0.0515678,0.0579234,0.0622709,0.0685707,0.0804739,0.0904328,0.108502,0.122674,0.144635,0.171363,0.197073,0.217166,0.238402
748.678,0.037877,0.0389312,0.0413103,0.0420626,0.0475702,0.0484635,0.0493738,0.0572745,0.0623547,0.0706165,0.0801023,0.092013,0.102307,0.12375,0.142097,0.16427,0.195403,0.219421,0.242922
749.073,0.0402524,0.0422257,0.0441289,0.0449512,0.0495641,0.0497413,0.0524613,0.0611633,0.0632752,0.068387,0.0787822,0.0930316,0.109681,0.128862,0.142505,0.170746,0.196447,0.229,0.241026
749.468,0.0367905,0.0402461,0.0429112,0.0462232,0.0471037,0.0461276,0.052237,0.0539887,0.0562218,0.0681968,0.0755072,0.0901747,0.104804,0.122883,0.142436,0.164572,0.195634,0.216854,0.237547
749.863,0.0407299,0.0387096,0.0423431,0.0462213,0.0489533,0.0514877,0.0528592,0.057696,0.0639353,0.0675345,0.08173,0.0941699,0.107008,0.127664,0.147015,0.171446,0.202158,0.22197,0.240732
750.259,0.041049,0.0418021,0.0413985,0.0469161,0.0509314,0.0551934,0.0548721,0.0559744,0.0647207,0.071321,0.081664,0.0956373,0.108288,0.129147,0.150371,0.172788,0.19792,0.229499,0.24905
750.654,0.0379082,0.0401789,0.0397326,0.0445011,0.0448358,0.0536948,0.0506817,0.0558445,0.0643755,0.073335,0.0788053,0.0887866,0.104807,0.126332,0.146456,0.16934,0.197349,0.226083,0.245531
751.048,0.0354766,0.0408391,0.0407837,0.044061,0.0480099,0.0443056,0.0544303,0.0532268,0.0600125,0.0672464,0.0752677,0.0880725,0.10739,0.122087,0.145191,0.169655,0.1936,0.22334,0.24892
751.443,0.0407462,0.0429918,0.0453435,0.0455912,0.0449765,0.0507718,0.0524137,0.0545186,0.065144,0.0695488,0.0787757,0.0955076,0.10407,0.123798,0.144455,0.170072,0.19593,0.225319,0.241542
751.838,0.0407169,0.0415071,0.0434094,0.0454888,0.0504288,0.0482742,0.0527966,0.0585274,0.0620144,0.0660935,0.0826634,0.0915746,0.109214,0.125451,0.14457,0.169511,0.200027,0.220909,0.241903
752.232,0.0411657,0.0386155,0.0427548,0.0429106,0.0455726,0.0474117,0.048353,0.0541812,0.0611272,0.0703264,0.0791838,0.0909295,0.100337,0.122744,0.14212,0.16913,0.197352,0.225517,0.237294
752.626,0.040451,0.0432076,0.0417243,0.0458576,0.0491997,0.0477883,0.0507264,0.0596552,0.0608143,0.0677963,0.0796425,0.0903885,0.106055,0.125314,0.148728,0.172354,0.197804,0.227149,0.241061
753.021,0.0417497,0.0382535,0.0448341,0.0439234,0.0475838,0.0502493,0.051204,0.0559868,0.0618726,0.069706,0.0775973,0.0912377,0.108144,0.128368,0.143108,0.171713,0.198814,0.221702,0.235487
753.415,0.0412717,0.0413406,0.0400738,0.0424759,0.048802,0.0503787,0.0547107,0.0573591,0.0605281,0.0702206,0.0830235,0.0961842,0.105633,0.123153,0.144891,0.175541,0.198922,0.234507,0.245823
753.809,0.0424034,0.0444477,0.0440136,0.0512885,0.0494176,0.0466837,0.0510171,0.05652,0.0643003,0.0733831,0.080497,0.0926917,0.109925,0.128023,0.146896,0.169734,0.19614,0.225706,0.241873
754.203,0.0403829,0.0440768,0.0422266,0.0424098,0.0480711,0.0503772,0.0540264,0.0577001,0.0650937,0.0686191,0.0820144,0.0936432,0.109268,0.124142,0.144089,0.172598,0.199725,0.225845,0.248986
754.596,0.0363851,0.0407391,0.0427249,0.0425359,0.0457178,0.0475482,0.0496989,0.0553597,0.061828,0.0692936,0.0762116,0.0892538,0.107753,0.12468,0.142445,0.170224,0.192339,0.223252,0.233575
754.99,0.0375936,0.0416895,0.0447085,0.0429463,0.0449025,0.0510383,0.0514551,0.0551563,0.0640041,0.0684732,0.0811792,0.0943441,0.108854,0.126078,0.147339,0.171963,0.195326,0.223249,0.246557
755.383,0.0397896,0.0427701,0.0413924,0.0444394,0.0449185,0.0457214,0.053188,0.0590599,0.0643556,0.0689283,0.0787599,0.0940313,0.108418,0.127266,0.149921,0.171753,0.197987,0.225184,0.246498
755.777,0.0428553,0.0376641,0.0420686,0.0429158,0.0426174,0.0500185,0.051238,0.0531938,0.0613277,0.0680408,0.0779973,0.0962159,0.107711,0.121431,0.148057,0.166032,0.194075,0.222369,0.23945
756.17,0.0402276,0.0421632,0.0420198,0.045986,0.0444485,0.0482074,0.0543987,0.0550427,0.0637005,0.0706887,0.0778235,0.0968553,0.111679,0.128258,0.147544,0.171897,0.196522,0.22957,0.24217
756.563,0.0385188,0.0442307,0.0445251,0.0468088,0.0482582,0.0542092,0.0547007,0.0583006,0.062354,0.0727688,0.0774443,0.0942718,0.108253,0.128384,0.152325,0.170782,0.198292,0.2263,0.244235
756.956,0.0398858,0.0393443,0.0410744,0.0412709,0.0469883,0.0498127,0.0553963,0.0558983,0.0626515,0.0711379,0.0799166,0.0919334,0.10478,0.129529,0.145258,0.172892,0.200044,0.226919,0.240169
757.349,0.0398242,0.0442035,0.0432519,0.0451374,0.0463645,0.0484852,0.0525984,0.057072,0.0638815,0.0697706,0.0800774,0.0894695,0.10315,0.126697,0.146356,0.166481,0.199161,0.226101,0.240006
757.742,0.0424445,0.0432401,0.0429114,0.045059,0.0454755,0.0469048,0.0533426,0.0632314,0.0625276,0.0702571,0.0805848,0.0920695,0.108159,0.125846,0.151436,0.169256,0.201218,0.223129,0.242006
758.135,0.0430961,0.0408461,0.0420903,0.0432293,0.0475448,0.0466086,0.0513902,0.0540368,0.0637904,0.0673814,0.0789277,0.0936253,0.106577,0.125996,0.146118,0.1654,0.198108,0.22411,0.244925
758.527,0.0380261,0.0416673,0.040897,0.0436468,0.046233,0.0498153,0.0514291,0.050183,0.0602476,0.0658928,0.0809446,0.0932976,0.105928,0.123377,0.139105,0.169615,0.194163,0.218577,0.244802
758.919,0.0376348,0.0405638,0.0409479,0.042976,0.0473104,0.0465652,0.0505701,0.0572629,0.0579805,0.0660218,0.079204,0.088238,0.103343,0.124653,0.142539,0.168621,0.196089,0.224888,0.24401
759.312,0.0405502,0.0416403,0.0423961,0.0511662,0.0503859,0.0515781,0.0539684,0.059335,0.06904,0.0707851,0.0831298,0.0959601,0.110284,0.12894,0.149521,0.177025,0.204978,0.229792,0.250913
759.704,0.0415048,0.043085,0.0471674,0.0460219,0.0462107,0.0511383,0.0553179,0.0603275,0.061374,0.071072,0.0851768,0.0939504,0.1104,0.126958,0.148851,0.172338,0.205796,0.227057,0.252416
760.096,0.0415768,0.0429777,0.0424181,0.0473248,0.04466,0.0518892,0.0546356,0.057257,0.0648899,0.0690174,0.0842554,0.0949388,0.111629,0.130535,0.147699,0.172262,0.20636,0.233053,0.244473
760.488,0.041553,0.0432927,0.0451856,0.0462636,0.0426185,0.0551033,0.053259,0.0549933,0.0616866,0.0697228,0.0799872,0.0953366,0.106261,0.128021,0.152353,0.174832,0.198974,0.226163,0.242207
760.88,0.0405484,0.0399383,0.0395974,0.0468255,0.0453952,0.0480226,0.051046,0.0584314,0.0626721,0.0689888,0.081606,0.0885695,0.110219,0.123716,0.14533,0.172105,0.19723,0.227479,0.245619
761.271,0.0398673,0.0406324,0.0389264,0.0376453,0.038928,0.0434575,0.0469156,0.0515056,0.0583098,0.0655483,0.0793092,0.0892872,0.109153,0.12131,0.142208,0.165836,0.193016,0.225305,0.244806
761.663,0.0374631,0.0409705,0.0407639,0.0436537,0.0447357,0.0511497,0.0527232,0.0555682,0.0613577,0.0690122,0.0769179,0.0934128,0.104682,0.122567,0.153109,0.177324,0.199878,0.226667,0.243948
762.054,0.0364544,0.0405822,0.0414246,0.0422117,0.041707,0.0454934,0.0511189,0.0561648,0.0567859,0.0690194,0.0769324,0.0906856,0.102505,0.122599,0.140974,0.169642,0.194905,0.219419,0.241682
762.445,0.0422072,0.0436766,0.0432449,0.0437417,0.0517871,0.0476355,0.0522706,0.0601452,0.0672635,0.0738609,0.0835301,0.093024,0.110177,0.126287,0.153723,0.175105,0.201122,0.224019,0.242827
762.837,0.0397154,0.0443779,0.0471301,0.0456796,0.0499321,0.0481149,0.0516382,0.0568392,0.0612914,0.06884,0.0809774,0.0932099,0.108011,0.12812,0.154218,0.173358,0.198722,0.225698,0.251343
763.228,0.041457,0.0421619,0.0411511,0.044953,0.0479212,0.0488268,0.0533002,0.0570293,0.0628524,0.0687564,0.0842893,0.0893892,0.104747,0.127502,0.148046,0.167629,0.200196,0.225294,0.247844
763.619,0.0387358,0.0387781,0.042232,0.0454355,0.0489185,0.0479465,0.0528872,0.0567847,0.0600532,0.0685106,0.0793735,0.0955654,0.105406,0.124559,0.143736,0.169032,0.198782,0.21852,0.24101
764.009,0.0405991,0.0402852,0.040721,0.0482801,0.0457925,0.0507547,0.052366,0.0557429,0.0653145,0.072395,0.081563,0.0969374,0.110848,0.12679,0.149192,0.171278,0.200477,0.22525,0.24441
764.4,0.0426718,0.0437666,0.0437023,0.0496203,0.0496606,0.0509368,0.0555008,0.0547605,0.0644819,0.0761794,0.0824632,0.0961588,0.111178,0.129931,0.147366,0.171857,0.19711,0.223987,0.24426
764.791,0.0416207,0.0451333,0.0468766,0.0436028,0.0467154,0.0522407,0.0537002,0.0594701,0.0639534,0.0742009,0.0840417,0.0957464,0.111476,0.126968,0.150733,0.17737,0.201722,0.231464,0.241131
765.181,0.0420253,0.0396411,0.0448269,0.0412119,0.0467166,0.0487626,0.0543832,0.0571334,0.060167,0.0713366,0.0853758,0.0913889,0.105788,0.128775,0.146592,0.169982,0.193949,0.225384,0.243605
765.571,0.0406606,0.0469206,0.0448626,0.0452733,0.0483375,0.050144,0.0543888,0.0613311,0.0647301,0.07228,0.0866168,0.0925231,0.112433,0.124788,0.150202,0.173696,0.201012,0.2245,0.247653
765.962,0.0364925,0.0375355,0.0426304,0.0437288,0.0472347,0.0491337,0.0512771,0.0567377,0.0594082,0.0676979,0.0841261,0.0933509,0.108487,0.128232,0.144235,0.171019,0.196359,0.226341,0.244608
766.352,0.0403268,0.0423143,0.0435535,0.0408628,0.0481098,0.0486072,0.0525409,0.0586707,0.0612595,0.0704623,0.0787898,0.0918692,0.10653,0.131491,0.149473,0.172233,0.201727,0.226415,0.240338
766.742,0.042474,0.0425803,0.0437161,0.0456737,0.0468916,0.0484453,0.0529471,0.0615911,0.061943,0.0724505,0.0803325,0.0946521,0.107229,0.125243,0.146037,0.170311,0.194678,0.224596,0.247246
767.131,0.0399424,0.0407712,0.0401384,0.0409628,0.0448138,0.0476862,0.0502618,0.0563092,0.0604545,0.0673924,0.0789975,0.0917204,0.10673,0.129042,0.141846,0.164812,0.194625,0.22281,0.242529
767.521,0.0437546,0.0434631,0.0496871,0.047167,0.0515382,0.0513808,0.0515434,0.0627493,0.0642892,0.0798201,0.0820099,0.0956863,0.11009,0.129842,0.150915,0.179746,0.205076,0.230154,0.258109
767.911,0.0392301,0.0425692,0.0434615,0.0434572,0.0487612,0.0512357,0.050003,0.0599797,0.0662515,0.0733063,0.0839693,0.0968171,0.10767,0.125073,0.15136,0.174106,0.203895,0.224452,0.238929
768.3,0.0384947,0.0466019,0.0439083,0.0446769,0.0477174,0.0498145,0.0537493,0.0568302,0.0635771,0.0690693,0.081877,0.093874,0.107812,0.131216,0.151771,0.167408,0.196115,0.225886,0.242993
768.689,0.0405833,0.0385142,0.0430744,0.0456076,0.045689,0.0497981,0.0547895,0.0555996,0.0625815,0.0723805,0.0780396,0.096336,0.106911,0.127595,0.14539,0.169624,0.197499,0.226465,0.241196
769.079,0.0387555,0.0400125,0.038568,0.0464226,0.0424625,0.0419544,0.0500327,0.0560356,0.057248,0.0674133,0.0797078,0.0923668,0.106836,0.125317,0.143639,0.172173,0.20237,0.226401,0.239975
769.468,0.0361182,0.0385443,0.043209,0.0402062,0.0425759,0.044603,0.0518231,0.0545615,0.0583147,0.071525,0.0811461,0.0931267,0.108562,0.122975,0.146579,0.172218,0.19438,0.221682,0.2435
769.857,0.0377297,0.0354379,0.0397339,0.0412656,0.0433509,0.0437598,0.0493053,0.0529652,0.0591339,0.0698114,0.0779647,0.0919015,0.103482,0.124057,0.147834,0.163329,0.197344,0.222884,0.240042
770.246,0.0413939,0.0406815,0.0431059,0.0413399,0.0473497,0.0532215,0.0501614,0.0577734,0.059805,0.0705669,0.083214,0.0925792,0.106131,0.123384,0.145559,0.168048,0.197531,0.221496,0.239814
770.634,0.0362511,0.0398441,0.0390084,0.0457348,0.0465532,0.0451688,0.053682,0.0505114,0.061303,0.0680109,0.0798358,0.0918867,0.107225,0.130348,0.146821,0.169613,0.198623,0.220314,0.247748
771.023,0.0424794,0.042839,0.045751,0.0478149,0.0450091,0.0577813,0.0554401,0.0569649,0.0631451,0.0745722,0.0807263,0.0956652,0.113213,0.129979,0.150383,0.177757,0.200947,0.230603,0.246832
771.411,0.0368805,0.0389257,0.0402074,0.0435883,0.0466686,0.0507948,0.050083,0.0561559,0.0635436,0.0680203,0.0803182,0.0884894,0.108323,0.12605,0.143031,0.165778,0.198374,0.222536,0.239022
771.8,0.0369148,0.0404891,0.0444608,0.0426722,0.044474,0.0472067,0.0516453,0.0546103,0.0605512,0.0662815,0.0787042,0.0893257,0.101867,0.123647,0.149192,0.165146,0.195535,0.219444,0.237252
772.188,0.0419715,0.0435815,0.0448683,0.0433894,0.0471567,0.0478914,0.0556924,0.0614254,0.0650006,0.0774372,0.0826427,0.0949747,0.107123,0.129743,0.152703,0.178965,0.203466,0.230821,0.247877
772.576,0.0404771,0.044949,0.0478282,0.0483884,0.0510758,0.0525124,0.0529899,0.0565205,0.0663485,0.0720651,0.0834494,0.0947325,0.107896,0.126563,0.15279,0.173364,0.19809,0.23108,0.248218
772.964,0.03959,0.0448241,0.0415021,0.0446883,0.0490875,0.0504657,0.0523374,0.0560722,0.0680479,0.0695102,0.0816377,0.0946953,0.109718,0.13006,0.151255,0.178109,0.203303,0.226023,0.244111
773.352,0.0397185,0.0403942,0.0381319,0.0424748,0.043179,0.0487923,0.0452326,0.0569633,0.0599979,0.065259,0.0784263,0.0889685,0.108095,0.124964,0.15023,0.167675,0.194381,0.225546,0.243075
773.74,0.038681,0.044208,0.0420748,0.0449553,0.047136,0.0517199,0.0515973,0.0578697,0.0684119,0.0745882,0.0840792,0.0903302,0.106842,0.126598,0.149185,0.167756,0.201589,0.224768,0.248175
774.127,0.0369418,0.0408784,0.03864,0.0412033,0.0440094,0.0477782,0.0461437,0.0564405,0.0590561,0.0695752,0.0733442,0.0867957,0.101564,0.12282,0.147381,0.173304,0.192781,0.224402,0.240024
774.515,0.0394716,0.0407691,0.0424182,0.0440747,0.0505422,0.0461862,0.0542671,0.0544078,0.0616098,0.0682317,0.0748055,0.0899332,0.104678,0.127874,0.145321,0.166411,0.204727,0.224531,0.239215
774.902,0.0361297,0.0412694,0.0430185,0.0470141,0.0477516,0.0501181,0.0537736,0.0587163,0.0611926,0.0679658,0.0823649,0.0922093,0.10706,0.12367,0.149303,0.169157,0.197779,0.225526,0.243437
775.289,0.0398473,0.040952,0.04334,0.0462676,0.0494997,0.0491529,0.0525453,0.057319,0.0652173,0.0677839,0.0809282,0.094845,0.109697,0.130528,0.142607,0.171836,0.201007,0.223162,0.248487
775.676,0.0417276,0.038989,0.041446,0.0423415,0.0496895,0.0507545,0.0552984,0.0581134,0.0650753,0.0702631,0.0790216,0.0948445,0.118563,0.12887,0.14734,0.174689,0.207455,0.230097,0.250896
776.063,0.0374836,0.0387016,0.0417535,0.0431407,0.0459769,0.0473892,0.0500445,0.0538295,0.0612682,0.0698645,0.0817222,0.0892791,0.106126,0.125969,0.149649,0.169191,0.201282,0.225017,0.236932
776.45,0.0372476,0.037942,0.0396191,0.0454275,0.0422922,0.0464765,0.0496107,0.057281,0.058939,0.0672932,0.078005,0.0873136,0.103996,0.122533,0.147739,0.164191,0.195636,0.222905,0.24048
776.837,0.042252,0.0478329,0.0445058,0.0469592,0.0513802,0.0496914,0.0571152,0.0596628,0.0667655,0.0733097,0.0824816,0.0946186,0.109667,0.130847,0.14963,0.17554,0.204756,0.233216,0.248873
777.224,0.0400139,0.0406039,0.0442082,0.0447313,0.0470553,0.0490012,0.0514003,0.0570238,0.0587394,0.0695387,0.0787467,0.093434,0.11131,0.126033,0.14952,0.169898,0.1953,0.228155,0.245555
777.61,0.0345643,0.0401669,0.0402076,0.0417232,0.0426314,0.0442592,0.0465934,0.0559272,0.0576143,0.0689015,0.0791823,0.0895607,0.101336,0.125429,0.145222,0.166122,0.201654,0.2233,0.244278
777.997,0.0387178,0.0432958,0.0435009,0.0438298,0.0478343,0.0486251,0.0542704,0.0553796,0.0605135,0.0732935,0.0795391,0.0926533,0.108683,0.125057,0.144578,0.171045,0.192931,0.225762,0.241325
778.383,0.0434964,0.0422902,0.0446198,0.0450889,0.051597,0.0492396,0.0592377,0.0593771,0.0671163,0.0708824,0.0848517,0.0942915,0.111785,0.127228,0.148019,0.177468,0.203554,0.236385,0.254873
778.769,0.04417,0.0473182,0.0419011,0.0496351,0.0495904,0.0556133,0.0536479,0.0610213,0.0687204,0.0757193,0.0836947,0.0943411,0.114309,0.127788,0.151588,0.177246,0.216272,0.233723,0.248714
779.155,0.040577,0.0392752,0.0436628,0.0447767,0.0427568,0.0478232,0.0523282,0.055004,0.0625064,0.0689297,0.0786425,0.0957885,0.109709,0.127762,0.149897,0.169313,0.201783,0.225169,0.245216
779.541,0.0433963,0.0409475,0.0428336,0.0459102,0.0462828,0.0503511,0.0532168,0.0559989,0.066033,0.0734649,0.0832577,0.0920668,0.112133,0.129996,0.152894,0.172173,0.197768,0.224576,0.248254
779.927,0.0409378,0.0388413,0.0435738,0.0449301,0.0505469,0.0508769,0.0603942,0.0649614,0.0673674,0.072442,0.0835322,0.0987698,0.113168,0.130818,0.150625,0.176016,0.206987,0.237922,0.243817
780.312,0.0377457,0.0399381,0.0439988,0.045578,0.048171,0.0469483,0.0545201,0.0547034,0.06327,0.0710138,0.0767469,0.0923151,0.106591,0.124758,0.149881,0.173362,0.207594,0.232433,0.248585
780.698,0.040059,0.0412757,0.0436987,0.0438528,0.0418499,0.0470411,0.0535645,0.0563746,0.0606808,0.0693653,0.0804281,0.0947234,0.102653,0.121581,0.144427,0.168621,0.194157,0.22938,0.246663
781.083,0.0419292,0.0399621,0.0428105,0.0433036,0.0465959,0.04854,0.053552,0.0606004,0.0640694,0.0703924,0.0810343,0.0940447,0.108617,0.126487,0.147522,0.171969,0.200939,0.226104,0.248783
781.469,0.0367022,0.0389075,0.040892,0.0410087,0.046672,0.0409198,0.0465691,0.0588773,0.0623968,0.0653266,0.0748965,0.0887433,0.105039,0.123473,0.144579,0.169705,0.198074,0.222618,0.238715
781.854,0.0386768,0.0378714,0.0414888,0.0441826,0.042218,0.0464579,0.0503971,0.0538486,0.0587026,0.0661809,0.0772383,0.0928557,0.104603,0.119935,0.143683,0.165263,0.194194,0.218472,0.240885
782.239,0.0426773,0.0408505,0.0430136,0.0472638,0.0470931,0.0514094,0.0557949,0.0627823,0.0634163,0.0706121,0.0842542,0.0926664,0.111799,0.125565,0.142926,0.174236,0.19434,0.222844,0.242149
782.624,0.0416924,0.0438784,0.0446067,0.0459637,0.0527877,0.051043,0.0520658,0.0603449,0.0659847,0.0732852,0.0833346,0.0946055,0.107841,0.13127,0.146771,0.178,0.195999,0.231589,0.251072
783.008,0.0394273,0.0415968,0.0435516,0.0445161,0.0457631,0.0521116,0.0483886,0.0571634,0.0644439,0.0711567,0.0827494,0.0962554,0.10352,0.123304,0.149572,0.170904,0.199308,0.224645,0.24242
783.393,0.0398939,0.0403499,0.0444768,0.0440355,0.0465283,0.0497892,0.0489537,0.0570962,0.064596,0.0663675,0.0746804,0.0910099,0.105206,0.120822,0.143578,0.171227,0.198954,0.222413,0.240493
783.778,0.0342659,0.0403759,0.0370789,0.040572,0.0438351,0.0440898,0.0494296,0.0552733,0.0618441,0.0665525,0.0752941,0.0928033,0.111369,0.122906,0.143044,0.1682,0.195575,0.223408,0.246518
784.162,0.0342897,0.0378277,0.0398336,0.0385278,0.0439666,0.0466474,0.0470763,0.0554367,0.0586581,0.0710045,0.0792199,0.0919091,0.106303,0.125131,0.144695,0.167933,0.200967,0.219509,0.240247
784.546,0.0313256,0.0370285,0.039666,0.0409077,0.0424838,0.0458543,0.0455561,0.0525169,0.0555325,0.0634279,0.0785508,0.0872335,0.106106,0.118283,0.137164,0.170865,0.199422,0.223118,0.242396
784.931,0.0364284,0.0403987,0.0370187,0.0432459,0.0414955,0.0473248,0.0492407,0.0589296,0.0593123,0.0671408,0.0795007,0.095334,0.10697,0.123967,0.145686,0.170243,0.205723,0.218811,0.240329
785.315,0.0357404,0.0391505,0.0382221,0.0418191,0.040031,0.047855,0.0480334,0.0512768,0.0573165,0.0632708,0.0784511,0.0866647,0.100663,0.122815,0.139595,0.169107,0.196232,0.217649,0.238589
785.699,0.041285,0.0425513,0.04547,0.0434192,0.0439001,0.0474124,0.0523174,0.0564477,0.0627775,0.0698751,0.0797599,0.0882848,0.106454,0.127419,0.142034,0.176001,0.201459,0.225251,0.24184
786.082,0.040646,0.0455548,0.0469111,0.0480071,0.0504093,0.0490487,0.0549955,0.0582147,0.0659727,0.0763195,0.0795437,0.0951957,0.106712,0.130453,0.151198,0.17469,0.202021,0.230195,0.244984
786.466,0.0393401,0.0407287,0.0421161,0.0436141,0.0452157,0.0483978,0.0488497,0.0572274,0.0584201,0.0752396,0.0807938,0.09431,0.104934,0.12611,0.145808,0.172177,0.199237,0.22667,0.246313
786.85,0.0410879,0.0436339,0.044536,0.045545,0.0474697,0.0516923,0.0578814,0.055953,0.0607885,0.0665369,0.0777493,0.0892733,0.106598,0.124681,0.150116,0.169425,0.199545,0.225346,0.244234
787.233,0.0417463,0.0460091,0.0445741,0.0450721,0.0482851,0.0477789,0.0549915,0.0628311,0.0627908,0.0702713,0.0792877,0.100889,0.109581,0.127686,0.150662,0.175662,0.210816,0.231977,0.246741
787.616,0.0411423,0.0419545,0.0409461,0.0429378,0.0500625,0.0526262,0.0531836,0.0613911,0.0672024,0.0759943,0.0834721,0.0966492,0.109273,0.125301,0.149858,0.169571,0.200172,0.228836,0.249664
788,0.04222,0.0367034,0.0438639,0.0391047,0.0441769,0.0467769,0.0560355,0.0554706,0.0680224,0.0728438,0.0787265,0.0905107,0.107576,0.125766,0.141775,0.173484,0.198467,0.225986,0.244181
788.383,0.0353219,0.0377316,0.0418749,0.0393224,0.0418884,0.0468142,0.0486196,0.0541335,0.0614563,0.0670346,0.0762214,0.0867893,0.102396,0.120902,0.142462,0.166652,0.192085,0.220904,0.238526
788.766,0.0409074,0.0388791,0.0437098,0.0434474,0.0451413,0.0489106,0.0499483,0.0536417,0.0645305,0.0718588,0.0785838,0.0889879,0.10532,0.124612,0.142252,0.170313,0.196877,0.229919,0.244302
789.148,0.0413411,0.0451723,0.0406838,0.0442457,0.0460796,0.0524981,0.0482684,0.053382,0.0594679,0.0705233,0.0798986,0.0931041,0.104034,0.126591,0.148583,0.172736,0.197075,0.224922,0.242469
789.531,0.0397002,0.0426502,0.0433167,0.0496625,0.0475538,0.0549895,0.0544978,0.0588823,0.0639684,0.0730697,0.0793821,0.0969859,0.110893,0.129709,0.15383,0.173472,0.204193,0.227322,0.248865
789.914,0.0368207,0.0423195,0.0433979,0.0450073,0.0500035,0.0489677,0.0522112,0.0569327,0.0620401,0.0722891,0.0844604,0.0905817,0.106409,0.126566,0.149956,0.169368,0.200427,0.227978,0.248336
790.296,0.0333679,0.0419394,0.0432612,0.0475643,0.0448644,0.0500114,0.0533618,0.0542802,0.0606793,0.066597,0.0783855,0.0905203,0.107764,0.122062,0.150509,0.175634,0.198748,0.228104,0.248693
790.678,0.0424854,0.0437086,0.0462888,0.0459202,0.049284,0.051134,0.0526751,0.0546212,0.0600887,0.0724055,0.0847023,0.0955277,0.115801,0.130545,0.147003,0.174114,0.200066,0.232677,0.246549
791.061,0.038748,0.0410957,0.043825,0.044305,0.046052,0.0499372,0.0492074,0.052165,0.0603004,0.0676091,0.0776473,0.0889141,0.109614,0.128969,0.146119,0.170321,0.196767,0.224631,0.241911
791.443,0.040521,0.0415022,0.045307,0.0460679,0.047248,0.0481656,0.0505144,0.0591641,0.065749,0.0716913,0.0821736,0.0931833,0.107617,0.132486,0.157265,0.17493,0.201118,0.228816,0.246275
791.825,0.0427161,0.0428803,0.0458097,0.0494377,0.0472743,0.0511859,0.0545011,0.0573488,0.0681126,0.0714534,0.0827388,0.090498,0.111619,0.131916,0.147255,0.175826,0.198505,0.229834,0.240202
792.207,0.0325226,0.0383853,0.0380719,0.0407955,0.044102,0.0459528,0.0462133,0.054345,0.0567203,0.0665326,0.0778503,0.0900962,0.106075,0.121945,0.146653,0.167097,0.19623,0.2204,0.235712
792.588,0.0411787,0.0382785,0.0399349,0.0436636,0.0442894,0.0485093,0.0506342,0.0568471,0.0637362,0.0684014,0.0755604,0.0898635,0.104604,0.128577,0.14836,0.169008,0.196683,0.225555,0.249308
792.97,0.0402471,0.0412165,0.0448648,0.0463259,0.0513058,0.0507999,0.0502273,0.0557432,0.0627204,0.062975,0.0812594,0.0935574,0.112863,0.12858,0.146852,0.171936,0.196641,0.232614,0.238693
793.351,0.0414074,0.0395526,0.0429852,0.0432953,0.0436952,0.0492173,0.0544635,0.052097,0.0635887,0.0729754,0.0772677,0.0912928,0.105309,0.127123,0.145171,0.173175,0.197205,0.224128,0.245265
793.733,0.0413771,0.0430936,0.0394259,0.0450009,0.0486969,0.0524694,0.0490292,0.0575273,0.0610446,0.0653759,0.0793809,0.098234,0.10819,0.122901,0.144733,0.169539,0.195079,0.222189,0.249039
794.114,0.0365369,0.0379713,0.0377291,0.0442759,0.0456283,0.0454749,0.0497498,0.0575209,0.054609,0.0683221,0.076124,0.0900487,0.108292,0.124967,0.144019,0.166838,0.195442,0.223706,0.236186
794.495,0.0413792,0.0457128,0.050542,0.0486141,0.0504977,0.0503545,0.0606697,0.063302,0.0664972,0.0714977,0.082887,0.0975019,0.109035,0.129244,0.145795,0.179892,0.199574,0.233059,0.245108
794.876,0.0393129,0.0401775,0.0461118,0.0443318,0.0478317,0.0542417,0.0529685,0.0566939,0.0609322,0.0756741,0.0802982,0.0931529,0.105807,0.124687,0.148625,0.168469,0.200652,0.22985,0.240802
795.257,0.0358272,0.0420492,0.0390549,0.0444667,0.0497234,0.0484665,0.0547735,0.0566682,0.0610081,0.0713444,0.0817998,0.0955669,0.107225,0.128016,0.141123,0.170836,0.19936,0.22332,0.245583
795.638,0.0365488,0.0404635,0.0410904,0.0469241,0.0471037,0.0469916,0.0506527,0.0559387,0.0600992,0.0662733,0.0826163,0.0934101,0.10794,0.122511,0.140658,0.174699,0.198641,0.230724,0.243182
796.018,0.0405102,0.0403212,0.0408598,0.0474538,0.0434349,0.0480683,0.0463361,0.0607659,0.0625859,0.0680344,0.0797377,0.0922889,0.108611,0.123216,0.143738,0.16973,0.200715,0.227765,0.242127
796.399,0.0406344,0.0386714,0.0416651,0.0437718,0.0437718,0.0572188,0.0523649,0.057133,0.0606659,0.0704667,0.0797793,0.100965,0.107921,0.121533,0.143483,0.172639,0.18603,0.230606,0.240126
796.779,0.0344224,0.0360593,0.0433462,0.0483887,0.0481864,0.0506828,0.0517307,0.0518105,0.0581071,0.0661362,0.0751054,0.0904632,0.105875,0.125082,0.145729,0.166161,0.195143,0.227263,0.248028
797.159,0.0371918,0.0425012,0.0444451,0.0437668,0.0483393,0.0500427,0.0563047,0.0551061,0.0613638,0.0709087,0.0809937,0.093906,0.104228,0.134093,0.148666,0.174348,0.194461,0.22556,0.244832
797.539,0.0447493,0.04624,0.0450167,0.045682,0.0516862,0.0529367,0.0595375,0.0630885,0.0669412,0.0758698,0.0798064,0.097152,0.109582,0.126194,0.149576,0.177057,0.201123,0.236519,0.253885
797.919,0.0403483,0.0409327,0.0445134,0.0472971,0.0441447,0.0544512,0.050699,0.0604363,0.0624034,0.0712366,0.0804384,0.0936329,0.111117,0.127777,0.147869,0.175103,0.197638,0.232704,0.246096
798.299,0.0365765,0.045714,0.041525,0.0422336,0.0434144,0.0493372,0.0461235,0.0559399,0.0567954,0.0719671,0.0747177,0.090721,0.10591,0.119347,0.148778,0.170012,0.194797,0.224657,0.246035
798.679,0.0399526,0.0422535,0.0379724,0.0482379,0.0422501,0.048987,0.0535961,0.057872,0.0588339,0.0707746,0.0782395,0.0880455,0.109375,0.130108,0.139693,0.173349,0.193224,0.229171,0.2453
799.059,0.0419627,0.0421783,0.040295,0.0443394,0.0495445,0.0521038,0.0561288,0.0578853,0.0689054,0.071707,0.0835148,0.0931421,0.113876,0.129614,0.152782,0.183204,0.209018,0.232066,0.24158
799.438,0.0425186,0.0380756,0.0429571,0.0473128,0.0535912,0.0493119,0.0527162,0.0530231,0.0638501,0.0703106,0.0799256,0.08531,0.11256,0.125035,0.141932,0.168316,0.196285,0.225327,0.246825
799.817,0.0365387,0.0355387,0.044055,0.0417416,0.0465411,0.0429186,0.0490239,0.0469419,0.0604256,0.0663309,0.0773171,0.0896325,0.104806,0.128074,0.145148,0.163288,0.194081,0.223825,0.240535
800.197,0.0440044,0.0400653,0.0421621,0.0434303,0.0456738,0.0478394,0.0543798,0.0566722,0.0627751,0.0668413,0.0775384,0.0970688,0.106955,0.123196,0.153748,0.17403,0.203404,0.223742,0.244996
800.576,0.0421161,0.0395793,0.0445595,0.0454374,0.0538498,0.049283,0.0520261,0.0586825,0.0640189,0.0677003,0.0859372,0.091431,0.108484,0.122941,0.152006,0.1759,0.200287,0.227347,0.249681
800.955,0.0452734,0.0428136,0.0434691,0.0489236,0.0485719,0.0529423,0.0541007,0.0641349,0.0663218,0.073723,0.0843909,0.0949468,0.105313,0.127389,0.147675,0.173203,0.19559,0.231748,0.245459
801.334,0.0380936,0.0438236,0.0422603,0.0455482,0.0514012,0.0535603,0.0516879,0.056421,0.0665577,0.0701245,0.077934,0.0971986,0.104813,0.126346,0.146581,0.171466,0.195327,0.228915,0.247896
801.712,0.0429172,0.0462773,0.0427719,0.0480411,0.0489883,0.0518057,0.0536269,0.0570282,0.0650901,0.0726798,0.0828367,0.0916283,0.113206,0.126214,0.151279,0.18117,0.210133,0.238135,0.257006
802.091,0.0423423,0.0387555,0.0432756,0.042079,0.0459124,0.0566387,0.0508931,0.0588137,0.0612579,0.0717185,0.0819262,0.0957655,0.110625,0.1266,0.1468,0.172956,0.200489,0.223154,0.239518
802.47,0.0372316,0.0404707,0.0404888,0.0450218,0.0466238,0.049572,0.054239,0.0591856,0.0599528,0.0685039,0.0842443,0.0903103,0.110691,0.128492,0.147534,0.173983,0.202389,0.229267,0.249638
802.848,0.0378078,0.0383434,0.0447481,0.0483133,0.0449774,0.0485549,0.0531437,0.0596453,0.0575106,0.0667585,0.0768668,0.0875545,0.102687,0.123296,0.149541,0.170614,0.197892,0.221105,0.239879
803.226,0.041901,0.040468,0.0483445,0.0424818,0.0495577,0.0506899,0.0550336,0.055346,0.0589591,0.0755659,0.081845,0.0950698,0.108704,0.127515,0.147099,0.176204,0.19875,0.226584,0.24875
803.604,0.0414854,0.0382522,0.0403311,0.0449183,0.0454288,0.0470601,0.0530033,0.0568911,0.061343,0.0667404,0.0789563,0.0895387,0.10744,0.127479,0.146898,0.166905,0.196501,0.226569,0.241571
803.982,0.0378862,0.0423147,0.0389876,0.0440387,0.0446334,0.0465133,0.0504213,0.0563147,0.0625089,0.0694826,0.0773197,0.0974056,0.109817,0.1296,0.1463,0.173413,0.200467,0.222825,0.249321
804.36,0.0374128,0.0395735,0.0400985,0.0413955,0.042528,0.0461081,0.049798,0.0538798,0.0580747,0.0673826,0.0795042,0.0910088,0.108953,0.124205,0.14565,0.171515,0.200181,0.221281,0.238936
804.738,0.0350262,0.0402784,0.0373069,0.0419422,0.0434128,0.0481004,0.0482642,0.0494982,0.0625346,0.0693763,0.0818224,0.0885143,0.10923,0.129389,0.145876,0.170445,0.199469,0.228657,0.246759
805.116,0.0444392,0.0450993,0.0420319,0.0476617,0.0477236,0.0525034,0.0503855,0.0610592,0.060738,0.0720517,0.08317,0.0945063,0.112046,0.126628,0.153382,0.175131,0.199599,0.23517,0.251244
805.493,0.0428533,0.0473886,0.0425828,0.0460069,0.0473122,0.0530261,0.0578792,0.0573013,0.0655402,0.0746824,0.0853684,0.0882701,0.112278,0.128073,0.156209,0.176683,0.209318,0.228266,0.248773
805.871,0.0342975,0.0405305,0.0377358,0.0454168,0.0452581,0.0449772,0.0517403,0.0552008,0.0612756,0.0659848,0.0809502,0.0895413,0.106704,0.120892,0.139774,0.169176,0.196682,0.223897,0.243512
806.248,0.0433714,0.0417899,0.042295,0.0495589,0.0468809,0.0523357,0.0548987,0.0573049,0.0621108,0.0700354,0.0784858,0.0935726,0.106239,0.127061,0.151105,0.172167,0.195127,0.220241,0.245976
806.625,0.036172,0.0403467,0.0392337,0.0444247,0.0472655,0.0497657,0.0506238,0.0530159,0.0641473,0.0674845,0.0809627,0.0918884,0.106397,0.127534,0.153878,0.171368,0.200262,0.224617,0.243717
807.002,0.0447035,0.0448197,0.04521,0.0461944,0.0481508,0.047072,0.0527969,0.0608467,0.0632845,0.0735812,0.0835759,0.0934665,0.111867,0.137756,0.149855,0.172654,0.207304,0.232483,0.24872
807.379,0.03886,0.0406463,0.0402213,0.0453387,0.0456209,0.0489615,0.0499427,0.0640186,0.05644,0.0669241,0.081905,0.0866594,0.107502,0.126432,0.146137,0.170113,0.19706,0.224875,0.243832
807.756,0.0464318,0.0411782,0.0491481,0.0438217,0.0500882,0.0453387,0.0537361,0.0649046,0.0679741,0.070361,0.0835092,0.0968181,0.110672,0.130153,0.150486,0.180371,0.201968,0.231941,0.248721
808.132,0.0388073,0.0418292,0.0395896,0.0414717,0.0402164,0.0458953,0.0509237,0.0529728,0.0621339,0.0680969,0.0751336,0.0888599,0.108266,0.126633,0.143046,0.168318,0.197919,0.221724,0.239688
808.509,0.0444501,0.0419835,0.0477098,0.049108,0.0507082,0.0539185,0.0547328,0.0646833,0.0629907,0.0704824,0.0898352,0.0964095,0.115753,0.132634,0.155273,0.172017,0.208178,0.225748,0.252486
808.885,0.0416624,0.045178,0.0481384,0.0441557,0.0516653,0.0502853,0.0539566,0.0577361,0.0649788,0.0675982,0.07986,0.0935066,0.109204,0.130238,0.152446,0.173619,0.199028,0.231929,0.252848
809.262,0.0354366,0.0405976,0.0400943,0.0409189,0.044006,0.0478105,0.0536924,0.0531682,0.0604627,0.0692109,0.0784882,0.0907711,0.107488,0.118569,0.142869,0.166449,0.195509,0.225772,0.241938
809.638,0.0464319,0.0435238,0.0433388,0.0496682,0.0433856,0.0521658,0.0554372,0.0608842,0.065475,0.0697935,0.0837816,0.0948752,0.113422,0.12886,0.152262,0.168438,0.201654,0.232185,0.250738
810.014,0.0447979,0.047782,0.0480599,0.046412,0.0450154,0.0487026,0.0533837,0.0610664,0.0665809,0.0681254,0.0868535,0.09592,0.108547,0.126272,0.144772,0.177252,0.207628,0.23232,0.250664
810.39,0.0398616,0.0445051,0.046517,0.0455349,0.0520436,0.0517458,0.056573,0.0573878,0.0613906,0.0732976,0.0830771,0.0976319,0.111133,0.131237,0.149005,0.179645,0.205318,0.234083,0.255163
810.765,0.0387992,0.0427629,0.0453421,0.0457421,0.0444572,0.0471857,0.0550271,0.0650487,0.0598277,0.0676978,0.0796297,0.0898368,0.10667,0.125577,0.151171,0.172017,0.194755,0.226245,0.245591
811.141,0.0422206,0.0459388,0.0431137,0.0505899,0.0480636,0.0521024,0.0518132,0.0598193,0.061933,0.079922,0.0824673,0.0922031,0.105644,0.132211,0.154174,0.175404,0.206973,0.23373,0.251901
811.517,0.037383,0.0396852,0.0388144,0.0460569,0.0521448,0.0508752,0.0546685,0.0624072,0.0647176,0.0707211,0.0870598,0.0985187,0.114529,0.131104,0.146517,0.170538,0.206658,0.228695,0.246552
811.892,0.0383403,0.0438688,0.0414426,0.0415103,0.0454675,0.0439468,0.0522106,0.0561088,0.0626368,0.0682305,0.0807085,0.0923546,0.105863,0.126164,0.144323,0.169067,0.200888,0.226897,0.244166
812.267,0.0390903,0.043791,0.0376048,0.0419598,0.0489199,0.0442922,0.0517603,0.0571784,0.0627402,0.0676222,0.0825815,0.0891113,0.108833,0.128234,0.147727,0.177948,0.194318,0.226401,0.246875
812.643,0.0395466,0.0436797,0.0456192,0.0455913,0.0493149,0.0417167,0.0504306,0.0555094,0.0648119,0.0684281,0.0799975,0.097825,0.108828,0.127697,0.148291,0.172779,0.20503,0.228818,0.245675
813.018,0.0425761,0.0434279,0.0406113,0.0459064,0.0457968,0.0495183,0.0499798,0.0563339,0.0642076,0.0665364,0.0791005,0.0903975,0.108947,0.129838,0.155626,0.170327,0.199693,0.228761,0.242099
813.393,0.0386259,0.0395274,0.0389869,0.040732,0.0428468,0.039013,0.0529366,0.0513299,0.0637136,0.0644368,0.0797292,0.0879473,0.102448,0.122711,0.145783,0.175407,0.199256,0.22055,0.23918
813.767,0.0382485,0.0444179,0.0489406,0.046638,0.0479662,0.0496798,0.0504949,0.0576351,0.060679,0.0687726,0.0844997,0.0913373,0.104908,0.123238,0.149746,0.178901,0.203729,0.223485,0.249259
814.142,0.0413552,0.0388017,0.0455146,0.0432577,0.0462072,0.0476761,0.0520691,0.0582533,0.0611663,0.0702106,0.0826732,0.0977423,0.104048,0.130349,0.147255,0.171147,0.204902,0.220541,0.246667
814.517,0.0388881,0.04112,0.0422122,0.044529,0.0501761,0.0490479,0.0558703,0.0576947,0.0644853,0.0696402,0.0804206,0.090352,0.112562,0.12827,0.150276,0.177819,0.202993,0.228433,0.251919
814.891,0.0431727,0.0392897,0.0437907,0.0399444,0.0436118,0.0474617,0.0531175,0.0562486,0.0588934,0.0732218,0.0817265,0.0921355,0.110238,0.124976,0.14787,0.172679,0.202027,0.232825,0.248636
815.265,0.0404197,0.0431689,0.0455885,0.0470122,0.0482679,0.0521946,0.05489,0.056843,0.0617305,0.0683267,0.0825573,0.0974634,0.106079,0.128965,0.142803,0.174518,0.202337,0.228937,0.250182
815.639,0.0423746,0.0424334,0.0428893,0.0423196,0.0468317,0.0496796,0.0561625,0.0582608,0.0608096,0.0689863,0.0860681,0.097859,0.104215,0.126839,0.150386,0.174624,0.204243,0.233823,0.249667
816.014,0.0442047,0.0365347,0.0452044,0.049302,0.0496145,0.0513329,0.0566742,0.0556748,0.0652642,0.0702423,0.0818664,0.0912953,0.106141,0.125072,0.142329,0.173457,0.202483,0.226915,0.248201
816.387,0.0399103,0.0427961,0.0433681,0.0455658,0.0428981,0.0441014,0.0515727,0.0546212,0.0577859,0.0667875,0.0778022,0.0927337,0.109316,0.121186,0.145847,0.175784,0.20157,0.229665,0.24393
816.761,0.0354374,0.038249,0.0381573,0.0456164,0.0425078,0.0427937,0.0409901,0.0488983,0.0616888,0.0628272,0.0749387,0.0841362,0.0992182,0.122737,0.149275,0.172944,0.192123,0.214682,0.23921
817.135,0.037446,0.0388809,0.0446408,0.0407053,0.0495299,0.0487755,0.0502439,0.0598469,0.065611,0.0670169,0.0771431,0.0940235,0.103516,0.126554,0.154606,0.174707,0.195626,0.226437,0.23932
817.509,0.0387888,0.0412789,0.0408257,0.0410557,0.0459738,0.0470966,0.0537342,0.0548537,0.0604092,0.0668293,0.080144,0.0887368,0.104919,0.12719,0.151023,0.17263,0.205472,0.221809,0.253879
817.882,0.0380236,0.0372799,0.0411251,0.0403172,0.0500236,0.0502765,0.0504842,0.0606457,0.0623517,0.0728849,0.0828586,0.0922546,0.111832,0.12625,0.148742,0.17667,0.199116,0.231147,0.251912
818.255,0.0401905,0.0414422,0.0396395,0.0438369,0.0455009,0.0485248,0.0549354,0.0531996,0.06007,0.0655207,0.0813269,0.0883626,0.10721,0.128036,0.148169,0.177416,0.200188,0.226809,0.250475
818.628,0.0468234,0.0430059,0.0462897,0.0492033,0.0496152,0.0535195,0.0540568,0.0563484,0.0690218,0.0752815,0.0896906,0.0967514,0.114852,0.132163,0.160252,0.178082,0.212546,0.237002,0.25772
819.002,0.0353133,0.0381882,0.0437972,0.0458179,0.0464834,0.0536006,0.0557005,0.061076,0.0610633,0.0705531,0.0800147,0.0937313,0.107113,0.126557,0.148885,0.169789,0.207295,0.228414,0.247205
819.374,0.0420801,0.0425203,0.0507533,0.0481399,0.0459816,0.0548024,0.0596436,0.0607654,0.0679144,0.0747153,0.0894309,0.0955024,0.109146,0.12504,0.154863,0.174928,0.204426,0.229992,0.251481
819.747,0.0417384,0.0395462,0.044438,0.0444905,0.0474446,0.0530955,0.0440508,0.0595033,0.0631804,0.0693542,0.07881,0.0928526,0.107398,0.129952,0.14452,0.169822,0.201963,0.227312,0.248865
820.12,0.0398526,0.0405066,0.0500284,0.0470012,0.0505347,0.051973,0.0511104,0.0544727,0.0615348,0.0676964,0.0834187,0.0970939,0.10709,0.130601,0.151172,0.172992,0.2059,0.228855,0.245188
820.493,0.0349497,0.0358497,0.0370785,0.0396748,0.04518,0.050318,0.0478895,0.0503618,0.0602157,0.0622108,0.0762643,0.0858836,0.0989032,0.120894,0.142371,0.163746,0.193065,0.220503,0.239995
820.865,0.0402742,0.0402646,0.0393201,0.0427822,0.049213,0.0473824,0.0512777,0.0571522,0.0586143,0.0648741,0.0825554,0.0904302,0.105127,0.125886,0.153281,0.171924,0.201699,0.230062,0.242939
821.237,0.0387892,0.0412508,0.0412235,0.0451892,0.0437664,0.0456804,0.054456,0.053532,0.0597373,0.070382,0.0767736,0.0894739,0.107868,0.12321,0.142835,0.172039,0.198892,0.216868,0.243814
821.61,0.0404412,0.045375,0.0403646,0.0432271,0.0460323,0.0480111,0.0498008,0.0540533,0.0586379,0.0674261,0.0816183,0.0943212,0.109506,0.128599,0.15184,0.171569,0.196845,0.223655,0.249055
821.982,0.0386944,0.0417209,0.0358856,0.0400574,0.0442425,0.0455339,0.0533158,0.0554169,0.0602515,0.068126,0.0780375,0.0975643,0.103607,0.126638,0.145155,0.176627,0.199096,0.22081,0.248349
822.354,0.0402895,0.0373181,0.0411323,0.0423392,0.0464992,0.0494896,0.0447096,0.0542952,0.0594232,0.0700806,0.0823187,0.0920864,0.10982,0.124279,0.147579,0.170875,0.202963,0.228196,0.253342
822.725,0.045735,0.0402162,0.0512521,0.0484657,0.0462621,0.0523173,0.05806,0.0610734,0.064908,0.0743087,0.0886095,0.100141,0.115127,0.124626,0.150038,0.174413,0.203382,0.232743,0.253927
823.097,0.0413738,0.0522067,0.0449234,0.0527486,0.0488689,0.0583727,0.0548245,0.0601803,0.0661416,0.07545,0.0915402,0.096004,0.113805,0.125926,0.154614,0.179604,0.205192,0.23199,0.249886
823.469,0.0386793,0.0402549,0.0441712,0.0476103,0.0492063,0.0459728,0.0516257,0.0559893,0.0624285,0.0728412,0.0823047,0.0920417,0.108925,0.122232,0.148783,0.173574,0.202239,0.230553,0.243159
823.84,0.0388171,0.0345282,0.043088,0.0467426,0.0473843,0.046565,0.0561038,0.0560226,0.0667252,0.0676458,0.0779882,0.0935075,0.107867,0.126505,0.147211,0.168386,0.201503,0.229215,0.250213
824.211,0.0385745,0.0374621,0.0393535,0.0414268,0.0410474,0.0429315,0.0523555,0.0519941,0.0550021,0.0729835,0.0799617,0.091914,0.105034,0.122709,0.141915,0.171361,0.196094,0.219158,0.234832
824.583,0.0338007,0.0426002,0.042553,0.038261,0.0428696,0.0420453,0.0521519,0.0480021,0.058216,0.0665096,0.0766714,0.0882949,0.103779,0.124773,0.147171,0.174587,0.197913,0.225319,0.244855
824.954,0.0376675,0.0411349,0.0401732,0.0396394,0.0487722,0.0402644,0.044624,0.0524951,0.0619722,0.0606668,0.0819092,0.0901317,0.104103,0.123627,0.14806,0.169049,0.196667,0.232638,0.237919
825.325,0.0391033,0.0387779,0.0443605,0.0511485,0.0520765,0.0479528,0.0580217,0.0597615,0.0629755,0.0691454,0.0831309,0.0961667,0.113677,0.128088,0.148014,0.179158,0.208188,0.234231,0.240213
825.696,0.0415048,0.0409975,0.0418268,0.0533197,0.0501093,0.0500872,0.0544096,0.0623011,0.0684464,0.071735,0.0823112,0.0943761,0.109455,0.130017,0.156093,0.179942,0.200465,0.226419,0.24468
826.066,0.0408317,0.0397335,0.0367514,0.0486011,0.0469676,0.0479209,0.0523633,0.0620016,0.0616557,0.070164,0.0814739,0.0970502,0.107912,0.127644,0.148622,0.17144,0.199281,0.236319,0.246277
826.437,0.0463305,0.0434976,0.0492169,0.0502914,0.0470923,0.0540357,0.0560764,0.0619219,0.0742186,0.0778884,0.0816438,0.0999213,0.11273,0.134888,0.154685,0.185765,0.210314,0.232303,0.254632
826.807,0.0433323,0.0451687,0.0451388,0.0482936,0.0488629,0.0490833,0.0552391,0.0645836,0.0698683,0.0725523,0.0833401,0.0896906,0.110462,0.133451,0.155537,0.188268,0.206592,0.2332,0.25034
827.178,0.0383662,0.0425094,0.0369216,0.0405777,0.0444713,0.0422644,0.0457765,0.0552485,0.058521,0.0718918,0.0763477,0.0895046,0.106432,0.123539,0.144826,0.166565,0.194339,0.219857,0.234668
827.548,0.0415502,0.0386486,0.0408474,0.0438371,0.0456502,0.0486244,0.055858,0.0541043,0.0600359,0.0722692,0.0782682,0.0952522,0.111037,0.126201,0.136672,0.170999,0.199559,0.219495,0.243863
827.918,0.0366664,0.0413382,0.0444587,0.0394514,0.0440449,0.0523743,0.0514891,0.0568464,0.0650483,0.0693682,0.0818422,0.094507,0.106723,0.129549,0.147404,0.177125,0.196336,0.226325,0.245258
828.288,0.0432,0.048606,0.0438122,0.0452395,0.0416768,0.0543333,0.0582011,0.0567971,0.0663488,0.0728457,0.0838539,0.0951981,0.109452,0.122407,0.143269,0.184277,0.205038,0.233931,0.250672
828.658,0.0392758,0.0414115,0.0435808,0.0455304,0.0466556,0.0496098,0.0514527,0.057555,0.0637051,0.0765517,0.0836183,0.0909024,0.108634,0.129705,0.150106,0.175299,0.19961,0.227517,0.25668
829.028,0.0420134,0.044999,0.0440667,0.0491284,0.0505197,0.0516851,0.0556917,0.066739,0.0704843,0.0780069,0.083348,0.0990507,0.112195,0.133774,0.152681,0.177724,0.201999,0.234496,0.250981
829.397,0.0455301,0.0504853,0.0484305,0.0512308,0.0472523,0.0510848,0.0593453,0.0575065,0.0648493,0.0747921,0.0848765,0.0991092,0.113763,0.128571,0.1511,0.175985,0.205257,0.232444,0.248769
829.767,0.0461785,0.0434564,0.0470453,0.0469635,0.0527545,0.0529922,0.0542656,0.0585781,0.0654855,0.071644,0.0795554,0.0960252,0.115928,0.134796,0.152478,0.1822,0.201939,0.245768,0.251358
830.136,0.0422871,0.0419119,0.0422821,0.0532717,0.0507764,0.0586563,0.0547458,0.0554864,0.0671248,0.073954,0.0823521,0.0872775,0.117012,0.126415,0.14921,0.174888,0.200313,0.22174,0.241671
830.505,0.0427677,0.0449406,0.038748,0.0476153,0.0497409,0.0525487,0.050683,0.0596705,0.0720696,0.0765566,0.0882186,0.0952295,0.107609,0.126645,0.153034,0.171838,0.204289,0.231603,0.244768
830.874,0.0366612,0.0422939,0.0394984,0.0459988,0.0449921,0.0477148,0.0525914,0.0538207,0.0613821,0.0684272,0.0840854,0.0895115,0.102928,0.123663,0.150224,0.17547,0.19958,0.229298,0.249086
831.243,0.0350616,0.041105,0.0404709,0.0484709,0.0446063,0.0492411,0.0485329,0.0541178,0.0642865,0.0697215,0.0800479,0.0899521,0.105107,0.126081,0.141504,0.174291,0.200152,0.226506,0.254078
831.612,0.0427405,0.0450627,0.0473896,0.0543365,0.0495199,0.048702,0.0541896,0.062598,0.0669152,0.0758114,0.0898228,0.100041,0.107165,0.127932,0.153867,0.18113,0.199095,0.225893,0.249416
831.981,0.0408712,0.0377156,0.0409651,0.0431465,0.0433377,0.0506,0.0515804,0.0506854,0.0664088,0.0648823,0.0874025,0.0894673,0.108182,0.128736,0.147378,0.174581,0.20371,0.227873,0.252552
832.349,0.0445815,0.0438727,0.0436493,0.0420779,0.0448735,0.0507182,0.051334,0.0571965,0.0651706,0.0690329,0.0775145,0.0978173,0.110454,0.12751,0.151432,0.171011,0.204537,0.223434,0.247582
832.718,0.0431361,0.0423212,0.0435708,0.0477321,0.0451403,0.0506955,0.0541611,0.0593509,0.064564,0.0729801,0.0786887,0.0987406,0.109074,0.130181,0.155133,0.175037,0.200984,0.22375,0.252535
833.086,0.0409753,0.0418586,0.0449965,0.0450639,0.0515502,0.0572572,0.0608072,0.0645467,0.0599736,0.0813932,0.0873243,0.096135,0.114987,0.13571,0.15018,0.181454,0.212098,0.232749,0.255863
833.454,0.0386554,0.0446168,0.0465549,0.0445536,0.054162,0.0506923,0.053807,0.0565169,0.0651143,0.0734133,0.0792474,0.0975902,0.113514,0.133531,0.149133,0.168927,0.205104,0.233433,0.251466
833.823,0.0418311,0.0439211,0.048391,0.0426681,0.049669,0.0573517,0.0571838,0.0576769,0.0605162,0.0722044,0.083426,0.0939356,0.112178,0.126694,0.146969,0.172507,0.203848,0.232401,0.246001
834.191,0.0413431,0.0461239,0.0400181,0.051314,0.0467731,0.049692,0.0518223,0.0612174,0.0627961,0.0692547,0.0801754,0.0995165,0.116413,0.124126,0.156197,0.17412,0.195596,0.227733,0.24548
834.558,0.0349647,0.0366002,0.0368625,0.0458103,0.0466241,0.0512975,0.0519863,0.0560566,0.0565523,0.064021,0.0790201,0.0918499,0.10553,0.119762,0.143626,0.172574,0.198655,0.224759,0.233971
834.926,0.0397257,0.034293,0.042542,0.0392081,0.0429439,0.0463023,0.047475,0.0573345,0.0553904,0.0620486,0.0809337,0.0902285,0.111746,0.122184,0.146717,0.168077,0.20341,0.229783,0.236897
835.294,0.04046,0.0443644,0.0410509,0.0436197,0.0456499,0.0444382,0.0498997,0.0534875,0.0638169,0.0729914,0.0834932,0.0899489,0.102099,0.127386,0.15316,0.17017,0.195226,0.233992,0.248961
835.661,0.0492459,0.0490972,0.0517836,0.0524232,0.0571068,0.0575085,0.0637833,0.0601477,0.0695623,0.078045,0.091067,0.0981773,0.117314,0.135056,0.156164,0.179302,0.212016,0.229569,0.252383
836.029,0.0426923,0.0396536,0.048319,0.0485634,0.0496374,0.0453926,0.0586721,0.0569639,0.0649732,0.075263,0.086569,0.0946674,0.108692,0.125354,0.14645,0.174083,0.203788,0.234008,0.257615
836.396,0.0387003,0.038909,0.0462983,0.0454516,0.0495521,0.0448853,0.0482938,0.0524063,0.0614997,0.0653284,0.0762341,0.0915119,0.100071,0.12297,0.142021,0.163439,0.19874,0.222522,0.243341
836.763,0.0342319,0.0357601,0.0350518,0.0396053,0.0402623,0.0409856,0.0423353,0.0467322,0.0560112,0.0643557,0.0802186,0.0850932,0.103578,0.118121,0.143349,0.165554,0.199305,0.218698,0.246825
837.13,0.0405872,0.0391253,0.045597,0.0436597,0.0454135,0.0464629,0.0533388,0.0505136,0.067741,0.0746015,0.0755502,0.0833288,0.105436,0.126646,0.145116,0.178314,0.192845,0.226475,0.250204
837.497,0.0467993,0.0448565,0.0474766,0.0524274,0.0491984,0.0551688,0.0582684,0.0586816,0.0668022,0.0713023,0.084209,0.0987732,0.122284,0.132265,0.1635,0.176918,0.208528,0.238208,0.249848
837.864,0.0367055,0.0354459,0.0412984,0.0434325,0.0390838,0.045489,0.048295,0.055396,0.0571271,0.0604419,0.0732441,0.0873102,0.103378,0.118285,0.143461,0.1668,0.185303,0.219427,0.239525
838.23,0.0325076,0.0390115,0.0415633,0.0354378,0.0435519,0.0481309,0.0501383,0.0550455,0.0599337,0.0677574,0.0787213,0.0898735,0.10682,0.126409,0.145384,0.165344,0.199817,0.229073,0.243181
838.597,0.0355408,0.04118,0.0385125,0.0452621,0.0460529,0.0545719,0.0516399,0.0577204,0.0594076,0.0708308,0.0813657,0.0907035,0.108355,0.125824,0.144932,0.17022,0.2018,0.2247,0.246952
838.963,0.0398276,0.042718,0.0426031,0.0465391,0.0424999,0.0476945,0.0503473,0.0564729,0.0657454,0.0693383,0.083616,0.0887097,0.108971,0.120916,0.151896,0.17393,0.201068,0.22988,0.253088
839.329,0.0420841,0.0464767,0.051332,0.0467165,0.0517428,0.0582446,0.0576608,0.0593881,0.0705727,0.0780849,0.0905633,0.100912,0.111967,0.140001,0.155446,0.177971,0.215009,0.23665,0.25986
839.695,0.0395617,0.0419195,0.0361387,0.0450233,0.0456375,0.0451773,0.0542503,0.055884,0.0642828,0.0659474,0.0795947,0.0940426,0.106237,0.124047,0.142816,0.175092,0.197423,0.224431,0.246431
840.061,0.0441526,0.0448243,0.0411789,0.0464977,0.0497078,0.0521658,0.0543449,0.0540471,0.0624448,0.0657887,0.0819298,0.0963955,0.111278,0.126509,0.15308,0.171,0.201649,0.219496,0.24688
840.427,0.0406532,0.0417814,0.0458836,0.0447158,0.0475108,0.0425329,0.0516186,0.0574835,0.0642305,0.0697291,0.0781912,0.0892604,0.100185,0.131811,0.155839,0.172348,0.196849,0.231148,0.24838
840.793,0.0400488,0.0341819,0.0420915,0.0441547,0.050558,0.0449476,0.0434452,0.0559579,0.0597747,0.0681931,0.0845596,0.0906883,0.109074,0.133142,0.145283,0.173123,0.196187,0.222715,0.24462
841.159,0.0389436,0.0461413,0.0413005,0.0461587,0.0511274,0.0489169,0.053998,0.0594835,0.064399,0.0780681,0.0835831,0.0929019,0.111671,0.128956,0.149645,0.171117,0.207101,0.229875,0.247687
841.524,0.041521,0.0483754,0.0451534,0.0500356,0.0486222,0.048977,0.0587647,0.0587535,0.0646489,0.0742377,0.0850987,0.0983403,0.113503,0.125409,0.14794,0.17428,0.207349,0.230048,0.243785
841.889,0.0423838,0.0411289,0.0440217,0.0464344,0.0495755,0.0538488,0.0484451,0.0587467,0.060376,0.0705347,0.0832284,0.0912183,0.112112,0.126386,0.14861,0.169244,0.203121,0.229608,0.245416
842.255,0.0398217,0.0405208,0.0463366,0.048381,0.054683,0.0506941,0.0557473,0.0599189,0.0617133,0.0790228,0.0843066,0.0936265,0.112481,0.128317,0.156866,0.18307,0.207364,0.234567,0.25253
842.62,0.0363828,0.0459067,0.0412079,0.0520782,0.0462528,0.0546516,0.0554187,0.0624303,0.0631067,0.0749895,0.0887703,0.0963524,0.116331,0.133142,0.156774,0.183318,0.199451,0.239428,0.259363
842.985,0.0391463,0.0446064,0.0457551,0.0446361,0.0493621,0.0542167,0.0473115,0.0605165,0.0634031,0.071788,0.0845363,0.0920884,0.106791,0.133571,0.14701,0.17191,0.196963,0.23057,0.248031
843.35,0.0400354,0.0399268,0.036577,0.0374514,0.0464209,0.049746,0.0528539,0.0561618,0.0605927,0.0697906,0.078012,0.0926374,0.106266,0.127189,0.14224,0.174941,0.198964,0.222554,0.250952
843.714,0.0305786,0.0360414,0.0392842,0.0405798,0.0440492,0.0457831,0.0574428,0.0487304,0.058257,0.0639692,0.0765371,0.0878049,0.107085,0.124214,0.147187,0.174501,0.196824,0.218946,0.24989
844.079,0.0417509,0.0434842,0.039149,0.0445554,0.0425619,0.0442351,0.0558698,0.0527645,0.0660922,0.0698344,0.079718,0.0951574,0.113258,0.134574,0.147756,0.174651,0.202383,0.233979,0.257436
844.444,0.0463629,0.0473266,0.0509739,0.0460583,0.0550408,0.0567983,0.0600579,0.0596162,0.0718949,0.0760067,0.0892493,0.0981643,0.11405,0.130694,0.157824,0.182874,0.211249,0.234554,0.25165
844.808,0.0410087,0.0353824,0.0387304,0.0459734,0.0447851,0.0448187,0.0507996,0.05002,0.0611982,0.0763396,0.0777828,0.0932629,0.102998,0.126599,0.1476,0.174187,0.201001,0.22442,0.241698
845.172,0.0348754,0.0346716,0.0431301,0.0440348,0.0403715,0.0440284,0.0473894,0.0495028,0.0608978,0.0621312,0.0780125,0.0849199,0.102482,0.118565,0.140758,0.166484,0.196122,0.215138,0.2423
845.536,0.0379559,0.0391979,0.0345386,0.0403167,0.0371705,0.04399,0.0502128,0.0567552,0.0577515,0.0692672,0.0765225,0.0955201,0.108391,0.126073,0.152359,0.174779,0.189643,0.234958,0.234943
845.9,0.0363248,0.038558,0.0403664,0.0430322,0.0469415,0.0506101,0.0481119,0.0555775,0.0618414,0.0688027,0.0807805,0.0891003,0.10462,0.128632,0.15309,0.169489,0.198241,0.231278,0.245261
846.264,0.0417622,0.0455012,0.0469986,0.0451193,0.0476427,0.0523417,0.048183,0.0536515,0.0601235,0.0692097,0.0786169,0.0923327,0.110282,0.127988,0.147854,0.168614,0.198719,0.230675,0.246774
846.628,0.0439324,0.042789,0.0410344,0.0470512,0.0485489,0.0490646,0.0527986,0.0601939,0.0680302,0.0734937,0.0829239,0.093072,0.105325,0.131514,0.147496,0.177565,0.201212,0.229632,0.236411
846.992,0.0348395,0.0313765,0.037904,0.0419797,0.0388125,0.043655,0.0478567,0.0526066,0.0638143,0.0693404,0.0804587,0.0942735,0.105512,0.125093,0.148693,0.169134,0.197457,0.223903,0.240406
847.355,0.0432221,0.043626,0.039631,0.0417,0.0487053,0.0502976,0.0518683,0.0551446,0.0614856,0.0733411,0.0829104,0.0929075,0.106755,0.123931,0.151966,0.170824,0.206302,0.228137,0.246925
847.718,0.0402032,0.042495,0.0451974,0.0431764,0.0509955,0.0567278,0.0543853,0.0635716,0.0676564,0.0781018,0.0751953,0.098795,0.113843,0.1292,0.151962,0.185852,0.205776,0.23254,0.255161
848.082,0.0380615,0.0383235,0.0415878,0.0396548,0.0434353,0.0497442,0.0450356,0.0502908,0.0631458,0.0699235,0.080133,0.0943842,0.11164,0.123322,0.149267,0.174704,0.202322,0.222464,0.249336
848.445,0.0400392,0.0398731,0.0424068,0.0454478,0.0463416,0.0416641,0.0490082,0.050711,0.0627416,0.0675408,0.0831219,0.0858959,0.108975,0.127678,0.149042,0.168595,0.200574,0.219855,0.25189
848.808,0.0437703,0.042287,0.0417727,0.0484619,0.0483759,0.0471105,0.0528776,0.0540177,0.0628651,0.0710889,0.0780114,0.0950585,0.1093,0.128264,0.148021,0.171342,0.200681,0.227946,0.242218
849.171,0.0373427,0.0409178,0.0440805,0.0444129,0.0463052,0.0485597,0.0535283,0.0600405,0.0597816,0.0647504,0.0776625,0.0830731,0.106768,0.127305,0.151096,0.170649,0.198627,0.224064,0.25082
849.533,0.0356095,0.0447951,0.0518218,0.048815,0.0513443,0.0490253,0.0531878,0.0577686,0.0629826,0.0741537,0.0842751,0.0897994,0.109368,0.122282,0.145813,0.17591,0.194368,0.229055,0.249817
849.896,0.0429781,0.0442438,0.0475812,0.0441507,0.0510055,0.0577855,0.0645739,0.0551394,0.0661517,0.0786165,0.085478,0.094557,0.116669,0.130736,0.159799,0.182418,0.211024,0.228968,0.256569
850.259,0.0392801,0.0430407,0.0427894,0.0409722,0.0423182,0.0502968,0.0539211,0.0541002,0.0613912,0.0641555,0.0787075,0.0901455,0.114077,0.12635,0.152171,0.167831,0.19973,0.227548,0.23565
850.621,0.0380241,0.0370713,0.0441878,0.0422405,0.04406,0.0566806,0.0558612,0.0510612,0.0574112,0.0697617,0.0821798,0.0891498,0.10702,0.123495,0.150254,0.17965,0.19678,0.235431,0.24591
850.983,0.0368211,0.038742,0.0461572,0.0469069,0.044728,0.049722,0.0506585,0.0523815,0.0641211,0.0653839,0.0746765,0.0865742,0.105935,0.123939,0.144243,0.167739,0.199491,0.224101,0.238963
851.345,0.0402975,0.0466368,0.0534071,0.0553961,0.0532293,0.0523709,0.0576058,0.0576905,0.069369,0.0765943,0.0842975,0.0985974,0.117782,0.137634,0.148763,0.181593,0.210245,0.233282,0.256976
851.707,0.0389724,0.0417324,0.0426211,0.0482562,0.0484412,0.0460354,0.051888,0.0578946,0.0678878,0.0762712,0.0803049,0.100894,0.112416,0.134899,0.146193,0.181943,0.204697,0.235969,0.256401
852.069,0.0370998,0.0387008,0.0423759,0.0462534,0.0473099,0.0503912,0.0577859,0.0563431,0.0616485,0.0754115,0.0888777,0.0950313,0.113993,0.130769,0.152382,0.175713,0.207287,0.226999,0.244617
852.431,0.0344139,0.0408117,0.0354871,0.0461434,0.0431977,0.043577,0.0481716,0.0492703,0.0588201,0.0706326,0.0771711,0.0919502,0.103087,0.125471,0.150691,0.170643,0.195169,0.222821,0.236868
852.793,0.0395651,0.04567,0.0433603,0.0468268,0.0477499,0.0532939,0.0607339,0.0584052,0.0649853,0.0647421,0.0816708,0.0963164,0.116296,0.127435,0.148383,0.179995,0.202102,0.221846,0.24354
853.154,0.0374742,0.0406007,0.0373371,0.0439349,0.0453174,0.0430351,0.0527103,0.0523898,0.0641498,0.071871,0.0773221,0.0937338,0.105856,0.123155,0.147691,0.175291,0.195018,0.2256,0.253962
853.515,0.0378715,0.0448568,0.0337491,0.0421047,0.0422515,0.0495088,0.050909,0.0496496,0.0659909,0.0690254,0.0755919,0.0870549,0.103686,0.117904,0.142083,0.168063,0.201605,0.224215,0.240122
853.877,0.0431661,0.0459431,0.0464199,0.0498327,0.0439621,0.0476727,0.0578729,0.0589722,0.0644994,0.0688334,0.0803193,0.0930203,0.110983,0.130941,0.148834,0.169749,0.189467,0.230813,0.250214
854.238,0.0365128,0.0368395,0.033013,0.0394529,0.0394462,0.046159,0.0534756,0.0496922,0.0653745,0.07416,0.0770369,0.0878117,0.103625,0.126727,0.141723,0.170935,0.19796,0.229418,0.241014
854.599,0.0371225,0.0388363,0.0442642,0.0497201,0.0584819,0.0519777,0.0565815,0.0561703,0.069295,0.0731157,0.0876371,0.0928885,0.120943,0.127132,0.152641,0.171471,0.202624,0.237769,0.256851
854.96,0.0371368,0.0414232,0.0454605,0.0439667,0.0483093,0.0492886,0.0509382,0.0590111,0.0606398,0.0736446,0.0795283,0.0925631,0.103844,0.127255,0.14201,0.172931,0.198849,0.22503,0.251558
855.321,0.0440862,0.0478772,0.0538816,0.0538682,0.0564823,0.06018,0.0609479,0.0589992,0.0693157,0.0769269,0.0853446,0.100734,0.115187,0.143251,0.154614,0.179404,0.202365,0.236587,0.256467
855.681,0.0511579,0.0480651,0.0500382,0.0535502,0.059649,0.0600482,0.0592432,0.0656743,0.0714909,0.0743372,0.0905558,0.0960611,0.112082,0.126302,0.158875,0.175514,0.22018,0.229614,0.252351
856.042,0.0373629,0.0424921,0.0394276,0.0451289,0.0470347,0.0477804,0.0475064,0.0602907,0.0608322,0.0664947,0.0787906,0.089435,0.106632,0.124339,0.143168,0.170336,0.204344,0.22579,0.244067
856.402,0.040299,0.0437132,0.0415959,0.0447407,0.0488346,0.050224,0.0529612,0.0601716,0.0645777,0.0808188,0.0815125,0.10063,0.10677,0.134835,0.150279,0.17912,0.200107,0.233801,0.254478
856.762,0.0326077,0.0384858,0.0377221,0.0393757,0.0436567,0.0442681,0.048666,0.0542537,0.0531057,0.0675213,0.0762489,0.0904489,0.106912,0.1259,0.140787,0.161872,0.195359,0.227591,0.242663
857.122,0.038922,0.0405959,0.043695,0.0456215,0.0499398,0.0481561,0.0543335,0.0538033,0.0643014,0.0757569,0.0861458,0.0925939,0.10802,0.135322,0.152144,0.172102,0.207773,0.23377,0.245028
857.482,0.0329395,0.0323978,0.0402541,0.0426527,0.0450089,0.0540046,0.047794,0.0537592,0.0614487,0.067998,0.0729406,0.0975095,0.110598,0.123655,0.141713,0.157998,0.199885,0.220391,0.250214
857.842,0.0440524,0.0476441,0.0503329,0.048266,0.053328,0.0539475,0.0574871,0.0514223,0.0671303,0.077675,0.0857035,0.102353,0.115922,0.137683,0.162571,0.179138,0.212715,0.244511,0.261815
858.202,0.0382785,0.0402167,0.0472976,0.0474085,0.0431691,0.048396,0.0502043,0.0521218,0.0671451,0.0742482,0.0848388,0.0915569,0.104238,0.128156,0.156777,0.180672,0.199412,0.236091,0.23987
858.562,0.0325791,0.0442519,0.0483677,0.0381083,0.046688,0.0498467,0.0571546,0.0631288,0.0563023,0.0784243,0.0750677,0.0912628,0.105515,0.128402,0.146425,0.170194,0.195295,0.225229,0.252053
858.921,0.0422221,0.041173,0.0471213,0.0477636,0.0592573,0.0426015,0.0593707,0.0624966,0.0671927,0.0701269,0.0808244,0.0975627,0.110404,0.130156,0.14463,0.175917,0.201607,0.231901,0.256946
859.281,0.0368032,0.039671,0.0424472,0.0479458,0.0397845,0.0513153,0.0476465,0.0561874,0.0605007,0.0617887,0.0789371,0.0891311,0.111118,0.123267,0.148289,0.176097,0.194603,0.217732,0.239727
859.64,0.04558,0.0447711,0.0434481,0.0449583,0.0522383,0.0556707,0.0533405,0.0723041,0.0710423,0.0718743,0.0844241,0.0957602,0.119414,0.126117,0.166088,0.177187,0.215918,0.22848,0.253549
859.999,0.0344307,0.0385906,0.0355012,0.0471153,0.0510184,0.0403725,0.0474655,0.0534027,0.0622374,0.0639122,0.0777566,0.0871701,0.0968714,0.113301,0.145468,0.166835,0.193047,0.220002,0.244146
860.358,0.0333497,0.0349835,0.0414717,0.0428056,0.0461338,0.0441718,0.0511688,0.0537581,0.0556879,0.0656231,0.0806976,0.0877636,0.0953406,0.125481,0.146867,0.16936,0.201815,0.230535,0.243802
860.717,0.0394768,0.0423562,0.0475477,0.0452221,0.0427501,0.0546976,0.0546846,0.0609292,0.0584909,0.0618027,0.081519,0.0945487,0.108412,0.132795,0.147481,0.179808,0.197047,0.223419,0.245865
861.076,0.0401934,0.045494,0.0428983,0.0452006,0.0511764,0.0462725,0.0609577,0.0694213,0.063579,0.0694881,0.0908515,0.0983637,0.104432,0.136032,0.156979,0.173072,0.206071,0.230684,0.252137
861.434,0.0380172,0.0381933,0.0384974,0.0406732,0.0439922,0.0476285,0.0462798,0.0542348,0.0584508,0.0618433,0.077117,0.095885,0.103262,0.121915,0.146068,0.17888,0.200879,0.2237,0.255448
861.793,0.0453652,0.0460078,0.0395873,0.0414858,0.0537394,0.0495641,0.0508401,0.0550676,0.0621621,0.066248,0.0823389,0.0950385,0.113967,0.129378,0.152619,0.17958,0.203927,0.237194,0.246974
862.151,0.0469995,0.0414612,0.0449463,0.0487173,0.0470791,0.0461382,0.0550197,0.0623317,0.064504,0.073988,0.079189,0.0958035,0.111239,0.136587,0.152626,0.179194,0.212279,0.231459,0.247807
862.509,0.0322587,0.0441044,0.0424894,0.0459343,0.0456301,0.0495248,0.0495658,0.0503812,0.0635087,0.0641341,0.0820583,0.092229,0.109267,0.12068,0.147763,0.172954,0.208453,0.228295,0.253447
862.868,0.0441059,0.0459691,0.0491048,0.0509027,0.0474627,0.049929,0.0550608,0.0629937,0.063893,0.0801622,0.0814421,0.0966672,0.109341,0.129567,0.148611,0.185277,0.20976,0.231782,0.25805
863.226,0.0465868,0.0435349,0.0442241,0.0502516,0.0540717,0.0610405,0.0579285,0.0592569,0.0721796,0.0775984,0.0875389,0.0960751,0.112473,0.141377,0.16487,0.184531,0.202946,0.235677,0.25511
863.583,0.0406127,0.0366615,0.0349949,0.0440761,0.042999,0.0450117,0.0436413,0.0493595,0.0577244,0.0657292,0.0788271,0.0833598,0.100725,0.120836,0.142428,0.16466,0.202603,0.221619,0.253734
863.941,0.0466648,0.0512273,0.0493207,0.050555,0.0624375,0.0474303,0.0630926,0.0561153,0.0590669,0.0786059,0.0933616,0.104857,0.114378,0.133291,0.149179,0.180103,0.201926,0.236428,0.258674
864.299,0.0366031,0.0440134,0.0393229,0.0472515,0.0463056,0.0476161,0.0495805,0.0553144,0.0631683,0.0711715,0.0809378,0.0959704,0.105144,0.124434,0.146733,0.171848,0.203509,0.223794,0.243467
864.656,0.0438647,0.0460857,0.0417976,0.0439795,0.0505695,0.0481248,0.0506392,0.0512044,0.064419,0.0731626,0.0781182,0.093442,0.110408,0.124986,0.158666,0.173879,0.20544,0.234962,0.254202
865.014,0.03576,0.0336083,0.0419906,0.0356595,0.040749,0.0529825,0.0501679,0.0550962,0.061881,0.0652563,0.0825354,0.0898069,0.106742,0.132054,0.148294,0.171282,0.202135,0.234518,0.254191
865.371,0.040679,0.0450434,0.0394903,0.0416934,0.0450334,0.0439173,0.0473629,0.0515571,0.0598574,0.0606738,0.077057,0.0918912,0.101289,0.124095,0.14674,0.169332,0.194495,0.219772,0.23992
865.728,0.0498762,0.0487354,0.0483477,0.0500555,0.0502851,0.0560721,0.0591735,0.064615,0.0702022,0.0766247,0.0940013,0.0986216,0.119955,0.140849,0.165249,0.185592,0.208573,0.238721,0.258446
866.085,0.0371477,0.0414728,0.0451587,0.050102,0.0388252,0.0477497,0.0539259,0.0571396,0.0621946,0.0698463,0.0808755,0.0933784,0.107502,0.135892,0.159465,0.174676,0.208691,0.225001,0.253469
866.442,0.0389636,0.036023,0.0427304,0.0444203,0.0468551,0.053315,0.0528566,0.0553729,0.0607383,0.0736705,0.0855355,0.0962855,0.10873,0.130372,0.152845,0.177856,0.208078,0.233147,0.257602
866.799,0.0350699,0.0440687,0.0374549,0.0362454,0.0414827,0.0412124,0.0468696,0.0580811,0.0581142,0.0646894,0.080751,0.0897529,0.102455,0.127384,0.153424,0.168343,0.202621,0.220555,0.250659
867.155,0.0415062,0.0465275,0.0446719,0.043548,0.0451603,0.0477098,0.0489864,0.0624141,0.0610373,0.0697645,0.0822924,0.0974828,0.10665,0.128367,0.145581,0.181184,0.206879,0.233378,0.255333
867.512,0.0457624,0.0394416,0.0470368,0.0431659,0.0487688,0.0497043,0.0511423,0.0553631,0.0639992,0.0708339,0.0778609,0.0941769,0.102608,0.127378,0.148344,0.173872,0.198531,0.238355,0.249254
867.868,0.0457263,0.0360647,0.0500128,0.0491021,0.0537903,0.0479693,0.0538801,0.055016,0.0628386,0.0744686,0.0804072,0.0940734,0.106455,0.134714,0.151534,0.174515,0.204029,0.233819,0.23992
868.225,0.0397693,0.0360786,0.0462889,0.0441424,0.0423753,0.0482645,0.0580592,0.063878,0.0586769,0.072693,0.0764767,0.0911607,0.0998157,0.133956,0.14877,0.167209,0.188369,0.22758,0.242619
868.581,0.0329883,0.0335147,0.0445847,0.0439379,0.042324,0.0490063,0.0480151,0.0562027,0.0631018,0.067592,0.0683477,0.0890087,0.1088,0.127116,0.154176,0.167392,0.20505,0.224024,0.244511
868.937,0.0383168,0.0441152,0.0431268,0.0420428,0.0435516,0.045255,0.0576136,0.0606738,0.0549235,0.0816576,0.0745412,0.0926038,0.108535,0.123981,0.146953,0.166422,0.207446,0.223572,0.250285
869.293,0.039791,0.0414058,0.0454583,0.039967,0.0460652,0.0474078,0.055142,0.0479947,0.0598644,0.0706054,0.0831211,0.0906018,0.109967,0.125795,0.140442,0.174711,0.203592,0.229423,0.252012
869.648,0.0409679,0.0425801,0.0422886,0.0422568,0.0449581,0.044759,0.0498905,0.0501958,0.0614461,0.0655268,0.0699636,0.0921313,0.102354,0.116731,0.142638,0.167589,0.208977,0.222656,0.24233
870.004,0.0431892,0.0445274,0.0519021,0.0447852,0.0497416,0.0528607,0.058751,0.0638994,0.0637482,0.0820991,0.0879111,0.0950985,0.109371,0.128736,0.161185,0.178052,0.20367,0.221663,0.23538
870.359,0.0481226,0.0457513,0.0460894,0.0479099,0.0502384,0.0534843,0.0533424,0.0569747,0.0678466,0.0800642,0.0834956,0.11019,0.116667,0.131762,0.159897,0.181718,0.208434,0.239847,0.255602
870.715,0.0376125,0.0393013,0.0432653,0.0501441,0.0540634,0.0537663,0.0576239,0.0522295,0.0618639,0.0723361,0.0870268,0.0981852,0.111173,0.137267,0.144798,0.18311,0.205701,0.234711,0.252718
871.07,0.0321005,0.0323541,0.0347878,0.0330205,0.0387902,0.0417665,0.0414529,0.045705,0.0562855,0.0719329,0.0754023,0.0782319,0.101599,0.116771,0.138953,0.163465,0.204351,0.210042,0.236555
871.425,0.0349303,0.0446474,0.0420922,0.0425537,0.0527735,0.0451192,0.0482685,0.0632955,0.0579688,0.0723662,0.0796819,0.0905241,0.104949,0.125344,0.152901,0.178956,0.21148,0.230198,0.261027
871.78,0.0345585,0.0369762,0.0391323,0.0414589,0.0477305,0.0457958,0.0497701,0.0534078,0.0584144,0.0705694,0.0863776,0.0932604,0.10443,0.128299,0.148732,0.180829,0.19949,0.227315,0.255641
872.135,0.0380446,0.0485866,0.0364375,0.0415815,0.0438102,0.0569086,0.0551441,0.059686,0.0645296,0.0669262,0.0935507,0.090869,0.10969,0.130384,0.149072,0.172602,0.203604,0.223506,0.25759
872.49,0.038867,0.0387999,0.040721,0.0415938,0.0442925,0.0448793,0.0447414,0.0493592,0.0594451,0.0595033,0.0846755,0.0959037,0.108199,0.122759,0.14524,0.17195,0.190713,0.227188,0.24959
872.844,0.0299314,0.036916,0.0318591,0.0386163,0.0422463,0.0349761,0.0457686,0.0521347,0.0627162,0.064279,0.0747257,0.0888774,0.107699,0.120166,0.143775,0.17414,0.197229,0.227587,0.243926
873.199,0.0400638,0.0357752,0.038747,0.0467128,0.0439354,0.0433165,0.0550276,0.0553706,0.0622867,0.066608,0.0782136,0.0941214,0.113312,0.128416,0.157678,0.174205,0.201447,0.225515,0.242364
873.553,0.0512985,0.0422695,0.0452891,0.0521359,0.0499208,0.0468582,0.0550372,0.0611178,0.0656673,0.0685592,0.0795398,0.0952873,0.106928,0.141461,0.160671,0.183881,0.210528,0.236888,0.263714
873.908,0.0400095,0.038391,0.0483865,0.0391406,0.0524791,0.0412535,0.0511284,0.0506043,0.0524549,0.0717118,0.0746931,0.0923321,0.112207,0.126541,0.144249,0.172136,0.199878,0.22575,0.245122
874.262,0.0388151,0.048253,0.049941,0.0493817,0.0528975,0.0544959,0.0586234,0.057914,0.0651729,0.0803191,0.0847183,0.104515,0.11054,0.13152,0.152338,0.183013,0.214251,0.240039,0.262981
874.616,0.0486645,0.0522975,0.0446005,0.0507366,0.0487727,0.0527955,0.058492,0.0711983,0.063833,0.0704909,0.0924184,0.103164,0.116215,0.136361,0.157732,0.182858,0.208677,0.230481,0.258189
874.97,0.0477806,0.0451171,0.0494018,0.0454791,0.0633228,0.0618333,0.0628489,0.070309,0.06508,0.078366,0.0929925,0.0987676,0.121345,0.142992,0.163285,0.177459,0.214471,0.233215,0.246423
875.323,0.0498691,0.0464556,0.0456497,0.0592767,0.0522484,0.0561094,0.0656726,0.0647085,0.0718386,0.0848281,0.0767116,0.106722,0.118475,0.137506,0.155441,0.186823,0.208976,0.239877,0.260032
875.677,0.0377564,0.0382985,0.0455855,0.0483776,0.0460518,0.0432101,0.0558693,0.0541175,0.0649093,0.0586827,0.0756562,0.0905215,0.103957,0.12177,0.145027,0.164619,0.194912,0.223292,0.249231
876.031,0.0360126,0.0390463,0.0355623,0.0484675,0.0374368,0.0476247,0.0509625,0.057535,0.0687213,0.0746285,0.0751527,0.0841424,0.106693,0.120666,0.138728,0.171427,0.188645,0.230344,0.249054
876.384,0.0406734,0.050847,0.0465303,0.05147,0.0519005,0.0609697,0.0564228,0.0618209,0.0680768,0.0751392,0.0865055,0.10814,0.121308,0.131644,0.149663,0.191717,0.208192,0.236947,0.259499
876.737,0.0300905,0.0376394,0.0395573,0.0339569,0.0463041,0.045339,0.0531129,0.0582221,0.0601749,0.0700591,0.0846281,0.0928113,0.105544,0.125778,0.159802,0.171762,0.21476,0.243018,0.248621
877.09,0.0416167,0.0478497,0.0500577,0.0508185,0.0536699,0.0576347,0.0627769,0.0727378,0.0605912,0.0714151,0.0879214,0.0966696,0.117259,0.133881,0.150463,0.182354,0.204694,0.227682,0.248547
877.443,0.0455563,0.0466322,0.0485967,0.046114,0.0486298,0.0598559,0.0540642,0.0598585,0.0742698,0.0723742,0.0865977,0.0998607,0.118715,0.129193,0.152443,0.181191,0.213586,0.239137,0.252718
877.796,0.0285006,0.0437512,0.0346939,0.0370362,0.0371704,0.0363844,0.0484045,0.0399001,0.0542585,0.0641181,0.0701077,0.0871611,0.091169,0.123747,0.14087,0.167668,0.192349,0.224639,0.244397
878.149,0.0380089,0.0356459,0.031301,0.0366892,0.0377015,0.0376228,0.0416959,0.0471444,0.0514198,0.0641703,0.0771954,0.0852726,0.09499,0.109874,0.140794,0.160986,0.190292,0.224957,0.238091
878.501,0.0455151,0.0426917,0.0479418,0.0427163,0.0469889,0.0586391,0.0580679,0.0676025,0.058028,0.075643,0.0898962,0.0986754,0.110518,0.133298,0.159045,0.1814,0.203769,0.243124,0.255162
878.854,0.0496884,0.057623,0.0497979,0.0502573,0.0546727,0.0524501,0.0641545,0.0635244,0.0643523,0.075089,0.092712,0.116344,0.110443,0.128939,0.163015,0.185553,0.203469,0.23817,0.252303
879.206,0.0463319,0.0483834,0.041617,0.0590656,0.0525931,0.0560507,0.0609327,0.0602368,0.0690402,0.07388,0.0874743,0.0994792,0.113913,0.129472,0.16,0.192792,0.217723,0.229866,0.254799
879.559,0.0326109,0.0369121,0.0467941,0.0360158,0.0433236,0.04336,0.0508142,0.0529573,0.0557192,0.0583133,0.0745189,0.0799062,0.108683,0.124054,0.142385,0.170565,0.206175,0.216353,0.258672
879.911,0.0502895,0.0508333,0.0463865,0.0555499,0.0564628,0.0654002,0.060956,0.0638972,0.0729205,0.082446,0.093141,0.099706,0.121134,0.136302,0.158199,0.185743,0.208799,0.241417,0.254645
880.263,0.0375282,0.0367638,0.0480192,0.0408255,0.0448854,0.0495688,0.0454559,0.0550954,0.0641634,0.0655725,0.0864262,0.103745,0.110693,0.117442,0.150857,0.175232,0.203312,0.230939,0.247621
880.615,0.0391788,0.0380584,0.0464536,0.0355539,0.0485983,0.0492945,0.0498644,0.0606572,0.0589366,0.0625678,0.0773484,0.0980603,0.107745,0.122281,0.142096,0.172826,0.200153,0.229776,0.235305
880.966,0.0418078,0.0461578,0.0399111,0.0486387,0.0452852,0.0484105,0.0454045,0.0544445,0.0624044,0.0716222,0.0795221,0.0990426,0.111176,0.131728,0.151916,0.177893,0.205496,0.233258,0.262614
881.318,0.0363208,0.0388283,0.0433918,0.0358653,0.0462641,0.0458691,0.0511676,0.0563771,0.0627633,0.0628559,0.0791061,0.091441,0.10865,0.121196,0.135326,0.17268,0.195286,0.226337,0.242313
881.669,0.0457836,0.0456884,0.0403551,0.0422305,0.0366122,0.0553041,0.0506663,0.061195,0.0592934,0.072429,0.0820912,0.0940929,0.106189,0.129129,0.15255,0.168449,0.209143,0.232639,0.256907
882.021,0.032814,0.0374324,0.0416068,0.0379079,0.0440829,0.0429228,0.0530803,0.0555743,0.0575223,0.0726753,0.0824398,0.093063,0.106486,0.124025,0.141908,0.174834,0.195532,0.223647,0.247656
882.372,0.0371196,0.0404516,0.0431591,0.0402769,0.0535204,0.049709,0.0415982,0.0631386,0.0676035,0.0744532,0.0782758,0.0900245,0.0963487,0.124464,0.151845,0.176846,0.196483,0.224888,0.25761
882.723,0.0452432,0.0522691,0.0463075,0.0531745,0.0598459,0.052832,0.0564132,0.0658525,0.0654805,0.0777043,0.0867235,0.0996289,0.12437,0.14463,0.160786,0.177982,0.217347,0.239733,0.257102
883.074,0.0351947,0.0380381,0.0339564,0.0342729,0.0433382,0.0365849,0.0474086,0.0478509,0.0545893,0.0656072,0.0758975,0.0908137,0.0995299,0.119908,0.140212,0.168467,0.199556,0.221892,0.237228
883.425,0.0366138,0.0380943,0.0379181,0.0376742,0.0446468,0.0477616,0.0521648,0.0467152,0.0580946,0.0687595,0.0811445,0.0969792,0.104201,0.124155,0.143056,0.177307,0.198147,0.237342,0.253704
883.776,0.0287406,0.0367962,0.0365343,0.0441396,0.0478046,0.0377923,0.044266,0.0476259,0.0523051,0.0680824,0.0808635,0.0822124,0.113244,0.129007,0.156819,0.181863,0.212683,0.233866,0.254955
884.126,0.0427142,0.0498128,0.0452241,0.0524836,0.0417933,0.0491673,0.0561849,0.0627597,0.0670036,0.071693,0.0835496,0.0901985,0.106954,0.125553,0.152855,0.181533,0.213076,0.231825,0.2507
884.477,0.041701,0.0480114,0.0348504,0.041405,0.0413772,0.0456532,0.0613513,0.0540939,0.056475,0.0688782,0.0706828,0.0895746,0.109433,0.11893,0.145803,0.180314,0.198479,0.219582,0.242916
884.827,0.041529,0.0467848,0.0413484,0.0419853,0.0520027,0.0538789,0.0623721,0.0662063,0.0679185,0.0722471,0.0872653,0.0969483,0.116173,0.128548,0.151389,0.181966,0.20563,0.226172,0.266636
885.177,0.0434917,0.0430211,0.0477062,0.0463685,0.0458037,0.0574004,0.0711679,0.0646632,0.0558305,0.0808844,0.0849774,0.106201,0.11736,0.139321,0.157181,0.184152,0.21376,0.226488,0.256728
885.528,0.0308896,0.0208403,0.0376485,0.0510587,0.0468028,0.0355566,0.0552769,0.0504837,0.0709027,0.0692224,0.0818377,0.0905896,0.0993468,0.12223,0.140935,0.17014,0.197857,0.222898,0.243926
885.878,0.0418922,0.0423788,0.0479095,0.0517509,0.0497252,0.0491574,0.0630619,0.0581418,0.0687398,0.0818361,0.0859827,0.0970336,0.102488,0.12286,0.157268,0.18477,0.199219,0.227268,0.24893
886.227,0.0382171,0.0451035,0.0431862,0.0537783,0.049082,0.051815,0.0514663,0.051806,0.0650132,0.0778965,0.0817762,0.104076,0.106038,0.14004,0.154522,0.191128,0.217396,0.240079,0.256603
886.577,0.0435289,0.0366229,0.0431425,0.048315,0.0496051,0.0525586,0.0512919,0.0561124,0.0572892,0.0775367,0.073632,0.098374,0.112003,0.137273,0.152358,0.172566,0.214161,0.226771,0.245704
886.927,0.0432068,0.0422554,0.0449773,0.049138,0.0479812,0.04351,0.0455427,0.0514742,0.0540003,0.073232,0.0834816,0.092793,0.109264,0.120876,0.150958,0.168621,0.199633,0.235796,0.24079
887.276,0.0358924,0.0342604,0.0424459,0.0418468,0.0444116,0.0424497,0.0457708,0.0533938,0.0567022,0.064252,0.0782594,0.0891521,0.102156,0.124592,0.150331,0.173003,0.20208,0.226907,0.241513
887.626,0.036385,0.0442919,0.0423724,0.047278,0.0481489,0.0499917,0.0538607,0.0614403,0.0540176,0.0649563,0.0769979,0.0905427,0.10425,0.118749,0.145207,0.176145,0.20532,0.223681,0.251416
887.975,0.0387429,0.0356722,0.0490402,0.0374167,0.039662,0.0466401,0.0531017,0.0512934,0.0600288,0.0723508,0.0744036,0.0926765,0.101457,0.115958,0.157353,0.172799,0.187416,0.231062,0.245677
888.324,0.034728,0.0414948,0.0397228,0.0460621,0.0422384,0.0606054,0.0545308,0.0568107,0.0679557,0.0687683,0.0790452,0.0814243,0.10382,0.122127,0.142595,0.168784,0.19541,0.234951,0.238118
888.673,0.0408433,0.0429098,0.0364224,0.0424593,0.0449846,0.0490894,0.0469607,0.0524871,0.06158,0.0752292,0.0828435,0.098097,0.105523,0.127019,0.147362,0.178818,0.195873,0.23879,0.253655
889.022,0.0275996,0.0358195,0.0383643,0.0473079,0.038925,0.0481281,0.0571305,0.048231,0.0520469,0.0681325,0.0726939,0.0797326,0.104597,0.115522,0.136059,0.164341,0.196691,0.229181,0.232386
889.37,0.0404489,0.0396711,0.0360738,0.0381033,0.0322461,0.047979,0.0488843,0.0514733,0.0598313,0.057926,0.0696939,0.0779769,0.113977,0.131401,0.149514,0.160415,0.198023,0.233033,0.247756
889.719,0.0297835,0.0293579,0.0317202,0.0398818,0.0355239,0.0349387,0.0419267,0.0418392,0.0537907,0.0647733,0.0641165,0.0755461,0.0948317,0.123535,0.134095,0.159512,0.197096,0.216628,0.235821
890.068,0.0285046,0.0328006,0.0309492,0.0233946,0.0378157,0.0402362,0.0287876,0.0446175,0.0588598,0.0595263,0.0679873,0.0783295,0.0891388,0.109277,0.141753,0.166715,0.187424,0.214428,0.225943
890.416,0.0394236,0.0490231,0.0493151,0.0499404,0.0477007,0.0533557,0.0373852,0.0556226,0.0627153,0.0700502,0.0864454,0.0987529,0.114481,0.133303,0.147869,0.175162,0.189494,0.223405,0.239039
890.764,0.0315084,0.0340214,0.0343284,0.0371029,0.0368848,0.0491985,0.0494482,0.0481062,0.0586912,0.0617128,0.0783532,0.102016,0.0971148,0.122825,0.136612,0.164443,0.196614,0.221462,0.234607
891.112,0.0527289,0.0506842,0.0409877,0.0532737,0.0525435,0.0592946,0.0467151,0.065227,0.0631304,0.0712011,0.091738,0.0994082,0.114068,0.136775,0.146146,0.186762,0.214589,0.238332,0.253635
891.46,0.0354313,0.034796,0.0306429,0.0393745,0.0349377,0.0449848,0.043087,0.0544189,0.0597621,0.0669373,0.0727692,0.0874113,0.111292,0.121848,0.144391,0.170297,0.200777,0.222991,0.25238
891.808,0.0400351,0.0461783,0.0496386,0.041752,0.0499015,0.0543231,0.0610226,0.0550261,0.0572076,0.0661449,0.0763001,0.0871627,0.107156,0.127578,0.14501,0.162075,0.213131,0.234253,0.246409
892.156,0.0460494,0.0426936,0.0457074,0.053781,0.0612309,0.0548364,0.0569469,0.0668075,0.0673693,0.0720269,0.0790966,0.100323,0.112268,0.1231,0.157348,0.177735,0.219239,0.229415,0.26015
892.503,0.0452286,0.039984,0.0359143,0.0408349,0.05317,0.0441453,0.0605533,0.0550036,0.0638666,0.0646645,0.0787325,0.0949675,0.109914,0.125002,0.13968,0.171654,0.198615,0.228109,0.247634
892.851,0.0288258,0.0457051,0.043911,0.040807,0.0384514,0.0475723,0.0449817,0.0600371,0.0480653,0.0695639,0.0782315,0.0849375,0.0884655,0.12214,0.144195,0.16093,0.201429,0.216101,0.23327
893.198,0.0580562,0.0487124,0.063371,0.0611672,0.0552037,0.0573673,0.0664318,0.0674381,0.0720037,0.096967,0.0922054,0.100009,0.115704,0.131175,0.152159,0.185759,0.219943,0.233094,0.246499
893.545,0.0451672,0.0479559,0.0473603,0.0474513,0.055052,0.0480499,0.064483,0.0612444,0.072462,0.0784518,0.0843528,0.096805,0.104962,0.127036,0.167542,0.181033,0.20295,0.232651,0.259105
893.892,0.0467967,0.0519483,0.0448036,0.0472638,0.0502346,0.0477022,0.0497687,0.0572871,0.0676588,0.0825488,0.0850543,0.0952886,0.123503,0.133326,0.149685,0.178433,0.213238,0.225776,0.263709
894.239,0.0429795,0.0592525,0.0498769,0.0589771,0.0546663,0.0573432,0.0667057,0.0625074,0.074035,0.0821833,0.0930942,0.0935235,0.111656,0.130845,0.153383,0.188275,0.211412,0.238341,0.271359
894.586,0.0463616,0.0401103,0.0475343,0.0505364,0.0497343,0.0487406,0.0462655,0.0502738,0.0627727,0.0720866,0.0853468,0.0991002,0.110098,0.12766,0.152783,0.1771,0.206335,0.240744,0.241146
894.933,0.0452078,0.0522154,0.0482804,0.0463713,0.0515845,0.0559496,0.0533921,0.0602403,0.0757134,0.074085,0.0869214,0.106583,0.125132,0.128682,0.163138,0.176176,0.213758,0.245262,0.264763
895.28,0.0346502,0.0366581,0.0333952,0.0320248,0.0353643,0.0423489,0.0480768,0.0491659,0.0584043,0.0635969,0.0622548,0.0864602,0.0934224,0.108577,0.136391,0.158953,0.200356,0.204533,0.239845
895.626,0.0290427,0.0358127,0.0360689,0.0315913,0.0413947,0.0504375,0.0527838,0.0451807,0.0556645,0.068731,0.0634263,0.0940002,0.112534,0.11825,0.148433,0.17335,0.205057,0.227,0.239616
895.972,0.0374518,0.04418,0.0427334,0.0489524,0.0493549,0.0383646,0.0521186,0.056492,0.0734061,0.0749119,0.0916077,0.100601,0.113994,0.131704,0.166258,0.190659,0.202038,0.2321,0.260166
896.319,0.0342425,0.0222162,0.0287262,0.039623,0.0361187,0.0380074,0.0481405,0.0397597,0.0445759,0.0598365,0.0743145,0.0874273,0.101324,0.119014,0.145142,0.16711,0.181977,0.219378,0.240599
896.665,0.0377785,0.046157,0.050067,0.0582367,0.0533162,0.0485046,0.0541986,0.0692659,0.0570644,0.077254,0.0707756,0.0961332,0.115693,0.128124,0.164237,0.174857,0.208274,0.221849,0.252951
897.011,0.0366015,0.0344623,0.0620406,0.0321197,0.0514676,0.051465,0.06079,0.0467693,0.0584187,0.0789041,0.0847023,0.0849887,0.105424,0.124551,0.138489,0.177872,0.207724,0.218008,0.243351
897.356,0.0390526,0.0528485,0.0508921,0.0524481,0.0439536,0.054768,0.0530251,0.0660848,0.0720539,0.0813155,0.07631,0.0892751,0.106532,0.128425,0.153175,0.174907,0.209457,0.243891,0.250075
897.702,0.0372999,0.0443949,0.0462312,0.0427233,0.0416019,0.0536964,0.063896,0.0578985,0.0659912,0.0804394,0.0841239,0.104003,0.12498,0.133981,0.15654,0.190332,0.211707,0.24245,0.258024
898.048,0.0360481,0.0357035,0.041796,0.0300987,0.0365493,0.036393,0.043633,0.0623367,0.0532594,0.0624409,0.0802347,0.0915534,0.112216,0.128527,0.144198,0.165182,0.206113,0.216559,0.254741
898.393,0.0363485,0.0374899,0.0423624,0.039458,0.046854,0.0501059,0.0503001,0.0592113,0.0530752,0.0624537,0.0691084,0.0842528,0.103587,0.122649,0.16087,0.169423,0.198893,0.229539,0.237462
898.738,0.0415675,0.0330593,0.0446484,0.0514375,0.0480971,0.0506148,0.0469613,0.0623576,0.0594195,0.076775,0.0846744,0.0975749,0.110653,0.134922,0.155991,0.18477,0.20796,0.247401,0.255136
899.084,0.0490903,0.0490908,0.0420298,0.0567293,0.058695,0.043371,0.0502236,0.0645755,0.0625483,0.0653638,0.0780249,0.0977515,0.121421,0.128933,0.156811,0.173965,0.21684,0.238385,0.253767
899.429,0.0452157,0.0365481,0.0409051,0.0414263,0.0540748,0.0613504,0.055574,0.0533557,0.0606961,0.0689339,0.0841557,0.0964793,0.108871,0.131954,0.146335,0.17789,0.203586,0.226857,0.243194
899.774,0.0343143,0.042229,0.0471464,0.0391749,0.0413212,0.050169,0.0463917,0.0537916,0.0491957,0.0668815,0.0809034,0.0904923,0.105681,0.123767,0.145096,0.17381,0.187979,0.215599,0.25934
900.119,0.0402288,0.0483987,0.0469802,0.0449573,0.0580228,0.0517253,0.0586066,0.0522155,0.0668576,0.079043,0.0927361,0.104649,0.108958,0.13443,0.158825,0.183019,0.211167,0.236958,0.259833
900.463,0.0333263,0.0387567,0.0411842,0.0405447,0.0558273,0.0373717,0.0502145,0.0565039,0.0598411,0.0693602,0.0727337,0.0928633,0.106517,0.125554,0.149865,0.166265,0.171932,0.210539,0.23457
900.808,0.0422696,0.0565211,0.0585301,0.0455253,0.059247,0.063097,0.0629876,0.0625668,0.0720195,0.0765838,0.0890639,0.100331,0.109313,0.133409,0.163567,0.177554,0.212225,0.235615,0.258142
901.152,0.0370624,0.0349728,0.036464,0.0491686,0.0414948,0.036297,0.0496209,0.0534414,0.0564339,0.0600044,0.0898382,0.103014,0.112428,0.124459,0.151404,0.170315,0.203183,0.225935,0.23639
901.497,0.040831,0.0376556,0.0328225,0.02875,0.0326829,0.0386223,0.0444703,0.0501207,0.0501003,0.0667924,0.0725643,0.0824412,0.102776,0.114213,0.140893,0.167484,0.200023,0.22156,0.235737
901.841,0.041461,0.0446429,0.0453571,0.0470433,0.0486314,0.0438732,0.0548151,0.0482295,0.0509999,0.0749317,0.0846144,0.0948809,0.100922,0.129937,0.157651,0.171886,0.207962,0.228064,0.27575
902.185,0.0411388,0.0449127,0.0390301,0.0374677,0.0358551,0.0465553,0.0472297,0.0514023,0.058772,0.0702815,0.0860705,0.103672,0.107311,0.11269,0.154301,0.166633,0.196349,0.218998,0.238901
902.529,0.0273278,0.0302933,0.0359416,0.0320731,0.0367326,0.0401247,0.0471906,0.0572537,0.0598534,0.0524732,0.0752758,0.0938543,0.110755,0.124451,0.139033,0.168624,0.192074,0.208179,0.249747
902.873,0.0366089,0.038023,0.0401068,0.0434469,0.0507139,0.0450432,0.0474243,0.058663,0.0603671,0.0705019,0.0801113,0.0813361,0.114212,0.121034,0.138581,0.167478,0.195337,0.218112,0.246366
903.216,0.0596044,0.0602301,0.0643533,0.0606467,0.0623765,0.0715449,0.0629081,0.0776253,0.086408,0.0962316,0.0967847,0.110845,0.131785,0.129511,0.172844,0.19363,0.21771,0.247591,0.265854
903.56,0.0428731,0.0520266,0.0537599,0.0565985,0.0601991,0.0625552,0.0665532,0.0767031,0.0796279,0.0779637,0.089258,0.102777,0.121449,0.141403,0.171833,0.186073,0.225195,0.253264,0.262891
903.903,0.0584413,0.0671095,0.0580336,0.0622359,0.0643927,0.0749654,0.068995,0.0812804,0.0797968,0.0923488,0.11081,0.119379,0.121776,0.140478,0.170806,0.213439,0.21835,0.251302,0.265439
904.247,0.0241199,0.0266071,0.0247386,0.016946,0.0245654,0.0358615,0.0456121,0.0453485,0.0549893,0.0493679,0.0679249,0.088171,0.0935258,0.107528,0.137392,0.174704,0.182377,0.210707,0.239985
904.59,0.0497594,0.0375615,0.0466607,0.0435865,0.0455998,0.0400465,0.0637762,0.063922,0.0648434,0.0811016,0.0814317,0.119789,0.106913,0.127463,0.165985,0.167877,0.208097,0.247953,0.235655
904.933,0.0452365,0.0417506,0.0294803,0.0449134,0.0412664,0.0573838,0.0569782,0.0388375,0.047815,0.066277,0.07738,0.0902257,0.108492,0.129661,0.137245,0.17437,0.192998,0.229478,0.242963
905.276,0.0475741,0.0416332,0.0514358,0.0428768,0.0544792,0.0547409,0.0612379,0.0597261,0.0652752,0.0703783,0.082106,0.100255,0.109019,0.13497,0.144941,0.17015,0.202597,0.22665,0.256509
905.619,0.0317321,0.0334742,0.0329829,0.0366964,0.024112,0.0288755,0.0442793,0.049191,0.0516537,0.0584627,0.0786919,0.0950334,0.0924504,0.126446,0.141484,0.169052,0.195866,0.232056,0.23156
905.961,0.0473097,0.0359631,0.0402679,0.0449469,0.0452353,0.0404599,0.0456848,0.0552988,0.0616778,0.0640448,0.0683224,0.0874912,0.104706,0.134571,0.157091,0.182213,0.202636,0.21781,0.249668
906.304,0.0405562,0.0451788,0.0491442,0.0479197,0.0434108,0.0498392,0.0521195,0.0619947,0.0715613,0.0774308,0.0888801,0.105596,0.114745,0.126461,0.170746,0.178653,0.200221,0.224634,0.247938
906.646,0.0322486,0.0382811,0.0384998,0.0340806,0.0426742,0.0406281,0.0619726,0.0632434,0.0679523,0.0820531,0.0757617,0.0919584,0.099386,0.12136,0.152418,0.176322,0.21437,0.227316,0.237255
906.988,0.048291,0.0510757,0.045073,0.0469987,0.0496844,0.0489704,0.0598868,0.0626893,0.0603457,0.0836648,0.0705212,0.0989708,0.107673,0.10687,0.145499,0.181566,0.199793,0.237069,0.246802
907.331,0.0389577,0.0519882,0.0538286,0.0598435,0.061466,0.0701272,0.0593034,0.0782252,0.0816207,0.0835406,0.0855763,0.110489,0.121619,0.127224,0.15497,0.198261,0.219935,0.246862,0.270711
907.673,0.0372246,0.0481918,0.0506478,0.058116,0.0502977,0.0598598,0.0586637,0.0700872,0.0631635,0.0930265,0.0939175,0.0943731,0.131622,0.135999,0.160726,0.186687,0.212876,0.244662,0.251162
908.015,0.0333196,0.0315878,0.0455824,0.0451513,0.0403177,0.0534548,0.0480611,0.0497054,0.0562223,0.0790659,0.0847315,0.0909094,0.112878,0.121341,0.151279,0.189862,0.213979,0.229378,0.256619
908.356,0.0434093,0.0345123,0.0366503,0.0472877,0.0529024,0.0399781,0.0481315,0.0530527,0.0611112,0.0769403,0.0850111,0.0817098,0.0977373,0.126332,0.154263,0.173867,0.187185,0.224436,0.251953
908.698,0.0438414,0.0440497,0.0453314,0.047471,0.0572706,0.0482265,0.0653292,0.046019,0.0664732,0.0726876,0.100587,0.0894216,0.113548,0.131814,0.161802,0.182955,0.205152,0.2266,0.245542
909.04,0.0386636,0.028883,0.0463997,0.0452911,0.0539857,0.0467028,0.0619307,0.0447518,0.0580147,0.0842222,0.0908134,0.100635,0.109285,0.116182,0.148979,0.173455,0.208615,0.240871,0.249795
909.381,0.0271368,0.0401194,0.0447864,0.0454824,0.0507178,0.0542664,0.0468243,0.0471443,0.0625105,0.0683648,0.0703878,0.092,0.0933882,0.111108,0.157518,0.17025,0.197629,0.226855,0.24297
909.722,0.0475007,0.043312,0.0404254,0.0423738,0.0378102,0.0478213,0.0552744,0.0596218,0.0609509,0.0610178,0.06592,0.0912272,0.112534,0.128384,0.141701,0.184471,0.201969,0.231411,0.251767
910.063,0.0387196,0.0319132,0.0502936,0.0344676,0.0389347,0.034961,0.0344476,0.0582191,0.054829,0.0607705,0.07934,0.0853914,0.100445,0.128944,0.154497,0.186515,0.19541,0.22896,0.255451
910.405,0.0489047,0.0386223,0.0488337,0.039511,0.035433,0.0327698,0.0591761,0.0533775,0.0684082,0.077156,0.095276,0.0968883,0.109115,0.136454,0.140954,0.191632,0.199623,0.23456,0.259652
910.745,0.0348979,0.0440809,0.0478557,0.0517669,0.0582157,0.0563294,0.042125,0.0600165,0.0665108,0.0704947,0.0947369,0.0977422,0.103672,0.117569,0.137597,0.181647,0.195132,0.232304,0.246054
911.086,0.0315523,0.0471993,0.0504994,0.0400615,0.0394486,0.0445433,0.0480161,0.0448953,0.0588217,0.0679362,0.0692413,0.0838378,0.104938,0.134033,0.13694,0.169834,0.199832,0.221008,0.246984
911.427,0.0559066,0.0328038,0.0503226,0.0452186,0.0542239,0.0558278,0.0528475,0.0508901,0.0561357,0.087763,0.0767502,0.0952401,0.114643,0.136598,0.155415,0.182608,0.212042,0.237735,0.242191
911.767,0.0302311,0.0368331,0.0216771,0.0263227,0.0445655,0.0324381,0.0369103,0.0478021,0.0655775,0.0661967,0.0717775,0.0801075,0.101709,0.115559,0.146003,0.160969,0.198125,0.227145,0.22971
912.108,0.0272092,0.0348108,0.0482962,0.0482328,0.0501148,0.049907,0.0491969,0.0638857,0.0711333,0.0712138,0.081372,0.0927047,0.115886,0.123231,0.143523,0.181987,0.192466,0.224784,0.261646
912.448,0.0418466,0.0380326,0.0372842,0.0479682,0.0506501,0.0517459,0.0388154,0.0583443,0.0570573,0.0641427,0.0655705,0.0819767,0.10057,0.118053,0.139219,0.166145,0.188855,0.211745,0.243647
912.788,0.0366769,0.0434087,0.0355503,0.0356356,0.0473704,0.0388852,0.0483554,0.0489505,0.0534899,0.0656244,0.062711,0.0959628,0.106668,0.124919,0.155255,0.161815,0.178825,0.220097,0.232806
913.128,0.0407694,0.0404586,0.0350136,0.0382398,0.0497776,0.0508567,0.0467051,0.0484898,0.0655207,0.0645235,0.0814389,0.0875341,0.120236,0.135594,0.147941,0.177526,0.206964,0.233766,0.255811
913.468,0.0290963,0.0455042,0.0209114,0.0313666,0.0301289,0.0362161,0.0485015,0.0560463,0.056489,0.0680537,0.068736,0.0798353,0.090436,0.132468,0.135786,0.169886,0.211748,0.222829,0.247341
913.808,0.0359201,0.0311431,0.0463627,0.0549954,0.0453126,0.0460388,0.0534895,0.0639233,0.066175,0.0544668,0.082916,0.096153,0.0981203,0.139785,0.145166,0.18756,0.20522,0.241537,0.24694
914.148,0.0460044,0.0654199,0.0536209,0.0490535,0.0210457,0.0369087,0.0517158,0.0659038,0.0622267,0.0536657,0.0858171,0.0892241,0.116784,0.147587,0.16683,0.194586,0.216779,0.250335,0.260203
914.487,0.0410634,0.0508687,0.053851,0.0457607,0.0578767,0.0480619,0.0510927,0.0590341,0.059719,0.0791605,0.0831594,0.0998969,0.111954,0.130482,0.160703,0.192828,0.200046,0.226369,0.254796
914.826,0.046541,0.04757,0.0452986,0.0475074,0.0534174,0.0490443,0.0657538,0.0699325,0.0561899,0.0758868,0.0792624,0.100006,0.119678,0.136794,0.150946,0.180163,0.194232,0.224645,0.240586
915.166,0.0367667,0.0384053,0.0491632,0.0469735,0.0433772,0.0418664,0.0619928,0.0418291,0.0670586,0.0705875,0.0777631,0.098396,0.119639,0.134592,0.136764,0.162642,0.192486,0.230868,0.253147
915.505,0.0411309,0.0368073,0.0363279,0.0407751,0.0421887,0.0407187,0.0511305,0.0454674,0.0493456,0.0575425,0.0790052,0.0863044,0.105333,0.129512,0.135234,0.176214,0.203423,0.224946,0.245909
915.844,0.0498682,0.0334009,0.0404389,0.0378983,0.0503962,0.0433138,0.0617391,0.0623422,0.0685695,0.0690593,0.0558529,0.0952856,0.107456,0.134473,0.149045,0.16903,0.207582,0.225149,0.255328
916.183,0.0431667,0.0347485,0.0407325,0.0439583,0.0429337,0.0413807,0.0517992,0.0514853,0.0786394,0.0684822,0.0743557,0.0963144,0.109504,0.120691,0.146889,0.179824,0.213422,0.223698,0.242856
916.522,0.030588,0.038885,0.0295383,0.0287849,0.0330108,0.0301248,0.0463704,0.0481551,0.0602447,0.0473148,0.0586148,0.0886214,0.086192,0.124135,0.138868,0.164569,0.21013,0.20726,0.230401
916.86,0.0340215,0.0352957,0.0357693,0.0277925,0.0383672,0.0554936,0.0373778,0.0509214,0.0596942,0.0736244,0.0751391,0.100798,0.115716,0.129746,0.149748,0.179331,0.210957,0.221336,0.266874
917.199,0.0419917,0.0530937,0.0396678,0.0449123,0.0490647,0.0477589,0.0499359,0.0494592,0.0565382,0.0698386,0.0753946,0.0805823,0.105885,0.128451,0.14744,0.172376,0.203456,0.224578,0.248033
917.537,0.0567032,0.0499601,0.055395,0.0582269,0.0533699,0.0502575,0.0586492,0.0772576,0.0769686,0.0787328,0.0986996,0.10081,0.126422,0.144313,0.163139,0.199269,0.221781,0.228883,0.2462
917.875,0.0444992,0.0630044,0.050217,0.0605138,0.0349583,0.0480523,0.0623563,0.0807566,0.0718487,0.0733398,0.0899045,0.0950787,0.11677,0.150578,0.159529,0.182319,0.221976,0.238105,0.257579
918.213,0.0621407,0.0573762,0.0445754,0.0455105,0.0494749,0.0479626,0.0508291,0.0638548,0.057727,0.0671324,0.0835863,0.100887,0.105358,0.128697,0.127612,0.18278,0.188528,0.244422,0.246616
918.551,0.0566581,0.0474595,0.0325129,0.0706456,0.0507495,0.0536499,0.0568083,0.0788789,0.0700519,0.0889039,0.0829315,0.0995395,0.106208,0.151198,0.161359,0.181427,0.218864,0.251167,0.289326
918.889,0.0364143,0.0438525,0.0331346,0.0440155,0.0422336,0.0516675,0.0477678,0.0483032,0.0613557,0.0628029,0.0713521,0.0985269,0.11637,0.129653,0.16335,0.175159,0.197479,0.23048,0.254444
919.227,0.0365295,0.0453689,0.0374007,0.0366647,0.0543666,0.0391365,0.0626934,0.0572255,0.0642701,0.0695632,0.0773634,0.0996261,0.115917,0.131173,0.153886,0.157101,0.209802,0.2305,0.246696
919.565,0.0389999,0.0337745,0.0352438,0.0456453,0.0504203,0.0537723,0.0551608,0.0557824,0.0613958,0.0792777,0.0818445,0.0976933,0.111198,0.131179,0.163957,0.185263,0.208132,0.246171,0.258578
919.902,0.0417904,0.0440899,0.0420867,0.0419918,0.0410348,0.0502104,0.0501467,0.0599525,0.0631255,0.0646833,0.0853696,0.0831951,0.104107,0.113464,0.141135,0.168858,0.184959,0.210824,0.226159
920.24,0.0292587,0.0306995,0.034763,0.0277386,0.0376243,0.0375739,0.0252747,0.0479533,0.042514,0.051523,0.0635948,0.0881684,0.0931371,0.113255,0.115221,0.174648,0.179154,0.217746,0.233304
920.577,0.0562797,0.0525897,0.0452024,0.0560786,0.0589238,0.0477155,0.0689846,0.0639288,0.0793928,0.0667365,0.0828046,0.104683,0.133224,0.147002,0.153264,0.171671,0.219654,0.217566,0.244608
920.914,0.0404312,0.0486084,0.0289388,0.0467396,0.0321636,0.0622854,0.0634448,0.0651306,0.0578096,0.0897494,0.0881266,0.0989286,0.121005,0.119013,0.143499,0.184596,0.207494,0.235791,0.261393
921.251,0.0427824,0.0274899,0.0219353,0.0331389,0.027892,0.0443237,0.0334916,0.0515761,0.0564413,0.0697525,0.0768436,0.100617,0.116424,0.120512,0.140733,0.173509,0.18812,0.227903,0.247854
921.588,0.0414348,0.0374142,0.023829,0.0496439,0.0477486,0.0383191,0.0530359,0.051281,0.0565184,0.0627121,0.0803974,0.0933988,0.109568,0.120328,0.143513,0.156243,0.196951,0.215796,0.240304
921.924,0.048115,0.0555775,0.0530553,0.0458691,0.0584984,0.0407932,0.0522505,0.0739645,0.0621394,0.0775455,0.0865401,0.0951001,0.112193,0.123763,0.152861,0.177263,0.222465,0.270946,0.269943
922.261,0.032162,0.0499294,0.0428457,0.0381252,0.0393416,0.0327817,0.051984,0.0649139,0.0699006,0.0693583,0.0615655,0.0992944,0.122109,0.132089,0.153807,0.174027,0.187439,0.235104,0.243476
922.598,0.04297,0.0440837,0.0567504,0.0396832,0.0525086,0.0478239,0.0587873,0.0678369,0.0537726,0.0767171,0.0818595,0.117497,0.113155,0.12935,0.176043,0.178745,0.195401,0.229331,0.257632
922.934,0.0267315,0.0328609,0.0351655,0.0329243,0.034321,0.0343372,0.0401829,0.0337809,0.0501571,0.0512698,0.0710509,0.0718409,0.100243,0.118966,0.127766,0.166413,0.185675,0.226267,0.23431
923.27,0.0307548,0.0289467,0.0263211,0.0452857,0.0405554,0.0274235,0.0492907,0.0313345,0.0441345,0.0595159,0.0863453,0.0766291,0.0980402,0.1182,0.149439,0.150507,0.18378,0.232782,0.240753
923.606,0.0386839,0.0294203,0.0342884,0.0411006,0.038716,0.0339168,0.046609,0.0404633,0.0640282,0.0714737,0.066529,0.087135,0.108274,0.134402,0.148151,0.175468,0.187192,0.219903,0.253209
923.942,0.0192553,0.0387728,0.0166731,0.030067,0.0342598,0.036654,0.0414809,0.050809,0.0470243,0.0640133,0.0667366,0.0801274,0.0987214,0.120264,0.136993,0.17424,0.187309,0.221907,0.251093
924.278,0.040655,0.0626896,0.0519598,0.0500599,0.053571,0.0509769,0.0673391,0.0637864,0.0821462,0.080247,0.095164,0.0929691,0.118262,0.136052,0.162563,0.198496,0.211494,0.246085,0.253148
924.614,0.0276612,0.0421918,0.0393065,0.0490012,0.0376942,0.0472034,0.0521451,0.049623,0.0721551,0.0738904,0.0837565,0.0874016,0.123152,0.121007,0.150975,0.182935,0.206394,0.239002,0.251327
924.949,0.0376327,0.0282918,0.0291669,0.0365387,0.0488864,0.0376324,0.0544,0.050301,0.0653433,0.0596034,0.0812193,0.0933856,0.107309,0.104429,0.152155,0.184362,0.228077,0.245504,0.262732
925.285,0.028802,0.0458635,0.0541116,0.0238911,0.0525319,0.0457939,0.0545819,0.0717962,0.0701039,0.0791192,0.0796289,0.100682,0.115658,0.148162,0.163087,0.167028,0.201614,0.238215,0.245161
925.62,0.0654052,0.0549865,0.0481416,0.0537625,0.0657693,0.0603435,0.0575847,0.067278,0.0769814,0.0969614,0.0970016,0.0983285,0.128726,0.150471,0.170966,0.19149,0.218805,0.240622,0.259721
925.955,0.0416535,0.0431975,0.0533737,0.0559456,0.0384474,0.0353022,0.0462638,0.0581273,0.0618169,0.0806925,0.0662667,0.0933871,0.110015,0.131639,0.164179,0.184279,0.191585,0.240039,0.257353
926.29,0.0531444,0.0479818,0.0402247,0.0378743,0.0466022,0.0552556,0.0533611,0.0460489,0.0590732,0.0622653,0.0875769,0.0998676,0.112803,0.14686,0.140351,0.167317,0.193905,0.238228,0.256535
926.625,0.0353549,0.0511646,0.0512013,0.057528,0.0539699,0.0572841,0.0550471,0.0573694,0.0790385,0.0632814,0.0934216,0.0915956,0.102191,0.130355,0.169762,0.161964,0.208679,0.236369,0.258484
926.96,0.0553514,0.0361496,0.0610156,0.0668274,0.0553026,0.0430922,0.0617744,0.0593329,0.0733368,0.0788537,0.107252,0.111698,0.126983,0.133362,0.151257,0.184667,0.208097,0.239645,0.272793
927.295,0.0335782,0.0322497,0.0406579,0.0377131,0.0510721,0.0492846,0.0498212,0.0473051,0.0565868,0.062959,0.0612058,0.103465,0.108275,0.128763,0.139754,0.173827,0.203194,0.238861,0.240777
927.629,0.0526983,0.0702768,0.0546905,0.0607021,0.0602254,0.0556749,0.0761275,0.0701311,0.0713957,0.0746606,0.0933066,0.10304,0.137122,0.151075,0.157085,0.195209,0.213967,0.238693,0.281318
927.964,0.0409816,0.0296573,0.0336767,0.0552723,0.0448797,0.0424029,0.0515534,0.0623256,0.0727726,0.0407095,0.080152,0.107793,0.105583,0.136932,0.133865,0.175247,0.207098,0.223168,0.256479
928.298,0.0378476,0.0548238,0.043426,0.0572459,0.0599625,0.05483,0.0612307,0.070793,0.0746448,0.0894601,0.0891681,0.0897384,0.127507,0.120231,0.142893,0.182393,0.211413,0.232861,0.270106
928.632,0.0339602,0.0434195,0.0268426,0.0377004,0.0438306,0.0464266,0.0562972,0.0483251,0.0791723,0.0614026,0.0727858,0.0928732,0.117436,0.105603,0.151346,0.190324,0.203405,0.246864,0.23814
928.967,0.0521001,0.0541302,0.0470817,0.0560937,0.0522554,0.0464268,0.0638546,0.060161,0.0746579,0.072791,0.0763079,0.0995602,0.106944,0.145676,0.161347,0.180519,0.21582,0.250413,0.260944
929.3,0.0271137,0.0330851,0.0268503,0.0436299,0.0381351,0.0525432,0.046399,0.0640115,0.0520705,0.0635611,0.0904813,0.0993537,0.106023,0.135947,0.153805,0.178072,0.18954,0.229332,0.269986
929.634,0.0399014,0.0303875,0.045576,0.0507616,0.0507417,0.0459045,0.063173,0.0702603,0.0779292,0.0768894,0.0802991,0.115499,0.120604,0.141915,0.155832,0.187217,0.226468,0.257487,0.282952
929.968,0.0557533,0.043982,0.042265,0.0426698,0.0526213,0.0454915,0.0579216,0.0623149,0.0746269,0.076787,0.0850205,0.117649,0.11599,0.139597,0.150289,0.200186,0.218038,0.244981,0.259416
930.302,0.0438212,0.0384599,0.0442122,0.0317052,0.0541892,0.0442034,0.0619826,0.0612581,0.0788296,0.0866963,0.0761245,0.0909448,0.103672,0.114902,0.158734,0.168473,0.201424,0.231012,0.254857
930.635,0.040824,0.0390588,0.0374748,0.0385792,0.0404308,0.0435104,0.048179,0.0509167,0.0660014,0.075012,0.0612337,0.0832977,0.108141,0.128635,0.13297,0.185446,0.187375,0.217754,0.266413
930.968,0.0171468,0.0181344,0.0146544,0.0257651,0.0218279,0.0303718,0.0434326,0.0273176,0.0557166,0.0321524,0.0574332,0.0817198,0.073598,0.118199,0.137154,0.166435,0.196132,0.207495,0.221305
931.301,0.028325,0.0240745,0.0276577,0.027542,0.0348591,0.0352583,0.0423167,0.0374121,0.0645946,0.0549712,0.0736284,0.0806783,0.0937994,0.123286,0.151105,0.178927,0.204602,0.215127,0.234573
931.634,0.0399726,0.0298624,0.0411266,0.0293953,0.0480117,0.039911,0.0408386,0.0474159,0.0738941,0.0785553,0.0908825,0.0792722,0.114793,0.128656,0.165731,0.191818,0.213443,0.22276,0.248921
931.967,0.0401865,0.0374806,0.0255202,0.031915,0.0534863,0.0380286,0.068166,0.0621446,0.0543521,0.0752182,0.0778021,0.0935637,0.101501,0.134791,0.151024,0.166409,0.214103,0.220802,0.257987
932.3,0.0244536,0.0335343,0.0534575,0.0299937,0.0263387,0.0253072,0.0344977,0.0462208,0.0543254,0.0525471,0.0628838,0.0836926,0.0956749,0.106868,0.137764,0.181792,0.207888,0.211379,0.250853
932.633,0.0548351,0.0336954,0.0383438,0.043625,0.0280221,0.0428889,0.0443087,0.0357562,0.0526235,0.0841863,0.0744767,0.0850706,0.121992,0.118826,0.153038,0.189616,0.206685,0.226266,0.249497
932.965,0.046958,0.0314573,0.0373925,0.0343939,0.040178,0.0481167,0.0466308,0.0510257,0.0533696,0.0532394,0.0941858,0.0980031,0.105594,0.125327,0.143933,0.181368,0.189991,0.218754,0.245974
933.298,0.0300793,0.0301547,0.0264773,0.0279628,0.0493111,0.0492057,0.0475132,0.0467984,0.0564651,0.0588694,0.090441,0.0693601,0.104326,0.132554,0.136696,0.160009,0.190835,0.21683,0.235885
933.63,0.0273264,0.0423337,0.0259596,0.0386373,0.0198618,0.0411785,0.0337128,0.0443902,0.0559324,0.0702516,0.0790879,0.0738569,0.0830029,0.123056,0.151843,0.169208,0.204218,0.225309,0.256489
933.962,0.0571075,0.0499476,0.0627818,0.0515259,0.048151,0.0595239,0.0603122,0.0875111,0.0818944,0.0878097,0.0845472,0.093003,0.105023,0.144898,0.17666,0.193137,0.224304,0.220523,0.276029
934.294,0.0362836,0.0429679,0.0262402,0.0399598,0.0348419,0.0452563,0.0462199,0.0611833,0.0719892,0.0702459,0.0698804,0.100565,0.0972501,0.120321,0.147658,0.168773,0.190538,0.22073,0.24571
934.626,0.0435567,0.043203,0.0608494,0.0360662,0.0486182,0.056577,0.0481914,0.0546668,0.0536854,0.0827193,0.0867267,0.0989864,0.127863,0.129291,0.153576,0.174697,0.215214,0.228305,0.248841
934.958,0.0377409,0.0364253,0.049363,0.0200935,0.0439634,0.0455564,0.0587101,0.0603964,0.0545997,0.0663467,0.0816171,0.078262,0.112548,0.129633,0.166979,0.170092,0.210996,0.217256,0.221159
935.29,0.041139,0.0212089,0.04439,0.0328005,0.0383282,0.034024,0.0347248,0.0453598,0.0502596,0.0609739,0.0898938,0.0729641,0.0912895,0.124249,0.147098,0.184143,0.185789,0.226439,0.24621
935.621,0.0547826,0.0526287,0.038752,0.0520123,0.055839,0.0664688,0.0597108,0.062722,0.0776801,0.0696404,0.0885222,0.100645,0.102857,0.132833,0.150308,0.200696,0.240779,0.257418,0.283543
935.953,0.0402849,0.0437015,0.0390979,0.0288625,0.0555691,0.0407665,0.0429129,0.0327474,0.0522156,0.0760379,0.0791125,0.104207,0.112086,0.120753,0.142623,0.162411,0.176439,0.22009,0.24948
936.284,0.0256048,0.0483316,0.0452688,0.0426682,0.0467445,0.0500208,0.0439443,0.0707467,0.0596057,0.0676245,0.0899369,0.0873493,0.0935656,0.110056,0.156185,0.162955,0.20334,0.231083,0.245187
936.615,0.0489435,0.0444289,0.0578732,0.0386794,0.0464293,0.0396589,0.0651889,0.0755329,0.0876935,0.078552,0.0798545,0.102125,0.138408,0.137547,0.16511,0.181707,0.225623,0.216376,0.259313
936.946,0.0229935,0.0497147,0.0499545,0.05121,0.049966,0.0484346,0.0569522,0.0554604,0.0541206,0.076729,0.0742907,0.106674,0.107972,0.132075,0.15239,0.176703,0.21708,0.209816,0.227457
937.277,0.0301557,0.0373787,0.0352013,0.0313893,0.0383685,0.0286825,0.0282988,0.0296353,0.0368375,0.0632817,0.0650116,0.0705618,0.0807984,0.121881,0.129561,0.156419,0.187053,0.209887,0.231116
937.608,0.0510474,0.0357148,0.0432384,0.0433873,0.0540329,0.0450741,0.0543198,0.073457,0.0709118,0.0939191,0.0901161,0.0927487,0.114959,0.14477,0.164586,0.182996,0.200282,0.262967,0.263458
937.938,0.0509013,0.0522173,0.0348037,0.0543067,0.0727084,0.047428,0.0621338,0.0694496,0.0750187,0.0803375,0.110149,0.129426,0.147279,0.14491,0.18058,0.20019,0.247487,0.25801,0.267959
938.269,0.0566344,0.0426646,0.0284541,0.0487732,0.0552652,0.0557052,0.0606199,0.0564268,0.070739,0.0783175,0.0836003,0.0939041,0.112329,0.144156,0.164364,0.189943,0.243606,0.225453,0.252245
938.599,0.0613607,0.0345915,0.0527158,0.0324892,0.0641901,0.0662179,0.049568,0.051974,0.0734789,0.0748945,0.0792255,0.100383,0.119466,0.134955,0.14815,0.164231,0.222069,0.219112,0.262694
938.929,0.0474227,0.0561284,0.0548659,0.0524477,0.0271469,0.0652996,0.0635494,0.0403373,0.0713655,0.0770402,0.100901,0.0857443,0.118752,0.123311,0.142865,0.173219,0.200807,0.230388,0.228251
939.26,0.0356752,0.0283416,0.0274763,0.00948478,0.0488955,0.00889592,0.0484177,0.044437,0.0618517,0.046787,0.0709812,0.0628063,0.0839922,0.120348,0.129487,0.160014,0.195954,0.222915,0.222984
939.59,0.0411315,0.0332972,0.033823,0.0388153,0.0401326,0.0540901,0.0519128,0.0487241,0.0606034,0.0846865,0.0780178,0.0799013,0.103987,0.125652,0.140755,0.162176,0.178974,0.229587,0.234974
939.919,0.0173405,0.0177471,0.0260481,0.0124386,0.0418232,0.0208528,0.0291212,0.0433323,0.056851,0.0648903,0.0709723,0.070382,0.124423,0.118189,0.163273,0.158418,0.194206,0.237495,0.243925
940.249,0.045731,0.0456585,0.0397525,0.041603,0.054679,0.0586866,0.0573853,0.0598768,0.0631993,0.0842215,0.076821,0.0939245,0.118913,0.123503,0.145614,0.174369,0.206127,0.247709,0.267731
940.579,0.0544885,0.0390125,0.0385637,0.0403695,0.0574937,0.0378502,0.0416236,0.0629599,0.0654903,0.0596085,0.0866781,0.101687,0.105564,0.120512,0.181254,0.182332,0.202537,0.217576,0.257595
940.908,0.0732447,0.0527053,0.0688009,0.0429206,0.0738942,0.0510206,0.0527858,0.0694885,0.0875357,0.0971037,0.0977479,0.116025,0.115154,0.144899,0.174914,0.201715,0.210864,0.217794,0.282385
941.238,0.0190449,0.0436276,0.0483679,0.0300003,0.0500651,0.0386,0.0494976,0.0658607,0.0583306,0.0694895,0.0931641,0.0869139,0.126048,0.120795,0.143927,0.182086,0.209543,0.206154,0.250385
941.567,0.0303651,0.0449341,0.0238043,0.0456754,0.0477956,0.0376604,0.037437,0.0524826,0.0609561,0.074835,0.0789934,0.0922747,0.115371,0.142671,0.145238,0.198968,0.207743,0.22725,0.276589
941.896,0.0331284,0.0354638,0.0210111,0.035608,0.0224287,0.0291395,0.0382541,0.0485101,0.0483884,0.0613136,0.0697704,0.085384,0.0969712,0.095418,0.134197,0.141876,0.197684,0.222782,0.230104
942.225,0.0549517,0.0213122,0.0384184,0.0312824,0.0564759,0.0424412,0.0470316,0.0506733,0.049502,0.0957457,0.10575,0.0869299,0.114635,0.125949,0.164526,0.195413,0.249962,0.253583,0.288505
942.554,0.0512509,0.0371245,0.045228,0.0402027,0.0560757,0.0469169,0.0525147,0.047851,0.0470072,0.0706947,0.0951744,0.0667671,0.0961764,0.135715,0.149099,0.176104,0.207561,0.224156,0.245795
942.883,0.0485256,0.055757,0.0592372,0.0509798,0.0655796,0.0542546,0.0591996,0.0795873,0.0697273,0.0865104,0.0768931,0.10484,0.112149,0.132863,0.17015,0.183443,0.204651,0.263158,0.234391
943.211,0.0192028,0.012129,0.0244618,0.0273649,0.0210483,0.049221,0.0411657,0.0559051,0.0540155,0.0704319,0.0459431,0.0747784,0.113157,0.114318,0.137367,0.153381,0.205147,0.195023,0.211323
943.54,0.0413184,0.0452103,0.0540794,0.0327935,0.0389221,0.0539983,0.0566221,0.0558558,0.0588129,0.0761238,0.0814177,0.100518,0.123711,0.143,0.161897,0.184151,0.22915,0.247061,0.256262
943.868,0.0602691,0.0540437,0.0592488,0.0397892,0.0466592,0.0695919,0.0567597,0.0558594,0.0650183,0.0688865,0.0839955,0.0851591,0.114714,0.139015,0.144763,0.187809,0.198128,0.236675,0.253498
944.196,0.0513344,0.0461352,0.0377504,0.0452607,0.0488035,0.0578719,0.0585867,0.0745105,0.0559632,0.075502,0.0822028,0.0936529,0.10407,0.153409,0.150248,0.190446,0.199915,0.241239,0.256191
944.524,0.0367876,0.0503346,0.035284,0.0624898,0.0651888,0.0305167,0.0579393,0.0545939,0.0559396,0.0788673,0.0832849,0.103367,0.114064,0.14702,0.149845,0.183649,0.203625,0.234442,0.261282
944.852,0.0471747,0.0537504,0.0366723,0.0548388,0.0443245,0.0573671,0.0681012,0.0689908,0.0686651,0.0911828,0.10587,0.0958555,0.126168,0.142381,0.174508,0.172509,0.197071,0.218304,0.236254
945.18,0.043398,0.0295611,0.0418449,0.023272,0.0419109,0.048549,0.0492626,0.065868,0.0728717,0.0587745,0.0962819,0.0882943,0.113982,0.138879,0.162128,0.159431,0.214188,0.273741,0.258156
945.508,0.0272611,0.0448315,0.0688259,0.0453035,0.060498,0.0392819,0.0516246,0.0670215,0.0834689,0.0565559,0.0773653,0.110517,0.133987,0.110714,0.161705,0.182783,0.220878,0.24327,0.261294
945.835,0.0381127,0.0258748,0.0249166,0.0359456,0.0448322,0.0455827,0.0440716,0.0484964,0.0741748,0.0443944,0.093773,0.0883703,0.0912331,0.101335,0.132453,0.165059,0.209919,0.221597,0.255145
946.163,0.0588985,0.0342407,0.0558486,0.0480942,0.0413323,0.0549838,0.0521664,0.0596119,0.0573634,0.0771418,0.0926315,0.111746,0.117862,0.142234,0.162294,0.170275,0.213034,0.252286,0.263527
946.49,0.0402196,0.0399574,0.0336842,0.0496472,0.0443735,0.053563,0.0511935,0.0500867,0.0680371,0.0823387,0.0622635,0.100819,0.104707,0.130164,0.149357,0.168756,0.193513,0.247089,0.243617
946.817,0.0642382,0.0588191,0.035564,0.0414732,0.0495042,0.0707145,0.0621837,0.0676419,0.0592632,0.0743266,0.0899807,0.0933564,0.10707,0.118144,0.152214,0.191216,0.195681,0.252892,0.255418
947.144,0.0130464,0.0323533,0.0180444,0.0284523,0.0337075,0.0416021,0.0507919,0.0476169,0.0509558,0.0788486,0.0711399,0.089649,0.10303,0.139706,0.147407,0.154947,0.207555,0.216254,0.234386
947.471,0.049714,0.0337506,0.0413819,0.0469766,0.0363709,0.0425941,0.0621258,0.0699562,0.0786672,0.0755165,0.0694769,0.0909466,0.114395,0.134171,0.124519,0.181285,0.231611,0.206173,0.244409
947.798,0.0474791,0.032924,0.028553,0.0507583,0.0483256,0.0314629,0.0462487,0.0287841,0.0557734,0.0593748,0.0717982,0.0728069,0.100213,0.130763,0.134972,0.176628,0.180219,0.241702,0.23567
948.125,0.0567618,0.0427357,0.0457826,0.0555682,0.0201747,0.0603168,0.0481036,0.0588508,0.0533369,0.0677714,0.083958,0.102657,0.11436,0.12302,0.147729,0.161,0.172359,0.217852,0.237904
948.451,0.0553411,0.072694,0.0595226,0.0716181,0.0690611,0.0688877,0.0689072,0.0766933,0.0920396,0.0843997,0.0966291,0.120716,0.140606,0.144665,0.18039,0.213489,0.222708,0.224573,0.27162
948.778,0.0122596,0.0230747,0.0285906,0.0415018,0.0337612,0.025012,0.0344805,0.0367488,0.0344322,0.0639476,0.0521182,0.0867566,0.104319,0.106237,0.13386,0.160334,0.176016,0.190531,0.233258
949.104,0.0517625,0.0389091,0.0503599,0.0385479,0.0522396,0.0508283,0.0342134,0.0300932,0.0428644,0.0628825,0.0739433,0.0928942,0.106548,0.108839,0.171874,0.17139,0.192878,0.201664,0.249452
949.43,0.0464811,0.0380631,0.0248336,0.0543051,0.0208803,0.0420775,0.0321291,0.0424552,0.0637159,0.0652375,0.0676751,0.0947527,0.0978826,0.120991,0.135155,0.164478,0.196219,0.200519,0.244448
949.756,0.052745,0.0386369,0.042535,0.0580063,0.0695423,0.0677999,0.075775,0.058281,0.0686652,0.0935063,0.0996977,0.112649,0.13992,0.152496,0.15981,0.186164,0.247361,0.240209,0.282665
950.082,0.0383627,0.0540805,0.0347644,0.0470512,0.0424049,0.0580349,0.0406652,0.0610463,0.0886579,0.0823668,0.0825774,0.0954555,0.127069,0.120415,0.134078,0.190189,0.198089,0.24796,0.278639
950.408,0.0400041,0.0597282,0.03414,0.0441995,0.0611183,0.0503496,0.0456222,0.0799097,0.0673453,0.0962872,0.0814596,0.107905,0.124425,0.111516,0.161898,0.178609,0.21369,0.260258,0.241154
950.734,0.0194873,0.0340445,0.0369069,0.0190207,0.0497975,0.0251322,0.055918,0.0495515,0.0668983,0.0630055,0.0777518,0.097268,0.109836,0.131034,0.148024,0.160276,0.214419,0.246589,0.271503
951.059,0.0561854,0.0106194,0.0301707,0.010556,0.0426323,0.0228669,0.0516954,0.0475896,0.0381727,0.0735988,0.0454039,0.0849358,0.0862095,0.121919,0.130104,0.167061,0.187156,0.226202,0.267917
951.385,0.0406033,0.0463318,0.0404229,0.0453587,0.0353729,0.0392522,0.0432749,0.0820917,0.0621157,0.0750792,0.0770003,0.0870082,0.120823,0.140339,0.137732,0.183701,0.184216,0.212889,0.247223
951.71,0.0477118,0.0473079,0.0776591,0.0589924,0.0332024,0.0576955,0.0700603,0.0638402,0.0633579,0.0948259,0.0558381,0.103822,0.102924,0.121333,0.141614,0.173992,0.206571,0.240741,0.238324
952.035,0.0396161,0.0368168,0.0322155,0.0672438,0.0490365,0.0582538,0.0232079,0.0506008,0.04915,0.0603155,0.0843061,0.0849035,0.110556,0.121291,0.137985,0.164031,0.196857,0.211233,0.246942
952.36,0.0388418,0.0247283,0.0211236,0.0339181,0.0359366,0.0529028,0.0490924,0.0589237,0.0580607,0.0790238,0.0604249,0.1035,0.122731,0.108327,0.142878,0.187999,0.18815,0.25306,0.24915
952.685,0.00987553,0.0634623,0.0368626,0.0219243,0.0414571,0.0179946,0.0551901,0.0480033,0.0472176,0.046195,0.0795536,0.0652302,0.0986735,0.137537,0.143028,0.19306,0.200251,0.244095,0.247799
953.01,0.077655,0.0794702,0.0670681,0.0875979,0.0754351,0.0730647,0.0641514,0.104227,0.0881435,0.111235,0.124398,0.130592,0.141206,0.163061,0.195733,0.227549,0.240851,0.258418,0.281883
953.335,0.0196239,0.038966,0.0175496,0.0463513,0.0173231,0.0192752,0.0262531,0.0557518,0.0535441,0.0710542,0.0773273,0.111737,0.0819993,0.108655,0.148872,0.164196,0.190483,0.223632,0.26774
953.659,0.0294825,0.0420202,0.0211086,0.0337889,0.0467311,0.0225582,0.041251,0.0731169,0.0637161,0.0640764,0.0776133,0.0941252,0.114334,0.127302,0.153559,0.168043,0.181569,0.236175,0.234822
953.984,0.0542949,0.0744259,0.0294106,0.0338951,0.040564,0.0288802,0.0648181,0.0720656,0.0706816,0.0731138,0.0913858,0.0857366,0.107483,0.129549,0.167119,0.175523,0.230523,0.236364,0.248795
954.308,0.0416641,0.0428752,0.0119792,0.0334771,0.0441303,0.0447342,0.0781464,0.0502848,0.0784959,0.0938385,0.0773292,0.0806518,0.0998939,0.11886,0.144921,0.170293,0.220116,0.215278,0.21756
954.632,0.0324795,0.0577529,0.0244319,0.0512728,0.064105,0.0513218,0.0384188,0.0523899,0.0782002,0.0502969,0.0793155,0.121152,0.101067,0.119045,0.14053,0.161718,0.210886,0.223187,0.247907
954.956,0.0604222,0.0598417,0.050917,0.0445912,0.0672063,0.0483071,0.0787596,0.085178,0.107268,0.0800549,0.0881221,0.130529,0.139676,0.12456,0.186965,0.197385,0.223404,0.258109,0.284205
955.28,0.0444703,0.0375754,0.00741725,0.0408179,0.0309814,0.0371192,0.0390266,0.0525919,0.0590272,0.0734386,0.0784182,0.0809289,0.091835,0.100709,0.147451,0.165257,0.18906,0.207371,0.220878
955.604,0.0294679,0.0441194,0.0504363,0.0370417,0.0302863,0.0368587,0.0242573,0.0415336,0.0398807,0.0482987,0.0601391,0.0962483,0.0976884,0.0927373,0.152926,0.151532,0.191605,0.215009,0.216044
955.927,0.0620785,0.0354115,0.0392241,0.0670399,0.0717577,0.0472592,0.0465253,0.0581269,0.0681528,0.0760742,0.0865145,0.0728551,0.0863318,0.1436,0.147454,0.150925,0.2013,0.248778,0.257417
956.251,0.0257135,0.0280784,0.0356526,0.0600424,0.0321813,0.0584839,0.0556955,0.0422186,0.0564388,0.0561266,0.0900248,0.0978648,0.0893699,0.113406,0.148487,0.158703,0.198355,0.217719,0.219953
956.574,0.00742038,0.0606841,0.0286245,0.0402264,0.0602278,0.0475277,0.0444388,0.0462034,0.0491077,0.0688071,0.070767,0.100182,0.103275,0.132578,0.15959,0.200265,0.206061,0.258226,0.265298
956.897,0.0127277,0.0441644,0.0478593,0.0582027,0.0407407,0.0523771,0.0445637,0.0612369,0.0701914,0.0690264,0.0922898,0.0946968,0.112222,0.143354,0.140369,0.180047,0.198477,0.246986,0.245798
957.22,0.047301,0.0591135,0.0385009,0.0691766,0.0542947,0.0353534,0.0397255,0.0715086,0.079451,0.104203,0.0978903,0.100314,0.126867,0.127965,0.170985,0.171839,0.202567,0.243872,0.252239
957.543,-0.00364715,0.0202074,0.0375283,0.0422536,0.0567697,0.031931,0.0177855,0.0396762,0.0449497,0.0666995,0.0578155,0.0843412,0.0895276,0.117931,0.15148,0.15784,0.200762,0.237277,0.236478
957.866,0.0727089,0.0724829,0.0593001,0.0797815,0.0893953,0.0880511,0.0831606,0.080199,0.0807726,0.103522,0.102603,0.162188,0.130395,0.182495,0.176381,0.217439,0.244183,0.265696,0.309032
958.189,0.0348038,0.0413115,0.0264413,0.0134316,0.022878,0.0704177,0.0442375,0.0491367,0.0411632,0.0477858,0.0761117,0.0869269,0.0955909,0.101337,0.158284,0.165386,0.182759,0.194765,0.235591
958.512,0.0351369,0.0351665,0.0273866,0.0256997,0.0343985,0.0229488,0.0528177,0.0341948,0.0446979,0.0641723,0.0697946,0.0707225,0.0835954,0.0791666,0.140641,0.175645,0.207344,0.216622,0.236272
958.834,0.0469826,0.0348433,0.0315845,0.0168046,0.0262305,0.0464183,0.0586879,0.0356175,0.0437787,0.0648071,0.0820763,0.0812298,0.10998,0.116382,0.134073,0.150485,0.19864,0.233665,0.234264
959.156,0.0311566,0.0459748,0.0284393,0.0468281,0.03865,0.038937,0.0294976,0.0500579,0.042665,0.0794169,0.0894503,0.0809101,0.122888,0.127317,0.1274,0.18968,0.185979,0.216404,0.240349
959.479,0.0430542,0.0507892,0.0300417,0.0512533,0.0546544,0.026823,0.050806,0.0522717,0.0294328,0.0741342,0.0697392,0.0858798,0.081755,0.117941,0.146899,0.174236,0.192608,0.20026,0.235053
959.801,0.0537435,0.0647574,0.040687,0.0697327,0.0732859,0.0852455,0.0795443,0.0913478,0.0627172,0.0980481,0.112198,0.114639,0.148347,0.125856,0.19242,0.195123,0.220189,0.25424,0.290644
960.123,0.0477365,0.0489569,0.0427035,0.0528464,0.0602119,0.0688445,0.0679251,0.0511789,0.0751676,0.0713613,0.0732747,0.100945,0.11018,0.121145,0.156347,0.188387,0.20858,0.261018,0.215141
960.445,0.0346942,0.0430952,0.0592831,0.0287883,0.0800325,0.0727785,0.0568462,0.0472547,0.0749175,0.0636958,0.106107,0.110674,0.140832,0.137449,0.152572,0.196893,0.220779,0.219609,0.260265
960.766,0.0590718,0.0673744,0.0468453,0.0499727,0.0754875,0.0653045,0.0731632,0.0782645,0.0850528,0.0948906,0.10953,0.0987591,0.128694,0.140265,0.194002,0.191527,0.228354,0.240623,0.303336
961.088,0.0735624,0.0744059,0.0904519,0.0837073,0.08796,0.0856804,0.0698703,0.0738071,0.0912121,0.0880799,0.122311,0.15707,0.147055,0.13366,0.163368,0.209761,0.235304,0.309015,0.301853
961.409,0.0754899,0.0996326,0.105731,0.0798533,0.0999765,0.0699793,0.0940294,0.0681613,0.0983046,0.114167,0.101732,0.137558,0.159484,0.150177,0.162433,0.198231,0.266023,0.30287,0.311743
961.731,-0.00315874,0.0243513,0.0109649,-0.0244227,0.00521426,0.0268757,0.0435893,0.00154738,0.00507567,0.0263228,0.0425536,0.0390683,0.0604498,0.0933966,0.10151,0.170814,0.188922,0.213599,0.200398
962.052,0.0214333,0.044556,0.0389395,0.0481407,0.0525608,0.0338525,0.035632,0.0412783,0.0519639,0.0728149,0.0836324,0.0747313,0.112756,0.125278,0.168175,0.181193,0.209489,0.230964,0.225151
962.373,0.0573974,0.0526783,0.0546911,0.046706,0.0281229,0.0581826,0.0410464,0.0841879,0.0779908,0.0727087,0.0761389,0.0915913,0.113631,0.121759,0.145893,0.175663,0.201967,0.226114,0.245245
962.694,0.0480239,0.0197444,0.0570247,0.0088116,0.0400386,0.0892981,0.0556111,0.0368345,0.0521556,0.0706851,0.0818729,0.0991132,0.119459,0.127373,0.161605,0.172092,0.232108,0.228183,0.255305
963.015,0.0321104,0.0131422,0.0228331,0.0229426,0.036726,0.0423658,0.0339247,0.0283676,0.037288,0.0541564,0.067213,0.0675141,0.0903767,0.116323,0.148576,0.134051,0.163085,0.214151,0.244607
963.335,0.0751927,0.0706082,0.0666114,0.0802477,0.0701729,0.0426287,0.0845001,0.0705389,0.0744873,0.093769,0.0977346,0.120791,0.117328,0.166083,0.149384,0.200917,0.205828,0.251606,0.267534
963.656,0.0296138,0.0148692,0.0169009,0.0382215,0.0276168,0.0257533,0.0326864,0.0360382,0.0430625,0.0633819,0.0498282,0.0799732,0.0550003,0.113972,0.128513,0.144699,0.200973,0.222871,0.246643
963.976,0.0264845,0.00360533,0.0368043,0.0232443,0.0291576,0.0184532,0.0758544,0.0329392,0.0640075,0.0623207,0.0790603,0.0651241,0.106634,0.132975,0.133915,0.150465,0.232093,0.251009,0.229101
964.297,0.0190252,0.0200983,0.0370643,0.042558,0.0264596,0.0439017,0.046191,0.0680142,0.068928,0.0726683,0.0976255,0.108882,0.11835,0.131438,0.125532,0.18017,0.233071,0.209297,0.237188
964.617,0.0259526,0.0404157,0.0212429,0.0387855,0.0399556,0.0250779,0.0467618,0.0483223,0.0110624,0.0678498,0.0766191,0.0697747,0.0939582,0.105355,0.15172,0.153501,0.207085,0.212807,0.252105
964.937,0.0459186,0.0622221,0.0744434,0.0688339,0.0662638,0.0646067,0.0746854,0.0861339,0.0796031,0.0840059,0.083783,0.0903331,0.106175,0.127049,0.156987,0.203175,0.244736,0.249934,0.306977
965.257,0.0596604,0.0526861,0.0679287,0.0783272,0.0473772,0.0402956,0.0655494,0.074465,0.0752119,0.0646891,0.0948484,0.0965413,0.111629,0.114032,0.174683,0.209437,0.187186,0.235372,0.230092
965.577,0.0428947,0.0412642,0.0506198,0.0482905,0.0430755,0.0577075,0.0427239,0.059643,0.0550483,0.0725979,0.0992563,0.0959115,0.120457,0.147178,0.15079,0.163834,0.223213,0.235726,0.249765
965.896,0.0773931,0.0728604,0.0804967,0.0667664,0.0879902,0.0826703,0.0758207,0.0887852,0.0972942,0.102358,0.102863,0.108288,0.111452,0.173329,0.203522,0.199287,0.245083,0.267574,0.281511
966.216,0.0769237,0.069787,0.0458235,0.0592541,0.0633182,0.0451021,0.0709192,0.045075,0.091746,0.105084,0.108041,0.111035,0.126375,0.163178,0.180287,0.178704,0.202668,0.257065,0.245238
966.535,0.015002,0.0313974,0.0575993,0.0254914,0.0678841,0.0414947,0.0444012,0.0598029,0.0434178,0.0678007,0.0756058,0.0849384,0.10924,0.111324,0.108816,0.190008,0.220358,0.231813,0.262352
966.854,0.0698414,0.0509717,0.0740306,0.0500918,0.0791806,0.062672,0.100935,0.0905535,0.0895989,0.0634095,0.138689,0.104085,0.124752,0.136946,0.170632,0.201235,0.243112,0.274028,0.272459
967.174,0.0571465,0.0521631,0.0472401,0.0446445,0.0518067,0.0372657,0.0486894,0.0603546,0.0705021,0.0798545,0.0691576,0.0864057,0.115195,0.120325,0.165289,0.191587,0.205944,0.256225,0.251689
967.493,0.0732891,0.062313,0.0779612,0.0757909,0.084568,0.0975619,0.0605438,0.0692969,0.0875883,0.121351,0.105406,0.106177,0.136552,0.186224,0.187825,0.189489,0.23823,0.274988,0.272539
967.811,0.0257657,0.0371944,0.0134535,0.0206637,0.0231636,0.0480896,0.038224,0.0201409,0.0503138,0.0252146,0.0538635,0.0661988,0.0787521,0.101258,0.130863,0.180622,0.156482,0.218246,0.213384
968.13,0.0235878,0.0431637,0.0128455,0.0545498,0.0408208,0.0749408,0.0563117,0.0733548,0.0749365,0.048784,0.101199,0.0803902,0.0873002,0.127589,0.159257,0.169939,0.174421,0.215785,0.241266
968.449,0.0505567,0.021209,0.0200866,0.0274859,0.0413205,0.0626155,0,0.0790802,0.044896,0.0734108,0.0650763,0.0843278,0.0883916,0.118151,0.0941262,0.151186,0.203419,0.242233,0.220693
968.767,0.0311934,0.0325235,0.0159348,0.0350285,0.0188232,0.0497666,0.0428766,0.0559547,0.0443922,0.0428255,0.0722828,0.0906995,0.0782305,0.129702,0.148632,0.167305,0.213575,0.219045,0.238044
969.086,0.0318543,0.0332795,0.0604834,0.0466609,0.0540889,0.0350314,0.0836883,0.0793601,0.0641976,0.0613146,0.104039,0.105487,0.117157,0.108964,0.122463,0.174012,0.195665,0.226182,0.239539
969.404,0.0859238,0.0418816,0.103703,0.0522668,0.0561733,0.0944109,0.0856113,0.114307,0.139471,0.0664125,0.132375,0.123604,0.131892,0.184225,0.182936,0.213149,0.235357,0.28353,0.326511
969.722,0.0514411,0.0453234,0.0746228,0.0433317,0.0452579,0.0488703,0.057784,0.0888415,0.0761625,0.0919686,0.115584,0.10208,0.130224,0.155928,0.187919,0.215933,0.22406,0.237349,0.271814
970.04,0.0585253,0.0439209,0.0565315,0.0709301,0.0606532,0.065411,0.0538685,0.0620873,0.0696611,0.0896709,0.0638851,0.0911636,0.119312,0.119101,0.148504,0.155821,0.211589,0.232865,0.226031
970.358,0.0152155,0.0192309,0.0084393,0.031342,0.0519971,0.0337847,0.0233375,0.0486346,0.0531039,0.05558,0.0798596,0.0779644,0.0863622,0.111297,0.113317,0.141105,0.195693,0.211008,0.217831
970.676,0.0474137,0.0481826,0.048824,0.0424819,0.0660326,0.03914,0.0653948,0.100956,0.0701901,0.0749694,0.101439,0.0663391,0.138761,0.136395,0.166664,0.18646,0.202855,0.223582,0.248712
970.993,0.050961,0.0118118,0.0664482,0.0549466,0.0351323,0.0369791,0.0540959,0.0630007,0.0415782,0.0956234,0.0987627,0.121614,0.153733,0.127855,0.130706,0.187291,0.188274,0.26377,0.290513
971.311,0.0760499,0.0597943,0.0405668,0.0808731,0.0462638,0.0848131,0.0770836,0.0820802,0.0862617,0.0932816,0.0940068,0.16341,0.152865,0.190835,0.175011,0.203794,0.198775,0.262408,0.341062
971.628,0.0682581,0.0463834,0.0647215,0.0601466,0.0995248,0.103327,0.0458666,0.0985686,0.103653,0.110927,0.094642,0.111154,0.16415,0.142108,0.199068,0.226985,0.20686,0.239951,0.27749
971.945,0.0207252,0.0375694,0.0268022,0.0123953,0.0666977,0.00756045,0.00387557,0.029822,0.0157774,0.0828628,0.0691194,0.0754667,0.0913686,0.125207,0.157945,0.175768,0.160464,0.209631,0.231067
972.262,0.0314218,0.060356,0.0794028,0.0258681,0.0434227,0.0351298,0.0675745,0.055654,0.0383563,0.0844954,0.0727722,0.10262,0.131493,0.121436,0.144894,0.185793,0.216428,0.217887,0.249608
972.579,0.0607245,0.0561379,0.0611712,0.0128728,0.0307758,0.0484549,0.0613952,0.0672231,0.0301329,0.0827309,0.0881972,0.103909,0.125577,0.156711,0.133896,0.181657,0.258246,0.304958,0.293867
972.896,0.0554582,0.0612614,0.0383156,0.0514344,0.0702014,0.0455172,0.0691191,0.0764614,0.0785925,0.0739423,0.0908137,0.120999,0.0758901,0.114635,0.125345,0.17019,0.210904,0.224397,0.252683
973.213,0.0446794,0.0236553,0.0184995,0.0602492,0.0694778,0.0286567,0.0730114,0.0750091,0.0667789,0.0683608,0.089836,0.0886694,0.144359,0.154395,0.156661,0.157308,0.254841,0.206249,0.270447
973.53,0.0365127,0.0481893,0.0261495,0.0554326,0.0295119,0.0575542,0.0295307,0.0764157,0.0746913,0.0815802,0.0852757,0.118092,0.112869,0.147696,0.196614,0.192545,0.192192,0.22689,0.243127
973.846,0.0685015,0.0641866,0.0681166,0.0413539,0.0536874,0.0610571,0.0584805,0.0693693,0.0798421,0.0847564,0.068855,0.113227,0.129297,0.118464,0.162221,0.171056,0.214402,0.207117,0.213391
974.162,0.0367874,0.0489281,0.0389592,0.0337934,0.0624305,0.0516668,0.0165573,0.0509477,0.0425273,0.0879226,0.0638836,0.0976977,0.135167,0.121289,0.130871,0.161279,0.225621,0.220422,0.233052
974.479,0.0674631,0.0657867,0.0769657,0.0750366,0.0535437,0.0490744,0.111354,0.0702348,0.0778167,0.109033,0.0937299,0.110607,0.0978456,0.14879,0.157778,0.212395,0.250543,0.229354,0.274409
974.795,0.0540203,0.0443948,0.0472431,0.0260477,0.0804187,0.0543141,0.0450151,0.0785534,0.0785416,0.0598008,0.0558645,0.0955998,0.11557,0.167747,0.124216,0.197135,0.20652,0.232436,0.321321
975.111,0.0640622,0.0226899,0.0327907,0.0494515,0.080881,0.0332195,0.0385868,0.059157,0.0812482,0.0763569,0.0971537,0.116386,0.0851851,0.176574,0.136593,0.216386,0.226772,0.256423,0.26839
975.426,0.0515753,0.0519506,0.0715839,0.0617617,0.0437244,0.0863504,0.0520083,0.0616226,0.087171,0.0726951,0.0722859,0.111726,0.149741,0.156085,0.207426,0.207614,0.235131,0.265017,0.275001
975.742,0.0348065,0.0102867,0.00449241,-0.0096223,0.0284986,0.0272092,0.019236,0.0435241,0.0102729,0.0621183,0.0324842,0.0663392,0.0852375,0.0777089,0.132799,0.165298,0.160231,0.195374,0.22904
976.058,0.0315352,0.0498578,0.0892994,0.0170182,0.0688894,0.0695385,0.0650532,0.0527197,0.0808002,0.0622742,0.0787228,0.116787,0.132281,0.161376,0.17217,0.188665,0.226126,0.2118,0.283572
976.373,0.0891563,0.0253497,0.0350977,0.0390589,0.0661601,0.0630675,0.0451198,0.0810027,0.0640627,0.069783,0.0528621,0.107124,0.110441,0.131103,0.145198,0.204169,0.256019,0.249263,0.265678
976.688,0.0671575,0.0281603,0.055614,0.0457463,0.0238945,0.0429148,0.0400245,0.0515421,0.0752525,0.0830736,0.0558873,0.101784,0.0802456,0.161693,0.166796,0.204475,0.210191,0.236341,0.259271
977.004,0.031043,0.0226709,0.0228683,-0.0100012,0.0756732,0.0486206,0.0166784,0.0419574,0.0520515,0.0774145,0.066237,0.0740441,0.0925049,0.112014,0.184664,0.166366,0.23243,0.251805,0.250544
977.319,0.0959244,0.0294987,0.0694889,0.0623201,0.0626958,0.0622847,0.0766873,0.0664943,0.118213,0.111292,0.133428,0.095087,0.121582,0.150908,0.169168,0.20851,0.215686,0.252819,0.283989
977.633,0.0315771,0.0635939,0.033244,0.0843552,0.0284962,0.0218336,0.109472,0.0708075,0.0499721,0.0613276,0.126243,0.110059,0.169351,0.145158,0.168344,0.215228,0.225588,0.254018,0.262761
977.948,0.0364948,0.0602282,0.0818141,0.0809211,0.0598399,0.0459542,0.0648097,0.0857663,0.0843074,0.100443,0.0955401,0.120681,0.154521,0.146785,0.171823,0.204968,0.245185,0.246274,0.284114
978.263,0.0450023,-0.0137991,0.0623435,0.0661242,0.0466617,0.0517181,0.0236643,0.0300629,0.0759671,0.082306,0.0900114,0.0936792,0.100059,0.0962894,0.143669,0.178777,0.1815,0.209582,0.259174
978.577,0.0668727,0.0496039,0.0532901,0.066904,0.0789869,0.061713,0.064983,0.0500262,0.0640381,0.084025,0.117386,0.13491,0.175345,0.144475,0.179909,0.193007,0.24185,0.269788,0.323233
978.892,0.0703756,0.0477846,0.0424103,0.0550954,0.0446128,0.0564912,0.0836913,0.0683626,0.0659407,0.0791605,0.110077,0.0734231,0.130094,0.132209,0.135014,0.175991,0.246017,0.225841,0.315295
979.206,0.0752573,0.0698141,0.064661,0.0623088,0.0700325,0.0446954,0.0848464,0.0320814,0.0825885,0.0872794,0.0776987,0.0935985,0.144344,0.141468,0.158054,0.194878,0.224146,0.248392,0.241979
979.52,0.0314514,0.0518924,0.0371991,0.0339085,0.0362448,0.0240229,0.0438805,0.00784398,0.0341802,0.0362466,0.0762139,0.0697437,0.0890122,0.137476,0.142014,0.195082,0.200239,0.217815,0.235345
979.834,0.0356117,0.0454318,0.0442724,0.00914548,0.0517489,0.0268806,0.0591091,0.0120558,0.0435659,0.0765745,0.0911977,0.112894,0.150923,0.144823,0.15782,0.161982,0.169994,0.227923,0.250652
980.148,0.0638981,0.0518968,0.0525655,0.0277364,0.0584825,0.0598852,0.0417883,0.0784786,0.0603001,0.0844224,0.0578446,0.0720788,0.096137,0.136892,0.164973,0.186543,0.225611,0.234397,0.270707
980.462,0.0181029,0.0148455,0.0599606,0.0134012,0.0450553,0.0563504,0.0732013,0.0820367,0.0812265,0.108732,0.0987839,0.116809,0.155867,0.140625,0.148268,0.214877,0.234757,0.259942,0.307284
980.776,0.0481313,0.0570801,0.0617124,0.0667691,0.070225,0.0895352,0.0708053,0.074872,0.0748924,0.100588,0.131105,0.099387,0.131832,0.165011,0.183068,0.191484,0.255567,0.324111,0.330181
981.089,0.00994381,0.0319465,-0.00727124,0.0169879,0.0445344,0.000737171,0.0329979,0.0952958,0.0106279,0.0727124,0.062504,0.0570468,0.153676,0.0936207,0.128455,0.135017,0.176085,0.210585,0.245892
981.402,0.0828215,0.0313029,0.0672317,0.0589692,0.0702133,0.0683253,0.0899167,0.108138,0.0713994,0.0943155,0.0809889,0.111354,0.122929,0.138982,0.134321,0.184772,0.217907,0.266424,0.269204
981.716,0.0429331,0.0469269,0.0606502,0.0385777,0.0594453,0.0658345,0.0513436,0.0813175,0.0859148,0.0701082,0.125234,0.124493,0.103264,0.174805,0.178659,0.186769,0.203714,0.233348,0.291015
982.029,0.0108548,0.0261526,0.0240522,0.0140195,0.0671339,0.0364835,0.030527,0.0472034,0.0667912,0.0476499,0.0824647,0.0943811,0.10461,0.100524,0.139632,0.148459,0.16617,0.230673,0.23522
982.342,0.0811912,0.0641025,0.0533027,0.0361187,0.0668865,0.0515721,0.0518191,0.0434101,0.0450366,0.0755827,0.130921,0.0885345,0.136489,0.124685,0.167854,0.177567,0.174288,0.218644,0.228109
982.655,0.0130484,0.0275453,0.0322943,0.0474139,0.0284126,0.0838465,0.0324446,0.0180988,0.0360466,0.0501212,0.0741244,0.102432,0.108399,0.130868,0.193783,0.170629,0.229399,0.224368,0.202296
982.967,0.0270216,0.0100995,0.0636049,0.0398573,0.0558482,0.0478628,0.101217,0.0748886,0.0637601,0.0846864,0.0574824,0.111014,0.128972,0.102934,0.138248,0.192386,0.215056,0.270565,0.25568
983.28,0.0267743,0.0187995,0.0118304,0.027011,0.0372825,0.0193814,0.0295584,0.0250525,0.068531,0.0431229,0.0513399,0.0895095,0.079712,0.095147,0.122201,0.151753,0.216771,0.198211,0.212191
983.592,0.0247085,0.0303267,0.0244587,0.0232299,0.0079257,0.0276998,0.0452298,0.0377167,0.059348,0.0768897,0.0752819,0.0498492,0.0815492,0.117277,0.107702,0.162906,0.215262,0.255639,0.206627
983.905,0.0477209,0.0686113,0.0453988,0.0394064,0.112774,0.0437363,0.0541267,0.0715142,0.119272,0.0994523,0.121621,0.107329,0.126307,0.136844,0.200514,0.207685,0.217407,0.274754,0.309468
984.217,0.0277167,0.0305223,0.0429836,0.0587792,0.0465481,0.0154065,0.0216285,0.0230728,0.0395232,0.0531587,0.0592429,0.0887544,0.060603,0.0912178,0.144614,0.160834,0.148033,0.253984,0.2134
984.529,0.0210183,0.00723247,-0.000788981,0.0558583,-0.00641188,0.0580525,0.0325782,0.0263239,0.0425828,0.029765,0.0346072,0.101681,0.106382,0.148998,0.158143,0.172267,0.178125,0.25,0.279617
984.841,0.0854571,0.0363946,0.034426,0.0268301,0.0417541,0.0406346,0.0587018,0.0577473,0.073691,0.0577525,0.0787311,0.0893608,0.114948,0.125927,0.162269,0.193741,0.225818,0.224406,0.249277
985.153,-0.00664956,0.014933,-0.0157375,-0.00198968,0.0328435,0.0091004,0.00548276,0.0468555,0.0371084,0.0446562,0.0469062,0.0656226,0.0883662,0.128361,0.157351,0.165977,0.180575,0.225079,0.246194
985.465,0.0769398,0.0465033,0.0236507,0.069157,0.0420278,0.0364231,0.0689065,0.0484794,0.0586894,0.0539794,0.0706723,0.060061,0.0994292,0.12852,0.186477,0.178893,0.22765,0.227768,0.251507
985.776,0.00206195,0.0466839,0.060923,0.0444918,0.0229419,0.045527,0.0174594,0.0410916,0.0589141,0.0334766,0.0686958,0.0497656,0.0836685,0.116812,0.157574,0.153569,0.198847,0.190449,0.257407
986.088,0.0281937,0.0446025,0.0649267,0.0797193,0.0523587,0.0264846,0.070139,0.0614929,0.0575393,0.10118,0.0914839,0.0891552,0.115349,0.118625,0.16549,0.185364,0.206461,0.233934,0.261276
986.399,0.07507,0.111921,0.0911729,0.0655003,0.0798426,0.148786,0.137894,0.0997378,0.105805,0.163163,0.148632,0.156216,0.198275,0.173793,0.241683,0.296617,0.287535,0.2931,0.364431
986.71,-0.00157293,0.0263871,0.0426249,0.059171,0.0133552,0.0122088,0.0391,0.0436407,0.0705113,-0.000773327,0.0622705,0.107158,0.110843,0.113937,0.151333,0.161888,0.207485,0.209515,0.208197
987.021,0.0278665,0.0205494,-0.00357462,0.011594,0.0462872,0,0.0426795,0.0249112,0.0544699,0.0143545,0.0773665,0.0231879,0.0738128,0.108152,0.0949255,0.188806,0.170778,0.212668,0.183431
987.332,0.0610193,0.0533623,0.0154386,0.0261207,0.0625615,0.0388741,0.0514301,0.0561364,0.0645782,0.0623852,0.0655222,0.0428087,0.105292,0.114361,0.158601,0.138361,0.217612,0.220196,0.220881
987.643,0.0727845,0.0491506,0.0479967,0.10412,0.0604433,0.0456849,0.0547639,0.0664093,0.0912832,0.0453172,0.0956461,0.132762,0.114974,0.186619,0.192585,0.208068,0.25264,0.319205,0.294595
987.954,0.0574316,0.0918015,0.0387606,0.0190202,0.0621809,0.0595431,0.0390522,0.034565,0.0662699,0.0890043,0.0549885,0.0725352,0.0588507,0.153012,0.19926,0.17917,0.196642,0.251561,0.227718
988.264,0.0716997,0.0323027,0.0703576,0.0361056,0.0627923,0.0718409,0.0767576,0.0296059,0.0774132,0.0307699,0.0518299,0.0956123,0.148478,0.131906,0.151666,0.196112,0.195208,0.26163,0.252911
988.575,0.0584728,0.0623963,0.0499832,0.0706894,0.0773574,0.0457947,0.0633626,0.0791276,0.0830863,0.0951196,0.0676919,0.111312,0.123428,0.139811,0.178883,0.178154,0.259315,0.264922,0.227272
988.885,0.098697,0.0684796,0.0842719,0.0584871,0.128506,0.0727316,0.111494,0.0878473,0.0771968,0.115716,0.150876,0.0832658,0.210457,0.138132,0.212642,0.187398,0.238746,0.277653,0.299399
989.195,0.0764038,0.0563129,0.0378445,0.0703133,0.0488027,0.0705113,0.0757831,0.0155845,0.119214,0.0292367,0.0902574,0.124155,0.11783,0.154191,0.151732,0.20592,0.252394,0.202266,0.206678
989.505,-0.0156943,0.068941,0.0226018,0.0452604,0.0684273,0.0372974,0.0574446,0.0445512,0.0621007,0.0896414,0.0618324,0.0618101,0.135899,0.138095,0.13464,0.167078,0.191081,0.272378,0.244558
989.815,0.08617,0.0339134,0.0707401,0.0419307,0.0592212,0.0441184,0.0642048,0.0285352,0.0769647,0.0694314,0.105983,0.0869505,0.120116,0.143191,0.167757,0.145768,0.271436,0.218681,0.240477
990.125,0.0543056,0.0119589,0.0561617,0.0555775,0.0500295,0.0599194,0.0491536,0.102546,0.050658,0.0922732,0.0769446,0.106828,0.10885,0.171163,0.147631,0.144307,0.20918,0.218644,0.253303
990.434,0.0241952,0.00251617,0.0322447,0.00479198,0.0212468,0.00881161,0.0227981,0.0345547,0.0568734,0.0341996,0.0557401,0.0612715,0.106707,0.111349,0.102066,0.150906,0.197194,0.208043,0.203142
990.744,0.0672778,0.0522378,0.0618448,0.0553436,0.028694,0.0639508,0.0642647,0.10407,0.074712,0.0695634,0.0993972,0.102452,0.104413,0.172267,0.145478,0.229648,0.241818,0.206161,0.265661
991.053,0.0443523,0.0307889,0.0121821,0.0198589,0.0207561,0.0297812,0.0713425,0.0179432,0.0759642,0.0676071,0.0381188,0.110623,0.0623394,0.109472,0.125215,0.151179,0.222264,0.179549,0.205703
991.362,0.0629106,0.0236239,0.00312403,0.0249238,0.0664303,0.0470741,0.0707061,0.0235473,0.0814779,0.0306498,0.050592,0.0491836,0.0674333,0.104786,0.0868312,0.157987,0.196569,0.168497,0.210249
991.672,0.0416714,0.0703898,0.0196689,0.0467966,0.033228,0.010708,0.0782505,0.0712263,0.0761213,0.106431,0.0629724,0.090377,0.11416,0.162879,0.166788,0.215053,0.174327,0.24285,0.272987
991.981,0.0501501,-0.00093455,0.0321388,0.0554031,0.0351761,0.0518952,0.0223381,0.0704348,0.0500778,0.0302265,0.0522957,0.0720874,0.103515,0.133837,0.111754,0.158629,0.199265,0.277966,0.268937
992.289,0.109221,0.0614335,0.0299245,0.0349981,0.0444824,0.0518596,0.090975,0.113821,0.112763,0.0854605,0.145076,0.126498,0.132904,0.137611,0.190889,0.246198,0.174805,0.253925,0.254768
992.598,0.0948106,0.0657623,0.0508133,0.0606581,0.0291426,0.0816937,0.10914,0.102061,0.102735,0.112059,0.127523,0.127223,0.127742,0.139531,0.163902,0.184576,0.234114,0.236177,0.258204
992.907,0.0740149,0.0715966,0.0460679,0.0647936,0.0822963,0.113249,0.0259376,0.0979716,0.103462,0.109229,0.112722,0.125152,0.157515,0.134121,0.178123,0.165347,0.237735,0.281117,0.232289
993.215,0.0578487,0.0508434,0.0345506,0.0317446,0.0410678,0.0294745,0.046844,0.0232202,0.0485041,0.0340287,0.038929,0.0724497,0.0968252,0.123738,0.148604,0.17957,0.17818,0.22205,0.191583
993.524,0.100006,0.0651756,0.0731118,0.0719559,0.0819239,0.104887,0.0809577,0.0914137,0.0847601,0.0576093,0.120564,0.146126,0.167167,0.17271,0.188002,0.238011,0.289789,0.292851,0.276328
993.832,-0.0160365,0.0101105,-0.0020853,-0.0058956,-0.0263221,0.0268493,0.0150442,0,0.0222582,0.03099,0.0468866,0.0716421,0.0131172,0.115098,0.126613,0.138592,0.244018,0.19579,0.303389
994.14,0.0410276,0.0590124,0.0601967,0.079295,0.00829862,0.0289031,0.0303952,0.068609,0.0875136,0.073394,0.136938,0.114819,0.173592,0.127483,0.171335,0.237488,0.210428,0.211814,0.300924
994.448,0,0.0226162,0.0424337,-0.00382689,-0.000764363,0.0181014,0.0369924,0.028188,0.0374679,0.0682369,0.0370608,0.0255667,0.0865623,0.0970818,0.0981024,0.156461,0.158771,0.175919,0.221464
994.756,0.0670702,0.0376975,0.0469097,0.0671962,0.0195224,-0.000865877,0.0448758,0.0649161,0.0564779,0.0635951,0.0538286,0.0510579,0.125492,0.175683,0.20454,0.179741,0.211095,0.234503,0.277655
995.063,0.0444124,0.0263338,0.026884,0.0235881,0.0835306,0.0320124,0.0355693,0.0408615,0.0640687,0.0700326,0.0536908,0.0815353,0.0989896,0.124597,0.184963,0.145543,0.200006,0.200967,0.256527
995.371,0.0110054,0.0162052,0.00409686,0.0331033,-0.000838221,0.009049,0.00637371,0.0243249,0.0119584,-0.0049788,0.045215,0.0482059,0.0607456,0.0768563,0.102615,0.0938915,0.122978,0.203339,0.198257
995.679,0.0487251,0.0306291,0.0276473,0.0576969,0.127483,0.100353,0.0799642,0.128448,0.129088,0.127535,0.0878673,0.175123,0.133386,0.158942,0.182427,0.218832,0.207888,0.396355,0.408844
995.986,0.0397004,0.0556502,0.0279428,0.0167971,0.0479483,0.0355902,0.0445175,0.034465,0.0716087,0.0100534,0.054918,0.100096,0.156628,0.0807934,0.134775,0.1666,0.206856,0.196559,0.220526
996.293,0.04254,-0.00447421,0.0317991,0.0142633,0.0858465,0.0984327,-0.00113838,0.0453552,0.100112,0.135733,0.143966,0.109716,0.134903,0.206762,0.235889,0.240507,0.253205,0.309051,0.256838
996.6,0.0128588,0.0257698,0.00528776,0.0241921,0.0380324,0.068518,0.0800782,0.0254807,0.0653366,0.043987,0.0547153,0.117636,0.105264,0.165418,0.095478,0.185731,0.189942,0.286576,0.2691
996.907,0.079644,0.0682547,0.125753,0.0935776,0.085841,0.0777011,0.124019,0.103395,0.138413,0.13611,0.133542,0.125643,0.156769,0.164259,0.121556,0.218146,0.232873,0.265203,0.318194
997.214,0.0674654,0.05409,0.043306,0.0889793,0.050718,0.0807781,0.0558751,0.0733359,0.0123054,0.055119,0.0730083,0.117336,0.114066,0.131773,0.174214,0.113074,0.174228,0.21295,0.258694
997.52,0.0536119,0.0455529,0.036257,0.0784486,0.00735456,0.0565898,0.123552,0.0713424,0.110409,0.0632371,0.105813,0.119715,0.123969,0.122838,0.153306,0.14269,0.1723,0.217104,0.244492
997.827,0.0351954,0.0509844,0.0386535,0.10014,0.0482547,0.0979126,0.113295,0.0775754,0.0850182,0.0742039,0.0707431,0.103168,0.119485,0.142855,0.164747,0.150939,0.241681,0.226547,0.265612
998.133,0.0333877,0.00735752,0.00184614,-0.0136652,0.0189253,0.0124106,-0.0139155,-0.023194,0.0636855,0.00394463,0.0251262,0.0885696,0.0537739,0.0571074,0.108674,0.13392,0.176076,0.145564,0.200823
998.44,0.112538,0.0400004,0.0625684,0.0723591,0.0617678,0.0943621,0.0919603,0.0793698,0.1201,0.102165,0.120169,0.0842202,0.147937,0.147408,0.170469,0.199699,0.20591,0.230583,0.268386
998.746,0.0578448,0.0632905,0.0632905,0.0487223,0.090693,0.0697615,0.0331735,0.0477243,0.114591,0.0434836,0.109454,0.0911902,0.142496,0.139133,0.140784,0.229346,0.25694,0.252548,0.250377
999.052,0.0802685,0.111164,0.129198,0.0791219,0.133495,0.135633,0.118095,0.129759,0.132723,0.156127,0.109416,0.187876,0.19706,0.178668,0.216166,0.257953,0.309365,0.321473,0.309228
999.358,-0.0459727,0.00927863,-0.00295749,0.0363386,0.0301768,0.0254724,0.0562587,0.0918439,0.045146,0.08134,0.0577716,0.101504,0.136862,0.152482,0.224389,0.172624,0.248854,0.186016,0.24246
999.664,0.05539,0.0517932,0.0736078,0.0643303,0.0853171,0.0605717,0.0799518,0.0830201,0.119303,0.132335,0.10902,0.118463,0.089607,0.128392,0.157908,0.165433,0.240378,0.252781,0.263619
999.969,0.00489021,-0.00868701,0.0302116,0.022076,0.00647213,0.0378502,0.0249271,0.032553,0.0717231,0.0381288,0.0381335,0.0716734,0.0972626,0.0707552,0.0940784,0.115588,0.172876,0.18179,0.21315
1000.27,0.0330471,-0.00713692,0.0477226,0.0313626,0.04907,0.0276525,0.0194738,0.0203151,0.0441722,0.0922777,0.0537665,0.0781663,0.082555,0.134811,0.155178,0.153809,0.198304,0.24496,0.213527
1000.58,0.079364,0.116134,0.0654318,0.0878016,0.115457,0.0630888,0.058135,0.109962,0.124596,0.0773916,0.121257,0.0706818,0.132368,0.152471,0.225001,0.221692,0.204637,0.311671,0.322932
1000.89,-0.0207999,0.0483456,0.0656786,0.0583655,0.033708,0.0562826,0.0365441,-0.0111926,0.0393955,0.0525051,0.0727998,0.0475397,0.118744,0.142195,0.135735,0.19486,0.16408,0.253281,0.232289
1001.19,0.0331263,0.0511669,0.0563391,0.0481881,0.0638691,0.0712858,0.0268754,0.0729623,0.0755931,0.103425,0.0966021,0.0869469,0.122338,0.104063,0.22012,0.178358,0.202622,0.231667,0.266488
1001.5,0.0224828,0.0614762,0,0.0791352,0.0429857,0.105806,0.0317008,0.0372119,0.0948538,0.0992477,0.111394,0.0863847,0.11336,0.185281,0.194879,0.208182,0.185854,0.253008,0.256403
1001.8,0.0382266,0.0292748,0.0463376,0.00188446,0.0455757,0.0539876,0.0739059,0.0327203,0.0548568,0.0356241,0.0646081,0.0900924,0.0902585,0.122102,0.0933134,0.182125,0.161376,0.193597,0.24089
1002.11,0.00420918,0.0224355,0.0464112,-0.0547942,0.0163957,0.0334757,0.0383584,0.0597799,0.113979,0.0310822,0.101751,0.112685,0.147541,0.157882,0.127119,0.192683,0.219124,0.175041,0.279117
1002.41,0.0363643,0.0479227,0.0431259,0.00472246,0.0889993,0.0585572,0.063299,0.0392454,0.103462,0.0804358,0.0598206,0.0325063,0.127495,0.185947,0.0969925,0.158925,0.233767,0.293677,0.240995
1002.71,0.054108,0.0243489,0.072707,0.0263951,0.075465,0.039667,0.0738822,0.0528565,0.071264,0.0720162,0.0926104,0.145861,0.157168,0.132397,0.180169,0.163194,0.22218,0.221359,0.329867
1003.02,0.00591067,-0.0330678,-0.00229885,0.0468044,0.0127614,-0.0237931,0.0104088,-0.0358526,0.0199387,-0.0160796,0.0124306,0.132735,0.0438391,0.106057,0.130433,0.151707,0.202587,0.152134,0.185281
1003.32,0.0315561,0.0639162,0.0575601,0.0559996,-0.00414106,0.0568335,0.0531023,0.057196,-0.00514132,0.0642793,0.0484203,0.102407,0.0987108,0.138933,0.167643,0.174737,0.222338,0.19854,0.172091
1003.63,0.024888,0.0536202,0.00839103,0.0443715,0.0609396,0.0288528,0.0694732,0.0579781,0.0546051,0.0607304,0.159039,0.0913298,0.116915,0.164324,0.176715,0.182212,0.198227,0.216195,0.290065
1003.93,0.0165656,0.0515599,0.056679,0.0366595,0.101958,0.0859251,0.111324,0.0597335,0.103504,0.0454317,0.118392,0.0945202,0.138163,0.109247,0.213502,0.193629,0.209356,0.234426,0.25535
1004.23,0.0944189,0.0668745,0.0388031,0.0138931,0.0557428,-0.00596971,0.0458426,0.0769372,0.0803773,0.060626,0.0983697,0.0837216,0.125179,0.139512,0.15902,0.161372,0.209654,0.250009,0.220257
1004.54,-0.030458,0.0186438,0.0193902,0.0115709,-0.00446355,0.0228807,0.0824863,0.0852836,-0.0429469,0.0552191,0.0306979,0.0532582,0.110702,0.0773542,0.101743,0.115473,0.122729,0.216759,0.254797
1004.84,0.0705674,0.0692484,0.110773,0.0233326,0.0777263,0.126178,0.141725,0.0420511,0.107232,0.0934933,0.097066,0.144503,0.158573,0.144566,0.182215,0.184414,0.260449,0.229195,0.228698
1005.15,0.0193675,0.0355803,-0.0159497,0.00215891,0.0160343,-0.0559645,0.00221996,-0.0106701,0.0749087,0,0.0747757,0.0569864,0.0425957,0.0178822,0.078757,0.0922805,0.199018,0.182939,0.195633
1005.45,-0.0151972,-0.0171775,-0.00763236,-0.00843972,0.0285723,-0.023481,0.0292574,0.0561947,-0.012904,0.0694468,0.0221362,0.026673,0.0632659,0.201302,0.125597,0.108954,0.188433,0.209147,0.228813
1005.75,0.0538227,0.051241,-0.00309749,0.0528962,0.0312106,0.0439782,-0.00323453,0.0373574,0.0979653,0.0727128,0.0138168,0.0288845,0.0772626,0.115947,0.100829,0.111838,0.183543,0.228695,0.19322
1006.05,-0.0564436,-0.00388796,-0.00790883,0.0103197,0.0430489,0.0333013,-0.00652869,0.0145826,0.0201342,0.037286,0.0616597,0.0899161,0.0685432,0.161769,0.234406,0.183188,0.228422,0.165059,0.231755
1006.36,-0.0014067,0.0028109,-0.0776457,-0.0360437,-0.0224631,-0.0433615,0,0.00700228,0.0042051,0.0170939,0.00417173,0.00569797,0.0580815,0.080182,0.070608,0.131409,0.193511,0.106529,0.23261
1006.66,-0.018016,0.052917,0.0342702,0.0791339,0.0910382,0.0730701,0.0927835,0.0287744,0.0131766,0.0760733,0.130488,0.117391,0.162,0.146846,0.221853,0.124561,0.231569,0.264433,0.29359
1006.96,0.0409498,0.05253,0.0366791,0.0103937,0.0944889,0.0734838,0.0690242,0.0714651,0.0792231,0.0526335,0.0345747,0.115271,0.145119,0.113804,0.171492,0.165032,0.148686,0.231692,0.240429
1007.27,0.141322,0.0766746,0.126211,0.0940849,0.0723099,0.0412449,0.0531335,0.0739835,0.129943,0.134367,0.160395,0.148253,0.114246,0.191413,0.249488,0.246204,0.254688,0.268565,0.282768
1007.57,0.0836697,0.0693497,0.0631725,-0.010643,0.109886,0.0279562,0.0807394,0.0613839,0.130253,0.0692827,0.064294,0.173957,0.165638,0.153855,0.202129,0.164706,0.181677,0.268093,0.290947
1007.87,0,0.0505956,0.051669,0.0609038,0.114562,-0.0586971,-0.0016228,0.0621768,0.0794423,0.0894668,0.0578531,0.109479,0.0976438,0.187397,0.166209,0.25627,0.258096,0.285311,0.259438
1008.17,0.135123,0.0492774,-0.0302147,0.0837902,0.0775348,0.0538534,0.153873,0.0870034,0.0611971,0.101687,0.0366492,0.0912111,0.0980668,0.133576,0.22155,0.134603,0.181514,0.294194,0.263877
1008.47,0.00104912,0.0320011,0.00405042,0.0204639,-0.0169277,0.0547838,0.0772394,0.0560095,0.104443,0.0638458,0.129529,0.0924389,0.0716274,0.082637,0.143186,0.143914,0.159172,0.211059,0.23285
1008.78,-0.0370882,0.0242214,0.0733184,0.0285353,0.061998,0.160239,0.0121107,0.0748821,0.131566,0.035138,0.086543,0.108733,0.0925815,0.137014,0.153834,0.211225,0.223099,0.323947,0.229368
1009.08,0.070342,0.0728987,0.0613884,0.0486058,0.0652673,0.0520377,0.0336815,0.144664,0.112627,0.111428,0.115248,0.228109,0.208965,0.115235,0.212006,0.227792,0.245744,0.246337,0.228657
1009.38,0.0288021,0.0586584,0.0576713,-0.0209014,0.0381759,0.0116746,0.0398798,0.0167608,0.0195398,0.0522407,0.0333252,0.0802273,0.140194,0.15678,0.158743,0.201341,0.159066,0.204013,0.221199
1009.68,0.180281,0.0735051,0.132991,0.109077,0.172364,0.0876336,0.165503,0.106587,0.135816,0.129745,0.168019,0.188503,0.226028,0.222715,0.336834,0.240491,0.304601,0.2648,0.373
1009.98,0.188311,0.159345,0.211516,0.202513,0.271102,0.171704,0.248197,0.164532,0.20085,0.20703,0.246649,0.227439,0.240814,0.281063,0.2485,0.376208,0.387394,0.386653,0.4654
1010.28,0.0518222,0.00733894,0.0363476,0.088193,-0.0155851,0.0555824,0.101591,0.045018,0.0626002,0.0930163,0.0957013,0.0224465,0.182757,0.161623,0.219143,0.191434,0.199912,0.282965,0.229734
1010.59,-0.0824145,-0.0372066,0.0181031,-0.0553316,0.00132817,-0.0118522,-0.032711,-0.00688294,-0.0748818,-0.00525457,-0.0145222,0.0759839,0.0701329,-0.00562351,0.12626,0.0898805,0.110341,0.261148,0.200145
1010.89,0.0740679,0.0860602,0.0967479,0.0932384,0.139257,0.0674043,0.128393,0.0420346,0.166022,0.0933008,0.0640558,0.0523634,0.113172,0.151732,0.0997337,0.179266,0.199343,0.237843,0.26667
1011.19,0.025462,0.0442339,0.0440593,0.0798245,-0.00150135,-0.00588503,0.0369659,0.0375399,0.0991194,0.0808986,0.0387431,0.0982019,0.0342621,0.172485,0.130936,0.134504,0.231716,0.193915,0.222433
1011.49,0.116069,0.149149,0.102285,0.0432096,0.131506,0.0735495,0.110687,0.147154,0.0739069,0.115007,0.0942828,0.185345,0.133121,0.185,0.156105,0.268179,0.246687,0.328977,0.269151
1011.79,0.123774,0.137094,0.0746945,0.0801143,0.134612,0.103575,0.127859,0.103179,0.140731,0.0322952,0.112851,0.253343,0.122869,0.145167,0.20193,0.311668,0.20521,0.337495,0.326511
1012.09,-0.0432558,-0.00281031,-0.00454724,0.0212697,0.0538194,-0.0509134,-0.0615443,0.0168078,0.0312827,0.026698,-0.0305575,0.10313,0.11569,0.0303445,0.0768618,0.0865855,0.113176,0.161206,0.222587
1012.39,0.0610131,0.0236716,0.0942479,-0.0338557,0.0989149,0.103433,0.0468528,-0.0270832,-0.0113639,0.159414,0.137119,0.113349,0.130181,0.215028,0.201893,0.294254,0.223726,0.29643,0.292289
1012.69,0.00348165,0.00851203,0.058043,-0.00685905,0.079222,0.10589,0.00372861,0.0781232,0.0926271,0.0645007,0.073007,0.100011,0.139316,0.0756,0.151048,0.105935,0.177939,0.161775,0.251567
1012.99,0.0271414,0.0178713,0.0496457,0.0316293,0.128231,-0.0427646,0.0223909,0.0619096,0.058727,-0.00148445,0.128984,0.104374,0.0818341,0.071315,0.0585426,0.125864,0.180054,0.242124,0.236198
1013.29,0.00315954,-0.0758831,-0.0209117,-0.00595841,-0.0315815,0.0236447,-0.0774088,0.0273117,0.0539955,-0.0203624,0.0680813,0.0298261,0.0058581,0.0530444,0.108011,0.0721013,0.218234,0.247182,0.185102
1013.59,0.00288451,-0.0272295,0.0790011,-0.0351865,-0.0130513,-0.0356724,0.00427394,-0.00869654,-0.0145485,-0.00841432,0,0.00292062,0.00546504,-0.00275185,0.0784394,0.104778,0.105325,0.212263,0.213911
1013.89,-0.02976,0.00993987,0.0582288,0.0521702,-0.046684,0.0503684,0.0356646,0.0912207,0.0567587,-0.00331329,0.0615562,0.0465471,0.104683,0.0554798,0.132963,0.141651,0.175346,0.308831,0.224269
1014.19,0.0702789,0.0564246,-0.00331281,0.00902664,0.153398,0.0706277,0.0961022,0.0192487,0.016269,0.0185424,0.0779627,0.061895,0.162821,0.0893443,0.1354,0.234429,0.245602,0.240639,0.157488
1014.49,-0.0340641,-0.0257342,0.0310246,-0.0200988,0,0.0250411,-0.0905995,-0.103685,-0.0126689,0.102444,0.0803012,-0.01758,0.0634949,0.163928,0.14274,0.1588,0.205626,0.284663,0.0921771
1014.79,0.0748561,0.0863467,0.132319,0.130221,0.0427964,0.132471,0.11095,0.154185,0.162138,0.0879096,0.154787,0.182132,0.19967,0.187291,0.169108,0.23253,0.308112,0.328181,0.375261
1015.09,0.0786473,-0.0551499,0.0570765,0.0884768,0.0384739,0.100829,0.0111475,0.0747582,0.0306512,0.0473403,0.0613371,0.042742,0.115563,0.156288,0.166571,0.23155,0.203839,0.257696,0.293872
1015.39,0.143792,0.0417857,0.0859748,0.0600187,0.15512,0.133875,0.0912407,0.123283,0.0444057,0.226792,0.136023,0.11212,0.0957429,0.11064,0.241277,0.199595,0.246082,0.342162,0.316375
1015.68,0.130222,0.0927043,0.0620268,0.0714409,0.0988304,0.111286,0.0871787,0.0856291,0.0351718,0.0950512,0.133159,0.0833075,0.136916,0.0878604,0.146386,0.202042,0.219342,0.202541,0.299102
1015.98,0.162281,0.113034,0.135418,0.116991,0.106234,0.0808041,0.161197,0.140658,0.106424,0.179928,0.0660096,0.181787,0.189708,0.177862,0.195243,0.29167,0.288647,0.315155,0.355938
1016.28,0.0724051,0.0427697,0.023331,0.101637,0.125449,0.0608674,0.0567474,0.0825968,0.110989,0.0693241,0.0742758,0.0567474,0.139649,0.187854,0.156865,0.167384,0.311983,0.250475,0.280577
1016.58,0,0.0331142,-0.023558,0.120525,0.122656,0.105629,0.054808,0.158284,0.114198,0.10832,0.121448,0.168511,0.188011,0.164074,0.179552,0.211151,0.243826,0.240867,0.308413
1016.88,0.0650375,0.0511064,-0.0451904,-0.0466482,0.0320613,-0.0279361,0.0390164,-0.0296991,-0.059031,0.0194495,0.0452236,0.0749939,0.0515354,0.0356798,0.0363995,0.0467179,0.157995,0.162223,0.256468
1017.18,0.0601259,0.0729912,0.0808671,0.122538,0.244273,0.0733688,0.13191,0.158632,0.0469012,0.127701,0.161307,0.165435,0.139972,0.19172,0.108923,0.24167,0.265757,0.327965,0.265696
1017.48,0.0862687,0.0336424,0,0.146407,0.024367,0.0505033,0.0841974,0.0557715,-0.0214836,0.0839169,-0.00494267,0.12073,0.149069,0.166125,0.143517,0.143832,0.228994,0.235928,0.283566
1017.77,0.079946,0.0600901,0.0856483,0.122687,0.109362,0.016944,0.0763293,0.105024,0.0652301,0.0133709,0.0178404,0.127812,0.195877,0.172485,0.15745,0.185937,0.253887,0.167034,0.302801
1018.07,0.0479123,0.0766188,0.0302229,0.100656,0.0220247,0.0938306,-0.0473732,-0.0110101,0.0683512,0.0221619,0.126721,0.110451,0.179223,0.187343,0.178058,0.145854,0.214409,0.231181,0.286757
1018.37,0.150611,0.099838,0.137947,0.184774,0.0517455,0.170877,0.150894,0.0743475,0.0881986,0.0946325,0.207762,0.129759,0.204502,0.259545,0.23126,0.262852,0.397302,0.338398,0.292048
1018.67,0.0952974,0.0579747,0.0393828,0.0188418,0.0625031,0.0752373,0.0441025,0.117992,0.0624587,0.05861,0.0533277,0.12038,0.0423542,0.0913083,0.181171,0.131444,0.188318,0.157998,0.20861
1018.96,0.189194,0.121387,0.150656,0.129749,0.11757,0.0992118,0.121271,0.013815,0.0928764,0.0816925,0.238377,0.222619,0.211673,0.112205,0.214871,0.228644,0.349432,0.407002,0.370551
1019.26,-0.00280945,-0.0320409,0.0228408,0.0107257,-0.0344462,-0.0512419,0.046903,0.0528376,-0.0258352,0.0436601,0.0194387,0.0306139,0.0640455,0.0560433,0.0573069,0.0832984,0.142596,0.122472,0.148429
1019.56,0.116457,0.0885418,0.111733,0.144033,0.191622,0.153901,0.148244,0.134362,0.180098,0.14092,0.175266,0.163947,0.22216,0.174143,0.174934,0.19561,0.221296,0.311584,0.379935
1019.86,0.0161191,0.036365,-0.00136698,0.0184605,0.0666008,-0.0344349,0.0404111,0.0082693,-0.0512086,0.0726474,0.0396213,0.0479747,0.104587,0.0576482,0.0717674,0.0528773,0.150164,0.180025,0.12002
1020.15,0.0129562,-0.12063,-0.0765518,-0.0158601,-0.0161745,0.0180979,-0.00535195,-0.0116193,0.101749,-0.0262416,0.0129728,0.0405635,0.14558,0.0581335,0.172159,0.0551385,0.118946,0.170737,0.247675
1020.45,0.0646182,0.0351506,0.0507314,0.0117208,0.043059,0.0705225,0.0892193,0.0131153,0.0429852,0.12651,0.152043,0.195571,0.114542,0.160165,0.151531,0.211419,0.244124,0.290938,0.203089
1020.75,0.0214948,0.0888473,0.0643686,0.049277,0.110958,0.00699252,0.063741,0.0605201,0.102845,0.0573509,0.121777,0.134294,0.150528,0.0494991,0.182637,0.181235,0.192241,0.293762,0.288245
1021.04,0.0521106,0.0564754,0.0575554,0.16281,0,0.153333,0.0538768,0.0909052,0.126245,0.181747,0.101769,0.204327,0.115911,0.178465,0.170544,0.203763,0.192653,0.389053,0.378597
1021.34,0.0241711,0.0651131,0.0649198,0.0412426,0.0837089,0.0802496,0.0578114,0.0897652,0.112456,0.0630872,0.0878884,0.0778231,0.0723072,0.102541,0.117636,0.0934621,0.277262,0.189125,0.186898
1021.64,-0.0941946,0.0282873,0.0167058,0.043311,0.0590019,0,0.0616422,0.0280979,-0.00349121,0.0294378,0.0268833,0.063482,0.152251,0.0759376,0.108432,0.162221,0.14349,0.218136,0.15886
1021.93,0.0739033,0.0312836,0.00503886,0.0452558,0.139076,0.090173,0.102234,0.122168,0.0532508,0.104897,0.0321475,0.0476451,0.122873,0.111879,0.204648,0.199889,0.113871,0.176768,0.231788
1022.23,-0.0185697,-0.0538521,0.0312661,0.127674,0.136501,0.10431,0.0590741,0.143462,0.0661521,0.0354319,0.104647,0.0467103,0.154106,0.103272,0.129727,0.118342,0.191275,0.332086,0.315016
1022.52,-0.0160007,-0.0586202,0.0348145,0.0428,0.0240338,-0.00305955,0.112371,0.111674,0.0309494,0.062716,-0.00160541,-0.0489097,0.00743421,0.0906558,0.0390758,0.184454,0.186567,0.191807,0.265543
1022.82,0.0291359,0.0483286,0.153555,0.139136,0.127042,0.0837863,0.16865,0.164079,0.0871868,0.151195,0.0914398,0.0975358,0.179021,0.205079,0.249211,0.199969,0.267705,0.357494,0.349908
1023.12,-0.00831416,-0.0246604,0.017648,0.0336288,-0.0258319,0.0230427,0.0668306,-0.0118822,0.0655657,0.103046,0.034482,0.0520834,0.0831574,0.137165,0.133681,0.0869978,0.207133,0.134098,0.196722
1023.41,0.0236958,0.179738,0.0769927,0.141748,0.152246,0.0833399,0.0998151,0.0725964,0.0549567,0.108478,0.108306,0.15074,0.260041,0.250623,0.172054,0.21365,0.184318,0.361339,0.297275
1023.71,0.0931937,0.154741,0.0899074,0.0482277,0.0792378,0.0964344,0.0891256,0.190248,0.0398221,0.114108,0.12561,0.199154,0.275461,0.246065,0.183105,0.326586,0.336867,0.249399,0.369649
1024,0.0986911,0.130215,0.143595,0.241088,0.0872675,0.00570919,0.187069,0.155557,0.0375337,0.0943873,0.158409,0.113477,0.223206,0.336969,0.284009,0.176321,0.264761,0.334275,0.309644
1024.3,0.0721836,-0.0107634,0.110274,0.0477662,0.0707934,0.12251,-0.0275265,0.0427592,0.00565923,0.050333,0.0721002,-0.0164917,0.190735,0.116663,0.104823,0.378894,0.239841,0.251474,0.360338
1024.59,0.140207,-0.0393687,0.0157456,0.0852768,0.16194,0.134497,0.11209,0.131442,0.11626,0.12627,0.130144,0.132663,0.14698,0.154217,0.265641,0.210457,0.184934,0.285106,0.378581
1024.89,-0.0114533,-0.102868,-0.0157999,-0.0768576,0.0609661,-0.15714,-0.138123,-0.0844164,-0.0267316,-0.168037,-0.0904627,-0.209042,-0.173381,-0.0985638,0.102314,0.0448399,0.180545,0.193472,0.204912
1025.18,0.145454,0.0382115,0.0208613,0.029816,0.0132331,0.0788732,-0.0310303,0.105429,0.0387683,0.108543,0.0734752,0.0343393,0.142245,0.17831,0.0857211,0.139109,0.20766,0.12996,0.221817
1025.48,0.0118645,-0.00770242,0.0386499,0.100092,0.0227824,0.174932,0.0453091,0.0286309,0.0824531,0.0224704,0.117733,0.107559,0.191585,0.200331,0.189397,0.29145,0.130139,0.212805,0.337104
1025.77,0.183013,0.133372,0.205408,0.211802,0.0300943,0.00757656,0.195458,0.135699,0.19401,0.242818,0.1691,0.249514,0.168358,0.232145,0.189991,0.27866,0.285393,0.376222,0.3202
1026.06,0.00438379,0.0177528,0.0668495,0.0503853,0.0637473,0.0940599,0.0682321,0.0602465,0.0767726,0.0684621,0.0724594,0.129956,0.174219,0.12895,0.136171,0.238308,0.238865,0.24649,0.237525
1026.36,0.0782324,0.0814415,0.048255,0.0480145,0.181028,-0.0413743,0.0586776,0.0503856,0.0673888,0.13903,0.160837,0.0992398,0.252792,0.188894,0.24509,0.417119,0.297473,0.438371,0.386781
1026.65,0.116235,0.0881336,0.0402828,0.129228,0.120698,0.0291941,0.11087,0.112707,0.0408839,0.130213,0.0661871,0.117576,0.159694,0.0589227,0.173628,0.101696,0.186514,0.174212,0.22019
1026.95,0.0158072,0.16317,0.0803877,0.164316,0.119279,0.174475,0.078351,0.191339,0.137132,0.221199,0.077044,0.100576,0.299407,0.242374,0.199993,0.230456,0.221103,0.29973,0.300675
1027.24,-0.024601,0,-0.0617018,-0.0606277,0.00216553,0.0412683,-0.0896682,0.0242871,0.0191982,-0.0246408,-0.0179858,0.0266081,-0.0421595,0.0551739,0.010575,0.0601514,0.0941516,0.111153,0.233379
1027.53,0.0613163,0.0257754,0.00561147,0.0927916,0.093963,0.0188671,0.0768448,0.0193308,0.0857524,0.0409609,0.162776,0.0862547,0.122673,0.11436,0.088454,0.214531,0.176648,0.283708,0.226919
1027.83,0.0671515,-0.00946842,0.113233,-0.0102227,0.102538,0.0889141,-0.0186116,0.01018,0.125032,0.193615,0.0830098,0.0375818,0.225847,0.0737427,0.243373,0.15758,0.131922,0.295117,0.319945
1028.12,0.0312817,0,-0.0190273,0.0167654,-0.013617,0.0141599,0.00936319,0.0479305,0.0124105,0.0565942,0,0.0206899,0.0260339,0.122431,0.0892073,0.0777502,0.137608,0.118818,0.261816
1028.42,0.0841096,0.057457,0.135503,0.0928152,0.139016,0.0464927,0.0502167,0.133195,0.0827307,0.131186,0.220676,0.122386,0.0732763,0.22233,0.278432,0.196903,0.17837,0.287047,0.325116
1028.71,0.177819,0.0783659,-0.0864727,0.133475,0.00288796,0.202192,-0.0140095,0.0791908,0.107879,0.215737,0.110806,0.234639,0.233382,0.190655,0.184926,0.168131,0.350805,0.356737,0.286595
1029,0.131674,0.218867,0.0751533,0.0707017,0.130266,0.124426,-0.0493234,0.212167,0.0809893,0.1955,0.133606,0.16814,0.114496,0.259762,0.239878,0.306275,0.147039,0.297685,0.277265
1029.29,0.0107622,-0.026804,0.0261062,0.0775178,0.0512701,0.113028,0.045518,0.0355152,0.0778054,0.0739656,0.0516826,0.0200001,0.0263293,0.0752678,0.164299,0.200399,0.118967,0.182492,0.218736
1029.59,0.106472,0.0630609,0.150452,-0.0255705,0.131335,0.0835446,0.0866479,0.0355134,0.0805547,-0.029724,0.202244,0.15102,0.184878,0.138112,0.102305,0.128135,0.169897,0.193095,0.203587
1029.88,0.122182,0.16504,0.0779274,0.0489708,0.133756,0.103834,0.108194,0.0690116,0.0763927,0.122101,0.212574,0.164571,0.215397,0.166241,0.381144,0.252804,0.358771,0.426021,0.376695
1030.17,-0.039848,0.0397558,0.0829473,0.0219259,0.0458527,-0.00434568,0.110962,0.0958499,0.0984002,0.0374657,0.0628086,0.152925,0.139292,0.148708,0.221678,0.239865,0.177094,0.248533,0.312097
1030.46,0.108792,0.244733,0.150191,0.0846607,0.211023,0.151119,0.268678,0.159087,0.156233,0.102748,0.173508,0.175652,0.278602,0.286824,0.358422,0.342278,0.345192,0.401871,0.380243
1030.76,0.0503243,-0.0721373,0.0550973,0.0701401,-0.0104621,0.0917387,0.0710232,0.0287018,0.0645851,0.0649331,0.128371,0.0716093,0.0818595,0.0730996,0.177196,0.117482,0.171169,0.305874,0.465949
1031.05,-0.0300533,0.132679,0.120213,-0.0476664,-0.00530715,-0.0139858,0.179327,0.112492,-0.120346,0.0350726,-0.00586073,0.109516,0.219661,0.153103,-0.0711613,0.0482387,0.150266,0.261629,0.259741
1031.34,0.0420997,0.0833179,0.0114163,0.0277708,0.0909174,0.0640813,0.0482647,-0.0107132,0.00945184,0.010397,0.0708941,0.135937,0.125602,0.0164524,0.146995,0.15313,0.140153,0.142588,0.139923
1031.63,0,-0.00829009,0.101133,0.0684459,-0.00185774,-0.0135179,0.120472,0.11542,0.0855394,0.0435609,0.0499055,0.0910327,0.129763,0.0747383,0.203955,0.249509,0.111603,0.203832,0.273524
1031.92,0.116274,0.0465796,-0.0291072,0.0842989,0.0804399,0.0105045,0.100356,-0.00444263,0.0682496,0.108236,0.133043,0.137847,-0.00397871,0.0885028,0.149013,0.314387,0.240095,0.205209,0.279859
1032.22,0.0112041,0.0315788,0.184483,0.104334,-0.0401886,0.0315227,0.147012,0.0808795,0.0839965,-0.00255872,0.131334,0.143212,0.0920625,0.216363,0.23146,0.183807,0.0942181,0.263889,0.376196
1032.51,0.121771,0.324564,0.306778,0.182289,0.0899321,0.177231,0.20492,0.376776,0.240919,0.226381,0.169658,0.18573,0.284898,0.118467,0.194955,0.330157,0.327636,0.310202,0.26742
1032.8,-0.020832,-0.0630518,0.00591614,-0.028512,-0.0768354,-0.0617865,0.035214,-0.0158741,0.037698,0.0377723,0.111812,0.0967964,0,0.242925,0.251791,-0.074275,0.242989,0.308184,0.251718
1033.09,-0.0185329,-0.120213,-0.0991901,-0.0894691,0.0240427,-0.0783277,-0.175534,-0.0312432,-0.213683,-0.0121031,-0.231236,-0.142618,-0.0412661,0.0307716,0.0591738,0.115744,0.0893488,0.222539,0.287675
1033.38,0.00284214,-0.122492,-0.0907706,-0.0385675,-0.103535,-0.114203,-0.0978408,-0.165378,-0.0882045,-0.222751,0.0199472,-0.0133226,0.151056,0.200025,0.275498,0.174829,0.232291,0.210985,0.147189
1033.67,0.0344326,0.0612997,-0.0761957,-0.0304433,0.0346913,0.156912,0.0840478,0.0572923,0.039238,0.0576365,-0.00786302,0.101371,0.0536019,0.123459,0.182835,0.117962,0.146604,0.180179,0.187081
1033.96,0.242032,0.165866,-0.0659819,-0.0505674,0.26015,0.107936,0.029501,0.0243456,0.150879,0.0513068,0.335938,0.187121,0.357795,0.234196,0.226104,0.301399,0.441657,0.302344,0.442538
1034.25,-0.0777184,0.0754884,-0.0183983,-0.0213277,0.0446501,-0.00596766,0.0987096,0.0688206,-0.0881709,-0.00635898,0.196602,0.00208547,0.0151007,0.151575,0.158543,0.109676,0.0454225,0.0597484,0.244606
1034.54,-0.0513385,0.0261509,-0.00237533,-0.109875,0.12551,-0.0647545,-0.0343069,0.0741405,-0.035198,-0.0795866,0.103749,0,0.0853689,0.043749,0.14972,0.0512099,0.127986,0.147204,0.12445
1034.84,-0.0508562,0.0158783,0.0595323,0.00561083,0.0562995,0.00953961,0.0379149,-0.0328316,0.0475534,0.0431293,0.0862417,0.0746185,0,-0.0332081,0.0701575,0.209969,0.279837,-0.00856731,0.100191
1035.13,0.195962,0.0780101,0.105079,0.027386,0.043607,0.0562295,0.0156422,0.0484927,0.113142,0.0887233,0.0942552,0.0460296,0.116006,0.125976,-0.0191963,0.265674,0.237954,0.179263,0.153362
1035.42,0.122804,0.198287,-0.0502642,-0.00603609,-0.00873009,0.00619849,0.0341683,0.126888,0.21791,0.0393204,0.049477,0.0763213,0.148453,0.157548,0.210809,0.208116,0.270753,0.182079,0.312487
1035.71,0.0604396,0.0109211,0.100557,0.279329,0.182679,0.0494074,0.140183,0.0301495,0.210232,0.0741359,0.0868421,0.0263123,0.0921068,0.216681,0.304086,0.199526,0.342117,0.241541,0.272316
1036,-0.0688981,-0.0766901,-0.209609,-0.0306214,0.0605828,0.111978,-0.0636302,0.0118443,0.0600952,0.150192,-0.0148262,0.112297,0.142654,0.00326562,0.104842,0.336652,0.212619,0.169132,0.224594
1036.29,-0.144175,-0.0160531,0.0282429,-0.00307495,0.0455224,0,-0.0340989,-0.0679943,-0.0033588,0.0470232,0.0271287,0.00967248,-0.0153132,-0.0234087,0.121082,0.30565,0.179994,0.0792183,0.317406
1036.58,-0.033125,0.105331,0.0202545,-0.0412223,0.201285,0.0510708,0.00872825,0.051605,0.0500447,0.169187,0.0596217,-0.0863674,0.102079,0.166533,0.107932,0.147788,0.0864876,0.230761,0.267132
1036.86,0.0604467,0.112969,-0.06476,0.0530414,0.105364,-0.0383437,0,0.0650698,0.0706473,0.0283734,0.16479,0.174204,0.0995459,0.0962541,0.0248906,0.207162,0.201069,0.192392,0.259873
1037.15,-0.132709,-0.0183712,-0.0295914,-0.0952978,-0.0311392,-0.018091,-0.0785379,-0.0518987,-0.0140267,-0.115568,0.0160393,0.0320514,-0.0580861,0.0739808,0.0954191,0.0716641,0.0505741,0.0218777,0.155811
1037.44,0.0374796,0.0349105,0.0835223,0.0756506,0.0872491,0.0353759,0.173542,0.141637,0.0225856,-0.011442,0.0785143,0.0531011,0.0675431,0.202363,0.129221,0.166821,0.168837,0.101739,0.196243
1037.73,0.306414,0.214715,0.200243,0.175393,0.101055,0.166862,0.201963,0.182154,0.171414,0.134691,-0.0106257,0.297199,0.426154,0.226474,0.255603,0.264481,0.302697,0.360692,0.327279
1038.02,-0.0209078,0.188881,0.0312675,0.130151,0.0787167,-0.0405454,0.223361,0.0181902,0.170436,0.0975369,0.176748,0.219241,0.0752861,-0.0158118,0.268227,0.312871,0.303187,0.140816,0.303054
1038.31,-0.0907609,0.0475871,0.03214,-0.0267833,-0.0233058,0.0900548,0.0343494,-0.0722204,0.0171336,0.0332515,0.0876962,-0.0816457,0.0362167,0.0713807,0.200661,0.0921935,0.192298,0.197066,0.224777
1038.6,0.0935148,0.0229675,0.277069,0.0822606,0,-0.0185721,0.168536,0.102631,0.0831091,0.00962663,0.106612,0.00334804,0.210104,0.139043,0.272391,0.17883,0.226163,0.477248,0.444768
1038.89,0.139998,0.0860215,0.00294065,0.16987,0.144908,0.0827068,-0.0221262,0.244129,0.0754594,0.129334,0.100626,0.0729491,0.0409429,0.198518,0.0470793,0.213458,0.0796577,0.273257,0.304147
1039.18,-0.0425774,-0.0498214,0.0974286,-0.0523497,0.00542274,0.0735117,0.20795,0.039244,0.0843537,0.0408791,0.0506122,0.11776,0.243402,-0.239398,0.147815,0.0749664,0.215842,0.279492,0.285681
1039.47,-0.124955,0.0329125,-0.212389,0.0597688,-0.0150949,-0.0237701,-0.0491317,0.203803,-0.0615782,0.121647,-0.0859429,0.0957407,0.0290585,0.226188,0.339945,0.499573,0.263089,0.130312,0.227969
1039.75,-0.0424682,-0.109849,-0.23704,-0.0728466,-0.137407,-0.0637596,-0.0557633,-0.0563974,-0.0698824,-0.0200475,0.0931765,-0.151603,-0.00237073,0.0227489,0.0202692,0,0.0108548,0.0578571,0.0888884
1040.04,-0.047109,-0.083637,0.180399,0.0556689,0.0970055,0.0452692,0.0971241,-0.0606284,0.0234151,-0.0226346,-0.117076,0.0800421,0.178208,0.0558198,-0.0439179,0.275659,0.153255,-0.0077231,0.231902
1040.33,-0.0957223,-0.0327434,-0.0912974,-0.15662,-0.0371658,-0.0707921,0.0266819,-0.0358479,-0.00527065,-0.0205774,-0.00956396,-0.00474013,-0.0153634,0.0638201,0.0489545,0.00580761,0,0.0391274,0.0380042
1040.62,-0.0463009,-0.0867134,-0.0472821,-0.0941788,-0.0748473,-0.023968,-0.0909105,-0.0323204,-0.221215,-0.086278,-0.0439825,-0.0147751,-0.0255249,0.132684,0.0809852,-0.0458742,0.0554488,0.174928,0.104347
1040.91,0.0757841,0.019,-0.0510448,-0.0157943,0.212012,-0.0167866,0.0231081,0.0313655,-0.0207813,-0.0511721,0.0614897,0.152609,0.187979,0.126044,0.0542351,0.321383,0.12825,0.222634,0.175774
1041.19,0.106966,0.241302,0.112126,0.101681,0.0854037,0.191171,-0.149982,-0.340835,0.092437,-0.0131831,0.188471,0.327381,0.314109,0.167361,0.306184,0.320106,0.188536,0.335996,0.243873
1041.48,0.129426,0.0329143,0.0831384,0.146711,0.239102,0.115585,0.26449,0.124728,0.255258,0.150065,0.358341,0.155945,0.295224,0.229881,0.301714,0.180887,0.390301,0.347549,0.500008
1041.77,0.0611408,0.200748,-0.0190601,0.0647652,0.137954,0,0.0542819,0.020557,0.0968151,0.102086,-0.0156274,-0.0471529,0.123767,0.0656221,0.364667,-0.0398067,0.312326,0.291778,0.397369
1042.05,0.0988479,-0.0800587,0.0459831,-0.223969,-0.178255,-0.0291546,0.166899,0.131525,-0.0402093,-0.102883,-0.0631979,-0.406274,0.138033,0.122829,0.227979,0.318924,0.33564,0.138387,0.130997
1042.34,0.0142934,0.0143719,-0.0474347,0.00718595,0.078976,0.122802,0.00312881,0.0542276,0.00956958,0.088823,0.0417738,0.175015,0.0903113,0.131984,0.240003,0.247346,0.128851,0.263941,0.309665
1042.63,-0.0493205,0.0219045,0.0147013,0.0971564,-0.105636,-0.0448368,0.152417,-0.0171309,0.00498024,0.0050129,0.105114,0,0.203858,0.26778,0.0582451,0.251273,0.186649,0.358078,0.165526
1042.92,0.135038,0.0747036,-0.073773,0.0290514,-0.0143821,-0.0202489,0.24917,0.135038,-0.058587,0.123149,0.129873,0.0604119,-0.0134211,0.0815496,0.0214197,0.0449192,0.175,0.436098,0.439741
1043.2,0.00469717,0.117429,-0.0310468,0.114934,0.130174,0.0734989,0.0436596,-0.0214855,-0.171926,-0.0517788,0.108409,0.261958,0.165113,0.148142,0.0381563,0.185752,0.353303,0.2716,0.269866
1043.49,0.0884798,0.017612,0.17994,0.180989,0.118613,0.045304,0.188671,0.0948782,-0.148422,0.113866,0.327268,-0.0337982,0.0786325,0.099214,0.301789,0.299231,0.218104,0.453576,0.38832
1043.78,0.0365738,0.0234538,-0.083821,0.115784,0.153743,0.0864387,0.10968,0.105723,-0.0498992,0.0177396,0.0751023,0.0944352,0.179592,0.055724,0.151837,0.173152,-0.0254806,0.115541,0.297033
1044.06,0.0896923,0.193661,0.02915,0.0678088,0.167983,0.0490644,0.133569,0.0706931,0.0205161,0.0776319,0.0504519,0.108972,0.146125,0.0447786,0.274683,0.160367,0.124586,0.15923,0.119029
1044.35,-0.147514,0.0722339,-0.10093,-0.083593,0.0725841,0.0336179,-0.0788308,-0.0632025,0.188244,0.0634016,-0.0675201,0.103231,-0.0325041,0.028764,0.0316013,0.0457806,0.153961,0.144523,0.188326
1044.63,0.0728941,0.00843898,-0.0618666,0.24495,0.0523852,0.236012,0.128817,0.192079,0.146551,0.0804295,0.146276,0.299517,-0.0947408,0.0747814,0.208998,0.149662,0.120477,0.232568,0.250349
1044.92,0.0213447,0.0575156,0.0644638,0.161649,0.124677,-0.12401,-0.102046,0.104974,0.0166755,0.110404,-0.0649621,0.205665,-0.162112,0.292514,0.292171,0.260138,-0.0601002,0.549266,0.25088
1045.21,-0.133936,0.00938428,0.216646,0.132786,-0.105235,0.176987,0.085768,0,-0.119711,0.120524,0.0783808,0.231046,-0.196695,-0.0875382,0.260769,0.0396562,0.254187,0.10613,0.327824
1045.49,0.144584,0.0804959,0,0.0571765,0.0256084,-0.193958,0.0987659,0.085454,-0.0818934,0.140735,0.0808824,-0.0469639,-0.0886968,0,0.0813286,0.29068,0.169226,-0.0168527,0.293767
1045.78,1.25776,-3.72092,1.1378,2.0953,2.838,1.20966,0.863077,1.93318,2.94689,1.479,4.90875,1.79179,2.93547,3.43711,0.361935,2.98793,-0.852872,3.33267,2.98169
1046.06,0.194985,-0.159511,0.30896,0,0.289908,0.247983,0.134787,0.17556,0.0188514,-0.0540952,0.220373,-0.0910382,-0.165892,0.579485,0.225533,0.495839,0.3989,0.628134,0.693191
1046.35,0.171271,0,0.294094,0.17189,0.195549,0.126994,0.261855,-0.0769012,0.184979,0.103134,0.321028,0.0718245,0.134636,0.226226,0.013425,0.133177,0.330451,0.287724,0.419332
1046.63,-0.118302,0.226819,0.257374,-0.270404,-0.335051,-0.52486,-0.156158,-0.150777,-0.409081,-0.223367,-0.780549,0.100921,-0.351272,-0.0940147,0.816283,-0.193585,-0.359049,0.589463,0.760512
1046.92,0.0100085,-0.0373344,0.176824,0.0759404,0.214594,0.00879817,0.130592,0.142686,0.316714,-0.0846988,0.0320009,0.0953752,0.0849745,0.266765,0.305503,0.227562,0.139473,0.0761452,0.192798
1047.2,-0.390306,-0.135,-0.133875,0.100425,0.0251645,-0.0767559,-0.367419,-0.0496753,-0.103625,-0.20181,-0.0338924,-0.234435,0.0571369,-0.394192,-0.097782,-0.256861,-0.175,0.221383,-0.259412
1047.49,0.129693,0.103217,0.186788,0.0627273,0.250909,0.136321,0.14497,-0.00965035,0.203864,-0.0257587,0.190626,0.197437,0.148531,0.104545,0.11812,0.194413,0.205552,0.242912,0.203291
1047.77,0.498845,0.0605161,0.137483,0.126007,0.211023,-0.0510716,-0.151123,-0.0924586,-0.0145487,-0.0558977,0.159171,-0.03585,0.324517,0.208618,0.0147508,0.197434,0.267184,0.203829,0.39195
1048.06,0.169714,-0.245348,-0.0749189,-0.1512,0.165127,0.220696,-0.0698824,0.172018,0.297,0,0.0721989,0.200789,-0.1224,0.353872,0.262286,0.0826435,0.216,0.0937895,0.303111
1048.34,0.126207,0.228558,0.194618,-0.128966,-0.0308506,0.264868,-0.112922,0.186138,0.227707,0.661084,0.412968,0.947041,0.134349,-0.167011,0.529343,0.207906,0.488611,0.519675,0.704709
1048.62,0.0626168,-0.477763,0.292291,0.0535867,-0.223634,0.0787915,-0.122446,-0.056092,-0.152773,0.14941,-0.162634,0.121436,0.178422,-0.00462297,0.12818,0.283447,0.232582,-0.016575,0.2337
1048.91,0.169992,0.344034,0.166317,0.297334,0.0200752,0.0334987,0.459434,0.271944,0.325249,0.47914,0.402849,0.0724648,0.264175,0.826002,0.442881,0.56078,0.15408,0.595913,0.675446
1049.19,0.222287,0.60951,0.358973,0.179486,0.262703,0.209938,1.07027,-0.0107027,0.636271,0.0649377,1.26866,0.690324,0.313866,0.419631,0.562687,0.541499,1.60223,1.01551,0.998059
1049.48,0.343948,0.177918,0.734196,0.172291,0.364889,0.516212,-0.455202,0.8456,0.257041,0.709908,0.672228,0.80889,0.665149,0.601768,0.684811,0.346049,0.542979,0.467886,1.02465
1049.76,0.0105946,-0.201862,-0.283209,-0.0539063,-0.0775794,-0.146243,-0.150595,-0.0847098,-0.0717496,-0.00529732,0.00958333,-0.0554825,-0.0460335,0.056982,0.0410714,0.013515,0.028491,0.375305,0.269907
1050.04,-0.0918704,0.0525094,0.0675349,-0.0219262,0,-0.0459694,0.01452,0.0166514,-0.0305899,-0.0260718,-0.0898689,0.0917931,0.0337674,0.0327412,0.0551618,0.0946209,0.0758165,0.0281032,0.162448
