wavelength_nm,8,12,16,20,24,28,32,36,40,44,48,52,56,60,64,68,72,76,80
349.501,-0.0830893,0.345211,0.436812,0.0864669,0.21589,-0.245234,-0.515154,-0.195145,-0.0759673,0.115047,-0.428121,-0.167792,-0.181286,-0.166179,0.161143,1.14873,-0.4353,0.0640688,-0.139126
350.001,0.164186,-0.141938,0.127077,-0.123521,0.207795,-0.0455379,0.117466,0.111399,0.413363,0.196506,-0.00404782,0.281869,0.472709,0.488576,0.09102,-0.0667761,0.236243,0.237785,0.233744
350.501,-0.00396282,-0.00108783,-0.00795282,0.0132387,0.00394234,0,0.0133942,-0.000968689,-0.000366531,0.0106505,0.0144591,0.00245937,-0.000721364,-0.00218736,0.000788468,-0.000702676,0.0135616,0.00866438,-0.00737046
351.001,2.97,-4.8749,-5.775,-3.14094,1.02246,-1.67502,-4.158,-11.5306,-5.68033,-4.19153,-11.5944,-6.78411,-5.67,1.49389,-6.7107,-7.80944,0.528559,-8.72438,-2.63832
351.5,-0.125179,-0.135021,1.92904,0.369643,0.592432,0.158198,1.67426,0.930147,1.31029,0.881192,1.2525,1.7151,0.554392,1.39049,0.46942,0.948427,0.427472,0.307911,1.70364
352,-0.123244,-0.839005,0.397343,-0.293325,-0.0334316,0.017954,0.0613619,-0.229278,0.580345,0.107247,0.352831,0.138944,0.230837,-0.319415,0.277534,-0.0617527,0.41721,-0.387807,0.825121
352.5,0.57286,0.0347368,0.0561549,-0.264339,-0.0495635,-0.122232,0.115461,0.211377,-0.114687,-0.089941,-0.284842,-0.100014,0.265455,-0.226936,-0.193534,-0.137437,-0.0255611,-0.249033,0.221963
352.999,-0.00420168,-0.215642,0.112666,-0.353571,-0.0904018,-0.620168,-0.21039,-0.105733,-0.106486,-0.287594,-0.167042,-0.270677,-0.0935065,-0.26087,-0.316558,0.0519481,-0.149235,-0.533801,-0.114192
353.499,0.478798,-0.639468,-0.701449,-0.86389,0.292271,-0.122451,0.351986,-0.41078,0.859053,0.257675,-0.619504,-0.0131522,1.13011,-0.362224,-1.10905,0.0876812,0.49726,-1.4029,-0.360255
353.998,0.885735,1.04324,1.452,1.05116,1.63286,0.646335,0.800735,0.597484,0.71363,0.802551,0.846492,1.58592,1.41881,1.41299,1.54031,1.01417,0.890512,1.69714,0.933429
354.497,-0.0825,-0.14996,0.17245,-0.600728,0.390357,-0.0931229,0.547805,-0.0808824,0.19695,0.140625,0.0833801,0.117937,-0.0181319,0.129388,-0.126222,0.0865385,0.16642,0.163187,0.356971
354.996,-0.717391,1.82331,1.26612,-0.26597,-0.55618,-1.08581,-1.1234,-2.67143,-0,2.05333,0.0241463,0.170323,0.346861,0.451579,-0,-1.93286,0.0867153,-0.365538,-0.526329
355.495,0.175431,-0.0402234,0.0483386,0.0433906,1.03324,0.115919,-0.0693158,-0.166988,0.091192,0.00798638,0.250482,0.0251626,-0.156329,0.0527835,0.771793,0,0.195411,0.107151,-0.083494
355.994,-0.0763265,-0.126735,0,0.0445597,-0.115842,0.256753,0.0685468,0.130686,-0.0139011,0.0598817,-0.0337784,0.0350476,0.345148,-0.158125,0.310489,-0.0493878,0.0096381,0.0111209,0.154052
356.492,-0.03,-0.03375,-0.148837,0.231223,0.068072,0.0366595,0.0675,0,-0.0166765,0.0162,0.0849023,0.0639844,0.0207237,0.064125,-0.10019,0.113271,-0.156342,-0.00309498,0.00864329
356.991,-0.0679945,-0.118272,-0.270753,-0.395604,-0.266389,-0.0606618,0.00542287,-0.667116,-0.509283,-0.416947,-0.200646,-0.222446,-0.27961,-0.502071,-0.364368,-0.690569,-0.0919286,-0.482143,-0.335037
357.489,0.124151,2.70925,3.0888,2.62135,1.93117,1.44271,0.824492,2.37244,2.75208,1.92659,3.0624,1.22418,3.93605,1.15766,3.2625,2.28296,1.73522,3.64912,1.7156
357.988,0.430222,4.71138,3.96263,2.16615,5.65508,2.21483,2.035,0.752941,2.66378,2.17121,1.44298,3.072,5.65255,1.43749,2.18295,2.6819,4.53981,3.39153,0.17868
358.486,0.387964,0.47025,0.614429,0.407177,0.623871,0.406631,0.350154,0.326952,0.216526,0.216562,0.604458,0.488775,0.982991,0.598254,0.4488,0.608382,0.256879,0.702409,0.712038
358.984,0.0124482,0.00155064,0.0107289,0.00929785,0.0119544,0.0195601,0.0316941,0.0189297,0.0375251,0.0366667,0.0253846,0.0168417,0.0398077,0.0140832,0.0273161,0.0304202,0.0268327,0.0294557,0.0209278
359.482,-0,-0,-0,-0,-0,-0,-0,-0,-0,-0,-0,-0,-0,-0,-0,-0,-0,0,-0
359.98,0.231824,0.508557,0.806393,0.55158,0.333173,0.496289,0.249983,0.5082,0.149778,0.32659,0.394682,0.295827,0.325435,0.325921,0.304541,0.641358,0.488654,0.350322,0.308144
360.478,0.719758,1.90082,0.389299,1.32725,0.299976,-0.152555,0.174706,1.09125,0.462095,1.1015,0.701962,1.97083,0.866428,0.360645,0.666066,0.213675,0.96421,1.72394,0.882128
360.975,0.5475,0.0446939,0.359016,0.297214,0.27156,0.258171,0.0196707,0.223469,-0.073,0.1095,0.493648,0.357981,0.376967,0.0461053,0.354023,0.0571304,0.613864,0.470206,0.241101
361.473,-0.458409,0.199992,-0.707006,-0.306294,-0.813644,0.310684,0.037157,-0.533313,0.167895,-0.0957709,-0.302211,-0.418153,0.594,0.380481,-0.755526,0.450879,0.129983,0.523832,0.455136
361.97,0.122522,-0.029011,-0.0770105,-0.0822063,-0.0277358,-0.0771955,-0.114471,-0.0780255,-0.0614237,-0.0517608,-0.125234,-0.0220112,-0.0641249,-0.0105165,0.0703795,-0.0350549,-0.0394368,0.0847597,0.0468735
362.468,0,0.0363796,0.0157883,-0.113932,0.139908,0.026388,0.0312258,0.0954122,0.0453278,0.0422316,-0.103368,-0.0464516,0.128429,0.0230895,-0.189887,-0.197216,-0.00836406,0.118701,0.0183681
362.965,-0.507842,0.128539,-0.191188,-0.349194,-0.124053,0.248648,-0.161433,-0.219938,0.0805832,0.108858,0.351372,0.094973,-0.281683,-0.291684,0.388387,-0.339572,0.0925687,-0.0125007,0.103729
363.462,0.145654,0,-0.251239,-0.112642,-0.193101,0.523332,0.165847,0.140206,-0.401222,0.262236,0.0363096,0.0404593,-0.128734,-0.584901,-0.070364,-0.0325535,-0.0104123,0.281456,-0.498068
363.959,-0.769935,-1.69813,-0.612,-1.02761,-0.42764,-0.503419,-0.594298,-0.494161,-0.7497,-1.2,-0.588462,-0.615326,-0.351333,-0.714953,-0.999802,-0.30383,-0.53948,-0.26775,-0.653846
364.456,0.384042,1.0213,-0.258162,0.160439,0.120355,-0.393389,-0.0661953,0.638464,0.623579,0.100396,-0.727466,-0.267723,0.0502504,0.447952,-0.164625,-0.0271036,-0.391693,0.561221,0.2034
364.953,-0.867294,0.710217,-1.12468,0.0472428,0.46118,-1.7185,0.727696,0.227877,1.07609,-0.641199,-0.0549491,0.408913,0.700105,0.188971,0.021642,-0.420063,-0.50339,-0.774783,-0.933132
365.449,-0.222075,0.0308474,-0.344013,0.102486,-0.0949513,-0.212711,-0.146616,-0.251433,-0.196086,-0.0732296,0.00509083,-0.176892,-0.0511951,0,0.248482,0.102279,0.209611,-0.230054,-0.223875
365.946,-0.408293,-0.24,-0.522947,-0.224308,-0.290769,-0.334737,0.0341053,-0.2925,-0.36,-0.13047,-0.256403,-0.166765,-0.167586,-0.166596,-0.210566,0,-0.322597,-0.393645,0.106931
366.442,0.039191,0.0369643,-0.412799,0.10102,0,0.356265,-0.0417033,-0.231208,-0.295714,0.0488627,0.0531079,0.113472,-0.207945,-0.0961071,-0.0241848,0.300953,0.33916,-0.400153,-0.0575
366.939,0.184389,0.0611396,-0.261046,-0.0556481,-0.407598,0.0865828,0.563226,0.448638,-0.311256,0.127888,0.0543463,-0.369161,-0.0794293,-0.111357,0.128182,0,-0.325177,0.197405,-0.0346762
367.435,-0.324359,-0.184061,-0.227369,0.0112145,0.275,-0.884615,-0.18551,-0.104834,0.0614931,0.0359375,-0.32161,-0.223235,-0.137103,-0.399306,-0.310766,-0.312221,-0.459666,-0.199038,0
367.931,0.511201,0.336937,0.422375,0.559105,0.300251,0.204324,0.320874,0.877656,0.417125,0.558606,0.584308,0.980802,-0.0868378,0.305754,0.449362,-0.0065247,0.705328,0.107569,0.18127
368.427,0.358787,0.234417,-0.0267349,0.0455594,0.200649,0.057609,0.49131,0.289011,0.123622,0.384948,0.36805,0.133308,0.506848,0.273698,0.244398,0.205957,0.89723,0.199183,0.536831
368.923,-0.202213,0.02602,-0.111189,-0.030062,-0.201341,0.137617,-0.168511,0.0667684,-0.248331,0.102572,-0.191282,-0.31321,-0.107888,-0.0702128,-0.141721,0.0140426,-0.139404,0.0922673,0.0700107
369.418,0.34481,-0.257893,-0.023562,0.234318,-0.198,-0.4284,0.924864,-0.343136,-0.187813,0.350923,0.742946,0.510703,0.468313,-0.108957,0.9009,-0.1683,-0.197172,0.767751,-0.43197
369.914,-0.194549,0.177002,0.00576442,-0.036621,-0.31878,-0.134404,0.0364069,-0.213284,0.160512,0.181726,-0.044869,-0.156264,0.0432332,-0.049117,-0.182617,0.0665837,-0.0691731,-0.151433,0.336951
370.409,0.294411,-0.148429,0.276611,0.0858537,-0.0314797,-0.135537,0.194885,0.28669,0.333003,0.180511,0,0.240552,0.0391425,0.404482,0.222092,0,-0.0769187,0.139216,0.159082
370.905,0,0.874212,-0.150985,0.731912,0.145914,0.220071,0.613145,0.330775,0.905208,1.36731,-0.0547689,0,-0.570044,1.02191,0.414477,-0.416667,0.329754,0.301969,1.30245
371.4,0.567139,0.338922,0.214965,0.61841,0.402751,0.207606,0.194183,0.153233,-0.181828,0.318876,0.461044,0.421435,0.0937382,0.56882,-0.19746,0.563696,0.405861,0.301151,0.282649
371.895,-0.00887831,-0.0213079,-0.00319619,-0.010654,-0.00243519,-0.00720269,-0.0167591,0.0177756,-0.0163098,-0.00288921,0.0273262,0.0107764,-0.00204556,0.0136371,-0.0325727,-0.0199479,-0.00351874,0.0247049,0.00248852
372.39,0.0691984,-0.10739,-0.0250801,-0.142006,-0.043969,-0.106026,0.015799,-0.078838,0.0952189,0.0211851,0,0.0459184,0.00482976,0.193853,0.167874,-0.111857,0.162899,0.167954,-0.0150346
372.885,-0.00750665,0.856841,0.0787226,0.383403,0.268752,0.25936,0.0197147,0.349669,0.0161633,0.525807,0.466163,0.498938,0.203484,0.215142,0.375774,1.06966,0.253224,0.361308,0.244817
373.38,0.244003,0.651183,-0.165757,0,0.088346,-0.281398,-0.222182,0.114316,-0.283394,-0.128102,0.00833181,-0.364005,-0.372176,-0.150941,-0.0262773,0.0686259,0.019938,-0.235589,-0.334772
373.875,0.181834,0.104404,0.262695,0.115591,0.0162871,0.0902224,-0.0522022,0.266604,0.0620461,0.303217,0.192123,0.153127,-0.0318107,0.213579,0.22621,0.162351,0.15148,0.0800867,0.134503
374.369,0.363434,-0.366804,0.418636,0.957992,0.636788,0.713665,-0.037125,0.281779,0.728872,0.736414,0.439062,-0.149737,0.917273,0.812001,1.80018,0.1782,0.905975,0.508542,0.64979
374.864,-0.173135,-0.0461556,-0.100816,-0.0925855,0.170217,0.0223112,0.147024,0.0243167,-0.0403264,-0.0983721,0.111941,0.31671,-0.0210797,-0.0373136,-0.218921,-0.032398,-0.0910172,0.223673,0.154585
375.358,-0.00321429,-0.0822145,0.00905488,-0.0191202,0.0669206,0.168039,0.0640736,-0.073403,0.14057,-0.0668919,-0.0638348,0.00998879,-0.0645652,0.136966,0.104089,-0.00757653,0.0800108,0.0960448,-0.0547465
375.852,0.312192,0.175037,-0.0105701,-0.0414673,0.16014,0.127715,0.149903,0.103668,0.154242,0.168222,0.212968,0.169365,0.150072,0.107279,0.178156,0.149743,0.0449229,0.484502,-0.00337449
376.347,0.142215,0.242907,0.120494,0.243976,0.0378324,0.133611,0.0715663,0.112717,0.211446,0.198418,0.151956,0.0955228,0.26418,0.273374,0.229653,0.323589,0.347752,-0.214699,0.197266
376.841,0.199463,0.2955,-0.00665541,-0.149747,-0.123125,0.390126,0.144146,-0.0877723,0.0343605,-0.0939451,-0.0725153,0.0598986,0.318544,-0.109207,-0.268636,0.374677,0.230363,0.0509483,0.0447727
377.335,0.0584274,-0.0588068,-0.232875,0.146754,-0.140604,0.0384282,0.42849,-0.160179,-0.234459,0.339818,0.00712156,0.0408553,-0.0979733,0.0398077,-0.136985,0.259953,-0.248145,-0.3105,0.229742
377.828,0.154041,0.152145,-0.101118,-0.163979,-0.0515552,-0.0420156,-0.170869,-0.0634286,-0.119472,0.122746,-0.0146033,0.0925813,-0.0282857,-0.118277,-0.161439,-0.148751,-0.118362,0.0447731,-0.0670218
378.322,0.0648373,0.219371,-0.0127506,0.0842713,0.0223866,0,0.166391,-0.067052,0.0621322,0.177065,0.13965,0.159698,0.167899,0.113766,0.11598,0.0593652,0.0714361,-0.0482739,0.168416
378.816,0.24312,0.239597,0.0517571,0.0831933,0.268604,0.400489,0.222373,0.251569,0.0866466,0.217643,0.431092,0.338533,0.167794,0.307229,0.0593097,0.106092,0.18066,0.303749,0.253117
379.309,0.0312906,0.163741,0,0.161818,0.155284,0.258133,0.198474,0.188196,-0.0312771,0.172751,0.0843169,0.0280077,0.0209328,0.0757023,0.0866186,0.154017,0.183507,0.105339,0.396736
379.802,-0.0368214,0.0368214,0.0917721,0.0834382,0.0715918,0.0695629,0.0318885,0.161597,0.16351,0.108458,-0.134913,0.272335,0.112589,0.0950619,0.0781604,0.152643,0.208534,0.264061,0.185717
380.296,0.197419,0.372162,0.0601967,-0.140034,0,0.126446,0.0847059,0.0143437,0.30383,0.0735577,0.212781,0.0810954,0.142669,-0.0628767,0.0460843,-0.12439,0.0570186,0.0863323,0.188308
380.789,-0.115857,0.0849931,0.145954,-0.0807759,-0.0102535,0.251267,0.0202713,0.0798184,0.125972,0.100403,0.274848,0.0535675,-0.211436,-0.0105395,0.105267,0.0616515,0.096038,0.224387,0.152999
381.282,-0.340829,-0.228069,-0.0885981,-0.406719,0.135516,0.19666,-0.0850542,0.057306,-0.796304,0.00948374,0.220277,-0.227153,-0.0251718,-0.0209602,-0.0100126,-0.256935,-0.176615,-0.294748,-0.297651
381.775,0.265005,0.128728,0.228199,0.208064,0.358293,0.281893,0.181217,0.419483,0.208746,0.248109,0.147967,0.344797,0.354225,0.195441,0.333596,0.19887,0.281211,0.125141,0.376418
382.267,0.236544,0.274276,0.141053,0.358364,-0.0404931,0.352428,0.316436,0.305176,0.341917,-0.019712,0.164329,0.170027,0.245455,0.0568831,0.350873,0.264536,0.374561,0.262217,0.243869
382.76,0.124827,0.0499291,0.0269737,0.197067,0.0880902,0.114099,0.0428406,-0.0508647,0.22214,0.0590625,-0.0154782,0.0656695,0.170223,0.134435,-0.0230625,0.259977,-0.011319,0.00809211,0.228483
383.253,0.17821,0.253846,0.143565,0.236162,0.0473495,0.0498009,0.165103,0.116222,-0.124103,-0.0967602,0.0945672,0.101248,-0.106509,0.1814,0.0671593,0.0696264,-0.153344,-0.0749321,0.201973
383.745,0.171901,0.00239826,0.0699814,0.110577,0.0152936,0.0622487,0.0825667,0.0507821,0.0272891,-0.0327291,0.0522928,0.0763508,0.143639,0.101231,-0.0528805,0.0732489,0.0561071,0.100402,0.155913
384.237,0.25022,-0.139958,0.239415,0.205048,0.345975,0.152308,0.212577,0.0800793,0.0431538,-0.245369,-0.15062,-0.1347,-0.112575,-0.0339695,0.027351,0.0182626,0.0551335,0.180925,0.105419
384.73,0.0162813,-0.0724977,0,0.0185324,0.0156619,-0.0539371,0.0730593,0.0306276,0.00257532,-0.0963428,0.0590309,-0.0305391,-0.0439967,0.0911133,0.020384,0.0333006,0.102191,-0.00254125,-0.0209475
385.222,0.244242,0,0.324387,0.503289,0.118167,0.188406,0.292365,0.194133,0.295821,-0.0153654,0.420345,0.386577,0.201399,0.183154,0.279008,0.168354,0.200949,0.199824,0.186875
385.714,0.00798522,0.0728878,0,0.0235208,0.110708,0.0232902,0.228058,0.152264,-0.111228,0.238282,0.19749,-0.0111356,0.278423,0.0365477,0.230119,0.183918,0.163697,0.16574,0.197967
386.205,0.0845767,-0.0373934,-0.0096161,-0.0688696,0.0160339,0.0516522,0.208007,0.103643,0.0775635,0.0552535,-0.0508404,0.174359,0.0821739,0.0540153,0.193539,-0.0345995,0.0211973,-0.0749189,0.191875
386.697,0.090709,0.126197,0.150432,0.0340011,-0.0735163,0.119831,0.0117359,0.161313,0.0912345,0.00373779,0.0142206,-0.00649663,0.0943603,0.0552993,-0.0056994,0.16389,0.0439083,0.023535,0.0998698
387.189,0.169859,-0.013787,0.124455,0.209337,0.0829812,0.16976,0.0743712,0.143072,0.102882,0.165836,0.0709516,0.119996,0.11187,0.14569,0.102178,-0.0250288,0.100286,0.132048,0.133
387.68,0.12689,0.105523,0.017041,0.0533973,0.0058624,0.0049658,0.02552,0.0239634,0.0983933,0.0715045,0.0970233,0.091068,0.0656784,0.0604828,0.100615,0.0997594,0.0869269,0.0709438,0.0158947
388.172,0.166081,0.0182063,0.0625629,0.00636723,0.110047,-0.0541317,0.096884,0.0522461,0.113284,0.0436278,0.20206,0.105427,0.0688764,0.141362,-0.0138211,0.121551,0.0769081,0.069713,0.166458
388.663,-0.0468821,0.00978526,-0.0488761,-0.0206935,-0.036285,0.0658936,0.0327623,0.0251474,0.0825692,-0.0321988,-0.076606,-0.0202415,0.00540297,-0.00300847,0.00262992,0.00270149,0.0406144,-0.0859741,0.0585041
389.154,0.093831,-0.0445122,-0.0783415,0.0446249,-0.0219649,-0.0385286,0.0558373,0.0161608,-0.107645,-0.0522782,-0.025408,-0.0237398,0.0634566,-0.0277043,-0.0893093,-0.108057,0.0236313,-0.123574,0.00505429
389.645,0.0376801,-0.0527339,0.153508,0.0781133,0.0211509,0.0853533,0.0212839,0.0104256,0.0123149,0.0222495,0.0147137,0.0138411,0.0891181,0.0620944,0.0672346,0.0727016,0.0953952,0.0883259,0.0228813
390.136,0.260571,0.0769157,0.235953,0.216,0.14592,0.135775,0.2622,0.139796,0.221838,0.26086,0.251204,0.251399,0.20506,0.272376,0.289014,0.218172,0.208484,0.191138,0.363332
390.627,0.041474,0.195357,0.0772653,0.146082,0.0450187,0.0691234,0.304228,0.0943402,0.0255184,0.35279,0.0312371,0.124874,0.0636859,0.0981824,0.0525538,0.0923445,0.123368,0.148518,0.0583897
391.118,-0.0045882,0.0984552,0.0986464,0.103986,-0.021326,0.00693618,0.0576844,0.107814,0.0241115,0.08947,0.162209,0.188724,0.0244609,0.0802094,0.189502,0.0772045,0.127786,0.0670157,0.18806
391.608,-0.0175901,0.0195795,-0.0441948,-0.0197204,-0.0536725,-0.00553763,0.0138541,-0.0717808,-0.00940353,0.0572773,0.0174733,-0.105704,0.0579112,0.0241182,0.110479,0.0719679,0.112842,0.0321305,0.132781
392.099,0.0586999,0.0859674,0.0332436,-0.00179653,0.0469189,0.0749612,0.0554338,0.0724823,0.167485,0.0413299,0.0407081,0.0238145,0.0213852,0.155114,0.0753222,0.0999814,0.158988,0.0510189,0.114039
392.589,0.176013,0.0671829,0.0287941,-0.0100712,0.0870269,0.0108341,0.139854,0.0968538,0.114409,-0.0587196,0.0528352,0.15592,0.099313,0.103645,0.220866,0.0780525,0.141727,0.200424,0.110343
393.08,0.0885566,0.115741,0.08404,0.0774225,0.18502,0.124922,0.0769993,0.0168141,0.0524421,0.1003,0.0259721,0.15353,0.0907678,0.137809,0.168882,0.0662057,0.151047,0.110306,0.104458
393.57,-0.0126565,0.0409969,0.0691273,0.0276792,0.0120374,0.0515714,0.0375597,0.101585,0.0125371,0.0592298,-0.00489297,0.0328401,0.0520548,0.0240313,0.0942256,-0.054425,0.112199,0.125068,0.0546091
394.06,-0.016521,-0.0355586,-0.0252915,-0.00381007,0.119086,0.0943611,-0.0211125,0.0780746,0.123076,0.144919,0.0273055,0.0913943,0.0199472,0.0879171,0.00743568,0.0100224,0.09358,0.13821,0.0118719
394.55,0.142171,0.0595549,-0.0194241,0.161491,0.0901831,0.06667,0.095366,0.0890523,0.121669,0.198897,0.108842,0.0926132,0.128786,0.222805,0.00206639,0.0908736,0.156775,0.150936,0.138698
395.04,0.0825,0.117928,0.089115,-0.0216881,0.0461828,-0.0447368,0.0263793,0.0931969,0.0800735,0.0555207,0.072102,0.0779167,0.0885299,0.209254,0.0394778,0.100341,0.100179,0.100882,0.164172
395.529,0.0713171,0.18754,0.179775,0.0730356,0.0992815,0.225299,0.166483,0.182389,0.14806,0.190565,0.136607,0.125726,0.119223,0.112137,0.107861,0.104829,0.158812,0.0730332,0.170289
396.019,-0.021342,0.0774885,-0.0716038,0.0183333,0.029993,0.155959,0.0361429,0.0223437,0.01012,0.0683784,0.00870014,-0.0253725,0.121883,0.0190512,0.0371538,0.0904864,0.117351,-0.017643,0.0336337
396.508,0.0735343,0.039662,0.0642218,0.142552,0.160015,0.0495126,0.179198,0.16479,0.0741738,0.175892,0.0572005,0.086341,0.069429,0.0837259,0.121937,0.0659812,0.162361,0.110438,0.0355053
396.998,0.117475,0.0280046,0.0139002,0.0247534,0.0105467,0.0415808,-0.00169598,0.0642665,0.105467,-0.0116748,-0.00691028,-0.0437352,0.0291442,0.10828,0.101361,0.166816,0.126266,0.00685138,0.11337
397.487,0.0258027,0.03945,0.00457076,0.0442595,0.0735525,0.0334592,0.0929107,0.0452376,0.0783152,0.0503328,0.0307225,0.0963555,0.0869118,0.113093,0.119534,0.150806,0.136492,0.0507862,0.109075
397.976,0.0559077,0.126392,-0.0131928,0.141679,0.196532,0.0898045,0.104212,0.00402796,0.079803,0.164487,-0.0274366,0.148119,0.140458,0.187915,-0.017496,0.123277,0.0786262,0.126527,0.174945
398.465,-0.00771481,0.002719,-0.00129929,-0.0289932,0.056877,0.00135454,-0.0530221,0.00956315,0.0288874,0.0553533,-0.0137783,-0.0366306,0.0306121,0.00532755,-0.00945882,0.0672297,0.0464496,0.00279046,0.075977
398.954,0.0587356,0.0676453,-0.0336184,0.032912,0.0432809,0,0.00150343,0.0725577,0.0915455,0.0555167,0.0962878,0.112483,0.0788643,0.0120574,0.0636183,0,0.0754565,0.0913406,0.182325
399.443,-0.0391377,-0.0305199,-0.00302502,0,-0.0319156,0.0512004,0.00293026,0.0737371,0.128841,0.0385985,0.0250916,0.0915819,0.108208,0.0268078,-0.0134356,0.0697598,0.118777,0.0431776,0.0963262
399.931,0.0724117,0.0425883,0.13224,0.0305447,0.0886483,0.116058,0.0641948,0.0951545,0.0396556,0.0838905,0.108371,0.105878,0.129426,0.108913,0.161054,0.0597211,0.109656,0.120275,0.106911
400.42,0.0603204,0.126839,0.0267694,0.114333,0.11989,0.169161,0.108613,0.0984483,0.0971356,0.0934003,0.0761604,0.0612789,0.161283,0.0852107,0.0956473,0.093773,0.0964605,0.116086,0.0928866
400.908,0.0270195,-0.00329325,0.024573,-0.00105379,0.00549494,-0.00714458,0.0487382,0.00704853,0.026705,-0.0050661,0.0222215,0.0343545,0.0609189,0.0396154,0.00841213,0.013834,0.0681694,0.0237226,0.055431
401.397,0.0260473,0.063616,-0.0205506,0.0937875,0.00778072,0.0513764,-0.0487264,0.0736802,0.0337785,-0.0239578,0.068711,0.064412,0.0799981,0.0634068,0.0402004,0.0650223,0.150419,0.0943301,0.105793
401.885,0.0469043,0.0153876,0.011975,0.0435316,-0.0392147,-0.00929358,-0.0276373,0.022487,-0.0190991,0.00116893,0,0.0096725,0.030173,-0.0238739,0.0425877,0.027512,0.0282633,-0.0307944,0.0352851
402.373,0.0446377,-0.0397211,-0.0182553,-0.0077262,0.0504052,0.00438482,0.0254569,0.0196069,0.0269287,0.0463273,0.00523104,0.0301531,0.0405455,0.0754929,0.0223845,0.0494542,0.0374527,0,0.0646151
402.861,0.042559,0.00719043,0.0661727,-0.00908031,0.0434772,0.092229,0.0167449,-0.00351601,0.0410988,0.0387503,0.0144091,0.074224,0.0721162,0.0388435,0.103964,0.0919171,0.0875647,0.0237126,0.0961964
403.349,0.0864612,0.0579792,0.137334,0.0620909,0.0737675,0.0609893,0.0515764,0.10516,0.116094,0.106025,0.102877,0.111849,0.0637292,0.156024,0.163299,0.0871496,0.14215,0.126596,0.193277
403.837,0.0375983,0.0505926,0.0781963,0.0518611,0.112969,0.0620655,0.0713587,0.017889,0.0956194,0.055737,0.0670938,0.0932309,0.0414644,0.12837,0.105288,0.108216,0.0800228,0.0940297,0.0965361
404.324,0.0103194,0.00896387,0.017424,0.0241713,0.00504645,0.0393999,0.018431,0.0452288,0.0795789,0.0497759,0.0579192,0.0804912,0.0413325,0.0248635,0.103662,0.0542682,0.0714827,0.0752697,0.104544
404.812,0.0683938,0.0636169,0.0445887,0.0712698,0.0795238,0.0106435,0.0716741,0.0901566,0.0303854,0.0690871,0.0787486,0.0838022,0.0568465,0.0967099,0.0916495,0.0412596,0.0832101,0.0868116,0.107909
405.299,0.0546555,0.0846916,0.0797019,0.0105144,0.0351654,0.0923868,0.0302618,0.0573001,0.103077,0.0705504,0.0621308,0.0798648,0.110028,0.104342,0.116965,0.0758597,0.105239,0.0600831,0.125984
405.786,0.071267,0.0415677,0.110339,0.102606,0.0761434,0.125013,0.061696,0.0341575,0.0937276,0.106697,0.0946791,0.097534,0.149693,0.0702471,0.136567,0.110861,0.103184,0.133812,0.151844
406.274,0.152223,0.10486,0.114167,0.156552,0.136061,0.108923,0.10326,0.121604,0.0947151,0.135703,0.110779,0.174761,0.113195,0.193449,0.111972,0.137669,0.170771,0.178335,0.262071
406.761,0.0648097,0.027806,0.0311787,0.0550228,0.0821528,0.122599,0.0711507,0.0542768,0.0533276,0.0550019,0.0713547,0.112184,0.0734877,0.0722306,0.086683,0.0885355,0.0510376,0.0534125,0.142446
407.248,0.0529129,0.0831984,0.00293293,0.0842476,-0.0138174,0.0088524,0.0593431,0.0111735,0.0863565,0.0564089,0.0487346,0.118811,0.111742,0.112082,0.0642165,0.105966,0.136049,0.148091,0.13214
407.734,0.0315468,0.073954,0.0120019,0.0398829,0.0718705,0.053681,0.0668023,0.0496704,0.0963749,0.0380995,0.0272478,0.118364,0.0546664,0.0741413,0.103207,0.0992478,0.0826377,0.0645042,0.140297
408.221,0.0114237,-0.00577792,-0.0200642,-0.0250184,-0.0151623,-0.00964474,0.00471318,-0.0545582,0.0205394,-0.0514114,0.0346943,0.0513827,0.0169291,0.00699997,-0.0031277,0.0275716,0.0359353,0.0231117,0.0802106
408.708,0.0771683,0.0868078,0.085638,0.078853,0.0794862,0.0517972,0.0623578,0.120079,0.108926,0.0819119,0.0546211,0.0794098,0.0654558,0.0828162,0.13104,0.103487,0.0721985,0.10563,0.129132
409.194,0.11869,0.0585907,0.0543289,0.0690019,0.0558944,0.067571,0.0711187,0.0690517,0.0896101,0.0160508,0.0495271,0.108819,0.10006,0.0901855,0.0950268,0.0734167,0.124517,0.143975,0.177886
409.681,0.0383153,0.0655382,0.0541043,0.0859399,0.0708762,0.119221,0.0882048,0.0822282,0.0637642,0.0397575,0.114918,0.0874319,0.0667641,0.0903472,0.0578415,0.0860054,0.150405,0.0604436,0.154666
410.167,0.0821228,0.071968,0.0842802,0.0411751,0.0930306,0.0706379,0.0930973,0.0395776,0.0715977,0.052973,0.10656,0.090025,0.125745,0.0423141,0.07065,0.081953,0.104766,0.0659627,0.130983
410.653,0.0598416,0.0197703,0.048677,0.0812102,0.0805166,0.0790813,0.0573344,0.0519445,0.0439051,0.0890501,0.0676905,0.0707338,0.0963149,0.0750456,0.081624,0.124908,0.0875057,0.105834,0.135106
411.139,0.0072607,0.0399753,0.0709786,0.0561648,0.0562797,0.0268007,0.0324328,0.0135615,0.0492114,0.0699846,0.0452263,0.0746404,0.0828938,0.0956804,0.0825686,0.107107,0.0713284,0.126392,0.1137
411.625,0.0704162,0.0669532,0.0487173,0.0418911,0.0594944,0.0447883,0.0507102,0.0276047,0.0995627,0.0691894,0.0454115,0.0467683,0.040216,0.0726084,0.0609201,0.107481,0.0635296,0.10597,0.114999
412.111,0.0727181,0.0607321,0.0523647,0.0748877,0.0744428,0.0674336,0.0663564,0.0794666,0.0921159,0.0320669,0.0502345,0.0760867,0.0812613,0.117763,0.0992571,0.114682,0.108562,0.100211,0.112171
412.597,0.0252913,0.0823235,0.0327005,0.0241063,0.0615372,0.0151625,0.0704089,0.0701728,0.0326986,0.0600974,0.0400011,0.0587969,0.0698041,0.0677103,0.0833244,0.0845628,0.0497901,0.108328,0.135074
413.082,0.0161332,0.00740474,0.0434348,0.062123,0.0776855,0.0435417,0.0530556,0.0400435,0.0413909,0.040967,0.0482108,0.0593062,0.0399876,0.0447636,0.0556477,0.0922041,0.0715612,0.0934882,0.0984232
413.568,0.0668287,0.0620244,0.0741098,0.0554165,0.093242,0.0831937,0.0749749,0.0790603,0.0913962,0.0687282,0.053954,0.0685646,0.0949189,0.113776,0.119632,0.100386,0.167744,0.121794,0.162215
414.053,0.0397237,0.0363677,0.0762026,0.0587484,0.0722194,0.0604924,0.0444422,0.0846923,0.0588149,0.0910035,0.070511,0.0806557,0.0652285,0.0788662,0.086605,0.0879203,0.11509,0.108703,0.167232
414.538,0.0539215,0.0832978,0.0347859,0.0463138,0.0553022,0.0614175,0.0704736,0.0410144,0.050564,0.0684648,0.0886347,0.0813741,0.0605057,0.0712001,0.112066,0.106005,0.103623,0.0771,0.149736
415.023,0.049285,0.0560775,0.0322828,0.0793843,0.0494678,0.0657665,0.0545401,0.0472608,0.0660186,0.083057,0.0453435,0.0932931,0.078037,0.0780128,0.0731215,0.0956967,0.0930782,0.124709,0.0995344
415.508,0.0144642,0.00469097,0.0382303,0.0199774,0.0569604,0.0456597,0.0442976,0.0340443,0.066548,0.0604259,0.0521858,0.0364475,0.0341772,0.030229,0.0272061,0.0620591,0.0833407,0.0682397,0.116061
415.993,0.0602169,0.0581006,0.0681694,0.0616677,0.0441076,0.0790016,0.056861,0.110533,0.0961479,0.0572592,0.107452,0.0896866,0.0620752,0.139035,0.0877825,0.134889,0.117271,0.119909,0.158308
416.478,0.0355254,0.0481821,0.0517491,0.0451761,0.0673541,0.0560083,0.0675579,0.057489,0.0900595,0.0702875,0.0624388,0.0906237,0.0593052,0.0786615,0.126352,0.113155,0.111368,0.13309,0.147216
416.963,0.0370504,0.0379424,0.0396511,0.044627,0.0510315,0.0827004,0.0652246,0.0853404,0.0894822,0.0927449,0.049723,0.0972484,0.090549,0.0915665,0.100384,0.0506435,0.108033,0.082785,0.098448
417.447,0.06511,0.0958233,0.0544069,0.0755066,0.0848712,0.05731,0.079368,0.0606017,0.104094,0.0822543,0.0827154,0.0807328,0.106277,0.0977849,0.100355,0.123397,0.123969,0.113487,0.131867
417.932,0.0362731,0.00621062,0.0311363,0.0247795,0.0573276,0.0413175,0.0496834,0.0402983,0.0637816,0.0691583,0.0794099,0.0556255,0.081998,0.0751637,0.0759008,0.0599713,0.0949359,0.0741475,0.116689
418.416,0.0297486,0.027176,0.0131048,0.0492667,0.0502284,0.0429609,0.0598755,0.056284,0.0237828,0.0416112,0.0561982,0.0483489,0.0424673,0.0527893,0.075253,0.072455,0.0646626,0.0583686,0.0876542
418.9,0.0447657,-0.00304323,0.0426474,0.0283004,0.00760087,0.0425405,0.0362331,0.0395266,0.0534624,0.0522004,0.0205117,0.0156749,0.0512107,0.0227505,0.0293044,0.0637001,0.0531895,0.0435208,0.0864813
419.384,0.054604,0.061626,0.0636633,0.05104,0.075227,0.0550498,0.0717144,0.0616514,0.0758244,0.079918,0.0746133,0.0630605,0.0564318,0.0681819,0.0884784,0.0827753,0.134636,0.091306,0.117117
419.868,0.04924,0.0666742,0.0656113,0.0359347,0.0636228,0.0633167,0.0390519,0.051565,0.0919949,0.0821618,0.0704314,0.0707004,0.0709425,0.0740668,0.0554925,0.0845039,0.107015,0.0823809,0.137088
420.352,0.037219,0.0721215,0.0799649,0.0678262,0.0680831,0.0629181,0.0661969,0.0681994,0.0469276,0.0965594,0.0575856,0.10299,0.0889943,0.0614965,0.0862152,0.0975945,0.100652,0.0982919,0.103223
420.836,0.0755692,0.0390745,0.0664319,0.0537301,0.0804375,0.0427648,0.0671692,0.0821811,0.0595724,0.0850982,0.0652999,0.0821614,0.103684,0.10164,0.0919888,0.0901835,0.0796324,0.120324,0.143704
421.319,0.0573982,0.0660046,0.0733063,0.0527713,0.0791718,0.0744034,0.0595691,0.0718096,0.0542332,0.0568991,0.0817533,0.0794953,0.0645419,0.123032,0.0746263,0.10792,0.100221,0.0993786,0.117023
421.803,0.0604058,0.0703258,0.0339548,0.0505434,0.0754964,0.0703309,0.0561384,0.0673748,0.0586216,0.0626758,0.0831747,0.07515,0.0726982,0.0867097,0.0975793,0.0939945,0.0944202,0.105898,0.107361
422.286,0.0301724,0.0340069,0.0335427,0.0313661,0.0261965,0.0477874,0.0534732,0.0455648,0.081963,0.0505611,0.0473494,0.0498355,0.0554589,0.0778274,0.0842597,0.0464085,0.0816277,0.0853142,0.12278
422.77,0.0506835,0.0213144,0.0561952,0.0645735,0.050787,0.0317314,0.0344726,0.0404867,0.0480674,0.0654303,0.0703398,0.0548728,0.0589221,0.072171,0.0724193,0.0534512,0.07778,0.073737,0.0919819
423.253,0.0353544,0.0514562,0.0675759,0.0777794,0.0400293,0.0530294,0.0537597,0.0590607,0.0725524,0.0714704,0.0380279,0.0625132,0.0786303,0.0700949,0.0785053,0.0785164,0.0700062,0.0717635,0.100606
423.736,0.0177116,0.065928,0.0411693,0.043936,0.0536126,0.0522528,0.0785336,0.0573736,0.0741781,0.0550898,0.0626807,0.0573315,0.0476187,0.0602154,0.0887133,0.0973013,0.0617123,0.0918893,0.117269
424.219,0.0432959,0.0614814,0.042116,0.0597936,0.0493303,0.0799089,0.0503035,0.0613867,0.0504453,0.0429422,0.0446265,0.0545052,0.0613608,0.0648038,0.113035,0.0775871,0.0947037,0.0794211,0.0928525
424.702,0.0586111,0.0555676,0.0676448,0.0301562,0.0407858,0.0760166,0.0825528,0.057731,0.0586993,0.066494,0.0657155,0.0779409,0.0993369,0.0817462,0.0753151,0.111819,0.0880896,0.0870008,0.125335
425.184,0.026278,0.034841,0.0310545,0.0493028,0.0488194,0.0354979,0.0510632,0.0609717,0.0559625,0.0258789,0.0477458,0.0567864,0.0547292,0.0668507,0.0687744,0.0988939,0.0698407,0.0831647,0.0955516
425.667,0.0602255,0.0721453,0.0344512,0.0226267,0.0424978,0.034985,0.0656488,0.0629022,0.051707,0.0726458,0.0714366,0.0642665,0.0614806,0.0815877,0.0841719,0.0645427,0.0914275,0.0738039,0.116472
426.149,0.0383978,0.0538433,0.0434313,0.0606167,0.0534374,0.0341301,0.0542291,0.0650448,0.0616511,0.0613965,0.0554818,0.0400197,0.0793924,0.0807311,0.0864061,0.0822876,0.100738,0.0714541,0.0979187
426.632,0.0616314,0.0678196,0.042096,0.0499635,0.071857,0.0596334,0.0554908,0.0776447,0.048198,0.0592917,0.0921326,0.108366,0.107633,0.111381,0.10488,0.106453,0.108668,0.124329,0.158732
427.114,0.0639921,0.0500959,0.0645562,0.0514462,0.0741771,0.0522173,0.0675651,0.0796924,0.0746792,0.0828619,0.077567,0.103927,0.102602,0.108012,0.104034,0.120215,0.111077,0.124369,0.135456
427.596,0.0392581,0.0636138,0.0583948,0.0570919,0.0615027,0.0678701,0.0584344,0.0781045,0.0696893,0.0510159,0.0736642,0.0630714,0.0854601,0.0782094,0.0823857,0.0898785,0.083459,0.0923722,0.0913328
428.078,0.043499,0.0701196,0.0401142,0.0685492,0.0564336,0.0449149,0.0542662,0.0802741,0.0821524,0.0721911,0.072558,0.0994535,0.0845819,0.0905086,0.0959172,0.0984469,0.121377,0.0835998,0.126641
428.56,0.0383561,0.0433319,0.0709601,0.0604234,0.0785181,0.0655116,0.0648512,0.0696377,0.0792736,0.0615661,0.0725222,0.0834798,0.0989499,0.0814032,0.0827031,0.124431,0.102986,0.0762504,0.115063
429.042,0.0407754,0.0621814,0.0567186,0.0563124,0.058932,0.0443879,0.0520333,0.0636128,0.0693265,0.0712382,0.0551917,0.0694303,0.0733521,0.0747852,0.107543,0.0730824,0.114196,0.0982146,0.0997531
429.524,0.0391499,0.0435817,0.0447214,0.0549927,0.0589593,0.056647,0.0699337,0.0660512,0.0521593,0.0668197,0.0358522,0.0567306,0.0816034,0.0801856,0.0619645,0.0877997,0.0764282,0.0924286,0.0898474
430.005,0.0463729,0.0649503,0.0471138,0.035076,0.0268951,0.0331712,0.0491867,0.0576397,0.0518417,0.0632961,0.0596534,0.0789258,0.0651838,0.06734,0.0522344,0.109143,0.0865257,0.0993057,0.107619
430.487,0.0261983,0.0642881,0.0587779,0.0260384,0.0476241,0.0526115,0.0353207,0.0389375,0.0593979,0.0708119,0.0278306,0.0591933,0.0738,0.0758974,0.0642116,0.0843896,0.107353,0.0958615,0.0937545
430.968,0.0473536,0.0444957,0.0408268,0.049892,0.0358212,0.0313363,0.0478263,0.0364695,0.047981,0.0522414,0.0529309,0.061323,0.0665542,0.069085,0.0825949,0.0789047,0.0773919,0.0674576,0.0920784
431.449,0.0532514,0.0533427,0.0421369,0.0520054,0.0491126,0.0539845,0.0492278,0.0393839,0.0494314,0.0560138,0.0705735,0.061007,0.0742084,0.0817616,0.0888512,0.0808349,0.0864901,0.0976195,0.0948587
431.93,0.0631639,0.0540312,0.0382995,0.0643534,0.0530839,0.0566507,0.0503947,0.0607473,0.0603232,0.0529928,0.0672748,0.0690096,0.0403971,0.0655512,0.0909363,0.0859131,0.0959277,0.0905032,0.0963672
432.411,0.0567552,0.0773241,0.0662746,0.0611318,0.0718607,0.0723091,0.0613121,0.0788477,0.0693283,0.0845786,0.074076,0.0962704,0.0869793,0.104514,0.0820038,0.122382,0.109916,0.108657,0.123922
432.892,0.0360805,0.0460076,0.0616939,0.0445526,0.0717203,0.060291,0.0552623,0.0621248,0.0554868,0.0645483,0.0547339,0.0874316,0.0670827,0.0754356,0.0701997,0.0904189,0.099057,0.0811093,0.104661
433.373,0.036378,0.0573957,0.0589961,0.0504251,0.070819,0.0444497,0.0549063,0.0399812,0.0566356,0.0703738,0.067827,0.0628394,0.0655116,0.0777881,0.0794382,0.0840432,0.0892172,0.0794011,0.106883
433.854,0.054809,0.0419158,0.062659,0.0548764,0.0583038,0.0525549,0.0682531,0.0545463,0.0722093,0.0712784,0.0701468,0.0782825,0.0790637,0.0971146,0.076875,0.0908286,0.0805249,0.0909099,0.121243
434.334,0.0525302,0.0529872,0.0606931,0.0489718,0.0431699,0.0619643,0.0624764,0.0478451,0.0684561,0.0622244,0.0649093,0.0565084,0.0454018,0.0786984,0.0725124,0.0894468,0.0794844,0.0809267,0.101505
434.814,0.06136,0.0509269,0.0412784,0.0447605,0.0525046,0.0592043,0.0577263,0.0816515,0.0651695,0.0689862,0.0728347,0.0648208,0.0839569,0.0553488,0.0784217,0.0897377,0.0983487,0.082315,0.110897
435.295,0.0501047,0.0467053,0.0539317,0.0423005,0.0386991,0.0488883,0.0387728,0.0638582,0.0549638,0.0400548,0.0730711,0.0772557,0.0763721,0.0756769,0.08704,0.0759174,0.0765317,0.0751363,0.109202
435.775,0.0624086,0.0497275,0.0581112,0.0601342,0.0613081,0.049928,0.0590179,0.0473622,0.0663572,0.0620953,0.0910815,0.0797153,0.055344,0.089533,0.0878421,0.0850937,0.103129,0.112158,0.122548
436.255,0.0466913,0.0329908,0.0450724,0.0419597,0.0586029,0.0368517,0.0511649,0.058161,0.0584948,0.0663377,0.0654936,0.0529032,0.0655624,0.0848162,0.0758969,0.0745687,0.101392,0.0991224,0.112514
436.735,0.0820553,0.0743754,0.0841236,0.0728852,0.0627704,0.0757725,0.0702943,0.0778634,0.0855455,0.0799777,0.0808465,0.0857937,0.108375,0.0962365,0.0985071,0.124744,0.110948,0.119071,0.134116
437.215,0.0663817,0.0575022,0.0521639,0.0580314,0.0496541,0.0577868,0.0602953,0.0620119,0.0530852,0.0664246,0.0580987,0.0640735,0.0778522,0.0666559,0.0802412,0.0659663,0.0830138,0.108215,0.109501
437.695,0.038298,0.035302,0.0321657,0.0417838,0.0484744,0.0322492,0.0583492,0.0566464,0.0552063,0.0417632,0.0395982,0.053797,0.0602881,0.0652606,0.0750894,0.077832,0.0787069,0.0851099,0.0927303
438.174,0.0415424,0.0478018,0.0471514,0.0500555,0.0580953,0.061262,0.0439534,0.0477468,0.0511824,0.0660194,0.0560159,0.0626607,0.0583175,0.0588572,0.0495169,0.094226,0.077302,0.0733303,0.103455
438.654,0.0754116,0.0670494,0.0723628,0.0634102,0.0670227,0.0703404,0.0858056,0.0796726,0.0719387,0.0824456,0.0804279,0.0897105,0.100638,0.0972564,0.087654,0.0988891,0.114204,0.111815,0.118387
439.133,0.0540569,0.0573934,0.0646077,0.0423502,0.0609008,0.0566953,0.0560483,0.0778958,0.0823946,0.0690325,0.0723523,0.0906207,0.0839858,0.0812034,0.0749999,0.0964176,0.0913383,0.0989615,0.106322
439.612,0.06839,0.0567924,0.0723165,0.0628137,0.0846159,0.0690686,0.0697822,0.0792331,0.0684827,0.0774193,0.0929056,0.092485,0.0691043,0.103513,0.0957209,0.105567,0.121003,0.119608,0.1149
440.091,0.0329564,0.0508533,0.0400209,0.0315594,0.040882,0.0450791,0.0423519,0.0432059,0.0477065,0.0698827,0.0419237,0.0518164,0.0630238,0.069641,0.0687846,0.0722334,0.0770182,0.0895379,0.0943487
440.571,0.0480471,0.0525159,0.0689494,0.0528802,0.0703757,0.0808624,0.0676276,0.0635167,0.0660296,0.0849161,0.0721069,0.0944063,0.0684467,0.0818754,0.087678,0.0974935,0.0961908,0.103857,0.118885
441.049,0.0410702,0.0549288,0.0540382,0.049453,0.0595796,0.058025,0.0608944,0.0604614,0.0608925,0.0674382,0.0782982,0.083919,0.0770022,0.0646666,0.0912519,0.0767788,0.0941906,0.0718621,0.111852
441.528,0.0349036,0.052307,0.0495472,0.0507616,0.0335935,0.0409804,0.0468507,0.0503077,0.0627367,0.0662558,0.0564406,0.0679207,0.0707066,0.0610502,0.0671983,0.065567,0.0907796,0.0783328,0.0992223
442.007,0.0530778,0.062253,0.0391977,0.048412,0.0320266,0.0356623,0.0519953,0.0518302,0.0661589,0.0734049,0.0647527,0.0663378,0.0531383,0.0580282,0.064741,0.0920273,0.0902817,0.0811,0.105179
442.486,0.0437131,0.0457105,0.0469503,0.0395601,0.0496939,0.056296,0.0376266,0.0432557,0.0603338,0.0486856,0.0531889,0.0792477,0.052917,0.0770262,0.0601244,0.0770573,0.0762757,0.0896588,0.100014
442.964,0.0713039,0.0694324,0.076272,0.0601779,0.0683986,0.0751964,0.0663123,0.0805795,0.0624481,0.0929713,0.0807438,0.0796958,0.0911097,0.100223,0.0918689,0.119505,0.0948219,0.113095,0.137414
443.442,0.057328,0.0530422,0.0598905,0.0577138,0.0591542,0.0587356,0.0669893,0.0505264,0.0747158,0.0701044,0.0575053,0.0664148,0.0773201,0.0814088,0.0715344,0.0867163,0.0933708,0.100738,0.10947
443.921,0.0511476,0.0449277,0.0357055,0.0415033,0.0617576,0.0535179,0.0421275,0.0633223,0.0477866,0.0652437,0.0627,0.0510553,0.0749822,0.0716558,0.0788142,0.0816907,0.0902237,0.0748037,0.0941211
444.399,0.0482828,0.0453444,0.0511972,0.0475164,0.0314258,0.0562633,0.0438088,0.0615504,0.0626371,0.0626155,0.0527618,0.0691804,0.0830908,0.0869196,0.0713046,0.0857885,0.0815323,0.0819857,0.0987762
444.877,0.0539899,0.0481387,0.0562589,0.0464003,0.052262,0.0516527,0.0320456,0.0590669,0.0617399,0.0545818,0.0637713,0.072883,0.0695471,0.0739013,0.0819587,0.0780929,0.07702,0.0870281,0.111351
445.355,0.0289839,0.0346698,0.0484735,0.033607,0.0398541,0.0411547,0.0283084,0.0355692,0.0605417,0.0419776,0.0396017,0.0344321,0.0651126,0.0651262,0.0586888,0.0715879,0.0749335,0.0809498,0.0858787
445.832,0.0526787,0.0488746,0.0655528,0.0524133,0.0670726,0.0405764,0.0445572,0.0525089,0.0679203,0.0653993,0.0740795,0.0676458,0.0806524,0.0771247,0.0784802,0.0902417,0.0994529,0.0972856,0.0972493
446.31,0.0355458,0.0433271,0.0503518,0.0497564,0.0478157,0.0564419,0.0478412,0.0564259,0.0571087,0.0651159,0.0677492,0.0784825,0.065713,0.0829325,0.0746463,0.0838554,0.0881219,0.0925425,0.0986372
446.788,0.0493927,0.0660051,0.0708858,0.0649,0.0742283,0.0680849,0.0687593,0.0683371,0.0757376,0.0647277,0.0761041,0.0902183,0.0802675,0.101262,0.0981721,0.0999086,0.111095,0.108622,0.114207
447.265,0.0346497,0.029801,0.0433689,0.0539734,0.0631927,0.037583,0.039793,0.0592811,0.0511188,0.0602133,0.0519194,0.053685,0.0666428,0.0743169,0.0758732,0.0842161,0.0799616,0.0905007,0.0943971
447.742,0.0401113,0.0392782,0.0362178,0.032528,0.0432856,0.0435316,0.0529684,0.0530074,0.0557354,0.0556427,0.0492762,0.0764293,0.0791201,0.0674884,0.0731869,0.0903527,0.0834955,0.0755201,0.102061
448.219,0.0546568,0.0611067,0.0654905,0.0648473,0.0528126,0.0624271,0.0607084,0.0709558,0.0616453,0.0665144,0.0655654,0.0703039,0.0742653,0.0868638,0.0956934,0.0786733,0.096513,0.104185,0.11396
448.697,0.056505,0.0527033,0.0484315,0.0628071,0.0474108,0.0525971,0.0575994,0.062124,0.0550213,0.067877,0.073643,0.0670527,0.0653025,0.0788173,0.076463,0.0793036,0.0990938,0.0953052,0.10081
449.173,0.0398617,0.0397069,0.0441304,0.0410569,0.0403385,0.0492842,0.050259,0.0430457,0.05653,0.0676558,0.0578002,0.0789466,0.0687347,0.0832251,0.0770613,0.0892749,0.0796346,0.0856849,0.0853027
449.65,0.0525649,0.0540409,0.0447076,0.0550035,0.0506369,0.0556591,0.055604,0.0527991,0.0562121,0.0720024,0.0672124,0.0722998,0.0755688,0.0846725,0.0875699,0.0761715,0.0901955,0.0994284,0.105256
450.127,0.0504599,0.0615006,0.0554724,0.0625221,0.0700634,0.0462674,0.0426934,0.0618944,0.0702977,0.0665801,0.06846,0.0710567,0.08899,0.0931578,0.0834853,0.0856091,0.0889041,0.10022,0.123147
450.604,0.0482798,0.0575172,0.0412234,0.053381,0.0509305,0.0468555,0.0471137,0.0531308,0.068155,0.0639221,0.0795891,0.0694874,0.0734127,0.071811,0.0716359,0.0832403,0.0976855,0.0836083,0.106973
451.08,0.0456983,0.0472851,0.0415128,0.0451909,0.0532984,0.0423925,0.0451432,0.05317,0.0650107,0.0553795,0.0552086,0.0642977,0.0652615,0.0667828,0.0750205,0.0911213,0.0831266,0.073335,0.105051
451.557,0.0432012,0.0428917,0.0448736,0.0417933,0.0415288,0.0565426,0.0426702,0.051216,0.0562173,0.0523245,0.0641035,0.0556255,0.0567803,0.0642358,0.066122,0.0752612,0.0867914,0.0721947,0.107605
452.033,0.0315617,0.0445655,0.0363907,0.0524344,0.0307064,0.0585415,0.066743,0.0617369,0.0506274,0.0525632,0.0583434,0.0783945,0.0677047,0.0822173,0.0843586,0.0703057,0.0830394,0.0830302,0.106931
452.509,0.0471213,0.0438069,0.0452577,0.0508329,0.0399732,0.0440507,0.0538111,0.0473907,0.0677457,0.0568709,0.0580077,0.0582873,0.0676302,0.0755116,0.0709817,0.0800101,0.0900804,0.0843862,0.0998525
452.985,0.0565633,0.0603405,0.0547482,0.0622594,0.0697582,0.0617433,0.0689667,0.0737758,0.0734478,0.0544323,0.0618722,0.0671859,0.0794777,0.0806565,0.0923556,0.091627,0.0943756,0.097572,0.101739
453.461,0.03515,0.0332686,0.0486568,0.0459177,0.0471095,0.0403784,0.0469494,0.056553,0.0549587,0.0532139,0.0587144,0.0572736,0.0676791,0.0576802,0.078449,0.0751131,0.0762395,0.0839451,0.0934534
453.937,0.0466896,0.0403945,0.042785,0.0429859,0.0385759,0.0457312,0.0454778,0.046445,0.0518279,0.0569219,0.0615473,0.0590598,0.0770485,0.0647288,0.0795717,0.0819623,0.0842026,0.0753843,0.0949302
454.412,0.0449455,0.0446044,0.0512569,0.0525003,0.0497342,0.0498371,0.0532016,0.0703604,0.0495206,0.0554519,0.0641956,0.0743667,0.0825117,0.0833956,0.081705,0.0927279,0.0787908,0.0876668,0.105001
454.888,0.0645098,0.0579628,0.067344,0.0607126,0.0645005,0.0705365,0.0665942,0.0645005,0.0748171,0.0585816,0.0789872,0.0810585,0.0909444,0.0809874,0.083507,0.0968054,0.104664,0.100527,0.132825
455.363,0.0439964,0.0478078,0.0474747,0.0481154,0.0595778,0.0631204,0.0564996,0.0695895,0.0714794,0.0764687,0.0641422,0.0717703,0.0786518,0.079745,0.0791342,0.0981173,0.10185,0.0947989,0.11227
455.839,0.0542233,0.0581261,0.0588957,0.0569257,0.0528603,0.0515912,0.0473241,0.0639977,0.0688008,0.0795535,0.0594283,0.0715869,0.0768123,0.0755365,0.0844242,0.0995005,0.0948827,0.0885562,0.110626
456.314,0.0531853,0.0633367,0.0706007,0.0688998,0.0568557,0.0700574,0.0599744,0.0701118,0.0745115,0.0779497,0.074788,0.0736087,0.084556,0.0908758,0.0907912,0.102273,0.101618,0.0867788,0.112064
456.789,0.0473354,0.051004,0.0603059,0.0445768,0.0501311,0.056933,0.0581649,0.0590477,0.0712764,0.0588267,0.0715223,0.0821237,0.075226,0.0757327,0.085783,0.0940787,0.0958405,0.101198,0.111943
457.264,0.041385,0.0468314,0.0269918,0.0436367,0.0355371,0.039015,0.0436691,0.0461502,0.0568283,0.0480024,0.053981,0.0564474,0.0577904,0.0605979,0.0654948,0.0777294,0.086227,0.0816678,0.100604
457.739,0.0471073,0.0384484,0.0445809,0.0534417,0.0471755,0.0502115,0.0533929,0.0442046,0.067504,0.0582908,0.0564511,0.0697158,0.0648894,0.0830893,0.0760725,0.0853848,0.0722584,0.0907956,0.110134
458.214,0.0535458,0.0431159,0.0522044,0.0512224,0.0442337,0.0495494,0.054699,0.0552653,0.0698863,0.057167,0.0662514,0.0686253,0.0735466,0.0770853,0.0879617,0.0834044,0.0871433,0.0917948,0.107705
458.689,0.0452008,0.0487285,0.049283,0.0471779,0.0438001,0.0562717,0.0484957,0.050692,0.0607966,0.0590172,0.0595958,0.0732897,0.0762578,0.0811866,0.0748498,0.0862527,0.0919971,0.0916076,0.0997042
459.163,0.0391034,0.0482809,0.0502209,0.0440392,0.0524543,0.0483846,0.0483003,0.049435,0.061277,0.0614219,0.0606033,0.0646627,0.0727338,0.0810584,0.0688804,0.0841822,0.0858023,0.0871743,0.100413
459.637,0.0543252,0.059035,0.0550967,0.0592778,0.0645438,0.0469126,0.0602914,0.0648631,0.0654415,0.0696259,0.0657534,0.0782843,0.0843971,0.0910497,0.0882721,0.0967904,0.103566,0.1007,0.102612
460.112,0.057081,0.0544597,0.0554974,0.0571643,0.0585276,0.0545201,0.0635625,0.0656911,0.07217,0.0732669,0.0698166,0.0827256,0.0873867,0.089739,0.0828308,0.0951699,0.0944329,0.0880979,0.108574
460.586,0.0591232,0.0656761,0.0609782,0.0640116,0.0575693,0.0445146,0.0670058,0.067302,0.070244,0.0701295,0.0792315,0.0825301,0.0700835,0.0775414,0.0857464,0.0890087,0.0963174,0.0964836,0.119113
461.06,0.0568862,0.04955,0.0443813,0.0494157,0.045945,0.0522531,0.0462661,0.0540428,0.0557227,0.0589362,0.0603101,0.0703282,0.0646599,0.0826601,0.0681283,0.0818087,0.0805657,0.086948,0.103831
461.534,0.053285,0.0481151,0.0537482,0.0562132,0.048708,0.0567224,0.0520837,0.0627261,0.0573502,0.0724045,0.0599882,0.0770495,0.0670581,0.0883096,0.0920458,0.0841943,0.0780056,0.0917423,0.111673
462.008,0.0469119,0.0532521,0.0494864,0.0506372,0.0654966,0.0549254,0.0669093,0.0695895,0.0684198,0.0589382,0.0643613,0.0730261,0.0802967,0.0744623,0.0936964,0.0878429,0.0948121,0.0928242,0.108488
462.482,0.0502576,0.047436,0.043591,0.0433998,0.0424691,0.0404595,0.0554273,0.0515005,0.0477674,0.0509187,0.0582721,0.067429,0.0644317,0.0703702,0.072599,0.0762481,0.0908413,0.0756686,0.10062
462.955,0.0399917,0.0507329,0.0420058,0.0533997,0.0495781,0.0498497,0.0512105,0.058304,0.0548649,0.0538926,0.0573181,0.0564929,0.0731927,0.0691992,0.07869,0.0780025,0.0850799,0.0809055,0.102098
463.429,0.042992,0.0476145,0.0428383,0.0394322,0.0482431,0.0480477,0.0397865,0.0543876,0.0450836,0.0519017,0.0484063,0.0680497,0.0710786,0.0592391,0.0775784,0.0747391,0.0808781,0.0727266,0.0987348
463.902,0.0502686,0.0444575,0.0428651,0.0444046,0.0478534,0.0496415,0.0498384,0.0479063,0.0559596,0.0621588,0.0619179,0.0622966,0.0710044,0.0720002,0.0843232,0.0930818,0.0890057,0.0795046,0.0993911
464.375,0.0457004,0.0537279,0.0520967,0.0554894,0.0592434,0.0637259,0.0509455,0.0603093,0.0606396,0.0699507,0.0717275,0.0683494,0.06864,0.0793105,0.079329,0.0908669,0.0927707,0.0937292,0.11125
464.849,0.0378865,0.0439593,0.0492435,0.0436241,0.0472372,0.0478334,0.0429085,0.0508536,0.0584787,0.0640896,0.0617871,0.0663188,0.0710787,0.0795558,0.0830564,0.0831133,0.0856838,0.0837804,0.10752
465.322,0.0609645,0.0549954,0.0666039,0.0499747,0.0685008,0.0589186,0.0583848,0.0662428,0.0692942,0.0725803,0.0751858,0.0713595,0.0813545,0.0823374,0.0948767,0.0920009,0.0912439,0.104072,0.116412
465.794,0.0494968,0.0502896,0.0529741,0.0558773,0.0553348,0.0534964,0.0513022,0.0614812,0.0592925,0.0714593,0.069956,0.0747752,0.0747951,0.0839304,0.078315,0.0814167,0.0837405,0.0955681,0.0936265
466.267,0.0487472,0.0408175,0.0423488,0.0566876,0.0516333,0.0413338,0.0522475,0.05273,0.0548386,0.0536213,0.0604737,0.0685511,0.0648743,0.0741701,0.0767455,0.0761954,0.083233,0.0828881,0.105473
466.74,0.0333881,0.047986,0.0510632,0.0434674,0.0477474,0.0408116,0.0443518,0.0576098,0.0525376,0.053567,0.0575452,0.0626576,0.072636,0.0743485,0.0732116,0.0754976,0.0851817,0.0790348,0.103027
467.213,0.0463845,0.0560326,0.0504806,0.0474249,0.0515052,0.0583388,0.056814,0.0681473,0.0681747,0.0717176,0.062481,0.0765852,0.0790618,0.0819506,0.0721475,0.0937862,0.0907983,0.0834964,0.098591
467.685,0.0470298,0.0561187,0.0505298,0.0599183,0.0537865,0.057216,0.0566982,0.0616316,0.0652323,0.0633242,0.0657753,0.0699803,0.0768305,0.0711256,0.0912773,0.083355,0.0924918,0.0914995,0.111266
468.157,0.0511604,0.0443974,0.0527956,0.0527203,0.0520911,0.0616849,0.0534735,0.0594517,0.0665961,0.0580129,0.0645623,0.0643186,0.0800533,0.081571,0.0803486,0.0866515,0.0869275,0.0880258,0.107793
468.63,0.0567227,0.0600778,0.0551593,0.0579038,0.0595989,0.0551687,0.0538798,0.0562222,0.0662573,0.0666381,0.0731614,0.0699381,0.0727316,0.0767323,0.0847752,0.0857092,0.087562,0.0925996,0.115291
469.102,0.0474471,0.0434397,0.0464193,0.0477221,0.0481494,0.0503951,0.0577814,0.0462003,0.0504866,0.0530203,0.0608207,0.0591488,0.0741937,0.0759398,0.0839046,0.0782936,0.0757749,0.0915948,0.106183
469.574,0.0505718,0.0485046,0.0525445,0.0461019,0.0585422,0.0542482,0.05538,0.0636659,0.062597,0.0569856,0.0689199,0.071329,0.0675924,0.0857414,0.0793352,0.0770476,0.0904824,0.091648,0.10651
470.046,0.0477281,0.0467223,0.0531653,0.0548764,0.0471468,0.0478321,0.0483687,0.061854,0.054936,0.0553102,0.0568854,0.0643404,0.0701116,0.0670975,0.0785794,0.0796308,0.0773905,0.0825699,0.1016
470.517,0.0459649,0.0456094,0.043482,0.0519411,0.0535673,0.0480869,0.0512815,0.0563314,0.0575869,0.0674934,0.0644066,0.0657239,0.0727403,0.0757071,0.0777532,0.0847442,0.091447,0.0856326,0.102277
470.989,0.048439,0.0528367,0.0534628,0.0487318,0.0574562,0.0532158,0.0592621,0.0577644,0.0639588,0.0665087,0.0634326,0.0643438,0.075745,0.0814522,0.082839,0.0874115,0.0951758,0.0986506,0.11264
471.461,0.0403996,0.0444396,0.0347189,0.0356684,0.0407082,0.0437566,0.0476026,0.0463313,0.0488712,0.0538676,0.051718,0.0634722,0.0632339,0.0663369,0.0713591,0.0714772,0.0766666,0.0786133,0.0990327
471.932,0.0531511,0.0551089,0.0521856,0.0528407,0.0543858,0.0574198,0.066377,0.055497,0.0645378,0.0571637,0.0712097,0.07363,0.0722111,0.0768421,0.0846766,0.0849237,0.0902405,0.0914248,0.112389
472.403,0.0383406,0.0443871,0.0440045,0.0461883,0.0421688,0.043362,0.0446603,0.0486639,0.0558835,0.0577457,0.0575765,0.0591605,0.0680155,0.067432,0.0673429,0.072171,0.0795287,0.0874957,0.10294
472.874,0.0403001,0.0329337,0.0417346,0.0556025,0.0416227,0.0459738,0.0527533,0.0499039,0.053914,0.0638091,0.0584227,0.0604066,0.0710445,0.0702139,0.0731333,0.0784908,0.080286,0.0841853,0.102428
473.346,0.0405898,0.0443035,0.0473669,0.0384554,0.0505612,0.0476245,0.0451631,0.0533838,0.0506539,0.0513631,0.0622066,0.0620677,0.0654989,0.0637929,0.0803052,0.0864695,0.0789342,0.0821932,0.100179
473.816,0.0467727,0.04562,0.0490003,0.04647,0.0467299,0.0481635,0.0484407,0.0504144,0.053624,0.0582313,0.0665911,0.0659862,0.0706377,0.0752738,0.0729689,0.0825433,0.0869096,0.0896581,0.103855
474.287,0.0398441,0.038634,0.0413639,0.0400922,0.0395863,0.0411623,0.045284,0.0433218,0.0469933,0.053598,0.0570987,0.0568328,0.0667042,0.0549365,0.0678503,0.0762541,0.0837033,0.0701851,0.0969171
474.758,0.0463681,0.0481556,0.0433749,0.0505251,0.0488583,0.0504405,0.0491346,0.0535447,0.0547049,0.0588372,0.0624474,0.0665912,0.0704337,0.0672821,0.0725716,0.0809016,0.0830297,0.0848049,0.100451
475.229,0.0484472,0.0448292,0.0455745,0.0485325,0.0529475,0.0547588,0.05297,0.0528744,0.0553786,0.0541188,0.0595432,0.0683293,0.0652714,0.0750566,0.0765563,0.08742,0.0886403,0.0848173,0.0999762
475.699,0.0454888,0.0449852,0.0480265,0.0463555,0.0485112,0.053753,0.0503015,0.0541359,0.0564771,0.0611366,0.0629642,0.0649279,0.075168,0.0772023,0.075374,0.0833959,0.0900105,0.0876373,0.107629
476.17,0.0498494,0.0492273,0.0462521,0.0582929,0.0553817,0.0548526,0.0603816,0.0581216,0.0543351,0.0673308,0.0620799,0.0687722,0.0771464,0.0763519,0.0829626,0.0898484,0.0910577,0.0897738,0.106172
476.64,0.0467589,0.0408386,0.0512573,0.0510105,0.0500398,0.0445827,0.0569247,0.055487,0.0576828,0.0616147,0.0640428,0.0666637,0.0743884,0.0752678,0.0757825,0.0793588,0.0872866,0.0807001,0.099321
477.11,0.0422195,0.0425565,0.0394629,0.0467363,0.0483774,0.0478336,0.0513227,0.0537592,0.0569369,0.0508176,0.0635197,0.0698987,0.07442,0.0782905,0.0766562,0.0795881,0.08362,0.0814176,0.100234
477.58,0.0440731,0.0487711,0.0578794,0.0445206,0.0472381,0.0536495,0.0541314,0.0612027,0.0602848,0.0598938,0.0640205,0.0719387,0.077124,0.0791157,0.0858987,0.0846633,0.084773,0.0887774,0.104104
478.05,0.0494227,0.0497788,0.0479944,0.0466004,0.0543143,0.0599952,0.0555817,0.0573056,0.0599924,0.0698916,0.0673955,0.0706632,0.0696646,0.0785953,0.0851179,0.0809978,0.0841381,0.0856321,0.113221
478.52,0.0418021,0.0434056,0.0442465,0.046448,0.0506888,0.0523452,0.0479151,0.0507829,0.0564699,0.0574887,0.0640816,0.0672251,0.0770589,0.0732476,0.076283,0.0747157,0.0810887,0.0835543,0.0939856
478.989,0.0430162,0.0439925,0.0498032,0.0452948,0.0423231,0.0456367,0.0500004,0.0553203,0.0580014,0.0574891,0.069958,0.0652992,0.0668014,0.0700771,0.0803035,0.0752283,0.0818355,0.0836209,0.0993683
479.459,0.04592,0.0499838,0.0454279,0.042019,0.0459688,0.0523565,0.0513603,0.0501736,0.0579347,0.057505,0.0648735,0.0632293,0.0644655,0.078937,0.0753921,0.0903248,0.0803702,0.0866696,0.105357
479.928,0.0436105,0.0502396,0.0480194,0.046855,0.0439916,0.050089,0.0474573,0.0522598,0.0590358,0.0557754,0.0601977,0.0613359,0.0698572,0.0769684,0.0723642,0.0864378,0.0805815,0.0843177,0.104526
480.398,0.0400184,0.0465385,0.043893,0.0457014,0.0509219,0.0461671,0.0505131,0.0557825,0.0550484,0.0541025,0.0642999,0.0617454,0.069596,0.0715956,0.0837809,0.0816791,0.0836772,0.0854638,0.0999984
480.867,0.042463,0.0458807,0.0486869,0.0525601,0.047977,0.0494464,0.0482704,0.0550288,0.055156,0.0581434,0.0611844,0.0632961,0.0680536,0.0650333,0.0784966,0.0830661,0.0798903,0.0854502,0.101709
481.336,0.0478472,0.0505288,0.0495878,0.0495876,0.053662,0.055555,0.0507765,0.0579993,0.06009,0.0649024,0.0613381,0.0714359,0.0710824,0.0804186,0.0751362,0.0856933,0.0870589,0.0867854,0.103446
481.805,0.0486969,0.0487481,0.0474113,0.053137,0.0587041,0.0541051,0.0568924,0.0547175,0.0595477,0.0648547,0.0698959,0.0697875,0.0805353,0.0790179,0.0876793,0.0832292,0.0910199,0.0870517,0.110974
482.274,0.0436392,0.0484189,0.0461608,0.0473598,0.0506508,0.0515109,0.0553928,0.0513735,0.0567932,0.0577874,0.0630996,0.0661325,0.0678559,0.0689623,0.0802705,0.0818235,0.0835757,0.0820702,0.098923
482.743,0.0450163,0.0455165,0.0443584,0.0486673,0.0513716,0.0483601,0.0471706,0.0513162,0.0575878,0.055956,0.0590267,0.0653185,0.0760891,0.0720242,0.0810611,0.0839132,0.0900162,0.085003,0.10308
483.211,0.0436961,0.0426026,0.0433857,0.0474323,0.0503058,0.0444374,0.0524352,0.0519322,0.0535659,0.0554525,0.0612945,0.0692345,0.0695257,0.0709533,0.0782199,0.0771263,0.0837899,0.080768,0.0936658
483.68,0.0473565,0.0470253,0.0441904,0.0521194,0.0532653,0.0525959,0.052973,0.0520254,0.06264,0.0613364,0.0656743,0.0685725,0.0719317,0.0698882,0.0793625,0.083223,0.0835091,0.0882748,0.100613
484.148,0.0417754,0.0428426,0.0415004,0.0409173,0.0483366,0.0426992,0.0544737,0.048291,0.0512531,0.0541506,0.0584929,0.0636308,0.0617174,0.0754734,0.081697,0.0775677,0.0817276,0.08102,0.100591
484.617,0.0432576,0.0446012,0.0459057,0.0470247,0.0517556,0.0502228,0.0462075,0.0571234,0.0503924,0.0602762,0.0632934,0.066644,0.0723091,0.0695408,0.0732216,0.0803563,0.0836293,0.0830899,0.103856
485.085,0.0491743,0.0451015,0.0434266,0.0497277,0.0480676,0.0490773,0.0535514,0.0587808,0.0560806,0.0608281,0.0662017,0.068516,0.071076,0.0777294,0.074649,0.0798356,0.0846584,0.0826001,0.104705
485.553,0.0426241,0.0455839,0.0461753,0.0448195,0.0481968,0.0474456,0.0517599,0.0539078,0.0528082,0.0525774,0.0611476,0.0631088,0.0708197,0.0704031,0.0816163,0.0778586,0.0814183,0.0818752,0.0996889
486.021,0.0464447,0.0504075,0.0458554,0.0519503,0.0475769,0.0521816,0.0530085,0.0526808,0.0612959,0.0575597,0.0626131,0.0713602,0.0692674,0.0731015,0.0782094,0.0797407,0.0841958,0.09058,0.109913
486.489,0.0469166,0.0447375,0.0463618,0.0502707,0.0525006,0.0484331,0.0546885,0.0486941,0.0560636,0.0574944,0.0622391,0.068506,0.0682962,0.0736314,0.0756808,0.0795678,0.0855634,0.0869535,0.104506
486.956,0.0448117,0.0401152,0.0440487,0.0502152,0.0529923,0.0524063,0.0530065,0.0501327,0.0565453,0.0583016,0.0629487,0.0708542,0.0670579,0.0766961,0.0766013,0.08072,0.0916116,0.0870001,0.10256
487.424,0.0465579,0.0439967,0.0447988,0.0471656,0.0532729,0.0509268,0.0544593,0.052799,0.0564963,0.0591122,0.0609671,0.0674634,0.0720669,0.0748807,0.0761412,0.0798644,0.0839166,0.0845066,0.101934
487.891,0.0433184,0.0440822,0.0433251,0.0452634,0.0470502,0.0488496,0.0497728,0.0522699,0.0564121,0.0565582,0.0603442,0.0596822,0.068265,0.0718673,0.074647,0.0769533,0.0821381,0.0823174,0.0971768
488.359,0.0436403,0.0484539,0.0475145,0.0489125,0.0473753,0.0506224,0.0525624,0.0545062,0.0561152,0.0601034,0.062267,0.0648125,0.0669575,0.0773184,0.0790227,0.0803522,0.0836851,0.0848212,0.0997226
488.826,0.0501002,0.0478865,0.0524774,0.0523708,0.0545617,0.0532694,0.0531492,0.0554375,0.0608962,0.0655837,0.0628114,0.0704322,0.0734295,0.0749727,0.0798601,0.0845909,0.089515,0.0878203,0.11055
489.293,0.0443625,0.0490171,0.0462599,0.0488136,0.0485731,0.0501012,0.0511807,0.0508817,0.0551892,0.0591086,0.0594233,0.0639444,0.0686668,0.0736476,0.0765809,0.0794672,0.0855641,0.0825464,0.100867
489.76,0.045746,0.0533812,0.0438863,0.0495469,0.049988,0.0484008,0.053555,0.0543124,0.0539309,0.0625604,0.0645547,0.0661246,0.0659395,0.0780634,0.0767434,0.0815205,0.0895213,0.0825187,0.102899
490.227,0.0470311,0.049218,0.0465293,0.0439888,0.0453038,0.0489187,0.0516312,0.0526517,0.053464,0.056131,0.0566505,0.0612702,0.0660649,0.0703097,0.0714422,0.0739235,0.0801399,0.0834393,0.102822
490.694,0.0472911,0.0439233,0.047453,0.0490896,0.0459419,0.0513065,0.0526647,0.0518311,0.0545489,0.0566123,0.0619086,0.0637944,0.0692689,0.071067,0.0765635,0.0823612,0.0820468,0.0878027,0.10169
491.16,0.04946,0.0506833,0.0473971,0.0494594,0.0472468,0.0551175,0.0496697,0.0538628,0.0609465,0.0593743,0.065753,0.0677709,0.0682135,0.0754971,0.0754089,0.0835303,0.0869557,0.0870878,0.10513
491.627,0.0467167,0.0461706,0.0500465,0.0486443,0.0494953,0.04937,0.0553789,0.0551102,0.0608087,0.0568979,0.0587051,0.0649063,0.0713951,0.0735011,0.0780873,0.0772643,0.0819883,0.083545,0.1019
492.093,0.0426197,0.0479175,0.0435859,0.0475653,0.0477456,0.050567,0.0530285,0.0548144,0.0547065,0.06244,0.0619905,0.0664196,0.0703934,0.0744401,0.0763704,0.0832534,0.0847302,0.082929,0.100241
492.56,0.040648,0.0420648,0.0445789,0.0472387,0.0486598,0.0480166,0.0509119,0.0526207,0.0564829,0.0579672,0.0597946,0.0659131,0.0721761,0.0705018,0.0723911,0.0802173,0.0853003,0.0852144,0.104344
493.026,0.0489403,0.0453286,0.049053,0.0482234,0.0444935,0.0503446,0.0468604,0.0553813,0.0579313,0.0584775,0.0597523,0.0655887,0.0645547,0.072092,0.0737042,0.0811574,0.0820853,0.0876528,0.102761
493.492,0.0495713,0.0435702,0.0519097,0.0498574,0.0489535,0.0510715,0.0538752,0.0529857,0.0590177,0.0609497,0.0596992,0.0715274,0.0729402,0.076827,0.0825796,0.0841968,0.0830529,0.0846236,0.105756
493.958,0.0423938,0.0439733,0.0442907,0.0439188,0.0475574,0.0485016,0.0469337,0.0527806,0.0554338,0.0584644,0.0572314,0.0610912,0.0662168,0.0683221,0.0734633,0.0782279,0.0778436,0.0793563,0.100493
494.424,0.0434271,0.042296,0.0463889,0.0466712,0.0505014,0.0492542,0.0502132,0.0532203,0.0549268,0.0594853,0.0579913,0.0629734,0.0658393,0.0727224,0.0772935,0.0791496,0.0798246,0.0871198,0.101152
494.89,0.0470406,0.0474854,0.0461797,0.0504373,0.0472441,0.0479564,0.0495238,0.052967,0.0551758,0.0579604,0.0599513,0.0634174,0.0695672,0.0692387,0.0816132,0.0796939,0.0847738,0.0828576,0.101741
495.355,0.047615,0.0506646,0.0481133,0.0523768,0.050227,0.0561256,0.0559487,0.0539448,0.0566401,0.0598445,0.0641646,0.0673731,0.0748962,0.0733833,0.0790669,0.0813778,0.0864814,0.0853033,0.107939
495.821,0.0456727,0.0459915,0.0493497,0.0492398,0.0526061,0.0545655,0.0552423,0.0568048,0.0585317,0.0629053,0.0664405,0.0725009,0.0742798,0.0800127,0.0785924,0.0843726,0.0850392,0.0883851,0.106649
496.286,0.0432814,0.048451,0.0450648,0.0496402,0.0486023,0.0529975,0.0549117,0.0575657,0.0563499,0.0590047,0.0604653,0.0710504,0.0693623,0.0763456,0.0783137,0.0797853,0.086404,0.0849019,0.106024
496.751,0.0483275,0.0468671,0.043657,0.0466007,0.0475546,0.0511135,0.0517167,0.04989,0.053956,0.0568367,0.0606097,0.06275,0.0714817,0.0728537,0.0781582,0.0837949,0.0847072,0.0793485,0.0999687
497.216,0.0451361,0.0485283,0.0443056,0.0509199,0.0485111,0.0535982,0.055376,0.050724,0.0564873,0.0604889,0.0651783,0.0644707,0.070499,0.0735311,0.0785278,0.0839627,0.0866848,0.0862232,0.102454
497.682,0.0457472,0.047126,0.0458446,0.0484164,0.0516085,0.051655,0.0479449,0.0520369,0.0563504,0.0596985,0.0632961,0.0646775,0.0681421,0.0694122,0.0762759,0.0784907,0.0831303,0.0854426,0.0999038
498.146,0.0466462,0.0452624,0.0475192,0.0457972,0.0478127,0.0503431,0.0479116,0.0514104,0.054758,0.0563732,0.0582757,0.0625211,0.0658893,0.0728753,0.0756236,0.0760303,0.0791468,0.0807519,0.0963232
498.611,0.0416863,0.0414706,0.0448139,0.0485992,0.0458021,0.0447862,0.0473377,0.0512253,0.0547527,0.0574206,0.0584128,0.0631678,0.0688854,0.0760293,0.0747755,0.0806261,0.0835638,0.0815453,0.098872
499.076,0.044239,0.0456558,0.0485541,0.0462111,0.0470402,0.0496809,0.0518723,0.0548855,0.0562838,0.0572927,0.0646195,0.0677668,0.070785,0.075604,0.0754283,0.0787104,0.0824429,0.0863652,0.100137
499.541,0.046154,0.0428479,0.0461441,0.048312,0.0491096,0.0506586,0.0513132,0.0536433,0.0565192,0.0569527,0.0601071,0.0674656,0.0649016,0.075511,0.0793207,0.0798147,0.0822555,0.0799183,0.101964
500.005,0.0438619,0.0435977,0.0475015,0.0446201,0.044683,0.0467135,0.0493543,0.049771,0.0534439,0.0593738,0.0614853,0.0642458,0.070096,0.0718265,0.075434,0.0790834,0.0844529,0.0851048,0.103365
500.469,0.0462362,0.0415506,0.0425798,0.0451208,0.0505164,0.0454,0.048385,0.0525836,0.0531986,0.0559802,0.0612621,0.0663149,0.0647515,0.0677363,0.0747112,0.0808202,0.0832582,0.0799218,0.104657
500.934,0.0438918,0.0450937,0.040497,0.0400917,0.0461065,0.0491117,0.047363,0.0483754,0.0558802,0.0543542,0.0615274,0.0643911,0.0667763,0.0710375,0.0746498,0.0772013,0.080292,0.0810569,0.0984818
501.398,0.0443163,0.0446103,0.0450093,0.0455302,0.0438601,0.0468877,0.0508573,0.0509226,0.0549011,0.0575659,0.0643328,0.0639108,0.0679865,0.0777988,0.0769483,0.0782275,0.0804043,0.0864723,0.104541
501.862,0.0471467,0.0436595,0.043925,0.0473069,0.0480181,0.0476944,0.052659,0.0535043,0.0561111,0.0591139,0.0619368,0.0599357,0.0709181,0.0761975,0.0743972,0.081184,0.0866456,0.0824013,0.101222
502.326,0.0457833,0.046454,0.0449299,0.0459382,0.0476928,0.0521839,0.0530396,0.0554043,0.0557463,0.0595844,0.0602216,0.063986,0.0685876,0.0736738,0.0777268,0.0818192,0.0838344,0.0832661,0.101036
502.789,0.0515154,0.0503568,0.0504924,0.0520475,0.0529147,0.0519827,0.0520729,0.0564482,0.0596802,0.0625266,0.0670579,0.0655033,0.0752735,0.076364,0.0788903,0.0824985,0.0897995,0.0870101,0.105149
503.253,0.0438038,0.0436445,0.0458946,0.0451296,0.0482372,0.0513071,0.0529842,0.0523811,0.0589147,0.0594929,0.0631444,0.0690783,0.0688121,0.071081,0.0744103,0.0794248,0.0826129,0.0845667,0.102314
503.716,0.0447252,0.0457424,0.0454724,0.0480506,0.049696,0.0524952,0.0529142,0.0555762,0.0562627,0.0576247,0.0631103,0.0682218,0.0724762,0.0734554,0.0783302,0.077938,0.0832052,0.0846287,0.103442
504.18,0.0462523,0.048423,0.0475583,0.0481373,0.0498832,0.0468054,0.0542478,0.0522727,0.0580663,0.0593087,0.062515,0.0664189,0.0699062,0.0713433,0.0781239,0.0832873,0.0851395,0.0822864,0.103229
504.643,0.0458978,0.0468504,0.0465155,0.0455875,0.0475253,0.0492606,0.0537312,0.0529017,0.0565986,0.0557804,0.0617286,0.0641462,0.0691967,0.0758937,0.0777126,0.0811469,0.0855329,0.0819197,0.100349
505.106,0.0439986,0.0456988,0.044683,0.0458525,0.0471821,0.0506371,0.0510612,0.0506876,0.0515681,0.0570542,0.0613754,0.0650859,0.0670529,0.074022,0.0751534,0.0796758,0.0842676,0.085379,0.101503
505.569,0.0447405,0.0409058,0.0468384,0.0430913,0.0508813,0.0508202,0.0507032,0.052,0.0540096,0.0581648,0.0599465,0.0642106,0.069515,0.0715517,0.0767137,0.0809019,0.0807929,0.0821801,0.102262
506.032,0.0425866,0.0433075,0.0425058,0.045749,0.0450188,0.0482759,0.0475057,0.0516451,0.0536983,0.0539758,0.0576319,0.0578954,0.0648028,0.0707276,0.0747773,0.0770366,0.0800349,0.0859557,0.0992672
506.495,0.0438278,0.0434197,0.0484584,0.0442898,0.0488127,0.0493225,0.0493765,0.0539629,0.0526991,0.0583351,0.0611949,0.0637311,0.0656365,0.0730113,0.0742533,0.0808109,0.0820645,0.0823138,0.105948
506.958,0.0421568,0.0448457,0.0435858,0.0426924,0.0449636,0.0503608,0.0480473,0.0509753,0.0568142,0.059593,0.0585139,0.0626413,0.0674097,0.0722364,0.0730456,0.0765194,0.0820755,0.0828051,0.100022
507.42,0.0464125,0.0476903,0.0497037,0.0469469,0.0493197,0.0515225,0.051199,0.0541259,0.0594836,0.0597191,0.0614047,0.0646037,0.0691224,0.0757265,0.0804504,0.0833089,0.0819823,0.0864299,0.101369
507.883,0.0441127,0.0396486,0.0418627,0.0443402,0.0455085,0.0503479,0.048072,0.0508976,0.0537055,0.0512388,0.0558881,0.0626285,0.0657103,0.0663681,0.0692055,0.075864,0.0770929,0.0790962,0.0968168
508.345,0.0461502,0.0439127,0.0461725,0.0475407,0.0491775,0.0498215,0.0511395,0.0503914,0.0522716,0.0565243,0.0590511,0.0652459,0.0665187,0.0716082,0.0733851,0.079863,0.0817907,0.0835567,0.101286
508.808,0.0433874,0.0459368,0.0445869,0.047008,0.0482051,0.0470861,0.0493666,0.0531669,0.053049,0.0566103,0.0610131,0.06483,0.0699476,0.072919,0.0726669,0.0804256,0.0844353,0.0810553,0.102127
509.27,0.042916,0.0468103,0.0462865,0.0464468,0.0452003,0.0480102,0.0483377,0.0542305,0.0565219,0.0582128,0.0605412,0.0626444,0.0672664,0.071413,0.0783873,0.0799679,0.0837836,0.0818819,0.105215
509.732,0.0439112,0.0455274,0.0411697,0.0480441,0.0480748,0.0453595,0.0469042,0.0521817,0.0548045,0.0572299,0.0594618,0.0672071,0.0637191,0.0706127,0.0741431,0.0784283,0.0790593,0.0807284,0.101106
510.194,0.045735,0.0477407,0.0468446,0.0468511,0.044706,0.049096,0.0499094,0.053294,0.0569558,0.0615502,0.0611635,0.0644443,0.0689346,0.0712845,0.0778309,0.0800377,0.0837373,0.0857436,0.0987713
510.655,0.0455338,0.0460194,0.0482977,0.0450279,0.0461175,0.0500159,0.0540279,0.0522547,0.0563289,0.0573857,0.0599262,0.0624745,0.0657038,0.0711323,0.0733385,0.0817083,0.081198,0.0821852,0.100686
511.117,0.0413276,0.0449597,0.0476914,0.0468726,0.0493657,0.0481396,0.049049,0.0524059,0.053025,0.0586947,0.0575252,0.0658807,0.0656198,0.0734987,0.0773317,0.080967,0.080621,0.0847172,0.103993
511.579,0.0443114,0.0444551,0.0476054,0.0471021,0.0466381,0.0519437,0.0531845,0.0530593,0.05402,0.0591278,0.0613896,0.0628303,0.0677434,0.0699228,0.0762462,0.0800833,0.0812912,0.0825392,0.10134
512.04,0.0424238,0.0455766,0.0458356,0.0492141,0.0466519,0.0498008,0.051471,0.0539132,0.0540144,0.056484,0.0583922,0.0638922,0.069552,0.0728782,0.0787977,0.0813997,0.0863429,0.0847938,0.0986139
512.501,0.0433305,0.0432797,0.0426839,0.0442418,0.0483286,0.0497713,0.05171,0.050614,0.05381,0.0564481,0.0588351,0.0610473,0.0674128,0.0680785,0.0733806,0.0786622,0.0789853,0.0826756,0.0967537
512.963,0.040824,0.0422591,0.043281,0.0476927,0.0443257,0.0453341,0.049356,0.0488594,0.0541607,0.050665,0.0598793,0.0613814,0.0638327,0.0687274,0.0746453,0.0783806,0.0806386,0.081926,0.100377
513.424,0.0421853,0.0426755,0.0406455,0.0445119,0.0423462,0.0442629,0.04657,0.0519316,0.0510925,0.0561001,0.0604062,0.0589752,0.0631783,0.0697221,0.0717653,0.0780381,0.079919,0.0790726,0.100219
513.885,0.0425617,0.0424466,0.0436661,0.0443638,0.0413603,0.0459209,0.0484851,0.0485983,0.0524244,0.0558087,0.0575601,0.062877,0.0673534,0.0686153,0.0710117,0.0754634,0.0820977,0.0820531,0.0980436
514.345,0.0450457,0.0462439,0.0476155,0.0490394,0.049979,0.0494045,0.0503604,0.050372,0.0561232,0.0591888,0.060639,0.0648364,0.0674644,0.0722902,0.0726839,0.0828362,0.0835262,0.0860238,0.0996952
514.806,0.0441148,0.0472238,0.0470085,0.0499291,0.0500609,0.0523581,0.0488163,0.0545047,0.0569071,0.056218,0.0616338,0.0624977,0.0661016,0.0721629,0.0736681,0.0773299,0.0808922,0.0823051,0.104213
515.267,0.0412263,0.0380579,0.0425967,0.0428153,0.044618,0.0476831,0.0492058,0.0501529,0.0518303,0.0560392,0.056818,0.0599567,0.062704,0.0675971,0.0737809,0.0766723,0.0819148,0.0798478,0.100273
515.727,0.0426564,0.0438362,0.0502511,0.0446447,0.0492263,0.0518947,0.0503713,0.0519834,0.0553827,0.0581663,0.0577261,0.0645459,0.0689842,0.0735427,0.0800535,0.0843139,0.0841761,0.0882817,0.103984
516.188,0.040953,0.0443225,0.0450747,0.0446541,0.046309,0.0501322,0.0475409,0.0521672,0.0535561,0.0552906,0.0596271,0.0580472,0.0643813,0.070812,0.0743142,0.079448,0.0802212,0.0773493,0.0970241
516.648,0.0420977,0.0451114,0.0461357,0.0476309,0.0471032,0.0455953,0.0522515,0.052563,0.0537502,0.0575895,0.0598997,0.0633151,0.0688994,0.0702126,0.0729306,0.0784175,0.0816322,0.0804357,0.099955
517.108,0.0443219,0.0434961,0.0480539,0.0424904,0.0463279,0.0475891,0.0508704,0.0519647,0.0534484,0.0562021,0.0608274,0.0646263,0.0656555,0.0707416,0.0747468,0.0811265,0.0816953,0.0810037,0.0998003
517.568,0.0441236,0.0438981,0.0467344,0.0460907,0.0475994,0.0495792,0.0487119,0.0489076,0.0564578,0.0591235,0.0613614,0.0660447,0.0708125,0.0733136,0.0761378,0.0811969,0.0814386,0.0857151,0.104987
518.028,0.0425796,0.0429768,0.0449787,0.0445873,0.0499158,0.0443455,0.047944,0.0512426,0.0543771,0.0562282,0.058286,0.0616567,0.0681831,0.0672859,0.0755834,0.0791957,0.0790103,0.081502,0.101601
518.488,0.0424307,0.0457992,0.0449976,0.0459522,0.0447181,0.0459111,0.052538,0.0502957,0.0531939,0.056405,0.059017,0.060654,0.0641614,0.0703095,0.0762165,0.0783887,0.0831712,0.0786332,0.0996143
518.947,0.0441095,0.043422,0.0412406,0.0467013,0.0451409,0.047709,0.0516283,0.0512485,0.0532342,0.0571942,0.0563765,0.0625637,0.0656687,0.070208,0.0729292,0.0755832,0.0815109,0.0819766,0.101303
519.407,0.0445654,0.0494651,0.0489426,0.0474506,0.049049,0.0501345,0.0524936,0.0541646,0.0557564,0.0589981,0.0579109,0.066064,0.0690005,0.0743999,0.0754925,0.0782882,0.0843097,0.0829808,0.101346
519.866,0.0428126,0.043486,0.0431012,0.0450432,0.046804,0.0491284,0.0458336,0.0527596,0.0549603,0.0568591,0.0591326,0.0633782,0.0692135,0.0724008,0.074158,0.073806,0.0819476,0.0822184,0.103318
520.326,0.0456834,0.0444929,0.0462261,0.0464114,0.0492713,0.0476247,0.0492439,0.0503096,0.0550979,0.0566494,0.0584841,0.0648345,0.0660938,0.0725364,0.0767272,0.0808756,0.0857602,0.0801635,0.100203
520.785,0.0434356,0.0437782,0.046171,0.0467646,0.046882,0.0481102,0.048776,0.052488,0.0528612,0.0585401,0.0593903,0.0606456,0.0654973,0.0702246,0.0750078,0.0799296,0.0821012,0.0813923,0.0999806
521.244,0.0412671,0.0429797,0.0422622,0.0447708,0.0465118,0.0496606,0.0477046,0.0503308,0.0532808,0.0589448,0.0570894,0.062615,0.0637381,0.0695826,0.0743884,0.0786025,0.0815392,0.08071,0.0979833
521.703,0.044049,0.0437355,0.0434197,0.0463356,0.043821,0.0498326,0.0501807,0.0517727,0.0549334,0.0585339,0.058945,0.0624346,0.0667231,0.0689274,0.0745213,0.0776226,0.0804458,0.0836184,0.102641
522.162,0.0423908,0.0418089,0.0459661,0.0475589,0.0466636,0.0469817,0.047441,0.053178,0.0514028,0.0536949,0.0560595,0.0620546,0.0638818,0.0685288,0.0745578,0.0779297,0.0788349,0.0821125,0.0997001
522.621,0.0405155,0.0428419,0.0432028,0.0434643,0.0465898,0.0455491,0.0479325,0.0505087,0.049801,0.0538038,0.0569298,0.0597805,0.0638065,0.0667299,0.0737362,0.0773749,0.0768071,0.080751,0.0991368
523.079,0.0431137,0.0417224,0.0424063,0.043736,0.0480084,0.0472781,0.0488855,0.0502088,0.0517918,0.0560575,0.0587247,0.060919,0.0677594,0.0670601,0.0720359,0.0787902,0.0770587,0.0802266,0.0985288
523.538,0.042505,0.0439829,0.0448789,0.0458294,0.0467516,0.0512469,0.0484795,0.050698,0.0532628,0.0572822,0.0577062,0.0608281,0.0655117,0.0703343,0.0735208,0.0778313,0.0822851,0.0800678,0.0970678
523.996,0.0414319,0.0401349,0.0416935,0.0419291,0.0454566,0.0460634,0.0463698,0.048927,0.0516306,0.054507,0.0552529,0.0599469,0.0641434,0.0666907,0.067854,0.0729882,0.0770886,0.0798436,0.0938597
524.455,0.0460394,0.0446949,0.0455477,0.0437969,0.0458818,0.0485341,0.0507476,0.0521978,0.0537405,0.0575853,0.0593084,0.0623839,0.066338,0.0712309,0.0726159,0.0812294,0.0830753,0.0814239,0.0991208
524.913,0.0428511,0.0433729,0.0415752,0.0456873,0.0460368,0.0490275,0.0481658,0.051399,0.0518817,0.0551013,0.0617888,0.0625445,0.067028,0.0700283,0.0724055,0.0761435,0.0809131,0.0833519,0.0972868
525.371,0.0433314,0.041859,0.0443868,0.045482,0.0441336,0.0481589,0.0500177,0.0489354,0.0545945,0.0527642,0.060249,0.0607119,0.0656544,0.0702696,0.0754477,0.0757457,0.0780856,0.0808112,0.0968619
525.829,0.0448416,0.0454096,0.0453098,0.0458667,0.0465945,0.0473081,0.0503566,0.0508371,0.0555685,0.0566739,0.0569264,0.0605178,0.0677973,0.0696766,0.0768823,0.0789031,0.0790872,0.0823267,0.100009
526.286,0.0421722,0.0439053,0.0432078,0.0451065,0.0470774,0.0469877,0.0494654,0.0529113,0.0542735,0.0572761,0.058341,0.0610778,0.0633502,0.0717304,0.0720901,0.0782512,0.0808143,0.0821876,0.096346
526.744,0.0423299,0.0442868,0.0462362,0.0439342,0.0489764,0.0487951,0.049316,0.0520673,0.0524532,0.0580457,0.0619936,0.0654527,0.0668777,0.0724175,0.0782841,0.0793824,0.0830964,0.0808349,0.0977954
527.202,0.0430272,0.0449008,0.0473559,0.0468877,0.0479652,0.0481089,0.0525799,0.0547026,0.0531881,0.0587163,0.0599606,0.0626192,0.0659479,0.0718535,0.0749744,0.0775956,0.083642,0.0835535,0.100852
527.659,0.0434598,0.0427162,0.0428658,0.0454053,0.0482306,0.0498979,0.047965,0.0536829,0.0536326,0.058247,0.0599254,0.0638147,0.0650946,0.0701718,0.075009,0.0782869,0.0801115,0.0822691,0.0988806
528.117,0.0413254,0.040889,0.0428984,0.0445333,0.0459217,0.0459925,0.0447043,0.0507001,0.0517253,0.0551473,0.0591955,0.059944,0.0631264,0.0688146,0.0712376,0.0757467,0.0807229,0.0792146,0.097715
528.574,0.043218,0.0413539,0.0449662,0.045605,0.044472,0.0470695,0.0482703,0.0504666,0.0535111,0.0556957,0.0598444,0.063487,0.0626054,0.0668276,0.073668,0.0785009,0.0800846,0.0820955,0.100505
529.031,0.0426956,0.0415188,0.0442417,0.044237,0.0455777,0.0470604,0.0490553,0.0529689,0.0540243,0.0587273,0.05852,0.0640837,0.0645172,0.0724424,0.0743222,0.0775602,0.0796842,0.0809202,0.0979742
529.488,0.045384,0.0442852,0.0443238,0.0441734,0.0480988,0.0477052,0.0514132,0.0527393,0.0563434,0.0562249,0.0590671,0.0627956,0.0682958,0.0725756,0.0739506,0.0831801,0.0826817,0.082249,0.10188
529.945,0.0433298,0.0445891,0.0464021,0.0459435,0.0469858,0.0482286,0.0496773,0.0520082,0.0544058,0.0569666,0.0607943,0.062118,0.0662322,0.0711789,0.0746141,0.0788669,0.0830004,0.0835288,0.0996553
530.402,0.0445101,0.0422821,0.043893,0.0447518,0.0464348,0.0502744,0.0486659,0.0503692,0.0538186,0.0561391,0.0584801,0.0595278,0.0685637,0.0703829,0.0737233,0.0767826,0.0815497,0.0816796,0.0994838
530.858,0.0371431,0.0425644,0.0428493,0.0420315,0.0447749,0.0461163,0.0473455,0.0505093,0.0512469,0.0534938,0.0566703,0.0592749,0.0619696,0.0668085,0.0701722,0.0762535,0.0784853,0.0775725,0.0987055
531.315,0.0420434,0.0406137,0.0445321,0.0437933,0.0467751,0.0473045,0.0493693,0.0503497,0.0534591,0.0547347,0.0588676,0.062558,0.0652783,0.0676994,0.0751942,0.0767721,0.0808279,0.0786703,0.100767
531.771,0.0391718,0.0422315,0.0412148,0.0420332,0.0451767,0.047478,0.0487715,0.0505253,0.0498815,0.0526542,0.0560155,0.0614524,0.06545,0.0673984,0.0733882,0.0760843,0.0781106,0.0786418,0.0977733
532.227,0.0431464,0.0473697,0.0459903,0.0490079,0.0503031,0.0476601,0.0535453,0.0561896,0.052782,0.0566583,0.0597336,0.0660345,0.0667138,0.0727016,0.0754513,0.0815198,0.0843966,0.0844018,0.103876
532.684,0.0430696,0.0455217,0.0486189,0.0485718,0.0487428,0.0514867,0.0506015,0.0507134,0.0562013,0.0598432,0.0587573,0.0633282,0.07042,0.0727855,0.072803,0.0798526,0.0818706,0.0850154,0.101228
533.14,0.043925,0.0434534,0.0451536,0.0453934,0.0505297,0.0498771,0.0508637,0.0524933,0.0540788,0.0566028,0.0590579,0.0636379,0.0671702,0.0691999,0.0766688,0.0767067,0.0811759,0.0832604,0.0992579
533.596,0.042464,0.0433538,0.0432133,0.0441139,0.0467662,0.0486269,0.047423,0.051689,0.0495302,0.0553904,0.0582143,0.0630082,0.0662204,0.0702644,0.0743222,0.0805788,0.0815212,0.0828365,0.0996395
534.051,0.0402603,0.0415583,0.0447879,0.0420278,0.0442818,0.0469866,0.0474864,0.0497069,0.0522108,0.0552011,0.0586095,0.0642095,0.0667967,0.0678279,0.0731055,0.0767288,0.0807908,0.0825224,0.100941
534.507,0.0405125,0.0421831,0.0433661,0.0411588,0.0448471,0.0448066,0.0470845,0.0481382,0.0492833,0.052155,0.0558766,0.0593631,0.062279,0.0688641,0.0703841,0.0755128,0.0786849,0.0774242,0.0973359
534.963,0.0439142,0.046248,0.0443835,0.0451575,0.0469279,0.0483042,0.0517219,0.0529429,0.0540366,0.056841,0.0588288,0.0631855,0.0677086,0.0707936,0.0748005,0.0793097,0.0809351,0.0797181,0.100698
535.418,0.0449921,0.0443235,0.0448167,0.0470389,0.0502915,0.0481637,0.052866,0.0531912,0.0563546,0.0565723,0.0600766,0.0623104,0.0665017,0.0732775,0.0751082,0.0817403,0.0818118,0.0812237,0.101662
535.873,0.0432506,0.0431975,0.0441867,0.0453729,0.0432439,0.0472499,0.049319,0.0502063,0.0525719,0.0548818,0.0562102,0.0597428,0.0683457,0.0701312,0.0718669,0.0786017,0.079442,0.0832374,0.0992252
536.329,0.0428194,0.0424003,0.0452912,0.0473259,0.0470195,0.0478335,0.0476927,0.0521108,0.0519833,0.0555807,0.0577104,0.0613646,0.0653898,0.069645,0.0739742,0.0779381,0.0789151,0.0813602,0.0980381
536.784,0.0458762,0.0453706,0.0440702,0.0461179,0.0459931,0.048075,0.0495606,0.0539408,0.0527672,0.0585027,0.0581935,0.0635383,0.0695418,0.0711001,0.0737349,0.0770163,0.0803593,0.080925,0.0986785
537.239,0.0440684,0.0466807,0.0461325,0.0485612,0.0459532,0.0513238,0.0504135,0.0531357,0.0556792,0.0573267,0.0616078,0.0649039,0.0692508,0.0722,0.0751668,0.08131,0.083688,0.0818627,0.102499
537.694,0.0425679,0.0450578,0.0443213,0.0447231,0.0471595,0.0466788,0.0470824,0.0518605,0.0519205,0.0543231,0.0596439,0.0610326,0.0669003,0.0693946,0.0738871,0.0780292,0.0788498,0.0780894,0.0997522
538.148,0.0421766,0.045108,0.0451162,0.0453509,0.0493913,0.0502823,0.049931,0.0503674,0.0535217,0.0555394,0.0564234,0.0629107,0.0660911,0.0714945,0.0740609,0.079491,0.0781837,0.0815854,0.0998902
538.603,0.0425556,0.0443695,0.0425743,0.0445169,0.0461364,0.0470909,0.0496587,0.0475846,0.0527805,0.0558737,0.0589247,0.0623515,0.0652273,0.0691753,0.073076,0.0781985,0.0774787,0.0829378,0.0973369
539.058,0.0444026,0.046539,0.0454482,0.046995,0.04876,0.05089,0.0523001,0.0557199,0.0563695,0.0587547,0.0617565,0.065646,0.0683285,0.074736,0.0737977,0.079569,0.0842986,0.0850518,0.100466
539.512,0.0424302,0.0423252,0.0426399,0.0458937,0.0465394,0.0500245,0.047934,0.0498511,0.0526422,0.0566678,0.0585359,0.0607394,0.0682187,0.0674047,0.0740284,0.0770726,0.0759543,0.0788227,0.0982702
539.966,0.0432468,0.0430722,0.0437073,0.0446512,0.0460301,0.0479294,0.0497355,0.0519624,0.051303,0.057609,0.0617612,0.0619844,0.0653705,0.071455,0.0737151,0.0769288,0.0811614,0.0805677,0.0996723
540.421,0.0401146,0.0422887,0.0407805,0.0391139,0.0438756,0.0434451,0.047624,0.0454458,0.0482369,0.0542143,0.0532711,0.0595293,0.0639211,0.0670597,0.0723879,0.0740476,0.076991,0.0766346,0.0965393
540.875,0.0388112,0.0396846,0.042499,0.0441347,0.044027,0.0464551,0.0490424,0.0520138,0.0506066,0.0565246,0.0550313,0.0589458,0.0628597,0.0678226,0.0735029,0.0749174,0.0783967,0.0792123,0.0983179
541.329,0.0417184,0.0420302,0.0408517,0.0460161,0.0454903,0.0453604,0.0476551,0.0510897,0.0510567,0.0553849,0.05782,0.0604921,0.0648002,0.0666715,0.0713218,0.0775029,0.078233,0.0806048,0.0959786
541.782,0.0408206,0.0420037,0.0421876,0.0446089,0.0441392,0.0473305,0.049434,0.0482841,0.0522094,0.0525934,0.0555039,0.0605056,0.0669,0.0692917,0.0740842,0.0771065,0.0762662,0.0820329,0.0986531
542.236,0.041385,0.0416219,0.0443294,0.042253,0.0456138,0.0481886,0.048019,0.0487414,0.0516502,0.0549717,0.0590921,0.0567833,0.0627945,0.0680447,0.0727101,0.0717056,0.0801367,0.0783661,0.0978802
542.69,0.0429207,0.0430259,0.0441924,0.0475481,0.0433949,0.0460987,0.0473527,0.0495432,0.053297,0.0548185,0.0597222,0.0609317,0.0655403,0.0696137,0.0736539,0.0744662,0.0777359,0.0832801,0.097253
543.143,0.0422585,0.0442936,0.0423783,0.0445159,0.0457799,0.0475821,0.0461143,0.0491785,0.0512067,0.0558891,0.0605897,0.0629259,0.0643363,0.068904,0.0705926,0.0772594,0.0834993,0.0826607,0.100267
543.597,0.0442848,0.0451926,0.0445342,0.0460971,0.0471937,0.0493242,0.0504516,0.0510455,0.0545288,0.0575748,0.0601407,0.0645719,0.0654459,0.0711878,0.0754085,0.0764629,0.0819292,0.082804,0.103542
544.05,0.0374526,0.0430186,0.0424963,0.0409408,0.0463857,0.0457953,0.0483574,0.0483774,0.0507194,0.0531107,0.057799,0.0608694,0.0618237,0.0696528,0.0717399,0.0771488,0.0780942,0.0784634,0.0962537
544.503,0.0429254,0.0432053,0.040756,0.0454804,0.0467755,0.0445498,0.050015,0.0507287,0.0533565,0.056098,0.0590721,0.0613067,0.0670405,0.0684332,0.0722691,0.0768635,0.0795534,0.0817404,0.0987102
544.956,0.0415697,0.0412911,0.0409776,0.0435606,0.0456189,0.0445231,0.0481838,0.0544329,0.0504231,0.0555427,0.0580108,0.0608476,0.0614932,0.0688837,0.0724566,0.0787022,0.0773545,0.081183,0.0969473
545.409,0.0408976,0.0434657,0.0407197,0.0422128,0.0439875,0.0458541,0.0486054,0.0519324,0.052617,0.0546927,0.0594298,0.0587143,0.0634981,0.0669959,0.0735608,0.0741857,0.0782194,0.0808709,0.0945078
545.862,0.0401869,0.0392907,0.043001,0.0454379,0.0435043,0.0457167,0.0469069,0.0465363,0.0501457,0.052501,0.0557082,0.0582874,0.0645881,0.0681675,0.071116,0.0751953,0.0785464,0.0796715,0.0923463
546.314,0.041081,0.0421816,0.0422059,0.0434486,0.0425464,0.0478984,0.0460299,0.0518396,0.0514449,0.0566884,0.0558796,0.0619107,0.0639471,0.0716977,0.0712807,0.0762353,0.0782688,0.0808851,0.0962657
546.767,0.0403539,0.0425822,0.0452931,0.0466232,0.04573,0.0469305,0.0485774,0.0496312,0.0532034,0.0564013,0.0594041,0.0605914,0.0679111,0.069986,0.0758043,0.078975,0.0809086,0.0843496,0.0999018
547.219,0.0445414,0.0433158,0.0443133,0.0449534,0.0454147,0.0471514,0.0504268,0.0505682,0.0500121,0.0561446,0.0593591,0.0627022,0.0665141,0.0685731,0.0717251,0.0780063,0.0791599,0.0809611,0.103179
547.672,0.0419925,0.044393,0.0451579,0.0453831,0.0476126,0.0468549,0.0474469,0.0522415,0.0530225,0.0586435,0.0562841,0.0606949,0.0664414,0.0713242,0.0729073,0.0765924,0.0770843,0.078491,0.0967593
548.124,0.0410519,0.0411123,0.043258,0.0433602,0.0426565,0.043406,0.0457157,0.0501634,0.0503558,0.0513899,0.0571236,0.05966,0.0649628,0.0646023,0.0707957,0.0759494,0.079174,0.0798504,0.0981518
548.576,0.0411308,0.0419628,0.0420266,0.0434675,0.0457164,0.0433359,0.0479456,0.049483,0.053218,0.0544409,0.0574837,0.0608896,0.0634416,0.0675355,0.0725522,0.0773378,0.0808085,0.0799794,0.0957559
549.028,0.0422064,0.0424505,0.0397343,0.0455668,0.0458056,0.0467859,0.0463837,0.0516347,0.0519564,0.054513,0.0568267,0.0619934,0.0625096,0.0693928,0.0709615,0.0761672,0.0796917,0.0799832,0.0982437
549.48,0.0405073,0.0422104,0.0424724,0.042487,0.046311,0.0457195,0.0463742,0.0493976,0.0514508,0.0527017,0.0565071,0.0591233,0.0623168,0.0655158,0.0705335,0.0758799,0.0758167,0.0777799,0.0940962
549.931,0.0417297,0.0431323,0.0411419,0.041648,0.0446571,0.0462476,0.0463823,0.048968,0.0516948,0.0529179,0.0551356,0.0610741,0.0658019,0.0686138,0.069355,0.0755382,0.0778906,0.0797852,0.0984133
550.383,0.0408768,0.0428476,0.0427182,0.0432857,0.0460594,0.0462315,0.0502046,0.0486661,0.0528227,0.0534092,0.0576961,0.0576804,0.0654114,0.0704737,0.0721239,0.077132,0.0785867,0.080915,0.098633
550.834,0.0411766,0.0421246,0.0431438,0.0438119,0.0443209,0.0457743,0.049881,0.0482906,0.0505763,0.0547495,0.0587722,0.0575131,0.0632655,0.0659554,0.073322,0.0769345,0.0769868,0.0785706,0.0983521
551.286,0.0425521,0.0421068,0.0439148,0.0416195,0.0440386,0.0455357,0.0477265,0.047357,0.0505817,0.0525095,0.0561645,0.060547,0.0626728,0.067419,0.0741135,0.0752904,0.078242,0.0797369,0.0993133
551.737,0.042425,0.0398149,0.0424208,0.0431811,0.0449697,0.046704,0.0481943,0.0487527,0.0490757,0.0541709,0.0568337,0.0590791,0.0640192,0.0668265,0.0717653,0.0753349,0.0772745,0.0789373,0.0968808
552.188,0.0411149,0.043091,0.0439477,0.0440361,0.0438038,0.0463442,0.0488424,0.05162,0.0529538,0.0554779,0.05964,0.062279,0.0655794,0.0686934,0.0721564,0.0749625,0.0789642,0.0823536,0.0979099
552.639,0.0407389,0.0414385,0.0434247,0.0456517,0.0437118,0.0461058,0.0488521,0.0500548,0.0546312,0.0548979,0.0568447,0.0606302,0.0631438,0.0708947,0.0720353,0.0769303,0.0784025,0.0782028,0.0979415
553.09,0.0410423,0.0398275,0.0446087,0.042141,0.044088,0.0463489,0.0461609,0.0484351,0.0503082,0.0544681,0.057693,0.0610684,0.0635885,0.0668909,0.0729056,0.0746773,0.0776858,0.0820536,0.0951433
553.541,0.0440474,0.0430302,0.0433166,0.0445233,0.0445845,0.0476689,0.0471473,0.0505609,0.0513784,0.0577298,0.0572087,0.0613162,0.0658573,0.0677126,0.0726061,0.0774947,0.0803251,0.0822875,0.0970295
553.992,0.0416123,0.0418763,0.0427461,0.0436561,0.0466249,0.0466446,0.0461018,0.0480224,0.0543232,0.0538041,0.0570034,0.060849,0.0669523,0.0673735,0.0734794,0.0754654,0.0768424,0.0784445,0.0960639
554.442,0.0426637,0.0408742,0.0426413,0.0421097,0.0448622,0.0461681,0.0473167,0.0490434,0.0509627,0.0537245,0.0580341,0.0606292,0.06379,0.0658884,0.0716658,0.0733991,0.0790207,0.0798934,0.0960028
554.893,0.0421346,0.0445124,0.0457456,0.0453089,0.0481642,0.0472492,0.0483523,0.0515949,0.0530259,0.0566846,0.0575663,0.063176,0.0656086,0.0720946,0.0723916,0.0766043,0.0793658,0.0822414,0.0972704
555.343,0.0417954,0.0428804,0.0432388,0.0436447,0.0452885,0.0470793,0.0475937,0.0503701,0.053238,0.0531467,0.0584847,0.0600646,0.0643349,0.0687815,0.0709509,0.0767122,0.079961,0.0780909,0.0992496
555.793,0.0402209,0.0413404,0.0423048,0.0433678,0.0448696,0.0454845,0.0477475,0.0497718,0.0522345,0.0541251,0.056044,0.0603487,0.0654144,0.068502,0.0708183,0.0757816,0.0799763,0.0801112,0.0953589
556.243,0.0417296,0.0422047,0.0434685,0.0435767,0.0453093,0.046966,0.0467434,0.0502778,0.0507304,0.0551561,0.0567115,0.0605942,0.0623672,0.0708334,0.0726331,0.0786112,0.0793678,0.0790659,0.0981895
556.693,0.0408538,0.0401035,0.0430382,0.043941,0.0468594,0.0466623,0.0459088,0.0496433,0.050113,0.0559354,0.0563665,0.0598947,0.0630793,0.0669247,0.0724731,0.0748437,0.0775627,0.077922,0.0955816
557.143,0.0412798,0.0400107,0.0427601,0.0454321,0.045051,0.0441561,0.0477509,0.0529014,0.0509649,0.0551066,0.0581219,0.0573184,0.0644098,0.0685882,0.0725178,0.0762985,0.0774526,0.0794789,0.0999594
557.593,0.0411256,0.040062,0.0390519,0.0443948,0.0446933,0.045891,0.0487598,0.0481498,0.0493763,0.0533415,0.056683,0.0583677,0.0616171,0.0691811,0.0726042,0.0746962,0.0783413,0.0798206,0.0971213
558.042,0.0419758,0.0430059,0.0424671,0.0440589,0.0451932,0.0446779,0.0465841,0.0506183,0.0516459,0.0550944,0.0586441,0.0619234,0.0641572,0.0670287,0.0729008,0.0761296,0.0826388,0.0781838,0.0961646
558.492,0.0436838,0.0444537,0.0435192,0.04394,0.0463387,0.0476342,0.0511445,0.0497523,0.0523716,0.0541948,0.0586174,0.0633524,0.0659041,0.0680817,0.0712213,0.0768637,0.0803959,0.079197,0.0967269
558.941,0.042004,0.0406636,0.0428842,0.0434373,0.0441596,0.0452905,0.0476148,0.0497731,0.0492148,0.0549998,0.0566916,0.0580964,0.0637829,0.0654213,0.0709871,0.0746133,0.078671,0.0777071,0.0961367
559.39,0.0397172,0.0411525,0.0438335,0.0415988,0.0425925,0.0452019,0.0451537,0.0497515,0.0495842,0.0530957,0.0570556,0.0582912,0.0642987,0.068083,0.0700262,0.07452,0.078019,0.0794975,0.0986673
559.839,0.0412508,0.0426253,0.0438084,0.0418036,0.0446686,0.0457698,0.0507043,0.0491063,0.0507855,0.0543546,0.056883,0.060316,0.0655697,0.067445,0.0715499,0.0760434,0.0774898,0.0785754,0.0977682
560.288,0.042448,0.0409194,0.0433104,0.0439334,0.0435594,0.0465283,0.0457493,0.0503505,0.0520579,0.0547699,0.0573774,0.0609643,0.0634071,0.0699588,0.0732492,0.0765366,0.076832,0.0804025,0.0983486
560.737,0.0408714,0.0422175,0.0425124,0.0447879,0.0427744,0.0457041,0.0446673,0.0493462,0.0543718,0.0560701,0.0574139,0.0596044,0.0633682,0.068929,0.071697,0.0736296,0.0790278,0.0772173,0.0977228
561.186,0.0424298,0.042827,0.0425591,0.0458212,0.0437365,0.0458264,0.0485192,0.049089,0.0540485,0.0554506,0.0559656,0.0619875,0.0656372,0.0711731,0.0717587,0.0771037,0.079505,0.0836495,0.100041
561.635,0.0418266,0.0419782,0.0415443,0.0434524,0.0443487,0.0449573,0.0485662,0.048881,0.0516033,0.053509,0.0545206,0.0606318,0.0643956,0.0664513,0.0697949,0.0752088,0.0766191,0.0792199,0.098711
562.083,0.0417706,0.0414849,0.0409481,0.0431021,0.0434538,0.0457728,0.047534,0.0473425,0.0503874,0.0550264,0.0568891,0.0577791,0.063282,0.0662132,0.0707242,0.0752516,0.0758416,0.0782152,0.0982005
562.532,0.0411619,0.0438072,0.0442961,0.0422122,0.0434118,0.045972,0.0456969,0.0497336,0.0525608,0.054,0.056258,0.0592913,0.0637576,0.0660617,0.0719326,0.0764457,0.0776055,0.077695,0.0953896
562.98,0.0399988,0.0407689,0.0429981,0.0427012,0.0431673,0.0416987,0.045707,0.0483075,0.0510949,0.0531172,0.0551813,0.0574531,0.0630934,0.0672182,0.069822,0.0735749,0.0763124,0.0808952,0.0943434
563.428,0.0400404,0.0412713,0.0436605,0.042951,0.0421053,0.0448504,0.0458961,0.0477551,0.0481069,0.0549151,0.0580036,0.0591085,0.0625292,0.0677107,0.0680702,0.0746134,0.0773999,0.0796738,0.0968213
563.876,0.0429817,0.0415221,0.0430055,0.0437201,0.0455967,0.0489654,0.0476732,0.0468027,0.0516349,0.0542064,0.0596492,0.0635547,0.065579,0.069376,0.069453,0.0753154,0.0782915,0.0793083,0.0989978
564.324,0.0398126,0.0417568,0.0410211,0.0444316,0.0433408,0.044428,0.0452455,0.0465935,0.0512592,0.0515821,0.0542939,0.0575885,0.0634141,0.0692132,0.0708888,0.0718126,0.0754028,0.0791234,0.09574
564.772,0.0414241,0.0412335,0.0425169,0.0445408,0.0429185,0.0444112,0.0462879,0.0489389,0.0538248,0.0540781,0.0573338,0.0601503,0.0638416,0.0680885,0.071704,0.076033,0.0786638,0.0784288,0.0972961
565.22,0.0396988,0.0402333,0.0390747,0.0411254,0.0437874,0.0450414,0.0471629,0.0467045,0.0504316,0.0530683,0.0564485,0.0600256,0.062345,0.062644,0.0697622,0.0762039,0.0756277,0.0785222,0.0961587
565.667,0.0414281,0.0425179,0.0416015,0.0444497,0.0444847,0.0451797,0.0489152,0.0512191,0.0507842,0.0544574,0.0566174,0.0605719,0.0649745,0.0677349,0.071862,0.0758257,0.0771493,0.079394,0.0976852
566.115,0.0409723,0.0402123,0.0422818,0.0427153,0.0434457,0.0439456,0.0459348,0.0502862,0.0510811,0.0517523,0.0525441,0.0592071,0.0622996,0.0703769,0.0681548,0.0753516,0.0782648,0.0788839,0.0983509
566.562,0.0385848,0.0409563,0.0402982,0.0426306,0.0433534,0.0446417,0.0456705,0.048136,0.0506352,0.0513411,0.0579033,0.0603247,0.0613612,0.0666507,0.0686785,0.0721405,0.0774815,0.0792918,0.0971521
567.01,0.0433369,0.0420294,0.0456763,0.0453416,0.0464203,0.0462221,0.0494804,0.0509792,0.0514402,0.055961,0.0563301,0.0621296,0.0647942,0.0700892,0.0728451,0.0768282,0.0801166,0.0812257,0.0980629
567.457,0.040818,0.0423552,0.0428338,0.043959,0.0438038,0.0467343,0.0462585,0.04861,0.0484315,0.0534809,0.0559033,0.0598251,0.0635613,0.0660689,0.0723868,0.0744618,0.0766553,0.0793108,0.0965806
567.904,0.0413806,0.0440419,0.0431972,0.0435236,0.0459069,0.0452339,0.0472824,0.0497115,0.0513936,0.0551465,0.0578451,0.062039,0.0645696,0.0693682,0.0717977,0.0739066,0.0798495,0.0802814,0.0954368
568.351,0.0422652,0.0419651,0.0420667,0.0433921,0.0431984,0.0446607,0.0487639,0.0470759,0.0503649,0.0534261,0.0572379,0.0596695,0.0627045,0.0688317,0.0715763,0.0753524,0.0782277,0.0799725,0.0980696
568.797,0.0404236,0.03961,0.0421681,0.0427146,0.0433549,0.0446084,0.0460714,0.0478793,0.0512234,0.0533198,0.0535503,0.0591686,0.0628907,0.0674439,0.0691123,0.0749608,0.0781389,0.0785444,0.0953818
569.244,0.043988,0.044855,0.0448818,0.0455152,0.0478663,0.0481741,0.052,0.052674,0.0560996,0.0573721,0.0614427,0.0630563,0.0669751,0.0703124,0.076076,0.0774527,0.0835551,0.0815392,0.101265
569.691,0.0396565,0.0437394,0.042882,0.039979,0.0456706,0.0443944,0.0468353,0.0491061,0.0502214,0.0538533,0.0551111,0.0610556,0.0646578,0.0673993,0.0707312,0.0770766,0.0798082,0.0796786,0.0976687
570.137,0.044891,0.0435315,0.0451453,0.0442279,0.0457367,0.0461804,0.0480157,0.0511103,0.0512636,0.0543611,0.0567115,0.0605648,0.0650075,0.0690525,0.072822,0.0765468,0.0753104,0.0785746,0.0962003
570.583,0.0403662,0.0411042,0.0403504,0.0450688,0.0435033,0.0446168,0.0481504,0.0484018,0.0485765,0.0529919,0.0555047,0.0602643,0.0632908,0.0665523,0.0708944,0.0768199,0.0769143,0.0759167,0.0994649
571.03,0.0392943,0.0421335,0.043279,0.0445649,0.0444578,0.0460311,0.0451794,0.0507166,0.0514196,0.0541791,0.0562716,0.0584619,0.0621646,0.0661468,0.0712972,0.0746195,0.0775993,0.0768919,0.0984382
571.476,0.0420366,0.0429452,0.040924,0.0440067,0.0455705,0.0467569,0.0486116,0.0493054,0.0513176,0.0542744,0.0579349,0.0617734,0.0625033,0.0688448,0.0736775,0.0782251,0.0792933,0.0806049,0.0984762
571.922,0.0431108,0.0413741,0.0423499,0.0452048,0.0440362,0.0471917,0.0466061,0.0482186,0.0498648,0.0551179,0.0569377,0.0618014,0.0649614,0.0677168,0.0722523,0.0758903,0.0763659,0.0790119,0.0978614
572.367,0.0432133,0.0403372,0.0431583,0.0440729,0.0459576,0.0454533,0.0470116,0.050355,0.0526023,0.0545425,0.0567801,0.0616572,0.0636727,0.0703188,0.0730271,0.0755715,0.0783143,0.0805257,0.0975412
572.813,0.0408535,0.043906,0.0416668,0.0419163,0.0460311,0.0449989,0.0469416,0.0499487,0.0529724,0.0535319,0.0564453,0.0596007,0.0606489,0.0645876,0.0708556,0.075823,0.0775956,0.0812774,0.0968723
573.259,0.0404621,0.0414113,0.0426019,0.0440165,0.0443024,0.0471695,0.0456004,0.0491471,0.0516261,0.0540349,0.0570284,0.0592253,0.0634442,0.0680754,0.0705542,0.0758259,0.0793374,0.0829088,0.0984865
573.704,0.0404527,0.0406283,0.0426804,0.0429692,0.0455904,0.0468892,0.0468771,0.047921,0.0513945,0.0523682,0.0565169,0.0605203,0.0638184,0.0653232,0.0716378,0.0738945,0.0780496,0.0797351,0.09522
574.15,0.0417069,0.0431419,0.0443828,0.0444911,0.0459092,0.0464913,0.0479084,0.0517237,0.0537885,0.0569019,0.0575882,0.0614967,0.0650207,0.0701255,0.0729942,0.0777403,0.0814762,0.0796369,0.0990673
574.595,0.0416411,0.0410821,0.0435797,0.0441173,0.0447256,0.0465665,0.0501966,0.0506505,0.0502365,0.0537865,0.0556816,0.0587847,0.063034,0.0681249,0.067955,0.0767472,0.0784583,0.0798129,0.0949696
575.04,0.0398885,0.0423292,0.0423315,0.0412149,0.0450479,0.043219,0.0479768,0.0482832,0.0494021,0.0539071,0.0550526,0.0590358,0.0639742,0.0679468,0.0727832,0.0740741,0.0739331,0.0805755,0.0937026
575.485,0.0409789,0.0399481,0.0420862,0.0428307,0.043307,0.0445851,0.047095,0.050126,0.0512282,0.0515619,0.0555336,0.0596126,0.0618575,0.0665417,0.0712812,0.0769323,0.0780193,0.0792332,0.0954649
575.93,0.0377541,0.0408806,0.0428161,0.042169,0.0440877,0.045906,0.0466544,0.0470167,0.0477129,0.0560571,0.0559318,0.0601446,0.0645936,0.0661777,0.0718488,0.0742906,0.0800215,0.0779708,0.0964975
576.375,0.0397337,0.0392427,0.0403941,0.0424155,0.0414096,0.0421035,0.0449902,0.0465921,0.0509594,0.053311,0.0583266,0.0605433,0.0626993,0.0673456,0.0702501,0.0750909,0.07774,0.0774987,0.097078
576.819,0.0412243,0.0411287,0.0448282,0.0459143,0.045877,0.0464467,0.0460164,0.0501961,0.0504705,0.0539695,0.0579057,0.0596553,0.0649116,0.0675324,0.0727235,0.0754413,0.0775079,0.0803636,0.0969214
577.264,0.0422263,0.0392866,0.0438047,0.0420823,0.0450947,0.0471205,0.0467681,0.0484478,0.0525886,0.0520239,0.0554268,0.0618394,0.0655632,0.0673531,0.0718763,0.0764247,0.0808926,0.0804116,0.0976288
577.708,0.0421143,0.0420504,0.0425147,0.0439571,0.0433648,0.0438331,0.0476117,0.0486319,0.0494319,0.0541509,0.0561414,0.0599464,0.0629444,0.0642876,0.072263,0.076796,0.0772481,0.0790445,0.0985387
578.153,0.0404728,0.040014,0.043229,0.043309,0.0433783,0.0433459,0.0469887,0.0485219,0.0502782,0.0557687,0.0575494,0.0617423,0.0625774,0.0686922,0.0716688,0.0735262,0.0786216,0.0797934,0.0965634
578.597,0.0393144,0.0408784,0.0415338,0.0430145,0.0438468,0.0446879,0.0454779,0.0488658,0.0500561,0.05489,0.0557205,0.0598132,0.0635699,0.0689788,0.0701558,0.0744325,0.0778102,0.0789661,0.0964103
579.041,0.0440571,0.0426328,0.0435463,0.0428159,0.0454229,0.045952,0.0474652,0.0516305,0.0518076,0.0560164,0.0574096,0.0593944,0.064374,0.0699687,0.0731437,0.0762485,0.0788538,0.0817187,0.0984818
579.485,0.0396894,0.0418439,0.04126,0.0428616,0.0433647,0.0452203,0.0464386,0.0465063,0.0493458,0.0532509,0.0553041,0.0583161,0.0633474,0.0665061,0.0741663,0.0747467,0.0772565,0.0777324,0.0956861
579.929,0.0443109,0.0419758,0.042778,0.0470027,0.0467048,0.0476853,0.0490319,0.0496973,0.0511174,0.0547233,0.0575196,0.0625784,0.0650565,0.0698236,0.0735006,0.0771395,0.0794132,0.079022,0.09806
580.372,0.0425004,0.0424234,0.0409905,0.0433266,0.045163,0.0478621,0.0485867,0.051668,0.0521242,0.0535225,0.0571869,0.0612542,0.0624016,0.068636,0.0710443,0.0763014,0.0805888,0.0786323,0.102867
580.816,0.0392367,0.0411001,0.0432024,0.0415368,0.0430361,0.0459522,0.0459937,0.0471764,0.0517487,0.0528995,0.0566811,0.0584417,0.0644219,0.066051,0.0700571,0.074545,0.0786348,0.0766403,0.097847
581.259,0.0381544,0.0392092,0.0406007,0.0406085,0.04232,0.0427908,0.0438683,0.0470219,0.0472016,0.0488745,0.0528434,0.057589,0.0605514,0.0628623,0.0670634,0.0714367,0.0760121,0.0760959,0.0937695
581.703,0.04126,0.0411479,0.0433799,0.0429598,0.0461947,0.0433371,0.0470875,0.0498031,0.0521503,0.0544667,0.0546369,0.0594026,0.0603901,0.0670952,0.071128,0.0743224,0.0781083,0.077418,0.0982436
582.146,0.0398822,0.0404859,0.0429229,0.0417811,0.0431365,0.0477843,0.0443828,0.0491731,0.0495553,0.0523878,0.0567549,0.0596008,0.0648946,0.0671277,0.0693428,0.0733449,0.0763031,0.0794142,0.0968601
582.589,0.0420757,0.0415481,0.0440477,0.0425883,0.0471781,0.0473332,0.0479687,0.0525316,0.0525723,0.0538386,0.0561054,0.0616126,0.0645682,0.0666509,0.0728237,0.0758717,0.0803467,0.0826544,0.100803
583.032,0.0424765,0.0416531,0.0422573,0.0424524,0.045122,0.046056,0.0465122,0.0508291,0.0523691,0.0541744,0.0578492,0.0617189,0.0637925,0.067481,0.0724156,0.0770107,0.0784854,0.0818282,0.0972586
583.475,0.0393485,0.0427516,0.0428163,0.0431434,0.0452574,0.0453295,0.0477886,0.0504667,0.0520094,0.0542783,0.0550688,0.0608131,0.0639137,0.0679132,0.0729855,0.0764894,0.0770637,0.080299,0.0980359
583.918,0.0390721,0.0425919,0.0421329,0.0444136,0.0427701,0.0469806,0.0483662,0.0503674,0.0497974,0.0535151,0.0591822,0.0599905,0.0664628,0.0663411,0.0712175,0.0754052,0.0779643,0.0810428,0.0971362
584.36,0.040465,0.0404098,0.0413987,0.0421097,0.0435894,0.0447549,0.0449022,0.0466846,0.0496829,0.0537524,0.0563509,0.0582818,0.0618672,0.0650631,0.0707017,0.0717775,0.0762566,0.0791615,0.0971226
584.803,0.0418484,0.0412212,0.0423462,0.042503,0.0463028,0.0457084,0.0454754,0.0511223,0.0523331,0.0558153,0.0572933,0.0596228,0.0638011,0.0659644,0.0729502,0.0746564,0.076064,0.0811569,0.0992607
585.245,0.0388929,0.0412945,0.0414735,0.041984,0.0433828,0.0457744,0.047127,0.0489184,0.0495778,0.0533308,0.0553404,0.0579753,0.0625438,0.0692377,0.0686809,0.0746504,0.0763857,0.0778969,0.0992456
585.688,0.0428563,0.0394216,0.0412729,0.0431129,0.0422285,0.0457981,0.044931,0.0492631,0.0501009,0.0546281,0.0561291,0.0589841,0.063566,0.0683535,0.0703675,0.0735903,0.0772306,0.0786875,0.0960552
586.13,0.0414314,0.0440462,0.0437096,0.0427696,0.0465866,0.0461539,0.049749,0.053642,0.0544174,0.05416,0.0576208,0.061487,0.0646929,0.0700313,0.0733616,0.0762007,0.077421,0.0829137,0.0976575
586.572,0.0422313,0.0428227,0.0441445,0.0441035,0.0469445,0.0481202,0.0492136,0.0487303,0.050965,0.0561637,0.0582321,0.0599545,0.0646745,0.0689084,0.0736487,0.076175,0.0798648,0.0837022,0.096604
587.014,0.0411938,0.0407807,0.041114,0.0424889,0.0449897,0.0462253,0.0473976,0.0490747,0.0500571,0.0544374,0.0561748,0.0596664,0.0628938,0.0664993,0.0738879,0.0755755,0.0781261,0.0804744,0.0955567
587.456,0.0411105,0.0414602,0.0429779,0.0414297,0.0448994,0.0459856,0.0457938,0.0518893,0.0498232,0.052999,0.057143,0.0612295,0.0639557,0.0659345,0.0699428,0.0758789,0.0796859,0.0811834,0.0984666
587.897,0.0392071,0.0404215,0.0418384,0.0422991,0.0437751,0.0446084,0.0475351,0.0448811,0.0474722,0.0525325,0.0557975,0.0594174,0.0619382,0.0656768,0.0701496,0.072263,0.0775269,0.0804664,0.0948687
588.339,0.0413728,0.0409822,0.0426164,0.0423693,0.0431081,0.0454905,0.0484977,0.0506908,0.0498721,0.0533069,0.0563098,0.0588352,0.0624013,0.0674938,0.0716774,0.0755958,0.0797085,0.0803731,0.0991579
588.78,0.0390996,0.0424009,0.0407855,0.0432559,0.0412112,0.0438256,0.0449348,0.0484583,0.0495425,0.0536747,0.0536631,0.0595305,0.0631345,0.0654947,0.0727176,0.0744016,0.0806693,0.0778432,0.0944453
589.222,0.0413165,0.0414416,0.0425013,0.0451046,0.0430157,0.0469327,0.0480014,0.0476087,0.0520044,0.0527032,0.0583231,0.0591475,0.0652337,0.0663067,0.070635,0.076514,0.0756449,0.0802727,0.0941154
589.663,0.0439133,0.0430162,0.043057,0.0422847,0.0471645,0.0468874,0.0480411,0.0511538,0.053838,0.0545101,0.0568109,0.0608246,0.0655012,0.0667266,0.071734,0.0755264,0.0772621,0.0799723,0.0985983
590.104,0.0403845,0.0410801,0.0400607,0.043212,0.0430532,0.0467653,0.0454397,0.0477349,0.0490314,0.0543813,0.0557885,0.057978,0.0627036,0.0649452,0.0693497,0.0729031,0.0763243,0.0798431,0.0944997
590.545,0.0409611,0.039963,0.0422814,0.0455547,0.0441377,0.0461437,0.0452533,0.0482729,0.0507986,0.0545294,0.0571715,0.0621918,0.0659821,0.0665411,0.0717468,0.0774252,0.0787138,0.0826034,0.0963502
590.986,0.0400142,0.0422793,0.0461118,0.0428589,0.0454246,0.0466289,0.0480949,0.0485632,0.0511432,0.0543934,0.0561075,0.0608646,0.0625054,0.0672886,0.0729001,0.0761956,0.0783877,0.0822727,0.0986255
591.427,0.0409869,0.040687,0.0417104,0.0415628,0.0455869,0.0465091,0.0466749,0.0502175,0.0518026,0.054074,0.055874,0.0605383,0.0631114,0.067182,0.0721281,0.076235,0.0767153,0.0799451,0.0958346
591.867,0.040414,0.0426073,0.0411902,0.0446699,0.0439308,0.0476336,0.0479697,0.0521993,0.0510437,0.0534744,0.0560659,0.0619785,0.0659349,0.0695067,0.0728635,0.0756487,0.0784793,0.0815158,0.0992801
592.308,0.0425808,0.0422085,0.0413338,0.0429244,0.0443745,0.0456023,0.0472408,0.048756,0.0498121,0.0536632,0.0538772,0.0583888,0.0639811,0.0681437,0.07174,0.0764623,0.0781728,0.0816548,0.0984399
592.748,0.0423494,0.0395876,0.043926,0.0458124,0.0453106,0.0469627,0.0461797,0.0485852,0.0523654,0.0553444,0.0553388,0.0611174,0.0653874,0.066825,0.0710954,0.0740309,0.0790134,0.0813787,0.100768
593.189,0.039756,0.0415593,0.041199,0.0425828,0.045127,0.0466848,0.0469344,0.0479041,0.0513855,0.0520981,0.0561604,0.0589371,0.0635029,0.068076,0.0697349,0.0738894,0.0791177,0.0794635,0.0955333
593.629,0.0423847,0.0418541,0.0418732,0.042906,0.0455611,0.048089,0.047787,0.0488983,0.0545104,0.0538352,0.0555766,0.0618678,0.0626981,0.0673638,0.0721309,0.0737029,0.0772217,0.0803088,0.0990512
594.069,0.0401505,0.0423685,0.0441971,0.0439836,0.0463277,0.0469186,0.047335,0.0500017,0.0507142,0.0526199,0.0548907,0.0607252,0.0640193,0.0677966,0.0723862,0.0771081,0.0790206,0.0797696,0.0985141
594.509,0.0405137,0.0427022,0.0445405,0.0448105,0.0441712,0.0471284,0.0486844,0.0509007,0.0524761,0.0533439,0.0591011,0.0602788,0.0629049,0.0693011,0.0712408,0.0768689,0.0779458,0.0817273,0.0997553
594.949,0.0394868,0.042448,0.0416362,0.042987,0.0436267,0.0440625,0.047473,0.0486248,0.050794,0.0530576,0.057763,0.060048,0.0625571,0.0683795,0.0715706,0.0782853,0.0764725,0.0790861,0.0986746
595.388,0.0408206,0.0404908,0.0420778,0.0417917,0.0452328,0.0460164,0.0482712,0.0476926,0.0506619,0.0534145,0.0571309,0.0605628,0.0638737,0.0697263,0.0724463,0.076103,0.0789063,0.0804751,0.0971918
595.828,0.0417059,0.042272,0.041471,0.0418417,0.046045,0.0474352,0.0469501,0.0497175,0.0530156,0.0541031,0.0570839,0.0606737,0.0652822,0.067687,0.0708439,0.0767842,0.0779042,0.079492,0.0986875
596.267,0.0401597,0.0410628,0.0434608,0.0428584,0.0442616,0.0477996,0.047088,0.050504,0.0492867,0.0547437,0.0557753,0.0589821,0.0665644,0.0708084,0.0708961,0.0742054,0.0775416,0.0814588,0.0968257
596.707,0.0397904,0.0440038,0.0437363,0.0441472,0.0464636,0.0452379,0.0471109,0.0503838,0.053166,0.055898,0.0575819,0.0593896,0.0650185,0.0699062,0.0753496,0.0761372,0.0776921,0.0810193,0.097659
597.146,0.0419472,0.0414608,0.044647,0.0463022,0.047688,0.0470586,0.0465838,0.0489536,0.049873,0.0533692,0.0564816,0.06228,0.0631341,0.0698352,0.0707858,0.0766136,0.0795506,0.0792753,0.0994725
597.585,0.0390641,0.0413934,0.0421817,0.0429917,0.043689,0.0442833,0.0468376,0.0492708,0.0485534,0.055592,0.0555637,0.0581753,0.0613263,0.0656851,0.0696245,0.0739664,0.0783767,0.0779968,0.096523
598.024,0.0421016,0.0430513,0.0422674,0.0437611,0.0464262,0.0472649,0.0476,0.0497507,0.0525062,0.0543203,0.0578461,0.0621423,0.0669727,0.0682909,0.0725743,0.0752633,0.0786795,0.0827529,0.0966042
598.463,0.041135,0.0393052,0.0420494,0.0427322,0.0446148,0.0468247,0.0475136,0.0486882,0.052829,0.0522868,0.0535204,0.059023,0.0629498,0.070627,0.0729702,0.0732235,0.0797007,0.080885,0.0988683
598.902,0.04076,0.0398068,0.0391054,0.0419171,0.0432219,0.0433947,0.0451268,0.0471401,0.049192,0.0542396,0.055988,0.0577375,0.0635403,0.0686663,0.0704398,0.074104,0.0759963,0.0797153,0.0968582
599.34,0.0415014,0.0417543,0.0403787,0.0435552,0.0451511,0.0439504,0.0447293,0.0471995,0.0510198,0.0542478,0.0547623,0.059312,0.0632471,0.0670718,0.070417,0.0734029,0.0768846,0.0768166,0.0964993
599.779,0.0415742,0.0409606,0.0414443,0.0429067,0.0429031,0.0424958,0.0460604,0.0481956,0.0504057,0.0508567,0.0572246,0.0584885,0.0613076,0.064679,0.0719912,0.0761684,0.0787935,0.0778339,0.095213
600.217,0.0416941,0.039506,0.0424015,0.0434625,0.044409,0.0453533,0.0451819,0.048323,0.0529395,0.053377,0.0568867,0.0596017,0.0645074,0.0688049,0.0710439,0.0756756,0.0784794,0.0794596,0.0981009
600.655,0.0405691,0.0406941,0.0396725,0.0419201,0.0447706,0.0432553,0.0444399,0.0465248,0.0515567,0.0536009,0.0558678,0.0573546,0.0627054,0.0693086,0.0687275,0.0747088,0.076794,0.0777421,0.0966024
601.093,0.0430011,0.041072,0.0430631,0.0461947,0.045056,0.0454942,0.0477367,0.0476066,0.0505617,0.0555023,0.0563554,0.0616619,0.064664,0.0686632,0.0721273,0.075542,0.0812765,0.0811106,0.100153
601.532,0.0428569,0.0415084,0.0434869,0.0435421,0.045721,0.0470449,0.048781,0.0501243,0.0491416,0.0534328,0.0578253,0.0600454,0.0644362,0.0665413,0.0736729,0.0768639,0.0790656,0.0814371,0.097853
601.969,0.0400175,0.0404348,0.042522,0.0425603,0.0437997,0.0455948,0.0479357,0.0485976,0.0513024,0.0533835,0.057326,0.0588165,0.0638078,0.0684722,0.0720248,0.0759143,0.077947,0.0784874,0.0955036
602.407,0.0399392,0.0414847,0.0420616,0.0432951,0.043695,0.0441129,0.0458711,0.0472681,0.0525416,0.0544017,0.0567564,0.0603723,0.0626456,0.0691597,0.0688736,0.0742501,0.0793261,0.0792481,0.0975218
602.845,0.0401999,0.0415518,0.042972,0.0413429,0.0428884,0.0452264,0.0464854,0.0493706,0.0499933,0.0524003,0.0577235,0.056182,0.0642094,0.0675901,0.0724584,0.0744211,0.0790082,0.0792484,0.0961557
603.282,0.040194,0.0408273,0.039484,0.0422731,0.0437627,0.0434143,0.0448318,0.0481463,0.051184,0.0531542,0.0556979,0.0580434,0.0624283,0.0665984,0.0677246,0.0728329,0.0762992,0.0780213,0.0954115
603.72,0.040285,0.0431917,0.0426585,0.0429526,0.0443661,0.0461168,0.0474055,0.0506171,0.0528864,0.0538324,0.0569456,0.059696,0.0641507,0.0667159,0.0714642,0.0768497,0.0786392,0.0782336,0.100164
604.157,0.0399405,0.0425377,0.0453819,0.0432866,0.0438275,0.0460279,0.0491225,0.0503302,0.0515687,0.0547957,0.0581177,0.0614973,0.0651147,0.0677436,0.0727992,0.0764942,0.0784074,0.0808526,0.0986996
604.594,0.0400677,0.0408596,0.0410439,0.0445414,0.0422626,0.0447424,0.0470513,0.0466444,0.0507016,0.0532467,0.0559211,0.0588402,0.0633286,0.0651451,0.0704677,0.0734743,0.0776974,0.078827,0.0983661
605.032,0.0410717,0.0430733,0.041392,0.0448865,0.0443724,0.0448034,0.0471485,0.0508654,0.0527652,0.0552719,0.055214,0.0594006,0.0618399,0.0698416,0.0712587,0.0763797,0.0781703,0.0787046,0.0958367
605.468,0.0407741,0.0415237,0.0427157,0.0445605,0.0441863,0.0449484,0.0483822,0.0484745,0.0503887,0.0539103,0.0549592,0.0590716,0.0643753,0.0663156,0.0719336,0.0751616,0.0779061,0.0789363,0.0964007
605.905,0.0425301,0.0418098,0.0432929,0.0442984,0.0465932,0.0467744,0.0474215,0.0488169,0.0543454,0.0540718,0.0584556,0.0626029,0.0638498,0.0691908,0.0755621,0.07676,0.0792336,0.0815649,0.0995381
606.342,0.0416842,0.0408639,0.0422619,0.0422935,0.0444509,0.0442522,0.0487612,0.049611,0.0516829,0.0532984,0.0592805,0.0584561,0.0660293,0.0684037,0.0725575,0.0753571,0.0774324,0.080535,0.0983953
606.779,0.0400981,0.0410973,0.0426399,0.0452341,0.0466041,0.0476907,0.0501474,0.0481461,0.050711,0.0551642,0.0582126,0.060365,0.0632952,0.0706588,0.0712815,0.0752057,0.0812406,0.0833429,0.0979322
607.215,0.039343,0.0407343,0.0417024,0.0458281,0.044869,0.0474437,0.0471933,0.0493246,0.0527617,0.0529561,0.0591669,0.0594167,0.0634882,0.0665212,0.0716358,0.0778557,0.0811097,0.0801333,0.0981866
607.652,0.0397157,0.0392207,0.0401426,0.0435389,0.0437726,0.0442664,0.0473251,0.0493234,0.0512924,0.0525082,0.0577364,0.0586702,0.0633867,0.0663637,0.0703914,0.076038,0.0780067,0.0794326,0.0983719
608.088,0.0412877,0.0440241,0.0436486,0.0425406,0.0457001,0.0449357,0.0474485,0.0489411,0.0517333,0.0531353,0.0566435,0.0601744,0.0621002,0.06875,0.0731661,0.0757009,0.0790926,0.080789,0.0982823
608.524,0.042326,0.0425545,0.0437689,0.0439962,0.0444004,0.0464379,0.0516912,0.0521858,0.0513277,0.056595,0.0565342,0.059883,0.0625854,0.0680075,0.072346,0.0751063,0.0796293,0.0818775,0.0984822
608.96,0.0407304,0.0424532,0.0422139,0.043828,0.0435153,0.0466322,0.0467613,0.049852,0.0521512,0.055158,0.0555813,0.0586862,0.0616624,0.0666991,0.0708834,0.0767159,0.0781874,0.0804838,0.0986537
609.396,0.0417103,0.0417459,0.0421209,0.0427004,0.0433193,0.0455312,0.045803,0.0482881,0.0513021,0.0553366,0.053051,0.0583766,0.0630927,0.0654255,0.0725806,0.0731424,0.0775765,0.0777621,0.0952606
609.832,0.0421946,0.0416876,0.0418103,0.0458382,0.0426944,0.0455505,0.0473634,0.0511992,0.0517877,0.0532913,0.0557038,0.0603056,0.0652533,0.0679703,0.0719145,0.0768653,0.0783818,0.0813807,0.0983273
610.267,0.0398128,0.0395502,0.0411664,0.0424397,0.043421,0.0451447,0.0462313,0.0483228,0.049579,0.050929,0.0546939,0.0582417,0.0634143,0.065687,0.0702262,0.0754866,0.0784012,0.0775595,0.0956434
610.703,0.0419991,0.0430401,0.0439466,0.0455885,0.0445599,0.0476366,0.047072,0.0508051,0.0518427,0.0565134,0.0572952,0.0602171,0.0654214,0.0665992,0.0728162,0.0760944,0.0783109,0.0803839,0.0980215
611.138,0.0393679,0.0423416,0.0418757,0.044076,0.0427249,0.045949,0.0481866,0.0500786,0.0526962,0.0530155,0.057792,0.0612907,0.0635264,0.0692395,0.0704903,0.0749153,0.0767336,0.0807332,0.099715
611.574,0.040945,0.0408582,0.0399717,0.0435981,0.0445792,0.0447779,0.0463092,0.0481127,0.0502456,0.0530799,0.0546927,0.0612693,0.0620813,0.0674721,0.0712655,0.075273,0.0764787,0.0785625,0.0968775
612.009,0.0405291,0.0409808,0.0401486,0.0410602,0.0420997,0.0457023,0.0447141,0.0468793,0.0511859,0.054865,0.0563421,0.0580442,0.0638641,0.0675288,0.0697929,0.0734689,0.0768784,0.0790476,0.0956245
612.444,0.0434362,0.0439108,0.0428579,0.04471,0.0434704,0.0451128,0.0465154,0.0474745,0.0501721,0.0528483,0.0563254,0.0588056,0.063684,0.0640583,0.0709047,0.0752117,0.0799712,0.0806519,0.0978525
612.879,0.0395528,0.0420269,0.0419856,0.0445387,0.045228,0.0465823,0.0451457,0.0492196,0.0520958,0.0551283,0.0587139,0.0606051,0.0670511,0.0680414,0.0720574,0.0751466,0.0783249,0.0810147,0.096742
613.314,0.0409121,0.0422697,0.0404179,0.0447303,0.0435472,0.0458098,0.0458406,0.0479562,0.0506927,0.051909,0.0567001,0.0594688,0.0622295,0.0661895,0.07188,0.0755444,0.0779944,0.079343,0.0968963
613.748,0.0424032,0.0429165,0.0425523,0.0448237,0.0450826,0.0460581,0.0476171,0.0494722,0.0514347,0.0536962,0.0577804,0.0608179,0.0676755,0.0690374,0.0717549,0.0763023,0.0785595,0.0816092,0.0981758
614.183,0.0405342,0.0417384,0.0398209,0.0423689,0.0427393,0.0461845,0.0470797,0.0509245,0.0505616,0.0525002,0.0551003,0.0580823,0.0639151,0.0668218,0.0704733,0.0752291,0.0773828,0.0787904,0.0963099
614.617,0.0400334,0.0404866,0.0415356,0.0418388,0.0433625,0.0440482,0.0467882,0.0491979,0.0508021,0.0533128,0.0565948,0.0598151,0.0627892,0.0670302,0.0708499,0.0728969,0.0778552,0.079968,0.0974025
615.052,0.0385278,0.0424845,0.0399636,0.0426436,0.0429023,0.0445487,0.0479472,0.0496555,0.050344,0.0513855,0.0557425,0.0586813,0.0649534,0.0655119,0.0712472,0.0746802,0.0774981,0.0774494,0.0977229
615.486,0.0410852,0.0430393,0.0428721,0.043157,0.0439944,0.0452252,0.0441426,0.0487953,0.0513755,0.0527501,0.0570446,0.0617794,0.065457,0.066751,0.0699022,0.0744656,0.079717,0.0776962,0.0975376
615.92,0.0406028,0.0422359,0.0415212,0.0443435,0.0434004,0.0474134,0.0469788,0.0499407,0.0538277,0.0536627,0.0552406,0.0596181,0.0642027,0.0700155,0.0733484,0.0761089,0.0803544,0.0796581,0.0980288
616.354,0.0421931,0.0422702,0.0408874,0.0446922,0.0446208,0.0479023,0.0485301,0.0485806,0.0507909,0.0525504,0.0554537,0.0595665,0.0633754,0.0673997,0.0715601,0.0738595,0.0795588,0.0798586,0.0964053
616.788,0.0409458,0.04357,0.0417782,0.0432022,0.0450301,0.0459355,0.0490458,0.0506616,0.0507481,0.0556092,0.0572408,0.059408,0.0631781,0.0684013,0.0715439,0.0785975,0.0785549,0.0795388,0.0983719
617.222,0.0390423,0.0415811,0.0412235,0.0427311,0.0455726,0.0455283,0.0455954,0.0472171,0.0498606,0.0541998,0.0564871,0.0602948,0.063581,0.0689957,0.0715587,0.0776103,0.0793441,0.081357,0.0970017
617.655,0.0411255,0.0408661,0.0433342,0.0399895,0.0442536,0.042376,0.0454551,0.0512552,0.0485768,0.0528291,0.0547546,0.0610816,0.0632535,0.0673778,0.0700144,0.0754579,0.0765941,0.0787093,0.0973596
618.089,0.0413544,0.0411024,0.0428896,0.0414762,0.0455334,0.0440452,0.0490052,0.0473124,0.0514043,0.0556414,0.0558237,0.0574746,0.0630994,0.0692891,0.0703832,0.0747123,0.077475,0.0785202,0.0983375
618.522,0.0412374,0.0437183,0.0444031,0.0429861,0.0467787,0.0456002,0.0477198,0.0505017,0.0532726,0.0562015,0.0567491,0.060028,0.0643708,0.0677303,0.0731508,0.0764991,0.0811371,0.0817661,0.100937
618.956,0.0423833,0.0411,0.0412532,0.0444851,0.0464373,0.0454333,0.046447,0.0494658,0.0499545,0.0555984,0.0559963,0.061234,0.0645477,0.0686901,0.0697543,0.0782823,0.0789049,0.0796158,0.101249
619.389,0.0404175,0.0394883,0.0432308,0.0425638,0.0446272,0.0442029,0.0470124,0.0488995,0.0521114,0.0536,0.0580817,0.0614046,0.063404,0.0665523,0.0707232,0.0763801,0.0756185,0.08079,0.100323
619.822,0.0432898,0.0426428,0.0434087,0.0443571,0.0451718,0.0472202,0.047272,0.0510065,0.0516793,0.0558291,0.0586017,0.0604496,0.0647957,0.068571,0.0745755,0.0747119,0.0789035,0.0800164,0.0962548
620.255,0.0415663,0.0421046,0.0425759,0.0433933,0.0447403,0.0458813,0.0468324,0.0504947,0.0504166,0.0541986,0.0582238,0.0614181,0.0620078,0.0677449,0.0724144,0.0769428,0.0788516,0.0793574,0.101711
620.688,0.0406874,0.0416718,0.0402774,0.0431405,0.0442859,0.0458733,0.0489516,0.0488414,0.0488373,0.0519662,0.0561276,0.0611886,0.0618321,0.0697991,0.0711621,0.075412,0.0797642,0.0803654,0.0976572
621.12,0.0413437,0.041126,0.0408625,0.042899,0.0442438,0.0432899,0.0461564,0.0480876,0.0500652,0.0536616,0.0550079,0.0599986,0.0623895,0.0675757,0.0706545,0.0752161,0.0763232,0.0788126,0.0981935
621.553,0.0404635,0.0404909,0.0418487,0.0432169,0.0445273,0.0449633,0.0457517,0.0479932,0.0505084,0.0527541,0.0555004,0.0577882,0.0652021,0.0680809,0.0709298,0.0743979,0.0796298,0.078611,0.0983071
621.985,0.0386666,0.0423305,0.0431471,0.0425999,0.0435393,0.0441245,0.0481218,0.0483657,0.0508011,0.0531546,0.0559158,0.0606477,0.0622554,0.0685875,0.0704962,0.0793149,0.079173,0.077277,0.0966356
622.418,0.0379643,0.0423717,0.0419372,0.0419719,0.0411704,0.0442428,0.0471949,0.0470485,0.0500068,0.0516614,0.0538599,0.0583094,0.0643193,0.0666108,0.0705378,0.0735798,0.0736957,0.0792802,0.0972265
622.85,0.0404469,0.0403626,0.0429286,0.0407108,0.0453325,0.0439261,0.0452874,0.0479597,0.050375,0.0523405,0.0554685,0.0602354,0.0650252,0.0667089,0.0724266,0.0738099,0.0782214,0.0808847,0.0956754
623.282,0.0409236,0.0409191,0.0427565,0.0418225,0.0441554,0.0442042,0.0463822,0.0463619,0.0541352,0.0549138,0.0562415,0.0588653,0.0652178,0.0663303,0.0721475,0.07463,0.0777889,0.0785509,0.0983603
623.714,0.0389415,0.0411334,0.041818,0.0430668,0.0429587,0.0453054,0.045329,0.0490382,0.0500088,0.0542386,0.0542283,0.0620334,0.0629323,0.0695789,0.0726051,0.0738713,0.0789559,0.0811009,0.100384
624.146,0.0401375,0.0427314,0.0427688,0.0412542,0.0443469,0.0463478,0.0462638,0.0496178,0.0501665,0.0546201,0.0556827,0.0615515,0.0644182,0.0662664,0.0715834,0.0750621,0.0800286,0.0832627,0.0990569
624.577,0.0417596,0.0404619,0.0422163,0.0442528,0.0453477,0.0461901,0.0491199,0.048598,0.054394,0.0521672,0.0561486,0.0617492,0.0638986,0.0675336,0.0707418,0.075923,0.0783203,0.0797448,0.0993816
625.009,0.0393854,0.0429237,0.0407072,0.0438826,0.0438142,0.0485164,0.0466478,0.0486738,0.0489992,0.0519904,0.0565541,0.0618657,0.0615811,0.0673283,0.070189,0.0770862,0.0793844,0.0792991,0.0981933
625.441,0.0409537,0.0425806,0.0409437,0.0426973,0.0438213,0.046475,0.0426613,0.0499631,0.0516814,0.053514,0.0585244,0.0593717,0.0628032,0.0662551,0.0720103,0.0758004,0.0778271,0.0781568,0.0973485
625.872,0.0377425,0.0399238,0.0388727,0.0390826,0.042003,0.0447568,0.0452786,0.046319,0.0491514,0.0522268,0.0548151,0.0582156,0.0633767,0.0660893,0.0683732,0.0720487,0.0753547,0.0782266,0.0941077
626.303,0.042631,0.0455467,0.0430283,0.0420156,0.0438681,0.0468374,0.0477155,0.0489911,0.0499664,0.0522554,0.0562751,0.0622155,0.062918,0.0691118,0.0721554,0.0768386,0.0803634,0.0776806,0.0969743
626.734,0.0423142,0.0408078,0.0393793,0.0414851,0.0445396,0.0444732,0.0445609,0.0469629,0.0501413,0.0519569,0.0542415,0.0599132,0.0613307,0.0659356,0.0717965,0.0746012,0.0798516,0.0793497,0.0960973
627.165,0.0439375,0.0412075,0.0444549,0.0433729,0.0446445,0.0457823,0.0474399,0.0507022,0.0515541,0.0567636,0.0571013,0.0606388,0.0660731,0.0688023,0.0726184,0.0751934,0.0799026,0.0837421,0.10012
627.596,0.0394377,0.0400332,0.039797,0.0411838,0.0430251,0.0445857,0.0446139,0.0460243,0.0507698,0.0492666,0.0546542,0.0578913,0.0598729,0.0664653,0.0704598,0.0732473,0.0749481,0.0753954,0.0983079
628.027,0.0408745,0.0400756,0.0423223,0.0437623,0.0442907,0.0448618,0.044475,0.0463036,0.0503857,0.0552564,0.0560693,0.0590139,0.0619943,0.0664926,0.0727436,0.0757206,0.07836,0.0789523,0.0950407
628.458,0.0413656,0.0418461,0.0426296,0.0454142,0.0440302,0.0464308,0.0475188,0.0493556,0.0534459,0.0538598,0.0565095,0.0633888,0.0642728,0.0663801,0.0730904,0.0780874,0.0796509,0.0801681,0.0989983
628.888,0.0417526,0.0428584,0.0416992,0.041314,0.0445708,0.0452161,0.0474881,0.0472917,0.0503207,0.0529469,0.0572246,0.0587665,0.0619212,0.0670912,0.0703733,0.0760556,0.0788823,0.0802334,0.0988854
629.319,0.0406422,0.0415281,0.0396401,0.0403014,0.0409223,0.0447396,0.0438017,0.0453182,0.0484706,0.051121,0.0544333,0.0606747,0.0621752,0.0667602,0.0683286,0.076213,0.0781529,0.0772801,0.0956993
629.749,0.0414836,0.0414386,0.0417747,0.0431736,0.0441537,0.046709,0.046786,0.0487939,0.0496004,0.0528442,0.0558931,0.0607022,0.0656231,0.0693143,0.0738398,0.0748104,0.0782151,0.0787567,0.0985714
630.179,0.0422382,0.0426123,0.0445262,0.042882,0.0447358,0.0471135,0.0504275,0.0500876,0.0518904,0.0563382,0.0590727,0.0601605,0.0663773,0.0692537,0.0723843,0.0784774,0.0775312,0.0841481,0.103046
630.609,0.0404331,0.0440363,0.0440028,0.0450329,0.0476889,0.0476667,0.0488696,0.05074,0.0530507,0.0551641,0.0602699,0.0615044,0.0644589,0.069411,0.0730395,0.0785204,0.0785775,0.0811955,0.101208
631.039,0.0403028,0.0407658,0.0413114,0.0422463,0.0432222,0.0447344,0.0458718,0.0488096,0.0485081,0.0519259,0.0568017,0.0578436,0.063667,0.0677129,0.0732598,0.0737016,0.079207,0.0789962,0.0961512
631.469,0.0406867,0.0427584,0.043225,0.0444517,0.0449297,0.0478374,0.049337,0.0506394,0.0526872,0.0540506,0.0587354,0.063198,0.0646518,0.0689813,0.0739433,0.0777263,0.0813772,0.0839357,0.0983171
631.899,0.0404951,0.0423457,0.0435823,0.0448707,0.0437744,0.0455293,0.0460666,0.0488632,0.0501115,0.0538954,0.0573904,0.061763,0.062149,0.0665225,0.0735356,0.0782272,0.078876,0.0774549,0.0933128
632.328,0.0410502,0.0422066,0.0429572,0.0431395,0.0450426,0.0478682,0.0490909,0.0498617,0.0534321,0.0542185,0.0578233,0.0606159,0.0648442,0.0678986,0.0730598,0.0779695,0.0794889,0.0820715,0.0980745
632.758,0.0391041,0.0405857,0.0416438,0.0411234,0.0432835,0.0461057,0.045789,0.0505711,0.0503413,0.0538883,0.0556241,0.0598555,0.063872,0.0652917,0.0725838,0.0747511,0.0794637,0.0780037,0.0980848
633.187,0.0399273,0.0407428,0.0417833,0.0424388,0.0434874,0.0430056,0.0466807,0.0483367,0.0500255,0.0500383,0.0557971,0.0589183,0.0623826,0.0657481,0.0714078,0.0728788,0.0758609,0.0778283,0.0966268
633.616,0.0419271,0.0428127,0.0423232,0.0459759,0.0449508,0.0466424,0.050146,0.0513113,0.0518854,0.0547799,0.057019,0.0629459,0.0638594,0.0701996,0.073615,0.0775158,0.079461,0.0811092,0.101122
634.046,0.040242,0.0412816,0.0418564,0.0419772,0.0411539,0.0452644,0.0450608,0.0463341,0.0492654,0.0542121,0.0563448,0.0595239,0.0628573,0.066636,0.0732389,0.0739593,0.0768206,0.0812354,0.0987788
634.475,0.0407184,0.0399711,0.0421487,0.0445637,0.0440821,0.0457194,0.0462847,0.0477467,0.0520097,0.0546443,0.055724,0.0600729,0.0607296,0.0669084,0.0721892,0.074153,0.0760463,0.0792997,0.0945594
634.903,0.040109,0.0409775,0.0391911,0.0430888,0.0432064,0.0434452,0.0446577,0.048569,0.0497472,0.0550564,0.0557371,0.0598783,0.0606266,0.0661876,0.0722829,0.0741441,0.0780742,0.0774606,0.0965688
635.332,0.0394364,0.0417135,0.0426102,0.0448723,0.043031,0.0462073,0.0470026,0.0486965,0.0502267,0.0566853,0.0576479,0.0617201,0.0644638,0.0701451,0.0709316,0.0761269,0.0801066,0.0814621,0.0979561
635.761,0.0432371,0.0424372,0.0429183,0.0424524,0.0459962,0.0447384,0.0475899,0.0488315,0.0517274,0.0518366,0.0559389,0.0598347,0.0634975,0.0681869,0.0719787,0.0766478,0.0832716,0.0788634,0.0989368
636.189,0.0401177,0.0403927,0.0430666,0.0460551,0.045078,0.0458169,0.0478239,0.0491645,0.0509868,0.0515157,0.0573196,0.0608071,0.063423,0.0688496,0.0705467,0.0759518,0.0777306,0.0810815,0.0993736
636.618,0.0401773,0.0400666,0.0424285,0.0437924,0.0420182,0.0462266,0.0466159,0.0469198,0.0507384,0.0532123,0.0544946,0.0570788,0.0611753,0.0657405,0.0715755,0.0742658,0.0764262,0.0780448,0.0950253
637.046,0.0386933,0.0430089,0.0419111,0.0436146,0.0448506,0.0444032,0.0471247,0.0481107,0.0539458,0.0530489,0.0573757,0.0598994,0.0622346,0.0649114,0.0716418,0.0738783,0.0783194,0.0783447,0.0993552
637.474,0.038718,0.0417239,0.042055,0.0425921,0.0446733,0.0424008,0.0453698,0.0476954,0.0495539,0.051602,0.0556472,0.0587668,0.0616021,0.0681726,0.0685838,0.0753451,0.0760086,0.0777487,0.0956699
637.902,0.043427,0.0428811,0.0427075,0.0432676,0.0449704,0.0464616,0.0483389,0.050188,0.0518627,0.0548964,0.0586389,0.06295,0.0678199,0.0678243,0.0718784,0.0789281,0.0796631,0.0803307,0.0986522
638.33,0.0398919,0.0410491,0.0410453,0.0428712,0.0437223,0.0437325,0.0457003,0.0480941,0.0486501,0.0547842,0.0554904,0.0585759,0.0615727,0.066969,0.0723487,0.0763236,0.0777835,0.0771631,0.0966283
638.758,0.0414221,0.0396549,0.0436043,0.0413738,0.0431347,0.0440972,0.046215,0.0500984,0.0501557,0.0532701,0.0536377,0.0605357,0.0627181,0.0659368,0.0718098,0.0747701,0.0779249,0.0774955,0.0994997
639.186,0.0423242,0.0430801,0.0432382,0.0430377,0.0425281,0.044506,0.0484781,0.0493619,0.0493244,0.0528034,0.0585764,0.059027,0.0647676,0.0684205,0.0704669,0.07468,0.0796074,0.0804373,0.099241
639.613,0.0391887,0.0396318,0.0395351,0.0400113,0.0431335,0.0447096,0.0460504,0.0470703,0.0504501,0.0504968,0.0556804,0.0590218,0.0632648,0.0675001,0.0695959,0.0765003,0.0767606,0.0796995,0.0993054
640.041,0.0385314,0.0405857,0.0415069,0.0409084,0.0437715,0.0449992,0.0444841,0.0484121,0.0504558,0.0513208,0.0563097,0.058512,0.0615582,0.0661769,0.0685443,0.0745488,0.0765575,0.0747577,0.096231
640.468,0.0392916,0.0415308,0.0429684,0.0431888,0.0429605,0.0465036,0.0466433,0.0500576,0.0501742,0.0546635,0.0573139,0.060982,0.0634627,0.0683199,0.0726302,0.0760792,0.0815665,0.0795719,0.0994364
640.895,0.0415532,0.0420553,0.0431983,0.0430113,0.0454959,0.0461929,0.0470983,0.0470634,0.0500862,0.0544491,0.0556068,0.0578113,0.0634789,0.0677242,0.0707283,0.0756321,0.0791321,0.0797949,0.100517
641.322,0.041841,0.0393901,0.0441504,0.0427372,0.0425033,0.0464938,0.0459828,0.0487396,0.0513228,0.0551129,0.0576428,0.058858,0.0620445,0.0663977,0.0711298,0.0764071,0.0779267,0.0817165,0.0974729
641.749,0.0424471,0.0427765,0.0426305,0.0447976,0.0415612,0.0463069,0.0473275,0.0493069,0.0504003,0.0549272,0.0584237,0.059227,0.0625479,0.0689137,0.0726124,0.0777296,0.0810527,0.0800477,0.0960988
642.176,0.040166,0.0429559,0.0434836,0.0433299,0.0449003,0.0453382,0.0486983,0.048278,0.0511346,0.0535742,0.055837,0.0591594,0.0636724,0.069273,0.0707823,0.0759268,0.0793712,0.0817265,0.0985681
642.603,0.0420696,0.0415819,0.0436849,0.0431982,0.0460309,0.0456209,0.0491031,0.0485153,0.051449,0.0534879,0.0564237,0.0604633,0.062862,0.0688008,0.0721606,0.0758785,0.0810048,0.083426,0.0997673
643.029,0.0441897,0.0427341,0.0408725,0.0435832,0.0452892,0.046472,0.0481057,0.0470196,0.0524141,0.0553088,0.0592938,0.0625644,0.0638362,0.0689797,0.0722137,0.078525,0.0799628,0.0803517,0.100526
643.456,0.0425895,0.0411734,0.0423971,0.0447289,0.0436572,0.0466453,0.0464981,0.0486129,0.0489367,0.053522,0.0565781,0.0586052,0.0636131,0.0683631,0.0718974,0.0759161,0.0806367,0.0815961,0.102047
643.882,0.0388772,0.0416348,0.041277,0.0421619,0.0443212,0.0438871,0.0449631,0.0468545,0.0485146,0.0504582,0.0536359,0.0590125,0.0620101,0.0659506,0.0694701,0.0744534,0.0788087,0.0771025,0.0980825
644.308,0.0425699,0.0433055,0.0436865,0.0422888,0.0446474,0.0473481,0.0488908,0.0518143,0.0528367,0.0550803,0.0575199,0.0622572,0.0665187,0.0677189,0.0716333,0.0807313,0.0778889,0.0831336,0.100043
644.735,0.0420273,0.0423502,0.0408215,0.0423425,0.0459521,0.0480692,0.0482936,0.0484788,0.0521741,0.0535068,0.0548798,0.0601301,0.0626802,0.0685932,0.0704332,0.0748002,0.0784321,0.0807974,0.0975726
645.161,0.0407801,0.0429446,0.0434554,0.0422847,0.0462771,0.0433806,0.049423,0.049844,0.0514316,0.0544921,0.0589107,0.0598169,0.0654101,0.0676697,0.0721224,0.0770371,0.0802464,0.0823296,0.100049
645.586,0.041682,0.0430284,0.0433401,0.0446216,0.0452411,0.0452803,0.0478516,0.0513946,0.0536566,0.0542666,0.0572385,0.0604613,0.063132,0.0674574,0.0729981,0.077193,0.0787894,0.0789484,0.0995398
646.012,0.0399592,0.0408067,0.044732,0.0430335,0.0428784,0.0443784,0.0457727,0.0480225,0.0514546,0.0530058,0.0560464,0.058448,0.0625799,0.0671624,0.0710573,0.0748153,0.0779073,0.0783181,0.097237
646.438,0.0401826,0.0386983,0.0423906,0.0440452,0.0437915,0.0459598,0.0458337,0.0487247,0.0499385,0.0527748,0.053908,0.0579207,0.0636035,0.0676027,0.0707451,0.0755529,0.0772941,0.0787532,0.0961694
646.863,0.041425,0.0427849,0.0420552,0.0429171,0.0453433,0.0470461,0.0494023,0.0498103,0.0513934,0.0552124,0.0585204,0.061891,0.0631005,0.0690019,0.0730069,0.0767899,0.0787913,0.0820303,0.0996434
647.289,0.0426775,0.0437123,0.0438654,0.0421135,0.0456749,0.0477822,0.0470742,0.0506508,0.0520573,0.0532998,0.0566288,0.0594558,0.064204,0.0711189,0.0722427,0.0761786,0.0791854,0.0838748,0.0987413
647.714,0.0396236,0.0427851,0.0397788,0.042183,0.0413365,0.0447844,0.0441298,0.0466754,0.0503978,0.0520013,0.0549073,0.0597896,0.0615359,0.0691256,0.072246,0.0747038,0.0776837,0.0785396,0.0970057
648.139,0.0384967,0.0392875,0.0407865,0.0402449,0.043869,0.0458452,0.0456784,0.0473798,0.0488645,0.0522279,0.0526392,0.0599111,0.0618632,0.0660055,0.0680512,0.0745165,0.0751469,0.0754194,0.0964255
648.564,0.0426786,0.0432854,0.0434202,0.0443939,0.0452666,0.0470189,0.0483937,0.0505218,0.0522474,0.0529466,0.0585634,0.0616724,0.0660079,0.0700862,0.0713758,0.0764938,0.0823817,0.0832775,0.0990657
648.989,0.0389319,0.0411013,0.0414257,0.0441746,0.0446365,0.0456077,0.0462405,0.0487691,0.0493913,0.052538,0.0566889,0.0596885,0.0611474,0.0678712,0.0728135,0.0768448,0.0806842,0.0792824,0.0996636
649.414,0.0407005,0.0430187,0.043782,0.0434023,0.0462359,0.0490145,0.0470029,0.0485371,0.0522555,0.0559704,0.0586812,0.060644,0.0659872,0.0680537,0.0726418,0.0781905,0.0815341,0.0813608,0.100587
649.839,0.0410025,0.0439042,0.0431667,0.0458237,0.0436632,0.0445001,0.0466527,0.0503258,0.0518744,0.0525216,0.0573487,0.0608203,0.0648351,0.0662901,0.0705289,0.0734071,0.0817971,0.0843387,0.100878
650.263,0.0394124,0.0411689,0.0413837,0.0423585,0.0429959,0.0453525,0.0474977,0.0468999,0.0490444,0.0525971,0.0568055,0.0580076,0.0614696,0.0663604,0.0716814,0.0754344,0.0786232,0.0782182,0.100405
650.688,0.0412013,0.0422024,0.043791,0.0456314,0.0477767,0.0465343,0.0506386,0.0529059,0.050465,0.0540457,0.0589303,0.0604223,0.0647701,0.0699168,0.0744026,0.0799222,0.0812862,0.081254,0.0985145
651.112,0.0405648,0.0408967,0.0396632,0.0440301,0.0457365,0.044445,0.04645,0.0494676,0.0503313,0.0549812,0.0553356,0.0614302,0.0657728,0.0684262,0.0728001,0.0751474,0.0774771,0.0794556,0.0985046
651.536,0.0430102,0.0412617,0.0435891,0.0441867,0.046312,0.0452498,0.047394,0.0494849,0.0535164,0.0544216,0.0587822,0.0602772,0.0637635,0.0701032,0.0744031,0.0760024,0.0797452,0.0813592,0.0977432
651.961,0.0397386,0.0402351,0.0424277,0.0389832,0.0439532,0.0453488,0.0477236,0.0482688,0.0479999,0.0534257,0.0554528,0.0578093,0.061231,0.0657923,0.0694149,0.0724021,0.0778843,0.0787784,0.0965976
652.384,0.0388058,0.0409448,0.0393009,0.0425955,0.0430549,0.0446371,0.0463976,0.046778,0.0483485,0.0517585,0.0532552,0.0605425,0.0634908,0.0649748,0.0715786,0.075761,0.0764012,0.0787928,0.0968472
652.808,0.0427688,0.0437415,0.0430694,0.0439737,0.0453362,0.0465926,0.0468327,0.0514562,0.0546337,0.0533818,0.0571135,0.0602614,0.0649554,0.0683824,0.0763201,0.0772587,0.0792225,0.0831284,0.100325
653.232,0.0373044,0.0398999,0.0406256,0.0403691,0.0420437,0.0420072,0.0461536,0.0477714,0.0500399,0.0507169,0.0540637,0.0579514,0.0630031,0.0652366,0.0707534,0.0743565,0.0734658,0.0768054,0.0956305
653.656,0.0396027,0.0379618,0.0405082,0.0405287,0.0428363,0.0439922,0.0454166,0.0456567,0.0480567,0.0507299,0.0528955,0.0556475,0.0604905,0.0646571,0.0680039,0.0722231,0.0763277,0.0780373,0.0951679
654.079,0.0420727,0.0424981,0.0413302,0.0437434,0.0457213,0.0451346,0.047677,0.0490568,0.0536352,0.0564948,0.0561302,0.0590134,0.0660976,0.0670483,0.0741246,0.0754485,0.0806776,0.0801108,0.0967393
654.503,0.0422054,0.0434323,0.0417343,0.0429286,0.0446099,0.0469849,0.0464987,0.0503872,0.0519627,0.0523027,0.0587503,0.0614158,0.0667007,0.0697893,0.0730419,0.0766832,0.0799619,0.0812394,0.099669
654.926,0.0400896,0.0412963,0.0414141,0.0444204,0.0442131,0.0445088,0.0467789,0.0481519,0.0504114,0.0541475,0.0568049,0.0602122,0.0638884,0.0663418,0.068323,0.0743149,0.0779756,0.0790525,0.0970894
655.349,0.0411432,0.041748,0.045052,0.0425744,0.0423596,0.0467977,0.0483219,0.0474035,0.0533175,0.0524597,0.0567495,0.0606125,0.0635323,0.0688156,0.0718027,0.07441,0.0784665,0.0791005,0.0978287
655.772,0.0436809,0.0405928,0.0437026,0.0431326,0.0448593,0.0457375,0.0466568,0.0492121,0.0517808,0.0549992,0.0559637,0.0611864,0.0626092,0.067939,0.0704035,0.0762538,0.080249,0.0796154,0.0967762
656.195,0.0397907,0.0393573,0.0419717,0.0435409,0.0447603,0.0443761,0.0471967,0.0480952,0.0500372,0.0534253,0.0564998,0.0602646,0.0625834,0.0715087,0.0729136,0.0756344,0.0795676,0.0813632,0.10255
656.618,0.0408078,0.0439835,0.0426523,0.0444788,0.046695,0.0477913,0.0487371,0.0499325,0.053313,0.0557303,0.0568606,0.0618194,0.0653972,0.0684046,0.072161,0.0752174,0.079299,0.0831584,0.101927
657.04,0.0439276,0.0436661,0.0432613,0.0442616,0.0460274,0.0478423,0.0506747,0.0502338,0.0523359,0.0556217,0.0593951,0.06293,0.0706977,0.0697504,0.0730773,0.0800952,0.0801293,0.0833493,0.101102
657.463,0.0404833,0.042543,0.0429064,0.0419312,0.0450125,0.0458872,0.048539,0.0484912,0.0507461,0.0534118,0.0556351,0.0591862,0.0631378,0.0691787,0.0697389,0.0752739,0.0791576,0.0791008,0.0991929
657.885,0.0399793,0.0400371,0.0403647,0.0401352,0.0446733,0.0429768,0.0449967,0.0477697,0.049077,0.0554107,0.0552649,0.0611729,0.0624799,0.0677878,0.0707747,0.074291,0.079047,0.0797469,0.0954603
658.308,0.0393366,0.04003,0.0416427,0.0424633,0.0417404,0.0464857,0.0452809,0.047533,0.0510677,0.0526674,0.056405,0.0605267,0.0641172,0.0690211,0.0696027,0.0764195,0.0786365,0.0785924,0.0978567
658.73,0.0428711,0.0427642,0.0415184,0.0460678,0.045686,0.0488613,0.0454314,0.0509592,0.0510069,0.0553802,0.0586974,0.0589668,0.0654617,0.0675401,0.0736088,0.0760714,0.0801838,0.0794619,0.0991205
659.152,0.0427796,0.0434845,0.0428268,0.0419193,0.0452382,0.0475133,0.0468804,0.0490042,0.0525553,0.0532504,0.0560026,0.0604958,0.0639119,0.0677582,0.072826,0.0754663,0.0803584,0.0836804,0.100225
659.574,0.0408003,0.0414223,0.040928,0.042552,0.0440434,0.0437681,0.0473048,0.0465451,0.0505842,0.0532953,0.0553997,0.0613667,0.0639629,0.0666491,0.0698662,0.0746989,0.0758682,0.0808846,0.098624
659.996,0.0410026,0.0400269,0.0389339,0.0407422,0.0433813,0.0445399,0.0459348,0.0492977,0.0494958,0.0509359,0.0556896,0.0588546,0.0627423,0.0687334,0.0713057,0.0752087,0.0783197,0.0809277,0.100666
660.417,0.041572,0.044632,0.0429421,0.0437894,0.0441119,0.0471287,0.0467317,0.0479714,0.0516388,0.0552243,0.0591575,0.0602055,0.0633248,0.0698729,0.0739463,0.0773616,0.0775931,0.0797489,0.101041
660.839,0.0418582,0.0444514,0.0424533,0.0466828,0.0451967,0.0498921,0.0493485,0.0492337,0.054577,0.0551951,0.0568115,0.0619201,0.0637913,0.0693862,0.0733298,0.0786575,0.0816478,0.0814442,0.100094
661.26,0.0384418,0.0401792,0.0412702,0.0433066,0.0442133,0.043495,0.0462584,0.0487356,0.0511776,0.0503334,0.0573209,0.0587126,0.0629324,0.0649622,0.0703752,0.0752054,0.0769522,0.0803575,0.0979065
661.682,0.0395492,0.0398902,0.0424252,0.0421287,0.0446999,0.0453218,0.0464771,0.0492948,0.0512885,0.0541121,0.054511,0.0586843,0.0617111,0.070469,0.07183,0.0756743,0.0785951,0.0789701,0.10242
662.103,0.0400265,0.0404534,0.0407956,0.0434693,0.0408589,0.0420808,0.0464136,0.047803,0.0493532,0.0528606,0.055702,0.0599542,0.0611441,0.0677654,0.070059,0.077784,0.0770524,0.0807112,0.0987157
662.524,0.0406327,0.0425264,0.0422353,0.0423585,0.0425389,0.0480757,0.0466813,0.0492072,0.0507594,0.0555181,0.0587718,0.0613953,0.0622397,0.0676124,0.0722085,0.0732261,0.0801535,0.0825721,0.100905
662.945,0.0412967,0.0422826,0.0421532,0.044135,0.04676,0.0477357,0.047993,0.0487747,0.0501689,0.0550158,0.0579501,0.0625077,0.0656135,0.0699415,0.0712894,0.0780105,0.0826927,0.0808144,0.0982893
663.366,0.0407173,0.0405135,0.0379991,0.0426617,0.0418591,0.0448328,0.0462948,0.0475935,0.0497275,0.0511809,0.0565423,0.0569322,0.061781,0.0653915,0.0695063,0.0763711,0.0770256,0.0777501,0.0988374
663.787,0.0392174,0.0410444,0.041218,0.0433607,0.0440353,0.042893,0.046589,0.050374,0.0506918,0.0501279,0.0570898,0.0606364,0.0614902,0.0666628,0.0698289,0.0750905,0.0784386,0.080756,0.0977571
664.207,0.0406334,0.0396509,0.0424667,0.0430923,0.0437049,0.0460053,0.047266,0.0492604,0.0480804,0.0541371,0.0562049,0.0621825,0.0621367,0.0676179,0.07065,0.0763858,0.0772587,0.0763573,0.0967481
664.628,0.0421685,0.0432966,0.0428725,0.0446344,0.0465362,0.0461775,0.0503028,0.0510016,0.0520569,0.0550299,0.0571104,0.0606013,0.066944,0.0723437,0.0723916,0.0779104,0.0824485,0.0830484,0.102961
665.048,0.0412292,0.0403262,0.0404582,0.0427149,0.0430957,0.0463063,0.047744,0.0489224,0.0515021,0.0534435,0.057715,0.0592501,0.0660437,0.067738,0.0706194,0.0741782,0.0762693,0.0777594,0.0993939
665.468,0.0401018,0.0389388,0.042322,0.043009,0.044068,0.0440883,0.0463909,0.0478309,0.0504059,0.0514164,0.0559395,0.0597888,0.0621705,0.0676032,0.0718285,0.0766538,0.0747826,0.0792072,0.0996588
665.888,0.0402858,0.0434464,0.0429354,0.0445785,0.0447766,0.044462,0.0481188,0.0485402,0.0496775,0.0516045,0.0590844,0.0601968,0.0636158,0.0695979,0.0694307,0.0788056,0.0787415,0.0817044,0.099807
666.308,0.0443811,0.0444749,0.0450873,0.0463233,0.0458083,0.0461269,0.0481357,0.0490966,0.0534142,0.0564397,0.0595087,0.0596076,0.0656026,0.0683803,0.0746133,0.0779322,0.0823471,0.0840665,0.103195
666.728,0.0434565,0.0424163,0.043571,0.0461667,0.0470304,0.0474175,0.0477623,0.0480668,0.0526911,0.0514102,0.0582204,0.0610768,0.0649462,0.0671268,0.0723216,0.0763301,0.0798426,0.082822,0.101309
667.148,0.0419973,0.0430544,0.0449085,0.0440331,0.0436099,0.0444699,0.0477963,0.048089,0.0496678,0.0538622,0.0566121,0.0594832,0.0636851,0.0698843,0.0740997,0.0773246,0.0806171,0.0827994,0.0989408
667.568,0.0430815,0.0440222,0.0435293,0.0453423,0.0454504,0.046966,0.0495527,0.0501225,0.0517479,0.0551091,0.0573255,0.0614947,0.0660891,0.0711287,0.0756182,0.0775545,0.0820573,0.0851221,0.102243
667.987,0.0401358,0.0396117,0.0432491,0.0412109,0.0425674,0.0442839,0.0460201,0.0460551,0.0494707,0.0517035,0.0558446,0.0579419,0.0617412,0.0653342,0.0674003,0.075136,0.0754269,0.0780348,0.100669
668.407,0.0420353,0.0423568,0.0420933,0.0434763,0.0437126,0.0464659,0.048462,0.0483429,0.0524573,0.0558149,0.0590378,0.0591721,0.0640641,0.0685881,0.0737494,0.0759944,0.0795455,0.0830064,0.0973236
668.826,0.041762,0.0396683,0.0389925,0.0417527,0.045573,0.0457449,0.0458251,0.0482842,0.0496053,0.0538565,0.0563924,0.0581377,0.0616436,0.0682706,0.0732666,0.0747135,0.0798272,0.0786203,0.0979995
669.245,0.0443196,0.0428728,0.0460107,0.042319,0.045351,0.0459548,0.0474,0.0508594,0.0513368,0.0563843,0.0596159,0.0622867,0.0647714,0.0689641,0.0739389,0.07735,0.0802185,0.083369,0.102849
669.664,0.0421025,0.0428,0.0414435,0.0430408,0.0427855,0.0438113,0.0468326,0.0482952,0.0527268,0.05295,0.0564685,0.0585714,0.0640529,0.0646793,0.0731048,0.0748846,0.0799073,0.0792638,0.101211
670.083,0.0391412,0.042886,0.0410609,0.0422738,0.0428142,0.0448123,0.0448156,0.0504633,0.053521,0.0536623,0.0544731,0.0607129,0.0632569,0.0682465,0.0692667,0.0755585,0.0790594,0.0785378,0.101461
670.502,0.0443986,0.0441292,0.0444779,0.0436017,0.0468331,0.0483034,0.0483997,0.0531958,0.052283,0.0564834,0.0606652,0.0619431,0.0635171,0.069809,0.0727112,0.078716,0.0848871,0.0851017,0.103423
670.921,0.0412783,0.0386786,0.0411989,0.0445081,0.0428884,0.0460722,0.0449432,0.0484481,0.0481594,0.0534607,0.0559982,0.0582327,0.0627715,0.0661091,0.0716132,0.0790913,0.0770207,0.0796788,0.0972552
671.339,0.0391298,0.0416737,0.039801,0.0415952,0.0415984,0.0436467,0.0446748,0.0491598,0.0480853,0.0534525,0.0562139,0.057311,0.0621395,0.0667402,0.0698655,0.0721369,0.0797629,0.0804125,0.0953698
671.758,0.0396107,0.0405433,0.0408165,0.0422859,0.0432162,0.0421203,0.0457472,0.0464802,0.0520078,0.0519548,0.0543345,0.0585631,0.0629828,0.0681573,0.0728167,0.0735344,0.0788019,0.0801376,0.0998138
672.176,0.0398373,0.0416526,0.0411861,0.0433857,0.0426887,0.0459032,0.0478635,0.0491104,0.0511345,0.0530089,0.057604,0.0598496,0.0617494,0.0666313,0.0717877,0.0756776,0.0785541,0.0801884,0.102011
672.594,0.0429349,0.0411788,0.0422518,0.0426719,0.0447854,0.0454604,0.0481727,0.0485664,0.0518782,0.0538614,0.0558031,0.0590555,0.0615606,0.0667264,0.0732505,0.0761977,0.0797634,0.0817597,0.0989045
673.012,0.0412387,0.0424692,0.0418372,0.0427176,0.0460972,0.0452051,0.0467902,0.0502657,0.0530879,0.0552314,0.057886,0.0615007,0.0644646,0.0678613,0.0714009,0.079367,0.0824388,0.0792425,0.100897
673.43,0.0427363,0.0402424,0.0421033,0.0438499,0.0441842,0.0455091,0.0479783,0.0497501,0.0502651,0.0547828,0.0596873,0.0589408,0.0657226,0.0705551,0.0725534,0.0751586,0.0810135,0.0810334,0.0979206
673.848,0.0396448,0.0402152,0.0377559,0.0406795,0.0392393,0.0434172,0.0466931,0.0481063,0.0478035,0.0518898,0.0518255,0.0568043,0.0590293,0.0638,0.0693182,0.0719778,0.0772974,0.0778888,0.0946174
674.266,0.0444039,0.0430333,0.0448759,0.0434242,0.0462251,0.0462858,0.0481034,0.05173,0.0521093,0.0554489,0.0585942,0.0623392,0.0653611,0.069006,0.0731605,0.0771064,0.0816363,0.0790293,0.100595
674.684,0.0399597,0.0399036,0.0420547,0.0419488,0.0449485,0.0461289,0.0453699,0.0472236,0.0497037,0.0514102,0.0550601,0.0601283,0.0626247,0.0647412,0.070151,0.0727207,0.0778945,0.0786497,0.0975029
675.101,0.0416502,0.040948,0.0427327,0.0426936,0.0450173,0.04691,0.0461773,0.0490208,0.0509429,0.0546787,0.0556636,0.0590528,0.0635056,0.0672021,0.0704539,0.0777121,0.0797237,0.0804387,0.0999426
675.519,0.041102,0.0414599,0.0398309,0.0428676,0.0436595,0.0456022,0.0462653,0.0500745,0.0500223,0.0549013,0.0571361,0.062663,0.0658158,0.0685481,0.0713904,0.0756372,0.0791349,0.0832202,0.101569
675.936,0.0394798,0.0407954,0.0427187,0.0410815,0.0438787,0.0447761,0.0429631,0.047223,0.0514118,0.0492005,0.0568523,0.0596144,0.062162,0.0666461,0.0694161,0.0739325,0.0772162,0.077903,0.0939173
676.353,0.0407213,0.0434401,0.0428378,0.0412087,0.0454634,0.0457585,0.0472855,0.0507833,0.0527568,0.0517317,0.059097,0.0621172,0.0657117,0.0677755,0.0691491,0.0765545,0.0813637,0.0805662,0.0974947
676.77,0.040881,0.0411647,0.0425545,0.0417839,0.0440078,0.046521,0.0456221,0.0494548,0.0510145,0.0535805,0.0567369,0.059376,0.0648805,0.0661965,0.0724637,0.0749317,0.0791617,0.0793678,0.100189
677.187,0.038988,0.0400576,0.041782,0.0394167,0.042178,0.0430042,0.0477108,0.0487153,0.051248,0.0535367,0.0560373,0.058635,0.063988,0.0668094,0.0705909,0.0750257,0.0777456,0.0808149,0.0967783
677.604,0.0407844,0.039676,0.0401397,0.0424365,0.0431505,0.0449421,0.0461328,0.0485265,0.05045,0.0531317,0.0562241,0.0599199,0.0613248,0.066438,0.0734532,0.0751014,0.0791074,0.0795153,0.0977799
678.02,0.0392467,0.0400969,0.0400879,0.04093,0.0410384,0.0427386,0.0458968,0.04832,0.0486923,0.052149,0.0559992,0.0604815,0.0613556,0.0669761,0.0703901,0.072705,0.0794181,0.0797526,0.0999997
678.437,0.0422173,0.0419499,0.0422667,0.0451613,0.0433496,0.0468961,0.0460795,0.051442,0.0511123,0.0542151,0.0579908,0.0595555,0.0621773,0.0681565,0.0743595,0.0762281,0.0827974,0.0847694,0.1016
678.853,0.0385107,0.0410747,0.0417235,0.0408663,0.0470212,0.0460293,0.0435883,0.0479411,0.0530926,0.0533745,0.0556754,0.0595704,0.0646722,0.0667938,0.072424,0.0752993,0.0775236,0.0807927,0.0976053
679.27,0.0422264,0.0406289,0.0423264,0.0423419,0.0445612,0.0455592,0.0479724,0.048933,0.0533012,0.0566414,0.0556879,0.0616705,0.0652096,0.0689562,0.0700642,0.0757968,0.0793996,0.0812096,0.0986729
679.686,0.0439154,0.0424383,0.0440981,0.0434041,0.0452343,0.0446711,0.048434,0.0479333,0.0514988,0.0537656,0.0605296,0.0612888,0.0644785,0.0664325,0.0714247,0.075665,0.0776825,0.0829381,0.100178
680.102,0.0412664,0.0419134,0.0414474,0.0440276,0.0422187,0.0485527,0.0470789,0.0486558,0.049708,0.0527964,0.0557872,0.0597086,0.0649289,0.0668532,0.0731526,0.077659,0.0797923,0.0787904,0.0973308
680.518,0.0399938,0.0398712,0.0425217,0.0436471,0.0441384,0.0457868,0.046293,0.0507896,0.0506203,0.0519353,0.0554626,0.0592018,0.0636221,0.0674646,0.0728077,0.0765891,0.0811013,0.0794656,0.0983616
680.933,0.041095,0.038468,0.0430936,0.0427741,0.043522,0.0450001,0.0446329,0.0487435,0.0519065,0.0519753,0.0567049,0.0580729,0.0638416,0.0671418,0.0703199,0.079134,0.0785868,0.0815519,0.0992236
681.349,0.0392606,0.0409566,0.0409161,0.0409537,0.04362,0.0466694,0.0456432,0.0476649,0.0529122,0.0543724,0.0570311,0.062189,0.0632349,0.0689643,0.0725558,0.0770672,0.0772648,0.0825512,0.0987685
681.765,0.0383263,0.0392098,0.0391762,0.0389804,0.0441208,0.0450102,0.0457293,0.0471571,0.0500409,0.0535905,0.0546644,0.0573459,0.0629001,0.0671612,0.071469,0.0750369,0.0778791,0.0822332,0.0978211
682.18,0.0396526,0.0401958,0.0415079,0.0412201,0.0424345,0.0464311,0.044161,0.0489331,0.051227,0.0506188,0.0550974,0.0604472,0.0629035,0.063158,0.0714064,0.0763547,0.078414,0.0785558,0.0979892
682.596,0.0412472,0.0408318,0.0400633,0.0413895,0.0435898,0.0445305,0.046243,0.0480481,0.0485618,0.0537394,0.0562559,0.0568157,0.0656101,0.0672779,0.0732863,0.0759723,0.0775311,0.0825365,0.0986371
683.011,0.0410414,0.0429051,0.0435513,0.04252,0.0424107,0.0450085,0.0476095,0.0502266,0.0528579,0.0539186,0.0565047,0.0602803,0.0641565,0.0665182,0.0724392,0.0776023,0.08025,0.0820966,0.0998632
683.426,0.0426003,0.0411644,0.0415028,0.0442544,0.0430827,0.0432631,0.0459017,0.0494683,0.050745,0.0541801,0.0541015,0.0610756,0.0657757,0.064475,0.0711816,0.0744599,0.0801084,0.0805313,0.096379
683.841,0.0416619,0.0434003,0.0409361,0.0436229,0.0462289,0.0446353,0.0470908,0.0480047,0.0499521,0.052483,0.0564157,0.0600572,0.0623956,0.0682798,0.0718623,0.0762841,0.0790846,0.0817258,0.101584
684.256,0.0417824,0.0414686,0.0429372,0.0428836,0.0445657,0.0469123,0.046924,0.0495988,0.0514729,0.0537037,0.0559767,0.0597787,0.0625286,0.0679128,0.0706779,0.0782997,0.078182,0.0802579,0.100515
684.67,0.0426846,0.0410578,0.0420423,0.0415407,0.0459517,0.0446699,0.0480447,0.0518955,0.0511287,0.0550965,0.0572809,0.0607351,0.0641242,0.0715915,0.0722552,0.0786282,0.0816209,0.0810792,0.0996652
685.085,0.0399873,0.0429243,0.0371413,0.0413688,0.0426767,0.0468462,0.0483565,0.0475651,0.0510717,0.052551,0.0546866,0.0602483,0.0622604,0.0671799,0.0719622,0.0737508,0.081021,0.080575,0.0994148
685.499,0.0418759,0.041487,0.0414903,0.043418,0.044153,0.0462924,0.0463764,0.0488372,0.051457,0.0524267,0.0569845,0.0595909,0.0626032,0.066716,0.0739095,0.0769646,0.0799947,0.0815668,0.0984514
685.914,0.041027,0.0441354,0.0436775,0.0430197,0.0450833,0.0476982,0.0461875,0.0501774,0.0510448,0.0558646,0.0595934,0.0613809,0.0642026,0.0693346,0.0742157,0.0761797,0.078043,0.0812663,0.101077
686.328,0.0404532,0.0405611,0.0414548,0.0437951,0.0443838,0.0433875,0.0456925,0.0476233,0.0494409,0.052719,0.0553742,0.0605374,0.0652832,0.0667946,0.0723844,0.0747182,0.0790177,0.0783101,0.0997373
686.742,0.0393421,0.0404844,0.0416718,0.0441843,0.0431944,0.046104,0.0475998,0.0454197,0.0502764,0.0515747,0.0551256,0.0588284,0.0642653,0.0662893,0.0719001,0.0772907,0.0785879,0.0791835,0.100114
687.156,0.0414267,0.0415695,0.0431811,0.0430933,0.0426016,0.0462035,0.0458326,0.048263,0.0495078,0.0524409,0.0577204,0.0606739,0.0612941,0.0685638,0.0709302,0.0780536,0.0807692,0.0816861,0.100544
687.57,0.0382814,0.0422938,0.0421701,0.0411964,0.0411644,0.0449868,0.0466444,0.0476702,0.0521282,0.0498614,0.0556518,0.0600425,0.0608573,0.0664271,0.0714771,0.0755529,0.0790913,0.0783346,0.10003
687.984,0.0420018,0.0399074,0.0425896,0.0428237,0.0440824,0.0450591,0.045251,0.0496423,0.050863,0.0519385,0.056841,0.0604011,0.0649288,0.0666478,0.0720552,0.0754418,0.0763823,0.0825408,0.0966994
688.398,0.0418285,0.0417254,0.0429135,0.0451293,0.0445005,0.0472444,0.0461363,0.0495065,0.0512498,0.0543085,0.0559032,0.0613899,0.0664886,0.068003,0.0721739,0.0751419,0.0789938,0.0816528,0.099421
688.811,0.0397508,0.0395989,0.0418189,0.0430474,0.0439641,0.0445552,0.0468073,0.0482326,0.0532851,0.0533013,0.0556081,0.0579466,0.0650931,0.0665274,0.0729468,0.0743512,0.0813979,0.079969,0.0982469
689.224,0.0406862,0.0393106,0.0426322,0.0403608,0.0427916,0.0439285,0.0463914,0.0478073,0.0503161,0.0523938,0.0556262,0.0581634,0.0643957,0.0676372,0.0713014,0.0751298,0.0786518,0.0803529,0.0984233
689.638,0.0390841,0.0415696,0.0424573,0.0426134,0.0444198,0.0459132,0.0480274,0.0481891,0.0521804,0.0538853,0.0557321,0.0607725,0.0652414,0.0668446,0.0745957,0.0747649,0.0812277,0.0820744,0.102814
690.051,0.0394078,0.0390676,0.041191,0.0441536,0.0439582,0.046496,0.048587,0.0492499,0.0508398,0.0520729,0.057036,0.0627551,0.0626385,0.0676513,0.0717414,0.075363,0.0797501,0.0814672,0.0983157
690.464,0.0418593,0.0422026,0.0402543,0.0420157,0.0460021,0.045484,0.0474433,0.0492043,0.0519204,0.0515979,0.0569373,0.0597552,0.0630547,0.0707196,0.0714374,0.0766583,0.0818789,0.0792018,0.102693
690.877,0.0404163,0.0445887,0.0410222,0.04363,0.0438551,0.0456835,0.0486841,0.0484467,0.0528506,0.0563457,0.0575162,0.0602783,0.0660595,0.0690881,0.0745229,0.0778684,0.078359,0.0827297,0.103258
691.29,0.0425927,0.0441679,0.0427084,0.0437491,0.0428918,0.0460245,0.0463325,0.0495714,0.0543375,0.0559941,0.0566028,0.0601028,0.0652909,0.0691371,0.0712552,0.0791954,0.0792822,0.0791728,0.100804
691.702,0.0393793,0.039016,0.0421576,0.0440823,0.0443335,0.0450189,0.0463095,0.0509071,0.0488821,0.0526717,0.05349,0.0602166,0.0640883,0.0662902,0.0708344,0.0741434,0.0787272,0.0819128,0.0992693
692.115,0.0416417,0.0418149,0.0414354,0.0456495,0.0465408,0.0485103,0.0480342,0.049819,0.0531526,0.054294,0.0577506,0.0612327,0.0645546,0.0666225,0.0756787,0.0779757,0.0826738,0.0822411,0.101785
692.527,0.039221,0.040684,0.0399555,0.0422033,0.0423175,0.0432528,0.0459782,0.0478016,0.0509023,0.0529503,0.0542698,0.0600162,0.0613921,0.0649405,0.0707638,0.0727881,0.0775817,0.0816703,0.0969201
692.94,0.0398922,0.0408265,0.0409332,0.0409396,0.0416401,0.0433364,0.0462501,0.0487114,0.0481669,0.0525309,0.0557621,0.0564139,0.0622161,0.0668283,0.0729241,0.0764752,0.0768683,0.0815897,0.0974249
693.352,0.0430542,0.0424033,0.0428725,0.0435345,0.0430059,0.0474066,0.0502674,0.0491897,0.05129,0.0544242,0.0572568,0.062805,0.0656656,0.0700974,0.0717183,0.0779329,0.0797719,0.0808394,0.0998936
693.764,0.0411774,0.0400398,0.0408707,0.043587,0.0439787,0.0456664,0.0479535,0.0487506,0.0482359,0.0526485,0.0574665,0.0599112,0.0636789,0.0655137,0.0713519,0.0767532,0.0764682,0.0799873,0.098997
694.176,0.0421128,0.0448028,0.0409331,0.0407756,0.0441549,0.0451312,0.0484959,0.0501009,0.0508751,0.0544798,0.0570807,0.0617611,0.0671198,0.0696182,0.0706943,0.0752549,0.0779135,0.0831138,0.100143
694.588,0.0447243,0.0423381,0.0443163,0.0455166,0.0464616,0.0478866,0.0479639,0.0495505,0.0530032,0.0557466,0.0582151,0.0618096,0.0623294,0.0686674,0.0732204,0.0767406,0.0809995,0.0831999,0.101539
694.999,0.0392314,0.0398772,0.042357,0.0461998,0.0457955,0.0479659,0.0471969,0.0502094,0.049765,0.0552972,0.0585543,0.0618262,0.0620035,0.0699187,0.0733033,0.0773986,0.080171,0.081141,0.100775
695.411,0.040529,0.0397511,0.0444642,0.0431732,0.0452059,0.0456629,0.048024,0.0485112,0.0505184,0.055445,0.0555593,0.0572158,0.0626224,0.0711466,0.0712647,0.0773848,0.0776835,0.0806844,0.0983161
695.822,0.039256,0.0423894,0.0392605,0.0426321,0.0453796,0.0444942,0.0479815,0.0502893,0.050019,0.0529095,0.0540088,0.0611295,0.0619536,0.0653951,0.069865,0.0747687,0.0751486,0.0789905,0.0999798
696.234,0.0416175,0.0429868,0.0430905,0.0440242,0.0473326,0.0483143,0.0477172,0.0502777,0.0535274,0.0532605,0.0593078,0.0617439,0.0636678,0.0705267,0.0737688,0.080452,0.0793713,0.0834698,0.0993046
696.645,0.0415941,0.0378298,0.0414865,0.0424939,0.0459096,0.0427062,0.0465639,0.0451156,0.051686,0.0529882,0.0551806,0.0603889,0.0637404,0.0682032,0.0718847,0.0766314,0.0817962,0.0852387,0.0972721
697.056,0.0423445,0.0375169,0.040579,0.0440171,0.0430174,0.0449397,0.0468767,0.0497034,0.0522331,0.0517957,0.0560383,0.0578002,0.063971,0.0660164,0.0706614,0.074635,0.0794482,0.0806668,0.096868
697.467,0.0426742,0.0412289,0.0437264,0.0445354,0.0449262,0.0478902,0.046833,0.047497,0.0507225,0.0554224,0.0581039,0.0606174,0.0648334,0.0690185,0.0746995,0.0775609,0.0789208,0.0805902,0.0995038
697.878,0.0394667,0.04205,0.0436037,0.0428532,0.0479803,0.0478321,0.0475693,0.0499223,0.0514318,0.051123,0.056376,0.0592228,0.0641534,0.0697271,0.0742874,0.0800443,0.0805195,0.0798311,0.101201
698.289,0.0390532,0.0400653,0.0420167,0.0405947,0.043519,0.0451318,0.0433341,0.04775,0.0504678,0.0555752,0.0543332,0.0573183,0.0639846,0.066924,0.0740082,0.074511,0.0815993,0.0786198,0.0993753
698.699,0.0399013,0.0412483,0.0408335,0.0395259,0.0444665,0.0451553,0.0493991,0.0480126,0.0497792,0.053262,0.0568544,0.0588229,0.0630537,0.0691514,0.0692356,0.0755574,0.0793238,0.0800171,0.100591
699.11,0.0399311,0.0418187,0.0421783,0.0433136,0.0448739,0.0464759,0.0464343,0.050005,0.0515324,0.0539137,0.0546611,0.0608669,0.0657179,0.0686137,0.0721687,0.0788199,0.079177,0.0789976,0.100682
699.52,0.0405736,0.0432165,0.0433507,0.0423641,0.042117,0.0461124,0.0454033,0.0507125,0.0526349,0.0540084,0.0552889,0.0610438,0.0642596,0.0669406,0.069658,0.0758631,0.0794903,0.0852642,0.10256
699.931,0.0428369,0.0410462,0.0441417,0.0416839,0.0432729,0.0426035,0.0462521,0.047226,0.0506845,0.0530982,0.0557031,0.061097,0.0653662,0.0661067,0.0729798,0.0767901,0.0796997,0.0810911,0.0975457
700.341,0.0455942,0.0407157,0.0427473,0.0446987,0.0437363,0.0450078,0.0463563,0.0498845,0.0503807,0.0544637,0.0589071,0.0599701,0.064104,0.0671162,0.0733986,0.0778753,0.0814029,0.082865,0.100399
700.751,0.0399935,0.0418473,0.0443513,0.0419059,0.0434659,0.0454724,0.0466063,0.0463735,0.0514718,0.0517418,0.0573353,0.0565639,0.0636959,0.0655993,0.0714679,0.0749618,0.0779636,0.0808995,0.0965289
701.161,0.0398572,0.0405873,0.0404115,0.0440145,0.0442678,0.0456244,0.0460061,0.0465688,0.0509575,0.0520296,0.0586789,0.0579283,0.0667678,0.0661421,0.0686371,0.0745054,0.0817774,0.0809595,0.0982497
701.57,0.0420432,0.0418608,0.0411288,0.04286,0.043901,0.0478007,0.0474148,0.0464341,0.0503648,0.0560947,0.0570417,0.0580213,0.0629744,0.0641046,0.0691968,0.0755604,0.0796123,0.0816271,0.0966942
701.98,0.0406952,0.0426772,0.0430044,0.0437563,0.0454419,0.0448373,0.0489323,0.0494067,0.0510492,0.0557485,0.0571653,0.0605273,0.0641707,0.0689298,0.0725481,0.076149,0.0810572,0.0816475,0.0998071
702.39,0.0420945,0.0434289,0.0419298,0.0442134,0.0472557,0.0484101,0.0478274,0.0499551,0.0509611,0.0531771,0.056362,0.0617509,0.0644373,0.0671431,0.0733061,0.0772598,0.0808969,0.0830054,0.10211
702.799,0.0410857,0.0422355,0.0436529,0.0450978,0.046002,0.0438148,0.0463619,0.0478939,0.0521478,0.0566801,0.0589244,0.0615247,0.0636105,0.0661354,0.0727928,0.0779691,0.0822916,0.0834126,0.0999759
703.208,0.0380071,0.0410074,0.0432969,0.0399091,0.0416622,0.0427284,0.0459235,0.0481222,0.0496437,0.0529678,0.0569005,0.05666,0.0615867,0.0678164,0.0691134,0.0746727,0.0788681,0.0818745,0.0982387
703.617,0.0424971,0.0387831,0.0404437,0.0415914,0.0439536,0.0440693,0.0461815,0.0479759,0.0516679,0.0524682,0.0551432,0.0595935,0.0638322,0.068576,0.0705454,0.0740466,0.0820624,0.0784336,0.0989092
704.027,0.0411029,0.0401256,0.0416868,0.0426118,0.0426229,0.0456198,0.0475284,0.050004,0.0509464,0.0547394,0.054882,0.0606536,0.0641454,0.0667045,0.0733635,0.075577,0.077296,0.0808986,0.102525
704.435,0.0391038,0.0388862,0.0415873,0.0417002,0.0455737,0.0431595,0.0472795,0.0483552,0.0516246,0.0492575,0.0556452,0.0601358,0.0634607,0.0659353,0.0710691,0.0726538,0.0769856,0.0817221,0.103827
704.844,0.0421755,0.0392911,0.0416544,0.0416648,0.045452,0.0451342,0.0462532,0.0465378,0.0480233,0.0521903,0.0549016,0.0583297,0.0624872,0.0664339,0.0699626,0.0760325,0.0806632,0.0837017,0.100288
705.253,0.0396585,0.0391149,0.0447798,0.0428821,0.0460575,0.0454199,0.0484248,0.0489161,0.0511709,0.0531058,0.0576465,0.0606221,0.0663287,0.0681317,0.0693991,0.079055,0.0817012,0.0815824,0.101174
705.662,0.0430851,0.0441639,0.0449498,0.0453989,0.0447257,0.0494612,0.0457736,0.0502673,0.0524752,0.0553063,0.057105,0.0614153,0.0651068,0.0703114,0.0747049,0.0789328,0.0846289,0.0846843,0.103511
706.07,0.0400312,0.0388576,0.040724,0.0408193,0.043361,0.0423412,0.0482309,0.0460684,0.049898,0.0516203,0.0543687,0.0586175,0.0614078,0.0670865,0.0697099,0.0738593,0.0796061,0.0803771,0.0984693
706.478,0.0385222,0.0402672,0.0427202,0.0441111,0.0421527,0.0469221,0.0448918,0.0504441,0.0510967,0.0515291,0.0569624,0.0608255,0.0649501,0.0672221,0.0726828,0.0740437,0.0789199,0.0807145,0.103224
706.887,0.0378167,0.038272,0.0389468,0.0425719,0.0431274,0.0458885,0.048274,0.0471778,0.0503114,0.0549372,0.055411,0.0586583,0.0625435,0.064853,0.0684259,0.0747797,0.0786959,0.0791783,0.0964687
707.295,0.0415671,0.0402883,0.0396795,0.0435847,0.0478941,0.0461128,0.0453058,0.0482398,0.0485753,0.0556275,0.0572767,0.0628551,0.0622148,0.0640499,0.0699842,0.0766082,0.0786856,0.0773009,0.102787
707.703,0.0409038,0.0389965,0.0448656,0.0430691,0.0430627,0.0459334,0.0462047,0.0463268,0.0489444,0.0560055,0.0568821,0.0619827,0.0646327,0.0702675,0.0719349,0.0761319,0.0787723,0.0812643,0.0979235
708.11,0.0428711,0.0427795,0.042064,0.0437143,0.0463414,0.0454374,0.0463259,0.0502355,0.0506573,0.0548002,0.0588424,0.0607823,0.0648736,0.0718938,0.0743671,0.078271,0.081507,0.0835086,0.100679
708.518,0.042964,0.0415885,0.0436706,0.0473753,0.0457613,0.0450088,0.048432,0.0487806,0.0514155,0.053354,0.05791,0.0610892,0.0680972,0.0690008,0.074371,0.0795505,0.0791925,0.0847367,0.102341
708.926,0.0401968,0.0416781,0.0420453,0.0430409,0.0408636,0.0431229,0.047998,0.0496854,0.0507907,0.0543223,0.0561722,0.0592887,0.0657311,0.068727,0.0708995,0.0769795,0.0803835,0.0820971,0.0998542
709.333,0.0404414,0.0401089,0.0424452,0.0423681,0.0450738,0.0430824,0.0458003,0.0508354,0.0483641,0.0520644,0.0550482,0.0577008,0.0642543,0.0676348,0.0725846,0.0776217,0.0788186,0.0798432,0.101484
709.741,0.0391002,0.041464,0.041912,0.0430295,0.0434556,0.046154,0.0455445,0.0466451,0.0495311,0.0519921,0.0568151,0.0596439,0.062192,0.0666605,0.0711205,0.0739241,0.0791467,0.0796776,0.0981639
710.148,0.038666,0.0411964,0.0399253,0.0430808,0.0443413,0.044566,0.0458966,0.049797,0.0498077,0.0511189,0.0560427,0.058336,0.0626962,0.0674695,0.0748421,0.0752993,0.0759993,0.0805303,0.0988753
710.555,0.0427206,0.0432922,0.0451858,0.042004,0.0449259,0.0474944,0.04614,0.0495369,0.0525603,0.0554436,0.0604909,0.0613902,0.0641132,0.0675023,0.0709065,0.0772261,0.0808143,0.0820454,0.100695
710.962,0.0410818,0.04312,0.0408369,0.0421299,0.0464586,0.0461003,0.0480567,0.0478764,0.0503315,0.0541735,0.0567126,0.0617266,0.0651746,0.0674285,0.0741811,0.0786319,0.0831811,0.0794796,0.099537
711.369,0.0374993,0.0429428,0.043107,0.0416768,0.0436934,0.0473353,0.0464824,0.047512,0.0534341,0.0522018,0.0556506,0.0598045,0.063098,0.0685224,0.0688084,0.0766048,0.0800823,0.0803716,0.0990126
711.776,0.0398179,0.0414329,0.0404703,0.0440294,0.0441503,0.0482106,0.0486577,0.0480713,0.0537637,0.0521882,0.0568424,0.0632803,0.0633671,0.0686377,0.0724086,0.0770526,0.0808752,0.0836594,0.101741
712.182,0.0394687,0.0379368,0.0394145,0.0421835,0.0420863,0.0452249,0.0460344,0.0477862,0.0493569,0.0504096,0.0571096,0.0609394,0.065238,0.0674642,0.0718348,0.074083,0.0802034,0.0782623,0.101049
712.589,0.0430209,0.0431383,0.0444962,0.0458476,0.0457074,0.0464632,0.046919,0.0492355,0.0528648,0.0537344,0.0592181,0.0611558,0.0664281,0.0714287,0.074076,0.0783423,0.0808789,0.0863598,0.101345
712.995,0.0406632,0.0400427,0.041439,0.0430266,0.0453258,0.0478434,0.0454972,0.048431,0.0510961,0.0523639,0.0576794,0.061504,0.0617673,0.0665232,0.0717378,0.0794455,0.0796165,0.0844746,0.10213
713.401,0.0386906,0.0390764,0.0396828,0.0412062,0.0404216,0.0423431,0.0472802,0.0496033,0.0489847,0.0512151,0.057538,0.058257,0.063042,0.0661652,0.0700772,0.0741212,0.0780885,0.0794509,0.0978253
713.808,0.0410899,0.0400182,0.0449213,0.0418394,0.0447233,0.0443109,0.0477071,0.0495321,0.0538504,0.0538813,0.0579107,0.0584096,0.0674271,0.0680144,0.0739807,0.079457,0.0817086,0.0821117,0.0976685
714.214,0.0387736,0.0428702,0.0428529,0.0445589,0.0449935,0.0441703,0.0478406,0.0481915,0.0519441,0.0565018,0.0553843,0.0609224,0.0638615,0.0699245,0.0723867,0.077606,0.0781926,0.0831654,0.101843
714.619,0.042731,0.0413148,0.0411207,0.0404193,0.046442,0.0429519,0.047166,0.0477237,0.0475668,0.0522334,0.056822,0.0585357,0.0643042,0.0661846,0.0707763,0.0752558,0.0783761,0.0819729,0.0992957
715.025,0.042847,0.0463926,0.0441956,0.0442757,0.0474324,0.0454677,0.0475609,0.0538678,0.0496572,0.0564219,0.0575514,0.0607568,0.066794,0.0723727,0.0724064,0.0786886,0.0815613,0.0851397,0.0997546
715.431,0.041875,0.0398505,0.0413882,0.0424718,0.0464684,0.0429773,0.0458089,0.0494786,0.0528556,0.0548121,0.0567653,0.0591911,0.0649592,0.0699085,0.0704193,0.0765582,0.0806108,0.0803441,0.100809
715.836,0.0406277,0.0404636,0.0436998,0.0414444,0.0458727,0.0415241,0.0481586,0.0472617,0.0527774,0.0508058,0.0575553,0.0605275,0.0621607,0.0683764,0.0710167,0.0756321,0.0788428,0.0790729,0.0982562
716.242,0.0393518,0.042581,0.0442881,0.0425463,0.0459497,0.0466856,0.0479054,0.0491939,0.0531494,0.0555945,0.0587451,0.0617783,0.0639724,0.0678967,0.0757128,0.0800369,0.0808699,0.0820091,0.102084
716.647,0.0459202,0.0438087,0.043805,0.0453292,0.0462299,0.0474045,0.0492521,0.050783,0.0517759,0.0542615,0.0584359,0.0625682,0.0657495,0.0710483,0.0739218,0.08029,0.0815445,0.0854836,0.102467
717.052,0.0400288,0.0421182,0.0410814,0.0443847,0.0449753,0.043883,0.047814,0.0485074,0.0512406,0.0536837,0.0553447,0.0584679,0.0645462,0.0676309,0.0726554,0.0770913,0.0788312,0.0818732,0.0971485
717.457,0.0408008,0.0389608,0.0385638,0.042374,0.0436557,0.0435793,0.042763,0.0469454,0.0488669,0.0504849,0.0575862,0.0551712,0.0635542,0.0669208,0.0728432,0.0762045,0.0787726,0.0806015,0.0996481
717.862,0.0450646,0.0435593,0.0433835,0.0432852,0.0444687,0.0475572,0.0458594,0.0456662,0.0519888,0.0521978,0.0546956,0.0607504,0.0624895,0.0670427,0.0705482,0.0773033,0.0799388,0.0822171,0.104967
718.267,0.0382396,0.0387496,0.0389527,0.0397276,0.0401564,0.044705,0.0455558,0.0481455,0.0477259,0.0509496,0.0544629,0.0590699,0.0612808,0.0656693,0.0720334,0.0744589,0.0749118,0.0785481,0.0993184
718.672,0.0384524,0.0421447,0.0426248,0.0433185,0.0429178,0.0486771,0.0474071,0.0490546,0.0490601,0.0551985,0.0569927,0.0594204,0.0668443,0.0668554,0.073338,0.0748068,0.0788955,0.0828949,0.0990335
719.076,0.0437484,0.0414965,0.0408659,0.043516,0.0426558,0.0458118,0.0448411,0.0470577,0.0521314,0.052278,0.0576399,0.0588328,0.0634221,0.0658574,0.0743675,0.0762393,0.0814076,0.0833449,0.10494
719.481,0.0390932,0.0423076,0.0401253,0.0431335,0.0443951,0.0465063,0.0465865,0.0477703,0.0486695,0.053552,0.0589464,0.0607974,0.0621773,0.0677977,0.0753987,0.0745325,0.0802263,0.0798712,0.0986191
719.885,0.0428572,0.0406265,0.0431428,0.0442929,0.0484822,0.0467489,0.0487499,0.0504723,0.053003,0.0561896,0.0578654,0.0612476,0.0658417,0.0701343,0.0752693,0.0788076,0.0822659,0.084177,0.105099
720.289,0.0407226,0.0422158,0.0433824,0.0431311,0.0452733,0.0483024,0.0498525,0.0494907,0.0500632,0.0531894,0.0581745,0.0614763,0.0621571,0.0674447,0.0706475,0.0798667,0.0810272,0.0851987,0.101761
720.694,0.0402689,0.0417049,0.0424864,0.0454724,0.0439523,0.0449946,0.0451769,0.0470132,0.0521343,0.053852,0.0578608,0.0623871,0.0621895,0.0695833,0.0685241,0.0744998,0.0816396,0.0818458,0.0987239
721.097,0.0411921,0.0450155,0.041328,0.0444084,0.0427654,0.0468769,0.0469026,0.0480422,0.0517586,0.0550331,0.05832,0.0633534,0.0670865,0.0659365,0.0758243,0.0764715,0.0793596,0.0835417,0.101203
721.501,0.0407992,0.0411751,0.0409874,0.0413297,0.0461558,0.0460362,0.044972,0.0494715,0.0493809,0.0524703,0.0572154,0.0589376,0.0650288,0.0688086,0.0715497,0.0764632,0.0805529,0.0824386,0.102767
721.905,0.0376199,0.0392703,0.0436588,0.0430652,0.0448943,0.0460279,0.0448573,0.0477329,0.0515547,0.0541126,0.0535901,0.0591502,0.0640778,0.064194,0.07291,0.0743579,0.0813522,0.0819174,0.10284
722.309,0.0416748,0.0439081,0.044053,0.0467878,0.0457242,0.048017,0.0478509,0.0512098,0.0525709,0.0549238,0.0585122,0.0611763,0.0676378,0.0716513,0.0784979,0.0800246,0.0807178,0.0833439,0.101125
722.712,0.0393595,0.0434139,0.042338,0.0448582,0.0445156,0.0443949,0.0459554,0.0492768,0.0495139,0.0531902,0.0582141,0.0623268,0.0650295,0.068571,0.0772156,0.0764635,0.0797357,0.0829948,0.0979432
723.115,0.0387573,0.0387982,0.0405899,0.0414245,0.0413641,0.0425137,0.0436944,0.0486484,0.050186,0.0521585,0.0548256,0.0590882,0.0630761,0.068486,0.0707388,0.071783,0.0758255,0.0800012,0.0969317
723.519,0.0434129,0.0406794,0.0428596,0.0434318,0.0438345,0.0458884,0.0490839,0.0491907,0.0535118,0.0548566,0.0579027,0.061198,0.0642773,0.0680339,0.0713953,0.0798499,0.0802018,0.0851617,0.104524
723.922,0.0415866,0.0418297,0.0409038,0.0416251,0.0446173,0.0472531,0.0471762,0.0460253,0.0501146,0.0491473,0.0567828,0.0571398,0.0638268,0.0684884,0.072701,0.0746283,0.0780616,0.0785319,0.100021
724.325,0.0442932,0.0421767,0.0442835,0.0431016,0.0481469,0.0485251,0.0488182,0.0485639,0.0524499,0.0559737,0.057874,0.0636898,0.0667502,0.068644,0.0739113,0.0772851,0.0854559,0.0815485,0.102253
724.728,0.0415277,0.0441538,0.0447701,0.046339,0.0470554,0.0466079,0.0497437,0.0521794,0.0551328,0.0568441,0.0579216,0.0620197,0.0658255,0.0681789,0.0749472,0.0759849,0.0796462,0.0828829,0.10188
725.13,0.0437644,0.0400666,0.0440358,0.0435318,0.0436727,0.0466399,0.0479242,0.0509348,0.0542089,0.0531624,0.0586451,0.062094,0.0646209,0.069559,0.0736195,0.0752672,0.0803682,0.0829251,0.103991
725.533,0.0416961,0.043301,0.0423832,0.0424174,0.0440916,0.0449158,0.0469585,0.0506812,0.0519705,0.053644,0.0576784,0.0644424,0.0649027,0.067962,0.0707927,0.0791266,0.0785964,0.0811474,0.102225
725.936,0.0421962,0.042728,0.0428015,0.0426303,0.0451047,0.0461767,0.0487156,0.0461057,0.0505961,0.052909,0.0558808,0.0604562,0.0652795,0.0674178,0.0734507,0.0749888,0.0796174,0.0804186,0.102475
726.338,0.0387745,0.0395664,0.0421647,0.0431945,0.0416992,0.0438412,0.0446177,0.0474184,0.0503912,0.0535585,0.0564007,0.063547,0.0631851,0.0709648,0.0743958,0.0787858,0.0811449,0.0823143,0.101428
726.74,0.0408483,0.0391405,0.0398367,0.0410305,0.0406511,0.0424154,0.0433829,0.0475918,0.049228,0.0522657,0.0522619,0.0577288,0.0601653,0.0661954,0.0708101,0.0757991,0.0792336,0.0818537,0.0949385
727.142,0.0409039,0.0371002,0.0403968,0.043537,0.0422335,0.0448644,0.0483962,0.0503891,0.049702,0.0571296,0.0548998,0.0581327,0.0600726,0.069371,0.0709654,0.0731082,0.0781927,0.0800474,0.100897
727.544,0.0382006,0.0419905,0.040019,0.0437659,0.0438447,0.0463936,0.0462876,0.0494895,0.0506735,0.0548542,0.0567933,0.0611238,0.0662496,0.0694057,0.0759649,0.0761384,0.0787508,0.0822157,0.0993214
727.946,0.0413703,0.0439925,0.0423173,0.0452354,0.0501942,0.0459856,0.0469562,0.0501011,0.0532283,0.0530551,0.0600313,0.0631053,0.0683694,0.069124,0.0768365,0.0790605,0.0812348,0.0853963,0.103944
728.348,0.0430587,0.041677,0.0432495,0.04448,0.046734,0.048565,0.0474982,0.0484074,0.0502729,0.0559079,0.0567214,0.0605802,0.0627899,0.0678143,0.0728506,0.0804058,0.082134,0.0834008,0.104349
728.75,0.0387155,0.0414904,0.0406062,0.0444967,0.0457005,0.0448366,0.048455,0.0510495,0.0517508,0.0525286,0.0557163,0.0596643,0.0633189,0.0669134,0.0738458,0.0786759,0.0811445,0.082294,0.103509
729.151,0.0401983,0.0437125,0.0448434,0.0468587,0.0437319,0.0452192,0.0488311,0.0530619,0.0540377,0.0555655,0.0555997,0.0607699,0.0685148,0.0700475,0.0764371,0.0780104,0.0846864,0.082818,0.10269
729.553,0.0387001,0.0435244,0.044467,0.044871,0.0433516,0.0464209,0.0502845,0.0498075,0.0524091,0.0525712,0.0585389,0.0613453,0.0658181,0.0696659,0.0758811,0.0799611,0.0812238,0.0842464,0.101555
729.954,0.0388063,0.0434983,0.0415599,0.0455871,0.0433565,0.0481942,0.0463025,0.0499693,0.0552355,0.0528162,0.0599136,0.061721,0.0666546,0.0697407,0.0741579,0.0773606,0.0798988,0.0828055,0.0987479
730.355,0.0413873,0.0412261,0.0408623,0.0426949,0.0423585,0.0454817,0.0472069,0.0472168,0.0503919,0.0512337,0.0528075,0.0587064,0.0660385,0.0667961,0.0721382,0.0760965,0.0800656,0.0831187,0.100061
730.756,0.0377523,0.0387051,0.0420251,0.0422456,0.0423457,0.0449106,0.0454544,0.0479382,0.0498182,0.0542762,0.0538185,0.0594321,0.0632517,0.0659192,0.0683605,0.0759134,0.0796491,0.0829697,0.0995914
731.157,0.0428231,0.0427837,0.0447455,0.0432615,0.0420559,0.0444013,0.0449849,0.0489393,0.0531023,0.0542091,0.0542928,0.0609392,0.0633813,0.0705409,0.0738917,0.0753274,0.0797731,0.0833607,0.0994405
731.558,0.0395682,0.0397545,0.0427715,0.0440249,0.0448205,0.0454974,0.0490326,0.0487731,0.0503083,0.0550054,0.058627,0.0583609,0.0664906,0.0668718,0.072591,0.0777051,0.0820625,0.0819942,0.099062
731.959,0.0410082,0.042907,0.0419955,0.044825,0.0436749,0.0476396,0.0478541,0.0507334,0.0528054,0.0543518,0.0576349,0.0603828,0.0633203,0.0720012,0.0736802,0.0782631,0.081852,0.0851179,0.104678
732.359,0.044966,0.0443975,0.043887,0.0416344,0.0467488,0.0517682,0.0486613,0.0521336,0.0531527,0.0535207,0.0577668,0.0611144,0.0658034,0.0708865,0.0742952,0.0793388,0.0827121,0.0854273,0.106001
732.76,0.0406414,0.0402084,0.0420934,0.0431179,0.0457751,0.0423655,0.0499011,0.0479806,0.0539641,0.0527663,0.0566825,0.0610849,0.0605094,0.0671933,0.0722931,0.0771277,0.0801311,0.0802263,0.104214
733.16,0.0396939,0.0398812,0.0431529,0.0426127,0.0419461,0.0459953,0.0483043,0.0484632,0.0516441,0.0566574,0.0582606,0.0581181,0.0635067,0.0697214,0.0725163,0.074893,0.0797856,0.0827128,0.100842
733.56,0.037525,0.0391621,0.0388146,0.0409375,0.0428132,0.0424869,0.0454456,0.0476595,0.047407,0.0528475,0.0557729,0.0598804,0.0665411,0.065909,0.0701869,0.0749846,0.0758859,0.0800508,0.100626
733.96,0.0453697,0.0434965,0.0448266,0.0443091,0.0454208,0.0465535,0.049084,0.0495624,0.053306,0.053775,0.0590012,0.0644284,0.0655006,0.0723225,0.0774638,0.0822168,0.0846219,0.0861167,0.105587
734.36,0.0413852,0.0417605,0.045964,0.0426412,0.0453241,0.04526,0.0498549,0.0475558,0.0523367,0.0515897,0.0595219,0.0617308,0.0641878,0.0677768,0.0757985,0.0790205,0.0821465,0.0829666,0.100575
734.76,0.039724,0.0445744,0.0454737,0.0471406,0.044996,0.0467723,0.0497236,0.0492612,0.0519915,0.0601835,0.0579728,0.0638508,0.0670156,0.0723719,0.0768011,0.0790267,0.0824328,0.0880263,0.103709
735.16,0.0405596,0.0402046,0.0406945,0.0411014,0.0405354,0.0485628,0.0477119,0.0504309,0.0511696,0.0524057,0.0552633,0.0610047,0.0660353,0.0669208,0.0715318,0.0756289,0.079541,0.0845392,0.103222
735.559,0.0407088,0.0363166,0.0410792,0.0430526,0.0428002,0.0470126,0.0468649,0.0489393,0.0488998,0.0576199,0.0555609,0.0598449,0.061946,0.0679127,0.072461,0.0755925,0.0799329,0.0809162,0.102061
735.959,0.0408378,0.0415535,0.0411337,0.044219,0.0419641,0.0464075,0.0437797,0.0484393,0.0521357,0.0503841,0.0585756,0.0613934,0.0639374,0.0721456,0.0703834,0.0766204,0.0807035,0.0813332,0.0958155
736.358,0.0404746,0.0415573,0.04113,0.0425427,0.0418685,0.0466095,0.0465604,0.049722,0.0521112,0.0559453,0.0590827,0.0627815,0.0650438,0.0692313,0.0744856,0.07688,0.0800454,0.0836603,0.1031
736.757,0.0433385,0.0458832,0.0452784,0.046179,0.0461811,0.0483476,0.052574,0.0539484,0.0532148,0.0580462,0.0576466,0.0623673,0.0661627,0.0726711,0.0751813,0.0806034,0.0807724,0.0861388,0.106152
737.157,0.0418476,0.0431332,0.0429354,0.0437838,0.0463925,0.0443773,0.0496623,0.0507001,0.051567,0.05559,0.0560255,0.060228,0.0648943,0.0678234,0.0733653,0.0762607,0.0788012,0.0818068,0.105732
737.555,0.0435848,0.0449096,0.0441338,0.0442926,0.0472977,0.0474436,0.0482024,0.0487119,0.0511523,0.0558831,0.0616814,0.0620999,0.0655635,0.0685108,0.0741672,0.0778678,0.0841745,0.0867377,0.104945
737.954,0.0400783,0.0390684,0.0385402,0.0432871,0.0438196,0.0410477,0.0478882,0.0473,0.0502481,0.0490876,0.0564429,0.0575301,0.0624315,0.0653628,0.0715958,0.075142,0.0788853,0.0778459,0.0961046
738.353,0.0408202,0.0427375,0.0426645,0.0440885,0.0454025,0.0452311,0.0500491,0.0479199,0.0535206,0.0557304,0.0565205,0.0617701,0.0664374,0.0676589,0.0729796,0.0808577,0.083314,0.0835162,0.102885
738.752,0.0410891,0.0417153,0.0405397,0.0449668,0.0451657,0.046113,0.0466575,0.049891,0.0504449,0.0529631,0.0570642,0.0625502,0.0642632,0.0702766,0.0714765,0.0782935,0.0801155,0.0838374,0.102941
739.15,0.0395352,0.039409,0.0400975,0.0421983,0.0443891,0.0455076,0.0490488,0.0477125,0.0494415,0.0525711,0.05641,0.0593452,0.0646618,0.0678151,0.0713509,0.0789173,0.0786533,0.0798852,0.103037
739.549,0.0360604,0.0385625,0.0411848,0.0413211,0.0433052,0.0458795,0.0447465,0.0459595,0.04882,0.0527346,0.05531,0.0569537,0.0626255,0.0686347,0.0708413,0.0764517,0.0790144,0.0827086,0.0996607
739.947,0.0392199,0.0413462,0.0401707,0.0414071,0.0405028,0.0447129,0.0467452,0.0469038,0.0511732,0.0515994,0.0585657,0.0596663,0.0647482,0.0664128,0.0710803,0.0735159,0.0781706,0.0793682,0.0986016
740.345,0.041436,0.0443077,0.043912,0.0423142,0.045495,0.0463513,0.0454336,0.0489604,0.0514695,0.0569778,0.0578677,0.060887,0.0683053,0.0688012,0.0719432,0.0787814,0.0782248,0.0843801,0.104196
740.743,0.0405555,0.0415211,0.0440533,0.0434557,0.0462805,0.0472767,0.0493524,0.0524425,0.0532101,0.054762,0.0552966,0.0636746,0.0663218,0.0658656,0.0765049,0.0818123,0.082428,0.0855306,0.103835
741.141,0.0403393,0.0428734,0.042549,0.0448366,0.0474287,0.0460714,0.0450777,0.0530095,0.0513835,0.0542969,0.0579088,0.0624612,0.0670557,0.0674587,0.0734026,0.0740345,0.0798223,0.0836181,0.105372
741.539,0.0410938,0.0433145,0.0407649,0.0440737,0.0446699,0.0468998,0.0474042,0.0490931,0.0507289,0.0517959,0.0607447,0.0625954,0.0635552,0.0706383,0.0717676,0.0759692,0.0806651,0.0819369,0.0996944
741.936,0.0396499,0.0388033,0.0399186,0.0403379,0.0448521,0.0450421,0.0459034,0.0505694,0.0494157,0.0566849,0.0535691,0.0616873,0.0603293,0.0671353,0.0705019,0.071956,0.0750014,0.0790167,0.100844
742.334,0.0405136,0.042501,0.0391205,0.0406971,0.0412442,0.0425953,0.045428,0.0477567,0.048915,0.0514168,0.054313,0.0621573,0.0622923,0.06788,0.0726394,0.0786039,0.0796989,0.0825323,0.0984193
742.731,0.0424515,0.0419293,0.0409626,0.0405447,0.0432527,0.0468268,0.0458154,0.047641,0.0507145,0.051972,0.0554555,0.0610194,0.0647377,0.0700882,0.0712255,0.0790376,0.0813402,0.081592,0.100129
743.128,0.0428401,0.0373162,0.0400815,0.0401324,0.0400298,0.0428021,0.0436373,0.046031,0.0483715,0.0515657,0.0556148,0.0557393,0.0621445,0.0655463,0.0687044,0.0773615,0.0789193,0.0805802,0.100614
743.526,0.0405861,0.0420507,0.03983,0.0413995,0.0447352,0.0434769,0.0428948,0.0488331,0.0496759,0.0509354,0.0563325,0.0613902,0.0638219,0.0680019,0.0716871,0.0797341,0.0783938,0.082558,0.102207
743.923,0.0418345,0.0411007,0.0410661,0.0424016,0.0420977,0.0426088,0.0431485,0.0466929,0.0480917,0.0526617,0.0561318,0.0562253,0.0641038,0.0652557,0.0727159,0.0743019,0.0769612,0.0808326,0.0996516
744.32,0.041004,0.0393244,0.0407795,0.0429186,0.0413915,0.0444832,0.0430885,0.0453926,0.0550239,0.0512017,0.0560141,0.0568206,0.0645296,0.0688281,0.072869,0.0741893,0.0798337,0.0777168,0.100403
744.716,0.0376556,0.0409669,0.0437478,0.0441222,0.0460416,0.0447795,0.0492518,0.0526508,0.0561173,0.0551681,0.058441,0.0617681,0.0673917,0.0688587,0.0753201,0.0804911,0.0832386,0.0826153,0.104946
745.113,0.0435985,0.0418825,0.0470074,0.0434358,0.044717,0.04898,0.0472152,0.0532552,0.0561299,0.0537989,0.0614913,0.0629075,0.0666197,0.0705159,0.0748444,0.0803469,0.083185,0.0875684,0.106454
745.51,0.0424781,0.0424855,0.0432152,0.0436449,0.0444302,0.047237,0.0456466,0.0512564,0.0520835,0.0525835,0.0557625,0.0584622,0.0645721,0.0675462,0.0693846,0.0761479,0.0810826,0.0835412,0.105761
745.906,0.0423788,0.0423371,0.0428618,0.0442955,0.0448012,0.0450163,0.049104,0.0511543,0.0527692,0.0535503,0.0598291,0.0626534,0.0646879,0.0704916,0.0740017,0.0801621,0.0823076,0.0847172,0.102162
746.302,0.0425463,0.0385067,0.0400506,0.0408688,0.0458672,0.04273,0.0467504,0.0488471,0.0519271,0.052095,0.058729,0.0595599,0.0646621,0.0696448,0.0710003,0.0767202,0.084168,0.0817178,0.102315
746.698,0.0396465,0.0389126,0.0393669,0.042756,0.0451801,0.0473574,0.0476936,0.04806,0.0549042,0.0528629,0.0568778,0.0625622,0.0657869,0.0700773,0.071039,0.0782452,0.081594,0.0833636,0.104102
747.095,0.0431193,0.0445732,0.0451596,0.0424445,0.0432582,0.0471073,0.0480086,0.0513074,0.0532034,0.0557941,0.0612806,0.065145,0.067561,0.070298,0.076084,0.079235,0.0840276,0.0812574,0.105285
747.49,0.0397998,0.0379135,0.0429557,0.0434176,0.0408846,0.0450619,0.0463373,0.0516107,0.0480976,0.0509219,0.0548998,0.059761,0.0648886,0.0667698,0.0716656,0.0761829,0.082239,0.0789623,0.100089
747.886,0.0406208,0.0404447,0.0440097,0.043369,0.0456667,0.045767,0.0474631,0.0474994,0.0511372,0.0536662,0.055375,0.0618207,0.0653968,0.0691646,0.0740927,0.0755718,0.0787592,0.0838993,0.0974838
748.282,0.0470499,0.046376,0.0474381,0.0476923,0.0453516,0.0499219,0.0501937,0.053417,0.0539949,0.0584998,0.0593037,0.0637156,0.0666833,0.0723348,0.0770955,0.0826731,0.0869698,0.0873831,0.105733
748.678,0.0395448,0.0385398,0.038993,0.0403162,0.0444213,0.0438654,0.0459462,0.0514423,0.0485359,0.054769,0.0565857,0.0578667,0.0649595,0.0688448,0.0717016,0.0762421,0.07635,0.0804527,0.101079
749.073,0.0414553,0.0428317,0.0464356,0.0433086,0.0453928,0.0468202,0.0478701,0.0503501,0.0557829,0.0562737,0.0576259,0.0639618,0.0651652,0.0682314,0.0757217,0.0762413,0.0815933,0.0848876,0.103754
749.468,0.0414196,0.0414824,0.0420824,0.0445221,0.0440195,0.046544,0.0463376,0.0485305,0.0538197,0.0510566,0.0551123,0.0607033,0.0634542,0.0658413,0.0718715,0.0756442,0.0804972,0.081761,0.101932
749.863,0.041964,0.0416327,0.0426755,0.0430212,0.0450098,0.0437802,0.0464599,0.0509129,0.0546185,0.0514561,0.0590916,0.0626557,0.0630662,0.0693361,0.0732833,0.0786286,0.0797171,0.0814526,0.101091
750.259,0.0418669,0.0440325,0.0412072,0.0425954,0.0467573,0.0461177,0.0502107,0.0504665,0.0518445,0.0574633,0.0594961,0.0605379,0.0693072,0.0702244,0.0729566,0.0803372,0.0832761,0.0866266,0.103404
750.654,0.0357288,0.0404109,0.0418127,0.0410376,0.0478835,0.0463848,0.0428481,0.0484258,0.0489422,0.0537894,0.0542484,0.0597615,0.0634288,0.06563,0.0723374,0.0765421,0.0804422,0.0810804,0.100812
751.048,0.0434738,0.0427991,0.0428244,0.0407569,0.0454716,0.0457339,0.047334,0.0480221,0.0531101,0.0542394,0.0596872,0.0611381,0.0682653,0.0724189,0.0785319,0.0810467,0.0816669,0.0816875,0.105322
751.443,0.044306,0.0435667,0.046566,0.0434784,0.0450261,0.0473731,0.0498525,0.0518194,0.0543409,0.0564773,0.0590125,0.0622196,0.069314,0.075312,0.0765769,0.0808792,0.0833221,0.083971,0.101669
751.838,0.0365227,0.0400521,0.0394213,0.0427086,0.0419813,0.0430074,0.0465146,0.0471769,0.0467072,0.0517753,0.0559534,0.0586494,0.0612141,0.0657378,0.0690094,0.0758806,0.0770085,0.0787711,0.0974005
752.232,0.0383129,0.0425822,0.0414209,0.0440524,0.0424919,0.0454097,0.0451665,0.0481034,0.0526827,0.0500916,0.0583264,0.0616734,0.0662271,0.0677941,0.0746332,0.0759563,0.0812584,0.0851835,0.0982687
752.626,0.0393251,0.0441376,0.0414199,0.0463101,0.0453084,0.0483814,0.0475525,0.0497401,0.0534521,0.0569581,0.0608406,0.0658696,0.0675233,0.0694342,0.0759037,0.0805202,0.0844066,0.0823599,0.101542
753.021,0.0399594,0.0387681,0.0426025,0.0419937,0.0435555,0.0449108,0.0467302,0.0472808,0.0507527,0.0554314,0.0531748,0.0593361,0.0670867,0.0702328,0.0737684,0.0774141,0.0805808,0.0832791,0.103916
753.415,0.042616,0.0423182,0.0415184,0.0430919,0.0440875,0.0434089,0.048419,0.0486514,0.053725,0.0566774,0.0537946,0.0610974,0.0656786,0.0697463,0.0739478,0.0799518,0.0794789,0.0838818,0.104072
753.809,0.0421117,0.0451172,0.0450904,0.0462079,0.0484736,0.0411327,0.0498712,0.0518108,0.0552732,0.0554492,0.0588851,0.0628513,0.0688929,0.0692374,0.0763134,0.0802306,0.0818132,0.0870005,0.104582
754.203,0.0408591,0.0449593,0.0466173,0.0467529,0.0471204,0.0467348,0.0480912,0.0482477,0.0527251,0.0594113,0.0577294,0.0609284,0.0669625,0.0722362,0.0738295,0.0820195,0.0866229,0.0829216,0.104322
754.596,0.0399886,0.041253,0.0447159,0.0417321,0.0430745,0.0457704,0.0472386,0.0497796,0.0515827,0.0527078,0.0565206,0.058941,0.0654673,0.0684203,0.073274,0.0802121,0.0813463,0.0830584,0.100309
754.99,0.0430513,0.0396328,0.0429681,0.0445422,0.0424765,0.0470927,0.0482749,0.0475734,0.0541938,0.0527098,0.058754,0.0621421,0.067314,0.0704281,0.074132,0.0814113,0.081353,0.0837259,0.105215
755.383,0.0401279,0.0419818,0.0405997,0.0444207,0.0468456,0.0456005,0.0452476,0.0521389,0.0527658,0.0555189,0.0554584,0.0596782,0.0624364,0.0698554,0.0713428,0.0773099,0.0838198,0.0866783,0.103902
755.777,0.0388997,0.0427177,0.0428967,0.042292,0.045631,0.0492783,0.0473924,0.0509792,0.052285,0.0524791,0.0594307,0.0635431,0.0638547,0.0732814,0.0770448,0.0757075,0.083242,0.0818148,0.103184
756.17,0.0411974,0.0423826,0.041252,0.0437222,0.0450597,0.0437251,0.045946,0.0446319,0.0512798,0.0549483,0.0560909,0.059485,0.0638569,0.0701103,0.0734381,0.0761006,0.0768799,0.0836698,0.104279
756.563,0.0400931,0.0392731,0.0429818,0.040468,0.0419168,0.0422348,0.0466081,0.0529513,0.0505773,0.0526345,0.0532508,0.0622404,0.0636758,0.0664239,0.0743784,0.0753204,0.0811575,0.0856257,0.103645
756.956,0.0426834,0.0395768,0.0412428,0.0436935,0.0418716,0.0442551,0.0444675,0.0491004,0.0530385,0.0547028,0.055017,0.058811,0.0637521,0.0683094,0.0740386,0.0792919,0.0838886,0.0849969,0.105219
757.349,0.0374116,0.0407968,0.0405301,0.0444018,0.0464649,0.0436261,0.0467406,0.0488618,0.0522602,0.0537489,0.0572463,0.0592664,0.0633794,0.0669651,0.0734511,0.0787649,0.0772204,0.0814141,0.101013
757.742,0.0397658,0.0413894,0.0437615,0.0475451,0.0446395,0.0479028,0.0470606,0.0498909,0.0493134,0.0527634,0.0577053,0.0610624,0.0631584,0.0691684,0.0724286,0.0777418,0.082657,0.0820933,0.105979
758.135,0.0436991,0.041471,0.0427905,0.0434973,0.0407807,0.0443957,0.0438148,0.0494113,0.0552302,0.0549541,0.0608486,0.0632221,0.0689156,0.0687525,0.0769617,0.0785129,0.0807441,0.0799689,0.103585
758.527,0.0447587,0.0443437,0.04183,0.0429106,0.0416762,0.046263,0.0482262,0.0519721,0.0490572,0.0535306,0.0598344,0.0576212,0.0661341,0.0714967,0.0744237,0.0797394,0.0822811,0.0792375,0.102706
758.919,0.040742,0.0432824,0.0409144,0.043043,0.0413542,0.0436544,0.0445218,0.0466336,0.0512388,0.0520206,0.0571484,0.058948,0.0642217,0.0691257,0.0754017,0.0795674,0.0801075,0.0804639,0.105589
759.312,0.0396112,0.0442053,0.0434662,0.0474628,0.046998,0.0458289,0.047149,0.0514278,0.0560258,0.0561415,0.0616771,0.0606394,0.0662442,0.0723706,0.0745195,0.0797372,0.0823173,0.0847671,0.102779
759.704,0.0425089,0.0448348,0.0450956,0.0451134,0.0487598,0.0477262,0.0517245,0.0512388,0.0521587,0.0558334,0.0604117,0.0652794,0.0684472,0.071079,0.0793173,0.0792601,0.085403,0.0881825,0.106158
760.096,0.0388183,0.0424203,0.0418497,0.0422593,0.0457123,0.0489054,0.0494126,0.0484034,0.0521507,0.0528408,0.0604745,0.0610424,0.0621166,0.0671746,0.0731967,0.0806641,0.0793267,0.083191,0.103285
760.488,0.0439275,0.0396626,0.0445215,0.0442161,0.0447854,0.0480539,0.0463643,0.0484302,0.0547532,0.0547799,0.0521128,0.0621617,0.0633534,0.0678087,0.0726819,0.0793756,0.0818753,0.0835767,0.10709
760.88,0.0366309,0.0355984,0.0391909,0.0384756,0.0399181,0.0392893,0.0422347,0.0463127,0.0480699,0.0505473,0.0518639,0.0582413,0.0610682,0.0648811,0.0709933,0.0720723,0.0781274,0.0790434,0.0971122
761.271,0.0444657,0.0421943,0.0439968,0.0430744,0.043649,0.0459238,0.0467826,0.0527898,0.0536021,0.0566637,0.0585148,0.0611184,0.068823,0.0712988,0.0763615,0.0794208,0.0837824,0.0815623,0.108359
761.663,0.0411609,0.0411708,0.042526,0.0428453,0.0437585,0.0479602,0.0508768,0.0492592,0.0510092,0.0533938,0.0571921,0.0609451,0.0690481,0.0693888,0.0764611,0.080165,0.0818458,0.0864823,0.102545
762.054,0.0381694,0.0385145,0.0410388,0.0412956,0.0423482,0.0471792,0.0460114,0.0475293,0.0525625,0.0531861,0.0602594,0.0618176,0.0670205,0.0670325,0.0733544,0.0809793,0.0834038,0.0843783,0.100846
762.445,0.0360783,0.0458596,0.043504,0.0413127,0.0430081,0.0429735,0.0460467,0.0479713,0.05297,0.0529328,0.0574102,0.0602318,0.0696105,0.0704558,0.0721195,0.081294,0.0841383,0.0812803,0.0992173
762.837,0.0405663,0.0473185,0.0476323,0.0419528,0.0437724,0.0481371,0.0495576,0.0528936,0.0519259,0.0578656,0.0614725,0.0636754,0.0661659,0.0724752,0.0761541,0.0813733,0.083495,0.0851286,0.109613
763.228,0.0425847,0.0434735,0.0489205,0.0473504,0.0504209,0.0485752,0.0525205,0.0537102,0.0483673,0.0628713,0.0634572,0.0650113,0.0724259,0.0737871,0.0793718,0.0826363,0.0851005,0.0800928,0.107613
763.619,0.0409939,0.0392957,0.0415325,0.0455192,0.046849,0.0470404,0.0479064,0.0483316,0.0527812,0.0523938,0.0536654,0.0596431,0.064381,0.0679671,0.07329,0.080104,0.0823668,0.0823769,0.10223
764.009,0.0417254,0.0429709,0.0386054,0.0413287,0.0466836,0.0451031,0.0461841,0.0486236,0.0522515,0.0507862,0.0611527,0.0635441,0.0637293,0.0702129,0.0720328,0.0779621,0.0827317,0.0854364,0.104129
764.4,0.0423927,0.046549,0.0443256,0.0437012,0.0448526,0.0493059,0.0510268,0.0551192,0.0531615,0.0555407,0.0578949,0.0651343,0.0697509,0.0692552,0.0743403,0.0802873,0.0838384,0.0859556,0.108251
764.791,0.0437768,0.0428147,0.0428222,0.0418144,0.0474581,0.0456846,0.0480149,0.0465168,0.0549507,0.0569073,0.0615385,0.0572858,0.068098,0.0739368,0.0767814,0.0800291,0.0834211,0.0835807,0.106266
765.181,0.0421998,0.041471,0.0419962,0.0439856,0.0462049,0.0451545,0.0498499,0.0497212,0.0515474,0.0518918,0.0612064,0.0577219,0.0666548,0.0691309,0.0712355,0.0750098,0.0817638,0.080603,0.107243
765.571,0.0399323,0.0474456,0.0446062,0.0461609,0.0484365,0.0493909,0.0499531,0.0508816,0.0505412,0.0560892,0.0559832,0.0626429,0.0673458,0.0748424,0.078564,0.0802442,0.0825843,0.0860349,0.108997
765.962,0.0382304,0.0375834,0.0391035,0.0416338,0.04757,0.0422622,0.0455585,0.0484654,0.0511064,0.0529967,0.0573124,0.0619629,0.0658433,0.0664619,0.0682264,0.079431,0.0818058,0.0839378,0.105685
766.352,0.0443251,0.0425384,0.0425207,0.0436477,0.0449739,0.0439142,0.0493787,0.0520918,0.0548706,0.0581742,0.0587878,0.062619,0.0679348,0.0721481,0.0760916,0.0816581,0.0867966,0.0872335,0.105905
766.742,0.0392812,0.0418247,0.0438587,0.0420067,0.0447294,0.0458112,0.045171,0.0500932,0.0511686,0.0517632,0.0546658,0.0610782,0.0667211,0.0712747,0.0749559,0.0726745,0.0835081,0.0836591,0.103525
767.131,0.0416384,0.0429903,0.0414047,0.0414945,0.0475586,0.0416938,0.0481244,0.0463517,0.0511335,0.0506389,0.0631724,0.0602725,0.0646874,0.0709006,0.0750295,0.0759493,0.0814085,0.0789076,0.103407
767.521,0.0418688,0.0429131,0.0416555,0.0460512,0.048283,0.0500839,0.0480474,0.0520503,0.0540863,0.0580202,0.05678,0.0681407,0.0673598,0.0700964,0.074293,0.0824296,0.0888932,0.0877828,0.108222
767.911,0.0442274,0.0406855,0.0421623,0.0427836,0.0404427,0.0469053,0.0471074,0.0487652,0.0523563,0.0543136,0.061224,0.0640742,0.0661071,0.0705533,0.0717778,0.0773988,0.08867,0.0844179,0.106778
768.3,0.042804,0.0397155,0.0431516,0.045746,0.0480559,0.0423666,0.046002,0.05055,0.0529834,0.0536145,0.0564334,0.0656659,0.0640863,0.0684913,0.0735161,0.0777328,0.0827614,0.0867427,0.103404
768.689,0.0380306,0.0396658,0.0427913,0.044587,0.041575,0.0488668,0.0431566,0.0474951,0.0526269,0.0544553,0.0556036,0.0629998,0.0636474,0.0652682,0.0750822,0.0766203,0.0812647,0.0858863,0.104102
769.079,0.0360885,0.0391929,0.0413493,0.0467613,0.0448856,0.0469826,0.0436508,0.049083,0.0496965,0.0506738,0.0558187,0.0599302,0.0595595,0.0657055,0.0747942,0.0775117,0.0814726,0.0872402,0.101312
769.468,0.0419732,0.0489483,0.0453814,0.0467776,0.0508055,0.0510039,0.0563672,0.0552763,0.0616631,0.0584924,0.0657264,0.0716027,0.0699329,0.0744841,0.082351,0.0849314,0.0845806,0.0877982,0.111851
769.857,0.041567,0.0425456,0.0449575,0.0455614,0.0447404,0.0445434,0.0493995,0.0549039,0.0521249,0.0570642,0.0588574,0.0625871,0.0692276,0.0762362,0.0747578,0.079445,0.0814699,0.0859995,0.102378
770.246,0.0401833,0.0386186,0.0380272,0.043584,0.0423166,0.0466659,0.0468905,0.0465566,0.0513637,0.0526552,0.0551033,0.0617174,0.0648838,0.0672157,0.0716144,0.0747427,0.0834899,0.0859317,0.100552
770.634,0.0421839,0.0389918,0.0401156,0.0420651,0.0403623,0.0437742,0.0480702,0.0484395,0.0476299,0.0521347,0.0561723,0.0615314,0.0655045,0.0691688,0.071342,0.0777455,0.0815398,0.0809593,0.100233
771.023,0.04194,0.0436587,0.0432946,0.0423689,0.0449634,0.0486006,0.0536063,0.049618,0.0509638,0.0561195,0.0613492,0.060251,0.0716106,0.0720543,0.0782036,0.0822748,0.0779946,0.0851,0.10873
771.411,0.041547,0.0434939,0.0434623,0.0466197,0.0503385,0.0485369,0.0482106,0.0509371,0.0536258,0.0550779,0.0606836,0.0626387,0.0656803,0.0701599,0.072721,0.0790742,0.0854642,0.0859319,0.108487
771.8,0.0391316,0.0394209,0.0454111,0.0417764,0.0418237,0.0470703,0.0427198,0.0517094,0.0512515,0.0547962,0.0617395,0.0559446,0.0618691,0.067406,0.0739913,0.0767424,0.0839447,0.0796472,0.099559
772.188,0.0371005,0.0422233,0.0405693,0.042952,0.0439344,0.045222,0.048933,0.0499554,0.0518134,0.0551415,0.0565721,0.0621699,0.0633278,0.0669614,0.075032,0.0770382,0.0833371,0.0844637,0.104399
772.576,0.0431124,0.0336819,0.0427406,0.0440588,0.0422409,0.0414621,0.0438917,0.0480689,0.0503098,0.0516299,0.0602741,0.0584507,0.0618984,0.0676971,0.0724581,0.0757961,0.0805236,0.0846098,0.104207
772.964,0.0405505,0.038938,0.0415917,0.0448674,0.0414908,0.0458368,0.0468489,0.0494531,0.0513257,0.0538628,0.0540527,0.0608264,0.0649763,0.0681386,0.0756647,0.0735741,0.0807456,0.0806417,0.100916
773.352,0.0415521,0.0439331,0.0430262,0.0467589,0.0451686,0.0510711,0.0463461,0.0507289,0.0549914,0.0554044,0.0581307,0.0626001,0.0713005,0.0678474,0.0753516,0.0829512,0.0807128,0.0833656,0.105914
773.74,0.0385599,0.0418287,0.0403522,0.0494009,0.0457717,0.0498241,0.0470304,0.0474812,0.0492773,0.0524844,0.0587844,0.0597356,0.0656922,0.0639634,0.0794267,0.0754667,0.0826025,0.0890722,0.107485
774.127,0.0422088,0.0408542,0.0442733,0.0466113,0.0452476,0.0473229,0.0487071,0.0470019,0.0538269,0.051172,0.0597816,0.0596764,0.0606822,0.0691639,0.0686366,0.0829231,0.0776735,0.0805715,0.107356
774.515,0.0425223,0.0460578,0.0402235,0.0467406,0.0470158,0.0449001,0.0508474,0.0498952,0.0503013,0.055164,0.0597578,0.0665145,0.0666864,0.0736511,0.0770543,0.0826078,0.084594,0.0919177,0.111538
774.902,0.0433604,0.0413027,0.0448133,0.043899,0.0421475,0.0474463,0.0459177,0.0491493,0.0527153,0.05545,0.0583299,0.0613341,0.0649925,0.0706798,0.0721325,0.0793769,0.0819671,0.0861558,0.106374
775.289,0.0406232,0.0419903,0.0433585,0.0459007,0.0453892,0.0450794,0.0486674,0.0461844,0.0551315,0.0530662,0.0568136,0.061294,0.062498,0.0688718,0.074049,0.0771224,0.0828163,0.0858792,0.107113
775.676,0.0431891,0.0444118,0.0435161,0.0430558,0.0450374,0.0456443,0.0483972,0.0488824,0.0514461,0.0513645,0.059458,0.0631409,0.0674196,0.0684596,0.0744634,0.0830384,0.0829048,0.08338,0.106972
776.063,0.0418928,0.0447048,0.0447095,0.0460626,0.0440264,0.0479407,0.0488737,0.0520749,0.0529692,0.0566536,0.0577154,0.0645178,0.0710081,0.069809,0.0736916,0.077437,0.0862156,0.0811089,0.104879
776.45,0.0383944,0.0387264,0.042802,0.0419756,0.0421223,0.0476487,0.0451739,0.0487349,0.0496318,0.0538999,0.0589828,0.0637039,0.0673882,0.0727588,0.0719519,0.0786551,0.082145,0.0858945,0.102155
776.837,0.0442346,0.0422597,0.0428372,0.0430884,0.04138,0.0477017,0.0489846,0.0538679,0.0542247,0.05609,0.0575519,0.0619452,0.069782,0.0722129,0.0772189,0.0787645,0.0862719,0.0837287,0.108569
777.224,0.0424459,0.0415047,0.0424936,0.0422944,0.0453279,0.0452024,0.0479771,0.0505667,0.0513619,0.0551,0.0533305,0.0575344,0.065652,0.0695973,0.0706957,0.0789939,0.0814721,0.0852882,0.106652
777.61,0.0399924,0.0396284,0.0392238,0.0405259,0.0384484,0.0460583,0.0418711,0.0463255,0.0484652,0.0530392,0.0554969,0.0598656,0.0612498,0.0658408,0.0741115,0.0791879,0.0776251,0.078763,0.103665
777.997,0.0417805,0.0402032,0.0424072,0.0401485,0.0436022,0.0464043,0.0509301,0.0477233,0.045592,0.0538723,0.0584773,0.0617685,0.0651826,0.0683779,0.0716945,0.078917,0.0766617,0.084473,0.0988006
778.383,0.0391611,0.0403359,0.0429379,0.0444514,0.0410231,0.046137,0.0506099,0.0475036,0.0487017,0.0515231,0.0593125,0.0579033,0.0668442,0.0680431,0.0712317,0.0796034,0.080211,0.0864433,0.104109
778.769,0.0437015,0.0418357,0.0441463,0.0417584,0.0457508,0.046562,0.0478083,0.0531228,0.05268,0.0542714,0.0591611,0.0689125,0.0696547,0.0712907,0.0776597,0.0793517,0.0858278,0.0891595,0.106549
779.155,0.0417872,0.0376622,0.0417578,0.0405526,0.0454675,0.0448728,0.0435117,0.0484816,0.0503201,0.0521148,0.0562516,0.0632375,0.0679642,0.0699776,0.0760712,0.0757463,0.0811705,0.0789177,0.0998529
779.541,0.0452317,0.0409256,0.0456196,0.0419276,0.0464275,0.0482768,0.0477715,0.0467701,0.052432,0.0525032,0.0560387,0.0588271,0.0673267,0.0714844,0.0749325,0.0795752,0.080059,0.0851889,0.107724
779.927,0.0432946,0.0472223,0.0484306,0.0451187,0.0513695,0.0478527,0.0507814,0.0506658,0.0567672,0.0556589,0.0606688,0.0641108,0.0706439,0.0722427,0.0729882,0.0833055,0.0874008,0.0927166,0.109407
780.312,0.0447155,0.0435112,0.0430877,0.0464276,0.046629,0.0450056,0.0477332,0.0473803,0.04807,0.0608107,0.0623497,0.0644366,0.0666681,0.0759302,0.0788785,0.0769473,0.0840668,0.0864959,0.105579
780.698,0.0411139,0.0418503,0.0431678,0.0420733,0.0430584,0.0476879,0.0489197,0.0466218,0.0529964,0.0564096,0.0616994,0.0626859,0.0622561,0.0678552,0.0760858,0.0816288,0.0839218,0.0856581,0.101834
781.083,0.0419987,0.0469884,0.0423214,0.047426,0.0465652,0.0470776,0.0504692,0.0542462,0.0546868,0.0559379,0.0587228,0.0580106,0.0665073,0.0734666,0.0771023,0.0854036,0.086308,0.085274,0.113373
781.469,0.0397096,0.0429939,0.044863,0.0462221,0.0405652,0.0428786,0.046726,0.0503248,0.0505774,0.052329,0.0613444,0.0608648,0.0661773,0.0746316,0.073347,0.0790564,0.084128,0.0859223,0.107582
781.854,0.0400805,0.0421931,0.0401723,0.0445643,0.0468008,0.042046,0.0450176,0.0486532,0.0533015,0.0576602,0.0553047,0.0618779,0.063117,0.073316,0.0730436,0.0776566,0.0818373,0.0819866,0.100685
782.239,0.0424487,0.0427127,0.0414094,0.0367187,0.0451113,0.0413845,0.0451286,0.046127,0.0508804,0.0560182,0.057007,0.0604975,0.0641668,0.0692188,0.0735314,0.0733438,0.0833207,0.0809639,0.102603
782.624,0.0373557,0.0386257,0.0395716,0.040268,0.0436975,0.0445738,0.0470463,0.0457915,0.0476863,0.0481987,0.056024,0.0590634,0.0643587,0.0665663,0.0712812,0.0767735,0.0839872,0.0836381,0.100935
783.008,0.0440071,0.0427445,0.0465751,0.0445596,0.046014,0.0466055,0.0475351,0.0504462,0.0528808,0.0571369,0.0577482,0.0645181,0.0704341,0.0712765,0.0795703,0.0839065,0.0816759,0.0909818,0.107544
783.393,0.0380491,0.0411687,0.042598,0.042843,0.0437979,0.043486,0.0456149,0.0492577,0.0506148,0.0532069,0.0577173,0.0593263,0.0675925,0.0695207,0.0734161,0.0804727,0.0802378,0.082233,0.102211
783.778,0.0392669,0.0408156,0.0421943,0.0412708,0.0437108,0.0402695,0.0454039,0.0452887,0.0482913,0.0528196,0.0568386,0.0577763,0.0636161,0.0654202,0.0732162,0.075117,0.0816457,0.0791688,0.102026
784.162,0.0422836,0.0455979,0.0452217,0.045061,0.0495301,0.0449737,0.048923,0.0515878,0.0542405,0.0548759,0.0579586,0.063469,0.0702886,0.0705772,0.0749108,0.0784958,0.081366,0.0830793,0.106131
784.546,0.0395388,0.0421642,0.043054,0.0444995,0.041886,0.0397509,0.0455802,0.0474934,0.0493352,0.0486702,0.0525151,0.0581911,0.0606516,0.0654872,0.0706283,0.0761354,0.0799751,0.083263,0.106176
784.931,0.0455456,0.0418147,0.0446553,0.0478399,0.0454743,0.0460872,0.0466046,0.0531221,0.0519516,0.0567428,0.0618259,0.0627114,0.0691143,0.0742044,0.0751116,0.0813461,0.0896041,0.0868636,0.106068
785.315,0.0404495,0.0411577,0.0417093,0.0415728,0.0456589,0.0466969,0.0486364,0.0495002,0.0519945,0.0551357,0.0584523,0.0646311,0.0626737,0.0671659,0.0708378,0.0772925,0.0846863,0.0864216,0.107211
785.699,0.0441918,0.0377773,0.0416826,0.0470138,0.0455142,0.0464642,0.0517737,0.0474557,0.0497631,0.055066,0.057403,0.0636672,0.0635223,0.0691981,0.0732891,0.0774503,0.0816247,0.0862732,0.106641
786.082,0.0421099,0.0425101,0.0446521,0.0457598,0.044907,0.0448394,0.0509054,0.0502288,0.0504595,0.0545315,0.0561869,0.0614306,0.0657878,0.0698236,0.0769362,0.080555,0.0853031,0.0886053,0.101145
786.466,0.0440249,0.0479013,0.0431378,0.0449903,0.0451229,0.0470501,0.0475229,0.0494026,0.0481609,0.052873,0.0599469,0.0636705,0.0669668,0.073467,0.0757472,0.0837314,0.086023,0.082797,0.105717
786.85,0.0440685,0.0423359,0.0416566,0.0440321,0.0445087,0.0476402,0.0472122,0.0559763,0.0499926,0.0557243,0.0571165,0.0642127,0.0687424,0.0713108,0.0760082,0.0809649,0.0813353,0.0836738,0.108434
787.233,0.045028,0.0430365,0.047081,0.0494103,0.0506644,0.0506103,0.0535068,0.0557356,0.0539754,0.0590305,0.0625778,0.0635736,0.0653428,0.0732157,0.0799426,0.0802227,0.0875066,0.0919471,0.111469
787.616,0.0380939,0.0423455,0.0418513,0.0407907,0.0436377,0.0437903,0.0488322,0.0480952,0.0530158,0.0558492,0.0542948,0.0629546,0.0591006,0.0688545,0.0778753,0.0779769,0.0813325,0.0850044,0.102539
788,0.0420673,0.043138,0.0408815,0.0437934,0.0443375,0.0460927,0.0482369,0.048798,0.0522053,0.0506314,0.0593788,0.0652514,0.0721723,0.0680205,0.0765703,0.0836281,0.0852972,0.0836086,0.101699
788.383,0.0366404,0.0409008,0.0417815,0.0430846,0.0431978,0.0438939,0.0438566,0.0496631,0.0498634,0.0497993,0.0567331,0.0600609,0.06262,0.0661556,0.0720717,0.0724559,0.0799353,0.0852023,0.0987607
788.766,0.0423174,0.0449282,0.0425496,0.0450266,0.0470973,0.0513988,0.0474613,0.0526735,0.0535434,0.0545764,0.0603858,0.062749,0.0673503,0.0730117,0.0727969,0.0783912,0.0813964,0.0858313,0.106801
789.148,0.0425159,0.039999,0.0400671,0.0443533,0.0455572,0.0489532,0.0471864,0.0490827,0.0480446,0.0547024,0.0577012,0.0602257,0.0668706,0.0681799,0.073927,0.0803728,0.0801739,0.0860177,0.104413
789.531,0.0423244,0.0421273,0.0396337,0.0410472,0.0429833,0.0446775,0.0489402,0.0473638,0.054949,0.0525319,0.0563846,0.059757,0.0655426,0.0677883,0.0755613,0.0734886,0.0818267,0.0825708,0.105437
789.914,0.0433713,0.0414735,0.0424796,0.0443167,0.0482653,0.0467385,0.0452542,0.0484938,0.0537694,0.0558684,0.0583008,0.0661398,0.0664116,0.0747463,0.0703277,0.0814638,0.0858864,0.0907943,0.107313
790.296,0.0410171,0.0414144,0.0411503,0.0422475,0.0418234,0.0458304,0.042568,0.0467967,0.0499369,0.0553643,0.0577094,0.058431,0.0616667,0.0687726,0.0717981,0.0755677,0.0822714,0.0833355,0.100928
790.678,0.0407383,0.0420114,0.042171,0.0429701,0.0432435,0.0475578,0.0474462,0.0485018,0.0469743,0.0538155,0.059658,0.0616707,0.0658005,0.0704805,0.0720495,0.0759857,0.0809188,0.0868813,0.0999237
791.061,0.0428396,0.0445807,0.0475468,0.0454016,0.0457278,0.0518653,0.0486637,0.0522124,0.0524842,0.0605988,0.0595744,0.0645745,0.0674243,0.0741388,0.0766025,0.0840856,0.087052,0.0862636,0.104812
791.443,0.0370128,0.0341008,0.0367399,0.0378535,0.040254,0.0464808,0.0412733,0.0474179,0.045431,0.0525651,0.053041,0.0569728,0.0612636,0.0660219,0.0773785,0.0790941,0.0767075,0.0803859,0.103925
791.825,0.0402285,0.0415323,0.0459264,0.0487507,0.0466721,0.0433435,0.0464168,0.0491007,0.0538815,0.0585837,0.0579754,0.0591006,0.0699357,0.0742981,0.070932,0.0794542,0.0837643,0.0869777,0.101664
792.207,0.0442797,0.0457567,0.0452852,0.0462033,0.0470446,0.0475238,0.0458121,0.0500832,0.0579992,0.0607586,0.0605258,0.0686571,0.0715746,0.0722145,0.0776022,0.0828452,0.0893526,0.0892572,0.105386
792.588,0.042156,0.0474535,0.044334,0.0480714,0.0482554,0.0469173,0.0528323,0.0527789,0.0523161,0.058467,0.0594975,0.0647968,0.0632485,0.0771992,0.0790591,0.0840122,0.0866721,0.0904919,0.106863
792.97,0.0428274,0.0434076,0.0423146,0.0391707,0.0411811,0.0481592,0.047788,0.0507315,0.0494015,0.0536997,0.0616443,0.0663894,0.0668956,0.074081,0.070934,0.0807699,0.0842154,0.0882567,0.105848
793.351,0.0437466,0.0402348,0.0431562,0.0424151,0.048266,0.0509876,0.046281,0.0496893,0.0551606,0.0557065,0.058091,0.0621625,0.067718,0.0752841,0.0726708,0.0827791,0.0816972,0.0844712,0.102175
793.733,0.036271,0.0401894,0.0378899,0.0416102,0.0426208,0.0421929,0.0446588,0.0449607,0.0482609,0.0522484,0.0555231,0.0569364,0.0572699,0.0684516,0.0711498,0.0732154,0.0794556,0.0845665,0.0953489
794.114,0.0388762,0.0406517,0.0412012,0.0430855,0.0403153,0.0456739,0.0469756,0.047314,0.0471617,0.052643,0.057621,0.0606246,0.0622131,0.0623689,0.0709088,0.0764916,0.0829739,0.0873238,0.0981686
794.495,0.0412078,0.0427866,0.0436348,0.0424404,0.0460849,0.0475522,0.0467774,0.0477891,0.0496747,0.052842,0.0565204,0.0590942,0.0654113,0.0671587,0.0735945,0.0821414,0.0795582,0.088039,0.106302
794.876,0.040211,0.0390808,0.0433025,0.044397,0.0448698,0.051755,0.0451149,0.0470272,0.0509069,0.0558193,0.0612605,0.0642592,0.0636416,0.0750289,0.0763456,0.0792311,0.0809052,0.0829886,0.10602
795.257,0.0440991,0.0444077,0.042602,0.0440378,0.0481404,0.0456547,0.0486315,0.0512639,0.0580316,0.058043,0.0570632,0.0621552,0.0642924,0.0733183,0.0704456,0.0805191,0.0853988,0.0887586,0.104091
795.638,0.0384494,0.0434588,0.0416462,0.0435488,0.0426894,0.0445397,0.046445,0.0479949,0.0531862,0.0553752,0.0543642,0.0569192,0.0599449,0.0715489,0.073779,0.0781902,0.0792486,0.0857526,0.0974015
796.018,0.0379326,0.0411858,0.045703,0.0391098,0.040874,0.0433898,0.0432091,0.0499421,0.0529655,0.0532429,0.0590914,0.0586684,0.0641041,0.0682669,0.0751413,0.0772301,0.0821981,0.0826952,0.104178
796.399,0.038063,0.0458954,0.0397324,0.0410093,0.0439317,0.0434137,0.0461217,0.0492037,0.0527841,0.0554885,0.0593247,0.061572,0.0602787,0.0785234,0.0715711,0.0732798,0.0809515,0.0834066,0.100635
796.779,0.039118,0.0419401,0.0373775,0.0460034,0.0433161,0.0431918,0.0463852,0.052381,0.0496348,0.0481066,0.0557013,0.0595088,0.0618615,0.0702688,0.0755126,0.077406,0.081297,0.0835175,0.103898
797.159,0.0401999,0.04045,0.0429677,0.0485884,0.0450332,0.0496606,0.0530824,0.0517516,0.0501061,0.0553152,0.0545615,0.065058,0.0653009,0.07179,0.0727202,0.0807113,0.0850476,0.0835387,0.108058
797.539,0.0365849,0.0418119,0.0397006,0.0438501,0.0420288,0.0464408,0.0452058,0.0453593,0.0486783,0.0535223,0.052947,0.0553185,0.0623793,0.067137,0.0715985,0.0749438,0.0832848,0.0843047,0.10057
797.919,0.038454,0.0442395,0.0426631,0.0434594,0.0413867,0.0439992,0.0506499,0.0527074,0.0476254,0.053407,0.0578396,0.0660575,0.0634784,0.0757383,0.0719625,0.0811825,0.0809886,0.0856915,0.102784
798.299,0.0449713,0.0463567,0.0403371,0.0447638,0.0482154,0.0466309,0.0465543,0.0496585,0.0490427,0.0567634,0.0624313,0.0642152,0.0673594,0.0634726,0.0780053,0.0773824,0.0845184,0.0800745,0.10651
798.679,0.0456356,0.045028,0.037854,0.0476692,0.0444268,0.0492652,0.0487735,0.0526639,0.0502752,0.0553173,0.0576677,0.062892,0.0668411,0.0756002,0.0734399,0.0855958,0.0855422,0.0861301,0.104846
799.059,0.0432771,0.0361909,0.0428184,0.0456872,0.0419445,0.0432853,0.0469714,0.048694,0.0482276,0.0488419,0.0557905,0.064752,0.0652532,0.0677108,0.0746899,0.0782995,0.0811102,0.0854134,0.102819
799.438,0.0412668,0.0429769,0.0410064,0.0444516,0.041513,0.0453545,0.0478953,0.0490505,0.0493659,0.0560255,0.056108,0.061909,0.063434,0.0702067,0.0696883,0.0815784,0.0809767,0.0804033,0.105825
799.817,0.0365553,0.0389669,0.0370787,0.0403908,0.0405647,0.0386083,0.042337,0.0455949,0.0500053,0.054713,0.0530058,0.0550221,0.0590881,0.0672928,0.0715191,0.0771568,0.0802944,0.0800612,0.102494
800.197,0.0378299,0.0400368,0.0408504,0.0413999,0.0418875,0.0443908,0.0428797,0.0466161,0.0470055,0.0510292,0.0518028,0.0578311,0.0611488,0.0694639,0.0712125,0.0759066,0.0830629,0.0774634,0.100993
800.576,0.0398877,0.0422855,0.0384027,0.0442337,0.0432701,0.0427884,0.0480532,0.0464181,0.0463451,0.0508251,0.0550312,0.0579187,0.0627373,0.0649523,0.0737005,0.0770539,0.0830026,0.0794807,0.107997
800.955,0.0458952,0.046421,0.0439857,0.0466224,0.0510606,0.0487374,0.0535112,0.053164,0.0606151,0.0592378,0.0614237,0.0657346,0.0706447,0.0736314,0.079912,0.0836184,0.0885441,0.0906815,0.107251
801.334,0.0387241,0.0410848,0.0409405,0.041476,0.0423421,0.045724,0.046682,0.0453712,0.0493276,0.0516851,0.0586507,0.0583704,0.0590464,0.0683384,0.069908,0.0729819,0.0769128,0.0841398,0.104901
801.712,0.039196,0.0447483,0.0461715,0.0420124,0.0482316,0.0476232,0.0415887,0.0536846,0.0490366,0.0526938,0.0645544,0.0644264,0.0645222,0.0712729,0.0755627,0.0811801,0.0806863,0.0864093,0.105605
802.091,0.0418083,0.0363804,0.0421944,0.0384316,0.0438939,0.0453802,0.0437538,0.0489797,0.0540796,0.0523076,0.0568619,0.0592421,0.067013,0.0633933,0.0761426,0.0779253,0.0837108,0.0805725,0.0985366
802.47,0.0352141,0.0342688,0.0390111,0.0383938,0.0437441,0.0495485,0.0467076,0.0477358,0.0473081,0.0524378,0.0536813,0.061141,0.0634947,0.0674189,0.0752,0.0782976,0.0780087,0.0802041,0.105282
802.848,0.0364916,0.0424173,0.0420489,0.0458705,0.0413363,0.0463323,0.0471944,0.0489846,0.0495668,0.0557824,0.0575524,0.0584895,0.067256,0.0677389,0.0745779,0.0812177,0.0852677,0.0809463,0.104552
803.226,0.0418853,0.047254,0.0420724,0.0442532,0.0442417,0.0478954,0.04836,0.049178,0.0525944,0.059007,0.0557534,0.0596111,0.0636893,0.0732438,0.0781862,0.0824521,0.0835493,0.0834471,0.112789
803.604,0.0385325,0.0411953,0.0393565,0.039523,0.0439022,0.0462784,0.0485825,0.0516965,0.051565,0.0566766,0.0539709,0.0604315,0.0644766,0.0648408,0.0744897,0.0810298,0.0857138,0.0876752,0.108045
803.982,0.0377399,0.039081,0.0420806,0.0447293,0.0402213,0.0423625,0.0453676,0.0520016,0.0509809,0.0541114,0.0506714,0.0593262,0.0665409,0.0671803,0.0705441,0.0770988,0.0811123,0.0902348,0.10289
804.36,0.0461658,0.0433106,0.0413068,0.0445212,0.0470322,0.047142,0.047772,0.0544829,0.0521401,0.0574635,0.056812,0.0596694,0.0647268,0.0658199,0.075595,0.084993,0.084799,0.0849366,0.106354
804.738,0.0364774,0.0387569,0.0406047,0.0389835,0.0374621,0.0402952,0.049352,0.046772,0.0465664,0.0520888,0.0534932,0.0603694,0.0643003,0.0698712,0.0737066,0.0760878,0.0802402,0.0790963,0.101105
805.116,0.0429144,0.0446671,0.0491294,0.0399948,0.0488199,0.0514655,0.0548424,0.051189,0.0574632,0.0598404,0.0633873,0.0623739,0.0673941,0.0766189,0.0761292,0.079233,0.0863137,0.0897208,0.0997642
805.493,0.0437364,0.0420285,0.044513,0.0411847,0.0454222,0.0460146,0.0504035,0.0532104,0.0532423,0.0596584,0.0559565,0.0604887,0.0717684,0.0716877,0.0746671,0.0849485,0.0845128,0.0901542,0.102446
805.871,0.0419713,0.0416168,0.0440794,0.0474031,0.040101,0.0449001,0.0465819,0.0486707,0.055283,0.0529857,0.0593591,0.0602494,0.0679302,0.0676481,0.0759631,0.0790278,0.08212,0.084423,0.104557
806.248,0.0402412,0.0420189,0.0409415,0.0425841,0.0415507,0.0472179,0.0532183,0.0521985,0.0508969,0.0535991,0.0566098,0.0628032,0.0706542,0.0767915,0.0726853,0.0814108,0.0820634,0.0846756,0.106255
806.625,0.044482,0.0442623,0.0482953,0.0530471,0.0485398,0.0565808,0.0480478,0.0577788,0.0554738,0.0594055,0.0595264,0.0662238,0.0662216,0.0767488,0.0803271,0.0820391,0.0855883,0.0890841,0.109947
807.002,0.0449878,0.0463617,0.0449737,0.0457479,0.0432892,0.0446241,0.0452446,0.0511264,0.0513387,0.0542078,0.0556767,0.0590597,0.0670429,0.0717674,0.0781693,0.0799114,0.0860979,0.0885799,0.107145
807.379,0.0401807,0.0422848,0.0453283,0.0446095,0.0458453,0.045429,0.0526073,0.0538211,0.0566982,0.0562542,0.0597353,0.0623169,0.0656968,0.0683286,0.0795701,0.0781645,0.0815806,0.087061,0.109665
807.756,0.0459551,0.0423237,0.0450336,0.0462531,0.0416641,0.0498039,0.0487721,0.0538266,0.0509251,0.0592295,0.0586904,0.0585964,0.0670225,0.0717655,0.0742055,0.0813786,0.0855423,0.0885966,0.106514
808.132,0.0441426,0.0427041,0.0429181,0.0434339,0.0438437,0.0489687,0.0451484,0.055299,0.0476586,0.0552308,0.0558342,0.0621864,0.0656714,0.069416,0.0767143,0.0740596,0.0865295,0.0844714,0.107766
808.509,0.0411356,0.0457032,0.0413431,0.0436938,0.0445163,0.0449322,0.0520376,0.0488692,0.0509065,0.0567205,0.0566581,0.0626387,0.0665352,0.0691755,0.0762586,0.079222,0.0835387,0.0836189,0.107873
808.885,0.0411619,0.0390223,0.0421907,0.0451757,0.0467433,0.0434898,0.0440074,0.0499488,0.0460075,0.0515042,0.0560324,0.0579119,0.0647196,0.0703157,0.0752702,0.0809584,0.0842357,0.0805764,0.107116
809.262,0.038537,0.041161,0.0421244,0.039715,0.0418429,0.0466525,0.0487906,0.0452042,0.0506271,0.0511061,0.0560391,0.0542109,0.0561938,0.0709845,0.0673914,0.0782378,0.0810133,0.0796996,0.103173
809.638,0.0457874,0.0434582,0.0402207,0.0434414,0.0471572,0.0460963,0.0508567,0.0502897,0.0517439,0.0581796,0.0586743,0.0630535,0.0714232,0.0709615,0.0787082,0.0808082,0.0854799,0.0891747,0.111521
810.014,0.0454408,0.0433739,0.0455045,0.0500371,0.0497298,0.0521056,0.0520186,0.0498322,0.0561115,0.0620443,0.0642419,0.0608603,0.0649913,0.0706147,0.0765717,0.0873596,0.0848424,0.0903248,0.107143
810.39,0.0410308,0.0403056,0.0398343,0.0421131,0.0470404,0.0412399,0.0488948,0.0511334,0.0508396,0.0582487,0.0565057,0.0606911,0.068563,0.0696511,0.0753091,0.0769978,0.0846245,0.0838404,0.10258
810.765,0.041896,0.0430513,0.0435006,0.0495047,0.045797,0.0485255,0.0495642,0.0547329,0.0516424,0.0560657,0.06016,0.0644726,0.0704278,0.0749346,0.0781525,0.0850794,0.0813538,0.0866328,0.109127
811.141,0.0384643,0.0391807,0.0439081,0.0417426,0.0449325,0.0444909,0.0441325,0.0525985,0.0522397,0.0599197,0.0596938,0.0636946,0.0731234,0.074483,0.0771369,0.0847697,0.0826943,0.0885433,0.106932
811.517,0.040631,0.0437937,0.0390736,0.0410361,0.0455014,0.0465026,0.0446059,0.0528731,0.0530386,0.0503989,0.0605878,0.061717,0.0632563,0.0712179,0.0775398,0.0823888,0.0870199,0.0813746,0.107988
811.892,0.0376637,0.0400201,0.0376617,0.0433038,0.0431945,0.0415149,0.0454146,0.0491004,0.0526693,0.0526425,0.0574597,0.0592524,0.0665708,0.0675356,0.0735702,0.077737,0.083555,0.0829224,0.101878
812.267,0.0392205,0.0425247,0.0385591,0.0401197,0.0441195,0.0405792,0.0503255,0.0495892,0.0520252,0.0569824,0.0571766,0.0624331,0.0657171,0.0667408,0.0716735,0.0757587,0.0762691,0.0853772,0.101186
812.643,0.0391212,0.0338185,0.0376659,0.0388924,0.0404955,0.0423176,0.0422778,0.0412347,0.0460333,0.0504643,0.0521489,0.0549441,0.0626724,0.0674906,0.0725931,0.0780568,0.0847701,0.0822759,0.0986194
813.018,0.0418573,0.0396332,0.0469048,0.0481327,0.0466327,0.0451412,0.0467975,0.0453541,0.0528284,0.0619646,0.0584242,0.0578481,0.0676068,0.0688944,0.0799099,0.080163,0.0808145,0.0849545,0.104563
813.393,0.036755,0.0362542,0.0417503,0.0408853,0.0447367,0.0449223,0.0436453,0.0467693,0.0452081,0.0539865,0.0568264,0.060628,0.0657559,0.0690723,0.0738621,0.0748294,0.0799014,0.0894572,0.103565
813.767,0.0414129,0.0410373,0.0421319,0.041689,0.0495553,0.0436651,0.0473566,0.0470068,0.049717,0.054624,0.0583047,0.0587987,0.0614607,0.072394,0.0729934,0.0772259,0.0864908,0.0787603,0.103037
814.142,0.0417071,0.0439944,0.0432018,0.0459421,0.0429214,0.0494845,0.0474004,0.0492907,0.0585869,0.0517354,0.056777,0.0642271,0.0685188,0.0708501,0.0726871,0.078477,0.0837443,0.0860628,0.10667
814.517,0.0441977,0.0375116,0.0411942,0.0429697,0.0390251,0.0475619,0.0449315,0.0472381,0.0586622,0.0540174,0.060402,0.0546026,0.0646012,0.0741829,0.0749203,0.0803814,0.0836548,0.0894528,0.106681
814.891,0.0429787,0.0395208,0.0478647,0.0413219,0.0483914,0.0484251,0.0531189,0.050091,0.060446,0.0585962,0.0557125,0.0653625,0.0678547,0.0718018,0.075516,0.0806716,0.0868809,0.0875679,0.110766
815.265,0.0402765,0.0438893,0.0435807,0.047431,0.0498645,0.0554378,0.0508404,0.0537996,0.0527046,0.0599183,0.0574498,0.0612155,0.0731106,0.0784042,0.0793133,0.0791902,0.0878944,0.0901669,0.104147
815.639,0.0377848,0.0445833,0.044022,0.0465652,0.0455986,0.0508579,0.0462248,0.0501334,0.0539893,0.0572388,0.0541822,0.0622452,0.0635911,0.0685286,0.0778608,0.0795327,0.084774,0.0887368,0.109108
816.014,0.0455989,0.0480087,0.0435101,0.0486732,0.0460411,0.0488893,0.0526736,0.0499255,0.0498604,0.0563362,0.0565501,0.0641091,0.067337,0.0721819,0.075657,0.0864334,0.0863419,0.0891421,0.102223
816.387,0.0389891,0.0474216,0.0457547,0.0418902,0.0479017,0.0446754,0.0479322,0.0483606,0.0558593,0.0613406,0.0600746,0.0614377,0.0696889,0.0686896,0.0733564,0.0840698,0.0901396,0.0894594,0.10737
816.761,0.0477502,0.0504118,0.0493391,0.0476425,0.04925,0.0508438,0.0544756,0.0554937,0.0655166,0.0584172,0.0654982,0.0642201,0.0675056,0.0791647,0.0791471,0.0884855,0.0907947,0.0945887,0.113676
817.135,0.0501505,0.0467531,0.0512674,0.0461725,0.0495586,0.0522252,0.0495537,0.0592865,0.0578665,0.0607475,0.0636164,0.0714841,0.0704667,0.0719003,0.0834967,0.0829334,0.0901263,0.0916737,0.11246
817.509,0.0381846,0.0430591,0.0469187,0.0438848,0.0462853,0.050484,0.0487833,0.048984,0.0559623,0.0592923,0.0619302,0.06679,0.0631562,0.0724537,0.0725824,0.0798143,0.0843788,0.0883587,0.105239
817.882,0.039945,0.0412627,0.039385,0.0436341,0.0443238,0.0409056,0.0507203,0.0476025,0.0500321,0.0552148,0.0559371,0.0561951,0.0647003,0.0729421,0.0736867,0.0755118,0.078306,0.0849345,0.103232
818.255,0.036446,0.0402187,0.043227,0.0445678,0.0474615,0.0448628,0.0459403,0.0448142,0.0501168,0.0564782,0.0528013,0.06211,0.067554,0.0681735,0.0739487,0.0790488,0.0801805,0.0794113,0.10324
818.628,0.0367503,0.0369961,0.0393599,0.0412849,0.0429709,0.0437985,0.045577,0.047386,0.0472423,0.0555368,0.0613828,0.0623966,0.0621306,0.0691215,0.0740692,0.0759409,0.0795259,0.08117,0.104435
819.002,0.0468423,0.0433104,0.0460542,0.046163,0.0447239,0.0433025,0.0502795,0.0487303,0.0527692,0.0570388,0.0647354,0.0668723,0.0707497,0.0690275,0.0762925,0.0826494,0.0894622,0.0825079,0.0990813
819.374,0.0379389,0.0414766,0.0373892,0.0428861,0.0465139,0.0456051,0.0460604,0.0487442,0.0509092,0.0513068,0.0566197,0.0597043,0.0691972,0.07008,0.0754477,0.0799476,0.0799564,0.0829287,0.10853
819.747,0.0436022,0.0441012,0.0443882,0.0475191,0.0458937,0.0502624,0.0487247,0.0527687,0.0568952,0.0546138,0.0619939,0.0653299,0.0672181,0.0736582,0.0793463,0.0852613,0.0861584,0.0888854,0.103379
820.12,0.0444588,0.043179,0.0443474,0.0467824,0.04406,0.048199,0.0528635,0.0508958,0.0554288,0.052687,0.0603203,0.0638287,0.0634776,0.0712203,0.0739226,0.0845401,0.0882192,0.090153,0.104613
820.493,0.0407622,0.0372321,0.0388389,0.0402964,0.0438549,0.0417085,0.0462547,0.0470406,0.0483658,0.0509645,0.0531053,0.0523859,0.0593782,0.0704356,0.0722152,0.0805119,0.0849631,0.0843578,0.106762
820.865,0.0464544,0.0428321,0.0436018,0.0501189,0.0456848,0.0451012,0.0486302,0.053999,0.0505881,0.0545238,0.0602621,0.0657351,0.0672775,0.0712534,0.0762529,0.0824661,0.0869077,0.0882048,0.111119
821.237,0.0388574,0.0421894,0.0397784,0.0426057,0.041848,0.0457025,0.0517522,0.0516405,0.0502065,0.0549287,0.057811,0.0592046,0.0630174,0.0679371,0.0715725,0.0747987,0.0788811,0.0851726,0.101855
821.61,0.0452524,0.0507422,0.0469578,0.0495149,0.0508755,0.052072,0.0531775,0.0560513,0.0561417,0.0567651,0.0595039,0.0698583,0.069383,0.0810004,0.0781533,0.0871019,0.088522,0.090341,0.112094
821.982,0.0399117,0.0387976,0.0430001,0.0405384,0.0466097,0.0459859,0.0426238,0.0446403,0.0493622,0.0550586,0.0560794,0.0588834,0.0662664,0.065789,0.0776434,0.0745877,0.0855256,0.0854226,0.103909
822.354,0.0409251,0.0387651,0.0439825,0.045193,0.0416334,0.0406311,0.0433712,0.0539675,0.0488469,0.0571242,0.0568343,0.0579238,0.0669233,0.0636114,0.0747424,0.0806617,0.0848323,0.0850379,0.100838
822.725,0.0388585,0.0410425,0.0448257,0.0423933,0.0396816,0.0457673,0.0491523,0.0457977,0.0499159,0.0579776,0.059829,0.057753,0.0655883,0.0706454,0.0733915,0.0791064,0.0842485,0.0815613,0.105954
823.097,0.0396447,0.0415276,0.0420528,0.0395776,0.0434585,0.0462652,0.0477577,0.0482126,0.0519694,0.0602883,0.0611933,0.0650151,0.0680214,0.0667114,0.07841,0.0788102,0.0835199,0.0849849,0.113542
823.469,0.036155,0.0433725,0.0447836,0.0426927,0.0447301,0.052884,0.0471373,0.0509194,0.0475614,0.0573204,0.0604443,0.0599429,0.0648013,0.070631,0.0726477,0.081327,0.0831875,0.086634,0.102007
823.84,0.0422926,0.0396609,0.0444803,0.0414323,0.0415165,0.0419369,0.0435193,0.0458015,0.0520016,0.0519678,0.0523864,0.0622353,0.0607225,0.0678905,0.0695231,0.083516,0.0797684,0.0825873,0.106358
824.211,0.0372598,0.0404082,0.0397574,0.0458432,0.046998,0.0487317,0.0490766,0.0466392,0.0505659,0.0582291,0.0602161,0.0572994,0.0672081,0.0660269,0.0695064,0.0767171,0.0822836,0.0873485,0.105439
824.583,0.0423217,0.0436667,0.0440632,0.0526184,0.0422207,0.05311,0.051903,0.0569301,0.0486575,0.0576206,0.0635527,0.0642382,0.0730464,0.0744137,0.0746941,0.0856256,0.0864266,0.0869688,0.109454
824.954,0.0393568,0.0475225,0.040414,0.0392795,0.044881,0.0424843,0.0473616,0.0495585,0.0526542,0.0626731,0.0569194,0.0609725,0.0631426,0.06862,0.0771539,0.0780721,0.0902723,0.0833527,0.100107
825.325,0.0446314,0.0491219,0.0454373,0.0481124,0.0468711,0.0463284,0.0534281,0.0502203,0.0503157,0.0608525,0.0619973,0.0671516,0.0715781,0.0766045,0.0788146,0.0832228,0.0867518,0.087815,0.112624
825.696,0.043166,0.0381112,0.0419668,0.0396103,0.0405418,0.0465344,0.0469229,0.0479323,0.0499684,0.0551198,0.0528932,0.0580255,0.0647255,0.0725438,0.0739485,0.0794244,0.0779608,0.0833311,0.105316
826.066,0.0327168,0.0358067,0.0396226,0.0384201,0.0381071,0.0414862,0.0406288,0.0430255,0.04599,0.0498753,0.0512693,0.0546194,0.0624796,0.0622409,0.0717095,0.0774824,0.0750154,0.0828124,0.0998953
826.437,0.0428837,0.0424144,0.0422846,0.040551,0.04211,0.0497017,0.0517529,0.0474734,0.0481101,0.0534799,0.0582567,0.0585083,0.0660977,0.0705833,0.071774,0.0818414,0.0805451,0.0876889,0.110276
826.807,0.0391844,0.0370509,0.0330144,0.0362463,0.041998,0.0413212,0.0415813,0.0423378,0.0449666,0.0492233,0.0546608,0.0560512,0.0591221,0.0641277,0.0684292,0.0755204,0.0766128,0.0787491,0.101241
827.178,0.0388248,0.0421952,0.0393213,0.0418568,0.0410075,0.041502,0.0451074,0.0469314,0.0544706,0.0573613,0.0555395,0.0604872,0.0613196,0.0696319,0.0700855,0.0817834,0.0865071,0.0838283,0.10664
827.548,0.040069,0.0427015,0.0385377,0.0422873,0.0386998,0.0484694,0.0452322,0.0486571,0.0558737,0.0532715,0.0582985,0.059342,0.0630684,0.0665009,0.0731653,0.0772759,0.0775793,0.0865736,0.104648
827.918,0.0410141,0.0490582,0.0441273,0.0448647,0.0439752,0.0459517,0.0480916,0.0526151,0.0539548,0.0557716,0.0620449,0.0629054,0.0686057,0.0705574,0.0731842,0.080874,0.0828518,0.0862467,0.104644
828.288,0.0398504,0.0421235,0.0438837,0.0470926,0.0439962,0.0475796,0.0493748,0.0509204,0.0500786,0.0610621,0.0638893,0.0619818,0.0668733,0.0736973,0.0781848,0.0823296,0.0819125,0.0861301,0.112864
828.658,0.0427025,0.0462071,0.0441337,0.04391,0.0450483,0.046343,0.0537845,0.0530059,0.0496271,0.0632987,0.061674,0.0651592,0.0640483,0.0700474,0.0778431,0.0781842,0.0838041,0.0890759,0.111515
829.028,0.039492,0.0413455,0.0430325,0.0406338,0.0454061,0.0488022,0.0482713,0.0534695,0.0467306,0.0567583,0.0586163,0.0620435,0.0650968,0.06344,0.074586,0.0769815,0.0814374,0.084499,0.103596
829.397,0.0377013,0.0429336,0.0415552,0.0474045,0.0439875,0.0475429,0.0462069,0.0523463,0.0500448,0.0616908,0.0634812,0.0630896,0.064633,0.0727369,0.0789392,0.0820796,0.0872137,0.0891406,0.11217
829.767,0.0403098,0.0408541,0.0445922,0.0418331,0.0449191,0.0474948,0.0510948,0.0457064,0.0543669,0.0557817,0.0603122,0.0640246,0.0673637,0.0692908,0.0753325,0.081158,0.0844451,0.0919406,0.103304
830.136,0.0412834,0.0397966,0.0426573,0.0455359,0.0423741,0.0445996,0.0488255,0.0513568,0.054349,0.0561509,0.0563289,0.061602,0.0617865,0.0622798,0.074235,0.0787315,0.0879253,0.086784,0.106514
830.505,0.0414752,0.0365284,0.0436119,0.0462626,0.0466121,0.0436119,0.050008,0.048587,0.0553671,0.0498338,0.0564661,0.0601746,0.0621407,0.0640832,0.0744493,0.0745491,0.0807929,0.083263,0.103915
830.874,0.0354133,0.0435963,0.0406025,0.0383193,0.0399865,0.0458519,0.0467249,0.0483669,0.0489041,0.0560108,0.0597979,0.054959,0.0650249,0.0686427,0.0729534,0.0744059,0.0848396,0.080838,0.101038
831.243,0.039773,0.045662,0.0431383,0.0453991,0.044105,0.0504177,0.0511368,0.0503662,0.0538275,0.0566224,0.0575492,0.060019,0.0684757,0.0726137,0.0755237,0.0763844,0.0862482,0.0844729,0.112346
831.612,0.0381271,0.0392873,0.0319028,0.0365058,0.0426313,0.0478688,0.0423189,0.0459699,0.0490359,0.0533909,0.0539699,0.0559451,0.0606208,0.0625325,0.0720873,0.076144,0.0804739,0.081712,0.100339
831.981,0.047381,0.0495087,0.0483895,0.0532548,0.0470634,0.0489373,0.0504726,0.0454653,0.060344,0.0676855,0.0617191,0.0689825,0.0720069,0.0742296,0.0782954,0.0870355,0.0907585,0.0935964,0.111936
832.349,0.0450976,0.0453707,0.0455192,0.0411724,0.0428851,0.0431856,0.0511165,0.0509725,0.0557593,0.0546937,0.0544437,0.0664211,0.0691522,0.0728729,0.0700244,0.081634,0.0821091,0.0829016,0.100969
832.718,0.04148,0.0451956,0.0482942,0.0459229,0.0471628,0.0512134,0.0476824,0.0523191,0.0525002,0.0593856,0.0592028,0.0650309,0.0635745,0.0754022,0.0780738,0.0798888,0.0849371,0.0847593,0.105938
833.086,0.0380786,0.0422138,0.0432631,0.0517151,0.0433182,0.0454728,0.0512434,0.0502849,0.0532854,0.0530505,0.0575016,0.0646236,0.0630601,0.0726637,0.0720797,0.0813208,0.0822802,0.0904713,0.106942
833.454,0.0379332,0.0466283,0.0432221,0.0498059,0.0493575,0.048822,0.0520726,0.0583061,0.053719,0.0547526,0.0605471,0.0664595,0.070652,0.0732601,0.0776896,0.0803906,0.0876695,0.0895007,0.108557
833.823,0.0413768,0.0462285,0.040551,0.0480522,0.0440622,0.0458516,0.0438691,0.049083,0.045466,0.049015,0.0550159,0.0564329,0.0627478,0.0666361,0.0755837,0.0832885,0.0842979,0.0864851,0.0985583
834.191,0.0393078,0.0481373,0.0455003,0.0454157,0.0403856,0.04436,0.0454578,0.0506432,0.0445544,0.0594779,0.0513836,0.0587657,0.060863,0.0610777,0.0783256,0.0780101,0.0790991,0.0860732,0.107712
834.558,0.0412331,0.0424801,0.0443579,0.0431485,0.0437755,0.0467959,0.0456272,0.0499829,0.0474148,0.0511495,0.056829,0.0613873,0.0635285,0.0668322,0.0710635,0.079002,0.0821418,0.0872717,0.105557
834.926,0.0439938,0.0423851,0.0441737,0.046349,0.0456255,0.0474802,0.0480238,0.0526687,0.0524785,0.0536555,0.0601982,0.0676177,0.0665305,0.0739946,0.0797639,0.0843815,0.0885443,0.0909869,0.109268
835.294,0.0455206,0.045151,0.0488735,0.0540672,0.0510845,0.0474576,0.0542283,0.0593119,0.0552029,0.0541439,0.0615247,0.0660106,0.0652143,0.0744341,0.0773141,0.0842423,0.0910894,0.0917458,0.107715
835.661,0.0432115,0.0431158,0.0446121,0.0516045,0.0466954,0.047862,0.0509639,0.0559022,0.0465554,0.053407,0.0612239,0.0678924,0.0684604,0.0714654,0.0802733,0.0876949,0.089807,0.081082,0.115056
836.029,0.0429345,0.0414991,0.0429518,0.0436676,0.041704,0.0463422,0.0473591,0.0484584,0.0509259,0.0582864,0.0624287,0.0627588,0.0771938,0.0658409,0.0709768,0.0813521,0.0831757,0.0913526,0.107573
836.396,0.0393486,0.0386376,0.0407155,0.0411368,0.0444554,0.0447007,0.0429459,0.0494695,0.0494116,0.0529792,0.0516469,0.0552086,0.0648836,0.0647109,0.0722585,0.0772735,0.079425,0.0835626,0.10196
836.763,0.0393095,0.0380516,0.0392951,0.0410137,0.0411083,0.0410907,0.0510665,0.0505849,0.0512108,0.0529178,0.0555046,0.054978,0.063525,0.0677904,0.0676052,0.0768856,0.080286,0.0837123,0.109643
837.13,0.0481113,0.0488119,0.0474942,0.0481044,0.0508277,0.0480798,0.0521537,0.0554045,0.0541992,0.0592653,0.0589473,0.0642585,0.0649937,0.0743127,0.0770249,0.0792071,0.0806473,0.0923931,0.109052
837.497,0.0453793,0.0465617,0.0490297,0.0504065,0.0486884,0.0508977,0.0453338,0.0523626,0.0544743,0.058848,0.0575048,0.0653537,0.0724808,0.0720357,0.084462,0.0856119,0.0810146,0.0954879,0.109559
837.864,0.038685,0.0415286,0.0474916,0.0442982,0.0523531,0.0444159,0.0473705,0.0507786,0.053288,0.0594176,0.0595529,0.0571427,0.0715948,0.0757332,0.0748482,0.0840629,0.0824568,0.0895647,0.110547
838.23,0.0504161,0.044561,0.0501252,0.0416924,0.0520333,0.0448082,0.0506164,0.048255,0.0524613,0.0608157,0.0604176,0.0674868,0.0719658,0.0757571,0.0725507,0.0806392,0.0871268,0.0918757,0.103862
838.597,0.0429229,0.0439886,0.0384661,0.0409571,0.0456411,0.0453793,0.0490096,0.0522794,0.0501827,0.0499253,0.0617733,0.0614766,0.0676766,0.0696998,0.0745383,0.0831809,0.0852683,0.086571,0.108602
838.963,0.0433526,0.0411614,0.0438257,0.0460554,0.0523483,0.0476202,0.0512177,0.0505699,0.0538179,0.0597276,0.0650593,0.0689421,0.0760329,0.0756256,0.078223,0.0877007,0.0858553,0.0897046,0.11222
839.329,0.0421405,0.0397094,0.043598,0.041419,0.0450833,0.0527635,0.0564744,0.0583092,0.0551693,0.0504892,0.0661911,0.0626686,0.0734296,0.0741147,0.0795331,0.0796442,0.0911131,0.0851512,0.10545
839.695,0.0437946,0.0431827,0.0470629,0.052029,0.0441472,0.0487435,0.0510546,0.0571154,0.0586416,0.0617814,0.0654517,0.0628675,0.070671,0.0779239,0.0797655,0.0817425,0.0830406,0.0811709,0.107253
840.061,0.0409198,0.038983,0.0411987,0.0398632,0.0403984,0.0426653,0.0473157,0.0502123,0.0514824,0.0520762,0.0557212,0.0639017,0.066504,0.071143,0.0708922,0.0753646,0.0799828,0.0806669,0.105264
840.427,0.0438668,0.0484536,0.0480074,0.0548013,0.0460665,0.0528271,0.057004,0.0518009,0.0577427,0.0572455,0.0662103,0.0703297,0.0687708,0.0777479,0.0810176,0.0876493,0.0868579,0.0924641,0.110423
840.793,0.0453968,0.0462498,0.0405727,0.0393485,0.0481719,0.0481921,0.0489102,0.0505352,0.0493418,0.0531942,0.0550229,0.056591,0.0621945,0.0687334,0.0744425,0.082535,0.0852377,0.0854268,0.107767
841.159,0.0458931,0.0459833,0.04198,0.0462033,0.053278,0.0474164,0.0491628,0.0495951,0.0520417,0.0622366,0.0608988,0.0660831,0.0744621,0.0760784,0.0808072,0.0840896,0.0881051,0.0925803,0.115578
841.524,0.0423894,0.0443568,0.0404631,0.0436865,0.0497074,0.0435145,0.0485465,0.0557928,0.0571878,0.0549403,0.0576169,0.0618304,0.0638022,0.0770367,0.0748155,0.0732077,0.0866273,0.0844017,0.109586
841.889,0.046071,0.0409967,0.0439381,0.0511949,0.0440585,0.052381,0.0497158,0.0525594,0.0488296,0.0625957,0.0597208,0.0619834,0.0683748,0.0705033,0.0783169,0.0776522,0.0837716,0.0876335,0.103092
842.255,0.0420768,0.0452589,0.0472416,0.0443954,0.0507416,0.0493387,0.0489474,0.0512942,0.0576023,0.0537161,0.0573311,0.0631668,0.0692702,0.0720188,0.075223,0.0799826,0.0862047,0.0903667,0.111378
842.62,0.0427369,0.0440609,0.0417777,0.0480907,0.0441252,0.0517216,0.0440669,0.0542394,0.0534299,0.0574919,0.064687,0.0659427,0.0694683,0.0683791,0.0717701,0.082872,0.0897183,0.089212,0.106092
842.985,0.0494631,0.0427533,0.0506286,0.0470069,0.0461739,0.0592538,0.052896,0.056446,0.0580327,0.0575184,0.0618302,0.0680302,0.076108,0.0724499,0.0797684,0.083356,0.0852675,0.0901835,0.113689
843.35,0.0470091,0.0472246,0.050368,0.0464167,0.0448048,0.0503694,0.0549217,0.051941,0.0536898,0.0556386,0.062545,0.0672705,0.0645481,0.0737064,0.0793577,0.0842862,0.0880223,0.0866834,0.11115
843.714,0.0437929,0.0399379,0.0434184,0.0427559,0.0461676,0.0501207,0.0463198,0.0564813,0.0508831,0.0543524,0.058233,0.0653934,0.0651332,0.072788,0.0823812,0.0824202,0.0876902,0.0895084,0.108167
844.079,0.0348263,0.0430459,0.0413464,0.0400903,0.0428091,0.0456638,0.0505825,0.045289,0.045825,0.054176,0.061403,0.0617295,0.0616615,0.0726983,0.078545,0.0804145,0.0841709,0.0924002,0.121103
844.444,0.0409262,0.0454257,0.0450532,0.048677,0.045032,0.0448382,0.0502096,0.0459457,0.0489573,0.0578047,0.0622866,0.0659779,0.0649921,0.0699049,0.0697632,0.0863893,0.0841984,0.0889898,0.111523
844.808,0.0395238,0.0515026,0.0427309,0.0467546,0.047131,0.0544011,0.046694,0.0545693,0.0542972,0.0591714,0.0636085,0.0629286,0.0718341,0.0738519,0.0837845,0.0875033,0.0875627,0.0840817,0.112928
845.172,0.0451685,0.0363233,0.0432454,0.0478132,0.0498835,0.0484929,0.0466033,0.0514194,0.0571799,0.0557104,0.0588745,0.0638981,0.0720744,0.0720014,0.0778241,0.0732874,0.082057,0.0892331,0.100091
845.536,0.0381971,0.0405825,0.037526,0.0423399,0.0400091,0.0395426,0.0499262,0.0466435,0.0425656,0.0489209,0.0507983,0.0545812,0.0586579,0.0696993,0.0759649,0.0733912,0.0819816,0.0817435,0.102703
845.9,0.0416258,0.0422549,0.0456195,0.0398562,0.0458131,0.0450982,0.0514909,0.0521839,0.0519047,0.0646419,0.0621228,0.0589539,0.0684518,0.0693959,0.0825048,0.081356,0.0870826,0.0800557,0.108868
846.264,0.043983,0.0436151,0.047163,0.0462591,0.0473216,0.0482807,0.0526966,0.0524882,0.0553664,0.0635166,0.0594353,0.0629348,0.0670461,0.0691015,0.0867927,0.0862675,0.0838946,0.090711,0.119089
846.628,0.0393385,0.0424781,0.0432995,0.0490129,0.046774,0.0460859,0.0489345,0.0507914,0.0515155,0.057834,0.0635816,0.0603557,0.0639418,0.072898,0.0702066,0.0767902,0.0836858,0.0935051,0.10408
846.992,0.0358932,0.0390896,0.0392711,0.0376982,0.0385568,0.0495608,0.0458775,0.0512314,0.048949,0.0545912,0.0507178,0.0617231,0.0612433,0.067224,0.0693186,0.0714594,0.0796526,0.0825707,0.102624
847.355,0.040042,0.0434557,0.0403772,0.0475523,0.0448791,0.0431889,0.0459191,0.0524299,0.0524161,0.0488159,0.0530218,0.0571363,0.0662225,0.0691507,0.0715886,0.0759328,0.0906318,0.0864311,0.106289
847.718,0.0416361,0.0433501,0.0424589,0.045415,0.0466763,0.0484308,0.0512417,0.0496323,0.0492118,0.0606118,0.0544006,0.0608551,0.0702578,0.0716251,0.0767263,0.0822681,0.0801236,0.0871906,0.0981441
848.082,0.0373827,0.0395272,0.0393615,0.0409691,0.0396277,0.0418377,0.0438689,0.048541,0.0495133,0.0542134,0.060556,0.0554799,0.0594946,0.0730796,0.0790952,0.0762034,0.0774683,0.0891099,0.110108
848.445,0.0444413,0.0423961,0.0454995,0.0442831,0.0434134,0.0466197,0.0488507,0.0500699,0.0541157,0.0588072,0.0588779,0.0653883,0.0615042,0.0708893,0.0767358,0.0767195,0.0888261,0.0843128,0.111498
848.808,0.0448882,0.0440956,0.0447999,0.0422004,0.0475246,0.0477756,0.0557701,0.0529654,0.0547908,0.0564741,0.0632026,0.064065,0.0671972,0.0702757,0.0777497,0.0840249,0.0771887,0.0896374,0.108413
849.171,0.0372035,0.0327882,0.0394818,0.0420372,0.0428884,0.0444871,0.041872,0.0467438,0.046766,0.0526455,0.0607382,0.0590526,0.0624596,0.0638939,0.0745516,0.078111,0.0802731,0.0867139,0.109606
849.533,0.0451123,0.0457429,0.0428647,0.043764,0.0493854,0.0479625,0.0516069,0.0527809,0.0496998,0.0593047,0.0592666,0.0635811,0.068269,0.0695168,0.0742638,0.0899154,0.0869579,0.090036,0.117791
849.896,0.0474164,0.0429275,0.0423728,0.0429469,0.0466986,0.0540472,0.050732,0.0478221,0.0524141,0.0608301,0.060457,0.0586343,0.067185,0.0762611,0.0753243,0.0828787,0.0875444,0.0840372,0.11484
850.259,0.0395997,0.0408042,0.0417018,0.0444268,0.0446767,0.0464294,0.0567055,0.0521267,0.0518916,0.0578854,0.0596987,0.0632013,0.0635062,0.0701009,0.0720855,0.0849862,0.0847856,0.0898174,0.113577
850.621,0.0359129,0.0469767,0.0371909,0.049399,0.0442324,0.0471552,0.0491443,0.0517769,0.050127,0.0580636,0.060664,0.0664258,0.0694062,0.0775407,0.0761154,0.0853677,0.0823174,0.0887054,0.107524
850.983,0.0340144,0.0378261,0.0421332,0.0423128,0.0427478,0.0457695,0.0460719,0.0498589,0.055236,0.0529483,0.0554623,0.0655702,0.0653669,0.0728876,0.0705883,0.0846661,0.0852351,0.0863866,0.114528
851.345,0.0372069,0.0381808,0.0377695,0.0388808,0.0362347,0.0450155,0.0446901,0.0501366,0.0487948,0.0488675,0.0520984,0.0626991,0.0655375,0.0668119,0.0678866,0.0754889,0.0904847,0.084162,0.107473
851.707,0.0409635,0.0427605,0.0411926,0.0379052,0.0473532,0.0449883,0.0494749,0.047702,0.0479302,0.0592043,0.0606664,0.0614319,0.0628519,0.0743558,0.070821,0.0732018,0.0871403,0.080585,0.106504
852.069,0.0387694,0.0402642,0.0404007,0.0426385,0.0483645,0.048546,0.0437936,0.0523884,0.0488366,0.060788,0.0582184,0.058395,0.0625319,0.0710072,0.0751571,0.0802151,0.0797153,0.0848627,0.105458
852.431,0.039443,0.0394596,0.043536,0.042766,0.0425747,0.0420338,0.0425339,0.043792,0.0523106,0.0477848,0.0543893,0.0532458,0.0732346,0.0669505,0.0821756,0.0747551,0.0820113,0.0855875,0.106071
852.793,0.048695,0.0516982,0.0437946,0.0465979,0.0501184,0.0503895,0.0524911,0.0545683,0.0532986,0.0607151,0.0578507,0.0658606,0.0654257,0.0798515,0.0823506,0.0915986,0.0939512,0.0902044,0.110796
853.154,0.046439,0.0455237,0.0450064,0.043938,0.0441701,0.0456251,0.0450727,0.0472464,0.0495653,0.0575502,0.0596602,0.0599026,0.054756,0.0687191,0.0763563,0.0795085,0.0874198,0.0831762,0.101599
853.515,0.0433043,0.0456736,0.0414141,0.0436038,0.0463939,0.0475287,0.0499435,0.0462797,0.0587249,0.0560055,0.0598152,0.0566327,0.0687499,0.0675732,0.0736175,0.0768666,0.088476,0.0928872,0.106082
853.877,0.0388256,0.0451254,0.0394794,0.0371001,0.0475681,0.0440391,0.0438952,0.04652,0.0531258,0.0519167,0.058707,0.0590514,0.0688173,0.0727189,0.0748419,0.0760549,0.0818556,0.0855155,0.10349
854.238,0.0490564,0.0461442,0.0477371,0.0534001,0.0506978,0.0594167,0.0558656,0.05845,0.0609413,0.0631275,0.0650481,0.0731046,0.0720302,0.075694,0.0797769,0.0817402,0.0888541,0.0934412,0.11515
854.599,0.042735,0.0399892,0.0432761,0.0424431,0.0457016,0.0464107,0.0453297,0.0492913,0.0492791,0.0565698,0.0576247,0.0586309,0.0675396,0.0643439,0.0722783,0.0785446,0.0792115,0.0861717,0.107282
854.96,0.0511041,0.0525138,0.0526084,0.0513168,0.0500541,0.0565675,0.0521369,0.0569569,0.0612378,0.0583082,0.0663528,0.0739346,0.0759495,0.0824698,0.0840261,0.0844269,0.0909349,0.0863025,0.108302
855.321,0.0385888,0.0468595,0.0355968,0.0460094,0.0426127,0.0423224,0.0487938,0.0507357,0.051456,0.0530035,0.0581,0.0598526,0.0667996,0.0729518,0.0793383,0.0833599,0.0861613,0.0839099,0.105731
855.681,0.0427216,0.0445847,0.0426895,0.0387934,0.043441,0.0417594,0.0516618,0.0510067,0.0524709,0.0525785,0.0580679,0.0637952,0.0714994,0.0766463,0.0812568,0.0761323,0.0874879,0.0863246,0.10286
856.042,0.0346519,0.0390104,0.0361539,0.0419998,0.0389975,0.0434323,0.0484185,0.050876,0.0518584,0.0576843,0.0600608,0.0662051,0.0641901,0.0664407,0.0712964,0.0822792,0.0777968,0.0860968,0.103311
856.402,0.0400866,0.0389622,0.0398383,0.035844,0.0471827,0.0465904,0.0462663,0.0441344,0.0477406,0.0559624,0.0592833,0.0593234,0.0635868,0.0683604,0.0711758,0.0787615,0.0823676,0.0804955,0.109498
856.762,0.0502517,0.044262,0.0494065,0.0474323,0.0548955,0.0467984,0.0465849,0.0584404,0.0535851,0.0575608,0.0661044,0.0752877,0.0708144,0.0744046,0.0783079,0.0842415,0.0822171,0.0874449,0.111148
857.122,0.0394297,0.0399802,0.0428676,0.0444595,0.0377039,0.04483,0.0460016,0.0499596,0.0554045,0.055624,0.0596037,0.061475,0.0638183,0.0701411,0.0744018,0.0830009,0.0854097,0.0820689,0.108612
857.482,0.0282433,0.0318585,0.0333958,0.0334668,0.0403215,0.0345983,0.0367778,0.044978,0.0431274,0.0459078,0.0525892,0.058339,0.0535547,0.0628251,0.0572789,0.0741813,0.0787771,0.0756922,0.0995532
857.842,0.0383463,0.045702,0.0391098,0.0416788,0.0438494,0.0444173,0.0461324,0.0538702,0.0547347,0.0513428,0.0632945,0.0666044,0.0667355,0.0697264,0.077587,0.0820543,0.0829095,0.0829664,0.11215
858.202,0.0358642,0.0386115,0.0433513,0.0461096,0.0417617,0.0405999,0.0483178,0.0517245,0.0518619,0.0558504,0.0592428,0.0583169,0.0630555,0.069157,0.0764675,0.0791643,0.0773696,0.0832861,0.0998056
858.562,0.0400476,0.0461235,0.0416142,0.0487821,0.0488801,0.0449854,0.0503296,0.049359,0.0530349,0.0582745,0.0538893,0.0615825,0.0642772,0.0683772,0.0744854,0.0805771,0.082349,0.0851852,0.100225
858.921,0.0369055,0.0378565,0.039331,0.0445169,0.0499359,0.0465464,0.044604,0.0472933,0.0518214,0.0486243,0.0619826,0.0600605,0.0589353,0.0625899,0.0716579,0.0795131,0.083396,0.0835373,0.101183
859.281,0.0498591,0.0446486,0.049583,0.0467931,0.0426061,0.0465162,0.0494516,0.0612819,0.0576204,0.0614511,0.0582875,0.0719065,0.067783,0.0757727,0.0818538,0.0895344,0.0886861,0.0941869,0.113905
859.64,0.0475402,0.0404948,0.0421623,0.0426052,0.0387987,0.0477422,0.0454997,0.0525534,0.0487825,0.0527273,0.0568842,0.0578618,0.0669106,0.0710542,0.075257,0.0766072,0.081099,0.0915985,0.109614
859.999,0.0396098,0.0426541,0.0441558,0.0435325,0.0376717,0.0448061,0.0502543,0.0521026,0.0514393,0.0521357,0.0579746,0.0625235,0.0601895,0.0749946,0.0766876,0.0803724,0.0810858,0.0871145,0.100287
860.358,0.0420971,0.0441985,0.038897,0.044201,0.0398616,0.0456958,0.0470843,0.0581163,0.0520049,0.0575749,0.0602459,0.0660552,0.0679751,0.0675402,0.0827492,0.084587,0.0893039,0.0875636,0.109148
860.717,0.0404596,0.0398789,0.0432691,0.0454831,0.0446074,0.0436584,0.0464986,0.0549517,0.0532662,0.057203,0.0609271,0.0594253,0.0654399,0.0681604,0.0669492,0.0798786,0.0833828,0.0873012,0.115217
861.076,0.0422127,0.048807,0.0450811,0.0488649,0.0442239,0.0516516,0.0414097,0.0534377,0.0590982,0.0600277,0.0632368,0.0650187,0.0724564,0.0773746,0.0780666,0.0810473,0.0880708,0.0893438,0.115221
861.434,0.0439593,0.0498341,0.0488805,0.0455367,0.0429311,0.0434086,0.0545723,0.0577416,0.052947,0.0510049,0.0564409,0.0662387,0.075555,0.0735858,0.0763671,0.0827593,0.0806072,0.0921686,0.111645
861.793,0.0416674,0.0490639,0.0451311,0.0523404,0.0574139,0.0486891,0.05204,0.066217,0.0557276,0.0609283,0.0664213,0.0644213,0.071832,0.0700072,0.0789393,0.0941888,0.0895631,0.101416,0.113925
862.151,0.0366942,0.0411449,0.0368051,0.048298,0.0454186,0.0542587,0.0423702,0.0515763,0.0541579,0.0551931,0.0571812,0.0605779,0.0611409,0.071843,0.0707366,0.0792098,0.0795386,0.0856157,0.104877
862.509,0.0441781,0.0486453,0.0459512,0.0492681,0.0494515,0.0477921,0.053691,0.0531381,0.0592943,0.05929,0.0660629,0.0593776,0.0668205,0.0719605,0.0723104,0.0814129,0.0917084,0.0935701,0.11631
862.868,0.0409116,0.0440643,0.0484094,0.0516322,0.0514007,0.0468878,0.0529419,0.0603697,0.0554161,0.0538018,0.0587116,0.0679519,0.0793306,0.0761495,0.0753331,0.0802868,0.0938888,0.0921267,0.118069
863.226,0.0462163,0.052028,0.0517097,0.0447125,0.0537099,0.0578239,0.0476429,0.0577715,0.0583603,0.0596469,0.064177,0.0716024,0.0676724,0.0790242,0.0821829,0.0857069,0.0819834,0.0919085,0.119047
863.583,0.0500804,0.0504129,0.0521924,0.0536324,0.0520545,0.0569527,0.0556932,0.0483127,0.056974,0.0609454,0.0632565,0.0646287,0.0751724,0.0762205,0.0797331,0.0907923,0.0965832,0.095652,0.114309
863.941,0.0424831,0.0493797,0.0444271,0.0468796,0.0401224,0.0443151,0.0500171,0.0573468,0.0523391,0.0639115,0.0560884,0.0601712,0.0681337,0.0730316,0.0751665,0.082223,0.0862464,0.083085,0.113241
864.299,0.0377848,0.0322921,0.0429354,0.0386003,0.0424228,0.0341374,0.0408459,0.050674,0.0415442,0.0446288,0.0483593,0.0588619,0.0609453,0.0709372,0.0684429,0.0730148,0.0776862,0.0883018,0.100619
864.656,0.0394601,0.0465975,0.0443435,0.0389712,0.0505649,0.0476764,0.0520239,0.0488618,0.0564624,0.0556747,0.0605112,0.0624049,0.066442,0.0661559,0.0776975,0.0827707,0.0846415,0.0875976,0.105564
865.014,0.0420102,0.0434632,0.0439873,0.0448598,0.0455558,0.03965,0.0457382,0.0570668,0.0517318,0.0525966,0.0599672,0.0603066,0.0680685,0.0713515,0.0796329,0.0763265,0.0921305,0.0851228,0.113032
865.371,0.0456344,0.0364306,0.0445243,0.047874,0.0412475,0.0505083,0.054446,0.0453798,0.0553539,0.0548768,0.0566691,0.0620122,0.0644641,0.0686376,0.0696835,0.0860185,0.0814447,0.0886674,0.107511
865.728,0.0472858,0.0453801,0.0429732,0.04904,0.0489101,0.0517688,0.0470094,0.0535571,0.0585547,0.0532991,0.0576407,0.0581547,0.0716038,0.0720474,0.0821344,0.0826141,0.0880587,0.0843911,0.11029
866.085,0.0451924,0.0459754,0.0469527,0.0452314,0.0494563,0.0441525,0.0523174,0.049612,0.0543852,0.0599365,0.0553147,0.05881,0.0704622,0.0743901,0.0707629,0.0766507,0.0812329,0.0857322,0.108753
866.442,0.0411154,0.0380124,0.04528,0.0335633,0.0512342,0.0413949,0.0492567,0.0548697,0.0523842,0.054453,0.0530217,0.0636908,0.0678294,0.0700548,0.0790464,0.0801918,0.0904441,0.0894114,0.102676
866.799,0.0395843,0.0334571,0.0404302,0.0362903,0.0428675,0.0375261,0.0473277,0.0449465,0.052524,0.0578544,0.058335,0.0587534,0.0657951,0.0731505,0.077247,0.0790269,0.085704,0.0889068,0.111722
867.155,0.0392141,0.0328925,0.0400333,0.0374213,0.0367914,0.0474586,0.0500558,0.0490992,0.0521221,0.0551718,0.0577259,0.0540279,0.0554929,0.071427,0.0741894,0.0765946,0.082476,0.0856911,0.111244
867.512,0.0405808,0.0450613,0.0359801,0.0443588,0.0512007,0.0453,0.0516616,0.0588733,0.0590569,0.0548225,0.0610422,0.0567883,0.0740191,0.0764196,0.0720501,0.0816975,0.0843085,0.0845689,0.111319
867.868,0.0345487,0.0362242,0.0370656,0.0423063,0.0395497,0.0374139,0.0436319,0.0493559,0.0471713,0.0460555,0.0526358,0.0519011,0.0592232,0.0640088,0.0664184,0.07233,0.0739041,0.0793732,0.096609
868.225,0.0394891,0.0429037,0.0328192,0.0435344,0.0417592,0.0473537,0.052719,0.0486702,0.0566179,0.0556694,0.0532835,0.0613656,0.0685696,0.0660916,0.0718376,0.0751688,0.078511,0.0982774,0.107279
868.581,0.0374555,0.0350466,0.0396127,0.0445306,0.0476435,0.0426572,0.0475604,0.0487507,0.0494146,0.0573478,0.0557853,0.0615661,0.0595444,0.0732188,0.074139,0.0744481,0.079021,0.0867359,0.113059
868.937,0.0335227,0.0442948,0.0374231,0.0392557,0.0437253,0.0471094,0.047191,0.0453368,0.0532657,0.0516619,0.0564834,0.0636586,0.0618445,0.0718901,0.0702395,0.0751995,0.0823809,0.087541,0.103842
869.293,0.0388899,0.0459002,0.0438534,0.0467015,0.0519187,0.05506,0.0484578,0.0489192,0.0563833,0.0644347,0.0641854,0.070139,0.0726556,0.0738476,0.0769374,0.0853047,0.0842345,0.0844593,0.106752
869.648,0.041079,0.0546161,0.0480693,0.049608,0.0520011,0.0519571,0.0540886,0.0558413,0.0663071,0.0671434,0.0570164,0.0688775,0.0736914,0.0756112,0.0870766,0.0882987,0.0908084,0.0951287,0.114823
870.004,0.0443974,0.0472985,0.0438577,0.0470199,0.0579833,0.0530299,0.0480543,0.0599882,0.0546743,0.0566667,0.0594785,0.0679986,0.0727423,0.0786166,0.076961,0.0873749,0.0935474,0.085132,0.111896
870.359,0.0491129,0.0483576,0.0512181,0.0448022,0.0508268,0.0535297,0.0558737,0.0560722,0.0545598,0.0567408,0.0608325,0.0633309,0.071319,0.0745218,0.0751803,0.0839229,0.0853589,0.0921297,0.108494
870.715,0.0498847,0.0458194,0.0492551,0.0484839,0.0453162,0.0458761,0.0584141,0.0577015,0.0524867,0.0609224,0.0570291,0.0611866,0.0709436,0.0791006,0.0755533,0.0811754,0.0892245,0.0940345,0.114547
871.07,0.048039,0.0353808,0.0405549,0.037463,0.0548417,0.0477934,0.05552,0.0527696,0.0530811,0.0489923,0.0563952,0.0648325,0.0592947,0.0730454,0.0790063,0.0838946,0.0806678,0.0889019,0.103325
871.425,0.0479372,0.0555198,0.0437212,0.0511525,0.0570537,0.0562809,0.0619568,0.0515472,0.055172,0.065007,0.0668723,0.067478,0.0801822,0.0715953,0.0908646,0.0874771,0.0931702,0.0958154,0.114111
871.78,0.0378107,0.0333702,0.0439415,0.0454273,0.0430421,0.0465106,0.0425387,0.0498887,0.0523578,0.0499761,0.0557767,0.0635948,0.0637766,0.0654618,0.0690065,0.0822535,0.0805424,0.0795932,0.104524
872.135,0.0441027,0.0447165,0.037665,0.0452451,0.0474886,0.0502181,0.0477953,0.0476515,0.0489179,0.0559938,0.0589359,0.0603358,0.0651381,0.073153,0.0725435,0.0800007,0.0870875,0.0895677,0.110906
872.49,0.0448784,0.0474456,0.044762,0.047631,0.0603396,0.0483842,0.056918,0.0624997,0.0622138,0.0680596,0.0653493,0.0675447,0.0680435,0.0758148,0.0811294,0.0923836,0.095213,0.0940262,0.111397
872.844,0.0360496,0.0492604,0.0421745,0.0420407,0.0420761,0.0467582,0.0436823,0.0550675,0.0576348,0.0580736,0.0636402,0.0627192,0.0577727,0.0860593,0.078591,0.0810292,0.0907695,0.0936461,0.111899
873.199,0.0484546,0.0438409,0.047013,0.0473492,0.0471844,0.0489319,0.0518327,0.047719,0.0512255,0.0654264,0.0590663,0.0603075,0.0678235,0.0750138,0.0759815,0.0864552,0.0984338,0.0880379,0.110171
873.553,0.0435737,0.0452748,0.0495812,0.0486232,0.0558622,0.056372,0.0655178,0.0600073,0.0576023,0.0614974,0.0628907,0.0675664,0.0765,0.0837179,0.0961337,0.0972738,0.0941294,0.0961912,0.119168
873.908,0.0427876,0.0362458,0.0452998,0.0393678,0.0473944,0.0444837,0.0521999,0.058402,0.0532754,0.0523179,0.068747,0.0640483,0.0673694,0.0740634,0.0734868,0.0798568,0.0866873,0.0891795,0.108572
874.262,0.0430555,0.048277,0.0439409,0.0467258,0.0495213,0.05248,0.0496243,0.0562695,0.0488267,0.0530283,0.0614617,0.0628599,0.0639348,0.0695801,0.0796417,0.0845991,0.0851085,0.0890694,0.112232
874.616,0.0442297,0.039712,0.0389597,0.0425193,0.0420342,0.0418002,0.0433576,0.0528246,0.0522572,0.0476055,0.057542,0.059724,0.0673204,0.0666507,0.0736908,0.0795288,0.0869028,0.0886316,0.107306
874.97,0.0428722,0.0511302,0.0438062,0.04839,0.0411895,0.0515339,0.0537579,0.0535313,0.0563719,0.0592449,0.0573547,0.0706084,0.0651949,0.0732293,0.0845531,0.0942406,0.0950474,0.0907587,0.103089
875.323,0.0465976,0.0376186,0.0436425,0.0381409,0.0448562,0.0496545,0.054739,0.0559644,0.0533157,0.0605334,0.0664209,0.0550903,0.0671258,0.0838918,0.0735379,0.0853411,0.0914427,0.0932437,0.111227
875.677,0.0449669,0.042098,0.0464615,0.0385241,0.0434943,0.0458514,0.0583743,0.0483053,0.0450588,0.0544765,0.0654125,0.064455,0.0616495,0.075583,0.0707825,0.0879925,0.0861808,0.0805481,0.113533
876.031,0.0405713,0.0445268,0.0328878,0.0460947,0.0345596,0.0399611,0.0459514,0.0454356,0.0551448,0.0452468,0.0698909,0.0617193,0.0741245,0.0671466,0.0686777,0.0796923,0.0787206,0.0901147,0.101617
876.384,0.0335281,0.0354222,0.0332533,0.0450798,0.0405532,0.0458789,0.0408512,0.0341487,0.0477474,0.0540925,0.0464686,0.0572391,0.0626124,0.066758,0.0747213,0.0765295,0.0852965,0.0897994,0.109694
876.737,0.0384516,0.0510416,0.0447971,0.0455767,0.043349,0.0432826,0.0443455,0.0489281,0.0549547,0.0553371,0.0636188,0.0593258,0.0674201,0.0743336,0.0735129,0.0792388,0.0863348,0.0861835,0.113705
877.09,0.0480585,0.0463664,0.0528159,0.0554061,0.0472608,0.056866,0.0474016,0.0558632,0.066935,0.0583246,0.0651565,0.0660099,0.0684567,0.066686,0.0909792,0.0823364,0.0865023,0.0972639,0.116947
877.443,0.0465345,0.0380353,0.0500266,0.0514208,0.0464643,0.0496365,0.0579813,0.0564762,0.0641908,0.0526908,0.0632775,0.0586475,0.0729815,0.0724074,0.083207,0.0789355,0.0923505,0.0916174,0.10521
877.796,0.0491021,0.0423305,0.0416954,0.0437051,0.047201,0.0458327,0.0432084,0.0516487,0.0561581,0.0547582,0.0690381,0.0709056,0.0735771,0.0720531,0.0763923,0.0727504,0.0885742,0.102369,0.110444
878.149,0.0438882,0.0466981,0.0457437,0.0432428,0.040951,0.0550573,0.0565899,0.0541735,0.0544389,0.0621115,0.0672526,0.0651411,0.072511,0.0679864,0.0824056,0.0805269,0.085502,0.0892345,0.110694
878.501,0.0464289,0.0356656,0.0396096,0.04725,0.0395207,0.0499721,0.0418882,0.0466049,0.0496534,0.0515545,0.0617297,0.0541649,0.0691853,0.0707403,0.0756335,0.0814266,0.083473,0.0912408,0.11008
878.854,0.039815,0.0472479,0.044327,0.0472685,0.046952,0.0502378,0.0500064,0.0553824,0.0525927,0.0472885,0.0603556,0.0689961,0.068104,0.0704825,0.0789867,0.0902973,0.0883349,0.0933828,0.101105
879.206,0.0475049,0.0454799,0.0506087,0.0431724,0.0460069,0.056255,0.0536505,0.05425,0.056977,0.0666424,0.0578393,0.0675251,0.0719583,0.0712514,0.0807242,0.0828286,0.0897758,0.0892611,0.110926
879.559,0.0434431,0.0353153,0.0396585,0.0368289,0.0420656,0.0505881,0.044805,0.0406341,0.0552989,0.0543352,0.0563752,0.0578725,0.0677708,0.0711633,0.0684226,0.0886706,0.0889983,0.0902507,0.107367
879.911,0.0508837,0.0485448,0.0437021,0.0466712,0.0469108,0.0535305,0.0488137,0.0477896,0.0661572,0.0650433,0.0626572,0.0643917,0.0693708,0.0698438,0.0744421,0.0791034,0.0928111,0.0916646,0.108348
880.263,0.0474818,0.0477709,0.0457203,0.050492,0.0500681,0.0434918,0.0433629,0.0575016,0.0565174,0.0583581,0.0655912,0.0674326,0.0667329,0.0728658,0.0693541,0.0893467,0.084416,0.0950534,0.113647
880.615,0.0457935,0.0415322,0.0353332,0.0421274,0.0537374,0.0495097,0.0466213,0.0498431,0.0507128,0.063248,0.0608642,0.059454,0.0602674,0.071239,0.069796,0.0778739,0.0868025,0.0860189,0.105774
880.966,0.0377962,0.0354084,0.042754,0.0473584,0.0447377,0.0456154,0.0478359,0.0443899,0.055224,0.0597214,0.0624862,0.0517582,0.0679333,0.071541,0.0821997,0.0778785,0.0870416,0.0870073,0.10418
881.318,0.0424908,0.0370978,0.0438691,0.0428241,0.0420153,0.0386489,0.0615106,0.0476295,0.055543,0.0586732,0.0674413,0.0637565,0.0658587,0.0696237,0.0778505,0.0791253,0.0863167,0.0904077,0.111702
881.669,0.0471912,0.0438185,0.0504678,0.049914,0.0523701,0.0526398,0.0498744,0.0573979,0.0568699,0.0621714,0.0675276,0.064389,0.0751423,0.0738688,0.0743694,0.0867133,0.0980416,0.0859815,0.125574
882.021,0.0440432,0.0415072,0.0381151,0.0438502,0.0460782,0.0458168,0.0368564,0.0516146,0.0492804,0.0505522,0.0560256,0.0565405,0.068159,0.0692635,0.0751193,0.082882,0.0818959,0.0817992,0.108431
882.372,0.0550648,0.0458626,0.0374311,0.0480355,0.0458584,0.0480186,0.0495344,0.0531041,0.0505646,0.0553379,0.0579251,0.0700682,0.068827,0.0744472,0.066261,0.0834348,0.0858706,0.0873582,0.11398
882.723,0.0327865,0.0388401,0.0343051,0.0412237,0.0446191,0.0433265,0.0512741,0.0532856,0.0488542,0.054415,0.0526303,0.0653888,0.0706217,0.081913,0.0749527,0.0796081,0.0801537,0.0884454,0.103342
883.074,0.0559667,0.0493145,0.048234,0.0523904,0.0524844,0.0460996,0.0580142,0.0544891,0.0561428,0.0596019,0.0632484,0.0797391,0.0798751,0.0817631,0.0848965,0.0875027,0.0925222,0.0876686,0.112179
883.425,0.0418032,0.0416399,0.0444823,0.0442756,0.0446028,0.0525392,0.0492545,0.046525,0.0530501,0.0595459,0.0545868,0.0645242,0.0654452,0.0706735,0.0866773,0.0850553,0.0856227,0.0806569,0.114182
883.776,0.0440405,0.0389834,0.0455829,0.0482667,0.0480111,0.0490553,0.0477744,0.0527433,0.0597808,0.0521255,0.0632941,0.0624482,0.0750177,0.0705454,0.081686,0.0948573,0.0880407,0.0922645,0.112293
884.126,0.0454203,0.0517839,0.0370443,0.0453426,0.0423536,0.0461258,0.0560418,0.0440902,0.0529274,0.0600592,0.0670893,0.067688,0.0720665,0.0816278,0.084708,0.090002,0.087127,0.0995215,0.118479
884.477,0.0475422,0.0517908,0.0444533,0.0555328,0.0488568,0.0524413,0.0595499,0.0569314,0.0592495,0.0627861,0.0651092,0.0734211,0.0707766,0.0777231,0.0823211,0.0964748,0.0868749,0.0957985,0.111536
884.827,0.0359575,0.0472416,0.0507183,0.0397482,0.0308748,0.0503774,0.04474,0.0458795,0.0495411,0.0565035,0.0583863,0.0606603,0.0699848,0.0777253,0.0804219,0.083269,0.080346,0.0902231,0.115371
885.177,0.0396472,0.0400134,0.0381545,0.0389252,0.0456526,0.0336566,0.0392901,0.0577944,0.0552099,0.0464396,0.0569868,0.0608643,0.0736338,0.0707209,0.0811506,0.0827655,0.0920074,0.0851902,0.115412
885.528,0.0330973,0.0374057,0.0359306,0.038877,0.0407901,0.0347711,0.0446901,0.0444863,0.0551259,0.0516475,0.0564435,0.0618658,0.0580309,0.0674303,0.0787275,0.07768,0.0835514,0.0865818,0.106003
885.878,0.0423129,0.0500175,0.0472086,0.0530159,0.0501668,0.0503984,0.0488686,0.0478257,0.052483,0.0579346,0.069301,0.0625305,0.0682088,0.0728796,0.080182,0.0795499,0.0908604,0.0820909,0.105972
886.227,0.0449962,0.0560909,0.0419591,0.0455584,0.0501925,0.0433884,0.0471353,0.0468679,0.0540256,0.0546534,0.0638252,0.0600155,0.0702431,0.0798503,0.0766031,0.0896602,0.0811939,0.10098,0.116147
886.577,0.040087,0.0455539,0.0453873,0.0492026,0.0413733,0.0480399,0.0433331,0.0447035,0.0473885,0.0548648,0.0574995,0.0586187,0.0668895,0.0758827,0.081266,0.0773316,0.0899348,0.0816422,0.110055
886.927,0.0464417,0.0403293,0.0481505,0.0470621,0.0504722,0.050052,0.0540925,0.0562318,0.0589053,0.0610666,0.0603617,0.0590015,0.0703885,0.0727671,0.0918003,0.0881756,0.0972431,0.0942726,0.120429
887.276,0.0505352,0.0403098,0.0452479,0.0515228,0.0394769,0.050545,0.0472053,0.0570734,0.0617027,0.0563674,0.0583682,0.0709625,0.0749284,0.0670728,0.0745277,0.0808028,0.0863025,0.0871995,0.114938
887.626,0.0454055,0.0438028,0.0412143,0.059521,0.0398697,0.0526579,0.0449943,0.0481932,0.066557,0.0584872,0.0625106,0.0773973,0.08396,0.0810933,0.0882449,0.0831695,0.0836416,0.0959854,0.112572
887.975,0.0460252,0.0546382,0.0420845,0.0485851,0.0530104,0.057225,0.0580496,0.0561763,0.0667753,0.0571142,0.0665098,0.0632079,0.0711972,0.0762061,0.0853183,0.0774752,0.0876669,0.088292,0.112423
888.324,0.0489297,0.0452749,0.0429604,0.0472552,0.0505295,0.0608978,0.056732,0.0603776,0.056528,0.0636505,0.0617849,0.0677709,0.0664646,0.0814933,0.0865505,0.0862971,0.0920999,0.0819409,0.11471
888.673,0.0422975,0.0481903,0.0410466,0.0449409,0.0512647,0.0527559,0.0577664,0.0565611,0.0552214,0.0599342,0.0663031,0.0646723,0.0739772,0.0779474,0.0853452,0.0866546,0.0923158,0.0918444,0.127149
889.022,0.0404974,0.0400769,0.0384481,0.0441071,0.035526,0.0440981,0.0437952,0.0532318,0.0491851,0.0524695,0.0552518,0.0586961,0.0581928,0.0694341,0.0784902,0.0828707,0.0820165,0.0812479,0.101344
889.37,0.0450992,0.0474272,0.0403575,0.05304,0.045177,0.046689,0.0546333,0.0541625,0.0641246,0.0559038,0.0570806,0.0634889,0.0627363,0.0717031,0.0754284,0.076047,0.0881301,0.0968968,0.10592
889.719,0.0476484,0.0438594,0.0480284,0.0469734,0.0397181,0.0537544,0.0569801,0.0601893,0.0611502,0.0600549,0.0733514,0.0652021,0.0801462,0.0832949,0.075232,0.0879177,0.0972076,0.0896747,0.111212
890.068,0.0330126,0.0293071,0.0247391,0.025809,0.0342177,0.041449,0.0382536,0.0357485,0.0428832,0.051386,0.0540634,0.0525266,0.0610432,0.055761,0.0639517,0.0734024,0.0782222,0.0743871,0.102481
890.416,0.0453979,0.0453531,0.0559516,0.0483434,0.0534642,0.0471245,0.0487744,0.05617,0.0656948,0.0619824,0.0733665,0.0727991,0.0920344,0.0697322,0.0808949,0.0734881,0.0926382,0.0901068,0.11945
890.764,0.0287913,0.0393958,0.0437615,0.046136,0.0501057,0.0555445,0.0533613,0.0549117,0.0496809,0.06083,0.0694259,0.0608533,0.0672475,0.0799163,0.0749845,0.0788964,0.0884151,0.0888598,0.119575
891.112,0.0426125,0.0418209,0.0432931,0.0494073,0.0460617,0.0418664,0.0480659,0.0519824,0.0509237,0.0647117,0.052587,0.0706713,0.0732826,0.0756465,0.0825576,0.0804629,0.0866028,0.0933777,0.108742
891.46,0.0457484,0.0358843,0.0353979,0.0360748,0.0521332,0.0494362,0.0452242,0.0574909,0.051873,0.0519646,0.0603867,0.0648739,0.0649327,0.0681444,0.0804568,0.0759959,0.0847128,0.0814028,0.103708
891.808,0.0519938,0.0385694,0.0483213,0.0413068,0.0500659,0.0474521,0.0463753,0.0439191,0.0427067,0.0624517,0.0665158,0.0649126,0.0736298,0.0768701,0.0761952,0.0828216,0.10111,0.0979662,0.112385
892.156,0.0527154,0.0490657,0.0520937,0.057154,0.0563551,0.0525714,0.0539807,0.0568544,0.0563679,0.0667411,0.0701569,0.0681398,0.0705826,0.0718631,0.0877488,0.0889618,0.0943391,0.103513,0.128821
892.503,0.0492489,0.0435605,0.0340985,0.0361792,0.0289132,0.0374023,0.0456645,0.0468014,0.0463026,0.0492251,0.049316,0.0585519,0.0597544,0.0744865,0.0755954,0.0759169,0.0694866,0.0808571,0.109393
892.851,0.0506992,0.0442217,0.056432,0.0592835,0.055212,0.0588856,0.0581627,0.0507048,0.055935,0.0644936,0.0740983,0.0664333,0.0712103,0.0751256,0.0878126,0.0877617,0.0940078,0.0978575,0.11677
893.198,0.0344532,0.0413786,0.05011,0.0424099,0.0488701,0.0439092,0.0463986,0.044412,0.0495727,0.0490833,0.0583355,0.0720622,0.0636025,0.0725501,0.0860775,0.0782684,0.0829402,0.0880501,0.114711
893.545,0.0419875,0.0437726,0.0393699,0.0319814,0.0405276,0.0462769,0.0425065,0.0412286,0.0485309,0.0507265,0.0611468,0.0544624,0.0751975,0.0743281,0.0792388,0.0948161,0.0811061,0.0826204,0.10964
893.892,0.0452131,0.0379359,0.0389421,0.0440237,0.039125,0.0402618,0.0539064,0.0498791,0.0544472,0.0561448,0.0555106,0.0707765,0.0708057,0.0617691,0.0752828,0.0770526,0.0893819,0.0904698,0.0976643
894.239,0.0598883,0.0425991,0.0444416,0.0533769,0.0661242,0.0605244,0.047787,0.0595799,0.0583195,0.0687958,0.0687323,0.0739492,0.0665943,0.0751963,0.0943354,0.0928797,0.0868391,0.0950613,0.120924
894.586,0.0414472,0.043265,0.0364399,0.0430568,0.0462674,0.0418311,0.0437813,0.057503,0.0566226,0.0499418,0.0568491,0.0624491,0.0650827,0.0596875,0.0820684,0.0767208,0.0790418,0.0783327,0.105114
894.933,0.0569795,0.0535028,0.0553159,0.0531618,0.053272,0.0530728,0.0681999,0.0551991,0.0663548,0.0649043,0.0753473,0.0758389,0.0823248,0.0816031,0.0888649,0.0917559,0.104682,0.0956245,0.114683
895.28,0.0455299,0.0398197,0.0423172,0.0481107,0.0478412,0.0446603,0.0530837,0.0551586,0.0586375,0.0553015,0.0549169,0.0693727,0.0591413,0.0632917,0.0885938,0.0827492,0.0873689,0.0936884,0.105014
895.626,0.0624394,0.0446303,0.0462828,0.0469058,0.0524686,0.0553173,0.0545619,0.0612698,0.064655,0.0570182,0.0660688,0.0811801,0.0597707,0.0694505,0.088845,0.0777447,0.0996028,0.0941568,0.120494
895.972,0.0407043,0.0483483,0.047508,0.0425754,0.0425901,0.049418,0.0458587,0.0570532,0.0622663,0.0593704,0.0602927,0.0671097,0.0673027,0.0903486,0.0738704,0.0895832,0.0770342,0.0921593,0.119119
896.319,0.0387687,0.0312339,0.0399397,0.0456547,0.0453142,0.0436813,0.045949,0.0455546,0.0548769,0.0461092,0.0550574,0.0545101,0.0678363,0.0611598,0.0749206,0.0760103,0.089596,0.089947,0.105436
896.665,0.0431979,0.0296093,0.0380385,0.0403128,0.0496397,0.0401214,0.0393678,0.0386666,0.0450628,0.0489691,0.0594603,0.0621384,0.0508318,0.0656911,0.0707407,0.070437,0.0861176,0.076315,0.103715
897.011,0.0363969,0.0305711,0.030939,0.0437148,0.0322313,0.0323801,0.0432072,0.0372776,0.0410046,0.0425294,0.0548826,0.0533988,0.0606123,0.055728,0.0703587,0.0680707,0.0835907,0.0817177,0.10292
897.356,0.0434654,0.0445386,0.0449212,0.0420942,0.0557356,0.0508842,0.0565589,0.0492765,0.0551943,0.0607741,0.0607535,0.07139,0.0765323,0.0758853,0.0818538,0.0833492,0.0968629,0.090153,0.111456
897.702,0.0362031,0.0524112,0.0526581,0.0489091,0.0535999,0.0496149,0.0545374,0.0655496,0.0616241,0.0605357,0.0683011,0.0738766,0.0746814,0.0796387,0.076924,0.0803414,0.0923777,0.0990359,0.12261
898.048,0.0435613,0.0445346,0.0456801,0.0439645,0.0444057,0.0456469,0.0500369,0.0511772,0.0557907,0.0547486,0.0724973,0.0622759,0.0700365,0.0767564,0.0860695,0.0700038,0.0957997,0.0942598,0.104435
898.393,0.0476819,0.0414027,0.0424705,0.0443881,0.0384531,0.0532737,0.0570097,0.0551738,0.0521639,0.0580193,0.0644747,0.0696265,0.0731064,0.0769843,0.0774133,0.0750075,0.0914329,0.0884561,0.105786
898.738,0.0452307,0.0421879,0.0388836,0.0554437,0.0567788,0.0487185,0.0486495,0.0565947,0.051255,0.0621782,0.0604192,0.0755513,0.0684452,0.076317,0.0851916,0.0841457,0.0926683,0.0998728,0.108813
899.084,0.0445989,0.0498431,0.0440041,0.0434195,0.0578273,0.0493707,0.0674988,0.0528155,0.0509778,0.0646923,0.069104,0.0636839,0.0782471,0.0775597,0.0750388,0.0802842,0.102976,0.0982205,0.117047
899.429,0.0398008,0.0510772,0.0474272,0.0481281,0.0578457,0.0658969,0.0642632,0.0595005,0.0631762,0.0633368,0.073261,0.0852738,0.0820128,0.0847547,0.0919072,0.093072,0.0966478,0.107999,0.124322
899.774,0.0530427,0.0362252,0.046525,0.034736,0.0523048,0.0474051,0.0502246,0.050944,0.0412439,0.0488766,0.052263,0.0614561,0.0679105,0.0754481,0.0822059,0.0836772,0.0667148,0.0836712,0.110169
900.119,0.0458895,0.0421637,0.0367101,0.0510361,0.0500639,0.0474564,0.0507044,0.0551216,0.0628805,0.0589083,0.0635823,0.0717991,0.0710355,0.0713804,0.0872266,0.0947128,0.0976854,0.106108,0.114262
900.463,0.050064,0.0494626,0.0470022,0.056697,0.059482,0.0564979,0.0556352,0.0565754,0.053099,0.0776356,0.0666264,0.0741179,0.0812882,0.0878311,0.081513,0.0934572,0.0911987,0.103502,0.112856
900.808,0.0447107,0.0402334,0.0423053,0.0544967,0.0517097,0.0443449,0.0577911,0.0516971,0.0664071,0.0511579,0.053847,0.0738351,0.0729354,0.0815197,0.0740071,0.0881785,0.0834143,0.0980702,0.116399
901.152,0.0463213,0.0475898,0.0434047,0.0372245,0.0431119,0.0547541,0.0445378,0.0556337,0.0606858,0.0525078,0.0621149,0.0699552,0.06723,0.0706502,0.0851363,0.077444,0.085114,0.0873834,0.110812
901.497,0.0419105,0.0460627,0.0374572,0.0419813,0.0374851,0.0392169,0.0410131,0.0458193,0.0480972,0.0604744,0.0552019,0.0624657,0.0730099,0.0669968,0.0853979,0.0799695,0.0858186,0.0907521,0.103708
901.841,0.041958,0.0436572,0.041728,0.0499347,0.0485942,0.0476005,0.0489231,0.0496232,0.0490937,0.0538941,0.0629183,0.0603799,0.067184,0.0714759,0.0756029,0.0725214,0.0804978,0.0841302,0.110666
902.185,0.0400165,0.0479847,0.0467604,0.0431949,0.0608868,0.0558731,0.0416537,0.0601167,0.0550276,0.062614,0.0548668,0.0598358,0.0659477,0.0736915,0.0828029,0.0884386,0.0847643,0.0877523,0.11151
902.529,0.0239996,0.0377723,0.0370537,0.0378788,0.0361954,0.0397116,0.0415209,0.0545826,0.0426554,0.0543082,0.0366411,0.0639447,0.0606722,0.0715813,0.0807433,0.0771932,0.0764134,0.0660686,0.111818
902.873,0.0315737,0.0521249,0.0475418,0.037531,0.0419908,0.0296191,0.0421996,0.0485622,0.0650332,0.0652882,0.0566448,0.0702425,0.0626021,0.0631817,0.0649408,0.0776179,0.0922892,0.0924607,0.114604
903.216,0.0589883,0.0503943,0.0488542,0.0548386,0.0488018,0.045385,0.0534607,0.0435027,0.0641412,0.0715666,0.0698277,0.0718566,0.065049,0.0784085,0.0856306,0.0808369,0.0950326,0.0977621,0.107008
903.56,0.0422799,0.0508266,0.050295,0.0358245,0.0562353,0.046451,0.0370639,0.0507267,0.0598787,0.0518616,0.0614758,0.0687936,0.0633174,0.0783174,0.0714041,0.0733842,0.0854539,0.0984436,0.107517
903.903,0.0575292,0.0525158,0.0555083,0.0466883,0.0634868,0.0519199,0.0628125,0.0613485,0.056127,0.0754232,0.0632975,0.0670017,0.0872502,0.0932917,0.0965932,0.0864054,0.0942549,0.0928528,0.115386
904.247,0.0375821,0.0337789,0.0429528,0.0322212,0.0453058,0.0477624,0.0466274,0.0507717,0.0403673,0.0503276,0.057983,0.0622249,0.0612586,0.0711775,0.0674159,0.0830772,0.0714226,0.0920886,0.102056
904.59,0.0597452,0.0512239,0.0492897,0.0467086,0.064301,0.0595741,0.0655632,0.0569006,0.0655554,0.070432,0.0721645,0.0755448,0.0726534,0.0865617,0.0928535,0.0962631,0.103804,0.09757,0.128161
904.933,0.0462774,0.0487928,0.0381672,0.0259189,0.0497084,0.0461422,0.0527374,0.047236,0.05206,0.059977,0.0638165,0.0625692,0.0681116,0.0770744,0.0727516,0.076407,0.0794736,0.0864876,0.117409
905.276,0.0497458,0.0378173,0.045559,0.0354037,0.0373415,0.045559,0.0553997,0.0487523,0.0530875,0.0578583,0.0552633,0.0496409,0.0671851,0.0742348,0.0761926,0.0723773,0.0884755,0.0858305,0.117157
905.619,0.0559461,0.0405052,0.039854,0.0378867,0.049871,0.0445275,0.0460582,0.0332416,0.0511618,0.0572228,0.0574784,0.0633352,0.0719791,0.0640701,0.063512,0.0804389,0.0942833,0.08209,0.115508
905.961,0.0458976,0.046751,0.0518755,0.0499984,0.0573495,0.061255,0.0670635,0.0544777,0.0697791,0.0642588,0.0674128,0.0565049,0.0874689,0.0789358,0.0885329,0.100861,0.0982621,0.0983145,0.108645
906.304,0.0411473,0.0411576,0.0447217,0.044431,0.0574022,0.0664724,0.0583647,0.0583993,0.065361,0.0609537,0.0530635,0.0638631,0.085894,0.0725507,0.0802397,0.0883382,0.0900984,0.0962599,0.103114
906.646,0.0517894,0.0505765,0.0563188,0.0488741,0.0637402,0.0587581,0.0563574,0.0536189,0.0559517,0.0629616,0.0563398,0.0763293,0.0788102,0.0832945,0.082526,0.0771935,0.0966869,0.0931147,0.123932
906.988,0.0371064,0.0468783,0.0472211,0.0491906,0.0582218,0.049875,0.0524901,0.0453161,0.0535046,0.0571651,0.0590065,0.064577,0.0775195,0.0780649,0.089577,0.0926323,0.0957958,0.0888499,0.117019
907.331,0.0539913,0.045498,0.0466813,0.0461814,0.0537039,0.041526,0.0611396,0.0544974,0.063555,0.0537722,0.0728385,0.0708425,0.0604842,0.0731052,0.0808672,0.0869538,0.0963582,0.0963927,0.120067
907.673,0.0380194,0.0406614,0.0270963,0.0395586,0.0334058,0.0450346,0.0387747,0.038959,0.0619976,0.0516409,0.0492108,0.0725701,0.0656784,0.0695443,0.0673275,0.0847112,0.0787659,0.0790078,0.109161
908.015,0.0407975,0.0581165,0.0390022,0.0303276,0.0468178,0.0405649,0.0400822,0.0576955,0.0446718,0.0485796,0.0628191,0.0569557,0.0618237,0.0654028,0.0760968,0.0782242,0.0801553,0.090652,0.111855
908.356,0.0528018,0.0553862,0.0461588,0.0551396,0.0586078,0.0716786,0.0607305,0.058491,0.0682743,0.0627331,0.060275,0.0743391,0.0750942,0.0807417,0.0920919,0.0861257,0.0969372,0.0966879,0.132997
908.698,0.0482951,0.0490198,0.042474,0.0502181,0.0551343,0.0557711,0.0638815,0.0659193,0.0746697,0.0641425,0.0768936,0.0706463,0.0895286,0.0849341,0.0838545,0.0856755,0.0950339,0.092967,0.130347
909.04,0.0559544,0.0532645,0.0571684,0.0589107,0.059722,0.0652574,0.0507734,0.0646961,0.0637549,0.0653545,0.0731167,0.0658689,0.0691922,0.0893499,0.088561,0.0972093,0.101704,0.0935233,0.11464
909.381,0.0452935,0.037732,0.0562386,0.0609991,0.0472217,0.0602362,0.0533947,0.0541944,0.0532739,0.0693696,0.0597571,0.0574778,0.0715477,0.0728748,0.0700721,0.0687481,0.0940112,0.0907073,0.100514
909.722,0.0476605,0.0335448,0.0452018,0.0369245,0.0415262,0.0482047,0.0494452,0.0531567,0.0473164,0.0495972,0.0558882,0.0653577,0.0707004,0.0684072,0.075287,0.0864808,0.091913,0.104521,0.109379
910.063,0.0430283,0.0256523,0.0494463,0.0462889,0.0445316,0.0526054,0.0523173,0.0538104,0.0691495,0.0542628,0.0643622,0.068874,0.0658769,0.0802125,0.0801455,0.113695,0.0935692,0.0952992,0.113569
910.405,0.0457986,0.052535,0.0427446,0.0521689,0.0566071,0.0589866,0.0653784,0.0592946,0.0659348,0.0632809,0.0793202,0.0528631,0.0760541,0.0727758,0.0796387,0.0830439,0.0893278,0.0906171,0.139502
910.745,0.0544492,0.0539777,0.0477485,0.0379252,0.0564543,0.0415157,0.0414862,0.0470403,0.0532259,0.0590716,0.056903,0.0537695,0.0705485,0.0800534,0.0680236,0.0894793,0.0846404,0.0872062,0.0908948
911.086,0.0419545,0.0401706,0.0404395,0.0489514,0.0325835,0.0399691,0.0495835,0.0514728,0.0577915,0.0573739,0.0680661,0.0594056,0.0898972,0.0684852,0.071767,0.0851196,0.086593,0.0878429,0.11918
911.427,0.0539672,0.0378115,0.0536171,0.0407548,0.052512,0.0480247,0.0548164,0.0424789,0.0658583,0.0580838,0.0584692,0.0720376,0.071965,0.069301,0.0764108,0.077,0.0957188,0.0921694,0.117971
911.767,0.063269,0.0503512,0.0549567,0.0669677,0.0573544,0.0653268,0.0745396,0.0758387,0.076489,0.0713268,0.0864655,0.067645,0.0916041,0.105207,0.0957614,0.0955689,0.105875,0.10667,0.119233
912.108,0.0469894,0.0409581,0.0456816,0.0383336,0.0536613,0.0516708,0.0488887,0.0547007,0.0484715,0.052277,0.0599847,0.046907,0.0637079,0.0716783,0.0808916,0.0789991,0.0876101,0.0790973,0.103002
912.448,0.0377133,0.0330884,0.0376414,0.0399704,0.0460827,0.0381148,0.0294888,0.0539064,0.051508,0.0587421,0.0548186,0.0564057,0.0519894,0.0720682,0.079495,0.0842479,0.0879891,0.078283,0.105343
912.788,0.0505712,0.040362,0.0278607,0.0269809,0.0554382,0.0368966,0.0392821,0.0438379,0.0539893,0.0494445,0.0559174,0.0477868,0.0557357,0.0645855,0.0777622,0.0838328,0.0922767,0.0901853,0.118585
913.128,0.0553655,0.0351046,0.036891,0.0497612,0.0530112,0.0298704,0.0424127,0.0518456,0.0635829,0.0436114,0.0749905,0.0651816,0.0718061,0.0646355,0.0835804,0.0747443,0.0848544,0.0872986,0.114991
913.468,0.0391833,0.0414734,0.0363162,0.0499213,0.0309736,0.0468494,0.0435808,0.0504485,0.0673043,0.0625935,0.0462984,0.0648821,0.0676841,0.0641312,0.0574834,0.0802395,0.0890731,0.0865555,0.114867
913.808,0.0372746,0.0460523,0.0412991,0.0528471,0.0540205,0.0444002,0.0423371,0.037764,0.0468405,0.0385148,0.0421483,0.0578156,0.0766792,0.0646794,0.0638149,0.071809,0.077916,0.0803689,0.104533
914.148,0.0457765,0.0259357,0.029872,0.0255885,0.0558647,0.0490334,0.0400488,0.0460183,0.0607766,0.0725374,0.0690598,0.0683002,0.0633786,0.0662647,0.0704366,0.0808228,0.0870286,0.0930774,0.116772
914.487,0.0356256,0.0270789,0.0299046,0.0462829,0.0470017,0.0317931,0.042207,0.0576484,0.0560253,0.0490657,0.0477342,0.0622193,0.0686257,0.0556415,0.0683467,0.0849038,0.0766332,0.0831567,0.112137
914.826,0.0512855,0.0542942,0.0407161,0.0530082,0.0520531,0.0488579,0.0526605,0.0612586,0.0639027,0.0637722,0.0727035,0.0591068,0.0805747,0.0862658,0.0890251,0.089416,0.0876159,0.109195,0.124898
915.166,0.0421937,0.0314712,0.0403092,0.0307048,0.0382243,0.0397771,0.0381177,0.0516318,0.0456924,0.0407611,0.0592983,0.0542705,0.0587458,0.0749188,0.0798816,0.0865069,0.0780545,0.0828331,0.0991746
915.505,0.0417253,0.043921,0.0356157,0.0391868,0.0307695,0.0494367,0.0462666,0.0452447,0.0535692,0.0524222,0.0546398,0.0600594,0.0709218,0.0700209,0.0763016,0.082513,0.0950584,0.095456,0.116557
915.844,0.032528,0.0434466,0.0442548,0.0457448,0.0328723,0.0435077,0.0532556,0.0521935,0.0508325,0.0674212,0.0591786,0.056746,0.0512932,0.0610622,0.0699493,0.0791699,0.077606,0.0801828,0.105432
916.183,0.0182404,0.0359915,0.0199259,0.0346873,0.0245522,0.0356386,0.0544078,0.0452102,0.0294366,0.047382,0.0515516,0.0727725,0.0655862,0.0626423,0.0631448,0.0748601,0.0812243,0.0794671,0.111764
916.522,0.0348759,0.0490135,0.0390085,0.0431365,0.0416311,0.0421796,0.0588447,0.0488645,0.053718,0.0697485,0.0705185,0.0716661,0.0691297,0.070105,0.071928,0.0772667,0.0870109,0.0920932,0.106576
916.86,0.0415602,0.0373459,0.0329897,0.0342509,0.0375581,0.0377566,0.0466828,0.0361406,0.0536113,0.0589427,0.0651952,0.059359,0.0675591,0.0708143,0.0781477,0.0771165,0.0886511,0.0900925,0.115814
917.199,0.0323456,0.0412122,0.0283967,0.0301036,0.0319785,0.0305216,0.0276052,0.0285018,0.0508925,0.0500757,0.0488744,0.0480392,0.0498723,0.0725934,0.0750325,0.0690653,0.0737155,0.0792479,0.100863
917.537,0.0405765,0.0395112,0.0244213,0.0294852,0.0418595,0.0452732,0.0414332,0.0415086,0.0435102,0.0544627,0.0563063,0.0543358,0.0580706,0.0762583,0.0700631,0.0727216,0.0936805,0.0885895,0.106169
917.875,0.0553066,0.0506999,0.0474756,0.048852,0.04738,0.0427975,0.0568549,0.05325,0.0505196,0.0543938,0.0681536,0.067826,0.0740717,0.0660422,0.0690095,0.0931066,0.0744136,0.071484,0.106147
918.213,0.0474794,0.053996,0.0378859,0.0542221,0.0392882,0.0512135,0.0459401,0.0502435,0.0538652,0.0425487,0.042838,0.0528061,0.0815423,0.0668504,0.069184,0.0842669,0.0856426,0.0883565,0.109837
918.551,0.0554585,0.0479333,0.0493694,0.0646803,0.0550085,0.0411728,0.0561492,0.067767,0.053871,0.061645,0.0605288,0.0798987,0.0764665,0.0620061,0.0881932,0.102694,0.0877511,0.0918158,0.111019
918.889,0.0439224,0.0434153,0.0564793,0.0517959,0.0420877,0.0429865,0.0507638,0.0560962,0.0507098,0.0497783,0.0642025,0.0739047,0.0828254,0.0787115,0.0915889,0.097933,0.0917301,0.0832279,0.11543
919.227,0.0349808,0.0347849,0.0482876,0.0410709,0.0513512,0.0577894,0.0474569,0.0512067,0.0590495,0.05318,0.0540938,0.0670514,0.0583311,0.08093,0.0690162,0.0779815,0.0909717,0.085385,0.108549
919.565,0.0446301,0.0423718,0.0314629,0.0494719,0.0395584,0.0410137,0.0288046,0.0348461,0.0644816,0.040729,0.0586779,0.0618564,0.0633431,0.0715363,0.0653969,0.076557,0.0736516,0.0866261,0.111418
919.902,0.0585915,0.04266,0.0577072,0.049376,0.050057,0.0592572,0.0539295,0.0633543,0.0664156,0.0649198,0.0645908,0.0743219,0.0758022,0.0681255,0.092891,0.0894234,0.0929644,0.0866898,0.115427
920.24,0.0513421,0.0411316,0.0491258,0.0434651,0.0447431,0.0497505,0.0393829,0.052036,0.0618309,0.0705843,0.0715657,0.0716455,0.0745693,0.0778238,0.0840505,0.0844855,0.10143,0.0918534,0.113297
920.577,0.0527244,0.0358423,0.0414392,0.0635821,0.0475507,0.0558155,0.0504979,0.0527605,0.0586428,0.0624506,0.0493684,0.0629882,0.0742617,0.0719707,0.088844,0.0842182,0.0827792,0.0944767,0.128186
920.914,0.0483,0.0391025,0.0575312,0.0555252,0.0485364,0.044934,0.0639385,0.0476782,0.0509924,0.0661441,0.0681813,0.0757481,0.07034,0.0868811,0.0845472,0.0939356,0.0910257,0.0906258,0.120052
921.251,0.0522251,0.0557878,0.0452879,0.041213,0.047578,0.0629378,0.0523987,0.0577765,0.0567255,0.0463954,0.0487335,0.082004,0.0786933,0.0718978,0.0906586,0.0857731,0.0913209,0.119815,0.125117
921.588,0.0466477,0.0406925,0.0378189,0.0460448,0.0496637,0.0421431,0.0682434,0.0410811,0.0517399,0.0584367,0.0441858,0.0510685,0.059467,0.0670993,0.0919208,0.0892364,0.0937002,0.0867211,0.123213
921.924,0.0583494,0.0460813,0.0476413,0.0573626,0.052419,0.0599796,0.0601681,0.0648268,0.0729714,0.0673616,0.0822451,0.0892351,0.0785528,0.0788676,0.0817744,0.0814832,0.104517,0.0874262,0.125477
922.261,0.055573,0.0367285,0.052527,0.0439625,0.0414885,0.0458004,0.0662773,0.0527577,0.0484183,0.0707371,0.0566549,0.0824194,0.0693503,0.0893397,0.0769199,0.0950904,0.086277,0.0944259,0.119329
922.598,0.0346611,0.0457125,0.0559859,0.0489706,0.0473906,0.0467572,0.0421633,0.0577115,0.0512668,0.0689839,0.0578161,0.069826,0.0647332,0.0825712,0.0966589,0.0866979,0.0923776,0.0854323,0.12962
922.934,0.0594819,0.0451095,0.0466332,0.0485491,0.0509889,0.0575916,0.0455995,0.0567326,0.0733583,0.0539421,0.0728569,0.0620638,0.0721727,0.0639639,0.0846133,0.097747,0.0839166,0.091277,0.124054
923.27,0.0353519,0.0503292,0.0553588,0.0399002,0.0411294,0.0478445,0.0480659,0.040359,0.0529325,0.0550637,0.0556652,0.0719455,0.0628975,0.0665551,0.0657975,0.0712946,0.0880088,0.0928745,0.116798
923.606,0.0239899,0.0340926,0.051073,0.0488144,0.0299387,0.0516464,0.053399,0.054815,0.0560672,0.0480924,0.0730373,0.0674616,0.0771323,0.0745039,0.0811086,0.0956361,0.0782287,0.0738426,0.11488
923.942,0.043957,0.0458434,0.0307661,0.0252322,0.0428307,0.0367111,0.0450651,0.0377918,0.0547302,0.0579142,0.0449056,0.0542448,0.0795501,0.0748721,0.0755175,0.0754902,0.0790461,0.08915,0.108479
924.278,0.0279149,0.0315763,0.0285956,0.0264197,0.0242969,0.04438,0.0407524,0.0422654,0.0540083,0.0380614,0.0472247,0.0671557,0.0568649,0.0623085,0.058597,0.0708227,0.0866957,0.0833074,0.108415
924.614,0.0577835,0.0561367,0.0571268,0.0572989,0.0747366,0.0645145,0.0796095,0.0612079,0.0672525,0.0977722,0.091379,0.0792539,0.090708,0.0883682,0.0939141,0.100314,0.128269,0.119681,0.124588
924.949,0.0442349,0.0572125,0.0466282,0.0411558,0.0383006,0.0590546,0.0527775,0.0422049,0.0462693,0.0462427,0.0692679,0.0684067,0.065886,0.0582841,0.0739126,0.0982953,0.0871975,0.0915383,0.114203
925.285,0.0298227,0.047533,0.0532768,0.0350061,0.0455277,0.0435239,0.0526055,0.0519619,0.0582229,0.0681755,0.0505987,0.0607629,0.0771512,0.0730496,0.0830239,0.0820368,0.0810953,0.100843,0.12003
925.62,0.0447503,0.0428851,0.0612501,0.0423482,0.0458248,0.059412,0.0413567,0.0540106,0.0466365,0.0565433,0.0668138,0.0732177,0.0647308,0.0834078,0.0747406,0.0863162,0.0949415,0.102636,0.108524
925.955,0.0571883,0.0609557,0.0501019,0.0513116,0.0520717,0.0644661,0.0617216,0.0704852,0.047151,0.061107,0.0673869,0.0831122,0.0704455,0.0788368,0.0754343,0.0923367,0.0980165,0.108296,0.118966
926.29,0.0394514,0.033402,0.0400453,0.0370084,0.0215682,0.0362467,0.0392887,0.0495363,0.0516465,0.0424228,0.0303076,0.057829,0.0553678,0.0701942,0.0686225,0.0864183,0.0747654,0.0805125,0.111624
926.625,0.03717,0.0521614,0.0467193,0.0470322,0.0287935,0.044676,0.0512766,0.0481658,0.0427265,0.0534788,0.0672463,0.0569872,0.0661154,0.0599163,0.070775,0.0767219,0.0857199,0.0957176,0.104333
926.96,0.0601558,0.0533975,0.051866,0.0733129,0.0602528,0.0543967,0.0628506,0.0632499,0.0753338,0.0805273,0.0872483,0.0795037,0.090787,0.0793742,0.0834462,0.101028,0.109236,0.11201,0.12074
927.295,0.0314976,0.0459746,0.0465572,0.0322196,0.0494619,0.0269449,0.0613592,0.0503666,0.0514496,0.0622393,0.0633472,0.0639054,0.0630775,0.0658924,0.0736477,0.0977009,0.0895525,0.106352,0.106075
927.629,0.0398662,0.0436995,0.0516988,0.051147,0.0452947,0.0454273,0.0582999,0.0704674,0.0482174,0.0521158,0.0674362,0.0710296,0.0630022,0.084151,0.0784877,0.0856206,0.0813078,0.0911536,0.115008
927.964,0.0546069,0.0352794,0.0536512,0.0541881,0.0531477,0.053755,0.0555752,0.0588104,0.0531887,0.064931,0.0577332,0.0744111,0.0637305,0.0651905,0.0786756,0.0703223,0.0855726,0.0954917,0.121863
928.298,0.0562633,0.0520073,0.0547492,0.050861,0.0480427,0.0539072,0.0472901,0.0519495,0.056654,0.0495294,0.0805428,0.0636109,0.0869218,0.0782299,0.0871756,0.0902674,0.0996391,0.0905623,0.128396
928.632,0.057306,0.037995,0.048389,0.0432209,0.0630305,0.0472694,0.0481618,0.0548097,0.069928,0.0598243,0.0677112,0.076085,0.06422,0.0946676,0.0869304,0.0947911,0.0841452,0.0905403,0.12619
928.967,0.0408758,0.0372086,0.0244046,0.0526106,0.0360339,0.0418558,0.058571,0.0655381,0.061998,0.0727028,0.0552844,0.0647611,0.0652685,0.0768169,0.0895289,0.0909152,0.110374,0.113868,0.104487
929.3,0.0410448,0.0405732,0.0320239,0.0551088,0.0498705,0.0467391,0.0494218,0.0538671,0.048298,0.0442962,0.0695812,0.066132,0.0765166,0.0624608,0.081307,0.0955278,0.0906037,0.083238,0.12863
929.634,0.0376907,0.038772,0.0194857,0.0617957,0.0396047,0.0333636,0.0565912,0.0442024,0.0562137,0.0393939,0.0710973,0.0638155,0.0644202,0.073796,0.0871554,0.086498,0.0722999,0.0950871,0.126133
929.968,0.0319612,0.0274796,0.0107229,0.00910624,0.00802145,0.0174498,0.033597,0.0215313,0.023421,0.0342699,0.0428755,0.0240932,0.0596852,0.0433274,0.0450264,0.0710963,0.0794602,0.0782683,0.0965181
930.302,0.0339088,0.0435255,0.0369254,0.0331286,0.031552,0.0175937,0.0363889,0.0315294,0.0376124,0.0493598,0.0509522,0.0532846,0.0517177,0.0745672,0.0651583,0.0559426,0.0647052,0.0676096,0.0925559
930.635,0.0425926,0.0512948,0.0586904,0.0545603,0.0508106,0.0473942,0.0395204,0.077614,0.0685136,0.0502277,0.0685729,0.0618589,0.070859,0.0877282,0.0753755,0.0752128,0.0975454,0.0967045,0.130223
930.968,0.0330949,0.0370897,0.0379688,0.0516725,0.0453433,0.0429901,0.0454083,0.0482019,0.0473792,0.0526449,0.0505129,0.0479059,0.0428315,0.0689558,0.0806762,0.0717496,0.079326,0.0790492,0.104979
931.301,0.0405397,0.047461,0.0362138,0.0613822,0.0496528,0.0485826,0.0578294,0.0515963,0.049612,0.0590607,0.0564953,0.0654265,0.0591815,0.0674125,0.0795584,0.0790137,0.0904065,0.0887176,0.113623
931.634,0.0485396,0.0583425,0.0339803,0.0723113,0.0540184,0.0542602,0.0713385,0.0549949,0.0520546,0.0657141,0.0624737,0.0844487,0.077255,0.0653802,0.0779849,0.087032,0.102182,0.0989254,0.122826
931.967,0.0470098,0.0594569,0.0612778,0.0521352,0.0446596,0.067408,0.0528727,0.0494207,0.0690782,0.0657121,0.0649555,0.0659198,0.0600332,0.0767823,0.073192,0.0969367,0.0954526,0.0933065,0.116819
932.3,0.0515461,0.0452355,0.0285259,0.0319963,0.0457432,0.0485981,0.047525,0.0407328,0.0467211,0.0639848,0.064399,0.053805,0.0590973,0.0649416,0.0689472,0.0696427,0.0989242,0.0932965,0.0920225
932.633,0.0611836,0.0532637,0.0586507,0.0484815,0.0511406,0.0569293,0.0626756,0.0545839,0.0594591,0.0592365,0.0622399,0.0636931,0.0760907,0.0878164,0.0930918,0.0844357,0.0943204,0.10669,0.123785
932.965,0.0708688,0.0512147,0.0554967,0.085338,0.0649964,0.0596934,0.0530116,0.0669516,0.0696046,0.073018,0.0899597,0.0788842,0.093945,0.0879482,0.0812,0.100211,0.0916563,0.111021,0.121252
933.298,0.0413671,0.0411543,0.055037,0.0536041,0.0441141,0.0556722,0.0415184,0.0425987,0.0547948,0.0379988,0.0535309,0.0457297,0.061272,0.0575361,0.0629311,0.0558645,0.0902983,0.0744825,0.13216
933.63,0.0232528,0.0307696,0.0196746,0.0297631,0.0435453,0.0358536,0.0458042,0.0350526,0.0375021,0.0221587,0.039111,0.0585329,0.0538372,0.063773,0.0752947,0.0645224,0.0721679,0.0841717,0.0860794
933.962,0.0430276,0.0387046,0.0298586,0.0481907,0.0492887,0.0391441,0.031535,0.0499141,0.0459371,0.0526042,0.0628267,0.0663375,0.0706692,0.0641843,0.0849038,0.082269,0.0712291,0.0944237,0.109271
934.294,0.0409742,0.0377656,0.0632971,0.0213174,0.0457846,0.0306525,0.0305494,0.0420902,0.0458435,0.0410131,0.048164,0.0766939,0.0463967,0.0672532,0.0682033,0.053599,0.0953339,0.0838378,0.0930998
934.626,0.0521306,0.0507129,0.0333986,0.0472892,0.0473909,0.0583501,0.0509403,0.0327813,0.0479168,0.0497036,0.0633775,0.0792711,0.0776283,0.0672871,0.0874347,0.0708305,0.0839964,0.088043,0.117386
934.958,0.0375563,0.0465514,0.0438426,0.0417292,0.0388514,0.0502611,0.0648133,0.0454357,0.0704589,0.0643215,0.0641344,0.066339,0.0734593,0.0643635,0.0810639,0.0751781,0.0999369,0.0810229,0.128913
935.29,0.0444842,0.0307879,0.0340613,0.0450379,0.0354751,0.055241,0.0581677,0.0459906,0.0498158,0.073621,0.0707337,0.0638615,0.0744523,0.0797926,0.0738981,0.0846096,0.0758681,0.0927063,0.123059
935.621,0.0184178,0.0317151,0.0254903,0.0237237,0.039457,0.0487866,0.0326639,0.0363415,0.0445829,0.0341064,0.0516542,0.0569529,0.0655913,0.0681452,0.0753003,0.0890388,0.0906502,0.0711996,0.109224
935.953,0.0222499,0.0302994,0.0213553,0.0303466,0.0302175,0.0433323,0.0350656,0.0485697,0.0437612,0.070381,0.0498512,0.0642331,0.0791406,0.0642928,0.0665493,0.0731315,0.0933925,0.0796068,0.107105
936.284,0.0589522,0.0483856,0.0450069,0.0384443,0.0438372,0.0624145,0.0520919,0.0397558,0.0579215,0.0649148,0.0655496,0.0741999,0.0699307,0.0678332,0.0769713,0.0692924,0.104277,0.0925038,0.112713
936.615,0.0365307,0.0432941,0.0310105,0.0441441,0.0456499,0.0595637,0.0556803,0.0467425,0.0539305,0.0422141,0.0546197,0.0593079,0.055455,0.0650427,0.0759368,0.0910524,0.0736843,0.097823,0.110185
936.946,0.0522077,0.0454547,0.0540451,0.0514792,0.0487806,0.0458506,0.0518632,0.068013,0.0697331,0.0658195,0.0620351,0.0798182,0.0740585,0.0813737,0.0879794,0.0820485,0.110812,0.113625,0.118396
937.277,0.0354996,0.0318857,0.0360269,0.035428,0.0396999,0.0398011,0.0526522,0.0485286,0.0550519,0.0578243,0.0479062,0.056054,0.0723149,0.0575988,0.0639426,0.0774482,0.100332,0.0966432,0.124171
937.608,0.0172318,0.0152324,0.0262537,0.0224014,0.0364227,0.0273923,0.0208031,0.020639,0.0323661,0.0366155,0.0566184,0.0515534,0.0493576,0.0660447,0.0631088,0.0656222,0.0723971,0.0764806,0.0890166
937.938,0.0417623,0.0352939,0.0288703,0.0309666,0.0368351,0.0378852,0.0534501,0.0376952,0.0453313,0.0437605,0.0560983,0.0674277,0.0738379,0.0816706,0.0710138,0.0825789,0.0950999,0.0936967,0.11457
938.269,0.0455591,0.0318833,0.050297,0.0249796,0.0448637,0.0398559,0.0413817,0.031399,0.0496006,0.0593308,0.0382256,0.0632343,0.075413,0.0595196,0.0653819,0.0609678,0.07848,0.075456,0.0937078
938.599,0.0427263,0.0422235,0.0415139,0.0471748,0.0613167,0.0616903,0.0515817,0.0552386,0.0462498,0.0623256,0.0654622,0.0694617,0.0659021,0.0641105,0.0735108,0.0794861,0.0926664,0.092137,0.116012
938.929,0.0385641,0.0377828,0.0337614,0.0426482,0.0546876,0.0560709,0.0336043,0.0465866,0.0852914,0.0462081,0.0515598,0.0822269,0.0648054,0.0737442,0.0962027,0.0860292,0.0849025,0.0825041,0.111474
939.26,0.0485391,0.0622207,0.0645354,0.0550907,0.0560427,0.0710437,0.0581821,0.0572492,0.0736933,0.080439,0.0781086,0.0903503,0.0960392,0.0848713,0.104402,0.0968734,0.108031,0.114178,0.129036
939.59,0.0463135,0.0355336,0.0336176,0.0414223,0.0414239,0.0487598,0.0457492,0.0334773,0.0483315,0.0505542,0.0530146,0.0508127,0.0698443,0.0576661,0.0801347,0.066402,0.0844986,0.104145,0.0921642
939.919,0.0499671,0.0409359,0.0514999,0.0502698,0.0388058,0.053744,0.0505634,0.0377968,0.0844842,0.0717583,0.0919714,0.0772665,0.0339433,0.0885458,0.0741587,0.0959606,0.0794161,0.101701,0.111903
940.249,0.0328933,0.0211406,0.0311355,0.051264,0.0459083,0.0276129,0.0338615,0.036367,0.0425768,0.0371538,0.0542607,0.0498486,0.051137,0.0586791,0.0729099,0.0779687,0.0648756,0.0841181,0.0933509
940.579,0.0174641,0.0402624,0.0272311,0.0423515,0.0282717,0.0380258,0.0535204,0.0436731,0.0376666,0.0435467,0.0326582,0.0523003,0.0597446,0.0656803,0.0535944,0.0645865,0.0769911,0.0902288,0.0929212
940.908,0.0584495,0.0517895,0.0544655,0.0476372,0.0535751,0.0382585,0.0770505,0.078114,0.0585146,0.0683512,0.0717416,0.0689293,0.0717503,0.0821775,0.0772671,0.0848494,0.0918002,0.102781,0.131682
941.238,0.0604049,0.0495442,0.0636296,0.0630528,0.066791,0.0665097,0.0659351,0.092404,0.0758748,0.0692602,0.0691302,0.0800547,0.0773298,0.0866006,0.0955832,0.0997064,0.113438,0.102639,0.131752
941.567,0.0464168,0.0493872,0.049266,0.0754023,0.0709126,0.0581859,0.0561702,0.0539074,0.0449621,0.0695399,0.0593146,0.0894452,0.0824136,0.0868501,0.101545,0.0886814,0.0961927,0.118378,0.125647
941.896,0.027334,0.0242489,0.0170261,0.0206278,0.0327985,0.0334034,0.0384069,0.0359546,0.0422564,0.0357677,0.0618262,0.0469457,0.0308908,0.0620317,0.0734069,0.0678728,0.0800359,0.0579085,0.101706
942.225,0.055834,0.0529155,0.0542775,0.0463075,0.0510068,0.0622701,0.0548372,0.0465759,0.0484107,0.0669997,0.0590125,0.0648507,0.0805126,0.0615861,0.09607,0.0872064,0.0954709,0.09713,0.107456
942.554,0.0377928,0.0284709,0.0415996,0.0502108,0.0407992,0.0376414,0.0512667,0.0413013,0.0433293,0.0392094,0.0611705,0.0454754,0.0434472,0.0694159,0.0836137,0.0728662,0.0496786,0.0852326,0.0840582
942.883,0.0473359,0.0388661,0.0596223,0.0599903,0.0538686,0.0564096,0.0370955,0.0354203,0.043995,0.0524196,0.0715968,0.0637038,0.0863605,0.0636589,0.08051,0.11634,0.0737865,0.0826707,0.120697
943.211,0.0477572,0.0278205,0.0481181,0.0427638,0.0745854,0.0364048,0.0533103,0.0579516,0.0326136,0.0636125,0.0545132,0.0565863,0.085266,0.0841297,0.0741146,0.110017,0.115259,0.0721943,0.120382
943.54,0.0532827,0.0292697,0.0501541,0.0361869,0.0365181,0.0420889,0.0281177,0.0580646,0.0394846,0.0533557,0.0659636,0.0708063,0.0798477,0.071423,0.0634331,0.0952319,0.0854714,0.080059,0.116182
943.868,0.0315369,0.0262424,0.0115129,0.0242442,0.0280096,0.0334492,0.0356659,0.00262491,0.042847,0.0429301,0.0435152,0.0428031,0.0394191,0.0692948,0.042666,0.0836979,0.0477726,0.0668644,0.0791311
944.196,0.0535527,0.045959,0.0682946,0.0579714,0.0500155,0.0442593,0.0504571,0.0531181,0.069092,0.0725445,0.0753843,0.0962315,0.0642586,0.086677,0.0899386,0.102751,0.114465,0.0790371,0.10171
944.524,0.0498178,0.0502054,0.0337536,0.0608922,0.074589,0.0380434,0.0490395,0.0488867,0.0593965,0.0526069,0.0656569,0.0547296,0.0507716,0.0689428,0.0962974,0.0857298,0.0784779,0.103501,0.100744
944.852,0.0378409,0.0357476,0.0455448,0.0505307,0.0510778,0.0425895,0.0492185,0.0468642,0.0513189,0.0593798,0.0647441,0.0686222,0.0469696,0.0603644,0.0955711,0.0779639,0.0956946,0.0880621,0.118822
945.18,0.0300231,0.0524616,0.0423512,0.0376675,0.0496661,0.0406457,0.0511932,0.0674859,0.0509136,0.0650962,0.0422554,0.0459518,0.054015,0.0768848,0.0711534,0.0875787,0.0785431,0.0889264,0.114466
945.508,0.0456047,0.032286,0.037317,0.0237884,0.0363801,0.0307968,0.0281306,0.0330472,0.0415682,0.0518705,0.0632239,0.0574464,0.067814,0.0645077,0.0615106,0.0880152,0.0538783,0.0786323,0.0869633
945.835,0.0644664,0.0576977,0.0449502,0.0681311,0.0433995,0.0523264,0.0539301,0.0647269,0.0518812,0.0575859,0.0783413,0.0721674,0.0852504,0.0886767,0.101293,0.0999586,0.082743,0.0903752,0.127225
946.163,0.086665,0.0700066,0.0507906,0.0607386,0.0458723,0.0581945,0.0564988,0.0584865,0.0793671,0.0619647,0.0750856,0.0924368,0.0781055,0.0874302,0.095416,0.128403,0.0791635,0.110765,0.134095
946.49,0.0422755,0.0331153,0.0353449,0.0522784,0.0350159,0.0547828,0.0283802,0.0397635,0.0513441,0.0428733,0.0487509,0.0637909,0.0616417,0.0927764,0.0770095,0.105606,0.07706,0.11113,0.129266
946.817,0.0575415,0.0505714,0.0384272,0.0523939,0.0312278,0.0412781,0.0489562,0.0527901,0.0633263,0.027115,0.0664327,0.0787562,0.0417442,0.0694359,0.0593069,0.0664904,0.0912395,0.100434,0.0976977
947.144,0.0405816,0.0420338,0.0526978,0.0533524,0.0414113,0.0546801,0.054508,0.0736089,0.0504846,0.059437,0.0804715,0.0897982,0.0607814,0.0723808,0.0833529,0.0860778,0.109117,0.104337,0.109768
947.471,0.0617173,0.0503913,0.0566126,0.0550157,0.0591875,0.0565043,0.0625234,0.0517994,0.0654795,0.05804,0.087224,0.0878609,0.100731,0.0919152,0.0745331,0.107572,0.104773,0.107969,0.129118
947.798,0.0579805,0.0671938,0.0667711,0.0664778,0.0641072,0.0588609,0.0542316,0.0717991,0.0788655,0.0614015,0.0943142,0.0790881,0.0826109,0.101199,0.0988326,0.0934111,0.107444,0.11655,0.135073
948.125,0.0489234,0.0271364,0.0511822,0.0561772,0.0511312,0.028693,0.0478848,0.0582612,0.0387036,0.0575453,0.0558505,0.0779767,0.0746848,0.0673125,0.0898168,0.098559,0.0854499,0.0796407,0.109627
948.451,0.0146,0.0384766,0.0379729,0.0298109,0.0252096,0.0434212,0.0275018,0.0425028,0.0159981,0.0335054,0.0439038,0.0592204,0.0571295,0.0593012,0.0685945,0.0739169,0.0578502,0.0698265,0.0964884
948.778,0.0441553,0.0391222,0.039316,0.0477753,0.0288869,0.0232189,0.0365377,0.0485719,0.0301185,0.0305143,0.0616914,0.0597768,0.0472719,0.0653734,0.0725221,0.071142,0.102858,0.0866958,0.104278
949.104,0.0395519,0.0571633,0.0285755,0.0341859,0.046968,0.0421917,0.0444157,0.0636506,0.0481552,0.0670508,0.049559,0.0639708,0.0690531,0.0523896,0.0567974,0.0799842,0.104324,0.0914844,0.122882
949.43,0.0442069,0.0656075,0.0525644,0.0547765,0.0476696,0.0499324,0.0573325,0.0625299,0.0476379,0.0623661,0.041999,0.0756619,0.0871911,0.0900128,0.0901812,0.0697841,0.0767969,0.0772643,0.109606
949.756,0.040309,0.0486885,0.0820143,0.0642429,0.0480129,0.043126,0.0390348,0.050893,0.0729315,0.0631208,0.0477411,0.0660734,0.0764913,0.0857286,0.088177,0.0850014,0.0989169,0.108182,0.133852
950.082,0.0486595,0.0371847,0.0527765,0.066133,0.0518075,0.0619109,0.0376073,0.059019,0.0519145,0.0540289,0.0686452,0.0927764,0.086775,0.107932,0.100512,0.0901106,0.0858077,0.12177,0.131488
950.408,0.0465058,0.0337975,0.047343,0.0527522,0.059618,0.0552649,0.078788,0.0707338,0.0719375,0.0702929,0.0557718,0.0726256,0.0568645,0.0705197,0.0987433,0.0841644,0.0982059,0.0993029,0.105709
950.734,0.0722556,0.0777941,0.0652721,0.0710847,0.0740457,0.0574625,0.0779613,0.0837188,0.0712668,0.0936097,0.0850088,0.0991932,0.0702049,0.0867028,0.104115,0.0997139,0.0990029,0.0977374,0.113211
951.059,0.026066,0.0444692,0.0579036,0.0455569,0.0239312,0.0593162,0.0434995,0.0446993,0.0172976,0.0453763,0.0585493,0.0528039,0.0519523,0.0501983,0.0888015,0.0806239,0.0887576,0.0866525,0.11846
951.385,0.066199,0.0588167,0.0684893,0.0447872,0.0539108,0.0810134,0.072788,0.0689902,0.0531271,0.0524624,0.0785607,0.0755797,0.0731339,0.0830813,0.0971328,0.0858338,0.112611,0.0974125,0.131722
951.71,0.043372,0.0328622,0.0426439,0.0560514,0.0326592,0.0597034,0.0739782,0.0524484,0.0493228,0.0367068,0.0499645,0.0761541,0.0711146,0.0553949,0.0673338,0.0748908,0.115568,0.0849173,0.105297
952.035,0.0408809,0.0313436,0.0569734,0.0440454,0.0593103,0.0454951,0.045758,0.0647208,0.0433472,0.0441134,0.0426016,0.0562647,0.0755917,0.0579075,0.081551,0.0815281,0.0740848,0.10656,0.124213
952.36,0.0664002,0.0518265,0.0728731,0.0334824,0.0420635,0.0846744,0.0776277,0.0838088,0.0756329,0.072402,0.0837175,0.0994064,0.098369,0.0809748,0.0984121,0.090296,0.094766,0.132137,0.125925
952.685,0.0484827,0.0546298,0.0348703,0.0340843,0.0649559,0.062055,0.0649418,0.0589166,0.0771252,0.0572476,0.0789894,0.0871764,0.0549888,0.0782742,0.076445,0.0902463,0.0989534,0.0974485,0.119878
953.01,0.0662764,0.05021,0.0394081,0.0479003,0.0556228,0.061145,0.0541585,0.0696325,0.044648,0.0635798,0.0606982,0.0846594,0.0790797,0.0865511,0.0724133,0.078804,0.113181,0.0819863,0.105457
953.335,0.0246827,0.0348694,0.0374749,0.0351,0.0436765,0.0513934,0.0484442,0.0475128,0.0486735,0.0374635,0.0654302,0.0671136,0.0937613,0.0950223,0.0824253,0.0728642,0.0906072,0.0988219,0.108691
953.659,0.0398888,0.0539214,0.0510267,0.0450749,0.0292077,0.0377404,0.0444595,0.0676479,0.0622068,0.0341294,0.0589822,0.0660515,0.0748693,0.0715261,0.0738158,0.0747727,0.0919985,0.0772593,0.088834
953.984,0.03595,0.0397525,0.0508129,0.0496249,0.0418766,0.0404977,0.0737753,0.0467873,0.0799925,0.0520949,0.0623755,0.0815646,0.100925,0.116764,0.0973339,0.119804,0.140885,0.0928806,0.127074
954.308,0.0299065,0.0402716,0.0452893,0.0493198,0.0402788,0.0416286,0.0274447,0.0455177,0.0565521,0.0518464,0.0390458,0.0606644,0.0621813,0.0679259,0.0677085,0.099977,0.0771111,0.0834751,0.095972
954.632,0.0317114,0.0492511,0.021773,0.0222022,0.0441461,0.0349033,0.0275762,0.027251,0.0464845,0.0658215,0.0473996,0.0591489,0.0437641,0.0641034,0.0648953,0.0894262,0.0600934,0.0591319,0.101687
954.956,0.0123763,0.0288858,0.0125904,0.0227661,0.0134448,0.0200342,0.0160657,0.0222065,0.0294601,0.00187963,0.0538194,0.0533509,0.0226686,0.0528498,0.0476331,0.0501636,0.0427084,0.0618082,0.0827643
955.28,0.0460641,0.0532184,0.0492554,0.0193404,0.0409249,0.0561409,0.0495468,0.036699,0.0599577,0.0506489,0.0659732,0.065915,0.0771637,0.0699393,0.0730769,0.0647524,0.0865048,0.0754485,0.0725063
955.604,0.0108745,0.0326547,0.017308,0.0441795,0.0356871,0.0330332,0.0307559,0.0363675,0.00957252,0.0440324,0.0648698,0.0542064,0.0693455,0.065682,0.0630525,0.0895226,0.0734572,0.0956759,0.0850324
955.927,0.066972,0.0620333,0.0409242,0.0789128,0.0676078,0.0620909,0.0961846,0.0478786,0.0588781,0.0751939,0.0626704,0.0608102,0.0927893,0.0627171,0.0821969,0.117658,0.109519,0.085335,0.129563
956.251,0.0641488,0.0502007,0.0769457,0.0917475,0.0632899,0.0791586,0.048682,0.0724864,0.0773179,0.093649,0.0969553,0.0769869,0.0770628,0.0895936,0.0959776,0.100954,0.105775,0.102016,0.108751
956.574,0.019446,0.0643237,0.0710657,0.0776764,0.0512814,0.0466742,0.0631191,0.0583399,0.071021,0.0458702,0.0455068,0.0740478,0.0811738,0.0438867,0.0538642,0.092736,0.0848786,0.0612813,0.114276
956.897,0.0510309,0.0237652,0.0564906,0.0505307,0.0403727,0.0778299,0.0460794,0.0714588,0.0425844,0.0521226,0.0767135,0.0387895,0.0541252,0.108343,0.0777071,0.0939189,0.0853918,0.0973584,0.123189
957.22,0.0261858,0.0120735,0.0545351,0.0297478,0.0556667,0.0405675,0.0273507,0.036089,0.0702629,0.0533039,0.0444238,0.0686266,0.082073,0.0858528,0.059792,0.0659254,0.0595714,0.113605,0.0977754
957.543,0.03501,0.0389809,0.0785823,0.0553629,0.0491027,0.0408989,0.0483845,0.0642365,0.0783253,0.0641429,0.0607565,0.0560431,0.105462,0.109081,0.0781499,0.113855,0.0747619,0.111482,0.114458
957.866,0.0590935,0.0489483,0.0569918,0.0835601,0.0546133,0.0570096,0.0431341,0.0709449,0.0729726,0.0889547,0.0753502,0.0895554,0.0678596,0.107843,0.0810134,0.104118,0.1055,0.130835,0.137164
958.189,0.0210044,0.0362902,0.0303334,0.0171872,0.0328899,0.0486255,0.0234966,0.0473826,0.0293799,0.0423537,0.0354875,0.0512256,0.0533909,0.0482803,0.0510982,0.0781194,0.0709759,0.073222,0.0951994
958.512,0.0463615,0.0269445,0.0478494,0.040163,0.0703291,0.0358562,0.0290736,0.0499842,0.0650365,0.0690143,0.0808788,0.0623156,0.045619,0.0811204,0.0698225,0.0587767,0.0629929,0.0847505,0.108345
958.834,0.0691508,0.0662745,0.0530873,0.0450436,0.0587346,0.0597409,0.0346345,0.0458732,0.0375931,0.0531568,0.0691238,0.0797166,0.0674005,0.0838991,0.112748,0.0939474,0.0771814,0.089811,0.133934
959.156,0.0649049,0.0477246,0.076373,0.0942528,0.062234,0.088092,0.0579155,0.0761926,0.0715415,0.0566088,0.089207,0.0877682,0.0878558,0.0854061,0.107171,0.103858,0.0877599,0.122349,0.145472
959.479,0.0816946,0.0572972,0.0699828,0.137542,0.0857533,0.0828142,0.0788756,0.0991846,0.0947675,0.0750231,0.0984733,0.0835804,0.0850273,0.077247,0.101184,0.14502,0.130426,0.111886,0.140985
959.801,0.0277382,0.0372657,0.0628984,0.0348105,0.0609738,0.0111986,0.0356474,0.034546,0.04685,0.0493988,0.0478786,0.0561481,0.0421913,0.0496466,0.0572344,0.0602776,0.0879347,0.0809639,0.108079
960.123,0.0307472,0.052386,0.0624002,0.0415351,0.0541009,0.0562453,0.0711994,0.0877232,0.0728445,0.0793938,0.070615,0.0835778,0.0611684,0.068804,0.0672093,0.0959671,0.0869893,0.0806642,0.13204
960.445,0.0460736,0.0419178,0.0431303,0.0385831,0.0566696,0.040563,0.0579487,0.0422052,0.046472,0.0540807,0.0710235,0.0477844,0.0678218,0.0749987,0.0952448,0.0675125,0.114805,0.0778159,0.112251
960.766,0.0410371,0.0284662,0.0247672,0.0335973,0.0361413,-0.00609582,0.0322822,0.0692954,0.0286192,0.0439868,0.0106855,0.0385105,0.0496687,0.0708811,0.0570147,0.0759699,0.0619442,0.0975983,0.113259
961.088,0.0835604,0.0713837,0.0579539,0.0434997,0.0722903,0.0679297,0.0607068,0.0589996,0.0573242,0.0414005,0.0598856,0.0738281,0.0748019,0.114619,0.0923374,0.0740056,0.0976031,0.096493,0.13531
961.409,0.0619523,0.0416422,0.0725742,0.0614443,0.0735432,0.0657408,0.0778131,0.0783732,0.103207,0.0864269,0.104315,0.105117,0.0831271,0.115844,0.0869104,0.133665,0.128583,0.12942,0.154431
961.731,0.0313131,0.0557469,0.0478572,0.0746164,0.0630446,0.0448517,0.0493237,0.0673928,0.0618639,0.0816194,0.080455,0.105761,0.0871542,0.0900329,0.0944798,0.0801738,0.0866874,0.138681,0.120363
962.052,0.0609148,0.0765327,0.0820912,0.0720324,0.0743653,0.0656857,0.0874661,0.082246,0.087714,0.0750886,0.104177,0.121995,0.104777,0.126783,0.125774,0.121168,0.128198,0.125342,0.142623
962.373,-0.0177047,0.00926417,0.032034,0.0382797,0.0357772,0.0487396,0.0265204,0.0554239,0.0533876,0.040531,0.0276465,0.0497833,0.0718775,0.0512518,0.0525307,0.067274,0.0489725,0.0771414,0.0964459
962.694,0.00755181,0.0192954,0.0308346,0.0276614,0.0265552,0.0162515,0.0410321,0.0363087,0.0336809,0.0274229,0.0356848,0.0339421,0.0381937,0.0506393,0.0217913,0.0729502,0.0679193,0.040332,0.0825837
963.015,0.0286873,0.00162086,0.050924,0.0393445,0.0363136,0.057779,0.0341696,0.0154969,0.0429225,0.0540646,0.0470709,0.0444857,0.0433032,0.0755196,0.0833348,0.0644708,0.0613099,0.0481383,0.111734
963.335,0.00150109,0.039125,0.0230495,0.0259056,0.0553826,0.0241376,0.046884,0.0329269,0.0391515,0.0693181,0.0507285,0.0578354,0.0397495,0.0599467,0.0780538,0.062619,0.0562807,0.0735533,0.0833682
963.656,0.0207521,0.0139565,0.0204489,0.0201336,0.0136117,0.0238895,0.0283906,0.0303737,0.0151937,0.0501048,0.035711,0.0498542,0.0275925,0.0392489,0.0285486,0.0668233,0.0562286,0.0789245,0.10061
963.976,0.036857,0.043958,0.0678644,0.0631346,0.0636011,0.0638861,0.0684295,0.074295,0.0569049,0.0732633,0.0611254,0.0643639,0.104055,0.0742425,0.0872967,0.0668925,0.0852053,0.113504,0.107537
964.297,0.0791941,0.0631313,0.0609459,0.0611343,0.0358439,0.0805915,0.0570587,0.0745532,0.0539611,0.0786308,0.0450627,0.0955686,0.0927095,0.07975,0.0835979,0.102445,0.103923,0.111341,0.11428
964.617,0.0134747,0.06193,0.0664271,0.0508824,0.0466765,0.0562251,0.0709448,0.0694311,0.0528678,0.044203,0.0611805,0.0635987,0.0781444,0.0884277,0.0860155,0.0926385,0.104525,0.104127,0.119526
964.937,0.0648835,0.0360807,0.0483291,0.042902,0.0450601,0.0633921,0.0525693,0.0811857,0.0609999,0.0500084,0.0707401,0.0587781,0.0799947,0.0773037,0.0816406,0.0773114,0.0927846,0.104402,0.0959396
965.257,-0.000476699,-0.0166552,0.0192162,0.00835492,0.0311839,0.0114203,-0.00680121,0.0264225,0.0287243,0.0298469,0.032002,0.0188544,0.0209392,0.0437984,0.0311782,0.0471635,0.0428755,0.0714412,0.0732018
965.577,0.00910779,0.0286211,0.0444946,0.0256337,0.0539389,0.0377895,0.0351521,0.0574567,0.0596343,0.0443754,0.0480041,0.0341278,0.0633601,0.076968,0.0623187,0.0595036,0.0945583,0.0690364,0.118906
965.896,0.0699403,0.0214009,0.0472538,0.0862883,0.0443344,0.0504948,0.0429154,0.0424633,0.0631719,0.0842229,0.0690755,0.0699567,0.0667582,0.0793552,0.0710399,0.100818,0.104098,0.111307,0.113185
966.216,0.0305647,0.0281185,0.0234523,0.0321846,0.0292599,0.0382954,0.0497469,0.0104361,0.0434221,0.058599,0.0400477,0.0663599,0.0572394,0.0535263,0.045586,0.0500518,0.0871437,0.0849554,0.0930132
966.535,0.0178664,0.0342433,0.0382183,0.0552393,0.0260726,0.0329235,0.0336619,0.0495861,0.0371117,0.0426801,0.0313502,0.0766655,0.0422483,0.0532269,0.0640906,0.0558605,0.0840174,0.0814449,0.0984493
966.854,0.0582414,0.0273388,0.0508119,0.0756118,0.0410658,0.0370689,0.00226047,0.081049,0.0439249,0.0558125,0.0872934,0.0620586,0.0871262,0.0900674,0.0897634,0.111711,0.115626,0.110371,0.141375
967.174,0.0223536,0.0584255,0.09884,0.0759449,0.0595907,0.0458962,0.0517995,0.0486925,0.045156,0.0647034,0.0767175,0.0929464,0.0773096,0.109262,0.105343,0.0889676,0.106473,0.106277,0.130023
967.493,0.00112726,0.0295503,0.0421491,0.0296406,0.027285,0.0268007,0.0127325,0.0191723,0.0453612,0.00995322,0.0670967,0.0371683,0.0715956,0.0577203,0.0682436,0.0546516,0.0502005,0.08996,0.10802
967.811,0.0189209,0.0658874,0.0332654,0.0188653,0.0367566,0.0409109,0.0648093,0.0332006,0.0284597,0.0425372,0.0755753,0.0624354,0.0399434,0.0462229,0.0630415,0.0902679,0.0819145,0.077241,0.103016
968.13,-0.00226437,0.018122,0.0203467,0.0327546,0.0173542,0.0235112,0.0107601,0.0499922,0.019925,0.0266063,0.0265744,0.0485882,0.0385507,0.0707615,0.0514009,0.0734367,0.0449751,0.107035,0.107271
968.449,0.060019,0.0682966,0.0411954,0.0332512,0.0331087,0.0326988,0.065476,0.057464,0.0752644,0.080045,0.0514977,0.093633,0.0645526,0.0959157,0.077271,0.0965393,0.105575,0.122593,0.154885
968.767,0.0511007,0.0693745,0.057647,0.0644628,0.0591778,0.0348666,0.0620635,0.0362103,0.0541172,0.0695566,0.0747685,0.101738,0.0661362,0.0674218,0.0860334,0.0881354,0.10465,0.101641,0.117263
969.086,-0.00414684,0.00799218,0.0063757,0.0319429,-0.00150534,0.0342384,0.0193312,0.00682721,0.0159312,0.0254896,0.0121808,0.0435849,0.0115768,0.0234437,0.0255061,0.0511407,0.0727014,0.0499509,0.0961783
969.404,0.0972031,0.0636646,0.0960615,0.0686552,0.0728107,0.0969671,0.0815252,0.0750919,0.0406038,0.0788648,0.0789711,0.0828516,0.122942,0.08036,0.0968103,0.12422,0.125503,0.126836,0.144888
969.722,0.0678545,0.0401818,0.0284555,0.0417127,0.0549993,0.0688046,0.0543454,0.0403177,0.0316589,0.0685005,0.0601213,0.0406272,0.0514828,0.0887635,0.0896961,0.066053,0.0936738,0.131197,0.130764
970.04,0.00522143,0.00585978,0.0336984,0.0616763,0.0362287,0.0318048,0.0399435,0.0174166,0.0164105,0.0506537,0.03171,0.0657166,0.0607997,0.0463024,0.0521081,0.0870272,0.0892976,0.101186,0.134169
970.358,0.0559354,0.0707616,0.052354,0.0540091,0.0394632,0.062876,0.0521868,0.0792727,0.0854719,0.0813627,0.0703584,0.101763,0.100965,0.100321,0.110168,0.0889591,0.1194,0.0984903,0.128536
970.676,0.0459425,0.0239394,0.0381198,0.0190726,0.0209775,0.0272252,0.036524,0.0275602,0.00798635,0.0499579,-0.00114893,0.0308303,0.0299999,0.0435647,0.0471331,0.0522116,0.0898497,0.0662761,0.0809101
970.993,0.0631441,0.0648986,0.0941701,0.0835733,0.10164,0.030679,0.0648428,0.0530119,0.05176,0.0608054,0.0660506,0.105523,0.0736939,0.0931657,0.103211,0.12371,0.124528,0.124899,0.144486
971.311,0.0672098,0.0626737,0.0798569,0.061001,0.0661185,0.0653339,0.0706017,0.0926692,0.0600906,0.119835,0.0899672,0.0815673,0.069939,0.0910754,0.123869,0.119317,0.112983,0.145586,0.164478
971.628,0.0519756,0.0529784,0.0668529,0.0430365,0.0400793,0.0497553,0.077612,0.0293321,0.0520585,0.0530675,0.0609898,0.0859546,0.0877456,0.0597406,0.071366,0.120825,0.0877441,0.107644,0.102554
971.945,0.0304925,0.0268093,0.0178871,0.0119386,0.041387,0.0398768,0.0829331,0.00990363,0.0522252,0.0502751,0.0752457,0.0853354,0.0447076,0.0519086,0.0712372,0.0690872,0.0922754,0.0964955,0.105605
972.262,0.0355994,0.0597053,0.0609029,0.0747994,0.0335859,0.0197951,0.0710531,0.0228379,0.068046,0.0409834,0.0754157,0.0861479,0.0797992,0.0761568,0.087874,0.0752017,0.0911992,0.128515,0.104465
972.579,0.0540149,0.0521235,0.0299697,0.0253985,0.0406166,0.00849808,0.0267185,0.0269376,0.0257462,0.0784766,0.0590554,0.0461578,0.0484041,0.0647194,0.0957109,0.0711913,0.105329,0.10741,0.150679
972.896,0.0677612,0.0714494,0.0576714,0.0988569,0.0534337,0.0851823,0.0355957,0.074047,0.093284,0.0644327,0.119976,0.117996,0.0934283,0.112466,0.111258,0.143095,0.12606,0.0847218,0.167205
973.213,0.0233348,0.0364016,0.0547647,0.0593368,0.037846,0.0474388,0.020752,0.0257789,0.0460427,0.0691882,0.07065,0.0727721,0.054957,0.0987379,0.0771715,0.0820692,0.106123,0.0914089,0.127475
973.53,0.0770123,0.0957922,0.0814753,0.120397,0.0925013,0.12847,0.123233,0.106036,0.118406,0.100468,0.11673,0.115931,0.139689,0.112946,0.095106,0.137641,0.193307,0.167211,0.144515
973.846,0.0791706,0.0654174,0.100996,0.0730333,0.0455349,0.0485536,0.0748193,0.0712268,0.0849178,0.0841481,0.0874616,0.0924583,0.107937,0.102496,0.105737,0.111762,0.122956,0.142579,0.150019
974.162,0.0466594,0.0491948,0.0383944,0.0472227,0.0465877,0.0517294,0.0608275,0.0498368,0.0457704,0.0652521,0.112277,0.0869823,0.0994963,0.114627,0.108495,0.0948001,0.140976,0.109041,0.100173
974.479,0.0233599,0.0633225,0.0676506,0.023384,0.0268934,0.0558912,0.0650271,0.0673941,0.072625,0.111374,0.0287102,0.0782538,0.0746996,0.073686,0.102121,0.119896,0.0939829,0.112727,0.0756138
974.795,0.027468,0.0351222,0.0569714,0.049597,0.0632992,0.0348737,0.0385706,0.0597082,0.0432292,0.0785921,0.0839146,0.0737959,0.0697885,0.0610098,0.0915166,0.0824391,0.0914353,0.0643962,0.12523
975.111,0.0478264,0.0523864,0.0689779,0.0487326,0.0771948,0.0484986,0.0517401,0.0499689,0.085741,0.0720584,0.0327536,0.0645156,0.0826937,0.100975,0.0980093,0.108809,0.119742,0.0945244,0.130346
975.426,0.0577562,0.0604636,0.056128,0.0748425,0.0969239,0.0836199,0.0297824,0.0589426,0.0740722,0.0450569,0.0406133,0.0672174,0.0701652,0.0811015,0.087963,0.0739045,0.0878167,0.0878949,0.103565
975.742,0.0172001,0.011268,0.0177599,0.0437882,0.0262883,0.0543809,0.0242502,0.0366059,0.00651487,0.0461911,0.0452409,0.0534704,0.0639574,0.0676353,0.0924525,0.048768,0.0983371,0.0789597,0.0832119
976.058,0.0478772,0.0316904,0.0307103,0.029038,0.0482386,0.020049,0.0464637,0.0480759,0.0237687,0.0435694,0.0439786,0.0575674,0.051353,0.078221,0.093123,0.0484101,0.0601651,0.0820994,0.106753
976.373,0.0590223,0.0251527,0.0557127,0.0432342,0.0708956,0.0593787,0.0322541,0.0321788,0.0412313,0.0506939,0.0607753,0.0542388,0.071866,0.0790696,0.0472662,0.0800748,0.0865075,0.0795047,0.132376
976.688,0.0342383,0.0109519,0.0490258,0.0722077,0.059766,0.0456198,0.0531841,0.0698021,0.0314269,0.0520801,0.107084,0.0777005,0.0527725,0.0874243,0.0890076,0.0947846,0.0625921,0.083983,0.0911418
977.004,0.0642297,0.0741909,0.0225003,0.0366644,0.0571317,0.0347574,0.0670448,0.034279,0.0581187,0.0564265,0.0827764,0.070576,0.0874494,0.108191,0.0994552,0.0810334,0.0784347,0.0962793,0.111303
977.319,0.0506268,0.0329238,0.0318635,0.0351321,0.0670043,0.0686026,0.0569023,0.049067,0.0704097,0.038992,0.0323804,0.0457955,0.0673628,0.0738308,0.0693672,0.0212273,0.0723142,0.0980451,0.0977786
977.633,0.00871995,-0.0144253,-0.0192443,0.0172789,0.00129711,0.00562642,0.0382408,0.00571363,0.0329502,0.0212431,0.0283287,0.0253501,0.0294242,0.0389085,0.07625,0.0790296,0.0373858,0.0498993,0.0898512
977.948,0.0327195,0.0102516,0.0260317,0.0886278,0.0199466,0.0226624,0.0163597,0.0285888,0.0221861,0.0537854,0.0544136,0.0650794,0.0792082,0.0356033,0.040214,0.0509238,0.0687791,0.0854167,0.079273
978.263,0.0408803,0.0554646,0.0892507,0.0580447,0.0592398,0.0488789,0.0959549,0.0823072,0.0830899,0.0618155,0.105924,0.0833813,0.102664,0.0892494,0.0746167,0.0821286,0.119788,0.111782,0.160782
978.577,-0.00419371,0.0220693,0.0375781,0.0159027,0.0404606,0.028981,0.0284661,0.0223583,0.023947,0.0451298,0.0405198,0.0720707,0.0440762,0.0519283,0.0982624,0.0397208,0.0633617,0.0702906,0.0854742
978.892,0.0817179,0.0548668,0.0332648,0.0841096,0.0309932,0.0478332,0.0558352,0.0632303,0.0694235,0.0254464,0.0498733,0.103075,0.0897088,0.0466378,0.105985,0.0776307,0.112327,0.0925205,0.172793
979.206,0.0124042,-0.000633163,0.0273666,0.0569804,0.0255279,0.060982,0.0170552,0.0140822,0.0512516,0.086436,0.0523383,-0.000648442,0.0340714,0.0608433,0.0662511,0.101377,0.0234381,0.0849239,0.121025
979.52,0.0843636,0.0920977,0.0641172,0.110482,0.108896,0.08867,0.100204,0.11142,0.0722597,0.0789309,0.140729,0.0872406,0.137784,0.0907039,0.113117,0.145686,0.118444,0.120433,0.157779
979.834,0.0280014,0.0400411,0.0455224,0.0274878,0.0417051,0.0261848,-0.0111776,0.0503139,0.0477335,0.0583494,0.0662754,0.030436,0.0476909,0.0621055,0.0854848,0.0592826,0.0189536,0.0306305,0.0827096
980.148,0.0616054,0.0560284,0.0475796,0.0264627,0.0615032,0.0480453,0.0424005,0.0322735,0.00840338,0.0562539,0.0583968,0.103153,0.0333534,0.077089,0.0483292,0.0825398,0.0773653,0.0987988,0.111267
980.462,0.0424548,0.0274172,0.059983,0.0464496,0.0067159,0.0522003,0.0576709,0.0357233,0.0173579,0.0501201,0.0842023,0.0730948,0.0825063,0.0742033,0.0945862,0.0770131,0.0797529,0.0796037,0.111681
980.776,0.070025,0.0296879,0.0421986,0.0244311,0.0313929,0.0563688,0.0298704,0.070627,0.0655648,0.0395655,0.0607049,0.0999897,0.0688102,0.0935828,0.0809398,0.0896543,0.0675856,0.123482,0.0936693
981.089,0.0677415,0.062666,0.0752507,0.123526,0.077778,0.0867617,0.0793337,0.0885073,0.1028,0.101072,0.103053,0.101291,0.0977308,0.11668,0.138387,0.129294,0.145709,0.108285,0.138767
981.402,0.0324017,0.0375043,0.0245837,0.0386119,0.0539154,0.0580619,0.0351375,0.0288825,0.0470455,0.0586281,0.0459142,0.0470287,0.056566,0.112855,0.0648426,0.0949428,0.0713648,0.103712,0.117139
981.716,0.0320065,0.0470798,0.0245732,0.0219413,0.0768369,0.0669943,0.0168867,0.0232139,0.0388905,0.0480795,0.0273815,0.0771007,0.0573789,0.0945137,0.0295703,0.068014,0.0414442,0.0807113,0.0773052
982.029,0.00607747,0.0323599,0.0337037,0.0509493,0.0657779,0.0415463,0.0302923,0.0388571,0.0567165,0.0381924,0.0766217,0.0619971,0.0921012,0.0698037,0.0695564,0.0856387,0.0766847,0.0785042,0.106437
982.342,0.0282855,0.05238,0.0219799,0.0230501,0.0430269,0.0303804,0.0263721,0.0461446,0.0449863,0.0301994,0.0498785,0.00497838,0.0266242,0.0363876,0.0857777,0.0857621,0.0878236,0.0716524,0.0905885
982.655,0.0978918,0.0239412,0.0468107,0.0352003,0.0450508,0.032083,0.0464969,0.0547193,0.0791937,0.0646002,0.0902883,0.0615525,0.0469883,0.0693112,0.0923841,0.0848595,0.11666,0.0823411,0.0949478
982.967,0.0274337,0.0303662,0.0413437,0.0404651,0.0392765,0.0148815,0.0228358,0.00754427,0.0328657,0.0508315,0.0403138,0.0442776,0.0357194,0.048023,0.060708,0.072175,0.0441966,0.0466062,0.0871473
983.28,0.0519976,0.0861148,0.0988722,0.0579791,0.0848441,0.072167,0.0796521,0.0569049,0.0209423,0.0981083,0.0846621,0.101733,0.0988864,0.0897199,0.145496,0.131302,0.120664,0.12489,0.15091
983.592,0.0670828,0.0559263,0.0728124,0.042839,0.0671008,0.0471527,0.0360177,0.0392854,0.0527683,0.0602957,0.0986079,0.104696,0.0880645,0.0795125,0.0993085,0.0813361,0.147026,0.105434,0.125483
983.905,0.0478962,0.0369327,0.0138109,0.0295814,0.0661561,0.0318624,0.0414551,0.0585412,0.0351572,0.0692764,0.0894514,0.0470795,0.077306,0.0417932,0.0924211,0.0945436,0.0991517,0.111028,0.0875267
984.217,0.0975071,0.0559761,0.0924238,0.0487632,0.0374886,0.0466792,0.066437,0.0436457,0.054074,0.0562441,0.0153221,0.0590468,0.0751757,0.0626609,0.0808342,0.119908,0.0913648,0.0757576,0.108204
984.529,0.0692134,0.0582182,0.0528284,0.0613139,0.078299,0.0249723,0.08344,0.0709237,0.114258,0.105081,0.109645,0.0852471,0.104724,0.0896886,0.101333,0.117098,0.116794,0.095371,0.204315
984.841,0.0419496,0.087835,0.0533639,0.0505327,0.0266184,0.0365485,0.0515266,0.0820795,0.0644469,0.0554354,0.0995986,0.112901,0.10276,0.114191,0.0793797,0.107003,0.0864906,0.111548,0.180254
985.153,-0.00368627,-0.0293503,-0.00682771,0.02206,0.0250349,0.00432422,-0.0121577,0.00763968,0.00304763,0.0255059,0.0489469,0.0394748,0.014623,0.0219532,0.0338158,0.048427,0.0437491,0.0385108,0.0629329
985.465,0.0343987,0.0468404,0.017042,0.0324994,0.0672977,0.0554069,0.044135,0.0495343,0.00765741,0.0413386,0.0493162,0.0769389,0.0703887,0.066273,0.0362854,0.0501604,0.0529997,0.0608668,0.074238
985.776,0.031202,0.0348097,0.060737,0.0107186,0.0306319,0.0281054,0.0508075,-0.00632347,0.0293828,0.0409573,0.071537,0.0350743,0.0617087,0.0502167,0.0294116,0.0685498,0.0680116,0.0421576,0.0715865
986.088,0.0521508,0.0421385,0.0667207,0.0959448,0.106157,0.0720867,0.0461293,0.0902744,0.0591292,0.0996127,0.0552588,0.0716694,0.103626,0.0793103,0.0878897,0.112854,0.1086,0.11761,0.154164
986.399,0.0456744,0.0334987,0.052223,0.0403449,0.0487539,0.0566695,0.0438827,0.0633074,0.0394157,0.0994253,0.0266661,0.0922953,0.0733807,0.114446,0.0924008,0.0813443,0.0957586,0.11427,0.119593
986.71,-0.0133832,0.0226781,0.0329702,0.0136068,0.0490179,0.0165916,0.00770094,0.00305609,0.0222201,0.0621427,0.0392463,0.0835587,0.0405389,0.0448811,0.0409829,0.0796787,0.0426099,0.0409804,0.0835019
987.021,0.00433785,0.0394339,0.00506365,0.0197962,0.0846045,0.0465861,0.046907,0.0100823,0.0374775,0.0522874,0.0452805,0.0293277,0.0732068,0.0286431,0.0769852,0.0497727,0.0564519,0.0613754,0.050949
987.332,0.0679014,0.0513256,0.0985976,0.0409461,0.0254255,0.087771,0.0655016,0.0243353,0.0788829,0.0502706,0.113475,0.0891638,0.0698635,0.0512403,0.0941249,0.108083,0.105542,0.114481,0.123922
987.643,0.0457784,0.0463705,0.0360501,0.0474218,0.0243828,0.0204147,0.00613965,0.00229718,0.052066,0.0565683,0.0261373,0.0250994,0.0554915,0.0563991,0.0480515,0.0943874,0.052513,0.105251,0.116739
987.954,0.0455268,0.0790215,0.0178535,0.048407,0.0830175,0.0469025,0.0367576,0.0820999,0.07445,0.0507074,0.0453445,0.0685507,0.0919286,0.120214,0.0928956,0.123,0.109917,0.0687709,0.137447
988.264,0.00871351,0.00235541,0.0475848,0.0167882,0.0381551,0.0394778,0.0209884,0.0575671,0.0543979,0.0168752,0.0452029,0.00377872,0.0455447,0.0380253,0.0869598,0.0736832,0.08521,0.0552633,0.0718401
988.575,0.0616786,0.0268387,0.00827735,0.0152107,0.0077229,0.0475115,0.0159581,0.0529078,0.0488264,0.0436849,0.0202556,0.0498388,0.0501738,0.0686894,0.031095,0.0579627,0.0559796,0.0774833,0.0640536
988.885,0.0912548,0.0971065,0.0652591,0.0921077,0.0767176,0.0365485,0.0693671,0.0681748,0.0695587,0.103805,0.0546144,0.0826667,0.115377,0.0971124,0.126519,0.0632221,0.133181,0.0740331,0.156906
989.195,-0.0165248,0.0509447,0.0198532,0.0203959,0.0317534,0.0274768,0.0230998,0.010112,0.0419908,0.0403341,0.0238435,0.0853145,0.0731354,0.0735766,0.0943486,0.0595794,0.0963821,0.0785569,0.0667998
989.505,0.0492028,0.0661658,0.0549341,0.0806382,0.0638374,0.059173,0.0941388,0.0433131,0.0652049,0.0846362,0.0809852,0.117776,0.0903739,0.0729908,0.124258,0.10553,0.0803126,0.114084,0.1381
989.815,0.0180882,0.0347313,0.0429337,0.0293393,-0.0110151,0.0485255,0.0232111,0.0196425,0.00307731,0.079973,0.044387,0.0555165,0.0622482,0.0947763,0.0784316,0.0710064,0.0678073,0.0655613,0.111744
990.125,0.0780085,0.0813299,0.10509,0.089006,0.0762886,0.0163538,0.0717467,0.053131,0.0780866,0.0821579,0.0958493,0.0526134,0.11642,0.129167,0.103214,0.11105,0.0626455,0.133106,0.125827
990.434,0.0544456,0.0625427,0.0756713,0.0710824,0.063412,0.0809298,0.110659,0.0346332,0.121936,0.119572,0.0629145,0.102036,0.0934235,0.100679,0.101204,0.125577,0.149891,0.123169,0.162882
990.744,0.0667693,0.016927,0.0260276,0.0986336,0.0912176,0.0884699,0.0918032,0.0708147,0.162048,0.0327571,0.107194,0.0687715,0.111839,0.157415,0.12169,0.126903,0.144941,0.161629,0.154685
991.053,0.0623539,0.0518765,0.0378849,0.0145314,0.0258195,0.0544797,0.0748945,0.0547068,0.029778,0.0588578,0.0751556,0.0395602,0.0701189,0.0694937,0.058418,0.0716998,0.0816329,0.0927583,0.10505
991.362,0.0721829,0.0204733,0.0507072,0.0323997,0.0221316,0.0509087,0.0359766,0.0676545,0.0605121,0.029673,0.0712478,0.0715731,0.0967985,0.0864296,0.0728993,0.0983508,0.115259,0.0872569,0.140307
991.672,-0.0137918,0.00358941,0.0272687,0.020366,0.0245084,-0.00661542,-0.0189012,0,0.0122085,0.0287326,0.0222312,0.043281,0.0505216,0.020253,0.0561213,0.0928695,0.0543818,0.030364,0.0889483
991.981,0.00957212,0.00674265,0.0282539,0.0785175,0.0480144,-0.0102862,0.0460476,0.0554559,0.0665039,0.0412041,0.0732238,0.0871788,0.0777755,0.103459,0.0898045,0.132966,0.108559,0.126254,0.0371598
992.289,0.0424392,0.0159739,0.0686089,0.0698384,0.0512595,0.0418755,0.0725784,0.0653307,0.0901111,0.103964,0.0791211,0.120987,0.0795588,0.0822653,0.0689964,0.115397,0.109686,0.0886549,0.102196
992.598,0.0339275,0.108331,0.0702676,0.0614784,0.123517,0.0565358,0.0292781,0.0823554,0.0547979,0.0969046,0.0335954,0.106356,0.101759,0.118371,0.0855681,0.101478,0.150233,0.176592,0.177272
992.907,0.0753832,0.0350563,0.0474901,0.0635585,0.0446126,0.0866712,0.0804584,0.0829846,0.087246,0.0498202,0.0994559,0.069158,0.11163,0.0889963,0.0735312,0.106546,0.0969674,0.132729,0.141506
993.215,0.0682491,0.0237572,0.0169014,0.0176856,0.0474862,0.0666218,0.0810895,0.0609862,0.0180151,0.0578221,0.0704864,0.0532061,0.0498636,0.0294131,0.0357306,0.10849,0.138513,0.100255,0.0626784
993.524,0.0250296,0.0467599,-0.00455847,0.00181618,0.0209967,-0.0366218,-0.0169601,0.0478765,-0.0336443,0.0452579,-0.0124508,0.059934,0.00268013,0.00471114,0.0720238,0.0354856,0.0575527,0.0438218,0.0741702
993.832,0.115233,0.0656203,0.0754047,0.0737952,0.0605255,0.0597462,0.11438,0.0725454,0.126639,0.113943,0.0569973,0.104383,0.170269,0.120057,0.115545,0.0921851,0.136497,0.135164,0.114247
994.14,0.0361565,0.0157237,0.0377265,0.068786,0.0419299,0.033771,0.06299,0.046943,0.0320325,0.0469805,0.0706809,0.0731427,0.108123,0.0822662,0.0865098,0.0451901,0.0996765,0.094587,0.110065
994.448,0.0582516,0.0483185,0.0143854,0.0561914,0.048991,0.052314,0.0629389,0.0710242,0.0291086,0.0273615,0.0713933,0.0646955,0.0896664,0.101461,0.0907858,0.0713465,0.105209,0.10575,0.121553
994.756,0.0732159,0.0155364,0.0328153,0.0732154,0.048275,0.0369346,0.0423984,0.0554443,0.0608439,0.0804884,0.0436758,0.0878192,0.104732,0.0728597,0.0808429,0.113749,0.11852,0.109117,0.103454
995.063,0.0553616,-0.000964379,0.0419218,0.0277658,0.0449087,0.0203616,0.0400548,0.00467626,0.00293285,0.00887776,0.0522179,-0.0108281,0.0269479,0.0392472,0.00580593,0.0523807,0.00972278,0.0566629,0.0495108
995.371,0.0658473,0.0741227,0.0568943,0.0912134,0.05266,0.0344539,0.0842988,0.089675,0.0237243,0.123468,0.0525527,0.0318785,0.0537376,0.0718181,0.0726409,0.108746,0.0686079,0.110249,0.070611
995.679,0.0101222,0.106525,0.0215005,0.0815557,0.0208811,0.0188839,0.0172812,0.0218808,0.015858,0.0301739,0.0210816,0.0490385,0.0882505,0.0713612,0.151263,0.135078,0.143987,0.122571,0.0625798
995.986,0.0205533,0.0122022,0.000816917,0.0341878,0.0371592,0.00822715,-0.0205449,0.0374451,0.028941,0.0241501,-0.0104361,0.0260584,0.0279225,0.0275808,-0.00551627,0.0105015,0.0434508,0.0423068,0.0631868
996.293,0.0406129,0.0617136,0.124404,0.107143,0.0720463,0.0912666,0.115884,0.0985041,0.085489,0.115835,0.115453,0.0852585,0.0948893,0.108585,0.103052,0.0982725,0.0939083,0.140601,0.13791
996.6,0.0186149,-0.0148313,0.0378235,-0.0310597,-0.00755684,0.0519815,0.0222016,0.0260377,-0.00973654,0.0468612,0.101001,0.0636485,0.0216368,0.0359547,0.077657,0.0479041,0.0768474,0.0804524,0.117669
996.907,0.0170401,-0.00592027,0.0263204,0.0437965,0.0296226,0.0296865,0.0881018,-0.00614492,0.020457,0.0417404,0.0231663,0.0549407,0.0885998,0.0545333,0.0722426,0.0642744,0.060099,0.0254357,0.081377
997.214,0.0462128,0.0326838,0.0331621,0.0225001,0.0635146,0.0441974,0.0872197,0.0710538,0.0704311,0.0530142,0.0356996,0.0736101,0.080299,0.0882174,0.042658,0.104881,0.108271,0.123919,0.0983491
997.52,0.00385299,0.0157627,-0.0329335,-0.0114521,0.0190868,-0.0100135,0.0382812,0.00484406,0.036265,0.0383646,0.0214066,0.0168898,0.0539371,0.0612084,0.0258613,0.0269709,0.0319247,0.0427326,0.105145
997.827,0.0270807,0.035627,0.0385913,0.0294637,0.0441506,0.049077,0.0365024,0.0334965,0.0148962,0.0609015,0.0501437,0.059585,0.0907778,0.045774,0.06046,0.106399,0.0958946,0.0879447,0.124103
998.133,0.00935907,0.0577479,0.0489039,0.117088,0.0680814,0.0814858,0.0682627,0.0663709,0.126857,0.048376,0.104996,0.102008,0.113189,0.117852,0.0726124,0.138006,0.0915103,0.119163,0.15304
998.44,0.0239518,0.0111486,0,0.0431357,0.0602539,-0.0193788,0.0142715,0.0566521,0.0687447,0.065814,0.0604724,0.0435526,0.0721557,0.0440188,0.0448089,0.108659,0.0718061,0.0644034,0.112336
998.746,0.0682468,0.0184658,0.00263798,0.06864,0.0475564,0.0378,-0.0217878,0.0278346,0.0238105,-0.00610851,0.0844676,0.0226241,0.0212995,0.0210877,0.0731253,0.0449489,0.0833882,0.0465084,0.0671529
999.052,0.0120379,0.0743689,0.0344178,0.0299151,0.0675687,-0.00813642,-0.0140645,0.0586046,0.0349113,0.054069,0.0465822,0.126102,0.101231,0.105084,0.0539431,0.0979225,0.0743286,0.0522657,0.0991104
999.358,0.0819936,0.0344594,0.0529213,0.0805757,0.0665883,0.0732725,0.0372977,0.102328,0.0294685,0.0620323,0.129923,0.113195,0.0968322,0.105843,0.101012,0.140322,0.151652,0.0947254,0.118365
999.664,0.000906924,0.016127,0.0314476,0.0347591,0.00273854,0.0142297,0.0826834,0.0519404,0.020592,0.0103492,0.0213361,0.0612254,0.121042,0.072589,0.0662054,0.0805873,0.114182,0.102199,0.101742
999.969,0.00958907,0.0189268,-0.00841493,0.0213162,0.0280191,-0.0219284,0.00905163,-0.0281856,0.000830223,-0.000809151,-0.00331596,0.00511062,0.0403412,0.00924944,0.0290578,0.0382187,-0.0302977,0.00963423,0.0395437
1000.27,0.0245777,0.10094,0.065182,0.0408031,0.0477281,0.0867717,0.0682988,0.0734885,0.112459,0.0716123,0.0568705,0.0922696,0.110024,0.112174,0.0627582,0.105901,0.115638,0.0985455,0.144503
1000.58,0.0270964,0.0317203,0.0772876,0.0493324,0.0523467,0.0452727,0.0755829,0.0576472,0.0622366,0.0479138,0.0527287,0.0468854,0.0697636,0.0485864,0.0962268,0.127573,0.0836312,0.0995855,0.0618159
1000.89,0.00629764,0.083466,0.0546855,0.0503187,0.128655,0.117615,0.0429936,0.0345042,0.040178,0.141851,0.0957241,0.0901169,0.066106,0.0854676,0.113807,0.0484742,0.120692,0.064578,0.186719
1001.19,0.0396737,0.0467457,0.0857005,0.0806239,0.0853785,0.0430776,0.0112589,0.0759265,-0.00444179,0.0422449,0.0584971,0.0514606,0.101252,0.102161,0.112165,0.123797,0.103296,0.161257,0.132148
1001.5,0.0513749,0.0236149,0.0563556,0.0130049,0.00850031,0.0792129,0.067006,0.0819953,0.0786011,0.0375992,0.0556045,0.04719,0.0472325,0.035586,0.0317649,0.10115,0.152852,0.118343,0.109385
1001.8,0.00452133,-0.0279167,-0.00831773,-0.0488795,-0.0172709,-0.003601,-0.0420627,-0.0256751,-0.0264811,0.00743308,-0.0171047,0.00889713,0.00283946,0.0505999,0.00930556,0.017899,-0.00959935,0.0150037,0.0338586
1002.11,0.0580464,0.041378,0.0210455,0.12988,0.0793768,-0.0196444,0.0705709,0.0463562,0.0343633,0.0402534,0.137887,0.0296642,0.131183,0.112956,0.0970367,0.0380751,0.078114,0.060278,0.0869365
1002.41,0.0749785,0.0664198,0.103769,0.107804,0.14977,0.0851842,0.0893261,0.105878,0.114322,0.0918089,0.131405,0.117704,0.133829,0.189085,0.167347,0.120079,0.122843,0.125381,0.150969
1002.71,0.0775236,0.0845082,0.0682346,0.0663695,0.0704935,0.0556679,0.102874,0.0784033,0.082865,0.124068,0.10455,0.0640973,0.0636004,0.106667,0.111966,0.0775721,0.0853687,0.127925,0.124489
1003.02,0.0859423,0.0721687,0.0422219,0.0599954,0.0790152,0.0400582,0.0601844,0.081426,0.0376975,0.0509789,0.0865664,0.0410042,0.0587105,0.0991984,0.0726735,0.125699,0.103954,0.12906,0.134473
1003.32,0.0452991,0.022574,0.0352667,0.0702263,0.0330503,0.0337604,0.0475664,0.0266779,0.0586904,0.0386297,0.0363267,0.0592563,0.0106104,0.0836299,0.0543896,0.111456,0.0955965,0.113097,0.118916
1003.63,0.0320187,0.0295642,0.0358554,0.0255768,-0.0066098,0.0734232,0.015544,0.0285419,0.0481715,-0.00939914,0.0749965,0.068667,0.00835623,0.103393,0.0709705,0.128595,0.0881227,0.103308,0.0912241
1003.93,0.0889434,0.0584858,0.053375,0.0844278,0.0758172,-0.0285904,0.0613002,0.0319611,0.119853,0.0373625,0.0924051,0.11637,0.0852567,0.140032,0.0414093,0.0811709,0.142985,0.103554,0.192289
1004.23,0.0655566,0.0767142,0.00702685,0.0610746,0.0601872,0.0130499,0.0632425,0.0457784,0.0219433,0.0233018,0.0856667,0.0884914,0.0918518,0.0899287,0.089239,0.0763475,0.11574,0.089505,0.107745
1004.54,0.0290806,0.0347481,0.0542088,0.111443,0.0707124,0.00863048,0.0647019,0.070186,0.0556075,0.0368002,0.0366838,0.0419712,0.0843153,0.0662411,0.0725756,0.0933555,0.111754,0.0849769,0.124504
1004.84,0.023802,0.0766643,0.0701946,0.00618356,0.0345666,0.0108187,0.0133512,0.0280036,-0.0240809,0.0856884,0.045996,0.0413193,0.0831358,0.0783933,0.0594684,0.122182,0.042574,0.0534049,0.0348573
1005.15,0.0669034,-0.00725504,0.0198232,-0.00117391,0.0846956,0.0342345,0.00965681,0.0127641,0.00877296,-0.0207519,0.0638038,0.0297946,0.0463228,0.142206,0.0540936,0.0148674,0.0725612,0.107505,0.117076
1005.45,-0.0209096,-0.056722,0.0504058,0.0278689,-0.0341843,0.00287173,0.0546063,0.0508574,0.0468713,0.0546002,0.0544637,0.0968849,0.0682442,0.0695968,0.102948,0.0877503,0.0962487,0.131149,0.0597621
1005.75,0.0544033,0.0934575,0.0590055,0.0939821,0.0484444,0.062832,0.0698313,0.105729,0.0911136,0.0712938,0.053737,0.068779,0.0953565,0.055218,0.055858,0.082022,0.10449,0.12949,0.135027
1006.05,0.0686139,0.0352895,0.0653761,0.0639786,0.0799237,0.0220221,0.0546024,-0.00902461,0.0575174,0.0783693,0.029344,0.0665059,0.0476128,0.0336255,0.0973307,0.111001,0.12675,0.104581,0.0997588
1006.36,0.039781,0.0782089,0.100452,0.0845504,0.0696724,0.0883424,0.12176,0.177581,0.132984,0.0415835,0.0405935,0.140344,0.0728538,0.150355,0.156609,0.143603,0.17027,0.149607,0.224598
1006.66,0.0856413,0.115171,0.0839992,0.0557942,0.0213533,0.0758044,0.110609,0.11541,0.0523157,0.0796434,0.0793478,0.097002,0.0896976,0.148483,0.147252,0.141684,0.136135,0.136452,0.117698
1006.96,0.0331719,0.0723396,0.101925,0.0424096,0.0547057,0.051288,0.122291,0.106836,0.0530341,0.106038,0.0391878,0.0012781,0.0903917,0.0586827,0.0715067,0.117451,0.0993709,0.129039,0.0997197
1007.27,0.0974464,0.125852,0.124138,0.0623783,0.107155,0.106079,0.0971565,0.0996683,0.072677,0.133522,0.240178,0.109847,0.0815716,0.0964909,0.0746195,0.0776582,0.139169,0.175776,0.182139
1007.57,0.0598747,0.055133,0.0174221,0.0678278,0.0365214,0.0676417,0.10288,0.031344,0.0947834,0.0730405,0.0997784,0.136552,0.0834943,0.110397,0.0879269,0.109928,0.124881,0.0448388,0.16603
1007.87,0.0970097,0.0423153,0.114491,0.0851695,0.0710963,0.151273,0.10713,0.10098,0.0665315,0.12042,0.0950724,0.0992416,0.133566,0.0514391,0.0849344,0.11288,0.163401,0.205975,0.169827
1008.17,0.0159162,-0.0279668,0.02858,0.0212929,0.0461681,-0.0375102,0.0288565,-0.0147396,0.0305639,0.00443935,0.0487719,0.0524949,-0.0281994,-0.00572145,0.0491712,0.112426,0.0620739,0.0912063,0.0411663
1008.47,0.0256753,-0.0399701,0.0808662,0.057989,0.0307818,0.0418161,0.0446423,-0.00918188,0.113937,0.0218442,0.0181068,0.0198444,0.0345975,0.0777839,0.0709354,0.156168,0.0640695,0.117804,0.136329
1008.78,-0.0437666,-0.0278683,-0.0235852,0.0443769,0.023046,0.0381822,0,-0.00108449,-0.00933844,0.019696,0.021934,0.0394681,0.0412106,0.0321668,-0.017845,0.0488133,0.085522,0.0391957,0.0835528
1009.08,0.0421565,0.0982613,0.0539474,0.0722041,0.0206398,0.0398223,0.038946,0.0514741,0.0434576,0.141299,0.0778116,0.112924,0.0492491,0.102727,0.078734,0.0780057,0.110717,0.130127,0.0908559
1009.38,-0.0109565,0.00125232,-0.0222962,0.0475893,0.0199682,-0.0230689,0.0126421,0.0175337,0.0357716,-0.00140128,0.0154942,0.0645593,-0.0112815,0.0697042,-0.0148513,0.151431,0.0851662,0.0960395,0.1157
1009.68,0.127619,0.126139,0.0686589,0.0719556,0.0480273,0.0923118,0.10696,0.126923,0.0693482,0.0946406,0.0921606,0.107963,0.127931,0.105742,0.0681615,0.101494,0.159234,0.129674,0.120638
1009.98,0.0974134,0.0907037,0.159389,0.0959656,0.158821,0.0842799,0.0369296,0.144086,0.0454507,0.114988,0.0667259,0.122501,0.148132,0.182475,0.141059,0.113642,0.147272,0.151617,0.18859
1010.28,0.0110664,0.114182,0.0235628,0.0840986,0.0587823,0.0320284,0.0580309,0.0450835,0.13892,0.133586,0.0580309,0.071301,0.0428037,0.112775,0.0788592,0.189104,0.100535,0.184396,0.1882
1010.59,0.0608095,0.0803482,0.0891812,0.137757,0.1333,0.141612,0.0975524,0.146055,0.120618,0.115519,0.13187,0.126745,0.120929,0.0927227,0.138118,0.144977,0.0846207,0.204358,0.164173
1010.89,-0.00930385,0.0619336,0.0945213,0.0920221,0.119139,0.0852561,0.0803615,0.142268,0.0711569,0.162774,0.0328416,0.0385168,0.0632712,0.0836684,0.0772818,0.118661,0.060861,0.0995868,0.0968453
1011.19,-0.00858216,0.00559102,0.00835342,0.0528325,0.0212537,0.087774,0.0589437,0.141618,0.0615679,0.0818025,0.0153906,0.119447,0.0360884,0.0962276,0.0518082,0.078352,0.135176,0.130721,0.161262
1011.49,0.0130157,0.042709,0.0698111,0.170467,0.0219666,0.102065,0.0972806,0.0605834,0.135778,0.105925,0.112555,0.140529,0.133418,0.127862,0.0469823,0.17066,0.159104,0.123863,0.133474
1011.79,0.0540215,0.0400039,0.0377235,0.121382,0.100431,-0.053944,0.0346493,0.0738215,-0.00772549,0.0799205,0.0362688,0.153851,0.00459654,0.0499165,0.0626348,0.0437701,0.147397,0.07592,0.246189
1012.09,0.0425532,0.0698302,0.037663,0.110455,0.0963073,0.0585689,0.0302951,0.0631611,0.0575782,0.0452603,0.0374957,0.0832081,0.114985,0.116112,0.0884189,0.0796838,0.0843156,0.0664071,0.189411
1012.39,-0.0354945,0.0834642,-0.0390954,0.0396891,-0.0663743,0.00162521,0.0259137,0.0171639,0.0757591,0.0476592,0.0193906,0.0094038,0.108622,0.171284,-0.00830836,0.0342518,-0.0138285,0.0315718,0.099946
1012.69,-0.0454222,0.0773379,0.0133945,0.022371,0.0292222,0.0304734,0.0152013,-0.027507,0.0402478,0.0531295,0.0781315,0.0886829,0.0143188,0.0227605,0.00705128,0.0567762,0.0770783,0.0706653,0.0822384
1012.99,0.0262236,0.0150999,0.0414327,-0.0358445,0.0368501,0.0499421,0.0177624,0.112018,0.0268773,0.0108701,0.0941693,0.0518631,0.021955,0.110571,0.0549599,0.0784388,0.0758646,0.0267017,0.121702
1013.29,-0.0617927,0.0425848,-0.0505407,-0.00426334,-0.0629981,0.0817712,0.0331571,-0.0144755,-0.0257565,-0.0453278,0.00676574,0.00995917,-0.0279438,0.00289175,0.0501301,0.0579963,0.0272815,0.0137103,0.0583773
1013.59,0.0650567,0.0781619,0.0155749,0.00721445,0.0267596,0.0502842,0.0569598,0.118873,0.0581672,0.102076,0.0537916,0.0314384,0.0714332,0.093097,0.104825,0.0716102,0.0757238,0.13651,0.0825917
1013.89,0.0457474,0.0166326,-0.0590517,0.0431526,0.0653343,0.00296594,0.0414295,0.0681208,0.0618779,0.0438495,0.0374556,0.045519,0.0519883,0.0421979,0.114302,0.0653389,0.0403583,0.0984329,0.0662247
1014.19,-0.0254501,0.0797863,0.0123394,0.0018679,-0.0515822,0.117543,0.0738645,0.0992727,-0.00367262,0.057555,0.0483988,0.0562304,0.0423567,-0.0240346,0.11581,0.0327689,0.128296,0.138786,0.150562
1014.49,0.0186698,0.0462588,0.0332576,0.0554956,0.0791848,0.0388042,0.0456003,0.0851567,0.0895219,0.141286,0.0526505,0.115265,0.0818631,0.0646611,0.130303,0.0442945,0.114711,0.0678115,0.197527
1014.79,-0.0274608,-0.00598966,0.113299,0.0414018,0.108852,0.0703546,0.0257779,0.0182077,0.00147284,-0.0153722,0.0653008,0.0194565,0.0737212,0.0600345,0.0651102,0.0996643,0.104327,0.0793174,0.103496
1015.09,0.121162,0.130099,0.139396,0.142865,0.0718314,0.202996,0.0565714,0.0595367,0.200378,0.0750763,0.137975,0.102197,0.0278889,0.167841,0.139557,0.23968,0.180321,0.0935919,0.193928
1015.39,0,-0.0041293,-0.0170934,-0.0414079,-0.0823104,0.0310248,0.0170494,-0.0267682,-0.0422569,-0.0202933,0.0459854,0.00573285,-0.0169653,0.0108295,-0.0502252,-0.00416934,0.0821818,0.0170705,0.0920993
1015.68,0.0805821,0.0384465,0.0676392,0.108976,0.0492001,0.0841403,0.0767482,0.136677,0.155886,0.0487974,0.0897852,0.103337,0.077341,0.100517,0.140616,0.155587,0.114675,0.0116674,0.115742
1015.98,0.0881134,0.076187,0.112814,-0.0188543,0.0403689,0.0111243,0.0435197,0.0562863,0.0960474,0.0213352,0.0656526,0.039375,0.101504,-0.0142397,0.0614949,0.126244,0.0188771,0.113516,0.0986563
1016.28,0.0604101,0.141754,0.0766323,0.0930424,0.16286,0.0547587,0.0776628,0.0907391,0.108315,0.122369,0.126961,-0.00316991,0.19814,0.0407987,0.13722,0.158318,0.125168,0.214592,0.168035
1016.58,0.111496,0.0970139,0.150436,0.0739047,0.06409,0.0822002,0.139956,0.13003,0.115685,0.111375,0.0833915,0.128787,0.139342,0.124315,0.116216,0.111222,0.1178,0.189945,0.109763
1016.88,0.00621088,-0.0654801,-0.109629,-0.00292344,-0.00765439,0.0132689,-0.045382,-0.00595595,0.0133181,0.00600074,0.0196501,0.0526384,0.0545463,0.0825618,-0.00729968,0.0494474,-0.0313859,0.11843,0.0310371
1017.18,0.10778,0.0103843,0.110117,0.165293,0.128746,0.0835038,0.0850745,0.102911,0.0567163,0.115572,0.0927034,0.128829,0.092501,0.126987,0.165293,0.170892,0.141262,0.109888,0.123493
1017.48,0.057226,-0.013843,-0.0374944,0.096991,0.115415,0.0363664,0.035275,0.0434161,-0.00294665,0.0774096,0.0680186,0.0115913,0.0340093,0.0881035,0.11052,0.0797241,0.0700798,0.160569,0.143376
1017.77,0.0297395,0.115035,0.0732553,0.0859868,0.0356743,0.00130699,0.0699424,0.0654659,0.0407,0.0777661,0.0268348,0.114385,0.0673439,0.0496094,0.00549168,0.0912704,0.00127935,0.100223,0.0889035
1018.07,0.178235,0.11159,0.189341,0.131546,0.152677,0.10001,0.15677,0.204023,0.1711,0.143652,0.148308,0.19194,0.201762,0.22118,0.0669141,0.193323,0.137048,0.170068,0.209753
1018.37,-0.0740006,-0.0148206,-0.0160409,-0.0554478,-0.140801,-0.0163565,0.0288433,0.00370515,-0.0234104,-0.0876893,-0.039081,-0.00506713,-0.0410206,0.0595672,0.0948104,0.0229239,-0.0204917,0.0017463,0.0178113
1018.67,0.0202079,0.0349598,0.0243575,-0.0682549,0.0881078,0.0293822,0.0593903,0.0625507,0.0614919,0.0982505,0.110595,0.122714,0.12246,0.0257895,0.0166475,0.117427,0.0824755,0.0864181,0.0172382
1018.96,0.104915,0.103471,0.062456,0.113315,0.0907199,0.122887,0.070713,0.133967,0.136231,0.0941077,0.106803,0.0831187,0.111566,0.0376497,0.124233,0.101807,0.179392,0.140085,0.13374
1019.26,-0.0605466,0.00597847,0.00526462,-0.0480313,-0.0341932,-0.0886346,-0.051689,0.0900994,-0.0442889,0.0165558,0.0507786,-0.00190407,0.144996,0.0237898,0.0505236,0.0414468,0.0351412,0.0700966,0.030157
1019.56,0.00207608,0.132703,0.054583,0.146579,0.133618,0.106608,0.0995963,0.085963,0.0957933,0.0991221,0.161314,0.0464351,0.149876,0.0683565,0.0686078,0.0613254,0.100866,0.225339,0.252427
1019.86,0.0200944,-0.0285432,-0.00511232,0.111231,0.100691,0.0149312,-0.0590631,0.106523,0.0131431,0.0580975,0.0493927,0.0632238,0.0403996,0.0941095,0.096219,0.0481023,0.0153162,0.108232,0.208729
1020.15,-0.00172196,0.0792197,-0.00184986,0.118043,0.0980261,0.0833849,0.0701825,0.0547117,0.171604,0.161828,0.0465525,0.111744,0.0783993,0.0842872,0.110203,0.0621793,0.174563,0.0759488,0.227157
1020.45,0.1203,0.0843142,0,0.0572323,0.111202,0.0892785,-0.00491078,0.0166034,-0.0618381,0.0847886,0.028872,0.135046,0.119278,-0.0119272,0.126383,0.0639512,0.265214,0.12811,0.104661
1020.75,0.151549,0.136584,0.0348355,-0.0155564,0.217718,0.0110375,-0.0229973,-0.00231585,0.139146,0.115874,0.0806695,0.0580153,0.164891,0.0156265,0.179105,0.141165,0.247337,0.201311,0.0988312
1021.04,-0.106114,-0.0498436,-0.0907309,0.0967399,-0.0617173,0.0370836,0.00197516,0.0123784,-0.0647951,0.0173237,0.0707317,-0.0498223,0.0879777,0.127014,-0.00225775,0.083238,0.0918164,0.0575435,0.0629425
1021.34,-0.00373397,-0.00398158,-0.0181475,0.0174854,-0.00383901,0.039971,-0.0232047,-0.033398,0.0314357,0.0840485,0.00872344,-0.0407895,0.0115763,-0.0609565,0.0181726,0.0296218,0.00259586,0.0528673,0.0350684
1021.64,0.006033,0.118703,0.0393038,0.0453797,0.0307622,0.132147,-0.0296837,0.0715184,0.0583612,0.0688535,0.156041,0.117912,0.0931548,0.0877623,0.134268,0.10342,0.108241,-0.00397221,0.0567825
1021.93,-0.141452,-0.0839806,0.108987,-0.0841076,0.0196372,0.0876059,0.0403269,0.108885,-0.00668345,-0.0620661,0.116797,-0.0316712,-0.068296,0.0542697,0.0111235,0.0478051,-0.00204169,0.111319,0.0811608
1022.23,-0.0270461,-0.0427044,0.00422955,-0.0311404,0.0344011,0.0133267,-0.0374763,-0.00628414,0.0357951,0.101098,0.0761393,-0.00778398,0.05024,0.011728,0.0467085,0.0847679,0.0380659,0.0323991,0.0689941
1022.52,0.0481834,0.0810848,0.152348,0.0383716,0.102666,0.148121,0.112917,0.0896525,0.108902,0.0918868,0.128856,0.198996,0.178061,0.197142,0.115497,0.179046,0.125294,0.197917,0.100312
1022.82,0.0577889,0.14093,0.0755578,0.0847796,-0.0235442,-0.0246852,0.117077,0.0851003,0.0162893,0.059612,0.143272,0.186784,0.0295545,0.149805,0.129597,0.248134,0.127172,0.174121,0.062961
1023.12,-0.0151883,-0.0514853,-0.0276338,0.0258666,-0.0905274,-0.0777129,-0.0503848,-0.0909604,0.0228144,-0.0997455,0.0341009,-0.0501869,0.00578713,-0.0483731,-0.0363206,-0.0992639,-0.00200207,0.0756668,0.0761232
1023.41,-0.0653053,-0.0755092,0.0933638,-0.0554479,-0.00668908,0.0288111,-0.0218088,0.122987,0.0532212,0.0769669,0.00232863,0.0117175,0.0810233,0.0479142,0.0742105,0.12367,-0.0183958,0.109983,0.102312
1023.71,-0.00873517,-0.0160646,0.0537903,0.00982707,-0.080936,-0.0102715,0.0955362,0.0500393,0.0377701,0.106955,0.0122642,0.105002,0.173236,0.125845,0.100563,0.0171699,0.108298,0.127046,0.12145
1024,0.0796814,0.037759,0.03252,-0.00684631,-0.0416831,0.0391807,0.0392694,0.114067,0.0441573,0.0206224,0.125956,0.0997873,0.06819,0.0743314,0.116945,0.0925329,0.0842422,0.0998288,0.0943356
1024.3,0.0514702,0.221902,-0.0361623,0.140516,0.0864889,0.0465262,0.0760281,0.244974,0.0761441,0.124177,0.012949,0.109754,0.0850841,0.0215468,0.105359,0.129292,0.0824106,0.0359825,0.110103
1024.59,-0.0160056,-0.0111285,0.0882758,-0.0196862,-0.0138118,0.0942553,0.0396064,0.130043,0.0934565,0.0484411,0.0530186,0.0941052,0.0123234,0.22485,-0.0514792,0.110536,0.0568679,0.101648,0.295843
1024.89,-0.0279929,0.00859551,0.0600699,0.0901665,0.0518284,0.0568985,0.0283405,0,0.115622,-0.0185626,0.0844558,0.04661,0.0498539,0.059031,0.0500127,0.0893933,0.0173047,0.0232283,0.0736844
1025.18,-0.0233658,0.0306915,-0.0171366,0.0617416,0.00885736,0.0036832,0.0798331,-0.0186795,0.0216241,0.0754457,0.023975,0.0383074,0.0244286,-0.00795661,0.066504,0.0113242,0.113722,0.168042,-0.0162954
1025.48,0.0839718,0.0774958,0.158228,0.00508184,0.223949,0.130052,0.0471585,0.105444,0.0429093,0.292345,0.19554,0.102214,0.120124,0.0422294,0.204429,0.0329724,0.0918311,0.14222,0.235545
1025.77,0.0415736,-0.0719051,-0.0731312,0.0914619,0.00253512,0.109778,0.114541,0.150141,-0.0534868,0.0811198,-0.0750785,0.0313502,0.150367,0.08092,0.0928899,0.0789274,0.146669,0.140078,0.253549
1026.06,0.0764288,-0.0309509,0.150541,0.0597338,0.00370465,0.132194,-0.0356876,0.0559063,0.0809316,0.10071,0.0421096,0.0731995,0.101247,0.166959,0.066334,0.128449,0.158318,0.0629791,0.113084
1026.36,0.129421,-0.105299,-0.0738842,0.0619082,0.0413695,-0.0197086,-0.0142607,-0.0162414,0.0773853,0.0340595,0.0518443,-0.0346548,0.00869785,0.0508813,0.0312718,0.188899,0.170985,0.181969,0.109982
1026.65,0.109335,0.124805,-0.00220078,0.127083,0.125542,-0.0113326,0.028036,0.116378,0.0765443,0.100611,0.13169,-0.0266825,0.0951775,0.0681239,0.0135992,0.0806034,0.149846,0.0594859,0.253155
1026.95,-0.0505599,-0.0384086,0.0554578,0.0100108,0.0733688,-0.0757862,0.221893,0.0408002,0.0252081,0.0467004,0.0676468,0.114225,0.149276,-0.0165953,0.0641977,0.060173,0.0317335,0.130845,0.0704289
1027.24,0.0147875,0.0631779,-0.0133519,0.0226197,0.00937213,-0.0357208,-0.0393696,0.0277377,-0.0373893,-0.0311039,0,0.0590545,-0.00152051,0.058275,0.0793298,0.0419883,-0.0546254,-0.00935388,0.102206
1027.53,-0.115598,-0.0942787,-0.0870085,0.0102477,-0.0667665,0.0531897,0.0715355,-0.104802,-0.0185962,-0.0977103,-0.010786,-0.00685856,-0.0502961,0.0418,-0.0641284,0.00731077,0.0361797,0.0681029,-0.0218268
1027.83,-0.015619,0.13122,0.0048565,0.0695488,0.0849752,0.271209,0.136001,0.0538677,0.0735117,0.156598,0.0191237,0.139678,0.188831,0.188137,0.0640866,0.169856,0.0911057,0.187622,0.124753
1028.12,0.157987,0.136545,0.128129,0.0146348,0.0974272,0.107271,0.157628,0.0558625,0.0437757,0.0613267,-0.0249613,0.164481,0,0.143848,0.131639,0.111059,0.162789,0.184973,-0.0136671
1028.42,0.00690017,-0.017223,0,-0.0430574,-0.044072,0.103268,-0.0747159,0.0636236,-0.0612531,-0.118384,0.0611506,0.0341937,-0.0432641,-0.0911974,0.0288201,0.0129422,0.0356013,0.0291799,0.109673
1028.71,0.0360747,0.21898,0.0977393,0.0485741,0.0924865,0.0915133,0.134596,0.091995,0.016044,-0.0338674,0.178526,0.160231,0.062068,0.106777,0.147792,0.118102,0.271053,0.165297,0.0674867
1029,0.154491,0.0691781,0.0989321,0.0483416,0.0486809,0.176508,0.0983706,0.149023,0.0185157,0.0888097,0.179745,0.123765,0.243799,0.131589,0.054549,0.0975284,0.269861,0.106687,0.181962
1029.29,0.0298984,0.0847026,0.0930741,0.115465,0.168249,0.0948165,0.0874243,0.0552522,0.082343,0.184935,0.152047,0.0777868,0.111506,0.199498,0.0774563,0.147224,0.145162,0.188794,0.11892
1029.59,-0.116877,-0.0104006,-0.00578991,0.116117,-0.00614705,-0.0575007,0.0896152,0.0410005,0.0435323,0.00571943,-0.0257236,-0.0641301,0.169925,0.0531502,0.00922747,0.0246555,0.0256641,0.0110544,0.0828429
1029.88,0.0525523,0.0252053,0.235645,0.00997192,0.0226973,0.121983,0.135414,0.205523,0.0313799,-0.0624477,0.117898,0.0891105,0.233735,0.149989,0.0611197,0.203288,0.123574,0.0580919,0.202762
1030.17,0.00188057,0.065355,-0.0152568,0.0697055,0.0719515,0.0798819,0.129534,0.187883,0.101375,0.0608903,0.0525646,0.0901107,0.0787043,0.104174,0.0914359,0.138126,0.0680556,0.104645,0.112321
1030.46,0.0191926,0.0364978,0.0266823,0.0288347,0.0711468,-0.0125975,0,0.0600796,0.0403119,0.160548,0.215981,-0.0312911,0.221925,0.0402515,0.113937,0.0182851,0.0671434,0.196405,0.169378
1030.76,-0.037254,0.0861274,0.0525292,0.0434951,0.0899697,0.163264,0.0527118,0.0481607,-0.00492598,0.00226991,0.144418,0.18264,0.110377,0.142372,0.131428,0.0810424,0.134034,0.0758712,0.124712
1031.05,-0.111846,0.081473,-0.0338334,-0.143641,0.00271577,0.0916071,0.087395,0.0786246,0.0439882,0.0966393,0.0929703,0.0952705,0.122623,0.10092,0.163137,-0.0571645,0.138409,0.170394,0.118146
1031.34,0.114914,0.0823321,0.10684,-0.026366,0.135107,0.0276545,0.10631,0.0864561,0.0233317,0.0542911,0.0318828,0.0937019,0.0794989,0.100664,0.0671953,-0.0122613,0.0935039,0.135375,0.127531
1031.63,0.00594689,0.0146575,0.0912299,0.0421664,0.119654,0.0448137,0.0770606,0.071795,-0.0285359,0.0358784,0.055148,0.0619048,0.208945,0.125119,0.0932958,0.0396493,-0.0103635,0.173759,0.105962
1031.92,0.0803872,0.0850583,0.164568,-0.0176523,0.180084,0.0784338,-0.00260182,0.259153,0.169202,0.0388538,0.264939,0.279582,0.0417764,0.224576,0.0596053,0.191783,0.302421,0.315586,0.228286
1032.22,0.079605,0.0902626,0.0241058,0.0460114,0.126031,0.0411896,0.103732,0.133047,0.164633,0.185558,0.0615558,0.207823,0.16007,0.177144,0.132563,0.0720523,0.221041,0.167671,0.121015
1032.51,-0.00301806,0.168197,0.0335766,0.174695,0.116202,-0.0626103,0.0865293,0.117153,-0.019227,0.0597696,0.00280329,0.0323507,0.0819089,0.0196968,0.0776596,0.179519,0.0337026,0.143293,0.140082
1032.8,0.245871,0.30136,0.0856952,0.285528,0.176254,0.0837404,0.24874,0.177136,0.174239,0.0665821,0.221944,0.292103,0.256732,0.183791,0.341584,0.381868,0.306343,0.0925875,0.217908
1033.09,0.104294,0.112751,0.11425,0.122376,0.0584633,0.0183663,0.205796,0.0279717,-0.0719448,0.0364202,0.125026,0.110541,0.167719,0.11632,0.233821,-0.0422174,0.235257,0.0758997,0.242143
1033.38,-0.0766042,-0.0298168,0.0263635,0.00597418,0.0852295,-0.0734824,-0.0437832,0.0753454,-0.013663,-0.0180024,0.0556174,0.0371464,0.173251,0.0127332,0.168761,-0.0384063,-0.0633288,-0.0203732,0.0178434
1033.67,0.222711,0.249641,0.118406,0.00413264,0.22679,0.132783,0.00407478,0.0791624,0.0439437,0.183084,0.148101,0.149077,0.122789,0.30392,0.319109,0.424635,0.223889,0.0156122,0.338138
1033.96,-0.114101,-0.0588993,0.00698632,-0.0373421,-0.0952757,-0.0841902,-0.123904,-0.0104338,-0.0574077,0.0373807,-0.00201563,0.0491192,-0.0639464,0.016125,0.0374242,0.0976948,0.0961672,0.0665156,-0.0453332
1034.25,-0.0369296,0.0655016,-0.0266072,0.0629209,0.0565004,-0.0155345,-0.0214127,0.106765,-0.0205261,0.0588556,0.129883,-0.0814308,0.106461,0.0568744,0.0654288,0.0578462,0.0698691,0.051844,0.0251817
1034.54,0.00729282,0.031576,-0.026319,0.0936486,-0.132259,0.0155226,0.00835443,0.00191489,-0.031875,-0.0311667,-0.0365243,-0.0823327,-0.0551225,-0.108136,-0.0638046,0.00991984,-0.0308732,-0.00980198,0.129643
1034.84,0.110645,0.0117853,0.0467178,0.0163977,-0.0524606,0,-0.0507864,0.108252,0.0487632,0.0313055,-0.0048008,0.116665,-0.0420724,0.0298619,-0.0284772,0.0429842,0.0545217,0.146055,0.101386
1035.13,0.0941431,0.134715,0.13653,-0.0399085,0.187381,-0.03394,0.0576131,-0.0212708,0.0352303,0.0790547,-0.00812747,0.0298723,0.119203,0.148647,0.147939,0.135369,0.060147,0.0637151,0.14981
1035.42,-0.0734559,0.0447964,-0.00870588,-0.131729,0.0498985,0.0289871,0.0702095,0.00420841,-0.0126747,0.0282894,0.0602546,-0.037454,-0.030855,0.113528,0.0540756,-0.0435783,0.0444269,0.0339796,0.0394956
1035.71,0.145433,0.198287,0.0397362,0.115774,0.146953,0.189138,0.253497,0.119913,0.203463,0.0823337,0.0352796,0.132384,0.197584,0.0896739,0.0225913,0.156613,0.16304,0.139045,0.0947981
1036,0.241283,-0.0301014,0.0877575,0.04407,0.228874,0.0778004,0.0610506,0.215918,-0.0407004,0.0971861,0.167145,0.264147,0.0792412,0.0438652,0.15546,-0.00336462,0.125263,0.125846,0.159879
1036.29,0.049916,-0.216757,-0.149389,-0.199614,-0.0253297,-0.0802581,-0.0107324,-0.109297,-0.0348863,-0.0581439,0.112188,-0.0390692,0.034461,-0.147618,0.0368224,-0.148475,-0.0970034,0.074281,0.0635949
1036.58,-0.127635,-0.042529,-0.209143,-0.241504,-0.0832409,-0.125665,-0.074146,0.0400146,0.0806275,0.019824,-0.0349299,-0.044977,0.0640756,-0.0452345,-0.0118562,-0.020153,0.0235875,-0.0415354,-0.125675
1036.86,-0.0192285,0.0375533,0.05921,0.0951205,0.00201101,0.13496,0.136225,0.12119,0.145932,0.0801905,0.0958448,0.17618,0.291624,0.0796684,0.202499,0.132187,0.136718,0.148699,0.140453
1037.15,0.0741993,0.143802,0.128287,0.141126,0.0779983,0.046023,0.0564916,0.150309,0.281807,0.113915,0.254686,0.200708,0.166055,0.350964,0.163954,0.0832388,0.237524,0.194083,0.279795
1037.44,0.0552737,0.248843,0.0726036,0.113633,0.0659857,0.0938167,0.127967,0.159358,0.0971495,0.100777,0.0912761,0.116333,-0.0327003,0.0666614,0.193217,0.0752599,-0.0193019,0.122583,0.198617
1037.73,0,0.215318,0.156236,0.0422021,0.171209,-0.0715873,0.210193,0.284888,0.150435,0.172414,0.0724821,0.213147,0.348632,-0.0282169,0.169236,0.0168808,0.219274,0.239809,0.392922
1038.02,0.152664,0.23842,0.133585,0.189944,0.319627,0.277157,0.0834153,0.234556,0.0752227,0.322003,0.218424,0.219373,0.160823,0.239506,0.24308,0.384333,0.29129,0.469706,0.257828
1038.31,-0.00948511,-0.0364699,0.0369472,-0.249394,0.0763562,-0.202736,0.0803846,0.103778,0.0211032,-0.145549,0.0084011,0.0703932,-0.140514,0.0729398,0.17087,0.0930583,0.157293,0.297918,-0.0400962
1038.6,0.206757,0.25245,0.111031,-0.125865,0.196714,-0.0248084,0.120707,0.169496,-0.00555079,-0.0154309,0.253393,0.0858673,-0.124564,-0.0434884,0.221149,0.204059,0.236191,0.447928,0.128562
1038.89,0.115429,0.0948795,0.0840212,-0.0904095,0.0562039,0.112103,-0.033056,0.31012,-0.108708,-0.142129,0.0623089,0.326952,0.00917516,0.183751,-0.158255,0.0512519,0.0567986,-0.0599048,0.0572883
1039.18,0.207467,0.457301,0.0316159,0.150462,-0.0497743,0.234288,0.212082,0.320189,-0.0430148,0.259412,0.216795,0.106242,0.128256,0.202596,0.301503,0.183494,0.250148,0.232854,0.187972
1039.47,0.080328,0.204527,0.226362,-0.0192114,0.239362,0.0420222,-0.0574267,0.246619,0.0461836,0.0521345,-0.0414367,-0.0738571,0.0684951,0.242344,0.16026,0.227795,-0.0157329,0.269528,0.115147
1039.75,-0.0242874,0.0169521,0.0595401,0.0163187,0.0506928,0.252041,0.0437755,0.0848571,0.0258824,0.129937,0.0614706,-0.0443284,0.115244,0.238723,0.0985308,0.0968478,0.177145,0.151071,-0.00352732
1040.04,-0.0423815,-0.0444623,-0.0205123,-0.020346,-0.0324993,0.0937556,-0.0473295,0.0206814,-0.0399364,-0.122434,0.0456417,-0.00557218,-0.0545289,0.0728612,0.112359,-0.105434,0.0160034,0.0310492,-0.0389045
1040.33,0.104066,-0.00253481,-0.0415069,0.128647,-0.033841,0.0267753,0.159436,0.155672,0.134376,0.165091,0.124262,0.0162683,0.217502,0.126056,0.200588,0.113897,0.0679374,0.0497036,0.29813
1040.62,-0.0915898,0.00285886,-0.0683493,0.0217349,0.0801984,0.15804,-0.160566,0.16623,0.0312568,0.00882777,-0.00362515,-0.0584543,0.0901639,0.0168248,0.025632,-0.00972275,0.116138,-0.044856,0.00589752
1040.91,0.242049,0.102047,0.2847,0.364115,0.189543,0.162287,0.390234,0.25917,0.404754,0.368655,0.210492,0.261898,0.17662,0.371032,0.241205,0.232988,0.260854,0.353671,0.338895
1041.19,-0.197286,-0.0881475,-0.0443437,-0.0789631,-0.0325692,-0.0306198,-0.06716,-0.136478,0.0172732,-0.122,-0.0737912,-0.0407041,-0.05905,-0.122273,0.0653884,0.0983992,-0.028091,-0.0666955,-0.014204
1041.48,-0.113551,-0.0443982,-0.0287553,-0.0394364,0.0399526,0.180971,-0.0118924,0.0525769,-0.0799052,-0.0548231,0.0335672,0.130539,-0.141216,-0.0516813,-0.104058,0.0677775,0.0899964,-0.0730234,-0.0117913
1041.77,-0.0341209,0.0552312,-0.0534885,-0.191045,-0.153412,0.0563612,0.0230805,0.0524447,-0.269862,-0.0150254,0.174424,0.0786549,0,0.0502242,-0.111006,-0.0738575,-0.0626058,0.0413543,0.144823
1042.05,0.220947,0.120696,-0.0129982,0.0504423,0.11378,0.0807644,0.0688015,0.173501,0.0663026,0.0997922,0.109019,-0.050244,0.119056,0.149877,0.0118712,0.0221426,0.13964,0.0175532,0.239269
1042.34,0.118378,0.203049,0.115546,-0.0140034,0.0307804,0.167515,0.0152429,0.189592,0.0745936,-0.0895298,0.0594886,0.0403066,0.18251,0.187054,0.145732,0.111464,0.0313869,0.115583,0.179751
1042.63,0.14371,0.321679,0.325558,0.107278,0.22032,-0.00522581,-0.244262,0.0798655,0.290228,-0.192807,0.0334125,0.046741,0.0864,0.216458,0.0622286,0.218407,0.0972,0.629331,-0.0761538
1042.92,0.127834,-0.0977827,0.05881,0.150166,-0.0030255,0.112456,0.00322566,0.170445,0.23593,0.200342,0.10564,0.0381258,0.0847004,0.13363,0.228303,0.284938,0.102439,0.15568,0.0959328
1043.2,-0.039876,0.169842,0.263568,0.228872,0.127174,0.21723,0.177085,0.0486395,0.0498988,0.285532,0.146718,0.0404337,0.081766,0.156777,0.359914,0.241404,0.255498,0.201011,0.299
1043.49,1.53493,2.84785,1.67944,2.53385,0.763329,0.594614,5.23562,0.766324,0.279718,2.67015,0.0859078,1.22237,1.12983,2.16363,1.72131,3.29519,-0.426966,0.881953,2.80884
1043.78,-0.115167,-0.252864,-0.529514,-0.171643,-0.228612,-0.298963,-0.184364,-0.103044,-0.0890043,-0.479636,-0.23268,-0.143176,-0.336644,-0.138248,0.0148519,0.0798978,-0.238816,-0.149223,-0.0839616
1044.06,0.58533,0.0660208,0.173455,-0.00728801,0.238692,0.161924,-0.0471305,0.440684,0.151873,0.54799,0.489231,0.314179,-0.287286,0.492599,0.157253,0.281163,0.0373386,0.401767,0.522429
1044.35,0.256999,0.220369,0.214944,0.206992,0.304047,0.292459,0.528667,0.456463,0.367296,0.233353,0.424251,0.443303,0.401035,0.290836,0.228231,0.466783,0.292364,0.367452,0.285628
1044.63,-0.248673,0.300549,0.190255,-0.0430447,-0.0568445,0.348975,0.0307214,0.117576,-0.0596719,0.0239769,-0.0305245,0.331409,0.0225946,0.1293,0.221137,0.142071,0.0380511,-0.0970634,0.248984
1044.92,0.578291,0.508253,0.312996,0.328126,0.220833,0.0197055,0.609431,0.593276,0.317386,0.491217,0.189249,0.505227,0.501784,0.409037,0.276626,0.402239,0.426572,0.415761,0.438521
1045.21,0.282089,0.271934,0.179295,0.448586,0.374497,0.374497,0.440872,0.249989,0.393241,0.334952,0.532694,0.328,0.254155,0.270886,0.124994,0.322566,0.187962,0.364192,0.539192
1045.49,-0.0257568,-0.080121,-0.13868,0.0116407,-0.0625641,-0.0175504,0.0482593,-0.0331387,-0.22601,-0.039521,-0.0823353,-0.068843,-0.0525325,0.108311,-0.0735907,-0.0910466,-0.0354376,-0.0960702,-0.281007
1045.78,0.0513371,0.113003,0.0307847,-0.0719793,0.0771429,0.0491786,0.0336264,0.0147683,0.0391217,0.0119221,0.0418929,0.0149593,0.106744,0.0600302,0.0078341,0.0918634,0.0841795,0.050495,0.048189
1046.06,-0.176825,0.0954723,0.113588,-0.0108318,-0.00657267,-0.144237,0.0282077,0.0913722,-0.00512868,0.197629,0.0949278,0.0577914,0.161526,0.0927377,0.184075,0.0349734,0.103357,0.0963992,-0.0531917
1046.35,0.588525,1.33521,0.66817,0.604386,0.947741,0.446526,0.511509,0.570833,0.687576,0.99388,0.42329,0.703516,0.574839,0.954529,0.739528,0.33909,0.550377,0.591441,0.279954
1046.63,-0.0986431,0.0438053,0.0762413,-0.317067,0.0116406,-0.0410289,-0.452772,0.0652785,-0.0570424,-0.0582029,0.120126,-0.189339,-0.238612,0.071655,0.0943274,0.0544779,0.33033,-0.391671,-0.1189
1046.92,-0.254083,0.0619474,-0.196508,-0.139178,-0.296723,-0.0459851,-0.195018,-0.340924,-0.246198,0.0158104,0.0318586,-0.0118689,-0.270342,-0.144862,-0.193736,-0.23894,-0.15621,-0.0119695,0.114078
1047.2,-0.0221593,0.00266129,0.0135726,0.111795,0.0547666,-0.0435775,0.145293,0.0564055,0.0317234,-0.0333069,0.123699,0.0963215,0.0901084,0.0632202,0.108853,0.0449117,0.11828,0.0721543,0.14778
1047.49,0.0912498,-0.0021008,-0.10469,-0.0575793,0.0413589,0.0123649,0.0884046,-0.0140928,0.117776,0.162408,0.0571034,0.100399,0.0651247,0.0261724,0.0560492,0.0415985,0.125628,0.115117,0.048142
1047.77,0.00344512,0.128265,-0.00883022,-0.150301,-0.024967,0.0208741,-0.240859,0,-0.0155738,-0.0359018,-0.0740301,0.0729145,0.0189482,-0.0243619,0.0126321,0.253614,0.115834,-0.0241159,0.186775
1048.06,-0.110871,-0.179307,-0.203657,-0.0472114,-0.066051,-0.156969,-0.0239597,-0.0884665,-0.0745953,-0.0498752,-0.0371309,-0.19792,-0.292526,-0.111795,-0.145469,-0.0053128,-0.0749829,-0.147001,0.0100571
1048.34,0.13161,-0.272391,-0.100508,-0.569589,-0.147068,-0.76195,-0.197909,-0.332753,-0.0437704,-0.506486,-0.471224,-0.487378,-0.352253,-0.311,-0.440412,0.127886,-0.0369725,-0.30967,0.0251957
1048.62,0.362195,0.684,0.155115,0.298065,0.252766,0.249652,0.642162,0.433714,0.437442,0.495,0.152308,0.255155,0.504556,0.929388,0.540878,-0.162462,0.455294,0.132805,0.0627149
1048.91,1.97761,0.235588,1.36928,1.04067,0.184441,1.38496,1.75582,2.26904,1.05655,1.50419,0.957717,0,2.63106,1.8849,1.68266,0.851304,-0.560021,2.58584,-0.0938672
1049.19,0.15893,-0.00875461,0.307988,-0.105871,-0.32087,0.268194,-0.121535,0.318522,0.213243,0.0522325,0.604708,0.142043,0.365628,0.0613689,0.306845,-0.234529,-0.0767111,0.708716,0.33605
1049.48,0.948378,-0.25551,1.01221,0.122692,0.359934,-0.0224648,-0.713149,0.632727,0.710644,0.543162,-0.572368,0.699178,1.2122,-0.160093,0.257489,0.848571,-0.595467,0.488681,2.09923
1049.76,-0.0830483,0.07814,-0.127901,-0.0730343,-0.286175,-0.297203,0.040358,-0.147559,0.317265,-0.452152,-0.00834677,0.214771,0.0561311,-0.334999,-0.0794931,-0.243269,-0.248147,0.0769127,0.0798387
1050.04,0.326508,-0.254394,0.173661,0.135733,0.112733,0.11549,-0.0345714,-0.128453,0.0611798,-0.257853,0.022656,-0.178818,0.202605,-0.0976134,0.198277,0.162207,-0.305235,0.140516,-0.0601657
