wavelength_nm,8,12,16,20,24,28,32,36,40,44,48,52,56,60,64,68,72,76,80
349.501,0,0.291929,0.214061,0.0705291,-0.114589,0.0842241,-0.325316,0.0144705,0.157729,-0.0379156,0.120302,-0.137821,-0.483941,-0.204202,0.159322,-0.0842241,-0.16052,-0.285052,-0.0366811
350.001,-0.0809804,-0.098976,-0.23163,-0.542692,-0.0981617,-0.277725,-0.151999,-0.226465,0.0576889,-0.0204571,-0.0584685,-0.0972285,-0.0495764,-0.193469,-0.203186,-0.156164,-0.218909,-0.0239231,-0.262601
350.501,-0.00473684,-0.00919505,-0.0051462,0.00446617,-0.00212056,-0.0174655,0.00900585,-0.0111654,-0.0135192,-0.00518325,0.018007,-0.00755931,-0.0149664,-0.00588285,-0.00212056,0.0124189,-0.00424561,-0.00984211,0.00622998
351.001,-1.15353,-1.25969,-0.556875,-0.224353,-1.53369,0.738981,0.725233,-0.898487,-0.608607,1.0419,-1.67063,-0.0703421,-0.549643,-0.0266766,0.22557,-0.85934,0.113263,0.755759,-0.271371
351.5,-1.06402,-0.25504,-0.20625,0.410714,1.02173,0.0996063,-2.06779,0.468519,-2.915,-1.38706,0.241412,-2.05691,-0.837748,-0.857627,1.24136,0.584971,-2.69149,3.56236,-1.55351
352,0.406804,-0.593443,-0.421571,0.69886,-0.685756,0.177789,-0.0976551,0.451765,-0.26561,0.242746,0.0651034,0.185635,0.17348,0.159478,-0.209391,-0.109197,-0.632357,0.370308,-0.455955
352.5,-0.9152,-1.56444,-0.711295,-0.511545,-1.37187,-0.286717,-1.90667,-2.16359,-0.464056,0.300636,-1.09511,-0.281521,-1.08216,-0.658139,-0.198095,0.19343,0.395723,-1.65431,-2.17597
352.999,0.284483,0.124236,0.422325,0.537672,0.326711,0.321298,0.118966,0.393035,0.15184,0.516561,0.255362,0.053902,0.543103,0.655547,0.0646552,0.594828,0.685807,0.327663,0.134755
353.499,1.01621,0.0477352,0.979849,0.718876,1.84576,1.20929,0.531155,2.30088,1.65885,0.62781,1.43176,1.10746,0.455744,1.39189,2.3945,1.53814,2.25031,0.708475,1.26395
353.998,-0.266778,-0.0737115,-0.278466,0.413936,-0.224384,0.121072,-0.0767828,-0.105938,-0.162864,0.049726,0.483732,-0.324426,-0.0918937,0.210765,-0.268816,-0.085919,-0.0288068,0,-0.565634
354.497,0.37125,0.508562,0.365101,0.308946,2.0413,1.61413,1.82623,0.589286,0.579126,1.20536,0.425834,0.680547,-0.378827,0.128727,1.0109,1.78795,0.500687,1.04177,-0.441964
354.996,0.0922914,0.0736613,0.0441699,0.0745462,0.0673428,0.108753,0.0212536,0,-0.00954381,0.112841,0.106592,0.0563906,0.127599,0.078862,0.0199784,0.0297297,0.0729138,0.0826029,-0.0268697
355.495,-0.296487,0.0570691,0.0881781,-0.123125,0.279231,0.256187,-0.414895,0.0888462,0.194075,0.30594,-0.277644,-0.0535511,0.027725,-0.775106,-0.131403,0.224419,0.0415876,-0.293192,-0.0888462
355.994,0.0541641,0.00629179,-0.090434,-0.0862751,-0.223601,0.0741263,-0.0417645,0.0437937,-0.298134,0.194934,-0.344108,-0.0587234,-0.31425,-0.383537,-0.0130059,0.0481459,0,-0.409935,0.0714789
356.492,0.0955263,-0.0955263,0.192855,-0.0174608,-0.162277,0.136776,0.169342,0.0147424,0,0.290747,-0.102582,0.0911842,-0.100783,-0.230566,0.0214832,-0.228585,-0.0402283,-0.0931751,-0.165132
356.991,-0.0798817,-0.00446912,-0.148649,-0.0798817,-0.0782403,-0.0622172,0.190774,-0.275399,-0.142894,0.131713,0.0233601,0.084055,0.168367,0.0558462,0.227686,-0.0297476,-0.0761538,-0.153846,-0.174007
357.489,0.134298,-0.419919,0.0970962,-0.282059,-0.0259965,-0.0957185,-0.0721997,0.084305,0.102909,-0.0926246,0.0429423,-0.197584,0.0267153,0.0267153,-0.125481,-0.114747,-0.100109,0.201238,0.106047
357.988,-0.657067,2.07951,-0.101174,3.19508,0.276984,0.949213,1.452,-1.03906,-1.97881,0.631626,2.88596,3.0208,0.678307,-0.928838,1.24428,1.52869,-0.552673,0.616642,0.428832
358.486,-0.09137,-0.00486885,-0.124813,-0.124601,-0.09276,0.0111101,0.172207,0.015816,-0.164573,-0.133893,-0.303103,-0.153646,0.0878979,0.0258658,0,0.0615186,-0.0174254,-0.266781,0.150492
358.984,-0.0403167,-0.0341507,-0.0602301,-0.0414419,-0.0455048,-0.0650959,-0.0387786,-0.00559059,-0.0472634,-0.0586667,-0.0398363,-0.0591312,-0.0317647,-0.0172313,-0.0387391,-0.0357008,-0.0440869,-0.0782331,-0.0821518
359.482,0,0,0,0,0,0,0,0,0,-0,0,0,0,0,0,0,0,0,0
359.98,0.00433568,-0.0653276,-0.0882756,0.0867137,-0.13101,-0.306858,-0.0837429,-0.0904424,-0.263049,-0.0868302,-0.149081,-0.25334,-0.148266,0,-0.0587288,-0.172271,-0.0703993,-0.076002,-0.0964204
360.478,0.0349739,0.0871719,-0.0733015,0.0924037,0.0815392,0.0937951,-0.112785,-0.134899,-0.111868,-0.106665,-0.119013,-0.214669,-0.0932232,-0.0388036,-0.11347,-0.201166,-0.0546022,0.089933,0.138521
360.975,0.207462,-0.280933,0.131639,-0.278592,0.211074,0.354402,-0.0137382,0.163878,-0.19119,0.195014,-0.0752225,0.132363,0.231936,0.0422632,0.474382,-0.0698261,0.434524,-0.101218,-0.49464
361.473,2.90326,-9.49963,-16.5939,-6.69253,-8.28173,-8.45201,-2.64744,-6.33309,1.7545,-5.00403,0.957,1.76052,-6.534,1.08437,-18.4899,-5.55677,-10.419,12.0582,-14.528
361.97,0.226707,0.242,0.292375,0.183313,0.0736154,0.142532,0.149055,0.222271,0.172768,0.299062,0.254226,0.181014,0.43882,0.16907,0.259126,0.435967,0.071775,0.197113,0.0962469
362.468,-0.149738,-0.211456,0.208011,-0.941838,-0.268714,-0.306761,-0.3872,-1.0285,-0.122952,-0.731951,0.0826138,-0.234,-1.24708,-0.023007,-0.147162,-0.137558,-0.398652,-0.126801,-0.277588
362.965,3.76819,-0.437949,-1.11462,-1.49482,2.10394,0.84718,0.570397,1.16567,-0.711818,-0.0412105,0.387973,0.727071,1.37808,1.76677,-0.704208,-1.09269,0.436101,1.25882,0.366511
363.462,0.585986,2.39038,-0.225544,1.80094,-0.688594,2.22929,1.17581,-3.96899,0.854562,2.30185,0.557756,1.95329,2.18937,2.02663,-0.810652,3.32181,-1.02822,2.02663,0.192879
363.959,0.321512,0.266609,0.337945,0,0.240293,0.296129,0.0975443,-0.016291,0.104914,0.160714,-0.11529,0.042764,0.213714,0.379947,0.227228,0.10231,0.0265318,0.153,-0.0616484
364.456,-0.65262,0.216942,-2.36901,2.0634,-0.874344,0.987088,2.2779,-1.16752,0.667596,1.48063,0.339206,0,1.34494,2.88464,0.858338,0.932682,0.907667,5.43614,1.07682
364.953,1.85229,1.94464,1.68346,2.01794,0.666735,1.292,0.246133,-0.12479,1.65,-0.26335,-1.03815,2.36893,1.22685,0.426873,0.995531,-0.536747,0.251695,1.10862,1.62591
365.449,0.666226,-0.806778,-0.152784,0.32165,0.186251,0.68722,0.0479321,-3.94557,-0.398876,-0.313402,-0.718982,-1.29838,-0.631219,-0.796114,0.199962,-0.617308,0.112135,-3.09435,-0.536725
365.946,-0.182026,-0.127574,-0.246899,-0.090213,-0.437396,-0.162105,-0.241287,-0.148077,-0.522198,-0.35777,-0.130393,-0.0235181,0.0827188,-0.0793944,-0.0603483,0.086625,-0.221538,-0.179353,-0.285011
366.442,-0.158093,-0.289449,0.0117543,-0.568111,-0.247468,-0.181939,-0.0890613,-0.153238,-0.0894661,0.0397527,-0.127594,-0.317721,-0.0475807,-0.278924,-0.172163,0.0774903,0.0987694,-0.128644,-0.216356
366.939,0.411969,0.836677,0.656142,0.481782,0.1366,0.0161205,0.165162,0.340088,0.161437,1.16674,0.212489,-0.282402,0.709854,0.288378,0.733873,0.687525,0.229428,0.44529,-0.0193687
367.435,0.0405449,0.100397,-0.165359,0.224291,1.15893,-0.751923,-0.0530028,0.36692,-0.122986,0.323437,0.0893362,-0.223235,-1.22478,-0.319444,0.987139,0.30215,0.128706,0.619231,-0.0515625
367.931,1.50376,1.27377,1.01921,0.548804,0.651505,1.26,2.3427,1.54322,1.20785,0.329497,0.408684,1.46348,1.67635,0.169608,0.784849,1.23856,2.49625,1.68432,1.82573
368.427,0.266933,-0.410266,0.400231,-0.104685,-0.0261959,0.592437,0.494599,0.396468,0.0206585,0.514633,-0.156369,-0.162438,0.697529,0.359975,0.162438,0.282333,0.738872,0.624105,0
368.923,0.676149,0.344765,0.381911,0.261969,0.0366075,0.226085,0.374468,0.294894,0.253505,0.474394,0.247073,0.126383,0.431552,0.709149,0.098775,0.252766,0.289532,0.385352,0.40097
369.418,-0.388756,-0.387873,-0.476438,-0.258439,-0.232941,0.09,-0.315736,-0.252306,-0.0690489,-0.0552926,-0.429223,-0.213362,-0.37663,-0.170246,-0.543529,-0.556875,0.0217469,0.223862,-0.151594
369.914,0.339833,-0.0664289,0.111535,-0.0664289,0.188971,0,-0.0513647,0.0278837,0.0138648,0.0283563,-0.379821,0.355265,0.249792,0.0296986,0.291106,-0.0469699,-0.0697093,0.101738,-0.271651
370.409,18.8935,6.72618,-18.0426,7.04,5.808,17.5674,-7.73254,-11.5238,1.3003,8.45825,4.81031,-4.10943,21.0922,4.42234,-1.47661,-3.63,9.8552,-3.00414,2.32941
370.905,0.0909948,0.214316,0.307131,0.350317,0.409059,0.34841,0.358687,0.501346,0.631325,0.252426,0.393213,0.391073,0.559325,0.77172,0.319136,0.406247,0.427073,0.202345,0.322965
371.4,0.167206,-0.110491,-0.0780894,0.504396,0.0487685,0.293285,-0.585222,-1.10401,-0.271978,-0.697714,-0.530357,-1.09352,-0.214526,-0.546429,-1.53145,-0.0382239,-1.05116,0.33115,-0.18548
371.895,0.0182813,-0.0138553,0.0372937,0.0238618,0.0493071,-0.000823944,0.00460112,0.0469251,0.00216667,-0.00264407,0.0464427,0.0383276,0.041184,0.00351,0.0603631,0.0304947,0.012344,0.0237391,0.0273285
372.39,0.0861927,-0.107497,0.0643722,-0.217288,-0.355489,0.0510249,-0.253443,-0.232108,-0.424476,-0.644344,-0.184828,-0.486161,-0.241729,-0.214372,-0.263629,0.043065,0.217764,-0.0646622,-0.405181
372.885,-0.0375333,0.565338,0.236168,-0.19616,-0.0716673,0.393223,0.295721,0.1097,0.210122,0.674917,0.284878,-0.104616,0.245876,0.378353,-0.274214,0.676721,0.0492381,0.324251,0.311585
373.38,-0.00941059,0.240852,0.0758803,-0.120255,-0.0221473,-0.0147649,-0.318525,0.0252863,0,0.154145,0.0689268,-0.0140387,0.0299894,-0.0418224,0.158098,-0.189241,-0.064977,-0.162414,0.128455
373.875,0.0686842,0.12375,0.100369,0.0815934,0.099,0.165954,0.0501012,0.14648,0.107486,0.0982979,0.0926712,0.152308,0.126328,-0.0301523,0.066,-0.00710526,0.134799,0.270559,0.149392
374.369,-0.0909184,-0.257511,-0.0402051,0.120313,0.220361,-0.0970973,0.234872,0.020002,0.0379786,0.142091,-0.0346856,-0.188908,0.174377,-0.174436,-0.0544273,0.20002,-0.352977,0.31607,0.25417
374.864,-0.0978435,-0.259679,-0.0486179,-0.195338,-0.395771,-0.0537971,-0.0496307,-0.300493,0.340325,-0.126011,0.051412,0.0397738,-0.211782,-0.276339,-0.0377046,0.312474,0.0487693,0.0583052,0.0716802
375.358,0.0771429,-0.0479585,-0.0241463,0.0821459,-0.0453219,0.121579,-0.0167513,0.15308,-0.0160194,0.0297297,0.113484,0.145022,0.0774783,0.0128155,0.194299,0.148163,0.0483621,-0.0426866,0.252442
375.852,-0.222897,-0.0304896,-0.0288455,-0.0251474,0.0101632,-0.0202634,-0.0708026,0.016503,-0.0126277,-0.0139113,-0.0295132,-0.0620013,-0.14819,-0.00487934,-0.335298,0.0102161,0.0503509,0.0217944,-0.0161156
376.347,-0.262308,-0.0144526,0.328316,-0.126,-0.0654185,-0.0849785,-0.319846,-0.05445,0.145,-0.0281517,-0.158219,0.0838983,-0.0309375,-0.116832,-0.0541791,0.0994737,-0.158028,0.254571,-0.283462
376.841,-0.577516,-0.301238,-0.23029,-0.345435,0.128205,0.26594,0.101602,0.37495,0.149718,0.0547253,-0.441428,0.23029,0.0694861,0.452792,0.322755,-0.353332,0.0916207,0.00816162,-0.221318
377.335,0.108817,-0.268333,-0.06325,-0.201393,-0.0477358,-0.0876733,0.08096,-0.652579,-0.361429,0.293176,-0.266927,-0.732368,0.135097,0.151368,0.106303,0.141209,0.0518443,0.0361429,-0.351704
377.828,-0.183865,-0.121767,-0.175871,-0.0776696,0.0166052,-0.142708,-0.137586,-0.0953374,-0.123136,-0.129008,-0.0407639,-0.145206,-0.0182209,0.0438673,-0.100409,0.0581773,0.0120388,0,0.0265683
378.322,-0.166647,-0.164068,0.220364,0.0271867,-0.202047,0.0173947,-0.067099,0.174841,-0.0954495,0.106255,0.0804503,0.0892122,0.0558853,-0.131079,0.133629,0.0273596,0.0649791,0.115875,0.0379653
378.816,0.120547,-0.12375,0.0326619,-0.099,-0.0902208,0.0847256,0.271804,-0.063502,-0.201923,0.151081,-0.081,0.0681154,0.0744404,-0.0320704,0.0210055,0.0976931,0.0288959,-0.0153161,-0.0268937
379.309,-0.0687367,0.0735738,0.145111,-0.0248001,-0.0468197,-0.0274377,-0.017031,-0.0105105,0.0214709,0.135531,-0.00771753,-0.084597,0.0306557,-0.0151179,-0.144611,0,0.178427,0.222501,0.0284191
379.802,0.0327097,0.153484,0.148226,0.0744887,0.0592697,-0.035651,0.0217905,0.106008,0.00750437,0.131123,0.0314286,0.0852123,0.0250877,0.0351861,0.0956205,0.0984176,0.0662316,0.0947319,0.110354
380.296,0.319355,0.632128,0.321344,0.151017,0.52777,-0.138068,-0.208106,0.4455,0.0473936,0.171346,0.398295,0.519488,0.358119,0.221224,0.288502,0.422561,0.214449,0.411983,0.419798
380.789,0.0440705,0.171938,-0.0605658,-0.0628486,0.204234,0.0157384,0.21871,0.0662438,0.0665306,0.25723,0.199592,-0.017099,0.118345,0.293026,0.117752,0.037212,-0.112312,0.0245035,0.229382
381.282,-0.116381,-0.0814531,-0.194916,-0.230474,-0.262562,-0.19666,-0.0283514,-0.401142,-0.503545,0.118547,-0.170214,-0.183886,-0.0545389,-0.282962,-0.230289,-0.106318,-0.198692,0.0101637,-0.174235
381.775,-0.0668743,-0.0487268,0.19848,0,0.0461766,-0.104333,0.197021,0.0931542,0.123367,0.145396,-0.0197154,0.129002,0.250289,0.106665,0.0644185,0.236874,0.10525,0.0531279,0.3043
382.267,0.093798,0.152101,0.164802,0.193636,0.225715,0.0781761,0.196284,0.260796,0.194179,0.238515,0.10741,0.210415,0.0945506,0.157893,0.184916,0.174206,0.110105,0.0933684,0.255689
382.76,-0.0333009,-0.016549,0.0160928,-0.139155,0.0851594,-0.0144835,-0.0795172,0.0390825,-0.0337464,0.106271,-0.101579,0.0466418,0.0600605,-0.0161332,-0.0254802,0.0250169,-0.0815993,0.0429141,0.105076
383.253,0.102242,-0.00613953,0.0320517,0.106787,0.0526791,0.0529974,0.167714,0.106091,0.0845891,0.130014,0.0686162,0,0.114376,0.126654,0.169393,0.146507,0.24057,0.226933,0.17778
383.745,-0.0341754,-0.14931,-0.221536,-0.202805,-0.0945227,-0.0778497,-0.0871256,-0.081544,-0.0839881,-0.155413,-0.0198648,0,-0.117598,0.113942,-0.14314,-0.0445022,-0.0518044,-0.119189,-0.0798414
384.237,0.0535714,-0.0344595,0.220068,-0.0791925,0.296767,0.0607143,0.0678994,0.157732,0.085,0.248556,0.162465,-0.0994942,-0.103478,-0.0037172,0.143662,0.155878,0.132729,0.134627,0.255
384.73,-0.0143491,0.0903645,0.176434,0.0783987,0.218091,0.092356,0.163119,0.0353362,0.00817091,0.0509457,0.209994,0.211405,0.0361904,0.145918,0.0835369,0.135455,0.235066,0.0268761,0.218375
385.222,0.184067,0.0557277,0.116198,0.0968529,0.0126044,0.0114185,0.339412,0.285392,0.145635,0.105851,0.13274,0.167672,0.216657,0.270106,0.236734,0.132381,0.16664,0.232177,0.124583
385.714,0.174062,0.101847,-0.106008,0.0709901,0.0667112,0.0390523,0.0921857,0.0815579,0.13815,0.105334,-0.107982,0.158711,0.0870991,0.142991,0.0691084,0.125282,0.107115,0.138953,0.141831
386.205,-0.0129932,0.0848432,0.0492427,-0.0480916,0.0114951,0.0511374,0.0770686,0.0491314,0.115491,0.106105,0.123129,0.0507525,0.149618,0,0.0468513,0.095677,0.0576858,0.0780644,0.105012
386.697,0.178492,0.140316,-0.172539,-0.00482341,-0.0240671,0,0.266377,0.287266,0.292406,0.334054,0.262255,0.281093,0.410504,0.264246,0.149576,0.445202,0.320341,0.279615,0.369369
387.189,0.0260222,-0.166333,0.0630876,0.0405382,-0.0439088,-0.00338634,0.106815,0.135886,0.165783,0.0331643,0.123519,0.0198858,0.0756106,0.104623,0.00936712,0.111437,0.124831,0.126435,-0.00341106
387.68,0.177844,0.0520771,0.0162011,0.163024,0.0615868,0.0958964,0.127666,0.0837852,0.147603,0.0401702,0.0845547,0.0826286,0.188729,0.161036,0.0985726,0.0719223,0.250549,0.167505,0.137104
388.172,0.0536623,0.0508259,0.0149704,0.042216,-0.0180714,0.0329046,0.0464866,0.0252439,-0.0150937,0.0311406,-0.0837748,0.0721644,0.056925,0.141907,-0.0599428,0.0299408,0.067457,-0.012879,0.0602381
388.663,0.0139216,0.00617466,0.131077,-0.0559626,0.152643,0.196257,0.281912,0.24596,0.0334945,-0.0184709,0.0933455,0.0985323,0.173878,0.129091,0.185867,0.132965,0.0825802,0.197629,0.379238
389.154,0.130955,0.119766,0.13842,0.111969,0.103424,0.296189,0.0658508,0.119799,0.036635,0.0829987,0.115974,0.100375,0.191967,0.0998327,0.191967,0.246611,0.115606,0.228532,0.332695
389.645,-0.0514006,-0.0295705,-0.0646096,-0.0455858,-0.053625,0.0366178,0.0234619,-0.0682649,0.0904101,-0.0640134,0.0121645,-0.041195,-0.1047,0.0924053,0.00988195,0.123314,-0.0283923,-0.0200292,0.115772
390.136,0.0430906,-0.0258666,-0.0453896,0.0805986,0.031228,-0.0394736,-0.0195175,0.102574,0.211812,0.0727038,-0.0440439,0.0810512,0.105803,-0.0026198,0.134698,0.19181,0.144242,0.0818099,0.0753996
390.627,-0.115467,-0.0785165,0.139576,0.122841,0.0401075,-0.0137461,-0.0365282,0.0246296,-0.0189454,0.0832593,0.0629474,0.0635724,0.0840568,-0.0911866,-0.0477762,0.0632851,0.163171,0.0701213,0.064621
391.118,-0.0474887,-0.0210833,-0.021288,0.045799,0.0243562,-0.00660144,-0.0228752,-0.0769582,-0.00516327,0.0180129,0.0224658,0.0719694,-0.0366667,0.0680856,0.0751485,-0.0200396,0.0736116,0.0921289,0.0189513
391.608,-0.00501804,-0.0167567,0.0558342,-0.030379,-0.0262482,-0.0347546,0.00677527,-0.0706468,0.0756494,0.0472689,-0.0635552,0.00919975,0.0181727,0.0254044,-0.00356796,0.11775,0.0450677,0.00859317,-0.00344358
392.099,0.00214632,0.0240373,-0.0284434,0.0896654,-0.0421265,0.162772,0.0872265,0.0336522,-0.0389404,0.0638483,-0.0883371,0.0747113,0.0891407,0.0782,0.167082,0.106327,0.0625429,0.135806,0.0722758
392.589,-0.023284,0.0778545,-0.00515685,0.0703438,-0.0418161,0.0834342,0.0591389,0,0.0492546,0.00169618,0.0363941,0.0181327,0.0337941,0.0374815,0.00395558,0.101162,0.180252,0.0916063,0.0606723
393.08,-0.0210378,0.0709104,-0.0878454,-0.0155471,0.0610097,-0.033634,-0.0204873,0.03457,0.0807825,-0.0343118,0.0959782,-0.0141559,0.0520169,0.0374557,0.016798,-0.00978635,0.0675911,0.0326104,-0.050889
393.57,0.0985664,0.131201,0.106426,0.100439,0.0123349,0.154904,0.171446,0.226962,0.0899283,0.196775,0.12635,0.206397,0.138374,0.135746,0.240313,0.0987457,0.222278,0.232329,0.147468
394.06,0.10316,0.0907235,0.169811,0.0629302,0.0276211,0.0578464,0.108866,0.094357,0.0308867,0.0575581,0.0689333,0.0949091,0.159107,0.0489097,0.0569138,0.188956,0.142599,0.155593,0.146667
394.55,0.0545522,0.00637944,0.0369898,0.208932,-0.0128804,0.109356,0.0266491,0.0826727,0.0363215,0.0231582,0.0975114,-0.0303692,-0.00985385,0.0522792,-0.0509102,0.0559202,0.0626959,0.0415127,0.107059
395.04,0.0432143,0.158842,0.0472855,0.117736,0.187509,0.155301,0.0829064,0.120799,0.226702,0.144836,0.139552,0.218036,0.0918581,0.164414,0.192343,0.164195,0.16588,0.213011,0.217109
395.529,0.0948233,0.105142,0.0600077,0.0468798,0.0257417,0.0721897,0.00149024,0.0882588,0.0828709,0.00154406,0.072027,0.0559748,0.0530795,0.11406,0.103096,0.064043,0.118169,0.0895346,0.0620026
396.019,0.125724,0.15292,0.147093,0.0864,0.168372,0.131573,0.0537889,0.1458,0.128771,0.213253,0.182456,0.232742,0.141425,0.341176,0.181349,0.268656,0.346823,0.197473,0.145297
396.508,-0.0412881,0.0710042,0.0471046,-0.0219892,0.0828365,0.0956573,0.0259164,0.0213757,0.0324907,0.0322746,0.0665488,0.0762246,0.0357345,0.026117,-0.0180171,0.0722873,0.114761,0.0820704,0.0650073
396.998,0.0310737,0.0592607,-0.0019533,0.029815,0.0553301,0.0988824,0.104863,0.0513336,0.148206,0.103122,0.00582631,0.0772615,0.0675746,0.0793065,0.0903725,0.167886,0.140172,0.0770221,0.158345
397.487,0.0308773,0.0827348,0.0463315,0.00723607,-0.00665682,0.0918555,0.0696394,0.0885837,0.119076,0.0896294,0.0481958,0.172262,0.123188,0.0616717,0.0992886,0.160095,0.174639,0.116186,0.114318
397.976,0.0386029,0.0758992,0.0425101,0.020751,0.0425584,0.0809547,0.0209871,0.0162237,0.0428571,0.0268588,0.117309,0.0539384,-0.0574436,0.0120413,0.0722315,0.0893758,0.0633378,0.0768903,0.0356565
398.465,-0.00150502,-0.0127303,0.0258537,0.0899313,0.00887655,0.0634193,0.0031031,0.0319817,0.0307386,0.099446,0.107027,0.0900391,0.100029,0.0732713,-0.0205613,0.11303,0.0264077,0.109418,0.0485075
398.954,0.0485262,0.0619966,0.0630526,0.0590438,0.0632668,0.114613,0.129463,0.0715924,0.132221,0.0241877,0.0983286,0.111114,0.137401,0.117618,0.0883155,0.112349,0.126078,0.122898,0.21712
399.443,0.0353463,0.0232678,0.0532735,0.0898653,0.0162212,0.0745198,0.0234567,-0.0351647,0.0895455,0.0395495,0.05505,0,0.0725962,0.0683528,0.0398339,0.0651498,0.0192569,0.057606,0.0424304
399.931,-0.0305282,-0.057861,-0.0145672,-0.0331886,-0.0126135,-0.0493418,0.041978,-0.00161663,-0.0311309,0.103724,0.0289358,0.0899885,0.011089,0.102005,0.042671,-0.0534132,0.0114967,0.0532424,-0.0212969
400.42,0.0169624,-0.0228355,0.0329451,0.0609544,0.00128303,0.0279643,0.021511,0.061388,0.0480428,0.0882699,0.0549047,0.0103834,0.0568089,0.0392546,0.098538,0.0342613,0.103298,0.0364106,0.0472173
400.908,-0.0249411,0.0174105,0.0185586,0.0262637,-0.0124501,-0.00809386,0.0348087,0.0365031,0.0453797,0.0814968,0.0560693,0.0845099,0.069013,0.108654,0.107211,0.0277276,0.0518688,0.0842883,0.104265
401.397,0.0879137,0.0842016,0.0687635,0.0197517,0.0734508,0.0916846,0.133944,0.120354,0.128235,0.117729,0.0867638,0.108774,0.0555367,0.112451,0.12879,0.101891,0.0984422,0.102467,0.194689
401.885,0.0318024,0.0578671,0.0378811,0.0655742,0.0674425,0.0957691,0.0361266,0.113767,0.0892527,0.0560263,0.090305,0.100833,0.116807,0.102984,0.111439,0.098898,0.124863,0.112611,0.116747
402.373,0.0872072,0.0698416,0.0641967,0.101636,0.105279,0.10691,0.0946666,0.0871445,0.109494,0.07109,0.0940213,0.139418,0.103966,0.128623,0.152576,0.0701744,0.136811,0.141887,0.116072
402.861,0.106737,0.0886321,0.0839456,0.0501493,0.120507,0.100397,0.0838636,0.0574111,0.0755672,0.0203016,0.0795795,0.0367262,0.102747,0.109733,0.138263,0.0859931,0.195126,0.078577,0.0867626
403.349,-0.0356714,0.0222292,0.0238646,0.0234336,-0.0430047,0.0460358,0.0616048,-0.0140394,-0.00812798,0.0170958,0.0831815,0.00229729,0.070019,0.0537234,0.073298,-0.014479,0.0458744,0.108361,0.00340265
403.837,0.0152402,0.029052,0.0172937,0.0534106,0.0663865,0.0602643,0.0633858,0.0452632,0.0734311,0.0461264,0.0568592,0.051017,0.0979884,0.0709503,0.0995617,0.0782979,0.0529445,0.0809926,0.129236
404.324,0.0914749,-0.00615962,0.0137338,0.00298973,0.0749029,0.0697679,0.0675471,0.0911193,0.0683544,0.0983366,0.0352326,0.0744563,0.0755238,0.0363062,0.0514457,0.074243,0.100376,0.148021,0.0929673
404.812,0.0277284,0.0345011,0.01941,0.0940831,0.0046291,0.0678137,0.113622,0.0569981,0.0172855,0.0963456,0.0445846,0.0834275,0.0573747,0.0688235,0.129178,0.092947,0.172749,0.130137,0.0977948
405.299,0.155014,0.0492368,0.0756582,0.0890237,0.025919,0.0952762,0.106561,0.0878458,0.103984,0.088691,0.0472595,0.0971071,0.156532,0.131757,0.126956,0.107684,0.162807,0.14986,0.133176
405.786,0.127539,0.0738835,0.0961176,0.092081,0.109963,0.0898064,0.0966053,0.0967604,0.119798,0.125839,0.100215,0.12832,0.113767,0.115049,0.100691,0.149117,0.108782,0.135261,0.110249
406.274,0.0256955,0.0561037,0.0362737,0.0623491,0.0411724,0.0563671,0.00471334,0.0488647,0.0811309,0.0152883,0.143898,0.0732271,0.045858,0.141515,0.071971,0.122253,0.123679,0.0735639,0.0842149
406.761,0.0411892,-0.0247716,-0.00259448,-0.018037,0.00862821,0.0197526,-0.0212328,0.0316158,-0.00976264,0.0376247,0.00551353,0.016181,0.0423984,0.0225729,0.0613456,0.0470008,0.0674802,0.0604469,-0.00276816
407.248,0.0538742,0.0614988,0.0423958,0.0253284,0.0492197,0.0510326,0.0646474,0.0519151,0.0623646,0.0835322,0.0597536,0.0695648,0.0597296,0.0758471,0.0678828,0.0688705,0.0875367,0.0588287,0.0943328
407.734,0.0388681,0.0249198,0.0468049,0.0983203,0.0960261,0.0594728,0.0758865,0.0478315,0.0714168,0.0680991,0.0483003,0.0551492,0.086934,0.0545649,0.126366,0.0804502,0.0921323,0.0992972,0.0959873
408.221,0.0242868,0.0447483,0.0246798,0.0315627,0.041445,0.0509688,0.00257663,0.067464,0.0552519,0.0339842,0.0518076,0.0738267,0.053987,0.101136,0.111141,0.071178,0.0761034,0.0921289,0.0687331
408.708,0.0951598,0.0573905,-0.0101352,0.0386311,0.0952719,0.126973,0.0788186,0.100008,0.121656,0.128911,0.0719163,0.076755,0.115867,0.0949851,0.178325,0.112004,0.0809857,0.053745,0.189813
409.194,0.0409608,0.0519288,0.0464006,0.10497,0.0266749,0.0701813,0.0594812,0.0657675,0.0644713,0.0455225,0.106325,0.137105,0.0952866,0.156187,0.112007,0.088308,0.0861342,0.127605,0.0729907
409.681,0.0414435,0.0879931,0.0331808,0.0670787,0.0768142,0.0343879,0.0879402,0.0520398,0.0951428,0.0791963,0.0787797,0.0584172,0.0702777,0.0869823,0.0762044,0.0766188,0.0966275,0.0743936,0.0752458
410.167,0.0450821,0.0838669,0.0896389,0.0895769,0.0622088,0.0746823,0.087408,0.129823,0.120806,0.0947795,0.10519,0.129845,0.0889862,0.144834,0.112006,0.0758147,0.0737644,0.122236,0.148369
410.653,0.0225803,0.0516761,0.0148006,0.0135567,0.0404076,0.0317439,0.0345098,-0.000727359,0.0300463,0.0141708,0.0569175,0.0799913,0.0309846,0.0127428,0.0565584,0.0712335,0.0395833,0.0779347,0.0423773
411.139,0.0529023,0.0550193,0.0609278,0.0671303,0.0336338,0.0195023,0.0768069,0.0530482,0.0640789,0.039083,0.0465903,0.0873206,0.105833,0.0868461,0.0748071,0.0767766,0.0861487,0.115275,0.107263
411.625,0.103429,0.099668,0.0729582,0.0537929,0.0715731,0.0864713,0.0474643,0.0182852,0.0740721,0.0658514,0.0759526,0.0789965,0.0834841,0.0829893,0.124827,0.112585,0.0981141,0.104754,0.0869619
412.111,0.0275061,0.0203618,0.0286106,0.0202557,0.0376037,0.0118851,0.0319669,0.0374295,0.0207465,0.0404917,0.020389,0.0600478,0.0865011,0.0574483,0.0890941,0.0967367,0.118631,0.0946438,0.0553559
412.597,0.0407016,0.0566993,0.0182322,0.0449963,0.0540383,0.0454998,0.056382,0.0591272,0.0657711,0.0429105,0.0505009,0.114873,0.0734656,0.100125,0.111498,0.079052,0.0931858,0.0762319,0.0582452
413.082,0.0580655,0.0536603,0.0662318,0.0592558,0.0481786,0.0351683,0.0802763,0.0709342,0.0500557,0.0872829,0.0929891,0.0929807,0.0810282,0.0734732,0.0644998,0.0572364,0.137038,0.0839412,0.0722522
413.568,0.0544216,0.0618661,0.0858221,0.118998,0.0625185,0.0601455,0.0912657,0.0937965,0.106315,0.0708778,0.0741299,0.106774,0.0843331,0.0755166,0.108535,0.0644845,0.0753026,0.114249,0.134164
414.053,0.0296465,0.0542577,0.0525399,0.0210059,0.0387077,0.0288393,0.043776,0.0544071,0.0350494,0.0650777,0.0385712,0.0548204,0.0546566,0.0733177,0.0735901,0.0725301,0.0772836,0.0787578,0.0893946
414.538,0.0596533,0.0320827,0.0378504,0.0372931,0.0466379,0.0732314,0.0681307,0.0739469,0.0605658,0.0929702,0.0477069,0.0810132,0.0633743,0.0722433,0.0681731,0.0653257,0.110111,0.117367,0.125387
415.023,0.053833,0.0907299,0.051903,0.0588677,0.0447937,0.0675269,0.0682949,0.0778065,0.0896963,0.0678492,0.11435,0.0840865,0.0650113,0.0655945,0.0747556,0.0635731,0.127169,0.111151,0.065911
415.508,0.0221062,0.0164141,0.0714983,0.01386,0.0223364,0.055672,0.0615024,0.0413604,0.045139,0.065986,0.0266681,0.0633265,0.0486463,0.0527466,0.0863697,0.0839822,0.0798831,0.0791587,0.103986
415.993,0.0312245,0.0301795,0.053415,0.0884094,0.0646495,0.0613876,0.0750559,0.0556621,0.0709558,0.0645238,0.0737105,0.096408,0.101484,0.0648458,0.0785925,0.068438,0.0936595,0.114863,0.125067
416.478,0.0787987,0.0580222,0.0553861,0.0271217,0.0373272,0.0777459,0.0750267,0.0693129,0.0672841,0.0780766,0.0685511,0.0306837,0.0915064,0.0644038,0.0967209,0.104779,0.115944,0.107253,0.107288
416.963,-0.000595728,0.0449797,0.0523848,0.0295548,0.049421,0.0313317,0.0459182,0.0610777,0.0540315,0.0734243,0.0774872,0.0641625,0.0881689,0.0442321,0.0506347,0.0999777,0.0777383,0.11854,0.0899737
417.447,0.0354506,0.039288,0.0420759,0.0224906,0.0182742,0.022702,0.0707762,0.0260856,0.00407897,0.0549712,0.0279409,0.0276664,0.0429419,0.0646053,0.0344644,0.07363,0.0900843,0.0756702,0.0686157
417.932,0.0259129,0.0617115,0.0457223,0.0568995,0.0577451,0.0330502,0.0656208,0.0450878,0.0727768,0.0605219,0.0761365,0.0518321,0.0657376,0.0675528,0.0670536,0.0856851,0.0992798,0.0711248,0.0844184
418.416,0.0230084,0.0457442,0.0803571,0.0539899,0.0594272,0.0790936,0.0706096,0.0558709,0.0752775,0.0427342,0.0431513,0.0571514,0.081595,0.0811703,0.0695989,0.096616,0.0935825,0.0981657,0.0863011
418.9,0.0426202,0.0615639,0.0565365,0.0594912,0.0569696,0.0448841,0.0710427,0.0372352,0.0794851,0.0688931,0.0710984,0.0727291,0.0752877,0.0807527,0.0821141,0.0770081,0.114108,0.096388,0.107751
419.384,0.0244498,-0.00799582,0.0149318,0.0206085,0.0551561,0.0569283,0.0242453,0.031549,0.0663941,0.0554948,0.0608698,0.0740958,0.0649753,0.0774979,0.0597181,0.0655237,0.0795524,0.0685288,0.0586004
419.868,0.0750354,0.0601179,0.0596573,0.0626418,0.0703859,0.0720874,0.0692091,0.0666765,0.0666146,0.076134,0.0729977,0.0533555,0.107157,0.105624,0.087753,0.102847,0.101702,0.0952521,0.110807
420.352,0.0869769,0.06412,0.0711036,0.074788,0.0505455,0.0540955,0.10067,0.0704875,0.0581026,0.0731643,0.0667039,0.0759078,0.0584742,0.0812132,0.0938426,0.105912,0.0944798,0.0912441,0.101157
420.836,0.0744961,0.0669955,0.0722301,0.0716468,0.055296,0.0723291,0.0692727,0.065189,0.0878644,0.0404453,0.103118,0.0995572,0.0945135,0.0959259,0.117148,0.115058,0.129312,0.121135,0.122136
421.319,0.0282372,0.0112725,0.0126325,0.00114534,0.0530639,0.0390475,0.0386399,0.0548607,0.062841,0.0301975,0.0585176,0.0574648,0.0689776,0.0624145,0.0623099,0.0893815,0.0711106,0.10704,0.0742559
421.803,0.0488335,0.0348154,0.0560636,0.0485751,0.0630174,0.0515806,0.0469091,0.0468496,0.0633544,0.0395618,0.0627406,0.0762315,0.0713072,0.0797273,0.0987313,0.0725938,0.0772403,0.092696,0.0787112
422.286,0.0400495,0.0178994,0.0613105,0.0504931,0.0176838,0.032489,0.0564682,0.065877,0.0752696,0.0410084,0.0544006,0.0643256,0.079845,0.0825579,0.0543475,0.0965106,0.0817834,0.0930056,0.120266
422.77,0.039474,0.0303635,0.0276068,0.0325792,0.0228464,0.044833,0.0359491,0.0487803,0.026151,0.0517129,0.0500119,0.029664,0.0458811,0.0700358,0.053694,0.0764999,0.0859718,0.0748382,0.0826276
423.253,0.0790776,0.0457762,0.0927665,0.0743284,0.0681856,0.0616483,0.0786404,0.076701,0.054253,0.0714225,0.0735835,0.112469,0.0799197,0.101546,0.10311,0.100137,0.0954894,0.120177,0.121949
423.736,0.0258003,0.037034,0.0253994,0.037558,0.051118,0.0388033,0.0571195,0.0432875,0.0307925,0.0530084,0.0836698,0.0776031,0.0798136,0.0810544,0.0772935,0.0721574,0.0856722,0.0792695,0.0859347
424.219,0.0738773,0.0696651,0.059782,0.056756,0.0729724,0.0791752,0.0815764,0.0724561,0.107525,0.0732737,0.10153,0.0979961,0.0764724,0.098018,0.0818218,0.105024,0.10996,0.115309,0.126131
424.702,0.0411372,0.0338407,0.0275874,0.0441762,0.0551748,0.0755433,0.0522554,0.0496673,0.0512476,0.0563971,0.0434986,0.0479309,0.0784081,0.07353,0.0692148,0.0889977,0.0935115,0.0933101,0.0946118
425.184,0.0623207,0.0455396,0.0707791,0.0586193,0.0431438,0.0523875,0.0663757,0.0582156,0.0651535,0.0705856,0.0795441,0.0668661,0.0906077,0.0874386,0.0772099,0.100696,0.0835387,0.107265,0.13471
425.667,0.0265895,0.0525488,0.0562507,0.0485514,0.045417,0.0402412,0.0248448,0.0584097,0.0625106,0.0635327,0.070689,0.059844,0.0990968,0.0686345,0.0766162,0.080417,0.0971385,0.0776931,0.10013
426.149,0.0537409,0.0566642,0.0632627,0.0522344,0.0543703,0.0768563,0.0403556,0.0416626,0.0643358,0.0540293,0.0702368,0.0503047,0.0843032,0.0856827,0.0991857,0.102091,0.107482,0.104298,0.0974739
426.632,0.0413762,0.0426705,0.0812479,0.051683,0.063209,0.0614132,0.0955857,0.0576608,0.0543426,0.0895862,0.103174,0.0484031,0.0884688,0.0887577,0.0728243,0.110723,0.117061,0.0845843,0.107252
427.114,0.04266,0.0847052,0.0784244,0.0503357,0.0848663,0.0624718,0.0571435,0.0599963,0.0684479,0.0804144,0.0744487,0.0844816,0.0703427,0.0876873,0.0872506,0.108556,0.113838,0.108527,0.116077
427.596,0.0380213,0.0570228,0.0550982,0.048569,0.062427,0.0494349,0.0683557,0.0731216,0.0696875,0.0834863,0.100507,0.108376,0.0761692,0.0877119,0.109492,0.103253,0.123443,0.110294,0.105396
428.078,0.0594541,0.0660474,0.0656521,0.0730418,0.068666,0.0612318,0.070557,0.0598038,0.0811792,0.077521,0.0700596,0.0835952,0.0852187,0.11159,0.0811225,0.0762581,0.11305,0.103362,0.0975605
428.56,0.0365526,0.0496495,0.0443116,0.0361204,0.0551394,0.0609767,0.0525656,0.0592934,0.037997,0.0628161,0.0826171,0.0651233,0.0893385,0.05579,0.0597998,0.0575734,0.0998877,0.0701818,0.0966489
429.042,0.0653304,0.0581078,0.070797,0.0244476,0.0537942,0.0504881,0.0542043,0.0641896,0.0526553,0.0726792,0.0950587,0.0689416,0.0902264,0.0910906,0.082361,0.0864412,0.124807,0.0964098,0.0931095
429.524,0.0500219,0.053968,0.0737013,0.0637518,0.083898,0.0583911,0.0760097,0.057189,0.0781066,0.0826492,0.0826648,0.0689772,0.0780274,0.0925239,0.0942294,0.0875087,0.112021,0.108474,0.109587
430.005,0.0456622,0.0603734,0.0416041,0.0689135,0.0522057,0.0442555,0.0647404,0.0688328,0.0773937,0.0610843,0.0828049,0.0931724,0.0673228,0.0811139,0.0803142,0.092936,0.0742695,0.0912261,0.0837336
430.487,0.038901,0.0366017,0.0424253,0.0587992,0.0307593,0.0565743,0.0539554,0.048206,0.0620976,0.070501,0.0409868,0.0740009,0.0503622,0.0884891,0.0752364,0.0739535,0.096784,0.105039,0.099054
430.968,0.0358903,0.0449072,0.0230046,0.0561553,0.0901382,0.0686538,0.0627793,0.0807019,0.0649789,0.0638351,0.0856579,0.0761399,0.0830875,0.0755905,0.0943344,0.0979401,0.111118,0.120366,0.0877244
431.449,0.0442677,0.0417599,0.0427943,0.0385701,0.0695674,0.0503551,0.0495235,0.0547862,0.0493398,0.0526212,0.0624198,0.061277,0.0718698,0.071172,0.066848,0.0896151,0.0668069,0.0895659,0.0983575
431.93,0.038871,0.0356498,0.0171968,0.0261463,0.05107,0.0382451,0.0409582,0.0354044,0.0641529,0.0713861,0.0816991,0.0644862,0.0701042,0.075148,0.0533504,0.0780986,0.073894,0.0960267,0.0851217
432.411,0.0183848,0.0258888,0.0401734,0.0316324,0.0450445,0.027278,0.0533104,0.032582,0.0497704,0.0474413,0.0649438,0.0515534,0.054172,0.0486038,0.0666109,0.0743006,0.0873622,0.0837952,0.0744204
432.892,0.0297744,0.0148515,0.0301272,0.0417423,0.0552877,0.0249924,0.0459225,0.0473367,0.0445954,0.0545922,0.0622421,0.0629548,0.0799074,0.0613765,0.0765509,0.0868665,0.100168,0.0844919,0.0851102
433.373,0.0707737,0.0875087,0.0670645,0.0644722,0.0856342,0.0763353,0.0783672,0.0814888,0.098072,0.0854533,0.0886657,0.0854778,0.0864518,0.117879,0.104135,0.112389,0.115526,0.112937,0.111322
433.854,0.0459068,0.0625165,0.0534452,0.0634796,0.0525524,0.0505166,0.0722932,0.056286,0.0615537,0.0587675,0.0802676,0.0829924,0.0651938,0.0830849,0.0997045,0.109466,0.0999365,0.103901,0.0946484
434.334,0.0404317,0.0382147,0.0523042,0.043788,0.0473092,0.0438883,0.0322649,0.0393246,0.0644275,0.0474698,0.0544065,0.0568783,0.0597745,0.0672543,0.0725552,0.0679659,0.0893459,0.100449,0.0799255
434.814,0.058648,0.0360299,0.0558682,0.0657635,0.0497229,0.0659402,0.0533119,0.0505624,0.0818974,0.0843943,0.0776903,0.0820828,0.08361,0.0811087,0.0780763,0.11886,0.0959331,0.103154,0.1013
435.295,0.0572298,0.0472616,0.0597098,0.0607513,0.0528039,0.0538867,0.050706,0.0555727,0.0554424,0.0570413,0.0589908,0.0844715,0.0832663,0.0606117,0.0647937,0.103716,0.09214,0.0952864,0.105002
435.775,0.0325951,0.037577,0.0502964,0.0444173,0.0381213,0.0399528,0.031029,0.0326248,0.0595954,0.0418906,0.0695616,0.057656,0.0746119,0.0723001,0.0819349,0.079562,0.0700425,0.0772409,0.0788976
436.255,0.0486369,0.0502619,0.0583607,0.0712832,0.0592013,0.0563548,0.0637998,0.0655595,0.0587583,0.0632952,0.0764899,0.083135,0.0952244,0.0887064,0.120366,0.0942583,0.0757086,0.10986,0.100679
436.735,0.0414856,0.0509787,0.0539327,0.0658212,0.0411418,0.0499615,0.061015,0.0626795,0.0734702,0.0769345,0.0679241,0.0777429,0.075902,0.0692204,0.0896926,0.0879849,0.0763608,0.0955239,0.0980387
437.215,0.0713431,0.0666385,0.0635089,0.0664354,0.0784568,0.0818537,0.0765627,0.0860043,0.0818431,0.0869879,0.0896418,0.0986668,0.0769388,0.107266,0.109472,0.111917,0.114048,0.1071,0.119685
437.695,0.0427185,0.0496983,0.0359899,0.0573251,0.0428702,0.0589362,0.0431718,0.0630385,0.0559115,0.0491311,0.0643119,0.0753208,0.0675502,0.0802075,0.0814115,0.0852521,0.0926302,0.0840588,0.107722
438.174,0.056036,0.0478786,0.0578274,0.0548295,0.0655855,0.043691,0.0546916,0.0762914,0.0629157,0.0744568,0.0642668,0.092359,0.0717313,0.083947,0.0875205,0.0888534,0.0907038,0.0836395,0.0957913
438.654,0.0424015,0.0420933,0.0345584,0.0435702,0.0384679,0.0514047,0.0391284,0.0540897,0.0687221,0.0567237,0.0680603,0.0630406,0.0697823,0.0778408,0.0876579,0.071639,0.0771549,0.106895,0.102794
439.133,0.0414663,0.0430016,0.0486888,0.0472365,0.0340203,0.0402718,0.0529854,0.0561904,0.0594439,0.0472772,0.0531026,0.0643245,0.0793962,0.0741587,0.0784255,0.0885277,0.0854776,0.0844621,0.0776816
439.612,0.0343109,0.0379135,0.0528187,0.0557755,0.0475643,0.0464176,0.038821,0.0495855,0.0585261,0.0577229,0.0662299,0.0741843,0.0674466,0.0862747,0.0814235,0.0743823,0.0762286,0.0991361,0.0987505
440.091,0.0573865,0.0530811,0.0638419,0.0647482,0.0769597,0.0713877,0.0698582,0.076452,0.0896841,0.0776562,0.0754701,0.0912919,0.0949997,0.0935165,0.104602,0.11079,0.121883,0.107442,0.103065
440.571,0.0469414,0.056077,0.0666953,0.0495631,0.0563229,0.0638931,0.0543492,0.0633353,0.0716973,0.0665996,0.0836877,0.091858,0.0619649,0.0854259,0.0948901,0.0904658,0.09601,0.0950975,0.101837
441.049,0.04077,0.0481658,0.052893,0.0411089,0.050761,0.0558124,0.0408434,0.0576994,0.0718296,0.0560212,0.0698768,0.0640136,0.0624664,0.0773672,0.0896911,0.0726926,0.0921364,0.109023,0.104677
441.528,0.0424612,0.0443502,0.0494256,0.0489682,0.0449737,0.0590913,0.0554457,0.072365,0.0670449,0.054783,0.0827357,0.0745654,0.0910434,0.0820782,0.0834499,0.0890601,0.0949655,0.0924737,0.100716
442.007,0.0310695,0.0441751,0.0497085,0.0316723,0.0501845,0.0666136,0.0464575,0.049706,0.0398252,0.0672675,0.0663552,0.0636207,0.0644222,0.0824903,0.0966356,0.0907218,0.0924112,0.0739652,0.0844857
442.486,0.0680788,0.0555035,0.0761156,0.0529213,0.0677738,0.0655782,0.0600266,0.0621843,0.0525326,0.0765194,0.0766055,0.0722132,0.102072,0.0920995,0.111452,0.0854051,0.111548,0.108322,0.101077
442.964,0.0582717,0.0545359,0.0621365,0.0594697,0.072468,0.0639961,0.077975,0.0715164,0.0801312,0.0768767,0.0676136,0.0904634,0.0887427,0.0877015,0.0993881,0.103108,0.110216,0.0923004,0.0986991
443.442,0.0569934,0.0652921,0.0619734,0.0672018,0.0782216,0.0750667,0.0602592,0.0671596,0.0926968,0.0835053,0.0891297,0.0757641,0.0800514,0.0972278,0.112002,0.105524,0.0987158,0.114345,0.112052
443.921,0.0543707,0.0627337,0.0546105,0.0485825,0.0534312,0.0515894,0.0548805,0.0721622,0.0612118,0.0684983,0.0803539,0.0772838,0.0864599,0.0721602,0.0835311,0.100637,0.100903,0.0996999,0.0941567
444.399,0.0404343,0.054173,0.0502017,0.0455796,0.0506788,0.0503389,0.0591291,0.0530609,0.05323,0.054604,0.0686447,0.0811968,0.0631691,0.0751433,0.089171,0.0893938,0.0858406,0.103507,0.103737
444.877,0.0454934,0.0295333,0.0511483,0.039177,0.0423753,0.0384034,0.0534998,0.0396808,0.0739706,0.0609784,0.061023,0.0697793,0.066313,0.0839767,0.0849782,0.088808,0.0932222,0.096878,0.0829294
445.355,0.0495921,0.0607022,0.0605042,0.052206,0.0624329,0.045301,0.061592,0.0627281,0.0570713,0.0482735,0.0673772,0.0728902,0.0876082,0.083909,0.0814754,0.0980616,0.0794132,0.105993,0.0937594
445.832,0.0529066,0.0604326,0.0483447,0.0548435,0.0510692,0.0449253,0.0491516,0.0453084,0.0704466,0.0597782,0.0551202,0.0637537,0.0738613,0.0848352,0.0829939,0.0855157,0.0986408,0.0915691,0.0969355
446.31,0.0412864,0.0381771,0.0502055,0.0427931,0.0507416,0.0372068,0.063414,0.0552858,0.0612679,0.0619164,0.0685319,0.068796,0.0634567,0.0772277,0.0816059,0.0912756,0.0925299,0.0983114,0.0912952
446.788,0.058046,0.0476506,0.0610779,0.0572148,0.0790365,0.0718747,0.0807159,0.0736475,0.0776771,0.0820771,0.0705129,0.0854055,0.0926336,0.10386,0.0836278,0.0894742,0.100097,0.105716,0.106022
447.265,0.0513227,0.0544327,0.0694492,0.0670102,0.0663371,0.0772559,0.0636774,0.0680057,0.0706405,0.0721961,0.0725054,0.0919431,0.091225,0.0854047,0.0960741,0.106327,0.108221,0.107291,0.0937054
447.742,0.0434603,0.0516449,0.0451836,0.0537584,0.0534391,0.0574944,0.0615228,0.05347,0.0630842,0.0668657,0.0612017,0.0828544,0.0813622,0.0697529,0.0807616,0.0767854,0.0955917,0.0920457,0.0795723
448.219,0.0636357,0.0631791,0.0538693,0.0612119,0.0741071,0.0565901,0.0658812,0.0714078,0.075856,0.0720463,0.0765996,0.0795929,0.0804135,0.100522,0.0990856,0.0972595,0.0942056,0.0999372,0.10999
448.697,0.0625137,0.0515278,0.058242,0.0485037,0.0537603,0.0547416,0.0614342,0.0568197,0.064841,0.0770589,0.0688907,0.0608237,0.0781145,0.0908285,0.0819921,0.0988745,0.0886484,0.0975359,0.106573
449.173,0.0411164,0.0456109,0.047881,0.0514241,0.0470863,0.0514632,0.0590918,0.0614011,0.0637513,0.0541616,0.0706963,0.0739597,0.0804713,0.0796482,0.081473,0.0853974,0.0856416,0.0905286,0.0854617
449.65,0.0487837,0.0547568,0.0643649,0.0528013,0.0541858,0.0488434,0.0554979,0.0576213,0.0659972,0.0643232,0.0597358,0.063664,0.074839,0.0839111,0.0736971,0.0845834,0.0904257,0.0839115,0.0857428
450.127,0.0434413,0.043751,0.0515962,0.0427732,0.0608176,0.0547841,0.0531855,0.0617856,0.0512639,0.0632094,0.0563806,0.0760593,0.0604981,0.0855294,0.0742561,0.0890854,0.0953508,0.0793546,0.0897576
450.604,0.0471913,0.0523076,0.0658955,0.0565169,0.0579508,0.052429,0.0623265,0.057826,0.0653674,0.0588905,0.0696379,0.0724993,0.0804052,0.0854385,0.079276,0.0798357,0.0965559,0.104112,0.103933
451.08,0.0523068,0.0442729,0.0548758,0.0512239,0.0624047,0.0553842,0.0535349,0.0570422,0.0527263,0.0679158,0.0459647,0.063294,0.0697712,0.0729178,0.0961338,0.0829085,0.0849358,0.0886511,0.0846605
451.557,0.0389239,0.0358453,0.0397101,0.041032,0.0482953,0.0581884,0.0571962,0.0557386,0.0682999,0.0493676,0.063383,0.0628704,0.0737617,0.0699559,0.0824518,0.0835685,0.0968784,0.0823695,0.0957706
452.033,0.0549075,0.0455136,0.0568339,0.0547967,0.0558466,0.053045,0.0492475,0.0626867,0.0554684,0.0646753,0.0671557,0.0711351,0.0785161,0.0817393,0.0951929,0.0893529,0.0836666,0.097084,0.109345
452.509,0.0461256,0.0453988,0.0509853,0.0369336,0.0638809,0.0456373,0.0472885,0.0445556,0.0560062,0.0590523,0.0678943,0.062918,0.0676449,0.0730507,0.075542,0.083161,0.090059,0.0894725,0.0949871
452.985,0.0562674,0.0624719,0.0509246,0.0618451,0.063294,0.0585996,0.0633581,0.0603142,0.0656596,0.0755812,0.0847998,0.0853363,0.0885022,0.0873348,0.0803766,0.0832573,0.101288,0.106886,0.100532
453.461,0.0471758,0.0481567,0.0629593,0.0630097,0.0504834,0.0554759,0.063845,0.0691519,0.0684998,0.0571775,0.0705809,0.0809463,0.0824396,0.0720387,0.0922016,0.0945872,0.0980468,0.10171,0.103765
453.937,0.0439279,0.0508048,0.0430215,0.0388595,0.04353,0.0517526,0.0506068,0.0617725,0.0553818,0.0607322,0.0588587,0.0724025,0.0710361,0.0638247,0.0838704,0.0967468,0.0937287,0.0938427,0.0852597
454.412,0.0449935,0.0460738,0.0507631,0.061602,0.0625585,0.0596411,0.0537081,0.0503655,0.0624632,0.0720916,0.0716133,0.0742821,0.0676215,0.0890648,0.0898217,0.0788991,0.0947468,0.103638,0.0955999
454.888,0.0538329,0.0538277,0.0537744,0.0521117,0.0522294,0.0444251,0.0605023,0.0644031,0.0673784,0.0577711,0.0627876,0.0766869,0.0703264,0.083323,0.097339,0.0854909,0.0876848,0.104844,0.100455
455.363,0.0388537,0.0405048,0.0452022,0.0392465,0.0399658,0.0436367,0.0550389,0.0530819,0.0579722,0.0531854,0.0573616,0.0660798,0.0707993,0.0774594,0.0939197,0.0784396,0.0896971,0.0953486,0.103275
455.839,0.0408982,0.0552448,0.0582234,0.0432583,0.0557002,0.0685281,0.069571,0.0576075,0.0584444,0.0675544,0.0786586,0.0693584,0.0874952,0.087153,0.0886643,0.0951723,0.106627,0.0949577,0.10479
456.314,0.046516,0.0503555,0.0568957,0.0583188,0.0577455,0.0567003,0.0579908,0.0605263,0.0640847,0.0669705,0.0727904,0.0679752,0.0817475,0.0785663,0.0953685,0.0927799,0.0997886,0.0949958,0.109722
456.789,0.0522834,0.0627064,0.0583995,0.0600958,0.068867,0.0591475,0.0639533,0.0707423,0.0605212,0.0725301,0.0674412,0.0846743,0.0731968,0.0945509,0.0877571,0.101488,0.101359,0.104204,0.106288
457.264,0.0450751,0.0415579,0.0421609,0.0392924,0.0440115,0.050663,0.0561153,0.0516027,0.0591263,0.060075,0.0564683,0.0642384,0.0656686,0.0681115,0.0717929,0.0833531,0.0810393,0.0867994,0.0839065
457.739,0.043469,0.0314192,0.0493756,0.0420297,0.0473753,0.043805,0.0391926,0.0577345,0.0738745,0.0537391,0.0579725,0.067493,0.0732687,0.0645347,0.0866144,0.083685,0.0834093,0.0871767,0.0947019
458.214,0.0558888,0.0505091,0.0433189,0.0501653,0.0452519,0.0477933,0.0524334,0.0533353,0.0553123,0.0613789,0.0577027,0.0701343,0.075044,0.0739517,0.0715095,0.0823349,0.08584,0.0769411,0.0861935
458.689,0.0449174,0.0470274,0.0551838,0.0460736,0.0455934,0.0462171,0.0488012,0.0535804,0.0642649,0.0616237,0.0610338,0.0667765,0.0675109,0.0733695,0.0749477,0.0817074,0.0866524,0.0824622,0.0841762
459.163,0.0489769,0.0524161,0.053128,0.0451649,0.0484074,0.0480624,0.0523238,0.054901,0.053711,0.0613462,0.0788264,0.0669979,0.0667117,0.0814476,0.0911741,0.0801345,0.0878723,0.100293,0.0922521
459.637,0.0510122,0.04687,0.051288,0.0454399,0.0510573,0.0463011,0.0642452,0.0498927,0.0719334,0.0731462,0.0734546,0.0724186,0.0821285,0.0774166,0.0875474,0.0854858,0.0959132,0.104023,0.103313
460.112,0.0469857,0.0528783,0.0564352,0.049106,0.0516536,0.056845,0.0484412,0.0601747,0.0642166,0.0709035,0.0703034,0.0650366,0.0874992,0.0855762,0.0936812,0.0929311,0.08367,0.107844,0.0976484
460.586,0.0442879,0.0583252,0.0477604,0.0434462,0.048772,0.0481834,0.0476042,0.050454,0.0602603,0.0601467,0.0677057,0.0622853,0.0718611,0.0804617,0.0799876,0.0845074,0.0836933,0.0931295,0.096489
461.06,0.0433817,0.0505806,0.0498982,0.0509613,0.0519211,0.0532481,0.065605,0.0460669,0.0616612,0.0747575,0.0558799,0.0675285,0.0714683,0.0845141,0.0850205,0.0803813,0.0979294,0.0848047,0.0831541
461.534,0.0468737,0.053596,0.04883,0.0432903,0.0524335,0.0463797,0.0481995,0.0494417,0.0568318,0.0669467,0.0618682,0.0678045,0.0701473,0.0750975,0.0687166,0.0852302,0.0901722,0.0871571,0.0918052
462.008,0.0552511,0.0429095,0.0469002,0.0434711,0.0537563,0.0474831,0.0594758,0.0562336,0.0648558,0.0619474,0.0674447,0.0666898,0.070433,0.069906,0.0864733,0.0900564,0.0902194,0.0951693,0.102113
462.482,0.036517,0.0465923,0.0409032,0.0444836,0.0488462,0.0536473,0.0546431,0.0511104,0.0470916,0.0608205,0.0637146,0.0708954,0.0678237,0.0683544,0.0825829,0.0831988,0.0810517,0.0808002,0.100946
462.955,0.0403891,0.0369616,0.0472737,0.0360997,0.0456572,0.0484449,0.0434616,0.050715,0.0566353,0.0630027,0.0552278,0.0595884,0.0665063,0.0773618,0.0690393,0.0753208,0.0907984,0.0860744,0.0837261
463.429,0.0487232,0.0373668,0.0378208,0.039392,0.0514488,0.0419857,0.0471319,0.0492601,0.0601214,0.0602524,0.0584774,0.0706314,0.0662876,0.0684704,0.0773367,0.0780343,0.0840178,0.0863826,0.0933241
463.902,0.0460187,0.0487791,0.0387677,0.0440319,0.0457782,0.0412868,0.0478711,0.0513191,0.0451253,0.0549798,0.0599914,0.0642941,0.0664684,0.06193,0.0712181,0.0880207,0.0746699,0.0894922,0.0847723
464.375,0.0458548,0.0487023,0.0442744,0.0485204,0.0494389,0.0539781,0.051499,0.0438272,0.0497169,0.0488198,0.0624817,0.0681024,0.0659527,0.078064,0.0834754,0.0844035,0.0858579,0.0873403,0.0867062
464.849,0.0348081,0.0455122,0.0512036,0.046875,0.0494002,0.0511397,0.0572711,0.0526257,0.0554645,0.0661969,0.0614544,0.0699082,0.0747658,0.072284,0.084899,0.0801285,0.0934174,0.0844468,0.0982482
465.322,0.0486344,0.0558738,0.0596198,0.0542021,0.051831,0.0542055,0.0666645,0.0620637,0.0702338,0.0620401,0.0702461,0.0714007,0.0787181,0.0851365,0.0808917,0.0919867,0.0969456,0.0908326,0.0996982
465.794,0.0357883,0.0497004,0.0461995,0.0506593,0.0457363,0.0450052,0.0587138,0.0506523,0.0570888,0.0637408,0.0611509,0.0673427,0.0766193,0.0756712,0.0780373,0.0823859,0.0828814,0.0842479,0.0965009
466.267,0.0417591,0.0489503,0.0493496,0.0401,0.046501,0.0471154,0.0571406,0.0547263,0.0594193,0.0630363,0.0634371,0.0647396,0.0723744,0.0849328,0.0795751,0.0955653,0.0756435,0.0952744,0.0899776
466.74,0.0620196,0.0520663,0.0533491,0.062987,0.0573253,0.0562492,0.0624516,0.0573378,0.0697018,0.0708951,0.0695191,0.0774515,0.0796023,0.0879981,0.0883761,0.0836336,0.0963028,0.102414,0.101951
467.213,0.0555775,0.0460703,0.0539149,0.0594104,0.0537258,0.0544214,0.0596423,0.0552061,0.0668226,0.066488,0.0800284,0.0748154,0.0717681,0.073708,0.0801149,0.0870884,0.0876874,0.102949,0.0969046
467.685,0.0447418,0.0515398,0.0478056,0.0460357,0.0547746,0.0488319,0.0560109,0.0584991,0.0656842,0.0622077,0.0656149,0.0747173,0.0778233,0.0827797,0.0865213,0.0889593,0.0980914,0.0930516,0.0895686
468.157,0.050398,0.0572931,0.0610325,0.0514651,0.0520346,0.058892,0.0520268,0.0671658,0.0536841,0.0665576,0.0685386,0.0781118,0.0728182,0.0822923,0.0809834,0.0869176,0.100491,0.0899944,0.0937845
468.63,0.0460261,0.0425967,0.0497191,0.0486067,0.0468025,0.0532075,0.0506702,0.0625697,0.0582239,0.063723,0.0677324,0.0710889,0.0703367,0.0766599,0.0683676,0.0838977,0.0959012,0.0927435,0.101909
469.102,0.0477662,0.0411781,0.0479413,0.0474592,0.0471273,0.0499999,0.0477717,0.0461398,0.0516885,0.0572089,0.0594689,0.0649169,0.0736419,0.0793189,0.0803685,0.0848635,0.0880896,0.0863126,0.0856895
469.574,0.0487059,0.0532705,0.0527198,0.0564906,0.0464518,0.0514939,0.0612554,0.0606677,0.0601913,0.0683158,0.0706416,0.0718181,0.0769336,0.0852075,0.0822068,0.0930596,0.0937153,0.0928166,0.100423
470.046,0.0520251,0.0524226,0.0507809,0.0624191,0.0557926,0.0562956,0.0594038,0.0655482,0.064702,0.0642015,0.0679117,0.0725699,0.0807279,0.0866581,0.0991043,0.100594,0.0956215,0.0962918,0.100961
470.517,0.041798,0.0449173,0.0504272,0.0475458,0.0578149,0.0481059,0.052387,0.0525805,0.0605104,0.0627977,0.0582794,0.0695724,0.0762075,0.069685,0.0721508,0.0869498,0.0879186,0.0909068,0.0897397
470.989,0.0372096,0.0384256,0.0515655,0.0371286,0.0414381,0.0412515,0.0515302,0.0492906,0.053068,0.0523895,0.0658681,0.0623706,0.0702426,0.0666328,0.076261,0.0779762,0.078494,0.080404,0.0858864
471.461,0.0511062,0.0469333,0.053601,0.0491222,0.0526803,0.056867,0.0599495,0.0595537,0.0644431,0.0647831,0.0713091,0.0696152,0.0717223,0.0838761,0.0859509,0.0859597,0.0904145,0.0946683,0.0939527
471.932,0.0412712,0.0473786,0.0492944,0.0523822,0.0558747,0.0481526,0.0567638,0.055964,0.0644227,0.0590057,0.0656907,0.0755152,0.0818659,0.0745912,0.0791379,0.0894269,0.0957617,0.0942632,0.100062
472.403,0.0493735,0.0448635,0.0534813,0.0544897,0.0549286,0.0550313,0.0583208,0.0570408,0.0685834,0.0582648,0.0694851,0.0671973,0.0790538,0.0817506,0.0781064,0.0965413,0.0934669,0.0918496,0.0927638
472.874,0.0426068,0.0522596,0.0529384,0.0506799,0.0541955,0.0526625,0.0497887,0.0592089,0.0609516,0.0622262,0.0664792,0.0707397,0.0750407,0.0765269,0.0845056,0.0840306,0.0921825,0.0910837,0.0925079
473.346,0.0451082,0.052678,0.0531225,0.048884,0.0489303,0.0540563,0.0550177,0.0598821,0.0656102,0.06273,0.0666005,0.0747564,0.0753677,0.0815827,0.0822342,0.0875653,0.0942537,0.0884938,0.0884965
473.816,0.0490373,0.0483494,0.0545711,0.0488964,0.0554335,0.0447766,0.0465666,0.0584496,0.0630094,0.0588129,0.0633631,0.0708433,0.0656887,0.0762459,0.0860628,0.0822989,0.0929177,0.089636,0.0818998
474.287,0.044659,0.0403459,0.0396813,0.04716,0.0415052,0.0415023,0.0462258,0.0546384,0.0508491,0.0558437,0.0592141,0.0594546,0.0700651,0.0668127,0.073626,0.0774523,0.0832709,0.0790383,0.0853004
474.758,0.0439232,0.0475979,0.0591432,0.050071,0.0481536,0.0542301,0.0568942,0.0598196,0.0595029,0.061149,0.0732866,0.0734607,0.0761199,0.0789689,0.0868893,0.091724,0.0926148,0.0952055,0.0944405
475.229,0.0522812,0.0572881,0.055916,0.0617654,0.0631576,0.0558949,0.0594307,0.0679867,0.0652594,0.0716852,0.0758925,0.0727533,0.0762442,0.0833061,0.0886859,0.0990504,0.0936194,0.102474,0.0960181
475.699,0.0410847,0.0406215,0.0507554,0.0437637,0.0478397,0.0535309,0.04889,0.0515761,0.0470775,0.0574908,0.062494,0.0647437,0.067827,0.0737237,0.0791856,0.0858886,0.0864308,0.095395,0.0867715
476.17,0.0464675,0.0510699,0.0402591,0.0473605,0.050478,0.0537399,0.0501921,0.0488826,0.0564121,0.0580743,0.0624046,0.0675257,0.0776162,0.0706044,0.073213,0.0865015,0.0795439,0.0881678,0.0895217
476.64,0.0536595,0.0490576,0.0526571,0.0499128,0.052101,0.0558649,0.0601406,0.0530553,0.0588241,0.0642645,0.0677536,0.0735466,0.079563,0.0820199,0.0814642,0.0821957,0.0873819,0.0927251,0.0942281
477.11,0.0548955,0.0506173,0.0547535,0.0527959,0.0527572,0.0578732,0.056599,0.0648063,0.0623203,0.0647044,0.0743537,0.0730166,0.0807449,0.0835362,0.0879472,0.0939025,0.0979678,0.0936617,0.0983453
477.58,0.0490855,0.0474392,0.049253,0.050609,0.0558299,0.0558423,0.056976,0.0612588,0.065661,0.0651662,0.073986,0.0756261,0.0836539,0.0805682,0.0856601,0.0910491,0.0888511,0.0948035,0.101948
478.05,0.0522333,0.0522655,0.0540099,0.0513953,0.0523639,0.0629246,0.0571423,0.0587792,0.0626742,0.0668714,0.0695711,0.0704449,0.0773485,0.0815497,0.0853911,0.0875207,0.0924541,0.0886679,0.0903678
478.52,0.0536255,0.0532199,0.0521707,0.0517682,0.0533522,0.0561646,0.0584854,0.0642432,0.0603858,0.0621335,0.0763149,0.0686996,0.0742247,0.0772495,0.0839173,0.0924274,0.0906732,0.0930252,0.100633
478.989,0.0493486,0.0489044,0.0502875,0.0549997,0.0552414,0.055346,0.0634773,0.062205,0.0670131,0.0715112,0.0660237,0.0731045,0.0776655,0.0764983,0.085223,0.0922461,0.095241,0.102569,0.0948812
479.459,0.043284,0.0433799,0.0433924,0.0442102,0.0493428,0.0492552,0.0517807,0.0539396,0.0617944,0.0554359,0.0614384,0.0663287,0.0672618,0.0726842,0.0780747,0.0804045,0.0852616,0.0882609,0.0889765
479.928,0.0506371,0.0470074,0.0532378,0.0544686,0.0514169,0.0575593,0.0625626,0.0597544,0.0617364,0.0636288,0.0664456,0.067594,0.0746106,0.0825119,0.0864874,0.08933,0.0942325,0.0991888,0.0959137
480.398,0.048756,0.0521484,0.0534596,0.0475596,0.0453153,0.0513203,0.0559257,0.0596445,0.0606192,0.0616265,0.0659797,0.068705,0.0737778,0.0793467,0.0874987,0.0901533,0.0916159,0.0942225,0.0938577
480.867,0.0447776,0.0490289,0.0534842,0.0478549,0.05347,0.0496668,0.0532981,0.0569059,0.0635418,0.0621307,0.0697315,0.068668,0.0791502,0.0814705,0.0850598,0.0911511,0.0916818,0.0920112,0.0888905
481.336,0.0418048,0.0457167,0.0495377,0.0493375,0.0524875,0.0552246,0.0572699,0.057331,0.0590716,0.0626747,0.0639981,0.0688252,0.0732639,0.0779874,0.0824684,0.0862268,0.0940935,0.0947041,0.0976222
481.805,0.0486186,0.0478814,0.0498531,0.0463302,0.0555583,0.0533298,0.0602022,0.0564033,0.0622863,0.0607207,0.0701038,0.0672586,0.0842297,0.0775804,0.0853957,0.0889373,0.091794,0.0924722,0.0960192
482.274,0.0389994,0.0433519,0.0432658,0.044765,0.0536577,0.0482026,0.0507449,0.0516753,0.0571188,0.055754,0.057947,0.0629064,0.0667767,0.0702169,0.0739138,0.0782356,0.0831454,0.0860268,0.0871523
482.743,0.0466232,0.052327,0.0437554,0.0492431,0.0573615,0.0521382,0.0507901,0.0587619,0.0575649,0.0594258,0.0721046,0.0663948,0.070001,0.0789273,0.0834191,0.0925288,0.0886087,0.091392,0.095899
483.211,0.0507108,0.0507818,0.0476426,0.0544849,0.0520141,0.0527722,0.0593663,0.0590716,0.056341,0.0642091,0.0706693,0.0745943,0.077374,0.0752211,0.0826913,0.0873368,0.0899968,0.0877489,0.100512
483.68,0.0474224,0.0483704,0.0474178,0.0478848,0.051357,0.0532149,0.0534566,0.0554477,0.0557155,0.064012,0.0644517,0.0699174,0.0708539,0.078022,0.0787956,0.0895089,0.0818405,0.0906785,0.0930205
484.148,0.046689,0.0458471,0.0454036,0.0453744,0.0502439,0.0569833,0.0527959,0.0543342,0.0611998,0.0652178,0.0661206,0.0650553,0.0710734,0.0757199,0.0821066,0.0888251,0.0926433,0.0876974,0.0915336
484.617,0.0448145,0.0482353,0.0498982,0.0497649,0.0559644,0.0528804,0.0542674,0.0565196,0.0574717,0.0625518,0.0625407,0.0673792,0.0734593,0.0758649,0.0815788,0.0874782,0.0835841,0.0967749,0.0987256
485.085,0.0516329,0.0479311,0.0479956,0.052581,0.0538674,0.0557068,0.0565615,0.0584612,0.0594822,0.0657969,0.0691481,0.0711137,0.0741423,0.0778353,0.0823969,0.0915526,0.0872734,0.0993179,0.0957637
485.553,0.0531365,0.0518694,0.0480443,0.0526066,0.0566428,0.0511732,0.0602433,0.0553519,0.0596247,0.0621259,0.0681541,0.0695816,0.0777804,0.0754511,0.0855908,0.0852012,0.0887345,0.0959647,0.0982839
486.021,0.047626,0.0460149,0.0487545,0.0504812,0.0495903,0.0524114,0.0509747,0.0636419,0.0620753,0.0585929,0.0642534,0.0686152,0.0706728,0.0773185,0.0839326,0.0826376,0.0871718,0.0926096,0.0894375
486.489,0.0486277,0.0498581,0.0521237,0.0547238,0.0515921,0.0531909,0.0586714,0.0573106,0.0571371,0.0639853,0.0682679,0.0748326,0.0711851,0.077674,0.0809133,0.088731,0.0884268,0.0963724,0.0928113
486.956,0.0465361,0.0413744,0.0483398,0.0503166,0.0501587,0.0500295,0.0587475,0.0566884,0.055963,0.0597805,0.0629903,0.0606677,0.0723191,0.0709729,0.0775775,0.084665,0.088905,0.091515,0.0921073
487.424,0.0466501,0.0469532,0.050344,0.0530146,0.0512406,0.0519025,0.055031,0.0554208,0.0636041,0.0591026,0.0676445,0.0700922,0.0722479,0.0803904,0.0867028,0.0860291,0.0966536,0.0926816,0.0955214
487.891,0.0451971,0.0471126,0.0533076,0.053406,0.0523042,0.0554845,0.0561335,0.0619031,0.0562514,0.0594423,0.0685103,0.0715991,0.0725987,0.078951,0.0804822,0.0855476,0.0927822,0.0880645,0.0896479
488.359,0.0499775,0.0494677,0.0531204,0.0507783,0.04771,0.056447,0.0574305,0.0585152,0.0609491,0.0637838,0.0707765,0.0719388,0.078607,0.0803717,0.0877283,0.0894115,0.0894616,0.0938177,0.0920888
488.826,0.053178,0.050046,0.0538564,0.0529353,0.0560676,0.057347,0.0613268,0.0604971,0.0627322,0.065394,0.0673262,0.0689638,0.0764483,0.0807028,0.0870591,0.088235,0.0952555,0.095375,0.0999671
489.293,0.0449943,0.0442533,0.0412561,0.0450556,0.0476147,0.0520376,0.0551326,0.0508211,0.0552369,0.0594824,0.0576124,0.0664063,0.0678658,0.0738085,0.0752597,0.0815845,0.0856749,0.0894866,0.0927468
489.76,0.0415385,0.0482802,0.0496121,0.0507906,0.051417,0.0541342,0.0527973,0.0529738,0.0615756,0.0572798,0.0637321,0.068503,0.0733608,0.0762396,0.0841081,0.0866384,0.0895321,0.093537,0.090842
490.227,0.0466303,0.0467748,0.0505555,0.0529114,0.0471804,0.0484362,0.0494624,0.0496597,0.0540144,0.0585364,0.0609918,0.0700925,0.0685473,0.0766028,0.0755837,0.0790838,0.0857333,0.0902642,0.0893027
490.694,0.0510504,0.0486502,0.047603,0.0516216,0.0546555,0.0525559,0.0513324,0.0609231,0.0566057,0.0640714,0.0666057,0.0685895,0.0716392,0.0760353,0.085394,0.0900759,0.0857506,0.0957972,0.0887699
491.16,0.0401278,0.0482231,0.0422879,0.046979,0.0496448,0.0534193,0.0522687,0.0578055,0.0558701,0.0604868,0.0623452,0.0642853,0.0713417,0.0716699,0.0838126,0.0859025,0.0830413,0.0874127,0.091074
491.627,0.0470817,0.0470005,0.0489135,0.0493434,0.0508407,0.0497273,0.0537847,0.0550058,0.0593932,0.0614184,0.0621295,0.0670065,0.0714506,0.0711061,0.079546,0.0837959,0.0862164,0.0936106,0.0942143
492.093,0.0472994,0.0475519,0.0441211,0.0457972,0.0474333,0.0477302,0.0540006,0.0519502,0.0599227,0.0571926,0.0639948,0.0645889,0.071805,0.077152,0.0803776,0.0835941,0.0897198,0.0885351,0.0913878
492.56,0.0468083,0.0516102,0.0492494,0.0498191,0.0541733,0.055042,0.0548868,0.058774,0.0598588,0.0647131,0.0644253,0.0707535,0.0751683,0.0780889,0.0825118,0.0851177,0.0886327,0.0931518,0.0932065
493.026,0.0505283,0.0531831,0.0523069,0.0518063,0.0500866,0.051111,0.0558811,0.0584692,0.0586417,0.0647999,0.0638913,0.0673015,0.0741205,0.0776361,0.0815082,0.0885202,0.0935868,0.0905628,0.0939796
493.492,0.0489462,0.0445473,0.0430421,0.048791,0.0506054,0.0523631,0.0537906,0.0532916,0.0545634,0.059759,0.0633167,0.0684775,0.0683104,0.0761711,0.0818809,0.080585,0.0841784,0.087157,0.0948302
493.958,0.0467402,0.0507474,0.0521684,0.0489431,0.0481157,0.0530446,0.0533429,0.0582167,0.0567888,0.0625164,0.0612547,0.0702728,0.0708194,0.0755261,0.0818958,0.0828566,0.0939469,0.0883332,0.0912791
494.424,0.0475211,0.0513681,0.0499855,0.0500024,0.0511211,0.0518756,0.0528204,0.0532781,0.0586342,0.0650792,0.0659913,0.06895,0.0727752,0.0791326,0.0811829,0.0854482,0.0894077,0.0945354,0.0931068
494.89,0.0520767,0.0493149,0.0531603,0.0498678,0.0508628,0.052988,0.0557576,0.0565731,0.0618591,0.0655522,0.0681874,0.0695221,0.073613,0.0816011,0.0848468,0.0883453,0.0896209,0.090251,0.0970707
495.355,0.0494224,0.0476038,0.048737,0.0536842,0.0518719,0.050466,0.053165,0.0539794,0.0567227,0.0653092,0.0647408,0.0702818,0.0761635,0.0769793,0.0816897,0.0879311,0.0890017,0.0924504,0.0938905
495.821,0.0474612,0.0470963,0.0476232,0.0463903,0.0475412,0.0532356,0.0515825,0.0532816,0.057457,0.0581793,0.0627418,0.0679873,0.0687364,0.0745696,0.0823058,0.0867854,0.0912257,0.0893836,0.086768
496.286,0.0444954,0.0438704,0.0479452,0.0471238,0.052963,0.0513335,0.0505957,0.0539807,0.057847,0.059882,0.0626573,0.0645384,0.0771554,0.0786104,0.0802738,0.0834588,0.0868356,0.0892372,0.0894578
496.751,0.0432004,0.0436589,0.0457313,0.0462339,0.0479449,0.0487537,0.0533557,0.0514254,0.0555386,0.0572186,0.0662284,0.0698176,0.0698408,0.0737537,0.0774114,0.0835127,0.0852548,0.088558,0.0937104
497.216,0.0411322,0.0430087,0.0445084,0.0458337,0.0468202,0.0495866,0.0496871,0.0534674,0.0544567,0.0614269,0.0627938,0.0642192,0.069394,0.0735468,0.0799895,0.0805511,0.0886097,0.0875988,0.0870772
497.682,0.044093,0.04991,0.0487405,0.0460471,0.0512805,0.0526574,0.0481885,0.0523803,0.0557908,0.0583423,0.0636892,0.0679538,0.0684057,0.0771115,0.0799435,0.0841281,0.0865526,0.0883275,0.0916666
498.146,0.0467906,0.0486242,0.0467826,0.0511069,0.0510314,0.0499766,0.0541527,0.055681,0.0590076,0.060651,0.0679427,0.0667951,0.0709363,0.0792363,0.0823238,0.0838557,0.0890808,0.0932892,0.0924203
498.611,0.0431503,0.0443274,0.0461766,0.047483,0.0505681,0.0528931,0.0495389,0.0578132,0.0562932,0.0588985,0.0614055,0.0645927,0.0676695,0.0724745,0.0786036,0.0846858,0.089481,0.0893028,0.0898294
499.076,0.0440874,0.0487688,0.0480889,0.0499492,0.0516406,0.0505365,0.0520659,0.0590885,0.0558818,0.0629642,0.0657352,0.0707447,0.0726322,0.0784724,0.081927,0.0859736,0.0854986,0.0893224,0.0898197
499.541,0.0440765,0.0471445,0.0469989,0.0484217,0.0495368,0.0500133,0.0514982,0.0530716,0.0517977,0.0570548,0.0634012,0.0698946,0.069712,0.0771599,0.0818447,0.0838547,0.0865885,0.0870068,0.0905263
500.005,0.0458822,0.0458286,0.0465692,0.047038,0.0514004,0.0521789,0.0550894,0.0569614,0.0578506,0.0577874,0.0627547,0.0687246,0.0707789,0.0746904,0.0790928,0.0860213,0.0826731,0.0922202,0.0923867
500.469,0.0460913,0.0453205,0.0474729,0.0474087,0.0527319,0.0535209,0.0532436,0.0560574,0.0548393,0.0618277,0.0661431,0.0644244,0.0700945,0.0745348,0.0819714,0.0814073,0.0904205,0.0905247,0.0933828
500.934,0.0457133,0.0471612,0.047347,0.0491681,0.0497377,0.0495427,0.052593,0.0544817,0.0544708,0.0629745,0.0621807,0.0678466,0.0701987,0.0758409,0.084591,0.0852389,0.0869264,0.0913463,0.0894445
501.398,0.0447675,0.0466172,0.0462556,0.0460377,0.0489171,0.0498285,0.0506619,0.0501311,0.057539,0.0586751,0.0635219,0.0642186,0.0677322,0.0726637,0.0776165,0.0805228,0.0875511,0.0892816,0.0859167
501.862,0.0454882,0.0473036,0.0468043,0.0463404,0.0477336,0.0502218,0.0513918,0.0542139,0.0565849,0.064421,0.0617811,0.0667181,0.0704079,0.0750681,0.0799034,0.0831048,0.0882831,0.0889411,0.0909518
502.326,0.0481263,0.0496415,0.0514615,0.0514775,0.0502524,0.0571664,0.0548241,0.056319,0.06115,0.0612771,0.0650451,0.0706874,0.0716468,0.0757649,0.0851416,0.0907783,0.0904321,0.0899665,0.0913493
502.789,0.0460777,0.0467858,0.0447059,0.0473396,0.0458729,0.0546355,0.0518062,0.0549776,0.054769,0.0629994,0.0666866,0.0634708,0.0676808,0.0765372,0.0774154,0.0821483,0.0846431,0.0934743,0.0872775
503.253,0.0471538,0.0456952,0.0500227,0.0504304,0.0475904,0.0480509,0.0523599,0.0547627,0.0560033,0.0592013,0.063954,0.0685615,0.070928,0.0755105,0.0804694,0.0849199,0.0882521,0.0871544,0.0911794
503.716,0.0468773,0.0447283,0.0462178,0.0482663,0.0486803,0.0500071,0.0512429,0.0556383,0.0602075,0.0590185,0.0613758,0.066609,0.0733985,0.0751487,0.0830414,0.0846662,0.0888673,0.0906767,0.0916439
504.18,0.0443728,0.0510612,0.0473419,0.0529987,0.0540209,0.0552694,0.0540849,0.0602083,0.0599128,0.0601131,0.0640411,0.0710888,0.0726331,0.0789107,0.0808614,0.087142,0.0918954,0.0892503,0.0895071
504.643,0.0504988,0.0479256,0.048369,0.0541363,0.0539747,0.0563334,0.0555653,0.0577226,0.0621231,0.062735,0.0674189,0.071747,0.0736682,0.0805248,0.0838379,0.0843709,0.0886412,0.0925184,0.090869
505.106,0.047646,0.0447777,0.0473874,0.051206,0.053073,0.0526778,0.0519093,0.0579807,0.0568394,0.063234,0.0646212,0.0698125,0.0741268,0.0751226,0.0802458,0.0830429,0.0873829,0.0898744,0.0912031
505.569,0.0453905,0.0467745,0.0494418,0.0490137,0.048998,0.0469836,0.0544928,0.0520601,0.0600808,0.0588013,0.0662583,0.0658337,0.0727541,0.0756513,0.077817,0.0837268,0.0908293,0.0906021,0.0928319
506.032,0.0436428,0.0440949,0.046981,0.0467425,0.0470548,0.0501862,0.0514501,0.0518321,0.0561458,0.0614767,0.060363,0.0694076,0.0691261,0.0752418,0.0791527,0.0832236,0.0879642,0.0900742,0.0893219
506.495,0.0441871,0.0466472,0.0458874,0.0495692,0.0510127,0.0483534,0.0479595,0.0563457,0.0557747,0.0593795,0.0626826,0.0679697,0.06908,0.0759459,0.0804773,0.0828553,0.0878917,0.0924532,0.0909552
506.958,0.0452319,0.0474164,0.0480992,0.0517107,0.0508404,0.0544148,0.054755,0.0561188,0.0616486,0.0637572,0.0628714,0.0678639,0.0709442,0.0755119,0.0798075,0.0866398,0.0915587,0.087543,0.0944709
507.42,0.0465208,0.0454711,0.0492787,0.0489496,0.0516594,0.0537092,0.0545624,0.0540368,0.0593088,0.0620154,0.0629214,0.0708951,0.0716073,0.0791758,0.0782867,0.0890545,0.0931622,0.091937,0.0912343
507.883,0.046167,0.048508,0.0478889,0.0466192,0.0516604,0.0532018,0.053464,0.0537751,0.0576717,0.0617371,0.0628643,0.0668466,0.0703805,0.0778722,0.07928,0.0837443,0.0867981,0.0861091,0.0925429
508.345,0.0439902,0.0451185,0.0458068,0.0467533,0.0439945,0.0500614,0.0506184,0.0531467,0.0568511,0.0556788,0.0625966,0.0675575,0.074937,0.0777046,0.0776972,0.082026,0.0878419,0.0904551,0.0884234
508.808,0.0503216,0.0483274,0.0493747,0.050534,0.0499401,0.0500318,0.0543462,0.0540809,0.0596819,0.0596015,0.0641677,0.0673864,0.0748864,0.0747173,0.0826595,0.0874926,0.0908646,0.0895342,0.0933818
509.27,0.044595,0.0466081,0.0452314,0.0486915,0.0497274,0.0517907,0.0543113,0.0499284,0.0587548,0.0608072,0.0628225,0.0661407,0.0728862,0.0762386,0.0815,0.0840518,0.0879579,0.0899086,0.092194
509.732,0.0430292,0.0426502,0.0434844,0.0438344,0.0465108,0.0461004,0.052419,0.0540423,0.0554745,0.0558117,0.0567258,0.0618472,0.0664521,0.0763047,0.0776792,0.0792637,0.0822262,0.0879427,0.0855054
510.194,0.0443531,0.0473356,0.046884,0.0476077,0.0506226,0.0492186,0.0528742,0.0561673,0.0599678,0.0581506,0.065078,0.0684322,0.0713923,0.0746544,0.0793522,0.0811413,0.0877226,0.0912018,0.0883491
510.655,0.0427048,0.0416982,0.0452525,0.0464482,0.045184,0.0491902,0.0497105,0.0498902,0.0545791,0.0596501,0.0600189,0.0667067,0.0673819,0.0751495,0.077523,0.0815343,0.0814077,0.0875638,0.085657
511.117,0.0471374,0.0452931,0.0452734,0.0468717,0.0493195,0.0516003,0.0517643,0.0547527,0.0569679,0.0598286,0.0639318,0.0666413,0.0716083,0.0757238,0.0828201,0.0828409,0.0880436,0.0912005,0.0907876
511.579,0.0458181,0.0464833,0.0477154,0.0477754,0.0475042,0.0526018,0.0514001,0.0552131,0.0562521,0.0615377,0.06333,0.0669593,0.0721304,0.0770922,0.0807836,0.08628,0.0901313,0.0889102,0.0895855
512.04,0.0438192,0.0410736,0.0432425,0.0460667,0.047368,0.0474653,0.0503638,0.0545715,0.0553002,0.0604577,0.0594418,0.0626553,0.0708089,0.0735153,0.0773265,0.0800906,0.0858156,0.089942,0.0861981
512.501,0.0406342,0.0428225,0.0451768,0.0427158,0.0470669,0.0479653,0.0491658,0.0509695,0.0551898,0.0570068,0.0630223,0.064742,0.0675892,0.0715077,0.0786823,0.078742,0.0870978,0.0851244,0.0890577
512.963,0.0440605,0.0436748,0.0462702,0.045782,0.046405,0.0477245,0.0504551,0.0520616,0.052542,0.0565304,0.065796,0.0647512,0.0697129,0.0743586,0.082269,0.08585,0.0823453,0.0905063,0.0882908
513.424,0.0451821,0.0471669,0.0476003,0.0476625,0.0478636,0.0493649,0.0541168,0.0541349,0.0577618,0.061454,0.0638193,0.0703084,0.0737819,0.0780043,0.0782613,0.0876442,0.0907358,0.089125,0.0883641
513.885,0.0437406,0.0459117,0.0468266,0.0482423,0.0489237,0.051252,0.0549808,0.0554407,0.0577982,0.0585801,0.0636121,0.0683299,0.0708663,0.0728522,0.08026,0.0845066,0.0870729,0.0893237,0.0912976
514.345,0.0433737,0.0431079,0.0476703,0.0461282,0.0486074,0.051164,0.0537295,0.0541943,0.0574224,0.0601381,0.0610102,0.0697576,0.0709789,0.0799256,0.0809777,0.0839891,0.0846968,0.0900275,0.0910657
514.806,0.0475291,0.0479792,0.0472092,0.0465846,0.0490472,0.0533818,0.0532707,0.0539213,0.0554793,0.0645734,0.0645828,0.0675629,0.0745214,0.0774988,0.0803278,0.0834227,0.0873107,0.0907963,0.0897884
515.267,0.0447772,0.0455477,0.0502416,0.0480526,0.0495223,0.0524698,0.0534749,0.0520741,0.0555582,0.0629149,0.0628177,0.0646255,0.0693418,0.0764228,0.0796821,0.084986,0.0882049,0.0865646,0.0902632
515.727,0.0428656,0.0462282,0.0466699,0.0454187,0.0510852,0.0491619,0.0518284,0.052109,0.0530154,0.056786,0.0650583,0.0657856,0.0687745,0.073726,0.0810967,0.0823808,0.0860077,0.0919517,0.0894431
516.188,0.0461255,0.0479655,0.0497824,0.0494462,0.051929,0.0540727,0.0530036,0.0552599,0.0571455,0.0604445,0.0660185,0.067439,0.0735534,0.0764526,0.0788207,0.0854071,0.0897377,0.0935818,0.0909667
516.648,0.0405567,0.0428405,0.0450933,0.0437622,0.0462013,0.0476917,0.049744,0.0534068,0.0539654,0.0568734,0.0626467,0.0649087,0.0687903,0.0739119,0.0737746,0.0782567,0.0866399,0.0876995,0.087438
517.108,0.0439633,0.0464386,0.048048,0.0470012,0.0485636,0.0511419,0.0512054,0.052349,0.0532865,0.0590483,0.0594605,0.0649466,0.066651,0.0771931,0.0765402,0.0827031,0.0855529,0.0877478,0.0907975
517.568,0.044905,0.0476535,0.0490745,0.0470519,0.0509697,0.0516893,0.0524744,0.0569218,0.0576032,0.0586646,0.0637678,0.068117,0.0744395,0.0764441,0.0827094,0.084515,0.0868209,0.0896795,0.0932955
518.028,0.0454427,0.0474643,0.0462745,0.0476707,0.0505286,0.0505449,0.0515413,0.054683,0.0563878,0.0635131,0.061714,0.067682,0.06895,0.0767414,0.0782295,0.0840381,0.0909336,0.0923719,0.0928027
518.488,0.0429269,0.0464075,0.0469211,0.0468907,0.0454302,0.0499113,0.0524372,0.0541366,0.0568266,0.0600996,0.0615764,0.0663196,0.0681355,0.0763411,0.0784828,0.082336,0.0860964,0.0915892,0.0894888
518.947,0.0455212,0.0459515,0.0452532,0.0464751,0.0496343,0.0488527,0.0517296,0.0536535,0.0578876,0.0576962,0.0620065,0.0669329,0.0684221,0.0747933,0.0791718,0.0832313,0.0870803,0.0910545,0.0877837
519.407,0.0421634,0.0423117,0.0404998,0.0479845,0.0472866,0.0456535,0.04938,0.0505899,0.0553347,0.0610016,0.0604679,0.0616263,0.0679175,0.0712074,0.0784127,0.0839533,0.0870153,0.0901873,0.0827275
519.866,0.0437259,0.0453436,0.0449318,0.0474315,0.0491372,0.0490841,0.0521259,0.0551623,0.0548231,0.0573207,0.0614822,0.063904,0.0694295,0.0725376,0.0769231,0.0823204,0.0854243,0.089039,0.0906287
520.326,0.0447196,0.0418239,0.0469505,0.0454224,0.0485258,0.0532193,0.0538997,0.0514234,0.0589151,0.0581549,0.0633427,0.0663198,0.070668,0.0753107,0.0804085,0.0834426,0.0859947,0.0898356,0.0896378
520.785,0.045786,0.0433212,0.0454337,0.0464215,0.0504922,0.0513085,0.0518184,0.0524453,0.0559725,0.0558647,0.0626846,0.0665928,0.0713133,0.0749857,0.0791265,0.08077,0.0844492,0.0876496,0.0876304
521.244,0.04644,0.0444078,0.0465658,0.0455846,0.0487767,0.0494265,0.0516242,0.0541239,0.0564688,0.059464,0.0623695,0.0662704,0.0689706,0.0768215,0.0800506,0.0813306,0.088209,0.0862887,0.0898974
521.703,0.0464727,0.045932,0.0492387,0.0496212,0.0517982,0.0490836,0.0512668,0.0554299,0.0583494,0.0592056,0.065047,0.0684592,0.0742645,0.0808078,0.0809079,0.0846455,0.0895421,0.08959,0.0907392
522.162,0.0421484,0.0440097,0.0454714,0.0454915,0.048301,0.0500063,0.0517764,0.0545279,0.0534726,0.0577931,0.0604455,0.0641266,0.0688742,0.0740125,0.0768938,0.0810045,0.087027,0.0881464,0.0864104
522.621,0.0437744,0.0464777,0.0440352,0.0464793,0.0468958,0.0488443,0.0551797,0.0555745,0.0553386,0.0607787,0.05994,0.0679861,0.0732627,0.0737879,0.0797264,0.0840288,0.0889848,0.0913833,0.0895646
523.079,0.0447817,0.0439006,0.0454903,0.0465488,0.0462979,0.0461331,0.053989,0.0524645,0.0570264,0.056311,0.0593528,0.0661737,0.0708098,0.0721107,0.0784901,0.0817716,0.0840309,0.0852004,0.0891912
523.538,0.0477116,0.0449156,0.0465763,0.0466255,0.0472021,0.047048,0.0524358,0.0525735,0.0554924,0.0590997,0.0623971,0.0667539,0.0704534,0.0768497,0.0773673,0.0847968,0.0872765,0.0875712,0.0869912
523.996,0.0441713,0.0439091,0.0450401,0.0457384,0.0460634,0.0508076,0.0476616,0.0532738,0.0550553,0.0593243,0.060432,0.0658887,0.0693716,0.0711431,0.078473,0.0792714,0.0837206,0.0864398,0.0901442
524.455,0.04328,0.0448286,0.0433094,0.0457434,0.0465141,0.0494881,0.050137,0.0535552,0.0551739,0.0606618,0.0609219,0.0643834,0.0673153,0.073838,0.075527,0.0848695,0.0879811,0.0878082,0.0876389
524.913,0.0445338,0.045581,0.0465217,0.0511981,0.0479647,0.0519692,0.0515594,0.0532609,0.0585136,0.0615346,0.0623276,0.0654166,0.0710324,0.0770754,0.0782945,0.085457,0.0874249,0.089621,0.0872535
525.371,0.0439794,0.0426492,0.0457007,0.0472032,0.0494461,0.0515777,0.0513062,0.0532045,0.0578097,0.0587971,0.0639405,0.0681024,0.0688531,0.0742839,0.0791692,0.0851878,0.0852174,0.0879004,0.089983
525.829,0.0444909,0.0468986,0.0440773,0.047643,0.0483493,0.0501279,0.0504897,0.0526081,0.0571256,0.0575703,0.0625615,0.0651511,0.0681715,0.07465,0.0805647,0.083814,0.0862856,0.0879057,0.090023
526.286,0.0425237,0.0454535,0.0468399,0.0472285,0.0496856,0.0488505,0.0518003,0.054748,0.0567753,0.0585621,0.0618815,0.0668584,0.0696366,0.0719882,0.0779154,0.0824897,0.0873692,0.0869436,0.0885258
526.744,0.0424501,0.0425316,0.0461404,0.0460391,0.0488098,0.0470323,0.0495406,0.0511661,0.0545133,0.0578233,0.0635872,0.0619524,0.071129,0.0723681,0.0801197,0.0810425,0.0881648,0.0906187,0.0884482
527.202,0.0427437,0.0451708,0.0451097,0.0475585,0.0507375,0.0472778,0.0499991,0.0504826,0.0566919,0.0565365,0.0627639,0.062185,0.0678611,0.0722402,0.0778167,0.080987,0.084841,0.0848811,0.0897808
527.659,0.042732,0.0423915,0.0459185,0.0460196,0.0460984,0.049897,0.0520427,0.051442,0.055278,0.055405,0.058309,0.062938,0.0678342,0.0711477,0.0770353,0.0844973,0.0864952,0.0888213,0.0922306
528.117,0.0429132,0.0443814,0.0443038,0.0461951,0.0455355,0.0475216,0.0506824,0.052564,0.0560456,0.0589996,0.0607269,0.062586,0.068963,0.0696597,0.0759373,0.0803489,0.0858308,0.0892986,0.0871963
528.574,0.0440437,0.0434597,0.045585,0.042167,0.0478906,0.0480515,0.0478715,0.0514639,0.0531994,0.0560311,0.060045,0.0654461,0.066045,0.0711382,0.0770217,0.0803271,0.0853193,0.0883856,0.0850683
529.031,0.0416653,0.0448763,0.0460468,0.0448442,0.0481225,0.0481481,0.0508291,0.0545208,0.0568287,0.0575761,0.0614731,0.0657562,0.0695277,0.0719446,0.0751161,0.0825902,0.0853857,0.0849042,0.0881577
529.488,0.0425968,0.0444793,0.0426429,0.0448925,0.0479862,0.0492789,0.0526668,0.0526392,0.0547359,0.0579891,0.0647576,0.0645346,0.0672534,0.0722625,0.0774705,0.0783255,0.0829847,0.0879547,0.0872671
529.945,0.0440859,0.0450352,0.0486658,0.0477867,0.0496234,0.0513823,0.0518307,0.0543803,0.0558218,0.0575353,0.0614681,0.0644644,0.0697132,0.0749832,0.078081,0.0837484,0.0862636,0.0889521,0.0882116
530.402,0.0451864,0.0447133,0.0481139,0.0481152,0.0526697,0.0498794,0.055976,0.05595,0.0572934,0.0583947,0.0633916,0.0659085,0.0710929,0.0739713,0.0792005,0.0871493,0.0864829,0.0913865,0.0899404
530.858,0.0445938,0.0455987,0.0473781,0.0485879,0.0498144,0.0524183,0.0529193,0.05591,0.0590167,0.0581883,0.0643193,0.0660309,0.0713368,0.0730868,0.0790092,0.0848585,0.0893513,0.0903451,0.0884297
531.315,0.0423549,0.0442362,0.0463497,0.0441727,0.0440779,0.0477383,0.0512259,0.0531997,0.0522444,0.0556265,0.0602575,0.0632268,0.0688826,0.0727279,0.074366,0.0796764,0.0843238,0.0860044,0.0866564
531.771,0.0414095,0.0442551,0.0434551,0.0431414,0.0480816,0.0469349,0.0518826,0.0504091,0.0522623,0.0585247,0.0601068,0.062084,0.0673121,0.0704669,0.0786959,0.0829985,0.0861063,0.0863776,0.0862085
532.227,0.0462075,0.0474921,0.0486774,0.0503384,0.0470443,0.0509053,0.0523155,0.0546663,0.0578573,0.0585376,0.0640105,0.0643918,0.0702529,0.0775424,0.077223,0.0876331,0.0861443,0.0918436,0.0910437
532.684,0.0430114,0.0434331,0.0468211,0.0476509,0.044654,0.0479118,0.0507171,0.0508936,0.0554911,0.0556727,0.0599898,0.0630161,0.0690035,0.0729774,0.0741864,0.0830204,0.086912,0.0888458,0.0888398
533.14,0.0429558,0.0425737,0.0474624,0.0448369,0.0477331,0.0496649,0.0512272,0.0507785,0.0554275,0.0563627,0.0602396,0.0652404,0.0671637,0.0721572,0.0765096,0.0779214,0.0858833,0.0855047,0.087847
533.596,0.0434802,0.0454524,0.0447569,0.0475318,0.0486005,0.0476181,0.0509699,0.0532328,0.0550752,0.057346,0.0646954,0.0667996,0.0690151,0.0749201,0.077601,0.0844078,0.0859734,0.0874408,0.0897541
534.051,0.0421651,0.0428553,0.045612,0.0464166,0.0475843,0.0488371,0.0494472,0.0520269,0.0548486,0.0553308,0.0611774,0.0621995,0.0691164,0.0708838,0.0741188,0.0783699,0.0826593,0.0837075,0.0887986
534.507,0.0408313,0.0425307,0.0438909,0.0463742,0.0465635,0.0479595,0.0493302,0.0499148,0.0539043,0.0559601,0.0588818,0.0636214,0.0663876,0.0704443,0.0766835,0.0814079,0.0861243,0.083963,0.0872213
534.963,0.0439722,0.0435236,0.0468217,0.0484437,0.048333,0.0477406,0.0507146,0.0539931,0.0562919,0.0580564,0.062421,0.0647842,0.0721442,0.0737029,0.0784471,0.0834571,0.0906332,0.0926078,0.09138
535.418,0.0453168,0.0476995,0.0455516,0.0495721,0.0489511,0.0517839,0.0515466,0.0542233,0.0557297,0.0617813,0.0619177,0.0659729,0.0699134,0.0742687,0.0797075,0.0823559,0.0878514,0.0899706,0.0890642
535.873,0.0439213,0.0454619,0.0471725,0.0466457,0.0500962,0.0492342,0.0514749,0.0537554,0.0581966,0.059491,0.0629481,0.0661163,0.069062,0.0752035,0.0787221,0.0849244,0.0879793,0.0871702,0.0933133
536.329,0.0414989,0.0434656,0.045652,0.0456475,0.0480704,0.0475571,0.0490073,0.0510468,0.0545624,0.058899,0.060351,0.0643149,0.0695481,0.0707339,0.0763957,0.0792278,0.0853247,0.0864137,0.0839331
536.784,0.0431183,0.04377,0.0471401,0.0465197,0.0478392,0.0481512,0.0522388,0.0544867,0.0533969,0.0588783,0.0612318,0.0663778,0.0694717,0.0724074,0.077889,0.0824754,0.0858539,0.0881214,0.0885974
537.239,0.0425517,0.044341,0.0448555,0.0489616,0.0466026,0.0485569,0.0482065,0.0514788,0.0552666,0.0577857,0.0605544,0.0640611,0.0685971,0.0768703,0.0779007,0.08048,0.0849998,0.0885502,0.0882143
537.694,0.0419181,0.0448824,0.0446929,0.0459213,0.0476988,0.0518062,0.0523436,0.0536199,0.0569317,0.0602789,0.0617081,0.0634872,0.0706064,0.0723876,0.0772221,0.0821137,0.0857805,0.0903406,0.0894903
538.148,0.0437815,0.0442252,0.0446209,0.0454094,0.0471541,0.0488017,0.0508611,0.0545035,0.0507181,0.0564536,0.0591379,0.0641537,0.0691505,0.0722715,0.0761877,0.0835519,0.0856449,0.0879876,0.0884183
538.603,0.0440567,0.046343,0.0457438,0.0474214,0.0484196,0.0516668,0.052415,0.0557581,0.0548327,0.0586433,0.0605123,0.0660183,0.0680041,0.0741086,0.0786845,0.081096,0.0853474,0.0886703,0.0872869
539.058,0.0450163,0.0448266,0.044474,0.0470177,0.047128,0.0487726,0.0515409,0.0538327,0.0555084,0.0562951,0.0611039,0.0648244,0.0699741,0.073751,0.0752501,0.0794389,0.0862863,0.0875331,0.0904506
539.512,0.042416,0.0420698,0.0455349,0.0444453,0.0430382,0.0483617,0.0490666,0.0495368,0.0524854,0.0559866,0.0595075,0.0629047,0.0676168,0.0713016,0.076101,0.0780592,0.0833509,0.0817708,0.0873941
539.966,0.0428328,0.0424112,0.0455304,0.0446037,0.0465023,0.0490516,0.0514992,0.0510937,0.0525277,0.0577635,0.0609926,0.0632345,0.0689497,0.0722409,0.0776165,0.0818194,0.0869683,0.090206,0.0893878
540.421,0.0408227,0.0414916,0.044496,0.0470203,0.0474003,0.0497832,0.0500501,0.053092,0.0546414,0.0579153,0.0621691,0.0661416,0.0657149,0.0737879,0.0793698,0.0818574,0.0855355,0.0879599,0.0887815
540.875,0.0444476,0.0434095,0.0449726,0.0467981,0.0472739,0.0507092,0.0508588,0.0508003,0.055062,0.0598113,0.0627701,0.0653045,0.0686343,0.0728411,0.0783938,0.0833376,0.0860901,0.087975,0.0906961
541.329,0.0423656,0.0415472,0.0445231,0.0461047,0.0467962,0.049267,0.0505193,0.0527138,0.0531744,0.0570471,0.062035,0.0633098,0.0679943,0.0713207,0.0774695,0.080501,0.0819674,0.0883253,0.0893001
541.782,0.0458047,0.0452599,0.046319,0.0493887,0.0491238,0.0515462,0.0507867,0.0536355,0.0559426,0.0583331,0.0645031,0.0667869,0.0692783,0.0754692,0.0788153,0.0840491,0.0896743,0.0917862,0.0893055
542.236,0.0454768,0.0426041,0.0443963,0.0465722,0.047356,0.0493048,0.0504765,0.0524711,0.053182,0.0584371,0.0607227,0.0632253,0.0669798,0.0738259,0.0793789,0.0844969,0.0850095,0.0862467,0.0877791
542.69,0.0413308,0.0413985,0.0428101,0.0463871,0.0482878,0.0475691,0.0482992,0.0516235,0.0522636,0.0574937,0.0591782,0.0638964,0.0649099,0.0709496,0.074254,0.079254,0.0825585,0.083119,0.0853418
543.143,0.0412613,0.0424055,0.0449047,0.0447424,0.0459314,0.0498024,0.048813,0.0499416,0.0547554,0.0577871,0.0595888,0.0643313,0.0684953,0.07195,0.0755125,0.0812138,0.0850463,0.0843479,0.0895918
543.597,0.0409263,0.0444995,0.0436488,0.0444209,0.0480316,0.0494402,0.0508529,0.0510271,0.0527497,0.0562137,0.0620704,0.0651826,0.0681759,0.0720289,0.0773189,0.081056,0.0835633,0.083862,0.0892947
544.05,0.0406671,0.0431313,0.0433063,0.0436781,0.0464201,0.0500271,0.0490651,0.050082,0.0552344,0.0568241,0.0594208,0.0647368,0.0666668,0.0710003,0.0788188,0.082485,0.0884278,0.0880523,0.090456
544.503,0.0432974,0.0424827,0.0423196,0.0465725,0.0462395,0.0463489,0.0472492,0.0499948,0.0519316,0.0543607,0.0570864,0.0635079,0.066746,0.0708924,0.0745754,0.0799865,0.0832882,0.0841744,0.0873257
544.956,0.0431774,0.0439076,0.0448443,0.0452576,0.0470836,0.049761,0.0510229,0.053729,0.0535327,0.0577545,0.0575533,0.0653715,0.0658722,0.0737924,0.0784601,0.0793086,0.086081,0.0882863,0.0889566
545.409,0.0429871,0.0457857,0.0434789,0.047332,0.0459136,0.0506272,0.0492332,0.0518433,0.0554215,0.0565761,0.0607294,0.0641431,0.0687184,0.0717244,0.0770865,0.0814196,0.086187,0.0875661,0.0904268
545.862,0.0436145,0.0414723,0.0437526,0.0461972,0.0470351,0.0475687,0.0501048,0.0510331,0.0548944,0.0589932,0.0618891,0.0660834,0.0690282,0.0722046,0.077642,0.0799217,0.0859551,0.0854797,0.0842884
546.314,0.0435954,0.0435594,0.0448403,0.0455597,0.0452354,0.0482208,0.0507095,0.0526928,0.0553504,0.0594451,0.0597087,0.0642599,0.0688928,0.0721338,0.0758169,0.0829261,0.0859746,0.0867999,0.0877314
546.767,0.0428902,0.0447531,0.048038,0.0446652,0.0497881,0.050042,0.0511503,0.0506005,0.0564648,0.0590476,0.0618507,0.0664448,0.0704606,0.0756669,0.0779955,0.0825208,0.0855151,0.0868025,0.089408
547.219,0.042501,0.042312,0.0439702,0.0449371,0.0445151,0.0489313,0.0494523,0.0503702,0.0531968,0.0569376,0.0593643,0.0657591,0.0656096,0.0717205,0.0766171,0.0799304,0.0837763,0.0848761,0.0865507
547.672,0.043375,0.0418492,0.0445747,0.0473731,0.0469641,0.0492624,0.0514506,0.0523315,0.0542476,0.0579525,0.0608357,0.0652417,0.0691824,0.075482,0.0785111,0.0808424,0.082783,0.0870576,0.0876513
548.124,0.04329,0.0462808,0.0450898,0.0443509,0.0469996,0.0521273,0.050167,0.0503628,0.0521843,0.0585644,0.0624541,0.066139,0.0680383,0.0731932,0.0779196,0.0845451,0.0843549,0.0877925,0.0894876
548.576,0.0412328,0.0386358,0.0410636,0.0427199,0.0443763,0.0461457,0.0478907,0.0473735,0.0498499,0.0559421,0.0580914,0.063087,0.0639957,0.069085,0.0751113,0.0771699,0.0817758,0.0814193,0.0862785
549.028,0.0436298,0.0438951,0.0463148,0.0471872,0.0481374,0.0476871,0.0501987,0.05174,0.0540049,0.0573154,0.0602162,0.0673355,0.0679312,0.0728313,0.0798408,0.0806127,0.0846579,0.0878223,0.0865417
549.48,0.0418255,0.0427228,0.0456915,0.044949,0.0465648,0.0503013,0.0499137,0.0522584,0.0520946,0.0560268,0.0609941,0.0632529,0.0659717,0.0690826,0.0766259,0.0786329,0.082285,0.0840706,0.0832842
549.931,0.042627,0.0425021,0.0467668,0.045582,0.0473068,0.0459369,0.052021,0.0516079,0.0536675,0.0576734,0.0613798,0.0640894,0.0693885,0.069502,0.0756417,0.0818892,0.0864381,0.0870009,0.0878779
550.383,0.0421525,0.0434226,0.0441997,0.0450194,0.0489822,0.048469,0.0497874,0.0530235,0.0566581,0.0571077,0.0588771,0.0626009,0.0682801,0.071831,0.0787126,0.0810608,0.086626,0.0851839,0.087101
550.834,0.0431256,0.0435507,0.0454559,0.0447219,0.0488419,0.049103,0.0496325,0.0529582,0.0536605,0.0576814,0.0621479,0.0640457,0.0681997,0.0736428,0.0780589,0.0781679,0.0840457,0.088626,0.0874226
551.286,0.0443207,0.0432522,0.0440882,0.0448293,0.0479715,0.0495571,0.0500792,0.0522624,0.0550889,0.056178,0.0584462,0.0661852,0.0691889,0.0713618,0.0767436,0.0791924,0.0861314,0.0857793,0.088947
551.737,0.040778,0.0438708,0.04654,0.0437268,0.0464516,0.0482633,0.0509933,0.0531944,0.0556314,0.0556944,0.0616075,0.0648277,0.0686153,0.0729267,0.0781841,0.0810843,0.0808555,0.0875405,0.0879039
552.188,0.0440074,0.0449007,0.0456185,0.0497198,0.0478289,0.0487411,0.0502807,0.0538747,0.0574978,0.0583747,0.0619517,0.0644624,0.0673791,0.0747375,0.0787773,0.0840364,0.0841845,0.0880192,0.0917072
552.639,0.0428097,0.0437802,0.045352,0.043429,0.0462461,0.0506677,0.0502221,0.0514422,0.0549499,0.0564466,0.0595355,0.0631332,0.0694336,0.0733331,0.0796278,0.0808264,0.0843093,0.0868009,0.0901054
553.09,0.0415175,0.0404894,0.0433143,0.0430294,0.0447293,0.0480003,0.0503385,0.050576,0.0549655,0.0552999,0.0575803,0.0644275,0.0653292,0.0717525,0.0754279,0.0780429,0.0840917,0.0839559,0.0882798
553.541,0.0437517,0.0428221,0.0446098,0.0447793,0.0466378,0.0492231,0.0505333,0.0527935,0.0532165,0.0547441,0.0594664,0.0630744,0.0659283,0.0707371,0.0746557,0.0812996,0.0862518,0.0873031,0.0882805
553.992,0.0424307,0.0436983,0.0437286,0.046712,0.0477138,0.0492517,0.0498334,0.0540018,0.0545223,0.0588818,0.0604358,0.0657269,0.0702653,0.0732968,0.0780203,0.081328,0.0835581,0.0880847,0.087462
554.442,0.0430589,0.0445406,0.0446834,0.0455243,0.0468575,0.0478317,0.0491208,0.0490482,0.0534591,0.0575657,0.0580475,0.063202,0.0656346,0.0695765,0.0756688,0.0786621,0.0828562,0.0851826,0.0854232
554.893,0.0419793,0.0435067,0.0429201,0.0471814,0.0472061,0.0481551,0.0509557,0.0494297,0.0555229,0.0590349,0.059752,0.0640322,0.0672769,0.0730051,0.0768611,0.0801375,0.0844211,0.0873336,0.0889177
555.343,0.0404887,0.0444314,0.0461249,0.0468739,0.0491599,0.0512422,0.0506655,0.0533711,0.0549393,0.0574225,0.0610087,0.0634031,0.0659597,0.0729364,0.0765561,0.0793269,0.0844224,0.0859031,0.0883009
555.793,0.0424135,0.0429841,0.0449044,0.0443467,0.0475285,0.0489318,0.0502972,0.0517949,0.0541227,0.0563824,0.0597137,0.0622374,0.0676187,0.0699674,0.0755789,0.0811885,0.0854884,0.0873124,0.0842523
556.243,0.0416132,0.0439272,0.0424911,0.0457717,0.0480512,0.0498692,0.0501911,0.0510235,0.0523367,0.0569875,0.0603447,0.062513,0.0664711,0.0719966,0.0755935,0.0789791,0.0827413,0.0882534,0.0889776
556.693,0.0425038,0.0454629,0.0440167,0.0454528,0.0474542,0.0494135,0.0490463,0.0507968,0.0544419,0.0561177,0.058127,0.0621264,0.06819,0.0731772,0.0753237,0.0774109,0.0841921,0.0856054,0.0871799
557.143,0.0426046,0.0428444,0.043061,0.0434018,0.046787,0.0478702,0.0489248,0.0498628,0.0552261,0.0547699,0.0586508,0.0618386,0.0648108,0.0709065,0.0765083,0.0777126,0.0814607,0.0835358,0.085437
557.593,0.0435735,0.0427122,0.0426061,0.0461253,0.0454029,0.0481425,0.0496012,0.0527654,0.0533935,0.0564852,0.0610457,0.0624584,0.0666312,0.0717641,0.0760829,0.0800828,0.0847112,0.0859965,0.0872156
558.042,0.043351,0.0442857,0.0453345,0.0457445,0.0461503,0.048192,0.0494339,0.0502489,0.0536997,0.0565769,0.0599349,0.0663432,0.0685503,0.0727443,0.0762565,0.0805413,0.0847664,0.0852374,0.0872962
558.492,0.0437751,0.0430731,0.0459525,0.0455425,0.0477067,0.0498612,0.0505012,0.0536627,0.0543073,0.0574045,0.0608377,0.0634294,0.068873,0.0722229,0.0760111,0.079926,0.0839142,0.0834074,0.0881969
558.941,0.043848,0.0439348,0.0442751,0.0448696,0.0466833,0.0479893,0.0485069,0.0518636,0.0550257,0.0566434,0.0600411,0.0627367,0.0662917,0.0734301,0.0732883,0.0810059,0.0830015,0.0859652,0.0875651
559.39,0.0424251,0.0422713,0.0426908,0.0458093,0.0458306,0.0461486,0.0491694,0.0504513,0.052142,0.0540867,0.0569291,0.0624583,0.0651842,0.0721612,0.0758581,0.0792536,0.0826619,0.0834372,0.086741
559.839,0.0437125,0.0450438,0.044727,0.0484391,0.0473845,0.048196,0.0503895,0.0521766,0.0566597,0.0572296,0.0616864,0.0648883,0.0686954,0.0740607,0.0778599,0.0809456,0.0877853,0.0861909,0.0889591
560.288,0.043334,0.0439435,0.0453304,0.0453669,0.0485811,0.047788,0.050568,0.0524772,0.0548707,0.0587445,0.0601663,0.0650412,0.0684836,0.0724412,0.0762414,0.0819087,0.0837828,0.0861739,0.0896387
560.737,0.0418403,0.0431868,0.0431929,0.0449401,0.0477593,0.0489674,0.0491614,0.051742,0.0542987,0.0542167,0.0586569,0.0617564,0.0666013,0.0726557,0.0755013,0.0794569,0.084506,0.0837587,0.0871231
561.186,0.0411139,0.0401557,0.0423114,0.0437394,0.0472261,0.0483891,0.0509402,0.0521638,0.0539705,0.0551918,0.058293,0.0621203,0.0664148,0.072052,0.0758442,0.0801706,0.0859907,0.0870193,0.0858101
561.635,0.0410062,0.0434972,0.0432351,0.0459412,0.0465574,0.0496377,0.0489594,0.0527218,0.0527294,0.0573022,0.0583731,0.0631704,0.0662754,0.0733673,0.076514,0.0798243,0.0843599,0.0862495,0.0888905
562.083,0.0436684,0.0422113,0.0443356,0.0457091,0.0449835,0.0476772,0.0489028,0.0507491,0.0537864,0.0544047,0.0593154,0.0642279,0.0658895,0.0702621,0.0738736,0.0791669,0.0851202,0.0843648,0.0870185
562.532,0.0433474,0.0434405,0.0439798,0.0462221,0.0482686,0.0490784,0.0476367,0.0536081,0.0566806,0.0565275,0.0595606,0.0656708,0.0672666,0.0715211,0.0757597,0.0828734,0.0843858,0.0870918,0.0877696
562.98,0.0407289,0.0416384,0.0437962,0.0415494,0.045777,0.0470676,0.0464583,0.0494905,0.0545533,0.0546946,0.058508,0.0640174,0.0651293,0.0705983,0.0750169,0.0768365,0.0809721,0.0847255,0.0831577
563.428,0.0391654,0.0440756,0.0422428,0.0456196,0.0445609,0.0467362,0.0481381,0.0502815,0.0546764,0.0551078,0.0601009,0.0629514,0.0659255,0.071004,0.0733478,0.0782874,0.0843086,0.082402,0.0859312
563.876,0.0403012,0.0425977,0.0428726,0.0441633,0.0466957,0.0459136,0.0501366,0.0500097,0.0530593,0.0552862,0.0577394,0.0620572,0.0657307,0.0688336,0.076431,0.0778287,0.084484,0.0855619,0.0859853
564.324,0.0408675,0.0406529,0.0423294,0.0437963,0.0456451,0.0475066,0.0482104,0.0495224,0.0540963,0.0548517,0.0592608,0.0630844,0.0674065,0.0699977,0.0755901,0.0793341,0.082147,0.0818102,0.0860358
564.772,0.0417995,0.0434942,0.0437491,0.0448477,0.0464979,0.0485224,0.0499835,0.0520686,0.0555032,0.055168,0.0626407,0.0638701,0.067717,0.0726703,0.0736708,0.0792341,0.0843176,0.0866043,0.0861956
565.22,0.0410446,0.0443791,0.043482,0.044786,0.0476803,0.0484404,0.0489341,0.0505584,0.0548997,0.056305,0.0591057,0.0619923,0.0653864,0.0697702,0.0762804,0.0791819,0.0824225,0.0860097,0.085805
565.667,0.0427037,0.0412152,0.0443203,0.0471687,0.0460021,0.0475011,0.0496637,0.0510605,0.0527862,0.0581043,0.0619233,0.0645018,0.0680772,0.0715722,0.0750459,0.0801608,0.0842217,0.0852856,0.0879926
566.115,0.0408821,0.0414024,0.0432679,0.0447086,0.0456816,0.0481601,0.0486958,0.0511627,0.0561404,0.0562803,0.0590293,0.0642227,0.0653404,0.0705756,0.0753175,0.0805824,0.0858082,0.0845898,0.0869409
566.562,0.0441469,0.0419942,0.0447623,0.0463908,0.0485028,0.0489004,0.0507413,0.0545142,0.0554898,0.0571984,0.0609192,0.0661493,0.0684659,0.0732731,0.0782996,0.0804054,0.087363,0.0880266,0.0863775
567.01,0.0415292,0.0431017,0.0437302,0.0463244,0.0470783,0.0485916,0.0497198,0.0536094,0.052924,0.0564192,0.0607527,0.0667226,0.065705,0.0724327,0.0780298,0.0811644,0.0854152,0.0851554,0.087267
567.457,0.0414339,0.0409951,0.0427426,0.0437414,0.0458752,0.0480574,0.0480122,0.0501181,0.0526599,0.055267,0.0587576,0.0617849,0.0648642,0.0690209,0.0761914,0.078214,0.0831007,0.0860862,0.0870495
567.904,0.042992,0.0451301,0.0446247,0.0435066,0.0456235,0.0464623,0.0494009,0.0494009,0.0554617,0.056222,0.0579886,0.0645977,0.0653868,0.0695405,0.0764331,0.0781892,0.0847368,0.087109,0.0879891
568.351,0.0432951,0.0423861,0.047717,0.0459707,0.0464798,0.0501109,0.0519927,0.0523507,0.0544456,0.057589,0.0608102,0.0655449,0.0663809,0.0711818,0.0756027,0.0811188,0.0814781,0.0880484,0.0859709
568.797,0.0423395,0.0428519,0.0436981,0.0478043,0.0473819,0.0476293,0.0501337,0.0501346,0.0522959,0.0565227,0.0608002,0.0642482,0.0668663,0.0726446,0.0735456,0.0805218,0.0833324,0.0845313,0.0860297
569.244,0.042558,0.0452841,0.0470591,0.0477729,0.0474722,0.0493398,0.0511367,0.054201,0.0560929,0.0578936,0.0604997,0.0625643,0.0692087,0.0740311,0.0809943,0.081565,0.0868247,0.0895242,0.0899341
569.691,0.0393534,0.0417938,0.0408808,0.0442746,0.0445499,0.0473765,0.0471736,0.0497192,0.0511179,0.0563426,0.056537,0.062943,0.0644406,0.0709311,0.0751178,0.0804724,0.0814345,0.0846811,0.0864711
570.137,0.0417418,0.0437352,0.043024,0.0460122,0.0466686,0.0497708,0.0487018,0.0522667,0.0547865,0.0565492,0.0591735,0.063587,0.068872,0.0688547,0.0766638,0.0794872,0.0831792,0.0867051,0.0872735
570.583,0.0442248,0.0424072,0.0447959,0.0453735,0.0467627,0.0498306,0.0483617,0.0523456,0.0542584,0.0548739,0.0595749,0.0632373,0.0683423,0.0690176,0.0749717,0.0816869,0.0820333,0.0879756,0.0869284
571.03,0.043214,0.0428494,0.0456057,0.046731,0.0449998,0.0459987,0.0521675,0.0506347,0.0527943,0.0580306,0.060183,0.0630109,0.0675298,0.0711258,0.0750985,0.079514,0.0823199,0.0865761,0.0875442
571.476,0.0426642,0.044199,0.0412452,0.0463199,0.0443138,0.0478254,0.0520749,0.0511341,0.0533367,0.0556062,0.0609318,0.0630737,0.0690569,0.0707918,0.0767092,0.0793817,0.0852585,0.0853395,0.0853781
571.922,0.0419966,0.0420989,0.0436171,0.0461107,0.0458337,0.0469982,0.0500666,0.0495181,0.0539747,0.0574428,0.0606808,0.061723,0.0684894,0.0719762,0.0730276,0.0807915,0.0847997,0.0868111,0.0891332
572.367,0.0423047,0.0407515,0.0426179,0.0454816,0.0456935,0.0475249,0.0486017,0.0504783,0.0541704,0.054307,0.06028,0.0619203,0.0663269,0.069871,0.0771909,0.081279,0.0816354,0.0846809,0.0860481
572.813,0.040541,0.0430633,0.0431038,0.0426788,0.0462153,0.0475245,0.0478018,0.0499266,0.0527364,0.0553974,0.0579193,0.0642173,0.0668148,0.0707672,0.0748004,0.0797484,0.0815598,0.0846955,0.085846
573.259,0.0447152,0.0450341,0.0449191,0.0453334,0.0507431,0.049389,0.0498893,0.0520999,0.0552438,0.0565169,0.0595496,0.0622314,0.0690754,0.0704427,0.0776856,0.0793541,0.0856046,0.0879115,0.0884623
573.704,0.0423221,0.0420942,0.0429062,0.0453104,0.0449584,0.0459619,0.0481132,0.0506195,0.0523599,0.0558769,0.057172,0.0594063,0.0659999,0.0687495,0.074266,0.0795127,0.08162,0.0842915,0.0848967
574.15,0.0433286,0.0405808,0.0443468,0.046306,0.0463718,0.0483529,0.051003,0.0521374,0.0536099,0.0571003,0.058817,0.0647657,0.0682626,0.0716819,0.0775614,0.0811505,0.0844039,0.0843197,0.0888084
574.595,0.0432945,0.0416225,0.0433903,0.0461897,0.0433474,0.0469559,0.0494322,0.0527508,0.0543919,0.0569888,0.0600298,0.0652013,0.0666545,0.071479,0.0740138,0.0794737,0.0837488,0.0856483,0.088746
575.04,0.0417646,0.0427524,0.0438547,0.0448069,0.0459329,0.0497683,0.049065,0.051216,0.0541309,0.0563973,0.0603845,0.0635687,0.0654335,0.072854,0.0781061,0.08096,0.0821545,0.0859945,0.0847923
575.485,0.0426283,0.0428097,0.042505,0.0466104,0.0450809,0.0471842,0.0477662,0.0486719,0.0528404,0.0567064,0.0615817,0.0638339,0.066607,0.0691439,0.0749907,0.0805347,0.0841624,0.0879859,0.0872741
575.93,0.0426304,0.0429492,0.0415837,0.0440193,0.0465081,0.0483863,0.0475029,0.0522125,0.0520222,0.0562863,0.0590757,0.0622828,0.0677755,0.0711055,0.075366,0.0816625,0.0851369,0.0879178,0.0850001
576.375,0.0423833,0.0414241,0.0442651,0.0450936,0.0458341,0.0476381,0.0493974,0.0514499,0.0509241,0.0548494,0.0599733,0.0620294,0.065428,0.0702065,0.0737118,0.0785824,0.0818353,0.0866755,0.0869856
576.819,0.0436136,0.0446633,0.0442839,0.0476421,0.0463372,0.0479508,0.0509867,0.0529166,0.0530249,0.0565149,0.0621453,0.0629507,0.0683915,0.071952,0.0779855,0.0803486,0.0855954,0.0880752,0.0883516
577.264,0.0442827,0.0466836,0.0456479,0.0474628,0.0482547,0.0490672,0.0505473,0.0522243,0.0525783,0.0566278,0.0594395,0.0651472,0.0695233,0.0743663,0.0767049,0.0814356,0.0838325,0.0846808,0.0888587
577.708,0.0426445,0.0445423,0.0462197,0.0463388,0.0470558,0.0475045,0.0485467,0.0526434,0.0532705,0.0565182,0.057547,0.0629325,0.0678813,0.07133,0.0771306,0.0800153,0.0844184,0.0857784,0.090853
578.153,0.0419699,0.0414211,0.0434825,0.0425095,0.0467225,0.0477207,0.0497837,0.0490055,0.0518943,0.0549505,0.0571121,0.0626068,0.0653821,0.0704379,0.0763346,0.0772643,0.08137,0.0855242,0.0847054
578.597,0.040382,0.0430249,0.0440331,0.0417171,0.0447467,0.0462076,0.0483217,0.0499471,0.0523734,0.0546403,0.0586986,0.0608723,0.0640967,0.0682493,0.0768322,0.0825394,0.0841103,0.0836558,0.0848206
579.041,0.0409518,0.0408121,0.043673,0.0457202,0.0464825,0.0449094,0.0522609,0.0513359,0.0523468,0.055328,0.0582239,0.0641105,0.0659594,0.0706231,0.075937,0.0788552,0.0850102,0.0852018,0.0864484
579.485,0.0468016,0.0448987,0.049009,0.0473983,0.0481176,0.05197,0.0502421,0.0528511,0.0559593,0.0617718,0.0621873,0.0640584,0.0712549,0.073662,0.0775144,0.0836207,0.086162,0.0886547,0.0885514
579.929,0.0412796,0.0455441,0.0462615,0.0464949,0.0467992,0.0488123,0.0497355,0.0529436,0.0554594,0.0586117,0.0595751,0.0664901,0.0696568,0.0731062,0.0778914,0.0819413,0.0853339,0.0866801,0.0876293
580.372,0.0438319,0.0431677,0.0436306,0.0458801,0.0456307,0.0485694,0.0505696,0.0521324,0.0553164,0.0573127,0.0610978,0.0635114,0.0692618,0.0731837,0.0773163,0.0828657,0.0860012,0.0851842,0.0889452
580.816,0.0410187,0.042143,0.0439247,0.0443974,0.046042,0.0502222,0.0487597,0.0498336,0.0532589,0.058627,0.058581,0.0625634,0.0660908,0.0715288,0.0760035,0.0772381,0.0844666,0.0880108,0.0882541
581.259,0.0392967,0.0410387,0.044172,0.0445187,0.0478677,0.0488256,0.0488381,0.0497619,0.0529378,0.0570521,0.0598688,0.0633452,0.0681331,0.0696998,0.0756564,0.077915,0.0848406,0.0862241,0.0869772
581.703,0.0422477,0.0428806,0.0456935,0.0445356,0.0482877,0.0475046,0.049512,0.0523958,0.0526963,0.0577775,0.0599997,0.0646186,0.0680127,0.0703482,0.0773867,0.0822652,0.0862203,0.0850385,0.0884808
582.146,0.0423077,0.0437214,0.0421336,0.0435407,0.0448664,0.0456516,0.0471371,0.0486644,0.0498883,0.0531257,0.0571612,0.0613841,0.0675729,0.0684513,0.0759396,0.0793288,0.0807321,0.0812179,0.0843283
582.589,0.0413568,0.0413555,0.0424101,0.0452789,0.0455858,0.0467757,0.0490884,0.0516195,0.0524241,0.0560177,0.060846,0.0628604,0.0647392,0.0719888,0.0763082,0.0796569,0.0847578,0.086692,0.085999
583.032,0.0412562,0.0433742,0.0428279,0.0441589,0.043994,0.0455058,0.0454999,0.0484101,0.0511383,0.0535896,0.0582749,0.0618135,0.0654514,0.0698073,0.0749206,0.0772492,0.0832743,0.083592,0.0835959
583.475,0.044419,0.0444496,0.0431228,0.044213,0.0465256,0.0474466,0.049401,0.053203,0.0558613,0.056566,0.0619599,0.0625389,0.0660784,0.0732678,0.0787533,0.0796696,0.085801,0.0898455,0.0893248
583.918,0.0422847,0.045779,0.0458134,0.0459075,0.0482167,0.0460674,0.0519318,0.0520133,0.0541403,0.0569174,0.0609342,0.0640501,0.0709102,0.0719211,0.0776306,0.0807046,0.0831449,0.085189,0.0886831
584.36,0.0404206,0.0416344,0.0429492,0.0446787,0.0465528,0.0473584,0.0479511,0.0516551,0.053915,0.0568621,0.0559238,0.0628383,0.0669415,0.0702499,0.0724742,0.0780566,0.0840329,0.0850415,0.0859934
584.803,0.0410433,0.0423724,0.0454771,0.0446512,0.0444875,0.0466894,0.0479018,0.0509673,0.0549555,0.0574087,0.0596123,0.0632584,0.066383,0.0702715,0.0748084,0.0796887,0.0828087,0.0856243,0.087763
585.245,0.0407214,0.0437482,0.0442228,0.0436131,0.0475753,0.0476148,0.0495087,0.0505308,0.0527344,0.0561689,0.0574645,0.0614437,0.0678531,0.0698195,0.0740606,0.0793167,0.0819906,0.0853374,0.0862608
585.688,0.0416314,0.0433618,0.0457752,0.0458444,0.044618,0.0477515,0.0494987,0.052525,0.0541022,0.0568542,0.0597626,0.0607012,0.0682258,0.0714718,0.075164,0.078616,0.0848366,0.0879028,0.0876139
586.13,0.0438681,0.0448364,0.0451021,0.0480726,0.0495641,0.0496628,0.0504997,0.0516512,0.0578807,0.0588214,0.0626331,0.0656672,0.0678463,0.0725169,0.0805691,0.081002,0.0836657,0.0887595,0.087137
586.572,0.0418641,0.0440128,0.04409,0.0438501,0.0441999,0.0467014,0.0471218,0.0508277,0.0521695,0.05437,0.0583228,0.0631066,0.0661595,0.0703041,0.0775073,0.0792939,0.0845155,0.0861572,0.0874448
587.014,0.0424454,0.0401476,0.0446658,0.044262,0.0466015,0.0484035,0.050334,0.052104,0.0538602,0.0567967,0.0602873,0.0609312,0.0674667,0.0714866,0.0733406,0.0796348,0.0835599,0.0831608,0.0876977
587.456,0.0393055,0.042191,0.0429956,0.0449961,0.0442446,0.0469807,0.0485769,0.0496423,0.056335,0.057882,0.0617937,0.0619374,0.0684045,0.0705702,0.076593,0.0785165,0.0844205,0.0845968,0.0865964
587.897,0.0406379,0.0414677,0.0427974,0.0455367,0.0464216,0.0470709,0.0480883,0.0477704,0.0523009,0.0553362,0.0585703,0.0602969,0.065848,0.0726191,0.0736979,0.0804656,0.0818316,0.0830408,0.0843998
588.339,0.042487,0.0407144,0.0438255,0.0444959,0.0448247,0.0447903,0.0488938,0.0488062,0.0538072,0.0550715,0.0603441,0.0616956,0.0663442,0.0720344,0.075834,0.0780378,0.0838439,0.0851223,0.0894058
588.78,0.0414236,0.042165,0.0433999,0.044472,0.0458621,0.0463462,0.0492214,0.0510723,0.0547962,0.0576999,0.0605046,0.0626173,0.0653034,0.0699662,0.0745555,0.0793522,0.0824741,0.0843845,0.0885809
589.222,0.0429231,0.0430124,0.044954,0.0453585,0.0470606,0.0471665,0.0491375,0.0504973,0.0530075,0.0570279,0.0621446,0.0644253,0.0677115,0.0706667,0.0761321,0.0820821,0.085562,0.0845546,0.0871742
589.663,0.0425919,0.0443521,0.0424503,0.0452328,0.0473035,0.048428,0.0501496,0.050295,0.0533843,0.055879,0.0610865,0.0649291,0.0656502,0.0734271,0.0790064,0.0815084,0.0829815,0.0862623,0.0876594
590.104,0.0409222,0.0416887,0.0430625,0.0421005,0.045107,0.0473339,0.0471096,0.0490129,0.0532833,0.0555088,0.0600827,0.0614053,0.0658959,0.0692667,0.0750322,0.0779599,0.0831714,0.0845657,0.0843298
590.545,0.0418342,0.0436597,0.0446517,0.0446138,0.04674,0.048265,0.0514724,0.0501682,0.0537764,0.0548265,0.0600338,0.0633445,0.0675971,0.0717202,0.0757175,0.079705,0.0855783,0.0862027,0.0915283
590.986,0.0417694,0.0400979,0.0417573,0.0435098,0.045873,0.0446766,0.0460604,0.0499055,0.0523994,0.0571359,0.0569366,0.0618041,0.0665944,0.0700595,0.0742175,0.0787908,0.0819828,0.0833866,0.0848961
591.427,0.0411934,0.0433379,0.0445966,0.0436505,0.0475627,0.0471103,0.0490697,0.0512458,0.0546473,0.0548289,0.0596703,0.0611713,0.0668208,0.0709639,0.0756173,0.0809216,0.0850324,0.0838559,0.0892205
591.867,0.0412863,0.0422762,0.0424091,0.0437492,0.0444931,0.0482846,0.0478604,0.0491284,0.0534308,0.054369,0.0598521,0.0608442,0.0669371,0.0706957,0.074077,0.0802766,0.0827284,0.0864412,0.0843552
592.308,0.0441495,0.0422689,0.0443222,0.0465383,0.04324,0.0471126,0.0487384,0.0501063,0.0546485,0.0560766,0.0595512,0.0637105,0.0671824,0.0718094,0.0755623,0.0788049,0.0842127,0.0841807,0.0894075
592.748,0.0421623,0.0458869,0.0452532,0.0457522,0.0465318,0.0480085,0.0516337,0.0492159,0.0537664,0.0555032,0.0599057,0.0641334,0.0662934,0.0718815,0.0778795,0.0817881,0.0847515,0.0879608,0.0870734
593.189,0.0423298,0.0423391,0.0457683,0.0467004,0.0476736,0.047079,0.0510283,0.0537925,0.0567154,0.0567975,0.0597602,0.0632344,0.0673055,0.0730516,0.0770268,0.0800633,0.0852232,0.0866812,0.0895646
593.629,0.0414175,0.0435015,0.0431423,0.0449402,0.045863,0.0473322,0.049832,0.0537343,0.0531137,0.0557369,0.0592066,0.0656822,0.0678047,0.0702061,0.0763944,0.0805634,0.0843536,0.085723,0.0898429
594.069,0.0423988,0.044722,0.0448633,0.0465334,0.0456852,0.0488455,0.0499741,0.0528331,0.0547315,0.0570609,0.0593762,0.0639152,0.0694193,0.0717119,0.0756226,0.0800867,0.0843064,0.0876394,0.0909983
594.509,0.0393758,0.041787,0.0453115,0.044683,0.0462481,0.0478406,0.0472025,0.0512349,0.0535274,0.0572018,0.0600998,0.0605403,0.0647482,0.0700417,0.0756089,0.0805721,0.084785,0.0859185,0.0859602
594.949,0.0424328,0.0428035,0.0435818,0.046102,0.0478683,0.0468316,0.0502213,0.050708,0.054798,0.0574078,0.0623245,0.0624251,0.0666579,0.0727988,0.0774564,0.080556,0.0849199,0.0870596,0.088039
595.388,0.040401,0.0444284,0.044531,0.047004,0.0462122,0.0484016,0.0490256,0.0526588,0.0539507,0.0570602,0.0605388,0.064267,0.0693158,0.0732555,0.0766512,0.0829144,0.0863004,0.0888692,0.0894372
595.828,0.0414733,0.0435029,0.0439004,0.0450891,0.0455558,0.0468429,0.0493254,0.0501973,0.0520918,0.0567494,0.058806,0.0637015,0.0661071,0.0709753,0.0745844,0.079511,0.085266,0.0865151,0.0861642
596.267,0.0419458,0.0411359,0.044533,0.0453288,0.0431118,0.0451171,0.0467887,0.0491694,0.0504297,0.0566741,0.0574348,0.0622013,0.0642297,0.0682943,0.0736909,0.0777753,0.083593,0.082442,0.085769
596.707,0.04228,0.0433982,0.0449544,0.046728,0.0477306,0.0466172,0.0494312,0.0520594,0.0544127,0.0566231,0.0617699,0.0645155,0.0675501,0.0734046,0.0740625,0.0824498,0.085741,0.0891403,0.0872599
597.146,0.0409842,0.0434586,0.0434599,0.0435893,0.0472626,0.0451565,0.048762,0.050677,0.0525318,0.055484,0.0599347,0.0619176,0.0664595,0.072169,0.0767055,0.0797608,0.0836026,0.0848361,0.086177
597.585,0.0438383,0.0446518,0.0425398,0.0460214,0.048393,0.0484047,0.051684,0.0519639,0.0548884,0.0564021,0.0613143,0.06525,0.0678079,0.0721432,0.0766955,0.0804142,0.0846537,0.0864988,0.0844016
598.024,0.0424227,0.0447276,0.0442765,0.0460942,0.0481881,0.0489704,0.0506046,0.0525939,0.056227,0.0561626,0.0600489,0.0641568,0.0672933,0.0711752,0.0760101,0.0770389,0.087269,0.0859139,0.086507
598.463,0.0414818,0.0430328,0.0443336,0.0456019,0.0466025,0.0463585,0.0493268,0.0500602,0.053253,0.0584137,0.0574485,0.0628883,0.066905,0.0734296,0.0770107,0.0783141,0.0832136,0.0844568,0.0872567
598.902,0.041262,0.0440607,0.0439971,0.0449254,0.0448798,0.0491908,0.0505925,0.0515087,0.0549486,0.0574703,0.0590034,0.0631487,0.0676554,0.0715486,0.0766842,0.0798961,0.0838418,0.0869916,0.0880594
599.34,0.0401929,0.0399197,0.0415058,0.044952,0.0448816,0.0480926,0.0473675,0.0504281,0.0538858,0.0540925,0.0588473,0.0626701,0.064661,0.0697913,0.0759432,0.0781625,0.0825232,0.0823124,0.086725
599.779,0.0407107,0.0413934,0.0441405,0.0434924,0.0440074,0.0481159,0.0493628,0.0503085,0.0529751,0.0536328,0.0588783,0.0609858,0.0650838,0.069267,0.07654,0.0807392,0.0837321,0.085869,0.0845384
600.217,0.042068,0.0424996,0.0429231,0.0442763,0.0468242,0.0454938,0.0480512,0.0505175,0.0515238,0.056124,0.0586859,0.0612121,0.0681647,0.0706002,0.0753559,0.080498,0.081759,0.0862009,0.0883189
600.655,0.0416369,0.0435921,0.0449898,0.0477173,0.0457745,0.0465857,0.0502723,0.0508331,0.0550551,0.0547671,0.0585848,0.0624316,0.0661453,0.07202,0.0746204,0.0807198,0.0846928,0.0853429,0.0867419
601.093,0.0434332,0.0439996,0.0472584,0.048069,0.0470081,0.0506987,0.0518216,0.0523219,0.0553868,0.0595941,0.0603499,0.0648383,0.0690892,0.0736142,0.0805358,0.0808759,0.0849387,0.0876252,0.0880708
601.532,0.04233,0.0433939,0.0424287,0.0434137,0.0452492,0.0465207,0.049129,0.050502,0.0542038,0.0551439,0.0614286,0.0627362,0.0639542,0.0704986,0.0743939,0.0803211,0.0827202,0.0849641,0.0869691
601.969,0.0410959,0.0420138,0.0446069,0.045861,0.0443172,0.0469778,0.048375,0.0508963,0.0533099,0.0537257,0.0578392,0.061864,0.0659117,0.0706651,0.0746617,0.0794252,0.0833217,0.0844649,0.0838669
602.407,0.0413919,0.0436252,0.044791,0.0444693,0.0447554,0.0462155,0.0480017,0.0511554,0.0537973,0.0540942,0.0593785,0.0610194,0.0675187,0.0701682,0.0758027,0.0801916,0.0849138,0.0870724,0.0871969
602.845,0.0413382,0.0399798,0.0429415,0.0428415,0.045865,0.0453478,0.0459629,0.0480847,0.052527,0.054018,0.0583588,0.0624036,0.0666522,0.0686734,0.0736947,0.0776633,0.0836176,0.0853834,0.086865
603.282,0.0425578,0.0420418,0.0432192,0.0442676,0.0461799,0.0470253,0.0487347,0.0524206,0.0535527,0.0566457,0.0594188,0.0641111,0.0690076,0.0713003,0.0743158,0.0791503,0.0842338,0.0848046,0.0873101
603.72,0.0399584,0.0435281,0.0448127,0.0475223,0.0460074,0.0479746,0.0513126,0.0505436,0.0528757,0.0557458,0.0566975,0.0636835,0.066453,0.0728126,0.0784001,0.0795403,0.0852726,0.0873153,0.0887505
604.157,0.0414443,0.044416,0.042587,0.0450868,0.0456974,0.0479092,0.0477668,0.0523119,0.0548986,0.057791,0.0603976,0.0621002,0.0649963,0.0711435,0.0743516,0.0816908,0.0843094,0.0859636,0.0886919
604.594,0.0411865,0.0429933,0.0439893,0.0434759,0.0448703,0.0477722,0.0494884,0.0515882,0.0534717,0.0540584,0.0596619,0.0612342,0.067126,0.0698289,0.0748841,0.0812462,0.086107,0.0862428,0.088287
605.032,0.0415331,0.0393606,0.0424527,0.0436566,0.044016,0.0464859,0.0476877,0.0494071,0.0526735,0.0543413,0.0571332,0.0610294,0.0649202,0.0711482,0.0740711,0.0784295,0.0826722,0.0863629,0.0861853
605.468,0.0405881,0.0411891,0.0442031,0.0445165,0.0447861,0.0458338,0.0495263,0.0506785,0.0525181,0.0546529,0.0581557,0.061383,0.0668522,0.0689182,0.0761881,0.0802534,0.0814233,0.0870642,0.0852192
605.905,0.0403611,0.0435154,0.045188,0.045052,0.0453882,0.0480684,0.0502692,0.050321,0.05312,0.0545223,0.0581721,0.0621438,0.0667967,0.0705312,0.0755171,0.0799103,0.0848342,0.0877801,0.0894032
606.342,0.0417374,0.0412027,0.043266,0.0444297,0.0469714,0.0468447,0.0502796,0.0514708,0.0521778,0.0557274,0.0586225,0.0637054,0.0681004,0.0717994,0.0743698,0.0784792,0.0830647,0.0883898,0.0859573
606.779,0.0403326,0.0443863,0.0449045,0.0429433,0.0465881,0.0480389,0.0498518,0.0515376,0.0525175,0.0577294,0.0606282,0.064943,0.0684217,0.0718828,0.0759881,0.0807687,0.0838664,0.0875281,0.0880159
607.215,0.0425774,0.0419242,0.0435385,0.0435526,0.0447913,0.0467471,0.0486784,0.0496561,0.0523779,0.0535487,0.0575308,0.0612009,0.0653915,0.0707805,0.0761764,0.08039,0.0828994,0.0847484,0.0854625
607.652,0.0394485,0.0424798,0.0426691,0.0430783,0.0467715,0.0471273,0.0483403,0.0496753,0.0525108,0.0549129,0.0595766,0.0600906,0.0674151,0.0706127,0.0752119,0.0807643,0.0823881,0.0864753,0.0879713
608.088,0.0423173,0.0413397,0.0436039,0.0442645,0.0448637,0.0485476,0.0503661,0.0512355,0.0545539,0.0572664,0.0595321,0.062166,0.0670541,0.0717091,0.0755028,0.0790422,0.084666,0.086203,0.0879415
608.524,0.0420751,0.0419472,0.0441845,0.0470591,0.0442398,0.048601,0.047487,0.0501084,0.0546032,0.0562471,0.0580261,0.0618764,0.06764,0.0706559,0.0736745,0.0783055,0.0839409,0.0878444,0.0866569
608.96,0.0403975,0.0396176,0.0419884,0.0427972,0.0442809,0.0463632,0.0460853,0.0481589,0.0502998,0.05195,0.0575655,0.0597924,0.066633,0.0693311,0.0726141,0.0756873,0.0800614,0.0834318,0.084684
609.396,0.0433605,0.0414566,0.0425793,0.04567,0.0470869,0.0467934,0.0500546,0.0504083,0.0547282,0.0560904,0.0586563,0.0611049,0.0664653,0.073375,0.0759364,0.0794466,0.0830553,0.0840164,0.0874667
609.832,0.041867,0.0414262,0.0430377,0.0449652,0.0440464,0.0471028,0.0484772,0.0503245,0.05162,0.0536132,0.0564304,0.061444,0.0665913,0.0707037,0.0776923,0.0795747,0.0863886,0.0867793,0.0852262
610.267,0.0408548,0.0417995,0.0434469,0.0432594,0.045684,0.0482527,0.0482525,0.0517113,0.0523157,0.0567097,0.061917,0.0651501,0.0648016,0.0714976,0.0775977,0.0799726,0.0861478,0.085479,0.0852522
610.703,0.0426896,0.0428397,0.0441037,0.0454611,0.0463642,0.0468261,0.0489145,0.0498577,0.0541394,0.0564644,0.0583868,0.0628531,0.0657013,0.0713089,0.076816,0.0786171,0.0820223,0.0843668,0.0874503
611.138,0.0419218,0.0422358,0.0430398,0.044118,0.0444863,0.0482889,0.0467009,0.0526601,0.0537794,0.0551943,0.0578633,0.0612527,0.0658653,0.0701074,0.0748703,0.0792295,0.084758,0.0851997,0.0892167
611.574,0.0427294,0.0422674,0.042146,0.0438149,0.0466366,0.0458994,0.0491818,0.0501492,0.0530836,0.0543473,0.0592703,0.0605646,0.0660908,0.0716445,0.0749994,0.0797883,0.0847096,0.0837611,0.0875444
612.009,0.0426031,0.0418848,0.0434105,0.047256,0.0465039,0.0489981,0.0504213,0.0519617,0.0536325,0.0540725,0.0606931,0.0629596,0.0690615,0.0724382,0.0772892,0.0808559,0.0863668,0.0885342,0.0868998
612.444,0.040685,0.0432663,0.041908,0.0424281,0.0450935,0.0478937,0.0488163,0.0502677,0.0519964,0.0541955,0.0601696,0.0600884,0.066117,0.0695095,0.074885,0.0791215,0.0815798,0.0849599,0.0835575
612.879,0.0425524,0.0423721,0.0427238,0.0449313,0.0461944,0.0496362,0.0500483,0.0498531,0.053048,0.0555499,0.0603579,0.0624788,0.0669901,0.0722853,0.0775926,0.0802072,0.0852613,0.0880413,0.0857885
613.314,0.0429813,0.0441451,0.044848,0.0465456,0.0465198,0.049002,0.0501053,0.0500581,0.0548231,0.0572839,0.0599662,0.062874,0.0669039,0.0736777,0.0766871,0.0787988,0.0842291,0.0857058,0.0907467
613.748,0.0394308,0.041267,0.0433033,0.0442886,0.0461647,0.0458466,0.0490735,0.0515697,0.0535852,0.0556234,0.0581122,0.0640636,0.0679746,0.0690881,0.0745872,0.0787867,0.0818207,0.0873279,0.085443
614.183,0.0417694,0.0425009,0.0445988,0.0461176,0.0478948,0.0503149,0.0493693,0.0516666,0.0536712,0.0585202,0.0620899,0.0658282,0.0681669,0.0738809,0.0772882,0.0811906,0.0840325,0.0867012,0.0876082
614.617,0.0411874,0.0416456,0.044157,0.0420662,0.0449122,0.0429578,0.049554,0.0495963,0.0511778,0.0559809,0.0564988,0.0632692,0.0658114,0.0682712,0.0761865,0.0776298,0.0846544,0.0846641,0.0873223
615.052,0.0418599,0.0419882,0.0446045,0.0460253,0.047142,0.0468805,0.0508519,0.0527312,0.0541802,0.056831,0.0600641,0.0630551,0.0675359,0.0713306,0.0771338,0.0803731,0.0861976,0.0843969,0.0887731
615.486,0.0403298,0.0451511,0.042737,0.0440764,0.0484276,0.0459989,0.0490174,0.0516571,0.0526012,0.0571981,0.0602396,0.0613104,0.0662869,0.0712454,0.0760904,0.0804736,0.0831672,0.0848054,0.0860327
615.92,0.0428731,0.0423366,0.0419871,0.0447101,0.0468095,0.045505,0.0477244,0.0492723,0.0504523,0.0554139,0.0572147,0.0615255,0.064972,0.070817,0.0734947,0.0788744,0.0812843,0.0852101,0.0851914
616.354,0.0421663,0.0424855,0.0430127,0.0462753,0.047187,0.0473554,0.0488728,0.0503809,0.052273,0.0553143,0.0621895,0.0601945,0.0676698,0.0686709,0.0742073,0.0789716,0.0828315,0.0846623,0.0862958
616.788,0.041663,0.0427339,0.0445442,0.0448654,0.0434494,0.0499946,0.0501985,0.0480474,0.0530053,0.056479,0.0585794,0.0618807,0.0637794,0.0713036,0.0751001,0.0793614,0.0831196,0.0867029,0.084987
617.222,0.0425131,0.0432997,0.0453947,0.0472228,0.0473924,0.0483432,0.0484188,0.0509576,0.0528375,0.0579007,0.0585406,0.0616684,0.0681956,0.0718866,0.0744003,0.0789487,0.0843962,0.0863225,0.0870165
617.655,0.0409941,0.0394598,0.0438094,0.0449067,0.044661,0.0474326,0.0485372,0.0496827,0.0536641,0.0564346,0.0594474,0.0636861,0.0670508,0.0704887,0.0751425,0.0794171,0.0818626,0.0861343,0.0871735
618.089,0.0441733,0.0439807,0.0463865,0.0469971,0.0463615,0.0479536,0.0495826,0.0522508,0.0527332,0.0560187,0.0620158,0.0627832,0.06537,0.0724798,0.0748951,0.0821726,0.0838293,0.0869053,0.0885914
618.522,0.0427062,0.0428432,0.0424367,0.0442552,0.0462889,0.0491271,0.0480724,0.0502459,0.0523792,0.0561158,0.0605328,0.0662888,0.0661567,0.0713763,0.0777916,0.0794778,0.0869205,0.0852496,0.0863703
618.956,0.0424657,0.0412858,0.0436361,0.0464754,0.046848,0.04705,0.0486713,0.0513003,0.054194,0.0541162,0.0592273,0.0616117,0.0669559,0.0717713,0.0757437,0.0798831,0.0834186,0.0863674,0.0886659
619.389,0.0416185,0.0408573,0.043173,0.0452341,0.0455015,0.0461741,0.0481438,0.0475338,0.051826,0.0547966,0.0570403,0.0617217,0.0667224,0.0693766,0.0763841,0.0767565,0.0832757,0.0858767,0.0838293
619.822,0.0406133,0.0434438,0.0440422,0.0426558,0.0459274,0.0459613,0.0479385,0.0506021,0.0518233,0.0565664,0.0596122,0.064109,0.0669569,0.0684942,0.0743447,0.0819721,0.081486,0.0856195,0.0863706
620.255,0.041001,0.041253,0.0427572,0.0438339,0.045433,0.0458345,0.0479666,0.0495336,0.0530055,0.0548358,0.0591628,0.0635489,0.0673262,0.0700282,0.0756448,0.0796957,0.082397,0.0837237,0.0857931
620.688,0.0421367,0.0416228,0.0455513,0.0415796,0.043656,0.0480423,0.0485546,0.0507072,0.0524756,0.0566182,0.0599714,0.0640467,0.0660963,0.0731809,0.0757453,0.0808435,0.0841748,0.0838559,0.0907278
621.12,0.0411778,0.0409116,0.0428352,0.0431226,0.0457013,0.0472564,0.0480346,0.051808,0.0507829,0.0549065,0.0570582,0.060957,0.065489,0.0693873,0.0753858,0.079032,0.0838893,0.0857621,0.088476
621.553,0.0434825,0.0424788,0.0427579,0.0440339,0.0426931,0.0465903,0.0481222,0.0498065,0.0536945,0.0564277,0.060466,0.061363,0.0630212,0.0708571,0.074191,0.0835547,0.0848418,0.0868125,0.0881579
621.985,0.042613,0.0435543,0.0445077,0.0443879,0.0452328,0.0474866,0.0480837,0.0496935,0.0537257,0.0553563,0.0585228,0.0626376,0.0659054,0.0710495,0.0743644,0.0799301,0.0845923,0.0867472,0.085854
622.418,0.0427833,0.0426734,0.0430575,0.046051,0.0460968,0.048705,0.0492077,0.0511603,0.0529559,0.0572057,0.0601555,0.0639473,0.0655887,0.0720514,0.0760099,0.0799532,0.083477,0.0891395,0.0859227
622.85,0.0411598,0.0425248,0.0415773,0.0434664,0.0451233,0.0471159,0.0483345,0.0503158,0.0523827,0.0560252,0.0577728,0.0629903,0.067365,0.0692554,0.0773704,0.0801052,0.0836731,0.0861863,0.0889366
623.282,0.0412311,0.0427495,0.0445849,0.0443323,0.046286,0.0463173,0.0483984,0.0492242,0.0536842,0.0554583,0.0573147,0.0628425,0.066679,0.0692556,0.0757605,0.0801768,0.0834625,0.0849498,0.0866602
623.714,0.0423295,0.040788,0.0445781,0.0450703,0.0451767,0.0464413,0.0481579,0.0505467,0.054261,0.0563249,0.0580742,0.0598563,0.0666251,0.0692793,0.0744237,0.0787295,0.0836274,0.0825338,0.0885493
624.146,0.0396345,0.0430363,0.0434354,0.0441606,0.0445739,0.0465731,0.0493276,0.0519732,0.0528116,0.0583611,0.0587862,0.0642032,0.0665705,0.0733477,0.075808,0.0796998,0.08322,0.0861919,0.0878029
624.577,0.0418394,0.0410495,0.0428555,0.0448522,0.0442504,0.0473569,0.050551,0.0505164,0.0518742,0.0562997,0.0589112,0.063957,0.0668676,0.0700464,0.0749014,0.0786258,0.0867055,0.0857425,0.0875783
625.009,0.0396543,0.0407054,0.041609,0.0429105,0.0429276,0.0456667,0.046092,0.0468291,0.0519261,0.0523267,0.056604,0.0599162,0.0669726,0.0682815,0.074327,0.0800511,0.0834723,0.0832493,0.0852783
625.441,0.0396249,0.0427719,0.0422486,0.0453423,0.0466542,0.0467268,0.0495236,0.0499415,0.0527874,0.0548038,0.0601157,0.0610565,0.0668066,0.0706421,0.0736485,0.0796789,0.0835731,0.0847166,0.089044
625.872,0.0431342,0.0444889,0.0419303,0.0453058,0.0457915,0.0485043,0.050329,0.0512339,0.0537754,0.0570911,0.0607552,0.0628526,0.0667677,0.0685832,0.0740997,0.080965,0.0839457,0.0856188,0.0857816
626.303,0.0425773,0.0423424,0.0438552,0.0454252,0.0457661,0.0469205,0.0475841,0.0499072,0.0504942,0.0584175,0.0593902,0.0611422,0.0660832,0.0703275,0.0771964,0.0811203,0.0819534,0.0861793,0.0864552
626.734,0.0413616,0.0435264,0.0436319,0.0432938,0.0460521,0.0448694,0.0484629,0.0498655,0.0522159,0.0564191,0.0586692,0.0618335,0.0654385,0.0697536,0.071393,0.0791063,0.0831207,0.0861843,0.0888807
627.165,0.0439409,0.0427336,0.042646,0.0438434,0.0453768,0.0461523,0.0490028,0.0506319,0.0511199,0.0560806,0.0594848,0.0629865,0.0665895,0.0713506,0.0744928,0.0817028,0.0836505,0.0869074,0.0887041
627.596,0.0402793,0.0420731,0.0417148,0.042453,0.0479671,0.0473932,0.0467457,0.049668,0.0505352,0.0542199,0.0568014,0.0598327,0.0623503,0.0684805,0.0746718,0.077932,0.0814787,0.0876521,0.0857838
628.027,0.044161,0.0455564,0.0434349,0.0473582,0.0502747,0.0488411,0.0502644,0.0527151,0.0537948,0.0576012,0.0610209,0.0645533,0.0685322,0.0729084,0.0783603,0.0822468,0.0884983,0.0882783,0.087228
628.458,0.0422201,0.0435471,0.0429685,0.0467499,0.0468559,0.0472301,0.0490891,0.0516569,0.0536582,0.058,0.0591845,0.0641744,0.0663484,0.0697182,0.0754524,0.079613,0.0855095,0.0863765,0.0877704
628.888,0.0416616,0.0427769,0.0445077,0.0460947,0.0442029,0.0458866,0.048874,0.0484457,0.0541994,0.0547399,0.0602644,0.0651142,0.0656156,0.0719667,0.0769184,0.0799718,0.0827046,0.0877413,0.0875847
629.319,0.0385501,0.0395449,0.0417831,0.0447654,0.0464607,0.0442807,0.0457645,0.0488333,0.0523195,0.0547766,0.0579753,0.0614902,0.0653535,0.0712077,0.0735168,0.0798762,0.0827927,0.0843019,0.0857717
629.749,0.0419444,0.0435831,0.0441963,0.046597,0.0460701,0.0473167,0.0487693,0.0527802,0.0549516,0.0572954,0.0595913,0.0614107,0.0660389,0.0715774,0.0787244,0.0800934,0.0834549,0.0870641,0.0870292
630.179,0.0424012,0.0420731,0.0456179,0.0428951,0.0450723,0.0489705,0.048678,0.0509369,0.0529701,0.0570476,0.0598028,0.0635817,0.0656376,0.0737066,0.0746551,0.0832603,0.0839572,0.0886699,0.0862238
630.609,0.0411449,0.0410144,0.0432349,0.0432895,0.0452316,0.047802,0.0479391,0.050088,0.0523482,0.0562282,0.0596687,0.0638979,0.0668592,0.0709676,0.0749618,0.0769265,0.0839959,0.0845585,0.0881786
631.039,0.0414665,0.0419522,0.0444683,0.0429272,0.0463953,0.0474032,0.0478277,0.0498257,0.0533728,0.0572959,0.0577987,0.0632592,0.0681688,0.0704064,0.0751468,0.0810309,0.0858696,0.0884071,0.0866413
631.469,0.0437997,0.0415083,0.0441475,0.0473033,0.0465071,0.0475459,0.0508236,0.0518278,0.050967,0.0556123,0.0597694,0.062923,0.0678511,0.0712658,0.0757619,0.0815526,0.0859533,0.0894624,0.0897454
631.899,0.041918,0.0409143,0.0451318,0.0443721,0.0463386,0.0489034,0.0504079,0.0498243,0.0546944,0.0548927,0.0582755,0.062784,0.0672279,0.0702835,0.0758318,0.0792557,0.0825129,0.0880696,0.0885655
632.328,0.0420419,0.042182,0.0433859,0.0445838,0.0471823,0.0484176,0.0484863,0.0501003,0.0525396,0.0548705,0.0579266,0.061028,0.0664295,0.0681047,0.0743941,0.0795598,0.0824296,0.0875024,0.0862232
632.758,0.04104,0.0410839,0.0446509,0.0441244,0.0438097,0.0474709,0.047994,0.0508905,0.0515803,0.0550283,0.0594839,0.0620303,0.0652506,0.0700318,0.0729784,0.0815119,0.0827631,0.0865566,0.0867461
633.187,0.0403735,0.0426895,0.043343,0.0437342,0.0470756,0.0500031,0.048433,0.0525324,0.0528025,0.0560731,0.0604089,0.0612788,0.0663226,0.0706182,0.0766225,0.0810964,0.08539,0.0838485,0.0896833
633.616,0.0420474,0.0415201,0.0438999,0.0454217,0.0467012,0.0496895,0.0514447,0.0501109,0.0530623,0.0564479,0.0579738,0.0637716,0.0682094,0.0717079,0.0759779,0.0806602,0.0843763,0.0889306,0.0874692
634.046,0.0427764,0.0436144,0.0454276,0.0457429,0.0458181,0.0488616,0.0491769,0.0525171,0.0535124,0.0573722,0.0601548,0.0638067,0.0688339,0.0700434,0.0772775,0.0815634,0.0846503,0.0890601,0.0882254
634.475,0.0420102,0.041119,0.0444581,0.042973,0.0460571,0.0483667,0.0492305,0.0495124,0.052298,0.057649,0.0599091,0.0613769,0.0672124,0.0704281,0.0760646,0.0781633,0.0851405,0.0865595,0.0874884
634.903,0.0390298,0.0406976,0.0440883,0.0438792,0.0449277,0.0457343,0.0482096,0.0494485,0.0521544,0.0555039,0.0578825,0.0620141,0.0671226,0.0696252,0.0755235,0.0799377,0.0813077,0.0872873,0.0855539
635.332,0.0434784,0.0437118,0.0451988,0.0453258,0.0449908,0.046356,0.0496086,0.0501087,0.0526544,0.0536612,0.0596211,0.0634795,0.0664799,0.0698524,0.0737655,0.0787714,0.0843386,0.0860985,0.0871
635.761,0.041848,0.0421817,0.043265,0.0436671,0.0446915,0.0488764,0.0500028,0.050338,0.0535281,0.0536292,0.0569016,0.0614137,0.067752,0.069131,0.0780053,0.0788096,0.0838895,0.0883947,0.089851
636.189,0.0440383,0.0425884,0.0437356,0.0472551,0.047343,0.0485976,0.0495953,0.0512828,0.0545014,0.0572897,0.0599559,0.0653596,0.0664937,0.0739161,0.0768839,0.0795865,0.0845814,0.0873305,0.089858
636.618,0.0407591,0.0417965,0.044831,0.0452134,0.0426798,0.0481601,0.0494971,0.051518,0.0539906,0.0555145,0.0611302,0.0643325,0.0664339,0.0706074,0.0757332,0.079079,0.0847585,0.0882376,0.0893015
637.046,0.0411165,0.0420126,0.0440278,0.0459213,0.0487776,0.0470784,0.0517515,0.0524704,0.0540473,0.0569721,0.0607461,0.0645344,0.0666894,0.0678966,0.0752334,0.081321,0.0868373,0.0852272,0.0893271
637.474,0.0420534,0.0438349,0.0425345,0.0446187,0.0441438,0.0470675,0.0487884,0.0506727,0.0529575,0.0566855,0.0596827,0.0610513,0.0675215,0.071406,0.0752873,0.0794739,0.0843724,0.0841757,0.0867469
637.902,0.0416586,0.0431152,0.044181,0.0432853,0.0454808,0.0477073,0.0482914,0.0503955,0.0551162,0.0568059,0.0594441,0.0620639,0.0682431,0.0697172,0.0740253,0.0816202,0.0838735,0.0836876,0.0879062
638.33,0.0401125,0.0414914,0.0447399,0.0438911,0.0473801,0.0456255,0.0483764,0.0498191,0.0527868,0.0564541,0.0579325,0.0642406,0.0672558,0.0720713,0.0739148,0.0779711,0.0817196,0.087327,0.0865008
638.758,0.0419037,0.0408665,0.0440138,0.0425663,0.0449247,0.0487278,0.0511306,0.0508809,0.0537441,0.055237,0.0591981,0.0626417,0.0663255,0.0705701,0.0765821,0.0788542,0.0845457,0.0868368,0.0902436
639.186,0.0400702,0.040362,0.0440204,0.0426566,0.0447511,0.048096,0.0491308,0.0505957,0.0522155,0.0542141,0.060294,0.0628465,0.0663545,0.0710844,0.0759507,0.0776908,0.0847752,0.0856551,0.0851086
639.613,0.0431113,0.042001,0.0426094,0.0436606,0.0435013,0.0463295,0.0473121,0.0488846,0.0541161,0.0533081,0.059552,0.0626036,0.0681099,0.0722027,0.0762179,0.0791488,0.0849776,0.0863685,0.0896169
640.041,0.0412902,0.0432618,0.041975,0.0460112,0.048012,0.0478062,0.0493005,0.0513288,0.0532753,0.0552181,0.0588556,0.0628501,0.0659233,0.0698655,0.0763931,0.078105,0.0838766,0.0875662,0.0866724
640.468,0.0438255,0.0439738,0.0427314,0.0456556,0.0437344,0.0489752,0.050955,0.050717,0.0544334,0.0551736,0.0582377,0.0607474,0.0673831,0.0696552,0.0780754,0.0789014,0.0840573,0.0890011,0.0877417
640.895,0.0413111,0.0451794,0.0433266,0.0429043,0.0432936,0.0451692,0.0471004,0.0498588,0.0533488,0.057192,0.0590241,0.0616516,0.0680597,0.0681777,0.0765634,0.0816752,0.0837454,0.0878656,0.0873879
641.322,0.0394285,0.0415794,0.0442153,0.0429079,0.0430121,0.0455964,0.0470932,0.0508503,0.0509522,0.0566766,0.0594191,0.0597184,0.0649416,0.0706177,0.0728986,0.0780529,0.0815595,0.0856865,0.0866381
641.749,0.0407311,0.0414386,0.0421288,0.0455097,0.0457379,0.0452433,0.0467458,0.0504734,0.0541341,0.0569651,0.0598033,0.061491,0.0644934,0.0697773,0.0746416,0.0807301,0.0833522,0.0872018,0.0850394
642.176,0.0418086,0.0430231,0.043312,0.0436363,0.0474907,0.0481758,0.0475143,0.0517389,0.0545171,0.0560428,0.0597589,0.0635809,0.0685144,0.070771,0.0776472,0.0801314,0.0828125,0.0868105,0.08898
642.603,0.0386798,0.0443043,0.0409207,0.0431732,0.0478954,0.0447405,0.0491556,0.0488053,0.0516441,0.0539066,0.0583797,0.0602972,0.0656527,0.0688834,0.0734553,0.0789832,0.0843397,0.0856332,0.0886612
643.029,0.0421631,0.043135,0.0447153,0.0458919,0.0457982,0.0447109,0.0520066,0.0520424,0.0520638,0.0571857,0.0591738,0.0633574,0.0696915,0.0712233,0.0756565,0.0814831,0.0861776,0.0883244,0.086994
643.456,0.040431,0.0424408,0.0437701,0.0435634,0.0450191,0.0465825,0.0461949,0.0497455,0.05302,0.0534417,0.0609906,0.0615065,0.0642849,0.0702974,0.0727414,0.0785361,0.0816558,0.0829629,0.0862611
643.882,0.0387511,0.0399335,0.0427113,0.0443053,0.0419689,0.0465441,0.0469477,0.0494032,0.0533331,0.0534071,0.0556538,0.0592357,0.0646639,0.0684562,0.0728277,0.0805773,0.0830919,0.0865069,0.0871785
644.308,0.0423353,0.0431842,0.0435596,0.0450839,0.0463861,0.0467212,0.0483342,0.0476736,0.0542633,0.0563115,0.0595872,0.0627893,0.0669291,0.069842,0.0762834,0.0812431,0.0861637,0.0890625,0.0874315
644.735,0.0420939,0.0429502,0.042733,0.0447316,0.0429243,0.0464521,0.0479965,0.0503781,0.0508441,0.0554771,0.0576244,0.0633308,0.0644718,0.0709918,0.0755745,0.077242,0.0822047,0.0852411,0.0867809
645.161,0.0423864,0.041274,0.0438092,0.0455207,0.0473049,0.046198,0.0509444,0.0508001,0.0512951,0.0528538,0.0585969,0.0627173,0.0669179,0.070549,0.0768823,0.0782792,0.0835788,0.0863442,0.0868447
645.586,0.0389557,0.0401534,0.0406794,0.0431876,0.0437728,0.0443186,0.0469531,0.0490101,0.0493323,0.0516449,0.0563309,0.0606316,0.0668815,0.0692943,0.0721647,0.0782856,0.079025,0.0836931,0.0826234
646.012,0.0412567,0.04395,0.0420301,0.0473056,0.0449581,0.0469962,0.0496133,0.0531832,0.0520674,0.0557621,0.0611619,0.0618754,0.0662807,0.0731735,0.0750424,0.08184,0.0838406,0.0888009,0.0876663
646.438,0.0414939,0.0416635,0.0427126,0.0456615,0.0460363,0.0456583,0.0490732,0.049488,0.0534045,0.055418,0.0587909,0.0616934,0.065718,0.0701377,0.0729499,0.080146,0.0810901,0.0852437,0.0856717
646.863,0.0403526,0.0429036,0.0415787,0.0428852,0.0440808,0.0450783,0.0469866,0.0480609,0.0514422,0.0531711,0.0591416,0.0598299,0.0650951,0.0679673,0.0755764,0.078158,0.0822561,0.0841197,0.0840777
647.289,0.0405238,0.0416875,0.0442492,0.045181,0.0464959,0.0485269,0.0480876,0.0509061,0.0540956,0.0547729,0.0580068,0.0635196,0.0672631,0.069574,0.0764949,0.0826066,0.0854407,0.0885921,0.0879954
647.714,0.0388567,0.0396066,0.0416447,0.0427511,0.0444376,0.046791,0.0461102,0.0514325,0.05283,0.0542372,0.0576316,0.0632172,0.06632,0.0688365,0.0754004,0.0772012,0.0827474,0.0863791,0.0888364
648.139,0.0424174,0.0424311,0.0434131,0.0436465,0.0463985,0.047649,0.0502152,0.0506127,0.0536166,0.056631,0.0595295,0.0616815,0.0660298,0.0707889,0.0762277,0.0807698,0.0856893,0.0856442,0.0869727
648.564,0.0429491,0.0411008,0.0414386,0.0434537,0.0427261,0.0448462,0.0490979,0.0488043,0.0548725,0.0564735,0.0597568,0.0611525,0.0659258,0.0685699,0.074208,0.0798262,0.0832001,0.0846521,0.0849023
648.989,0.0426146,0.0434585,0.0431743,0.0451897,0.0455884,0.0479154,0.0510464,0.0511107,0.0530764,0.0538819,0.0593837,0.0608557,0.0664504,0.0725197,0.0754458,0.0768939,0.0894756,0.0868221,0.0867617
649.414,0.0402025,0.0428392,0.0431609,0.0441549,0.0462013,0.0474053,0.0465623,0.0488509,0.0505807,0.0568075,0.0591783,0.0594058,0.0657319,0.0713286,0.0749325,0.0786683,0.0834245,0.0869341,0.0887871
649.839,0.0415831,0.0433092,0.0420722,0.0440617,0.0455647,0.0478656,0.0484186,0.050155,0.0524326,0.0565458,0.0603591,0.0627153,0.0663038,0.0711125,0.0763877,0.0784665,0.0849052,0.0862331,0.0889936
650.263,0.0400338,0.0430216,0.0430677,0.0433079,0.0465611,0.0460962,0.0481125,0.0507221,0.0532321,0.0545792,0.0574695,0.0621624,0.0647675,0.0725889,0.0730949,0.077871,0.0833627,0.0846158,0.0890357
650.688,0.0400965,0.0413845,0.0449837,0.0468159,0.0434491,0.0473722,0.0481956,0.0504258,0.054744,0.056952,0.0585454,0.0645013,0.0662368,0.074276,0.0786771,0.0814473,0.0827597,0.0836956,0.0869835
651.112,0.0385808,0.0416959,0.0426602,0.0426912,0.0444419,0.0466308,0.0492411,0.0501393,0.0524088,0.0560808,0.0597555,0.0631411,0.0684554,0.0706332,0.0753332,0.0783138,0.085307,0.0868882,0.0867048
651.536,0.0389148,0.0423552,0.0419044,0.0421736,0.0437501,0.0453042,0.0482719,0.0509656,0.0540256,0.0560627,0.057356,0.0617369,0.0690559,0.0703826,0.0742966,0.081532,0.0836358,0.0838705,0.0876212
651.961,0.0402526,0.0428005,0.0426379,0.0455601,0.0456723,0.0468844,0.0495952,0.0518345,0.0516873,0.0570184,0.0580772,0.0606511,0.0635676,0.070325,0.0774259,0.0806766,0.0844133,0.0863474,0.0892086
652.384,0.041332,0.0403435,0.0397735,0.0442664,0.0445153,0.0483979,0.0484998,0.0484755,0.0510369,0.0518438,0.0572681,0.0623581,0.0649322,0.0713672,0.0750794,0.0780388,0.0834384,0.0840752,0.0855658
652.808,0.0416775,0.0440192,0.0441041,0.0449859,0.0478935,0.0481234,0.0511058,0.051293,0.0552616,0.0548411,0.0606413,0.0635525,0.0670653,0.0714532,0.0754549,0.0784179,0.0875708,0.0892256,0.0884442
653.232,0.0412284,0.0425055,0.0430755,0.0442624,0.0463337,0.0468472,0.0484029,0.0499943,0.0529234,0.0573583,0.0605649,0.0620979,0.0660369,0.0710593,0.0739461,0.0773588,0.0834855,0.0844965,0.0895059
653.656,0.0414029,0.0418025,0.0445113,0.0442443,0.0446474,0.0460114,0.0470417,0.050172,0.0522486,0.0562535,0.0593668,0.0639831,0.0673802,0.0705057,0.0759919,0.0819072,0.0831787,0.0854461,0.0869574
654.079,0.0402045,0.0423289,0.0403737,0.0452095,0.0448297,0.0463662,0.0483709,0.0496147,0.0524982,0.0554538,0.057231,0.0603888,0.0662616,0.0692756,0.07304,0.0784135,0.0847546,0.0845212,0.0859935
654.503,0.040299,0.0418069,0.0443937,0.0439079,0.0472021,0.0451423,0.0473888,0.052464,0.0532333,0.0548153,0.0576835,0.061037,0.0654895,0.069823,0.0753213,0.0820268,0.0851785,0.0873244,0.0893416
654.926,0.0424111,0.0424331,0.0428144,0.0449693,0.0449538,0.0467367,0.0487657,0.0508583,0.0547322,0.0551919,0.0587648,0.0629742,0.0678222,0.0715177,0.0753512,0.0791876,0.0848225,0.0887733,0.0871643
655.349,0.0388393,0.0422085,0.0428278,0.043603,0.0434991,0.0480139,0.0482286,0.049295,0.0515716,0.0549425,0.0593501,0.0638697,0.0665808,0.0714949,0.0739908,0.0798583,0.0832319,0.0853752,0.0863086
655.772,0.0413793,0.0423518,0.0449442,0.0425556,0.0460415,0.0478088,0.0486553,0.0510279,0.0559396,0.0553287,0.0579214,0.0612924,0.0669368,0.0693664,0.0751778,0.0800825,0.0872545,0.0853936,0.0867295
656.195,0.0418575,0.043488,0.0423413,0.0431923,0.0452462,0.0487707,0.0472671,0.0519311,0.0529285,0.057289,0.0572678,0.0643424,0.0676417,0.0722122,0.0723434,0.078458,0.0847345,0.0871072,0.0861143
656.618,0.0449693,0.0442363,0.0456197,0.045171,0.0467248,0.047964,0.0497994,0.0518558,0.0561624,0.0590149,0.0597658,0.0645875,0.0688843,0.070951,0.073824,0.0822206,0.0859395,0.0888555,0.0887992
657.04,0.0418646,0.0419487,0.0465036,0.0449027,0.0457539,0.0462772,0.0497839,0.0487937,0.0515773,0.0547264,0.0561617,0.0596485,0.0660631,0.0711718,0.0768551,0.0783216,0.0843811,0.0858087,0.086511
657.463,0.0444461,0.0431217,0.0434915,0.0451325,0.044827,0.0462151,0.04739,0.0511648,0.0539109,0.0571442,0.0583829,0.0631733,0.0664969,0.0712991,0.0757911,0.0810188,0.0845847,0.0869617,0.0870367
657.885,0.0380937,0.042243,0.0448565,0.0432658,0.0454413,0.0463967,0.0503592,0.0488854,0.0508698,0.0547947,0.0581182,0.063673,0.0671004,0.0726438,0.074855,0.081093,0.0842728,0.0864326,0.0884852
658.308,0.0417423,0.0425072,0.0424218,0.0466502,0.042303,0.0470232,0.0506643,0.0519042,0.0553115,0.0565937,0.0602982,0.0639161,0.0685212,0.0730316,0.0763208,0.0816723,0.0844342,0.0882901,0.0868039
658.73,0.040839,0.0427936,0.0438293,0.0446525,0.0473237,0.0464435,0.0492366,0.0502787,0.0501977,0.0584855,0.0565792,0.0619289,0.0679696,0.0704779,0.0768492,0.0804431,0.0862938,0.0875892,0.0878715
659.152,0.0411051,0.0423184,0.0433674,0.0435722,0.0472601,0.0468624,0.0484227,0.0512971,0.0533718,0.0539982,0.05922,0.0615295,0.0685384,0.0745315,0.0741843,0.0794333,0.0844801,0.0855237,0.0891539
659.574,0.0408064,0.042927,0.0417458,0.0452467,0.0480544,0.0473471,0.050334,0.0519499,0.0529396,0.0554438,0.0606201,0.0608892,0.0686257,0.0735363,0.0775069,0.0791593,0.0861363,0.086734,0.0885271
659.996,0.0407635,0.0442433,0.0428644,0.0448685,0.0455517,0.0477015,0.0486108,0.050445,0.0540535,0.0579889,0.0594225,0.0629926,0.0677739,0.0724353,0.076698,0.0816038,0.0845202,0.0868372,0.0907617
660.417,0.0417636,0.0427106,0.0457578,0.0425051,0.0483099,0.0478206,0.0493802,0.0507232,0.0536026,0.0583484,0.0602266,0.0618427,0.067481,0.0727565,0.0777157,0.0826455,0.0831124,0.087966,0.08771
660.839,0.041739,0.0432182,0.0453878,0.0472631,0.0462854,0.0480225,0.047734,0.0499129,0.0551337,0.0569345,0.0574108,0.0612909,0.0658996,0.0741281,0.0780126,0.0800528,0.0865806,0.087272,0.0906232
661.26,0.0398325,0.0424889,0.0440907,0.0460961,0.0461894,0.0480552,0.0481982,0.0496111,0.0539576,0.0552424,0.0599582,0.0594798,0.0688231,0.0712021,0.0758725,0.0807526,0.0836919,0.0865163,0.089986
661.682,0.0426952,0.045314,0.0411324,0.0487954,0.0467037,0.0497946,0.0468791,0.0518137,0.0545232,0.0554608,0.0598462,0.0647546,0.0664996,0.0702888,0.0750001,0.0803851,0.0832994,0.0855663,0.0896568
662.103,0.0402912,0.040893,0.0417872,0.0466245,0.0454913,0.0470112,0.0486473,0.0482574,0.0533793,0.0573423,0.0586963,0.0654792,0.0655492,0.0718451,0.0745922,0.0793536,0.0822186,0.0829067,0.086402
662.524,0.0408292,0.0425906,0.041986,0.0420166,0.0437611,0.045795,0.0488897,0.0493318,0.0513247,0.0550032,0.0601137,0.062844,0.0673801,0.0714829,0.075515,0.077994,0.0851626,0.0844303,0.084231
662.945,0.0405794,0.0429097,0.0433281,0.044424,0.0469411,0.0481067,0.0489139,0.0540114,0.055244,0.058104,0.0597709,0.0627555,0.0662897,0.0726183,0.0768892,0.0812049,0.0860848,0.0883268,0.0899613
663.366,0.0407719,0.0418619,0.0432915,0.0470447,0.0471349,0.0500221,0.0477902,0.0510877,0.0534486,0.0570256,0.0592175,0.0615597,0.0669052,0.0710078,0.0760218,0.08167,0.0855576,0.0900142,0.0898314
663.787,0.0410128,0.0398845,0.0408233,0.041734,0.0459241,0.0457188,0.0494847,0.0502885,0.0506378,0.0541455,0.0580158,0.0609832,0.0647579,0.0679063,0.0740333,0.0821228,0.0856797,0.0874863,0.0869197
664.207,0.0422887,0.0446332,0.0441031,0.0449111,0.045649,0.0476776,0.0476384,0.0525593,0.0528626,0.0540866,0.0615593,0.0632954,0.0632503,0.071403,0.0740664,0.0819052,0.0860971,0.0864584,0.0897514
664.628,0.0391179,0.0408199,0.0421664,0.0441238,0.0440044,0.0454169,0.0455794,0.0506397,0.0517445,0.0543793,0.057386,0.0607519,0.065263,0.0703192,0.0732925,0.079626,0.0830622,0.0873226,0.0863253
665.048,0.0420903,0.041241,0.044797,0.0429797,0.0485228,0.0481786,0.0482381,0.0502853,0.0527555,0.0574765,0.0576212,0.0612149,0.0651638,0.0716476,0.0744474,0.0794613,0.0828134,0.0857054,0.0906968
665.468,0.0402037,0.0405833,0.0438207,0.0443513,0.0443481,0.0433658,0.0484078,0.0499701,0.0509061,0.0553614,0.0602117,0.0596181,0.0638782,0.0741142,0.0724146,0.0785166,0.0812761,0.0855109,0.0867966
665.888,0.0399563,0.040109,0.0418792,0.0431933,0.0429427,0.0436349,0.0469636,0.0504928,0.0490447,0.0522959,0.0571434,0.0615722,0.062529,0.0706572,0.0732647,0.0785319,0.0821542,0.0842,0.0878532
666.308,0.0390119,0.0433014,0.0428924,0.0414752,0.0434584,0.0468394,0.0501175,0.0508615,0.0530881,0.0537047,0.0575931,0.0598545,0.0665442,0.06923,0.0757056,0.0822825,0.0818864,0.0852306,0.087448
666.728,0.0401844,0.0403513,0.0441701,0.0440884,0.0465749,0.0468273,0.0514011,0.0478403,0.0532078,0.0562655,0.059503,0.0636697,0.0658219,0.0730044,0.075555,0.0831131,0.0870275,0.0883269,0.0861652
667.148,0.0428946,0.043425,0.0432364,0.044564,0.0500813,0.0474023,0.0516537,0.0520888,0.0535524,0.0557246,0.0569535,0.0650255,0.0688726,0.0737684,0.0770556,0.0845008,0.0878373,0.0886683,0.089021
667.568,0.0412886,0.0414153,0.0428718,0.0430987,0.0436051,0.0460463,0.0483756,0.0515011,0.0527677,0.0547004,0.0591403,0.0625445,0.0661674,0.0726317,0.0745256,0.0821157,0.0862085,0.0866949,0.0889464
667.987,0.0417367,0.0429185,0.0429513,0.0465086,0.045179,0.044667,0.0448719,0.0516633,0.0522494,0.0543466,0.0562543,0.062884,0.0656708,0.0700719,0.0749272,0.079215,0.0816937,0.0849168,0.0859651
668.407,0.0410222,0.0417663,0.0428278,0.0443273,0.0446907,0.0465527,0.0488218,0.0486352,0.0533013,0.0537375,0.0575763,0.0587052,0.0668116,0.0695068,0.0769289,0.0802067,0.0820958,0.0875186,0.0872119
668.826,0.042455,0.0422655,0.0439317,0.0446681,0.0462571,0.0458716,0.0491168,0.052055,0.053923,0.055642,0.0593805,0.0630541,0.0691643,0.0715277,0.0766005,0.0819783,0.0844529,0.0879018,0.0880906
669.245,0.0428987,0.0437442,0.0451015,0.0458425,0.0441976,0.049205,0.0492177,0.0527328,0.0566642,0.058669,0.060321,0.0631245,0.0695222,0.0742296,0.0755856,0.0792708,0.0822913,0.087682,0.089359
669.664,0.0389454,0.0438698,0.0435854,0.0458125,0.0452785,0.0465734,0.048622,0.0496119,0.0530463,0.0548636,0.0581751,0.0640722,0.0685773,0.0706282,0.0761952,0.0793991,0.0845027,0.0860206,0.090252
670.083,0.0398541,0.039632,0.0429232,0.044541,0.0467873,0.0463109,0.049284,0.0509265,0.0505077,0.0563251,0.0594222,0.0620002,0.0659949,0.0690403,0.0749986,0.0775243,0.0857603,0.0882811,0.0880432
670.502,0.0413216,0.0436021,0.0436457,0.0447247,0.0462447,0.0439606,0.0488678,0.052035,0.0537668,0.0580845,0.0619556,0.0606328,0.0654702,0.0698103,0.0786761,0.0797717,0.0839351,0.0871449,0.0874745
670.921,0.0389013,0.040904,0.0427195,0.0436592,0.0440991,0.0447114,0.048753,0.0509015,0.0539428,0.0563786,0.0598367,0.0629858,0.0649115,0.071592,0.0745019,0.0759339,0.0815635,0.0860263,0.0864846
671.339,0.0435003,0.0430208,0.0431282,0.0458396,0.046871,0.0478383,0.0500827,0.0501178,0.0536701,0.0573309,0.0628311,0.0636569,0.0674072,0.0722539,0.0763481,0.0806507,0.0825284,0.0865907,0.0866892
671.758,0.0407737,0.0429771,0.0425245,0.0446081,0.0457078,0.0480416,0.0498733,0.0499545,0.0518724,0.0565086,0.058654,0.0604944,0.0655944,0.0707569,0.0753055,0.0805409,0.0844706,0.0876048,0.091164
672.176,0.0428554,0.0417741,0.0415199,0.0458107,0.0468052,0.0484361,0.049296,0.0520397,0.052175,0.0548466,0.0629759,0.0622842,0.0717109,0.0709552,0.0746191,0.0815497,0.0827981,0.0883759,0.0876646
672.594,0.0412327,0.0422625,0.0441733,0.0460341,0.0475697,0.0471281,0.049649,0.0539557,0.0550494,0.0551178,0.0617212,0.0633527,0.068784,0.0721936,0.0777162,0.0810738,0.0864566,0.0888704,0.0899592
673.012,0.0428954,0.0429668,0.0442407,0.043579,0.046346,0.047535,0.0496654,0.0505521,0.0515725,0.0569541,0.0587911,0.0612227,0.0665599,0.0707019,0.0764775,0.0785205,0.0850839,0.0886413,0.0874951
673.43,0.0415482,0.0429435,0.0445478,0.0444721,0.046341,0.0465783,0.0510708,0.0514843,0.0564022,0.0565567,0.0584112,0.0628406,0.0693906,0.0722608,0.0749558,0.0790806,0.0834105,0.0859189,0.0881215
673.848,0.0416573,0.0415195,0.0437901,0.045593,0.0443248,0.0477157,0.0479796,0.0489155,0.0524559,0.0578005,0.0557849,0.0652904,0.0652512,0.0723816,0.0744604,0.0778686,0.0840914,0.0909246,0.0900766
674.266,0.0427709,0.0426187,0.0433083,0.0456936,0.0455703,0.0487944,0.0487166,0.0504901,0.0530862,0.0554127,0.0584182,0.0608764,0.0665417,0.0753832,0.0741841,0.0815909,0.0871353,0.0890843,0.0894088
674.684,0.0413157,0.0435369,0.0452719,0.0465929,0.0458656,0.049121,0.0513863,0.0530731,0.056973,0.0583775,0.0614346,0.0643501,0.0717618,0.073021,0.0789928,0.0820437,0.0856917,0.0903587,0.0903996
675.101,0.0432799,0.0442365,0.0430987,0.0453364,0.0448532,0.0497373,0.0502318,0.0502826,0.0516149,0.0546055,0.0597503,0.0620688,0.0663758,0.0729987,0.0793383,0.079104,0.0874441,0.089071,0.0882209
675.519,0.0445022,0.0429359,0.04474,0.0434161,0.0462411,0.0478191,0.0516516,0.0521108,0.0540832,0.0582325,0.0603065,0.0651673,0.067571,0.0730089,0.0796101,0.0804658,0.0883392,0.0873154,0.0892582
675.936,0.0444925,0.043302,0.045495,0.0463726,0.0476653,0.0478648,0.0530896,0.0534049,0.0562703,0.0570807,0.0622667,0.0648012,0.0705357,0.0723237,0.0799182,0.0834493,0.0864391,0.0921411,0.0897246
676.353,0.0419137,0.0418201,0.0448662,0.0458392,0.046197,0.0454145,0.0484712,0.0503204,0.0528775,0.05437,0.0605905,0.0622239,0.0698468,0.072442,0.0770532,0.0800909,0.083901,0.0888411,0.0875685
676.77,0.0432665,0.0432319,0.0442722,0.0445056,0.0468346,0.0484844,0.0519678,0.0516715,0.0552196,0.058811,0.0609469,0.0651545,0.0708796,0.0744542,0.0754903,0.0830042,0.0881403,0.0906204,0.089623
677.187,0.0389666,0.040304,0.0408769,0.0428102,0.0461524,0.0453611,0.0470874,0.04927,0.0517664,0.0525284,0.0593357,0.0628723,0.0674736,0.0715217,0.0742767,0.0777471,0.0865371,0.0864066,0.0893717
677.604,0.0395495,0.0423129,0.0428618,0.0428652,0.0439425,0.0452978,0.0496724,0.0479527,0.0528603,0.0535732,0.0572384,0.0620669,0.0669055,0.0728443,0.0745554,0.0784719,0.084145,0.0839233,0.0890928
678.02,0.044599,0.0441881,0.0462372,0.0462111,0.0469562,0.0480542,0.0507644,0.0544443,0.0554668,0.0584299,0.0626768,0.0635115,0.0691324,0.0721068,0.077748,0.0817398,0.0864333,0.090964,0.0923462
678.437,0.0414771,0.0421616,0.0422713,0.0458418,0.0450137,0.049381,0.0485177,0.0499175,0.0536722,0.0560108,0.0588969,0.0629722,0.0674358,0.0707279,0.076993,0.079769,0.0859657,0.0894074,0.0890979
678.853,0.0391815,0.0422949,0.039831,0.0438766,0.0452253,0.0452496,0.0485325,0.0490752,0.0530163,0.0548422,0.0597626,0.0625627,0.067637,0.0710086,0.0786925,0.0801163,0.0845125,0.0884458,0.0896363
679.27,0.0423214,0.0420213,0.0444951,0.0459008,0.0446331,0.0478026,0.0490086,0.0536896,0.051863,0.0525967,0.0604275,0.0635978,0.0674581,0.0715898,0.0755836,0.0822256,0.084862,0.0867389,0.0883624
679.686,0.042056,0.042461,0.0440189,0.0453011,0.0458935,0.0492112,0.0493925,0.0483181,0.052787,0.0553334,0.059056,0.0625323,0.0667788,0.0733037,0.0760004,0.0786834,0.0824812,0.0902653,0.0868362
680.102,0.0404027,0.0417404,0.0428838,0.043452,0.0446965,0.0473982,0.0482866,0.0497374,0.0542361,0.0520387,0.0555775,0.0609369,0.0639329,0.0698162,0.0739215,0.0782968,0.0822967,0.0855672,0.0854396
680.518,0.0420337,0.0398938,0.0409968,0.0442762,0.0458235,0.0470846,0.0496358,0.049569,0.052934,0.055894,0.0562084,0.0627906,0.0675011,0.0697818,0.0746442,0.0793329,0.0834438,0.0874434,0.0894897
680.933,0.0417281,0.0427218,0.0453134,0.0449669,0.0466595,0.0491531,0.0484617,0.0506678,0.0552741,0.0575575,0.0617368,0.0623602,0.0687123,0.0723202,0.0759925,0.080343,0.0834756,0.0888819,0.0888549
681.349,0.0441856,0.0443215,0.0445088,0.0459582,0.046747,0.0477854,0.0493508,0.0525326,0.0546097,0.0573782,0.0572071,0.0654436,0.0658083,0.0726875,0.0775737,0.0816313,0.0861434,0.087023,0.0894232
681.765,0.0421454,0.0418447,0.0426545,0.0432845,0.0444788,0.0455281,0.0489156,0.0508233,0.0537274,0.0570461,0.0604003,0.0621351,0.0656491,0.0683202,0.0733622,0.0788194,0.0845897,0.0871747,0.088388
682.18,0.0388075,0.0403389,0.042633,0.0430008,0.0424944,0.0458382,0.048267,0.0482206,0.0524456,0.0535808,0.0567318,0.0609741,0.0668923,0.0695904,0.0751652,0.078852,0.0814673,0.0857648,0.0840007
682.596,0.0434979,0.045343,0.0464217,0.0448186,0.0471726,0.0473232,0.0526793,0.0534568,0.0556316,0.0584416,0.0625042,0.0646539,0.0710374,0.0745941,0.0785567,0.0818744,0.0855449,0.0915122,0.0922263
683.011,0.0422148,0.0430859,0.043249,0.0464707,0.0459099,0.046542,0.0488487,0.0479156,0.0524426,0.0579893,0.0606583,0.0621993,0.0712357,0.0714739,0.0747108,0.0796365,0.0853142,0.0896817,0.0898971
683.426,0.044873,0.0425139,0.0442601,0.0444288,0.0475277,0.0461586,0.0473483,0.0503562,0.0523707,0.0562905,0.0590362,0.0640618,0.0679286,0.0710422,0.0747112,0.0813861,0.0829113,0.085845,0.087045
683.841,0.0397791,0.0414498,0.0462871,0.0433308,0.0459437,0.0479477,0.0483206,0.0503476,0.0519566,0.0557329,0.0592643,0.0619622,0.0673929,0.0747091,0.0771012,0.0808368,0.0855002,0.0880983,0.088889
684.256,0.0408775,0.0426021,0.0458623,0.0425383,0.0464479,0.0460291,0.0491394,0.0515209,0.051808,0.055464,0.057959,0.0621047,0.06562,0.0704149,0.0728198,0.0793002,0.0842034,0.0842534,0.0856406
684.67,0.0421415,0.0413283,0.0448944,0.0459418,0.0485134,0.0464402,0.048391,0.0515491,0.051614,0.0582947,0.0601219,0.0639097,0.0667309,0.072126,0.077007,0.0800614,0.0858892,0.0909217,0.0889772
685.085,0.0448143,0.043985,0.0449914,0.0434151,0.0460858,0.0475965,0.050519,0.0514914,0.0548202,0.0569783,0.0595134,0.0631423,0.067235,0.0705401,0.0765965,0.0793048,0.0841724,0.0880299,0.0923214
685.499,0.0394517,0.041251,0.0433298,0.0438683,0.0453996,0.0470008,0.0493757,0.0510198,0.0520551,0.0553085,0.0606172,0.0617788,0.0679688,0.0700666,0.0750206,0.080513,0.0866899,0.08692,0.0883916
685.914,0.0430645,0.0440758,0.0432871,0.0439778,0.0451057,0.0471039,0.050047,0.0505832,0.0531084,0.0564025,0.0619981,0.0638908,0.0658728,0.0714402,0.0768049,0.0808962,0.086944,0.0878818,0.0876822
686.328,0.0453327,0.045287,0.0459804,0.046209,0.0487383,0.0464276,0.0508482,0.052344,0.0532799,0.0580798,0.0627677,0.0669678,0.0703336,0.0763738,0.0795968,0.0838133,0.0883307,0.0876092,0.0919298
686.742,0.039205,0.0416977,0.0400851,0.0457233,0.0438458,0.045937,0.0488837,0.047651,0.0510598,0.0541264,0.0589245,0.0602253,0.0670164,0.0702881,0.0741918,0.0794724,0.0837423,0.0836656,0.0873015
687.156,0.0418445,0.0417719,0.0416807,0.0441605,0.0421865,0.0442961,0.0495733,0.0502503,0.0508223,0.0563019,0.0611476,0.0657656,0.0664962,0.073318,0.0735931,0.0815367,0.0858825,0.0837737,0.0882839
687.57,0.0404035,0.0397781,0.0413892,0.0402207,0.0419133,0.0448042,0.0454774,0.0500233,0.0510158,0.0554381,0.0575806,0.0623394,0.0634251,0.07121,0.0753741,0.0789767,0.0834226,0.08461,0.0881551
687.984,0.0458217,0.0420056,0.0465321,0.0444489,0.047346,0.0474819,0.0487727,0.0520265,0.054049,0.0568839,0.0623358,0.0631553,0.0659201,0.0727217,0.0783551,0.0840068,0.0864184,0.0902207,0.0904606
688.398,0.0431762,0.0422342,0.0440452,0.0433758,0.0459322,0.0471991,0.0464801,0.0504468,0.054163,0.054376,0.0578244,0.0626634,0.0693114,0.0698474,0.0774151,0.0815024,0.0870434,0.0860046,0.0881155
688.811,0.0443046,0.0424839,0.046827,0.0469907,0.0469909,0.0487299,0.0503473,0.0517125,0.0550701,0.0584306,0.0594429,0.0637435,0.0691402,0.0716258,0.0771128,0.0813341,0.0864333,0.090233,0.0916411
689.224,0.0415612,0.0430486,0.0445047,0.0445069,0.0428484,0.048166,0.05245,0.0478968,0.0502359,0.0567661,0.0592265,0.0613227,0.0676112,0.0720209,0.0737389,0.0779889,0.0871074,0.0846085,0.0856964
689.638,0.0397286,0.0407934,0.0440184,0.0452681,0.0453346,0.0476112,0.0481001,0.0493807,0.0511349,0.0551659,0.0573721,0.062764,0.064608,0.0727548,0.0753058,0.0813957,0.084293,0.086315,0.0855957
690.051,0.0396807,0.0407092,0.0405849,0.0426448,0.0448575,0.0445558,0.0481704,0.0464133,0.0516191,0.0518813,0.056772,0.0597193,0.0633434,0.069719,0.0718707,0.0811209,0.0821077,0.0853499,0.088314
690.464,0.0414582,0.0428817,0.0421569,0.0458834,0.0450149,0.0461149,0.049362,0.0516027,0.053292,0.0560831,0.0588359,0.0640963,0.0650977,0.0710414,0.0750468,0.0795816,0.0839051,0.0902965,0.0878553
690.877,0.0457675,0.0447116,0.0468518,0.0484148,0.0477675,0.0495712,0.0490545,0.0518303,0.054402,0.0576001,0.0593285,0.0641216,0.0673011,0.0770279,0.0775871,0.0839584,0.0908195,0.0896864,0.0926115
691.29,0.0398504,0.0405261,0.0418362,0.0417447,0.0450009,0.044143,0.0478656,0.0485075,0.0524035,0.0546455,0.060268,0.0593841,0.0653774,0.0705078,0.0742093,0.0774891,0.0851454,0.0862294,0.0861012
691.702,0.0418108,0.043944,0.0430953,0.0449342,0.0462784,0.047974,0.0478071,0.0521584,0.0518153,0.0553102,0.0605937,0.0617895,0.0655223,0.0713401,0.0784331,0.0812063,0.0869747,0.0859312,0.091291
692.115,0.0419642,0.0408383,0.0416982,0.0441954,0.0437246,0.0464575,0.0488862,0.0511253,0.052579,0.0565423,0.0573877,0.0623527,0.0642784,0.0721037,0.0731414,0.0799309,0.0859409,0.088045,0.0856504
692.527,0.0422443,0.0420074,0.045821,0.0455895,0.0469945,0.046924,0.0471512,0.0487536,0.0516309,0.0551941,0.0583118,0.0618841,0.0667512,0.0734914,0.0747547,0.0795107,0.0864149,0.0868864,0.0875253
692.94,0.0437791,0.0421319,0.0420288,0.0456376,0.0450909,0.0486581,0.0520896,0.0515698,0.0528225,0.0586746,0.0621478,0.0665857,0.0665743,0.0715292,0.0788995,0.0825348,0.0822076,0.0870655,0.0898415
693.352,0.041645,0.045128,0.0435575,0.0452062,0.0478198,0.0498655,0.0488318,0.0511837,0.0563726,0.0559021,0.0579439,0.0609926,0.0668244,0.0713996,0.0743493,0.0803088,0.086552,0.0882243,0.0888521
693.764,0.0397502,0.0417392,0.0411864,0.0430858,0.0452843,0.0440411,0.0480838,0.0461183,0.0518749,0.0551249,0.0568103,0.0607029,0.0659546,0.069852,0.075787,0.0793568,0.0825742,0.0861281,0.0888255
694.176,0.0427741,0.0447701,0.0433425,0.0463911,0.0463096,0.0479161,0.0468719,0.0532839,0.0545102,0.0562062,0.059336,0.0626188,0.0688751,0.0746323,0.0782829,0.083331,0.0859843,0.0901209,0.0936963
694.588,0.0434309,0.0434915,0.046034,0.046054,0.0453448,0.0494297,0.0507382,0.0508373,0.0548427,0.0578634,0.0608769,0.0616158,0.0696684,0.0737233,0.0780672,0.0827747,0.0878028,0.08951,0.0895941
694.999,0.0409419,0.0420018,0.0430482,0.0435885,0.0457977,0.0463487,0.0484989,0.0478432,0.0527385,0.0575893,0.05958,0.0634731,0.0646431,0.0705502,0.0751421,0.079595,0.0851128,0.0889295,0.0861013
695.411,0.0410123,0.0448464,0.0433127,0.0461808,0.0440739,0.0478438,0.0489592,0.0498449,0.0528591,0.0541525,0.0605558,0.0621362,0.0642934,0.0719676,0.0772547,0.080962,0.0865711,0.0845336,0.0877385
695.822,0.0388318,0.0404181,0.0412719,0.0437309,0.0443281,0.045809,0.0460603,0.0481414,0.0515213,0.0542464,0.0572748,0.0597027,0.0656221,0.07025,0.0738548,0.0781162,0.0839478,0.0844427,0.0867622
696.234,0.0393293,0.0404518,0.0417319,0.041544,0.0436293,0.0454039,0.0465606,0.0487196,0.0493946,0.0545863,0.0557762,0.0603017,0.0643502,0.0684038,0.0712078,0.0777723,0.081844,0.0852111,0.0855578
696.645,0.038668,0.0413497,0.0422088,0.0418077,0.0475739,0.045504,0.047996,0.0482227,0.0543183,0.0530535,0.0548647,0.0615861,0.0657404,0.07046,0.073107,0.0788797,0.083634,0.0863525,0.0878641
697.056,0.0404745,0.0409048,0.042549,0.0454639,0.0449939,0.0467841,0.0457436,0.0516376,0.0528151,0.0550713,0.0578767,0.0633823,0.0653114,0.0692776,0.0742185,0.0764211,0.0831221,0.0863009,0.0911127
697.467,0.0442634,0.0430736,0.045442,0.048222,0.0454622,0.0467532,0.0514015,0.053451,0.0569318,0.0575573,0.0578312,0.0643549,0.0699692,0.0744554,0.079298,0.081761,0.0848904,0.0897824,0.0889853
697.878,0.0415992,0.0398458,0.0434685,0.043878,0.0450974,0.0459797,0.0459728,0.0490756,0.0516459,0.0530986,0.0589651,0.0618767,0.0626164,0.0730163,0.0752944,0.0790466,0.0815118,0.0863292,0.0883616
698.289,0.0411403,0.0430633,0.0454685,0.044663,0.0454741,0.0473206,0.0493623,0.0515675,0.0524081,0.0550984,0.0603046,0.0631038,0.0677589,0.0719731,0.0778516,0.0813267,0.0838786,0.0881362,0.0898899
698.699,0.0423672,0.0409237,0.0457621,0.0445461,0.046079,0.0495694,0.0480227,0.051445,0.0531419,0.0561298,0.0583613,0.0641489,0.0669523,0.0712413,0.0740528,0.0820499,0.0839204,0.0868098,0.0893261
699.11,0.0416501,0.0426596,0.0439725,0.0447849,0.0457881,0.0481107,0.0492498,0.0530646,0.0554784,0.0582291,0.0591816,0.0640065,0.068537,0.0742319,0.0772971,0.0829307,0.0838506,0.0873161,0.0893657
699.52,0.0394338,0.0424052,0.0417747,0.0433044,0.0439795,0.0469442,0.048149,0.0520887,0.0531395,0.053162,0.0584378,0.0631327,0.0651177,0.073048,0.0739724,0.0808612,0.0864957,0.0876427,0.0886074
699.931,0.042196,0.0454754,0.0438845,0.0444902,0.0455043,0.0478711,0.0514931,0.0532738,0.0531615,0.0575403,0.0623179,0.0637372,0.0669412,0.0744692,0.076905,0.0808589,0.0874434,0.0868866,0.090047
700.341,0.0395964,0.0432018,0.0430613,0.042122,0.0432415,0.044928,0.0464355,0.0500747,0.0492561,0.0530459,0.0576966,0.0610708,0.0636966,0.0698316,0.0745392,0.0804658,0.0848782,0.0886074,0.0877944
700.751,0.0398405,0.0422489,0.0459273,0.0443693,0.0459673,0.0485569,0.0485603,0.0512626,0.0517174,0.053939,0.0598638,0.0615855,0.0673589,0.0711266,0.0766824,0.0792809,0.0837077,0.0863016,0.0902177
701.161,0.0412531,0.0425752,0.0447727,0.0434133,0.0449178,0.0477352,0.0472659,0.049193,0.0544902,0.055911,0.0586533,0.0626588,0.0675352,0.0706331,0.0749111,0.0808532,0.0877965,0.0872622,0.0908107
701.57,0.0386429,0.0388982,0.041375,0.0407325,0.042989,0.0432803,0.0444015,0.0469862,0.0513426,0.0549478,0.0581437,0.0614351,0.0635752,0.069263,0.0695121,0.0774759,0.0845974,0.0840977,0.0872986
701.98,0.0428634,0.0461825,0.0428705,0.0457605,0.0456699,0.0469937,0.0518472,0.0509525,0.0554431,0.055612,0.057834,0.0636461,0.0679047,0.0699291,0.0777106,0.0799975,0.0864467,0.0864666,0.0898354
702.39,0.0414847,0.044007,0.0466023,0.046662,0.04822,0.0486638,0.0497228,0.0501804,0.053096,0.0558493,0.0589174,0.0627139,0.0655594,0.0701589,0.0757693,0.0817199,0.0870754,0.0885504,0.0911383
702.799,0.0399297,0.0428392,0.0422311,0.0442887,0.0452152,0.0486966,0.0466412,0.0508377,0.0550521,0.0525256,0.0587594,0.0631654,0.0675174,0.0680356,0.0747859,0.0832597,0.0851977,0.0865132,0.09093
703.208,0.0441288,0.0465959,0.0426678,0.0462208,0.0470266,0.0495232,0.0493866,0.0535032,0.0533587,0.0593421,0.0616188,0.0632796,0.0708929,0.0745806,0.078914,0.0858386,0.0851305,0.0897156,0.0933072
703.617,0.0430304,0.0431309,0.0419382,0.0475479,0.0500205,0.0484907,0.0495009,0.0533822,0.0552963,0.057563,0.0620514,0.0649194,0.0669582,0.0727025,0.0776463,0.082731,0.0862441,0.0883104,0.0888993
704.027,0.0416705,0.0435526,0.0436998,0.0455526,0.0450692,0.0480662,0.0517334,0.0523419,0.0531721,0.058711,0.0599738,0.061818,0.0679793,0.0730108,0.0780034,0.0824165,0.0844892,0.0888871,0.0919164
704.435,0.0420839,0.0397648,0.0435522,0.0441434,0.0470001,0.0450417,0.0497347,0.0488242,0.0555193,0.0542486,0.0586042,0.0619246,0.0661245,0.0696165,0.0724906,0.0797309,0.0831222,0.0858752,0.0873323
704.844,0.0429753,0.0395891,0.0440939,0.0461231,0.0464212,0.0474514,0.0493436,0.0498923,0.0514517,0.0552456,0.0579081,0.0629743,0.0699729,0.0718327,0.0733502,0.080846,0.0839454,0.0867959,0.0894602
705.253,0.044531,0.0435172,0.0454403,0.0482684,0.0448374,0.0469834,0.0495639,0.0531747,0.0558279,0.0570537,0.0599129,0.0619851,0.068249,0.0706287,0.0779692,0.0794365,0.0875157,0.0897591,0.0927591
705.662,0.04159,0.0407754,0.0445708,0.0441532,0.0450936,0.0449645,0.0504417,0.0491471,0.052063,0.0565367,0.0599975,0.0623556,0.0659224,0.0703904,0.0783801,0.0822607,0.0837081,0.0895349,0.0906362
706.07,0.0418938,0.0423229,0.0413481,0.0456138,0.0437038,0.0448281,0.0491255,0.0488238,0.0523232,0.0575549,0.0601886,0.0642743,0.064648,0.070671,0.0767952,0.0800151,0.0828604,0.0840026,0.088706
706.478,0.0398309,0.0402281,0.0416948,0.0470752,0.0408136,0.046652,0.0491092,0.0505563,0.0537343,0.0521455,0.0592744,0.0627701,0.0665479,0.0708423,0.0739505,0.0797092,0.0832296,0.0871243,0.0904945
706.887,0.042007,0.0430578,0.0428575,0.0435763,0.0474016,0.048592,0.0475772,0.0534776,0.0520314,0.0564329,0.0604112,0.062056,0.0670407,0.0719286,0.0785139,0.0844745,0.0846182,0.0869273,0.0916496
707.295,0.0411336,0.0414256,0.042862,0.0418798,0.0433787,0.0467757,0.0463495,0.0492802,0.0524518,0.0550677,0.059391,0.061148,0.0660949,0.0692157,0.0749117,0.0750223,0.0844868,0.08218,0.0914893
707.703,0.041186,0.0404767,0.0430898,0.044124,0.0441283,0.0446141,0.0489251,0.0486922,0.0509474,0.0549847,0.0581081,0.0587979,0.0657951,0.0711843,0.0740785,0.0783158,0.0844065,0.0840612,0.0885032
708.11,0.042485,0.0417868,0.0419114,0.0447352,0.0440988,0.0470452,0.0483572,0.0509324,0.0523056,0.0542522,0.05706,0.0634946,0.0654201,0.0717902,0.076593,0.0799969,0.0855026,0.089247,0.0900472
708.518,0.0430697,0.0432866,0.0468663,0.0449672,0.0483348,0.0478186,0.0504891,0.0519994,0.053512,0.0567278,0.0621759,0.0667096,0.0695348,0.0763375,0.0785625,0.0836087,0.0882526,0.085973,0.0912075
708.926,0.0426561,0.0436072,0.0439272,0.0459786,0.0448282,0.0461424,0.0493604,0.0488482,0.052391,0.0554862,0.0610309,0.0640424,0.0671645,0.0729911,0.0777844,0.0796515,0.0860973,0.0865857,0.0881902
709.333,0.0434811,0.0435495,0.0446195,0.0460527,0.0477355,0.047748,0.0519349,0.0493508,0.0554758,0.0555804,0.0588469,0.0651158,0.064163,0.0722048,0.0767175,0.0818287,0.0862016,0.0881877,0.0906203
709.741,0.0391783,0.043393,0.0445436,0.0412953,0.0453044,0.0482223,0.0496125,0.0522511,0.0512957,0.0549438,0.0589201,0.063928,0.0676698,0.0693509,0.0766465,0.0813673,0.085621,0.0900217,0.0903324
710.148,0.040675,0.0441617,0.0455171,0.0459731,0.0470995,0.0465651,0.0466422,0.0526028,0.052587,0.0557655,0.0601529,0.0639781,0.0680799,0.0719502,0.0776445,0.0807777,0.0883044,0.0907175,0.0880212
710.555,0.0425943,0.0455555,0.0458601,0.0467141,0.04805,0.048374,0.0487821,0.051425,0.0527676,0.0554041,0.0621001,0.0665824,0.0674659,0.0718038,0.0771289,0.08148,0.084183,0.0914602,0.0897715
710.962,0.0415235,0.0402883,0.0427682,0.0443242,0.0452353,0.0469215,0.0475511,0.0471842,0.0490852,0.0541121,0.0580745,0.059129,0.0662897,0.0689992,0.0751633,0.0782585,0.0835743,0.0856601,0.0860037
711.369,0.0415046,0.0406011,0.0435649,0.0439102,0.0447617,0.0462041,0.0507889,0.0500328,0.0530812,0.0559881,0.0594067,0.0631372,0.0659157,0.0721293,0.0738608,0.0849439,0.0891025,0.0860116,0.0880055
711.776,0.041291,0.0438737,0.0421631,0.0441458,0.0427198,0.0458356,0.0489578,0.0532296,0.0550979,0.0532394,0.0608671,0.0624644,0.065971,0.0704859,0.074929,0.0810656,0.0881075,0.0878699,0.0900883
712.182,0.040656,0.0438168,0.0442935,0.0455262,0.0468232,0.0480441,0.0486818,0.0535399,0.0516849,0.0561111,0.0582947,0.0613871,0.0672145,0.0717023,0.0766402,0.0822802,0.0844925,0.0870844,0.0916189
712.589,0.0438811,0.0417111,0.045303,0.0457313,0.0474682,0.0481283,0.0510722,0.0541489,0.0540361,0.0569321,0.0616909,0.0651505,0.0682039,0.0708223,0.0772021,0.0832391,0.0857392,0.0883485,0.0912449
712.995,0.0394597,0.0391591,0.0426623,0.0419415,0.0445577,0.0451614,0.0494547,0.0478115,0.0517932,0.0549587,0.0571933,0.0606574,0.0649836,0.069047,0.0766617,0.0811853,0.0829452,0.0859175,0.0900875
713.401,0.0422594,0.0422418,0.0429264,0.0466776,0.0443475,0.0462371,0.051152,0.0509098,0.0548053,0.0524805,0.0595322,0.0582996,0.0630985,0.0711179,0.0743335,0.0794665,0.0812599,0.086083,0.0886056
713.808,0.0391624,0.0404499,0.0408884,0.0423084,0.0454134,0.0465209,0.0486037,0.0474582,0.050742,0.053576,0.0590904,0.0588202,0.0658875,0.0690674,0.0751952,0.0816969,0.0834747,0.0865323,0.0893699
714.214,0.0409843,0.0404428,0.042973,0.0464666,0.0473042,0.0452828,0.047548,0.04883,0.0507096,0.0527515,0.0600166,0.0607125,0.0634275,0.0700445,0.0773976,0.0824594,0.0856843,0.0872488,0.0898721
714.619,0.0403643,0.0409216,0.0414393,0.0454406,0.0433279,0.0450869,0.0465357,0.0506483,0.051126,0.0555932,0.0616472,0.0582642,0.0681219,0.0691197,0.0770416,0.0778591,0.0840283,0.086884,0.0913743
715.025,0.0424491,0.0416296,0.0447931,0.0450982,0.0477778,0.0481271,0.0482894,0.0519191,0.0546684,0.0593192,0.0594657,0.0645291,0.0670593,0.0702933,0.0766811,0.0830793,0.0838997,0.0881925,0.0919692
715.431,0.0405744,0.0409294,0.0423129,0.0451872,0.0460786,0.0480733,0.0453025,0.0496591,0.0512463,0.0543506,0.0579221,0.0615163,0.0662071,0.0702749,0.0766647,0.0811068,0.083841,0.0891324,0.0884367
715.836,0.0428191,0.042719,0.0443485,0.0439467,0.0458112,0.0472434,0.0493094,0.0484934,0.0526038,0.056564,0.0614157,0.0647984,0.0680172,0.072068,0.0771682,0.0815718,0.0836515,0.0879408,0.0883925
716.242,0.0426317,0.0420528,0.0421247,0.044736,0.0469007,0.0493173,0.0484018,0.0497951,0.053935,0.0557968,0.0581593,0.0641653,0.0675446,0.0739801,0.0779128,0.0798271,0.084037,0.0878643,0.0889694
716.647,0.0454369,0.0453946,0.0444167,0.0482183,0.0483546,0.0514867,0.0523274,0.0558004,0.0567102,0.0565134,0.0606479,0.0638478,0.0704151,0.0757425,0.0773782,0.081806,0.0856773,0.0879501,0.0926958
717.052,0.0418438,0.0402462,0.0411889,0.0449506,0.0466907,0.0448098,0.0487562,0.0528103,0.0526051,0.0553651,0.059947,0.0646381,0.0658189,0.0706639,0.0757865,0.0801644,0.0880565,0.0884726,0.0893358
717.457,0.0413353,0.0444121,0.0449667,0.0451264,0.0472028,0.0489268,0.0483373,0.0518926,0.0542853,0.0556321,0.0600163,0.0640425,0.0674991,0.0726032,0.0777366,0.0803494,0.0895424,0.0893853,0.0924266
717.862,0.0437795,0.0449208,0.0432777,0.0450399,0.0487439,0.0523486,0.0516762,0.0540156,0.0546463,0.0571264,0.0608672,0.0648273,0.0672879,0.0747983,0.0789251,0.0825504,0.0842767,0.0873419,0.0925144
718.267,0.0416597,0.04649,0.0429058,0.0452031,0.0462603,0.050638,0.0519321,0.0528056,0.0546437,0.0595484,0.0618568,0.0658712,0.0668379,0.0744097,0.0777139,0.0817227,0.0851143,0.0933209,0.0934014
718.672,0.0388436,0.0414894,0.0418415,0.0416441,0.0439365,0.0462689,0.0484872,0.049083,0.0524388,0.0547613,0.0589511,0.0620022,0.0642092,0.0705247,0.0763885,0.0801242,0.0842166,0.0861282,0.0917573
719.076,0.0409529,0.0409694,0.0446163,0.0434958,0.0487138,0.0444627,0.0468859,0.0515189,0.0529746,0.0555155,0.0573357,0.0660804,0.0669318,0.0697838,0.0766895,0.0802817,0.0839057,0.0861758,0.0868343
719.481,0.0424081,0.0398794,0.0468327,0.0429972,0.0490441,0.0476916,0.047755,0.0497421,0.0529001,0.0567369,0.0583613,0.0642403,0.0690384,0.0715278,0.0752464,0.0814612,0.084147,0.0868397,0.090117
719.885,0.0449415,0.0450374,0.0450719,0.0459111,0.0476602,0.0474481,0.0495701,0.0531816,0.054263,0.0592218,0.0621809,0.0650112,0.0714573,0.0729061,0.0759954,0.0806165,0.0859775,0.0882584,0.0915539
720.289,0.0435729,0.0430275,0.0462474,0.044825,0.0477618,0.047521,0.0482803,0.051628,0.0528474,0.0579824,0.059924,0.0630319,0.0674209,0.0720831,0.0812375,0.079934,0.0869774,0.0902073,0.0929797
720.694,0.0416822,0.0439285,0.0400345,0.0445184,0.0456676,0.047483,0.0482535,0.0517899,0.0532683,0.058854,0.0622183,0.0622356,0.0687289,0.069975,0.0772587,0.07989,0.0839812,0.0902336,0.0894787
721.097,0.0428344,0.0414188,0.0451582,0.0470943,0.0452242,0.0479363,0.0488596,0.0522229,0.0526442,0.0534198,0.0591015,0.0660991,0.0680992,0.0748156,0.0757864,0.0816491,0.0890468,0.087057,0.0888377
721.501,0.0417793,0.0446513,0.042008,0.0462117,0.045909,0.046147,0.049,0.0509883,0.0552455,0.0554005,0.0603941,0.0624859,0.066118,0.0761476,0.0742428,0.0817264,0.0838997,0.0907972,0.08948
721.905,0.0394179,0.0423234,0.0428399,0.0431846,0.0461278,0.0432207,0.0477797,0.0499273,0.0531472,0.0571676,0.0576187,0.0638692,0.0653082,0.0721199,0.0737706,0.0791486,0.0847373,0.0878374,0.0913266
722.309,0.043887,0.0429452,0.0446478,0.0440109,0.0472927,0.0480072,0.0528579,0.0515261,0.0578661,0.0551383,0.0621241,0.0646593,0.0683972,0.0744995,0.0811974,0.082453,0.0886819,0.0884341,0.0933963
722.712,0.0423832,0.0411183,0.0425066,0.0408356,0.0435202,0.0470827,0.0475084,0.0496075,0.0537795,0.0560172,0.056472,0.0616479,0.0643072,0.0711289,0.076819,0.0823895,0.0843345,0.0887718,0.0870044
723.115,0.0421577,0.0403744,0.0456424,0.0479752,0.0458457,0.0492355,0.0485442,0.0526008,0.0524128,0.0558641,0.058715,0.0653967,0.0672453,0.0712729,0.0794206,0.0812473,0.0881471,0.0898604,0.0894123
723.519,0.0402929,0.0437364,0.0468246,0.0456757,0.0476406,0.0490049,0.0515764,0.0512782,0.0570201,0.0586883,0.062677,0.0633009,0.0676183,0.0730932,0.0770341,0.079628,0.0886638,0.0898867,0.0938025
723.922,0.0410613,0.042073,0.0430459,0.0432467,0.0472881,0.0491798,0.0485691,0.0479075,0.0537061,0.0558598,0.0617534,0.0619909,0.0658604,0.0703057,0.0790165,0.0798263,0.0860717,0.0904675,0.0925137
724.325,0.0427637,0.0414418,0.044839,0.0438243,0.0470918,0.0440636,0.0480221,0.0504455,0.0540813,0.0591419,0.0618945,0.0615793,0.0667022,0.0747087,0.0790619,0.0833591,0.084194,0.0884526,0.0913757
724.728,0.0439492,0.0438363,0.0426977,0.0461254,0.0462548,0.0478078,0.0494176,0.0535614,0.0549236,0.0557871,0.058097,0.0657054,0.0697125,0.0729848,0.0819257,0.0844719,0.0881361,0.0874855,0.0920571
725.13,0.0433404,0.0419994,0.0429157,0.0420902,0.0435342,0.0492071,0.047668,0.0498861,0.0555965,0.0536182,0.0566386,0.0603475,0.0650158,0.0687639,0.0754175,0.0793279,0.0865236,0.0879339,0.0860455
725.533,0.0408565,0.0406825,0.0436502,0.0466925,0.0451642,0.0468001,0.0489873,0.0521901,0.051192,0.053731,0.0599564,0.0623665,0.0661192,0.0680156,0.0758323,0.0800155,0.0873988,0.0879733,0.0899756
725.936,0.0447299,0.0457825,0.0442826,0.0480526,0.0488605,0.0478551,0.0503696,0.0508492,0.0533382,0.0562082,0.0599828,0.0659301,0.0690937,0.0716181,0.078381,0.0837298,0.0846296,0.0877973,0.0905459
726.338,0.0400096,0.0453085,0.0435736,0.043409,0.0464468,0.0466833,0.0480361,0.0522774,0.0570186,0.0580764,0.060089,0.0641594,0.0679061,0.0759653,0.0755253,0.0824769,0.0836364,0.0906707,0.0918594
726.74,0.0446169,0.0448422,0.0433568,0.046248,0.0508463,0.0476389,0.0497273,0.0538794,0.0566796,0.057164,0.0574314,0.0629916,0.0669274,0.0717339,0.0752531,0.081982,0.0861557,0.0905598,0.091937
727.142,0.0417254,0.0408927,0.0408127,0.0426229,0.0461339,0.0482833,0.0511728,0.050602,0.0550737,0.0543731,0.0606243,0.0634642,0.0655061,0.071318,0.0748917,0.0829383,0.0839039,0.085694,0.0885968
727.544,0.0441332,0.0411184,0.0458288,0.0456526,0.0494058,0.0496479,0.0518895,0.0538656,0.0553709,0.057081,0.060124,0.0674105,0.0677177,0.0717895,0.0805441,0.0853626,0.0901082,0.0896961,0.0952934
727.946,0.0414317,0.0415746,0.043002,0.0449981,0.0446047,0.0475925,0.0478533,0.0491567,0.0524193,0.0519545,0.05797,0.0615075,0.0658955,0.0692012,0.0745265,0.0805134,0.0849174,0.0873887,0.0880645
728.348,0.0431503,0.0430453,0.0451385,0.0481915,0.0465803,0.0490186,0.0501674,0.0525292,0.0549828,0.061515,0.0617973,0.0660477,0.0677521,0.0741092,0.0788647,0.0883136,0.0879614,0.0923887,0.0911387
728.75,0.042217,0.0425675,0.0411897,0.0448575,0.0465478,0.0446539,0.0488082,0.0509088,0.0540302,0.0568527,0.0582634,0.0636653,0.0694584,0.0722955,0.0745932,0.0822117,0.0863193,0.0887452,0.0889957
729.151,0.0399991,0.0417658,0.0440679,0.0429829,0.0463722,0.0458885,0.0492798,0.052081,0.0541509,0.0566073,0.0617194,0.0624432,0.0706904,0.0715347,0.078067,0.0831488,0.0876556,0.0883688,0.0952264
729.553,0.0424724,0.0420814,0.0435952,0.0461487,0.046481,0.0455109,0.0512504,0.050512,0.0549528,0.0562567,0.0590768,0.0646587,0.0647806,0.0706568,0.0813012,0.0820389,0.0871976,0.0866076,0.0945123
729.954,0.0423976,0.0403672,0.0446237,0.0414331,0.046403,0.0457529,0.0462543,0.0513777,0.0525023,0.0558751,0.0562343,0.0630574,0.068453,0.0713835,0.0763471,0.0818715,0.0866311,0.0842703,0.0899466
730.355,0.0408031,0.0419064,0.0469285,0.0453127,0.0457952,0.0499907,0.0488314,0.0530376,0.0560592,0.0588214,0.0611815,0.0639327,0.0658426,0.0717121,0.0776998,0.0819044,0.0855879,0.0897298,0.091044
730.756,0.0394703,0.0431716,0.040671,0.0439559,0.0439706,0.0457908,0.0460759,0.0497361,0.0544678,0.0518616,0.0580721,0.062564,0.0661867,0.0696068,0.0782484,0.0798385,0.0857455,0.0877096,0.0864138
731.157,0.0427993,0.0417041,0.0443854,0.0449873,0.0463943,0.0465827,0.0493211,0.0518707,0.0539539,0.0539976,0.0608252,0.0615897,0.0670484,0.0736129,0.0796091,0.0822967,0.0881408,0.0877019,0.0887033
731.558,0.0445551,0.0432362,0.045585,0.0427709,0.0469772,0.0484331,0.0516776,0.0508981,0.0517267,0.0570945,0.059657,0.066219,0.0718416,0.0715765,0.0791644,0.0840734,0.0884516,0.0911728,0.0900098
731.959,0.0442418,0.0439172,0.0425157,0.0454503,0.0476813,0.0461211,0.0487631,0.0509132,0.0518701,0.0571554,0.0582493,0.0684741,0.0693154,0.0704798,0.0748315,0.0837195,0.08723,0.0911268,0.0921668
732.359,0.042153,0.0426674,0.042375,0.0468443,0.0461228,0.0485957,0.0497104,0.0540755,0.0536747,0.0562908,0.0616354,0.0633448,0.065451,0.0743815,0.0798404,0.0874899,0.087971,0.0915198,0.0898154
732.76,0.0414307,0.0433868,0.0407197,0.0476689,0.0432566,0.048115,0.048247,0.0495566,0.0560858,0.0575278,0.059781,0.0623734,0.0671536,0.071818,0.0755368,0.0808959,0.084582,0.0893521,0.0889161
733.16,0.0399882,0.0424588,0.0472042,0.042657,0.045794,0.048466,0.0518924,0.0531767,0.0528992,0.0562189,0.0629459,0.0624423,0.0684841,0.0697183,0.0766103,0.0813908,0.0845643,0.0884715,0.0900908
733.56,0.0439011,0.0440521,0.0436706,0.0451902,0.0492093,0.0469593,0.0496421,0.050036,0.0514365,0.0579407,0.0604222,0.0639633,0.0683718,0.0724015,0.0808575,0.0838459,0.0870777,0.0891241,0.0905968
733.96,0.0403745,0.0409291,0.0436956,0.0444518,0.0471332,0.0462031,0.0485808,0.0527343,0.050097,0.0550627,0.0616213,0.0633009,0.066348,0.0689098,0.0746601,0.0802341,0.0812952,0.0865557,0.086979
734.36,0.0433939,0.0419188,0.0431374,0.0449091,0.0461111,0.0490934,0.051525,0.05221,0.0547183,0.0594957,0.0612952,0.0619349,0.0705524,0.0739523,0.079653,0.0810201,0.0875794,0.0905187,0.0884753
734.76,0.0418065,0.0464345,0.0439886,0.0419507,0.0465505,0.0482236,0.0497268,0.0485764,0.0564749,0.0558439,0.0604303,0.0626281,0.0705084,0.0759435,0.0782526,0.0803397,0.0862232,0.0908828,0.0876345
735.16,0.0438697,0.0430436,0.0430856,0.0443604,0.0456388,0.048714,0.049356,0.0516795,0.0552932,0.0620708,0.0609863,0.0649472,0.066916,0.0742293,0.075956,0.0781453,0.0856417,0.0894772,0.094468
735.559,0.0410009,0.0418904,0.0420258,0.0432416,0.0456796,0.0485893,0.0495168,0.0507703,0.0510621,0.0555563,0.0581135,0.0639237,0.06847,0.0695979,0.0726621,0.0820369,0.0834283,0.0874316,0.0910733
735.959,0.0444626,0.0453339,0.0435813,0.0431366,0.04722,0.05239,0.0519621,0.054675,0.0560214,0.0584959,0.0607133,0.0624381,0.069224,0.0751915,0.0747706,0.0834048,0.0895262,0.0915482,0.0957039
736.358,0.0405781,0.0403146,0.0439665,0.0442575,0.0451349,0.0473786,0.0461373,0.0501875,0.0492449,0.0562008,0.0604096,0.0609388,0.0665371,0.0707983,0.0741629,0.0823508,0.0854242,0.0904079,0.0882554
736.757,0.0455619,0.0461971,0.0443102,0.0484477,0.0484877,0.0495219,0.0497098,0.0526764,0.05502,0.0596542,0.0606013,0.0655834,0.0700553,0.072242,0.0789248,0.0857458,0.0873179,0.0938483,0.0938899
737.157,0.0375024,0.0424058,0.0427794,0.0439985,0.0443642,0.0470262,0.0454132,0.0502205,0.0508464,0.0569055,0.0586708,0.0637491,0.0672042,0.0717285,0.0772306,0.0779557,0.0832404,0.0841587,0.0906838
737.555,0.0399517,0.0427417,0.0405533,0.0434752,0.0426445,0.0489198,0.0494637,0.0530909,0.0525345,0.0572997,0.0586002,0.0651881,0.0694374,0.0724973,0.0760905,0.0834409,0.0856379,0.0916476,0.0940463
737.954,0.040745,0.0406318,0.0449163,0.0439882,0.0443874,0.0430534,0.0481703,0.0490069,0.0521231,0.0515512,0.0591718,0.0604455,0.0662899,0.0698782,0.072195,0.0776678,0.0869443,0.0855492,0.0901785
738.353,0.0429,0.0416227,0.0434347,0.0441732,0.04266,0.0457889,0.0516379,0.0492505,0.0509585,0.056764,0.0597185,0.0666756,0.0693615,0.0691883,0.0793442,0.0827126,0.0886124,0.0875624,0.0908356
738.752,0.0454009,0.0428567,0.04301,0.0431589,0.0466058,0.0513662,0.049284,0.0544454,0.0519942,0.0600556,0.0605788,0.0670775,0.0695313,0.0744849,0.0773468,0.0814053,0.0879967,0.0865257,0.0882718
739.15,0.0446579,0.0433116,0.0442651,0.0482002,0.0477262,0.0505907,0.0530869,0.0528467,0.0551224,0.058491,0.061697,0.0646062,0.0689368,0.0751726,0.0811307,0.083138,0.0905346,0.0928847,0.0962518
739.549,0.0434096,0.0434313,0.0450067,0.0453191,0.0446645,0.0484509,0.0489753,0.0513361,0.0571505,0.0589854,0.0607634,0.0664022,0.0715762,0.0747917,0.0773418,0.0883746,0.0849629,0.089614,0.0902784
739.947,0.043911,0.0422746,0.0430299,0.0446388,0.0480203,0.046949,0.0464689,0.0475264,0.055194,0.0557909,0.0592432,0.063573,0.071213,0.0730025,0.0749873,0.0825992,0.0887438,0.0877159,0.0900477
740.345,0.0424801,0.0449687,0.0452663,0.0472187,0.0457373,0.0469987,0.0507093,0.0531467,0.0536016,0.0545085,0.0614208,0.063621,0.0698232,0.0714978,0.0753814,0.0816948,0.0883678,0.0910515,0.0919114
740.743,0.0436954,0.0429732,0.0465669,0.0430484,0.0475528,0.0443336,0.0521667,0.0497017,0.0532786,0.0592682,0.0587357,0.0626488,0.0681407,0.0750419,0.0792319,0.084667,0.0837774,0.088226,0.0938755
741.141,0.0400968,0.0424182,0.0452935,0.0457201,0.0439505,0.0482494,0.0496166,0.0494769,0.0533792,0.0588319,0.0599014,0.0624586,0.0670059,0.0719495,0.0785414,0.0795455,0.0882264,0.0859956,0.0883641
741.539,0.0415915,0.0418002,0.0421841,0.0452268,0.0467821,0.0473737,0.0498836,0.0500879,0.0516908,0.0583227,0.0602017,0.0637422,0.0670616,0.0750069,0.0788232,0.0793567,0.0890529,0.0907345,0.0907466
741.936,0.0410646,0.0416621,0.0446179,0.0453061,0.0484331,0.0481463,0.0494353,0.0532369,0.0548264,0.0581624,0.0609467,0.0649625,0.0695404,0.0696615,0.0778773,0.0845674,0.0879664,0.0899389,0.0903987
742.334,0.042442,0.0415331,0.0422587,0.0445398,0.0456302,0.0481262,0.0514361,0.0516384,0.055932,0.0558015,0.0608855,0.0627908,0.0658525,0.0721203,0.0767029,0.0815035,0.0879768,0.0921413,0.0979114
742.731,0.0430587,0.0483448,0.0466842,0.0464991,0.0483555,0.049328,0.0525831,0.0543794,0.0575872,0.0568953,0.0618233,0.0697407,0.0707643,0.0746792,0.0834547,0.0842758,0.0910395,0.0938768,0.0924846
743.128,0.0411901,0.04069,0.0434955,0.0401687,0.0457381,0.0456071,0.0459834,0.0503923,0.0517578,0.0557597,0.0568449,0.0633145,0.0656201,0.0717461,0.0755536,0.0810457,0.0873194,0.0894963,0.0911291
743.526,0.0443667,0.0412413,0.0436961,0.0464698,0.040635,0.0474425,0.0481644,0.0514787,0.0549127,0.0551322,0.0578807,0.0633181,0.0665482,0.074927,0.0794582,0.0826785,0.0901057,0.0892775,0.0924632
743.923,0.0388038,0.0415738,0.043632,0.0451147,0.0464899,0.0471155,0.0483957,0.0508227,0.0526738,0.054976,0.0611066,0.0611909,0.0670762,0.0726178,0.0770737,0.0801748,0.0878709,0.0870855,0.0888655
744.32,0.0380965,0.0396556,0.0416525,0.0413328,0.0445809,0.0412873,0.0449728,0.0460167,0.050927,0.0524088,0.0569268,0.0589733,0.0651828,0.0679816,0.0743967,0.0777076,0.0809244,0.0856858,0.0880213
744.716,0.0417518,0.0387456,0.0438033,0.0420357,0.0459676,0.0460335,0.0468765,0.050263,0.0513586,0.0533825,0.0585459,0.0622782,0.0680848,0.0733401,0.0743489,0.0826517,0.0869106,0.0909752,0.089427
745.113,0.0444609,0.0429435,0.0465485,0.0459728,0.0497835,0.0494662,0.0530817,0.0525601,0.0556572,0.0601414,0.0602218,0.0664475,0.0697355,0.0754271,0.0783479,0.0863549,0.0869632,0.0931904,0.0941726
745.51,0.041175,0.0444803,0.0433828,0.0470735,0.0452096,0.0479187,0.048076,0.0519327,0.0581615,0.0573332,0.0562716,0.0662681,0.0680857,0.0740709,0.0792056,0.0829047,0.0886005,0.0902608,0.0941045
745.906,0.0396573,0.0415801,0.0416125,0.0438329,0.0447165,0.0481728,0.0494079,0.0534167,0.0543472,0.0562029,0.0575049,0.0637123,0.0673996,0.0710552,0.0798672,0.0826694,0.0866841,0.0860621,0.0879269
746.302,0.0439571,0.0437778,0.0453411,0.045287,0.0454489,0.048534,0.0490458,0.053069,0.0561496,0.0546635,0.059258,0.0627051,0.0670858,0.0749638,0.0782108,0.085015,0.0848017,0.0895005,0.0890443
746.698,0.0442495,0.0423445,0.0433599,0.0465369,0.0437699,0.0470741,0.0512143,0.0503707,0.052877,0.05406,0.0604458,0.0629169,0.0702866,0.0715417,0.0797514,0.0808404,0.0864186,0.0899772,0.0865166
747.095,0.0459183,0.0439899,0.0438946,0.0478692,0.0515644,0.0525639,0.0498745,0.0527707,0.0576973,0.05789,0.0630356,0.0660853,0.0686301,0.0747836,0.07513,0.0830485,0.0848671,0.0909821,0.0945036
747.49,0.0420028,0.0423484,0.0410939,0.0448319,0.0459486,0.0493322,0.0525933,0.0503479,0.0540028,0.057573,0.0641316,0.0665985,0.0683175,0.0727758,0.0803071,0.0842588,0.0904768,0.0900807,0.0934398
747.886,0.0408504,0.0459869,0.0448013,0.0450021,0.048701,0.0496344,0.0516863,0.0555175,0.0544991,0.0578861,0.0618506,0.066517,0.0689459,0.0736212,0.0733313,0.0842395,0.0905324,0.0910789,0.0935993
748.282,0.0416804,0.0434707,0.0462345,0.0458444,0.0461855,0.0451908,0.0491334,0.0546666,0.0542311,0.0558049,0.0581178,0.0657833,0.0634942,0.0708011,0.0731782,0.0831251,0.0858883,0.0901243,0.0894286
748.678,0.0448429,0.044787,0.0453291,0.046226,0.0477752,0.0501009,0.0537002,0.0511941,0.0557176,0.0597874,0.0620227,0.0646501,0.0678832,0.0774447,0.0777405,0.0823555,0.0885312,0.0875307,0.0919042
749.073,0.0422602,0.0459686,0.0453706,0.0477405,0.0507878,0.0479368,0.0518857,0.0541071,0.0586676,0.0613069,0.0613857,0.0654314,0.0687972,0.07572,0.0829309,0.0889553,0.0889136,0.0921638,0.0915446
749.468,0.0386408,0.0421623,0.0427621,0.0441878,0.0467743,0.0458438,0.0502318,0.0478605,0.0522136,0.0544827,0.0582559,0.0629125,0.0663188,0.0702485,0.0747569,0.080141,0.0883067,0.0868273,0.0901343
749.863,0.0435913,0.0427966,0.0412765,0.0473711,0.0466662,0.0510131,0.0503395,0.0510849,0.0564999,0.0586344,0.0604882,0.0679062,0.0742539,0.0707083,0.0773777,0.0826893,0.0902674,0.0892709,0.0924314
750.259,0.0446407,0.0450908,0.0441688,0.0493104,0.0503624,0.0515073,0.0496515,0.056656,0.0568801,0.058266,0.065012,0.0659582,0.0719882,0.0737743,0.0826989,0.0806339,0.0862927,0.0916285,0.0935419
750.654,0.0415299,0.042188,0.0426717,0.0444771,0.0453232,0.047703,0.0485206,0.0529391,0.0503029,0.0555685,0.0599063,0.0637763,0.0665267,0.0679765,0.0796623,0.0812514,0.0831187,0.0880927,0.0930928
751.048,0.0400466,0.0416327,0.0448609,0.0448685,0.0496937,0.0464857,0.0524297,0.0476358,0.0520154,0.055818,0.0588308,0.0616649,0.0649406,0.0742739,0.0763263,0.0808904,0.0867896,0.0841603,0.0907483
751.443,0.0403664,0.0394247,0.0423554,0.0419821,0.0450039,0.0437565,0.0478276,0.0480832,0.0516367,0.0540076,0.0593727,0.0601733,0.0659195,0.0745285,0.0738755,0.0774962,0.0855269,0.0884174,0.093078
751.838,0.0396554,0.040347,0.0442173,0.0480144,0.0465648,0.0470976,0.0489195,0.0478003,0.0538202,0.0568954,0.0606873,0.0633647,0.0703628,0.0732801,0.0774718,0.0802877,0.0850095,0.0900471,0.0898676
752.232,0.0388622,0.04196,0.0418328,0.0430432,0.045308,0.0442136,0.0449796,0.0479502,0.0504903,0.0558608,0.055433,0.0610036,0.0630363,0.0671126,0.075574,0.0801267,0.086415,0.0906127,0.0873144
752.626,0.0420133,0.0486995,0.0453705,0.0454239,0.049417,0.0493972,0.0530525,0.0554034,0.0545832,0.0606338,0.0654764,0.0668709,0.0689532,0.0765051,0.0807072,0.085158,0.0880922,0.0901801,0.0943751
753.021,0.0429261,0.0445624,0.0469677,0.0471975,0.0463187,0.0495053,0.0491019,0.0513914,0.0563357,0.0590118,0.0628025,0.067933,0.0688435,0.0753733,0.080426,0.0849291,0.0853998,0.0910241,0.0946191
753.415,0.0413195,0.0482194,0.0424317,0.0436086,0.0482455,0.0498563,0.0483029,0.0484778,0.0542363,0.0556089,0.0604089,0.0658217,0.0681642,0.0766605,0.0786499,0.0829093,0.0846048,0.0890348,0.0920568
753.809,0.0416717,0.0417194,0.042801,0.0421512,0.0465132,0.0449051,0.0478341,0.0516403,0.0530312,0.0559385,0.0573503,0.0637593,0.0654288,0.070174,0.076451,0.0801239,0.0850077,0.0841575,0.0893144
754.203,0.0437573,0.038266,0.0411147,0.0448745,0.0460748,0.0453311,0.0469185,0.0470707,0.0542347,0.0535838,0.0599083,0.0636885,0.0686907,0.0710221,0.0759156,0.0834049,0.0847082,0.0876997,0.088855
754.596,0.0425641,0.0427725,0.0445572,0.0434064,0.0480575,0.046469,0.0466395,0.0519664,0.0571685,0.0570654,0.0622088,0.0692247,0.0701338,0.0725839,0.0810492,0.0819745,0.0890815,0.0931588,0.0883908
754.99,0.0433059,0.0464317,0.048119,0.0455379,0.0467499,0.0470859,0.0478755,0.0511499,0.0558525,0.0565531,0.0626158,0.0664861,0.0666478,0.0753765,0.0788228,0.0828832,0.0903341,0.0927927,0.0948295
755.383,0.0422507,0.0416385,0.0426364,0.0484095,0.0437326,0.0483931,0.0495276,0.0504711,0.0547548,0.0528515,0.0582185,0.0642698,0.0681132,0.0731573,0.0832149,0.0838315,0.0907166,0.0919626,0.0895222
755.777,0.0422622,0.038384,0.0384292,0.0473713,0.0413154,0.0486983,0.0475338,0.0507598,0.0564622,0.05891,0.0624966,0.0618611,0.0649608,0.0739183,0.0760932,0.0833907,0.0896828,0.0903234,0.0907326
756.17,0.0435749,0.0416957,0.0482232,0.0464031,0.0493097,0.0475341,0.0526014,0.0528098,0.0546868,0.0556775,0.0598341,0.0632921,0.0687334,0.0702902,0.0772814,0.0849198,0.0918733,0.0915551,0.0945583
756.563,0.0390902,0.0468187,0.0452662,0.0450084,0.0518708,0.0510596,0.0470891,0.0526198,0.0519604,0.0575746,0.0590422,0.0628164,0.06665,0.0720022,0.077198,0.0833707,0.0902711,0.0890059,0.0932023
756.956,0.0443347,0.0433716,0.0446986,0.047098,0.0427142,0.0522242,0.0522887,0.0558884,0.0539221,0.0574572,0.0648309,0.0661016,0.0724707,0.0717147,0.076514,0.0822799,0.090861,0.0947701,0.0936173
757.349,0.0452988,0.042214,0.0444351,0.0481452,0.0444629,0.0488294,0.0515768,0.0540439,0.0540311,0.054317,0.0627149,0.0671544,0.0699924,0.0737784,0.0782835,0.0824824,0.0861701,0.0911322,0.0899456
757.742,0.0416761,0.0385522,0.0433956,0.0424052,0.0482243,0.0464965,0.0461569,0.050861,0.0496892,0.054345,0.0569337,0.0646926,0.0656193,0.0694285,0.0751122,0.082586,0.0846467,0.084599,0.0876268
758.135,0.0421582,0.0458776,0.0473229,0.0472966,0.04735,0.046695,0.0489329,0.0535234,0.0549377,0.0621748,0.0583882,0.0652216,0.070137,0.0747943,0.0796649,0.0850424,0.0844441,0.0894852,0.0925644
758.527,0.0425943,0.0451166,0.0447517,0.0459099,0.0481014,0.0499825,0.0517387,0.0524186,0.0544075,0.0579709,0.0606261,0.0641234,0.0704859,0.0748146,0.0828249,0.0858041,0.0878687,0.0931353,0.0955453
758.919,0.0449499,0.0478816,0.046105,0.0477962,0.050972,0.0518547,0.0543699,0.0483506,0.0541707,0.057946,0.0631326,0.0686585,0.0712918,0.0728609,0.0778818,0.0845605,0.0829194,0.0930418,0.0929811
759.312,0.040969,0.0444909,0.0436101,0.0456985,0.0485338,0.0456288,0.0491445,0.0487201,0.0521286,0.0573117,0.0562754,0.0645522,0.067073,0.0717594,0.074508,0.0819475,0.0879892,0.0892762,0.0920921
759.704,0.0420161,0.0405578,0.0463364,0.0438504,0.0471042,0.0483625,0.0495207,0.0504057,0.0564632,0.0568056,0.0597447,0.0665435,0.0697784,0.071243,0.0781789,0.0857429,0.0894936,0.0924579,0.0894744
760.096,0.0450683,0.0439305,0.0480724,0.0480709,0.0471294,0.0487148,0.0520194,0.051905,0.049689,0.056668,0.0618858,0.0693685,0.0695605,0.07663,0.0770743,0.0809222,0.0879388,0.0940911,0.0977352
760.488,0.0453918,0.0427626,0.0448323,0.0451633,0.0493148,0.0458151,0.0474653,0.0507493,0.0557365,0.059978,0.0571322,0.0582298,0.0668546,0.0743643,0.0742992,0.0792069,0.0874255,0.0892673,0.0946612
760.88,0.0461438,0.0461642,0.0513568,0.0469556,0.0462057,0.0494184,0.0503869,0.0563281,0.0552855,0.0609078,0.0631854,0.0655562,0.0703021,0.0755358,0.0785494,0.0839574,0.0918049,0.093677,0.0934722
761.271,0.0430568,0.0421219,0.0470479,0.0472267,0.0472933,0.0515816,0.0480412,0.0518133,0.0547933,0.0576696,0.0634862,0.067009,0.0713889,0.0751214,0.0790419,0.0862057,0.0863105,0.0935314,0.0937328
761.663,0.0436256,0.0427326,0.0448395,0.0463616,0.048697,0.0472242,0.0501064,0.052919,0.0583424,0.0573444,0.0571832,0.0672326,0.0736329,0.0751859,0.0803388,0.0862398,0.0865653,0.0924542,0.0942396
762.054,0.0440673,0.0407279,0.0428357,0.0463978,0.0402755,0.0418879,0.0456999,0.0458456,0.0544264,0.0536847,0.0588837,0.0626345,0.0667398,0.0723342,0.0793371,0.0779836,0.0870684,0.0883882,0.0906571
762.445,0.0375135,0.0404611,0.0396778,0.0424969,0.0411713,0.0421327,0.0455233,0.0462281,0.0527784,0.0532607,0.0573148,0.0614892,0.066011,0.0726,0.0793174,0.078227,0.0842961,0.0833658,0.0935785
762.837,0.0419957,0.0447402,0.0445762,0.0458254,0.047498,0.0485728,0.0511914,0.0540845,0.0560295,0.0576476,0.0623437,0.0693561,0.0719917,0.0752649,0.0833376,0.0885566,0.0917128,0.096202,0.0932793
763.228,0.042123,0.0424117,0.0459275,0.0428043,0.050343,0.0463621,0.0459373,0.0465717,0.0513213,0.0579503,0.0621463,0.0628857,0.0677461,0.0751179,0.0766,0.0805169,0.0879907,0.0893462,0.0946207
763.619,0.0425444,0.0429591,0.0434565,0.0477392,0.0464321,0.0505639,0.0493407,0.0519001,0.0532467,0.056411,0.0612921,0.0622684,0.0707139,0.0744762,0.0785511,0.0845149,0.0891807,0.0930194,0.0959767
764.009,0.042582,0.0447045,0.0434871,0.0445088,0.0487395,0.0450315,0.049654,0.0502284,0.054528,0.0566957,0.0594981,0.0650104,0.063706,0.0783824,0.0778843,0.0786928,0.0844564,0.0899785,0.0946991
764.4,0.0354983,0.0376726,0.0422686,0.0413554,0.0442591,0.0456702,0.0479805,0.0502088,0.0529599,0.0552931,0.0606364,0.0667937,0.0635363,0.0696233,0.0760212,0.0847907,0.0860852,0.0906011,0.0901782
764.791,0.0400848,0.0411423,0.0447026,0.041974,0.0427478,0.0434958,0.0443013,0.0495589,0.0529914,0.0503893,0.0598362,0.0606248,0.0694856,0.0681107,0.0783978,0.0853134,0.0878729,0.0852946,0.088088
765.181,0.0407407,0.0418633,0.042255,0.0442697,0.0452361,0.0462986,0.0441323,0.0468494,0.0527167,0.0562853,0.0601384,0.0636555,0.0688835,0.0687378,0.0723415,0.0822713,0.0870959,0.0881065,0.0932393
765.571,0.0435987,0.0440101,0.0465044,0.0442452,0.0478167,0.0469938,0.0501358,0.0513767,0.0535816,0.0572353,0.0634349,0.0594681,0.0647204,0.072559,0.0763739,0.081595,0.0832888,0.0916995,0.0936798
765.962,0.0419204,0.0366795,0.0418685,0.0441004,0.0430741,0.0465232,0.046625,0.0482281,0.0491447,0.0536331,0.0598234,0.0613248,0.0658538,0.072212,0.0784842,0.0825565,0.0818597,0.0899854,0.0899301
766.352,0.0425812,0.0473695,0.0453388,0.0461872,0.0509919,0.0462568,0.0525911,0.0522818,0.0565501,0.0575198,0.0630561,0.0667149,0.0723634,0.0735782,0.0804192,0.0844909,0.0873036,0.0947097,0.0919849
766.742,0.0450057,0.0465087,0.0454223,0.0495679,0.0509003,0.0508575,0.0498815,0.0524377,0.0578825,0.059751,0.0619614,0.0699578,0.0733097,0.0776625,0.0816881,0.084856,0.0885717,0.0928776,0.100449
767.131,0.0431211,0.0432445,0.0449814,0.0497052,0.0463763,0.0456049,0.0489167,0.0539355,0.0545612,0.0580377,0.0607703,0.0624272,0.0679226,0.0733836,0.080314,0.0863341,0.0871073,0.0900835,0.0955563
767.521,0.0442439,0.0438894,0.0486903,0.0495981,0.0499185,0.0493952,0.055398,0.0544456,0.056938,0.0591146,0.0626935,0.0627374,0.0758952,0.0742775,0.0814189,0.085153,0.0905627,0.0953569,0.0913496
767.911,0.0424894,0.045973,0.0483144,0.0476027,0.0471463,0.046572,0.0505533,0.0534064,0.055965,0.0550968,0.0605195,0.0679439,0.0701209,0.0747404,0.0798334,0.0874833,0.0893059,0.0871339,0.0951351
768.3,0.0394452,0.0415242,0.0407745,0.0413784,0.0453729,0.0454219,0.0466836,0.048249,0.0513376,0.0562641,0.0601739,0.0601633,0.065728,0.0698245,0.076263,0.0759764,0.0809735,0.0827769,0.0954302
768.689,0.0440087,0.0476084,0.0475837,0.0489215,0.0506645,0.0531818,0.0532191,0.056977,0.0594078,0.0584482,0.06311,0.0676577,0.0747605,0.078458,0.08247,0.0867691,0.091522,0.0974236,0.0983485
769.079,0.0454498,0.046456,0.0485445,0.0499566,0.0506822,0.054984,0.0549801,0.052454,0.0539704,0.0615009,0.0636729,0.0706768,0.0721545,0.0726411,0.0833696,0.0809553,0.0928604,0.0971745,0.0987135
769.468,0.04284,0.0460263,0.0501375,0.0461106,0.0442741,0.0477434,0.0527913,0.0533242,0.0567506,0.0604587,0.0617282,0.0624742,0.0720457,0.0703805,0.0761171,0.0829178,0.087945,0.0922854,0.0966346
769.857,0.040919,0.0384524,0.0422131,0.0402866,0.0449615,0.0498413,0.0471063,0.0489708,0.0506415,0.0562794,0.0622703,0.0661358,0.063777,0.0712765,0.077842,0.0811949,0.087649,0.0913294,0.0911694
770.246,0.0416201,0.0410243,0.0433415,0.0438209,0.0461511,0.0454007,0.0490937,0.0487631,0.0506373,0.0550033,0.0617815,0.0615719,0.0663846,0.0702592,0.0810252,0.0803024,0.0830376,0.0869539,0.0941797
770.634,0.0432956,0.0448839,0.0472671,0.0490725,0.0462457,0.0548803,0.0506836,0.0538571,0.0524207,0.0600849,0.066458,0.0647643,0.0709198,0.0747617,0.0838855,0.0833381,0.0930997,0.0937893,0.0930114
771.023,0.0413076,0.0450469,0.0463377,0.0475931,0.0446773,0.0487275,0.049677,0.058628,0.056129,0.0594675,0.0602794,0.0684905,0.070044,0.076815,0.0785064,0.0844619,0.0904044,0.0911761,0.0941617
771.411,0.0423225,0.0463166,0.0477302,0.050673,0.0520572,0.0552146,0.0556985,0.0582637,0.0555987,0.0632294,0.0663518,0.0684041,0.0729145,0.0827739,0.0828904,0.0891128,0.0883152,0.0946726,0.100368
771.8,0.0394427,0.0440299,0.0436192,0.048104,0.0476602,0.0492925,0.0483113,0.0478614,0.0493631,0.057689,0.0622081,0.0649492,0.0702758,0.0738093,0.0773664,0.0822458,0.0903994,0.0866866,0.0948625
772.188,0.0425882,0.0405129,0.0441786,0.0432032,0.0454083,0.0455794,0.0487714,0.0483041,0.0526766,0.0533894,0.059155,0.0614818,0.0658185,0.0727119,0.075915,0.0843174,0.0869022,0.0908559,0.0935742
772.576,0.0432081,0.0432355,0.0470067,0.0481807,0.0450581,0.0466672,0.0497385,0.0549014,0.0530441,0.0579706,0.0634599,0.0690416,0.0718974,0.0753642,0.0777279,0.0857551,0.088617,0.0906909,0.0933413
772.964,0.0413432,0.0414869,0.043227,0.0446207,0.0459592,0.047221,0.0513601,0.050229,0.0544462,0.0554049,0.0607541,0.0641114,0.0698174,0.073097,0.076368,0.0839986,0.0895015,0.0874519,0.0907302
773.352,0.0450859,0.0476686,0.0525023,0.051539,0.048724,0.054116,0.0578833,0.0565189,0.059887,0.0583837,0.0653274,0.0684545,0.0739714,0.0771563,0.0809171,0.0909775,0.086146,0.0967735,0.0997848
773.74,0.0434734,0.0445198,0.0472309,0.047641,0.0470968,0.0473899,0.0520125,0.0529743,0.0552596,0.0610658,0.0626704,0.0726011,0.0704501,0.0731066,0.0816586,0.087914,0.0859656,0.0926704,0.0953859
774.127,0.0448042,0.0453986,0.0478057,0.0471796,0.0483475,0.05181,0.0542826,0.0544419,0.0565555,0.0617046,0.0593845,0.0672392,0.0697296,0.0764854,0.0842658,0.0878997,0.091714,0.0934255,0.0960275
774.515,0.0428851,0.0463578,0.0439086,0.0466021,0.0466297,0.0494575,0.0494183,0.0531255,0.0567053,0.0572104,0.0607417,0.0643472,0.0690645,0.0757701,0.0812434,0.0849976,0.0862151,0.0916085,0.0897841
774.902,0.0415983,0.0452866,0.0441253,0.0425551,0.0486734,0.0460986,0.0521373,0.0500359,0.053435,0.0564859,0.0594367,0.0638425,0.0712667,0.070326,0.0805604,0.081825,0.0882449,0.0895406,0.0926585
775.289,0.0474281,0.0460582,0.0435615,0.0492083,0.0506855,0.0471241,0.0543049,0.0518129,0.0533277,0.0604613,0.0620597,0.0664104,0.0699679,0.0753796,0.0843561,0.0885756,0.0893611,0.0966674,0.0944769
775.676,0.0435965,0.043027,0.0485045,0.0486555,0.0523562,0.0495472,0.0488273,0.053482,0.058522,0.0603173,0.0643838,0.0618019,0.0697324,0.0779662,0.0802876,0.0825264,0.0900411,0.0948506,0.097333
776.063,0.0394485,0.043668,0.0468813,0.0445166,0.0446511,0.0472747,0.0512,0.0523175,0.0553815,0.0548625,0.0633444,0.0673354,0.0679319,0.0759473,0.073714,0.0792568,0.0926027,0.0909494,0.0956094
776.45,0.0400532,0.0386734,0.0426399,0.0407293,0.0433905,0.0433361,0.0471962,0.0468527,0.04897,0.0521541,0.0541311,0.0600458,0.0648165,0.0712377,0.0742567,0.0818028,0.0874091,0.0900201,0.0908608
776.837,0.0418309,0.0382535,0.0441263,0.0468761,0.0440941,0.0474332,0.0473622,0.052473,0.0539604,0.0610151,0.0621332,0.0636079,0.0683031,0.0746273,0.0788282,0.0892742,0.0861616,0.0979339,0.0950647
777.224,0.0401526,0.0414786,0.0443675,0.0453216,0.0457648,0.0504068,0.0507971,0.0513441,0.0557939,0.0577214,0.0617426,0.0662684,0.0691977,0.0731611,0.0799695,0.0816379,0.0875999,0.091657,0.0924043
777.61,0.0445375,0.0443526,0.0494944,0.0522188,0.0479732,0.0537888,0.0491723,0.0576441,0.0575568,0.0641205,0.067935,0.0685548,0.0746818,0.0818304,0.0807043,0.0848927,0.0942799,0.0949783,0.0961196
777.997,0.0458439,0.0414959,0.0435954,0.0457059,0.0430063,0.0423374,0.0505114,0.0486476,0.0542172,0.0535789,0.0609959,0.0598734,0.0658993,0.0762366,0.0789654,0.0791435,0.0912137,0.0883419,0.0916954
778.383,0.0444858,0.045129,0.0454064,0.0485835,0.0479019,0.0519561,0.0511068,0.0565811,0.0592014,0.0624413,0.0638532,0.0632046,0.0701448,0.0756465,0.0800105,0.0842035,0.084655,0.0923057,0.0935356
778.769,0.0502821,0.0470777,0.0461486,0.0501625,0.0475818,0.0492459,0.0513838,0.0554794,0.056486,0.0579167,0.0662278,0.0636334,0.0690809,0.0758538,0.082299,0.0888328,0.0893094,0.0914018,0.0949176
779.155,0.0456516,0.0479172,0.0456008,0.0510718,0.0487779,0.0497532,0.0530733,0.0569284,0.0571385,0.0594319,0.0615915,0.0684452,0.0672061,0.0735004,0.0830741,0.088145,0.0971536,0.0902369,0.0868538
779.541,0.0444485,0.0422779,0.0447071,0.0490306,0.0475696,0.0465912,0.0510165,0.050151,0.0534367,0.0527569,0.0583687,0.0625167,0.0708418,0.0737662,0.0807062,0.082971,0.0872693,0.0914422,0.0912678
779.927,0.0459499,0.0444346,0.0474605,0.048596,0.0482889,0.0515709,0.0530995,0.0550866,0.0565187,0.0596388,0.0618363,0.0659339,0.073475,0.0765868,0.0824319,0.0869892,0.0891431,0.0913501,0.0981467
780.312,0.0378472,0.0405252,0.042266,0.0452755,0.0414311,0.0426866,0.0447456,0.0510709,0.050436,0.0571402,0.0562417,0.0593975,0.0672765,0.0692094,0.0756254,0.0784466,0.0845124,0.0891511,0.0893089
780.698,0.043637,0.0415405,0.0447856,0.0463671,0.046527,0.0471384,0.0486101,0.0482164,0.0550649,0.0549616,0.0620879,0.0621286,0.0673737,0.0736304,0.07965,0.0805953,0.0870659,0.0937941,0.0963586
781.083,0.0423016,0.0455546,0.046107,0.0459178,0.0452018,0.0475824,0.0497599,0.0506769,0.0556085,0.0595175,0.0594786,0.0635066,0.0699981,0.0774615,0.0761491,0.0821934,0.090573,0.0929675,0.0939668
781.469,0.0432725,0.0420211,0.045058,0.0426625,0.0445324,0.0472879,0.0468039,0.0524845,0.0511518,0.0581605,0.064626,0.0633416,0.0689654,0.0724775,0.0770657,0.0825692,0.0850428,0.0907198,0.0949442
781.854,0.0457134,0.0451532,0.0476698,0.0452586,0.0495838,0.0524347,0.0517724,0.0534629,0.054271,0.0582351,0.0647805,0.0679888,0.0702087,0.0732413,0.0774666,0.0861432,0.0881716,0.0932325,0.0942102
782.239,0.0372023,0.0419227,0.0468898,0.0410216,0.0456725,0.0448106,0.0482498,0.0512412,0.0535804,0.0557966,0.0621745,0.0608156,0.0679075,0.0733772,0.0759917,0.0840333,0.0873269,0.0879694,0.0934441
782.624,0.0422647,0.0462985,0.0481055,0.0443178,0.0480393,0.0481448,0.0539936,0.0538935,0.0553905,0.059826,0.0604665,0.065626,0.0653234,0.0764386,0.0816632,0.0798361,0.0885948,0.0875302,0.0928681
783.008,0.0407153,0.0402654,0.0413936,0.0451223,0.0449339,0.0463289,0.0464351,0.0545068,0.0492553,0.0577854,0.0549544,0.0630101,0.0675507,0.0731346,0.0806082,0.0825973,0.0900007,0.0908173,0.0937061
783.393,0.0432165,0.0432627,0.0465585,0.0444353,0.0484398,0.0515372,0.0500152,0.0504588,0.0563918,0.0606671,0.0641575,0.0657189,0.0667467,0.0757616,0.0782833,0.0817974,0.0901975,0.0916627,0.0977059
783.778,0.0444332,0.048757,0.048616,0.0459775,0.0476083,0.051286,0.0521423,0.0538432,0.0521459,0.0599079,0.0673681,0.0663092,0.0687955,0.0740519,0.0795007,0.0835437,0.0910178,0.0927411,0.0971478
784.162,0.0405527,0.0405716,0.0431501,0.0428808,0.0459281,0.0462285,0.0441508,0.0487413,0.0506544,0.0564222,0.0563356,0.0641865,0.0666924,0.0725434,0.0800543,0.0800531,0.0867825,0.0822331,0.0931773
784.546,0.0418055,0.0456164,0.04574,0.0441307,0.0476685,0.0467898,0.0491804,0.0521853,0.0556127,0.0605776,0.0546674,0.0648328,0.067425,0.0776694,0.0770653,0.0829824,0.0912047,0.0920871,0.0975126
784.931,0.0401815,0.044724,0.0423522,0.0477111,0.045001,0.0430762,0.0481499,0.0493181,0.0527034,0.0562321,0.0582664,0.0633109,0.0684255,0.0752736,0.0768415,0.0807254,0.0889928,0.090613,0.0915306
785.315,0.0442946,0.0503387,0.0466937,0.0493122,0.046774,0.0480054,0.0546421,0.0559859,0.058653,0.0573848,0.0624812,0.0662626,0.0687726,0.0784472,0.080567,0.0858513,0.0875855,0.0949704,0.096943
785.699,0.0471225,0.0423179,0.046058,0.0458203,0.051555,0.0466123,0.048566,0.0518665,0.0567274,0.0568066,0.061614,0.0708999,0.0687226,0.0751422,0.0786711,0.0842007,0.0872807,0.0913826,0.0950892
786.082,0.0460814,0.0440455,0.0499112,0.0511183,0.0508836,0.0528545,0.0522941,0.0514365,0.0556241,0.057849,0.0674701,0.0618625,0.0711703,0.0751219,0.0780149,0.0792984,0.0882596,0.0903876,0.0913688
786.466,0.0473303,0.0453941,0.0426166,0.04744,0.0464257,0.0527747,0.0504483,0.0578071,0.0566362,0.0594016,0.063974,0.0728577,0.0738366,0.0754939,0.0814479,0.0837985,0.0908477,0.0935568,0.0963964
786.85,0.0434566,0.0456088,0.0437957,0.0502209,0.0514389,0.0509296,0.0503072,0.0557577,0.0564586,0.0600573,0.0578226,0.0639147,0.0710096,0.0757074,0.0834955,0.0860232,0.0892058,0.0945746,0.0981796
787.233,0.0372115,0.0405241,0.0412854,0.0438965,0.0439754,0.0488485,0.0418437,0.0495767,0.0481911,0.0540488,0.0546903,0.0617132,0.0699575,0.0688298,0.0783884,0.0820953,0.0858224,0.0890999,0.0932835
787.616,0.0464358,0.0443274,0.0500159,0.0451722,0.0480676,0.0488377,0.0510454,0.0510849,0.0559698,0.0582158,0.0633957,0.0631569,0.0711889,0.0719932,0.083031,0.0861224,0.0927628,0.0909379,0.0899507
788,0.0443761,0.0415163,0.0440693,0.0454426,0.0459117,0.0459369,0.0518914,0.0499876,0.0524796,0.0578164,0.0618096,0.0643191,0.0697272,0.072119,0.0770753,0.0834089,0.0873013,0.0905137,0.0931222
788.383,0.0465872,0.0417587,0.0438816,0.045895,0.0476303,0.053927,0.0499108,0.0551403,0.0591072,0.0569867,0.063646,0.0659651,0.0708736,0.0762086,0.0745063,0.0892659,0.0879689,0.0916216,0.0947228
788.766,0.0452563,0.0460728,0.0496233,0.0436732,0.049476,0.0528693,0.0516205,0.0540346,0.0611835,0.0624709,0.0682265,0.0700142,0.0722351,0.0791707,0.080608,0.0933079,0.0942067,0.0957661,0.101194
789.148,0.0432448,0.0417708,0.0449466,0.0463853,0.0483891,0.0471378,0.0452093,0.0507772,0.0523365,0.0526871,0.0593221,0.0613005,0.0645463,0.0764067,0.0804696,0.081263,0.0861764,0.0859457,0.0943603
789.531,0.0418478,0.0392903,0.0458568,0.0479907,0.0475375,0.046931,0.0494726,0.051775,0.0533986,0.0572849,0.0615539,0.068318,0.0728535,0.0762618,0.0793689,0.0885248,0.0931202,0.0892559,0.089861
789.914,0.0409606,0.0425029,0.0476147,0.0453758,0.0458878,0.0546479,0.0508573,0.0547058,0.0536156,0.0630334,0.0602636,0.0658223,0.072371,0.0808897,0.0780277,0.0843773,0.0923572,0.0933774,0.0928448
790.296,0.0427395,0.0449944,0.0438504,0.0439483,0.0447196,0.0450942,0.0467459,0.0540987,0.0508593,0.0552599,0.05726,0.0673555,0.0682387,0.0695137,0.0771851,0.0809422,0.0875326,0.0893243,0.0934072
790.678,0.0358018,0.0391679,0.0407278,0.0421122,0.0438319,0.0450755,0.04064,0.0513945,0.0497175,0.0524507,0.0596092,0.0618865,0.0670606,0.0740409,0.0816555,0.0801432,0.0856863,0.0930598,0.0904906
791.061,0.0434534,0.0422421,0.0465173,0.0472973,0.047254,0.0497787,0.0483956,0.0535672,0.0530393,0.0567016,0.0623561,0.0654507,0.0709706,0.0767003,0.0787095,0.0828817,0.0863709,0.089904,0.0929547
791.443,0.0421938,0.0435566,0.0429935,0.046305,0.0447402,0.044931,0.0476561,0.0469813,0.0500945,0.0580375,0.0599357,0.066129,0.065176,0.070266,0.0761478,0.0815061,0.086261,0.0910076,0.0904864
791.825,0.0441656,0.0473513,0.0453098,0.0452325,0.0495717,0.0492634,0.049669,0.048437,0.053938,0.0573823,0.062686,0.0620908,0.0721426,0.0763073,0.0804218,0.081083,0.0863805,0.0930184,0.0918403
792.207,0.0391004,0.0439481,0.043413,0.0413972,0.046116,0.0478023,0.0456797,0.048442,0.0503781,0.0566044,0.063374,0.0637691,0.0680257,0.0726059,0.0717844,0.0890711,0.0891399,0.089377,0.0943044
792.588,0.0432,0.0418415,0.0464733,0.0451691,0.0510429,0.0498816,0.0481627,0.0539142,0.0569753,0.0632246,0.061345,0.0668729,0.0773965,0.0753309,0.0788834,0.0816555,0.0926051,0.091444,0.0985811
792.97,0.0428339,0.0462997,0.0476249,0.0463775,0.0476568,0.0518764,0.0510991,0.0500261,0.0562144,0.0609468,0.0614074,0.0659248,0.0703055,0.0725821,0.0819319,0.0819953,0.0926257,0.0930084,0.0947645
793.351,0.0470027,0.0481272,0.0536189,0.0484779,0.0541769,0.0518091,0.0580853,0.0528103,0.0612558,0.0613019,0.0675839,0.07247,0.0783942,0.0775172,0.0831275,0.0837821,0.0927189,0.0954438,0.0994304
793.733,0.0485868,0.0477336,0.0458782,0.0508844,0.0511945,0.0511225,0.0510608,0.052163,0.0585505,0.0652318,0.0607863,0.0673662,0.0753063,0.0825617,0.0845577,0.0923758,0.0927943,0.0958395,0.0969593
794.114,0.0441349,0.0441488,0.0476671,0.0465219,0.0457004,0.0497234,0.0530196,0.0553824,0.0568256,0.0609517,0.0647244,0.0657007,0.0691043,0.0746534,0.0782578,0.087897,0.085741,0.0975931,0.0946432
794.495,0.0433609,0.0432538,0.0436211,0.0439285,0.0458083,0.046787,0.0485635,0.0527435,0.0547242,0.0582287,0.0633477,0.0653171,0.0682679,0.071341,0.0763601,0.0855989,0.088291,0.0915418,0.0935573
794.876,0.0381859,0.0381236,0.0435415,0.0460823,0.045081,0.0463923,0.0453897,0.0476046,0.0512139,0.0547243,0.0628785,0.0591983,0.0648739,0.0742886,0.0757157,0.0826592,0.087759,0.0935121,0.0913374
795.257,0.0424858,0.0409562,0.0451972,0.0470795,0.0500662,0.0481474,0.051794,0.0522988,0.0549831,0.0575025,0.065133,0.0651122,0.0690515,0.0713776,0.0749795,0.0841791,0.0936819,0.0945701,0.0920754
795.638,0.0384732,0.0403815,0.0396857,0.0409718,0.0440321,0.0457289,0.0475473,0.0477767,0.0500288,0.053143,0.0565411,0.0621672,0.0634019,0.0701743,0.0758612,0.080451,0.08647,0.0892127,0.0905432
796.018,0.0448005,0.0425524,0.0451581,0.0463191,0.046256,0.0491602,0.0499436,0.0524847,0.0561088,0.0590755,0.059286,0.0633132,0.0713199,0.0736974,0.0787466,0.0846835,0.0841092,0.0931502,0.0942614
796.399,0.0464898,0.0455698,0.0464149,0.0447438,0.0476854,0.0506476,0.0477014,0.0536686,0.0580485,0.0571899,0.0644557,0.0625055,0.0679067,0.0799828,0.0859782,0.0835566,0.0883523,0.0921037,0.0924907
796.779,0.0433123,0.0422262,0.0402189,0.0468279,0.0526557,0.0472487,0.048322,0.0529098,0.05497,0.0577784,0.0607988,0.0622983,0.0687042,0.072049,0.0804824,0.0773121,0.0884526,0.0916026,0.0925948
797.159,0.0437735,0.0406457,0.043149,0.0465499,0.0491477,0.0482348,0.0513476,0.0488119,0.0543282,0.0588241,0.063194,0.0681615,0.0719062,0.0718384,0.079875,0.0883402,0.0910997,0.09185,0.0962692
797.539,0.0460387,0.0473484,0.0491959,0.0464315,0.0488931,0.0505371,0.0490749,0.0568115,0.0563907,0.0587323,0.0616275,0.0704225,0.0771246,0.0790078,0.0823892,0.0906358,0.0918625,0.0970463,0.0958456
797.919,0.0468871,0.043636,0.0479148,0.046169,0.0476166,0.0528743,0.0535753,0.054594,0.0563576,0.059223,0.0608524,0.066048,0.0723596,0.0755193,0.0801361,0.086715,0.0941862,0.0951227,0.0972742
798.299,0.0441008,0.0416385,0.0465057,0.0465514,0.0463525,0.0442978,0.0474387,0.0460012,0.052832,0.0554421,0.0578485,0.0624091,0.0701481,0.0709842,0.0760998,0.0824762,0.084861,0.0883701,0.092644
798.679,0.0406576,0.0436281,0.04272,0.0448155,0.0484639,0.0454168,0.0455824,0.0521858,0.0550744,0.0578279,0.0645027,0.0694766,0.0676717,0.0730063,0.0783937,0.0874001,0.0852819,0.090018,0.0948173
799.059,0.0444814,0.0463142,0.047997,0.0426712,0.043303,0.0487006,0.0499166,0.0510591,0.0555047,0.0553737,0.0626314,0.0670272,0.0671249,0.0745191,0.0831743,0.0853971,0.0903511,0.0950173,0.0943261
799.438,0.043417,0.0443259,0.0480269,0.0457011,0.0470763,0.0498128,0.051656,0.0516892,0.0581387,0.0562199,0.0629049,0.068966,0.0725137,0.0787023,0.0823469,0.0802469,0.0867255,0.0906016,0.0908612
799.817,0.0464144,0.0450421,0.0449815,0.0512322,0.0502076,0.0544374,0.0514941,0.0519249,0.0581719,0.0631872,0.0637355,0.0662029,0.0684456,0.0793565,0.0793383,0.0817423,0.0916092,0.0906261,0.0996631
800.197,0.0447344,0.0447687,0.0449346,0.0504025,0.0510142,0.0538699,0.0551112,0.0504622,0.0521153,0.0621012,0.0659226,0.0691261,0.0719171,0.0775761,0.082958,0.0916579,0.0910498,0.102792,0.09562
800.576,0.0395436,0.0412051,0.0453994,0.049467,0.0441281,0.0501761,0.0479927,0.0562581,0.052198,0.0566882,0.0590563,0.0634622,0.0712762,0.0760643,0.0816938,0.086124,0.0854333,0.0948188,0.0939551
800.955,0.0493513,0.0444628,0.0465675,0.0484551,0.0470667,0.0537776,0.0544708,0.0560172,0.0532448,0.05858,0.057839,0.0712032,0.0750018,0.0748339,0.0794939,0.0876493,0.0891767,0.0960002,0.0991088
801.334,0.0370605,0.0435097,0.043098,0.0475669,0.0472684,0.0498835,0.0545143,0.0521041,0.0524899,0.0579853,0.0633545,0.0702533,0.0762071,0.0759371,0.0757384,0.0868086,0.087756,0.0932439,0.0987807
801.712,0.0450349,0.0430708,0.0403559,0.0441504,0.0500635,0.0461891,0.0508333,0.0531665,0.0549934,0.0596866,0.0614769,0.0635487,0.0740512,0.0767381,0.0756594,0.084702,0.0917059,0.0906785,0.091886
802.091,0.0452264,0.0428816,0.0442466,0.0496174,0.0481137,0.0493268,0.0515889,0.0542127,0.0558217,0.0603187,0.0609625,0.0659451,0.0702085,0.0741658,0.0781766,0.0843428,0.0883947,0.0876647,0.0952947
802.47,0.0412482,0.0453134,0.0494381,0.0460148,0.0468444,0.0480279,0.0487819,0.0598206,0.0569019,0.059755,0.0621376,0.068676,0.0672115,0.0774457,0.0786466,0.0869774,0.0897078,0.094126,0.104234
802.848,0.0412904,0.0416545,0.0406759,0.0478362,0.0458906,0.0438194,0.0438935,0.0466044,0.0504782,0.0579821,0.0571456,0.0632101,0.0680456,0.0702425,0.0792616,0.079169,0.0859367,0.0883234,0.0918441
803.226,0.0462719,0.0401527,0.0419014,0.0517306,0.0481769,0.0486703,0.0513385,0.0499484,0.0556703,0.0594966,0.0645278,0.0730909,0.0697857,0.0746025,0.0845327,0.0883623,0.090259,0.096831,0.0934969
803.604,0.0435693,0.0407295,0.0433665,0.0476437,0.0513998,0.0523316,0.0516042,0.0521622,0.05708,0.0572296,0.0601099,0.0665886,0.0675181,0.0756943,0.0808651,0.0828978,0.0894141,0.0937788,0.0944819
803.982,0.0453748,0.0470407,0.0451527,0.0533209,0.0486799,0.0551,0.0517149,0.0591752,0.0583469,0.0608119,0.0609622,0.0707168,0.0704731,0.0742742,0.0874944,0.0885236,0.0902375,0.0982709,0.0994389
804.36,0.0440668,0.0464945,0.0473938,0.0441574,0.0485338,0.0487247,0.0527685,0.0539423,0.0545781,0.0610257,0.0652485,0.0705163,0.0689733,0.0773031,0.0770671,0.0862239,0.0911551,0.0977475,0.0989906
804.738,0.0416318,0.0440425,0.0464984,0.0487722,0.0528696,0.0482471,0.0555141,0.0491574,0.0505533,0.0612546,0.0643842,0.0671316,0.0678111,0.0733695,0.0763277,0.0875714,0.0895754,0.0947267,0.103048
805.116,0.0388269,0.0407272,0.0411809,0.0421977,0.0502545,0.048736,0.0491753,0.0495981,0.0536554,0.0584969,0.0596363,0.0628849,0.0710418,0.0673641,0.079363,0.080795,0.091906,0.0881059,0.0941892
805.493,0.0429003,0.0456597,0.0443934,0.0445859,0.0467483,0.0465967,0.0488718,0.0499645,0.0533455,0.0582047,0.0605849,0.0709291,0.0698346,0.0738091,0.0815852,0.0829572,0.0833195,0.0896625,0.0936118
805.871,0.0470618,0.0469095,0.0475601,0.0443092,0.0512741,0.0532076,0.0512805,0.0571693,0.0595452,0.0602037,0.064172,0.0708026,0.071426,0.0790658,0.0825089,0.0864541,0.0874487,0.0929083,0.0967087
806.248,0.04062,0.0409465,0.0440412,0.0466276,0.0485358,0.0493481,0.050445,0.0538972,0.0569026,0.0531994,0.0625989,0.064179,0.0682165,0.0748691,0.0786449,0.082156,0.0911036,0.0905826,0.095558
806.625,0.0445339,0.0430993,0.0415776,0.0455037,0.0499003,0.0454887,0.0514966,0.0560311,0.0538318,0.0569232,0.0627903,0.0639145,0.0702455,0.0759836,0.0801508,0.081254,0.0896592,0.0906563,0.0983312
807.002,0.0398196,0.0461395,0.0419594,0.0443902,0.0429428,0.0471265,0.0524475,0.0500573,0.0574806,0.0596211,0.0606143,0.0676345,0.0738555,0.0754324,0.0784646,0.0798611,0.0851033,0.094759,0.093365
807.379,0.044011,0.0430107,0.0468396,0.0454799,0.0506188,0.0531359,0.0532371,0.0521185,0.0562308,0.0570227,0.0683523,0.0662018,0.0733962,0.0739496,0.0805243,0.0867415,0.0942464,0.0914786,0.0965634
807.756,0.0460764,0.0392621,0.0393545,0.0454829,0.0448014,0.0482527,0.0492159,0.0457714,0.0530129,0.0550519,0.0588533,0.063741,0.0690367,0.0763846,0.0756907,0.0843187,0.0933057,0.0904389,0.0982341
808.132,0.0460293,0.0466748,0.042236,0.0462668,0.049912,0.050683,0.054776,0.0519039,0.0583588,0.0600162,0.0648971,0.065481,0.0733991,0.0792242,0.0831552,0.0892572,0.0904464,0.0971418,0.0998101
808.509,0.043436,0.0376776,0.0432038,0.0427403,0.0442228,0.047272,0.0497811,0.0491465,0.05367,0.0501043,0.055564,0.0653723,0.0645229,0.0724266,0.0834564,0.0848565,0.0917264,0.0892228,0.092262
808.885,0.0401241,0.0408203,0.0489411,0.0443347,0.0490828,0.0525839,0.0497654,0.0538094,0.0574165,0.0570704,0.0639928,0.071,0.0696187,0.075435,0.0835244,0.0883388,0.0893409,0.0995945,0.0922966
809.262,0.0437112,0.0403117,0.0431239,0.0461035,0.0447095,0.0457549,0.0485542,0.0481972,0.0543966,0.054721,0.0519372,0.0633207,0.0679976,0.0729393,0.0792286,0.0828299,0.081525,0.0927831,0.0905778
809.638,0.0424584,0.0429409,0.0466229,0.0456457,0.0434688,0.0470523,0.0499238,0.0565909,0.0554844,0.055305,0.0583029,0.0646559,0.0705519,0.0710682,0.0789878,0.082916,0.0909239,0.0983861,0.0931772
810.014,0.0466369,0.0505979,0.0441789,0.0478121,0.0516722,0.0548968,0.0545287,0.0572262,0.0616639,0.0616395,0.0655928,0.0707881,0.0756989,0.0764921,0.0892385,0.0924915,0.0964617,0.0993822,0.100572
810.39,0.0419314,0.0470146,0.0427713,0.0468819,0.0504292,0.0507245,0.04802,0.0534211,0.0549259,0.0579646,0.0588764,0.0611029,0.0700821,0.0775077,0.0809036,0.0856479,0.0895795,0.0914169,0.0996277
810.765,0.0455867,0.0397754,0.0489369,0.0463445,0.0521125,0.0522871,0.0534472,0.0561657,0.0537215,0.0594417,0.0611725,0.0675165,0.0775029,0.0763429,0.0853047,0.0881589,0.0930397,0.0929889,0.100088
811.141,0.050661,0.043093,0.0460191,0.0465253,0.049187,0.0457973,0.0499264,0.0572653,0.0585655,0.0631427,0.0667435,0.0681169,0.0713403,0.0721615,0.0827309,0.0920126,0.0926297,0.09425,0.0946646
811.517,0.0421935,0.0425806,0.0425602,0.0463404,0.0501052,0.0493684,0.0493603,0.0544308,0.0609249,0.056863,0.0637942,0.0696742,0.0722559,0.0759921,0.0826018,0.0876968,0.0900464,0.0894836,0.0966036
811.892,0.0435463,0.0459474,0.0453348,0.0497931,0.0461158,0.0488687,0.0523993,0.0524685,0.05335,0.0576962,0.0621127,0.0671417,0.0717963,0.0735373,0.0822354,0.0893621,0.0925363,0.102584,0.0994629
812.267,0.0443007,0.0463626,0.0469869,0.0506508,0.0453927,0.0517275,0.0509543,0.051722,0.0562008,0.0587689,0.0563194,0.0671939,0.0688511,0.0755524,0.0826265,0.0885177,0.0936126,0.0913559,0.0979602
812.643,0.0508979,0.0521014,0.0483463,0.0469811,0.0511568,0.0476757,0.0547382,0.0573808,0.0632774,0.0606712,0.0655558,0.0681006,0.0733193,0.0769097,0.0874776,0.0910649,0.0983537,0.0986605,0.104672
813.018,0.0448942,0.0418164,0.0413744,0.0479328,0.0509562,0.0481579,0.048993,0.0497146,0.057866,0.0648006,0.0638136,0.0696808,0.0659556,0.0766614,0.083662,0.08385,0.0927059,0.092428,0.10479
813.393,0.0430695,0.0448939,0.0434218,0.0469201,0.0477569,0.0499005,0.0487684,0.0555785,0.0547263,0.0549179,0.062232,0.0621851,0.0657391,0.0799117,0.0841892,0.0875954,0.0840897,0.0962977,0.0915788
813.767,0.0484184,0.0487462,0.0472573,0.0531301,0.0479063,0.050143,0.054743,0.056054,0.0610019,0.0593419,0.0628931,0.065981,0.0695128,0.0748323,0.0835222,0.0863417,0.0972738,0.0942486,0.0987579
814.142,0.0387745,0.0435804,0.0411778,0.0446741,0.0483905,0.0482693,0.0514448,0.0518419,0.0526318,0.0528269,0.0601031,0.0595113,0.0710697,0.0723952,0.0755808,0.0876524,0.0882693,0.0913363,0.0969779
814.517,0.0434225,0.0429132,0.0440217,0.0436852,0.0482447,0.0518705,0.0501361,0.0526362,0.0547154,0.0584829,0.0666712,0.0658855,0.0703511,0.0798545,0.0764048,0.0853624,0.0949975,0.0926001,0.0959614
814.891,0.0397243,0.0350598,0.0443065,0.0452147,0.047574,0.0430511,0.0454816,0.0538124,0.0493519,0.0581676,0.0535406,0.0618159,0.0675164,0.075387,0.077917,0.0794098,0.0880962,0.0873824,0.0982853
815.265,0.0435343,0.0421984,0.0415883,0.0450531,0.0456773,0.0490108,0.046005,0.0519214,0.0459324,0.0504573,0.056365,0.0651274,0.0719042,0.0722998,0.0773909,0.0833905,0.0897817,0.0904285,0.0912412
815.639,0.0425286,0.0475478,0.0428051,0.0463973,0.046149,0.0488021,0.0521034,0.0516023,0.0544021,0.0574048,0.0567415,0.0672719,0.0703233,0.0796242,0.0854254,0.0810515,0.0865364,0.0917812,0.0956407
816.014,0.0471592,0.0440563,0.0452369,0.0439002,0.0504775,0.0452155,0.0535348,0.0546767,0.0549941,0.0603215,0.0677697,0.0675174,0.0707099,0.0811682,0.0831151,0.0861501,0.0917345,0.0938143,0.100618
816.387,0.0443246,0.0435187,0.042931,0.0450987,0.0439486,0.0441956,0.0490983,0.0519372,0.0529806,0.0534416,0.0587562,0.0642826,0.0697858,0.0722231,0.0793525,0.0851885,0.0838542,0.0925866,0.0895789
816.761,0.0426962,0.0385656,0.0450531,0.0422955,0.0496231,0.048131,0.0495765,0.0529072,0.0537634,0.0577823,0.0617444,0.064868,0.0690482,0.0754756,0.0798703,0.0819417,0.0888368,0.0930852,0.0975946
817.135,0.0475869,0.0513712,0.0502781,0.0524913,0.0506385,0.0547465,0.0581691,0.0609952,0.0613375,0.0659995,0.0640162,0.0654994,0.0719513,0.0775331,0.0848469,0.0873979,0.0949953,0.100367,0.0998977
817.509,0.045998,0.0473052,0.0459834,0.0436457,0.0466504,0.0458629,0.0504615,0.054813,0.0552629,0.0565327,0.0662634,0.0678257,0.0718335,0.0781511,0.0834667,0.0879276,0.0907346,0.0962893,0.101535
817.882,0.0439769,0.04515,0.0504363,0.0552855,0.0526264,0.0528049,0.0563884,0.0627097,0.0572918,0.0594776,0.0674525,0.0731059,0.0771192,0.0806768,0.0857616,0.0936186,0.093165,0.0955241,0.101756
818.255,0.0482854,0.0438188,0.0427311,0.0453609,0.0468025,0.0478402,0.0506089,0.0500912,0.0616959,0.061668,0.0609509,0.062976,0.071611,0.0798101,0.0791396,0.0885161,0.0910118,0.0910591,0.0971732
818.628,0.0463743,0.0445437,0.047054,0.0484587,0.0457976,0.0465781,0.0506485,0.0538591,0.0580235,0.0594856,0.0614769,0.0682392,0.0714798,0.0755787,0.0831835,0.0890329,0.0925912,0.095668,0.0995492
819.002,0.0428545,0.040234,0.0450134,0.043609,0.0434616,0.0496076,0.0494509,0.0589472,0.0556693,0.0546335,0.0582784,0.0649451,0.0679163,0.0757624,0.084842,0.0819377,0.0842454,0.0918929,0.0932294
819.374,0.0415884,0.0417846,0.0456713,0.0441376,0.0450858,0.0437126,0.047365,0.0472935,0.0559713,0.0530912,0.0561915,0.061888,0.0716663,0.0751464,0.0740833,0.0793235,0.0854034,0.0922074,0.0990652
819.747,0.04254,0.0445667,0.0447689,0.0440145,0.0526659,0.0527168,0.0512249,0.0562715,0.0573216,0.0524395,0.0647105,0.0627744,0.0698313,0.0738509,0.0809622,0.087765,0.0891822,0.0922606,0.0950147
820.12,0.0428832,0.0484644,0.040305,0.0475007,0.0507468,0.0539342,0.0515771,0.0514379,0.0597152,0.0606335,0.0634009,0.0721283,0.0706136,0.0799689,0.0862372,0.0954391,0.0950275,0.0947445,0.0932808
820.493,0.0402602,0.040704,0.0425763,0.0439145,0.0460299,0.0438119,0.0474816,0.0515201,0.0471958,0.0524588,0.0606584,0.0651184,0.0626057,0.0651354,0.0779615,0.080153,0.0900097,0.0902524,0.0921032
820.865,0.0437499,0.0415886,0.0514229,0.0561791,0.0482983,0.0514983,0.0529085,0.0562389,0.0531219,0.0611476,0.0700389,0.0743744,0.0698346,0.0802887,0.0802081,0.0871,0.0929085,0.0952019,0.0979473
821.237,0.0373319,0.0356951,0.0386393,0.0445179,0.0419643,0.0474641,0.0466339,0.0481479,0.0498221,0.0554917,0.0620664,0.059924,0.0675517,0.0755531,0.0807577,0.0872397,0.0891717,0.089215,0.0914965
821.61,0.0419495,0.0414556,0.0400589,0.0387259,0.0441499,0.045174,0.0455558,0.0454326,0.0479623,0.0547024,0.05698,0.0591617,0.0731159,0.0683865,0.0754973,0.0798541,0.0878759,0.0867819,0.0987811
821.982,0.0397978,0.0431316,0.0401013,0.0404144,0.041688,0.0463426,0.0484739,0.0505017,0.0526029,0.0546873,0.0583996,0.0606886,0.0658667,0.0709083,0.0749239,0.0819469,0.0869713,0.0952533,0.0921289
822.354,0.0450936,0.0435445,0.0507905,0.0461852,0.0516817,0.0539529,0.0542958,0.0596781,0.0581138,0.0594543,0.0634135,0.0635091,0.0741457,0.0775715,0.0837032,0.0877083,0.0941195,0.0968638,0.0972175
822.725,0.0480263,0.0457026,0.0486805,0.0524566,0.0507364,0.051455,0.0524562,0.0532502,0.0532401,0.0632264,0.0691884,0.072503,0.0691714,0.0778229,0.0772594,0.0836987,0.0880304,0.0957031,0.0966091
823.097,0.0437046,0.0418873,0.0467801,0.04961,0.0493194,0.0501656,0.0518462,0.0575164,0.0581853,0.0592525,0.0646814,0.0704503,0.0684906,0.0780612,0.0825685,0.0831642,0.089105,0.0965788,0.0950856
823.469,0.0399583,0.0407941,0.0424447,0.0497051,0.0507106,0.0453276,0.0453513,0.0516907,0.0546267,0.0588323,0.0599298,0.065038,0.0696034,0.0695038,0.0808704,0.0874141,0.0848879,0.0900745,0.0914627
823.84,0.038311,0.0475126,0.0376148,0.044064,0.0462795,0.0467256,0.0493365,0.0546684,0.0565104,0.0581276,0.0594147,0.0607145,0.069179,0.0715014,0.0801758,0.0838947,0.0910375,0.0956669,0.0937713
824.211,0.0332563,0.0424216,0.0410075,0.04295,0.0476706,0.0498695,0.0466029,0.0521329,0.0525134,0.0508691,0.0596808,0.05972,0.0644711,0.0711109,0.0741166,0.0874365,0.0877399,0.0883062,0.0902663
824.583,0.042115,0.0446813,0.0481537,0.0474728,0.0524608,0.0475076,0.0499479,0.051335,0.0543046,0.053167,0.0659707,0.0621701,0.0696681,0.0744641,0.0831949,0.0921652,0.0893448,0.094904,0.0926825
824.954,0.0402958,0.0442896,0.0421644,0.0438344,0.0454623,0.0468421,0.0444627,0.0502257,0.051348,0.0620324,0.0572175,0.0685571,0.0596725,0.0711895,0.0766873,0.0788274,0.0843146,0.092058,0.0928879
825.325,0.0469098,0.0481377,0.0507326,0.0517652,0.0528769,0.0481015,0.0530219,0.0609975,0.058588,0.0606712,0.0674783,0.0739816,0.0807153,0.0786719,0.0895602,0.0961574,0.0948822,0.0980262,0.0981042
825.696,0.0417793,0.0472481,0.046661,0.0489309,0.0542332,0.0436202,0.0480949,0.0502214,0.0553511,0.060383,0.0634235,0.0705701,0.0740819,0.0771083,0.081221,0.0859962,0.0905226,0.0934357,0.0947402
826.066,0.0416515,0.0419261,0.0420144,0.0441601,0.0432939,0.0489283,0.051517,0.052009,0.0508724,0.0609515,0.0614754,0.0661146,0.0645399,0.0720107,0.0776283,0.0867949,0.0899805,0.0907215,0.0899246
826.437,0.0444844,0.0379174,0.0445759,0.0495431,0.0432866,0.0537933,0.0510837,0.0526797,0.055048,0.055516,0.0605425,0.0678615,0.0717722,0.0810251,0.082577,0.0819587,0.0870943,0.0910914,0.0943511
826.807,0.0403776,0.0410003,0.0419074,0.0422227,0.051021,0.0482665,0.0469399,0.046251,0.0512728,0.057525,0.0633897,0.0591979,0.0723871,0.0796817,0.0826911,0.0831791,0.081873,0.0925474,0.0908034
827.178,0.0438915,0.0457996,0.0462542,0.0508851,0.0480626,0.054477,0.0508269,0.0480416,0.0582457,0.058788,0.058942,0.0681817,0.0716221,0.0763071,0.0819595,0.0908134,0.0909427,0.096297,0.0941258
827.548,0.0452361,0.0446116,0.0418021,0.0489017,0.0485091,0.0477645,0.0544211,0.0491571,0.0539504,0.056605,0.0645519,0.0651378,0.0680038,0.0727805,0.0863296,0.0851376,0.0922395,0.0928221,0.0963935
827.918,0.0483979,0.0428113,0.046747,0.0501196,0.0460536,0.0537365,0.0562144,0.057797,0.0535192,0.0627251,0.0641747,0.0688803,0.0702978,0.0730163,0.0818971,0.0896525,0.0919224,0.0950064,0.0963597
828.288,0.0447364,0.0521194,0.0479321,0.0502309,0.04792,0.0503441,0.0535676,0.0566521,0.0551927,0.0609523,0.0620845,0.0717323,0.0736271,0.0759141,0.0855707,0.0827082,0.0930726,0.100809,0.0960385
828.658,0.040388,0.0485132,0.0482527,0.0471906,0.0524824,0.0560033,0.0532285,0.0596957,0.0509855,0.0634542,0.0632144,0.0706431,0.0663637,0.0817369,0.0877442,0.0903706,0.0929075,0.0989744,0.0974406
829.028,0.0429619,0.0457075,0.0475046,0.0455126,0.0447563,0.0470858,0.0523442,0.0507711,0.047039,0.0615274,0.0618389,0.0641082,0.0654923,0.0737872,0.0759755,0.081474,0.0955944,0.0956971,0.0883981
829.397,0.0461474,0.0422886,0.0426741,0.0507942,0.0475827,0.0468521,0.0477306,0.0557411,0.0524266,0.0554485,0.056375,0.0635539,0.0693147,0.0685829,0.0803809,0.0825916,0.0868175,0.0970009,0.0932391
829.767,0.0491502,0.0485926,0.0492565,0.0482896,0.0507218,0.0574708,0.0537929,0.0574189,0.0585085,0.06049,0.0651827,0.0655715,0.0712274,0.0788242,0.080945,0.0915875,0.0959821,0.105597,0.0991179
830.136,0.0446911,0.0379467,0.0381376,0.0431389,0.0502384,0.0456097,0.049985,0.0442972,0.0518242,0.0583732,0.0595018,0.061549,0.0660255,0.0713142,0.0842336,0.0812809,0.0871271,0.0919647,0.0957275
830.505,0.0470831,0.0521665,0.0504196,0.0489283,0.0477652,0.0495288,0.0506765,0.054525,0.0626098,0.0599578,0.0607936,0.0722997,0.0761069,0.0753031,0.0854709,0.0890708,0.0885651,0.0926005,0.0982334
830.874,0.0417477,0.0435004,0.0393573,0.0475853,0.0499494,0.0415559,0.0502851,0.052783,0.0546729,0.052829,0.0614001,0.0654242,0.0700936,0.0758587,0.0713159,0.0784441,0.0892376,0.0945144,0.0929126
831.243,0.0383024,0.037468,0.0404641,0.0491038,0.042665,0.0492528,0.0480997,0.0507004,0.0537693,0.0582775,0.0587792,0.061923,0.0629637,0.0741849,0.0741278,0.0764666,0.0893031,0.0880405,0.0904683
831.612,0.033436,0.0341743,0.035647,0.0397593,0.0388285,0.0448605,0.0408932,0.0459829,0.0513727,0.0534762,0.0565791,0.0528629,0.0613095,0.0642499,0.0725305,0.0745368,0.086463,0.0843635,0.0810171
831.981,0.0429812,0.0346065,0.0444742,0.0486035,0.0459881,0.0435788,0.0472979,0.0507442,0.0562584,0.0622076,0.0586307,0.0648259,0.0630455,0.069427,0.0815331,0.0858445,0.089635,0.0961514,0.0921174
832.349,0.0387513,0.0399457,0.0421293,0.0431612,0.0447084,0.0403547,0.0446406,0.0473498,0.0541157,0.0542186,0.0571759,0.0616711,0.0696167,0.0728087,0.0752949,0.0786434,0.0872525,0.0845596,0.0964067
832.718,0.0420231,0.0420861,0.0430778,0.0396345,0.0411618,0.0439847,0.0514273,0.051791,0.0540418,0.053395,0.0640632,0.0600106,0.0692117,0.0730532,0.0780824,0.0836095,0.0843851,0.089494,0.0964777
833.086,0.0363513,0.0393058,0.0417231,0.0452162,0.0439997,0.0438605,0.0472206,0.0534164,0.0526696,0.0589419,0.061933,0.0642613,0.0635374,0.0738183,0.0782342,0.0892667,0.0868954,0.0908643,0.0978917
833.454,0.040486,0.0464732,0.0526652,0.0488872,0.0484477,0.0549962,0.0512118,0.048786,0.0531026,0.0551031,0.061263,0.0653857,0.0681765,0.0719083,0.0834406,0.0894542,0.09235,0.091458,0.0981971
833.823,0.0451156,0.0431521,0.0455275,0.0483379,0.0452668,0.0476779,0.0487275,0.0567113,0.0534526,0.0626655,0.0613253,0.0657474,0.0717441,0.0726697,0.0846327,0.0850794,0.0922269,0.0941645,0.0936733
834.191,0.0473592,0.0420199,0.0475994,0.0454841,0.0471164,0.051165,0.0485458,0.0569446,0.0568304,0.0629435,0.060573,0.0642728,0.0688189,0.0772777,0.0787631,0.0868245,0.100382,0.0956311,0.0980956
834.558,0.0363078,0.0431759,0.0403217,0.0426813,0.0404288,0.0506356,0.0521348,0.0513709,0.0454744,0.0601035,0.0535688,0.0617026,0.0614866,0.0699796,0.0722121,0.0807856,0.0839936,0.0882246,0.0941515
834.926,0.0423422,0.044484,0.0448492,0.0462642,0.0464796,0.0501005,0.0496165,0.0509331,0.0532841,0.0579762,0.0644578,0.0646491,0.0714025,0.0747089,0.0863421,0.0844501,0.0922112,0.0984036,0.0939479
835.294,0.0420444,0.0402117,0.0463968,0.0475253,0.0461157,0.0480341,0.0529747,0.0530358,0.0582283,0.0564285,0.0624924,0.0639822,0.0684449,0.0738828,0.0787572,0.0814666,0.0883372,0.0999176,0.0988625
835.661,0.0433022,0.0429294,0.0403372,0.0501633,0.0430871,0.0514392,0.0465549,0.0529456,0.0548245,0.0563792,0.0618354,0.0680972,0.0733503,0.07283,0.0755485,0.0819989,0.0904202,0.0916272,0.100674
836.029,0.0465516,0.0424873,0.0460049,0.0514265,0.0467021,0.0534716,0.0525049,0.0597681,0.055789,0.0576738,0.0708668,0.0700552,0.0788442,0.0849558,0.0855181,0.0896767,0.0978288,0.0996654,0.104102
836.396,0.0351003,0.0406975,0.0435009,0.0402426,0.048545,0.0484263,0.0524115,0.0533804,0.0517455,0.0565659,0.058958,0.0561515,0.0694382,0.0755599,0.0751903,0.0858546,0.0883778,0.0919422,0.0925931
836.763,0.0493564,0.043287,0.0460802,0.0493611,0.0478693,0.0417209,0.0514326,0.0566516,0.0562861,0.0534555,0.0607436,0.0640071,0.0699387,0.0755509,0.0814338,0.0852208,0.0830909,0.0938647,0.100297
837.13,0.0485562,0.0524628,0.0458397,0.0455487,0.0502773,0.0489918,0.0539796,0.0575699,0.0572699,0.0646259,0.0623931,0.0665757,0.0730522,0.0778384,0.0791774,0.0913892,0.0911116,0.101452,0.096334
837.497,0.0387103,0.0437591,0.0445034,0.0452519,0.0426915,0.0481154,0.0482474,0.0504125,0.0504178,0.0561605,0.061429,0.0626664,0.0658886,0.076615,0.0800314,0.0856376,0.090736,0.0965963,0.101472
837.864,0.039564,0.0414458,0.0423168,0.0427122,0.0459258,0.048915,0.0438263,0.0475538,0.0466735,0.0609683,0.0577405,0.0611084,0.0638174,0.0695889,0.0795784,0.0827963,0.0810333,0.0908552,0.0951795
838.23,0.0345089,0.0387959,0.0380186,0.0345231,0.0426756,0.0453487,0.0498352,0.0464892,0.0539504,0.0505732,0.0566899,0.0627639,0.0671197,0.069626,0.077072,0.0807735,0.0898924,0.0973304,0.0914474
838.597,0.0464145,0.045442,0.0440503,0.0475612,0.0445549,0.0449398,0.0515992,0.0537624,0.0566933,0.0581841,0.0652467,0.0657062,0.0658857,0.0783524,0.0778025,0.0846439,0.0920856,0.0884792,0.0949644
838.963,0.0417079,0.0419069,0.0456145,0.0405222,0.0403902,0.0433227,0.0403304,0.046023,0.0534205,0.0512511,0.0612539,0.0613184,0.0609162,0.072221,0.0764967,0.0824464,0.0877811,0.0866003,0.0862037
839.329,0.0452249,0.0456612,0.0462219,0.0536587,0.0519812,0.0545619,0.0560034,0.0532482,0.0596091,0.0612302,0.0633589,0.0669653,0.0758861,0.0821092,0.081455,0.0896961,0.0949857,0.0968108,0.100703
839.695,0.0470194,0.0503164,0.04714,0.0480831,0.0497495,0.0515359,0.0553046,0.0594412,0.061379,0.0647617,0.0614121,0.0697433,0.0752123,0.0779406,0.0865123,0.0873178,0.0933267,0.0932433,0.10166
840.061,0.0485714,0.0486302,0.0398247,0.0491735,0.0493858,0.0519992,0.049354,0.0587986,0.05683,0.0664705,0.0691498,0.072389,0.0697118,0.0796984,0.0835209,0.0880752,0.0932843,0.100988,0.103972
840.427,0.0401555,0.0435704,0.0461597,0.0433527,0.0500019,0.0473029,0.0470994,0.0526062,0.0580189,0.0565689,0.0611298,0.0646897,0.0763034,0.0784275,0.0808109,0.081949,0.0908668,0.090822,0.0919088
840.793,0.0394806,0.0428385,0.0418626,0.0415015,0.0404982,0.0418234,0.0506912,0.0518619,0.0467662,0.0522038,0.0605263,0.0602087,0.0698549,0.0719156,0.0763137,0.0886124,0.0875072,0.0909955,0.0995463
841.159,0.0374926,0.0469337,0.0462356,0.0458859,0.0426124,0.0418924,0.0532621,0.0495987,0.0621156,0.0611357,0.0669142,0.0663529,0.0693928,0.077627,0.0779097,0.0885392,0.0868869,0.0888093,0.102087
841.524,0.0446151,0.0383664,0.0512531,0.0483678,0.047177,0.0470483,0.0527986,0.0601344,0.0578913,0.063763,0.0630675,0.0667583,0.0707584,0.0736339,0.0815349,0.0887975,0.0937479,0.0986787,0.102108
841.889,0.0412403,0.0371007,0.0373662,0.0429429,0.0393065,0.0439862,0.0486588,0.0498898,0.0493019,0.0527427,0.0534822,0.0596871,0.0674986,0.0672106,0.0740459,0.0734285,0.0833884,0.0853393,0.0901275
842.255,0.0459449,0.0445808,0.0448091,0.0494888,0.0473867,0.0508217,0.0497343,0.0574128,0.0606494,0.0602195,0.0675698,0.0701973,0.076764,0.0844129,0.0820929,0.0849295,0.0888321,0.0979385,0.0998359
842.62,0.0490361,0.0501668,0.0539864,0.0502364,0.0499573,0.0514808,0.0568591,0.057706,0.055952,0.0641098,0.062504,0.0663483,0.0767558,0.0732195,0.0808155,0.0937798,0.0926891,0.0989377,0.102667
842.985,0.0389548,0.0490191,0.0451795,0.0459771,0.0474452,0.0456817,0.0487598,0.0515261,0.0577524,0.0588662,0.0648273,0.067635,0.0731131,0.0747536,0.0813736,0.0840894,0.0839892,0.0901404,0.098322
843.35,0.041741,0.0357456,0.0398357,0.0444829,0.0445354,0.0500666,0.0504151,0.0481934,0.0519961,0.0557935,0.0600082,0.0650113,0.070888,0.073947,0.082805,0.0875743,0.09237,0.0995738,0.093053
843.714,0.0406153,0.0380417,0.0421151,0.0434384,0.05283,0.0466099,0.0456036,0.0579552,0.0539511,0.0631255,0.0569256,0.0655692,0.0705861,0.0761423,0.0833352,0.0808277,0.098357,0.0898727,0.09539
844.079,0.0472212,0.0421504,0.0447827,0.0434115,0.0468346,0.0485838,0.0475991,0.0576786,0.0583851,0.0555817,0.0617294,0.0670314,0.0712913,0.078164,0.0807273,0.0876059,0.0925915,0.0952177,0.0954559
844.444,0.0392868,0.0344214,0.0413955,0.042363,0.0477367,0.046961,0.0464022,0.0494042,0.0514553,0.0577781,0.0620658,0.064419,0.0694176,0.0755039,0.0780783,0.0843481,0.0875035,0.0907148,0.0978346
844.808,0.0372756,0.0393619,0.0485828,0.0496377,0.0491285,0.0476349,0.0466618,0.0567743,0.0504892,0.058687,0.0568367,0.0612222,0.0749199,0.0700642,0.085386,0.0835719,0.0884407,0.09438,0.0913791
845.172,0.0425553,0.0415741,0.0404068,0.0490712,0.050508,0.0489371,0.0448085,0.0462873,0.0555811,0.0542648,0.0681134,0.0628182,0.0691605,0.0724355,0.0747955,0.0826428,0.0925752,0.0904615,0.0961532
845.536,0.0394182,0.0456477,0.0392354,0.0447044,0.0536222,0.0376543,0.0566184,0.0473246,0.0515781,0.0531249,0.0595709,0.0655766,0.0684618,0.0713006,0.0801914,0.0740621,0.0871453,0.0961005,0.0932426
845.9,0.0378298,0.0428554,0.0460849,0.0489283,0.0489159,0.0477033,0.0501738,0.0528694,0.0556971,0.0616485,0.0627906,0.0632002,0.0719302,0.0751803,0.0829254,0.0887803,0.0976894,0.0896941,0.0964069
846.264,0.0412329,0.0469126,0.0406428,0.0487081,0.0426249,0.0509967,0.0490133,0.0487158,0.0604564,0.0572951,0.0605777,0.0591802,0.0670609,0.0719033,0.073934,0.0845138,0.0879728,0.0887997,0.095403
846.628,0.0377669,0.0456799,0.0366054,0.0384405,0.0469158,0.045844,0.0459355,0.0439321,0.0540996,0.0529169,0.058521,0.0634983,0.0637474,0.074524,0.0775816,0.0890026,0.0862338,0.081636,0.0943356
846.992,0.0414815,0.048149,0.0463934,0.0429823,0.0440216,0.0542319,0.0529511,0.0484144,0.0541901,0.0527166,0.0626756,0.0655068,0.0738025,0.0754947,0.0824914,0.0866794,0.0893373,0.0933952,0.0962081
847.355,0.0419154,0.0435253,0.0441921,0.0519492,0.0468788,0.0454005,0.0490318,0.0511985,0.0540145,0.0572121,0.0658083,0.0637423,0.0635859,0.0715601,0.0832845,0.0848145,0.0896747,0.0939093,0.0969739
847.718,0.0416631,0.0464722,0.0369992,0.0379296,0.0438186,0.0440772,0.0511518,0.0482281,0.0544632,0.0532528,0.061168,0.0610476,0.0686446,0.0754608,0.0725189,0.0861323,0.0924029,0.0944155,0.0978715
848.082,0.0479377,0.04206,0.0438457,0.0541968,0.0502992,0.0495075,0.0530341,0.0565854,0.0611329,0.0614368,0.0658399,0.0711143,0.0702963,0.0802887,0.0835942,0.0872526,0.0915838,0.0958309,0.0981098
848.445,0.0432728,0.0457888,0.0429063,0.0484944,0.0456315,0.0471319,0.0451546,0.0509294,0.0517466,0.053711,0.0555083,0.0623018,0.0603078,0.0749346,0.0822565,0.0896044,0.0854779,0.0991671,0.0911074
848.808,0.043274,0.0364473,0.0371371,0.0390284,0.0406616,0.0428915,0.0474574,0.0452509,0.0466276,0.0545757,0.05738,0.058313,0.0649162,0.0734175,0.0678842,0.0799682,0.0825549,0.0922032,0.0928505
849.171,0.0442997,0.0420544,0.0475823,0.0539151,0.0450676,0.0472137,0.0558194,0.0472263,0.0564947,0.0585144,0.0658735,0.0678106,0.0737893,0.0807877,0.0882077,0.0854773,0.0914852,0.0948316,0.0983323
849.533,0.0473501,0.0418061,0.0497954,0.0424295,0.0438862,0.0530917,0.0545773,0.0460505,0.0541555,0.0559338,0.0590783,0.0644514,0.0649593,0.0780931,0.0804105,0.0849699,0.0887452,0.0908152,0.0954955
849.896,0.0446794,0.0466711,0.0457012,0.0467661,0.0521189,0.0476731,0.0532859,0.0531789,0.0583585,0.054071,0.0610509,0.064308,0.0645505,0.0720795,0.0851335,0.0920554,0.0966286,0.0944854,0.101054
850.259,0.0435615,0.0445243,0.0457162,0.049974,0.0536576,0.0511868,0.0557537,0.0608534,0.0596939,0.0637057,0.0694476,0.0738842,0.0751872,0.0779714,0.0818527,0.0824274,0.0937062,0.0952093,0.0942077
850.621,0.0341674,0.0447775,0.0424238,0.0421407,0.0474478,0.0453452,0.0465691,0.0441996,0.0575252,0.054145,0.0624377,0.0640804,0.067415,0.0736875,0.0790662,0.0860118,0.0895543,0.0964463,0.0878175
850.983,0.0492477,0.0451077,0.0534947,0.0510205,0.049667,0.0480101,0.0526974,0.0545405,0.0529812,0.060248,0.0642955,0.0637704,0.0713407,0.0776898,0.0822677,0.0852424,0.0877626,0.0935256,0.0994596
851.345,0.0496971,0.051963,0.0491117,0.0478183,0.0491783,0.0508485,0.0530206,0.0597717,0.0583581,0.0614221,0.0640072,0.0696383,0.0785826,0.0818961,0.0822103,0.0883634,0.096208,0.0973229,0.0968707
851.707,0.0462727,0.0504812,0.0530714,0.0530732,0.055049,0.0466398,0.054242,0.0513484,0.0633524,0.0679844,0.067589,0.0655055,0.0775101,0.0827801,0.083529,0.0881601,0.0958453,0.0990366,0.098771
852.069,0.0400952,0.0464415,0.0521248,0.0468332,0.0455409,0.0477447,0.056711,0.0529489,0.061356,0.0672699,0.0638156,0.0674669,0.06639,0.0738026,0.0819709,0.086699,0.0910553,0.0985727,0.097233
852.431,0.0417032,0.0496025,0.0480106,0.0510159,0.0464496,0.0478258,0.0550017,0.0482189,0.0531944,0.0611015,0.0706359,0.0691243,0.0647162,0.0799661,0.0834314,0.0875555,0.0902496,0.100747,0.0997165
852.793,0.0428814,0.0444474,0.0498243,0.0514935,0.0469268,0.0587304,0.0528436,0.0547728,0.0542688,0.0580889,0.0580445,0.0656473,0.0716051,0.0783154,0.0777876,0.0831795,0.0904594,0.0873382,0.089957
853.154,0.0378835,0.0343535,0.0418608,0.0451515,0.0432637,0.0471948,0.0469993,0.0431696,0.0473266,0.0504318,0.0542569,0.0548169,0.0658859,0.0673285,0.0750394,0.0754604,0.0812533,0.0851658,0.0850304
853.515,0.0378408,0.0421897,0.0378333,0.037269,0.0435278,0.0465659,0.0434075,0.0543289,0.047962,0.0530517,0.0594355,0.0616978,0.0665697,0.0694353,0.0757382,0.074398,0.0789517,0.0903738,0.0996463
853.877,0.0419934,0.0412814,0.0425976,0.0468092,0.0428835,0.0444378,0.0515221,0.0514013,0.0564215,0.0550396,0.0580951,0.0629748,0.0771668,0.072179,0.0854741,0.0868897,0.0883723,0.0970453,0.0944052
854.238,0.0377422,0.0482636,0.0440767,0.0458368,0.0356654,0.0500029,0.0537454,0.048069,0.0555473,0.0537518,0.0537028,0.0675553,0.0719494,0.0747128,0.0808179,0.0826606,0.0907969,0.101136,0.0957911
854.599,0.0389853,0.0415642,0.0438371,0.0441956,0.0458723,0.0510014,0.0436678,0.0448526,0.052351,0.0521531,0.0565233,0.0653489,0.0714836,0.067785,0.0789275,0.0861097,0.0890051,0.0954257,0.0940133
854.96,0.0401971,0.0407705,0.0447498,0.0512607,0.0467356,0.0544316,0.0519763,0.062375,0.0579939,0.0557466,0.0692999,0.0670464,0.0722748,0.0768998,0.0830106,0.0899227,0.0918438,0.0974281,0.101723
855.321,0.0392764,0.0404604,0.0506426,0.0494649,0.0500905,0.056266,0.0479883,0.0513615,0.0548372,0.0591679,0.0653412,0.0672486,0.0700097,0.0761296,0.0846548,0.0880137,0.0891865,0.0999703,0.0951038
855.681,0.046867,0.0404135,0.0498269,0.0449644,0.0475956,0.0553384,0.0573753,0.0502052,0.0599894,0.059547,0.0611535,0.0613204,0.0678142,0.0775211,0.0848378,0.0852502,0.0955851,0.0889529,0.100915
856.042,0.0400785,0.0407123,0.0417947,0.036383,0.0440691,0.0454593,0.046691,0.0501719,0.0501656,0.0497762,0.0556091,0.0610617,0.0616995,0.0651751,0.0763667,0.0855532,0.0822766,0.0877304,0.0979643
856.402,0.0328777,0.0411441,0.0350989,0.0460478,0.0427908,0.0436236,0.0467739,0.0468643,0.0501935,0.0474485,0.0473123,0.0603701,0.0675488,0.0640263,0.068271,0.0731619,0.0841149,0.0867431,0.0905868
856.762,0.0435028,0.0419475,0.051721,0.0462535,0.0437955,0.0447402,0.0563276,0.0567571,0.0503238,0.053603,0.0581684,0.0652507,0.0626916,0.0734583,0.0764372,0.0834685,0.0932976,0.097313,0.0995628
857.122,0.042376,0.0481933,0.050474,0.0528518,0.0517755,0.0491023,0.0507594,0.0488766,0.0540284,0.0603856,0.0652101,0.0728757,0.0701913,0.0815276,0.0868507,0.0862694,0.0963374,0.098435,0.0911955
857.482,0.0329015,0.037193,0.0351656,0.0472938,0.0407162,0.0374438,0.0448885,0.0467004,0.0510479,0.0523146,0.0544245,0.0513958,0.0645938,0.0677965,0.0671901,0.077423,0.0825904,0.0919921,0.0917103
857.842,0.0370101,0.0450956,0.0494548,0.0454744,0.0459586,0.0488257,0.0512224,0.0467675,0.0537046,0.064464,0.0669765,0.0732721,0.0663164,0.076048,0.0784676,0.0882017,0.0930075,0.0959226,0.0980508
858.202,0.039164,0.0371378,0.0371514,0.0428199,0.042613,0.0431367,0.046687,0.0485662,0.0577577,0.0513006,0.0655785,0.0626442,0.0651705,0.0730992,0.0772496,0.0823097,0.085528,0.0841613,0.0980853
858.562,0.0447686,0.0448183,0.0485425,0.0483606,0.0517191,0.0450396,0.0576707,0.0593785,0.059815,0.0575693,0.0650631,0.0674693,0.0729153,0.0752567,0.0848267,0.0903126,0.0934066,0.0929871,0.107418
858.921,0.0428689,0.0399028,0.0468386,0.0432645,0.0455098,0.0521092,0.0544397,0.0538088,0.0573778,0.0578051,0.0600563,0.0619797,0.0681934,0.0724546,0.076569,0.0809731,0.0884537,0.0933653,0.0934435
859.281,0.0406925,0.0358229,0.0435269,0.0443912,0.0479005,0.0457216,0.0460428,0.0491692,0.0568855,0.0663098,0.0548808,0.0702759,0.063436,0.0779365,0.0813471,0.0875423,0.0896861,0.0966809,0.0958875
859.64,0.0448164,0.0454062,0.0458247,0.0406648,0.0531426,0.0536348,0.0553027,0.0565434,0.0579729,0.0605734,0.0664714,0.0642016,0.070274,0.0833489,0.0826097,0.0909482,0.0883642,0.0994996,0.0900239
859.999,0.0476738,0.0503282,0.0480753,0.0589188,0.0523868,0.0530389,0.0580112,0.0629135,0.0680387,0.061219,0.0701827,0.0777957,0.0770022,0.0834533,0.0954922,0.100598,0.099593,0.0984115,0.101599
860.358,0.0369945,0.0384512,0.0429141,0.0400531,0.0506723,0.0482012,0.0493649,0.0467717,0.0553328,0.056667,0.0628171,0.0705263,0.0656392,0.0696292,0.0794491,0.0829003,0.0879424,0.0919054,0.0927611
860.717,0.0430015,0.0424226,0.0464682,0.0459793,0.0527019,0.0478387,0.0449749,0.0471198,0.0551878,0.0558753,0.0621453,0.0646786,0.0740663,0.0742139,0.0778473,0.0827034,0.0964082,0.0901307,0.0976207
861.076,0.0458413,0.0365436,0.0413246,0.0432602,0.0518692,0.050749,0.0562572,0.0517819,0.0551387,0.055958,0.0661403,0.0702418,0.073877,0.0727114,0.0829671,0.0822759,0.0855349,0.0871207,0.0945966
861.434,0.0489265,0.0487872,0.0488019,0.0526402,0.0462146,0.0589112,0.0532224,0.0570142,0.064567,0.0639248,0.0750092,0.0716061,0.072197,0.0891365,0.0804904,0.0961652,0.101457,0.0983812,0.0995611
861.793,0.0426386,0.0462852,0.0456339,0.0551946,0.0510305,0.0530402,0.045985,0.0525592,0.0605457,0.0627674,0.0650065,0.0652941,0.077157,0.0757523,0.0836662,0.0923817,0.0927442,0.0972457,0.09441
862.151,0.0484613,0.0455428,0.0501574,0.0472859,0.0473478,0.0537287,0.0513547,0.0509986,0.0568502,0.0616939,0.068169,0.0680716,0.0730538,0.0787412,0.0914737,0.0928426,0.0864528,0.0969006,0.101385
862.509,0.0374418,0.0394793,0.0455626,0.0468641,0.0441364,0.0389055,0.0489154,0.0444376,0.047981,0.0628707,0.059661,0.060664,0.0642835,0.0735808,0.081439,0.078808,0.0909021,0.0970311,0.100855
862.868,0.0391125,0.0357698,0.0427142,0.0392059,0.0443634,0.0415594,0.0438555,0.0489118,0.0499388,0.051936,0.0604208,0.0579928,0.0623154,0.0744544,0.0787537,0.0746419,0.0887526,0.0837313,0.0926585
863.226,0.0427017,0.0428694,0.0509572,0.0507855,0.0470955,0.0478192,0.0486118,0.0556552,0.0584747,0.0586191,0.0618181,0.06922,0.0680956,0.0795012,0.0798506,0.0860351,0.0943933,0.0933219,0.103455
863.583,0.0427925,0.044738,0.0469032,0.0461577,0.0396744,0.0475416,0.0514128,0.0553724,0.0571585,0.0599982,0.0608765,0.0628793,0.0710033,0.0726037,0.0748668,0.0964016,0.0900693,0.0963146,0.0910101
863.941,0.0426961,0.0454958,0.0448442,0.0494295,0.0441707,0.0500927,0.0552936,0.0526776,0.0496065,0.0617105,0.0656001,0.0647934,0.0682169,0.0708196,0.0793579,0.0863104,0.0766583,0.0941607,0.1023
864.299,0.036089,0.0418383,0.0383531,0.0398369,0.0447498,0.0423096,0.0473174,0.0487061,0.0468055,0.0559062,0.0553732,0.0657711,0.0675009,0.07255,0.0759441,0.0814128,0.0906429,0.0840308,0.0951615
864.656,0.0442632,0.039104,0.0435514,0.0383299,0.0396761,0.050967,0.0499075,0.0496302,0.0532449,0.0534628,0.0656565,0.0661464,0.0612494,0.0683444,0.0779124,0.0796583,0.0936986,0.0930782,0.0949504
865.014,0.0346797,0.0366305,0.0379871,0.0414213,0.0338746,0.0368609,0.042065,0.0475595,0.0436512,0.0494492,0.0646363,0.0593911,0.066184,0.0824296,0.0707187,0.0822771,0.0848484,0.0900867,0.0951114
865.371,0.0437072,0.0439097,0.0379227,0.045521,0.0542082,0.0481289,0.0471542,0.0540319,0.0532762,0.0598347,0.0589073,0.0694101,0.0660898,0.0770141,0.0837725,0.0826294,0.0915869,0.0906874,0.0995122
865.728,0.0355023,0.04101,0.0440042,0.0432153,0.0404035,0.0459947,0.0468457,0.0548829,0.0455851,0.052773,0.0558118,0.0735777,0.0635912,0.0759134,0.0746527,0.0810394,0.0921745,0.0995355,0.101918
866.085,0.0468267,0.0495249,0.0585891,0.0493855,0.0450565,0.0524135,0.0564809,0.0574689,0.0614359,0.0620362,0.0622829,0.0698162,0.0772832,0.0719476,0.084799,0.0902254,0.0975224,0.0992467,0.0951603
866.442,0.0351271,0.042142,0.0437703,0.0477702,0.0381873,0.047434,0.0521104,0.0491209,0.0512939,0.0591754,0.0526543,0.0654899,0.0661832,0.0805824,0.0757266,0.0919045,0.0948155,0.0927433,0.0924858
866.799,0.0397196,0.0443313,0.0458417,0.0511958,0.0451033,0.0565336,0.0493941,0.0479178,0.0531802,0.0553324,0.0661192,0.0660182,0.0733497,0.068971,0.0847495,0.0894286,0.0927968,0.0988979,0.0997529
867.155,0.0368346,0.0369302,0.0313245,0.0357483,0.0425,0.0437178,0.0451893,0.043402,0.0455808,0.05647,0.0517918,0.0608021,0.0629128,0.0621215,0.0706228,0.0759127,0.0838842,0.0855926,0.0866653
867.512,0.0435647,0.0370174,0.0498711,0.0417212,0.0480637,0.0519172,0.0582324,0.0599147,0.0543137,0.0624876,0.0639157,0.0692543,0.0669224,0.0696138,0.0805227,0.0930743,0.101057,0.0954357,0.0976478
867.868,0.0404513,0.0479226,0.051268,0.0457731,0.0437296,0.0505211,0.0576032,0.0505719,0.0542678,0.0647024,0.0705976,0.0744399,0.0742332,0.0783875,0.0798001,0.0898957,0.0863087,0.099637,0.0912765
868.225,0.0416074,0.0474926,0.0430039,0.0518452,0.0515891,0.0534243,0.058312,0.051461,0.0530134,0.0655201,0.0682797,0.0612523,0.0748097,0.0797427,0.0826842,0.0881449,0.092654,0.0977355,0.0975569
868.581,0.043433,0.049848,0.0466759,0.0465321,0.0552909,0.0578617,0.0513358,0.0578715,0.0592798,0.0679621,0.0681858,0.0699677,0.0764487,0.0802617,0.0876936,0.0973533,0.0964925,0.102897,0.105819
868.937,0.0381504,0.0452213,0.040299,0.0477547,0.0430087,0.049572,0.0579925,0.0583664,0.0566947,0.0575295,0.0671611,0.0690977,0.0720489,0.0777089,0.0884947,0.0949843,0.0894842,0.0887706,0.0936343
869.293,0.0400542,0.0419465,0.0418543,0.044819,0.0322275,0.0487986,0.0525659,0.0470334,0.0525269,0.0546114,0.0570095,0.0629227,0.0679193,0.0746082,0.0844501,0.074599,0.0886026,0.0935849,0.082594
869.648,0.0386066,0.0378502,0.0395354,0.0395057,0.0462428,0.0540267,0.044744,0.0490469,0.0526157,0.0530918,0.0604413,0.0665523,0.0635747,0.0737215,0.0792109,0.0816039,0.0841188,0.0919484,0.0924499
870.004,0.0500833,0.0460573,0.040306,0.0524647,0.0484113,0.0544176,0.0492778,0.0595293,0.0515144,0.0577306,0.0615459,0.063528,0.072329,0.0810809,0.078164,0.0837929,0.094025,0.0959071,0.0991575
870.359,0.0417602,0.0493784,0.0462945,0.0517227,0.0495807,0.0503833,0.0464177,0.0597298,0.055239,0.0529225,0.0638971,0.0601975,0.0677911,0.0781867,0.0776362,0.0929438,0.0948758,0.0937094,0.0891722
870.715,0.0491106,0.0341637,0.0487584,0.0432658,0.0502143,0.05244,0.0543027,0.0542918,0.0547757,0.0551696,0.0587971,0.0697357,0.0674398,0.0810254,0.0799862,0.0903465,0.0870369,0.0879094,0.0893756
871.07,0.0451855,0.0452806,0.0448287,0.0392235,0.0500042,0.0484012,0.0497535,0.0547267,0.0505252,0.0577877,0.062283,0.0638893,0.0723894,0.0693042,0.0789338,0.0833362,0.0909622,0.0938125,0.0939618
871.425,0.037105,0.0409325,0.04121,0.0326675,0.0344909,0.0487691,0.0421028,0.0511785,0.0463787,0.0531605,0.0565186,0.0604529,0.0660228,0.0708472,0.0756075,0.0789168,0.0823687,0.0856427,0.0808975
871.78,0.034536,0.0445534,0.0419214,0.0431013,0.0417151,0.0485441,0.0506696,0.048617,0.0584361,0.0569985,0.0660403,0.0688695,0.0620729,0.0728816,0.0720033,0.0882067,0.0856685,0.0909,0.0848847
872.135,0.0481273,0.0390165,0.0482383,0.0428962,0.0416516,0.045408,0.0491902,0.0481227,0.0547948,0.0548619,0.0593158,0.0618626,0.0672008,0.0723293,0.0754869,0.0843137,0.08203,0.0915554,0.0935387
872.49,0.0431695,0.0474578,0.0415538,0.0440875,0.0513246,0.0472964,0.0577499,0.0566819,0.0621569,0.0597694,0.0660602,0.0710639,0.0721137,0.0884418,0.0838702,0.0949777,0.0930701,0.0983911,0.0972075
872.844,0.0382775,0.0427327,0.0377061,0.0377018,0.0396804,0.0464696,0.0500142,0.047894,0.0568053,0.0568152,0.0583731,0.0564358,0.0699861,0.0662983,0.0758679,0.0797779,0.0870613,0.0953281,0.0982985
873.199,0.0472858,0.0416741,0.0441949,0.0405919,0.045029,0.0499645,0.051498,0.0528991,0.0575021,0.0582253,0.0692833,0.0620608,0.0755297,0.0761449,0.0855856,0.0865358,0.0906676,0.108945,0.0966726
873.553,0.0442763,0.0457941,0.0477327,0.0547976,0.0537222,0.0532064,0.0617348,0.0513656,0.0638041,0.0683547,0.0693667,0.0697906,0.0774133,0.0889346,0.0899365,0.0813512,0.100761,0.101908,0.104718
873.908,0.0490362,0.0418155,0.051345,0.0451593,0.0492685,0.0460552,0.0582319,0.0543306,0.0546797,0.0636163,0.0612015,0.0676666,0.0749466,0.0778642,0.0811101,0.0875964,0.0927601,0.101117,0.0930481
874.262,0.0460848,0.0422538,0.0491188,0.0506506,0.0492534,0.0381999,0.0501724,0.0523386,0.0553386,0.0572222,0.0592155,0.0629214,0.0711515,0.0743343,0.0741392,0.0834825,0.0915921,0.0946311,0.0881446
874.616,0.0493471,0.0448251,0.0455012,0.0452202,0.0462935,0.0498047,0.0555861,0.0491328,0.0534353,0.0674785,0.0636635,0.0679195,0.0811367,0.0757455,0.0866259,0.0881684,0.0981704,0.0965478,0.0988618
874.97,0.0457476,0.0505225,0.0468267,0.0462971,0.0520308,0.0539451,0.0588122,0.0558346,0.0608393,0.0596036,0.0650854,0.0756867,0.0793384,0.0817312,0.0845342,0.0867165,0.096176,0.098971,0.105756
875.323,0.0548296,0.0459768,0.051879,0.0506202,0.0440297,0.0590207,0.0595156,0.059608,0.0561893,0.0573032,0.0623187,0.0670712,0.0718211,0.0853056,0.0766865,0.0936565,0.0948015,0.0954787,0.105158
875.677,0.037064,0.0460042,0.0471948,0.0437773,0.0534339,0.048653,0.0456586,0.0548225,0.0563271,0.0558951,0.0616183,0.065841,0.0714737,0.0714885,0.085122,0.082443,0.0945185,0.0904946,0.0934474
876.031,0.0291094,0.0312266,0.0359567,0.0377255,0.044215,0.0373265,0.0437339,0.0476307,0.0456356,0.0499218,0.0556721,0.06218,0.0580375,0.0630692,0.0791806,0.077146,0.0808396,0.088971,0.0912236
876.384,0.0475655,0.0603074,0.045768,0.0577283,0.0566806,0.0557501,0.0554123,0.0563522,0.0670935,0.0737943,0.0679781,0.0662747,0.0830814,0.0920797,0.0820607,0.0968321,0.0957827,0.0966056,0.103471
876.737,0.0473361,0.0448618,0.05221,0.0524714,0.0500263,0.0643765,0.0595497,0.0530781,0.0608712,0.0625348,0.0688602,0.0691046,0.074352,0.0816906,0.0851399,0.089737,0.0913897,0.101489,0.0993429
877.09,0.0441045,0.0448354,0.0450756,0.0575318,0.0434628,0.053553,0.0531841,0.0523156,0.0472269,0.0647903,0.0615313,0.0653857,0.0718566,0.0779645,0.0841798,0.0835925,0.0826563,0.0821073,0.0987973
877.443,0.0437144,0.0347157,0.0504796,0.0369207,0.0398715,0.0395069,0.0486935,0.0401778,0.0503897,0.0481714,0.0535253,0.0620111,0.0686052,0.0673273,0.077899,0.0802193,0.0920447,0.0919015,0.0950806
877.796,0.0381446,0.0459449,0.0477435,0.0395645,0.0434011,0.0558464,0.0479515,0.0572833,0.0567967,0.0570499,0.0682198,0.0704873,0.0725859,0.0699752,0.0852519,0.0829438,0.0919653,0.102709,0.097629
878.149,0.0427008,0.0451831,0.0366391,0.0419216,0.0448502,0.0551624,0.053304,0.0588325,0.0596437,0.0609587,0.063367,0.0623516,0.0742382,0.0765106,0.0747264,0.093788,0.0971008,0.097766,0.0952708
878.501,0.0340443,0.0344485,0.0345873,0.0423279,0.0435679,0.0458984,0.0438718,0.0427172,0.0529217,0.0613019,0.0575363,0.0555323,0.0744722,0.0681362,0.0803292,0.0810096,0.0867887,0.0934452,0.0901426
878.854,0.0452618,0.0397994,0.0454232,0.0513862,0.0507675,0.0545194,0.054718,0.0578452,0.0696138,0.0633317,0.0686606,0.0722049,0.0713184,0.0765038,0.0867612,0.0856234,0.0984728,0.0970764,0.0985353
879.206,0.0492698,0.0453341,0.0520885,0.0517477,0.04736,0.0605256,0.0552718,0.053947,0.0565307,0.061311,0.0688422,0.0633788,0.0722557,0.0800842,0.0891825,0.096927,0.0936403,0.0991954,0.0966326
879.559,0.0481484,0.040645,0.0433758,0.0474906,0.0554254,0.045162,0.0569125,0.0539075,0.0627499,0.0767352,0.0657536,0.070801,0.079314,0.0731351,0.082512,0.0889184,0.0818442,0.0952353,0.105263
879.911,0.0432555,0.0464631,0.0403069,0.0493644,0.0495894,0.0469241,0.0580411,0.055306,0.0587962,0.0580403,0.0706612,0.0652547,0.072461,0.069389,0.0808469,0.08647,0.089378,0.100136,0.101414
880.263,0.0541812,0.0489411,0.0495468,0.0601594,0.0551557,0.0559097,0.0555942,0.0599721,0.0601815,0.0633711,0.0699294,0.0664027,0.0707269,0.0707269,0.0805687,0.0879289,0.0955552,0.0944305,0.0968849
880.615,0.0311202,0.0462895,0.0475441,0.0509894,0.0428577,0.0466451,0.0484088,0.0539655,0.0532309,0.0533283,0.0610555,0.0614525,0.0748057,0.0728384,0.0781009,0.0794055,0.0835872,0.100538,0.0873729
880.966,0.0410976,0.0475749,0.0416908,0.0478238,0.0495594,0.0479206,0.0446986,0.0472401,0.049153,0.0608322,0.0628495,0.0649935,0.0797018,0.0729829,0.0951913,0.0951241,0.103824,0.0923856,0.107264
881.318,0.0383705,0.0452981,0.0409754,0.0532555,0.0406502,0.0460607,0.0438614,0.0557027,0.0515516,0.0551296,0.0544511,0.0641046,0.0729892,0.0755348,0.0767014,0.0832498,0.0895991,0.0875426,0.087224
881.669,0.0420658,0.0393741,0.0493881,0.0544566,0.0493929,0.0467874,0.0525292,0.0513746,0.0614663,0.0583177,0.0602355,0.0621122,0.0789231,0.0798796,0.0865972,0.0974384,0.0918624,0.0997804,0.0979312
882.021,0.0429869,0.0574354,0.0536791,0.0554316,0.054537,0.0619744,0.059238,0.0627967,0.0572184,0.067872,0.0693904,0.0739927,0.0744355,0.087676,0.0896445,0.0981975,0.103122,0.103271,0.103502
882.372,0.038681,0.0357212,0.0384908,0.0401463,0.0383239,0.0387374,0.0454414,0.0478844,0.0472306,0.0468625,0.0574736,0.0535945,0.0665461,0.072153,0.0685484,0.0852441,0.0878718,0.0843281,0.089003
882.723,0.0342954,0.0374011,0.0326504,0.042358,0.0415154,0.0413003,0.0422148,0.0459298,0.0451398,0.048973,0.0554812,0.0570203,0.0647767,0.0674489,0.0697485,0.0831058,0.0816044,0.0836759,0.0939603
883.074,0.0321232,0.0330682,0.0442299,0.0484187,0.0451398,0.0465476,0.0421118,0.0460569,0.0481865,0.0467704,0.051322,0.0623015,0.0673427,0.0680197,0.087066,0.071625,0.0919995,0.0935981,0.0949906
883.425,0.0437401,0.0412346,0.0475383,0.0506141,0.0467415,0.0448339,0.0475546,0.0490738,0.0458459,0.0597124,0.0631042,0.0547553,0.0619055,0.0769022,0.0728005,0.0896278,0.0856974,0.115266,0.0868655
883.776,0.0455599,0.0455473,0.0352263,0.0447662,0.0541233,0.0485328,0.0390184,0.0528642,0.0546353,0.0591907,0.0632006,0.0694789,0.066484,0.0809237,0.0809174,0.0874395,0.0951658,0.0980881,0.100739
884.126,0.0355083,0.0340994,0.0463775,0.0400442,0.0359518,0.049025,0.0359247,0.052447,0.0463891,0.0577204,0.0546344,0.0569435,0.0695145,0.0760016,0.0787989,0.0841574,0.0832828,0.0870607,0.0949033
884.477,0.0474174,0.039558,0.0458993,0.0360323,0.0493497,0.0439356,0.0484521,0.0449689,0.053678,0.0535892,0.0574332,0.0662999,0.0549857,0.0676684,0.0840184,0.0822538,0.088218,0.0865241,0.09217
884.827,0.0415496,0.0372557,0.0427845,0.0362954,0.0387021,0.047969,0.0502805,0.0536736,0.0402765,0.0498598,0.0501553,0.0668169,0.0670449,0.0700985,0.0779053,0.0874572,0.090028,0.0910046,0.0928902
885.177,0.0322367,0.0364029,0.0370043,0.0371065,0.0438419,0.0486025,0.0458132,0.0469022,0.0472078,0.0516749,0.0522285,0.0647895,0.0706676,0.0778501,0.0727711,0.0770124,0.076289,0.0911442,0.0924038
885.528,0.0419179,0.0375229,0.0532815,0.0439258,0.0527273,0.0447688,0.0446395,0.0498705,0.0489453,0.0616512,0.0651281,0.0701638,0.0777149,0.0758533,0.0825939,0.0873913,0.101035,0.097551,0.0964605
885.878,0.0341545,0.0272643,0.0469977,0.0388898,0.0346641,0.0315191,0.0423257,0.0394871,0.0457781,0.0545976,0.0533337,0.0679847,0.0548394,0.061132,0.0737205,0.0820977,0.0848211,0.0856004,0.0865667
886.227,0.0361441,0.0460761,0.038568,0.0452766,0.0315644,0.0402902,0.0437563,0.0499875,0.0494498,0.0540842,0.0690056,0.059611,0.0636982,0.0717189,0.0756845,0.0784908,0.0899135,0.082633,0.0963475
886.577,0.0533615,0.0474671,0.0601796,0.0467006,0.0587225,0.049472,0.0606057,0.0588165,0.0614639,0.0703633,0.0737647,0.074895,0.0830252,0.0837092,0.0898196,0.101966,0.104223,0.105968,0.103568
886.927,0.0391397,0.0352523,0.0346806,0.0447651,0.0353134,0.048113,0.0460491,0.0451724,0.0506772,0.0512627,0.0512951,0.0649305,0.0746827,0.075799,0.075585,0.0767805,0.0848268,0.0862361,0.0913824
887.276,0.0328639,0.0377207,0.0435334,0.049519,0.0360877,0.0402905,0.0420544,0.0495704,0.0591882,0.0539584,0.0680721,0.0614587,0.0654024,0.0688306,0.0825207,0.0949577,0.0946848,0.0953479,0.0975341
887.626,0.044228,0.0505867,0.0537238,0.0448582,0.041933,0.048613,0.0506939,0.0494558,0.0583789,0.0634107,0.0699533,0.0608184,0.0673402,0.0880417,0.0880435,0.0858476,0.0967118,0.0979923,0.0973857
887.975,0.0476818,0.0506812,0.048493,0.0435639,0.0345767,0.0395955,0.0460513,0.0566698,0.0489597,0.0509959,0.0631931,0.0684304,0.0740491,0.0769915,0.0731226,0.0830585,0.0944989,0.0950083,0.102325
888.324,0.035087,0.0511107,0.0391603,0.0479257,0.040715,0.0470149,0.0430337,0.049334,0.0532955,0.0600729,0.0650086,0.0601407,0.0799367,0.0699398,0.0825932,0.0851666,0.097765,0.0979205,0.103542
888.673,0.0318807,0.0501986,0.0457658,0.0436197,0.0571435,0.0425852,0.0517878,0.0459263,0.0503935,0.0564288,0.0615982,0.0713022,0.0709421,0.07384,0.0844604,0.0901263,0.0965216,0.105587,0.105107
889.022,0.0468703,0.0503207,0.0552026,0.0421147,0.0544671,0.0596503,0.0625353,0.0612849,0.0593091,0.0682638,0.0638096,0.0691625,0.0781109,0.0777034,0.0834826,0.0915163,0.106503,0.100142,0.0980176
889.37,0.0472079,0.0301017,0.0396968,0.0358848,0.0367806,0.0476671,0.0480463,0.0579843,0.0575239,0.0613235,0.0566793,0.062563,0.0721524,0.0765792,0.07412,0.093285,0.0884225,0.0910535,0.0906497
889.719,0.0408661,0.0428755,0.0394069,0.0489681,0.0520958,0.0529489,0.0560027,0.0478301,0.0495796,0.0680396,0.0673496,0.0699818,0.0681118,0.0887823,0.0856183,0.0814401,0.0978472,0.10122,0.100618
890.068,0.0489831,0.0490886,0.0512507,0.0406111,0.0474841,0.0425437,0.0479804,0.0444986,0.0500442,0.0529721,0.0625596,0.0604407,0.0700177,0.071199,0.0865857,0.0859312,0.0847272,0.0918697,0.0915488
890.416,0.0425363,0.0500863,0.0393591,0.0419712,0.046674,0.04814,0.0496312,0.0470927,0.0616181,0.0549777,0.0549676,0.0647951,0.0935634,0.0732363,0.0776511,0.0846751,0.0912868,0.0865459,0.0960418
890.764,0.0382809,0.0364855,0.0400614,0.0440979,0.0397331,0.0548232,0.0497468,0.0469837,0.046505,0.0605115,0.0423779,0.0544963,0.081272,0.0748216,0.0807846,0.0763816,0.0906448,0.0965925,0.0938908
891.112,0.0495856,0.0491606,0.041038,0.0373546,0.0418076,0.0500791,0.0425449,0.0558614,0.0582537,0.0530235,0.0711144,0.0720176,0.0706434,0.0770655,0.0784881,0.076798,0.0851381,0.0940914,0.0958487
891.46,0.0279715,0.0220557,0.0350063,0.0259633,0.0280646,0.0292403,0.0334458,0.0400365,0.0374277,0.0495983,0.0506074,0.0536472,0.058264,0.0590326,0.0633764,0.0696644,0.0745327,0.0891884,0.0703999
891.808,0.0401474,0.0585893,0.0439452,0.0511366,0.041985,0.0521762,0.0482505,0.0562927,0.0476163,0.0505915,0.0589641,0.0688268,0.0702389,0.0805547,0.079343,0.0807142,0.0895111,0.0982962,0.0996518
892.156,0.0410764,0.0538678,0.0473695,0.0451272,0.0442438,0.0483635,0.0502943,0.0547208,0.0588651,0.067044,0.0649455,0.0774178,0.0659587,0.0715947,0.083477,0.0982359,0.0935799,0.106735,0.101324
892.503,0.0384098,0.0362755,0.0409541,0.0456003,0.0380923,0.0455105,0.0405473,0.0466311,0.0483885,0.0502134,0.0629524,0.0630034,0.0677473,0.0815701,0.0788767,0.0880894,0.084159,0.0926826,0.084415
892.851,0.0408144,0.0357302,0.0410042,0.0428869,0.0433855,0.0384292,0.0557233,0.054764,0.0538854,0.060078,0.0569821,0.0687119,0.0631404,0.0666246,0.0829922,0.0822665,0.0815206,0.0874435,0.0944651
893.198,0.0394918,0.0495396,0.0472357,0.0441812,0.0505091,0.0528664,0.0528015,0.0510127,0.0469142,0.0623084,0.0612651,0.0586258,0.0640402,0.0745862,0.0890378,0.0813936,0.0921916,0.104171,0.0882671
893.545,0.0409789,0.035825,0.0509537,0.0499242,0.0510796,0.0553554,0.0628902,0.0559495,0.0551483,0.0599183,0.0630215,0.0711899,0.0754574,0.0716731,0.0836011,0.095919,0.0863408,0.0910809,0.0917714
893.892,0.03468,0.0345338,0.0374118,0.0500751,0.0530384,0.0492259,0.0461606,0.0499388,0.0578284,0.0580934,0.0600071,0.065098,0.0767869,0.0767419,0.0758201,0.089683,0.0924487,0.086191,0.0981111
894.239,0.0413015,0.0540768,0.046246,0.0509863,0.0555276,0.058363,0.059253,0.0656671,0.0715201,0.05583,0.0775426,0.0750787,0.0713589,0.0923859,0.0758664,0.0996986,0.102519,0.0987404,0.112054
894.586,0.0370162,0.0421045,0.0380957,0.0457176,0.0399135,0.0506701,0.0476542,0.0514655,0.0444407,0.0562927,0.060242,0.0618173,0.0665959,0.071264,0.0760716,0.0836465,0.075724,0.0966075,0.088596
894.933,0.0335349,0.04638,0.0458777,0.0497328,0.0421643,0.0460616,0.0543314,0.0538872,0.0493037,0.0497105,0.0569613,0.0631416,0.0568552,0.0861674,0.0842091,0.0901404,0.0854664,0.0944117,0.10624
895.28,0.0519027,0.0430469,0.0463083,0.0492027,0.0552631,0.0411215,0.0602489,0.0507909,0.0559059,0.0623659,0.0620938,0.0619767,0.0734137,0.0673033,0.0730135,0.0980517,0.0931272,0.0972414,0.10492
895.626,0.0526423,0.0521201,0.0542652,0.0544718,0.0536261,0.0592095,0.0625498,0.0454027,0.062679,0.0762822,0.0609178,0.068459,0.0784804,0.0937315,0.0893025,0.0935337,0.0964382,0.105068,0.0979401
895.972,0.0346144,0.0304091,0.0470417,0.0336056,0.0394068,0.0460765,0.0564944,0.0440056,0.055451,0.0553172,0.0525398,0.0655395,0.0618618,0.0677323,0.0924346,0.078917,0.0823979,0.0943886,0.0915948
896.319,0.0272494,0.0356484,0.0396815,0.0410903,0.0362196,0.039581,0.0480493,0.051906,0.042548,0.042751,0.0517541,0.0687033,0.0676785,0.0667525,0.0859124,0.089232,0.0928045,0.0854191,0.0878343
896.665,0.0435291,0.0514671,0.0558223,0.050274,0.0591182,0.0541214,0.0543095,0.0529362,0.0529034,0.0645446,0.0594662,0.0669335,0.0747741,0.0738626,0.0813563,0.0888096,0.104403,0.0923311,0.111901
897.011,0.0421766,0.0592517,0.0540423,0.0625184,0.0549881,0.0629437,0.0657978,0.0554911,0.0581928,0.0794178,0.0651713,0.0821215,0.0794365,0.0776785,0.102183,0.104954,0.104072,0.114183,0.0965208
897.356,0.0310502,0.0304511,0.0406133,0.038187,0.0395872,0.0468104,0.0477126,0.040835,0.0408728,0.0451918,0.058234,0.0569623,0.0717163,0.0679108,0.0772582,0.0747506,0.08006,0.0774036,0.0909885
897.702,0.0554209,0.047409,0.0473159,0.0466997,0.0506692,0.049662,0.0567395,0.0614554,0.0611059,0.0524327,0.0646896,0.0721623,0.0755948,0.0760187,0.0812817,0.0896462,0.101964,0.090514,0.105065
898.048,0.057017,0.0472489,0.0495373,0.0607769,0.0530168,0.051563,0.0604039,0.0631218,0.0637929,0.0685206,0.0636801,0.0676236,0.0810618,0.0937809,0.0778733,0.0851776,0.10494,0.0989138,0.10267
898.393,0.0563758,0.0492788,0.0509447,0.0498199,0.0576228,0.064175,0.0616462,0.0513658,0.0652494,0.066796,0.0606309,0.0740565,0.0743712,0.0797206,0.0735867,0.0976774,0.0905516,0.0945363,0.0977927
898.738,0.0499626,0.047507,0.0459167,0.0411926,0.0479304,0.0540975,0.0563611,0.0527717,0.0635468,0.0598399,0.0713285,0.0764649,0.0705582,0.0792212,0.0905889,0.101763,0.0811733,0.0994843,0.10266
899.084,0.0484949,0.0424936,0.0449344,0.0459478,0.0495449,0.0555571,0.0516093,0.0460014,0.05986,0.0589456,0.0604354,0.0662836,0.062951,0.0735505,0.080089,0.084475,0.0822386,0.0901774,0.105024
899.429,0.052531,0.0557502,0.0441309,0.0502963,0.0473221,0.0551949,0.0605631,0.0598558,0.0674228,0.0717056,0.0715167,0.0752776,0.0798624,0.0805437,0.0783073,0.104142,0.0931722,0.106215,0.0990788
899.774,0.0466504,0.04413,0.0476511,0.0382438,0.0483642,0.0495121,0.0554579,0.0493244,0.0608302,0.0555371,0.0675993,0.0618496,0.0720409,0.0700414,0.0803937,0.0915101,0.0893559,0.0938861,0.0932415
900.119,0.0542222,0.0469851,0.0410108,0.0490624,0.0507079,0.0517519,0.0529249,0.0556394,0.0602154,0.0603506,0.0577438,0.0618007,0.0770561,0.078917,0.0763302,0.095465,0.101093,0.0999273,0.112418
900.463,0.040048,0.0388801,0.0486978,0.0388507,0.0398919,0.0509702,0.0492762,0.0545005,0.0489141,0.0478743,0.0599162,0.0669822,0.0703501,0.0729901,0.0755534,0.0787486,0.0864057,0.0931087,0.0891883
900.808,0.041639,0.0347929,0.0376958,0.0389873,0.0467734,0.0413138,0.0524347,0.04916,0.0496507,0.0475494,0.0468818,0.0659908,0.0649867,0.0670525,0.0738698,0.0828079,0.0871772,0.0811538,0.111767
901.152,0.0432148,0.0343734,0.0370864,0.0373042,0.0331811,0.0504129,0.0463967,0.0392992,0.0538836,0.0626906,0.0539289,0.0581768,0.0758872,0.0617709,0.0802742,0.0655387,0.0806623,0.0879061,0.0990548
901.497,0.0427726,0.0358912,0.0357817,0.0466806,0.0547402,0.0443924,0.0488931,0.0475879,0.0467378,0.0653175,0.0530322,0.0738246,0.0633377,0.0779607,0.0803272,0.0854803,0.0899338,0.0906368,0.0861749
901.841,0.0656217,0.0648347,0.0561649,0.0745376,0.0627278,0.0622295,0.0702411,0.0589709,0.0641714,0.0853788,0.0847902,0.0850384,0.100166,0.084707,0.100416,0.106303,0.120292,0.113361,0.124251
902.185,0.041497,0.0314228,0.0499207,0.0577265,0.0505967,0.0405734,0.0531822,0.0589825,0.0512953,0.0577419,0.0609978,0.0626806,0.0695774,0.0718104,0.0887217,0.0905751,0.0952797,0.0911321,0.101013
902.529,0.0276329,0.0296604,0.025089,0.0443363,0.0372927,0.0299145,0.0585235,0.0422346,0.0472425,0.0619873,0.0505293,0.0458482,0.058793,0.0720556,0.0622646,0.0786243,0.0836882,0.0915359,0.0933389
902.873,0.0487501,0.0457416,0.0436864,0.0486638,0.0479742,0.049502,0.0545857,0.0600547,0.0593023,0.060172,0.0671962,0.0671577,0.064629,0.0790631,0.0834841,0.0774583,0.0895765,0.101525,0.107384
903.216,0.0544999,0.0517881,0.0441366,0.0591472,0.0481002,0.0532545,0.0620675,0.0576402,0.0692969,0.0617361,0.077543,0.0757258,0.079668,0.0977121,0.0788316,0.0902391,0.0940609,0.104797,0.101317
903.56,0.0419124,0.0433366,0.032488,0.0395359,0.0443478,0.0461944,0.0405109,0.0648005,0.0489303,0.0640368,0.0676613,0.0790715,0.0815437,0.0709316,0.0756132,0.0892946,0.0915426,0.106125,0.0992861
903.903,0.0431755,0.0378907,0.0441892,0.0475466,0.0375948,0.0478666,0.0428522,0.0468758,0.0512616,0.0586798,0.0563188,0.059855,0.0651807,0.0886853,0.0729856,0.0754509,0.0912977,0.0972594,0.102408
904.247,0.0478901,0.0396213,0.0476491,0.0426888,0.0538202,0.0455615,0.0473778,0.0577014,0.0603936,0.0595726,0.0515912,0.0790542,0.0607001,0.0757706,0.0815455,0.0793032,0.0951234,0.0899809,0.095298
904.59,0.0523601,0.042232,0.0579115,0.0492815,0.0542945,0.0459807,0.0601813,0.0571341,0.0551218,0.0656228,0.0542586,0.0725383,0.0773723,0.0803147,0.0846052,0.085016,0.0882611,0.0971751,0.0925223
904.933,0.0509179,0.0510953,0.0453269,0.0545793,0.048123,0.0580478,0.04269,0.0667597,0.0521889,0.0726531,0.0519206,0.0817973,0.0832287,0.0878369,0.0859211,0.0932366,0.0971515,0.10303,0.0977296
905.276,0.0374069,0.0438922,0.0400466,0.0449346,0.0556358,0.0477639,0.051143,0.0590366,0.0455335,0.0486867,0.0549912,0.0700164,0.0605836,0.0713363,0.0755615,0.0779419,0.0853907,0.0927551,0.0850881
905.619,0.057616,0.0461802,0.0462421,0.0526871,0.0533958,0.0547415,0.0564642,0.0521226,0.0608772,0.0685294,0.0705423,0.0797092,0.0760383,0.0785358,0.0876297,0.102883,0.102287,0.100161,0.114213
905.961,0.0399928,0.0421909,0.0401486,0.0446765,0.0474026,0.0517604,0.0532342,0.0524855,0.0582671,0.0588436,0.0566332,0.0685079,0.0652017,0.0643609,0.0862284,0.0918922,0.0965786,0.0870325,0.0962452
906.304,0.0504596,0.0617363,0.0533636,0.0526507,0.05095,0.0501801,0.0585817,0.0544475,0.0607858,0.0709643,0.0709725,0.0709837,0.0837467,0.0701542,0.0870733,0.0956444,0.104638,0.097131,0.0897229
906.646,0.0625494,0.0599373,0.0535935,0.0592611,0.059612,0.0617108,0.0663678,0.0749225,0.0804872,0.0641109,0.0637428,0.0756004,0.0894914,0.0877095,0.0930121,0.101154,0.102573,0.105865,0.101278
906.988,0.0296539,0.0319595,0.0439604,0.0279042,0.0391687,0.0272525,0.0386852,0.0488964,0.0466376,0.0425766,0.0423304,0.0614677,0.077726,0.0647934,0.0734623,0.0748873,0.0832653,0.0838088,0.0806685
907.331,0.0547427,0.0383665,0.0537024,0.0352317,0.0585013,0.0434621,0.048394,0.0511796,0.054751,0.0604517,0.0648458,0.0764034,0.0716593,0.079497,0.0790723,0.090448,0.104288,0.106988,0.09629
907.673,0.0436205,0.0484539,0.0339259,0.0544229,0.0617139,0.0377703,0.0428364,0.0489115,0.0505073,0.0555227,0.0528061,0.0692038,0.0684779,0.0740128,0.0776796,0.0919955,0.0820477,0.100762,0.09638
908.015,0.0435041,0.0404278,0.035671,0.0472051,0.0393659,0.0589669,0.0410518,0.0443712,0.05317,0.0522946,0.0585547,0.0652914,0.0704424,0.0766693,0.0827204,0.0969941,0.0950815,0.0938726,0.091163
908.356,0.0314951,0.041194,0.0324434,0.041139,0.0439981,0.0438388,0.0345276,0.0391492,0.0436009,0.0498322,0.0470292,0.0671361,0.0659457,0.0647173,0.0705327,0.0775029,0.073069,0.0865253,0.0920252
908.698,0.0404212,0.0341129,0.0247341,0.0418603,0.0405769,0.0311666,0.0414225,0.0469715,0.0440856,0.0506828,0.0587534,0.070773,0.0705568,0.0709723,0.0737763,0.0872618,0.0798843,0.0770888,0.0979565
909.04,0.0432004,0.0337456,0.0458576,0.0350974,0.0447183,0.0363629,0.0518895,0.0573926,0.0532314,0.0590174,0.0641645,0.0586615,0.0672851,0.0891098,0.0735787,0.0861191,0.0960322,0.0868284,0.0958252
909.381,0.0497536,0.0462427,0.0507425,0.0506766,0.0586108,0.05964,0.0612254,0.0633935,0.0624394,0.0695838,0.0750176,0.0712482,0.078609,0.0948561,0.092278,0.0908313,0.0944363,0.0934382,0.101555
909.722,0.0318173,0.0373907,0.0373642,0.0389528,0.0377834,0.0400685,0.061972,0.0547606,0.0496663,0.0561421,0.0556177,0.0697007,0.0801847,0.0849114,0.0859749,0.0748872,0.0913932,0.0862413,0.098108
910.063,0.0550671,0.0411293,0.038886,0.0597993,0.0607475,0.0530734,0.0536946,0.0549302,0.0718132,0.0726151,0.0769618,0.0823921,0.0785586,0.0773133,0.084927,0.0817806,0.0888103,0.105645,0.0939271
910.405,0.0427975,0.042428,0.0525435,0.0485361,0.0446619,0.0526538,0.0561967,0.0567775,0.0634247,0.0617509,0.0782395,0.0677817,0.0777498,0.086084,0.0906939,0.0930843,0.0914709,0.101641,0.100711
910.745,0.0391805,0.0398988,0.0601414,0.042831,0.0470817,0.0396681,0.0533753,0.0558377,0.0548454,0.0674178,0.0645277,0.0741284,0.0740201,0.0769012,0.0771028,0.0873805,0.0862935,0.0907659,0.102166
911.086,0.0439353,0.0381906,0.0384995,0.0465846,0.0403396,0.0308407,0.044912,0.0435907,0.0456867,0.0444235,0.054048,0.059013,0.0642915,0.0668082,0.0831521,0.0908575,0.0838521,0.0902608,0.092614
911.427,0.0433586,0.0449167,0.0424242,0.0580506,0.0465848,0.0493037,0.0573479,0.0456978,0.0497909,0.0515561,0.0460392,0.0769671,0.0737908,0.0826134,0.0927136,0.0949335,0.0952304,0.106718,0.0959653
911.767,0.0631493,0.0574936,0.0520491,0.0547836,0.0493606,0.056173,0.0690557,0.0728785,0.0653615,0.068714,0.0675241,0.0814485,0.0736683,0.0838364,0.0944051,0.0834242,0.0927638,0.111582,0.102847
912.108,0.0562786,0.0566736,0.0552856,0.063393,0.0585392,0.0504451,0.0673844,0.0548042,0.052095,0.0748126,0.0660889,0.0642466,0.0749052,0.0930964,0.0890435,0.0952001,0.105243,0.116198,0.111785
912.448,0.0320665,0.043186,0.0501769,0.0557641,0.0605723,0.0427087,0.0499358,0.0543281,0.0510105,0.0576774,0.072283,0.064759,0.0712974,0.0834734,0.0954041,0.0954082,0.0906424,0.0915998,0.0962167
912.788,0.0400267,0.0467364,0.0540703,0.0500486,0.0492575,0.0586029,0.0585735,0.0557927,0.0664085,0.0584253,0.0778446,0.0659713,0.0721109,0.0918991,0.0837438,0.106039,0.100503,0.0894749,0.102006
913.128,0.048858,0.0401965,0.0454814,0.0659551,0.04299,0.0406624,0.0520892,0.0461795,0.0635296,0.0644428,0.0637397,0.0806151,0.0737158,0.0713311,0.0684873,0.0799586,0.0866702,0.0921196,0.0959792
913.468,0.0596545,0.0636129,0.0530323,0.0543904,0.0527079,0.0602167,0.0660011,0.0603538,0.0603172,0.063282,0.0656482,0.082152,0.0765865,0.0862385,0.0779846,0.106727,0.100107,0.108636,0.105918
913.808,0.0357971,0.0363509,0.041472,0.0387483,0.0275021,0.04092,0.0415328,0.0591788,0.0452381,0.0518637,0.0580778,0.0626045,0.0659885,0.0804861,0.08092,0.089809,0.0869868,0.0913126,0.0902769
914.148,0.0288765,0.020577,0.0536072,0.0483627,0.0359114,0.0400197,0.0556493,0.0548932,0.0540379,0.0383589,0.0634356,0.0756171,0.063977,0.0737674,0.0829671,0.0798461,0.0760996,0.0954831,0.0966987
914.487,0.0320662,0.0430451,0.0478397,0.042754,0.0544539,0.039693,0.0519932,0.0438083,0.0540812,0.0671384,0.0720106,0.073259,0.0773209,0.0788254,0.0852134,0.0931071,0.0851288,0.10976,0.0965936
914.826,0.0456542,0.0357319,0.0532226,0.0583794,0.0605686,0.0450913,0.0718617,0.0679869,0.0573969,0.0529727,0.0640431,0.0776707,0.0766444,0.0826974,0.0928985,0.095534,0.107904,0.100041,0.100895
915.166,0.0341795,0.0414271,0.0364899,0.0482456,0.0425069,0.0408894,0.0565178,0.0529618,0.0376012,0.0547632,0.0516092,0.053383,0.0563547,0.0705033,0.0738322,0.0761006,0.0874278,0.0969154,0.0964356
915.505,0.0382554,0.0431546,0.054462,0.0543023,0.0340965,0.0515349,0.0639541,0.0582397,0.0489413,0.0630743,0.0749203,0.0750207,0.0674693,0.0701215,0.0935238,0.0939826,0.0867282,0.100578,0.0905381
915.844,0.0489748,0.0445313,0.0470191,0.069518,0.0435541,0.0518253,0.0750984,0.0597665,0.0566374,0.0525562,0.058361,0.0622606,0.0685648,0.0848864,0.0844196,0.0832498,0.0969908,0.100211,0.113539
916.183,0.0590656,0.0487839,0.046704,0.046054,0.042752,0.0585929,0.0444827,0.0531695,0.0632767,0.0603319,0.0652544,0.0758952,0.0730472,0.0874123,0.0975613,0.0949561,0.0981024,0.10232,0.103374
916.522,0.0437833,0.0370507,0.0466663,0.0467434,0.0514459,0.0538447,0.0523644,0.0569368,0.0561754,0.0660475,0.0685063,0.0610705,0.0728046,0.0735602,0.0712226,0.096059,0.109027,0.10631,0.101122
916.86,0.0516972,0.0436678,0.045841,0.0550832,0.0588026,0.0522647,0.0544161,0.0562698,0.0597728,0.0670209,0.0813837,0.075055,0.0854739,0.0718457,0.083971,0.0915106,0.0978121,0.104224,0.102669
917.199,0.0528261,0.0562937,0.069853,0.0565353,0.0654762,0.0609726,0.0672052,0.0813294,0.058544,0.0742984,0.0841843,0.0808042,0.0968334,0.0863214,0.111316,0.0913806,0.105394,0.111055,0.121767
917.537,0.0352787,0.040225,0.0397914,0.0269264,0.0374402,0.0463284,0.0380531,0.0457467,0.0553148,0.0375147,0.0374656,0.0544304,0.0570313,0.0704126,0.0831682,0.0791541,0.0832587,0.101287,0.0845881
917.875,0.0510371,0.0537726,0.0558978,0.0522284,0.0705804,0.0487166,0.053965,0.057144,0.0491927,0.0599121,0.0606236,0.0627717,0.0841406,0.0753039,0.0828223,0.103621,0.0971342,0.0946556,0.100232
918.213,0.0520487,0.04771,0.0479942,0.0545994,0.0531177,0.0462817,0.0545717,0.0450275,0.050675,0.0538993,0.0641595,0.0620108,0.0808166,0.0748012,0.0746469,0.0967499,0.0897603,0.0953398,0.101208
918.551,0.0447238,0.0352192,0.0521624,0.0557035,0.0534941,0.0622833,0.0559159,0.0674829,0.0566,0.0617803,0.0814398,0.0784892,0.0756798,0.0875646,0.0894259,0.0967381,0.10021,0.123002,0.0952614
918.889,0.0456358,0.0433305,0.0360847,0.0411999,0.0652809,0.0477819,0.0532827,0.0509438,0.0594404,0.0638591,0.0611199,0.0792814,0.0723427,0.0721202,0.0734619,0.102388,0.101909,0.116524,0.105846
919.227,0.0510792,0.0249496,0.0498898,0.0377463,0.0460159,0.0479567,0.042451,0.0400232,0.0500379,0.0475309,0.0608092,0.0706024,0.0658905,0.0822055,0.0625197,0.0749546,0.0861159,0.0998243,0.0882819
919.565,0.0460279,0.0385806,0.0450656,0.0589335,0.0575609,0.0445198,0.0490921,0.0672969,0.0841938,0.0806265,0.0813354,0.0735196,0.0843972,0.0942718,0.0985612,0.0957952,0.0990334,0.110986,0.113989
919.902,0.0558564,0.0432577,0.0635443,0.0523781,0.0501505,0.0538269,0.0678026,0.057514,0.0507595,0.0564556,0.0689375,0.0702804,0.0778025,0.0800656,0.0951617,0.0919276,0.0811449,0.104325,0.0978917
920.24,0.0470776,0.0440568,0.0461376,0.0502077,0.0482667,0.0564899,0.0584743,0.0592495,0.068384,0.061169,0.0464621,0.0708054,0.0701096,0.076268,0.0813014,0.0860628,0.099677,0.102877,0.0964454
920.577,0.0291193,0.0386579,0.0278311,0.0497785,0.0651158,0.054067,0.059283,0.0374265,0.0541512,0.0533511,0.0533851,0.0681115,0.0699304,0.0668807,0.0845995,0.086108,0.095154,0.0981073,0.092565
920.914,0.0300992,0.0300533,0.0470935,0.0423086,0.0497149,0.0385095,0.0451016,0.0427428,0.0490613,0.0480796,0.0689194,0.0679236,0.056368,0.0685694,0.068836,0.0771521,0.0833105,0.0857351,0.101356
921.251,0.0395697,0.0494667,0.0675398,0.0468965,0.0499797,0.0597318,0.0687428,0.0641192,0.0708501,0.0736635,0.0781241,0.0890218,0.0871796,0.0954599,0.0838088,0.1021,0.107967,0.103186,0.110591
921.588,0.0469666,0.0434465,0.0452079,0.0458158,0.0555756,0.0560627,0.0439904,0.0515372,0.0506871,0.0549054,0.064556,0.066907,0.0890122,0.0677068,0.0765816,0.0915131,0.100115,0.107962,0.0877383
921.924,0.0652823,0.0715116,0.0592243,0.0688798,0.0767918,0.0662347,0.0767091,0.0664189,0.0822158,0.0794929,0.0740816,0.0885966,0.0924375,0.0724885,0.0837713,0.108625,0.0921727,0.107911,0.100004
922.261,0.0461507,0.0299558,0.0347291,0.0371796,0.0401337,0.0391893,0.0449937,0.0437685,0.0391266,0.048218,0.0369138,0.0578083,0.0616281,0.0662195,0.0701784,0.0793663,0.0676201,0.0909407,0.0885239
922.598,0.047989,0.0407113,0.0452963,0.0611539,0.0558282,0.0546894,0.0484358,0.0609818,0.0641843,0.0470286,0.0850655,0.0661316,0.0810292,0.0816518,0.0824526,0.0988,0.102256,0.098459,0.108305
922.934,0.040082,0.0361237,0.0424177,0.0493591,0.0351373,0.0454939,0.0530887,0.0527133,0.0523156,0.0540391,0.0612372,0.0551861,0.0682099,0.0811377,0.0801027,0.0903523,0.0756814,0.114016,0.0861909
923.27,0.0349968,0.0318513,0.036737,0.0308051,0.0475589,0.0429658,0.041842,0.0541238,0.0635435,0.0505791,0.0401528,0.0505971,0.0610126,0.061878,0.0716708,0.0861057,0.079835,0.0869021,0.0890213
923.606,0.0276188,0.0293375,0.0477071,0.0438744,0.0464913,0.0330148,0.0397019,0.0426867,0.0608598,0.050065,0.0512151,0.0589351,0.0649583,0.0599501,0.0610375,0.0774885,0.0654735,0.086242,0.0860009
923.942,0.0393618,0.0287927,0.029825,0.0199104,0.0526416,0.0452213,0.0456085,0.0394812,0.0588585,0.0499932,0.0594995,0.0500868,0.0725031,0.0841491,0.0737295,0.0834533,0.0876185,0.0897486,0.111853
924.278,0.0350215,0.0435201,0.0441864,0.0526893,0.0495741,0.0527749,0.0628243,0.0554429,0.0554893,0.07497,0.0568256,0.0655348,0.066765,0.0811251,0.0858207,0.0889172,0.0994221,0.095907,0.0983126
924.614,0.0437685,0.048574,0.0530669,0.0540585,0.0540612,0.0522251,0.0670399,0.0699129,0.0751851,0.0710356,0.0695533,0.0894638,0.0869395,0.08725,0.0910407,0.0964449,0.102698,0.104299,0.104421
924.949,0.0481526,0.0491737,0.0440574,0.0606452,0.0575081,0.0437268,0.0492893,0.0600708,0.054827,0.0751356,0.0751361,0.0733748,0.0816207,0.0753432,0.0871251,0.0985091,0.0866423,0.0937802,0.105124
925.285,0.0417237,0.029362,0.0351975,0.04334,0.0532529,0.0459918,0.0584469,0.061028,0.0553332,0.0425603,0.0692392,0.0824434,0.0616711,0.061197,0.0963024,0.0739668,0.0892735,0.0911684,0.0862787
925.62,0.0525691,0.0537933,0.0572544,0.0635268,0.0527927,0.0568713,0.0699353,0.0509088,0.0666509,0.0745775,0.0920312,0.0714664,0.0851644,0.07559,0.0890618,0.101425,0.110688,0.107525,0.115411
925.955,0.0413028,0.0443059,0.0373072,0.026532,0.0228331,0.0219862,0.0477201,0.0394926,0.0340536,0.042526,0.0528405,0.0574417,0.0612077,0.0716995,0.0718287,0.0615515,0.0736735,0.0897936,0.0837706
926.29,0.0514082,0.0555407,0.0583332,0.0487972,0.0626602,0.0630787,0.0516797,0.0633628,0.0542427,0.0579839,0.0701736,0.0663108,0.0812501,0.0814998,0.0812595,0.0809701,0.116318,0.115215,0.100808
926.625,0.036152,0.0568676,0.0578516,0.0650769,0.0640508,0.0535966,0.0591454,0.0552121,0.0552225,0.0601672,0.0683168,0.0795125,0.0643047,0.0931351,0.0882318,0.106228,0.102152,0.107515,0.0995421
926.96,0.0343589,0.0568127,0.0638316,0.0539779,0.0311641,0.0495383,0.0533368,0.0621681,0.0612214,0.0526275,0.0634837,0.0567289,0.0640115,0.0722607,0.093636,0.10215,0.0913836,0.107748,0.1031
927.295,0.0437725,0.0602954,0.0588195,0.0453064,0.0535483,0.0480577,0.0589851,0.0612344,0.0599015,0.0668006,0.0667585,0.0601819,0.0681482,0.0653259,0.081166,0.0986991,0.0847568,0.0948197,0.101027
927.629,0.0338257,0.050618,0.0410188,0.052092,0.0476093,0.044636,0.064943,0.0426694,0.0673941,0.0494228,0.0723256,0.0641984,0.0725443,0.0859854,0.0865163,0.111173,0.0941783,0.115531,0.10027
927.964,0.0367725,0.0203852,0.0514106,0.0424842,0.04967,0.0391334,0.0310816,0.0490924,0.0511878,0.0400511,0.0625702,0.0682557,0.0778679,0.0649712,0.0773437,0.083832,0.0994664,0.0915602,0.0897633
928.298,0.0431407,0.0551118,0.0545053,0.0431386,0.0642645,0.0618185,0.0623371,0.0599305,0.0623454,0.0708781,0.075508,0.0802626,0.092277,0.0872774,0.0789164,0.109872,0.10151,0.114761,0.112397
928.632,0.0334886,0.0526143,0.0532687,0.0538162,0.0541055,0.0600786,0.0437992,0.044174,0.0694609,0.0743557,0.0761511,0.070766,0.0716968,0.0709138,0.0960201,0.0939073,0.0984151,0.0939044,0.0962178
928.967,0.0517824,0.047961,0.0570573,0.0416818,0.0560429,0.0532008,0.0620571,0.0660835,0.051682,0.0607257,0.0797752,0.0681929,0.0657104,0.0843724,0.0936375,0.0824719,0.0994676,0.100874,0.102921
929.3,0.0242106,0.0222919,0.0135286,0.0176982,0.0425922,0.0276618,0.0434691,0.0454383,0.0284223,0.0409474,0.0333292,0.0441352,0.0421509,0.0626812,0.0680494,0.0793605,0.0677901,0.0757431,0.0925858
929.634,0.0377487,0.0344229,0.0478198,0.0326761,0.0530009,0.035095,0.0508847,0.0538172,0.0567373,0.0491007,0.0570671,0.0616048,0.0687184,0.0583993,0.0677653,0.0932808,0.097622,0.0985111,0.0926796
929.968,0.0396752,0.0508085,0.047882,0.0516723,0.0424281,0.0444397,0.0537091,0.056757,0.0437408,0.0680507,0.0547784,0.072972,0.0815391,0.0712488,0.0694783,0.104301,0.0955773,0.105148,0.0951641
930.302,0.0468757,0.0352822,0.0460532,0.0344914,0.0413467,0.038168,0.0590088,0.0521246,0.0383151,0.0591171,0.0523178,0.0593456,0.076847,0.0649157,0.0720356,0.0787436,0.095201,0.0880747,0.104152
930.635,0.0400549,0.0448106,0.0513778,0.0648258,0.0693428,0.0548339,0.0640675,0.0638516,0.0632305,0.0497282,0.0622838,0.0642823,0.0714847,0.0806866,0.0786283,0.0965492,0.101028,0.0986467,0.108783
930.968,0.0523794,0.0578439,0.0513472,0.0515945,0.0586148,0.0607085,0.0626121,0.0534516,0.0661464,0.0633127,0.071789,0.089054,0.0901055,0.0909514,0.0953502,0.113517,0.114728,0.110815,0.114008
931.301,0.0540199,0.0577869,0.0511748,0.05182,0.0584356,0.0599971,0.0588547,0.0541074,0.0677545,0.0681447,0.0744894,0.0770693,0.0797682,0.0820751,0.0947629,0.109931,0.106413,0.106834,0.106972
931.634,0.0557902,0.0577827,0.0507074,0.051776,0.058302,0.0587147,0.05502,0.0548171,0.0691575,0.0728506,0.0770642,0.0642704,0.0686822,0.072248,0.0945357,0.106178,0.0982184,0.102202,0.0993103
931.967,0.0500182,0.0585517,0.0469583,0.0516702,0.050269,0.0598061,0.0569341,0.06212,0.0629673,0.0636499,0.0596352,0.0752339,0.0933415,0.0935777,0.0860925,0.0990737,0.106419,0.108409,0.113805
932.3,0.0556135,0.0315652,0.030061,0.0617107,0.0440548,0.0391258,0.0445541,0.0394273,0.0482763,0.0462184,0.0460968,0.0582844,0.0635552,0.0618136,0.081187,0.105579,0.0979299,0.0845466,0.0947345
932.633,0.055886,0.0454459,0.0519566,0.0352636,0.0558454,0.0345293,0.0524765,0.0397678,0.0516463,0.0611406,0.0579768,0.0730222,0.0674914,0.0842298,0.0796866,0.077855,0.0796197,0.0813473,0.0770913
932.965,0.0481513,0.0384056,0.0455658,0.0505788,0.0408731,0.0635979,0.0490666,0.0577016,0.0572389,0.0584589,0.0600118,0.0649647,0.0652602,0.0689893,0.0767823,0.072188,0.0762238,0.10019,0.0875467
933.298,0.0385777,0.064564,0.0439373,0.0603156,0.0596044,0.057843,0.0533511,0.0744641,0.076274,0.0598237,0.0756015,0.0698972,0.0890695,0.0881045,0.0997994,0.106938,0.0969271,0.0941616,0.117042
933.63,0.0476879,0.0404323,0.0403715,0.0394324,0.0410395,0.0509142,0.0447913,0.0567135,0.0594777,0.0624936,0.0549017,0.0538166,0.0634856,0.0729644,0.0763792,0.0861792,0.0890625,0.106001,0.0967864
933.962,0.0447927,0.0295163,0.0451307,0.0319517,0.0385895,0.048022,0.045699,0.0752143,0.0458101,0.0541889,0.049709,0.0654575,0.0463566,0.0412472,0.0884342,0.0909363,0.0850702,0.0844951,0.0936522
934.294,0.0458355,0.0341274,0.0475557,0.0439811,0.0403009,0.0397687,0.041374,0.0486954,0.0579013,0.0665132,0.0551419,0.0578285,0.0726584,0.0710078,0.0736626,0.0900614,0.0968084,0.0937545,0.101604
934.626,0.0660596,0.0541136,0.055938,0.0668153,0.0535016,0.065777,0.0471905,0.0609341,0.057414,0.0581314,0.0553317,0.0782862,0.0859317,0.096198,0.0964544,0.0868291,0.116254,0.101294,0.102077
934.958,0.0287949,0.0366476,0.0381072,0.0167415,0.0348207,0.0423333,0.052229,0.0393733,0.0403265,0.0563118,0.0583367,0.0787398,0.0734412,0.0740762,0.088207,0.0884281,0.0639334,0.0957453,0.101055
935.29,0.0538944,0.0399674,0.0297052,0.0222721,0.0449945,0.0444114,0.0557404,0.0418739,0.0513638,0.0488278,0.065373,0.0438051,0.0772587,0.0706184,0.0843284,0.0921842,0.0852497,0.104972,0.102146
935.621,0.0607879,0.049198,0.0497545,0.0433714,0.071421,0.0644562,0.0524665,0.067651,0.0716647,0.0556967,0.0851328,0.0814131,0.0715257,0.077806,0.0907236,0.11033,0.101202,0.0988983,0.12341
935.953,0.0335146,0.0440196,0.0407094,0.0512654,0.0350866,0.0383491,0.0598884,0.0607677,0.0523429,0.0686389,0.0686354,0.0791545,0.064097,0.071439,0.0824858,0.095589,0.0828078,0.0996087,0.108092
936.284,0.0382932,0.0658322,0.0573268,0.0526417,0.0480186,0.0644961,0.0605222,0.064973,0.0674067,0.0680204,0.0751595,0.0612668,0.0723949,0.107942,0.0832898,0.0984791,0.099032,0.120812,0.126516
936.615,0.0391732,0.0589415,0.0600022,0.0681679,0.0475382,0.0648226,0.0468125,0.0617621,0.06172,0.0830029,0.0600251,0.091527,0.0708524,0.0611989,0.0806341,0.0918261,0.11763,0.10415,0.11246
936.946,0.0508257,0.0675117,0.0471559,0.0448563,0.0743389,0.0460525,0.0671218,0.0647165,0.072018,0.0579843,0.0797148,0.0657978,0.0824816,0.0758941,0.0786761,0.0818343,0.0895756,0.116169,0.0967817
937.277,0.047405,0.0405202,0.0299901,0.0370535,0.0452609,0.0533158,0.0598813,0.0393871,0.04943,0.0515599,0.0561627,0.0741429,0.0772535,0.0894348,0.0683756,0.0807753,0.0874972,0.091536,0.0836629
937.608,0.0302576,0.0330578,0.0417067,0.0368306,0.0460988,0.0276808,0.035997,0.0483962,0.041099,0.0436167,0.0595313,0.0539072,0.044918,0.0702147,0.0730819,0.0521195,0.0862963,0.0880771,0.0812098
937.938,0.0443856,0.0280325,0.0553602,0.0425003,0.0410687,0.0548126,0.0342385,0.0500565,0.0530864,0.0518061,0.0675555,0.0675676,0.052448,0.0636394,0.092144,0.0865106,0.0999834,0.0957988,0.0772167
938.269,0.0564798,0.0338158,0.0478151,0.0554594,0.0471705,0.0491615,0.0432952,0.0566159,0.061026,0.0623919,0.0681274,0.0803219,0.0630668,0.0772923,0.0936093,0.0935012,0.079246,0.0837207,0.105558
938.599,0.0467882,0.0452658,0.0504159,0.0499968,0.0357946,0.0562986,0.0728451,0.0589622,0.0681641,0.0597427,0.0723042,0.0736521,0.0615915,0.0522137,0.0858495,0.0922062,0.0958098,0.096643,0.0927253
938.929,0.0327397,0.0281883,0.019003,0.0242935,0.0400149,0.0387715,0.0315374,0.0343223,0.0533901,0.0541412,0.0446922,0.0489008,0.0537346,0.0776631,0.0776631,0.0697032,0.0764393,0.0929156,0.0748596
939.26,0.0392949,0.0619224,0.0320936,0.0460278,0.0509589,0.0578555,0.0562302,0.0583831,0.0499402,0.0664625,0.0477417,0.0848503,0.0649506,0.0738524,0.0854456,0.098423,0.100153,0.0874242,0.115306
939.59,0.0231703,0.0286652,0.0304058,0.0223972,0.0288376,0.0416389,0.0475843,0.0709538,0.0508884,0.0529653,0.0581201,0.0568508,0.0649438,0.0636335,0.0543736,0.0813737,0.0949506,0.0770019,0.0883365
939.919,0.0176556,0.0276456,0.0176733,0.0324609,0.0277974,0.0348966,0.0562045,0.0439267,0.0351924,0.0478803,0.0465601,0.0502257,0.0482193,0.0559507,0.0597583,0.0518061,0.0900111,0.0825618,0.0855512
940.249,0.0399348,0.0384522,0.032967,0.0458204,0.0440188,0.0344126,0.0685227,0.0516306,0.0464918,0.0539057,0.0611133,0.0468656,0.0634648,0.0666836,0.0719553,0.083768,0.0766947,0.106628,0.0982034
940.579,0.0413201,0.0326984,0.0311566,0.0346591,0.0416531,0.0226,0.063578,0.0456891,0.0522384,0.041603,0.0493619,0.0660563,0.0678335,0.0732337,0.0764274,0.0742687,0.0994175,0.0968246,0.0789283
940.908,0.041697,0.0525523,0.0653041,0.0592453,0.0525276,0.0402232,0.0552271,0.0502171,0.0526042,0.0616292,0.060115,0.0696878,0.0799518,0.0672544,0.0988811,0.0867055,0.102336,0.101395,0.0997174
941.238,0.0294072,0.0658795,0.0175964,0.0471407,0.0330611,0.0309559,0.0406593,0.0301097,0.0407596,0.0498443,0.0582139,0.0595229,0.0569205,0.0760323,0.0673928,0.0888718,0.0739946,0.0710261,0.0867573
941.567,0.0680246,0.0486174,0.0477716,0.0714588,0.0741247,0.0676235,0.081385,0.0584798,0.0741744,0.0770731,0.0801838,0.0975421,0.0859595,0.104988,0.100659,0.0899054,0.125429,0.106478,0.117995
941.896,0.051582,0.0508446,0.0603613,0.044058,0.0583476,0.0701374,0.0514151,0.0648793,0.0701972,0.0693463,0.0628761,0.0850389,0.0898586,0.101296,0.101324,0.0988138,0.0870215,0.086842,0.100517
942.225,0.0493383,0.0641883,0.0615007,0.0657962,0.0643895,0.0678847,0.0544677,0.0619105,0.0795127,0.0575572,0.068076,0.0741641,0.0667158,0.0905102,0.116897,0.102673,0.108914,0.116869,0.128815
942.554,0.0620644,0.0447408,0.0413494,0.048088,0.0713979,0.0640172,0.0848257,0.0742393,0.0562609,0.059983,0.0692148,0.079619,0.0766092,0.074348,0.10227,0.0944258,0.101352,0.0877953,0.123824
942.883,0.032703,0.0501373,0.032947,0.0454235,0.0638816,0.0324306,0.0604519,0.055111,0.048735,0.0649098,0.0432035,0.058346,0.0599691,0.0725867,0.068808,0.0922855,0.0896659,0.102728,0.0913897
943.211,0.0543422,0.0256209,0.0435997,0.0305985,0.0409617,0.0408909,0.0608105,0.0467837,0.0504548,0.0676792,0.0606242,0.0565618,0.0718436,0.0759364,0.0755851,0.0858925,0.0683635,0.100296,0.0799391
943.54,0.039507,0.0335126,0.0327081,0.0465461,0.0540903,0.0450289,0.061086,0.0352962,0.0704857,0.0504314,0.0478457,0.0458466,0.0632426,0.0580061,0.0723217,0.100809,0.0883451,0.092595,0.0928283
943.868,0.0406765,0.0230458,0.0260916,0.0287519,0.0400852,0.0469852,0.0520153,0.0453715,0.0396081,0.0617125,0.0510967,0.0373694,0.0567971,0.0668765,0.0655252,0.0860447,0.0788867,0.103035,0.0952298
944.196,0.050497,0.0312226,0.0414839,0.05158,0.052487,0.0419093,0.0610352,0.0305147,0.0333498,0.0612168,0.0575457,0.0560558,0.0321827,0.0747112,0.0799738,0.0809893,0.0844282,0.0951786,0.0846261
944.524,0.048574,0.0323715,0.0468559,0.0736164,0.062285,0.0494426,0.0520947,0.0604586,0.0699184,0.0761313,0.0658105,0.0767142,0.0734638,0.0872548,0.0739722,0.121244,0.0919209,0.125789,0.105556
944.852,0.0394073,0.0567399,0.029164,0.0595664,0.0638412,0.0542817,0.056259,0.0775378,0.0572003,0.0740291,0.058344,0.0689621,0.0592315,0.0873254,0.0772377,0.0962104,0.100859,0.115776,0.112899
945.18,0.0363319,0.0665068,0.0294364,0.0762405,0.0616652,0.0312608,0.0323354,0.0473303,0.0549748,0.0463528,0.0574919,0.0686755,0.0549345,0.0832966,0.0951158,0.0758664,0.103354,0.0879698,0.109144
945.508,0.0668294,0.0565526,0.0680647,0.0735415,0.0509884,0.0783832,0.0776605,0.0697776,0.0601128,0.114338,0.068116,0.0854311,0.0915749,0.100787,0.0899566,0.115754,0.111219,0.106177,0.138554
945.835,0.042349,0.0327639,0.0222517,0.0521644,0.0448441,0.059049,0.0725592,0.0762431,0.0623386,0.0741176,0.0509845,0.0627216,0.0723181,0.0782842,0.0806007,0.0691741,0.0935881,0.0953656,0.0915061
946.163,0.0419753,0.0432888,0.0502513,0.0500135,0.0411199,0.0710311,0.0528094,0.0566648,0.0722465,0.0646374,0.0799246,0.08732,0.0705471,0.0823566,0.113992,0.0786934,0.0913214,0.0964925,0.10601
946.49,0.0311712,0.0328796,0.0285179,0.038279,0.0495339,0.0483535,0.0414528,0.0384124,0.0372152,0.0359496,0.0572139,0.0298133,0.074865,0.0573833,0.0844773,0.0657643,0.0725768,0.0894458,0.0891766
946.817,0.051089,0.0421654,0.0423091,0.0388157,0.0399586,0.0219181,0.0468228,0.0446633,0.0345347,0.0369348,0.0598038,0.0366597,0.0766075,0.0752635,0.089665,0.0796557,0.0854613,0.0906068,0.108986
947.144,0.0763263,0.0778754,0.0654575,0.0783624,0.0728325,0.0603406,0.0610628,0.0871591,0.0851986,0.0900534,0.0882573,0.0818563,0.0978435,0.0990183,0.095995,0.126692,0.105997,0.11711,0.130419
947.471,0.0618536,0.0589108,0.0646503,0.0479199,0.0486954,0.046553,0.0503146,0.051142,0.0634332,0.0615489,0.0818356,0.0736049,0.0710298,0.0616272,0.105342,0.103169,0.0943501,0.0943953,0.120562
947.798,0.0591775,0.0467392,0.0653597,0.0545004,0.0695329,0.0755823,0.0807929,0.0713795,0.0902804,0.0813133,0.0848347,0.0890902,0.0894447,0.100037,0.130122,0.125409,0.0998128,0.122701,0.120609
948.125,0.0610089,0.0507599,0.0450311,0.0449263,0.0626573,0.0681143,0.0568267,0.0402445,0.0722116,0.0717185,0.0666191,0.0642212,0.0864131,0.0860175,0.0712882,0.10779,0.112189,0.09623,0.125759
948.451,0.0505637,0.0641595,0.0487075,0.0577669,0.0904314,0.074086,0.0589274,0.0493066,0.0591317,0.0799699,0.073101,0.0721102,0.100076,0.100232,0.0855413,0.0967086,0.123147,0.122135,0.119576
948.778,0.0537081,0.0453021,0.0495072,0.0384012,0.0892115,0.0734895,0.0662458,0.0536645,0.0573914,0.0775932,0.0645297,0.0873816,0.086698,0.0804938,0.0788122,0.0878949,0.108141,0.123617,0.120584
949.104,0.0314036,0.0208596,0.0252159,0.00441865,0.0482535,0.0380825,0.0448832,0.029164,0.0383758,0.0292676,0.0354229,0.0571089,0.0564693,0.0775931,0.0698376,0.0727435,0.119209,0.0677137,0.0903469
949.43,0.0523904,0.0426775,0.0532024,0.0469986,0.0398048,0.0242698,0.0432111,0.0511147,0.0701899,0.0424691,0.0528588,0.0728794,0.069774,0.0885366,0.0716292,0.07822,0.0981886,0.105485,0.0983839
949.756,0.0326051,0.0419245,0.0702079,0.0529897,0.046803,0.0547305,0.0544173,0.0600974,0.036551,0.0566726,0.0779718,0.0732647,0.0729603,0.0795507,0.105235,0.0787576,0.115466,0.10505,0.116118
950.082,0.0134564,0.0151326,0.027216,0.0370585,0.025908,0.0438062,0.0319012,0.0275494,0.0288308,0.0522946,0.0440176,0.0436519,0.0722794,0.0629323,0.0531389,0.069939,0.0931817,0.0886018,0.103791
950.408,0.051061,0.0588806,0.0537176,0.0570715,0.071559,0.0671115,0.0570747,0.0759103,0.0758542,0.0772708,0.0750802,0.0687827,0.110075,0.0971489,0.0941651,0.0938402,0.0964137,0.131,0.100842
950.734,0.0655503,0.0634383,0.0573978,0.0754543,0.0739989,0.0653119,0.0912358,0.0815152,0.081325,0.0871319,0.091299,0.0880677,0.110006,0.115602,0.0978027,0.101606,0.104778,0.128019,0.113484
951.059,0.0359581,0.0687816,0.0494123,0.037604,0.0331355,0.0400766,0.0515125,0.0700017,0.0620988,0.0519262,0.0921551,0.0778162,0.0833252,0.0990756,0.101038,0.0841921,0.104574,0.116297,0.110945
951.385,0.0360833,0.0505229,0.0431075,0.0345156,0.0519857,0.048958,0.0439873,0.0610032,0.0468078,0.0765654,0.0614724,0.051304,0.0478837,0.0665818,0.0828686,0.103072,0.0937915,0.1171,0.0996046
951.71,0.0643202,0.035651,0.0345662,0.0620243,0.0478316,0.0414082,0.0548792,0.0480088,0.0631311,0.0570177,0.0661208,0.0404104,0.0618528,0.0747664,0.0761659,0.080198,0.089103,0.101023,0.10281
952.035,0.035447,0.0439231,0.017008,0.0408481,0.0511888,0.0308002,0.068708,0.0567933,0.057671,0.0759489,0.0469631,0.0708249,0.0676534,0.0874431,0.0777979,0.0828662,0.0764732,0.0826892,0.109833
952.36,0.0558235,0.0308516,0.0433735,0.0299769,0.0504092,0.0533051,0.0367983,0.0615228,0.0546046,0.0543176,0.0585244,0.0607058,0.053553,0.058888,0.0806586,0.0631233,0.0855457,0.0896114,0.105472
952.685,0.0330253,0.0586292,0.0419781,0.0404974,0.0424313,0.0558865,0.0280941,0.031443,0.0491153,0.0503407,0.0695567,0.0657994,0.0515665,0.0710616,0.0771489,0.0933307,0.0806554,0.0910825,0.0874356
953.01,0.036031,0.062306,0.0321763,0.0300599,0.0591378,0.0560218,0.0730628,0.0763454,0.0645768,0.0647893,0.0615437,0.072385,0.0867422,0.0776708,0.075191,0.120455,0.0796634,0.0994137,0.124971
953.335,0.0338048,0.0581222,0.0381467,0.0586326,0.0394691,0.0793899,0.0583216,0.0780221,0.0528179,0.0785675,0.0594028,0.0737821,0.0804441,0.0827793,0.082535,0.0996523,0.0758249,0.108297,0.0988017
953.659,0.0688366,0.057177,0.0765085,0.0448735,0.0534818,0.0553758,0.0640546,0.064548,0.0847076,0.0685318,0.0723449,0.0845821,0.0806201,0.101199,0.108728,0.0994005,0.128803,0.11311,0.113097
953.984,0.0488598,0.0523524,0.0498767,0.0410725,0.050447,0.0604367,0.0593694,0.0543823,0.0592205,0.0742352,0.068438,0.078175,0.0716391,0.0725459,0.106438,0.0932856,0.104763,0.114334,0.119864
954.308,0.0401019,0.0493186,0.0586319,0.0316078,0.0707276,0.0608477,0.0406701,0.0644694,0.0712114,0.0634687,0.0675127,0.0721726,0.0771189,0.0709519,0.083365,0.0875695,0.107418,0.101714,0.0897385
954.632,0.0570923,0.0468686,0.0517992,0.0780116,0.0549048,0.0377255,0.0759006,0.0737462,0.0603215,0.0671703,0.0496172,0.078637,0.0564637,0.0666959,0.0802827,0.0981621,0.101112,0.121044,0.100442
954.956,0.0452766,0.0481222,0.0377252,0.0342028,0.0424089,0.0519704,0.0574677,0.0489599,0.0610172,0.0595947,0.0463269,0.0621915,0.082708,0.0880041,0.0818735,0.0908837,0.09308,0.096736,0.0551511
955.28,0.0424106,0.0504707,0.0566272,0.0247851,0.0616074,0.0422083,0.0612676,0.0448202,0.0499478,0.056697,0.0578673,0.0582042,0.0789662,0.0656841,0.0981731,0.0971736,0.0808205,0.0973715,0.111089
955.604,0.0356556,0.0375842,0.040789,0.0345112,0.0293432,0.0532525,0.0485834,0.0536229,0.0463667,0.0423827,0.0484661,0.0676355,0.06336,0.0815622,0.0793092,0.0939543,0.0802846,0.115938,0.126772
955.927,0.0527634,0.0381085,0.053784,0.0199788,0.0585489,0.0478917,0.0504859,0.0461394,0.059282,0.0504135,0.0590459,0.0705634,0.0890785,0.0614554,0.0840571,0.0886922,0.0836771,0.0920076,0.0918765
956.251,0.025211,0.0508613,0.0551275,0.0565572,0.0394914,0.0488655,0.0386179,0.0265693,0.0424287,0.0660522,0.0463699,0.0759364,0.0798088,0.054629,0.106619,0.086453,0.0779767,0.0712055,0.0944412
956.574,0.0401358,0.0593523,0.0582873,0.0419312,0.0497322,0.0241949,0.0548715,0.0509212,0.0398046,0.0530279,0.0730049,0.0727172,0.0888239,0.0800255,0.103226,0.123708,0.0873371,0.0782931,0.103037
956.897,0.0660149,0.0428369,0.0385268,0.0638023,0.0625981,0.0667247,0.0709441,0.0686564,0.0675266,0.11292,0.0771041,0.0670303,0.0822997,0.110093,0.0960238,0.0998254,0.119364,0.100988,0.107476
957.22,0.0604773,0.0539917,0.0688346,0.0701223,0.075516,0.0748268,0.0466722,0.0693563,0.063438,0.0421545,0.0898208,0.0713639,0.0923842,0.119261,0.10179,0.091503,0.120299,0.0965331,0.105869
957.543,0.0142575,0.0555976,0.0310175,0.0290423,0.0513147,0.033574,0.0317445,0.0341135,0.0360921,0.0269154,0.0699911,0.0513289,0.0669195,0.0686379,0.0701759,0.0750145,0.078283,0.0889495,0.0687468
957.866,0.0570809,0.036003,0.0435944,0.0316152,0.0389445,0.0514028,0.066816,0.0543462,0.0627694,0.0645731,0.0863489,0.0882355,0.077627,0.0903443,0.0933354,0.0854013,0.114547,0.0805233,0.106108
958.189,0.0218562,0.04666,0.0438021,0.0165824,0.0289692,0.0573159,0.0304981,0.0330892,0.0736516,0.028292,0.0648684,0.0456478,0.062412,0.0532669,0.0376835,0.0708204,0.0764003,0.109797,0.0692517
958.512,0.0364709,0.0421973,0.0434367,0.0298223,0.0547374,0.0567848,0.0638273,0.0499705,0.0755772,0.065529,0.0868299,0.0700827,0.0654656,0.0794257,0.104511,0.0780544,0.0888345,0.0762393,0.0984501
958.834,0.0639319,0.0638429,0.0287123,0.068651,0.0606233,0.0621363,0.0569988,0.0639168,0.055468,0.072056,0.0718954,0.0691704,0.0807516,0.081229,0.0732932,0.107442,0.106434,0.118767,0.136564
959.156,0.0384894,0.0285415,0.0276751,0.0325977,0.0363783,0.0106698,0.0367199,0.0253358,0.038311,0.0145852,0.0543179,0.0285023,0.0430275,0.0357241,0.0679347,0.0782478,0.0548992,0.0575432,0.0827096
959.479,0.0427663,0.034413,0.0339622,0.0326662,0.066534,0.0176581,0.0480003,0.0370629,0.0733807,0.0369897,0.0603735,0.0523466,0.0955644,0.0817427,0.0836294,0.0654255,0.0986998,0.0958659,0.0892805
959.801,0.0186921,0.0151434,0.0713596,0.022293,0.0445278,0.0188854,0.0561211,0.0655413,0.0498551,0.0554104,0.0861704,0.0723824,0.078749,0.0564956,0.0883839,0.0980619,0.0851943,0.109323,0.128275
960.123,0.0366991,0.0417784,0.0224858,0.0423921,0.0344804,0.0256869,0.0327379,0.0375241,0.0261059,0.0462852,0.0564292,0.0442594,0.0667649,0.0548581,0.0451974,0.0830611,0.0609854,0.109961,0.104192
960.445,0.0678549,0.0387194,0.0425557,0.0375083,0.0387126,0.0638336,0.0446498,0.0677004,0.0636893,0.0602793,0.0661503,0.0769369,0.0684068,0.0683765,0.0967578,0.099514,0.0900278,0.116283,0.086202
960.766,0.0345413,0.0414831,0.0516914,0.0580164,0.0439828,0.0388316,0.0634682,0.0752943,0.0464574,0.0988958,0.0625499,0.086989,0.0723713,0.0805427,0.11461,0.100825,0.0873993,0.0960937,0.131622
961.088,0.0310756,0.0485021,0.0337138,0.0443804,0.0506442,0.048616,0.0477795,0.0605928,0.0643542,0.0584602,0.0435019,0.0529108,0.0736238,0.0760812,0.0838892,0.0867079,0.073202,0.135163,0.0949955
961.409,0.0724625,0.0759507,0.0724443,0.0899191,0.0999007,0.0843337,0.107352,0.0511624,0.0869122,0.104261,0.0953672,0.120662,0.102442,0.0937508,0.121014,0.14577,0.113632,0.132793,0.146317
961.731,0.0491773,0.0590209,0.0498229,0.0545131,0.0518498,0.0840988,0.0556738,0.05388,0.0627073,0.0518213,0.0849629,0.0769337,0.111056,0.0863481,0.0896009,0.124682,0.089298,0.130909,0.143701
962.052,0.0321499,0.0470895,0.0324643,0.0316079,0.0539866,0.0483189,0.0336098,0.048077,0.0485142,0.0744934,0.0733488,0.0596491,0.0691694,0.0844402,0.0574413,0.0860508,0.103564,0.0982794,0.114764
962.373,0.0818497,0.0396861,0.0653792,0.0423237,0.0584349,0.0652476,0.0680644,0.0617642,0.0819848,0.0628915,0.0733879,0.0573325,0.0898356,0.0630845,0.0983153,0.082628,0.10226,0.101515,0.145733
962.694,0.0416035,0.0304141,0.024859,0.0643682,0.0372559,0.0575858,0.0387334,0.0515357,0.0642846,0.0363358,0.0811706,0.052074,0.0723612,0.0555796,0.0841814,0.108743,0.0799372,0.0777333,0.101021
963.015,0.0264035,0.0526567,0.0414543,0.03752,0.0212236,0.0142993,0.0353975,0.0553854,0.0761016,0.0667287,0.0725045,0.053169,0.0703086,0.0666481,0.0957409,0.0841522,0.0698756,0.0911435,0.107924
963.335,0.0276014,0.0364261,0.025798,0.0261521,0.0284405,0.046695,0.033371,0.0320797,0.0265464,0.0352548,0.0219994,0.0357464,0.0327967,0.0560249,0.0484744,0.0673135,0.0563225,0.096605,0.0794685
963.656,0.0495301,0.0406409,0.0701969,0.0435954,0.0605258,0.0580622,0.0789628,0.0662903,0.0328989,0.0709372,0.0520657,0.0472922,0.0837512,0.116462,0.0803613,0.115546,0.093938,0.0986341,0.129058
963.976,0.0459321,0.0530025,0.0551571,0.0712188,0.0618408,0.062158,0.0493132,0.0601633,0.0769402,0.0797611,0.0718089,0.0585089,0.111787,0.0926286,0.0911057,0.0988885,0.122239,0.120501,0.124804
964.297,0.055977,0.0446411,0.0724795,0.0409299,0.0712672,0.0637462,0.0808236,0.0751523,0.0688084,0.0746002,0.104055,0.0860484,0.0865717,0.0638181,0.0788831,0.110871,0.100838,0.134498,0.118389
964.617,0.0486439,0.0534491,0.0546261,0.0275743,0.0610603,0.0458579,0.0647047,0.069586,0.0546183,0.0809331,0.0551079,0.0700748,0.0832547,0.0751586,0.106777,0.118273,0.113526,0.122053,0.100137
964.937,0.050104,0.0536773,0.0581722,0.0538021,0.0530935,0.0346155,0.0301698,0.065216,0.0784851,0.060576,0.051038,0.113419,0.0853199,0.0794363,0.0835367,0.104887,0.098549,0.101665,0.121066
965.257,0.0443145,0.0341534,-0.015615,0.00207669,0.0430779,0.0372413,0.0348968,0.0618445,0.0216006,0.077773,0.0269393,0.0398346,0.043186,0.0457296,0.0575073,0.0544933,0.0742589,0.105,0.0918602
965.577,0.0570454,0.0627541,0.0219114,0.0673244,0.0555787,0.0640993,0.0506756,0.0619305,0.0646074,0.0521877,0.0665946,0.0505106,0.0703232,0.0835955,0.0640057,0.0929794,0.0890136,0.0929725,0.0993004
965.896,0.0731725,0.0330132,0.0686546,0.0338227,0.0724266,0.0661689,0.0667441,0.0598485,0.0677524,0.058813,0.0704957,0.0645584,0.0853553,0.0675426,0.0840209,0.0794655,0.0929666,0.109091,0.0989289
966.216,0.0327774,0.0066583,0.0453526,0.0241446,0.0443059,0.0370283,0.0307622,0.0536404,0.0770691,0.0488832,0.0669348,0.0603253,0.0677041,0.0717025,0.0946056,0.0494711,0.0752513,0.110261,0.0967727
966.535,0.0636132,0.0493543,0.0622582,0.0369636,0.0574448,0.0557954,0.0609148,0.091552,0.0973923,0.0723205,0.081313,0.0739905,0.0997851,0.075516,0.0986787,0.0832317,0.105323,0.121695,0.117725
966.854,0.0486741,0.0526641,0.0656863,0.043691,0.0771941,0.0563302,0.0381816,0.0629993,0.0626673,0.074837,0.0430907,0.0627619,0.0788483,0.0609651,0.0875364,0.0957604,0.0888,0.07563,0.105491
967.174,0.0523255,0.0209147,0.0357202,0.0176013,0.0526862,0.0344695,0.0410846,0.050848,0.0440088,0.0532613,0.0668109,0.0614724,0.0493051,0.095578,0.0583883,0.0897859,0.0721726,0.09257,0.110624
967.493,0.00900093,-0.00289158,0.0278565,0.0273086,0.0237566,0.0295955,0.0444792,0.0382717,0.036786,0.0163624,0.032626,0.0602838,0.0380727,0.0576106,0.0732655,0.0567972,0.0714983,0.0949037,0.0892663
967.811,0.0563957,0.0579264,0.0148796,0.0691844,0.0474518,0.0485187,0.0894664,0.0645232,0.0520597,0.0642204,0.063833,0.0706079,0.105621,0.0697614,0.0988826,0.0965665,0.0997229,0.131696,0.127823
968.13,0.0331214,0.051735,0.0638948,0.0632837,0.0488533,0.0705151,0.0718853,0.0572031,0.085811,0.0662428,0.0745738,0.0664602,0.0781216,0.0954345,0.092527,0.0602315,0.0976966,0.11818,0.104716
968.449,0.0305153,0.03279,0.046268,0.0476862,0.063309,0.0454638,0.0664462,0.0636629,0.0724065,0.0667626,0.0848071,0.0714311,0.0501542,0.0965705,0.0820063,0.0983084,0.0918054,0.0788837,0.0863967
968.767,0.0388327,0.0106845,0.0214904,0.0208571,0.0260941,0.0723382,0.0537477,0.0269776,0.01683,0.062218,0.0436016,0.0821367,0.0642873,0.045907,0.0877099,0.100667,0.0896816,0.0624488,0.080663
969.086,0.0617134,0.0612282,0.0198018,0.0710996,0.0212986,0.0492921,0.0530074,0.0592626,0.0691646,0.0549315,0.0915629,0.0962974,0.0871646,0.0783279,0.103937,0.0940035,0.112074,0.100159,0.0829755
969.404,0.0431504,0.0752739,0.0160421,0.035918,0.0478398,0.0362813,0.0442219,0.0648423,0.0449997,0.0928959,0.0581099,0.112534,0.0683688,0.0835701,0.0853382,0.113095,0.106027,0.112899,0.114205
969.722,0.0177722,0.0419733,-0.0148958,0.0264547,0.0383356,-0.0112148,0.0228916,0.0524313,0.0276973,0.0599399,0.0533814,0.0466613,0.0519318,0.0609438,0.0513812,0.0805673,0.0741594,0.0800976,0.0665645
970.04,0.0338067,0.0414158,0.0312228,0.0200166,0.0386974,0.0578032,0.0416528,0.0427909,0.0632292,0.0571005,0.0511621,0.0614743,0.062156,0.106671,0.0546798,0.0744313,0.0828606,0.0884578,0.124839
970.358,0.0531243,0.05332,0.0232717,0.0481323,0.0223483,0.0498312,0.0245373,0.0434808,0.0416031,0.0571696,0.00973767,0.033509,0.0390939,0.0576477,0.0547729,0.0943511,0.0716855,0.0697892,0.080958
970.676,0.057631,0.0437201,0.0581105,0.0477695,0.0491358,0.0326553,0.0204658,0.0730283,0.0534164,0.0669263,0.0354799,0.0519307,0.0941643,0.0650957,0.0712562,0.0857321,0.105626,0.102883,0.094126
970.993,0.078161,0.0539205,0.0298446,0.0608333,0.0500311,0.0234807,0.0386001,0.0966474,0.064097,0.0727911,0.0704132,0.0898365,0.0776497,0.0605572,0.0889822,0.0943945,0.0726171,0.102691,0.0860605
971.311,0.0537489,0.0566248,0.0462756,0.042733,0.0638939,0.0539412,0.0355353,0.0767774,0.077381,0.0765405,0.0693271,0.0893837,0.0766321,0.0883398,0.0938656,0.103516,0.103422,0.117534,0.100924
971.628,0.052847,0.0567628,0.0253004,0.0360518,0.0622101,0.0743213,0.0531746,0.0520645,0.0611382,0.0620799,0.0871872,0.0759463,0.0805443,0.0676557,0.0741542,0.0962704,0.109732,0.118183,0.0956904
971.945,0.0359801,0.0410039,0.0558185,0.0422194,0.0595071,0.0205963,0.0410901,0.0387097,0.0572012,0.0251217,0.0433183,0.0693953,0.0720544,0.0546681,0.0529268,0.0755873,0.0568574,0.0639836,0.0931527
972.262,0.0306635,0.0375737,0.0412929,0.0609878,0.0714635,0.0570155,0.0712338,0.0644722,0.0591762,0.0590768,0.0892072,0.0825429,0.0939314,0.0930676,0.0759852,0.0904373,0.0823994,0.105001,0.089244
972.579,0.0602677,0.0551588,0.0625321,0.0237523,0.0792666,0.05584,0.0679574,0.073039,0.0643787,0.0778321,0.0636087,0.0744519,0.0813014,0.0782677,0.105448,0.0745407,0.0874854,0.120586,0.124052
972.896,0.0770329,0.0366204,0.0320296,0.048001,0.0736824,0.0372213,0.0441511,0.0444296,0.0498653,0.0707524,0.0641671,0.0681537,0.0815776,0.0801271,0.0933725,0.103822,0.0894287,0.0793599,0.110048
973.213,0.0819279,0.049424,0.0789132,0.058001,0.0806551,0.0511579,0.0447492,0.0424875,0.047307,0.0553394,0.0879735,0.0737916,0.078862,0.0828947,0.106861,0.0550546,0.112854,0.078946,0.0945442
973.53,0.0412753,0.0689555,0.0818065,0.0494341,0.0938287,0.0657685,0.0727739,0.0776777,0.0769436,0.0559914,0.074675,0.103155,0.0837105,0.0831422,0.0568878,0.110883,0.0913712,0.120418,0.152095
973.846,0.0107015,0.0227179,0.0221298,0.036006,0.0397615,0.0331654,0.0292351,0.0332672,0.0239417,0.0239752,0.0531726,0.0253255,0.0385877,0.0581638,0.0650151,0.0725806,0.0820808,0.0489906,0.111457
974.162,0.0702039,0.0528176,0.056905,0.0853387,0.0749827,0.0662533,0.0931948,0.117052,0.11754,0.0820491,0.0757837,0.100291,0.0790521,0.125932,0.112242,0.118974,0.138147,0.136662,0.142788
974.479,0.0988019,0.0324102,0.0786141,0.0552285,0.0522777,0.0808188,0.0534792,0.0668306,0.070041,0.0496788,0.0586626,0.0782208,0.090928,0.0906542,0.107241,0.0772566,0.108153,0.085907,0.0851706
974.795,0.0340705,0.0394907,0.0271248,0.0557861,0.0290852,0.0386786,-0.0135382,0.0363724,0.0487354,0.0323444,0.0190073,0.0265791,0.0764659,0.0535071,0.0901939,0.0687577,0.0720817,0.0588422,0.0864198
975.111,0.0963153,0.0874261,0.0730714,0.103866,0.0928835,0.0805032,0.0568714,0.122086,0.102252,0.100194,0.102798,0.0938589,0.130818,0.130682,0.118214,0.145162,0.13631,0.143727,0.110963
975.426,0.035726,0.0432519,0.0141354,0.0480589,0.0386212,0.0453115,0.0572177,0.0602623,0.0323112,0.057848,0.0520173,0.0947799,0.112334,0.083258,0.0870325,0.0775085,0.170601,0.106636,0.0882955
975.742,0.00817168,0.0494158,0.0460825,0.0363305,0.0204954,0.0373454,0.011024,0.0297766,0.00324669,0.041668,0.0747233,0.0143302,0.0450319,0.0583087,0.0677861,0.0818939,0.0666487,0.0707092,0.0614678
976.058,0.0689539,0.0442805,0.0454092,0.0379582,0.0397848,0.0523883,0.0492235,0.0726735,0.0501777,0.070025,0.062367,0.0819794,0.0710234,0.0818227,0.0853425,0.0853807,0.111151,0.11034,0.110666
976.373,0.0807684,0.0493111,0.0763779,0.0491647,0.0616213,0.0807009,0.0301134,0.0670305,0.0849242,0.0580079,0.0593734,0.0965293,0.0843935,0.0756919,0.111034,0.113999,0.113745,0.117055,0.111397
976.688,0.0560652,0.0623598,0.0602242,0.0629309,0.0245413,0.0490326,0.0377942,0.0507204,0.050948,0.0807593,0.0626441,0.0892846,0.0631005,0.117517,0.0636492,0.103008,0.0812893,0.131595,0.131394
977.004,0.068335,0.0604094,0.100185,0.0972075,0.0598933,0.0783602,0.07729,0.0650454,0.0530503,0.103727,0.0898299,0.0951587,0.105583,0.0789514,0.119369,0.115913,0.104237,0.117833,0.122607
977.319,0.0469142,0.0328318,0.0440607,0.0332142,0.047116,0.0586702,0.0468048,0.0536784,0.040632,0.0628859,0.0509985,0.0704737,0.0684918,0.0850329,0.0823887,0.113802,0.0767795,0.0769745,0.0854863
977.633,0.0250969,0.0524386,0.00775421,0.0889623,0.0457321,0.0144841,0.0631498,0.0543581,0.0351069,0.061522,0.0646828,0.0716256,0.0637906,0.0655375,0.0799066,0.105937,0.0900013,0.111701,0.101423
977.948,0.0128292,0.0424572,-0.00126372,-0.00196417,0.0321418,0.0532656,0.0282242,0.030412,0.0607446,0.0475647,0.0296711,0.0618363,0.0542738,0.0916947,0.0801289,0.0687864,0.0792062,0.0572046,0.0801684
978.263,0.0606589,0.0414881,0.0482533,0.0493329,0.0416063,0.0404911,0.0410604,0.0734316,0.00372578,0.0630398,0.0732736,0.0866938,0.0896953,0.0584605,0.0844848,0.0660693,0.101977,0.10756,0.0796445
978.577,0.0657067,0.0655732,0.0830441,0.0665806,0.0970616,0.0471764,0.067906,0.0495386,0.0779634,0.125106,0.136042,0.135504,0.0770635,0.0896537,0.123533,0.0897421,0.110415,0.14863,0.134826
978.892,0.0668889,0.0151514,0.0406023,0.0611389,0.0478529,0.0479454,0.0524241,0.0250934,0.0651822,0.0532971,0.0874093,0.081597,0.0817139,0.0925815,0.100136,0.0961883,0.128555,0.0868682,0.119914
979.206,0.0816066,0.0626831,0.0964348,0.0518003,0.0799425,0.0603263,0.0827493,0.0793725,0.0966645,0.0959694,0.0967265,0.0823521,0.102214,0.0972239,0.0973891,0.0898281,0.112123,0.129921,0.141735
979.52,0.0445257,0.0653922,0.0770194,0.0639751,0.078488,0.0405353,0.0674993,0.0466399,0.104274,0.077414,0.0795024,0.0804251,0.0579291,0.0739753,0.116402,0.0468666,0.127795,0.104938,0.118861
979.834,0.0743535,0.0547405,0.0773065,0.0682351,0.0442361,0.0760697,0.0859555,0.0411212,0.0722845,0.116772,0.101931,0.0928952,0.110217,0.123739,0.118105,0.113609,0.139635,0.138042,0.0855619
980.148,0.0397028,0.0799848,0.0702361,0.0620353,0.0711013,0.0790831,0.0911541,0.0773733,0.0781113,0.0723018,0.081887,0.0856555,0.089288,0.0899194,0.139529,0.108467,0.0699642,0.10648,0.117993
980.462,0.0493312,0.0146302,0.0490187,0.0331938,0.0403653,0.026252,0.0457704,0.0513767,0.0251639,0.0571044,0.0701201,0.0456168,0.0595632,0.0696241,0.102551,0.0817507,0.11335,0.0963417,0.072336
980.776,0.0440121,0.0413316,0.043315,0.0397653,0.0575453,0.0520664,0.0586655,0.0637591,0.0558095,0.0275416,0.0430114,0.0620375,0.0348131,0.0991842,0.0913048,0.0756104,0.0756104,0.0984174,0.0956154
981.089,0.00325086,0.0357419,0.0259583,0.0285092,0.0668297,0.0357641,0.0393989,0.0187885,0.0525344,0.0432639,0.0325086,0.0685385,0.0471151,0.0964957,0.0852169,0.0631848,0.0772897,0.123921,0.0712549
981.402,0.0321943,0.021937,0.0670601,0.0502695,0.0596813,0.0537207,0.0379229,0.0999104,0.084124,0.0951997,0.0689828,0.0732068,0.090988,0.128028,0.0850382,0.096322,0.0920352,0.139326,0.0915292
981.716,0.0772795,0.0719373,0.10947,0.110358,0.0587203,0.081086,0.11683,0.0945165,0.109217,0.0850665,0.0938825,0.103117,0.141705,0.112673,0.130266,0.128271,0.122278,0.135799,0.100736
982.029,0.0467661,0.0485335,0.0403374,0.0561339,0.0912001,0.0174099,0.057214,0.0612405,0.0447192,0.0701216,0.0641295,0.0677578,0.0588873,0.0700834,0.0787871,0.0858721,0.0859714,0.114818,0.091597
982.342,0.0854895,0.0905515,0.0607177,0.0766134,0.0758974,0.0261881,0.0638979,0.0887786,0.0740635,0.0724677,0.13029,0.101403,0.100623,0.152233,0.0731041,0.134643,0.144265,0.134951,0.127676
982.655,0.0373284,0.0359087,0.0634911,0.0524977,0.0805176,0.0578721,0.0533851,0.0681058,0.0841492,0.00245433,0.0429518,0.0779468,0.0345518,0.109095,0.0993561,0.0733468,0.0774693,0.0778046,0.109216
982.967,0.00399259,0.0374977,0.0421189,0.0497771,0,0.0680677,0.0650836,0.0519036,0.0542766,0.0420853,0.0352026,0.0351489,0.0562349,0.0746777,0.0981687,0.0898459,0.0954452,0.0626608,0.0838879
983.28,0.0671064,0.0519659,0.0697676,0.0534075,0.0572024,0.0902144,0.107759,0.0914731,0.0881445,0.0813519,0.0442266,0.0840824,0.0887945,0.10972,0.0912486,0.0963849,0.0907436,0.136107,0.172878
983.592,0.0502917,0.00766794,-0.0252318,-0.0067279,0.0107121,0.0309243,0.00654977,0.0289273,0.00600233,0.0259457,0.0313804,0.0176457,0.0444707,0.0402931,0.0687741,0.0362614,0.0407933,0.0587809,0.0680982
983.905,-0.00997058,0.051812,0.0639796,0.0481588,0.0251782,0.030987,0.073588,0.028782,0.0853738,0.0719848,0.0606278,0.0573255,0.0585023,0.122792,0.0892627,0.104491,0.0937323,0.0943878,0.108811
984.217,0.0122704,0.0430987,0.0324976,0.046617,0.0405269,0.0204252,0.0363382,0.0335022,-0.00425897,0.0604077,0.0527975,0.0700398,0.0457135,0.0404184,0.0611085,0.0713969,0.107798,0.0879542,0.0965867
984.529,0.0479314,0.0665141,0.0653035,0.091207,0.0752375,0.054638,0.0446281,0.072466,0.05333,0.0609006,0.0190538,0.0921293,0.116755,0.102689,0.103717,0.11087,0.0731913,0.0711532,0.0851732
984.841,0.0273116,0.0493864,0.0500374,0.0435921,0.0322908,0.0671695,0.0534681,0.0418092,0.103054,0.0177622,0.0480333,0.038262,0.0865516,0.0445305,0.0569511,0.090949,0.0571347,0.0756541,0.0701797
985.153,0.0691862,0.0706237,0.0479461,0.083089,0.0370492,0.0503797,0.0451129,0.0643776,0.0846325,0.0287342,0.0739679,0.0956127,0.0665128,0.0826384,0.117015,0.121283,0.138461,0.0995688,0.116171
985.465,0.0352742,0.0385064,0.049847,0.049185,0.034472,0.01986,0.0408473,0.0573216,0.0532437,0.0543373,0.0561639,0.0865836,0.0556884,0.0380077,0.0506905,0.102792,0.0719546,0.0842713,0.0739696
985.776,0.0272282,0.0784472,0.0796413,0.0667292,0.0254269,0.0702516,0.0700739,0.0625838,0.0569242,0.0571216,0.0877871,0.0731152,0.0692936,0.0596398,0.0677419,0.0485852,0.0875115,0.0668549,0.116962
986.088,0.0571317,0.0713457,0.0392123,0.0691718,0.0303624,0.0334468,0.0254162,0.0837711,0.0574825,0.0775929,0.077916,0.0850185,0.082325,0.117891,0.0948197,0.0787098,0.101444,0.0494207,0.133475
986.399,0.00702583,0.0660523,0.0906621,0.0712947,0.0472803,0.0686923,0.100439,0.0162448,0.0306869,0.11019,0.037166,0.0214559,0.107783,0.0508808,0.0860753,0.0940063,0.0964668,0.113103,0.148169
986.71,0.024686,0.0380526,-0.00235414,0.052626,0.0413634,0.00695353,0.0734067,0.0654634,0.0356975,0.0430662,0.059159,0.0411831,0.0663564,0.042461,0.0582592,0.102237,0.0668811,0.131674,0.100612
987.021,0.0453176,0.061795,0.039675,0.0488304,0.0725045,0.073872,0.08459,0.0571322,0.0208719,0.0817948,0.102226,0.0947885,0.0782174,0.10502,0.114895,0.115417,0.103836,0.146296,0.136155
987.332,0.0743622,0.0446627,0.042599,0.0735149,0.0625503,0.0437992,0.0769503,0.067224,0.0476501,0.0616326,0.0906014,0.0261832,0.0968418,0.0610518,0.066563,0.0799037,0.101783,0.107392,0.0804411
987.643,0.0310794,0.0199638,0.0957653,0.0639089,0.0823389,0.0279015,0.091397,0.118401,0.0619461,0.0778222,0.0996494,0.0686648,0.105088,0.105281,0.0996234,0.137789,0.109768,0.106175,0.0822678
987.954,-0.00589513,0.0586639,0.0278276,0.0727948,0.0353499,0.0352043,0.0206154,0.0466775,0.0170651,0.0558958,0.099037,0.0361397,0.0546778,0.0803598,0.062176,0.081779,0.0992203,0.0885316,0.0954984
988.264,0.0122041,0.00645133,0.0343649,0.00235135,0.0305676,0.049905,0.0447114,0.0365656,0.0436263,0.0740575,0.0426225,0.0489023,0.104658,0.0398217,0.108733,0.0795814,0.0477379,0.0474305,0.0783514
988.575,0.0522064,0.0346993,0.0459378,0.0762391,0.0781841,0.0841973,0.0257551,0.0369684,0.061684,0.0653867,0.0987778,0.0710384,0.0762131,0.0984755,0.14891,0.0968288,0.124416,0.146472,0.0974579
988.885,0.043767,0.0512692,0.0588382,0.0591665,0.0184366,0.0545815,0.0593304,0.0647895,0.0747613,0.0493253,0.100561,0.0746338,0.083701,0.0637048,0.0914132,0.0990975,0.0413934,0.125419,0.0685769
989.195,0.0866303,0.10433,0.0784725,0.105228,0.068422,0.0997722,0.11875,0.132108,0.130159,0.0659843,0.164019,0.12821,0.0973738,0.144349,0.143368,0.149166,0.152457,0.160262,0.141349
989.505,-0.0213165,0.0193287,0.0285155,0.032063,-0.00804698,0.0183336,0.0395318,0.0493948,0.0350435,-0.00856787,0.0543392,0.0665,0.0697214,0.0846911,0.0596862,0.112146,0.107511,0.0957527,0.122373
989.815,0.0345166,0.0345787,0.0841365,0.0950405,0.0590594,0.0330306,0.0267636,0.0843889,0.0670296,0.0342298,0.0798342,0.0552171,0.0890356,0.0516632,0.0867754,0.11418,0.0816995,0.0570539,0.118074
990.125,0.0209798,0.0311853,0.0703611,0.0626726,0.0708153,0.0982924,0.0805754,0.0602971,0.0708711,0.0807683,0.0891776,0.0791853,0.0362855,0.12489,0.110054,0.0906699,0.143806,0.0937253,0.17363
990.434,0.00994121,0.00457839,0.0815685,0.0254317,0.0114549,0.0371685,0.0481501,0.0531447,0.0697407,0.0332854,0.0600742,0.0714673,0.00927985,0.0632253,0.0311892,0.0378485,0.0358811,0.0557557,0.10518
990.744,0.0491429,0.0663665,0.058313,0.0447443,0.0405094,0.0775607,0.0566847,0.0859547,0.112277,0.0609042,0.0554915,0.0682125,0.0551289,0.101359,0.0785195,0.151827,0.0853368,0.112227,0.127079
991.053,0.0478114,0.0725614,0.0850969,0.0597571,0.0988902,0.0585278,0.0457406,0.0902937,0.106158,0.0795126,0.0758616,0.116202,0.135045,0.0929177,0.145252,0.154731,0.113743,0.114643,0.143537
991.362,0.0615807,0.0722838,0.0568527,0.0771478,0.0767577,0.09856,0.0930499,0.0796452,0.028515,0.072178,0.0756,0.0786575,0.095375,0.076469,0.149862,0.113796,0.134212,0.106816,0.123973
991.672,0.0556145,0.0752133,0.0536253,0.0367959,0.0533359,0.0481805,0.0530802,0.0583341,0.0535579,0.0356896,0.0360184,0.0381779,0.071142,0.0493193,0.117657,0.0715936,0.0963711,0.0872004,0.0629593
991.981,0.0491567,0.0715492,0.0643279,0.076679,0.0997437,0.100931,0.0862906,0.0425333,0.122883,0.0543745,0.109117,0.0944818,0.0777238,0.136732,0.123531,0.111999,0.101346,0.127357,0.127098
992.289,0.0323432,0.0524233,0.0589283,0.0705221,0.0637063,0.0518596,0.045602,0.0389463,0.0667841,0.0617069,0.0621411,0.0460128,0.0513499,0.0967814,0.114229,0.0944125,0.08048,0.0871033,0.0714441
992.598,0.0590487,0.0631318,0.0611482,0.102855,0.080363,0.114882,0.045042,0.107295,0.0853227,0.100311,0.102193,0.0947589,0.0726017,0.114804,0.120365,0.115795,0.170105,0.103383,0.131755
992.907,0.093616,0.0909135,0.0430543,0.0643913,0.0418901,0.0798749,0.0557444,0.0662323,0.0546145,0.0874246,0.0870552,0.0674035,0.0790042,0.088788,0.0872533,0.100044,0.119843,0.111551,0.148688
993.215,0.0240802,0.0607092,0.0155963,0.0709386,0.0598943,0.039423,0.0264099,0.0442392,0.0220023,0.0629791,0.0794651,0.076186,0.0912391,0.0808271,0.0834461,0.0834113,0.153381,0.106942,0.125144
993.524,0.105243,0.0877789,0.120617,0.0600701,0.0644687,0.115838,0.0859121,0.0742902,0.120301,0.0943994,0.0890399,0.12034,0.0622913,0.113707,0.114097,0.160233,0.132768,0.108152,0.126136
993.832,0.0514064,0.0615795,0.0668462,0.0409476,0.0649711,0.0903714,0.067516,0.0821925,0.0145944,0.110475,0.114395,0.0623351,0.0606467,0.112829,0.0535302,0.103824,0.109091,0.173108,0.151026
994.14,0.10625,0.0759311,0.0883961,0.113539,0.0923253,0.0423735,0.0222212,0.0749034,0.0502528,0.0826023,0.0645138,0.101888,0.0996202,0.109787,0.137427,0.131063,0.121248,0.0899373,0.145255
994.448,0.0188576,0.0647862,0.0280812,0.00851206,0.0355487,0.0256217,-0.00523609,0.0677816,0.0616501,0.0244803,-0.00535283,0.0184635,0.0927536,0.0475185,0.0466752,0.0756547,0.0708189,0.0587502,0.0634276
994.756,0.0847406,0.0515762,0.0821442,0.0266403,0.0432516,0.0613868,0.060818,0.0486042,0.0224685,0.046497,0.0564899,0.0530061,0.0803835,0.0494122,0.0570843,0.0977407,0.0784592,0.115257,0.104854
995.063,-0.00157415,0.0258855,0.0383608,0.0240664,-0.00409451,0.0411457,0.0155698,0.03844,0.0385413,0.0388882,0.054345,0.0231194,0.0758846,0.0682501,0.0495119,0.0493328,0.0456707,0.0401537,0.075073
995.371,0.0316637,0.0086392,0.0300918,0.0333346,0.0327701,0.0574997,0.027372,0.0268301,0.0500568,0.0560342,0.127584,0.0485427,0.0852215,0.101938,0.0988353,0.0725839,0.0854362,0.0835358,0.123078
995.679,0.0285877,-0.00211722,0.03091,0.0132377,0.0132183,0.0503326,0.0871196,0.0377758,0.0586869,0.0411403,0.0862305,0.0109445,0.0898975,0.0981144,0.111236,0.0254944,0.0625337,0.0738476,0.0904355
995.986,0.0432043,-0.0106874,0.0371512,0.0377644,-0.00326551,-0.00914585,0.0383313,0.0322062,0.00948583,0,0.0227161,0.0151625,0.0495964,0.0327922,0.0597298,0.0351042,0.0580261,0.0684088,0.0788358
996.293,0.0524322,0.0915991,0.01844,0.0365011,0.0351501,0.0253533,0.0466113,0.0297609,0.0353927,0.0363302,0.0648419,0.0844432,0.0697256,0.0573145,0.0969631,0.0313724,0.0631142,0.0920306,0.10397
996.6,0.0370078,0.038873,0.0831929,0.054629,0.0500377,0.0512195,0.0514528,0.055524,0.0564117,0.0581797,0.0751797,0.021876,0.126404,0.102053,0.0493074,0.0781244,0.127635,0.112807,0.164006
996.907,0.0551196,0.0707876,0.0567591,0.0910725,0.0441456,0.0257214,0.0334076,0.0340748,0.0881169,0.00807413,0.0491766,0.0601834,0.0438664,0.0766495,0.113169,0.123374,0.146138,0.108836,0.0866732
997.214,0.083811,0.0418989,0.0733653,0.0338602,0.0709017,0.092161,0.0662911,0.0880069,0.0651548,0.118581,0.0899994,0.0755879,0.0980742,0.0963918,0.119475,0.108645,0.105176,0.101637,0.106196
997.52,-0.00236933,0.0177706,0.0424326,-0.0453836,0.0563383,0.0311986,0.0305824,-0.00953208,0.0132151,-0.0102231,0.0534523,0.0369285,0.048103,0.0690051,0.0864471,0.0813472,0.0563168,0.0755241,0.0877914
997.827,0.122693,0.0774033,0.167444,0.113096,0.0889029,0.134509,0.135979,0.143571,0.120919,0.157124,0.102774,0.18091,0.168945,0.211227,0.13771,0.194686,0.203407,0.185566,0.196208
998.133,0.0330708,0.0618917,0.0668252,0.0204359,0.0551342,0.0282289,0.0932407,-0.00591239,0.0570653,0.0040221,0.0512393,0.0530075,0.0538332,0.118466,0.0764199,0.0884136,0.101898,0.0954825,0.12286
998.44,0.0403429,0.0681244,0.0708265,0.0276488,0.0269734,0.093822,0.000958321,0.0461571,0.0782798,0.0583357,0.0725926,0.0725816,0.0592345,0.0800046,0.0627188,0.110432,0.0830121,0.100306,0.10997
998.746,0.0818342,0.0610042,0.119193,0.0892282,0.108096,0.0931773,0.117242,0.115959,0.0654887,0.12015,0.125641,0.100453,0.162923,0.0628331,0.0966736,0.0874838,0.170265,0.148919,0.117944
999.052,0.035495,0.04211,0.0620661,0.0184567,0.0587419,0.0418222,0.0307426,0.0347858,0.0151754,0.0924747,0.0465265,0.0741345,0.142363,0.102425,0.110958,0.1073,0.084349,0.108451,0.101348
999.358,0.0199585,0.0318188,0.0250567,0.0490334,0.0900049,0.0823157,0.0594251,0.040759,0.123854,0.030403,0.0524417,0.0781791,0.0529827,0.070659,0.0747838,0.122764,0.102168,0.0858269,0.0892262
999.664,0.0522613,0.0273327,0.0177663,0.0631572,0.0376985,0.0446435,0.0383668,0.0498843,0.0644897,0.0262043,0.0579107,0.0846387,0.131452,0.114722,0.0958246,0.0640528,0.107834,0.138515,0.140354
999.969,0.0707151,0.0751565,0.0411322,0.0426323,0.0874196,0.0675395,0.0248179,0.0715583,0.0587134,0.0109397,0.0767312,0.0885841,0.104441,0.0865748,0.08807,0.0915919,0.0900273,0.0865329,0.133211
1000.27,0.119741,0.148002,0.115553,0.104988,0.135372,0.104724,0.153461,0.125192,0.108791,0.167578,0.105447,0.078024,0.156393,0.101198,0.132413,0.156319,0.134599,0.144104,0.17277
1000.58,0.0950164,0.0608584,0.0849582,0.0633006,0.05946,0.0830082,0.116648,0.0350036,0.0670644,0.103785,0.113009,0.119016,0.13231,0.113398,0.169445,0.0944246,0.109666,0.112616,0.154831
1000.89,0.0127264,0.057692,-0.0104649,0.00907904,0.00520813,0.0315105,0.06069,0.0643315,-0.00528599,0.0648682,0.0275739,0.0200237,0.0683567,0.0784093,0.0585605,0.0483345,0.0513254,0.0596037,0.0702245
1001.19,-0.0237015,-0.0344691,-0.028356,-0.040052,-0.00847483,-0.0275562,0.00581144,0.000946626,0.026748,0.0139777,0.0389293,0.026562,0.00483912,0.0410772,0.021207,0.0384579,0.0388774,-0.000963362,0.030065
1001.5,0.0500365,0.0419165,-0.0114405,-0.00974315,0.0148595,0.0360363,-0.00379893,0.0191116,0.0618315,0.0488262,0.0680419,0.0281448,0.0458016,0.0679506,0.0894802,0.10127,0.0518405,0.104266,0.0781352
1001.8,0.0602214,0.0296389,0.0249762,0.0767786,0.0228108,0.0521339,0.0259135,0.0725071,0.059333,0.0878841,-0.00695118,0.0463713,0.0685144,0.0532775,0.0574815,0.0924247,0.110254,0.0751211,0.0971784
1002.11,0.0475962,-0.0362419,0.00265052,-0.045896,-0.0321871,-0.0154217,0.0247482,-0.0228007,0.052552,0.0336655,0.0171333,-0.0119085,0.021065,-0.0326079,0.0792078,0.104987,0.0540327,0.00395072,0.0539517
1002.41,0.0109997,0.018189,0.0666707,0.0464972,0.0545671,0.00645997,0.0334553,0.0434919,0.0340594,0.0517203,0.0709118,0.0557075,0.076856,0.060235,0.0962388,0.0640181,0.0705367,0.0704227,0.110364
1002.71,0.0388243,0.0018187,-0.00965,-0.00450025,0.0220842,0.0346656,0.0377517,0.0176401,0.0234382,0.0251026,0.00635535,0.0482609,0.0292642,0.0334389,0.0516137,0.0070615,0.0348504,0.0117416,0.0178744
1003.02,0.0309173,0.0736724,0.0200412,0.0275426,0.0424784,0.0414855,0.0594874,0.0766278,0.0746421,0.0490633,0.0953649,0.0530815,0.065821,0.0554758,0.0359086,0.0914864,0.0888178,0.0740261,0.0698215
1003.32,-0.0307367,0.00328223,0.0258635,-0.0223665,0.0122807,0.00430097,-0.0445396,0.0870126,0.00443549,0.0283575,0.0415598,0.0113531,0.0913957,0.0144276,0.044094,0.0300254,0.035166,0.0304311,0.0774141
1003.63,-0.0283883,-0.0373019,-0.00922935,-0.0039438,-0.000976727,0.0108497,-0.0078752,-0.00101223,0.00679472,0.0437506,-0.0122757,0.00304407,0.0127008,0.0274066,0.0202636,0.0305396,0.0375435,0.0734774,0.0706428
1003.93,0.0129775,0.0328136,0.0536941,0.0427225,0.0641409,0.0893437,0.0508029,0.0878916,0.0126695,0.1092,0.0116032,0.0726516,0.0484113,0.0676893,0.111085,0.1023,0.0854786,0.0481598,0.0320921
1004.23,0.025168,-0.00946234,0.0123323,-0.0307506,-0.0121215,-0.00924923,0.0077308,-0.00203767,0.0156277,0.00298195,0.0620336,0.0411793,0.100446,0.0650466,0.0252697,0.0546192,0.0684388,0.111416,0.0797746
1004.54,0.0308187,-0.00194194,0.0333248,0.0623977,0.0820009,0.060773,0.119504,0.0637395,0.0311988,0.0141026,0.0843478,0.0789087,0.0895292,0.0795923,0.0949219,0.105987,0.0785843,0.147099,0.109376
1004.84,0.05202,-0.0366486,0.0608064,0.0201143,0.0481889,-0.0227947,-0.0162862,0.0439194,-0.00127715,0.0415582,0.128927,0.082365,0.0819091,0.041522,0.138719,0.0372604,0.0748801,0.0776727,0.0935437
1005.15,0.0172877,0.0551158,0.0092201,0.0589683,0.0405519,0.0554358,0.0830935,0.0593677,0.0827748,0.0749453,0.0651712,0.113081,0.0917064,0.0791445,0.0618512,0.0795234,0.101248,0.0885099,0.0831447
1005.45,0.0559809,0.0548321,0.0309836,0.0663468,0.135601,0.0494258,0.057377,0.0889959,0.0407429,0.0581738,0.0798772,0.0505302,0.0970239,0.0582041,0.0602673,0.0946923,0.115547,0.1315,0.0431488
1005.75,0.075868,0.128332,0.0753323,0.0870832,0.107954,0.0984002,0.11118,0.144329,0.123332,0.105064,0.0940882,0.0918629,0.114331,0.0543832,0.180161,0.134909,0.114931,0.128155,0.143019
1006.05,0.0809302,0.0578619,-0.00383811,0.0876416,0.0481134,-0.00775725,0.05703,0.0772021,0.0451909,-0.00583699,0.0331064,0.129063,0.0130678,0.129444,0.123981,0.093003,0.130414,0.13229,0.113084
1006.36,-0.00754555,0.0992612,0.079512,0.108178,0.0415029,-0.0271356,0.0750396,0.0338042,0.00751872,0.0725893,0.0671314,0.0598543,0.0895704,0.110179,0.00371315,0.0979,0.0834323,0.0814528,0.121531
1006.66,0.00434214,0.0166838,0.033186,0.0320247,0.0617107,0.0757851,0.0209646,0.00975245,0.0378926,0.0229186,0.048497,-0.0077364,0.0920651,0.0713793,0.0373295,0.0761247,0.132479,0.0911961,0.143682
1006.96,0.0888561,0.143945,0.110641,0.106805,0.0403726,0.120927,0.107207,0.0636324,0.0834965,0.137295,0.118767,0.0805523,0.101513,0.090946,0.116098,0.142923,0.118881,0.0785899,0.0835378
1007.27,0.0426608,0.0235973,0.0580184,0.0879694,-0.0545053,0.0441054,0.0396557,0.0261036,-0.0077316,0.0223714,0.0284032,0.103427,0.0365587,0.0587532,0.094125,0.121026,0.101615,0.0810394,0.0694597
1007.57,0.0710431,0.048852,0.181249,0.0856833,0.174378,0.170205,0.13909,0.189529,0.118659,0.158964,0.100353,0.199112,0.211136,0.192154,0.242152,0.188657,0.195293,0.153751,0.219592
1007.87,0.179962,0.00916979,0.148218,0.146378,0.0914771,0.137113,0.0658809,0.110954,0.133205,0.074341,0.0559206,0.128011,0.166742,0.111469,0.154418,0.0712164,0.130371,0.105211,0.193779
1008.17,0.0335117,0.0897984,-0.0496446,-0.00298882,0.0577167,0.0687401,0.0463676,-0.0170689,-0.026326,0.0218098,0.096649,0.0828961,0.0593739,0.0346338,0.0295801,0.0804222,0.0820332,0.120796,0.00896646
1008.47,0.0727233,0.0286511,0.0840003,0.0348816,0.0961799,0.0910757,0.110278,0.0867915,0.0956746,0.126966,0.0947053,0.0910383,0.0712204,0.0553803,0.0864761,0.117614,0.0859167,0.143904,0.165977
1008.78,0.0364324,0.0682301,0.00989894,-0.0529992,0.0548115,0.00854691,-0.0178448,0.00531034,0.0304845,-0.0152279,0.0501211,-0.019326,0.0286758,0.037127,0.0256315,-0.00203421,0.0543855,0.0906318,0.0447311
1009.08,0.151909,0.0647162,0.140786,0.177677,0.174498,0.146989,0.22758,0.160214,0.145412,0.150671,0.246006,0.214916,0.248256,0.191287,0.242181,0.175433,0.225389,0.195454,0.212218
1009.38,-0.00838009,0.0523618,0.0842632,0.05509,0.019006,0.0512031,-0.00902471,0.0660218,0.0377828,0.00142903,0.00790053,0.059254,0.0445814,0.059934,0.0688425,0.0505405,0.0921975,0.0965809,0.0678109
1009.68,0.0759215,0.110216,0.116588,0.0806666,0.100942,0.160114,0.117134,0.0971813,0.144684,0.122859,0.0896003,0.144276,0.118768,0.105098,0.148285,0.0963464,0.178886,0.15976,0.141644
1009.98,0.0777201,0.00634602,0.0691902,0.0371766,0.0978072,0.0688336,0.0412226,0.0769927,0.122427,0.0522928,0.0728275,0.0557093,0.0850088,0.093066,0.0860355,0.117456,0.149346,0.190583,0.169941
1010.28,0.0715851,0.0654897,0.0640167,0.0885207,0.0482436,-0.047134,0.0328461,0.0674398,0.0769212,0.062169,0.178061,0.128484,0.0432632,0.117313,0.159286,0.16412,0.190272,0.17569,0.137449
1010.59,0.0615552,0.0672522,0.0910964,0.0681439,0.0648189,0.0830722,0.111409,0.0357352,0.076315,0.090027,0.082937,0.0850876,0.0985264,0.132844,0.139845,0.138535,0.118571,0.0774766,0.151815
1010.89,0.0841213,0.0926073,0.0529917,0.0885132,0.127808,0.0899229,0.142333,0.123582,0.0900296,0.0973564,0.222705,0.0820758,0.138291,0.116216,0.159625,0.0732597,0.187329,0.201979,0.106851
1011.19,0.0572709,0.0965677,0.0721398,0.0645216,0.120378,0.114461,0.108353,0.0584566,0.0989207,0.0428147,0.123026,0.114113,0.0906642,0.136929,0.13332,0.0974926,0.147396,0.123153,0.105504
1011.49,0.0947197,0.0173879,0.0687411,0.124268,0.0268295,0.0720256,0.119233,0.0259982,0.150911,0.0963563,0.159944,0.126003,0.101393,0.142762,0.186923,0.152311,0.144356,0.06643,0.123002
1011.79,0.0594776,0.0620481,0.0308667,0.0667173,0.0304625,0.0703166,0.03952,0.0298351,0.0207699,0.127165,0.0541713,0.0801931,0.138681,0.163556,0.120897,0.171987,0.133468,0.116062,0.116557
1012.09,-0.0120062,-0.0389585,-0.0366021,-0.0339695,-0.00401119,-0.0202379,0.0140808,-0.016285,0.00763041,-0.0251345,-0.00390423,-0.0138985,-0.0289713,-0.0142838,0.0515569,0.0798592,0.0265102,0.048059,0.0490869
1012.39,0.0678639,0.119073,0.0507951,0.079333,0.0940772,0.0792653,0.0440281,0.0199611,0.119799,0.0643033,0.105942,0.0864657,0.0446649,0.0981899,0.106286,0.153112,0.0589681,0.127544,0.159822
1012.69,0.0842409,0.0658493,0.0403778,0.0829795,0.0637494,0.0272715,0.0386641,0.0490972,0.0659995,0.0379163,0.0749165,0.0619362,0.10791,0.0844242,0.0597826,0.117941,0.0797286,0.085208,0.157613
1012.99,0.0619014,0.0390709,0.0430366,0.125249,0.0188345,0.0822695,0.0675655,0.0136398,0.0417271,0.106255,0.106678,0.0517948,0.0415854,0.0796644,0.0979661,0.0930235,0.102286,0.121292,0.14819
1013.29,0.0801524,0.0077427,-0.0308322,-0.0910805,0.028013,0.0845909,0.0143863,-0.0256612,0.122929,-0.0198677,0.0572013,0.0640233,0.102884,0.0532344,0.0816512,0.136101,0.129228,0.0990882,0.117418
1013.59,0.198521,0.14674,0.0552391,0.0511745,0.061012,0.102295,0.146148,0.116693,0.0661217,0.100159,0.109376,0.0530959,0.191609,0.123283,0.158243,0.127661,0.129665,0.116417,0.142494
1013.89,0.0965055,0.0792193,0.0937075,0.0359817,-0.0257583,0.0508011,0.067085,0.0274537,0.0043496,0.0502738,0.0827333,0.0794943,0.11467,0.0963695,0.110898,0.148471,0.171063,0.132233,0.142546
1014.19,0.0685895,0.0629351,0.151497,0.162769,0.110501,0.0737487,0.0527448,0.0858787,0.0841323,0.0792805,0.102009,0.0420956,0.12799,0.0913488,0.0839015,0.1368,0.121937,0.12641,0.0930994
1014.49,-0.0452907,-0.0554227,-0.00594869,0.00744475,0.0252819,-0.0932843,0.0797357,0.0211233,0.0162232,-0.0193795,0.0610748,0.00159177,0.0532203,0.0485761,0.0377659,0.0415948,0.0867743,0.1971,0.0996424
1014.79,0.0928925,0.104377,0.095558,0.0482935,0.00929839,0.0279642,0.0528482,0.0186642,0.0241562,0.067328,0.0756689,0.0940228,0.103908,0.0375241,0.0834282,0.113674,0.138573,0.0624313,0.0898827
1015.09,0.156384,0.137388,0.14284,0.155154,0.142853,0.200148,0.0987388,0.148749,0.0217865,0.119805,0.068309,0.211945,0.0560428,0.135423,0.211877,0.143197,0.155161,0.150291,0.23459
1015.39,0.00326841,0.00953451,0.0121441,0.0263753,0.00500142,-0.0109011,-0.0278848,0.0429218,0.0130094,-0.0150612,0.0654775,0.0198556,0.0571267,0.0109397,0.0579847,0.0722022,0.139257,0.118247,0.118656
1015.68,0.0510671,0,-0.048557,0.0268531,-0.0352908,-0.0145708,0.0409383,0.0831689,0.0688597,0.072911,0.0287796,0.0515938,0.0897732,0.0371529,0.00642692,0.0587858,0.0112486,0.156221,0.0719038
1015.98,0.0252411,0.0535564,0.058177,0.0590826,0.0383691,-0.0341759,0.0710526,0.0430467,0.0963667,0.0360503,0.0739559,0.0858871,0.0518482,0.0357932,0.113355,0.084171,0.144986,0.0599525,0.119758
1016.28,0.0811749,0.0644319,0.0805204,0.0967615,0.091014,0.127343,0.104918,0.127259,0.0905309,0.125323,0.0741561,0.151549,0.142006,0.0903023,0.0986074,0.0747452,0.103713,0.13153,0.164412
1016.58,0.0179696,-0.0584807,0.0255963,0.0259877,0.0104014,0.0374061,-0.0583699,0.0314005,0.0343769,0.0160947,0.051023,0.0305683,0.110678,0.0721279,0,-0.0100568,0.0442603,0.130158,0.117468
1016.88,0.00189834,0.00870167,0.0911413,0.0732704,0.0131015,0.0198274,0.0363514,-0.0309472,0.133879,0.00917056,0.0351121,-0.0239034,0.0824823,0.0857985,0.0517622,0.157498,0.10598,0.0994355,0.0831192
1017.18,0.0246977,-0.0699586,0.0142361,-0.0695985,-0.0502818,-0.00683969,0.00481636,0.00521284,0.0658235,-0.0337061,0.108464,0.0397399,-0.0445127,0.00344271,-0.0414277,-0.0250622,0.0191936,0.0503614,0.108187
1017.48,0.084333,0.05691,0.0706625,0.012651,0.0530285,0.100008,0.0470333,0.0303913,-0.00589331,-0.00315957,0.0727641,0.0449164,-0.0212558,0.00303805,0.104779,0.0768769,0.0494681,0.12186,0.120823
1017.77,0.0581564,-0.00648364,0.0672715,0.0516702,0.0735016,0.0402211,0.0984039,-0.00842237,0.0395705,0.103153,0.125535,0.0456727,0.122884,-0.0206307,0.11375,0.14198,0.0817693,0.112125,0.0906569
1018.07,0.239044,0.21056,0.236143,0.197858,0.285176,0.132384,0.226334,0.151287,0.21958,0.216678,0.164196,0.34301,0.127042,0.227692,0.209499,0.388354,0.290837,0.242027,0.214994
1018.37,0.0422118,0.0499556,0.0831827,0.0341447,0.0393156,0.148905,-0.00186965,-0.0192137,0.0572309,0.0945122,0.00184238,0.0630636,0.0499429,0.00706049,0.128724,0.0407575,0.113992,0.143081,0.0572655
1018.67,0.045458,0.0464884,0.0291508,0.137916,-0.013669,0.0160882,0.00162596,0.0371989,0.154227,0.0779062,0.0490972,0.0337852,-0.0015615,0.0576139,-0.00619845,0.0421606,0.0347643,0.112617,0.078625
1018.96,0.0486266,-0.0975083,-0.0180677,-0.0102567,-0.0910078,0,0.0529539,0.0331784,-0.0405552,-0.044372,-0.0269685,0.0338756,-0.0152507,0.00720519,-0.00546553,0.00290794,-0.0132042,-0.043677,-0.0338317
1019.26,0.071922,0.0839052,0.0547781,0.0508479,0.114964,0.0787863,0.111177,0.0862796,0.0780797,0.0867985,0.0210637,0.103666,0.0404831,0.0850197,0.0964453,0.136647,0.0905601,0.17875,0.206408
1019.56,0.0547926,-0.0549387,-0.0658041,0.164983,-0.0361693,0.0273547,0.0285716,0.0238818,0.0979929,0.118744,0.0986488,0.0702639,-0.00412041,0.0548303,0.153637,0.0737328,0.0490884,0.132161,0.0915559
1019.86,-0.0710342,-0.0110793,-0.0385541,0.0614664,0.0116567,-0.0387071,0.0278387,0.0340121,-0.0371689,0.0612103,0.0814823,-0.0306051,0.117713,0.012904,-0.0127303,-0.053742,0.046523,0.051014,0.0417906
1020.15,-0.00581873,0.0302749,0.0390683,-0.0445183,0.120584,0.10476,0.0320481,0.00894572,0.0204846,0.0267134,0.0830232,0.0513401,0.0713251,0.0253171,0.0978314,0.0180096,0.112858,0.106412,0.146047
1020.45,-0.0726145,-0.0640581,-0.0740327,0.071971,0.16863,-0.0978569,0.0926314,0.0559265,0.0233289,-0.0288773,0.0771529,0.0127368,0.0132349,-0.0247479,0.0787554,0.00893558,0.136437,0.0366792,0.118023
1020.75,0.0923876,0.0643381,-0.00988089,0.104009,0.133903,0.0450822,0.0587073,0.0867079,-0.0749893,0.0986008,0.0836602,0.127215,0.0194877,0.144052,0.202513,0.112842,0.0448217,0.0192474,0.15589
1021.04,-0.0558974,0.003797,-0.00401845,0.0268679,0.151989,0.00623155,0.0282121,0.080545,0.0683105,0.0721707,0.0365629,0.0905715,-0.023379,0.136065,0.0515976,0,0.112688,0.0669712,0.0539421
1021.34,0.0864324,0.0964841,0.0126584,0.0452419,0.0652595,0.0836427,0.0188836,0.0550285,0.0170546,0.049873,0.0540875,0.0531101,0.0432648,-0.00688963,0.0749285,0.0782563,0.0647822,0.0969714,0.0529993
1021.64,0.151064,0.179067,0.190355,0.207243,0.182337,0.0821142,0.109499,0.159719,0.249645,0.169237,0.193406,0.186471,0.224925,0.184435,0.261849,0.194219,0.232039,0.246169,0.23993
1021.93,-0.0115513,0.0980115,0.161718,-0.0311238,0.186947,0.0872802,0.0959784,0.0212705,0.099879,0.0503844,0.0651629,0.0461166,0.0570676,0.153886,0.128553,0.101749,0.138319,0.110905,0.147857
1022.23,0.0221469,0.0539831,0.102819,0.0562356,0.101748,0.0777528,0.103252,0.0580512,0.0652628,0.0718964,0.0383407,-0.00756909,0.0845025,0.0541701,0.133327,0.135933,0.0849974,0.100515,0.146758
1022.52,0.0106276,0.0673021,0.125797,0.114368,0.0748856,0.157871,0.0881705,0.104782,0.0363407,0.137463,0.105564,0.0547537,0.0665362,0.0870752,0.181288,0.129951,0.077928,0.133188,0.139585
1022.82,-0.0341131,0.060764,0.0371434,0.0172778,0.100763,-0.00220095,-0.0259166,0.00233465,-0.0217856,-0.0683365,0.0745165,-0.0261703,0.0885394,0.0541491,-0.0264114,0.0564419,0.0722848,0.101617,0.0745814
1023.12,0.023645,0.0313881,-0.0292014,0.0018304,0.0267144,0.0843211,0.0479956,0.0450564,0.0123283,0.0387514,0,-0.0165731,0.0611543,0.0383379,0.121203,0.165293,0.023801,0.0374809,0.17012
1023.41,-0.0237311,-0.068333,-0.0900112,0.00359805,-0.0347247,-0.0138061,0.00849113,0.0268824,0.00180186,-0.0236101,0.00181328,0.0109491,0.0153467,0.0142134,-0.0181616,0.0832428,0.102063,0.0359697,-0.0271213
1023.71,0.099196,0.143337,-0.0203613,0.117175,0.213556,0.090398,0.105967,0.147227,0.153905,0.0202429,0.189409,0.0953912,0.194031,0.116925,0.18018,0.136486,0.147579,0.177936,0.111896
1024,0.109516,0.175376,0.201413,0.330558,0.13454,0.226545,0.15927,0.103963,0.116847,0.187957,0.184772,0.187671,0.124705,0.227029,0.160651,0.283371,0.133086,0.112906,0.08383
1024.3,-0.0349558,0.0592901,-0.164061,-0.0584709,-0.0955467,-0.110311,0.0360517,-0.0507312,-0.0263778,-0.0785751,-0.0316044,-0.116467,-0.0718401,-0.0336569,0,0.0132868,-0.0613999,-0.0468382,-0.0952757
1024.59,0,0.0987374,0.0522979,0.040463,-0.0291458,0.0132953,0.0303919,0.0610949,-0.00229851,0.0073364,-0.041168,-0.00237537,0.0803787,0.0616207,0.114349,0.0813673,0.0284592,0.129186,0.041654
1024.89,0.032908,-0.0132625,0.0643123,0.0036805,0.106625,-0.00358335,0.0679809,0.0277198,0.0837885,0.0511453,0.0825424,0.126448,0.0714281,-0.015308,0.163522,0.189464,0.131595,0.100572,0.0659819
1025.18,0.0206131,-0.0124965,0.0325615,0.0198065,0.113602,0.00299934,0.117336,-0.0101409,0.068676,0.0580247,0.0150181,0.0218365,0.0550884,0.0761321,0.00318567,0.029202,0.0891779,0.106254,0.110582
1025.48,0.094674,0.0645798,0.140796,-0.0232918,-0.00439116,0.128081,0.148921,0.0916907,0.120682,0.0604179,0.0608348,-0.0121684,0.0600618,0.226543,0.066926,0.0915899,0.143486,0.124346,0.188108
1025.77,0.119364,0.116544,0.150583,0.111663,0.0739608,0.14187,0.0238691,0.075849,0.165127,0.0660636,0.119204,0.095026,0.150028,0.112419,0.0924266,0.0737307,0.196073,0.163468,0.15926
1026.06,-0.0433873,0.0115594,0.118009,0.0965854,0.0863365,0.141989,0.056868,0.115408,-0.0353412,0.12036,0.13039,0.0916481,0.179417,0.071122,0.0104312,0.144036,0.146021,0.139467,0.0780438
1026.36,0.0846696,0.149684,0.220586,0.120045,0.183357,0.156766,0.142214,0.00449904,0.157202,0.0283047,0.074201,0.208241,0.146974,0.0734409,0.0118127,0.189375,0.259689,0.230553,0.246073
1026.65,0.100638,0.10823,-0.0297105,0.0741316,0.0898764,0.0509969,0.181358,0,-0.0547987,0.14663,0.0204347,0.110065,0.13652,-0.0184992,0.112193,0.0831223,0.0994877,0.115105,0.145086
1026.95,-0.147513,-0.094383,-0.0538231,-0.0116167,0.00908137,0.00852781,-0.036351,-0.0252506,-0.0374422,-0.0671976,0,0.0108202,-0.0277154,-0.112243,0.00638534,-0.0186201,-0.0420844,0.16585,0.0698902
1027.24,0.0757066,0.0752205,0.045248,0.0969147,0.110597,0.0794415,0.0551376,0.125628,0.063354,0.117777,0.0125615,0.0595026,0.0844695,0.0665746,0.124634,0.102146,0.139912,0.189225,0.109694
1027.53,-0.132637,-0.152804,-0.010907,-0.0826647,-0.19818,-0.0550081,-0.117487,-0.174203,-0.125008,-0.153174,-0.0659144,-0.0307365,-0.201184,-0.104867,0.00252836,-0.241255,-0.0104046,-0.0182081,-0.0133386
1027.83,0.00717822,-0.0345391,0.0418493,0.101217,-0.0490802,0.0325155,-0.0565764,-0.0442082,0.0434374,0.021591,-0.0181271,0.0179525,-0.0445805,0.0144107,0.00457031,0.0319347,0.0577135,-0.0283921,0.00649065
1028.12,0.026466,-0.0265635,0.140233,0.176517,-0.0358423,-0.0665558,0.109849,0.00554555,0.12,0.0821879,0.02737,0.0285264,0.111879,0.0172639,0.0323018,0.143522,0.226555,0.299779,0.0824227
1028.42,0.0410463,0.033175,0.0598287,0.107331,0.201827,0.020528,0.0886893,0.0701926,0.118717,0.150396,0.175384,-0.0122349,0.0745119,0.115732,0.124857,0.136169,0.0633892,0.048492,0.22068
1028.71,-0.0256966,0.0347602,0.00902497,0.140096,0.115289,0,0.107468,0.0557886,-0.0466659,-0.03031,-0.0776043,0.0114791,0.0193428,0.0322674,0.070183,0.0847629,-0.00643584,0.0562982,-0.0150995
1029,0.288122,0.248683,0.154479,0.270311,0.13728,0.218828,0.244818,0.302967,0.248928,0.304156,0.333991,0.123373,0.180066,0.280115,0.146348,0.314882,0.274144,0.273648,0.306858
1029.29,0.126071,0.0829945,0.17003,0.219771,0.0848494,0.181732,0.22176,0.148646,0.127492,0.165469,0.115458,0.155303,-0.0629708,0.125725,0.0878892,0,0.0986292,0.0629812,0.280256
1029.59,0.105602,0.0838526,0.0840238,0.119004,0,0.0762675,0.0991342,0.140922,0.0574315,0.0922233,0.103696,0.166421,0.0467799,0.18926,0.0833218,0.0688084,0.0665072,0.046047,0.175519
1029.88,0.231488,0.188645,0.195527,0.125148,0.0911522,0.0668021,0.326646,0.0783327,0.165238,0.168618,0.119306,0.15224,0.0924455,0.154011,0.0956325,0.194176,0.0723557,0.23966,0.259975
1030.17,0.166411,0.087625,0.170869,0.120597,0.127339,0.0560327,-0.00415306,0.130441,0.10175,0.155607,0.15574,0.175512,0.0889491,0.0645285,0.193484,0.222628,0.138009,0.00643055,0.193732
1030.46,0.0453563,-0.0648488,0.137322,-0.0264999,0.0396986,-0.0370478,-0.0328177,0.0120032,-0.034578,0.0880529,-0.0163465,0.0335503,0.0213442,0.0472679,0.0261779,-0.0120032,0.0881524,0.0183118,0.0859635
1030.76,0.0070618,0.0220624,0.00796588,-0.0290995,-0.00207982,0.0596854,0.0760257,-0.0273878,0.0186752,-0.00430279,0.0231996,0.122995,0.027897,0.101723,0.0694304,-0.0186838,0.0317591,0.02961,0.0136386
1031.05,0,0.175639,0.0414419,0.208143,-0.135388,0.177429,0.286533,0.200522,0.35561,0.223215,0.359633,0.026428,0.318636,0.0286265,0.17663,0.28358,0.0897907,0.255092,0.340481
1031.34,-0.0117494,-0.0423024,-0.0374533,-0.00625243,-0.0680834,0.020439,-0.0831289,-0.0444213,-0.0687353,-0.094511,0.0285625,-0.0623639,0.046471,-0.0612217,0.0208376,0.00176536,-0.106923,0.0472282,0.0178516
1031.63,0.070155,-0.0356805,0.0762331,0.142321,-0.00307528,0.0461532,0.150218,0.0613119,0.0494266,0.0454607,0.0413064,0.0956328,0.0268509,0.0546673,0.0731077,0.0670154,0.0815052,0.0829491,0.0763906
1031.92,0.0446833,-0.00573088,0.111935,0.0754382,0.0123042,-0.00792682,0.166184,0.0544773,0.0442594,0.0706809,0.0454377,0.108022,0.0994536,0.104352,0.0642553,0.149244,0.224468,0.217762,0.0965781
1032.22,0.1561,0.0276709,0.161654,0.117936,0.0845167,0.0469571,0.0494666,0.206538,0.0441613,-0.0618814,-0.0120086,-0.0463347,0.0374725,0.16127,0.0568942,0.184353,0.105075,0.320169,0.0905888
1032.51,-0.0249895,0.16538,0.162175,0.296153,0.19809,0.16495,0.155234,0.0909401,0.133614,0.154654,0.229211,0.0487026,0.35372,0.355302,0.207873,0.329649,0.290685,0.198796,0.304184
1032.8,0.0850286,0.0204714,0.195444,0.260229,0.18925,0.162596,0.214847,0.00566933,-0.0207132,0.308345,0.334437,-0.0486143,0.262542,0.072299,0.242901,0.425534,0.401366,0.291674,0.429064
1033.09,0.147922,-0.0444211,0.0918245,0.208282,-0.0165839,0.0260492,0.136212,0.0382033,0.0714284,0.237928,0.180141,0.0092225,0.00914916,0.107091,0.0952379,-0.00855396,0.10689,0.0538249,0.12102
1033.38,-0.0153088,-0.021993,0.0366693,0.197351,0.0159337,0.0473182,0.09369,0.048906,-0.0253387,0.100854,-0.0752099,0.0775009,0.0276984,0.0442769,0.0876868,-0.00684868,0.230221,0.14759,0.165457
1033.67,0.0390593,0.0299616,0.215436,0.201284,0.0653907,0.16842,0.239813,0.00845543,0.175657,0.127026,0.173295,0.118947,0.255343,0.182749,0.188193,0.200207,0.239803,0.161058,0.133191
1033.96,-0.00250378,0.0343171,0.154582,0.12112,0.1419,0.0859767,0.0881216,0.0604442,0.0772796,0.013269,0.104604,0.19196,0.0854456,0.177931,0.318993,0.155538,0.100589,0.233534,0.130268
1034.25,0.0716402,0.0616106,0.0348234,0.0726624,0.0734673,0.0431274,0.0238848,-0.0403698,0.0382985,0.031184,0.0518966,0.0258367,0.105233,0.0904028,0.0164679,0.0432939,0.0815326,0.070841,0.0353119
1034.54,0.0252321,-0.043378,-0.0560369,-0.0297561,-0.0285999,-0.026853,0.12104,0.0149068,0.00324361,-0.00317153,-0.0299294,0.0156325,-0.0629362,-0.0435414,-0.044507,0.00343212,0.0551886,0.0695225,0.0560682
1034.84,-0.0210251,0.0482287,0.06153,-0.0480498,0.0159025,-0.0309877,0.0139954,-0.0835283,0.096081,0.0449512,0.0567558,0.0832433,0.00882933,0.0512952,0.0155382,-0.00539168,0.00495818,0.0961378,0.0178896
1035.13,0.271449,-0.0143542,0.00541967,0.211308,0.197922,0.301839,0.157207,0.179427,0.0903429,0.113581,0.279718,0.22816,0.23584,0.168022,0.22871,0.281528,0.23824,0.33736,0.186449
1035.42,0.169402,0.208338,0.0184041,0.121832,0.0791136,0.24256,0.184248,0.137896,0.200957,0.231738,0.0789742,0.200272,0.222859,0.134692,0.156084,0.161217,0.140877,0.181694,0.120602
1035.71,-0.0382671,-0.0765552,-0.0645475,-0.0744656,-0.0612956,-0.0893774,-0.121159,-0.0867684,-0.00864333,0.0541602,-0.0785482,0.101147,-0.0859975,0.0291332,-0.106385,0.0265397,-0.0193402,0.00574927,-0.0953451
1036,-0.149404,0.0707143,0.0933054,0.149939,0.0688644,0.0810307,-0.0914924,0.0635196,0.143421,0.0879578,0.119267,0.0962901,0.0866578,-0.0571081,0.0733379,0.223225,0.0913244,0.24869,0.12163
1036.29,-0.0125,0.00751576,0.0685626,0.19915,0.0634309,0.112551,0.113687,0.0480032,0.065522,0.0786264,0.138772,0.143402,0.145777,0.0808917,0.188961,0.233633,0.15105,0.146809,0.169702
1036.58,-0.00757889,0.0169346,-0.00753051,0.049044,-0.00880433,-0.0170891,0.0497585,0.117376,0.016539,0.0293547,0.0665012,0.0713577,0.0889173,0.12158,0.0762443,0.128841,-0.00221763,0.0826949,-0.0260836
1036.86,-0.0171428,-0.019223,0.0462114,0.0150427,-0.0766051,0.028785,-0.00329577,0.026788,0.00387788,0.0928473,-0.0435769,0.0488021,0.0610587,0.0834685,-0.0264713,0.0846715,-0.0797036,0.0755486,0.107267
1037.15,-0.0209201,-0.124529,0.0861184,-0.0844516,0.047124,0.0114074,0.0133845,0.10472,0.014741,-0.0323876,-0.0866887,-0.0186556,0.0541436,-0.0763348,0.0528296,0.0728842,0.0455568,0.15941,-0.0520132
1037.44,0.0412276,0.118696,-0.0712995,-0.0357239,0.0134229,-0.0614424,0.0462777,0.105729,-0.0414068,0.0400471,0.0381962,0.0946586,0.0654963,0.100138,0.00646104,0.0380098,0.0706759,0.0558567,0.00961977
1037.73,-0.0667975,0.105743,0.179104,0.196063,0.266403,0.191486,0.286264,0.160429,0.048133,0.156496,0.229594,0.204595,0.140747,0.172139,0.184961,0.219828,0.171499,0.357864,0.217913
1038.02,-0.0743759,-0.103465,-0.00604505,0.0122,-0.146652,-0.0846589,0.139515,-0.0506415,0.00898661,-0.0251429,0.0869815,0.0862099,-0.00582213,-0.106993,-0.0974286,-0.0590818,-0.0740414,0.121709,0.0558004
1038.31,-0.0179355,-0.185333,0.0130995,-0.0742304,0.0455945,0.0530171,0.048,0.0392471,-0.247407,-0.11259,-0.206514,-0.0499152,0.13654,0.0344806,-0.205976,-0.0183297,-0.00803855,0.176042,-0.0926667
1038.6,0.13039,0.152861,0.0288417,0.187348,-0.032962,0.0544184,0.0945631,0.0109353,0.0395718,0.0564141,0.0840207,0.0382594,0.0177098,0.193769,0.279866,0.181177,0.120488,0.149039,0.0672974
1038.89,0.297045,0.248724,0.343246,0.282105,0.487913,0.197484,0.39195,0.303061,0.329915,0.385907,0.278937,0.276909,0.275863,0.331729,0.245725,0.23282,0.247397,0.375444,0.399354
1039.18,0.0809496,0.3007,-0.0363733,0.0553743,0.267233,0.232705,0.14233,0.0604357,0.0866032,0.124353,0.155886,0.2387,0.102734,0.181286,0.198728,0.263393,0.181307,0.207463,0.170303
1039.47,0.275843,-0.0186297,0.123384,-0.162391,0.17943,-0.0706376,-0.00758466,0.442779,-0.0958528,0.295101,0.132259,0.0406447,0.0822412,0.0731604,0.384844,0.25154,0.264936,0.303064,0.253469
1039.75,0.573321,0.307578,0.209931,0.454704,0.473411,0.629013,0.250935,0.449416,0.503153,0.426009,0.414053,0.825837,0.30938,0.608534,0.587173,0.290543,0.457938,0.739414,0.388569
1040.04,-0.127957,-0.134239,-0.112801,-0.0197446,-0.0468302,-0.0416269,-0.0813709,0.0379102,-0.148565,-0.0799236,-0.206699,-0.00420582,-0.249234,-0.0901916,-0.167191,-0.0530539,-0.0676437,-0.0596543,-0.0419496
1040.33,0.336025,0.0906765,0.00602354,0.243572,0.0899102,0.0146792,0.0453852,0.0929163,0.312389,0.305468,0.112792,0.0688028,0.268296,0.221662,0.133233,0.144008,0.0782161,0.296874,0.170742
1040.62,-0.0396865,0.0809325,0.0545562,-0.021975,-0.0873219,0.111851,0.0519488,0.00646409,-0.0916464,-0.0892531,0.282221,0.0295501,0.113039,-0.122477,0.155492,-0.0294905,-0.0489254,0.0259153,0.158011
1040.91,0.284555,0.174167,0.11844,0.260607,0.100358,0.443168,0.166812,0.0766712,0.155117,0.0395784,0.00402611,0.0968478,0.0917154,0.116985,0.311453,0.191769,0.47025,0.116413,0.0984661
1041.19,0.0284941,-0.0165397,0.0202812,0.158003,-0.139029,0.224071,0.0330794,-0.035043,-0.130917,-0.0858436,0.102271,0.00438038,-0.151241,0.021509,0.124226,0.293712,0.0599564,0.00420747,0.181899
1041.48,-0.0823091,-0.0160914,-0.0286603,-0.0129937,-0.126372,-0.0840898,0.0718367,-0.0105865,0.0210621,-0.103934,-0.0081106,0.0594777,0.0486223,0.00864511,0.00838095,-0.0202299,-0.0652355,0.0449925,-0.00854715
1041.77,0.180452,0.113593,0.110009,0.193804,0.16704,0.187048,-0.00474692,0.0269655,0.0823124,0.103008,0.18193,0.245031,0.137158,0.269715,0.146766,0.208864,0.330679,0.210269,0.181195
1042.05,0.0680952,0.0630303,0.176487,0.00752632,-0.091108,0.0321348,0.143719,0.0906061,0.0934867,0.241808,0.1574,0.376086,0.0987468,0.181923,0.276908,0.134906,0.202761,-0.044,0.31932
1042.34,0.128243,0.375466,0.203856,0.356503,0.273432,0.129624,0.224579,0.144784,0.164987,0.0711265,0.339189,0.194815,0.236556,0.2723,0.282709,0.104435,0.176813,0.234779,0.41728
1042.63,-0.0423105,0.0112747,0.205992,-0.0526404,0.0906213,0.161549,0.106237,0.0367402,0.0726307,0.193518,0.131162,-0.0989094,0.0794924,0.24454,0.270653,0.255748,0.156714,0.165782,0.369945
1042.92,0.122405,-0.109438,0.00682579,0.299131,0.120095,0.206462,0.134779,0.114987,0.0147134,0.137111,0.31583,0.169259,0.120918,0.230132,0.138069,0.0911149,0.354459,0.317499,0.178946
1043.2,-0.108505,-0.0931606,-0.198312,-0.211564,-0.172481,-0.130338,-0.14364,-0.0511355,-0.185151,0.0390332,-0.0461916,-0.0933522,-0.106911,-0.13405,-0.186966,-0.0433421,-0.0384708,-0.0350991,-0.0839583
1043.49,0.00982531,0.346361,0.158298,0.303639,0.205219,0.342305,0.378617,0.111842,0.456838,0.392605,0.120155,0.225397,0.422804,0.341113,0.50434,0.382126,0.335174,0.450511,0.495895
1043.78,0.161612,0.0646426,0.0547165,0.0436693,0.11966,0.109324,0.168097,0.177464,0.0536498,-0.0579,-0.0127892,0.0601416,0.221679,-0.023148,0.0767349,0.111392,0.0332664,-0.0139671,0.00328638
1044.06,0.0927851,-0.275466,0.0394759,0.0154807,-0.0122665,0.248407,0.141825,0.134344,0.0848943,0.188962,-0.120621,0.0992021,0.193489,-0.00435978,-0.0603103,0.120275,0.0912091,-0.125501,0.104538
1044.35,-0.139443,-0.242855,-0.0996023,-0.122561,0.0558707,-0.282294,-0.0469539,-0.0932445,-0.1597,-0.0844659,-0.0519727,-0.193282,-0.198072,-0.114394,-0.0608116,-0.00690961,-0.0204327,0.0302707,-0.106305
1044.63,0.179039,0.00481546,-0.117055,-0.253799,-0.00896764,-0.536771,0.0262521,-0.120565,0.214161,0.0737595,-0.0670725,-0.2981,-0.139014,-0.0502918,-0.05543,-0.135636,-0.222963,0.0936764,-0.0592693
1044.92,-0.0854076,0.0584483,-0.00818865,0.198715,0.171043,0.0386654,0.170135,0.140012,0.0254189,0.229487,0.20512,0.114385,0.0193055,0.129712,0.129897,0.0114385,0.249851,0.0465144,0.0455264
1045.21,-0.137235,-0.0631012,0.054205,0.115209,-0.0300201,-0.120081,0.0726234,0.135651,-0.0495356,0.0612315,0.0887652,0.0039084,-0.0844995,-0.105781,0.100197,0.0592563,0.111874,0.237878,-0.0129667
1045.49,-0.273602,-0.279679,0.0751324,0.0804088,-0.118633,0.0812956,0.130727,0.0807907,0.031615,0.120438,0.176642,0.0372969,0.212119,-0.0880193,0.125588,-0.075469,0.0623966,0.0292769,0.21756
1045.78,-0.0181954,-0.0391294,-0.0300053,-0.100958,-0.0985823,-0.0892097,-0.00468215,-0.0777301,-0.0348155,-0.0193671,-0.108294,-0.0388815,-0.0594525,-0.0195035,-0.0870478,-0.0216125,-0.0446228,0.0267176,-0.0268394
1046.06,0.291778,0.169781,0.220081,0.459089,0.257145,0.12569,0.136634,0.174097,0.0286644,0.168426,0.051194,0.223023,0.00885076,0.397375,0.171467,0.386282,0.245507,0.0897965,0.175672
1046.35,-0.0721008,0.0912643,0.164391,0.0122457,0.101661,0.0436765,0.148056,-0.0669604,0.192026,0.103408,-0.0476471,-0.0255845,0.0753633,0.241752,0.0573851,0.0621613,0.173467,-0.00946061,-0.0151261
1046.63,-0.155725,-0.0582353,-0.270283,0.210756,0.131538,0.202593,0.283256,0.0650865,0.213711,0.0928507,0.0152092,0.0104879,0.219028,-0.131897,0.0663882,0.0965647,0.172213,0.0765724,0.453126
1046.92,-0.0329692,-0.132744,0.13546,0.00324879,-0.194491,-0.0662451,-0.0670419,-0.0690648,0.01225,0.129539,-0.0803159,0.115946,-0.0556355,0.0684745,0.0315104,0.143899,0.0164086,-0.0528066,0.0205423
1047.2,0.11449,0.114695,-0.0384832,0.187018,0.0945202,0.181219,0.21775,0.15993,0.186437,0.123398,0.0961269,0.208554,-0.00681308,0.204348,0.200614,0.0479402,-0.0107317,0.12143,0.184648
1047.49,0.0188775,0.0523266,0.0620859,-0.00232822,0.0252943,0.0989952,0.0496687,0.102084,0.0698466,-0.0191215,0.0217704,0.0572513,0.0467202,0.11059,0.12379,0.0851111,0.113904,0.133571,0.0876907
1047.77,0.200197,0.0903452,-0.0427605,-0.0149299,-0.0414525,0.0404332,0.0974872,0.0514595,0.0482666,0.0782348,0.163882,0.0631845,-0.0110108,0.180892,0.162104,-0.0254096,-0.207751,0.0967618,0.184825
1048.06,0.0132102,0.21384,0.00770595,0.046656,0.0561433,-0.0473322,0.100631,-0.0116112,-0.0994605,0.0116376,0.00472575,0.100394,-0.05184,-0.0655169,0.0481371,-0.0557843,-0.112752,-0.0643128,0.04224
1048.34,0.166752,0.0963597,0.242636,0.437944,0.275925,0.616376,0.0918151,0.163958,0.29862,0.537517,0.285768,-0.122504,0.00728248,-0.0169742,0.243623,0.229029,0.315303,0.16298,0.406821
1048.62,0.0162177,-0.0870448,0.0588321,0.218782,0.0984655,0.114483,0.017971,0.227974,0.296897,0.271629,0.252331,0.201534,0.141714,0.109916,0.291918,0.184133,0.345619,0.335706,-0.0144418
1048.91,-0.0328916,0.0700397,-0.225263,-0.234385,0.108243,-0.0285192,0.0115041,-0.0771734,-0.353049,0.0661486,-0.135892,0.499714,0.138912,-0.00799111,0.145527,0.126545,-0.0353167,0.227781,0.527686
1049.19,0.115191,-0.0947557,0,0.0297636,-0.0423529,0.0691144,0.289708,0.239597,0.274767,-0.0605722,0.165575,0.21963,0.430736,0.177918,0.225363,0.123036,0.462588,0.269314,0.093818
1049.48,-0.227684,-0.677215,0.145805,0.404366,-0.313115,0.427147,0.301331,0.116965,-0.410372,-0.218576,0.0773907,-0.230803,0.107831,-0.263064,-0.308261,0.039839,-0.224648,-0.542023,0
1049.76,0.00501851,-0.0478094,-0.0397486,0,0.134023,0.0692729,-0.00548728,0.11146,0.0888881,0.195722,0.0499342,-0.45554,0.12211,0.168697,-0.0172932,0.128036,-0.107966,0.0470584,0.0964912
1050.04,-0.0377268,0.0698883,0.010337,0.063392,0.00805235,-0.0436726,0.0592653,0.0841064,0.206014,0.0828814,0.102492,-0.0989884,-0.00775273,0.0152521,0.046301,0.126395,0.105496,-0.168476,0.19339
