wavelength_nm,8,12,16,20,24,28,32,36,40,44,48,52,56,60,64,68,72,76,80
349.501,0.299366,0.246991,-0.136853,-0.044505,-0.163756,-0.177156,0.182471,0.108813,0.417076,-0.00877262,0.912353,-0.0708624,-0.134779,0.708703,0,0.336596,0.427918,-0.406712,-0.0106088
350.001,0.492824,0.178157,0.6136,-0.160577,0.169895,0.0175405,0.540833,0.0321818,-0.15576,0.386638,0.294681,0.218764,0.348838,0.451134,0.308365,0.578726,0.9735,0.215308,0.315121
350.501,-0.0223432,-0.0138809,-0.0163957,-0.00258711,-0.029481,-0.00573307,-0.00558943,-0.023284,-0.00913645,-0.0259162,-0.0270759,-0.0275243,-0.0224766,-0.0110346,-0.0280771,-0.000625553,-0.00536585,-0.00469512,-0.00459305
351.001,0.323073,-0.13134,-0.0925763,0.157561,-0.265371,-0.0180514,-0.124009,0.0480108,-0.00520335,-0.299487,-0.183118,0.0751748,0.117481,-0.0798263,-0.241067,0.125673,-0.040348,0.272061,0.0966714
351.5,0.483645,0.097379,0.1875,0.436851,0.457788,0.50935,0.0414663,0.567014,0.21,0.128618,0.434542,0.266463,0.159934,0.263136,0.43528,0.219364,0.403723,0.931897,0.393421
352,0,0.0436042,0.0557562,0.317728,0.688044,0.873376,-0.100455,0.260447,0.84629,1.70558,0.861045,0.346612,0.202448,1.31827,1.71355,0.592129,1.37532,0.507902,0.410065
352.5,0.307543,0.22,0.387979,0.0713415,0.99878,0.650977,0.624886,0.199149,0.420952,0.252448,0.876,-0.722416,1.50203,0.415736,0.0607792,1.20391,1.19208,0.997941,0.594915
352.999,0.0239651,0.0290084,0.0756014,0.0504167,-0.0250651,0.167157,-0.0888889,0.0241228,-0.149029,0.00804094,-0.147966,-0.0723684,-0.245833,0.0298913,-0.0763889,0.0185185,0.00818452,-0.0286458,-0.0391996
353.499,1.44607,1.10948,1.25278,0.859737,2.2,-0.0640086,0.445144,0.949315,0.595253,-0.134694,0.994626,0.309375,0.397222,1.42008,1.13716,-0.595833,-0.406849,0.9,1.61413
353.998,0.174401,0.294479,0.161183,0.871259,-0.028209,-0.038475,0.14222,0.371009,0.104382,0.135448,0.460124,0.530219,0.0546125,0.438403,0.191504,0.172824,0.266785,1.22642,0.63525
354.497,0.5148,0.223767,0.559565,-0.490194,0.405971,-0.161413,1.9333,-0.931765,0.99,0.405,-1.10562,0.788496,0.537429,2.59515,0.262541,1.62,0.976154,1.37893,0.711562
354.996,-0.20087,-0.0815827,-0.48,-0.686418,-0.0141573,-0.63,-0.616596,-0.22,-0.304968,-0.410667,-0.476341,0.108387,-0.275912,0.110526,-0.16128,-0.03,0.0735766,0.184154,-0.0717722
355.495,0.255308,0.203309,-0.0165334,-0.0057715,0.811514,-0.341583,0.165958,-0.0856731,0.150755,-0.0701112,0,0.471919,-0.0259922,0.210627,0.086233,0.0434359,0.148156,0.2993,0.591382
355.994,0.0726606,-0.0813893,-0.0306385,-0.154528,0.0749894,-0.0570763,0.0720342,0.0377671,0.0348165,-0.0593323,0.101521,0.134202,-0.16185,0.322053,0.0448642,0.0648755,-0.0668477,-0.0417798,0.143832
356.492,0.0477632,-0.0347368,0.0902724,-0.0582027,0.134458,0.0660299,-0.151974,0.127767,-0.115858,-0.0140684,0.141051,-0.102582,0.225561,0.0625263,-0.154679,0.037473,-0.0764338,-0.103926,-0.0350281
356.991,-0.346154,-0.603898,-0.332889,-0.399783,-0.281738,-0.498964,-0.0171088,-0.0920808,-0.0230855,-0.0197316,-0.145425,-0.277026,-0.256108,-0.446197,-0.271422,-0.196083,-0.111549,-0.190141,-0.0787142
357.489,-0.411848,0.816509,-0.731077,-1.00821,-0.207972,-0.765748,-0.37374,0.753786,-0.196017,-0.0653821,-0.122692,0.437208,-0.50759,-0.534305,1.10423,-0.917975,0.655258,0.185758,0.242392
357.988,-0.245213,0.0876197,0.468923,0.0182541,-0.0700239,0.311961,0.71191,0.357859,0.295026,0.199601,0.707488,0.371056,0.602785,-0.104364,0.695354,0.67801,1.13107,0.810642,0.354148
358.486,0.646853,0.256865,0.433205,-0.0146731,0.882281,0.705193,0.705193,0.0695335,0.319203,0.411385,0.615029,0.645527,1.30421,0.735602,1.17128,0.534774,0.603294,0.947322,1.02106
358.984,0,-0.0163604,0.0285371,-0.0675683,0.0135137,0.0442228,-0.0149284,0.0309913,-0.0112287,0.0526087,-0.0124764,-0.00331104,0.0482609,0.0601429,0.0561437,0.0294754,0.107464,-0.0259885,0.0295719
359.482,-0,-0,-0,-0,-0,-0,-0,0,-0,-0,0,-0,0,-0,0,0,-0,-0,-0
359.98,0.582178,0.0886052,0.408171,-0.0882087,-0.0551459,0.0876207,-0.292069,-0.29791,0.157402,0.155456,0.684375,0.63568,-0.14364,-0.340021,-0.477931,0.970568,0.589755,-0.0687221,-0.104622
360.478,0.789412,-0.662171,-0.758322,0.553022,0.0447333,-0.648359,-1.43,-1.87485,-2.20939,-1.48244,-1.3862,-0.82726,-1.99459,-0.613096,-3.106,-1.74056,-2.04895,-3.9964,-1.79008
360.975,0.380452,0.415607,0.549628,0.361882,0.0894062,0.0424013,0.169533,0.615808,0.409778,0.014901,0.5252,0.766543,0.170995,0.215673,0.481763,0.0518297,0.383814,0.236663,0.389614
361.473,0.352732,0.331451,0.0590791,0.228433,0.54843,0.195596,0.0791757,0.0568202,0.268318,0.209741,0.36372,0.0303756,0.122131,0.202686,0.34998,0.921801,0.450081,0.472239,0.834048
361.97,0.11207,0.0850515,0.0838997,0.045856,0.0341515,0.0818666,-0.0811979,0.117755,0.0235736,0.0346851,0.0225938,0.0435939,0.0409077,0.0394639,0.0478121,0.123325,0.224297,0.00883521,0.0693437
362.468,0.0820479,0.13904,-0.113979,-0.435439,-0.201487,0.445433,0.0928219,-0.0552511,0.538966,0.0880395,0.127573,0.143014,0.442722,0.084044,0.338675,0.226123,0.213112,0.118525,0.310056
362.965,1.91562,0.657581,1.83488,1.28897,0.604172,0.496097,1.20246,0.752609,1.73145,0.155932,0.713031,0.937181,1.36566,1.64142,1.39085,1.38975,0.913455,0.984854,1.35378
363.462,1.62273,4.68883,1.00627,3.96043,1.41793,1.06008,-0.930312,4.38789,1.47009,1.59359,1.39746,0.081956,1.10827,2.6658,0.881918,3.51139,2.59427,0.106899,1.00891
363.959,3.9089,-4.16126,2.71869,4.89828,-8.62407,5.53761,15.4391,-5.17444,-9.34065,3.2175,-3.60643,0.823207,-0.187,-7.07804,-5.99881,3.93894,-1.89702,-2.31412,-10.3569
364.456,-0.181097,-0.253472,-1.16483,-0.371401,-0.862958,-0.675504,-0.470191,-1.52533,-0.643507,-0.836142,-0.439918,-0.640722,-0.883915,-0.394965,-0.361033,-0.608433,-0.00795379,-0.51397,-0.618588
364.953,-0.967164,6.66,4.18065,2.37073,3.54857,-3.41053,-0.98453,-1.69412,5.4,5.58621,7.81277,0.99,7.1241,4.34634,3.3486,4.68434,9.79322,8.15226,11.5883
365.449,0.0391898,0.0370169,-0.0623118,0.122984,0.142427,0.510506,-0.0293232,-0.0524731,0.261448,0.519265,0.421521,0.335525,0.3335,0.336627,0.145267,0.490941,0.297267,0.283952,0.611924
365.946,-0.745696,-1.92326,-1.15858,-3.08557,-0.595792,-0.0286068,-0.3347,-0.815294,-1.7637,-0.722274,-0.985391,-1.40279,1.09643,0.31224,-0.276892,-0.642044,0.222353,-0.228587,-1.93733
366.442,0.127543,0.202007,0.124709,-0.133985,0.128076,0.0713346,0.0691397,0.111618,0.15525,0.0771516,0.0782642,0.0641016,0.248987,0.0653684,0.175976,0.205241,0.227189,0.052312,0.160395
366.939,0.086911,0.177341,0.0283944,-0.14628,0.271553,-0.230212,0.0995526,0.0464755,-0.0725485,0.0386408,0.226602,0.165855,-0.00719973,-0.0660681,0.342757,0.273351,0.0977334,0.227109,0.30803
367.435,0.265385,0.146032,0.266078,0.396383,0.24,0.217133,0.223575,0.0648066,0.1725,0.301875,0.155932,0.255706,0.155549,0.23697,0.251272,0.180191,0.36907,0.27986,0.135
367.931,0.206967,-0.278511,-0.332508,-0.402846,-0.7146,-0.562979,-1.20472,-0.38563,0.0766208,0.0879507,-0.199994,-0.0223803,-0.581074,0.2822,-0.141501,-0.390371,-0.412478,-0.101619,-0.372267
368.427,0.00448544,-0.0867301,-0.121994,-0.0789991,-0.110633,-0.149637,-0.167467,-0.0944805,-0.11282,0.0421574,0.0341583,-0.0557607,0.119722,0.148019,-0.0101383,-0.0587379,0.480276,0.186106,0.260598
368.923,-0.306281,-0.0191085,-0.0568033,0.201845,-0.00896121,0.252656,0.31625,0.0326887,0.136776,0.0659103,0.421419,0.161413,0.34069,0.299062,0.346921,0.34375,0.433125,-0.0797163,-0.0467401
369.418,0.172807,0.122962,0.300704,0.186617,-0.0242308,0.196154,0.15014,0.139974,0.104473,0.210344,0.244927,0.0527586,0.6601,0.166674,0.181731,0.308942,0.324023,0.236046,0.133875
369.914,-0.0853718,-0.184805,0.500848,0.57852,-0.189258,0.155704,0.11982,0.0986519,0.452801,0.609661,-0.0443011,0.230401,0.177068,0.371797,0.524525,0.467491,0.637443,0.516846,0.225311
370.409,-0.633403,0.607454,0.942126,-0.242759,0.0667586,0.803576,0.0888798,0.158949,0.20177,-0.218748,0.147442,0.595159,0.284603,0.701474,1.18808,1.54379,0.815603,0.745855,1.10848
370.905,1.84264,3.76124,3.69912,0.752824,1.57587,0.474,2.57521,2.10961,4.20017,4.266,3.52712,1.2769,4.54895,5.59551,1.26145,4.45062,1.738,4.22757,3.86656
371.4,0.627023,0.419866,0.806924,1.80989,1.87759,0.371494,0.109729,1.62354,1.84945,0.490286,1.50733,-0.393667,0.476726,1.86429,1.17997,0.955598,0.821815,1.65575,0.162295
371.895,0.0914886,0.0549218,0.0489147,0.0308935,0.121743,0.0832851,0.00781658,0.0632432,0.0762237,0.07959,0.084968,0.0359832,0.109917,0.108699,0.0697891,0.0259028,0.0749926,0.0730964,0.138373
372.39,-0.220433,-0.0872335,-0.0778125,0.018486,-0.267873,-0.119619,0.19607,-0.062785,-0.0678483,-0.172088,-0.115095,0.233124,0.253376,0.0418798,0.246714,0.0441692,0.00765763,-0.0852688,0.419811
372.885,-0.106396,-0.0286173,-0.0438342,0.0974904,-0.0653002,0.0677613,0.0505631,0.0249885,0.0261818,-0.0889857,0.20276,0.00651772,0.0824026,0.165234,0.189188,0.380125,0.207939,0.285126,0.174247
373.38,0.0479445,0.0613539,0.214005,0.0556972,0.0987305,0.100298,-0.0266033,0.0128827,0.18342,0.0981663,-0.111734,0.330797,0.140056,0.273953,0.436295,0.321378,0.273745,1.09074,0.431932
373.875,-0.0792062,0.495208,0.298787,-0.0985363,0.160023,0.37478,0.0670206,0.323762,0.559686,0.195675,0.321255,0.410315,0.603535,0.441163,-0.111674,0.442235,0.338719,0.479829,0.71461
374.369,-inf,-inf,-inf,-inf,inf,inf,inf,inf,inf,inf,inf,inf,inf,inf,inf,inf,inf,inf,inf
374.864,0.366424,0.231547,0.541887,0.139963,-0.205856,0.359768,0,0.686187,0.552724,0.545273,0,0.308545,1.17836,0.696231,0.756449,0.668695,0.440296,0.545883,0.920374
375.358,0.0184091,-0.0997318,-0.0403354,-0.0689485,-0.0567811,-0.0248684,-0.112728,-0.00718631,0.0596359,0.00638514,-0.0897964,-0.0317825,-0.0451957,0.146796,-0.00883178,0.0361607,0.0977586,0.0658209,0.093629
375.852,-0.032582,0.0022284,0.00421649,0.0771942,0.0690805,0.0906371,0.0735969,0.0248124,0.123672,0.253169,0.033849,-0.00247174,0.054351,0.066331,0.374943,0.120961,0.10368,0.207077,0.137303
376.347,0.0574746,0.128846,0.0686176,-0.030566,0.0185147,0.0721516,0.125007,0.0336226,0.208019,0.0159349,0.268674,-0.0391789,0.114921,0.313254,0.0836384,0.132721,0.26835,0.420283,0.290965
376.841,0.0989283,0.31263,0.152785,0.127321,0.0687002,0.095276,0.225203,0.107277,0.241021,0.12526,0.393054,0.343766,0.0216095,0.0942174,0.224837,-0.0676201,0.405236,0.454843,0.289586
377.335,-0.0262327,0.110893,0.0325286,0.250842,0.343698,0.00805163,0.0195171,0.303342,-0.0398309,0.635215,0.171596,0.368086,0.394764,0.604698,0.416858,0.279897,0.47993,0.627337,0.897088
377.828,-0.038993,-0.0515841,-0.0348111,-0.0705647,0.195234,0.0493105,-0.0827208,-0.0272951,-0.0287907,-0.0166803,0.117305,0.0173219,0.165541,0.0740332,0.110197,-0.0320059,-0.0536153,0.245656,0.266228
378.322,-0.30321,-0.137984,-0.0795038,0.0472911,-0.238461,-0.300058,-0.116718,-0.253054,-0.477809,-0.0460022,0.0907038,-0.181048,-0.0639773,-0.0985231,0.0645688,-0.018508,0.082052,0.0438962,-0.0228288
378.816,-0.0834958,-0.297,0.116347,-0.107143,-0.0401725,-0.255827,-0.0799228,0.024741,0.023434,0.0126134,0.00701299,0.0947802,-0.0818901,0.10829,0.0130944,0.0702687,0.0810587,0.143216,0.0593757
379.309,-0.0654545,-0.0206061,-0.14246,0.0875179,-0.0236033,-0.0215168,0.223232,0.130701,0.0303077,0.0702775,0.143954,-0.0814191,0.123636,0.163861,0.122784,0.0365494,0.246532,0.291642,0.448911
379.802,-0.029944,0.0199627,0.169616,0.0383046,0.109163,-0.00235709,0.175584,-0.0131415,0.069462,0.13852,0.0872727,-0.00874222,0.181627,0.195951,0.0692004,0.260278,0.277665,0.102002,0.292757
380.296,0.00437825,0.082536,0.0120151,-0.120083,-0.021281,-0.0403812,0.118349,0.22522,0.15594,0.23491,0.00404481,0.297829,0.184605,0.1506,0.0846242,-0.0331039,0.151743,0.199121,0.333572
380.789,0.0742809,-0.105093,0.160418,-0.216403,0.0901571,0.0312642,-0.111401,0.112794,0.377606,-0.0767675,0.0881081,0.117752,-0.0162132,0.0984634,0.0603647,0.252564,0.460605,0.661991,0.43939
381.282,0.132143,-0.28773,0.234727,0.391107,0.254313,0.0302041,0.459023,0.404863,0.403323,0.435513,0.680855,0.277022,0.689119,0.64786,-0.0707382,0.414685,0.779859,0.341078,0.609068
381.775,-0.152378,0.0740183,0.223064,0.123496,0.165551,-0.0115777,-0.0694664,0.0694664,0.147132,0.134737,0.013613,0.116369,0.172819,0.220948,0.216837,0.511459,0.174414,0.228567,0.296181
382.267,0.0486765,-0.0534706,0.130618,0.00567268,0.0999931,0.21528,-0.195351,0.032297,0.240472,0.194706,-0.218503,-0.00538284,0.0757653,0.239964,0.214177,0.193931,0.631206,0.36487,0.479725
382.76,0.22155,0.104613,0.148355,0.253748,0.173922,0.170494,0.132916,0.142812,0.234956,0.161827,0.269797,0.24608,0.223022,0.14121,0.11275,0.357173,0.196341,0.296711,0.282748
383.253,0.0694261,0.0797315,0.177288,-0.11467,-0.0859283,-0.145993,0.0795155,-0.125608,-0.0118121,0.123818,-0.0647373,-0.0328978,0.289933,0.0394178,0.087056,0.240561,0.282044,0.191015,0.103998
383.745,0.062775,0.317914,0.107902,0,0.241747,0.068196,0.136905,0.246724,0.137025,0.138302,0.13291,0.0980671,0.0813945,0.179909,0.246844,0.391509,0.250993,0.252071,0.444606
384.237,0.0273733,-0.0440192,-0.0356977,0.0151743,0.0140406,0.12318,0.313213,0.139924,0.153823,0.352789,-0.0541399,0.207119,0.226603,0.408365,0.389973,0.321657,0.503513,0.333835,0.283861
384.73,-0.113503,0.0264151,-0.0301961,0.0126045,-0.00798913,0.0576471,-0.0414085,0.0426087,-0.0998391,0.147434,0.0602235,0.209595,0.0299237,0.140759,0.00259947,0.01568,0.0573404,0.261852,0.241184
385.222,0.158809,0.152518,0.0965407,0.0608582,0.16355,0.113842,0.0768623,-0.0642244,-0.0160144,0.261328,0.181645,0.180279,0.174486,0.296201,0.163629,0.225315,0.293187,0.425233,0.370538
385.714,0.273394,0.403312,0.20274,0.531982,0.294327,0.198142,0.371816,0.337889,0.294908,0.395549,0.236075,0.481384,0.482878,0.505577,0.34565,0.409456,0.592353,0.511566,0.522813
386.205,0.0752632,0.0147017,-0.00819149,-0.032,0.00170732,0.0366667,0.0254061,-0.0397297,-0.00190594,0.14341,0.0936228,0.136802,0.14,0.183333,0.20983,0.21,0.220553,0.0811622,0.222189
386.697,0.270442,0.306828,0.22088,0.0796106,0.299663,0.239466,0.115699,0.317217,0.299814,0.386918,0.416205,0.392292,0.240317,0.39812,0.273916,0.528546,0.475388,0.565553,0.593382
387.189,0.0647946,-0.0504885,-0.128462,-0.0376839,0.107458,0.051266,-0.015958,0.0184856,0.037331,0.163355,0.115643,0.108273,0.185758,0.150053,0.151761,0.323661,0.374903,0.414823,0.290816
387.68,-0.0277174,0.0219203,0.0931272,-0.0031692,0.0379952,0.0649872,-0.0393808,0.0141478,0.117303,0.0615749,0.0449603,0.163952,0.08186,0.150769,0.00917594,0.1376,0.18758,0.176845,0.171694
388.172,0.0264383,0.029153,0.0745696,0.037026,0.0916528,0.0728455,0.0535832,0.0579181,0.0843623,0.070695,0.0728367,0.107646,0.133355,0.138067,0.0838653,0.0949068,0.118245,0.213062,0.258748
388.663,0.237554,0.150106,0.270346,0.303485,0.146289,0.301687,0.309276,0.311576,0.100911,0.224514,0.152737,0.279795,0.251833,0.27335,0.294815,0.344278,0.37275,0.467392,0.411071
389.154,0.140591,0.0789419,0.135902,0.158851,0.188489,0.135007,0.159721,0.124154,0.156523,0.122233,0.181697,0.00814884,0.15328,0.31963,0.311937,0.364731,0.277761,0.418841,0.47421
389.645,0.0394071,0.0383659,0.0549453,0.0995021,0.113349,0.0930971,0.123373,0.135459,0.0775792,0.168633,0.123104,0.0431425,0.196216,0.226655,0.137262,0.260852,0.284044,0.417314,0.353601
390.136,0.297527,0.226627,0.171051,0.155237,0.225996,0.241154,0.36776,0.179545,0.186506,0.33045,0.505783,0.593964,0.481317,0.420805,0.407584,0.495821,0.543729,0.496748,0.521125
390.627,0.30106,0.323017,0.251516,0.173837,0.100716,0.156288,0.267766,0.225681,0.22269,0.262457,0.260205,0.361396,0.264971,0.262726,0.362131,0.311073,0.492814,0.556434,0.483365
391.118,0.0745213,0.231449,0.188264,0.18724,0.182303,0.154162,0.107753,0.109444,0.173136,0.203953,0.169706,0.212158,0.271832,0.281677,0.299988,0.309988,0.314295,0.297047,0.419871
391.608,0.0785224,0.113624,0.0422755,0.00660237,-0.0406454,0.04532,0.145777,0.0660886,0.128031,0.114146,0.0926261,0.199941,0.232664,0.260878,0.127947,0.245673,0.281248,0.318236,0.303103
392.099,0.0882067,0.152227,0.0431163,0.167419,0.0634405,0.0883846,0.042238,0.0858299,0.148664,0.172062,0.136032,0.132699,0.181747,0.201707,0.188146,0.174201,0.237016,0.326768,0.382591
392.589,-0.0102808,0.0338549,0.00328893,0.0793743,0.0654612,0.0538312,0.0465922,0.0674143,0.0716227,0.0162268,0.100969,0.105816,0.142931,0.0734221,0.194885,0.191797,0.241066,0.228928,0.323383
393.08,-0.0230681,0.0190417,-0.0422194,-0.0121768,0.0741473,0.0433879,0.0272782,-0.0875981,0.0215694,0.0761418,0.0646477,0.120375,0.0669309,0.0463199,0.154589,0.182423,0.216046,0.157503,0.239143
393.57,0.0685105,0.122725,-0.00345332,0.125057,0.125036,0.103978,0.0314711,0.00682181,0.0256783,0.094178,0.0400869,0.0784733,0.109754,0.0907506,0.126874,0.129505,0.277224,0.254522,0.256597
394.06,0.115605,0.112635,0.262189,0.0631963,0.157121,0.153111,0.105056,0.0828644,0.0732069,0.0740581,0.247212,0.103167,0.153021,0.301632,0.362291,0.189096,0.383827,0.314034,0.514853
394.55,0.111186,0.137624,0.0695918,0.131872,0.132473,0.109168,0.0467945,0.0446675,0.110943,0.0923671,0.137193,0.225496,0.235443,0.225793,0.261525,0.230676,0.313423,0.312404,0.402837
395.04,-0.0680625,-0.010424,0.0420113,0.0636186,0.0340902,0.0830428,-0.00362716,0.0956405,0.086079,0.0876261,0.036458,0.189062,0.109556,0.0904276,0.18513,0.220124,0.377548,0.343059,0.398587
395.529,-0.0854811,0.157647,0.179583,0.135688,0.138799,-0.0230663,0.103242,0.0488091,0.0878856,0.10697,0.272215,0.123977,0.132983,0.277425,0.307706,0.291924,0.23576,0.276982,0.409001
396.019,-0.0468443,0.0543165,0.0486185,0.0314135,0.12367,0.11547,-0.0355575,0.0281115,0.040986,0.0939816,0.0813128,0.0875142,0.168282,0.127606,0.210828,0.25371,0.258703,0.230851,0.30998
396.508,0.0118774,0.112806,-0.0252322,-0.00325319,0.129034,0.071313,0.113335,0.111815,-0.0245805,0.0608797,0.0658155,0.167464,0.0738943,0.105688,0.23157,0.19551,0.324622,0.23272,0.301349
396.998,-0.0549338,0.0412708,0.0452049,0.0460003,0.0440383,-0.0323615,0.0866138,0.132001,0.12534,0.0562485,0.0815683,0.198672,0.105311,0.145439,0.181868,0.159211,0.253983,0.3499,0.334345
397.487,0.0343875,-0.0342646,-0.120612,-0.025687,-0.0960985,-0.0601983,-0.0392397,-0.00822117,-0.0853948,-0.0440545,-0.0930018,0.0902415,-0.0212024,0.0360584,0.0939895,0.110811,0.205445,0.28427,0.218048
397.976,-0.0500971,0.0864863,0.086692,0.0730948,0.0568082,0.00383195,-0.0628524,0.0776005,0.0377408,0.113531,0.128599,0.0727259,0.187821,0.156904,0.146977,0.259591,0.250505,0.385878,0.311637
398.465,0.116102,0.12162,0.0304161,0.158774,0.110957,0.155151,0.11415,0.140491,0.127346,0.182963,0.162321,0.171503,0.0863788,0.167032,0.202224,0.172713,0.287378,0.340619,0.307214
398.954,0.120307,0.0409793,-0.00146839,0.0416885,0.0138632,0.037248,0.0765679,0.0683277,0.117788,0.149372,0.0925248,0.0944054,0.135534,0.169448,0.254717,0.218318,0.270126,0.35657,0.329255
399.443,0.154306,0.0291814,0.0559441,0.0774436,0.181489,0.119694,0.0696752,0.0712928,0.129825,0.148478,0.141422,0.152979,0.235241,0.251824,0.288704,0.199662,0.3575,0.433481,0.384565
399.931,-0.0517053,-0.0397293,-0.0630518,-0.0709333,0.0307099,-0.0579597,0.00526651,-0.0465473,0.0553626,0.0334624,0.110914,0.0843715,0.0550026,0.0943562,0.137851,0.145293,0.22949,0.267952,0.325923
400.42,0.108358,-0.00128221,0.0369168,0.112308,0.0440897,0.112111,0.10951,0.0993612,0.109552,0.0395755,0.177384,0.163538,0.107221,0.134376,0.199257,0.233194,0.310787,0.342762,0.316823
400.908,0.0166179,0.057118,0.0487401,0.057164,0.0875986,0.0677956,0.118469,0.133768,0.0886921,0.077397,0.124121,0.115184,0.109453,0.191584,0.180434,0.248576,0.302997,0.265011,0.258199
401.397,0.00112728,0.0777372,-0.0111174,0.0359508,0.024694,0.0455814,-0.00361508,0.00447544,0.0574308,0.0380179,0.0326523,0.073244,0.166428,0.165768,0.152654,0.20195,0.21058,0.247124,0.272366
401.885,0.0477485,0.0815735,0.103449,0.0205233,0.100757,0.0586353,0.119498,0.109135,0.0729955,0.0431156,0.137161,0.124399,0.131794,0.178433,0.205571,0.216974,0.280302,0.253516,0.256319
402.373,0.0893319,0.0452469,0.0369687,0.0719727,0.0267251,0.0532779,0.0202655,0.0794113,0.0357874,0.0562902,0.115467,0.159781,0.123163,0.127992,0.232697,0.207678,0.24341,0.284762,0.279376
402.861,0.0364116,0.0759309,0.0373564,0.047944,0.0885443,0.111462,0.092623,0.0917913,0.0258336,0.136401,0.0845333,0.0920378,0.14279,0.181971,0.165885,0.2185,0.2435,0.275446,0.310738
403.349,0.0461408,0.0913092,0.105101,0.0565631,0.0599488,0.103321,0.108553,0.103721,0.101193,0.116556,0.178157,0.155263,0.186799,0.170771,0.233231,0.257518,0.311717,0.351325,0.297547
403.837,0.108084,0.0736039,0.10718,0.127866,0.119743,0.118621,0.143934,0.156703,0.208205,0.196506,0.184599,0.16283,0.181363,0.220952,0.24693,0.309328,0.372144,0.335036,0.383939
404.324,0.0200793,0.0319195,0.0222893,0.0542253,-0.0623815,0.00925053,-0.0093759,0.0670629,0.0556627,0.00237385,0.0575989,0.0755926,0.107519,0.156521,0.164791,0.197636,0.243081,0.216514,0.323782
404.812,0.0485616,0.0371833,0.0201835,0.053497,-0.0162142,0.0318119,0.0366561,0.0539857,0.0494452,0.0703055,0.0832195,0.121062,0.107516,0.234831,0.190154,0.228094,0.30254,0.292733,0.331328
405.299,0.0888255,0.12746,0.136052,0.093207,0.105315,0.0612355,0.140855,0.140197,0.195898,0.10987,0.139298,0.204604,0.149874,0.257558,0.21758,0.258916,0.373163,0.31894,0.377777
405.786,0.0456359,0.0394694,0.0265978,0.0568198,0.0308973,0.0740623,0.049593,0.0291068,0.159993,0.152464,0.140897,0.130372,0.187002,0.190575,0.183241,0.265533,0.301462,0.319322,0.317014
406.274,0.000734861,0.0220947,0.0720708,0.0271342,0.00691129,0.0213116,0.0363948,0.075147,0.0208822,0.0401219,0.0547798,0.0526381,0.146722,0.142744,0.194424,0.161246,0.259819,0.208198,0.21676
406.761,-0.0160758,0.0121715,0.00634566,-0.000827166,0.0569786,0.0603894,0.0543662,0.0107706,0.0480269,0.0561773,0.0581549,0.0931687,0.0939776,0.110685,0.108512,0.186261,0.229081,0.235625,0.256431
407.248,0.0342221,0.0383948,0.0778174,0.0483015,0.0538689,0.0918727,0.0808767,0.0899961,0.0535901,0.105297,0.133592,0.0988536,0.155013,0.165666,0.236779,0.200568,0.242127,0.276491,0.353003
407.734,0.0742418,0.0299624,0.0718913,0.0901648,0.0686286,0.0730791,0.0863215,0.051737,0.0596861,0.123514,0.106097,0.0937869,0.140313,0.144888,0.174086,0.223223,0.263313,0.289457,0.305966
408.221,0.147479,0.15406,0.0467262,0.0272807,0.0969121,0.117188,0.124079,0.113444,0.0792266,0.14494,0.187356,0.180093,0.201888,0.241996,0.25652,0.277312,0.33829,0.351997,0.375142
408.708,0.0356958,0.0568032,0.0601724,0.0413583,0.046831,0.0135164,0.0383559,0.0534389,0.0789362,0.0958275,0.0259978,0.130252,0.177076,0.157536,0.222586,0.216075,0.29702,0.305591,0.338854
409.194,0.0485386,0.0265448,0.0179011,0.0634565,-0.0107137,0.0248734,0.0707948,0.0252142,0.0783308,0.0649623,0.107705,0.0821683,0.152394,0.119289,0.200615,0.22618,0.219232,0.290733,0.323363
409.681,0.121015,0.0696533,0.124173,0.123004,0.117119,0.0725383,0.0891502,0.125363,0.137296,0.150947,0.172032,0.192635,0.158239,0.229665,0.23951,0.307135,0.314653,0.351112,0.367906
410.167,0.0193886,0.0393478,0.0565985,-0.00972113,0.0283977,0.0372526,0.0165391,0.0747518,0.0479294,0.0791321,0.13273,0.126658,0.160401,0.150285,0.162999,0.214592,0.268416,0.306126,0.328374
410.653,0.0433562,0.0789584,0.0540672,0.044652,0.0500822,0.0680387,0.05061,0.0628987,0.109889,0.101836,0.149977,0.162285,0.152773,0.161102,0.211939,0.229096,0.277034,0.362236,0.324613
411.139,0.0911008,0.0487463,0.105229,0.0702904,0.0873654,0.0930393,0.0918673,0.106403,0.101003,0.108542,0.143763,0.149301,0.100417,0.162663,0.211704,0.223691,0.28414,0.28959,0.336935
411.625,0.0686628,0.0589222,0.0345834,0.0767961,0.0784723,0.0696447,0.0455977,0.0839783,0.0900446,0.0459797,0.122433,0.116693,0.166499,0.184954,0.17017,0.242619,0.278107,0.309162,0.343041
412.111,0.0286217,0.0400212,0.0555189,0.0193911,0.081452,0.0239098,0.0348861,0.0755584,0.0631648,0.0769756,0.0750718,0.110547,0.15214,0.184117,0.149945,0.211234,0.323836,0.36056,0.395802
412.597,0.075556,0.0948688,0.117402,0.123073,0.119642,0.147811,0.151226,0.14365,0.160975,0.124175,0.22797,0.204714,0.169483,0.194284,0.294912,0.307596,0.349482,0.468137,0.424522
413.082,0.144021,0.10225,0.11989,0.0860469,0.0890313,0.114767,0.147248,0.138428,0.129356,0.160024,0.157202,0.198382,0.215947,0.233042,0.25095,0.298354,0.328971,0.357461,0.37466
413.568,0.0591579,0.0508758,0.0100016,0.0202026,0.0730087,0.0423973,0.0427544,0.0860352,0.0572674,0.0674669,0.0950056,0.141729,0.140343,0.170746,0.173941,0.211838,0.277723,0.254793,0.299316
414.053,0.0455311,0.0434798,0.0809806,0.033248,0.0648348,0.0729354,0.0518552,0.0977368,0.0767017,0.0850909,0.089397,0.114707,0.174388,0.144816,0.217362,0.258046,0.244407,0.300804,0.380062
414.538,0.062602,0.0789895,0.0348869,0.0481685,0.0811627,0.0626487,0.0611861,0.080857,0.117216,0.129583,0.104433,0.138901,0.135392,0.170695,0.182236,0.225689,0.282663,0.295732,0.310168
415.023,0.0259597,0.0347537,0.0582955,0.0283876,0.0171535,0.0427599,0.0234775,0.0834506,0.0640556,0.0635316,0.0890254,0.0957218,0.130681,0.157838,0.150811,0.200422,0.257562,0.285411,0.273278
415.508,0.0412903,0.0661313,0.0528881,0.0710663,0.0900564,0.078522,0.062041,0.0631055,0.101107,0.124807,0.118423,0.121012,0.140431,0.179531,0.189261,0.277679,0.254315,0.313573,0.30614
415.993,0.0444591,0.00551857,0.0539311,0.0221539,0.038662,0.0205795,0.05831,0.0311977,0.0528786,0.0513185,0.0916064,0.0997003,0.1345,0.162357,0.19315,0.207157,0.270894,0.258021,0.297458
416.478,0.0775051,0.0608361,0.0827452,0.0763091,0.106842,0.0660146,0.067734,0.0644914,0.101624,0.119009,0.151098,0.151575,0.197134,0.222589,0.24876,0.282218,0.306284,0.317927,0.359865
416.963,0.0550992,0.0897803,0.0675787,0.0770659,0.0628313,0.0884763,0.0790377,0.0917695,0.0864386,0.112136,0.115772,0.156479,0.137946,0.182176,0.206597,0.271368,0.27515,0.308367,0.364174
417.447,0.0527454,0.0555968,0.0453332,0.080772,0.0626462,0.0821584,0.0418173,0.0668273,0.0891503,0.0751018,0.127314,0.106812,0.123588,0.195997,0.160095,0.236145,0.247111,0.324287,0.337521
417.932,0.07108,0.0720851,0.0936939,0.0361067,0.0465771,0.0595614,0.069492,0.0894194,0.0884866,0.0960811,0.126,0.162684,0.13587,0.184203,0.19869,0.217134,0.323448,0.294021,0.3575
418.416,0.0335969,0.0770837,0.0400713,0.0454248,0.0569711,0.0869634,0.0586261,0.0466529,0.0685027,0.0669665,0.140523,0.130047,0.137693,0.151932,0.184202,0.241676,0.264806,0.263143,0.28845
418.9,0.0301312,0.0558951,0.0498568,0.024682,0.0520994,0.0524569,0.059514,0.0691569,0.0496565,0.0669765,0.119033,0.141997,0.137598,0.140665,0.161962,0.19342,0.222054,0.271198,0.304087
419.384,0.0693065,0.0461269,0.0606569,0.0602307,0.0644931,0.050066,0.0687539,0.0629845,0.0922495,0.0891036,0.132954,0.148075,0.1613,0.185084,0.183062,0.221243,0.294318,0.337843,0.31759
419.868,0.0423285,0.0393737,0.0794437,0.0749896,0.0767209,0.0872421,0.071687,0.0900053,0.110673,0.12111,0.116851,0.140038,0.151844,0.168897,0.219279,0.260552,0.293786,0.326542,0.350223
420.352,0.0539842,0.0426028,0.0589326,0.0630715,0.0567496,0.0700001,0.0803431,0.105022,0.0788447,0.0812902,0.0997819,0.116189,0.136103,0.149365,0.201043,0.171314,0.241247,0.299757,0.298429
420.836,0.109601,0.112319,0.124649,0.109149,0.0927378,0.10138,0.0882595,0.0665484,0.114996,0.133481,0.140358,0.138441,0.173207,0.1781,0.242002,0.32055,0.309359,0.355045,0.368433
421.319,0.0281175,0.0394243,0.0517183,0.00219489,0.0519504,0.0932575,0.0667557,0.0605313,0.103302,0.0621561,0.116583,0.137115,0.133853,0.163929,0.194998,0.215457,0.249836,0.313859,0.319117
421.803,0.0204201,0.0254028,0.0544472,0.0368461,0.0255445,0.0445238,0.0523078,0.063436,0.0688875,0.0615754,0.101204,0.0822058,0.125384,0.146075,0.188147,0.200564,0.260008,0.265344,0.249095
422.286,0.0533653,0.064698,0.048522,0.0608678,0.0542017,0.0699215,0.0580757,0.0628394,0.100331,0.0977614,0.11303,0.145349,0.140996,0.192836,0.195995,0.273337,0.278039,0.285182,0.353142
422.77,0.0544745,0.0845935,0.0635117,0.088256,0.0556774,0.0905108,0.0872258,0.101206,0.09893,0.12661,0.116976,0.144133,0.181157,0.182394,0.237475,0.25858,0.308525,0.343977,0.38505
423.253,0.064523,0.0806472,0.0781192,0.0863168,0.072807,0.0559078,0.0571572,0.0771381,0.093496,0.108484,0.131776,0.145945,0.158413,0.19844,0.220074,0.222251,0.293086,0.335129,0.342145
423.736,0.0329795,0.0352967,0.0241043,0.0528304,0.0493628,0.0443957,0.0536865,0.0547247,0.088152,0.103178,0.121721,0.116458,0.161383,0.170625,0.218523,0.209128,0.268764,0.337263,0.344312
424.219,0.0573594,0.0527653,0.0922506,0.0721881,0.0642367,0.0837018,0.0749629,0.0812586,0.0796873,0.0862391,0.12106,0.117166,0.15496,0.165182,0.210483,0.235943,0.27255,0.290875,0.346121
424.702,0.0456123,0.0487342,0.0521369,0.0537043,0.0592465,0.0653822,0.0544262,0.0752316,0.0699198,0.0729642,0.112255,0.11259,0.153881,0.150264,0.215308,0.229716,0.267303,0.283526,0.324727
425.184,0.0754826,0.0712829,0.0596288,0.065073,0.0631868,0.0736498,0.0918914,0.0911099,0.0911488,0.100509,0.114329,0.141099,0.17144,0.200963,0.257829,0.256474,0.299133,0.356024,0.356841
425.667,0.0711461,0.0922106,0.0575489,0.0470146,0.0887135,0.0799179,0.0785804,0.105783,0.0873538,0.0870418,0.143697,0.123997,0.179863,0.200959,0.190572,0.252695,0.281725,0.309742,0.357611
426.149,0.0429903,0.0849807,0.0527759,0.0718967,0.0733651,0.0693905,0.084148,0.0661008,0.096043,0.0956464,0.124251,0.118667,0.162958,0.202304,0.200571,0.239982,0.298158,0.326719,0.331074
426.632,0.0496464,0.0340376,0.0455336,0.0680816,0.0544665,0.0531765,0.0511895,0.0745927,0.0794213,0.0761712,0.104175,0.102628,0.131827,0.155924,0.174249,0.237492,0.28207,0.319798,0.340972
427.114,0.0505579,0.0731208,0.0583816,0.0458751,0.0680395,0.0824423,0.0599659,0.0880347,0.0724109,0.114284,0.0972169,0.104419,0.130134,0.190647,0.209827,0.261735,0.282374,0.327135,0.328762
427.596,0.0436499,0.0585723,0.0423537,0.0497168,0.0792799,0.0525887,0.0353513,0.0659943,0.0864057,0.078256,0.0802308,0.116742,0.124806,0.177543,0.174073,0.217783,0.271486,0.271825,0.328326
428.078,0.0611519,0.0534315,0.0464408,0.0498516,0.0508415,0.0673392,0.0680207,0.0632203,0.0807395,0.08356,0.0989148,0.0944964,0.150954,0.168263,0.197442,0.21982,0.276979,0.285179,0.309327
428.56,0.0728634,0.0907894,0.052334,0.0823276,0.0828216,0.0732519,0.0743143,0.0930767,0.0981612,0.122524,0.134845,0.13018,0.143197,0.182456,0.211064,0.230486,0.274134,0.313973,0.306337
429.042,0.0489145,0.0394803,0.0626386,0.0553309,0.0944246,0.0782417,0.0624586,0.0744493,0.0935254,0.0925027,0.112878,0.117107,0.141047,0.158163,0.205004,0.2425,0.286972,0.312212,0.324156
429.524,0.0644575,0.0427004,0.0626507,0.053111,0.0673948,0.0665258,0.0851762,0.0864165,0.085047,0.0925184,0.105004,0.137029,0.141685,0.161283,0.205227,0.229144,0.285815,0.312877,0.329038
430.005,0.0526658,0.0436793,0.0677565,0.0441932,0.0568175,0.0643383,0.0531125,0.0698504,0.0776229,0.0633572,0.11771,0.101966,0.135776,0.162502,0.18213,0.213142,0.260785,0.284984,0.307815
430.487,0.0562876,0.0402182,0.0743378,0.0704279,0.0566855,0.0746402,0.071015,0.0982257,0.07495,0.102708,0.1133,0.128474,0.162892,0.192034,0.214588,0.255564,0.280237,0.309474,0.348045
430.968,0.0393911,0.0537239,0.0555523,0.0796295,0.059526,0.055804,0.0729414,0.052259,0.079918,0.0925086,0.0965413,0.095572,0.128444,0.183405,0.203764,0.241927,0.26867,0.324252,0.316813
431.449,0.0668017,0.0636145,0.0780926,0.0670325,0.0717906,0.0753872,0.0748039,0.0868064,0.094955,0.100282,0.133488,0.139447,0.141268,0.170843,0.181614,0.265706,0.289952,0.304746,0.329283
431.93,0.0560305,0.0446558,0.011379,0.0395582,0.0540527,0.0426392,0.0629444,0.0734044,0.0691346,0.0573899,0.0910929,0.113906,0.128831,0.156569,0.186097,0.216647,0.230559,0.337162,0.30184
432.411,0.0803714,0.0727533,0.0858825,0.064614,0.062638,0.061155,0.0613121,0.0934633,0.0826456,0.104549,0.131087,0.140203,0.166158,0.16629,0.219195,0.266316,0.281233,0.341052,0.343383
432.892,0.0553013,0.0469641,0.0401259,0.0542108,0.0450828,0.0583258,0.035816,0.0527625,0.0540829,0.0793458,0.107838,0.111991,0.158395,0.149274,0.193243,0.222468,0.242306,0.292605,0.315749
433.373,0.047478,0.0421642,0.0611482,0.0555941,0.0382336,0.0556344,0.0493198,0.0455631,0.0672959,0.0932241,0.0737624,0.106974,0.133917,0.164097,0.205269,0.203793,0.258396,0.29321,0.314334
433.854,0.0626101,0.071936,0.0607868,0.0689103,0.0759918,0.0604132,0.0664501,0.0847305,0.0835863,0.0927062,0.101114,0.129741,0.136511,0.178162,0.208212,0.229927,0.29338,0.319314,0.328657
434.334,0.0643322,0.0604899,0.0670251,0.0547073,0.0574487,0.0622616,0.0351582,0.085434,0.0685331,0.0852428,0.101878,0.136042,0.151943,0.172992,0.197081,0.227243,0.26638,0.285234,0.34419
434.814,0.0388158,0.0552376,0.0559758,0.0585823,0.0662306,0.0606981,0.0770333,0.0720196,0.0525823,0.0884354,0.10095,0.102538,0.131049,0.159059,0.194453,0.22358,0.294307,0.313683,0.347258
435.295,0.0663475,0.068017,0.0774665,0.0857462,0.0761187,0.0731892,0.0945943,0.0904015,0.104028,0.102889,0.132133,0.140257,0.170432,0.178324,0.232004,0.259835,0.30606,0.335349,0.32819
435.775,0.0678453,0.0620909,0.0614659,0.0596367,0.0817768,0.0987106,0.0649087,0.106143,0.08821,0.105868,0.117785,0.154094,0.177851,0.177905,0.199577,0.264708,0.307716,0.327503,0.354169
436.255,0.0626284,0.0669049,0.0696993,0.0617127,0.069179,0.0781801,0.0828396,0.0765943,0.0557874,0.0962614,0.10467,0.135641,0.175079,0.176416,0.217124,0.222463,0.264316,0.332292,0.340169
436.735,0.0538941,0.0517977,0.0541776,0.0575718,0.0774647,0.0646331,0.0803087,0.0960502,0.101717,0.111762,0.115884,0.116506,0.176769,0.176358,0.198583,0.235848,0.26413,0.322519,0.315996
437.215,0.0552176,0.0669147,0.0701968,0.0755134,0.0636264,0.0669922,0.0716285,0.0908158,0.0901773,0.0974663,0.113725,0.127022,0.143404,0.166896,0.208315,0.227986,0.288242,0.317367,0.315427
437.695,0.0642585,0.0594121,0.0633074,0.0665563,0.0775704,0.0609521,0.0873181,0.0810798,0.087817,0.0856285,0.106333,0.122797,0.153856,0.174746,0.205572,0.2374,0.267933,0.312271,0.333564
438.174,0.0611323,0.0396835,0.0516516,0.0587541,0.0553133,0.046505,0.0522737,0.05638,0.0766668,0.0807032,0.108187,0.120113,0.161831,0.167277,0.183946,0.228464,0.259877,0.274434,0.324621
438.654,0.0358196,0.0576515,0.052632,0.0710151,0.0689993,0.0777971,0.0789651,0.0738737,0.0836078,0.0905084,0.101175,0.119715,0.134316,0.18541,0.218683,0.244728,0.267691,0.324067,0.336762
439.133,0.0499969,0.047114,0.0585033,0.0496008,0.0633876,0.0480461,0.0700357,0.0783066,0.0696654,0.0805521,0.0968135,0.101866,0.138818,0.162633,0.171401,0.218857,0.244588,0.295433,0.302222
439.612,0.0381646,0.0519334,0.0518929,0.0629227,0.0365331,0.044804,0.0682326,0.075781,0.0616466,0.0829076,0.106003,0.126293,0.137969,0.192088,0.199411,0.242442,0.283146,0.303852,0.349706
440.091,0.0672725,0.0584153,0.0521042,0.0526079,0.06869,0.0550133,0.0702441,0.0748047,0.0632736,0.0743395,0.0990341,0.118761,0.142843,0.181642,0.200134,0.247688,0.27494,0.284794,0.316232
440.571,0.070203,0.0700129,0.0688417,0.0794898,0.090861,0.063739,0.0741536,0.0876203,0.113017,0.110521,0.128519,0.132999,0.154664,0.191549,0.222777,0.266709,0.297666,0.331766,0.3595
441.049,0.0455158,0.0544639,0.0574697,0.0534138,0.0574434,0.0427012,0.0700068,0.0648615,0.0771608,0.0792363,0.0942785,0.100714,0.125844,0.160202,0.192602,0.221292,0.261959,0.286991,0.317645
441.528,0.0691191,0.0518576,0.049308,0.079113,0.0606356,0.055442,0.0665016,0.0695049,0.0754419,0.0810526,0.107014,0.110467,0.146189,0.172901,0.195303,0.208552,0.263739,0.270168,0.309126
442.007,0.0749053,0.0681942,0.077201,0.0652294,0.0717069,0.0686859,0.0793273,0.0753277,0.100668,0.11577,0.108167,0.160409,0.180189,0.194485,0.235701,0.257593,0.313622,0.344017,0.365009
442.486,0.0796465,0.058328,0.0704486,0.0707164,0.0619539,0.0716629,0.0781344,0.0847451,0.0849458,0.106344,0.109663,0.128462,0.151672,0.176786,0.211439,0.23174,0.279463,0.315697,0.333336
442.964,0.0485239,0.0367756,0.0656055,0.0507305,0.0552494,0.0546679,0.0649256,0.0644968,0.0890855,0.0867457,0.0987321,0.12457,0.138318,0.174312,0.214013,0.240268,0.272278,0.313794,0.316974
443.442,0.0419197,0.0391809,0.0431089,0.0528495,0.0464191,0.0552939,0.0481208,0.0609236,0.0785273,0.0861604,0.099304,0.101096,0.126716,0.147472,0.191295,0.247643,0.269769,0.294494,0.330565
443.921,0.0442701,0.0486835,0.0411873,0.0424595,0.0525093,0.0453999,0.0461925,0.0524043,0.0648274,0.0963272,0.0884304,0.113484,0.133853,0.14767,0.186587,0.223827,0.264659,0.309972,0.304916
444.399,0.0640273,0.0600018,0.0598797,0.0610167,0.0652823,0.069343,0.072548,0.0954061,0.0834454,0.0952079,0.108944,0.125676,0.16312,0.164959,0.209362,0.228125,0.275354,0.309447,0.300553
444.877,0.0662207,0.0682677,0.0854132,0.0882268,0.0639169,0.0663131,0.0813617,0.104622,0.0881889,0.104774,0.120066,0.147536,0.147905,0.179899,0.232217,0.244235,0.296986,0.334832,0.342618
445.355,0.0571935,0.0458442,0.0371992,0.0437793,0.0629386,0.0645837,0.0397347,0.0637833,0.0781054,0.0788028,0.0982271,0.120885,0.150301,0.181399,0.186243,0.236946,0.261351,0.300983,0.337323
445.832,0.0620229,0.051354,0.046785,0.0683048,0.072401,0.0649102,0.0827302,0.068041,0.085469,0.0937253,0.111412,0.120689,0.148906,0.178158,0.205251,0.246516,0.286579,0.296185,0.330497
446.31,0.0640605,0.0624293,0.0756203,0.0649792,0.0838687,0.0785818,0.0877757,0.0963429,0.0974274,0.0921878,0.113882,0.133758,0.170303,0.183472,0.217234,0.250165,0.296076,0.323839,0.340017
446.788,0.0460543,0.0619546,0.0537625,0.054088,0.0618706,0.0582386,0.0615159,0.0793873,0.0642957,0.0955578,0.111932,0.15177,0.147367,0.164174,0.195983,0.228862,0.274564,0.315734,0.325216
447.265,0.0505027,0.0616098,0.0574956,0.0582441,0.0684045,0.067902,0.0683641,0.0856388,0.0855871,0.101674,0.108051,0.134826,0.159969,0.183725,0.218665,0.244549,0.280115,0.327225,0.341583
447.742,0.0583556,0.0681044,0.0546392,0.0576836,0.0645708,0.0731641,0.067806,0.0749481,0.0751542,0.10788,0.106682,0.129221,0.147131,0.19583,0.224037,0.259496,0.288403,0.311629,0.344615
448.219,0.0500998,0.0615271,0.0633174,0.0645549,0.0608138,0.0570971,0.0715571,0.0747813,0.0765184,0.094009,0.106367,0.125489,0.152897,0.17239,0.214594,0.228223,0.278269,0.307519,0.314675
448.697,0.044413,0.0426925,0.0544339,0.0607573,0.0579726,0.0600084,0.0573418,0.0739544,0.0852392,0.100704,0.0909853,0.124625,0.148872,0.1766,0.21207,0.225848,0.268686,0.326435,0.326145
449.173,0.0484486,0.0655788,0.0623585,0.0732932,0.0752753,0.067463,0.064287,0.0727867,0.0958396,0.0870688,0.10871,0.120683,0.140481,0.172436,0.203624,0.241069,0.255635,0.308818,0.326756
449.65,0.0582496,0.0576917,0.0618868,0.0591967,0.059947,0.0573424,0.0571436,0.0641201,0.0790592,0.0829237,0.11638,0.125625,0.140046,0.180905,0.185209,0.223685,0.270381,0.305232,0.311976
450.127,0.0470044,0.0468974,0.0377839,0.0475237,0.053358,0.0613291,0.0782817,0.0747687,0.0763572,0.0883458,0.0925934,0.120022,0.138392,0.16929,0.200528,0.21741,0.272058,0.295328,0.309499
450.604,0.0527348,0.0655615,0.0512503,0.0525234,0.0616183,0.0572419,0.073342,0.071618,0.067237,0.0863339,0.113211,0.118649,0.14706,0.170812,0.203937,0.231436,0.270833,0.317273,0.32917
451.08,0.0642013,0.0701597,0.0714472,0.0678895,0.0724027,0.0783137,0.0818335,0.092083,0.101712,0.102874,0.124113,0.144674,0.162377,0.184894,0.229007,0.248753,0.287909,0.320612,0.34172
451.557,0.0639344,0.0657381,0.0756496,0.0658939,0.0632498,0.0741237,0.0754313,0.0897971,0.0876247,0.0965832,0.122182,0.129498,0.155837,0.182882,0.211835,0.240849,0.2847,0.311945,0.344548
452.033,0.0392553,0.0449174,0.05662,0.0463198,0.0680946,0.0545486,0.0672701,0.0600615,0.0776736,0.081683,0.111423,0.124405,0.145215,0.157552,0.197068,0.240456,0.271185,0.334961,0.344925
452.509,0.0317106,0.0364736,0.0470474,0.057629,0.0512388,0.051226,0.0526582,0.0704333,0.0661316,0.0813639,0.0906264,0.118263,0.129349,0.156365,0.185877,0.228599,0.261701,0.29036,0.307165
452.985,0.0519752,0.0629858,0.0681963,0.0611087,0.0520188,0.068631,0.0680935,0.078763,0.0768859,0.0888083,0.118385,0.126206,0.138648,0.176014,0.195735,0.2204,0.270037,0.297578,0.325674
453.461,0.0508629,0.0621853,0.0598517,0.054277,0.058863,0.0580394,0.0611544,0.0679669,0.0703088,0.0919832,0.0999631,0.122892,0.141446,0.154574,0.193645,0.229815,0.269793,0.300083,0.310056
453.937,0.0587765,0.0637792,0.0689344,0.0639631,0.0618571,0.0601912,0.0724215,0.0765555,0.0866775,0.0963111,0.111953,0.127924,0.149301,0.181767,0.202182,0.231903,0.28203,0.325834,0.332857
454.412,0.0415699,0.0523859,0.0466494,0.0548879,0.0531211,0.0604405,0.0652362,0.0636208,0.0812787,0.0786944,0.10144,0.113723,0.150825,0.160713,0.196535,0.238075,0.271492,0.29946,0.312525
454.888,0.0620418,0.060603,0.0636616,0.0843938,0.0672422,0.0675266,0.075036,0.079563,0.0796216,0.0966712,0.105262,0.126354,0.152083,0.17472,0.208318,0.24572,0.277098,0.314035,0.333021
455.363,0.0636251,0.0592245,0.0663177,0.0814652,0.0748154,0.0811317,0.0697419,0.0770741,0.0907034,0.0928765,0.117255,0.142346,0.164216,0.179564,0.210906,0.248026,0.287685,0.323261,0.340959
455.839,0.058007,0.0677975,0.0582435,0.0578981,0.0639549,0.0613709,0.072563,0.0843388,0.0908133,0.0909621,0.121459,0.132081,0.148135,0.183974,0.209903,0.231955,0.281087,0.319771,0.326362
456.314,0.0542398,0.0655277,0.0603855,0.0626393,0.0618067,0.0741188,0.0573358,0.0810474,0.0821741,0.0872,0.106796,0.132838,0.150048,0.181805,0.21092,0.243499,0.284279,0.312566,0.335952
456.789,0.0405744,0.0571092,0.057349,0.0481554,0.0513625,0.06061,0.0581574,0.0578645,0.0717667,0.0840216,0.0922045,0.122735,0.126405,0.150624,0.190219,0.226393,0.266789,0.302294,0.32155
457.264,0.0541008,0.0543151,0.0541177,0.075056,0.0681002,0.064184,0.0653982,0.0872765,0.0745213,0.101602,0.108244,0.139204,0.149482,0.173395,0.207005,0.240353,0.269431,0.315878,0.331654
457.739,0.0408039,0.0455931,0.0519359,0.0554703,0.0554878,0.0473405,0.0486965,0.0572529,0.0777874,0.0922565,0.105392,0.125344,0.144324,0.158752,0.196705,0.245344,0.263398,0.2865,0.320297
458.214,0.061457,0.0563182,0.0670139,0.065504,0.0562031,0.0718633,0.0728559,0.0761396,0.0823439,0.100581,0.10559,0.124314,0.139683,0.17355,0.207779,0.235804,0.278983,0.318049,0.330364
458.689,0.0626069,0.0617602,0.0564347,0.0517548,0.0615032,0.0579475,0.0609894,0.0826156,0.0804616,0.0860785,0.108531,0.121451,0.14404,0.175224,0.201765,0.239296,0.277208,0.305122,0.314175
459.163,0.052214,0.0505248,0.0570512,0.048253,0.0552544,0.0445632,0.0695874,0.0726202,0.0776062,0.085497,0.100067,0.11522,0.148352,0.175991,0.182548,0.234078,0.260976,0.301455,0.31743
459.637,0.0521131,0.0539501,0.0678845,0.0510102,0.046979,0.065229,0.064591,0.0748335,0.0772991,0.0884856,0.112432,0.111782,0.134306,0.17049,0.198838,0.242905,0.271229,0.311401,0.327751
460.112,0.0557343,0.0541054,0.0621519,0.0639181,0.0610339,0.0595579,0.074425,0.0622377,0.0806552,0.0886418,0.0978127,0.123901,0.138077,0.168743,0.203211,0.223242,0.262336,0.310585,0.305669
460.586,0.0502831,0.0630147,0.0541179,0.0676885,0.0652653,0.0659003,0.0710467,0.0717388,0.0771579,0.0973675,0.118771,0.125165,0.154008,0.177688,0.209583,0.244904,0.292463,0.310999,0.335225
461.06,0.049854,0.0459824,0.0521505,0.0513116,0.0607512,0.0672878,0.0650816,0.069718,0.0787014,0.074409,0.103852,0.113351,0.134332,0.163833,0.186801,0.228235,0.272754,0.296555,0.300377
461.534,0.0504089,0.0597184,0.0530615,0.0521759,0.0555215,0.0668388,0.0632467,0.0681363,0.0672466,0.0798004,0.0991107,0.109572,0.139452,0.160674,0.199514,0.228686,0.260868,0.308779,0.322784
462.008,0.0648388,0.0524625,0.0578462,0.0608321,0.0712405,0.0754858,0.0648881,0.0914271,0.0768671,0.0939383,0.112426,0.140407,0.146177,0.194413,0.214391,0.258934,0.290221,0.318497,0.340478
462.482,0.0517907,0.0492337,0.0552038,0.0457589,0.0571272,0.0679218,0.0534344,0.0639905,0.0722985,0.0727285,0.0983034,0.126552,0.137653,0.156448,0.190571,0.222626,0.26198,0.288456,0.310887
462.955,0.0574143,0.054939,0.0637503,0.0516752,0.0492659,0.0551507,0.0623302,0.0750847,0.0905768,0.0966021,0.105561,0.128656,0.152049,0.168549,0.216174,0.243692,0.285345,0.308389,0.325506
463.429,0.0548097,0.0511785,0.056117,0.0538523,0.0640767,0.0627422,0.0580184,0.0689775,0.0756378,0.0842072,0.102615,0.115662,0.149434,0.164571,0.198698,0.225322,0.270798,0.308118,0.321381
463.902,0.0583647,0.0564088,0.0661615,0.0618938,0.0649006,0.0717739,0.0683861,0.0719232,0.0850613,0.0912957,0.106744,0.127196,0.151307,0.177793,0.209258,0.244932,0.292803,0.320328,0.345844
464.375,0.0453102,0.0497211,0.0486375,0.0502015,0.053312,0.0619953,0.0577573,0.0612155,0.0725005,0.0895409,0.0951568,0.118313,0.141108,0.17089,0.21155,0.221028,0.249479,0.318039,0.316245
464.849,0.057303,0.0504407,0.0540415,0.0569679,0.0511719,0.0622174,0.058465,0.0669906,0.0766378,0.0912992,0.0983315,0.118353,0.148995,0.173025,0.200381,0.238538,0.285807,0.291781,0.311647
465.322,0.0553986,0.0565255,0.0563773,0.0653391,0.0583058,0.0601735,0.0602967,0.0808389,0.079309,0.0964725,0.108286,0.125665,0.14261,0.171928,0.181888,0.226561,0.272524,0.303287,0.317614
465.794,0.066196,0.0631188,0.0648695,0.074493,0.0731352,0.0742221,0.0667591,0.0793782,0.0893996,0.0956841,0.112989,0.13453,0.152183,0.174147,0.211153,0.24014,0.28043,0.316059,0.327406
466.267,0.0613281,0.0637559,0.0559937,0.0657692,0.0611412,0.0625773,0.0702831,0.0649651,0.0753348,0.0830755,0.112008,0.139609,0.147832,0.181101,0.220492,0.240331,0.287357,0.319588,0.331171
466.74,0.0585266,0.0590188,0.0569635,0.0596175,0.061453,0.0606522,0.0616808,0.0759629,0.0788593,0.0935257,0.101788,0.121696,0.146148,0.162693,0.203946,0.239449,0.279763,0.309801,0.314529
467.213,0.0566732,0.0575797,0.0657271,0.0511,0.0641251,0.0615678,0.0697952,0.0700962,0.0801619,0.0895049,0.100678,0.119747,0.15112,0.176563,0.205734,0.256592,0.280989,0.305673,0.330404
467.685,0.0636889,0.0594705,0.0649505,0.0745441,0.0707625,0.0735652,0.0720856,0.0838684,0.0948542,0.100587,0.110974,0.135274,0.150115,0.184915,0.209057,0.249707,0.290063,0.315234,0.339104
468.157,0.0603739,0.0754744,0.0669318,0.0689344,0.0667291,0.0696989,0.0780828,0.0809759,0.0796674,0.0924751,0.109087,0.128812,0.15471,0.181639,0.211183,0.246649,0.269914,0.312914,0.32337
468.63,0.050492,0.0466117,0.0552313,0.0571539,0.062011,0.0626497,0.0595998,0.0665195,0.0633887,0.0885587,0.0959975,0.119211,0.137627,0.159945,0.193951,0.22836,0.273857,0.300876,0.310326
469.102,0.0559779,0.059904,0.0538237,0.0565672,0.0589006,0.0604616,0.069062,0.0665538,0.0824017,0.0968253,0.11119,0.128764,0.144472,0.169484,0.194885,0.226024,0.280642,0.303191,0.325682
469.574,0.0611914,0.0635229,0.0573005,0.0668273,0.0593068,0.0694398,0.0726976,0.0767212,0.0820297,0.0888666,0.107665,0.136472,0.152404,0.182356,0.212446,0.246577,0.279491,0.307468,0.337842
470.046,0.0506398,0.0558228,0.0558303,0.0703083,0.0637149,0.0585647,0.0738277,0.0746256,0.0741027,0.0826647,0.101356,0.119209,0.151117,0.174253,0.198723,0.22978,0.271528,0.306108,0.329325
470.517,0.0517584,0.0593049,0.0595875,0.0601291,0.0642414,0.061963,0.0665248,0.067613,0.0766749,0.091561,0.100253,0.125686,0.144509,0.164455,0.200019,0.232002,0.264588,0.293216,0.314758
470.989,0.0619527,0.0554837,0.054498,0.0601769,0.0616622,0.0660427,0.0727538,0.0673267,0.0829982,0.0883555,0.108618,0.12443,0.139794,0.165371,0.200203,0.227744,0.268872,0.298631,0.320001
471.461,0.0549269,0.0515558,0.0559337,0.0572157,0.0588137,0.0654983,0.0708805,0.0728513,0.0740619,0.0883657,0.0995617,0.117555,0.148038,0.164411,0.200092,0.218413,0.263786,0.319187,0.321752
471.932,0.0603087,0.0562001,0.0605848,0.0663393,0.0678225,0.0649353,0.0721932,0.0690191,0.0796163,0.0933741,0.10375,0.136148,0.152178,0.164445,0.199668,0.239311,0.268555,0.310062,0.326059
472.403,0.054708,0.0584893,0.0508488,0.0590047,0.0592199,0.0648644,0.0682651,0.0770915,0.0756375,0.0940776,0.114062,0.115021,0.141541,0.17229,0.201779,0.246134,0.278143,0.305147,0.324753
472.874,0.056212,0.0573518,0.0510983,0.0564571,0.0621841,0.0621459,0.0601894,0.071272,0.066667,0.0982818,0.101831,0.120173,0.139182,0.170276,0.193855,0.235429,0.263925,0.304349,0.319083
473.346,0.049616,0.0590432,0.0577165,0.0562572,0.0655589,0.062024,0.0736991,0.070399,0.0724813,0.0873895,0.105156,0.125489,0.143351,0.179305,0.202992,0.246237,0.278586,0.312909,0.329633
473.816,0.057206,0.0631229,0.058129,0.0616837,0.0606143,0.0687525,0.0671188,0.080104,0.0894585,0.0917649,0.113267,0.123597,0.130475,0.169427,0.200392,0.232034,0.266157,0.303311,0.312348
474.287,0.0516811,0.0559187,0.060647,0.0592363,0.0620558,0.066353,0.0699576,0.0679067,0.081916,0.0903806,0.108939,0.122981,0.137801,0.161998,0.198007,0.237939,0.269591,0.305358,0.303975
474.758,0.0529396,0.0596807,0.049813,0.0490936,0.0627218,0.05738,0.0666147,0.0689463,0.0834402,0.0922884,0.102267,0.13065,0.144909,0.169328,0.196627,0.221782,0.26476,0.303269,0.313558
475.229,0.0586623,0.0500011,0.0408659,0.0505287,0.0577776,0.0576429,0.060071,0.072312,0.0706161,0.0851628,0.100805,0.118387,0.14364,0.158663,0.1917,0.229636,0.269661,0.308866,0.31083
475.699,0.0469783,0.0569305,0.0630886,0.0583872,0.0628701,0.0580177,0.0644132,0.0745598,0.078534,0.0929016,0.102643,0.118382,0.145354,0.175104,0.200066,0.230148,0.269717,0.308911,0.320698
476.17,0.0544429,0.0581554,0.0533046,0.0593262,0.0675054,0.0601858,0.0770629,0.0735778,0.0850731,0.0869344,0.110994,0.120673,0.146165,0.166512,0.203858,0.234249,0.268854,0.299812,0.32702
476.64,0.0483447,0.0569666,0.0591736,0.0573102,0.0652821,0.0618317,0.0634464,0.0699207,0.0789046,0.0961723,0.100397,0.116697,0.138369,0.163064,0.19662,0.22516,0.26517,0.298666,0.312641
477.11,0.0546115,0.0570007,0.0660625,0.0688573,0.0664875,0.0664175,0.0692536,0.0712213,0.0806252,0.0931216,0.113349,0.134453,0.151547,0.170803,0.204986,0.235389,0.290589,0.31249,0.324972
477.58,0.0592383,0.0616898,0.0569454,0.0632278,0.0703765,0.0634336,0.0721275,0.0757047,0.0812423,0.0940894,0.106773,0.133191,0.14688,0.174071,0.203409,0.240682,0.275499,0.300154,0.338148
478.05,0.0532363,0.0469446,0.0534661,0.056471,0.057547,0.0596086,0.0522566,0.065749,0.0764433,0.0870854,0.104586,0.118106,0.138939,0.174659,0.192867,0.227484,0.268584,0.303798,0.318627
478.52,0.0553774,0.0544348,0.0600606,0.0570927,0.0567663,0.0625298,0.0672036,0.0685872,0.0849302,0.0854535,0.105996,0.129953,0.137421,0.16848,0.195253,0.240648,0.279828,0.314602,0.331184
478.989,0.055021,0.0597155,0.0605167,0.05885,0.0567931,0.0610095,0.0670849,0.0765833,0.0799372,0.0858218,0.0979696,0.121138,0.145592,0.166796,0.20162,0.24034,0.272679,0.311218,0.321805
479.459,0.0535282,0.0569497,0.0575131,0.059839,0.0599509,0.0618965,0.0732328,0.0805375,0.0834109,0.0893368,0.109405,0.126895,0.1412,0.16553,0.201645,0.235141,0.268323,0.309344,0.323186
479.928,0.0579205,0.0589788,0.0585101,0.0608488,0.0603862,0.0631649,0.0683461,0.077025,0.0797669,0.0915399,0.109672,0.12236,0.140016,0.170276,0.194079,0.220862,0.265797,0.301634,0.309271
480.398,0.0606225,0.0586326,0.0634117,0.062799,0.0673641,0.0676516,0.0712272,0.0730509,0.0809792,0.096199,0.112689,0.12896,0.150322,0.175232,0.206847,0.239336,0.280173,0.308987,0.331039
480.867,0.0557591,0.054277,0.057495,0.061456,0.0568101,0.0601887,0.0685526,0.0701584,0.0791938,0.0915197,0.109916,0.120186,0.140467,0.167994,0.19979,0.237913,0.25995,0.301431,0.321648
481.336,0.0525185,0.0569544,0.0612752,0.062295,0.0627247,0.0668763,0.0660528,0.0749666,0.080656,0.0907096,0.10775,0.120764,0.137249,0.167361,0.197987,0.238179,0.274905,0.299434,0.321603
481.805,0.0542233,0.0560902,0.0548354,0.0619677,0.0652087,0.0607711,0.0696758,0.0698,0.0744386,0.0918959,0.1062,0.121036,0.141836,0.168033,0.202275,0.23188,0.273886,0.293134,0.32636
482.274,0.0576144,0.0535797,0.0565881,0.0602011,0.0595798,0.0588672,0.065501,0.074517,0.074837,0.0847729,0.0958847,0.118178,0.139895,0.162851,0.194004,0.230858,0.262867,0.2892,0.312354
482.743,0.0530384,0.0580095,0.057922,0.0552061,0.0566222,0.0650637,0.0651896,0.0690408,0.0752942,0.0878537,0.0996276,0.119622,0.144601,0.168501,0.195652,0.235477,0.268155,0.303078,0.312208
483.211,0.047476,0.0529298,0.0589103,0.0573743,0.0586668,0.0594901,0.0635536,0.0650566,0.077803,0.0874386,0.0993767,0.119837,0.143332,0.165816,0.195983,0.230406,0.265718,0.302489,0.307302
483.68,0.0600647,0.0629298,0.0618644,0.0596588,0.0609119,0.0645193,0.0725999,0.0746214,0.08397,0.0931342,0.102987,0.12375,0.148111,0.173093,0.193916,0.233439,0.274037,0.298562,0.317813
484.148,0.0585265,0.0529793,0.0577391,0.0620457,0.0619249,0.0620624,0.0663285,0.0756422,0.0860295,0.0937681,0.10508,0.122533,0.148653,0.171645,0.202924,0.237392,0.280199,0.315799,0.325518
484.617,0.0534281,0.0551837,0.0560709,0.0548309,0.0536492,0.060893,0.0621309,0.0691173,0.07748,0.0884358,0.101423,0.121821,0.141494,0.168989,0.190292,0.23057,0.269164,0.299993,0.316674
485.085,0.057094,0.0553784,0.0576804,0.0574007,0.0585856,0.0659735,0.0645851,0.0682241,0.0759803,0.0945167,0.102059,0.122898,0.142293,0.169189,0.20142,0.235577,0.269909,0.304407,0.32539
485.553,0.0522636,0.0560372,0.0554827,0.0546525,0.063797,0.0592055,0.060018,0.0689692,0.0735408,0.0828396,0.101094,0.12094,0.143516,0.162764,0.195323,0.227753,0.26778,0.299289,0.318151
486.021,0.0525105,0.0526104,0.0626301,0.0647533,0.0639688,0.0654188,0.0666582,0.0713295,0.0782887,0.0919512,0.0982767,0.123819,0.145379,0.161098,0.195876,0.223928,0.268989,0.301273,0.320449
486.489,0.0572449,0.0568027,0.0613644,0.0636188,0.0640462,0.0664658,0.0660485,0.0729541,0.0793766,0.0924582,0.110213,0.12123,0.144596,0.173515,0.203009,0.236125,0.27293,0.308354,0.320575
486.956,0.0494051,0.051449,0.0565829,0.0538152,0.0562654,0.058388,0.0605311,0.0679968,0.0753282,0.084369,0.100828,0.114821,0.141154,0.166327,0.194799,0.228394,0.269157,0.294727,0.314482
487.424,0.0569468,0.0604144,0.0597886,0.0584741,0.0633593,0.0652536,0.0662901,0.0774325,0.0825277,0.0949153,0.108809,0.123341,0.150065,0.173521,0.202573,0.239872,0.274356,0.31123,0.331769
487.891,0.0525882,0.0520337,0.0581932,0.058297,0.0591647,0.0572365,0.0643839,0.0721161,0.076014,0.0839991,0.106631,0.118935,0.140809,0.16437,0.199708,0.229011,0.270731,0.302571,0.309854
488.359,0.0548401,0.0535203,0.061659,0.0624806,0.0610324,0.0652839,0.067426,0.0727693,0.0790561,0.0901009,0.0967196,0.119362,0.139692,0.160153,0.196882,0.229004,0.266529,0.292389,0.320268
488.826,0.0491112,0.0568948,0.058497,0.0559111,0.0589482,0.0604122,0.0701362,0.0728315,0.0795725,0.0897768,0.100634,0.114309,0.139041,0.164879,0.201805,0.233447,0.267218,0.305349,0.319909
489.293,0.0519852,0.0530071,0.0559303,0.0576885,0.0583856,0.061322,0.06634,0.0701404,0.0780527,0.0925372,0.101274,0.123957,0.141619,0.163453,0.192581,0.231705,0.269586,0.30092,0.309413
489.76,0.0555232,0.0602439,0.0619459,0.0667515,0.0566871,0.0651441,0.0693967,0.0745063,0.0801512,0.091811,0.104588,0.126353,0.14466,0.169275,0.199511,0.242815,0.273696,0.315994,0.323759
490.227,0.0550227,0.0561464,0.0589183,0.0586967,0.059635,0.0622786,0.0685344,0.0725528,0.0762857,0.0915118,0.106207,0.122494,0.141328,0.163293,0.191475,0.233449,0.266687,0.300152,0.316889
490.694,0.0608874,0.0569191,0.064337,0.0651197,0.066554,0.0655398,0.0686124,0.0737306,0.0832624,0.0957408,0.105741,0.12428,0.157701,0.17401,0.20641,0.242429,0.276315,0.316565,0.335318
491.16,0.0552662,0.0549996,0.0539775,0.0556813,0.0581162,0.0622478,0.0622161,0.0640865,0.0777441,0.090785,0.105497,0.124753,0.140056,0.162824,0.197632,0.233256,0.269139,0.307115,0.323334
491.627,0.0518422,0.0553668,0.0623157,0.0641739,0.0611516,0.0644176,0.0673713,0.0761748,0.07991,0.0910631,0.104316,0.122638,0.148676,0.162191,0.201805,0.234617,0.268836,0.29612,0.320784
492.093,0.05832,0.0574402,0.0605413,0.06195,0.0618471,0.0631951,0.0672212,0.0735461,0.0816733,0.0901766,0.105089,0.124492,0.150369,0.167702,0.206779,0.229408,0.275449,0.307257,0.325869
492.56,0.0586631,0.0586786,0.0563075,0.0575979,0.0598772,0.0643115,0.0724375,0.0720312,0.0803624,0.0915616,0.105713,0.124873,0.143985,0.168172,0.203983,0.235109,0.272193,0.30378,0.319417
493.026,0.0533303,0.0537224,0.0565614,0.059087,0.0619932,0.0622275,0.0599485,0.0697654,0.07826,0.0890025,0.10172,0.120068,0.141777,0.164988,0.195371,0.235065,0.268084,0.308461,0.320119
493.492,0.0529234,0.0525816,0.0538021,0.062265,0.0597975,0.0589163,0.06393,0.0704937,0.0744168,0.0854721,0.101169,0.119372,0.138485,0.16613,0.193113,0.224537,0.263527,0.293361,0.314876
493.958,0.0570722,0.057268,0.0568376,0.0620337,0.0644376,0.0652708,0.0673162,0.0727526,0.0840512,0.0884503,0.10159,0.122255,0.138654,0.169329,0.196751,0.233271,0.26854,0.306669,0.316192
494.424,0.0568628,0.0592416,0.0590857,0.062094,0.063279,0.06389,0.0688832,0.0758194,0.0805118,0.0911725,0.101864,0.13014,0.149805,0.168954,0.205256,0.237609,0.272564,0.310889,0.33193
494.89,0.0566843,0.0555042,0.0560648,0.0573765,0.0606968,0.0606104,0.0636189,0.0712121,0.0784184,0.0899168,0.103443,0.120443,0.140665,0.168183,0.20165,0.231987,0.264797,0.299798,0.314789
495.355,0.0490594,0.0524077,0.057779,0.0563254,0.0589837,0.0606901,0.0632231,0.0721495,0.0798641,0.0837133,0.101313,0.123019,0.138564,0.164293,0.193191,0.230161,0.263993,0.300805,0.313298
495.821,0.0495369,0.0527633,0.0592276,0.0594252,0.0618004,0.0581923,0.0650955,0.0696585,0.0754851,0.0849336,0.099719,0.120472,0.138359,0.165572,0.199255,0.229233,0.270182,0.297991,0.31375
496.286,0.0548691,0.0567277,0.055651,0.0635105,0.0623412,0.0630719,0.0620611,0.0733914,0.0789132,0.0910058,0.102946,0.117794,0.142812,0.167801,0.201386,0.228579,0.274288,0.297069,0.32134
496.751,0.0559602,0.0536216,0.0560311,0.0568201,0.0575813,0.0622302,0.0613948,0.0683876,0.0763521,0.0845606,0.104008,0.119499,0.137555,0.163806,0.188022,0.222144,0.267877,0.292155,0.305472
497.216,0.0564561,0.0583658,0.0623138,0.0604715,0.0616328,0.0649053,0.0676026,0.0753279,0.077959,0.0876804,0.109149,0.128733,0.146206,0.169439,0.196164,0.235171,0.275329,0.305232,0.322212
497.682,0.0521401,0.0564985,0.0583316,0.0582136,0.0618644,0.0648963,0.0653474,0.0738982,0.0770285,0.0896138,0.107546,0.125554,0.141339,0.16474,0.205351,0.228718,0.262715,0.306234,0.316386
498.146,0.0532091,0.0539678,0.0564243,0.0639747,0.059236,0.0603751,0.0692729,0.0739743,0.0772365,0.0914295,0.107139,0.123912,0.141812,0.166049,0.196942,0.232797,0.268142,0.303454,0.323835
498.611,0.0545403,0.0582912,0.0603838,0.0615975,0.0635386,0.0660806,0.0679857,0.07184,0.0832334,0.0902208,0.102719,0.122359,0.143613,0.169097,0.197073,0.236155,0.26888,0.305013,0.316195
499.076,0.0497361,0.0529389,0.0601562,0.0569828,0.0583647,0.0564929,0.0602299,0.0671625,0.0762981,0.0828037,0.0983302,0.116539,0.137381,0.157427,0.193559,0.228929,0.266495,0.296089,0.312155
499.541,0.0516002,0.0561714,0.057382,0.0576308,0.0635781,0.0593807,0.0685745,0.0713573,0.0802892,0.0891191,0.101211,0.124489,0.142875,0.170202,0.200373,0.229517,0.266498,0.304869,0.328576
500.005,0.0496482,0.0546741,0.0557585,0.0585312,0.0625105,0.0634165,0.0636636,0.0674445,0.0777919,0.0871703,0.103459,0.120611,0.148271,0.164698,0.195861,0.229781,0.271425,0.298,0.31859
500.469,0.0576087,0.0567018,0.0632108,0.0608413,0.0643262,0.0643197,0.0642575,0.0726174,0.083469,0.0885165,0.106422,0.12526,0.144514,0.168951,0.198157,0.2331,0.266419,0.305345,0.327709
500.934,0.0525685,0.0506872,0.0527845,0.0562722,0.0603079,0.0574615,0.0605318,0.0644369,0.0750525,0.0883333,0.101034,0.115744,0.134363,0.161857,0.186987,0.227807,0.260585,0.295081,0.31059
501.398,0.053794,0.0550269,0.0530945,0.0580635,0.0604996,0.0594333,0.0636292,0.0675183,0.0774367,0.0872295,0.103239,0.121577,0.140153,0.160879,0.193087,0.231117,0.263368,0.295577,0.315933
501.862,0.0504215,0.0537281,0.0549186,0.0596618,0.0578205,0.0625378,0.0652567,0.0699198,0.078325,0.0893435,0.104938,0.1218,0.13986,0.165595,0.191435,0.234179,0.269067,0.305453,0.3199
502.326,0.0532154,0.053874,0.0574503,0.055994,0.0574908,0.0598186,0.061201,0.0676541,0.0767457,0.0895489,0.101166,0.118247,0.138593,0.164337,0.194332,0.22899,0.273292,0.299444,0.314551
502.789,0.0542793,0.0603028,0.0594868,0.0625826,0.0586581,0.0628075,0.0656959,0.0710886,0.078456,0.0943272,0.104857,0.119486,0.139102,0.167888,0.199563,0.231849,0.264708,0.301928,0.31321
503.253,0.0521268,0.0563497,0.0553129,0.0615995,0.0603764,0.0623063,0.0650322,0.066905,0.078986,0.0903779,0.0991388,0.120048,0.139197,0.166433,0.198333,0.230943,0.269806,0.309087,0.318837
503.716,0.0534387,0.0553044,0.0592062,0.0578773,0.0597355,0.0604031,0.0626379,0.0660565,0.0783451,0.0888235,0.103195,0.122572,0.144558,0.166949,0.199728,0.236073,0.272117,0.309742,0.320551
504.18,0.051379,0.0522298,0.0582796,0.0545722,0.0580509,0.0575422,0.0625259,0.0670705,0.078097,0.0900836,0.0997083,0.119556,0.138432,0.164968,0.197462,0.227789,0.262566,0.295188,0.310998
504.643,0.052079,0.0546384,0.059459,0.061577,0.0581323,0.0652663,0.0662865,0.0702599,0.0777541,0.0938505,0.107335,0.12349,0.141777,0.171402,0.198747,0.234711,0.272129,0.30496,0.316638
505.106,0.0561367,0.0574998,0.0578513,0.0587637,0.0635112,0.0646659,0.0657614,0.0739269,0.0805406,0.0928199,0.103457,0.119387,0.142098,0.167182,0.195807,0.229825,0.265328,0.301147,0.317561
505.569,0.0506911,0.0531519,0.0585649,0.0579688,0.0599343,0.0592068,0.0653041,0.0674933,0.0758292,0.0848754,0.0997053,0.121847,0.139613,0.164882,0.191942,0.22351,0.264878,0.296344,0.315407
506.032,0.0521288,0.0569241,0.0577351,0.055203,0.0619296,0.0626984,0.0690568,0.0697356,0.0740155,0.0904594,0.106037,0.120884,0.140739,0.163642,0.195861,0.232473,0.264276,0.302287,0.318724
506.495,0.0469896,0.0527397,0.0554597,0.0551723,0.0617067,0.0639419,0.0645231,0.0720741,0.079288,0.0895012,0.100987,0.12071,0.146546,0.168229,0.194901,0.229193,0.268118,0.306487,0.319584
506.958,0.0544264,0.0561043,0.0537005,0.0572722,0.0616722,0.0642555,0.0671696,0.0679718,0.0771466,0.0896233,0.100162,0.117262,0.140339,0.165225,0.194487,0.228096,0.265872,0.303368,0.32294
507.42,0.0515681,0.0577594,0.0561096,0.0610983,0.0610355,0.0607547,0.0644086,0.0714949,0.0790995,0.0910315,0.106182,0.119568,0.142529,0.169551,0.195547,0.232178,0.268459,0.30074,0.3169
507.883,0.0497419,0.0518962,0.0535976,0.0562673,0.0596326,0.0604841,0.0624198,0.0705646,0.0766469,0.0856939,0.0996289,0.122177,0.140696,0.166983,0.194223,0.227102,0.264422,0.302733,0.316577
508.345,0.0544176,0.0591613,0.0598235,0.0588069,0.0601325,0.0619681,0.06563,0.0680846,0.0778951,0.0892225,0.100678,0.121948,0.140383,0.164215,0.197097,0.233221,0.263542,0.300774,0.319525
508.808,0.0545079,0.0568542,0.05373,0.0575964,0.0597152,0.0612864,0.0681848,0.0705691,0.0828444,0.0919999,0.10592,0.123612,0.140439,0.163836,0.194136,0.232498,0.265241,0.309737,0.317371
509.27,0.052719,0.057783,0.0551921,0.0569033,0.0610744,0.063132,0.0666174,0.072687,0.0776217,0.089469,0.103443,0.121155,0.1407,0.161761,0.195421,0.231441,0.267573,0.300451,0.30811
509.732,0.0520419,0.0547006,0.0520692,0.0552789,0.0579492,0.0604392,0.0647456,0.067733,0.0780897,0.0838513,0.103525,0.117922,0.135136,0.166472,0.198384,0.225444,0.269306,0.299591,0.310195
510.194,0.0535538,0.0521728,0.0492648,0.0550797,0.05579,0.0571363,0.0633079,0.0676081,0.075589,0.0835696,0.100868,0.117226,0.135643,0.164102,0.19306,0.222059,0.263913,0.294167,0.308468
510.655,0.0518561,0.0567753,0.0594854,0.0559171,0.0576866,0.065126,0.0663974,0.0701652,0.0784026,0.0906354,0.103586,0.115925,0.140487,0.163975,0.192759,0.23118,0.266963,0.302057,0.316825
511.117,0.0550075,0.053162,0.0594134,0.059893,0.0587883,0.062494,0.0645733,0.0684869,0.0755388,0.0922281,0.103204,0.121841,0.139897,0.171865,0.197389,0.226036,0.265205,0.302525,0.318036
511.579,0.0470285,0.055401,0.0541252,0.0552109,0.0607956,0.0600086,0.062522,0.0661275,0.0764113,0.0872296,0.103538,0.121608,0.138429,0.163413,0.195575,0.221575,0.267192,0.298448,0.312034
512.04,0.0505788,0.0550066,0.0531344,0.0539139,0.0570301,0.0559568,0.0622257,0.0639574,0.0757789,0.0894274,0.101168,0.116923,0.1348,0.164509,0.1935,0.228736,0.268723,0.29795,0.308108
512.501,0.0519917,0.0543463,0.0564303,0.057105,0.058933,0.0583352,0.0631723,0.0657085,0.078047,0.0889939,0.10525,0.119473,0.13991,0.159892,0.194787,0.23038,0.26637,0.305873,0.314473
512.963,0.0507987,0.0566617,0.054651,0.0595954,0.0579154,0.0621616,0.0638864,0.0694892,0.0776434,0.0862843,0.105427,0.114709,0.141165,0.161004,0.194963,0.23148,0.268628,0.298035,0.320642
513.424,0.050328,0.0536179,0.057521,0.0589324,0.0583154,0.0617599,0.0632993,0.0707547,0.079623,0.0841667,0.0982526,0.118306,0.139435,0.164309,0.19587,0.233755,0.265757,0.291482,0.312394
513.885,0.0543228,0.0588074,0.057616,0.0606196,0.0636359,0.0632293,0.066608,0.0708442,0.0768829,0.0868559,0.0995185,0.123646,0.141474,0.163322,0.204282,0.232361,0.269069,0.305277,0.316902
514.345,0.05386,0.0603938,0.0588537,0.0605323,0.0615022,0.0632648,0.0669956,0.0747305,0.0783907,0.0884115,0.104686,0.121807,0.144563,0.170961,0.201325,0.234799,0.275775,0.306448,0.325793
514.806,0.053737,0.0562315,0.0570841,0.0587893,0.0583895,0.0614554,0.0658495,0.0713815,0.0765495,0.0915861,0.102507,0.118815,0.139982,0.167464,0.193426,0.233199,0.268101,0.297173,0.319704
515.267,0.0510215,0.0546124,0.0577419,0.0587586,0.0597056,0.0597297,0.0609325,0.0702749,0.0804847,0.0890457,0.102181,0.117675,0.1378,0.160365,0.196635,0.230637,0.265544,0.297237,0.309266
515.727,0.0513387,0.0564167,0.0581718,0.0576233,0.0577179,0.0612455,0.0630121,0.0695443,0.0784687,0.0869,0.10144,0.125057,0.141587,0.165398,0.200365,0.233065,0.269055,0.307858,0.326875
516.188,0.051448,0.0546269,0.0548234,0.0584586,0.0587788,0.0598755,0.0640494,0.0681551,0.0769746,0.08846,0.100355,0.118263,0.140279,0.163818,0.192189,0.230194,0.266699,0.301631,0.315166
516.648,0.0502807,0.0554103,0.0554055,0.0576709,0.0579955,0.058227,0.0650544,0.0709441,0.077673,0.0851062,0.103491,0.117909,0.13823,0.161676,0.192129,0.223543,0.260796,0.295989,0.305323
517.108,0.0529528,0.0519423,0.0539216,0.0555309,0.0556601,0.0590017,0.0600774,0.0691228,0.0736426,0.0879002,0.100115,0.117764,0.133645,0.157643,0.190369,0.223803,0.261156,0.293988,0.310942
517.568,0.0529869,0.0583966,0.056951,0.05818,0.0626508,0.0603001,0.0644137,0.0706892,0.0772508,0.0914173,0.102445,0.120204,0.138775,0.163715,0.195015,0.225097,0.25985,0.296689,0.311017
518.028,0.0536956,0.0546427,0.0531277,0.0551059,0.057299,0.0556859,0.0633706,0.0658756,0.0733885,0.0820279,0.0981655,0.113318,0.132658,0.16394,0.190286,0.223467,0.258269,0.297924,0.312442
518.488,0.0535314,0.0529173,0.0537318,0.0549143,0.0588972,0.0594001,0.0636879,0.0660372,0.0760757,0.0880421,0.0980854,0.112557,0.132774,0.15882,0.192306,0.219884,0.266833,0.29361,0.306643
518.947,0.0561089,0.0543245,0.0555495,0.0604607,0.0586886,0.0638089,0.0637062,0.0705997,0.080652,0.0846296,0.0984477,0.122123,0.140071,0.166042,0.192781,0.230905,0.266371,0.3028,0.318093
519.407,0.0500854,0.0525873,0.0546662,0.0553459,0.0579701,0.0580798,0.0649632,0.0673801,0.0745267,0.0871278,0.0969951,0.120078,0.131219,0.159852,0.191484,0.226906,0.258004,0.296919,0.305084
519.866,0.0535981,0.0532039,0.0581369,0.0580793,0.0610159,0.0578339,0.0636847,0.0668746,0.0793338,0.0857806,0.103149,0.119253,0.137638,0.164324,0.193576,0.229401,0.265942,0.292977,0.305973
520.326,0.0547567,0.0521352,0.0561765,0.0579535,0.0580777,0.0607976,0.0623491,0.0669369,0.078259,0.0879599,0.100981,0.118292,0.141818,0.159633,0.190429,0.222818,0.262816,0.297425,0.303179
520.785,0.0526525,0.0522433,0.0558555,0.0555428,0.0586692,0.0595681,0.064572,0.0704431,0.075266,0.0855375,0.0994187,0.116994,0.135825,0.158423,0.18988,0.227654,0.257501,0.294664,0.316285
521.244,0.0497184,0.0525562,0.0537276,0.0559271,0.0577394,0.0603099,0.0626915,0.0673481,0.0781843,0.0850754,0.0986659,0.118289,0.136245,0.16142,0.186946,0.21781,0.261517,0.291462,0.309381
521.703,0.0529784,0.0547011,0.0567445,0.0609676,0.0611119,0.0590863,0.0655569,0.0710323,0.0759331,0.0863857,0.100142,0.118246,0.139035,0.165143,0.192261,0.227137,0.267179,0.303058,0.315887
522.162,0.0526491,0.0548896,0.055275,0.0579453,0.0583449,0.0625369,0.0606661,0.0691041,0.0740337,0.0867554,0.101826,0.119002,0.135472,0.164881,0.192694,0.230446,0.264468,0.296302,0.318215
522.621,0.0512143,0.0538448,0.0566948,0.056974,0.0610279,0.0630299,0.0643303,0.0691186,0.0764764,0.0851154,0.102612,0.117443,0.13873,0.162224,0.190851,0.231592,0.261317,0.30118,0.313063
523.079,0.0512021,0.0509843,0.0555107,0.052984,0.0557713,0.0574173,0.0615128,0.0670967,0.0742639,0.0829537,0.0977004,0.11408,0.133617,0.156989,0.189778,0.218717,0.255505,0.289822,0.313807
523.538,0.0501652,0.0502609,0.0524599,0.0572016,0.0537946,0.0591521,0.0615677,0.0653099,0.0750192,0.0865588,0.0952242,0.115607,0.133086,0.156338,0.188429,0.221097,0.253415,0.294544,0.30455
523.996,0.0527202,0.0554967,0.0548326,0.0568038,0.0602791,0.0591085,0.0632768,0.067665,0.0763276,0.0859173,0.0992797,0.116388,0.13778,0.162302,0.190602,0.227603,0.263535,0.291731,0.313316
524.455,0.052746,0.0547272,0.0577636,0.0564975,0.0594611,0.0614338,0.0619722,0.066577,0.0785034,0.0864715,0.102553,0.112462,0.135524,0.162045,0.190597,0.225745,0.259576,0.295293,0.310236
524.913,0.050212,0.0523933,0.0554124,0.0594236,0.0556109,0.0601389,0.0614721,0.0671085,0.0780302,0.0839915,0.0982769,0.112759,0.133072,0.165371,0.193219,0.224262,0.258778,0.295433,0.309746
525.371,0.0543659,0.0585893,0.057369,0.0610718,0.0603131,0.06269,0.064826,0.0715796,0.0813046,0.0891031,0.101347,0.117724,0.140457,0.167083,0.196089,0.233727,0.263781,0.298027,0.316533
525.829,0.0487902,0.0514925,0.0564232,0.0579505,0.0576811,0.0590096,0.0632465,0.0668714,0.0721526,0.0851018,0.0986323,0.115853,0.138889,0.16272,0.194975,0.227746,0.268288,0.300211,0.314204
526.286,0.0529461,0.0518005,0.0556506,0.0562755,0.0576914,0.0597599,0.0590864,0.0651248,0.0726021,0.0839986,0.0964965,0.116359,0.135594,0.161269,0.189502,0.219967,0.266507,0.288779,0.308428
526.744,0.0501098,0.053482,0.0566125,0.0586464,0.0581663,0.0604034,0.0618593,0.0676429,0.0757884,0.0877567,0.101598,0.117112,0.138,0.16338,0.189809,0.230123,0.260307,0.29875,0.308231
527.202,0.0528639,0.0553782,0.0576521,0.0588079,0.0581137,0.0619914,0.0629551,0.0694478,0.0752908,0.0880756,0.100299,0.121628,0.13731,0.160783,0.197465,0.229652,0.262016,0.296238,0.315419
527.659,0.0518332,0.056563,0.0562299,0.0579238,0.0590752,0.062869,0.0626517,0.0680124,0.0738197,0.0844838,0.101535,0.117927,0.136449,0.15972,0.195164,0.225473,0.258124,0.295343,0.314337
528.117,0.0507549,0.0529198,0.0544613,0.0547316,0.0586563,0.0601418,0.062636,0.0672736,0.0749039,0.0866832,0.101599,0.117567,0.135976,0.161184,0.194695,0.228304,0.262917,0.297866,0.317664
528.574,0.0527321,0.0517344,0.0556902,0.0579625,0.0584108,0.0589658,0.0612933,0.070781,0.0763846,0.0867607,0.100031,0.118132,0.134957,0.157958,0.190753,0.230054,0.264039,0.296592,0.308032
529.031,0.0522349,0.0511732,0.0557489,0.0546033,0.0589032,0.0582306,0.0636236,0.0646593,0.0758701,0.0853773,0.0975123,0.115225,0.134798,0.156585,0.189377,0.216763,0.258734,0.29121,0.310055
529.488,0.0494018,0.0560856,0.0528619,0.0534264,0.0581294,0.0585837,0.0609818,0.068171,0.0726076,0.0852617,0.0990299,0.115068,0.137354,0.16399,0.191283,0.225874,0.259426,0.299882,0.311997
529.945,0.0516043,0.0539142,0.0553909,0.0579916,0.0575285,0.060567,0.0608925,0.0689825,0.0763458,0.0885294,0.103184,0.117331,0.139325,0.160753,0.190566,0.226341,0.261457,0.295413,0.310041
530.402,0.0514742,0.0542203,0.0561475,0.0572921,0.0590146,0.0581063,0.062886,0.0689846,0.0754119,0.0879313,0.101384,0.118005,0.140198,0.163021,0.191878,0.228625,0.266066,0.296674,0.318869
530.858,0.0502773,0.0530385,0.057552,0.0569602,0.0567476,0.0595335,0.0592224,0.0677813,0.0745362,0.0877578,0.097482,0.114486,0.136498,0.160138,0.18945,0.223978,0.263935,0.294719,0.312432
531.315,0.0506324,0.0513616,0.0540652,0.0546629,0.0579293,0.0587375,0.061394,0.0675926,0.0721201,0.0834456,0.0971102,0.113866,0.136407,0.158449,0.190223,0.223587,0.258847,0.293098,0.311056
531.771,0.050514,0.0512867,0.0542163,0.0574645,0.0593324,0.0616383,0.0638737,0.0682458,0.076955,0.0836747,0.101625,0.116743,0.138824,0.16181,0.191822,0.226119,0.259914,0.290757,0.310513
532.227,0.0513356,0.0535444,0.0568269,0.0569335,0.0577024,0.0589771,0.0644409,0.0687532,0.0780464,0.085857,0.100395,0.11673,0.13285,0.162113,0.192178,0.225722,0.262499,0.301595,0.31153
532.684,0.0523885,0.054416,0.0560226,0.0549762,0.0565672,0.0596199,0.0614055,0.067765,0.0751812,0.0842148,0.100106,0.116607,0.135991,0.158715,0.188273,0.222359,0.255989,0.293971,0.305132
533.14,0.0491579,0.0514689,0.0508824,0.0532751,0.0549086,0.0572718,0.060177,0.0675385,0.0721973,0.0824103,0.0976183,0.112306,0.133397,0.159168,0.191764,0.222181,0.255563,0.291629,0.306668
533.596,0.0512179,0.0531564,0.0556845,0.0573817,0.0595169,0.0633055,0.0589612,0.068585,0.0735673,0.0863025,0.0984417,0.11934,0.134779,0.165476,0.195326,0.231589,0.265026,0.30153,0.316187
534.051,0.0525108,0.0557097,0.0599182,0.0559981,0.0610932,0.0625481,0.0635556,0.0722329,0.0790854,0.0864337,0.102892,0.120393,0.139721,0.163856,0.189597,0.227213,0.269156,0.296472,0.317037
534.507,0.0482311,0.0497613,0.0528874,0.0548176,0.0550724,0.0573015,0.0593002,0.0662956,0.0723446,0.0805872,0.0977251,0.115157,0.130966,0.156273,0.186544,0.217549,0.254658,0.285746,0.311074
534.963,0.0547422,0.0548253,0.0557721,0.0572142,0.0604852,0.0602577,0.0633358,0.0669516,0.0755985,0.087699,0.101507,0.118683,0.136607,0.163026,0.191942,0.224369,0.263501,0.294621,0.312519
535.418,0.0514421,0.0568578,0.0586513,0.0559997,0.0599147,0.0599314,0.0665761,0.0708088,0.0753873,0.0880998,0.100805,0.113693,0.138188,0.166864,0.191009,0.227031,0.265354,0.301366,0.314602
535.873,0.0514486,0.0538372,0.0544424,0.0560775,0.0582522,0.0587015,0.0621348,0.0684018,0.0761124,0.0830783,0.102611,0.116998,0.138227,0.163761,0.190288,0.224238,0.26391,0.293889,0.313719
536.329,0.0503365,0.0514721,0.0555582,0.0564993,0.0551572,0.0582385,0.060671,0.0671726,0.0747038,0.0825593,0.0973836,0.115165,0.135735,0.156745,0.189893,0.223501,0.264279,0.288372,0.308954
536.784,0.051589,0.0536825,0.0543386,0.0536513,0.055514,0.0569067,0.0635636,0.0669563,0.0780237,0.0798098,0.101351,0.115785,0.134138,0.160913,0.188719,0.225648,0.259629,0.290048,0.307837
537.239,0.0489852,0.0504346,0.053759,0.0549633,0.0580328,0.0614305,0.060915,0.0655667,0.0734323,0.0865885,0.0998023,0.119351,0.135087,0.160923,0.187721,0.222727,0.259649,0.296628,0.313966
537.694,0.0508225,0.0526787,0.0549699,0.0555695,0.0571745,0.0584738,0.064457,0.0679867,0.0735824,0.0871086,0.1022,0.118681,0.135655,0.160757,0.189832,0.227556,0.257456,0.291977,0.310736
538.148,0.0537424,0.0510578,0.0577384,0.0563871,0.0591656,0.0625242,0.0608829,0.0688266,0.0760053,0.0867218,0.0975198,0.117082,0.138057,0.160668,0.189261,0.225792,0.263876,0.292982,0.320225
538.603,0.0516591,0.054542,0.0547251,0.0584869,0.0583809,0.0597596,0.0621833,0.0689172,0.0761072,0.0873809,0.100559,0.116384,0.136346,0.15965,0.191377,0.223836,0.263006,0.299914,0.31117
539.058,0.050861,0.0540227,0.0562441,0.0579144,0.0586698,0.0580106,0.0641863,0.0702938,0.0710166,0.0840991,0.101034,0.118691,0.137535,0.158153,0.190876,0.229453,0.257518,0.299693,0.310548
539.512,0.0499759,0.054258,0.056877,0.0560407,0.0588443,0.0609883,0.0627419,0.0696225,0.073692,0.0871232,0.0981176,0.117423,0.134822,0.160257,0.190535,0.223908,0.259751,0.292235,0.313284
539.966,0.0467822,0.0522587,0.0505641,0.0532381,0.0555739,0.0578874,0.0597069,0.0657906,0.0712171,0.083619,0.096644,0.11431,0.131343,0.152796,0.184392,0.219761,0.255128,0.290329,0.308044
540.421,0.0496078,0.0536677,0.0552766,0.0569777,0.0577285,0.0606673,0.0618702,0.06747,0.0732246,0.0846467,0.100827,0.118571,0.139704,0.156251,0.190054,0.220364,0.260177,0.29468,0.310255
540.875,0.051562,0.0524054,0.0530305,0.055262,0.056513,0.0576169,0.0589931,0.068097,0.0755293,0.0872663,0.0986793,0.114178,0.138829,0.159322,0.192783,0.225818,0.262178,0.295596,0.312606
541.329,0.0490111,0.0529758,0.055896,0.0558141,0.0570665,0.0588824,0.0626524,0.0682922,0.0767478,0.0856622,0.100871,0.117927,0.13522,0.160698,0.191788,0.224374,0.259795,0.295077,0.310731
541.782,0.0502298,0.0525085,0.0536371,0.0554408,0.055596,0.0591488,0.0601658,0.0640026,0.0759627,0.0834414,0.0997785,0.114142,0.133795,0.161644,0.190326,0.222781,0.259044,0.291358,0.313156
542.236,0.0543078,0.0537091,0.0545944,0.0545776,0.0570398,0.0588294,0.0640852,0.0660129,0.0767908,0.0851444,0.0995,0.116455,0.13405,0.160317,0.192942,0.223998,0.261114,0.295675,0.302852
542.69,0.049209,0.0513776,0.0538497,0.0564363,0.05484,0.0568762,0.0620506,0.0654817,0.0759725,0.083989,0.100131,0.118485,0.135067,0.159256,0.190675,0.223527,0.263236,0.293024,0.310045
543.143,0.0517933,0.0542519,0.0540434,0.0556603,0.0583062,0.0593486,0.0618132,0.0699332,0.0770599,0.086562,0.100922,0.114803,0.134016,0.160623,0.190272,0.221503,0.260628,0.291837,0.310355
543.597,0.0507922,0.0558606,0.0545965,0.0557961,0.0598751,0.0582092,0.0607227,0.0651044,0.0774804,0.0837145,0.0991401,0.115673,0.139115,0.161848,0.189669,0.220497,0.265747,0.294958,0.311981
544.05,0.0500855,0.0508936,0.0544711,0.053437,0.057182,0.0568358,0.0628752,0.0660642,0.0730243,0.0849158,0.0974815,0.112908,0.134578,0.159945,0.186852,0.220536,0.258802,0.29556,0.308786
544.503,0.0521067,0.0539084,0.0526438,0.0534701,0.0564527,0.0607016,0.0624484,0.0674717,0.0766422,0.0849701,0.100333,0.116738,0.138414,0.159523,0.187187,0.22339,0.260142,0.30126,0.305214
544.956,0.0493097,0.0511196,0.0536731,0.0557555,0.0570585,0.0574772,0.0628677,0.0690074,0.0757218,0.0834227,0.0992498,0.115585,0.132937,0.161536,0.188248,0.218199,0.260248,0.29099,0.302263
545.409,0.0505936,0.0529482,0.0529148,0.0569288,0.0577323,0.0577037,0.0608593,0.0666063,0.0724293,0.0846386,0.0980903,0.112667,0.133947,0.16141,0.18906,0.221352,0.258434,0.295156,0.309756
545.862,0.0503241,0.0508733,0.0552871,0.0552178,0.0563166,0.0560674,0.0603174,0.066289,0.0738071,0.0837639,0.0981063,0.113709,0.13255,0.157399,0.188283,0.216977,0.256087,0.290865,0.307848
546.314,0.0548454,0.0552654,0.0593441,0.0598513,0.0585358,0.0619779,0.0639679,0.0700779,0.0765179,0.083913,0.100669,0.119933,0.136437,0.162304,0.192781,0.229683,0.263657,0.303627,0.317385
546.767,0.0511226,0.0524184,0.05204,0.0557194,0.0545214,0.0606823,0.059828,0.0665558,0.0733071,0.0847266,0.0966313,0.113696,0.132313,0.158335,0.184929,0.21978,0.257968,0.292412,0.304753
547.219,0.0522251,0.0522596,0.052359,0.0553018,0.0599121,0.0613706,0.0592707,0.0679556,0.0739214,0.0852845,0.100216,0.114712,0.136914,0.162698,0.188613,0.223154,0.259859,0.296228,0.311281
547.672,0.05184,0.0527573,0.0547466,0.0584346,0.0581495,0.0584393,0.0632245,0.0692466,0.0764547,0.0843735,0.101099,0.11874,0.139022,0.162786,0.18732,0.223258,0.262011,0.298646,0.310148
548.124,0.0485496,0.0549772,0.0526285,0.0558377,0.0571294,0.0596305,0.0609568,0.0670412,0.0743274,0.0843354,0.0960044,0.112783,0.136055,0.159941,0.18428,0.217066,0.255319,0.289949,0.302
548.576,0.0532878,0.0525088,0.0569566,0.0574169,0.0578556,0.058728,0.0611339,0.0666386,0.0762088,0.084952,0.0982996,0.116128,0.13662,0.165282,0.192954,0.225654,0.26278,0.289743,0.316189
549.028,0.0504031,0.0534788,0.0562339,0.0569892,0.056816,0.059597,0.0634759,0.0676694,0.0737455,0.0837847,0.0977794,0.115181,0.134598,0.163783,0.189826,0.227041,0.262122,0.295921,0.312357
549.48,0.0506862,0.0510261,0.0544465,0.0535857,0.055873,0.0561279,0.060919,0.0671332,0.0715156,0.0851597,0.0989621,0.11324,0.132136,0.156577,0.187209,0.225133,0.255102,0.29069,0.304919
549.931,0.0507433,0.051514,0.0547503,0.0565245,0.0575162,0.0580021,0.0609115,0.0648898,0.0755011,0.0830769,0.0977097,0.113036,0.135484,0.158894,0.188922,0.224727,0.265396,0.290767,0.30679
550.383,0.0507879,0.0548189,0.0523772,0.0547731,0.0545859,0.059759,0.0640631,0.066204,0.0759451,0.0829553,0.0976224,0.114929,0.135898,0.159132,0.189273,0.219893,0.257273,0.293806,0.312518
550.834,0.0525311,0.0552416,0.0575195,0.0585238,0.0579343,0.0618328,0.0648602,0.069009,0.0737392,0.086809,0.0995156,0.118115,0.134463,0.16191,0.191865,0.226008,0.262123,0.294543,0.313568
551.286,0.0534818,0.0539379,0.0566312,0.0578088,0.061373,0.0589719,0.0613558,0.0699845,0.0745197,0.0867636,0.0996205,0.116901,0.138842,0.15809,0.191986,0.226263,0.2614,0.299956,0.309153
551.737,0.0508574,0.053146,0.0576866,0.0571528,0.0573817,0.0593425,0.0627289,0.0666595,0.0747888,0.0856619,0.100133,0.116884,0.138879,0.159926,0.187524,0.225505,0.260274,0.288599,0.31628
552.188,0.0530061,0.0522147,0.0521492,0.0515766,0.0558111,0.0565828,0.0612455,0.0677249,0.0746339,0.0843895,0.0963304,0.110803,0.133444,0.161044,0.185584,0.220972,0.259942,0.291669,0.307969
552.639,0.0534792,0.0555232,0.0565796,0.0562121,0.0577837,0.0616973,0.0627349,0.0681929,0.0754972,0.082995,0.101153,0.114794,0.136953,0.158031,0.191174,0.221962,0.262413,0.291121,0.307779
553.09,0.0526703,0.0534583,0.0533959,0.0556502,0.0575849,0.0601958,0.0646409,0.0664434,0.0757902,0.0853005,0.0999243,0.115368,0.137209,0.159505,0.191339,0.220073,0.258839,0.296011,0.309094
553.541,0.051026,0.0532586,0.0541467,0.05582,0.0524992,0.0610098,0.0626714,0.0659522,0.0737784,0.0847398,0.0986461,0.113737,0.132428,0.156558,0.184849,0.21794,0.25814,0.291518,0.30993
553.992,0.0507713,0.0514258,0.0542788,0.0561552,0.0566025,0.0546358,0.0589257,0.0652888,0.0754716,0.0825874,0.0976678,0.113775,0.13224,0.156606,0.189067,0.220751,0.25692,0.291477,0.306574
554.442,0.0494432,0.0519765,0.0539701,0.0550018,0.0555922,0.0566213,0.0598565,0.0679285,0.073762,0.0815166,0.0985009,0.111372,0.133642,0.158942,0.190193,0.2211,0.258646,0.286764,0.303789
554.893,0.04966,0.0510867,0.055202,0.0541736,0.0558909,0.0570921,0.0617147,0.0678405,0.0714663,0.0869542,0.0950526,0.114354,0.132488,0.158993,0.186597,0.22394,0.256917,0.292027,0.311444
555.343,0.0497767,0.050894,0.0524513,0.0534953,0.0572243,0.0581613,0.0614651,0.0663839,0.0724223,0.0850192,0.0993533,0.117151,0.135051,0.158904,0.190809,0.220715,0.258939,0.293099,0.310652
555.793,0.0474437,0.0506785,0.0522202,0.0533993,0.0545498,0.0561643,0.059821,0.0643716,0.0725334,0.083859,0.0968253,0.114486,0.13392,0.157578,0.184083,0.220006,0.256682,0.288933,0.30249
556.243,0.0508305,0.0536007,0.0520345,0.0516856,0.0554374,0.0598374,0.0624975,0.0659372,0.0717205,0.0816574,0.0966307,0.1142,0.129462,0.157307,0.185052,0.220649,0.261256,0.298119,0.303017
556.693,0.0492619,0.0553442,0.0553934,0.0564759,0.0587993,0.0615272,0.059928,0.0691663,0.074503,0.0827782,0.0973529,0.113582,0.135681,0.157145,0.186396,0.216335,0.255309,0.287967,0.307137
557.143,0.0526353,0.0526729,0.0559231,0.0567118,0.0567768,0.0576257,0.0632558,0.0677064,0.0733684,0.0856253,0.0976736,0.113947,0.13101,0.158051,0.191357,0.222446,0.25495,0.292509,0.309993
557.593,0.0508849,0.0533395,0.0545739,0.0555613,0.0565957,0.0579383,0.061593,0.0671117,0.0727951,0.0824058,0.0967101,0.115235,0.135862,0.157327,0.18825,0.221206,0.261998,0.291876,0.30613
558.042,0.051541,0.0516715,0.0542921,0.0540502,0.0578241,0.0575394,0.0602489,0.0650963,0.0723016,0.0822504,0.0977616,0.111527,0.13091,0.155888,0.186977,0.220559,0.258532,0.293259,0.306336
558.492,0.0499688,0.0524414,0.0531589,0.0537222,0.0551939,0.0591336,0.0605628,0.0669265,0.0722099,0.0822956,0.0968774,0.115517,0.136577,0.158161,0.188416,0.222203,0.255778,0.291647,0.306431
558.941,0.0498085,0.051412,0.0538182,0.053077,0.0571998,0.0574139,0.0607639,0.0643382,0.0763801,0.0839428,0.0958265,0.115173,0.132199,0.160257,0.189228,0.223002,0.259521,0.289962,0.30844
559.39,0.0516116,0.051878,0.0522848,0.0579503,0.0574553,0.0581693,0.0606948,0.0646824,0.0716223,0.0822605,0.0985107,0.113751,0.134093,0.159781,0.190154,0.216373,0.257505,0.28921,0.311822
559.839,0.051895,0.0524326,0.052306,0.0581071,0.0571284,0.0574963,0.0608871,0.0680497,0.0745104,0.0831709,0.0968522,0.113616,0.133279,0.161199,0.188519,0.226484,0.264952,0.295938,0.3143
560.288,0.0518052,0.0519967,0.0547444,0.056855,0.0577031,0.0594126,0.0631648,0.0663089,0.0781575,0.0871476,0.098154,0.114409,0.138013,0.159207,0.190508,0.225068,0.256975,0.293068,0.310758
560.737,0.0512097,0.0531825,0.055351,0.0556537,0.055849,0.0595753,0.0626404,0.0685649,0.0736859,0.0853532,0.0988669,0.117633,0.135673,0.158835,0.192782,0.222572,0.256518,0.291353,0.3064
561.186,0.050141,0.0500017,0.0543113,0.0530137,0.0561923,0.0598739,0.0618253,0.0671163,0.071984,0.086284,0.100199,0.116516,0.135287,0.157059,0.191352,0.225177,0.260496,0.295969,0.310041
561.635,0.0512384,0.0525571,0.0526337,0.0553613,0.057944,0.0576146,0.0589322,0.0668924,0.0716207,0.0851016,0.098859,0.111535,0.134936,0.158794,0.186761,0.218699,0.259155,0.29618,0.30767
562.083,0.0534468,0.0548434,0.0553151,0.056413,0.057667,0.0601141,0.0593858,0.0701964,0.0777947,0.0848367,0.101239,0.113586,0.133855,0.158774,0.187606,0.222184,0.261192,0.293042,0.314374
562.532,0.0482973,0.0514499,0.0532531,0.0546736,0.0567844,0.0597825,0.060142,0.0658485,0.0760708,0.084472,0.101434,0.115092,0.132346,0.156627,0.187491,0.219933,0.25703,0.290849,0.306183
562.98,0.0468658,0.0516131,0.0540538,0.0534451,0.054355,0.0575545,0.0603183,0.0654361,0.0703719,0.0823039,0.0955431,0.111053,0.130705,0.155782,0.18353,0.218373,0.250932,0.285938,0.300444
563.428,0.0502745,0.0507223,0.052601,0.0546916,0.0546781,0.0554754,0.0572859,0.0635819,0.0705136,0.0828686,0.0979075,0.110628,0.133883,0.1556,0.183351,0.214444,0.255316,0.289606,0.301015
563.876,0.0495804,0.0503869,0.0528339,0.0564961,0.0559915,0.057397,0.0589875,0.0666892,0.0720494,0.0828517,0.0982172,0.111897,0.135047,0.154183,0.184721,0.21848,0.260908,0.294053,0.3075
564.324,0.0504558,0.0514915,0.0536824,0.0534613,0.0566726,0.05754,0.0604968,0.0670893,0.0704837,0.0815614,0.0955828,0.115335,0.131054,0.154021,0.18517,0.220849,0.259435,0.289358,0.299792
564.772,0.048727,0.051286,0.0517014,0.0533543,0.0560211,0.0585111,0.0605214,0.065528,0.0708579,0.0819118,0.0955168,0.114858,0.13118,0.156821,0.186051,0.218776,0.257034,0.290996,0.305032
565.22,0.0516947,0.0540549,0.0537923,0.0551323,0.0578947,0.0612347,0.0617885,0.068534,0.0750221,0.0831262,0.0958497,0.116274,0.137803,0.161326,0.186577,0.224992,0.261655,0.297234,0.312911
565.667,0.0473159,0.052733,0.0500123,0.054089,0.0558142,0.0555964,0.0585359,0.0666191,0.073982,0.0834967,0.0955107,0.112593,0.13124,0.153232,0.189795,0.216403,0.25934,0.291697,0.301819
566.115,0.0486846,0.052023,0.0533168,0.0531128,0.057618,0.0582409,0.0618675,0.0646892,0.0724614,0.0812512,0.0983763,0.114046,0.133943,0.159391,0.186752,0.224591,0.255137,0.288102,0.309628
566.562,0.0534144,0.0537605,0.0537461,0.0554953,0.0565434,0.0586144,0.0618232,0.0669813,0.07642,0.0824091,0.097506,0.116062,0.135674,0.156804,0.185831,0.222219,0.257951,0.294712,0.309976
567.01,0.0500919,0.0511389,0.0535433,0.0542297,0.0553592,0.0587307,0.0603485,0.0663938,0.0727981,0.084802,0.0972564,0.113764,0.132534,0.15763,0.186112,0.221976,0.263091,0.289546,0.308292
567.457,0.051386,0.0522452,0.0538973,0.0530347,0.0566367,0.0573826,0.0585926,0.0657009,0.0723626,0.0853357,0.0973937,0.114019,0.130503,0.153093,0.186995,0.218311,0.255435,0.289693,0.303828
567.904,0.0499353,0.0517231,0.0527159,0.052357,0.0568177,0.0601063,0.0605015,0.0640208,0.0741374,0.0840793,0.0966482,0.11219,0.134329,0.15593,0.187021,0.221038,0.258807,0.296454,0.306963
568.351,0.0499486,0.0542767,0.0554482,0.0531478,0.0559381,0.0591839,0.0599301,0.0649505,0.0748066,0.0818492,0.0960898,0.114922,0.130538,0.152019,0.185019,0.219412,0.259104,0.289119,0.306187
568.797,0.0493333,0.0515653,0.053603,0.0520563,0.0589129,0.0580392,0.0593572,0.0680949,0.0719325,0.0831365,0.0969382,0.116103,0.131513,0.155596,0.186356,0.220081,0.256524,0.28625,0.305841
569.244,0.0511378,0.0542929,0.0546534,0.0563135,0.0577326,0.0570135,0.0635588,0.0677812,0.0750332,0.084846,0.0990705,0.115664,0.133392,0.160001,0.188111,0.221615,0.257827,0.295196,0.308112
569.691,0.0513637,0.0549176,0.0550466,0.0547824,0.0576846,0.0559128,0.0616948,0.0680753,0.0721199,0.0841776,0.0997694,0.114662,0.134252,0.157364,0.186661,0.216323,0.255701,0.290568,0.311091
570.137,0.0495268,0.0520997,0.0554652,0.0544198,0.0570496,0.0587271,0.0603598,0.0655259,0.0734341,0.0832957,0.0983418,0.113376,0.134684,0.154786,0.186797,0.221649,0.256855,0.291429,0.307705
570.583,0.0484561,0.0525888,0.0537071,0.0522947,0.0568725,0.0542997,0.0581553,0.0640424,0.071813,0.0821133,0.0958418,0.110568,0.135045,0.157748,0.186678,0.222465,0.258067,0.289283,0.308001
571.03,0.0486052,0.0524258,0.0529035,0.0532993,0.0541689,0.0559558,0.0598725,0.063031,0.0717062,0.0839098,0.0990948,0.111844,0.131118,0.15374,0.185192,0.218364,0.255223,0.288807,0.308332
571.476,0.0500798,0.0543828,0.0531888,0.0531069,0.0567203,0.0594891,0.0616356,0.0689285,0.072201,0.0837124,0.0960806,0.113555,0.135412,0.158164,0.188586,0.224868,0.261006,0.294814,0.308152
571.922,0.0518756,0.0513402,0.0521431,0.054663,0.0529712,0.0585504,0.059447,0.063577,0.0728546,0.0831073,0.0982143,0.115329,0.132125,0.153826,0.185958,0.223624,0.256909,0.294535,0.303831
572.367,0.0497385,0.0535917,0.0540659,0.0529636,0.0548347,0.0581791,0.0625655,0.0668323,0.0717839,0.0828193,0.0977375,0.111028,0.133183,0.159163,0.187071,0.217285,0.260922,0.294331,0.307482
572.813,0.0490901,0.0526598,0.0525735,0.0523676,0.054649,0.0560974,0.0609607,0.064756,0.0738991,0.0813688,0.0957761,0.110698,0.133078,0.155012,0.184686,0.216517,0.254982,0.283995,0.303192
573.259,0.0501837,0.0535851,0.0532416,0.0553825,0.0541912,0.0570115,0.0615339,0.0656366,0.0738253,0.0837881,0.0965009,0.115876,0.13296,0.158562,0.184565,0.22444,0.262831,0.292757,0.310241
573.704,0.0524629,0.0548082,0.0552149,0.0573984,0.0585629,0.0598255,0.062301,0.0679613,0.0758999,0.0824795,0.0988022,0.111549,0.132432,0.158305,0.187769,0.222209,0.260409,0.28988,0.3074
574.15,0.0493759,0.0515776,0.0531762,0.0545991,0.057348,0.0581878,0.0609168,0.0673476,0.0737662,0.0840391,0.0948732,0.116023,0.132908,0.156587,0.187491,0.219585,0.258944,0.289338,0.303483
574.595,0.0480459,0.0494921,0.0509142,0.0500949,0.0529936,0.0560898,0.0581442,0.0619257,0.0697672,0.0832638,0.094387,0.114965,0.132949,0.155756,0.182173,0.21955,0.254081,0.286582,0.308723
575.04,0.0512157,0.0518344,0.0527763,0.054157,0.054837,0.0567534,0.0627265,0.0637284,0.0740809,0.0832839,0.0977666,0.112848,0.133224,0.161176,0.187258,0.221359,0.256186,0.290288,0.306628
575.485,0.0507971,0.0515743,0.0521451,0.0544484,0.0549941,0.0576076,0.0592979,0.0664284,0.0719928,0.0831817,0.099287,0.112236,0.13281,0.157933,0.186946,0.222401,0.258417,0.288949,0.306542
575.93,0.0473,0.04806,0.0527979,0.0519254,0.0552664,0.057408,0.0589859,0.0643289,0.0706045,0.0834813,0.093863,0.110308,0.1299,0.15749,0.182104,0.220699,0.254801,0.287215,0.302574
576.375,0.0525273,0.0511993,0.0557715,0.0555685,0.0598955,0.0578617,0.0615375,0.064925,0.0750766,0.0859933,0.0981414,0.11504,0.134829,0.158199,0.187268,0.220736,0.256922,0.292179,0.31053
576.819,0.0530711,0.0536011,0.0541168,0.0567628,0.0546064,0.0600773,0.0629299,0.0662839,0.0722796,0.0831789,0.0992731,0.113121,0.132196,0.159585,0.188246,0.222146,0.260625,0.290228,0.311451
577.264,0.0489952,0.0536718,0.0550749,0.0557752,0.0595693,0.0573689,0.0628011,0.067756,0.0750615,0.0846766,0.0995741,0.116836,0.136881,0.160647,0.188325,0.221628,0.253545,0.291221,0.309972
577.708,0.0513215,0.052194,0.0547698,0.0554156,0.0573464,0.0596597,0.0626554,0.0687425,0.0742954,0.0834453,0.0984565,0.116239,0.137476,0.159926,0.188819,0.223316,0.259226,0.296389,0.314791
578.153,0.0505838,0.0507423,0.0553969,0.0527298,0.0547929,0.0593119,0.0599672,0.065866,0.0701678,0.0827384,0.0962778,0.113224,0.132284,0.15664,0.185504,0.21775,0.259445,0.290823,0.304905
578.597,0.0492952,0.0535386,0.0504589,0.0553338,0.0574941,0.0576257,0.0618504,0.0642391,0.0730504,0.0828915,0.0972526,0.111791,0.129481,0.15914,0.189806,0.22359,0.257425,0.293936,0.305094
579.041,0.0505952,0.0523243,0.0551898,0.0547781,0.0567768,0.0596493,0.0619929,0.0645748,0.0725617,0.0846146,0.096706,0.114524,0.135242,0.15782,0.184725,0.219093,0.261437,0.291193,0.308526
579.485,0.0518166,0.0523496,0.0525684,0.0549775,0.0569078,0.0564944,0.0582248,0.0648016,0.0728727,0.0840113,0.0984615,0.114403,0.134335,0.156809,0.189475,0.220044,0.259839,0.292825,0.308483
579.929,0.0512221,0.0509123,0.050728,0.0529873,0.0561129,0.0578418,0.0591164,0.0660981,0.071791,0.0834045,0.0977176,0.113058,0.131614,0.158055,0.190497,0.222406,0.261274,0.29019,0.308846
580.372,0.0510944,0.0525202,0.0534872,0.0549557,0.0578762,0.0574615,0.0611538,0.067378,0.0728233,0.0860724,0.0992525,0.11165,0.133681,0.161147,0.188079,0.223835,0.260678,0.290757,0.310877
580.816,0.051875,0.0533614,0.0538925,0.0563708,0.059371,0.0595493,0.0626366,0.0686393,0.0721312,0.0857132,0.099253,0.11353,0.134292,0.158131,0.188931,0.22299,0.262618,0.292986,0.310729
581.259,0.0517239,0.0534235,0.054151,0.05407,0.0565933,0.0591139,0.0614506,0.0657819,0.0756228,0.0838744,0.0957821,0.115187,0.134675,0.158276,0.18887,0.219578,0.257677,0.290414,0.307142
581.703,0.0511015,0.0517262,0.0525628,0.0542076,0.0572238,0.0563943,0.0595433,0.0670178,0.0736528,0.0822964,0.0979991,0.112212,0.132324,0.156578,0.188708,0.221077,0.254152,0.288998,0.30571
582.146,0.0534272,0.0534535,0.0517877,0.0557772,0.0597656,0.0589605,0.0606599,0.0644683,0.073434,0.0865412,0.099029,0.115672,0.135085,0.160594,0.190769,0.219948,0.264209,0.292153,0.310209
582.589,0.0520915,0.0523304,0.0498393,0.0559888,0.0545221,0.0578803,0.0601777,0.0659683,0.0728926,0.0821261,0.0971167,0.114068,0.132903,0.159491,0.189652,0.223302,0.260498,0.289627,0.309192
583.032,0.0540449,0.053506,0.0549595,0.0579873,0.0564988,0.0604903,0.0621544,0.0668523,0.0779723,0.0854318,0.101147,0.115848,0.134836,0.158766,0.18726,0.224734,0.257354,0.294289,0.304652
583.475,0.0485611,0.052704,0.0557878,0.0557901,0.0575917,0.0600673,0.0635272,0.0664657,0.0718812,0.0822625,0.0973515,0.114434,0.134605,0.15717,0.186393,0.219601,0.260659,0.290276,0.307428
583.918,0.0506581,0.0525115,0.0543806,0.0585359,0.0607677,0.0592443,0.0633136,0.0699013,0.0754157,0.0856458,0.0992745,0.117763,0.136769,0.159835,0.191968,0.223805,0.26226,0.29603,0.309332
584.36,0.0497021,0.0512668,0.0522998,0.055397,0.0568516,0.058125,0.0607601,0.0627326,0.0733439,0.0784241,0.0947987,0.111373,0.130865,0.155704,0.183967,0.216874,0.256317,0.289956,0.304648
584.803,0.0470052,0.0505781,0.0499937,0.0523972,0.0544796,0.0568324,0.0589224,0.0657278,0.06832,0.0805582,0.0937618,0.111304,0.130112,0.154961,0.182795,0.21479,0.253149,0.288135,0.300148
585.245,0.0492339,0.0497816,0.0528999,0.0526213,0.0562544,0.0552149,0.0581863,0.064555,0.0709539,0.0810426,0.095471,0.114427,0.131582,0.156949,0.183436,0.220552,0.252976,0.290784,0.308299
585.688,0.0494382,0.0519671,0.0526543,0.0535551,0.0568484,0.0570149,0.0593546,0.0660856,0.0734119,0.081698,0.0977353,0.113853,0.133052,0.159995,0.184642,0.219547,0.25959,0.291621,0.308276
586.13,0.0493473,0.0533487,0.0523525,0.0533,0.0574065,0.0576512,0.0615204,0.0664414,0.0771268,0.0829532,0.0977157,0.11345,0.132171,0.161259,0.187333,0.22037,0.262635,0.298568,0.30619
586.572,0.0509462,0.0522308,0.0531416,0.0548852,0.0575267,0.0590912,0.0585879,0.0636045,0.0726245,0.0818416,0.0948691,0.112357,0.132159,0.153222,0.186841,0.217075,0.258684,0.29333,0.307363
587.014,0.0528969,0.051504,0.0532336,0.0545025,0.057437,0.0572963,0.0607696,0.065564,0.073209,0.0822101,0.0968611,0.111619,0.134477,0.157429,0.189337,0.221071,0.258778,0.289235,0.310569
587.456,0.0511594,0.0512638,0.0526888,0.0540218,0.0556109,0.0597608,0.0601656,0.0655261,0.0722531,0.0868857,0.0970855,0.113229,0.135405,0.160255,0.187851,0.223706,0.257664,0.294889,0.309553
587.897,0.0479129,0.0517788,0.051698,0.0554502,0.0557532,0.0575289,0.059334,0.0654023,0.0711019,0.081806,0.0966622,0.111868,0.132123,0.157847,0.185995,0.218202,0.258071,0.292754,0.303954
588.339,0.0511134,0.0526985,0.0538355,0.0560263,0.0576273,0.0575831,0.0604314,0.0661576,0.0730351,0.0852878,0.0980372,0.115193,0.133347,0.157487,0.188767,0.220442,0.257192,0.29296,0.311249
588.78,0.0506953,0.0516998,0.0558209,0.0557344,0.0582846,0.059024,0.0592632,0.064969,0.0744975,0.083364,0.10117,0.113468,0.13201,0.158545,0.191062,0.219341,0.259635,0.288763,0.306603
589.222,0.0518437,0.0523192,0.0553739,0.0534299,0.0568923,0.0569697,0.0631143,0.0660889,0.0738865,0.083254,0.0981768,0.116405,0.133655,0.156735,0.189877,0.221101,0.256104,0.295523,0.307835
589.663,0.0488295,0.0519948,0.0551542,0.053048,0.0555409,0.0579504,0.057016,0.0620423,0.0724068,0.0792515,0.0954427,0.111661,0.128591,0.153141,0.183471,0.217132,0.255012,0.287442,0.303804
590.104,0.0484254,0.0528001,0.0544408,0.055916,0.0583818,0.0581096,0.0626126,0.0649918,0.0705245,0.0848494,0.0982349,0.114921,0.133884,0.159845,0.186749,0.22177,0.262558,0.290683,0.304357
590.545,0.0499901,0.0538134,0.0554151,0.0548541,0.0563371,0.0605633,0.0614327,0.0684763,0.0735578,0.0842648,0.0993329,0.114849,0.133887,0.156757,0.186795,0.222545,0.261254,0.294152,0.309268
590.986,0.0504159,0.051861,0.0545047,0.0556506,0.055786,0.0578899,0.0636341,0.0665552,0.0735767,0.0825548,0.0995162,0.114082,0.132779,0.158587,0.186991,0.226425,0.258986,0.291,0.30762
591.427,0.0521519,0.0533815,0.0524864,0.0534547,0.0551679,0.0563851,0.0606647,0.0654302,0.0705203,0.0819912,0.0940876,0.112218,0.134195,0.158041,0.187744,0.222842,0.258684,0.290789,0.310904
591.867,0.0514698,0.0518922,0.0544562,0.0575301,0.0560186,0.0579769,0.0614841,0.0657814,0.0725872,0.0846766,0.0978633,0.112658,0.130124,0.161976,0.186989,0.220939,0.257543,0.293768,0.308696
592.308,0.053296,0.0531819,0.0571787,0.0556207,0.0586871,0.0578054,0.0611271,0.0669604,0.0751309,0.0842181,0.101724,0.11928,0.133821,0.158035,0.191653,0.223213,0.264996,0.290012,0.312643
592.748,0.0494949,0.0520786,0.0540405,0.0544507,0.0545249,0.0569071,0.0599959,0.0653235,0.0720873,0.0804394,0.0958107,0.113026,0.132763,0.15657,0.190898,0.223631,0.25605,0.292077,0.30404
593.189,0.0521275,0.0541116,0.0571166,0.0567859,0.0573045,0.0600642,0.0635894,0.0679235,0.0760341,0.0858263,0.0992366,0.114312,0.137286,0.161855,0.192411,0.224328,0.26715,0.296811,0.31127
593.629,0.0528358,0.0535766,0.0529076,0.0539742,0.0577641,0.0578021,0.0583085,0.0662783,0.0742614,0.0857769,0.09845,0.116423,0.134711,0.155815,0.188744,0.221774,0.258021,0.291388,0.305327
594.069,0.0504685,0.0529559,0.0528167,0.054669,0.05563,0.0602976,0.0601659,0.0660391,0.071417,0.0864696,0.0956083,0.113897,0.131085,0.156836,0.186677,0.216839,0.254773,0.294953,0.309543
594.509,0.0497141,0.052053,0.0530757,0.0544166,0.0553788,0.0564245,0.0582124,0.0645523,0.0723387,0.0819821,0.0941335,0.111128,0.132034,0.155818,0.189302,0.218326,0.258222,0.289588,0.306101
594.949,0.0510222,0.0533525,0.0537259,0.0545968,0.0571302,0.0579806,0.0613772,0.0657074,0.0738355,0.0831855,0.0990861,0.113518,0.132734,0.160661,0.187127,0.226246,0.258157,0.292811,0.307965
595.388,0.0512167,0.0522719,0.0541879,0.0551712,0.0577413,0.0584015,0.0610925,0.0663766,0.0743121,0.0842829,0.100348,0.113838,0.133821,0.155842,0.188555,0.221017,0.260405,0.292041,0.310306
595.828,0.0482523,0.0514601,0.0530276,0.0528976,0.0542292,0.0567805,0.0608563,0.0667049,0.0728927,0.081262,0.0985568,0.110868,0.132797,0.155513,0.185257,0.21826,0.261175,0.292741,0.310333
596.267,0.0488958,0.0521427,0.0539604,0.0541425,0.0547907,0.0557152,0.0602078,0.0647597,0.0715539,0.0817806,0.093949,0.10867,0.134085,0.158718,0.186861,0.21961,0.261563,0.291297,0.307666
596.707,0.0499811,0.0530608,0.0538468,0.0542044,0.0559248,0.0559891,0.0595055,0.0637024,0.0722236,0.0820221,0.0947407,0.112744,0.132339,0.155938,0.186914,0.219424,0.255457,0.29125,0.305004
597.146,0.0484425,0.0510921,0.0532119,0.0548789,0.0563525,0.0561494,0.0589782,0.0645781,0.0729187,0.0802682,0.0945891,0.112763,0.132176,0.154948,0.184336,0.219367,0.254308,0.289159,0.306657
597.585,0.050251,0.0511229,0.0538095,0.0552666,0.0551971,0.0587073,0.0607709,0.0646997,0.0722667,0.083473,0.0959173,0.11195,0.134124,0.157467,0.189726,0.217051,0.258638,0.297337,0.304338
598.024,0.0489303,0.0527848,0.0519009,0.0525509,0.0553911,0.0578712,0.0593288,0.0658017,0.0698282,0.0815013,0.0952417,0.11278,0.132403,0.156409,0.184687,0.214419,0.257618,0.290731,0.306637
598.463,0.0503709,0.0537677,0.0526728,0.0548342,0.0570102,0.058585,0.0594112,0.0645813,0.0739214,0.0825384,0.0966987,0.111561,0.131788,0.157333,0.186427,0.218718,0.255645,0.286943,0.30568
598.902,0.0491899,0.050892,0.0519656,0.0523961,0.0549889,0.0569586,0.0585457,0.0636173,0.0739098,0.081255,0.0970643,0.110169,0.131612,0.155624,0.185213,0.216452,0.255196,0.286013,0.305463
599.34,0.0486402,0.0539532,0.05419,0.0531005,0.0548508,0.0567669,0.0585631,0.063172,0.0716957,0.0840662,0.0981716,0.113081,0.134245,0.155398,0.18643,0.218646,0.26106,0.294481,0.31083
599.779,0.0504395,0.0525089,0.0532044,0.055918,0.0574016,0.05803,0.0603985,0.0631861,0.0708179,0.0793488,0.0963124,0.108876,0.131352,0.158541,0.187155,0.22208,0.253358,0.290407,0.303089
600.217,0.0519586,0.0511274,0.0540344,0.0552058,0.0547627,0.0560086,0.060911,0.0641421,0.0740628,0.0808927,0.0983143,0.112778,0.133792,0.156651,0.185549,0.216081,0.255442,0.288764,0.307988
600.655,0.047925,0.0506551,0.0534866,0.0536693,0.054404,0.0567856,0.0591433,0.0646896,0.0751771,0.081952,0.0942632,0.114303,0.127793,0.155991,0.186019,0.218665,0.25365,0.287271,0.304859
601.093,0.0480245,0.0525826,0.0508491,0.0552395,0.0550057,0.0567575,0.0587732,0.0652091,0.0729637,0.0826979,0.0963685,0.113219,0.13228,0.157356,0.187818,0.219985,0.256741,0.293755,0.309814
601.532,0.0501238,0.0537454,0.0551738,0.0559007,0.0571399,0.0584113,0.0619383,0.0674995,0.0748908,0.0869428,0.0984277,0.116916,0.134978,0.158834,0.188925,0.219832,0.262009,0.292534,0.308676
601.969,0.0498804,0.0523974,0.0536455,0.0524908,0.0558887,0.0573416,0.0599267,0.0657185,0.0750153,0.0815625,0.0986857,0.111845,0.13239,0.155368,0.183095,0.217877,0.260388,0.289205,0.303981
602.407,0.0492333,0.0522528,0.0502415,0.0535533,0.0553606,0.0580221,0.061177,0.0641673,0.0707747,0.0826757,0.0973376,0.113187,0.134806,0.162027,0.185451,0.219913,0.257907,0.290639,0.30634
602.845,0.0509306,0.0524961,0.052774,0.049961,0.0568552,0.0569584,0.0592928,0.0664285,0.0716177,0.0817659,0.0969785,0.112653,0.132915,0.15501,0.18632,0.220129,0.258772,0.289053,0.302609
603.282,0.0509407,0.0513952,0.0540973,0.0539843,0.0575851,0.0567551,0.0592948,0.0656801,0.0712522,0.0825866,0.0959571,0.112345,0.13518,0.154599,0.18441,0.221118,0.255311,0.287323,0.309602
603.72,0.0487279,0.050959,0.0518864,0.0546607,0.0566697,0.0577173,0.0586193,0.0662053,0.0727693,0.0818425,0.0952916,0.108598,0.129197,0.158386,0.183465,0.216313,0.256276,0.290119,0.308473
604.157,0.0509999,0.0524297,0.0538744,0.0566244,0.0571301,0.0582126,0.0610147,0.0664303,0.0717697,0.0822518,0.0988212,0.112982,0.129584,0.156399,0.184341,0.225405,0.262584,0.293672,0.307967
604.594,0.0513341,0.0501846,0.0540932,0.0547737,0.0576688,0.0581206,0.0591825,0.0654616,0.0740975,0.0834514,0.0977196,0.11326,0.133567,0.156399,0.186874,0.220513,0.257321,0.291316,0.312136
605.032,0.0483556,0.049883,0.0519492,0.0526291,0.0559133,0.0574916,0.0599493,0.0642581,0.0713959,0.0810791,0.098128,0.111195,0.133044,0.156748,0.187434,0.21894,0.257691,0.294868,0.313991
605.468,0.0484054,0.0528688,0.052811,0.0522815,0.0552618,0.0570095,0.0604802,0.0671228,0.0737689,0.083172,0.0989102,0.113945,0.134716,0.160423,0.18875,0.223405,0.261714,0.292233,0.307187
605.905,0.0502284,0.0548826,0.054307,0.0541917,0.057637,0.0592116,0.0607722,0.0660056,0.0757082,0.0857853,0.0985473,0.117426,0.133985,0.15901,0.189966,0.223564,0.259679,0.295555,0.310587
606.342,0.0514355,0.0534515,0.0552843,0.0559781,0.0576618,0.0555905,0.0618928,0.0655199,0.0724521,0.082351,0.0977386,0.114442,0.13303,0.158425,0.188098,0.224822,0.260976,0.293663,0.310488
606.779,0.0501267,0.0535091,0.0523555,0.0548291,0.0560448,0.0587824,0.0602681,0.0649067,0.073773,0.0825577,0.0974721,0.115382,0.134292,0.158354,0.18836,0.223249,0.262355,0.298044,0.306546
607.215,0.0506017,0.054876,0.0535412,0.0545821,0.0581602,0.0562254,0.0606687,0.0681459,0.0735692,0.08287,0.0996766,0.115215,0.134205,0.158804,0.189395,0.222163,0.259327,0.295985,0.305108
607.652,0.0521937,0.0535113,0.0560344,0.0547345,0.0592906,0.0580516,0.0619961,0.0671372,0.0745359,0.0850368,0.0966433,0.113845,0.135949,0.159808,0.190579,0.224267,0.261015,0.291647,0.310636
608.088,0.049271,0.0519842,0.0542203,0.0542888,0.0569791,0.0573438,0.0602168,0.0651161,0.0740621,0.0819496,0.0958682,0.1158,0.133875,0.157483,0.185471,0.220513,0.260117,0.289979,0.299362
608.524,0.050342,0.0528282,0.0531455,0.0538232,0.0559189,0.0572651,0.0606934,0.0650481,0.0738692,0.082358,0.0980933,0.11382,0.133314,0.157133,0.187906,0.217984,0.259812,0.294553,0.307889
608.96,0.0513077,0.050818,0.051146,0.0543505,0.0549444,0.0565217,0.0608399,0.0626527,0.07284,0.0811044,0.0952587,0.11174,0.129337,0.155477,0.186887,0.221247,0.254745,0.294464,0.310424
609.396,0.054223,0.0555966,0.0531189,0.0553002,0.055646,0.057932,0.061383,0.0656411,0.0739995,0.0819035,0.0967972,0.114334,0.133096,0.156307,0.190797,0.219129,0.256528,0.287533,0.304119
609.832,0.0524461,0.0536118,0.0529109,0.0537314,0.0566478,0.0579777,0.0615002,0.06617,0.073775,0.0846454,0.0979324,0.11794,0.133943,0.161164,0.19254,0.22723,0.262788,0.297314,0.309166
610.267,0.0526304,0.0514019,0.0545444,0.0532638,0.0565659,0.0583328,0.0597018,0.0660138,0.073115,0.0818051,0.0975093,0.114287,0.13051,0.156816,0.189006,0.21824,0.258488,0.288653,0.308207
610.703,0.0495098,0.0500567,0.0543392,0.051975,0.0532909,0.0581796,0.0577648,0.0642219,0.0701304,0.08017,0.0943917,0.112028,0.132527,0.155503,0.183236,0.220686,0.254433,0.285133,0.301748
611.138,0.0507457,0.0561724,0.0566285,0.0572058,0.0567241,0.0587009,0.062637,0.0682468,0.0750168,0.0862829,0.0980541,0.114919,0.134276,0.15809,0.192607,0.22518,0.261335,0.299274,0.313478
611.574,0.050445,0.0540436,0.0554867,0.057912,0.0566493,0.0593318,0.0615962,0.0670125,0.0743697,0.0872233,0.0949881,0.114928,0.131887,0.160193,0.187912,0.22782,0.263285,0.294583,0.311539
612.009,0.0505435,0.0503812,0.0536272,0.054949,0.0544392,0.0570658,0.0607435,0.066086,0.0740246,0.084515,0.0973498,0.115204,0.132363,0.157329,0.187653,0.223935,0.258352,0.29602,0.304353
612.444,0.0499126,0.0522872,0.0530353,0.0547143,0.0566979,0.0567585,0.0608741,0.0665496,0.072093,0.0830144,0.0973182,0.113471,0.131208,0.156186,0.18405,0.218425,0.255709,0.291158,0.305165
612.879,0.0486164,0.0506424,0.0530102,0.0543583,0.0548643,0.0564978,0.0596735,0.0675586,0.0704267,0.0818,0.0966489,0.114815,0.132819,0.15581,0.186595,0.217266,0.259437,0.292777,0.306928
613.314,0.0531678,0.0531278,0.0543108,0.0535993,0.0565253,0.056806,0.0593516,0.0671831,0.071944,0.0864025,0.0980662,0.114094,0.132586,0.155965,0.187616,0.219269,0.261201,0.294338,0.308362
613.748,0.048251,0.049466,0.0511033,0.0528575,0.0537986,0.0565591,0.0598394,0.0613082,0.0710801,0.0797374,0.0925917,0.113198,0.130941,0.154276,0.18526,0.219717,0.254042,0.289448,0.304371
614.183,0.0514554,0.052982,0.054188,0.0554076,0.0565494,0.0605118,0.0627899,0.0662267,0.0721777,0.0836324,0.0989903,0.112862,0.131762,0.161251,0.190375,0.221832,0.260765,0.295781,0.306147
614.617,0.0510138,0.0521841,0.0524278,0.054264,0.056907,0.0576124,0.0595632,0.0658963,0.0743756,0.0835594,0.0962654,0.112995,0.12784,0.159361,0.187756,0.225886,0.261632,0.294,0.306874
615.052,0.0520179,0.0520566,0.0541631,0.054888,0.0553097,0.0565218,0.0623631,0.066618,0.0723793,0.0833215,0.0989932,0.114327,0.13357,0.161582,0.191253,0.222316,0.262832,0.2938,0.311683
615.486,0.0496333,0.0518885,0.0527434,0.0528746,0.055219,0.0539689,0.0593146,0.0635426,0.0711936,0.0823673,0.0947801,0.113929,0.134861,0.156671,0.187467,0.22016,0.259011,0.295574,0.308191
615.92,0.0495615,0.0525763,0.0518808,0.0530501,0.0585434,0.0581062,0.0603714,0.0654312,0.0708879,0.0827637,0.0956965,0.110456,0.131153,0.155863,0.187342,0.223004,0.255866,0.28822,0.306487
616.354,0.050915,0.0540921,0.0532821,0.0562978,0.0585497,0.0588145,0.0600542,0.0661847,0.0721115,0.0827995,0.096313,0.112343,0.133926,0.157007,0.18969,0.219804,0.266054,0.289244,0.309912
616.788,0.0513999,0.0532486,0.0569561,0.0557113,0.056536,0.0587973,0.06151,0.0673634,0.0721199,0.0840831,0.0973762,0.117442,0.134697,0.156051,0.191404,0.22377,0.26014,0.289605,0.307387
617.222,0.0505759,0.0533009,0.0546589,0.0551093,0.0593982,0.0603291,0.060748,0.0667521,0.0710738,0.0833191,0.0983643,0.116066,0.135134,0.157419,0.188332,0.222688,0.26037,0.295722,0.310236
617.655,0.0509718,0.0511925,0.0535961,0.0531156,0.0566608,0.0570954,0.0608885,0.0649272,0.0741134,0.082297,0.0974232,0.113812,0.13445,0.157923,0.18851,0.22418,0.259058,0.290249,0.306594
618.089,0.0510551,0.0530996,0.0536282,0.0554831,0.0591466,0.0572896,0.061933,0.0656809,0.0731247,0.0851646,0.0959652,0.114482,0.133679,0.159053,0.190861,0.224338,0.259831,0.292721,0.312049
618.522,0.0503447,0.0526365,0.0528038,0.0546648,0.0564434,0.0575136,0.0616335,0.0669905,0.0740869,0.0839218,0.0977049,0.117486,0.135972,0.157258,0.188789,0.223105,0.257,0.293921,0.313092
618.956,0.050213,0.0516772,0.0511273,0.053479,0.0535713,0.0556861,0.0597531,0.0655658,0.0716992,0.0815573,0.0976831,0.112904,0.13385,0.158128,0.187361,0.223343,0.258448,0.291107,0.313019
619.389,0.0509846,0.0506754,0.0524312,0.0522766,0.0550621,0.0560889,0.0590066,0.0655531,0.0718114,0.0825778,0.0940268,0.110533,0.134073,0.151881,0.183923,0.219246,0.255666,0.290063,0.30673
619.822,0.0502528,0.0529887,0.0538314,0.0541349,0.0562106,0.0596302,0.0588241,0.0642269,0.0701189,0.0806999,0.0980856,0.112283,0.132807,0.157115,0.185646,0.221125,0.261822,0.291334,0.31118
620.255,0.0507816,0.0518046,0.0529647,0.0523351,0.0562561,0.0561131,0.0615629,0.066207,0.0698556,0.0815912,0.0953584,0.112765,0.13065,0.153905,0.184676,0.219362,0.255717,0.284908,0.303522
620.688,0.0525145,0.0519768,0.0541724,0.0551851,0.0579755,0.056659,0.0606165,0.0673319,0.0724682,0.0843659,0.0972195,0.113546,0.129942,0.158392,0.183188,0.218042,0.253505,0.289513,0.302513
621.12,0.0520649,0.0548946,0.0547885,0.0578985,0.0604565,0.0602314,0.0604231,0.0688647,0.0746189,0.0850144,0.101181,0.119097,0.133986,0.157578,0.19486,0.225433,0.266364,0.293808,0.311344
621.553,0.0523084,0.0524486,0.0517372,0.0544037,0.0556506,0.055834,0.0609896,0.0671347,0.0720087,0.0824332,0.0971002,0.112569,0.130842,0.156095,0.184189,0.221765,0.256975,0.290704,0.306259
621.985,0.0488473,0.0511058,0.0542704,0.0535017,0.0566473,0.0576915,0.060473,0.0647563,0.0718388,0.0834129,0.0968562,0.112987,0.132954,0.157185,0.184861,0.219671,0.255207,0.288841,0.307189
622.418,0.050507,0.0515436,0.0523556,0.0537998,0.055426,0.056925,0.0589828,0.0631032,0.0718046,0.0818665,0.095722,0.11147,0.132096,0.15649,0.185129,0.222658,0.258676,0.291426,0.307431
622.85,0.0488578,0.0504311,0.0547967,0.0537442,0.0585108,0.0589813,0.0592911,0.0650678,0.0745781,0.0824499,0.0983904,0.115447,0.13237,0.159028,0.186925,0.220447,0.25941,0.293051,0.309183
623.282,0.0511169,0.0498222,0.0528636,0.0547268,0.0563423,0.0575005,0.0617201,0.0657267,0.073847,0.083016,0.0973137,0.112121,0.130412,0.157195,0.186234,0.215666,0.256849,0.287547,0.303353
623.714,0.0502728,0.0543774,0.0513678,0.0543995,0.0576246,0.0586729,0.0612927,0.0659091,0.0724178,0.084044,0.0996066,0.113704,0.134886,0.156919,0.188565,0.219724,0.260738,0.28952,0.309541
624.146,0.0506517,0.0515009,0.0532947,0.053289,0.0543059,0.0578194,0.0583634,0.0640903,0.0727168,0.0822947,0.0960515,0.115738,0.136369,0.157306,0.188235,0.217461,0.254031,0.293812,0.314876
624.577,0.0507923,0.0533686,0.0551498,0.0559055,0.055639,0.0593254,0.0588842,0.0647886,0.0719312,0.0833382,0.0958813,0.114271,0.132034,0.16014,0.187267,0.223268,0.258797,0.294986,0.302167
625.009,0.0492069,0.0510354,0.0544095,0.0550223,0.0553516,0.0571578,0.0613848,0.0643025,0.0737829,0.0827892,0.0950778,0.10965,0.129932,0.1588,0.187305,0.22232,0.255942,0.285746,0.309841
625.441,0.0502357,0.0521141,0.0552117,0.0562527,0.05731,0.0555962,0.0603213,0.0653057,0.072206,0.0827245,0.0966083,0.112238,0.130865,0.156244,0.184157,0.221655,0.258825,0.293691,0.307042
625.872,0.0512016,0.0533283,0.0532527,0.0533348,0.0557361,0.0573885,0.0600995,0.0674744,0.0744548,0.0809037,0.0974576,0.110746,0.133693,0.157277,0.18825,0.222624,0.26155,0.294529,0.309246
626.303,0.0500321,0.050618,0.0538505,0.053357,0.0566534,0.056727,0.0583885,0.0633343,0.0712648,0.0792384,0.100387,0.11284,0.134673,0.158393,0.182305,0.220851,0.25507,0.293318,0.307114
626.734,0.0504015,0.0520573,0.0511351,0.0540392,0.0553969,0.0558976,0.0590025,0.0612981,0.06846,0.0790362,0.0942461,0.112351,0.130128,0.153184,0.17901,0.217031,0.258158,0.286074,0.301168
627.165,0.0513672,0.0504815,0.0523749,0.0532287,0.0563437,0.0557493,0.0592144,0.0642376,0.0702504,0.082792,0.0949702,0.110548,0.131671,0.156666,0.183819,0.222713,0.256314,0.291259,0.30433
627.596,0.0472964,0.0513136,0.0517719,0.0522663,0.0546783,0.0554761,0.0613526,0.063337,0.0710989,0.0812172,0.0949136,0.112287,0.132765,0.15422,0.18472,0.217238,0.253694,0.288396,0.303475
628.027,0.0520081,0.0520135,0.0528674,0.0551135,0.0576374,0.0592258,0.0614158,0.0665287,0.0718951,0.0827194,0.0958625,0.113758,0.13425,0.161685,0.188713,0.221573,0.260179,0.290158,0.304797
628.458,0.0481385,0.0540596,0.0528147,0.0564504,0.0544605,0.0589243,0.0604273,0.0660069,0.0726812,0.0810018,0.0977629,0.112471,0.134643,0.158361,0.188613,0.220207,0.25407,0.292836,0.308906
628.888,0.0510408,0.0499852,0.0542491,0.0504021,0.0565524,0.0553655,0.0582085,0.0645916,0.072592,0.0808687,0.0968852,0.111482,0.134075,0.156938,0.18736,0.221544,0.258895,0.293488,0.308254
629.319,0.0501328,0.0517159,0.0540315,0.053326,0.0554843,0.0578314,0.059389,0.0656171,0.0717325,0.0821748,0.0972412,0.112719,0.130529,0.153853,0.181738,0.218843,0.260643,0.293138,0.302966
629.749,0.0512272,0.0524979,0.0515036,0.0539,0.0547843,0.0581652,0.0606423,0.0659692,0.0747915,0.0803757,0.0942552,0.111542,0.133506,0.155827,0.186083,0.218137,0.258569,0.286671,0.304142
630.179,0.0496981,0.0519674,0.0512118,0.054744,0.0555398,0.0593531,0.0617014,0.0664048,0.071075,0.0842487,0.0992323,0.115839,0.134063,0.15977,0.187423,0.221731,0.264214,0.29601,0.312919
630.609,0.0494671,0.0535234,0.0539224,0.0541353,0.0554851,0.0575111,0.0571578,0.0647099,0.0732384,0.0799276,0.0986909,0.113313,0.12984,0.157656,0.185723,0.220149,0.254949,0.294563,0.302715
631.039,0.0491501,0.0505698,0.054943,0.0548161,0.054083,0.0551678,0.0591157,0.0644282,0.0696013,0.0830126,0.095775,0.111529,0.133089,0.153943,0.185877,0.219678,0.259805,0.292642,0.306042
631.469,0.0480438,0.0506059,0.0521425,0.0536677,0.0552686,0.0553348,0.0564425,0.0632358,0.0688017,0.0788521,0.0932838,0.11157,0.129842,0.155738,0.184109,0.22005,0.258454,0.288655,0.304213
631.899,0.0500036,0.0486875,0.050864,0.0527299,0.0547663,0.0556713,0.0575533,0.063981,0.0722145,0.0811558,0.0954458,0.110145,0.131353,0.154031,0.184329,0.216519,0.256626,0.287098,0.30257
632.328,0.0510025,0.0545022,0.0542654,0.0587761,0.0575962,0.0608528,0.0618511,0.0689187,0.077849,0.0851224,0.101906,0.117049,0.135455,0.162702,0.193293,0.220481,0.259961,0.297341,0.312683
632.758,0.0482798,0.0501058,0.0500529,0.0533592,0.0533424,0.0549352,0.0574874,0.0662905,0.0707205,0.0807072,0.0964367,0.111974,0.133016,0.154037,0.186901,0.223133,0.256875,0.290274,0.303259
633.187,0.0505557,0.0520359,0.0541293,0.0550439,0.0563148,0.0552857,0.0621403,0.0662192,0.0714722,0.0839238,0.097486,0.113018,0.13442,0.155083,0.188003,0.223285,0.262903,0.292141,0.307867
633.616,0.0502854,0.0520509,0.0535663,0.0548999,0.0559498,0.0588705,0.0631553,0.0674575,0.0731213,0.0838935,0.0978905,0.114295,0.132042,0.159155,0.19016,0.222815,0.262546,0.298821,0.312486
634.046,0.0489015,0.0510484,0.0530943,0.0559011,0.0543979,0.0565499,0.059678,0.0663688,0.0705069,0.0816194,0.097109,0.111618,0.132079,0.15682,0.184671,0.215879,0.25647,0.286135,0.304637
634.475,0.0507164,0.0527147,0.0540992,0.052931,0.0575544,0.0555334,0.0578374,0.0670074,0.0710954,0.0804743,0.0952366,0.112882,0.130878,0.155442,0.18945,0.218309,0.258612,0.291705,0.306612
634.903,0.0488801,0.0514341,0.0535158,0.0544223,0.0549053,0.0576434,0.0588379,0.0643948,0.0725639,0.080231,0.0946098,0.114077,0.131428,0.15526,0.187614,0.219779,0.254791,0.291874,0.306011
635.332,0.0491717,0.0513038,0.0547407,0.0545014,0.0576512,0.0578354,0.0591529,0.0644389,0.0704628,0.0819631,0.0938022,0.112872,0.130426,0.157081,0.183861,0.215988,0.25751,0.290196,0.307179
635.761,0.0497862,0.0506576,0.0542394,0.0549013,0.0564997,0.059923,0.0585429,0.0658325,0.0735071,0.0821475,0.097411,0.111467,0.135019,0.155724,0.185811,0.222376,0.261693,0.295852,0.311336
636.189,0.0494627,0.0519281,0.0514307,0.0546779,0.0560403,0.0572287,0.0565061,0.0660378,0.0703949,0.0797225,0.0937427,0.112878,0.129343,0.155475,0.186731,0.218165,0.259728,0.291398,0.309001
636.618,0.0525081,0.0525735,0.0551764,0.056141,0.0562823,0.0574095,0.0598677,0.0668794,0.0717563,0.0838498,0.0975674,0.114086,0.13215,0.160329,0.191778,0.22299,0.257946,0.294844,0.307692
637.046,0.0502517,0.0535564,0.0534926,0.0554328,0.0544979,0.0602853,0.0586663,0.0668388,0.0740842,0.0836652,0.102303,0.114737,0.135461,0.158696,0.187697,0.22114,0.262752,0.291272,0.311769
637.474,0.0492063,0.0523222,0.0520429,0.0514653,0.0557147,0.0558201,0.0619899,0.0614513,0.0727999,0.080563,0.0975642,0.110656,0.130166,0.160199,0.185956,0.219273,0.256038,0.289914,0.305374
637.902,0.0480173,0.0501428,0.0510039,0.053226,0.054049,0.0552027,0.0578541,0.0635055,0.0724309,0.085156,0.0917944,0.112837,0.125761,0.154884,0.186562,0.215243,0.253149,0.286671,0.304203
638.33,0.0478218,0.0501775,0.0525715,0.0517488,0.0549132,0.0562526,0.0595114,0.0632327,0.0718366,0.0817818,0.0954031,0.109896,0.1313,0.154549,0.181352,0.214531,0.254035,0.287017,0.303954
638.758,0.0526319,0.0511283,0.0523308,0.0514885,0.0568348,0.0585486,0.0608254,0.0654184,0.0703516,0.0842745,0.0975771,0.11234,0.134154,0.158367,0.187817,0.218924,0.262496,0.290637,0.310125
639.186,0.0527033,0.0544043,0.0548067,0.0547058,0.0560854,0.058599,0.0624779,0.0653004,0.0731092,0.085915,0.0991402,0.114946,0.133264,0.159162,0.191024,0.224854,0.257398,0.291924,0.309106
639.613,0.0515296,0.0520047,0.0512814,0.0533554,0.0544975,0.0573885,0.0613028,0.0646983,0.073223,0.0809355,0.0989051,0.114434,0.130675,0.156079,0.18849,0.222332,0.254776,0.288456,0.30965
640.041,0.0513225,0.0520463,0.051925,0.0528537,0.0565287,0.0575718,0.0586783,0.0673806,0.0724007,0.0819088,0.0961785,0.111424,0.131267,0.155651,0.187302,0.217741,0.258275,0.289015,0.30867
640.468,0.0516709,0.0517943,0.0539822,0.056241,0.0552574,0.0570428,0.0591996,0.0637163,0.0735273,0.0814215,0.0932867,0.111616,0.134491,0.158869,0.189252,0.22373,0.259534,0.290728,0.307995
640.895,0.0483563,0.049624,0.0512765,0.0536282,0.0527695,0.0543886,0.0567348,0.0640221,0.0724907,0.0816818,0.0973585,0.111217,0.133654,0.156664,0.184642,0.216436,0.257567,0.292196,0.305098
641.322,0.0510815,0.0514179,0.0542207,0.0550115,0.0563179,0.058772,0.0612759,0.0632897,0.0733209,0.0818091,0.0983655,0.115581,0.136254,0.156002,0.186496,0.219382,0.259925,0.293029,0.313604
641.749,0.0515879,0.0525243,0.0549661,0.0568067,0.0549463,0.0585274,0.0617435,0.0673224,0.0725436,0.082212,0.0993923,0.115701,0.136498,0.157959,0.189162,0.221989,0.25999,0.2981,0.308762
642.176,0.0479022,0.0531946,0.0517119,0.0511716,0.0556799,0.0571734,0.0584066,0.0632866,0.0708597,0.0806788,0.0944105,0.114444,0.131249,0.155824,0.18242,0.215151,0.252803,0.28512,0.297823
642.603,0.0489326,0.054137,0.0559425,0.0523274,0.0554785,0.0604324,0.0595598,0.0666414,0.070856,0.0813302,0.0978763,0.112568,0.130327,0.157746,0.187397,0.219691,0.257169,0.289913,0.311498
643.029,0.0515164,0.0523571,0.0531129,0.0555377,0.0547713,0.0573678,0.0584569,0.0651328,0.0716184,0.0797021,0.095869,0.113577,0.133682,0.159608,0.190534,0.22394,0.259235,0.294443,0.307595
643.456,0.0490333,0.0536215,0.0533748,0.0545475,0.0549024,0.0559146,0.0596978,0.0638813,0.0720128,0.0784979,0.095416,0.116201,0.131899,0.158767,0.184603,0.22325,0.259856,0.293331,0.313581
643.882,0.0497555,0.0535136,0.0523929,0.0541753,0.0515805,0.056164,0.0589485,0.0636866,0.072002,0.0773073,0.0947484,0.112446,0.130897,0.154754,0.186021,0.218107,0.258051,0.289202,0.307351
644.308,0.0511851,0.0501664,0.0542762,0.051709,0.0569424,0.0577329,0.0594302,0.0655483,0.0723083,0.0809225,0.0950478,0.115584,0.13276,0.157522,0.188497,0.223468,0.260023,0.294891,0.308368
644.735,0.0497792,0.0497992,0.0538629,0.0533315,0.0551199,0.055545,0.0590284,0.061389,0.0730362,0.0804871,0.0930259,0.113248,0.132056,0.154446,0.181231,0.216091,0.256345,0.287181,0.299096
645.161,0.0485481,0.0524232,0.0546133,0.0515012,0.055941,0.0554501,0.0604325,0.0653058,0.0731533,0.0800865,0.094149,0.11057,0.135558,0.157873,0.185105,0.220234,0.26016,0.293094,0.307426
645.586,0.0498206,0.0533138,0.0554501,0.0548927,0.0547305,0.0548471,0.060076,0.0661861,0.0696247,0.0831485,0.098022,0.11307,0.135261,0.155671,0.18965,0.215547,0.25826,0.290333,0.303221
646.012,0.0514268,0.0538798,0.0556085,0.0533245,0.0560815,0.0603692,0.0596794,0.0675328,0.0715526,0.0847095,0.0977391,0.114145,0.132557,0.159413,0.188775,0.222775,0.261244,0.29163,0.305636
646.438,0.0504681,0.0522337,0.0558932,0.055145,0.0562213,0.0585819,0.0626511,0.0649289,0.0739229,0.0830378,0.0979965,0.113006,0.132828,0.157573,0.188662,0.221217,0.259484,0.2919,0.305778
646.863,0.0502057,0.0515176,0.0505132,0.0523023,0.0555115,0.0576329,0.0584921,0.0642412,0.0723636,0.0818653,0.0944535,0.111957,0.129085,0.153666,0.186297,0.218958,0.25527,0.286244,0.305979
647.289,0.0513372,0.0520663,0.0537854,0.0558662,0.0555994,0.0579143,0.0609979,0.0660454,0.0734629,0.0838318,0.0964974,0.116078,0.133772,0.153419,0.188605,0.224551,0.258349,0.291038,0.306352
647.714,0.0511488,0.0520221,0.0539205,0.0518848,0.0561752,0.0555505,0.060593,0.0656351,0.0723472,0.0832189,0.0952145,0.114094,0.133088,0.15853,0.185698,0.218761,0.257931,0.291585,0.305065
648.139,0.049751,0.0513107,0.0568724,0.0533619,0.0574096,0.0563734,0.0612198,0.0666541,0.0703077,0.083416,0.0970219,0.112281,0.131287,0.156189,0.186297,0.218382,0.25555,0.2918,0.304303
648.564,0.0524039,0.0511848,0.0561779,0.0557559,0.0575815,0.0581284,0.0596335,0.0656785,0.0711351,0.0804034,0.0960661,0.112615,0.135338,0.156478,0.18663,0.218138,0.257519,0.286692,0.30884
648.989,0.0494971,0.0510873,0.0529136,0.0545466,0.0565707,0.0598528,0.0602553,0.066727,0.071269,0.084465,0.0972688,0.110962,0.130616,0.156919,0.188634,0.223588,0.261213,0.289784,0.309591
649.414,0.0521611,0.0541948,0.0551256,0.0538193,0.0578516,0.0578132,0.0613767,0.0685828,0.0740257,0.0843052,0.0977698,0.116724,0.134565,0.161643,0.188125,0.224878,0.262007,0.298257,0.311491
649.839,0.0535013,0.0549483,0.0533824,0.0571769,0.0587373,0.0609854,0.0615304,0.0682587,0.0725257,0.0833171,0.0954313,0.114157,0.134049,0.159246,0.190708,0.222935,0.261613,0.293571,0.308979
650.263,0.048961,0.050848,0.0525621,0.0529678,0.0566439,0.057413,0.0593565,0.0636672,0.0699459,0.0822987,0.0984725,0.112959,0.130698,0.157968,0.188808,0.218867,0.256461,0.290898,0.305168
650.688,0.0514552,0.052824,0.0535059,0.0533315,0.0545645,0.0587317,0.0591046,0.0623114,0.0725937,0.0827759,0.0970467,0.110474,0.129978,0.154899,0.185518,0.22366,0.259178,0.284752,0.304623
651.112,0.0495354,0.0517147,0.0526247,0.0549548,0.0554988,0.0580403,0.0588784,0.0649495,0.0728278,0.0853331,0.097496,0.114465,0.13411,0.156316,0.186008,0.222383,0.25615,0.290777,0.306025
651.536,0.0503528,0.0520182,0.0543682,0.0559415,0.0546494,0.0566756,0.0597432,0.0642326,0.0732434,0.0837724,0.09751,0.112436,0.131085,0.160028,0.189748,0.224156,0.263428,0.295447,0.309447
651.961,0.047751,0.0490455,0.0511026,0.0512282,0.053155,0.05599,0.0571077,0.0634398,0.0700326,0.0805435,0.0945889,0.107557,0.128708,0.154028,0.183987,0.213014,0.253033,0.293101,0.303089
652.384,0.0503997,0.0517077,0.0524065,0.0560507,0.0555194,0.0581814,0.0580693,0.0668204,0.071381,0.0836248,0.0991559,0.114734,0.133534,0.1591,0.187559,0.219286,0.260662,0.293232,0.312218
652.808,0.051921,0.0546005,0.0555669,0.056083,0.0569337,0.0582148,0.0615527,0.0668203,0.0756009,0.085206,0.0996001,0.113354,0.132925,0.158319,0.187698,0.223157,0.263655,0.29076,0.308265
653.232,0.0488677,0.0500361,0.0535295,0.0553176,0.0535515,0.055034,0.057787,0.062959,0.0716618,0.0804625,0.096506,0.111306,0.132181,0.157869,0.188412,0.219441,0.26161,0.289713,0.308511
653.656,0.0493426,0.0496356,0.0529762,0.0531823,0.0560467,0.0584565,0.0577755,0.0623004,0.0695048,0.0806873,0.0941485,0.11155,0.130689,0.154923,0.184893,0.219639,0.254867,0.28535,0.297023
654.079,0.0480597,0.0526057,0.052305,0.0505265,0.0571669,0.0587495,0.0616165,0.0640456,0.0718977,0.0810094,0.0939897,0.109453,0.129786,0.157398,0.188821,0.215248,0.256146,0.287946,0.303684
654.503,0.0515383,0.0545249,0.0539424,0.0548277,0.0545895,0.0598482,0.0604949,0.0649457,0.0759132,0.0818877,0.0952774,0.11535,0.132297,0.159352,0.190333,0.22425,0.265412,0.297426,0.3113
654.926,0.0517499,0.0535423,0.0520076,0.0553533,0.0573277,0.0607262,0.0601834,0.0652376,0.075562,0.0833886,0.0988479,0.115791,0.134768,0.158442,0.188514,0.224553,0.255404,0.2948,0.307993
655.349,0.0487356,0.0490017,0.0523964,0.0535014,0.0566622,0.0572945,0.0586045,0.0619744,0.0685898,0.0794333,0.0982899,0.110696,0.130042,0.152042,0.184567,0.222006,0.257901,0.287887,0.303998
655.772,0.0485623,0.0506492,0.0545954,0.0547404,0.0555252,0.0558187,0.0572238,0.0646127,0.0701487,0.0807184,0.0953204,0.109479,0.129691,0.158977,0.187894,0.220965,0.259105,0.289375,0.309363
656.195,0.050648,0.05453,0.0556963,0.0572686,0.0592695,0.0612477,0.0613265,0.0660172,0.0753742,0.0835357,0.100652,0.1156,0.135091,0.160938,0.188635,0.224485,0.25443,0.291783,0.314854
656.618,0.0513442,0.0535123,0.0545238,0.0561705,0.0575489,0.0596141,0.0629092,0.0698062,0.0737035,0.0834943,0.0993594,0.116808,0.135902,0.165101,0.189756,0.22578,0.265221,0.29912,0.312958
657.04,0.0495083,0.0503577,0.0530265,0.0537145,0.0537301,0.056577,0.0589914,0.0657412,0.0693553,0.0840425,0.0987588,0.112648,0.130939,0.155716,0.188254,0.219521,0.2572,0.285575,0.305445
657.463,0.0497773,0.0487035,0.0531268,0.0528568,0.0536926,0.0554326,0.0605885,0.0645065,0.0714959,0.0771194,0.09409,0.110168,0.130272,0.154233,0.187408,0.216478,0.255854,0.287142,0.303898
657.885,0.0483768,0.0516936,0.0553304,0.0569082,0.0577904,0.0578454,0.0594689,0.0653125,0.0725013,0.0834013,0.099959,0.111804,0.134386,0.157339,0.18841,0.223121,0.255177,0.292498,0.308091
658.308,0.0495833,0.0511771,0.0520773,0.0543766,0.0544932,0.0575737,0.0593646,0.0655503,0.0741964,0.0815744,0.098403,0.111659,0.132113,0.157826,0.189006,0.222142,0.261097,0.292578,0.309691
658.73,0.0498605,0.0494184,0.0519915,0.0531426,0.0545789,0.057374,0.0584633,0.0660902,0.0724463,0.0834044,0.0961038,0.108739,0.133678,0.158678,0.189361,0.220982,0.260628,0.2911,0.313713
659.152,0.0508697,0.0520481,0.0524023,0.0532573,0.0567726,0.0590708,0.0593409,0.0679987,0.0732025,0.081252,0.0985512,0.110735,0.134054,0.159102,0.186627,0.221337,0.260527,0.293973,0.309004
659.574,0.050053,0.0514938,0.053842,0.0551867,0.0529829,0.0582209,0.0575108,0.0648615,0.0716271,0.0797078,0.0961535,0.113013,0.134638,0.156466,0.185626,0.216466,0.259539,0.291257,0.309392
659.996,0.0492504,0.0491663,0.0520758,0.0528276,0.0547871,0.0565617,0.0563527,0.064927,0.0716231,0.0798148,0.0942098,0.108705,0.129996,0.154299,0.182547,0.218393,0.253399,0.292974,0.309215
660.417,0.0525025,0.0523723,0.054244,0.0552303,0.0536784,0.0564209,0.0597949,0.065518,0.0710016,0.0837058,0.0968542,0.115846,0.134824,0.159728,0.190525,0.220685,0.255086,0.288365,0.30615
660.839,0.0508031,0.0547916,0.0541239,0.0556297,0.0578106,0.055844,0.0607026,0.0648639,0.073009,0.0830007,0.0993883,0.112488,0.132923,0.15646,0.190112,0.222746,0.258564,0.288885,0.306317
661.26,0.0511712,0.0535079,0.0550035,0.0561719,0.0558827,0.0584595,0.0586424,0.0620703,0.0716211,0.0830254,0.0961137,0.112815,0.136051,0.156665,0.189583,0.221069,0.261564,0.29676,0.309519
661.682,0.0498041,0.0548938,0.0540644,0.0557324,0.058247,0.057759,0.0612549,0.065336,0.0721207,0.0843506,0.0965587,0.115412,0.133635,0.156645,0.18398,0.221592,0.256212,0.291447,0.30759
662.103,0.0492011,0.0525577,0.0532041,0.0564138,0.0549624,0.0598669,0.0614167,0.0675511,0.0728997,0.0833462,0.0990073,0.112682,0.130118,0.155708,0.184821,0.220516,0.260318,0.297075,0.311355
662.524,0.0511019,0.0542225,0.0537038,0.0560839,0.0575352,0.0615539,0.0592122,0.0645726,0.0731456,0.0818238,0.0970409,0.112758,0.133973,0.158856,0.189188,0.223482,0.262056,0.292002,0.307425
662.945,0.0496419,0.049982,0.0549481,0.0542479,0.0546452,0.0567759,0.0588264,0.0659759,0.0705358,0.0795381,0.0982919,0.111722,0.130037,0.158792,0.186383,0.222748,0.256495,0.293594,0.306357
663.366,0.0499617,0.0526129,0.0541674,0.0556142,0.0586778,0.0605374,0.0623969,0.0666318,0.0722541,0.0815313,0.0973216,0.112888,0.134506,0.160086,0.185185,0.223355,0.255201,0.296753,0.309155
663.787,0.0506356,0.0515652,0.0531803,0.0543941,0.0557723,0.0576431,0.060667,0.0636434,0.0704234,0.0822799,0.0975914,0.114324,0.130818,0.152895,0.18749,0.218096,0.257103,0.287648,0.310637
664.207,0.0517789,0.0536125,0.055893,0.056026,0.0550586,0.0571943,0.0590293,0.0663266,0.0716228,0.0841038,0.0982364,0.113072,0.13306,0.156819,0.187464,0.220526,0.25989,0.289547,0.307348
664.628,0.0502985,0.0528712,0.0520421,0.0540778,0.0548781,0.0561229,0.0598757,0.0657557,0.0722728,0.0815516,0.0946183,0.115042,0.132277,0.154853,0.1822,0.218502,0.255349,0.293493,0.303692
665.048,0.0488796,0.0495804,0.0536066,0.0537194,0.0567747,0.0567138,0.0602365,0.0636072,0.0726788,0.0814011,0.0945604,0.11212,0.131858,0.158763,0.185557,0.221493,0.260106,0.290066,0.30762
665.468,0.0509925,0.0533125,0.0544414,0.057078,0.0567096,0.0571977,0.0608005,0.0644707,0.0718174,0.0816187,0.0935274,0.115101,0.130337,0.161493,0.182573,0.216189,0.255308,0.286638,0.306414
665.888,0.0465227,0.0491139,0.0496653,0.0510402,0.0527388,0.0535062,0.056846,0.0620779,0.0689949,0.0800867,0.09261,0.108049,0.128993,0.157118,0.180597,0.214174,0.251352,0.284984,0.299405
666.308,0.050949,0.0527124,0.0531977,0.05684,0.0569647,0.0563267,0.0617356,0.0661687,0.0732809,0.0835902,0.0957964,0.109087,0.131899,0.158036,0.186583,0.217348,0.253789,0.289017,0.305461
666.728,0.0535717,0.0536389,0.0532863,0.0561791,0.0578705,0.0582753,0.0625794,0.0651432,0.0741496,0.083323,0.0984271,0.114892,0.132712,0.159029,0.187515,0.219264,0.258305,0.296211,0.314363
667.148,0.0498381,0.0519116,0.0527995,0.0565638,0.0549857,0.0586079,0.0617051,0.0636148,0.0757053,0.0845624,0.0973326,0.113086,0.12831,0.158315,0.189233,0.223734,0.26156,0.294583,0.306273
667.568,0.0510977,0.053392,0.0544265,0.0555922,0.0570956,0.0558055,0.0608516,0.0656488,0.0726188,0.0839484,0.0978691,0.112099,0.133837,0.156654,0.18515,0.22476,0.258695,0.292555,0.31367
667.987,0.0518179,0.0490211,0.0558864,0.0533356,0.0545335,0.0573953,0.0600309,0.0653341,0.0705749,0.082423,0.0978209,0.112137,0.133952,0.156917,0.184174,0.222219,0.260336,0.291881,0.305435
668.407,0.0463039,0.0491106,0.0554485,0.0522007,0.0551871,0.0562307,0.0584735,0.0665638,0.0729423,0.0798135,0.09623,0.111829,0.131559,0.15596,0.186825,0.220265,0.257902,0.287815,0.306906
668.826,0.053615,0.0533843,0.0567762,0.0546742,0.0579441,0.057918,0.0607701,0.0649257,0.0748876,0.0846993,0.0968968,0.118115,0.135719,0.157912,0.184613,0.220891,0.254002,0.287766,0.304197
669.245,0.0518381,0.0526729,0.0543904,0.0566136,0.0567221,0.0569845,0.0630116,0.0661752,0.0743058,0.083102,0.0965561,0.117203,0.133734,0.162474,0.185849,0.221043,0.257353,0.294502,0.308564
669.664,0.0525996,0.052587,0.0543564,0.0542011,0.0553651,0.0595096,0.0599652,0.0651094,0.0737205,0.0802187,0.096992,0.116632,0.137137,0.159021,0.18846,0.223973,0.258645,0.29226,0.306472
670.083,0.0480995,0.050693,0.0517324,0.0531478,0.055445,0.0570273,0.0586204,0.0642678,0.0704287,0.0847671,0.0990294,0.112373,0.130928,0.159655,0.184411,0.220798,0.257222,0.2903,0.311621
670.502,0.048334,0.0519941,0.0538872,0.0568273,0.055741,0.059068,0.0584731,0.0653278,0.0728619,0.0823907,0.0977863,0.114154,0.131426,0.158224,0.186424,0.220663,0.257823,0.29495,0.310187
670.921,0.0508566,0.049938,0.0507954,0.0534096,0.0547799,0.0539162,0.0619074,0.0635468,0.0717927,0.081196,0.0932323,0.110391,0.132786,0.15685,0.187639,0.222379,0.25953,0.28624,0.306909
671.339,0.0498185,0.0497092,0.051642,0.0528059,0.0519854,0.0562533,0.0585178,0.0643312,0.0705037,0.0823098,0.094363,0.111782,0.132281,0.154847,0.187642,0.217112,0.255656,0.293603,0.302396
671.758,0.0482723,0.051658,0.0529203,0.052115,0.0511471,0.0550073,0.0580894,0.0620594,0.0688869,0.0799196,0.0969235,0.112053,0.129799,0.15621,0.18766,0.218446,0.257706,0.290639,0.304186
672.176,0.050377,0.0526979,0.0521679,0.0533828,0.0561263,0.0564002,0.0588213,0.0656233,0.0722582,0.0798688,0.0960186,0.113132,0.127818,0.156115,0.184815,0.217839,0.254489,0.290145,0.306639
672.594,0.0513465,0.0529326,0.0548296,0.0555723,0.0584157,0.056061,0.0611514,0.0645496,0.0726858,0.0823501,0.099196,0.117505,0.133953,0.161919,0.192313,0.224305,0.263687,0.291309,0.315737
673.012,0.0477518,0.0522319,0.05468,0.0555607,0.0550854,0.0573468,0.0581592,0.0663903,0.0718035,0.0817271,0.0974206,0.110603,0.132923,0.159493,0.187145,0.220321,0.25697,0.294353,0.310077
673.43,0.0501302,0.0535624,0.052829,0.0537438,0.0556792,0.0553621,0.0616903,0.0667841,0.0742416,0.0816992,0.0968286,0.110538,0.13227,0.159527,0.187003,0.223819,0.263243,0.293627,0.30591
673.848,0.0498308,0.0524066,0.0514188,0.0540073,0.0537982,0.0583876,0.0584743,0.0682526,0.0725135,0.0840275,0.0944712,0.113666,0.133445,0.159943,0.190403,0.225803,0.264607,0.293565,0.310526
674.266,0.049448,0.0527116,0.0540804,0.053418,0.0589593,0.0570336,0.0622173,0.0653405,0.0718866,0.0826013,0.0975315,0.11708,0.135696,0.161368,0.189684,0.227857,0.261786,0.293241,0.311477
674.684,0.0500738,0.0526884,0.052706,0.0557755,0.0547823,0.0549771,0.0558824,0.0632822,0.0705323,0.0827341,0.093934,0.110939,0.127536,0.157159,0.186587,0.219963,0.254533,0.290765,0.302674
675.101,0.0505917,0.0515591,0.0546066,0.054402,0.0564242,0.0568509,0.0603067,0.0668315,0.0712009,0.0806965,0.0932296,0.112522,0.132095,0.157746,0.190742,0.2174,0.264975,0.292176,0.310436
675.519,0.0504878,0.0515977,0.0509877,0.0548974,0.0568018,0.0580452,0.0591879,0.0648021,0.0716235,0.0835808,0.0948806,0.115666,0.132779,0.159889,0.185401,0.221296,0.258287,0.292228,0.307325
675.936,0.0514161,0.0522408,0.0532668,0.0534539,0.0582595,0.0573603,0.0597007,0.0655792,0.0739584,0.0828209,0.0970944,0.112962,0.132211,0.162555,0.185793,0.217842,0.252617,0.289614,0.305872
676.353,0.0517483,0.0515241,0.0526086,0.0539099,0.0574415,0.0587074,0.0602834,0.0654297,0.0716998,0.0856264,0.0953469,0.115426,0.133867,0.156223,0.190649,0.216251,0.261943,0.29393,0.308092
676.77,0.051304,0.0532503,0.0532817,0.0552728,0.05561,0.0574311,0.0617098,0.0644521,0.0746763,0.0813534,0.0957772,0.114597,0.136492,0.159648,0.192472,0.222582,0.262007,0.293021,0.309751
677.187,0.0502828,0.0514785,0.0547717,0.0544668,0.0558212,0.0594039,0.0630449,0.0661698,0.0752832,0.0824078,0.0966479,0.112607,0.135302,0.156755,0.186431,0.217768,0.26184,0.294617,0.303712
677.604,0.0525195,0.0556012,0.0534433,0.0553567,0.0581366,0.0570054,0.0627547,0.0654408,0.0759718,0.0843688,0.0980177,0.113461,0.132648,0.157131,0.18646,0.21865,0.259444,0.294525,0.30886
678.02,0.05176,0.0539008,0.0550765,0.0549012,0.0580016,0.0600243,0.0603794,0.0673784,0.0737808,0.084968,0.0977966,0.113915,0.13332,0.159677,0.193306,0.220816,0.263032,0.29584,0.315807
678.437,0.0502705,0.0506389,0.0506333,0.0547586,0.0558328,0.0576397,0.0588668,0.0628609,0.0708709,0.0814992,0.0968959,0.113824,0.134927,0.155788,0.188399,0.22383,0.259647,0.295237,0.311355
678.853,0.0501543,0.0518946,0.052959,0.0497103,0.0546945,0.0561972,0.0589752,0.0657452,0.0706225,0.0821362,0.0952768,0.112905,0.130909,0.152925,0.183032,0.219695,0.257431,0.290862,0.303595
679.27,0.0524836,0.0543914,0.0548792,0.0540131,0.0584844,0.0578625,0.0621899,0.0665263,0.0754028,0.0829741,0.0977196,0.116588,0.134465,0.157823,0.190217,0.223018,0.261214,0.295504,0.31134
679.686,0.049578,0.0515479,0.0501542,0.0515479,0.0556688,0.0561735,0.0598155,0.0642047,0.0719601,0.082379,0.0917629,0.11121,0.131386,0.157206,0.187245,0.223291,0.25765,0.291014,0.303221
680.102,0.04825,0.0503874,0.0516892,0.0531508,0.0550744,0.0543875,0.058001,0.0625272,0.0717854,0.0801956,0.0925837,0.113242,0.130673,0.152442,0.184002,0.220264,0.257532,0.297079,0.299703
680.518,0.05126,0.0524097,0.0556934,0.0566741,0.0556213,0.0570513,0.0624184,0.06729,0.0692219,0.0842878,0.0971234,0.114931,0.12854,0.155825,0.189723,0.221681,0.25764,0.290126,0.308064
680.933,0.048505,0.0506177,0.0521368,0.0524078,0.0559427,0.0561724,0.0582167,0.0643208,0.0704408,0.0783382,0.0957886,0.112131,0.130048,0.155496,0.183271,0.217102,0.259289,0.284258,0.302921
681.349,0.0512593,0.0521255,0.0555439,0.0539786,0.0557784,0.0586849,0.0576077,0.0658515,0.073339,0.0810628,0.0943476,0.111263,0.131016,0.155101,0.192213,0.219041,0.257112,0.289025,0.309453
681.765,0.0493952,0.051858,0.0522594,0.0552646,0.0548775,0.0580803,0.0574685,0.0674148,0.0708335,0.0814741,0.0974217,0.115964,0.131898,0.154669,0.186442,0.219869,0.261398,0.290766,0.307423
682.18,0.0492089,0.0517295,0.0536988,0.05479,0.0558364,0.0564116,0.0574852,0.066592,0.0730527,0.0813036,0.0969645,0.113837,0.131883,0.157905,0.186571,0.220439,0.260005,0.288886,0.308523
682.596,0.048545,0.0520316,0.053102,0.054276,0.055187,0.0587924,0.0604627,0.067391,0.0722154,0.083494,0.0977587,0.111155,0.136926,0.156071,0.185847,0.219966,0.255436,0.290409,0.304099
683.011,0.0529593,0.052281,0.0535512,0.0576623,0.0567128,0.0579967,0.0599287,0.0688402,0.074696,0.0827401,0.0997566,0.112549,0.13553,0.15743,0.186577,0.219651,0.264967,0.290637,0.310004
683.426,0.0510658,0.0523493,0.0546878,0.0553024,0.0577762,0.0578257,0.0583001,0.0666846,0.0725518,0.0823987,0.0979504,0.11522,0.133385,0.155749,0.188176,0.221418,0.259728,0.290275,0.313067
683.841,0.0497542,0.0517417,0.0506618,0.0530488,0.0542044,0.0562799,0.0591129,0.0632162,0.0695749,0.082439,0.0936778,0.111349,0.132971,0.155144,0.185152,0.222964,0.256944,0.295363,0.30048
684.256,0.0485104,0.0507401,0.0529689,0.0527702,0.0547394,0.0541466,0.0568979,0.0620327,0.0713827,0.0824209,0.0947834,0.112308,0.132928,0.155625,0.185401,0.219414,0.257479,0.291793,0.310433
684.67,0.0519516,0.049836,0.0545153,0.0544361,0.0554379,0.0558363,0.0593959,0.0659629,0.0710936,0.08249,0.0933308,0.111952,0.130705,0.158648,0.185546,0.220493,0.256903,0.292348,0.303961
685.085,0.0494597,0.0516634,0.0512343,0.0503733,0.0541598,0.0550218,0.0586236,0.0613845,0.0706906,0.0800328,0.0945936,0.109999,0.13269,0.157084,0.187509,0.224486,0.254971,0.288726,0.304857
685.499,0.0493057,0.0534489,0.0549619,0.0551232,0.0554231,0.0585783,0.0611608,0.0662081,0.0730368,0.0814092,0.0983126,0.112498,0.133622,0.157327,0.190288,0.222771,0.257322,0.29356,0.306301
685.914,0.050818,0.0542724,0.0533907,0.0543122,0.0545486,0.0592418,0.0595015,0.0650156,0.0743619,0.0812201,0.0965134,0.113136,0.13081,0.159576,0.186268,0.221629,0.25655,0.286677,0.299747
686.328,0.0507387,0.0510579,0.0526968,0.053152,0.0543414,0.0584604,0.0608475,0.0640927,0.074077,0.0830882,0.0933093,0.113485,0.134032,0.154863,0.189293,0.219186,0.25567,0.290029,0.304057
686.742,0.0516521,0.0528,0.0539097,0.0575105,0.056091,0.0600215,0.0616675,0.0683701,0.0750649,0.0830141,0.0992856,0.117897,0.133487,0.156812,0.18944,0.223911,0.263548,0.297228,0.310186
687.156,0.0497267,0.0521425,0.0531553,0.0553014,0.0566615,0.0588392,0.0617864,0.0651209,0.072349,0.0807607,0.0977747,0.113711,0.130865,0.15746,0.188295,0.220307,0.261837,0.293446,0.304314
687.57,0.0484121,0.0539187,0.0538792,0.0582877,0.056981,0.0583178,0.0600855,0.0670155,0.070906,0.0830142,0.0979913,0.112637,0.134412,0.157803,0.186211,0.220147,0.254578,0.285969,0.304905
687.984,0.049358,0.0531399,0.0530807,0.053611,0.0550955,0.0563481,0.0602116,0.0640642,0.071431,0.0844674,0.0953434,0.112392,0.133685,0.153283,0.187784,0.223518,0.258893,0.290598,0.303068
688.398,0.0500517,0.0536586,0.0542648,0.0546373,0.0568442,0.0558051,0.0604444,0.0652117,0.0700673,0.0808141,0.0962685,0.115819,0.133235,0.157793,0.186374,0.218737,0.264059,0.290413,0.305946
688.811,0.0505313,0.0534228,0.0530344,0.053395,0.0553677,0.0572783,0.0580374,0.0662283,0.0711465,0.0814565,0.0928334,0.11089,0.131445,0.15629,0.178098,0.217572,0.255186,0.288775,0.305908
689.224,0.0467973,0.0497651,0.0522812,0.0510732,0.054669,0.0564825,0.0585577,0.0642893,0.0703522,0.0819466,0.0940187,0.111266,0.130926,0.154789,0.183189,0.217192,0.256922,0.2885,0.304253
689.638,0.0515558,0.0533386,0.0554372,0.0582558,0.0592019,0.0583214,0.0600403,0.0683319,0.0724812,0.0855592,0.0979779,0.116601,0.132246,0.162013,0.190584,0.22345,0.264876,0.292778,0.310488
690.051,0.0499897,0.0522225,0.0548596,0.055125,0.056631,0.0566745,0.0600953,0.0634042,0.0717748,0.0845341,0.0979518,0.117751,0.132622,0.157626,0.188415,0.22136,0.262468,0.293027,0.307058
690.464,0.0492672,0.0501957,0.0552787,0.0541111,0.0566188,0.0568851,0.0623155,0.0682029,0.072775,0.082642,0.0976049,0.115421,0.133595,0.157967,0.190458,0.221814,0.25865,0.294247,0.311368
690.877,0.0488243,0.0531223,0.0549017,0.0533961,0.0549295,0.0569199,0.0586725,0.0649645,0.072657,0.0819928,0.0971845,0.112829,0.133154,0.154393,0.189011,0.221571,0.257458,0.285189,0.302294
691.29,0.0453755,0.0479242,0.0507995,0.0521606,0.0511591,0.0542279,0.0582942,0.0632379,0.070144,0.0807416,0.0917581,0.109327,0.125027,0.150058,0.181817,0.218891,0.257774,0.286159,0.300626
691.702,0.0490736,0.0526013,0.0542175,0.0552881,0.0544605,0.0582133,0.0571529,0.0650848,0.0704992,0.0833483,0.0966982,0.114404,0.133858,0.157839,0.184481,0.218727,0.254455,0.291347,0.307383
692.115,0.0506424,0.0494049,0.0534791,0.0552267,0.0555067,0.0582388,0.0594812,0.0659928,0.0711615,0.0800858,0.0936995,0.109743,0.132431,0.154067,0.183822,0.220586,0.260689,0.284778,0.308728
692.527,0.0511932,0.0508231,0.0521589,0.0529305,0.0547664,0.0567074,0.060173,0.0656355,0.0691454,0.0813913,0.0955592,0.11281,0.13149,0.152739,0.182311,0.218616,0.252151,0.283882,0.299354
692.94,0.0507835,0.0497592,0.0526215,0.0553429,0.0545448,0.0580196,0.0581691,0.064919,0.0724906,0.0808517,0.0970112,0.110203,0.133243,0.154175,0.1853,0.220971,0.256455,0.287444,0.305264
693.352,0.0505704,0.0492359,0.0513667,0.0520276,0.0574697,0.058486,0.0616006,0.0660558,0.0700205,0.0810187,0.0950744,0.115475,0.131725,0.155656,0.187231,0.224324,0.256396,0.292596,0.309262
693.764,0.0485531,0.0520915,0.0527281,0.0541658,0.0548891,0.0569989,0.0590387,0.0662641,0.0713363,0.0837936,0.0971057,0.114079,0.133039,0.156451,0.184717,0.220642,0.260626,0.287834,0.310069
694.176,0.0505306,0.0515283,0.0523366,0.0549656,0.0544566,0.0538258,0.0611287,0.0639989,0.0708396,0.0797764,0.0955244,0.110725,0.135012,0.159537,0.186207,0.219915,0.264152,0.294935,0.307276
694.588,0.0506396,0.0514066,0.0527642,0.0560888,0.0528735,0.0565187,0.0593723,0.062932,0.0706099,0.082132,0.0967689,0.11456,0.1287,0.158988,0.187108,0.223285,0.257401,0.287983,0.306625
694.999,0.0511687,0.0493493,0.0516646,0.0516861,0.0533959,0.0579267,0.0583463,0.0630554,0.0685226,0.081749,0.0981817,0.11451,0.130553,0.154607,0.188593,0.219245,0.255447,0.286879,0.300994
695.411,0.0507214,0.0546131,0.0571816,0.0544725,0.0572053,0.0564755,0.0595068,0.0650091,0.072149,0.0850957,0.0964815,0.114199,0.134103,0.159033,0.19345,0.225868,0.262173,0.291202,0.308363
695.822,0.0512183,0.0535008,0.0533363,0.0542959,0.0556344,0.0567394,0.0599713,0.0656969,0.0700503,0.082206,0.09685,0.11139,0.131235,0.156073,0.184891,0.21623,0.257406,0.28693,0.306527
696.234,0.0534312,0.0540415,0.054732,0.0531746,0.057493,0.0603074,0.0604127,0.0646175,0.0717543,0.083179,0.100952,0.115851,0.133427,0.158693,0.189694,0.223218,0.259066,0.296437,0.309027
696.645,0.0488925,0.0510885,0.054458,0.052417,0.0534168,0.0560122,0.0609461,0.063909,0.0737594,0.0852438,0.0973987,0.11134,0.133287,0.154928,0.189776,0.221831,0.257645,0.29542,0.308422
697.056,0.0528834,0.0545938,0.0563265,0.0568722,0.0558675,0.0599423,0.0608406,0.0668551,0.0738879,0.0832966,0.098621,0.118098,0.133903,0.159726,0.188316,0.219611,0.265174,0.291586,0.313017
697.467,0.0519226,0.0542777,0.057044,0.0575044,0.0590766,0.0592184,0.0618865,0.0692172,0.0764191,0.0868093,0.0989919,0.114039,0.136697,0.165119,0.184715,0.221936,0.258368,0.289445,0.314889
697.878,0.0499163,0.0528671,0.0542037,0.0520486,0.0548413,0.0577641,0.0602498,0.0647464,0.0754193,0.0847115,0.0974243,0.111389,0.130403,0.15944,0.189536,0.22186,0.252686,0.29051,0.307968
698.289,0.0475396,0.050148,0.0540025,0.0537617,0.0537808,0.0555508,0.0566935,0.0627105,0.069211,0.0803463,0.0936284,0.110051,0.128857,0.154688,0.184795,0.218623,0.258962,0.289384,0.311817
698.699,0.0485385,0.0525996,0.0527801,0.0545199,0.056643,0.0606361,0.0614145,0.0641606,0.069653,0.0824392,0.0965068,0.111774,0.130217,0.158517,0.189488,0.22077,0.255987,0.289422,0.308046
699.11,0.0495409,0.0502067,0.0539198,0.0543497,0.055683,0.0566859,0.0586843,0.0630031,0.0715938,0.0828635,0.095163,0.10873,0.132387,0.160423,0.185465,0.22168,0.259984,0.291424,0.312707
699.52,0.0509705,0.0503506,0.0548466,0.0527428,0.0577956,0.0556034,0.0594353,0.0638076,0.0721321,0.0797231,0.0935841,0.11054,0.134173,0.155236,0.190222,0.219913,0.260394,0.292802,0.309861
699.931,0.051024,0.051721,0.0545421,0.0540357,0.0591155,0.0551677,0.0588513,0.0617673,0.068779,0.0816104,0.0949682,0.113031,0.133002,0.152802,0.185926,0.222256,0.256004,0.288819,0.306725
700.341,0.050497,0.052077,0.0527087,0.0558584,0.0574664,0.0573394,0.0589103,0.066649,0.0744287,0.0817152,0.0980862,0.114437,0.131966,0.1577,0.186679,0.223166,0.260318,0.291839,0.307513
700.751,0.049207,0.0494577,0.0542595,0.0526023,0.0548214,0.0562328,0.0603941,0.065552,0.0738627,0.082019,0.0968194,0.11096,0.128917,0.154471,0.186894,0.217548,0.251609,0.283162,0.302278
701.161,0.0506576,0.0489967,0.0539648,0.0566577,0.0538868,0.0592937,0.0612507,0.0642315,0.0725202,0.0820641,0.0971703,0.110985,0.131656,0.1596,0.185675,0.219613,0.259544,0.289461,0.306727
701.57,0.0501626,0.0527611,0.0523676,0.0544863,0.0569143,0.0553705,0.0599121,0.0655362,0.0723002,0.0804362,0.0940637,0.110639,0.128895,0.154733,0.189158,0.214594,0.258495,0.291425,0.298637
701.98,0.0497469,0.0510496,0.0554233,0.05386,0.056377,0.057358,0.0580174,0.0664333,0.0711804,0.0819628,0.096031,0.112062,0.129731,0.154707,0.188994,0.218711,0.258409,0.288178,0.307144
702.39,0.0470501,0.0501702,0.0535692,0.0550913,0.0542417,0.0538085,0.0587113,0.0634188,0.071374,0.082718,0.0952458,0.112939,0.128046,0.156521,0.186455,0.215,0.259667,0.287477,0.307338
702.799,0.0518865,0.0561139,0.0526662,0.0536554,0.0590731,0.0533786,0.0583753,0.0651991,0.0750447,0.0837287,0.0958988,0.114599,0.135097,0.161653,0.188004,0.219385,0.266156,0.29416,0.309944
703.208,0.0500666,0.0528667,0.0504893,0.0538674,0.055136,0.0575817,0.0564481,0.0623553,0.0714339,0.07955,0.0975241,0.113764,0.132773,0.157313,0.182187,0.223294,0.259686,0.294732,0.304518
703.617,0.0489296,0.0512849,0.0521543,0.0510679,0.0578011,0.0596758,0.0577692,0.0645585,0.0717628,0.0811214,0.0968159,0.111382,0.131383,0.157514,0.183725,0.214963,0.257225,0.287358,0.305726
704.027,0.0504181,0.0530325,0.0551604,0.054547,0.0532295,0.0563627,0.0576913,0.0658257,0.0739374,0.0807847,0.0932436,0.112172,0.131972,0.156659,0.185982,0.218066,0.258225,0.29096,0.305639
704.435,0.0504868,0.0516588,0.0538758,0.05407,0.0539009,0.0580242,0.058257,0.063902,0.0710616,0.077025,0.0918054,0.111822,0.127532,0.155136,0.181607,0.216226,0.262094,0.28756,0.30536
704.844,0.0513649,0.0528411,0.0547133,0.0564506,0.0581863,0.0595258,0.0621057,0.0666827,0.0700841,0.084042,0.0941957,0.110957,0.133372,0.156259,0.185866,0.22081,0.257319,0.291611,0.304923
705.253,0.0510845,0.0518561,0.0551805,0.0528461,0.0543375,0.0572457,0.0590879,0.0627112,0.0719618,0.0798098,0.0965594,0.113049,0.131007,0.152381,0.183062,0.218484,0.259071,0.293341,0.308781
705.662,0.0495994,0.0504498,0.0529989,0.0508462,0.0548323,0.0546381,0.0604353,0.0652495,0.0718192,0.0829737,0.0983458,0.109905,0.134921,0.156924,0.183316,0.221564,0.259214,0.289638,0.31002
706.07,0.0484073,0.0529807,0.0527062,0.0541157,0.0566214,0.0576179,0.0593576,0.0628498,0.0751735,0.0844083,0.0954466,0.114715,0.132595,0.154589,0.187916,0.218814,0.257923,0.291592,0.30476
706.478,0.0507469,0.0520263,0.0537974,0.054335,0.0560517,0.0578118,0.0601491,0.0652422,0.0732726,0.0818991,0.096159,0.112282,0.132194,0.159353,0.187122,0.223061,0.261585,0.293973,0.314392
706.887,0.0519819,0.0527303,0.0541272,0.0560509,0.0557763,0.0567736,0.0583576,0.0666689,0.0726519,0.082989,0.0951425,0.115364,0.134105,0.156512,0.186627,0.219148,0.258067,0.289096,0.309811
707.295,0.050377,0.0522899,0.0543462,0.0554231,0.056053,0.0567083,0.0611925,0.0642588,0.0740013,0.0835352,0.0968966,0.112398,0.13136,0.154433,0.186925,0.220628,0.260477,0.292166,0.307533
707.703,0.0483621,0.0531447,0.0520474,0.0524617,0.0539147,0.0562078,0.0593021,0.0677993,0.0724354,0.0803107,0.0953118,0.112838,0.133861,0.156716,0.183156,0.220766,0.256388,0.291064,0.312996
708.11,0.0523093,0.0545822,0.0538573,0.059493,0.0580592,0.0569071,0.0628291,0.0659323,0.0754748,0.0837164,0.0948512,0.113791,0.13457,0.158733,0.187169,0.22059,0.255903,0.291177,0.311292
708.518,0.0477506,0.0505384,0.0537926,0.0548315,0.0566532,0.0555857,0.0589657,0.0629796,0.0729152,0.0785115,0.0966569,0.108437,0.131502,0.154498,0.182142,0.218006,0.26082,0.292709,0.307137
708.926,0.0491789,0.0523873,0.0506537,0.0521268,0.053255,0.0536375,0.0587292,0.067203,0.0723326,0.0807187,0.094892,0.114948,0.132705,0.15604,0.182235,0.224981,0.257176,0.297312,0.311774
709.333,0.0511255,0.0542077,0.0545412,0.0561195,0.0543581,0.0582762,0.0618456,0.066446,0.0739697,0.0827183,0.097764,0.114877,0.131837,0.161434,0.188202,0.223219,0.258784,0.289969,0.305871
709.741,0.0487366,0.0502889,0.0533209,0.0525015,0.0570252,0.0577726,0.0606192,0.0648566,0.0723502,0.0822275,0.0955573,0.11465,0.134169,0.157911,0.189974,0.219182,0.255291,0.293406,0.309128
710.148,0.0466687,0.04856,0.0530845,0.0501952,0.0519858,0.0517004,0.0576323,0.0620152,0.0704952,0.0794347,0.0946216,0.109106,0.128313,0.155052,0.181811,0.216575,0.258096,0.290368,0.306942
710.555,0.0504842,0.052808,0.0560012,0.0564578,0.057145,0.0577935,0.0625248,0.0672572,0.0742875,0.0831152,0.0973795,0.11728,0.134428,0.159067,0.19107,0.222351,0.263,0.292071,0.305683
710.962,0.0524726,0.0554131,0.0550087,0.0569568,0.0566143,0.05643,0.0593345,0.065806,0.0736431,0.0809518,0.0958985,0.110335,0.132118,0.157047,0.184995,0.224156,0.259051,0.295201,0.313012
711.369,0.0529834,0.0551691,0.0541861,0.056371,0.0551094,0.0589915,0.0609225,0.0659385,0.0734618,0.08346,0.0982449,0.114449,0.134199,0.161479,0.187872,0.226316,0.263797,0.293344,0.310432
711.776,0.0517405,0.0545242,0.0566938,0.0570368,0.0561294,0.0602407,0.0612157,0.0673722,0.0781999,0.0848277,0.096726,0.113473,0.135965,0.160343,0.189793,0.226721,0.262986,0.29609,0.311783
712.182,0.0523461,0.0544171,0.0550079,0.053174,0.0524879,0.0588199,0.061347,0.065297,0.0709463,0.0822397,0.0966486,0.113862,0.134813,0.155884,0.185001,0.219394,0.258207,0.296164,0.307212
712.589,0.0495681,0.0523296,0.055184,0.0537955,0.0563337,0.0564581,0.0603692,0.0653721,0.0735468,0.0831825,0.09748,0.113233,0.134714,0.156278,0.187315,0.220697,0.259399,0.301864,0.309656
712.995,0.0506956,0.0506834,0.0549406,0.0556292,0.0571368,0.0571919,0.0588895,0.0663604,0.073154,0.0818293,0.0935841,0.115609,0.133694,0.1575,0.192304,0.219547,0.263135,0.294517,0.314653
713.401,0.0504062,0.0530224,0.0543246,0.0541904,0.0562818,0.0574768,0.0618996,0.0656192,0.0745932,0.0835052,0.0966506,0.115558,0.134225,0.155241,0.192966,0.220727,0.254343,0.291915,0.304783
713.808,0.0509831,0.053578,0.0527535,0.0534304,0.0550697,0.0578672,0.0596645,0.0667143,0.0706371,0.081423,0.0963453,0.113296,0.131938,0.157742,0.188058,0.223162,0.261107,0.291151,0.304811
714.214,0.0505865,0.0528715,0.0556667,0.0536356,0.0573121,0.057805,0.0605884,0.0675705,0.0717576,0.082337,0.0941374,0.112859,0.132819,0.156381,0.18457,0.220222,0.258298,0.291111,0.307957
714.619,0.0506191,0.0525523,0.0523161,0.0519725,0.0554627,0.0584881,0.0596611,0.0646337,0.0710431,0.0824341,0.0965181,0.110821,0.133918,0.154292,0.18562,0.22354,0.254383,0.285584,0.29993
715.025,0.0502809,0.0529472,0.0525847,0.0533024,0.0567362,0.0582013,0.0610755,0.0636836,0.0730024,0.0835447,0.0952035,0.113655,0.132616,0.154732,0.189173,0.220538,0.25867,0.291982,0.304203
715.431,0.0489484,0.0538642,0.054982,0.0571081,0.0557056,0.0569538,0.0580071,0.0628469,0.0722387,0.0840615,0.0941464,0.113294,0.135721,0.153395,0.186364,0.219717,0.255573,0.292218,0.309237
715.836,0.0522768,0.0537267,0.0542057,0.0532433,0.0584873,0.058656,0.0633129,0.0658438,0.073459,0.0850962,0.0992949,0.1142,0.133089,0.156959,0.189173,0.223162,0.259287,0.295138,0.310255
716.242,0.0498056,0.052442,0.0537228,0.05608,0.0554186,0.0561877,0.060155,0.0660261,0.0712312,0.081909,0.0971013,0.114259,0.131028,0.158934,0.185757,0.221613,0.260146,0.291478,0.312749
716.647,0.0514649,0.0482928,0.0536147,0.0529344,0.0536719,0.0573984,0.0573335,0.0634752,0.0686874,0.0797223,0.0922526,0.112934,0.12821,0.154641,0.181893,0.218225,0.254973,0.293186,0.307498
717.052,0.051952,0.0543322,0.0543389,0.0553587,0.0567973,0.0586599,0.0608265,0.0654002,0.0744925,0.0830397,0.0959576,0.113612,0.131029,0.157018,0.184118,0.218845,0.258514,0.291123,0.30462
717.457,0.049859,0.0497478,0.0519355,0.0538419,0.0546215,0.0577676,0.0611364,0.0619031,0.0713963,0.0796284,0.0958681,0.114219,0.130196,0.156783,0.185723,0.216711,0.254271,0.298495,0.298157
717.862,0.0487375,0.0509277,0.0542791,0.053142,0.0546705,0.0569374,0.0598539,0.0661104,0.0722181,0.0836702,0.0965745,0.10987,0.130138,0.155238,0.18763,0.216417,0.262288,0.291705,0.300865
718.267,0.0487387,0.052069,0.0548161,0.0547745,0.0545175,0.0593296,0.0635571,0.0670386,0.07484,0.081589,0.0980506,0.110763,0.132465,0.158151,0.187276,0.219257,0.261626,0.294324,0.304032
718.672,0.0533703,0.0543542,0.0542514,0.0566045,0.0586802,0.059717,0.0620098,0.0662744,0.0730155,0.084434,0.0994823,0.112526,0.135692,0.161403,0.19151,0.22662,0.262396,0.293986,0.307362
719.076,0.0542519,0.0522523,0.0546044,0.0558212,0.0599381,0.0620707,0.060109,0.0664029,0.0758958,0.0861199,0.0975165,0.117715,0.133926,0.164796,0.189613,0.227911,0.265202,0.294528,0.313771
719.481,0.0496647,0.0488126,0.0524768,0.0518941,0.0536238,0.0577426,0.059226,0.0645133,0.0681271,0.0837856,0.0925565,0.111368,0.128854,0.154158,0.183511,0.220542,0.256243,0.282286,0.301345
719.885,0.0505708,0.0496887,0.0521991,0.052378,0.0577136,0.0552438,0.0595194,0.064489,0.0712195,0.0814801,0.0967595,0.112344,0.13279,0.157461,0.189041,0.223302,0.259289,0.292511,0.311572
720.289,0.0526544,0.0520635,0.053885,0.0527802,0.0563662,0.0560801,0.058131,0.0652974,0.0723985,0.0792614,0.0942328,0.115822,0.130324,0.157888,0.186088,0.222664,0.261353,0.295736,0.310326
720.694,0.0498333,0.0541928,0.0523288,0.0538089,0.053643,0.0557216,0.06193,0.0645599,0.0720283,0.0802261,0.0939889,0.114228,0.131571,0.155189,0.187292,0.221194,0.256028,0.290407,0.309376
721.097,0.0480135,0.0538116,0.0511286,0.0541487,0.0552275,0.0563065,0.0618968,0.0629107,0.0717455,0.0821716,0.096265,0.110518,0.130815,0.15706,0.190711,0.220439,0.258854,0.288606,0.310861
721.501,0.0510093,0.0538581,0.0573737,0.0525825,0.0586176,0.0579018,0.0611146,0.0691205,0.0747646,0.0809408,0.0984304,0.112534,0.130442,0.158482,0.18605,0.224003,0.264781,0.293735,0.311302
721.905,0.0510378,0.0525165,0.0564091,0.0538589,0.0569525,0.0557313,0.0606549,0.0660536,0.072241,0.0787149,0.0954917,0.111984,0.132583,0.161027,0.188766,0.225023,0.263835,0.294363,0.311433
722.309,0.0471958,0.0509107,0.0520352,0.0510371,0.0535996,0.0535017,0.0560549,0.0624662,0.0695928,0.0787139,0.093351,0.111729,0.128487,0.149696,0.183104,0.221589,0.255681,0.283403,0.303675
722.712,0.0488574,0.0537038,0.0543448,0.0528368,0.0568312,0.0580801,0.0582847,0.0655818,0.0743031,0.0809095,0.0984322,0.113097,0.130689,0.156438,0.190213,0.223468,0.259404,0.295754,0.303268
723.115,0.0518556,0.0512948,0.0519373,0.0536705,0.0573628,0.0558608,0.0612628,0.0646118,0.0719105,0.0819018,0.0960793,0.113982,0.133289,0.150255,0.186538,0.216145,0.258451,0.290233,0.300519
723.519,0.0478574,0.0548747,0.050958,0.0535312,0.0564438,0.0580593,0.0573747,0.0613419,0.071011,0.081472,0.0955491,0.111748,0.132117,0.162359,0.187677,0.22037,0.261615,0.289509,0.311955
723.922,0.0516227,0.0513678,0.0538883,0.0540061,0.0582299,0.0572407,0.058062,0.064768,0.0691053,0.0830885,0.0948891,0.111469,0.129713,0.157779,0.190004,0.220271,0.258397,0.291179,0.307007
724.325,0.049908,0.0532753,0.0515933,0.0547303,0.0593335,0.0583428,0.0611741,0.066346,0.0716635,0.0852892,0.0958052,0.115878,0.132961,0.159172,0.189259,0.227909,0.263792,0.296217,0.313452
724.728,0.0511053,0.0533815,0.0529221,0.0542854,0.0569843,0.0547277,0.0594093,0.0639877,0.0713899,0.0812475,0.0948464,0.110186,0.136996,0.157088,0.192392,0.22021,0.262845,0.293938,0.311776
725.13,0.0538411,0.056469,0.0554411,0.0566591,0.0578678,0.0603417,0.0606392,0.0680292,0.0732448,0.0854312,0.101037,0.113235,0.132795,0.156661,0.194025,0.222747,0.259974,0.294497,0.309991
725.533,0.049715,0.0522288,0.0558157,0.0546845,0.0535363,0.0567546,0.0573868,0.061766,0.0686902,0.0791632,0.0965714,0.110174,0.129301,0.156245,0.181413,0.21233,0.254933,0.28549,0.306155
725.936,0.0470146,0.0505815,0.0523698,0.0537946,0.0563056,0.0567631,0.0560112,0.0616085,0.0664737,0.0808565,0.0950061,0.10966,0.128341,0.156465,0.182352,0.21702,0.255758,0.290783,0.306098
726.338,0.0504685,0.0517273,0.0531669,0.0526089,0.0546357,0.056614,0.0598542,0.0646463,0.0715841,0.0852416,0.095422,0.113907,0.132085,0.161286,0.189654,0.21884,0.260858,0.295032,0.310489
726.74,0.051005,0.0514519,0.0535712,0.0544834,0.0570173,0.0578325,0.0602313,0.064247,0.0719922,0.0791297,0.0944531,0.114394,0.133003,0.15733,0.184521,0.225137,0.258813,0.293007,0.307575
727.142,0.0512784,0.0523422,0.0520362,0.0539042,0.0549533,0.0581161,0.0621097,0.0641688,0.0712726,0.0849139,0.0943912,0.111243,0.126716,0.155229,0.185003,0.220257,0.258419,0.284208,0.305107
727.544,0.0506844,0.0507172,0.054971,0.0554048,0.056544,0.0601353,0.0592844,0.0676082,0.075105,0.0838309,0.0988335,0.113822,0.132435,0.161005,0.188306,0.226829,0.262394,0.293052,0.307264
727.946,0.0516682,0.0519539,0.0536175,0.0560601,0.0557516,0.0576092,0.0606471,0.0651179,0.0730402,0.0808124,0.0985353,0.111004,0.135632,0.158108,0.183444,0.222062,0.256384,0.293597,0.304769
728.348,0.0508526,0.0520471,0.0534288,0.0530306,0.0564052,0.0595841,0.058912,0.0667502,0.0703343,0.0826513,0.0971122,0.117988,0.131672,0.158357,0.186523,0.224178,0.254136,0.289355,0.309591
728.75,0.0501079,0.0548324,0.0510015,0.0544304,0.0575062,0.0570704,0.0593126,0.0652584,0.07334,0.0849411,0.0952822,0.112408,0.135494,0.157256,0.185293,0.221769,0.267001,0.292748,0.305105
729.151,0.051193,0.0525359,0.0540676,0.0561972,0.0584665,0.059538,0.0629528,0.0666224,0.0733854,0.0846876,0.0970097,0.113751,0.138106,0.158163,0.190098,0.221797,0.261094,0.295396,0.314383
729.553,0.0516363,0.0499401,0.0510973,0.055311,0.0553542,0.0582026,0.0621769,0.061975,0.0706632,0.084168,0.0973205,0.11254,0.130758,0.159817,0.186039,0.225683,0.265582,0.28743,0.307108
729.954,0.0553919,0.0523936,0.0560349,0.0563582,0.0564109,0.05804,0.0579563,0.0659794,0.0712764,0.0859222,0.0976841,0.114781,0.134204,0.162043,0.191639,0.222602,0.259543,0.292294,0.312614
730.355,0.0527923,0.0545485,0.053017,0.054745,0.0551085,0.05867,0.0597068,0.0664725,0.0737569,0.0848243,0.096509,0.111381,0.134501,0.156527,0.185974,0.223098,0.26184,0.294865,0.305334
730.756,0.0523674,0.0526217,0.0538535,0.0587687,0.0580034,0.0560831,0.0595446,0.0678914,0.0759918,0.0801255,0.0975949,0.11184,0.134537,0.158205,0.189564,0.222145,0.267945,0.296592,0.311084
731.157,0.0522202,0.0550944,0.0551252,0.0549246,0.0539437,0.0557421,0.0596553,0.065878,0.072629,0.0849985,0.0967878,0.114795,0.134336,0.158044,0.190283,0.224158,0.259143,0.292904,0.310754
731.558,0.0520755,0.0546886,0.0582557,0.0558314,0.0589333,0.0594892,0.0620161,0.0672488,0.0721752,0.0818389,0.0999672,0.114966,0.132557,0.160049,0.188059,0.223609,0.264819,0.297206,0.308504
731.959,0.0497088,0.051268,0.0537371,0.0535804,0.0516017,0.0595393,0.0552019,0.0639608,0.0700001,0.0847853,0.0960634,0.113239,0.129629,0.157593,0.189502,0.220767,0.257562,0.287958,0.311358
732.359,0.0517867,0.0534359,0.0560885,0.0550907,0.0579057,0.0608429,0.0614936,0.0675108,0.0713705,0.0862477,0.0945025,0.116446,0.137181,0.159963,0.193205,0.226055,0.268321,0.293513,0.316213
732.76,0.0506032,0.0497844,0.0541773,0.0551803,0.0548606,0.0552611,0.0584063,0.065953,0.0678245,0.0830713,0.093011,0.110767,0.128458,0.155334,0.191839,0.22489,0.260164,0.293883,0.317014
733.16,0.0526049,0.0552152,0.0545861,0.0573265,0.0560066,0.0569783,0.0628852,0.0653628,0.0731325,0.0854622,0.0952315,0.113457,0.136691,0.160074,0.188227,0.222059,0.261237,0.297667,0.312469
733.56,0.0522639,0.0508215,0.0545343,0.0556341,0.0594897,0.0589487,0.0624488,0.0666978,0.0718997,0.0837196,0.0974701,0.11449,0.130557,0.155803,0.186663,0.224224,0.264596,0.295403,0.308182
733.96,0.049043,0.0543323,0.0537553,0.0555328,0.0537893,0.0542314,0.0576489,0.0629676,0.0699682,0.0819499,0.0947421,0.11331,0.132349,0.160356,0.183009,0.218368,0.255233,0.292776,0.301946
734.36,0.0478228,0.0497288,0.0519041,0.0527501,0.0562109,0.0553395,0.0615217,0.0630051,0.0707988,0.0814104,0.0958027,0.108247,0.131888,0.155359,0.189184,0.22519,0.256991,0.297697,0.303129
734.76,0.0506186,0.0499311,0.0546619,0.0545457,0.0572563,0.0537722,0.0591607,0.0664147,0.0746228,0.0849175,0.0961949,0.110401,0.133562,0.159763,0.188214,0.225027,0.264732,0.295623,0.312442
735.16,0.0530799,0.0541456,0.0550572,0.0561255,0.0599193,0.0583133,0.0622108,0.0648144,0.0720532,0.086939,0.0950571,0.114396,0.133134,0.157705,0.189311,0.222065,0.262599,0.302415,0.31323
735.559,0.0504644,0.050778,0.0507909,0.0559689,0.0529971,0.0580751,0.0587225,0.0629962,0.0734842,0.0829046,0.0934929,0.113487,0.130792,0.159098,0.18817,0.224053,0.265135,0.298429,0.308639
735.959,0.0526187,0.0529025,0.0541472,0.0557255,0.0570654,0.057401,0.0609835,0.0680487,0.0724733,0.0851457,0.0993018,0.121422,0.135505,0.164936,0.190745,0.224779,0.264686,0.29857,0.309629
736.358,0.0547808,0.0530987,0.0603157,0.0595368,0.0573887,0.0579723,0.0616196,0.0700497,0.0762976,0.0887839,0.10028,0.118717,0.142947,0.161596,0.19336,0.228283,0.271479,0.304524,0.322482
736.757,0.0526617,0.0560785,0.0573908,0.0566815,0.0591841,0.061008,0.0609824,0.0680606,0.0755055,0.0859274,0.101135,0.119759,0.134858,0.15801,0.192695,0.224933,0.262398,0.298405,0.311145
737.157,0.0521998,0.0538446,0.058015,0.0556771,0.0560042,0.0579794,0.0610879,0.0686708,0.0716844,0.08527,0.0981298,0.114849,0.133057,0.162938,0.192072,0.220838,0.266029,0.294607,0.311784
737.555,0.0532309,0.0536776,0.0549603,0.0553618,0.0578278,0.0577299,0.0623132,0.0628486,0.0695127,0.0843002,0.0969767,0.112539,0.133278,0.156261,0.18909,0.223659,0.260019,0.293092,0.301486
737.954,0.0526768,0.0543023,0.0551575,0.055303,0.0569213,0.05728,0.0589526,0.0657441,0.0722547,0.0815517,0.094742,0.113787,0.132132,0.157143,0.188525,0.219226,0.26123,0.292356,0.309465
738.353,0.0489758,0.0539421,0.0549113,0.0570071,0.0574062,0.0559295,0.0618753,0.0663433,0.0744074,0.0841057,0.0969889,0.115564,0.130372,0.159597,0.187351,0.2258,0.258155,0.294517,0.313885
738.752,0.0530946,0.0535565,0.0555074,0.0571744,0.0551301,0.0571778,0.0611555,0.0701706,0.0750482,0.0853369,0.0991268,0.115094,0.132901,0.156669,0.187994,0.227068,0.260952,0.294867,0.313176
739.15,0.047867,0.0503509,0.0483788,0.0526469,0.0535493,0.0564354,0.0556372,0.0641629,0.0713866,0.0772337,0.0935534,0.111487,0.130731,0.15845,0.187722,0.218438,0.255082,0.292356,0.30761
739.549,0.0508646,0.054185,0.0531779,0.0567198,0.0549108,0.0573044,0.0598485,0.0649898,0.0726152,0.0842781,0.0968388,0.113697,0.133412,0.162727,0.190783,0.226521,0.264689,0.297005,0.313151
739.947,0.050123,0.0540865,0.0525576,0.0599433,0.0554334,0.0584747,0.0628421,0.0661183,0.0747106,0.0835512,0.0960726,0.113325,0.134225,0.161962,0.18524,0.222534,0.266544,0.286949,0.304094
740.345,0.0545124,0.0572983,0.058635,0.0570558,0.0593945,0.0636625,0.0618223,0.0678287,0.076674,0.0869494,0.096851,0.115399,0.138059,0.16355,0.191998,0.228765,0.263832,0.302841,0.316256
740.743,0.0527027,0.0504225,0.0532022,0.0534664,0.0535467,0.0570949,0.0608649,0.0664274,0.0721299,0.0831501,0.100151,0.116553,0.134561,0.160367,0.183307,0.227471,0.260918,0.295675,0.313162
741.141,0.0516841,0.0550366,0.053944,0.0555956,0.0539044,0.0588047,0.0586418,0.0640018,0.0714347,0.0825665,0.0943686,0.112157,0.131815,0.157067,0.185251,0.217174,0.257811,0.291255,0.306129
741.539,0.0538856,0.0511505,0.0528714,0.0560122,0.055736,0.0573027,0.0588605,0.065533,0.0741299,0.0840914,0.101633,0.114974,0.136176,0.161794,0.188936,0.225536,0.26784,0.293361,0.307678
741.936,0.0515126,0.0512872,0.0584847,0.0541542,0.0607954,0.0544296,0.0614278,0.0672217,0.0744115,0.087321,0.101081,0.113564,0.134271,0.155962,0.194528,0.223859,0.258335,0.290163,0.319149
742.334,0.0527049,0.0543112,0.05358,0.0516947,0.0556801,0.0598749,0.0629746,0.0638032,0.0723718,0.0830617,0.0972076,0.110792,0.130187,0.160495,0.192239,0.225353,0.263098,0.305299,0.309076
742.731,0.0479804,0.0541177,0.0553111,0.0568483,0.0585112,0.057634,0.0616016,0.0692855,0.0746266,0.0850157,0.0977785,0.117537,0.137558,0.159716,0.194396,0.229903,0.270243,0.294542,0.317093
743.128,0.0476389,0.0558847,0.0521933,0.0516496,0.0586358,0.0567003,0.0610967,0.0641885,0.0750001,0.0841641,0.09836,0.11521,0.132621,0.15733,0.191353,0.22489,0.262983,0.300401,0.312827
743.526,0.0489586,0.0526943,0.0570632,0.0570551,0.055944,0.0572852,0.0597314,0.065411,0.0735946,0.0836482,0.100781,0.112792,0.131974,0.160364,0.191287,0.227199,0.261179,0.290422,0.310908
743.923,0.0518458,0.0514812,0.0538646,0.0544974,0.0580348,0.0593522,0.0630038,0.0673255,0.0743935,0.0832109,0.0974364,0.114742,0.134141,0.156928,0.188869,0.224944,0.26743,0.30085,0.31236
744.32,0.0516398,0.0546061,0.056182,0.058753,0.059547,0.0591413,0.0630328,0.0673253,0.0727251,0.0863133,0.0958649,0.114463,0.134186,0.161734,0.189159,0.226531,0.263871,0.296639,0.310504
744.716,0.0483292,0.0514496,0.0546807,0.0577231,0.0545386,0.0588811,0.0623211,0.0670249,0.0710905,0.0869839,0.0982051,0.112661,0.137239,0.159111,0.193122,0.225789,0.264175,0.300057,0.314499
745.113,0.0543217,0.0521354,0.05228,0.0540227,0.0568812,0.0576717,0.0609518,0.0670315,0.0717197,0.0810095,0.0973604,0.112618,0.132855,0.156497,0.18672,0.225394,0.261992,0.292624,0.31291
745.51,0.0537973,0.0527059,0.0578755,0.0557347,0.0563933,0.0544155,0.0607515,0.0672911,0.0730532,0.0833217,0.0988647,0.114847,0.13672,0.157795,0.189759,0.2247,0.266267,0.299905,0.318916
745.906,0.0508684,0.0515898,0.052815,0.0530121,0.056579,0.056833,0.0576959,0.0681023,0.073423,0.0807667,0.0946972,0.110664,0.134826,0.156107,0.187462,0.230469,0.256349,0.290721,0.306894
746.302,0.0483134,0.0521587,0.0514005,0.0527032,0.0535565,0.0563652,0.0579074,0.0630909,0.0715829,0.0811143,0.0967804,0.109841,0.130551,0.153079,0.189144,0.22086,0.254888,0.288682,0.301097
746.698,0.0495309,0.051356,0.0558411,0.0515365,0.0546326,0.0585251,0.0570533,0.0659664,0.0772245,0.0841088,0.0933335,0.115411,0.134425,0.158098,0.190086,0.224385,0.259562,0.29172,0.313352
747.095,0.0467489,0.0519209,0.0506671,0.055658,0.0530949,0.0599875,0.0567874,0.0648652,0.0752043,0.0824337,0.0937305,0.109469,0.129147,0.157772,0.187242,0.220783,0.255797,0.287001,0.304918
747.49,0.0546438,0.0549007,0.0567964,0.0565071,0.0614011,0.0582423,0.062815,0.0686811,0.075348,0.0829912,0.101323,0.116194,0.139598,0.157007,0.187932,0.224467,0.262297,0.305195,0.312042
747.886,0.0481455,0.0490475,0.0515421,0.0508066,0.0524098,0.0528589,0.0553535,0.0618863,0.0655844,0.0810158,0.0909399,0.110569,0.126249,0.154241,0.185478,0.227557,0.262174,0.293433,0.30746
748.282,0.0487689,0.0517262,0.0542924,0.0546095,0.0568369,0.0591197,0.0594917,0.0645533,0.072595,0.0842465,0.096109,0.110209,0.136123,0.161227,0.190752,0.218337,0.258135,0.292253,0.30849
748.678,0.0512888,0.0512927,0.053549,0.0550011,0.0544558,0.0564989,0.0567692,0.0624714,0.0735291,0.0843071,0.0938462,0.110916,0.13353,0.15856,0.188644,0.221475,0.257769,0.292669,0.314579
749.073,0.0504024,0.0526439,0.0519168,0.0573265,0.0561034,0.0612133,0.0609423,0.0664537,0.0751439,0.0850033,0.0976884,0.112343,0.132545,0.15965,0.187657,0.225372,0.259177,0.293385,0.310073
749.468,0.0510885,0.052549,0.0540526,0.0563659,0.0541552,0.0539137,0.0618399,0.0647785,0.0714221,0.0843776,0.0973257,0.114026,0.136302,0.155034,0.190871,0.222854,0.260187,0.292071,0.309513
749.863,0.0533418,0.0566349,0.0543511,0.0588356,0.0596386,0.0584101,0.0645817,0.0644458,0.0755881,0.0897123,0.101075,0.117789,0.136531,0.162346,0.193575,0.225569,0.265361,0.291776,0.314813
750.259,0.0504909,0.0535356,0.054848,0.0551168,0.0612819,0.0568736,0.060138,0.0665761,0.0745043,0.0848876,0.0954307,0.117943,0.135996,0.159118,0.191607,0.228214,0.261593,0.305886,0.313447
750.654,0.0499955,0.0568259,0.0532767,0.0541504,0.0547338,0.0551883,0.0584053,0.0625443,0.0704601,0.0831077,0.0973836,0.1121,0.128977,0.156241,0.190649,0.224838,0.263538,0.290826,0.311227
751.048,0.0524519,0.0546277,0.0583914,0.0549799,0.0585907,0.0580418,0.0618674,0.0669276,0.071925,0.0862287,0.0976906,0.11342,0.137208,0.162053,0.194719,0.225833,0.266463,0.292477,0.310856
751.443,0.0476645,0.0541756,0.0543144,0.0541652,0.0546735,0.0539245,0.0555886,0.065061,0.0710015,0.0831511,0.0954091,0.116628,0.133049,0.157612,0.188231,0.223026,0.264333,0.288931,0.309593
751.838,0.051731,0.0504504,0.0532104,0.0534023,0.0540087,0.05068,0.0593219,0.063304,0.0743371,0.0840664,0.0949095,0.113279,0.13221,0.154828,0.183174,0.216208,0.258105,0.286017,0.304723
752.232,0.0572428,0.0561102,0.0579648,0.0622817,0.0577054,0.0592833,0.0625275,0.0695031,0.0775624,0.0837284,0.100524,0.112427,0.137115,0.158328,0.190342,0.227021,0.263898,0.296313,0.313963
752.626,0.0484652,0.0528789,0.0538045,0.0540796,0.0538368,0.0533965,0.0569324,0.0658479,0.0718214,0.0823272,0.0916427,0.113979,0.134561,0.162381,0.189419,0.224924,0.267197,0.296589,0.316103
753.021,0.0538925,0.0535104,0.0599647,0.0613738,0.0593723,0.058916,0.0588791,0.0697772,0.0723712,0.0822445,0.0993471,0.117257,0.133363,0.159734,0.189313,0.227892,0.265572,0.300068,0.319863
753.415,0.0525651,0.0550095,0.0578093,0.0573102,0.0626679,0.0599826,0.0617717,0.0678104,0.0714227,0.0867237,0.102638,0.119322,0.138271,0.161824,0.196594,0.234365,0.271358,0.301548,0.322194
753.809,0.0504103,0.0549878,0.0532418,0.0580899,0.0550178,0.0565269,0.0600216,0.0650955,0.0720891,0.0809463,0.0959518,0.113889,0.132467,0.164402,0.186381,0.228247,0.26489,0.299716,0.31492
754.203,0.0547711,0.0542353,0.0591281,0.060496,0.0602991,0.0619815,0.0634522,0.0715089,0.0762881,0.0813,0.0987461,0.116403,0.138556,0.161178,0.192816,0.228169,0.257471,0.296708,0.312921
754.596,0.0526016,0.0588008,0.0549477,0.0578506,0.0580852,0.0617512,0.0615496,0.0714586,0.0779992,0.0846626,0.0979805,0.117325,0.133742,0.16339,0.191066,0.230088,0.26791,0.298729,0.313919
754.99,0.0534242,0.0480597,0.0551597,0.0546316,0.0549296,0.0604173,0.0597255,0.0645234,0.0714855,0.0810513,0.0964867,0.112316,0.133057,0.157139,0.187448,0.225402,0.263477,0.291941,0.301359
755.383,0.0508703,0.0542216,0.0562947,0.0585732,0.0555966,0.0589763,0.0614577,0.0678458,0.0738526,0.0844886,0.0997848,0.1202,0.131708,0.15859,0.193266,0.223634,0.269533,0.299266,0.313761
755.777,0.054969,0.0530302,0.0580726,0.0593774,0.0600857,0.0580649,0.0656147,0.0655662,0.0752784,0.0832177,0.103192,0.114571,0.138642,0.162703,0.192094,0.224878,0.266028,0.297127,0.317858
756.17,0.0555221,0.0517271,0.0552192,0.0559756,0.05689,0.0565766,0.0621096,0.0677666,0.0756128,0.0805456,0.0979196,0.118489,0.135108,0.16043,0.187074,0.22854,0.265761,0.297487,0.312177
756.563,0.0482123,0.0495105,0.0537519,0.0505166,0.0542808,0.0529028,0.0568533,0.0612448,0.0702166,0.0789214,0.0955673,0.109704,0.13185,0.154526,0.190278,0.217737,0.25301,0.289194,0.30817
756.956,0.0505663,0.0503728,0.0508834,0.0496393,0.056787,0.0561444,0.0619132,0.0646597,0.0717289,0.0825795,0.0942311,0.112738,0.131177,0.159482,0.18272,0.219792,0.258449,0.29235,0.316203
757.349,0.0515488,0.0546468,0.0568002,0.057807,0.0588004,0.064712,0.062814,0.0660034,0.0759776,0.0823151,0.10078,0.116524,0.136578,0.158968,0.193917,0.221184,0.259682,0.290586,0.309417
757.742,0.0478899,0.0527631,0.0550146,0.0539174,0.0565237,0.0579966,0.0579089,0.0636559,0.0745721,0.0815949,0.0953558,0.11554,0.13178,0.15542,0.19286,0.221307,0.262928,0.28714,0.31449
758.135,0.0486734,0.051725,0.0486567,0.0533754,0.0535537,0.0613801,0.0570977,0.0629699,0.070604,0.0796101,0.100679,0.110392,0.133303,0.155369,0.190648,0.22356,0.262527,0.291661,0.307222
758.527,0.0565944,0.0573965,0.0580585,0.0608023,0.058512,0.0665598,0.0664765,0.0701653,0.0775188,0.0879848,0.107436,0.11537,0.142207,0.158863,0.196272,0.234263,0.261745,0.302504,0.31799
758.919,0.0511258,0.0514683,0.0542579,0.0533342,0.0535376,0.0582752,0.0623012,0.0660019,0.0728507,0.081286,0.098719,0.116926,0.132226,0.158456,0.185852,0.221897,0.257917,0.297308,0.312296
759.312,0.0536916,0.0580712,0.054232,0.0570361,0.0562735,0.0586265,0.0624919,0.0660008,0.0697942,0.0834755,0.103213,0.115631,0.136936,0.165198,0.191356,0.227095,0.263571,0.302947,0.327123
759.704,0.0541766,0.0577521,0.0558336,0.0590773,0.057712,0.0598644,0.060792,0.0671456,0.0747821,0.0866552,0.0996403,0.117425,0.140784,0.163206,0.196871,0.226592,0.267767,0.297796,0.321914
760.096,0.0495843,0.0525259,0.0546256,0.0551424,0.0592715,0.058673,0.0557539,0.0695959,0.0720485,0.0880328,0.0997667,0.116786,0.1374,0.157565,0.187646,0.228422,0.264642,0.293076,0.323893
760.488,0.0517279,0.0492851,0.0535793,0.053085,0.0546795,0.0571614,0.0604415,0.066724,0.0727727,0.0797832,0.0941145,0.118274,0.132168,0.161458,0.186396,0.225891,0.267633,0.301303,0.314704
760.88,0.0489966,0.0532667,0.0518625,0.0525485,0.0556196,0.0548659,0.0587486,0.0634346,0.0698298,0.0842138,0.0953207,0.111805,0.137036,0.157887,0.188949,0.229858,0.262248,0.307082,0.309117
761.271,0.0535034,0.0535173,0.0501127,0.0547014,0.0556152,0.0602192,0.0613019,0.069144,0.0717793,0.085262,0.0985034,0.113333,0.136765,0.156862,0.188643,0.224379,0.259931,0.299064,0.312724
761.663,0.0480206,0.051317,0.0511327,0.0517307,0.0490163,0.0570478,0.057807,0.0651276,0.0733204,0.0816142,0.0943149,0.1098,0.134804,0.154201,0.191796,0.220403,0.258972,0.292867,0.31229
762.054,0.0478022,0.0549544,0.0506005,0.0547028,0.0567302,0.0585432,0.0622212,0.0663804,0.0710549,0.0856463,0.0938023,0.115391,0.134709,0.163537,0.19248,0.223026,0.263395,0.296388,0.317762
762.445,0.0513063,0.0555773,0.0559389,0.0523896,0.0553905,0.0578465,0.061806,0.0691987,0.0717495,0.0859954,0.09954,0.116153,0.13117,0.157846,0.189914,0.225482,0.267944,0.295317,0.31438
762.837,0.0537376,0.0558624,0.0577076,0.055052,0.0566906,0.0599238,0.0635058,0.0641463,0.0746064,0.0846315,0.10163,0.119211,0.13279,0.163059,0.198835,0.229436,0.262459,0.301067,0.314709
763.228,0.0502124,0.0517304,0.0552572,0.056778,0.0556306,0.0570506,0.0579214,0.0661582,0.0735481,0.0852785,0.0991349,0.119271,0.136954,0.164899,0.190303,0.223563,0.269636,0.30317,0.313661
763.619,0.0509275,0.0562406,0.0539812,0.0575043,0.0520821,0.0553826,0.0617857,0.0648557,0.0779859,0.0844391,0.097785,0.115453,0.141479,0.162406,0.192042,0.229399,0.269169,0.302746,0.315113
764.009,0.0449671,0.0513094,0.0498358,0.0523248,0.0547947,0.058706,0.0579376,0.0633863,0.0698727,0.0805298,0.0925841,0.113481,0.136524,0.155477,0.1896,0.222297,0.261196,0.293713,0.307162
764.4,0.0493155,0.0513031,0.0461824,0.0538362,0.0517628,0.0573844,0.0574797,0.0645066,0.0701557,0.0808533,0.0947603,0.109556,0.131331,0.16085,0.186783,0.221983,0.261969,0.300831,0.310143
764.791,0.0483588,0.0516322,0.0507836,0.0526079,0.0520672,0.0565208,0.0559762,0.0638663,0.074805,0.0786985,0.0973619,0.111937,0.131018,0.160982,0.191161,0.218281,0.258291,0.292932,0.314604
765.181,0.0533241,0.0541499,0.0533062,0.0548204,0.0551809,0.0596682,0.0634826,0.0666154,0.0745581,0.0790507,0.100182,0.113157,0.132439,0.161063,0.191643,0.222995,0.260789,0.293531,0.314245
765.571,0.0512394,0.0496365,0.0515652,0.0540558,0.0541614,0.0578084,0.0588698,0.0672267,0.0731166,0.0840755,0.0934218,0.111757,0.133397,0.155715,0.191698,0.228735,0.257283,0.291861,0.313053
765.962,0.048748,0.0504714,0.0529405,0.0525764,0.0564949,0.054309,0.0593624,0.0644107,0.0721783,0.0836689,0.100071,0.112528,0.130494,0.15936,0.188028,0.230167,0.265598,0.299435,0.324406
766.352,0.0494045,0.0526289,0.0525618,0.0559477,0.0564597,0.0544634,0.0607916,0.0674024,0.0749582,0.0865336,0.097079,0.113863,0.135747,0.166297,0.193665,0.232177,0.259718,0.299283,0.320037
766.742,0.0443758,0.0475757,0.0531841,0.0474438,0.0516746,0.0511516,0.0541022,0.0626336,0.0687509,0.0799608,0.092779,0.103185,0.129274,0.147986,0.177796,0.213642,0.251891,0.287133,0.307741
767.131,0.0459856,0.0514008,0.0525511,0.0517407,0.0579029,0.0554835,0.0535011,0.0639014,0.0668975,0.0810489,0.0944536,0.110891,0.13052,0.155301,0.186645,0.217613,0.25634,0.288869,0.301442
767.521,0.0548967,0.0576508,0.0544771,0.0594111,0.0607238,0.057161,0.0638635,0.0670178,0.0747121,0.086134,0.0975984,0.118667,0.13609,0.163403,0.188871,0.229235,0.269881,0.299526,0.31916
767.911,0.0517752,0.0529447,0.0577835,0.0567907,0.0564407,0.0586447,0.0625442,0.0693262,0.0769124,0.0885361,0.10107,0.118402,0.142966,0.159717,0.193782,0.224937,0.26389,0.303643,0.316201
768.3,0.0512338,0.0520229,0.0524512,0.0582238,0.0576003,0.0559051,0.0596089,0.0675044,0.0713121,0.0859215,0.0966131,0.117181,0.133788,0.160421,0.19237,0.224119,0.261637,0.293839,0.313175
768.689,0.0494082,0.049838,0.0534187,0.050434,0.0579066,0.0584172,0.0610591,0.0676716,0.0701124,0.087875,0.0992421,0.113945,0.137524,0.16054,0.198164,0.222303,0.266159,0.299467,0.314608
769.079,0.0530235,0.054478,0.0597142,0.0534886,0.0585527,0.060047,0.0611129,0.0678499,0.0717282,0.0824619,0.0965407,0.124627,0.131753,0.158598,0.193707,0.228421,0.269979,0.295679,0.310496
769.468,0.0511421,0.0523619,0.0496784,0.0592025,0.0566484,0.0585179,0.0607034,0.0676983,0.0722289,0.0806616,0.0989015,0.115639,0.135267,0.156599,0.191113,0.21769,0.268924,0.295893,0.310174
769.857,0.0550401,0.0552185,0.0590944,0.0582046,0.059846,0.0577596,0.0604654,0.0720845,0.0750575,0.083232,0.0991687,0.114208,0.135237,0.166041,0.188798,0.235327,0.271716,0.303112,0.316976
770.246,0.0504702,0.0472293,0.0531705,0.0571784,0.0565391,0.0529847,0.0585759,0.065098,0.0744445,0.0854938,0.0937761,0.114693,0.134169,0.158722,0.193246,0.221947,0.267927,0.293154,0.316441
770.634,0.052651,0.0560263,0.0575419,0.05317,0.0598755,0.0640519,0.0612093,0.0647908,0.0754714,0.082328,0.101038,0.117472,0.136003,0.159608,0.197384,0.234538,0.265915,0.302973,0.31388
771.023,0.0524375,0.0536794,0.0602525,0.0593201,0.0600191,0.0594332,0.0667309,0.0659173,0.0753697,0.0877813,0.0968331,0.117179,0.145135,0.159927,0.194778,0.231196,0.266105,0.304887,0.317118
771.411,0.0543905,0.0535877,0.0545076,0.057736,0.061616,0.0622367,0.0596221,0.0650672,0.0774601,0.0828515,0.0990657,0.11439,0.137424,0.15925,0.193768,0.227083,0.265427,0.290954,0.321054
771.8,0.0530145,0.0565032,0.0543998,0.0597001,0.0590317,0.0596669,0.0630121,0.0702311,0.0781796,0.0796733,0.100727,0.122253,0.139267,0.167833,0.195745,0.226269,0.264448,0.299219,0.313587
772.188,0.0508683,0.0548286,0.0562211,0.0543759,0.0525804,0.0590319,0.0585977,0.0680083,0.0703933,0.0843756,0.100798,0.111197,0.130011,0.157285,0.194879,0.226119,0.25991,0.295649,0.313826
772.576,0.0492554,0.0492252,0.0556784,0.0499364,0.053148,0.0550823,0.0559982,0.0611825,0.0714906,0.0829792,0.0947179,0.113789,0.130384,0.163022,0.193123,0.221315,0.263105,0.296073,0.312014
772.964,0.0490566,0.0517454,0.0541453,0.0530549,0.055814,0.0583776,0.0591525,0.0688315,0.072405,0.0771628,0.0988134,0.113785,0.134564,0.163004,0.189258,0.231146,0.258715,0.289803,0.310442
773.352,0.0508706,0.0510848,0.0497871,0.0558099,0.0544532,0.0584235,0.0570002,0.0611378,0.0717604,0.0821848,0.0955154,0.10945,0.134448,0.157495,0.191114,0.220853,0.25947,0.295371,0.31948
773.74,0.0492522,0.0531091,0.0506186,0.0544994,0.0552448,0.0568741,0.0611276,0.0657589,0.0718579,0.0802492,0.0969032,0.112415,0.132282,0.159025,0.18898,0.228,0.265139,0.290708,0.305529
774.127,0.0542061,0.0529045,0.057257,0.0566881,0.0567266,0.0597303,0.0652053,0.0649953,0.073066,0.0824389,0.0973125,0.119737,0.137157,0.163327,0.197708,0.227244,0.273847,0.294072,0.31559
774.515,0.0506248,0.0523518,0.0519558,0.0547574,0.0576646,0.0589551,0.0632447,0.0678459,0.0718181,0.0839753,0.100816,0.112781,0.135077,0.165866,0.192096,0.227558,0.273109,0.307069,0.312402
774.902,0.0486199,0.0575954,0.0542165,0.0538501,0.057137,0.0561162,0.0599344,0.0685716,0.0767732,0.0859722,0.0981648,0.113083,0.136,0.162345,0.187814,0.229733,0.266308,0.299495,0.314096
775.289,0.0513507,0.0540985,0.0581989,0.0556214,0.0611818,0.0582491,0.0627836,0.0705052,0.070012,0.085021,0.0987612,0.117637,0.133668,0.159257,0.193232,0.225004,0.265043,0.297032,0.317373
775.676,0.0495708,0.0525631,0.0539907,0.0553893,0.055304,0.0600565,0.0612615,0.0658546,0.0747749,0.0803113,0.103632,0.114904,0.138741,0.162262,0.189344,0.231433,0.266712,0.297487,0.318932
776.063,0.0493267,0.0522177,0.0555774,0.054181,0.0553008,0.0571977,0.0622904,0.0646987,0.0742575,0.0829839,0.0994237,0.115366,0.138409,0.160397,0.192173,0.228658,0.268695,0.300979,0.315117
776.45,0.0532284,0.0466971,0.0542328,0.0519971,0.0602506,0.0582009,0.0599807,0.0693241,0.0699827,0.0837797,0.0956896,0.11567,0.136009,0.159241,0.187921,0.223165,0.267826,0.301215,0.314484
776.837,0.0533893,0.0551929,0.0552828,0.0543735,0.0579369,0.0598991,0.0632953,0.0688306,0.0738258,0.0823135,0.100447,0.118601,0.132094,0.160803,0.200262,0.227367,0.268981,0.313019,0.32379
777.224,0.0525516,0.0528942,0.0549884,0.0534478,0.0588075,0.0573585,0.0645946,0.0688406,0.0743968,0.0778741,0.0992063,0.114598,0.131988,0.159687,0.195726,0.223059,0.262214,0.291052,0.311367
777.61,0.0493653,0.0530116,0.0536139,0.0557861,0.0535064,0.0568971,0.0604747,0.0660592,0.0714353,0.0830208,0.0983808,0.11932,0.136047,0.160836,0.188505,0.226488,0.259464,0.295437,0.312615
777.997,0.0498926,0.0519875,0.054916,0.054681,0.0539132,0.0529338,0.0603811,0.06678,0.0689172,0.0850302,0.092881,0.115121,0.130544,0.159711,0.192186,0.223632,0.260101,0.295694,0.315855
778.383,0.0568481,0.056096,0.0560472,0.0601015,0.0572334,0.0628258,0.069592,0.0700821,0.0814664,0.084745,0.105479,0.118773,0.137483,0.163023,0.188681,0.23351,0.268943,0.301464,0.318955
778.769,0.0591722,0.0589964,0.0593072,0.0608373,0.0602465,0.0678,0.0683722,0.0716634,0.0791237,0.0885452,0.104507,0.119439,0.14207,0.16711,0.204354,0.236478,0.27273,0.304963,0.322628
779.155,0.0525261,0.0550779,0.0553125,0.0589649,0.0629728,0.0568767,0.0641111,0.0694199,0.0723531,0.0852008,0.0985759,0.113175,0.132701,0.164591,0.19377,0.223863,0.263612,0.303207,0.316719
779.541,0.055911,0.0551197,0.0520898,0.0592757,0.0553437,0.0607737,0.0627866,0.0652234,0.0729539,0.0855013,0.0994638,0.115715,0.136786,0.162091,0.19649,0.223504,0.261067,0.301013,0.310476
779.927,0.0545201,0.0529872,0.0554319,0.0560555,0.0584454,0.0583473,0.0588659,0.0651669,0.0747299,0.0881161,0.100186,0.117498,0.135696,0.160275,0.192316,0.229874,0.266127,0.303853,0.315533
780.312,0.0544689,0.0590606,0.0533828,0.0578089,0.0617704,0.0602891,0.0619169,0.070601,0.0767447,0.0846691,0.103125,0.120728,0.139965,0.164863,0.195529,0.232351,0.273587,0.308304,0.327958
780.698,0.0537828,0.0513806,0.0525083,0.0564893,0.0603635,0.0600359,0.0602982,0.067396,0.0727322,0.0834705,0.0963535,0.116758,0.135667,0.160492,0.195049,0.222845,0.270866,0.296627,0.314594
781.083,0.0559397,0.0551538,0.0547138,0.0554966,0.0585442,0.0579893,0.0629795,0.0666448,0.0745202,0.0882142,0.10001,0.119023,0.140037,0.163096,0.193324,0.237687,0.281049,0.297309,0.325831
781.469,0.0473053,0.0539223,0.052299,0.0560911,0.0542866,0.0588216,0.0628628,0.0621019,0.0721675,0.077824,0.0961198,0.111233,0.134106,0.160215,0.19168,0.222378,0.261413,0.290268,0.309656
781.854,0.0559334,0.0581474,0.0562875,0.0558971,0.0604239,0.0603876,0.0617575,0.0696421,0.074757,0.0870021,0.0988293,0.117475,0.137014,0.165404,0.191865,0.23066,0.266848,0.299451,0.316545
782.239,0.0518712,0.0540994,0.0538374,0.0570712,0.0572514,0.0553561,0.0610484,0.0643885,0.0766164,0.0824966,0.0969282,0.113416,0.134917,0.162735,0.190011,0.22031,0.25575,0.293489,0.310769
782.624,0.058348,0.0554297,0.0550205,0.0614439,0.0595272,0.0611673,0.0609564,0.0699041,0.0709855,0.086359,0.101008,0.119461,0.137357,0.165042,0.194417,0.232322,0.274154,0.301951,0.318774
783.008,0.0520292,0.0577623,0.0567834,0.0581327,0.0580612,0.0581547,0.061358,0.0698989,0.0736759,0.0833933,0.0958845,0.12127,0.135778,0.164148,0.190425,0.230119,0.26887,0.294444,0.316212
783.393,0.0479995,0.048016,0.0503951,0.0509259,0.0532752,0.0500915,0.0528686,0.0576475,0.0677179,0.0771289,0.0957946,0.114566,0.129577,0.152584,0.179885,0.218014,0.248634,0.290513,0.303394
783.778,0.0492325,0.0559829,0.0579584,0.0517245,0.0547936,0.0565777,0.0578846,0.0675301,0.0715038,0.0811412,0.0966264,0.116235,0.133305,0.159025,0.192919,0.225919,0.26342,0.297906,0.313611
784.162,0.0426294,0.0522306,0.0514155,0.0540227,0.053725,0.0563029,0.064004,0.0618784,0.072976,0.0801828,0.0967089,0.118242,0.134323,0.158401,0.190768,0.228621,0.267459,0.296423,0.314915
784.546,0.0518218,0.0578623,0.0616763,0.056843,0.0610118,0.062464,0.0660405,0.0689247,0.0759277,0.0880677,0.099087,0.117891,0.138352,0.163971,0.195985,0.232719,0.271025,0.302542,0.315324
784.931,0.0522636,0.0519309,0.0553742,0.0546296,0.0565997,0.0638804,0.0610992,0.0628876,0.078088,0.0780261,0.0952743,0.109647,0.136212,0.159601,0.189669,0.222928,0.26331,0.293845,0.306783
785.315,0.0453098,0.0520288,0.0485098,0.0522039,0.052155,0.0536773,0.0553756,0.0624408,0.0703062,0.0775931,0.0966384,0.117124,0.13257,0.155322,0.188658,0.22295,0.265256,0.29553,0.314344
785.699,0.0534851,0.0552429,0.0533511,0.0543807,0.0621424,0.0583653,0.0612277,0.0672222,0.0734795,0.0827812,0.0968531,0.115575,0.141721,0.165167,0.19296,0.230422,0.276207,0.305406,0.322338
786.082,0.0525423,0.0569354,0.0535448,0.0572905,0.0554628,0.0607627,0.059252,0.0663376,0.0706784,0.0847157,0.0952451,0.11228,0.138677,0.160133,0.193402,0.229677,0.270318,0.301451,0.317783
786.466,0.0551063,0.0565866,0.0584676,0.057094,0.0606576,0.0638418,0.0633784,0.066122,0.0801504,0.0862946,0.101092,0.121248,0.138451,0.160695,0.195289,0.228309,0.2768,0.302424,0.321216
786.85,0.0498954,0.0539361,0.0566188,0.0545706,0.0520598,0.0602679,0.0575504,0.0650187,0.0750764,0.086906,0.0962396,0.113767,0.136648,0.163563,0.191093,0.225158,0.263066,0.296988,0.317334
787.233,0.0512109,0.0504472,0.0539696,0.0573458,0.0563211,0.056086,0.062089,0.0646408,0.0690994,0.086155,0.0961165,0.116869,0.137652,0.15778,0.189422,0.239115,0.272352,0.30337,0.321075
787.616,0.0507649,0.0517497,0.0516363,0.0541065,0.0556671,0.0576326,0.0578092,0.0662841,0.0727359,0.0813489,0.0941089,0.110414,0.132187,0.15524,0.186039,0.225099,0.264237,0.284357,0.311119
788,0.0521887,0.0513977,0.0525328,0.0534339,0.052186,0.056868,0.0583374,0.0655637,0.071672,0.0825793,0.0966246,0.111619,0.136489,0.154316,0.190722,0.223147,0.262468,0.295998,0.311871
788.383,0.0528262,0.0566242,0.0563866,0.0557484,0.0610545,0.0590986,0.0653928,0.0691944,0.0743497,0.0824198,0.0968996,0.116679,0.133708,0.163731,0.188634,0.225413,0.266535,0.296322,0.319017
788.766,0.0530261,0.0519192,0.0558775,0.0541847,0.0550483,0.0592666,0.0601136,0.0634929,0.0748597,0.0868126,0.102511,0.120793,0.133921,0.162935,0.198172,0.230936,0.272037,0.299334,0.316604
789.148,0.0489763,0.0519782,0.0571199,0.0562484,0.0562333,0.0620213,0.0615929,0.0661331,0.0727421,0.0811655,0.0948405,0.108941,0.134585,0.157448,0.183633,0.221322,0.266659,0.295338,0.321145
789.531,0.0497102,0.054032,0.05297,0.055865,0.0560444,0.0578066,0.0600573,0.0656618,0.0710291,0.0800413,0.0976051,0.105856,0.139907,0.161071,0.190787,0.226673,0.265532,0.296914,0.308605
789.914,0.0527778,0.0542881,0.0517242,0.0576353,0.0575469,0.0583183,0.0584337,0.0677,0.0710417,0.0843433,0.10113,0.112629,0.137963,0.164919,0.19304,0.226648,0.26852,0.298471,0.315701
790.296,0.0499835,0.0568638,0.0569847,0.055639,0.0601379,0.0615492,0.0627189,0.0681991,0.0761104,0.0865681,0.102452,0.120034,0.136662,0.15928,0.194376,0.22508,0.264747,0.296513,0.317321
790.678,0.052882,0.054288,0.0536035,0.0574491,0.058932,0.057967,0.0610632,0.0673357,0.0727133,0.0859509,0.102687,0.118617,0.134607,0.16247,0.195313,0.231422,0.263121,0.301504,0.323361
791.061,0.0434513,0.0531781,0.0539848,0.0477218,0.0564832,0.0605198,0.0608891,0.0629793,0.0704423,0.0844285,0.0953926,0.115997,0.12796,0.16127,0.193221,0.226415,0.260918,0.295881,0.309681
791.443,0.0565609,0.059879,0.0574665,0.0570354,0.0609042,0.0584193,0.0672975,0.068837,0.0759508,0.0846455,0.0998171,0.120791,0.140926,0.166998,0.197034,0.227064,0.267595,0.303534,0.324238
791.825,0.054014,0.0547841,0.0518921,0.0576064,0.0589232,0.0591912,0.0590573,0.0647893,0.0746492,0.0837667,0.0969037,0.120905,0.14108,0.165425,0.193561,0.230897,0.268101,0.311991,0.326492
792.207,0.0517717,0.057269,0.0576408,0.0602486,0.059484,0.062343,0.0657039,0.0710596,0.0760722,0.0878443,0.0961763,0.12164,0.141375,0.167564,0.19869,0.242719,0.269828,0.310121,0.322533
792.588,0.050696,0.056934,0.0578092,0.0601806,0.0565393,0.0594298,0.0629414,0.0725669,0.0773234,0.0877001,0.0950412,0.115844,0.141588,0.158372,0.190908,0.2285,0.265933,0.301126,0.31934
792.97,0.0509407,0.0545864,0.0524275,0.0515764,0.0592508,0.0536599,0.0574761,0.0694696,0.0738651,0.0822266,0.0953967,0.115392,0.136434,0.159287,0.192022,0.22798,0.269296,0.29542,0.317553
793.351,0.0518473,0.053681,0.0537938,0.0541584,0.0551694,0.0551386,0.0617576,0.0664447,0.0761327,0.0828138,0.0949352,0.116194,0.136823,0.15839,0.192713,0.223177,0.263872,0.296576,0.307642
793.733,0.0508189,0.0519196,0.0539603,0.0531907,0.0579341,0.0584284,0.060529,0.0653955,0.0707382,0.0850265,0.0944274,0.109385,0.135947,0.161884,0.188865,0.218694,0.261615,0.294131,0.311335
794.114,0.0551968,0.0569979,0.059256,0.0626865,0.0624892,0.0657629,0.0624936,0.0682616,0.0757094,0.086947,0.103992,0.118405,0.141411,0.167975,0.198329,0.229569,0.271979,0.303949,0.324642
794.495,0.0582145,0.0561743,0.0550867,0.060228,0.0619286,0.0597186,0.0610655,0.0682343,0.0787037,0.0876185,0.100443,0.120542,0.140893,0.163308,0.19207,0.234593,0.268085,0.304022,0.318599
794.876,0.0554172,0.0567895,0.0584684,0.0554697,0.0572176,0.0586519,0.0635217,0.0663331,0.0721785,0.0850846,0.100397,0.118903,0.137654,0.160445,0.190797,0.23388,0.267275,0.30469,0.317031
795.257,0.0537411,0.0502928,0.0517368,0.0544807,0.0574714,0.0566862,0.0591575,0.0614481,0.0729975,0.0806556,0.0988692,0.114669,0.132598,0.156196,0.186999,0.23081,0.262933,0.295462,0.310639
795.638,0.0548411,0.0577581,0.0515688,0.0508004,0.0600614,0.060185,0.0620627,0.0684078,0.073827,0.0841073,0.0983122,0.117851,0.138622,0.159852,0.197972,0.231022,0.264883,0.305959,0.315901
796.018,0.0532625,0.0542063,0.0546994,0.0617728,0.0583437,0.0593317,0.0632693,0.063883,0.074271,0.0888098,0.0999415,0.112531,0.131963,0.160717,0.19085,0.229026,0.261665,0.296807,0.316909
796.399,0.0498515,0.0514397,0.0524596,0.0556745,0.0563659,0.0531547,0.0593021,0.0629685,0.0743333,0.0850823,0.0889009,0.108643,0.129916,0.153836,0.181496,0.219133,0.255343,0.29578,0.311422
796.779,0.053195,0.0538129,0.0596835,0.0536159,0.0597596,0.0569579,0.0666375,0.0708429,0.0757322,0.0847914,0.101748,0.121913,0.143323,0.170804,0.193057,0.22721,0.273168,0.307474,0.313938
797.159,0.0567159,0.053003,0.0588041,0.0553765,0.0595423,0.0587133,0.0604344,0.0711259,0.0748727,0.0850867,0.10549,0.120508,0.139154,0.166237,0.195923,0.229066,0.264566,0.299811,0.317947
797.539,0.0487494,0.0524689,0.0519672,0.0566425,0.0607958,0.058218,0.0579432,0.0695762,0.0737736,0.0872495,0.101551,0.116905,0.144405,0.166801,0.197557,0.231818,0.280803,0.307213,0.32933
797.919,0.0497394,0.0516715,0.0495316,0.053886,0.0528379,0.0548047,0.0575927,0.0644743,0.0689772,0.0829817,0.0982262,0.113466,0.132078,0.156766,0.188724,0.2211,0.262325,0.299233,0.313208
798.299,0.0531776,0.0546938,0.0525435,0.0542501,0.0582132,0.0565506,0.0599496,0.0633687,0.0750907,0.083304,0.0983566,0.118892,0.135621,0.164036,0.196676,0.230882,0.270666,0.295736,0.316674
798.679,0.0538398,0.0527705,0.0512121,0.0556458,0.0543703,0.0554533,0.0614727,0.0673748,0.0694116,0.0794616,0.0988932,0.11559,0.127899,0.162488,0.184321,0.226413,0.263592,0.300204,0.314128
799.059,0.0554196,0.0599178,0.0632148,0.0646699,0.0633691,0.0642637,0.0604402,0.0704683,0.0765939,0.0918545,0.106181,0.122632,0.137526,0.164006,0.196453,0.237286,0.281458,0.306979,0.323449
799.438,0.0495668,0.0536367,0.0530128,0.0570601,0.057988,0.0536158,0.059251,0.068224,0.0722288,0.0818259,0.098176,0.118238,0.132336,0.158772,0.187576,0.228124,0.266498,0.301443,0.30401
799.817,0.05381,0.0542971,0.0518395,0.0615928,0.057248,0.0620418,0.0598837,0.0673922,0.0753339,0.0853611,0.0960642,0.113823,0.131698,0.164014,0.19108,0.228078,0.275584,0.295579,0.322671
800.197,0.0474371,0.0509957,0.0553778,0.05868,0.0569721,0.0580565,0.0616691,0.0678344,0.0709758,0.082081,0.0989858,0.118046,0.132696,0.157643,0.197231,0.227894,0.267619,0.294157,0.309925
800.576,0.0491096,0.0523653,0.0527799,0.0542086,0.0543279,0.061533,0.0663707,0.0673734,0.0747673,0.0832916,0.0993254,0.115648,0.135879,0.156967,0.191474,0.229291,0.266463,0.295072,0.318046
800.955,0.048347,0.0499168,0.053279,0.0523806,0.055769,0.0527313,0.0536359,0.0626833,0.0684205,0.0860844,0.105223,0.113996,0.131253,0.15644,0.188069,0.223317,0.261627,0.290537,0.311948
801.334,0.0589421,0.057225,0.0575797,0.0584805,0.0594213,0.0594598,0.065787,0.0701622,0.0779077,0.0902788,0.103372,0.119516,0.139265,0.165937,0.199415,0.233478,0.275543,0.30659,0.311712
801.712,0.0578505,0.0520773,0.0547273,0.0577048,0.0626925,0.0645683,0.0655036,0.0693024,0.0789426,0.0865003,0.0983128,0.116312,0.134898,0.160835,0.188659,0.231231,0.269988,0.30159,0.318894
802.091,0.0541868,0.0535695,0.0539094,0.0537129,0.0548284,0.059652,0.0535585,0.0680003,0.0746383,0.0867041,0.0980193,0.115209,0.13904,0.161132,0.187635,0.226475,0.263923,0.296132,0.310337
802.47,0.0522876,0.0507468,0.0525671,0.0521284,0.053285,0.0573364,0.0601477,0.0629796,0.0724148,0.0834995,0.0964295,0.116778,0.133925,0.162449,0.195405,0.22793,0.267424,0.297997,0.323526
802.848,0.0497636,0.0555624,0.0547025,0.0554321,0.0575385,0.0543117,0.0589232,0.0608876,0.0747779,0.0795698,0.0941092,0.108183,0.13043,0.162501,0.184818,0.22961,0.270596,0.295534,0.324001
803.226,0.0524212,0.0564122,0.0539051,0.0603566,0.056419,0.0623349,0.0633175,0.0684464,0.0734801,0.0876786,0.0944244,0.120321,0.139261,0.174177,0.197362,0.231094,0.270665,0.304169,0.327256
803.604,0.053975,0.0574637,0.0533366,0.0580279,0.0573359,0.0559815,0.0586198,0.0676908,0.0762091,0.0828378,0.101158,0.114431,0.138453,0.160555,0.191996,0.225642,0.267786,0.305537,0.31483
803.982,0.0488465,0.0466208,0.053479,0.0525157,0.0574564,0.0546212,0.06175,0.0695862,0.0676366,0.0871299,0.0979832,0.115499,0.132879,0.159346,0.181288,0.218271,0.263211,0.292989,0.307096
804.36,0.0511947,0.0547536,0.0555926,0.0582676,0.0560511,0.061903,0.0594995,0.0660543,0.0790007,0.0850962,0.0991181,0.116293,0.136986,0.165223,0.189384,0.231956,0.27653,0.295528,0.324512
804.738,0.0568249,0.0617607,0.0579741,0.0602759,0.0653597,0.0644816,0.0616717,0.0697084,0.0732622,0.0869333,0.100556,0.120986,0.141916,0.164556,0.195514,0.233849,0.269238,0.302562,0.326811
805.116,0.0519616,0.0507291,0.0547634,0.0529455,0.0526236,0.058669,0.0627708,0.0679012,0.0714921,0.0888952,0.0939723,0.112734,0.13132,0.157375,0.1903,0.224241,0.262629,0.2981,0.319144
805.493,0.05385,0.0554051,0.0560241,0.052507,0.0549657,0.0610769,0.057434,0.0632982,0.0758978,0.0893547,0.0989274,0.124751,0.138575,0.167424,0.196866,0.234431,0.272578,0.305951,0.328916
805.871,0.0499436,0.0508786,0.0503165,0.0584139,0.0565302,0.0563108,0.0569802,0.0638304,0.0731204,0.0793515,0.0993491,0.113077,0.13656,0.15517,0.188036,0.232809,0.260469,0.298625,0.31837
806.248,0.0582057,0.0523789,0.0580871,0.0563881,0.0642514,0.0539469,0.0615972,0.0617921,0.0747228,0.0800621,0.10053,0.113099,0.134932,0.167519,0.18747,0.22961,0.266866,0.294238,0.318342
806.625,0.0516173,0.0562186,0.0571615,0.0584969,0.0583645,0.0567124,0.0612452,0.0669567,0.0716061,0.0899794,0.103825,0.119933,0.140464,0.160436,0.191596,0.228939,0.265267,0.297912,0.315902
807.002,0.055119,0.060265,0.0576428,0.0579051,0.0603715,0.0599991,0.0627217,0.0679752,0.069921,0.0876653,0.107956,0.122916,0.140939,0.164522,0.192773,0.227933,0.273404,0.308113,0.316897
807.379,0.0521882,0.0524971,0.0574057,0.0579057,0.0590102,0.0544787,0.061537,0.0633448,0.0720339,0.0809777,0.100928,0.114805,0.13756,0.164329,0.194178,0.234122,0.264296,0.292696,0.318359
807.756,0.0481628,0.0519142,0.0569832,0.0541663,0.0591332,0.0545335,0.0573838,0.0652207,0.073542,0.0863726,0.097014,0.111494,0.130713,0.160841,0.186053,0.22361,0.267363,0.297734,0.312747
808.132,0.0526976,0.0619471,0.0600341,0.0567052,0.0549411,0.0601031,0.0627588,0.0729793,0.0736098,0.0901502,0.0990713,0.122055,0.1359,0.16178,0.191982,0.23009,0.272723,0.298827,0.319164
808.509,0.0497931,0.0575029,0.0567252,0.0544317,0.0596129,0.0541787,0.0638151,0.0679077,0.0747356,0.0838208,0.092877,0.117301,0.133949,0.161137,0.187304,0.218969,0.260026,0.291013,0.312828
808.885,0.0555067,0.0531941,0.0517697,0.056974,0.0559172,0.0585262,0.0617106,0.0670527,0.0724372,0.0816248,0.0992072,0.113601,0.133601,0.159264,0.192837,0.231208,0.263161,0.304458,0.320611
809.262,0.048531,0.0585009,0.0540586,0.0568683,0.0572594,0.0591579,0.059645,0.0679349,0.0732117,0.0841807,0.101812,0.117607,0.132558,0.16314,0.195298,0.231024,0.267009,0.301436,0.313274
809.638,0.0504374,0.0600736,0.0582089,0.058271,0.0588308,0.0601948,0.0614507,0.0688934,0.0788803,0.0883415,0.103221,0.120659,0.145454,0.165432,0.196394,0.235302,0.275105,0.314943,0.33157
810.014,0.0538936,0.0554601,0.0534296,0.0525624,0.0538116,0.0611251,0.0607,0.0669784,0.0750462,0.0814973,0.0978693,0.116208,0.139049,0.164517,0.19408,0.222818,0.273881,0.307635,0.319558
810.39,0.0551564,0.049452,0.0541473,0.0559343,0.0538588,0.0596926,0.0592277,0.0680438,0.0732746,0.0829137,0.101315,0.114678,0.134912,0.162587,0.193937,0.237705,0.276381,0.303883,0.330046
810.765,0.0516831,0.059445,0.0555977,0.0562421,0.0611506,0.060713,0.0636497,0.0686973,0.0715925,0.0861972,0.103095,0.114643,0.143286,0.166005,0.200065,0.230916,0.275102,0.303582,0.323757
811.141,0.0515775,0.0579837,0.0583328,0.06244,0.0569714,0.0626247,0.0624134,0.0638297,0.0735762,0.087393,0.107305,0.122681,0.140873,0.166045,0.199865,0.237324,0.27497,0.31796,0.328429
811.517,0.0520982,0.0533947,0.0588616,0.0570509,0.0605168,0.0520948,0.060732,0.0689156,0.0751422,0.085041,0.10201,0.121671,0.135339,0.167167,0.197493,0.241223,0.273239,0.308917,0.321405
811.892,0.0539439,0.0572187,0.0529624,0.0624963,0.0563979,0.0522961,0.0558934,0.0639459,0.0793529,0.0826895,0.0980067,0.113735,0.131134,0.158492,0.185091,0.228313,0.271847,0.300401,0.311218
812.267,0.0519774,0.0501228,0.0534584,0.057658,0.0539612,0.0603295,0.0637018,0.0624303,0.0727764,0.0799806,0.099763,0.110371,0.132699,0.155452,0.186652,0.22286,0.262646,0.293782,0.305395
812.643,0.0536676,0.0584297,0.0577638,0.0596947,0.0578787,0.0596791,0.0619726,0.0679232,0.0773967,0.0895564,0.106614,0.124062,0.140361,0.169762,0.197735,0.232316,0.272335,0.300608,0.320219
813.018,0.0506867,0.0549489,0.0509125,0.0597978,0.05914,0.0633489,0.0583319,0.0666222,0.0734404,0.0812619,0.100974,0.116524,0.139317,0.162457,0.197202,0.228041,0.267823,0.303411,0.315096
813.393,0.0538653,0.0551712,0.0591947,0.055081,0.062147,0.0611566,0.0614143,0.0654437,0.0746447,0.0851208,0.10312,0.123546,0.138979,0.16423,0.199015,0.227058,0.272328,0.302059,0.31711
813.767,0.053669,0.0513788,0.052682,0.0604789,0.0543806,0.0550276,0.0629054,0.0652064,0.0708268,0.0827318,0.0990357,0.116068,0.132063,0.160472,0.189819,0.228196,0.266168,0.298382,0.308594
814.142,0.0590094,0.0613244,0.059713,0.0580239,0.0584612,0.0617566,0.0660636,0.0750503,0.0776215,0.0857335,0.106688,0.120717,0.146489,0.168246,0.191351,0.233851,0.274421,0.307243,0.334713
814.517,0.0513052,0.0553128,0.049359,0.0562619,0.0539463,0.0599684,0.0609752,0.0678658,0.0711711,0.0793577,0.102184,0.111447,0.135321,0.157173,0.194165,0.228779,0.266628,0.29961,0.315693
814.891,0.0555461,0.0564395,0.0591624,0.0539341,0.0571546,0.0576918,0.0661542,0.0685562,0.0762637,0.0851086,0.104814,0.113979,0.129918,0.160529,0.197929,0.227955,0.269501,0.306772,0.326878
815.265,0.0547068,0.0590017,0.0549028,0.055606,0.0590016,0.0642691,0.0648433,0.0746312,0.0743852,0.0872608,0.102545,0.119453,0.140185,0.162862,0.192159,0.228902,0.270515,0.296964,0.322204
815.639,0.0517091,0.0537251,0.0540411,0.0525933,0.0574559,0.0615571,0.0622292,0.0662067,0.0778785,0.0842292,0.102403,0.119088,0.136945,0.161585,0.202599,0.230999,0.281049,0.299775,0.317851
816.014,0.0585229,0.0585786,0.0585083,0.0593187,0.0622943,0.0619375,0.0590713,0.0678763,0.0743061,0.0866103,0.108286,0.115803,0.141165,0.167474,0.193935,0.226194,0.262879,0.300983,0.318741
816.387,0.0502931,0.0559026,0.0550637,0.0634144,0.0584254,0.0659855,0.0670515,0.0676941,0.0779719,0.0920821,0.0997754,0.11614,0.135116,0.164285,0.190701,0.227406,0.26258,0.297253,0.304236
816.761,0.0501388,0.0526581,0.0592688,0.0612999,0.0565855,0.059596,0.0601666,0.0648395,0.0775119,0.0845487,0.099536,0.118891,0.138909,0.16706,0.197893,0.232802,0.268933,0.305825,0.323545
817.135,0.0546078,0.0553423,0.0514883,0.0566045,0.0541686,0.0624746,0.057367,0.0690863,0.0718383,0.08409,0.0987188,0.117941,0.135471,0.158262,0.193474,0.234636,0.266569,0.303046,0.309965
817.509,0.0488408,0.0557667,0.0550724,0.057419,0.0613165,0.0594201,0.0637651,0.0629457,0.0728466,0.0886994,0.0979814,0.117351,0.139623,0.162872,0.194935,0.233333,0.269499,0.309263,0.321723
817.882,0.051778,0.0526858,0.055507,0.0510604,0.0564374,0.0567756,0.056928,0.0711661,0.0705097,0.0881126,0.0968827,0.115757,0.144734,0.16559,0.194375,0.230054,0.272696,0.307139,0.321928
818.255,0.0542308,0.051735,0.0543215,0.0551746,0.0594729,0.0493352,0.0545452,0.0620466,0.068462,0.0749492,0.0948867,0.113162,0.134983,0.161658,0.192745,0.230207,0.274158,0.303317,0.315515
818.628,0.0522579,0.0487177,0.0543086,0.0540525,0.0522246,0.0568175,0.0620543,0.066465,0.0773832,0.0821317,0.099309,0.114404,0.135831,0.154438,0.188568,0.226986,0.265212,0.299743,0.312982
819.002,0.0572056,0.0581556,0.060779,0.0548412,0.0577575,0.0583876,0.0610075,0.0716912,0.0783213,0.0847821,0.0995072,0.116199,0.140759,0.165886,0.198846,0.233138,0.270984,0.298623,0.316954
819.374,0.0539821,0.052403,0.0548953,0.0581248,0.0587982,0.0639789,0.0603854,0.0700139,0.0768352,0.0823437,0.0954303,0.120359,0.134361,0.165099,0.191662,0.2273,0.269755,0.297136,0.315462
819.747,0.0555659,0.0562253,0.0551325,0.0607669,0.0588942,0.0602873,0.0676566,0.0685215,0.0803068,0.0890951,0.0976617,0.120158,0.141052,0.165769,0.197276,0.233157,0.264991,0.303297,0.31922
820.12,0.0567298,0.0598414,0.059954,0.0581777,0.059548,0.0545149,0.0620955,0.066003,0.0778135,0.0929171,0.100269,0.121796,0.138346,0.161171,0.193873,0.23118,0.271486,0.305501,0.319471
820.493,0.0504282,0.0571469,0.0605952,0.0594822,0.0585629,0.061596,0.0621039,0.0676681,0.0748467,0.0798229,0.101415,0.113949,0.139999,0.158576,0.197183,0.224603,0.265725,0.306715,0.316454
820.865,0.0435282,0.050084,0.0526138,0.0527041,0.0551375,0.0543066,0.0570081,0.0629119,0.0658708,0.0805438,0.0956971,0.11212,0.130961,0.153691,0.190719,0.226413,0.265287,0.29868,0.313083
821.237,0.0460721,0.0548447,0.0516949,0.0516654,0.0505994,0.053126,0.0571937,0.0627562,0.0685251,0.0813682,0.0918262,0.106571,0.130829,0.155496,0.188409,0.221858,0.257448,0.291058,0.306994
821.61,0.052118,0.0582617,0.0524994,0.054198,0.054759,0.0587878,0.0619869,0.0617893,0.0697624,0.0831991,0.103936,0.11939,0.139546,0.158784,0.203878,0.227777,0.269197,0.29762,0.319722
821.982,0.0479955,0.0453811,0.0462033,0.0565012,0.0580464,0.053099,0.055799,0.0613455,0.0668273,0.0837612,0.0981276,0.110392,0.138043,0.157155,0.190471,0.228629,0.262941,0.299535,0.315915
822.354,0.0547952,0.0552755,0.0562554,0.0564164,0.0615658,0.0610225,0.0603821,0.0686299,0.0726344,0.0832841,0.100386,0.117136,0.137948,0.159073,0.194238,0.228713,0.265323,0.302249,0.322084
822.725,0.0511709,0.0502861,0.0569443,0.0510176,0.0536502,0.0514141,0.0542304,0.0615135,0.0714769,0.078677,0.0933479,0.113192,0.129207,0.155208,0.184504,0.219304,0.256056,0.290176,0.299507
823.097,0.0526865,0.0553122,0.0523562,0.0544187,0.058513,0.0598231,0.0598945,0.0688328,0.0691624,0.089796,0.0981575,0.115767,0.143347,0.162931,0.190998,0.224241,0.268442,0.291365,0.308745
823.469,0.0486959,0.049902,0.0555456,0.0573215,0.0549522,0.054102,0.0624582,0.0646192,0.072032,0.0833737,0.0934055,0.11233,0.129896,0.160427,0.186077,0.237029,0.256216,0.295906,0.312272
823.84,0.0562589,0.0535786,0.0542749,0.0577712,0.0570567,0.0567469,0.0642456,0.0667949,0.0729133,0.0882005,0.0971025,0.117154,0.14028,0.165439,0.193049,0.230115,0.257795,0.304534,0.31699
824.211,0.0576156,0.0574824,0.0568083,0.0627977,0.0566458,0.0602489,0.0605989,0.0664875,0.0748542,0.0889645,0.0971161,0.126735,0.140421,0.160875,0.189541,0.230668,0.269645,0.306654,0.317515
824.583,0.0554362,0.0484258,0.0459999,0.05273,0.0564628,0.0565845,0.0541768,0.0650435,0.0708541,0.0844795,0.09615,0.113525,0.141032,0.15775,0.19348,0.232157,0.268842,0.305004,0.313657
824.954,0.0540922,0.0571713,0.0537875,0.0575161,0.0607221,0.0614357,0.0567702,0.0672809,0.0751304,0.0890283,0.102021,0.110459,0.142519,0.160787,0.198373,0.228453,0.265501,0.303491,0.320611
825.325,0.0540301,0.0511597,0.0584298,0.059553,0.0562891,0.0567416,0.0599927,0.0646012,0.0746642,0.0828272,0.0967891,0.1096,0.141612,0.160547,0.192646,0.231412,0.268339,0.298435,0.312663
825.696,0.0516057,0.0562839,0.0538333,0.0586733,0.0551814,0.0559031,0.0571146,0.0684298,0.0753947,0.0892172,0.0996245,0.108398,0.136665,0.154054,0.193567,0.231897,0.27236,0.304514,0.315295
826.066,0.053679,0.0516735,0.0533886,0.050687,0.0581203,0.0557073,0.0579224,0.0637156,0.074628,0.0828124,0.0977011,0.11243,0.138862,0.162171,0.189625,0.225496,0.271588,0.298909,0.321329
826.437,0.0538202,0.0496929,0.0466682,0.0610727,0.0604405,0.0650922,0.063562,0.0669256,0.0701846,0.0847029,0.0959689,0.124936,0.140172,0.164412,0.195645,0.234241,0.272318,0.302178,0.307406
826.807,0.0510489,0.0575872,0.0580064,0.0562436,0.0592967,0.0581829,0.0610684,0.0706661,0.0804498,0.0848127,0.0981152,0.117946,0.137037,0.161409,0.19276,0.226974,0.263598,0.304909,0.315165
827.178,0.0496829,0.0493642,0.0438269,0.0557421,0.0494866,0.0545219,0.0573608,0.0583102,0.0712213,0.0793504,0.0878321,0.108802,0.125915,0.161434,0.191037,0.215082,0.254122,0.293704,0.299615
827.548,0.0534797,0.0594619,0.0601594,0.0542675,0.0643195,0.0567207,0.0664192,0.0684957,0.0721222,0.0880524,0.104618,0.112563,0.132668,0.163485,0.190632,0.232416,0.264059,0.295032,0.316552
827.918,0.0490465,0.0514376,0.0614674,0.0524239,0.0571705,0.0601594,0.05761,0.0641584,0.0707936,0.0801023,0.106592,0.117124,0.135591,0.156631,0.189529,0.224934,0.267545,0.292289,0.30921
828.288,0.051082,0.0540465,0.0564474,0.0564476,0.0562042,0.0612563,0.060864,0.0643689,0.0776047,0.0849916,0.10062,0.110259,0.135142,0.166772,0.193393,0.230319,0.274026,0.298606,0.318253
828.658,0.0556397,0.0548011,0.0562654,0.0612265,0.0609643,0.0610363,0.0633711,0.0696307,0.0766546,0.0839527,0.0969958,0.115793,0.138923,0.159387,0.198736,0.239153,0.26703,0.298987,0.32014
829.028,0.0498811,0.0587269,0.0591109,0.0599823,0.0551079,0.060063,0.066335,0.0688227,0.0744625,0.0887168,0.096889,0.124052,0.148698,0.172191,0.191709,0.236439,0.266582,0.310125,0.322546
829.397,0.0528167,0.0565574,0.0534842,0.0530304,0.0549085,0.0528759,0.064393,0.0697149,0.0764298,0.0810039,0.0915162,0.107794,0.129498,0.16148,0.184884,0.226391,0.260761,0.307441,0.310319
829.767,0.0510656,0.0608092,0.0605988,0.0552678,0.0584287,0.0600645,0.0634173,0.0732198,0.0772344,0.0886983,0.0964145,0.117716,0.140013,0.163608,0.190709,0.230668,0.266867,0.305496,0.314316
830.136,0.0576332,0.0546224,0.0607788,0.0610638,0.0602129,0.0568644,0.0642922,0.0669967,0.0793096,0.0850175,0.0968442,0.116642,0.138988,0.157224,0.196952,0.232168,0.269977,0.299281,0.317572
830.505,0.0489951,0.0498278,0.0498761,0.0552901,0.0538742,0.0515504,0.0543003,0.0653812,0.0663337,0.0826124,0.0958866,0.110475,0.127785,0.151187,0.193609,0.220146,0.266682,0.289828,0.312359
830.874,0.0517463,0.0520591,0.061125,0.0567465,0.0608248,0.0603993,0.0623157,0.0653803,0.0753307,0.0890434,0.096968,0.119852,0.138781,0.16956,0.196886,0.232445,0.266808,0.302933,0.315493
831.243,0.0545216,0.0522437,0.0529677,0.0529238,0.0564865,0.0546462,0.0668789,0.0645166,0.0783195,0.082808,0.104898,0.11436,0.133128,0.162786,0.196019,0.220815,0.268646,0.298588,0.322196
831.612,0.0495603,0.0461183,0.0479891,0.0524071,0.0546259,0.0556537,0.0575364,0.0661345,0.0688822,0.0825855,0.0925803,0.110968,0.133471,0.15565,0.189476,0.224794,0.262919,0.304739,0.315398
831.981,0.0481597,0.0494726,0.0521207,0.0518538,0.0539644,0.0560434,0.0560828,0.0648927,0.0658203,0.0728686,0.0942362,0.114242,0.134125,0.152364,0.196325,0.23199,0.266097,0.298696,0.310016
832.349,0.0498922,0.0551205,0.0592208,0.0530522,0.0647895,0.0622263,0.0604702,0.0693558,0.0717624,0.0922269,0.099051,0.125593,0.133692,0.164851,0.197825,0.227222,0.279573,0.299004,0.318571
832.718,0.0507009,0.0531733,0.058026,0.0555395,0.064158,0.0558023,0.0606642,0.0641243,0.0688829,0.0840669,0.102842,0.113762,0.13106,0.163664,0.196045,0.232204,0.266341,0.29474,0.312714
833.086,0.0552877,0.0509349,0.0613753,0.0618545,0.0567679,0.0611195,0.0653031,0.0604941,0.0748701,0.0807588,0.0971276,0.120142,0.139147,0.161493,0.197043,0.228017,0.266355,0.303146,0.320581
833.454,0.0533211,0.0552495,0.0538571,0.0542602,0.0571813,0.0608915,0.0580131,0.0623032,0.0724793,0.0871572,0.100308,0.120744,0.134716,0.15965,0.192805,0.225944,0.264469,0.295541,0.322406
833.823,0.0640991,0.0625622,0.0594867,0.0605218,0.0603494,0.0624757,0.0597192,0.0664698,0.0800569,0.0860485,0.103399,0.118795,0.139852,0.164739,0.194798,0.227174,0.267823,0.304958,0.322259
834.191,0.0516343,0.0530782,0.049746,0.0571322,0.0594653,0.0571453,0.0594199,0.0653036,0.0742656,0.081686,0.100001,0.124957,0.138108,0.161862,0.193972,0.23279,0.264435,0.301097,0.313466
834.558,0.0478799,0.0539342,0.0538001,0.0551367,0.0490961,0.0524128,0.0567644,0.06565,0.0732787,0.0843742,0.0942317,0.114346,0.128102,0.156585,0.185904,0.218684,0.260838,0.29672,0.309691
834.926,0.0551525,0.05607,0.0561075,0.0629777,0.0600521,0.06174,0.0670776,0.0750923,0.0762845,0.0900104,0.103995,0.117225,0.140892,0.166901,0.197775,0.240061,0.277986,0.314772,0.32161
835.294,0.0530673,0.0588922,0.0546701,0.0553114,0.0561052,0.0614902,0.0614503,0.0623607,0.078765,0.0886095,0.09507,0.106288,0.135983,0.16746,0.189195,0.227016,0.26354,0.298438,0.318694
835.661,0.050004,0.056695,0.0579975,0.0557266,0.0583886,0.0605755,0.0632511,0.067832,0.0777404,0.086474,0.102038,0.118326,0.133648,0.1635,0.196292,0.236156,0.267416,0.303779,0.321952
836.029,0.0468065,0.0474839,0.0535331,0.0499812,0.0543907,0.0542062,0.0541665,0.0646551,0.063798,0.0778233,0.0908044,0.113694,0.143356,0.155542,0.195596,0.23159,0.267128,0.303821,0.315574
836.396,0.0457428,0.0460532,0.0536276,0.0587082,0.0533421,0.0602459,0.0573804,0.059636,0.0701364,0.0839736,0.0953294,0.112497,0.136804,0.156712,0.18622,0.225192,0.263888,0.293849,0.315162
836.763,0.0465718,0.0530712,0.049089,0.0484418,0.0481712,0.0574992,0.0572867,0.0594723,0.0652312,0.0782258,0.0970966,0.1107,0.132594,0.147297,0.19152,0.22262,0.250129,0.297401,0.311701
837.13,0.0504013,0.0550234,0.0547722,0.0571653,0.0545518,0.0555897,0.0580029,0.0623055,0.0695455,0.0825952,0.0952139,0.116177,0.135178,0.160512,0.196514,0.224837,0.268265,0.301155,0.309648
837.497,0.0525122,0.0497853,0.0619871,0.0496321,0.0546668,0.0578709,0.0598166,0.0657278,0.0764071,0.0842216,0.0988284,0.104886,0.136295,0.160368,0.198465,0.224292,0.270802,0.303048,0.31948
837.864,0.0512851,0.0479856,0.053054,0.0603858,0.0565901,0.0538052,0.0585146,0.0676111,0.068331,0.0809062,0.0944921,0.110893,0.135581,0.15966,0.18622,0.22421,0.271966,0.296609,0.315112
838.23,0.0492554,0.0539395,0.0562991,0.0512047,0.0553768,0.0575217,0.056896,0.0610594,0.0725404,0.0800547,0.102662,0.11231,0.133205,0.159052,0.183772,0.227213,0.265573,0.295322,0.315285
838.597,0.0578425,0.0540048,0.054477,0.0586916,0.0628263,0.0614764,0.0615984,0.0639743,0.0778117,0.0877769,0.0994348,0.117467,0.13956,0.162023,0.192557,0.222724,0.263588,0.29379,0.310092
838.963,0.0472825,0.0469428,0.0478947,0.0515306,0.0535134,0.0514862,0.0576401,0.0629501,0.0636022,0.0824197,0.102339,0.119775,0.138058,0.15885,0.195309,0.226327,0.260616,0.292723,0.316696
839.329,0.0482318,0.0565097,0.0601015,0.0560563,0.0603876,0.0633179,0.0704951,0.0608396,0.080929,0.0916775,0.102966,0.124019,0.137666,0.170957,0.204164,0.23882,0.27073,0.306513,0.323587
839.695,0.0478879,0.0552044,0.0597058,0.0592386,0.0594113,0.0621962,0.0643951,0.0616123,0.0711221,0.0891994,0.104342,0.116647,0.131078,0.161868,0.195461,0.238769,0.268399,0.300579,0.320493
840.061,0.0474595,0.0476942,0.0505857,0.056017,0.052797,0.0551126,0.0549502,0.0620499,0.0675839,0.079898,0.0945593,0.109951,0.13227,0.16283,0.198273,0.221678,0.262872,0.301945,0.326423
840.427,0.0548271,0.0550656,0.0555484,0.0568275,0.0542123,0.0554262,0.0647023,0.0678652,0.0710946,0.080267,0.0996034,0.113471,0.138817,0.159179,0.19909,0.227319,0.262037,0.30119,0.320728
840.793,0.0527112,0.0556617,0.0489141,0.0544367,0.059436,0.059354,0.0616181,0.0651329,0.0752334,0.0799111,0.0980429,0.115056,0.133046,0.160814,0.19439,0.229958,0.270123,0.301298,0.313957
841.159,0.0569672,0.05768,0.0563634,0.0586371,0.0668797,0.060776,0.0643843,0.0681113,0.0720995,0.0887118,0.103928,0.115838,0.14024,0.168746,0.204656,0.236602,0.267622,0.306835,0.323766
841.524,0.0520377,0.0509975,0.052879,0.053912,0.0530718,0.0521729,0.0615487,0.0617261,0.0704175,0.0926539,0.0954214,0.114248,0.139201,0.160229,0.187865,0.225218,0.26486,0.298376,0.311283
841.889,0.0496003,0.0469601,0.0536274,0.057048,0.0478227,0.0560055,0.0598455,0.0603175,0.0737425,0.0837989,0.098131,0.115922,0.134799,0.165603,0.191052,0.2188,0.26293,0.294035,0.308815
842.255,0.0530817,0.0595445,0.0589389,0.057294,0.0621908,0.0580749,0.064675,0.0709183,0.0751627,0.0907763,0.0961259,0.118987,0.141822,0.166238,0.191188,0.227528,0.27466,0.306602,0.315959
842.62,0.052839,0.0574392,0.0573454,0.0587916,0.0566607,0.0633355,0.0594119,0.065221,0.0728268,0.0918632,0.101825,0.117435,0.13843,0.172267,0.194241,0.23108,0.276873,0.301516,0.321331
842.985,0.0493259,0.0486586,0.0560516,0.0570405,0.0561057,0.0563794,0.0594572,0.064139,0.0773411,0.0791394,0.105951,0.121577,0.131699,0.163626,0.199371,0.225254,0.273764,0.293012,0.319953
843.35,0.0547901,0.0556363,0.0513549,0.0637962,0.0616668,0.0679113,0.0567381,0.0744422,0.0807926,0.0867914,0.101466,0.121648,0.138254,0.173625,0.189045,0.230829,0.27069,0.300896,0.325177
843.714,0.0513327,0.0593929,0.055938,0.0602287,0.0564678,0.062434,0.0685653,0.0697665,0.0796025,0.0864161,0.100772,0.120415,0.139901,0.164953,0.195242,0.226065,0.268066,0.293702,0.32487
844.079,0.0525608,0.0568209,0.0561301,0.0612335,0.0598074,0.058966,0.0632667,0.0628832,0.0686278,0.0786227,0.0927633,0.115855,0.149986,0.165209,0.196622,0.238148,0.278564,0.309413,0.335223
844.444,0.0550476,0.0552554,0.0560226,0.0588073,0.0672239,0.063733,0.0617804,0.0677514,0.0740798,0.0842336,0.10105,0.117774,0.142414,0.161567,0.191912,0.226548,0.266196,0.298532,0.314086
844.808,0.0561858,0.061243,0.0551069,0.0559002,0.0609059,0.0648072,0.059438,0.0676951,0.0743823,0.0879552,0.104822,0.119787,0.138658,0.167665,0.204116,0.231048,0.276705,0.300627,0.321716
845.172,0.0477684,0.049433,0.0532376,0.0503766,0.0550445,0.0548589,0.0608296,0.0559555,0.0659609,0.0833836,0.0947091,0.114426,0.133509,0.158108,0.18299,0.221944,0.255111,0.295055,0.319724
845.536,0.044276,0.0581013,0.0447552,0.0545566,0.0525442,0.0579666,0.0584102,0.0615711,0.072329,0.0898781,0.0925946,0.110586,0.139912,0.156901,0.189113,0.240066,0.262867,0.302727,0.309809
845.9,0.0554709,0.0592876,0.0587562,0.064523,0.0675265,0.0644231,0.0722674,0.0760214,0.0824664,0.0879929,0.104422,0.123093,0.143343,0.163286,0.199849,0.235299,0.279866,0.305001,0.331377
846.264,0.0559408,0.0613585,0.0556778,0.0575259,0.0573648,0.0657668,0.0633911,0.0676074,0.0755674,0.0894139,0.102657,0.1159,0.14656,0.161387,0.199235,0.231541,0.274015,0.32114,0.331817
846.628,0.0515108,0.0536477,0.0537404,0.0573467,0.0596604,0.0521063,0.0564283,0.0599153,0.071859,0.082868,0.0991706,0.114069,0.143326,0.158488,0.191726,0.229127,0.271149,0.302215,0.324713
846.992,0.0434818,0.0489398,0.0448221,0.0505456,0.0533012,0.0503489,0.050586,0.0607338,0.0697652,0.0838263,0.0917392,0.115098,0.134385,0.158077,0.18189,0.219006,0.254391,0.296232,0.312032
847.355,0.0544679,0.052087,0.0554287,0.0524473,0.0579153,0.0530488,0.0605463,0.0592636,0.0729119,0.0806336,0.0979292,0.116705,0.135884,0.159487,0.191801,0.221027,0.261488,0.296053,0.314314
847.718,0.046524,0.0534619,0.0549744,0.0582265,0.0581841,0.0566453,0.0593928,0.0610135,0.0668751,0.0854408,0.0996203,0.118613,0.132195,0.163466,0.185944,0.223442,0.263019,0.301003,0.311575
848.082,0.0460051,0.0545676,0.0545123,0.0563004,0.0572254,0.0550544,0.0523483,0.0616994,0.0709353,0.0861712,0.0983551,0.113236,0.135393,0.161736,0.195028,0.241051,0.278337,0.299951,0.325903
848.445,0.0527514,0.0578357,0.062002,0.0594755,0.0539763,0.063271,0.0632747,0.0691256,0.0711141,0.083653,0.103287,0.119028,0.137408,0.169751,0.195751,0.233368,0.275339,0.302034,0.322293
848.808,0.0565306,0.0549789,0.0569335,0.0555733,0.0574498,0.0576476,0.061151,0.0696483,0.0718753,0.0912177,0.0989576,0.111836,0.141852,0.163049,0.192606,0.220198,0.273383,0.303205,0.322271
849.171,0.0540466,0.0568943,0.060476,0.0537232,0.057309,0.0666875,0.0636896,0.0719135,0.0770111,0.0817235,0.103586,0.112283,0.14155,0.166549,0.201388,0.235463,0.278508,0.307789,0.324081
849.533,0.0490433,0.0543817,0.0603491,0.0551711,0.053604,0.05812,0.059691,0.0703844,0.0751068,0.0862753,0.0984259,0.113954,0.139324,0.161713,0.193231,0.221825,0.267954,0.299624,0.31463
849.896,0.0528298,0.054142,0.0600921,0.0561736,0.0554534,0.0588121,0.0604294,0.064881,0.0727252,0.0856571,0.0992076,0.119134,0.127103,0.160693,0.192127,0.224703,0.26547,0.29545,0.319092
850.259,0.0467134,0.0435368,0.050168,0.0449223,0.051768,0.0450304,0.0541558,0.0574444,0.0626251,0.0768473,0.0905864,0.110217,0.135991,0.156493,0.192359,0.221697,0.260013,0.288529,0.304435
850.621,0.049508,0.0532096,0.0583825,0.056831,0.0633696,0.0617384,0.066994,0.0707719,0.0755138,0.0935523,0.0997152,0.11358,0.140069,0.165366,0.19851,0.233586,0.272856,0.307405,0.317615
850.983,0.04463,0.050446,0.056705,0.0582574,0.0587511,0.0490692,0.0589183,0.0656027,0.0739431,0.086134,0.0934083,0.116606,0.133423,0.157206,0.186807,0.219875,0.259536,0.283537,0.310523
851.345,0.0570548,0.0585915,0.0561621,0.0608812,0.0660047,0.0658435,0.0646103,0.0686049,0.0832405,0.0831048,0.105571,0.116938,0.141737,0.168434,0.197944,0.235662,0.269375,0.305905,0.327548
851.707,0.0539805,0.0545673,0.0580925,0.0636869,0.061513,0.0684325,0.0622265,0.0633148,0.0796362,0.0874632,0.106861,0.11911,0.145231,0.17032,0.198994,0.226679,0.271608,0.303065,0.322009
852.069,0.0538629,0.0613138,0.0624294,0.0590274,0.0638348,0.0627099,0.0676266,0.0759098,0.0793105,0.0893378,0.102249,0.124661,0.134361,0.174186,0.200333,0.23402,0.263109,0.298408,0.314351
852.431,0.052326,0.0536567,0.0573958,0.0620969,0.0626976,0.0527675,0.0638451,0.0645393,0.0790482,0.0865562,0.101025,0.122974,0.134102,0.158063,0.198866,0.235032,0.276158,0.307931,0.320337
852.793,0.0555329,0.0567316,0.0588289,0.0608108,0.0546646,0.0615136,0.0624566,0.0710618,0.0768567,0.0909743,0.0987692,0.121914,0.138352,0.169409,0.18774,0.23319,0.274846,0.298462,0.324966
853.154,0.0503473,0.0615008,0.0571892,0.0559117,0.0528394,0.0580929,0.063743,0.0655121,0.0746667,0.0834191,0.0988806,0.1151,0.130248,0.155665,0.188066,0.22595,0.261551,0.294583,0.324524
853.515,0.051971,0.0522595,0.0535981,0.0615309,0.0579779,0.0651196,0.0608918,0.0664141,0.0737187,0.0822422,0.0957009,0.110673,0.14193,0.165035,0.207031,0.238176,0.265071,0.306259,0.321757
853.877,0.0527257,0.054832,0.0534799,0.0474802,0.0627349,0.0605725,0.0598232,0.0703644,0.0693205,0.080693,0.103631,0.114122,0.136743,0.162296,0.190829,0.218391,0.269119,0.299276,0.311126
854.238,0.0494949,0.053913,0.045636,0.0506114,0.0463527,0.0592466,0.0531649,0.0666565,0.0730076,0.0793794,0.0926382,0.109862,0.136681,0.158432,0.189816,0.217333,0.266233,0.292585,0.309944
854.599,0.0526658,0.0544872,0.0547119,0.0553987,0.0577854,0.0606111,0.0589949,0.0619861,0.0706253,0.0865015,0.0940787,0.110583,0.13465,0.157104,0.185198,0.22271,0.26339,0.299709,0.308093
854.96,0.0514046,0.0596491,0.0594252,0.0570241,0.0584607,0.0576292,0.0699525,0.0659049,0.0700833,0.0872263,0.102009,0.117426,0.141523,0.157704,0.19826,0.232394,0.26407,0.301407,0.312819
855.321,0.0499409,0.0577943,0.0601193,0.0578136,0.0594882,0.0540899,0.0563723,0.0690937,0.0677249,0.0873937,0.0989776,0.109949,0.141122,0.166143,0.193472,0.226441,0.277396,0.306246,0.314808
855.681,0.0508247,0.0517269,0.0534654,0.0538849,0.0585559,0.0592957,0.0568216,0.0688054,0.079884,0.0773519,0.0988074,0.113021,0.132128,0.165078,0.193456,0.218759,0.268422,0.292698,0.321957
856.042,0.0469828,0.053039,0.0515644,0.0497693,0.0532543,0.053384,0.0603713,0.0609851,0.0723498,0.077004,0.0902721,0.111058,0.128052,0.155283,0.184642,0.219297,0.26237,0.289568,0.316162
856.402,0.0472898,0.0586684,0.0521152,0.0571164,0.0599191,0.054558,0.0572295,0.0705096,0.075879,0.0837441,0.0999548,0.112232,0.135092,0.161388,0.186024,0.23088,0.268212,0.300053,0.316595
856.762,0.0511806,0.0496782,0.0583418,0.0548537,0.0562082,0.0566615,0.0645361,0.0661543,0.0721268,0.0794277,0.102108,0.110712,0.135183,0.151016,0.187091,0.214729,0.262695,0.290776,0.312244
857.122,0.0586466,0.0553177,0.0554713,0.0601825,0.0582154,0.0547976,0.0571086,0.0693355,0.0727603,0.086124,0.10116,0.120631,0.144588,0.164741,0.200511,0.224395,0.265092,0.315483,0.31635
857.482,0.0444144,0.0511438,0.0488358,0.0494435,0.0489636,0.0535432,0.0572475,0.0563264,0.0646172,0.069487,0.0918166,0.116739,0.13258,0.15447,0.186013,0.213426,0.255022,0.29632,0.314058
857.842,0.0577281,0.0573651,0.062961,0.0600928,0.0664469,0.0577238,0.067322,0.0667897,0.0814746,0.0890016,0.101057,0.117705,0.142521,0.167979,0.203974,0.222732,0.275016,0.302043,0.326714
858.202,0.0526012,0.0534905,0.058285,0.0560821,0.0546833,0.0607584,0.0624356,0.0680271,0.0779324,0.0804108,0.0996177,0.112259,0.143458,0.172054,0.192662,0.236723,0.269828,0.291637,0.316295
858.562,0.0509941,0.0603538,0.0559141,0.056108,0.0516343,0.0567551,0.0606031,0.0693241,0.0814871,0.089928,0.102333,0.120717,0.134047,0.17201,0.195288,0.235043,0.272261,0.300759,0.322901
858.921,0.0523413,0.0501543,0.0538075,0.0560385,0.0460957,0.0507672,0.0552624,0.0637198,0.0668163,0.0785783,0.0911407,0.10944,0.124243,0.153588,0.185023,0.213131,0.258833,0.289816,0.310844
859.281,0.0488345,0.0480699,0.0588623,0.0525421,0.053538,0.0588735,0.0573364,0.0667548,0.0745059,0.0871865,0.099722,0.116395,0.133495,0.164611,0.194571,0.23476,0.265856,0.305657,0.320931
859.64,0.0495337,0.0630926,0.0624243,0.0598033,0.0643662,0.0611896,0.059386,0.0650475,0.0791262,0.0836062,0.103749,0.115678,0.146894,0.16774,0.19498,0.23753,0.270423,0.305169,0.322251
859.999,0.0502468,0.0557963,0.0538787,0.0564193,0.0651744,0.0625704,0.0706491,0.0692952,0.0769342,0.0787685,0.0949109,0.117983,0.137919,0.164913,0.18874,0.225747,0.269068,0.296637,0.316168
860.358,0.0474943,0.0476719,0.0590832,0.0517795,0.0551602,0.0439622,0.0478648,0.0648446,0.0667513,0.0774942,0.0867994,0.116211,0.132475,0.15995,0.18793,0.226273,0.251537,0.29512,0.310052
860.717,0.0516664,0.0485449,0.0566099,0.0468769,0.0508469,0.0561307,0.0586142,0.0633452,0.0805794,0.0743649,0.0955384,0.117427,0.127835,0.164655,0.188858,0.226034,0.264961,0.304007,0.318547
861.076,0.0598269,0.0519107,0.0608459,0.0546049,0.0636508,0.0655904,0.0672473,0.0734309,0.0824336,0.0803648,0.101623,0.115013,0.142085,0.173184,0.202984,0.231804,0.277454,0.311193,0.322094
861.434,0.0554199,0.0549535,0.0586548,0.0606393,0.0598342,0.0612271,0.0582172,0.0766088,0.0768951,0.0842156,0.102238,0.12191,0.146431,0.176026,0.19104,0.240088,0.270652,0.306363,0.319194
861.793,0.0540182,0.0483357,0.0610299,0.05553,0.0578828,0.064194,0.0681178,0.0652342,0.0778248,0.0909965,0.0982131,0.109155,0.135415,0.161714,0.189692,0.234798,0.269774,0.307072,0.316339
862.151,0.0602463,0.0450983,0.0521558,0.0542943,0.0612987,0.063265,0.06895,0.0667208,0.0785178,0.0905352,0.101812,0.118609,0.132073,0.163591,0.195104,0.232374,0.279232,0.307484,0.330538
862.509,0.0583,0.0520252,0.0639044,0.056926,0.0695452,0.0641143,0.0531672,0.0656839,0.0827754,0.0876834,0.100683,0.121748,0.135274,0.162362,0.186687,0.230207,0.291773,0.303466,0.328451
862.868,0.0557999,0.0587543,0.061807,0.0629093,0.0584107,0.0719962,0.0635444,0.0787828,0.0788482,0.0871895,0.107623,0.120935,0.150832,0.168134,0.207405,0.241666,0.285816,0.322689,0.340445
863.226,0.0537592,0.0528163,0.0507457,0.0535838,0.0599061,0.0577116,0.0580601,0.0753127,0.071104,0.089163,0.104582,0.117744,0.134659,0.165912,0.199121,0.237173,0.275221,0.314682,0.323826
863.583,0.0535031,0.0571633,0.0522997,0.0559838,0.0518038,0.0564876,0.0621371,0.0633939,0.073084,0.0841672,0.0980917,0.112163,0.149478,0.170283,0.197324,0.242108,0.27174,0.30761,0.31528
863.941,0.0526054,0.0567992,0.060338,0.057398,0.0546229,0.064674,0.0583906,0.0660498,0.070627,0.0886664,0.103474,0.120614,0.141029,0.161914,0.200203,0.24309,0.258887,0.306819,0.327187
864.299,0.045782,0.0524467,0.05906,0.0509608,0.0545183,0.0546956,0.0524357,0.0581727,0.0701824,0.0682121,0.0915335,0.112891,0.133029,0.157755,0.190426,0.230309,0.258261,0.29922,0.311257
864.656,0.0561068,0.0572708,0.0624355,0.0605222,0.057534,0.0627291,0.0668132,0.0681479,0.0746266,0.0729243,0.093073,0.120536,0.142397,0.159531,0.211327,0.230428,0.274222,0.307934,0.322928
865.014,0.0549653,0.0560606,0.0503898,0.0564115,0.0609624,0.0609581,0.0623726,0.0703622,0.0690511,0.0851741,0.103525,0.122025,0.140089,0.165482,0.208623,0.230541,0.280537,0.309321,0.332784
865.371,0.0580406,0.0642711,0.0691607,0.0651321,0.0615046,0.0667335,0.0638649,0.0736115,0.0751882,0.0801495,0.112515,0.124302,0.155127,0.166342,0.202174,0.234666,0.281771,0.308321,0.324023
865.728,0.0594008,0.0606485,0.0556868,0.0548316,0.0643832,0.0636608,0.056147,0.073576,0.0749701,0.0862832,0.105927,0.121442,0.136093,0.175617,0.20231,0.239759,0.2915,0.310957,0.334329
866.085,0.0496517,0.053939,0.0544281,0.0506082,0.0597762,0.0562086,0.0604325,0.0628294,0.074725,0.0808002,0.103358,0.106975,0.125451,0.157823,0.190514,0.222307,0.26956,0.289294,0.319662
866.442,0.0487767,0.0575907,0.0500862,0.053828,0.0544124,0.0605871,0.0583404,0.0620156,0.0729046,0.0803953,0.0980329,0.110888,0.131213,0.158291,0.198316,0.223203,0.266645,0.297188,0.319138
866.799,0.050037,0.0509423,0.0533302,0.0560162,0.0559237,0.0623831,0.0634329,0.0650007,0.0742359,0.0833622,0.0992801,0.11232,0.135671,0.164681,0.183752,0.224979,0.270408,0.288373,0.321646
867.155,0.0477171,0.0512484,0.050603,0.0568572,0.0538139,0.0584717,0.0581282,0.0648324,0.0790852,0.0837029,0.104978,0.110631,0.136812,0.169712,0.196788,0.223918,0.274492,0.290626,0.317921
867.512,0.0529055,0.054795,0.0565709,0.0498841,0.0528043,0.0565121,0.0626623,0.0647165,0.0665387,0.0860847,0.0961038,0.114139,0.127897,0.164397,0.189225,0.237388,0.26752,0.292816,0.319694
867.868,0.0597439,0.0538123,0.0685296,0.0605059,0.0626105,0.0690866,0.0627758,0.0710706,0.0689887,0.0870837,0.104204,0.124551,0.135914,0.162386,0.190279,0.232611,0.270064,0.309131,0.315182
868.225,0.0536187,0.0524251,0.0662221,0.0579031,0.0623324,0.0613933,0.0608186,0.0751748,0.0749645,0.0840688,0.0966111,0.123751,0.144771,0.162958,0.198101,0.234803,0.262408,0.305887,0.318254
868.581,0.0389541,0.0518168,0.0503116,0.0531053,0.0510458,0.0519613,0.0524239,0.0569531,0.0747711,0.0724281,0.0975358,0.111025,0.128428,0.161396,0.184217,0.223398,0.257124,0.296271,0.300871
868.937,0.0589378,0.0567656,0.0659021,0.056493,0.0667503,0.0542972,0.0600455,0.0678333,0.0721302,0.0875386,0.10122,0.117259,0.139645,0.167439,0.193495,0.22465,0.270754,0.301596,0.329587
869.293,0.0580402,0.0507765,0.0579397,0.0674375,0.0567675,0.0602849,0.0692188,0.0709735,0.0824688,0.0838055,0.100461,0.1207,0.147153,0.171738,0.200084,0.245016,0.288331,0.312122,0.339342
869.648,0.0413219,0.0433557,0.0496227,0.0398782,0.0496028,0.0441169,0.0669923,0.055293,0.0669396,0.0716917,0.0857495,0.114831,0.129815,0.154553,0.17722,0.222474,0.255574,0.288923,0.315291
870.004,0.0549463,0.0594173,0.0528758,0.0509629,0.048853,0.05877,0.0576838,0.0566991,0.0770669,0.0883128,0.0974286,0.118016,0.135532,0.163378,0.190064,0.228825,0.267044,0.300193,0.326456
870.359,0.052268,0.0547398,0.0463782,0.0500567,0.0608222,0.0614816,0.0529719,0.0616735,0.0760937,0.0821041,0.105686,0.114126,0.126706,0.165381,0.188562,0.218954,0.262804,0.294398,0.318544
870.715,0.05402,0.0588771,0.0571174,0.0606841,0.0577828,0.0638401,0.0627313,0.0721085,0.0767693,0.0870565,0.108537,0.117116,0.146485,0.173108,0.203232,0.238243,0.276689,0.321493,0.329019
871.07,0.0447775,0.0475512,0.0529437,0.0522622,0.0562509,0.0520887,0.0562512,0.0564806,0.0706551,0.0800326,0.0888691,0.109674,0.123063,0.160514,0.18687,0.220581,0.254261,0.296627,0.313102
871.425,0.043721,0.0637379,0.061407,0.0593091,0.0604393,0.0628866,0.0601607,0.0735486,0.0790501,0.0828536,0.103833,0.120706,0.127593,0.164503,0.196921,0.239977,0.26852,0.307366,0.313573
871.78,0.0463631,0.0602732,0.0599097,0.0600598,0.054919,0.0615397,0.0632773,0.069112,0.0727925,0.0817727,0.103628,0.11761,0.129995,0.152831,0.193075,0.232722,0.260582,0.306772,0.314507
872.135,0.0513365,0.0510158,0.0498825,0.0582041,0.0537238,0.04995,0.0629415,0.0611707,0.0740329,0.0757369,0.0889493,0.115923,0.129365,0.17223,0.200832,0.23618,0.276445,0.313538,0.331481
872.49,0.0547759,0.0499154,0.0525641,0.0609204,0.0579937,0.0655412,0.060053,0.0710609,0.0708292,0.0888993,0.100547,0.109921,0.138601,0.16062,0.196167,0.223498,0.263118,0.300414,0.30908
872.844,0.0584294,0.0509795,0.0619507,0.060071,0.0574051,0.0675266,0.0634731,0.0746847,0.0792401,0.0947169,0.107878,0.126222,0.15302,0.170112,0.194824,0.242769,0.271403,0.324984,0.325736
873.199,0.0503323,0.0491231,0.0581122,0.0569019,0.0552632,0.0560987,0.0585764,0.0683325,0.0790781,0.080447,0.0963107,0.122696,0.13027,0.160602,0.199935,0.232214,0.281975,0.301907,0.322034
873.553,0.0488244,0.0613358,0.0548731,0.0594751,0.0592179,0.0587216,0.0645991,0.0669846,0.0668979,0.0872011,0.10004,0.128163,0.141118,0.168205,0.198446,0.243856,0.273912,0.322579,0.33671
873.908,0.0491458,0.05516,0.0550646,0.0529839,0.0522021,0.0618294,0.064019,0.069668,0.0748766,0.0803904,0.0947498,0.121244,0.129871,0.159612,0.187353,0.234233,0.266809,0.300581,0.31711
874.262,0.044696,0.0604257,0.0551129,0.0605917,0.0537031,0.0569326,0.0635718,0.0706154,0.0857965,0.081793,0.103859,0.124386,0.138014,0.160566,0.193756,0.224499,0.267036,0.30418,0.322101
874.616,0.0533122,0.0551613,0.0523736,0.0563381,0.0534419,0.0614182,0.0680962,0.0700552,0.076198,0.0830887,0.100953,0.119709,0.138762,0.169221,0.200217,0.24663,0.28323,0.311909,0.322832
874.97,0.064385,0.063517,0.0642336,0.066431,0.0654467,0.0699696,0.0656871,0.0778903,0.0809715,0.0905877,0.103672,0.115856,0.14707,0.174338,0.214812,0.232618,0.27991,0.314571,0.320384
875.323,0.056804,0.0518513,0.0550231,0.0606255,0.0601156,0.068333,0.0595894,0.0711056,0.0742144,0.0838206,0.103722,0.120818,0.140746,0.164221,0.192766,0.235458,0.267791,0.312822,0.322352
875.677,0.047793,0.0472394,0.0659414,0.061648,0.0502649,0.0518492,0.0600889,0.0707985,0.0802666,0.0886316,0.107598,0.115137,0.14323,0.163324,0.188325,0.228559,0.264213,0.307478,0.329808
876.031,0.0489925,0.0482841,0.0549021,0.0541777,0.0591577,0.0582474,0.0550312,0.0632294,0.0756958,0.0766591,0.105922,0.115036,0.129358,0.166201,0.202038,0.227867,0.268454,0.306101,0.319966
876.384,0.0502147,0.0596512,0.0571703,0.0577674,0.0495649,0.0576592,0.0564417,0.0672244,0.071687,0.0854057,0.100651,0.112071,0.13123,0.173265,0.20704,0.233894,0.277625,0.316808,0.317726
876.737,0.0539407,0.0579155,0.0641779,0.0581768,0.0546779,0.0602571,0.0604921,0.0702559,0.0751585,0.094502,0.0934724,0.118673,0.132234,0.165467,0.199204,0.218943,0.275129,0.301534,0.307065
877.09,0.0485675,0.0575093,0.0607632,0.0498804,0.0533661,0.0591438,0.0646829,0.0585331,0.0733192,0.0781338,0.101165,0.115938,0.136001,0.169261,0.200242,0.228828,0.268061,0.293228,0.318408
877.443,0.0543819,0.0476994,0.0522878,0.0552846,0.0592612,0.0543812,0.0628958,0.0603468,0.080405,0.0875644,0.0984696,0.120896,0.145799,0.162449,0.190409,0.217655,0.273765,0.295207,0.317715
877.796,0.0500018,0.0519065,0.0509204,0.0578594,0.0540211,0.0572895,0.0489852,0.0620379,0.0725362,0.0901385,0.101115,0.121683,0.13726,0.154063,0.189174,0.218436,0.261623,0.305549,0.306935
878.149,0.0526843,0.0611539,0.062184,0.0573912,0.0543011,0.0614152,0.0696701,0.06722,0.0781246,0.088982,0.104431,0.120335,0.136932,0.162415,0.194958,0.232626,0.266329,0.296948,0.305158
878.501,0.0602256,0.0487018,0.052973,0.0635316,0.0585566,0.0587957,0.0577705,0.0769656,0.0837465,0.0822007,0.105981,0.114856,0.146343,0.167348,0.201874,0.233904,0.271183,0.308688,0.328635
878.854,0.0560645,0.0540148,0.060883,0.059148,0.0597465,0.0586666,0.0608682,0.0696228,0.0718931,0.087276,0.102666,0.119115,0.140546,0.163331,0.195697,0.245273,0.263266,0.312392,0.327657
879.206,0.0504688,0.0460603,0.046014,0.0525207,0.0532569,0.0542389,0.0575488,0.0645044,0.0664685,0.0798794,0.0981544,0.113997,0.137644,0.154216,0.187704,0.230546,0.276262,0.298569,0.324391
879.559,0.0656828,0.0544698,0.0556103,0.0576147,0.052295,0.0565542,0.0641172,0.0702049,0.0742628,0.0835307,0.092306,0.105278,0.141563,0.168944,0.190741,0.234178,0.266828,0.300398,0.333974
879.911,0.0464841,0.0477968,0.061944,0.0476178,0.056445,0.0505793,0.0582191,0.0619231,0.0667102,0.0820372,0.0918401,0.104181,0.13476,0.154094,0.19435,0.225926,0.260902,0.295761,0.31524
880.263,0.0541618,0.0456713,0.0566625,0.0644609,0.0708919,0.0529428,0.0616895,0.0776308,0.0840771,0.0902323,0.108674,0.121119,0.144614,0.174475,0.199361,0.240486,0.28137,0.317593,0.333932
880.615,0.0530371,0.0493508,0.051217,0.0543767,0.0539717,0.0510951,0.0456405,0.060235,0.0727124,0.0789228,0.0938877,0.118645,0.130264,0.152068,0.190408,0.224296,0.263637,0.301094,0.296991
880.966,0.0567774,0.0529517,0.0515321,0.056457,0.0487819,0.0522415,0.0519347,0.0676559,0.0685542,0.0847563,0.0956975,0.111342,0.133729,0.156429,0.198193,0.239346,0.265461,0.305386,0.332182
881.318,0.0580126,0.0621712,0.0549927,0.0557308,0.0555927,0.0604954,0.0639981,0.0678445,0.0793336,0.0845181,0.0909866,0.126806,0.132776,0.166152,0.196114,0.230677,0.275016,0.295736,0.323615
881.669,0.047029,0.057987,0.0555823,0.0546222,0.0573754,0.05935,0.062509,0.0658956,0.0771117,0.0810313,0.0960316,0.112819,0.128068,0.165822,0.194254,0.223331,0.262935,0.293352,0.321936
882.021,0.0449072,0.0484981,0.0541125,0.0488234,0.055228,0.0513038,0.0540231,0.0571293,0.065147,0.0755597,0.0865243,0.113991,0.127812,0.155936,0.195973,0.22103,0.254854,0.281508,0.28956
882.372,0.045875,0.0477106,0.0553901,0.0427001,0.0456861,0.0572277,0.0670017,0.0576319,0.0644083,0.0703998,0.0960049,0.112382,0.129906,0.153072,0.189245,0.231614,0.261514,0.3009,0.319863
882.723,0.0613637,0.0499866,0.048465,0.0623997,0.0632559,0.0627209,0.0579195,0.0706191,0.0753795,0.0845225,0.100837,0.118072,0.138156,0.160098,0.191238,0.236042,0.270941,0.297673,0.319751
883.074,0.0405868,0.0613503,0.0543598,0.0508304,0.057945,0.0505321,0.063624,0.0764912,0.0743655,0.0865398,0.0928784,0.114343,0.138012,0.162997,0.201494,0.230982,0.271228,0.310772,0.326228
883.425,0.0473443,0.0543404,0.0590558,0.0525974,0.0593776,0.0466956,0.0610689,0.0661976,0.0681589,0.0843611,0.106576,0.111006,0.131959,0.157571,0.197774,0.241581,0.287388,0.304092,0.319443
883.776,0.0403983,0.0552549,0.0547766,0.0553024,0.0583121,0.05388,0.0587984,0.0703319,0.0709622,0.0820428,0.103489,0.116276,0.144228,0.161359,0.196446,0.227937,0.270229,0.306797,0.326805
884.126,0.0483787,0.0490283,0.0543886,0.058568,0.0540993,0.0623246,0.06142,0.0675691,0.079769,0.079242,0.101792,0.115736,0.130179,0.158647,0.184453,0.235994,0.281649,0.309435,0.321758
884.477,0.0475271,0.0613265,0.0488092,0.0491466,0.0538864,0.0558977,0.0594458,0.0703104,0.078367,0.0916809,0.107931,0.113413,0.1385,0.160484,0.189756,0.239697,0.265674,0.287601,0.318688
884.827,0.0551339,0.0565722,0.0607932,0.0563032,0.0473367,0.0661292,0.0711698,0.0658107,0.09012,0.0885291,0.110636,0.121604,0.13887,0.179243,0.20009,0.246318,0.289189,0.310462,0.322561
885.177,0.0503646,0.0568576,0.0605422,0.060221,0.0650169,0.0617859,0.0691309,0.0776504,0.0771002,0.0926937,0.107214,0.124562,0.147337,0.167717,0.203291,0.240845,0.276418,0.30962,0.333674
885.528,0.0485817,0.0479324,0.0520047,0.0509297,0.0554048,0.0658208,0.0571778,0.0733209,0.0692285,0.0745303,0.0996762,0.12436,0.142695,0.161423,0.195323,0.229346,0.264838,0.299653,0.30632
885.878,0.0601318,0.0521817,0.0596685,0.0746576,0.062386,0.0620338,0.0622318,0.0801057,0.0701792,0.0897673,0.105732,0.124254,0.133327,0.160383,0.196168,0.231746,0.270927,0.306499,0.310953
886.227,0.0568928,0.0718635,0.0708456,0.0697672,0.0720063,0.0693746,0.0715702,0.0906191,0.0935591,0.0928229,0.110514,0.121842,0.153863,0.17364,0.213496,0.246821,0.293032,0.305819,0.332171
886.577,0.0534556,0.0520002,0.0543328,0.0582754,0.056856,0.0535146,0.0523714,0.062295,0.0678917,0.0884258,0.093348,0.116578,0.129231,0.155632,0.196863,0.241353,0.282824,0.308241,0.325669
886.927,0.0622155,0.0564995,0.0582527,0.0687748,0.0681836,0.0742404,0.0754669,0.0703454,0.0841791,0.0895692,0.115944,0.129763,0.147635,0.163283,0.198544,0.244427,0.296266,0.321249,0.340783
887.276,0.0609462,0.060541,0.0621279,0.0588817,0.0589047,0.0618607,0.066002,0.0632773,0.087496,0.0843589,0.110389,0.116667,0.135681,0.158226,0.19381,0.224647,0.282809,0.297825,0.303149
887.626,0.0578332,0.0673132,0.0739096,0.0687353,0.0601446,0.0673235,0.0810828,0.0663724,0.0784285,0.0903342,0.102014,0.124887,0.145646,0.184584,0.203891,0.241403,0.292144,0.305801,0.33328
887.975,0.0415107,0.0398763,0.0485224,0.04584,0.0525549,0.046396,0.050281,0.0560439,0.0698843,0.0727281,0.0911837,0.112116,0.133468,0.153761,0.194278,0.221375,0.252419,0.303585,0.316668
888.324,0.0441725,0.0502882,0.0639309,0.0600482,0.055661,0.060294,0.0622456,0.0623306,0.0712181,0.0772358,0.0977466,0.118345,0.134589,0.154782,0.193448,0.233849,0.267854,0.304372,0.318462
888.673,0.054005,0.0538721,0.0528209,0.0624357,0.0492619,0.0477098,0.0610845,0.0636384,0.0757808,0.0818605,0.103827,0.111611,0.140394,0.161786,0.200953,0.224503,0.282148,0.320411,0.323971
889.022,0.0495419,0.0514512,0.0459757,0.0512629,0.0484957,0.0507613,0.0576796,0.0580901,0.0706722,0.0820361,0.0884659,0.107602,0.126606,0.15537,0.182781,0.22519,0.255877,0.290037,0.305113
889.37,0.0508982,0.0483919,0.0655425,0.0537929,0.0589209,0.0555456,0.0555973,0.0637784,0.0721747,0.0837278,0.100707,0.120293,0.139268,0.155932,0.196675,0.224414,0.275444,0.293751,0.314694
889.719,0.0635608,0.0561409,0.056196,0.0573786,0.0569205,0.069148,0.0665989,0.0634543,0.0691495,0.0991498,0.111077,0.118731,0.146963,0.169789,0.200861,0.238655,0.278823,0.312243,0.337715
890.068,0.0495345,0.0520093,0.0544308,0.0534002,0.0555086,0.0472982,0.0546519,0.0691173,0.0669208,0.0812753,0.100255,0.112858,0.136686,0.162983,0.188676,0.213967,0.260865,0.287609,0.313056
890.416,0.0661164,0.0556818,0.067407,0.0590084,0.0654259,0.0607462,0.0671873,0.0749428,0.0833493,0.0878698,0.114443,0.120679,0.145765,0.177988,0.205583,0.221827,0.268347,0.29758,0.320928
890.764,0.0623395,0.0603009,0.0572081,0.054779,0.0598875,0.0611732,0.0680878,0.0738434,0.0698977,0.0853585,0.0999055,0.116452,0.135281,0.152255,0.19441,0.220704,0.263211,0.299474,0.307738
891.112,0.0625687,0.0612315,0.0446886,0.0534053,0.0454247,0.0608503,0.0561823,0.0760872,0.0765105,0.0912034,0.100373,0.109995,0.146573,0.157739,0.197878,0.232794,0.275568,0.294024,0.330155
891.46,0.0443179,0.0430681,0.0471134,0.0430556,0.0564625,0.0461045,0.0535531,0.0677315,0.0741431,0.0834474,0.0953725,0.111794,0.128063,0.15305,0.185479,0.231187,0.256794,0.290532,0.3245
891.808,0.0465415,0.0541797,0.0542407,0.048086,0.0585147,0.0462302,0.0580124,0.0531795,0.0723634,0.0815033,0.0956387,0.114107,0.118689,0.163525,0.19109,0.216175,0.263223,0.289384,0.31928
892.156,0.0517272,0.0494895,0.0457924,0.0458339,0.0521783,0.0519256,0.0480165,0.0733744,0.0762439,0.0703659,0.09559,0.11303,0.130872,0.163323,0.187243,0.219808,0.270703,0.299994,0.316737
892.503,0.0658507,0.0538027,0.0552156,0.0621188,0.0587067,0.0552406,0.054667,0.077262,0.0830881,0.085951,0.101078,0.117613,0.138987,0.174566,0.211017,0.242248,0.278787,0.302219,0.330693
892.851,0.0501256,0.0517387,0.0577901,0.0470902,0.0631262,0.0401783,0.0517863,0.0702523,0.0696713,0.0848253,0.0950955,0.123046,0.135758,0.165482,0.211152,0.230472,0.276394,0.307515,0.327063
893.198,0.0527286,0.0593824,0.0579503,0.051725,0.0600891,0.058689,0.062899,0.0676871,0.0749331,0.0929741,0.101335,0.122764,0.136475,0.170345,0.198319,0.251771,0.276712,0.321946,0.320771
893.545,0.0612738,0.0605889,0.0576756,0.071537,0.0589889,0.0601886,0.0602888,0.0717776,0.08569,0.0923162,0.107863,0.138188,0.145575,0.167391,0.200346,0.246528,0.280108,0.309951,0.314521
893.892,0.0610528,0.0623236,0.0546285,0.0684291,0.0615508,0.067408,0.0587624,0.0733197,0.0834324,0.0925895,0.114346,0.127454,0.150156,0.161104,0.205331,0.237838,0.284016,0.296655,0.325834
894.239,0.0386377,0.0464117,0.0561738,0.0335257,0.0552559,0.0505307,0.0539531,0.0684574,0.0697746,0.077553,0.1076,0.119162,0.124445,0.152222,0.176387,0.216005,0.252008,0.294743,0.300719
894.586,0.05082,0.0564064,0.0596844,0.0546395,0.0603963,0.0601868,0.0513937,0.0704042,0.070959,0.087221,0.100719,0.115801,0.128932,0.167476,0.194273,0.243243,0.270879,0.296483,0.315989
894.933,0.049806,0.0614055,0.0589788,0.0465329,0.0696818,0.0480394,0.0633505,0.0612028,0.0641353,0.0945682,0.104593,0.117245,0.148643,0.160775,0.197071,0.242343,0.285886,0.328132,0.337201
895.28,0.040713,0.043193,0.0460809,0.0487585,0.0594458,0.0503267,0.0566118,0.0547434,0.0665994,0.0911035,0.103265,0.107736,0.128775,0.165572,0.203075,0.224706,0.284054,0.310543,0.315606
895.626,0.0425176,0.0562359,0.0495257,0.0570495,0.0556736,0.0610209,0.0493254,0.0627685,0.0541808,0.0736266,0.0871986,0.114311,0.136716,0.157314,0.188152,0.228156,0.270222,0.287734,0.311756
895.972,0.0430218,0.0612727,0.0555905,0.0568921,0.0584551,0.0658117,0.0721228,0.0668254,0.0730744,0.0989806,0.0989562,0.11362,0.128948,0.164934,0.197551,0.228484,0.264553,0.293454,0.324592
896.319,0.0611767,0.0684148,0.0653198,0.0448108,0.0581681,0.0550565,0.0614213,0.0655474,0.0725651,0.092068,0.103086,0.129328,0.134509,0.164185,0.198435,0.229516,0.266677,0.305283,0.323741
896.665,0.0636072,0.0553919,0.0627677,0.0543874,0.0520513,0.0648213,0.0646658,0.0593698,0.0614566,0.0840286,0.0886279,0.123392,0.132299,0.166894,0.19566,0.225214,0.26772,0.292626,0.315791
897.011,0.0487685,0.0483868,0.0510303,0.0501125,0.0527247,0.0462285,0.0607713,0.0626466,0.0809896,0.0755114,0.0934461,0.114002,0.130455,0.150131,0.190866,0.225845,0.287424,0.28838,0.327117
897.356,0.0617195,0.0533472,0.0694264,0.0550123,0.0625609,0.0650569,0.0559972,0.0713857,0.079424,0.0838062,0.116468,0.119127,0.140372,0.164536,0.195899,0.249294,0.273281,0.315669,0.317662
897.702,0.0437185,0.0453077,0.0439397,0.0511722,0.0529694,0.0582908,0.0544426,0.0568335,0.0690959,0.0705146,0.0878797,0.116741,0.133783,0.160341,0.186173,0.233566,0.259007,0.302231,0.322049
898.048,0.045985,0.045427,0.0485151,0.0565948,0.0474672,0.0602122,0.048937,0.0533793,0.0690449,0.0754068,0.0964919,0.1151,0.131672,0.162006,0.193234,0.211367,0.267709,0.298993,0.319444
898.393,0.0530047,0.0592152,0.0652746,0.0620925,0.0460786,0.0538716,0.0641068,0.0698968,0.0719353,0.0866922,0.108076,0.11458,0.141848,0.161102,0.194043,0.233879,0.264625,0.300297,0.31774
898.738,0.0611382,0.0705681,0.0633821,0.0614568,0.0714671,0.0619458,0.0603448,0.0611622,0.0832041,0.0908017,0.099853,0.121113,0.121318,0.165539,0.196326,0.234266,0.273209,0.306525,0.326451
899.084,0.0581745,0.0551494,0.0553891,0.0607827,0.049301,0.0532994,0.0630734,0.0660992,0.0738828,0.100706,0.100097,0.10955,0.141875,0.166006,0.195795,0.2378,0.277739,0.316521,0.326601
899.429,0.0583804,0.0576163,0.0483515,0.05507,0.0503916,0.0385839,0.0573084,0.0589731,0.0804512,0.087264,0.0999402,0.113311,0.133466,0.156573,0.195515,0.226456,0.281372,0.295706,0.305323
899.774,0.0573942,0.0621587,0.0578132,0.0555962,0.0656559,0.0589068,0.0649053,0.0754117,0.0792502,0.0971897,0.103354,0.121535,0.127562,0.162351,0.200943,0.240489,0.258499,0.309213,0.312052
900.119,0.0425384,0.0512734,0.0561128,0.05868,0.055734,0.0555637,0.0563594,0.050526,0.0553794,0.0825993,0.0893089,0.120599,0.125318,0.152061,0.188713,0.225571,0.258782,0.300476,0.314262
900.463,0.0427628,0.0491437,0.024236,0.0434809,0.0486165,0.0487249,0.0492624,0.0551927,0.0696896,0.092169,0.103843,0.108477,0.125291,0.159069,0.179601,0.227473,0.251423,0.292266,0.305651
900.808,0.0479476,0.0439991,0.0454683,0.0556857,0.0542853,0.0545322,0.04535,0.0623931,0.0691741,0.0837861,0.0965257,0.113762,0.141709,0.167457,0.197352,0.207849,0.266407,0.295796,0.313074
901.152,0.0359327,0.0421562,0.0495666,0.0444221,0.0570517,0.051573,0.0562618,0.0608156,0.0586073,0.0834751,0.0897024,0.101397,0.130263,0.15617,0.20224,0.220268,0.258762,0.295131,0.332254
901.497,0.049123,0.0473954,0.0558994,0.0491327,0.0490537,0.0627944,0.0552104,0.0659935,0.0706517,0.0800228,0.108381,0.11906,0.139432,0.168732,0.200437,0.242702,0.27298,0.302998,0.325735
901.841,0.0604374,0.0624032,0.0714617,0.0558426,0.0658342,0.0501544,0.0703332,0.0735168,0.0841177,0.0900286,0.110261,0.130323,0.131046,0.16133,0.189119,0.227662,0.2874,0.305966,0.317523
902.185,0.0486916,0.0473628,0.0491255,0.0526776,0.0568215,0.0596163,0.0607946,0.0565343,0.067249,0.0844888,0.112958,0.118097,0.134889,0.172177,0.19772,0.242778,0.273447,0.318699,0.329966
902.529,0.0508801,0.0524887,0.0554851,0.0470975,0.052455,0.0477724,0.0507123,0.0534588,0.0664257,0.089899,0.0859477,0.115023,0.12331,0.154326,0.182257,0.235811,0.259729,0.297108,0.309744
902.873,0.0691475,0.0567854,0.0542504,0.0696414,0.0648308,0.0753384,0.0838228,0.0776874,0.0951812,0.0844414,0.113694,0.132515,0.152367,0.170203,0.21735,0.25193,0.27805,0.295685,0.331826
903.216,0.0565707,0.063975,0.0697527,0.0734527,0.0750886,0.0710832,0.0691156,0.0792851,0.0776069,0.0930405,0.101491,0.128078,0.146482,0.182856,0.204761,0.240935,0.282694,0.314322,0.345522
903.56,0.0499699,0.0458247,0.0468122,0.0508191,0.0470611,0.0481273,0.0637365,0.0543108,0.0747427,0.0827887,0.0896315,0.101532,0.131619,0.154658,0.190964,0.224387,0.262618,0.302044,0.308358
903.903,0.061119,0.0567062,0.0613896,0.0524394,0.0669767,0.0642999,0.0712137,0.066231,0.0837215,0.0882416,0.0985653,0.112414,0.139561,0.174969,0.212245,0.230242,0.277993,0.304659,0.331458
904.247,0.0419595,0.0493562,0.0511317,0.0531537,0.0632107,0.0568039,0.0557661,0.0704425,0.0786398,0.0736354,0.105383,0.116647,0.134079,0.143359,0.187905,0.226104,0.274294,0.302102,0.310982
904.59,0.0641453,0.0515481,0.0579348,0.0651842,0.0544367,0.0595039,0.0621805,0.0721443,0.0776149,0.0892553,0.104094,0.124203,0.140323,0.152745,0.182353,0.225923,0.27075,0.306389,0.316226
904.933,0.0513857,0.0586004,0.050372,0.0569688,0.0650565,0.0455428,0.0535578,0.0707968,0.0714358,0.0772801,0.0973441,0.121569,0.129606,0.159839,0.193309,0.218931,0.265445,0.307225,0.317922
905.276,0.0419812,0.0546219,0.0582414,0.0527266,0.0514206,0.0567642,0.0627692,0.0614409,0.0771989,0.0815361,0.089354,0.0896126,0.132768,0.159363,0.191117,0.220669,0.262528,0.301438,0.305707
905.619,0.0683795,0.0442039,0.0628964,0.0312445,0.0571172,0.0557381,0.0718718,0.0571759,0.0702514,0.084056,0.0965964,0.11411,0.137433,0.157031,0.191766,0.238821,0.286513,0.331566,0.318205
905.961,0.0538176,0.0556346,0.0617329,0.0653725,0.062048,0.0608472,0.0686213,0.0557822,0.0745062,0.0842675,0.116708,0.119766,0.150579,0.155197,0.212288,0.236504,0.279286,0.323294,0.357875
906.304,0.030541,0.0621751,0.044598,0.0508534,0.0413805,0.0528339,0.0541008,0.0623716,0.0725824,0.0754751,0.0935408,0.113471,0.139345,0.148282,0.207023,0.235302,0.274419,0.312246,0.326159
906.646,0.0411896,0.0472384,0.0562979,0.0410973,0.04555,0.0567364,0.0485404,0.0567126,0.0565968,0.0746526,0.0876154,0.114,0.12597,0.162485,0.186639,0.209866,0.276357,0.302494,0.304946
906.988,0.0593499,0.0519124,0.0747028,0.0586941,0.0652888,0.0589342,0.0782063,0.0716658,0.075813,0.0845487,0.0923889,0.11565,0.143822,0.177641,0.216062,0.228844,0.272866,0.300974,0.311164
907.331,0.0504994,0.0408718,0.0520852,0.0329723,0.0332751,0.0385935,0.0510114,0.0550344,0.0666411,0.0565125,0.0788967,0.106013,0.119552,0.149764,0.171393,0.222459,0.266666,0.297017,0.30039
907.673,0.0592822,0.0578041,0.0475029,0.0570904,0.0533603,0.0676327,0.0604407,0.0661256,0.0744193,0.0847597,0.0914737,0.114332,0.138998,0.168991,0.210892,0.230759,0.274878,0.310683,0.318298
908.015,0.0444558,0.0572836,0.0668023,0.0420149,0.0493743,0.051771,0.0521112,0.0636427,0.0612489,0.0736235,0.0918093,0.106393,0.135804,0.147352,0.1901,0.224975,0.274346,0.289288,0.321652
908.356,0.0540919,0.0444398,0.0348964,0.0437093,0.0483087,0.0440319,0.0522953,0.0661633,0.0759864,0.0762748,0.0989967,0.118475,0.136331,0.157417,0.174999,0.22821,0.26184,0.302361,0.314667
908.698,0.04842,0.0464287,0.0472573,0.0478382,0.0533079,0.0588075,0.0620534,0.0764082,0.0714531,0.0683366,0.085254,0.110461,0.123177,0.149437,0.176273,0.210804,0.260689,0.288329,0.315331
909.04,0.0423509,0.0439176,0.0558469,0.0473279,0.0614427,0.0446638,0.0547172,0.0673736,0.0567299,0.0844031,0.087537,0.141428,0.135711,0.170679,0.199462,0.224033,0.278026,0.30142,0.3192
909.381,0.071478,0.0603483,0.0756198,0.0724706,0.0843025,0.0617076,0.0763232,0.0750909,0.0726787,0.101048,0.105458,0.130215,0.149939,0.174722,0.210461,0.247722,0.287198,0.333246,0.324684
909.722,0.0223788,0.0434353,0.0394526,0.0464971,0.0660015,0.0504399,0.0479656,0.0408931,0.0649652,0.0573559,0.0841812,0.115917,0.126097,0.145931,0.184816,0.216267,0.255853,0.305033,0.317648
910.063,0.0475555,0.0565629,0.0619574,0.0515378,0.0567566,0.0638389,0.068598,0.0647186,0.0756402,0.0773917,0.102911,0.120631,0.139013,0.143996,0.20913,0.248499,0.265292,0.312734,0.332453
910.405,0.0478371,0.0503074,0.0549329,0.0465074,0.0507,0.0463988,0.0718436,0.0741861,0.0782798,0.0890349,0.11193,0.111059,0.138086,0.171312,0.19693,0.228628,0.270895,0.314242,0.331216
910.745,0.0507415,0.0493895,0.0520241,0.0577031,0.0485521,0.0342396,0.0487628,0.0611641,0.0633198,0.0686663,0.103219,0.104458,0.134304,0.153548,0.184786,0.216963,0.256914,0.287068,0.322999
911.086,0.0326969,0.039943,0.0399832,0.0549025,0.0533089,0.0530681,0.056182,0.0694602,0.0751105,0.0794027,0.0907058,0.106462,0.132469,0.157461,0.189319,0.219871,0.277981,0.287416,0.307786
911.427,0.0611143,0.0440803,0.0486018,0.0683999,0.0596342,0.0455305,0.0582398,0.0659708,0.0705165,0.0761828,0.0938781,0.11805,0.123444,0.163723,0.195181,0.228547,0.269056,0.314475,0.330566
911.767,0.0534135,0.0501692,0.0512761,0.0468703,0.0542073,0.072249,0.0581305,0.0658421,0.0714617,0.0838628,0.106795,0.113018,0.134463,0.166945,0.192832,0.238912,0.28243,0.299027,0.323363
912.108,0.053445,0.0553223,0.0708456,0.0594111,0.0611746,0.0598946,0.0611986,0.065217,0.0747521,0.0868229,0.110331,0.124199,0.134749,0.175433,0.197374,0.243293,0.276905,0.32333,0.319053
912.448,0.0424355,0.0305744,0.0544199,0.0470748,0.0445053,0.0544199,0.047894,0.0514035,0.068012,0.0810195,0.0877545,0.10294,0.123623,0.162816,0.180699,0.213876,0.275832,0.299833,0.314287
912.788,0.0584125,0.0471069,0.0597285,0.0511846,0.0524553,0.0651248,0.0598629,0.0788983,0.0871239,0.0836474,0.0939303,0.125023,0.137172,0.160411,0.190426,0.246876,0.264092,0.288516,0.32556
913.128,0.0480143,0.054532,0.0729646,0.0481799,0.0483584,0.0538584,0.084652,0.0733089,0.0692744,0.0805701,0.101045,0.116058,0.145625,0.187111,0.203025,0.227006,0.280457,0.293559,0.326094
913.468,0.0523999,0.0736535,0.0630057,0.0560318,0.0685037,0.0790396,0.0789849,0.0816681,0.0828978,0.112783,0.111695,0.12177,0.163245,0.186089,0.212364,0.244926,0.311992,0.319779,0.35701
913.808,0.0479226,0.0568296,0.0439027,0.0514251,0.0500736,0.0594277,0.063717,0.0508565,0.068673,0.0791682,0.0993291,0.0997107,0.131041,0.15163,0.181509,0.219145,0.258294,0.295397,0.318546
914.148,0.0556841,0.0453659,0.0600834,0.0528585,0.0524116,0.0643951,0.0651681,0.0669672,0.070664,0.0718364,0.0942846,0.109268,0.125729,0.172492,0.183557,0.229403,0.268056,0.2835,0.299527
914.487,0.0415315,0.0457024,0.0464817,0.0571661,0.0535279,0.0548234,0.054644,0.0525649,0.0771274,0.0775505,0.0874191,0.10902,0.134984,0.171039,0.19006,0.230123,0.244787,0.281525,0.317845
914.826,0.0588473,0.0519927,0.0433851,0.0504336,0.0511789,0.0531007,0.0777285,0.081098,0.0685197,0.0849838,0.104857,0.112663,0.139896,0.1717,0.199528,0.244817,0.279836,0.299415,0.3292
915.166,0.0463065,0.0504903,0.0688843,0.0761641,0.0548014,0.0705777,0.0596166,0.0706588,0.0710287,0.0879295,0.0840011,0.117733,0.144536,0.154086,0.19253,0.237719,0.277728,0.313802,0.312174
915.505,0.0363851,0.0414859,0.0429217,0.0437696,0.0441752,0.048453,0.0410042,0.0511664,0.0572071,0.0727872,0.0881246,0.0937104,0.118289,0.155388,0.172219,0.209653,0.264655,0.288472,0.314806
915.844,0.0544342,0.0659523,0.0565921,0.058113,0.0649892,0.0488484,0.0624216,0.0701176,0.0745071,0.092756,0.0910103,0.119478,0.15715,0.171032,0.188533,0.230018,0.275961,0.328574,0.33544
916.183,0.0522354,0.0645417,0.057005,0.0683656,0.0635377,0.0705956,0.0701138,0.0809109,0.102489,0.103965,0.121216,0.116505,0.164505,0.184028,0.207131,0.25147,0.288919,0.321538,0.35659
916.522,0.0477654,0.0573273,0.0535659,0.0659263,0.0536204,0.0545737,0.0574205,0.0534067,0.0596951,0.0799497,0.0871368,0.112029,0.143271,0.153693,0.199844,0.228515,0.278782,0.301582,0.312088
916.86,0.050782,0.0624977,0.0602748,0.0496632,0.0596231,0.0498861,0.0490123,0.0679053,0.0638897,0.0698305,0.0974365,0.107716,0.134701,0.154678,0.181092,0.216261,0.264775,0.286615,0.286548
917.199,0.069132,0.0747706,0.080052,0.0683746,0.0642761,0.0735304,0.0670247,0.0851794,0.0894924,0.10491,0.130573,0.11534,0.137047,0.180354,0.212336,0.229349,0.289313,0.3073,0.329439
917.537,0.0646142,0.0585304,0.0698114,0.0708608,0.0643711,0.0674933,0.0673087,0.0898193,0.0836163,0.099928,0.116025,0.133726,0.150697,0.181394,0.225758,0.239489,0.30009,0.323391,0.341709
917.875,0.0630132,0.0613202,0.073728,0.0602809,0.0618706,0.0694017,0.0750053,0.082347,0.0763008,0.092531,0.121907,0.126462,0.145139,0.160644,0.195994,0.243304,0.289023,0.316332,0.324452
918.213,0.0592553,0.0700595,0.0828158,0.0681844,0.0672817,0.0742697,0.0797169,0.0817573,0.0913522,0.084089,0.114624,0.140526,0.153295,0.189679,0.203965,0.250337,0.285302,0.324056,0.344756
918.551,0.0478096,0.0689879,0.0656509,0.0599936,0.0574123,0.0570151,0.0645128,0.064236,0.071762,0.0721708,0.0979674,0.107968,0.144034,0.15755,0.193584,0.24043,0.275387,0.30378,0.336345
918.889,0.0662931,0.0643645,0.0712962,0.0629442,0.0682153,0.0561267,0.0902915,0.0923642,0.0937616,0.093851,0.0993473,0.13905,0.153521,0.169166,0.203103,0.235532,0.263534,0.329602,0.34044
919.227,0.050356,0.0443017,0.05222,0.0445927,0.0539998,0.0523649,0.0478443,0.0607711,0.0556963,0.0721016,0.103201,0.113574,0.128957,0.133232,0.179043,0.215703,0.264023,0.295064,0.310275
919.565,0.0581351,0.0547601,0.0478696,0.0538314,0.0463119,0.0442705,0.0588367,0.0592204,0.0621721,0.090733,0.107556,0.107159,0.131086,0.180198,0.214899,0.242833,0.278402,0.31261,0.319945
919.902,0.054195,0.0588736,0.0548355,0.0648104,0.0536682,0.0615288,0.0555069,0.0609227,0.0833253,0.082682,0.107851,0.125705,0.143436,0.170988,0.194486,0.227146,0.255087,0.297071,0.31207
920.24,0.0526121,0.0683583,0.0672364,0.0753502,0.0676199,0.0620202,0.0699812,0.0718544,0.0912049,0.0998607,0.0985044,0.123859,0.142465,0.166112,0.198373,0.224797,0.246751,0.305216,0.298838
920.577,0.0458233,0.0582317,0.0573771,0.0666311,0.0663066,0.0714416,0.0690178,0.0762467,0.0869436,0.0859868,0.108368,0.110543,0.144495,0.160019,0.202322,0.234242,0.278013,0.298259,0.322956
920.914,0.0498353,0.0722822,0.0577979,0.0696615,0.0534802,0.0689015,0.0722309,0.0673748,0.0897155,0.0996761,0.110123,0.124834,0.155095,0.167491,0.214183,0.221928,0.276971,0.300688,0.322876
921.251,0.0645871,0.0842394,0.0639684,0.0635826,0.0562599,0.0606861,0.0697163,0.0811559,0.0956846,0.0920963,0.107203,0.137658,0.151235,0.171115,0.220725,0.238356,0.284053,0.297464,0.339968
921.588,0.0627278,0.0411609,0.0641241,0.055945,0.0437443,0.0541791,0.0657155,0.0742431,0.0726572,0.0920099,0.0993826,0.106017,0.147344,0.165145,0.207671,0.240611,0.285448,0.325384,0.324823
921.924,0.0455516,0.0420413,0.0503274,0.0584144,0.0432451,0.0402661,0.035169,0.066487,0.057765,0.0903559,0.110472,0.105216,0.123971,0.142782,0.183805,0.211654,0.257523,0.313336,0.308032
922.261,0.0595884,0.060048,0.0600612,0.0633447,0.0694481,0.0582247,0.0531442,0.0799348,0.0730687,0.0844847,0.0976672,0.139129,0.1498,0.177037,0.199584,0.250519,0.27588,0.318373,0.315038
922.598,0.0366288,0.0667968,0.0589382,0.0537063,0.037049,0.0691955,0.0628311,0.0767528,0.0723679,0.0785222,0.102222,0.131479,0.143502,0.15347,0.203334,0.23351,0.263147,0.303991,0.321894
922.934,0.044342,0.0412457,0.0517101,0.05238,0.0556198,0.0558735,0.0496485,0.0781676,0.085687,0.0987063,0.106648,0.107782,0.12421,0.156042,0.21341,0.247601,0.268147,0.299089,0.329123
923.27,0.0540684,0.0574949,0.0643758,0.0656646,0.0614226,0.077501,0.0679629,0.0767362,0.083779,0.0989057,0.100683,0.114294,0.147057,0.180775,0.21378,0.235402,0.297252,0.306926,0.331242
923.606,0.051481,0.0639926,0.0637168,0.0748872,0.0750773,0.0693838,0.0776264,0.0741346,0.075701,0.101718,0.104906,0.122573,0.144911,0.176955,0.206471,0.239022,0.267573,0.309624,0.350299
923.942,0.0598807,0.0555324,0.0488076,0.0602877,0.0398491,0.0554645,0.0463304,0.057855,0.0749659,0.0722482,0.0964328,0.128262,0.157349,0.176422,0.193136,0.202617,0.289321,0.323314,0.336898
924.278,0.0552358,0.0463589,0.0488119,0.0578709,0.052516,0.0602952,0.0520829,0.0796273,0.0893911,0.0862258,0.11634,0.127792,0.147175,0.1696,0.21847,0.248486,0.29759,0.306194,0.34976
924.614,0.0613319,0.0608411,0.0633596,0.06147,0.058412,0.0649185,0.0655907,0.0786432,0.0919355,0.0994696,0.11026,0.133397,0.166421,0.170642,0.204222,0.24893,0.310194,0.327773,0.339414
924.949,0.0380341,0.0424482,0.0359631,0.0568351,0.0406372,0.030427,0.0597352,0.0452542,0.0607096,0.083016,0.0936845,0.0991006,0.130203,0.159772,0.206775,0.23857,0.276317,0.286205,0.318701
925.285,0.0288511,0.0503298,0.0537447,0.0574331,0.0490958,0.0391342,0.0470431,0.048693,0.0688078,0.0771362,0.0929013,0.120239,0.128364,0.160122,0.191013,0.239554,0.269522,0.313582,0.31873
925.62,0.0664305,0.068894,0.0690013,0.0586886,0.071794,0.0728959,0.0875557,0.0864631,0.0869816,0.0986393,0.108049,0.136676,0.149317,0.186865,0.213587,0.237391,0.291592,0.331467,0.34522
925.955,0.0538418,0.0693173,0.0574404,0.0659481,0.0551671,0.0712761,0.063626,0.0588639,0.0867057,0.0967344,0.113422,0.125394,0.143364,0.159682,0.206442,0.234401,0.270195,0.296562,0.325595
926.29,0.0425528,0.0471754,0.0448623,0.0465022,0.0593978,0.0627256,0.0516728,0.0589802,0.0744594,0.0830295,0.103229,0.109413,0.127998,0.165248,0.192823,0.215971,0.281901,0.310728,0.330198
926.625,0.0634178,0.0717545,0.0649493,0.0705849,0.0576705,0.0718727,0.0650079,0.0811394,0.0988716,0.09728,0.111591,0.12679,0.130629,0.173746,0.207588,0.236843,0.286147,0.301492,0.323179
926.96,0.0475857,0.0464632,0.0563327,0.0608633,0.0578684,0.0451129,0.063412,0.0723999,0.0811501,0.0864696,0.0891859,0.117302,0.136533,0.164535,0.19252,0.236307,0.280799,0.315452,0.336314
927.295,0.0462657,0.0471028,0.05512,0.0528904,0.0474886,0.0623066,0.0415575,0.0600801,0.0616532,0.0772689,0.08524,0.105495,0.131021,0.17192,0.172603,0.218816,0.26814,0.299767,0.315806
927.629,0.0532467,0.0667823,0.0575746,0.0567211,0.0813263,0.0538275,0.0691935,0.0725156,0.076812,0.0875181,0.0953913,0.126953,0.13488,0.1678,0.186172,0.234588,0.27014,0.293435,0.325582
927.964,0.0418593,0.0433846,0.0599752,0.0501508,0.0378341,0.051702,0.051804,0.0669745,0.0827906,0.0903537,0.0959923,0.0791703,0.127398,0.143936,0.167364,0.217812,0.256893,0.302799,0.264124
928.298,0.0239954,0.0291332,0.0243866,0.0257858,0.0407556,0.050953,0.0311219,0.0371826,0.042563,0.0725487,0.0733493,0.104735,0.112053,0.144083,0.163412,0.198395,0.249209,0.296462,0.289652
928.632,0.0611024,0.0735105,0.0529568,0.0817207,0.0668336,0.0625932,0.0818327,0.091029,0.10171,0.108961,0.107185,0.153687,0.173371,0.183263,0.229347,0.257626,0.301173,0.344352,0.339725
928.967,0.0579955,0.0656997,0.0568472,0.0561417,0.0682938,0.0610157,0.0681571,0.0756102,0.0769816,0.0941083,0.104978,0.132094,0.131516,0.163649,0.188931,0.241639,0.279341,0.324588,0.311273
929.3,0.0410124,0.0330653,0.0368947,0.0376683,0.0517671,0.0472648,0.0341919,0.0458952,0.0561087,0.0798954,0.0745439,0.0977524,0.126026,0.143914,0.193271,0.219806,0.253272,0.297249,0.317887
929.634,0.0642936,0.0620422,0.0540219,0.0692953,0.0771264,0.0636545,0.0804942,0.0709873,0.0903937,0.0875012,0.11483,0.133246,0.158884,0.175981,0.198705,0.248505,0.298788,0.32078,0.311403
929.968,0.0799478,0.0624677,0.0835647,0.0683669,0.0718354,0.0697286,0.0790989,0.0923526,0.089799,0.106865,0.110082,0.134462,0.183244,0.194229,0.223925,0.258694,0.330339,0.332327,0.357893
930.302,0.0442935,0.0467282,0.0508491,0.0613442,0.0498436,0.0487819,0.0584314,0.0612748,0.0558989,0.0708788,0.0861368,0.110072,0.127244,0.148194,0.188683,0.213304,0.259931,0.2989,0.304874
930.635,0.0625446,0.0608335,0.0305953,0.0509951,0.0635723,0.0457193,0.0494959,0.0567458,0.0663201,0.069093,0.0966854,0.119239,0.137946,0.168429,0.207427,0.258842,0.270533,0.325101,0.346278
930.968,0.0338484,0.0651975,0.0368737,0.0509513,0.0544006,0.0361515,0.0310644,0.0513863,0.0715753,0.0772324,0.0921194,0.123367,0.127258,0.15922,0.193243,0.214994,0.284589,0.300127,0.318065
931.301,0.0316043,0.0506819,0.0446209,0.0513,0.0546029,0.0454417,0.0440483,0.0498814,0.0639758,0.0695879,0.0918592,0.120238,0.133972,0.165596,0.199717,0.21699,0.277978,0.302377,0.325398
931.634,0.0292494,0.0363372,0.0528944,0.0520332,0.0551896,0.0547863,0.0573709,0.0486671,0.0565012,0.0621814,0.0916475,0.116774,0.141426,0.172705,0.206584,0.21887,0.271762,0.305282,0.333306
931.967,0.06514,0.0541768,0.0667777,0.0657533,0.0680157,0.0778693,0.0796636,0.0716522,0.0887586,0.10865,0.109639,0.129627,0.124717,0.173448,0.205883,0.224928,0.279954,0.299515,0.336128
932.3,0.0541034,0.078515,0.0679831,0.0887115,0.0478124,0.0666979,0.067854,0.0771794,0.0845385,0.0990746,0.118041,0.11615,0.151745,0.193822,0.228733,0.272632,0.277025,0.338065,0.338181
932.633,0.0451609,0.0638824,0.0504352,0.0627073,0.0596701,0.0794629,0.066951,0.0703412,0.0889781,0.102722,0.113724,0.125406,0.155525,0.1809,0.220714,0.237474,0.267645,0.309843,0.320132
932.965,0.0438931,0.0465293,0.0505533,0.0662068,0.0577142,0.0407397,0.0542362,0.0695585,0.0599692,0.069855,0.0951698,0.129773,0.136895,0.170369,0.193606,0.216825,0.261163,0.307212,0.301883
933.298,0.0462675,0.033534,0.064623,0.0652154,0.0610131,0.0573579,0.0516898,0.0607405,0.0532833,0.0841632,0.100943,0.118839,0.118459,0.156957,0.195084,0.231451,0.272574,0.284549,0.328538
933.63,0.0538447,0.0494049,0.0537745,0.0698009,0.0575724,0.0366147,0.06751,0.0705038,0.069065,0.0818283,0.105174,0.112079,0.154415,0.167847,0.218185,0.250166,0.27626,0.310705,0.325888
933.962,0.0645567,0.0855649,0.0645388,0.0757594,0.0732374,0.0865366,0.0761887,0.095498,0.0908725,0.110236,0.11213,0.142478,0.141485,0.171829,0.199154,0.260261,0.297573,0.303714,0.323044
934.294,0.0552636,0.0672023,0.0660645,0.0595134,0.0739879,0.0700571,0.0832427,0.0851675,0.0903342,0.113687,0.109365,0.141462,0.146626,0.166247,0.200993,0.230724,0.264404,0.293333,0.303273
934.626,0.0674023,0.0502243,0.0683573,0.0651656,0.0643012,0.0708805,0.0606818,0.0861864,0.0995537,0.102787,0.120055,0.132359,0.146355,0.180167,0.23753,0.257697,0.292633,0.30239,0.335083
934.958,0.0426225,0.0485037,0.0549942,0.0559497,0.0635491,0.070219,0.0610008,0.0700389,0.0788069,0.0614034,0.0971815,0.128508,0.144806,0.171907,0.198679,0.234135,0.278808,0.307914,0.334526
935.29,0.037104,0.0602779,0.0682529,0.0503312,0.0625893,0.045229,0.0876208,0.0733337,0.0709337,0.0891952,0.0981032,0.105221,0.122883,0.163765,0.190983,0.232485,0.268206,0.303976,0.333316
935.621,0.0460455,0.0459044,0.0655608,0.0697433,0.0623845,0.0479328,0.0521706,0.0782247,0.0680997,0.0781678,0.102196,0.099754,0.138708,0.158384,0.216546,0.220034,0.299795,0.295162,0.315621
935.953,0.0540174,0.0741673,0.0621614,0.0659569,0.0797821,0.0604349,0.0667211,0.0699664,0.096723,0.0785274,0.112874,0.129945,0.154341,0.179983,0.208854,0.23665,0.302719,0.312808,0.327419
936.284,0.0404709,0.0326718,0.0303531,0.0441857,0.0514967,0.0427609,0.051108,0.0548585,0.0606793,0.0714094,0.0987375,0.102932,0.103669,0.14912,0.203917,0.243674,0.266279,0.322338,0.316775
936.615,0.0283498,0.0391586,0.040352,0.063123,0.0455145,0.0519877,0.0567653,0.0566387,0.0693379,0.0670754,0.0857197,0.125678,0.121611,0.168587,0.204164,0.242747,0.256673,0.346708,0.322987
936.946,0.0530365,0.0470959,0.038483,0.0506519,0.0442254,0.0610562,0.0571533,0.0573126,0.0580304,0.0839879,0.106645,0.112387,0.139948,0.149659,0.202543,0.206234,0.256444,0.299036,0.318682
937.277,0.0532921,0.0459825,0.0500401,0.0471337,0.0364692,0.0365678,0.0495474,0.0667565,0.0715358,0.0641752,0.0882935,0.101593,0.124588,0.163156,0.201276,0.199271,0.24662,0.289247,0.287854
937.608,0.0548712,0.0429214,0.0507098,0.0482153,0.0406214,0.0554156,0.045194,0.0419343,0.0705777,0.0813435,0.0905037,0.0871595,0.119961,0.132783,0.184751,0.221056,0.242536,0.277144,0.270872
937.938,0.0638957,0.0574259,0.06532,0.0504683,0.037992,0.0537595,0.0617264,0.0737473,0.0836319,0.0727513,0.0941786,0.129376,0.143831,0.161084,0.192944,0.219375,0.278649,0.285216,0.327305
938.269,0.0389434,0.0704173,0.0500125,0.0566983,0.0427583,0.0516751,0.0502011,0.0703261,0.07781,0.0799529,0.0899483,0.0914487,0.12213,0.173696,0.192845,0.243348,0.27586,0.290154,0.339165
938.599,0.0652007,0.0793084,0.0997792,0.0687471,0.0648998,0.0466219,0.0856529,0.0914525,0.0628384,0.0996265,0.11121,0.13282,0.156963,0.176411,0.209569,0.223796,0.279301,0.321728,0.346399
938.929,0.0606802,0.0750047,0.0682852,0.0724948,0.0608821,0.0873573,0.0785022,0.0742854,0.0776991,0.101341,0.131202,0.153285,0.148263,0.191569,0.213243,0.249259,0.285581,0.314573,0.340639
939.26,0.0567266,0.0636163,0.0680477,0.0577952,0.0555802,0.0615609,0.0682717,0.0669954,0.0685256,0.0881815,0.0921818,0.110788,0.138044,0.1638,0.192645,0.249607,0.274263,0.310847,0.311311
939.59,0.0476559,0.0649874,0.0769692,0.0498473,0.0616983,0.0661458,0.0822522,0.0753883,0.0911602,0.079013,0.117121,0.124025,0.123935,0.180802,0.22333,0.242133,0.284799,0.309893,0.33163
939.919,0.0605441,0.0734654,0.0747464,0.0712456,0.0852276,0.0920274,0.0775059,0.0827929,0.0980751,0.106913,0.126506,0.153434,0.176286,0.191053,0.209026,0.254349,0.30455,0.322774,0.333182
940.249,0.0243562,0.0445982,0.0494907,0.0542701,0.0407079,0.043334,0.0538458,0.0406052,0.0635369,0.082706,0.0970228,0.119075,0.113665,0.145833,0.178092,0.20236,0.281572,0.288282,0.307787
940.579,0.0335723,0.0508283,0.0531311,0.0575726,0.0601079,0.0674926,0.0578169,0.0686123,0.0711966,0.0903152,0.0842343,0.113342,0.143212,0.17105,0.193178,0.250276,0.267883,0.298396,0.32365
940.908,0.0734063,0.0781931,0.0452708,0.056522,0.0572413,0.0555603,0.0370149,0.0899597,0.078458,0.108927,0.0901729,0.112237,0.141438,0.193871,0.196168,0.235329,0.269594,0.311468,0.329467
941.238,0.0555376,0.0608273,0.0619416,0.0729044,0.0669339,0.0536016,0.0766001,0.0963215,0.0826054,0.103708,0.107768,0.116845,0.143744,0.174221,0.212687,0.232871,0.274814,0.332413,0.337003
941.567,0.0251892,0.0514645,0.0549844,0.0492471,0.0547055,0.0579562,0.0676852,0.0757879,0.0536114,0.0684455,0.0904446,0.105775,0.161641,0.171162,0.211976,0.222148,0.265436,0.314619,0.337012
941.896,0.0328993,0.067618,0.0501861,0.05473,0.0390158,0.0621485,0.0586615,0.0581335,0.0638632,0.0863116,0.0859497,0.101793,0.129353,0.157292,0.180815,0.226216,0.256157,0.302835,0.312547
942.225,0.0566095,0.0506699,0.0682239,0.0656575,0.0716625,0.0804586,0.0763558,0.0794541,0.0911011,0.112846,0.109386,0.122587,0.145205,0.173701,0.220807,0.24057,0.280821,0.302027,0.361231
942.554,0.0489582,0.0515737,0.06693,0.0578249,0.0751877,0.0680957,0.0521264,0.0636197,0.0708157,0.0710356,0.100973,0.130704,0.152065,0.176348,0.199229,0.238864,0.272087,0.290672,0.334285
942.883,0.0778196,0.0400044,0.0632,0.0576047,0.0549575,0.0646382,0.0586562,0.0668659,0.0673444,0.0935522,0.0892846,0.0976038,0.110162,0.145841,0.196659,0.233016,0.252905,0.292746,0.286621
943.211,0.0670304,0.0632137,0.0810016,0.0821871,0.0691807,0.0853022,0.0774897,0.0947204,0.0984694,0.0972156,0.119773,0.11627,0.172614,0.201118,0.192439,0.242259,0.304606,0.332523,0.321238
943.54,0.0461921,0.0303258,0.0656329,0.0358321,0.0128687,0.046239,0.0568197,0.0764542,0.0627021,0.0757509,0.0761673,0.0991033,0.137239,0.181254,0.19947,0.20706,0.266327,0.305009,0.337459
943.868,0.0443401,0.0567569,0.0443105,0.0250556,0.0576638,0.0486469,0.0734414,0.074818,0.0663231,0.0837795,0.107964,0.124605,0.127063,0.173881,0.186735,0.248006,0.274123,0.287941,0.331333
944.196,0.0369744,0.063635,0.059637,0.048373,0.0756459,0.0479526,0.0621982,0.0564337,0.0683523,0.0908793,0.0959599,0.105547,0.11404,0.168557,0.192289,0.251383,0.287922,0.308404,0.306497
944.524,0.0755088,0.0876731,0.0775023,0.0731296,0.0803409,0.0819606,0.0850863,0.0828758,0.0690567,0.0900541,0.103163,0.15211,0.168082,0.170609,0.21202,0.268577,0.288341,0.305288,0.354409
944.852,0.0585993,0.0519053,0.0576861,0.0530559,0.0546917,0.0390971,0.0719945,0.0620679,0.0751935,0.0958917,0.12438,0.126286,0.133923,0.167651,0.197402,0.230012,0.277092,0.299973,0.331469
945.18,0.0636145,0.0538532,0.0438698,0.0697594,0.0568662,0.0614268,0.0628243,0.0626967,0.0657261,0.078937,0.0953496,0.102596,0.136667,0.155516,0.19267,0.2339,0.266504,0.317306,0.330202
945.508,0.0746541,0.0654354,0.0687927,0.0530341,0.082454,0.0560152,0.0886442,0.0673719,0.0842479,0.109542,0.0986904,0.113694,0.135852,0.178063,0.226701,0.260626,0.286643,0.324741,0.353308
945.835,0.0390776,0.0394048,0.0346865,0.0519513,0.034379,0.0512666,0.0450873,0.0712335,0.0764593,0.089664,0.0970073,0.0904002,0.129882,0.160047,0.203421,0.224837,0.262637,0.275037,0.309441
946.163,0.0628623,0.0681732,0.0745386,0.0716277,0.0598922,0.0701621,0.0989446,0.0854044,0.100606,0.107871,0.114373,0.140296,0.149141,0.178683,0.24015,0.283644,0.308782,0.339902,0.366868
946.49,0.0442523,0.0501888,0.0688756,0.0539057,0.0608762,0.0686501,0.0867106,0.0660613,0.0861763,0.0802472,0.118386,0.110464,0.148072,0.174787,0.222571,0.223981,0.251034,0.317175,0.331959
946.817,0.080669,0.0697872,0.0766699,0.07867,0.0663108,0.0676575,0.0826642,0.079751,0.0967789,0.0856537,0.122024,0.146794,0.171487,0.195707,0.222415,0.258759,0.327334,0.334746,0.357624
947.144,0.0681943,0.0700236,0.0756812,0.0499841,0.068856,0.0329606,0.0718305,0.0632647,0.0660273,0.0825474,0.09819,0.118996,0.139522,0.15008,0.205945,0.240348,0.253619,0.315994,0.312445
947.471,0.0484651,0.078169,0.0547149,0.0655472,0.0552004,0.0436812,0.0448482,0.0801852,0.0876468,0.0827335,0.100832,0.132293,0.161127,0.165159,0.208551,0.239068,0.303162,0.295241,0.313624
947.798,0.0537651,0.0599496,0.0465482,0.0655943,0.054799,0.0821233,0.0640537,0.0963416,0.0790385,0.10224,0.107955,0.116287,0.129404,0.180689,0.214947,0.257613,0.296571,0.336703,0.345168
948.125,0.0855379,0.0466062,0.0862254,0.068511,0.0854918,0.0701085,0.0740418,0.063687,0.10449,0.102626,0.14751,0.139528,0.166818,0.172357,0.207191,0.255445,0.303814,0.318817,0.33576
948.451,0.0295191,0.0389562,0.0494893,0.0577962,0.05426,0.0571811,0.0618021,0.0484722,0.0693791,0.0530361,0.101897,0.121639,0.135558,0.146508,0.203997,0.23748,0.248974,0.31711,0.293264
948.778,0.0287133,0.0455044,0.0521978,0.0420639,0.0458252,0.0450894,0.0532153,0.0581661,0.0773426,0.0841445,0.0883144,0.112213,0.106456,0.142045,0.194319,0.244333,0.247945,0.301607,0.306142
949.104,0.0341393,0.0197523,0.0352462,0.0320426,0.0334976,0.0163059,0.0613237,0.0413104,0.0518184,0.0694902,0.0681648,0.0874855,0.118372,0.147255,0.185378,0.208943,0.254358,0.284706,0.301453
949.43,0.050485,0.031356,0.0479975,0.0516053,0.0525963,0.0313318,0.0208561,0.0589783,0.0701293,0.060585,0.0715312,0.0854335,0.120534,0.171595,0.179142,0.20455,0.251393,0.261839,0.29267
949.756,0.0660937,0.0411631,0.0483281,0.0373605,0.0518106,0.0492135,0.0642832,0.0665988,0.0723508,0.0891212,0.0833388,0.118033,0.119147,0.137103,0.207406,0.240137,0.259479,0.282094,0.327665
950.082,0.0391794,0.0405909,0.0322266,0.0682362,0.0583997,0.0326448,0.0695843,0.0685187,0.0888441,0.0706131,0.0916783,0.134306,0.132903,0.157633,0.204497,0.244567,0.282691,0.32052,0.303238
950.408,0.0415232,0.0514126,0.0490537,0.0452821,0.0588072,0.0458227,0.0567773,0.0477175,0.0693645,0.07385,0.093682,0.0924994,0.130212,0.162715,0.202479,0.224504,0.26619,0.287354,0.312417
950.734,0.0417429,0.0398562,0.0439195,0.0535607,0.0380559,0.0434455,0.0557837,0.052887,0.0460205,0.075782,0.10265,0.109362,0.141362,0.138627,0.182549,0.219976,0.26294,0.28893,0.301015
951.059,0.044506,0.023813,0.0447053,0.0598228,0.0584026,0.0482609,0.0501521,0.0613638,0.0521197,0.0883068,0.0985337,0.127465,0.158713,0.163204,0.205226,0.253949,0.257935,0.299715,0.327054
951.385,0.0431311,0.0541015,0.0360529,0.041285,0.0713084,0.0538278,0.0650504,0.0653042,0.089686,0.0752389,0.0882462,0.119839,0.116962,0.172735,0.198789,0.235983,0.267434,0.277303,0.318179
951.71,0.026978,0.0618585,0.0571948,0.0269476,0.025655,0.0330866,0.0434288,0.0485452,0.0678929,0.0502778,0.0842303,0.119388,0.136421,0.135538,0.209796,0.194957,0.269731,0.303217,0.306717
952.035,0.0467671,0.0454124,0.0440024,0.0416424,0.0436134,0.0391379,0.0705435,0.0662564,0.059717,0.0768484,0.104953,0.118427,0.126142,0.140559,0.184439,0.215053,0.268626,0.284206,0.331394
952.36,0.0620877,0.0488347,0.0551656,0.0515293,0.050618,0.0797072,0.0840427,0.060445,0.103537,0.0840695,0.103685,0.114314,0.145156,0.156547,0.182468,0.233317,0.274814,0.321658,0.308141
952.685,0.0635387,0.038088,0.0554071,0.0584951,0.0475634,0.0693084,0.0573606,0.0791777,0.0645873,0.123943,0.0994112,0.150047,0.152792,0.167864,0.22322,0.232902,0.304568,0.291863,0.336575
953.01,0.0448411,0.0689773,0.0702811,0.0499003,0.0506703,0.0523089,0.0670702,0.0699947,0.0799294,0.0873443,0.106559,0.129913,0.135602,0.181833,0.216657,0.258765,0.263582,0.314093,0.352758
953.335,0.0548673,0.0313951,0.049638,0.0456342,0.0460407,0.0521263,0.0344347,0.0713688,0.0735474,0.0526174,0.0766764,0.116613,0.119753,0.167968,0.208033,0.247843,0.261335,0.294476,0.324722
953.659,0.0360226,0.0271683,0.0606777,0.0493663,0.0639094,0.054571,0.0763401,0.0615878,0.0722384,0.0752898,0.0951243,0.112901,0.125355,0.195207,0.165438,0.252999,0.289347,0.313357,0.312143
953.984,0.0591372,0.0526951,0.0540904,0.0631553,0.0473531,0.0478705,0.0726812,0.081271,0.0584319,0.0782386,0.108752,0.101119,0.13345,0.18187,0.214936,0.251378,0.288177,0.307718,0.342647
954.308,0.0384231,0.073588,0.0520186,0.0321322,0.0348393,0.0643316,0.0554107,0.046613,0.0690883,0.0614381,0.091347,0.09867,0.129851,0.164421,0.199175,0.239425,0.26442,0.303967,0.304991
954.632,0.0822896,0.0397178,0.0674659,0.0941006,0.0639034,0.0766333,0.0921135,0.0757249,0.0889858,0.0921313,0.112364,0.130019,0.15243,0.193502,0.206749,0.235982,0.291244,0.329544,0.353904
954.956,0.0538532,0.0593005,0.0725246,0.0744951,0.0644829,0.0702684,0.0507474,0.035559,0.0962414,0.125955,0.143267,0.149518,0.183599,0.199304,0.231086,0.270769,0.325809,0.322995,0.396213
955.28,0.0496949,0.037977,0.0460699,0.00316282,0.0567005,0.0424739,0.0441097,0.0540246,0.0542181,0.0794656,0.0669118,0.0973142,0.139036,0.177002,0.195214,0.222776,0.261374,0.261194,0.334483
955.604,0.0742254,0.0758693,0.0783111,0.0678564,0.0719917,0.0473721,0.0861449,0.073387,0.0823483,0.112695,0.112279,0.125682,0.133383,0.184889,0.192027,0.226964,0.302953,0.281931,0.328959
955.927,0.0453466,0.0761133,0.0615676,0.0734745,0.0634741,0.0816582,0.0678151,0.0605985,0.0963935,0.0997158,0.0995394,0.11554,0.153773,0.162762,0.210821,0.248831,0.29047,0.352618,0.322753
956.251,0.0577822,0.0655548,0.0744178,0.0623875,0.0555573,0.0784612,0.0710595,0.0843612,0.0715433,0.0973059,0.115141,0.116824,0.14298,0.196497,0.216151,0.280141,0.281779,0.349697,0.337596
956.574,0.0587273,0.0757566,0.0903717,0.0581758,0.0683518,0.101774,0.0871197,0.0740471,0.0888423,0.099369,0.128823,0.137188,0.156328,0.16135,0.230985,0.27391,0.286534,0.351366,0.375852
956.897,0.072162,0.0594125,0.0817247,0.0539934,0.0785804,0.0775252,0.0697852,0.0638786,0.0876018,0.0974046,0.0925947,0.11864,0.16549,0.175597,0.202438,0.258183,0.298154,0.283543,0.318213
957.22,0.0161571,0.0453661,0.0424417,0.0104442,0.0607815,0.04601,0.0340912,0.0618143,0.0663397,0.0396324,0.0854431,0.0959748,0.117293,0.141309,0.171101,0.186508,0.270076,0.278841,0.305669
957.543,0.0726341,0.080235,0.100852,0.094385,0.057387,0.109208,0.0866877,0.101557,0.0886997,0.107152,0.117397,0.171746,0.163102,0.192875,0.230807,0.292226,0.351957,0.375855,0.368431
957.866,0.0211891,0.0493663,0.0291362,0.0463805,0.0446202,0.0497102,0.0572745,0.0471283,0.0432462,0.051133,0.101891,0.111311,0.132419,0.165371,0.217385,0.23901,0.295769,0.322857,0.369347
958.189,0.0645892,0.0395611,0.0500767,0.0750415,0.0609785,0.0292097,0.0543893,0.0369553,0.0572059,0.0726534,0.0885498,0.144471,0.165907,0.169259,0.195362,0.250211,0.296689,0.306722,0.3023
958.512,0.0781551,0.0523818,0.0732967,0.0652388,0.0847727,0.0896875,0.0798163,0.0725013,0.0908542,0.0922194,0.118793,0.139853,0.165229,0.173167,0.204409,0.234103,0.291828,0.27349,0.313892
958.834,0.0545451,0.0700994,0.0551739,0.0797835,0.0759124,0.0588683,0.0882342,0.0921671,0.0935617,0.084443,0.103613,0.133193,0.157172,0.167277,0.217611,0.236296,0.290888,0.295106,0.325924
959.156,0.0557155,0.0914601,0.0896451,0.0583189,0.0750886,0.0664811,0.0495888,0.0916873,0.0766712,0.0935232,0.123839,0.126193,0.179319,0.204723,0.218788,0.249482,0.305339,0.375827,0.373255
959.479,0.0647814,0.0747841,0.0784233,0.0479006,0.0743891,0.063617,0.0788802,0.077803,0.0825949,0.0816832,0.124741,0.147533,0.138285,0.177616,0.234413,0.255136,0.275083,0.347323,0.357847
959.801,0.0530329,0.0711605,0.0579082,0.0373348,0.0820519,0.0531349,0.0683684,0.0752995,0.0700506,0.085833,0.11211,0.102035,0.141065,0.156347,0.187519,0.232068,0.258535,0.275271,0.303737
960.123,0.0968461,0.0897787,0.0728425,0.0982367,0.075429,0.0656497,0.0960511,0.0959125,0.107063,0.110646,0.126473,0.149917,0.15736,0.199318,0.206646,0.286573,0.334925,0.382472,0.337755
960.445,0.0421725,0.072268,0.0777605,0.0622715,0.0618547,0.0753305,0.0864758,0.11022,0.0865402,0.123144,0.113148,0.115532,0.146872,0.16564,0.195493,0.240977,0.312057,0.337666,0.347635
960.766,0.0630615,0.0824614,0.0458969,0.0670215,0.0535427,0.0518279,0.0764973,0.0796026,0.0615268,0.0976759,0.108501,0.155068,0.15736,0.1529,0.227964,0.267946,0.298528,0.340737,0.374003
961.088,0.0640187,0.0556778,0.0638667,0.0612573,0.0829305,0.0713167,0.0493249,0.0838945,0.0762913,0.108771,0.130461,0.122252,0.149958,0.187969,0.204419,0.24317,0.312945,0.368018,0.354923
961.409,0.0421613,0.0388163,0.0360233,0.0298306,0.0559911,0.0534876,0.0424996,0.0555574,0.0701486,0.0966155,0.105031,0.119022,0.119054,0.173889,0.174092,0.225795,0.240503,0.306909,0.289256
961.731,0.0573539,0.0498075,0.0579177,0.0671892,0.0315014,0.056818,0.0607585,0.0602788,0.0603229,0.0349337,0.0884012,0.11557,0.139183,0.153465,0.169589,0.236947,0.265723,0.301186,0.335051
962.052,0.0430063,0.0570773,0.05289,0.0647088,0.0630738,0.0620498,0.0662008,0.0817137,0.10332,0.0786966,0.096809,0.149625,0.141452,0.199832,0.22488,0.23701,0.274529,0.312014,0.328015
962.373,0.0499965,0.0593985,0.068649,0.0517792,0.0663782,0.0679492,0.051935,0.0698771,0.0688681,0.099514,0.0953327,0.105522,0.144895,0.165197,0.201804,0.251585,0.248621,0.308972,0.315017
962.694,0.0386414,0.0394341,0.0652341,0.0460248,0.0548229,0.0598396,0.0577529,0.0568628,0.0446918,0.0824522,0.0902933,0.115153,0.146323,0.17613,0.207791,0.250245,0.239526,0.296164,0.304097
963.015,0.0643023,0.0521507,0.0693081,0.0441707,0.051822,0.0632331,0.0459317,0.0715656,0.0683995,0.0974582,0.09016,0.102492,0.105312,0.151193,0.222199,0.235792,0.26877,0.322741,0.33118
963.335,0.0288605,0.0398048,0.0345872,0.024015,0.0396296,0.029005,0.0548187,0.0357813,0.0624715,0.0339344,0.0832633,0.0850175,0.0973369,0.12133,0.152008,0.197215,0.231705,0.281982,0.278564
963.656,0.0361758,0.0319255,0.0346369,0.0486942,0.0508925,0.0333529,0.0690024,0.0469746,0.0669314,0.0828958,0.0908108,0.0979364,0.128701,0.168254,0.190864,0.222741,0.275835,0.298444,0.305438
963.976,0.0522726,0.0316343,0.0343396,0.0104101,0.0378007,0.0227692,0.059833,0.042478,0.0566284,0.0499229,0.0699613,0.0770336,0.121996,0.131174,0.171522,0.220677,0.254486,0.242375,0.299957
964.297,0.0685639,0.0464191,0.0369732,0.0468193,0.0309287,0.0932623,0.070511,0.0519153,0.0689875,0.105869,0.117159,0.144091,0.116988,0.163424,0.221779,0.250009,0.304732,0.319143,0.337115
964.617,0.0743856,0.0533506,0.0806521,0.0516065,0.0648302,0.0901164,0.0551906,0.0831741,0.0702766,0.117993,0.136407,0.117399,0.14056,0.185914,0.210269,0.268785,0.300084,0.317439,0.361281
964.937,0.0738197,0.0893834,0.0928474,0.0911631,0.0828005,0.0970558,0.0801181,0.0979861,0.0959786,0.115762,0.141114,0.147734,0.167945,0.176621,0.250789,0.257344,0.295445,0.327003,0.343457
965.257,0.0581573,0.0671107,0.0758793,0.0491466,0.0460562,0.0819279,0.0884157,0.094292,0.0525801,0.0925254,0.133508,0.118088,0.11018,0.176212,0.175687,0.225501,0.255259,0.310096,0.313932
965.577,0.0540095,0.0242793,0.035507,0.0226368,0.0566874,0.0382866,0.0430355,0.0778789,0.0711309,0.0838908,0.0804074,0.0818995,0.117134,0.161064,0.183404,0.244028,0.237579,0.306717,0.312133
965.896,0.0626374,0.0788354,0.0598471,0.06993,0.0703349,0.0738965,0.0837871,0.0459677,0.0842184,0.0937935,0.0949442,0.118134,0.140438,0.172443,0.172878,0.247368,0.301467,0.315238,0.309447
966.216,0.0394875,0.0730778,0.066987,0.0762988,0.0718334,0.0498907,0.066725,0.0780577,0.0944121,0.10497,0.118788,0.0978751,0.10718,0.181627,0.204692,0.230941,0.261987,0.32306,0.303177
966.535,0.0491159,0.0412448,0.0559078,0.0610885,0.0505945,0.0526802,0.0912249,0.0357902,0.081161,0.0884176,0.115358,0.0860082,0.167481,0.170255,0.194397,0.200989,0.263938,0.348731,0.344335
966.854,0.025723,0.0382049,0.0516399,0.0408578,0.0583382,0.0620383,0.0359715,0.0893341,0.0646309,0.0747322,0.0847258,0.10581,0.0984791,0.163415,0.172609,0.204387,0.256969,0.293122,0.301261
967.174,0.0722436,0.0600435,0.0648122,0.0816739,0.0562303,0.103611,0.0787487,0.102984,0.0977835,0.105793,0.13875,0.126745,0.156765,0.188754,0.215634,0.271511,0.315452,0.32124,0.350015
967.493,0.0423517,0.0378838,0.0644765,0.0561814,0.0889431,0.0267101,0.0576075,0.0589631,0.0520127,0.0628484,0.089541,0.102579,0.160924,0.166164,0.202027,0.256215,0.260355,0.315038,0.338907
967.811,0.0631775,0.0671282,0.041012,0.0530457,0.0442729,0.0544189,0.0660298,0.0761791,0.0805792,0.0852198,0.112347,0.128976,0.159491,0.162637,0.190693,0.212725,0.25235,0.300074,0.349084
968.13,0.0938304,0.0774281,0.0711727,0.0741549,0.0723035,0.0820877,0.105449,0.0987445,0.0998742,0.0913932,0.140577,0.140657,0.215279,0.177303,0.21588,0.27159,0.276035,0.352138,0.375235
968.449,0.0358239,0.0537153,0.0644684,0.0482373,0.0628092,0.0626667,0.0665279,0.0576553,0.0560052,0.096095,0.105422,0.103811,0.125694,0.175897,0.205442,0.23054,0.240603,0.308608,0.354016
968.767,0.0860072,0.0557591,0.0546382,0.0763054,0.0533479,0.0802511,0.0708753,0.108102,0.0638214,0.0990593,0.118669,0.14313,0.168188,0.169832,0.208471,0.260581,0.259924,0.322543,0.345979
969.086,0.0643518,0.0685303,0.0285232,0.0797882,0.0533148,0.048465,0.0823922,0.0910421,0.066099,0.0989069,0.0906256,0.100466,0.166557,0.197844,0.234285,0.260307,0.290823,0.31403,0.345416
969.404,0.0467877,0.09132,0.0986415,0.0526404,0.0712424,0.0549455,0.0796628,0.085807,0.0746234,0.0985241,0.107502,0.134114,0.124863,0.126005,0.208809,0.254343,0.280134,0.352675,0.345911
969.722,0.0814397,0.0635604,0.0852782,0.0791457,0.0922617,0.0822631,0.105089,0.126845,0.102244,0.152656,0.143958,0.130448,0.154741,0.183438,0.204057,0.258922,0.251492,0.338426,0.356314
970.04,0.0375851,0.0642744,0.0375065,0.0569512,0.0747708,0.0408164,0.0425561,0.0684553,0.0658811,0.0817587,0.0878419,0.117135,0.13911,0.161484,0.179633,0.203199,0.239007,0.282915,0.286235
970.358,0.103693,0.0756912,0.0552131,0.110374,0.0986996,0.0923061,0.0919969,0.118044,0.0970724,0.133782,0.128569,0.135658,0.179399,0.192221,0.246451,0.326228,0.274693,0.351422,0.385237
970.676,0.0012802,0.0276598,0.0580114,0.0461233,0.0556658,0.0457736,0.0296261,0.0534969,0.0521462,0.0706364,0.0849284,0.0929928,0.139896,0.168294,0.218398,0.247994,0.284043,0.322866,0.332676
970.993,0.107344,0.0961573,0.0990421,0.0522603,0.0978267,0.0869926,0.121655,0.109925,0.099584,0.0990015,0.154839,0.142532,0.195494,0.195884,0.207652,0.246165,0.307347,0.341804,0.346144
971.311,0.031942,0.062296,0.0568851,0.0403765,0.0708675,0.0300992,0.0630997,0.0387829,0.0905726,0.0637128,0.150948,0.122703,0.147295,0.189964,0.208197,0.257085,0.278422,0.309104,0.362202
971.628,0.0437486,0.0583559,0.0336664,0.0233882,0.00897497,0.0168192,0.031185,0.0279704,0.0539223,0.0540424,0.0565018,0.0738257,0.125573,0.131246,0.158584,0.19403,0.21389,0.232607,0.278918
971.945,0.0570832,0.0679598,0.0336413,0.0511723,0.0495906,0.0658446,0.0639209,0.0452876,0.0592899,0.0636967,0.129471,0.108962,0.156789,0.162827,0.199931,0.232537,0.290371,0.297869,0.318806
972.262,0.0644722,0.0402481,0.0408737,0.0351912,0.0334385,0.0584684,0.0381005,0.0886123,0.0639299,0.0759753,0.108254,0.125288,0.1271,0.185541,0.199924,0.233048,0.249624,0.295292,0.280083
972.579,0.0687132,0.0818606,0.0540257,0.080391,0.0708057,0.041271,0.0579073,0.0615549,0.0766131,0.0893552,0.0772894,0.0894061,0.143803,0.133558,0.172757,0.227476,0.265309,0.364983,0.322465
972.896,0.0724421,0.0567925,0.0831332,0.0532907,0.028091,0.0950082,0.0663079,0.0694314,0.0529836,0.11193,0.113913,0.104766,0.137839,0.181334,0.178055,0.244087,0.275177,0.356567,0.360364
973.213,0.0228651,0.0280743,0.0458093,0.0279932,0.0589976,0.0584925,0.064966,0.0399694,0.0548032,0.0468324,0.0778638,0.0776191,0.109955,0.125461,0.185729,0.220413,0.27536,0.327617,0.306794
973.53,0.0330791,0.0280771,0.0520639,0.0504629,0.014716,0.0673805,0.0674192,0.0605306,0.0476876,0.0992401,0.0829253,0.113654,0.107203,0.158534,0.189078,0.217942,0.245272,0.238232,0.277054
973.846,0.0945124,0.0635573,0.0862139,0.0884946,0.062345,0.092266,0.0732228,0.0673307,0.0744129,0.127442,0.121917,0.149135,0.15645,0.151771,0.248637,0.271028,0.2931,0.329586,0.349965
974.162,0.0393248,0.0275041,0.0639627,0.0365857,0.0548348,0.0482894,0.0429572,0.0545184,0.0983178,0.106671,0.0754134,0.111194,0.154055,0.165942,0.254709,0.231532,0.28494,0.317447,0.342684
974.479,0.0993287,0.0576278,0.077356,0.0580131,0.0975771,0.0772533,0.0465825,0.0466618,0.0745452,0.129068,0.115341,0.114172,0.123816,0.167513,0.186024,0.241577,0.273964,0.32013,0.351864
974.795,0.0404966,0.0523803,0.0870674,0.0740337,0.0789049,0.0462931,0.101681,0.0769494,0.116941,0.0619391,0.0643476,0.162334,0.154211,0.192759,0.241841,0.243726,0.286588,0.367665,0.364563
975.111,0.023867,0.00904736,0.0603458,0.0480317,0.0349168,0.0472193,0.0586437,0.0518423,0.0503809,0.0535394,0.07837,0.0882233,0.121038,0.143897,0.206441,0.220133,0.266865,0.318085,0.33539
975.426,0.0120282,0.0547807,0.0135973,0.0236146,0.0424916,0.0492333,0.0549379,0.0367877,0.061799,0.0633561,0.0916068,0.125647,0.122241,0.132147,0.193808,0.245943,0.25949,0.333343,0.307029
975.742,0.0664519,0.0451509,0.0255623,0.015465,0.0311992,0.0454963,0.0544395,0.045621,0.107679,0.081721,0.0821187,0.109366,0.114014,0.132032,0.194351,0.274272,0.291882,0.336289,0.315852
976.058,0.0656233,0.0946593,0.0366927,0.0912338,0.039182,0.0746971,0.0749319,0.0569235,0.0767536,0.103193,0.110758,0.125966,0.185684,0.217146,0.234758,0.276517,0.290063,0.29801,0.372682
976.373,0.0432614,0.0601409,0.0208978,0.0662311,0.0633535,0.06305,0.0668443,0.0800154,0.0749182,0.103185,0.0956593,0.098778,0.142376,0.165681,0.228942,0.247695,0.245411,0.316098,0.288303
976.688,0.0704233,0.0651009,0.0798478,0.05809,0.0553932,0.104971,0.0955551,0.0943963,0.105918,0.092094,0.166592,0.171072,0.195408,0.202352,0.173046,0.24615,0.297833,0.319971,0.383915
977.004,0.0409362,0.0370746,-0.00738594,0.0569998,0.0607631,0.0190158,0.0123427,0.0502608,0.0677502,0.108666,0.0943196,0.108684,0.176127,0.153274,0.170611,0.243619,0.303543,0.330855,0.379608
977.319,0.0518669,0.0656974,0.0482713,0.0262214,0.0883689,0.0658618,0.0663409,0.0618693,0.0954376,0.10045,0.102114,0.128429,0.146389,0.18576,0.200008,0.23094,0.28354,0.350919,0.354133
977.633,0.0953714,0.0723848,0.0586406,0.100184,0.0918961,0.0664355,0.0845291,0.021763,0.0912332,0.0887526,0.15538,0.149075,0.143262,0.167637,0.225554,0.261674,0.330901,0.331556,0.350978
977.948,0.0943767,0.0948295,0.0738789,0.0835694,0.106097,0.0944202,0.0931267,0.111738,0.0975957,0.122943,0.162777,0.134937,0.183153,0.18303,0.216066,0.259239,0.31819,0.315228,0.367886
978.263,0.0777925,0.0587383,0.0790006,0.0344506,0.0477342,0.0703459,0.089505,0.0597504,0.0718731,0.0811482,0.0759033,0.153332,0.15414,0.144836,0.20889,0.201596,0.296462,0.284788,0.358182
978.577,0.0170688,0.0389431,0.0754163,0.0416596,0.0166412,0.0977344,0.0427267,0.0410329,0.0561406,0.10381,0.0947107,0.11616,0.112079,0.15415,0.19197,0.208049,0.247572,0.314285,0.362953
978.892,0.0570477,0.0118626,0.0543403,0.0346267,0.0583646,0.0659955,0.0405228,0.058567,0.0681797,0.0712792,0.0916553,0.12656,0.103211,0.193186,0.154487,0.207244,0.303336,0.309888,0.326339
979.206,0.0488133,0.0461722,0.0481172,0.0603673,0.0545697,0.0635545,0.0588915,0.0378152,0.0592862,0.0868271,0.0795013,0.107741,0.138857,0.148803,0.212819,0.184789,0.259037,0.303035,0.299302
979.52,0.0609142,0.0704712,0.0895462,0.110407,0.105681,0.088224,0.12784,0.0930511,0.0852863,0.109855,0.13266,0.131282,0.181241,0.168384,0.265512,0.279802,0.269755,0.379452,0.40203
979.834,0.0664005,0.0993957,0.0960848,0.0450996,0.0694881,0.0324999,0.060252,0.055313,0.0496008,0.0752422,0.139202,0.114738,0.155749,0.156204,0.185186,0.24494,0.281566,0.335312,0.366034
980.148,0.0279803,0.0189376,0.066749,0.0157964,0.0441019,0.0316792,0.0295641,0.0636584,0.029527,0.053754,0.0946002,0.072078,0.120524,0.146831,0.17357,0.205517,0.235119,0.240478,0.295428
980.462,0.0794984,0.0887098,0.0860479,0.088277,0.137975,0.104641,0.10261,0.114675,0.112155,0.105143,0.132288,0.116263,0.172397,0.175514,0.251578,0.243063,0.29937,0.379297,0.382848
980.776,0.0407248,0.0567082,0.0367233,0.086087,0.0723844,0.107452,0.0387987,0.103879,0.076232,0.115087,0.102041,0.164311,0.137345,0.182144,0.183982,0.263361,0.307623,0.332953,0.34994
981.089,0.0581028,0.044618,0.0942997,0.068495,0.0706474,0.0610386,0.0887379,0.0804417,0.0756306,0.0841443,0.0949485,0.131605,0.163577,0.202236,0.21094,0.248956,0.347007,0.330127,0.351262
981.402,0.0531935,0.0776388,0.0859207,0.0832346,0.062232,0.0710906,0.101174,0.0828267,0.121908,0.0655516,0.0986593,0.128064,0.16833,0.191939,0.214558,0.221345,0.292079,0.282742,0.308628
981.716,0.109455,0.0994105,0.0793131,0.0821981,0.104937,0.0848764,0.0899174,0.10799,0.117856,0.133342,0.11107,0.161279,0.149932,0.203437,0.245853,0.291811,0.30258,0.399533,0.377382
982.029,0.0634702,0.0998309,0.0753129,0.0646501,0.082286,0.0480689,0.0565757,0.0503334,0.0912604,0.0989448,0.128102,0.150526,0.152761,0.156139,0.224664,0.221287,0.262523,0.289298,0.302953
982.342,0.0313837,0.113061,0.0577073,0.10563,0.0652851,0.0217534,0.0762526,0.0611083,0.0758766,0.102353,0.0873026,0.126971,0.14898,0.161133,0.209982,0.235307,0.299857,0.344197,0.294481
982.655,0.0236624,0.0318288,0.0406907,0.0574331,0.0580474,0.0487222,0.066303,0.0592117,0.0738925,0.0926184,0.0985061,0.105144,0.124641,0.160396,0.212997,0.234153,0.25723,0.288895,0.339559
982.967,0.0676895,0.0568785,0.0322508,0.0558768,0.0771215,0.0533561,0.080596,0.0774592,0.102455,0.0972335,0.0635785,0.144028,0.135089,0.186079,0.212997,0.214074,0.27199,0.262847,0.328151
983.28,0.0554867,0.0612809,0.0462922,0.0511397,0.0287961,0.0375447,0.0632502,0.0726431,0.0556738,0.12599,0.0826647,0.128519,0.151998,0.109031,0.222635,0.218652,0.308744,0.301495,0.321167
983.592,0.0642947,0.0616941,0.0935186,0.0579713,0.0637871,0.035826,0.0472655,0.0877181,0.0916403,0.0724936,0.0927056,0.12615,0.130081,0.161916,0.216668,0.265093,0.288742,0.288649,0.285318
983.905,0.0669039,0.0943019,0.0904786,0.0788969,0.0659058,0.0851992,0.0987571,0.0771454,0.0887523,0.0741184,0.115571,0.161963,0.155977,0.198884,0.210593,0.235032,0.325122,0.366054,0.396496
984.217,0.0480384,0.0199492,0.0262166,0.0210487,0.0671394,0.0198613,0.028582,0.0602232,0.0522529,0.0616405,0.068453,0.105236,0.121464,0.139435,0.212094,0.230247,0.241165,0.238408,0.320125
984.529,0.0553869,0.047647,0.0343052,0.0860449,0.0570253,0.0449632,0.0413915,0.0425666,0.0413006,0.0540572,0.108813,0.119469,0.160191,0.131406,0.203079,0.245977,0.223531,0.338576,0.389129
984.841,0.0334705,0.0527599,0.0780448,0.0875654,0.0495656,0.0824692,0.053827,0.0811383,0.0770451,0.0875273,0.0731102,0.121682,0.151639,0.158606,0.231135,0.251802,0.272586,0.323096,0.309681
985.153,0.00280589,0.0243456,0.0173236,0.0461767,0.00721817,0.0253719,0.0253044,0.0530631,0.0456707,0.0692354,0.0785893,0.100157,0.109915,0.123166,0.133817,0.221877,0.234234,0.301196,0.28785
985.465,0.0148655,0.039288,0.044786,0.0393746,0.022382,0.0124696,0.038531,0.086147,0.0692078,0.0690994,0.0955065,0.103572,0.103656,0.155117,0.176169,0.239722,0.285681,0.313718,0.311221
985.776,-0.0240377,0.0167925,0.0525593,0.00749168,0.0510034,-0.0045996,0.0371215,0.00785733,0.0567567,0.0393744,0.0716671,0.0815242,0.082494,0.125045,0.15036,0.172485,0.244307,0.282871,0.261359
986.088,0.00401811,-0.0221458,0.0600432,0.00409422,0.0290415,-0.00163223,-0.0119953,-0.00667723,0.0265537,0.0508227,0.0549393,0.0721386,0.0926395,0.105919,0.174413,0.188214,0.193104,0.306932,0.257792
986.399,0.0723525,0.0432538,0.0922119,0.0510279,0.0499032,0.101217,0.0888314,0.0600029,0.0829334,0.132371,0.108129,0.0960197,0.172905,0.169528,0.218433,0.240349,0.30849,0.373427,0.401266
986.71,0.0458018,0.0488956,0.0549131,0.0675225,0.0640523,0.0459195,0.057718,0.0933465,0.0410641,0.0765625,0.0813348,0.0819939,0.16413,0.163582,0.211916,0.264858,0.256452,0.31556,0.289344
987.021,0.0115613,0.016861,0.0224551,0.0220701,0.0447664,0.0479956,0.0182099,0.0392913,0.0290326,0.0389381,0.062086,0.0524164,0.111294,0.118137,0.126213,0.212065,0.220829,0.223284,0.210875
987.332,0.0214821,0.00280544,0.0637734,0.0426689,0.0638466,0.0652863,0.0506973,0.0649282,0.0829701,0.0565483,0.095415,0.10198,0.124973,0.135837,0.192869,0.21041,0.283274,0.254081,0.257321
987.643,0.110462,0.0717048,0.0755966,0.0595534,0.101552,0.061135,0.0711009,0.0928267,0.111056,0.113766,0.146757,0.101199,0.171007,0.243482,0.218001,0.232939,0.27248,0.341798,0.31603
987.954,-0.00966128,0.0755897,0.0539888,0.0543936,0.045864,0.0689133,0.0677967,0,0.0383385,0.0960306,0.0808039,0.0995357,0.157608,0.144144,0.166107,0.216379,0.246303,0.340963,0.301919
988.264,0.0371083,0.0679636,0.0454311,0.0365252,0.0388566,0.0456157,0.0617481,0.0485975,0.0379439,0.1078,0.0777297,0.10698,0.147008,0.14199,0.159406,0.239812,0.244553,0.287565,0.301695
988.575,0.053503,0.0430072,0.0622535,0.0390935,0.0404613,0.0808629,0.0633737,0.045257,0.0500584,0.121052,0.0991137,0.0858056,0.0996263,0.156925,0.19288,0.233882,0.247104,0.288643,0.288972
988.885,0.108419,0.0781259,0.0633289,0.0852453,0.0504881,0.0599569,0.0471208,0.0770451,0.117324,0.0779882,0.12256,0.121937,0.197434,0.190982,0.264055,0.246205,0.324325,0.295964,0.353385
989.195,0.078083,0.121552,0.0830613,0.0711101,0.0962437,0.110654,0.0682196,0.0696808,0.127455,0.119962,0.115621,0.158824,0.140682,0.18491,0.218063,0.247355,0.271207,0.313489,0.317052
989.505,0.175287,0.130395,0.129114,0.109321,0.0833861,0.107553,0.118929,0.148601,0.126854,0.153796,0.169531,0.172125,0.198802,0.207698,0.236851,0.304157,0.282692,0.388453,0.397328
989.815,0.0841869,0.0455427,0.0656265,0.0671838,0.0713635,0.0753774,0.0518545,0.0810133,0.103982,0.0901664,0.128575,0.141866,0.204358,0.197336,0.259492,0.290243,0.290203,0.349136,0.351691
990.125,-0.0100143,0.0786275,0.0339631,0.0452571,0.0463801,-0.00163194,0.0064777,0.0639596,0.0716382,0.049068,0.101507,0.0833889,0.110366,0.13534,0.19008,0.231605,0.22444,0.243192,0.305181
990.434,0.0276303,0.0305401,0.0350007,0.0403909,0.039001,0.0631984,0.0288243,0.00582513,0.0566916,0.0530941,0.107554,0.10329,0.117453,0.184513,0.191498,0.211215,0.272055,0.34174,0.304029
990.744,0.0948308,0.0574893,0.0455739,0.041417,0.0889167,0.102683,0.0409596,0.0967236,0.102997,0.063319,0.1165,0.131311,0.147851,0.23226,0.203143,0.205302,0.338782,0.324974,0.24756
991.053,0.0852191,0.0416253,0.0670847,0.0904212,0.0627256,0.0424998,0.0865662,0.071439,0.11184,0.0598982,0.09813,0.118138,0.149355,0.181873,0.234492,0.227225,0.343191,0.349175,0.391978
991.362,0.0341411,0.0570719,0.0652723,0.034033,0.0643771,0.0580214,0.0723828,-0.0102231,0.111394,0.0701299,0.0602258,0.104097,0.130022,0.166751,0.185872,0.261589,0.261612,0.305946,0.309826
991.672,0.110775,0.0684709,0.0996917,0.0884807,0.0590548,0.0797018,0.0652795,0.0791938,0.120686,0.0807721,0.147311,0.139052,0.149539,0.191507,0.200995,0.187211,0.279842,0.314176,0.376213
991.981,0.0474011,0.083474,0.0677299,0.0592356,0.10358,0.0519167,0.0886562,0.0748957,0.0765657,0.143557,0.105566,0.0924552,0.148132,0.170003,0.258424,0.21573,0.325977,0.321852,0.384481
992.289,0.0332261,0.0397694,0.0417214,0.0288143,0.00981681,0.0262278,0.0326255,0.0710373,0.0703224,0.068331,0.0804187,0.083128,0.116564,0.154106,0.168115,0.189611,0.256217,0.287499,0.290316
992.598,0.0098389,0.0259328,0.0314152,0.0320668,0.0348247,0.0461417,0.057214,0.0619186,0.0549328,0.0392005,0.0912754,0.0864987,0.124123,0.161935,0.214603,0.212865,0.270566,0.35848,0.346086
992.907,0.024164,0.0658183,0.0425192,0.0136718,0.0704234,0.0933797,0.00300476,0.0351129,0.068718,0.0722569,0.0534944,0.10523,0.104945,0.13678,0.168619,0.217931,0.262211,0.297036,0.293217
993.215,-0.0419253,-0.0489225,-0.0546448,-0.0725886,-0.0482363,-0.067714,-0.0423095,-0.100023,0.0115326,-0.0264791,0.0305026,0.0405738,0.067535,0.0674001,0.145051,0.12524,0.269775,0.217321,0.286527
993.524,0.105347,0.0577993,0.0972435,0.114964,0.0746218,0.064588,0.0920472,0.0801427,0.0586918,0.0845909,0.117909,0.150741,0.162972,0.21509,0.273554,0.261221,0.312766,0.330476,0.337221
993.832,0.0187097,0.0566204,0.00930852,0,0.00683629,0.057529,0.0488405,0.0248863,0.0689756,0.0719867,0.0676513,0.103001,0.0974528,0.158472,0.132699,0.188287,0.234875,0.248723,0.263883
994.14,0.10761,0.108024,0.0437226,0.051786,0.095932,0.0513814,0.088857,0.0766461,0.0869453,0.118796,0.0982554,0.0986542,0.143384,0.1898,0.176956,0.242238,0.266592,0.313266,0.304722
994.448,0.0555861,0.0388216,0.0346585,0.0494773,0.0561116,0.0959923,0.0664714,0.0342235,0.0845194,0.0980786,0.0712682,0.128858,0.139428,0.164619,0.153328,0.197929,0.255823,0.302641,0.284058
994.756,0.0923963,0.107668,0.0793293,0.067036,0.123937,0.0735923,0.10268,0.126601,0.104164,0.0872932,0.109841,0.138277,0.13614,0.196734,0.239806,0.275475,0.276915,0.351955,0.302565
995.063,0.0622193,0.0883966,0.0733963,0.0776154,0.0818712,0.0433202,0.0457269,0.0547192,0.0905633,0.0548272,0.138613,0.135344,0.171742,0.160551,0.194378,0.229402,0.274947,0.29913,0.325885
995.371,0.0931358,0.0813703,0.0943044,0.0831097,0.0775573,0.0891107,0.0575351,0.0927532,0.117843,0.0917592,0.0816306,0.128732,0.108226,0.183813,0.272054,0.23613,0.291234,0.299753,0.372194
995.679,-0.00602577,0.0291192,0.0721234,0.0425336,0.00621532,0.0690278,0.0252147,0.109535,0.0828655,0.13971,0.0732082,0.147992,0.187197,0.163471,0.262384,0.315834,0.305026,0.311244,0.367534
995.986,0.0762428,0.116062,0.123352,0.0775139,0.0787563,0.121293,0.102405,0.12693,0.142287,0.148517,0.135533,0.182137,0.234401,0.220865,0.267964,0.283331,0.307197,0.331069,0.359862
996.293,0.0783382,0.0480628,0.0631356,0.0674166,0.00196731,0.0807456,0.0723937,0.0379777,0.0973788,0.0583228,0.139557,0.0843626,0.13592,0.0927482,0.217845,0.211538,0.356069,0.285872,0.303135
996.6,0.0801284,0.125069,0.0820093,0.0454572,0.101118,0.123172,0.16788,0.0995023,0.103443,0.0489881,0.175536,0.157885,0.137221,0.208359,0.244954,0.285632,0.305917,0.372054,0.445154
996.907,0.0651843,0.100941,0.140959,0.0646213,0.0699325,0.113885,0.0988969,0.115853,0.0958224,0.111717,0.110141,0.118702,0.202317,0.23841,0.233084,0.248033,0.319423,0.311789,0.398284
997.214,0.0302681,0.0468235,0.0140664,0.00252633,0.00783458,0.00337322,0.00428655,0.0367053,0.0338232,0.0194513,0.075714,0.0303374,0.0603029,0.124092,0.135774,0.184205,0.210717,0.255254,0.218983
997.52,0.120598,0.052588,0.109588,0.0574259,0.0444587,0.0573388,0.12956,0.00658187,0.0664823,0.0688835,0.129377,0.142066,0.187351,0.148513,0.197899,0.264567,0.265712,0.350221,0.366059
997.827,0.0837227,0.0899897,0.0901755,0.0824182,0.0776331,0.0715507,0.0846383,0.0619284,0.0913703,0.121098,0.0898087,0.0743011,0.15229,0.204662,0.193475,0.298344,0.273107,0.303707,0.365971
998.133,0.0969427,0.0985422,0.0509817,0.118745,0.0776474,0.0727623,0.0790519,0.0715235,0.0831382,0.113289,0.12541,0.129737,0.212757,0.215347,0.170751,0.319271,0.355349,0.323632,0.359057
998.44,0.0231939,0.0413837,0.0184698,0.0503146,0.0324151,0.016889,0.0217169,0.0704027,0.0450046,0.116537,0.0594596,0.126523,0.0866023,0.161031,0.176456,0.193379,0.275316,0.27087,0.281393
998.746,0.0657191,0.0571562,0.112554,0.09152,0.0449144,0.0846,0.0880591,0.0718311,0.158432,0.0759201,0.1276,0.128505,0.131347,0.207362,0.219376,0.286439,0.275543,0.335397,0.275412
999.052,0.0545747,-0.0139633,0.0526208,0.0421713,-0.019174,0.0344682,0.0268787,0.0585745,0.0462317,0.0537854,0.0295426,0.0442483,0.0743503,0.107236,0.14705,0.211962,0.22185,0.25945,0.283553
999.358,-0.0120518,0.00765062,0.0969333,0.0364411,0.0329909,0.0245736,-0.00664187,0.0520638,0.0400166,0.0692381,0.0590392,0.121737,0.0942822,0.138476,0.157869,0.244781,0.228924,0.253582,0.269484
999.664,0.042172,0.0127435,0.020071,0.0669817,0.0122626,0.0264672,0.0163199,-0.0039034,0.0897394,0.0748595,0.0325917,0.0325917,0.117379,0.14527,0.166695,0.221106,0.238925,0.254637,0.27717
999.969,0.147032,0.116838,0.126264,0.118527,0.053252,0.128398,0.135187,0.091702,0.0963849,0.0877351,0.137099,0.166055,0.149471,0.230235,0.25642,0.269351,0.2977,0.297368,0.367191
1000.27,0.0882152,0.105426,0.0569027,0.12032,0.062346,0.0193387,0.0599029,0.064846,0.111764,0.0514068,0.144139,0.109643,0.162378,0.123012,0.211575,0.222669,0.309936,0.339143,0.292086
1000.58,0.0749772,0.0540623,0.0684006,0.053751,0.0423462,0.108932,0.0714459,0.093572,0.0738201,0.0831395,0.118271,0.133703,0.124302,0.153438,0.263508,0.225455,0.340374,0.341837,0.360156
1000.89,-0.0836932,-0.0115505,-0.00768234,-0.017588,-0.0726427,-0.0196208,-0.00781626,-0.0409418,0.000970114,0.0330694,-0.0272489,0.0483535,0.0770634,0.0847636,0.109428,0.183326,0.183681,0.184233,0.18274
1001.19,0.0664224,0.0709709,0.0671818,0.0585225,0.117605,0.0829757,0.0708101,0.0499819,0.0814784,0.0927259,0.138831,0.1838,0.170992,0.146467,0.269166,0.22028,0.26129,0.298346,0.275702
1001.5,0.106995,0.0792079,0.136571,0.128834,0.154809,0.0942593,0.110362,0.130186,0.131387,0.14015,0.136322,0.139025,0.228472,0.179281,0.237442,0.250237,0.31928,0.333239,0.372534
1001.8,0.0101014,0.0176716,-0.0227128,-0.00642382,-0.0223393,0.0211187,0.0809784,0.00424906,0.0063389,0.0352893,0.0643618,0.0824922,0.0666102,0.0873556,0.159045,0.172954,0.235912,0.269213,0.242863
1002.11,0.109481,0.0586979,0.115906,0.0992203,0.02276,0.0808742,0.140581,0.106071,0.141796,0.129051,0.171673,0.160042,0.17378,0.271786,0.269414,0.249377,0.286077,0.322247,0.396561
1002.41,0.0935076,0.0807223,0.0418102,0.0658779,0.0761746,0.0663562,0.086008,0.08769,0.0778676,0.163731,0.111341,0.126209,0.148591,0.194265,0.182053,0.26653,0.282515,0.318315,0.35964
1002.71,-0.00707772,0.0234217,0.0334021,-0.0201584,-0.0276988,0.0338433,-0.00884851,0.00197543,0.0323043,0.0391549,0.0386354,0.0550459,0.0903699,0.0847475,0.172451,0.129491,0.179525,0.224469,0.301304
1003.02,0.0719947,0.107958,0.0515808,0.0768884,0.0994738,0.0209732,0.121409,0.0759964,0.125003,0.12241,0.140453,0.162966,0.148328,0.194529,0.14303,0.199265,0.231784,0.298638,0.298865
1003.32,0.0236343,0.0392591,0.0148491,-0.0110356,-0.00500763,0.00192917,0.00475664,-0.0612604,0.00497376,-0.0499359,0.0630937,0.0287023,0.0916355,0.11748,0.113724,0.117029,0.242815,0.223269,0.27969
1003.63,0.0841511,0.113922,0.100497,0.107468,0.0810684,0.112837,0.130925,0.0931252,0.0931848,0.0614591,0.159584,0.109586,0.215913,0.17389,0.189838,0.29827,0.303392,0.283844,0.396214
1003.93,0.0746649,0.0316124,0.0497812,-0.00246248,0.0175782,0.0546007,0.00838536,0.0712012,0.0203144,0.123366,0.116772,0.075376,0.118829,0.16225,0.144676,0.199443,0.311002,0.352259,0.267554
1004.23,0.0454699,0.120981,0.00914062,0.0717951,0.0516601,0.0651269,0.104215,0.130264,0.0651552,0.0353632,0.185501,0.0961437,0.220974,0.186914,0.216112,0.234524,0.231675,0.350776,0.330681
1004.54,0.069541,0.0494222,0.105192,0.0220481,0.0456092,0.0902079,0.0673613,0.105629,0.155801,0.0456287,0.156422,0.111631,0.133866,0.125985,0.190325,0.252028,0.240018,0.259455,0.34217
1004.84,0.112266,0.0985115,0.0437607,0.0909973,0.102854,0.116901,0.0999823,0.100761,0.129187,0.098168,0.11189,0.141461,0.20873,0.228859,0.212584,0.253569,0.327269,0.37319,0.377674
1005.15,0.0862247,0.0618767,0.0405763,0.13336,0.0713852,0.0350375,0.077831,0.0581916,0.0384803,0.0374799,0.0512159,0.175642,0.138581,0.166688,0.154553,0.265014,0.25864,0.432518,0.288603
1005.45,0.0824158,0.0752406,0.0942793,0.0653846,0.0931943,0.0825347,0.110376,0.0191878,0.117798,0.0762198,0.144762,0.104871,0.181841,0.250759,0.233079,0.277418,0.234879,0.340266,0.375065
1005.75,0.101785,0.0699411,0.0662373,0.118086,0.169502,0.110837,0.064776,0.0532571,0.15257,0.151352,0.205181,0.170821,0.164,0.210835,0.251445,0.252821,0.301833,0.380976,0.357152
1006.05,0.0758891,0.0907506,0.0366025,0.0482792,0.0204745,0.0192985,0.0267995,0.128042,0.0911563,0.194585,0.145718,0.171245,0.159596,0.166979,0.240075,0.233075,0.374733,0.403087,0.405178
1006.36,-0.00708103,0.00141494,0.0568511,0.0816463,0.0708601,0.0552957,0.0360181,0.122663,0.146762,0.143412,0.0923981,0.133373,0.201735,0.159953,0.228587,0.259082,0.313645,0.321747,0.454677
1006.66,0.00214103,0.0175498,0.0130908,0.056847,0.0234887,0.0277593,0.0527202,0.00106862,0.086481,0.0484318,0.0717391,0.162397,0.153142,0.179279,0.102025,0.18715,0.230552,0.250162,0.260535
1006.96,0.150883,0.0920702,0.197697,0.177692,0.140884,0.112609,0.0946405,0.205341,0.139425,0.260119,0.123628,0.243366,0.259776,0.260158,0.276228,0.391113,0.416907,0.468301,0.563288
1007.27,0.0198234,0.120466,0.0579888,0.0518738,-0.00731335,0.0984196,0.0333441,0.0523782,0.0250755,0.135141,0.136131,0.068973,0.149858,0.186683,0.178789,0.314831,0.295333,0.264887,0.368505
1007.57,0.0665348,0.0692046,0.108644,0.134087,0.0618572,0.0432414,0.116076,0.0849224,0.12998,0.131362,0.0733252,0.18552,0.224521,0.196029,0.201706,0.314025,0.276066,0.448763,0.37388
1007.87,0.0934101,-0.0348598,0.0367477,0.0639421,0.0453219,0.0136945,0.102225,0.0920595,-0.0306387,0.077451,0.135864,0.153872,0.198195,0.161432,0.215161,0.295959,0.325165,0.439794,0.452789
1008.17,0.110117,0.0931163,0.0288872,0.0557035,0.0463213,0.0776442,0.0776576,0.127948,0.0512121,0.151329,0.0938165,0.152589,0.222373,0.307858,0.242235,0.317082,0.342368,0.36385,0.376421
1008.47,0.0451456,0.100411,0.08034,-0.082556,0.127207,0.0354708,0.0798978,0.0191719,0.0143315,0.156956,0.120173,0.255519,0.181939,0.153866,0.222172,0.185575,0.263543,0.264899,0.424139
1008.78,0.113692,0.0894126,0.0904004,0.15365,0.0915458,0.178813,0.178825,0.134906,0.13363,0.0515811,0.142157,0.22623,0.187282,0.258916,0.365622,0.27967,0.355975,0.450931,0.344009
1009.08,0.0238874,0.0460063,0.0160384,0.0670252,0.0211976,0.0739321,0.0255991,0.041435,0.0938814,0.0771902,0.0406583,0.140933,0.119553,0.179514,0.160169,0.228689,0.348513,0.38656,0.395463
1009.38,0.0587091,0.0248533,0.0749625,0.0561565,0.0549517,0.0872557,0.0642287,0.0663823,0.0659209,0.0489448,0.0973739,0.085074,0.150007,0.162746,0.176842,0.169388,0.225706,0.301781,0.256537
1009.68,0.0309755,0.0839392,0.0948264,0.098089,0.0542947,0.0130979,0.0732101,0.0447804,0.0672708,0.0873989,0.107355,0.0796923,0.131752,0.154555,0.190425,0.247764,0.267132,0.299556,0.293878
1009.98,0.0594587,0.0186728,0.0920996,-0.052317,-0.00737929,0.0291533,0.0778685,0.0401679,0.0935675,0.0105596,0.0193457,0.103036,0.0739389,0.159741,0.118435,0.287238,0.336754,0.268992,0.347381
1010.28,0.0132386,0.0669311,0.0953692,0.0308879,0.00769133,0.0586703,0.0383647,0.0808994,0.112223,0.0963281,0.135875,0.120329,0.145616,0.165905,0.291339,0.278773,0.194027,0.276658,0.387643
1010.59,-0.0234773,0.0238674,0.0271337,-0.0431812,-0.00431322,0.0753765,0.0694029,0.019372,0.0675496,0.0568807,0.124191,0.206438,0.0893163,0.202408,0.153382,0.206753,0.262499,0.385208,0.33651
1010.89,0.0604673,0.131733,0.102302,0.105633,0.0936975,0.0393052,0.104971,0.0473888,0.121968,0.095623,0.131115,0.113885,0.176983,0.186437,0.172206,0.299769,0.355184,0.393094,0.390342
1011.19,0.0201305,0.0479495,0.0857234,-0.0129089,0.0827917,0.0209374,0.029085,0.0346735,0.0717876,0.0572967,0.0787645,0.120256,0.139672,0.128286,0.167093,0.178149,0.25762,0.195471,0.245122
1011.49,0.0706242,0.0846752,0.0719428,0.155616,-0.0152811,0.0893721,0.118844,0.0784808,0.173442,0.124231,0.101789,0.279592,0.239766,0.207504,0.269581,0.422155,0.369992,0.355461,0.315258
1011.79,0.130074,0.137476,0.0832661,0.116672,0.0988348,0.0348548,0.126332,0.123454,0.119229,0.0165606,0.170098,0.15143,0.22402,0.239158,0.259276,0.370918,0.300877,0.358218,0.408751
1012.09,0.0854952,0.0615906,0.117544,0.169042,0.0756092,0.079474,0.135121,0.0692639,0.164605,0.156345,0.235497,0.212761,0.159495,0.258473,0.205994,0.317788,0.32708,0.460711,0.337551
1012.39,0.133501,0.138319,0.136059,0.177589,0.176995,0.127665,0.133666,0.190836,0.207576,0.238427,0.144606,0.183894,0.305505,0.229762,0.254448,0.365346,0.313198,0.456023,0.410552
1012.69,0.0720731,0.0658765,0.00723528,0.067973,0.0465237,0.097118,0.103461,0.0656896,0.0483122,0.104359,0.140178,0.183355,0.12994,0.129092,0.234626,0.245349,0.342877,0.343539,0.422779
1012.99,0.0666631,0.0651182,0.076851,0.0808569,0.105159,0.091583,0.108419,0.139429,0.0633633,0.0765664,0.129307,0.13812,0.147034,0.157797,0.284418,0.218464,0.254212,0.363877,0.413284
1013.29,0.00175296,0.00165102,-0.0262981,-0.033058,-0.00955737,0.0754307,0.0350591,-0.0218875,0.0366146,0.0395407,0.0236077,0.0728108,0.022751,0.146308,0.17168,0.22276,0.252179,0.220062,0.336099
1013.59,0.106521,0.063508,0.0428159,0.0875374,0.104003,0.0881106,0.0553789,0.0662019,0.0749324,0.125381,0.166392,0.089405,0.088958,0.231323,0.196013,0.172219,0.24326,0.294681,0.317217
1013.89,0.0484455,0.0512393,0.0933848,0.105893,0.102679,0.135686,0.0217276,0.136796,0.0698959,0.140054,0.128554,0.195386,0.204743,0.254217,0.256632,0.33919,0.300251,0.432958,0.525341
1014.19,0.0857368,0.00152967,0.00969952,0.0969062,0.0654983,0.0425312,0.0789045,0.0693636,0.0519641,0.0980234,0.146324,0.129654,0.1468,0.140968,0.171788,0.20152,0.377085,0.296977,0.305867
1014.49,0.08697,0.134788,0.160587,0.0742056,0.127646,0.197746,0.112428,0.08355,0.120462,0.17129,0.159035,0.224768,0.315173,0.201743,0.269776,0.409478,0.451516,0.44917,0.530548
1014.79,0.0781498,0.0999235,0.0351849,0.110679,0.130558,0.0986304,0.0772214,0.0453568,0.0563685,0.0863976,0.0891574,0.109104,0.174834,0.227034,0.217823,0.220403,0.239366,0.348876,0.294819
1015.09,0.0579876,0.104336,0.0684704,0.04084,0.0768424,0.0333741,0.111958,0.0666493,0.01829,0.115562,0.0520115,0.203859,0.112841,0.117772,0.173387,0.239843,0.373194,0.260944,0.235936
1015.39,0.165426,0.151821,0.0846014,0.0899961,0.176344,0.136386,0.192159,0.0624875,0.183109,0.152269,0.118754,0.156202,0.193068,0.337729,0.290183,0.405132,0.429911,0.455777,0.410129
1015.68,-0.0484008,-0.0244247,0.0222141,0.0192222,-0.00668311,0.00270915,-0.00654126,-0.0825481,-0.0411872,0.0514205,0.0486241,0.0898355,0.0711152,-0.0151972,0.115672,0.122963,0.155929,0.199058,0.199949
1015.98,0.0441504,-0.0014509,-0.00452704,0.111572,0.0552805,0.180543,0.111768,0.0618974,0.0969899,0.0945569,0.0724009,0.151896,0.116798,0.155633,0.251135,0.245969,0.156956,0.219264,0.31092
1016.28,0.0333427,0.0998732,0.0790383,0.0271227,0.0343693,0.0376828,0.0637843,0.0820438,0.0460779,0.063786,0.163555,0.0415339,0.19858,0.182432,0.206659,0.232265,0.254536,0.241282,0.27413
1016.58,0.0146812,0.0718548,0.0440899,0.0200709,0.0759508,0.0210105,0.027,0.029705,0.0830292,0.11029,0.126495,0.139266,0.180671,0.152846,0.119602,0.257961,0.325099,0.396325,0.501451
1016.88,0.120556,0.137773,0.129037,0.219207,0.149796,0.117605,0.15146,0.101354,0.239229,0.22338,0.163981,0.279927,0.224425,0.27807,0.248442,0.213134,0.364017,0.370294,0.448001
1017.18,0.113939,0.122358,0.0437838,0.144663,0.0688252,0.194784,0.104261,0.17204,0.0615308,0.208127,0.143409,0.152308,0.298375,0.262059,0.278741,0.221791,0.364403,0.378883,0.394198
1017.48,0.00180906,0.0147816,0,0.0692324,0.063702,0.0564279,0.0388438,-0.0017385,0.150439,0.00189776,0.096911,0.193201,0.108946,0.178828,0.231047,0.230876,0.23935,0.359942,0.39672
1017.77,0.0334454,0.13091,0,0.0431438,0.0118873,-0.030867,0.00742056,0.0208067,0.0931781,0.0211102,0.0732911,0.0821428,0.089936,0.158327,0.194544,0.158365,0.188479,0.256304,0.239956
1018.07,0.0309677,0.0286126,-0.0919263,0.0650582,0.056942,0.190604,0.0295634,0.00711628,0.164441,0.0595003,0.0991483,0.151431,0.214027,0.250673,0.217502,0.340741,0.317672,0.375689,0.439086
1018.37,0.100585,0.0492906,0.122471,0.122271,0.167055,0.0988108,0.0959275,0.11144,0.127669,0.159121,0.158232,0.171943,0.136169,0.295319,0.344984,0.240561,0.325404,0.300999,0.44093
1018.67,0.0706205,0.0861533,0.178524,0.0564453,0.0378519,0.0755657,0.0436404,0.103872,0.0868728,0.194812,0.150297,0.237492,0.137706,0.171816,0.240635,0.255953,0.208274,0.274504,0.393755
1018.96,0.120814,0.180634,0.0768914,0.114443,0.171629,0.0537086,0.0622312,0.0359917,0.0424229,0.148651,0.107783,0.188534,0.175967,0.15476,0.269769,0.249207,0.332633,0.392116,0.307965
1019.26,0.054096,0.0604356,0.0428712,0.129815,0.00151603,0.0746664,0.0886991,0.0710557,0.218526,0.185956,0.129856,0.153984,0.189482,0.231239,0.189162,0.190578,0.260508,0.372468,0.375624
1019.56,0.0800669,0.00783988,0.0194914,0.0103916,0.087538,0.010707,0.0434905,-0.0145407,0.132455,0.084725,0.0505799,0.0716335,0.111013,0.125998,0.123612,0.206947,0.237955,0.337966,0.289993
1019.86,-0.00166889,0.0150602,0.0475543,0.0477829,0.0792254,-0.0427827,0.0831025,0.0976027,0.0804641,0.0527929,0.080872,0.0834469,0.10798,0.162005,0.158143,0.133168,0.203528,0.190355,0.294551
1020.15,0.0679236,0.0289339,0.119588,0.020787,0.0942177,0.105422,-0.039489,0.0502791,0.0776636,0.0468769,-0.020781,0.146068,0.211453,0.211389,0.294713,0.270575,0.267388,0.385644,0.312774
1020.45,-0.0346833,0.122386,-0.0150015,-0.093579,-0.0608989,0.0543488,0.0309708,0.019233,0.0490279,0.0445614,0.127895,0.111532,0.0927148,0.210619,0.089466,0.134441,0.122436,0.313287,0.340282
1020.75,0.154942,-0.0691331,0.0164568,-0.0122485,0.0763758,-0.00521425,0.0344034,0.0528787,0.109558,0.0304114,0.105198,0.0544631,0.155073,0.123037,0.272381,0.153249,0.279491,0.297417,0.345424
1021.04,0.258989,0.164967,0.214267,0.0871698,0.1941,0.178442,0.122572,0.178462,0.178419,0.230077,0.231819,0.221451,0.211612,0.196199,0.41608,0.325099,0.345322,0.368718,0.426109
1021.34,0.00918421,0.0741488,0.0819849,0.0453708,0,-0.00300962,0.0275184,0.0312941,0.049706,0.0595269,0.0472919,0.124693,0.0962672,0.104416,0.169852,0.145265,0.175128,0.216282,0.237643
1021.64,-0.0192085,0.0154894,0.0773891,0.0213443,0.0627453,0.0788894,0.084384,0.0769284,0.0292489,0.0822087,0.074523,0.17783,0.187138,0.181295,0.14798,0.269122,0.315369,0.358863,0.311541
1021.93,0.0466095,0.029856,0.0643655,0.135705,-0.0375912,0.0728183,0.0343099,-0.0265654,-0.00852935,0.0616064,0.198988,0.130583,0.145499,0.23175,0.166089,0.280777,0.255998,0.258174,0.3529
1022.23,0.0705527,0.0543843,0.0538636,-0.0398107,0.0621629,0.0412824,0.0677199,0.133021,0.0246407,0.0779041,0.0407136,0.110918,0.116372,0.131697,0.129132,0.175058,0.221277,0.245332,0.219661
1022.52,-0.0501929,0.175787,-0.0108814,-0.0136746,-0.0670766,-0.0681825,0.113776,-0.0593848,-0.0339029,0,0.0669372,0.195081,0.175292,0.119104,0.134835,0.12376,0.253681,0.225631,0.335171
1022.82,-0.016141,-0.045434,0.0974083,0.0236172,0.0671011,0.0536902,0.0781184,0.0844457,0.144771,0.19161,0.189835,0.224141,0.109943,0.160332,0.170328,0.230354,0.287926,0.261775,0.402726
1023.12,0.0983173,0.0951116,0.0667816,0.0887432,0.0942593,0.0385673,0.131715,0.161119,0.105257,0.184334,0.120182,0.144026,0.122374,0.203409,0.240803,0.285186,0.357431,0.315436,0.319264
1023.41,0,-0.103114,-0.0614236,-0.031007,-0.116179,-0.0122477,-0.13774,0.0102205,-0.0566313,0.0552394,-0.0404447,0.0277519,0.0242033,0.0720514,0.103783,0.091015,0.163384,0.161501,0.22685
1023.71,0.0453102,0.0833287,0.106568,0.14655,-0.0267534,0.0887988,0.063385,0.149443,0.142136,0.0616429,0.142075,0.114982,0.217468,0.286824,0.255018,0.356247,0.272555,0.291058,0.318949
1024,0.0739661,0.0382371,0.0686078,0.057775,0.099058,0.0683323,0.0616043,0.0345546,0.0972995,0.0780902,0.126539,0.0824268,0.0959076,0.130101,0.300355,0.300335,0.232323,0.21061,0.35036
1024.3,0.187269,0.129466,0.159515,0.107649,0.20778,0.120391,0.110956,0.11026,0.14682,-0.00249915,0.349477,0.132245,0.184937,0.213094,0.330499,0.391959,0.346468,0.443195,0.46232
1024.59,-0.117767,0.00751976,0.0023392,0.09375,0.00248878,0.057446,-0.0142735,0,-0.0151129,-0.0826927,0.166049,0.100403,-0.0510732,0.17364,0.190405,0.222336,0.151479,0.215214,0.342348
1024.89,0.0539779,0.0816885,0.113467,0.0396717,0.00892314,0.0856456,0.0826613,0.0341009,0.085079,0.174495,0.0839509,0.107408,0.168231,0.200873,0.191154,0.181135,0.309251,0.274228,0.345695
1025.18,0.0140419,-0.0584072,-0.00610279,0.0449749,0.0124202,0.0221346,0.00468065,0.0814899,0.034654,0.0638118,0.0221662,0.0874809,0.0225857,0.0956323,0.0673942,0.167867,0.151873,0.318406,0.174096
1025.48,0.121889,0.153079,0.179625,0.156751,0.232195,0.058349,0.126869,0.187875,0.290708,0.133974,0.229772,0.253085,0.205377,0.286102,0.3496,0.366135,0.396558,0.51779,0.477876
1025.77,0.0274286,0.0988338,0.0387716,-0.00228572,0,0.033687,-0.0826542,0.0517798,0.105375,0.28836,0.0773966,0.11517,0.139791,0.175735,0.167706,0.190786,0.248763,0.335015,0.266939
1026.06,0.0939608,0.133178,0.0199004,0.209509,0.100198,0.146061,0.171317,0.108303,0.10141,0.183424,0.134129,0.167126,0.281134,0.227613,0.208168,0.175459,0.247525,0.416734,0.297629
1026.36,0.0458728,0.150798,0.151955,0.146105,0.027567,0.187615,0.09186,0.0751568,0.222818,0.129241,0.220717,0.263492,0.186757,0.356897,0.473598,0.323012,0.625345,0.463825,0.635783
1026.65,-0.0349521,-0.034541,-0.022357,0.0257463,0.0445922,0.0814729,-0.0401653,0.00556787,-0.0199382,-0.0821952,0.117102,0.0851404,-0.0409064,0.113812,0.0177115,0.110226,0.262984,0.232423,0.216487
1026.95,0.126895,0.074425,0.104391,0.122485,0.184141,0.149141,0.171986,0.0960005,0.175567,0.309871,0.245575,0.188683,0.220469,0.334696,0.37116,0.391714,0.281601,0.476017,0.489145
1027.24,0.0890899,0.00691546,0.0586548,0.103627,-0.0102929,0.0812629,0.173392,0.0439766,0.0221609,0.101783,0.149265,0.0750484,0.150291,0.124433,0.130686,0.204218,0.184841,0.184912,0.268829
1027.53,0.139365,0.12525,0.0568075,-0.0333999,-0.0170007,0.0750111,0.0614758,0.0298878,0.0662921,0.0584138,0.127435,0.0861553,0.0954694,0.0896296,0.185413,0.116656,0.249277,0.322976,0.362365
1027.83,0.167829,0.0466109,0.064044,0.0176135,0.130119,0.0990594,0.0687156,0.122779,0.0451369,0.230633,0.214827,0.300636,0.285529,0.288146,0.252567,0.383557,0.336738,0.426898,0.35869
1028.12,0.246008,0.146973,0.199515,0.209282,0.0841406,0.249228,0.21319,0.347944,0.22043,0.359566,0.520936,0.273769,0.247914,0.421239,0.366242,0.521453,0.415048,0.401901,0.407391
1028.42,0.0398834,0.0566668,0.0439249,0.00918921,0.0669507,0.0451097,-0.0601127,0.0401992,0.00573355,0.0414708,0.0526783,0.100821,0.0507832,0.0470359,0.0964819,0.126596,0.111557,0.224882,0.282488
1028.71,0.0995943,0.00279702,0.154318,0.178649,0.132969,0.132148,-0.0330017,0.209158,0.155029,0.159924,0.146746,0.175869,0.308693,0.347597,0.288015,0.436335,0.393234,0.443587,0.383592
1029,0.108999,0.130972,0.0301023,0.03685,0.163824,0.156559,0.0386807,0.135426,0.110423,0.128206,0.148882,0.172927,0.0665471,0.143353,0.283068,0.144876,0.288517,0.329236,0.289918
1029.29,0.0985194,0.131002,0.0425306,0.0125392,0.0957071,0.0920694,0.0823945,0.154291,0.063809,0.0822462,0.157602,0.154028,0.213517,0.138063,0.198272,0.166867,0.214716,0.382392,0.275885
1029.59,0.0277355,0.0633954,0.136613,0.0116092,0.0161155,0.0382947,0.0512225,0.0021215,0,0.00937149,0.0486336,0.0807799,0.0876031,0.174177,0.139705,0.15103,0.263123,0.30792,0.229182
1029.88,-0.0269597,0.105442,0.132765,-0.0615041,0.0633002,-0.0471041,-0.0103751,0.050874,0.103568,0.0558204,0.0632318,0.0294106,0.108643,0.165913,0.124096,0.111564,0.257601,0.269189,0.217493
1030.17,-0.00725459,0.0171898,-0.0919618,-0.0689486,-0.0436172,-0.107103,-0.0543149,0.0597565,0.028968,-0.0242993,-0.0018105,0.105796,0.0577526,0.0462148,0.0594269,0.0970533,0.120328,0.179415,0.212976
1030.46,-0.0118777,0.120164,0.043924,0.0454232,0.0858591,0.0480243,0.0380785,-0.00452641,-0.123408,0.143588,-0.00220152,0.167184,0.12744,0.125935,0.0942295,0.138056,0.199453,0.295944,0.232174
1030.76,0.0967667,0.108834,0.0888835,0.136713,0.117255,0.171361,0.0969482,0.276106,0.145316,0.209731,0.18529,0.18994,0.39319,0.35843,0.340583,0.238953,0.223812,0.536572,0.443189
1031.05,0.0356633,0.111337,0.0420318,0.0888869,0.0098966,0.122578,0.11943,0.00767459,0.0133582,0.0377321,0.163933,0.158272,0.207468,0.0411315,0.127391,0.243823,0.280212,0.399173,0.448478
1031.34,-0.0244579,0.0414889,0.0701134,-0.0094903,0.0459293,0.0135375,-0.0157021,0.0477163,0.0373393,0.0583884,0.104049,0.119001,0.0311333,0.112573,0.0210857,0.220796,0.204655,0.284619,0.294806
1031.63,-0.0703716,-0.0787071,-0.0523901,-0.0616374,-0.0244967,-0.147057,0.00206309,-0.0431602,-0.125564,-0.0349639,0.0102823,0.0715612,0.0406383,0.0550058,-0.0402353,0.0544718,0.0952226,0.194864,0.289869
1031.92,0.0645362,0.0341431,0.0356508,0.0911031,0.046834,-0.0334518,-0.0167103,0.0998653,0.0479429,0.142316,0.0429692,0.16685,0.126702,0.116051,0.115643,0.190534,0.151245,0.310145,0.294087
1032.22,-0.0490179,0.220393,0.103772,0.286919,0.107169,-0.0394033,-0.0294024,0.101099,0.0337486,0.191904,0.196288,0.392456,0.222732,0.3355,0.202903,0.258037,0.349749,0.529228,0.617421
1032.51,0.161734,0.162007,0.191105,0.234201,0.0395032,0.245212,0.384902,0.324847,0.199143,0.24836,0.315178,0.302846,0.261168,0.254273,0.284199,0.447239,0.442667,0.435683,0.510846
1032.8,0.0607938,0.0724862,-0.03453,0.10786,-0.046392,0.0189801,0.0228366,0.0277952,0.16361,0.154848,-0.00815747,0.244227,0.137411,0.178746,0.329392,0.325134,0.265917,0.236834,0.347815
1033.09,-0.0818716,-0.0213645,-0.0111336,-0.0715525,-0.0683662,-0.074574,-0.093588,-0.118118,0.157746,-0.0225853,-0.0348103,0.0253462,0.0471462,0.217756,0.0175274,0.14693,0.184595,0.126354,0.28653
1033.38,0.2588,0.261931,0.24414,0.140315,0.191875,0.350653,0.266688,0.295275,0.033007,0.422819,0.182464,0.129621,0.428961,0.283683,0.308501,0.6463,0.455877,0.526352,0.778301
1033.67,-0.0531206,0.188922,0.060101,-0.0988527,0.0513066,-0.0572627,0.037488,-0.0153325,0.169064,-0.00863779,0.169396,0.284853,0.297059,-0.00690387,-0.0112916,0.118383,0.343297,0.398579,0.37803
1033.96,0.20343,0.0551887,0.181585,0.239888,-0.00239494,0.175977,0.0496663,0.0567036,0.109561,0.132488,0.0452453,0.201727,0.250929,0.244937,0.251468,0.309424,0.313073,0.37625,0.413163
1034.25,0.0932425,0.0503092,0.0591754,0.0548779,-0.00398917,0.117297,0.132285,0.122973,0.0138336,0.168167,0.15569,0.0894347,0.153802,0.180074,0.207288,0.129113,0.292189,0.214191,0.335586
1034.54,0.00192044,0.0802154,0.0319877,-0.0422757,0,0.0218007,-0.0198,-0.0463915,-0.021725,-0.0135178,0.0445468,0.0613412,0.0418049,0.0451684,0.104063,0.0522445,0.182111,0.202365,0.142764
1034.84,0.066227,0.0626588,0.138998,0.112921,0.108186,0.114818,0.0916418,0.111621,0.146173,0.152175,0.0194472,0.0937905,0.0845583,0.070563,0.0917081,0.250375,0.293741,0.260323,0.395372
1035.13,0.085162,0.103115,0.129094,-0.0211481,0.236967,0.16979,0.0546443,0.0841205,0.0943824,0.196173,0.0217736,0.155899,0.214625,0.130846,0.203827,0.257156,0.288241,0.270108,0.493456
1035.42,0.105051,0.150034,0.0811791,0.184427,0.20545,0.218809,0.068186,-0.011212,0.125423,0.161503,0.113746,0.155965,0.138963,0.0793621,0.0965725,0.206401,0.27054,0.19627,0.285606
1035.71,-0.0222599,-0.0948104,0.0136535,0.0835392,0.108517,0.142975,0.0360586,-0.0259576,0.10726,0.225036,-0.0359004,0.013844,0.275136,0.221849,0.156974,0.413742,0.433935,0.304336,0.320448
1036,0.0594141,0.08417,0.146795,0.112227,0.10231,0.00443974,-0.0121936,-0.0453951,0.109743,0.150602,0.176864,0.0333209,0.194239,0.146437,0.224656,0.221765,0.310947,0.170655,0.208256
1036.29,0.0170323,0.0576046,0.158484,0.122601,0.177181,0.100414,0.228653,0.174278,0.216502,0.167398,0.220336,0.126408,0.254396,0.304442,0.345765,0.223835,0.327232,0.346559,0.271464
1036.58,0.128263,0.0493325,0.0188033,0.0294812,0.0757226,0.0337151,0.144052,0.137774,0.0390027,0.0488649,0.1476,0.240208,0.219014,0.277345,0.0912925,0.142982,0.300246,0.371673,0.282784
1036.86,0.097685,0.172443,0.0799227,0.0461198,0.099943,0.172584,0.130237,0.16061,0.177019,0.106274,0.134249,0.169943,0.118092,0.203869,0.0961889,0.247236,0.349662,0.406879,0.480261
1037.15,0.0336216,-0.0977406,0.067073,0.0224871,0.0724985,-0.0592308,-0.0162158,0,0.122464,0.172838,0.0950242,0.0699584,0.0881976,0.0538258,0.266688,0.282566,0.24443,0.297125,0.347589
1037.44,0.156109,0.185568,0.138184,0.112535,0.101168,0.159533,0.103261,0.102082,0.12543,0.129357,0.214649,0.178588,0.168066,0.201098,0.230668,0.223654,0.306058,0.43919,0.414416
1037.73,0.0470738,0.0149039,-0.0642165,-0.0209349,-0.0983404,0.0142047,-0.00680013,-0.0282645,-0.0226137,0.0472657,0.0978794,0.0240305,0.101731,0.174967,0.14802,0.13817,0.0080573,0.145131,0.279573
1038.02,0.0925444,-0.0180183,0.161069,-0.069227,-0.0436896,0.0278483,0.160626,0.0777392,0.00591224,0.0558271,0.0643777,0.170151,0.212584,0.214187,0.167481,0.141596,0.252691,0.224411,0.264318
1038.31,0.114187,-0.0297271,-0.0833986,0.0741321,0.0161267,0.0865479,0.0254662,0.0645494,0.019054,0.154867,0.0611038,0.169928,0.211449,0.194369,0.0814241,0.143926,0.142872,0.177457,0.290514
1038.6,-0.420827,-0.0632556,-0.227071,-0.260619,-0.278047,-0.280014,-0.202078,-0.350523,-0.159198,-0.423528,-0.0708746,-0.0595814,-0.0512191,-0.140819,-0.0367231,0.0719197,0.28458,0.251439,0.400078
1038.89,0.227291,0.297897,0.0996799,0.250994,0.17439,0.368702,0.256416,0.222056,0.207299,0.402088,0.279642,0.190213,0.25266,0.322581,0.136398,0.310821,0.166794,0.319082,0.523008
1039.18,0.0761167,0.159627,0.152687,0.0729249,0.0872495,0.0528023,-0.0298735,0.221748,0.0193888,0.153122,0.127966,0.22209,0.0932437,0.132686,0.165832,0.421204,0.326984,0.497645,0.564852
1039.47,-0.0717825,0.0892838,0.0749189,0.251792,0.163796,0.0512069,0.124017,0.0975652,0.113002,0.149748,0.385714,0.297917,0.176206,0.500156,0.320055,0.294775,0.591657,0.439397,0.66
1039.75,0.0792676,-0.0140832,-0.0654672,0.0338926,0.0123865,0.0848871,0.216805,0.0169463,-0.0268778,-0.0353401,0.164627,0.141936,0.0478705,0.196866,0.295998,0.100573,0.336604,0.330453,0.201464
1040.04,0.0589886,0.00714055,0.0803166,-0.0174268,0.0455504,-0.0141712,0.058556,0.192324,0.100176,0.221071,0.092846,0.188522,0.150495,0.254621,0.219971,0.150512,0.191902,0.29012,0.307043
1040.33,0.043786,0.174057,0.331818,-0.0813187,0.0446875,-0.0595833,0.182465,0.100573,0.110903,0.334577,0.0704346,0.202805,0.0404089,0.0844097,0.309025,0.386972,0.265648,0.493984,0.338908
1040.62,0.0425404,0.111539,0.0768588,0.121142,-0.057307,0.0807449,-0.0924762,0.0742386,0.0929137,0.185876,0.215521,0.00678753,0.204365,0.156292,0.0744077,0.225795,0.197788,0.229176,0.202701
1040.91,0.0884483,-0.0832797,0.0935821,0.166149,0.105467,0.0101878,0.0759646,-0.123379,0.096092,-0.0323502,0.056273,0.0771814,0.193206,0.0988071,0.122625,0.349611,0.402477,0.00951522,0.418146
1041.19,0.119607,-0.0711207,-0.0199336,-0.0998319,-0.00732032,-0.0315433,-0.0145144,0.0215264,0.0221849,-0.0131831,-0.0175906,0.0591977,0.114141,0.184978,0.0904419,0.107672,0.173629,0.178336,0.263383
1041.48,0.00857891,0.0357798,0.133247,0.127124,0.137569,0.0448743,0.134174,0.145944,0.114153,0.152934,0.135256,0.0811537,0.113803,0.208245,0.152188,0.228122,0.287084,0.220681,0.570145
1041.77,-0.152382,-0.0457814,0.110842,0.00672561,-0.0235094,-0.213568,-0.0962042,-0.0922219,-0.038726,-0.104382,0.0551768,0.0693064,-0.120549,0.0545168,0.16869,-0.0721531,0.177923,0.107733,0.213794
1042.05,0.0704433,0.207837,0.117034,0.120681,0.127032,0.203613,0.11894,0.0203762,0.00358187,0.280336,0.135113,0.3031,0.147553,0.288859,0.196671,0.191393,0.272311,0.383103,0.294426
1042.34,-0.204961,-0.0772828,0.19839,-0.0858698,-0.150998,0.0220117,0.0336495,-0.118165,-0.0152471,0.0256202,-0.0230393,-0.00380251,0.0399701,0.265251,0.286796,0.129312,0.103932,0.411085,0.452709
1042.63,0.17058,-0.0550975,0.0847433,-0.036175,-0.0917749,-0.102207,0.23587,0.104359,0.19965,0.063046,0.101403,0.31917,0.127465,0.227462,0.255624,0.374939,0.268457,0.647818,0.212286
1042.92,0.117743,0.219076,0.0966241,0.262891,0.165394,-0.0183236,0.0838318,0.143202,0.195656,-0.0185733,0.215461,0.29327,0.103739,0.0873897,0.255749,0.211058,0.0631148,0.19931,0.34389
1043.2,0.0726423,0.369265,0.0660197,0.329161,0.273215,0.318268,-0.216064,0.378794,0.231797,0.23407,0.45923,0.397755,0.638372,0.273806,0.507479,0.261733,0.467465,0.975769,1.03344
1043.49,0.0649172,0.225873,0.0719759,0.11578,0.215224,0.0806977,0.242577,0.197055,0.261166,0.0426996,0.225508,0.173216,0.144332,0.364898,0.301789,0.34074,0.33686,0.486649,0.432006
1043.78,0.030649,0.0283896,0.02609,-0.0560604,-0.00460132,0.0294271,-0.0111322,-0.0979384,-0.100498,-0.115033,-0.0914721,0.0501844,0.147372,0.0197097,0.152454,0.253854,0.328057,0.216444,0.109691
1044.06,-0.0955303,-0.193374,-0.229562,-0.182631,0.0245572,-0.110664,-0.161052,0.0632101,0.0182096,-0.20428,-0.0159217,-0.0967207,-0.153241,0.0598503,0.159217,0.0391428,0.122488,-0.0143572,0.131089
1044.35,-0.114694,-0.0579541,-0.0286734,-0.124372,-0.0868535,0.0507915,-0.0655057,0.038514,-0.0302757,-0.0918602,-0.0628398,0.0525507,-0.0300109,-0.0350561,-0.0875319,0.0835435,0.00882321,-0.0392143,0.030603
1044.63,-0.080025,0.00947041,-0.0602928,0.0705305,0.189591,0.0227021,0.051629,0.220944,0.258727,-0.101542,0.312185,0.340033,0.410093,0.11689,0.0545062,0.217352,0.454937,0.305131,0.439353
1044.92,0.577423,0.246225,0.317072,0.233682,0.250745,0.381991,0.481012,0.183582,0.303779,0.153585,0.436174,0.46782,0.487277,0.430175,0.392533,0.437442,0.447893,0.446422,0.594137
1045.21,0.192533,0.443407,0.114621,0.0224879,-0.025113,0.092081,0.200125,0.264781,0.273954,0.0210916,0,0.450104,0.0860538,0.219797,0.273808,0.50121,0.113229,0.57266,0.641186
1045.49,0.0536927,0.0354286,-0.131163,0.0125825,-0.045084,-0.130896,-0.556413,0.220292,-0.0540655,0.307573,0.0587379,0.229439,0.244875,-0.0975619,0.14318,-0.112191,0.421352,0.205831,0.535653
1045.78,0.0891841,0.0752123,0.0359889,-0.0197344,0.109839,0.0476031,0.131396,0.0614234,0.0745684,0.0670073,0.0532336,0.0560517,0.0914208,-0.00519071,0.0598823,0.145992,0.194231,0.123252,0.212805
1046.06,0.278243,-0.0877972,-0.234912,0.121745,0.162524,-0.0784442,0.336068,-0.0886949,0.276694,0.250486,0.213391,0.2923,0.250967,0.229315,0.289651,0.112311,0.389167,0.251174,0.380455
1046.35,0.0972884,0.27317,0.131932,0.194918,0.0697164,0.11553,0.138512,0.130509,0.0954014,0.0609947,0.198115,0.203023,0.373893,0.17905,0.18641,0.347524,0.286777,0.322685,0.423794
1046.63,0.00974359,-0.331319,-0.0803288,-0.162857,-0.142577,-0.365899,-0.00526154,0.0214932,-0.0696621,-0.114981,0.103965,-0.149617,0.13917,-0.0914671,0.109615,0.13393,0.179138,0.177509,0.275604
1046.92,-0.0257099,-0.0170497,-0.0760566,0.0886711,-0.102083,-0.0361613,0.0121988,0.0586452,-0.169402,0.217575,-0.0255746,-0.0980002,0.235366,0.149513,0.0731026,0.0694168,0.30006,0.205897,0.239221
1047.2,-0.0348049,-0.05148,0.003366,-0.0831753,0.0478326,0.100867,-0.0791432,0.0472114,0.0300392,0.0132162,-0.017043,-0.0369174,-0.0379897,0.0258697,-0.0141726,-0.0255521,0.03696,0.017317,0.0186353
1047.49,0.0205135,0.0609231,0.139931,0.129311,0.0694102,-0.0345302,0.149926,0.131906,0.0674667,0.0410444,0.0525714,0.0608306,0.0473846,0.0679352,0.0477456,0.180954,0.238728,0.06451,0.051708
1047.77,0.0256818,0.0898205,0.213932,0.0459661,0.122306,-0.0155607,0.139352,0.0139794,0.150925,0.298855,0.0262791,0.205975,0.18645,0.242143,0.113,0.33574,0.354991,0.179773,0.24517
1048.06,-0.213214,-0.210724,0,0.186923,0.14063,0.0650167,0.147444,0.207343,0.177608,0.0239785,0.0259656,0.198582,0.299077,0.174992,0.371303,0.056193,0.363165,0.24294,0.241758
1048.34,-0.208481,-0.027967,0.0857305,-0.167089,-0.0679494,0.160933,0.321865,-0.30748,-0.299301,-0.0936037,0.377377,0.450362,0.46359,0.0689712,0.615944,0.22896,-0.213528,0.425138,0.6519
1048.62,0.0300901,0.289108,0.117495,0.163608,0.234489,0.1931,0.311202,0.383815,0.387322,0.367483,0.186284,0.406991,0.161952,0.344091,0.417249,0.577832,0.360652,0.692071,0.565675
1048.91,-0.0136485,0.0748598,0.200301,0.14913,0.10638,-0.0493089,0.131276,0.04956,0.0909634,0.0343107,0.331173,0.0511995,0.0731963,-0.121584,0.251612,0.30631,0.219821,0.57284,0.327512
1049.19,-0.338462,-0.467345,-0.19677,-0.491925,-0.124444,-0.451282,0.287582,-0.303111,-0.920367,0.306517,-0.286179,-0.44,0.0988764,0.365941,-0.0348515,0.285405,0.12198,0.695814,0.61494
1049.48,1.06693,1.02785,0.138029,0.625731,0.952765,0.690792,0.759159,0.400398,0.781708,0.349176,0.704013,-0.0819349,0.84535,0.280163,0,0.636429,1.41955,0.916277,2.10694
1049.76,0.182265,0.251881,0.140351,-0.0343473,0.0959545,0.238777,0.243577,0.067468,0.400899,0.106321,0.366372,0.276921,-0.0439966,0.469723,0.401264,0.0430565,0.285918,0.400899,0.476991
1050.04,0.0283467,0.107274,0.0640768,0.453493,0.128353,0.140372,0.166193,0.0451393,0.114251,0.22834,0.19426,0.29408,0.225794,0.187803,0.0996899,0.24873,0.16193,0.0550214,0.405938
