wavelength_nm,8,12,16,20,24,28,32,36,40,44,48,52,56,60,64,68,72,76,80
349.501,-0.533156,-0.199945,-0.192029,-0.0084065,-0.309316,-0.271049,-0.348975,0.0284587,0.901057,-0.0894808,0.473186,-0.291126,-0.2115,-0.406214,-0.135778,-0.17066,-0.20131,-0.57306,-0.432837
350.001,0.728824,0.11665,0.5605,1.50541,0.586139,1.07436,1.01804,0.603409,0.88264,0.770975,0.473595,0.747444,0.507031,0.732104,0.600594,0.868089,0.125551,0.430616,0.928483
350.501,-0.0149502,-0.0350889,-0.0412145,-0.0153488,-0.0140549,-0.00578797,-0.0291344,-0.0180897,-0.0062225,0.00421892,-0.0279326,-0.0125256,-0.00734785,-0.0427044,-0.00936993,-0.0250512,0.0153488,-0.00831395,0.035661
351.001,-0.691293,-1.15692,0.209095,-0.0309452,-1.15174,0.468871,0.320103,-0.325314,-0.775659,-0.936591,0.413594,-0.0905554,-0.391034,1.26208,0.571702,-0.0436688,-2.15069,-2.34272,-0.851542
351.5,1.35421,0.222581,1.4625,1.20974,1.96385,1.30394,1.92404,0.159722,0.33,1.57368,0.500382,0.336585,2.0106,1.22797,3.12757,1.07688,1.50479,-0.158621,1.81579
352,1.57042,-0.204808,0.785656,-0.671561,0.528828,0.757333,0.181994,-0.690811,0.4725,0.0565487,0.525759,0.854713,0.5325,0.767791,0.609733,0.793662,0.733279,-0.61344,-0.0679787
352.5,0.342309,0.096,-0.18429,0.228293,0.513659,-0.323729,-0.361636,0.464681,-0.287238,-0.380614,0.4224,0.0125638,0.733622,0.484629,-0.121558,0.420522,0.688755,0.316588,-0.0317288
352.999,-0.0477338,-0.0898786,-0.1464,0.194754,-0.0887551,0.119335,0.0688525,0.0747412,0.0298703,0.167278,0.118207,0.0726057,0,-0.0882038,0.199795,0.0245902,0.326039,0.0724532,0.0987651
353.499,0.470614,0.216645,-2.17179,1.41085,2.01667,0.722149,0.843719,-0.459009,1.37848,0.96876,3.52301,-1.53577,1.44786,-3.02119,-3.84886,0.620513,-0,-2.28462,0.546321
353.998,-0.472117,-1.848,-1.232,-1.37351,-1.73727,-1.24986,-1.71551,-0.451957,-0.445046,-1.41167,-0.798309,-1.0765,-1.6632,-1.48349,-2.35574,-0.643291,-1.19483,-0.48,-0.8085
354.497,0,0.290607,0,0.549237,0.483299,-0.0768634,0.200135,0.0577731,-0.182882,0.0803571,0.529067,-0.265961,-0.286224,0.823856,0.0976717,0.415179,-0.0494505,0,0.423549
354.996,-0.107874,-0.0332374,-0.167619,-0.195373,-0.112472,-0.0827957,0.0473286,-0.00814815,-0.130786,-0.0608395,-0.0156504,-0.0165591,-0.12365,-0.0450292,-0.106773,0.0763889,-0.194842,-0.225077,-0.00649789
355.495,0.620236,0.35496,0.592922,0.476049,1.15002,1.56952,1.01673,0.972931,0.438103,-0.182861,-0.134418,0.144034,0.447425,0.135963,0.474919,0.759379,0.782993,0.536677,0.328578
355.994,0.0477551,0.034564,0.153771,-0.117476,0.178187,0.0355504,-0.0356897,0.106925,-0.0113736,-0.066492,0.187931,0.129039,0.111892,0.0924107,-0.00396932,0.0734694,0.0788571,0.050044,-0.184215
356.492,0.106071,-0.0176786,0.0891,0.197473,0.119555,-0.0576078,0.159107,0.0733608,0.157235,-0.165471,-0.174023,-0.00773437,0.332171,0.350036,0.134116,0.0915411,-0.0272978,-0.0389083,0.0747027
356.991,0.237981,0.0479313,0.0780405,0.220673,0.131378,0.297243,-0.102492,0.0116745,0.118833,0.210142,0.148044,0.0532699,0.277806,0.1485,0.193655,0.270703,0.45045,0.21875,0.249496
357.489,0.0969932,0.347502,0.117563,0.28606,0.100582,-0.00901696,-0.0552115,-0.188033,0.0106176,0.489912,-0.0863958,-0.0091085,0.00723538,-0.0217061,0.210703,0.135119,0.133099,0.377322,0.158649
357.988,-0.0817143,0,0.0677502,0.166813,0.519344,0.00635634,0.00883929,-0.199664,0.377143,0,-0.014055,-0.0617143,0.206465,-0.0118474,0.333289,-0.0969796,-0.306649,-0.0082586,-0.0459463
358.486,-0.0294703,0.0967753,0.13057,0.0305002,-0.0391244,0.114222,0.0647259,0.137309,0.0165878,0.254452,-0.0679166,0.0237792,-0.00502038,0.283652,0.264742,-0.057497,0.0836026,0.0421961,0.194391
358.984,-0.0601861,-0.0225427,-0.0444627,-0.0100263,-0.0267367,-0.0498719,-0.0177214,0.0142341,-0.0120337,0.011828,-0.0398036,-0.0515881,-0.026129,-0.00262483,0.033324,0.00937237,0.0102879,-0.0301278,-0.0351047
359.482,0,0,0,0,0,0,0,0,0,0,0,0,0,0,0,0,0,0,0
359.98,7.41836,0.856517,10.1798,3.58128,-7.72962,15.5636,-0,5.3361,10.727,3.27871,7.44257,7.97176,4.99869,6.25769,11.2613,-1.95462,0.977308,6.47706,-0
360.478,-0.394706,-0.402208,-0.0153196,-0.294945,-0.183904,-0.397935,-0.0733333,-0.0657843,-0.300041,-0.312093,-0.455369,-0.153196,-0.265945,0.23275,-0.541693,-0.100902,-0.135798,-0.27136,0.112584
360.975,-0.618407,-0.171003,-0.257555,-0.168331,0.226237,-0.0510923,-0.178746,0.464913,-0.0523696,0.219952,0.283311,0.196386,-0.326237,-0.0248066,0.212628,-0.50548,-0.190435,-0.175592,-0.15855
361.473,-1.19817,-0.165867,-0.564417,0.193986,-0.0450706,0.0958278,-0.857266,-0.361891,-0.440524,-0.101092,0.668381,-0.245054,0.0282857,-0.457354,-0.490388,-0.396912,0.33076,0.0546857,0
361.97,-0.167243,-0.5665,-0.218528,-0.269577,-0.0446951,-0.071266,-0.143973,0.0257258,-0.296416,-0.127102,-0.222813,-0.10386,-0.0116707,-0.135575,-0.268696,-0.325646,-0.112148,-0.164261,-0.174994
362.468,-0.194874,-0.151358,-0.0875837,-0.198282,-0.0476391,-0.00645812,-0.0560421,-0.263228,-0.133121,-0.157853,0.0221358,-0.204632,-0.133121,-0.0129162,-0.260245,-0.106185,0.0368459,-0.147608,-0.0539443
362.965,-0.338071,-0.169256,-0.910496,-0.732451,-0.59078,-0.545688,-0.570397,-0.891615,-0.226957,-0.465858,-0.629753,-0.34854,-0.665739,-0.456095,-0.353281,-0.0838384,-0.0632031,-0.211244,0.0531175
363.462,0.0630254,0.363608,0.101654,-0.465528,0.10743,-0.102759,-0.170339,0.093602,-0.105042,-0.369593,-0.0808017,-0.480193,-0.8475,-0.171265,0.587193,-0.25355,0.173783,0.146798,-0.0434658
363.959,0.139604,-0.871884,0.184945,-0.215309,-0.149335,-0.418811,0.496753,0.522671,0.528943,-0.165,-0.0264207,-0.156801,0.338381,0.359519,0.333267,-0.153465,-0.222362,0.220393,0.36989
364.456,0.834346,1.79904,0.272854,0.485587,1.10668,0.87703,0.50373,1.10022,1.16655,-0.181902,1.94092,2.36473,0.537741,0.840987,1.16259,1.37501,0.997327,1.69051,0.793756
364.953,0.0428984,0.287419,-0.0370864,-0.368037,0.793825,0.734756,0.460506,-0.281784,0.585484,-0.693771,-0.448456,0.383226,-0.606005,0.0350511,-0.0642278,0.31166,-0.0162384,0.46358,0.88114
365.449,0.666226,0.574349,0.898513,0.514384,0.417955,0.820456,0.311559,0.106195,-0.246923,0.776044,-0.667626,0.0970055,-0.408516,0.318892,-0.510618,1.62411,0.601612,1.10144,1.1176
365.946,0.33322,0.0609231,-0.0375158,0.2376,0.0152308,-0.0277895,0.206337,0.27225,0.113143,0.542174,-0.0769209,0.340676,0.0614483,0.410745,0.254038,0.022275,0.393429,0.510729,1.14095
366.442,0.399036,0.423409,0.546396,0.295714,0.553053,0.167571,0.0884615,0.284118,0.479864,0.0444206,0.287265,0.163674,0.727808,0.414,0.0230855,0.40748,0.0981043,0.246429,0.773636
366.939,0.103501,0.389985,0.173171,0.567931,0.366586,0.228275,1.00233,0.466046,0.232573,0.641723,0.131728,0.423851,0.851168,0.379688,0.572337,0.321906,0.209601,0.267331,0.61932
367.435,0.320091,0.147953,-0.143602,0.0424972,-0.0620301,0.0558704,0.401705,-0.0662111,0.676886,0.385855,-0.169269,0.0822446,0.115455,-0.141228,-0.150091,0.139943,0.301928,0.377126,-0.108553
367.931,0.144989,0.364878,-0.0219904,-0.00855183,-0.0630135,0.13061,0,0.469693,0.144298,0.51251,0.229262,-0.500282,0.0979573,0.551848,0.2549,0.259078,-0.0636516,0.0970748,0.320059
368.427,0.163935,0.224131,0.378313,0.179592,0.13943,0.107499,0.0478644,-0.13516,0.224911,0.093381,-0.0315261,0.0785992,0.186838,0.133198,0.0505281,0.0390323,0.357519,0.143803,0.311708
368.923,0.423383,0.35127,0.328734,0.339271,0.286759,0.0638936,0.294894,0.178049,0.57944,0.596198,0.557907,0.351674,0.393791,0.372128,0.240496,0.365106,0.252,0.439627,0.611003
369.418,0.0681827,0.238421,0.124799,0.110319,-0.0838983,0.0605085,0.0839767,0.0775448,0.137459,-0.063727,0.0989395,0.157382,-0.0186035,0.207757,0.195763,0.24514,0.0626604,0.532849,0.224638
369.914,-0.0624479,0.473555,0.0190317,0.151134,-0.144458,0,0.180301,0.0951587,0.236582,0.0677401,-0.13888,-0.25796,0.626462,0.0304057,0.178137,0.128235,-0.294992,0.231467,0.194242
370.409,-0.100156,0.0488999,0.0432865,0.238473,0.118229,-0.0574724,-0.0432865,0.0774119,0.0248149,0.15496,0.0897598,0.0439176,-0.0805046,-0.0472616,-0.12399,0.133931,-0.0300922,-0.00917294,0.0462326
370.905,0.658087,0.85289,1.03802,1.82231,1.89688,1.32043,0.510954,1.17609,2.25009,0.800852,1.83476,1.15909,1.68163,0.136254,0.97312,0.910495,0.969866,1.08709,0.941533
371.4,0.0984748,0.0594952,-0.429241,-0.309541,0.0820623,-0.0131602,-0.0307734,-0.167558,-0.448502,-0.241154,0.0469699,-0.220807,0.112306,-0.108173,0.0591431,-0.00643191,-0.13507,0.00696529,0.179461
371.895,0.00815245,0.0011442,0.0239139,-0.0389029,-0.00496911,-0.0269452,0.0214956,0.0492925,0.0322072,0.0756596,0.0823128,0.0589725,0.105743,0.0243486,0.0432028,0.0231275,0.0398897,0.0844389,0.0761689
372.39,0.325036,0.287884,0.15497,0.311523,0.351101,0.327567,0.315395,0.42983,0.585977,0.320208,0.182546,0.216071,0.44076,0.182319,0.245675,0.297733,0.535538,-0.0119745,0.487718
372.885,0.878036,0.712087,1.18211,1.40936,0.665523,0.833136,0.602465,0.303445,0.472645,0.60783,0.614032,0.610563,0.830893,1.03192,1.31636,0.82812,0.233484,0.761467,1.26644
373.38,0.00563704,0.115418,-0.214279,-0.144068,0.0397994,0.212264,0.118859,0.199937,0.448561,0.307782,0.0675619,0.0588654,-0.227543,0.25052,0.378809,0.226715,0,0.141509,0.14158
373.875,-0.0662558,0.0887658,-0.166896,-0.397983,-0.123562,-0.116986,-0.0388126,0.0271732,0.030434,-0.234191,-0.243194,-0.0163875,-0.149792,-0.200061,-0.0253617,0.0407728,-0.0618191,0.191866,-0.124752
374.369,0.0669925,-0.0628807,-0.0175897,0.105274,-0.281808,-0.0509761,0.165737,-0.140014,-0.127386,-0.0430372,-0.197274,-0.0388929,0.278234,0.0763159,0.166684,0.0265179,-0.433868,0.0701723,0.222398
374.864,1.47345,1.08423,1.37278,1.36853,0.76243,0.75951,1.07474,0.740646,0.216755,1.07953,0.687635,0.496509,1.68696,0.935948,1.83789,0.48759,1.84815,1.88459,1.2996
375.358,-0.26069,-0.0396898,0.174853,0.13538,0.116919,-0.241481,0.320238,0.114485,0.0208805,0.432721,-0.136243,0.28933,0.168315,0.215765,-0.0736996,0.358448,-0.0679816,-0.0784663,0.178398
375.852,0.0542045,0.0432513,0.102298,0.0764423,0,0.165077,0.165802,0.160529,0.0179131,0.270638,0.0745313,0.126789,-0.0065522,0.320373,0.173269,0.170801,0.0558984,0.366583,0.00839789
376.347,0.226841,0.532746,0.754429,0.292979,0.150323,0.382403,0.408314,0.303319,-0.0957447,0,0.363567,0.385575,0.266589,0.63584,0.547031,0.371892,0.801019,0.30693,0.996481
376.841,-0.412035,0.649268,-0.556804,0.352643,-0.143068,-0.0771602,-0.656576,0.543941,0.306631,0.746268,0.404452,-0.185601,-0.138605,0.322462,-0.187289,0.354863,0.221524,0.520964,-0.0713481
377.335,-0.102491,0.421221,-0.111202,0.063228,0.191832,0.361761,-0.0698986,0.0693439,0.213975,0.143179,-0.0510102,0.100333,0.123387,0.482013,0.200244,0.369443,0.468769,0.378239,0.562779
377.828,-0.152229,0.329186,0.410539,0.337604,0.303145,0.25133,-0.0523286,0.2294,0.207403,0.226111,0.00681488,-0.247957,0.49896,0.0853027,0.0623489,0.528067,0.636664,0.329082,0.505241
378.322,0.0513988,0.243638,0.219004,0.0992529,0.159297,0.044453,-0.055117,0.171453,0.0670798,0.211802,-0.0228439,0.113993,0.098874,0.0310165,0.262221,0.308809,-0.0608878,0.0177675,0.215605
378.816,-0.106335,-0.0136031,-0.153871,0.176336,-0.137742,-0.27649,-0.056373,-0.0830997,0.0787095,-0.133452,0,0.08468,0.124346,0.0244812,0.16163,0.172096,0.0370574,0.0187067,0.0328473
379.309,-0.0628156,0.022412,-0.0732849,-0.0113319,-0.192539,-0.0626855,-0.0513608,-0.3746,0.247229,-0.0690053,-0.163976,0.0158133,-0.183848,-0.036266,-0.109548,0.055212,0.0407643,-0.0488003,0.162319
379.802,0.0485253,0.00269585,-0.0763526,0,-0.0665273,-0.0381975,-0.0116735,-0.0993822,-0.182249,-0.0671903,-0.202041,-0.135374,0.0537594,-0.0115998,0.00276893,0.0648908,0.170955,-0.104398,0.150751
380.296,-0.131251,0.0731033,0.0436592,0.0789935,0.0231987,-0.412687,-0.0287977,0.260079,0.100343,0.170719,0.115744,0.0235266,-0.181972,0.15961,-0.240651,-0.063152,0.0155078,0.0573967,0.153647
380.789,0.0777847,0.0855945,0.293973,-0.209179,0.0354037,0.147325,0.116656,-0.0721808,0.125216,0.00502429,0.112035,-0.137534,0.0452746,0.151629,-0.0790151,-0.0322534,0.125607,0.176702,0.051124
381.282,0.0719444,-0.41625,0.0438158,-0.413456,-0.146604,0.0211429,0.233684,0.200745,-0.506739,-0.246232,-0.0371375,-0.481446,-0.591308,-0.310973,0.160929,0.0657237,0.0218361,0.477509,0.0987332
381.775,0.427492,0.0861015,0.408222,0.424102,0.398746,-0.0174288,0.254897,0.203336,0.238975,0.292313,0.292021,0.304941,0.204409,0.705362,0.291268,0.500772,0.306319,0.713646,0.514459
382.267,-0.0524208,-0.074379,0.0263748,0.0977447,-0.0646109,-0.0764579,-0.00525944,0.104344,0.0143872,-0.00786313,-0.0546259,-0.0173907,0.0380769,-0.0346664,0.102221,0.0219841,-0.0067303,-0.00830149,0.0467162
382.76,-0.047181,-0.0184225,-0.200046,-0.167554,-0.167932,-0.0967388,-0.15807,-0.145876,-0.167343,-0.0840566,-0.161051,0.0173073,-0.182345,-0.0256566,-0.00850943,0.0123774,-0.08144,-0.0746442,0.0031614
383.253,0.065087,-0.0442953,0.123331,0.032251,0.152027,0.135565,0.0138288,0.266917,0.055123,0.0750415,0.274181,0.0475191,0.392525,0.247257,0.107146,0.2843,0.0998,0.156905,0.180263
383.745,0.0873656,0.188228,0.129847,0.224221,0.321059,0.261798,0.156511,0.0405571,0.0569628,0.00780778,0.254986,0.189049,0.0827115,0.39444,0.238041,0.226104,0.0819817,0.296901,0.444143
384.237,-0.0258711,0.107861,-0.0984046,0,0.0117956,-0.10061,-0.0121446,-0.141061,-0.119726,0.0778,0.0227417,0.0266936,0.092211,0.107708,0.0231261,0.160849,0.165102,0.0860495,0.131943
384.73,0.0193176,-0.0668174,0.0574657,-0.0329827,-0.0743306,-0.0274268,-0.108355,-0.12884,0.0618757,0.0453877,-0.112223,0.0321168,-0.0174005,-0.064863,-0.0204064,0.00683841,-0.0636555,0.0610573,-0.0213035
385.222,0.288281,0.181115,0.192525,0.126967,0.238557,0.00873182,0.192735,0.167487,0.316703,0.305501,0.122655,0.0142466,0.245018,0.275874,0.290945,0.333406,0.254862,0.375468,0.217759
385.714,0.189364,0.171476,0.184973,0.318731,0.114273,0.205144,0.0931264,0.515834,0.317499,0.30822,0.109084,0.163474,0.267483,0.323294,0.203623,0.298553,0.368583,0.305308,0.292653
386.205,0.0577801,-0.0298036,0.0383216,0.154693,0.100106,0.0480297,0.0511992,0.051924,0.0142662,0.121106,0.0500558,-0.0341328,0.160099,-0.0753407,0.0490814,0.0183846,0.166535,0.179138,0.0358431
386.697,0.0382483,-0.07059,0.0871616,0.24074,0.13244,0.17992,0.115053,0.0785112,0.139869,0.142503,0.205247,0.229992,0.208997,0.259969,0.239018,0.307666,0.297221,0.27559,0.248655
387.189,0.0544275,-0.0189332,0.00279265,0.0269171,-0.0824674,0.148402,-0.175538,0.0739424,0.146452,0.112907,0.108261,0.0845056,0.112961,0.0805838,0.0572213,0.191905,0.242284,0.201485,0.312559
387.68,0.00127358,0.0114151,0.0587062,0.0581757,0.0502264,0.08098,0.0982005,0.0368376,0.0596979,0.0215176,0.0641847,0.101329,0.0601069,0.0526208,0.0334489,0.150219,0.0530521,0.122501,0.159907
388.172,-0.0273611,0.0556765,0.0402524,0.0584147,0.0611879,0.0378653,0.0151507,0.0636859,0.0395104,0.0661576,0.111792,0.0456554,0.107331,0.0290712,0.146559,0.0939223,0.0849465,0.184687,0.131974
388.663,-0.047622,-0.118282,-0.0738507,-0.0850814,-0.020886,-0.0576521,-0.0925771,-0.00723753,0.0848708,0.0775056,-0.066903,-0.179761,0.0808601,-0.0103902,0.105967,0.0559801,-0.0701341,0.134323,0
389.154,0.0560253,-0.0903641,0.021125,-0.180594,0.010492,-0.037383,-0.124266,0.0385977,-0.0348147,0.179145,0.159294,0.164427,0.0392924,0.0771953,0.112264,0.0871014,0.151362,0.203256,-0.0150893
389.645,-0.00216523,0.0927526,-0.0171075,0.0908292,0.116679,0.129378,0.0282659,0.111191,0.167573,-0.034776,0.184882,0.129378,0.107811,0.0951507,0.18316,0.109967,0.188571,0.0788878,0.183025
390.136,0.103219,0.121293,0.168405,0.18234,0.113037,0.13693,0.152335,0.252682,0.0969389,0.115136,0.248518,0.252916,0.187137,0.279747,0.343289,0.191846,0.181413,0.281322,0.349686
390.627,-0.0171368,-0.0679749,-0.063557,-0.00246368,-0.0276365,0.0163208,-0.0298168,0.0845299,-0.0160671,-0.136807,0.0393355,0.0872733,0.0400985,-0.0526293,0.103995,0.134176,0.0159921,0.183252,0.0431576
391.118,0.128621,-0.0409687,0.0864175,0.141489,0.106489,0.0708904,0.121655,0.0846103,0.0190102,0.0683301,0.156947,0.0339716,0.175714,0.125339,0.145515,0.0963267,0.123729,0.239181,0.155056
391.608,0.0462114,0.00925878,0.0995185,0.00466269,0.033992,0.00872881,0.0233976,0.137897,0.0266805,0.10157,-0.0671354,0.0465965,0.0182567,0.0460589,0.128144,0.127621,0.128956,0.170931,0.233083
392.099,-0.00839702,-0.0141061,0.139098,0.0751707,0.0315079,0.0950464,0.0453229,0.0634774,-0.0482429,0.0384296,0.01728,-0.0708585,0.0619479,0.0524469,0.107389,0.148902,0.012744,0.149432,0.123709
392.589,0.0280021,-0.0889186,0.0249549,0.112797,0.0615556,0.0216683,0.0582726,0.0262312,0.0418031,0.107968,0.032514,0.0182244,0.0595878,0.121584,0.0706771,0.133511,0.199239,0.179546,0.0774339
393.08,0.0139836,-0.0175067,0.0411383,0.0400442,-0.0251705,0.0157808,-0.00953238,0.00135166,0.0451528,-0.0240737,0.0523124,-0.00806508,0.0135831,-0.019655,0.0418705,0.0117088,0.0631407,0.0734567,0.0247185
393.57,-0.034879,0.150188,0.0182952,0.0961903,0.0228064,0.0446906,0.020584,0.0562195,0.17275,0.0413437,0.133718,0.0471362,0.0701448,0.0597586,0.115709,0.181417,0.176072,0.115993,0.141364
394.06,0.0435074,0.0753102,0.0888058,0.149072,0.0651653,0.0617384,0.112257,0.0690019,0.0850145,0.0348107,0.0146099,0.0733513,0.0640369,0.0945007,0.182762,0.219193,0.153068,0.250721,0.214384
394.55,0.0632583,0.0727072,0.0974286,-0.00714545,0.0716927,0.122445,0.141266,0.0825927,0.117223,0.0847054,0.0421391,0.0821032,0.119488,0.0885616,0.168965,0.163038,0.154899,0.19979,0.17373
395.04,0.087161,0,-0.0395587,0.0557112,-0.00725083,-0.0150134,0.0475424,0.0966258,0.00904786,0.0738093,-0.0433637,0.087161,0.06081,0.157912,0.0914222,0.0986408,0.101877,0.108263,0.125932
395.529,0.037398,0.104424,0.161694,0.0966597,0.0280401,0.101352,0.124994,0.053616,0.0902701,0.0336384,0.117687,0.169368,0.0931525,0.102226,0.211501,0.1431,0.108396,0.264953,0.21361
396.019,0.228799,0.126916,0.216512,0.0655147,0.0819619,0.0504573,0.226592,0.178118,0.209752,0.129363,0.153378,0.17918,0.215577,0.222395,0.225499,0.297487,0.267724,0.21226,0.287123
396.508,0.0264668,0.024206,-0.0224902,0.0811908,0.0753616,-0.0103475,0.0299035,0.0176174,0.0903152,0.0465499,0.0383935,0.0404577,0.159306,0.0850869,0.135129,0.104261,0.143607,0.0876821,0.11668
396.998,0.0336099,0.120911,0.0691437,-0.0187627,-0.0248711,0.0834412,0.0119983,-0.0224337,0.0295345,0.00294979,0.0641643,0.00966897,0.0016108,0.0290163,0.140635,0.0983458,0.101889,0.127235,0.171649
397.487,0.00341954,0.0502986,-0.0363448,-0.0408696,0,-0.00166283,0.00936491,-0.00817524,0.0373638,0.0178479,0.066308,-0.0346355,0.03514,0.107571,0.139405,0.13774,0.103744,0.235568,0.181494
397.976,-0.0386463,-0.0214157,0.0772347,-0.0292379,-0.0287828,0.0521145,-0.0186761,0.0476431,0.0667416,0.0398355,0.0438748,0.0363629,0.122374,0.0903154,0.07682,0.136976,0.139343,0.186176,0.111812
398.465,0.0833535,0.0943375,0.0498249,0.125742,0.102708,0.122439,0.0931921,0.109768,0.0995073,0.13634,0.128089,0.042364,0.140915,0.139848,0.14435,0.132812,0.20357,0.217838,0.22703
398.954,0.0444967,0.0372539,-0.0668664,0.0189493,-0.0719892,0.0297574,-0.0952174,-0.0267364,0.0285874,0.0894996,0.0477623,0,0.0279426,0,0.0348845,0.0486347,0.131186,0.0723113,0.206331
399.443,0.0856215,0.0379449,0.0916731,0.0741481,0.0496001,0.0940382,0.098365,0.125811,0.0544819,0.136768,0.119584,0.0482078,0.0965757,0.0958227,0.143378,0.0650484,0.113559,0.221438,0.253779
399.931,0.145263,-0.0102133,0.129872,-0.0221179,0.0426606,0.0400959,0.0913863,0.104074,0.0595427,0.0645168,0.0511526,0.0629696,0.0916367,0.0600308,0.112064,0.276356,0.185414,0.214313,0.184508
400.42,0.0396003,0.0447128,0.0603009,0.0471854,0.0640619,0.0985594,0.129166,0.052261,0.0444218,0.0890368,0.0454832,0.0609932,0.0973299,0.108667,0.0939321,0.157504,0.17538,0.227402,0.240651
400.908,0.0694788,0.0897877,0.044794,0.0861923,0.0700299,0.0708625,0.058446,0.0488412,0.0166067,0.120456,0.0778126,0.0438761,0.137723,0.0961761,0.14001,0.132584,0.154828,0.141525,0.153184
401.397,0.00120395,0.020756,0.0154356,0.0383959,0.0203795,0.043932,0.064349,0.0203142,-0.0111521,-0.00492164,0.0236638,0.0245184,0.0493019,0.015551,0.0911083,0.0695376,0.072549,0.124408,0.181806
401.885,0.0193908,0.0274546,0.0630291,0.0588066,0.0246942,0.0497448,0.00672415,-0.0111448,0.0266224,0.0823813,0.0754214,0.0377512,0.0859285,0.0596341,0.0903605,0.0613587,0.0975661,0.144481,0.122865
402.373,0.0181474,-0.0437525,-0.0225301,-0.00711976,0.031353,0.0281835,-0.0509621,-0.0050816,-0.0252997,0.0462809,0.00903835,0.0156298,0.040282,0.0436818,0.0455524,0.080951,0.0442448,0.113026,0.0748159
402.861,0.0916839,0.0584201,0.0387318,0.0314381,0.0977141,0.0313357,0.0357786,0.0532376,0.12099,0.089767,0.00931235,0.0722661,0.0652505,0.130372,0.093665,0.170609,0.15781,0.172079,0.239149
403.349,0.0658478,0.0156005,0.0256807,0.0405663,0.0582409,0.0312311,0.0582864,0.0445655,0.090127,0.0929437,0.0713679,0.0914141,0.0655706,0.132523,0.0765181,0.121468,0.150242,0.135302,0.199477
403.837,0.0161964,-0.0087822,-0.035081,-0.01321,-0.00309269,0.0110186,-0.00326608,-0.0152839,-0.0101239,0.00746981,0.0612854,0.0514068,0.00207625,0.0731172,0.100571,0.0972113,0.154008,0.181359,0.134009
404.324,0.0813138,0.109058,0.0409055,0.0336402,0.0692008,0.100282,0.0712534,0.139905,0.0723878,0.115671,0.108825,0.0295686,0.123046,0.13464,0.168945,0.0959237,0.214152,0.182431,0.242287
404.812,-0.00718974,-0.0276977,0.0494372,0.0133592,0.0115028,-0.0180545,-0.0118879,0.00924952,-0.0251987,0.072436,0.00466473,0.0331692,0.00684332,0.0212298,0.0940839,0.0604493,0.0596701,0.123416,0.131919
405.299,0.0440834,0.0278227,0.0476532,0.0838424,0.0381813,0.0681785,0.0505326,0.0577705,0.0431381,0.0531101,0.0501127,0.0823715,0.0658069,0.133377,0.166038,0.159575,0.155296,0.164954,0.201795
405.786,0.063168,0.0165344,0.0393991,0.123774,0.0684275,0.0618819,0.0186978,0.0543474,0.086014,0.0708668,0.0812452,0.0669424,0.105125,0.15009,0.0879884,0.0974642,0.135202,0.154939,0.163169
406.274,0.02308,0.0200173,0.0346259,0.00936497,0.00185525,0.0257438,0.0322402,0.0248438,-0.0242908,0.0587186,0.0622219,0.0451251,0.0712905,0.0763055,0.0292314,0.104955,0.129123,0.127729,0.184478
406.761,0.052582,-0.0371574,-0.00864826,0.0261537,0.0396898,0.0818321,0.0123858,0.0532953,-0.0213003,0.0577495,0.0101081,0.0737136,0.0874467,0.0434094,0.0990294,0.112625,0.0473238,0.127116,0.119031
407.248,0.0563992,0.0450887,0.0651137,0.0497137,0.086347,0.0412473,0.0645089,0.0934058,0.0582419,0.0756768,0.0876582,0.11199,0.0926941,0.131183,0.130749,0.128364,0.144769,0.143118,0.212214
407.734,0.0815685,0.0396629,0.0294976,0.068327,0.0815536,0.0405679,0.0697173,0.0429177,0.0669866,0.0440652,0.054613,0.0683256,0.0831614,0.0931807,0.110073,0.147216,0.150776,0.181296,0.198383
408.221,0.0569787,0.0427314,0.0424456,0.0973128,0.0977919,0.0338398,0.0398829,0.0683659,0.0857919,0.0832218,0.049726,0.0469061,0.105791,0.11661,0.116194,0.14985,0.179403,0.183844,0.206933
408.708,-0.00183433,0.0279006,0.0365732,0.0250207,0.0525347,0.0761804,0.0215044,0.037195,0.0521637,0.030993,0.0922073,0.0427932,0.101005,0.119274,0.121184,0.167479,0.184591,0.188444,0.185958
409.194,0.0422613,0.10658,0.0521093,0.0736666,0.0567037,0.0736325,0.0331377,0.0764843,0.050901,0.058362,0.0934865,0.0858502,0.103741,0.103808,0.134017,0.177237,0.192796,0.170108,0.249376
409.681,0.0514805,0.0298463,0.0415217,0.011135,0.0391938,-0.0058401,0.00253492,0.036428,0.00245129,0.0672496,0.056695,0.0805183,0.0364258,0.0741569,0.099676,0.130122,0.137805,0.147531,0.1362
410.167,-0.012011,0.0318756,0.0611901,0.0120442,0.0390745,0.0635768,0.0328528,0.080233,0.0601175,0.034328,0.0754864,0.0736675,0.0594595,0.117482,0.13281,0.110641,0.124852,0.167929,0.205247
410.653,0.028727,0.026201,0.0463497,0.0439439,-0.0180773,0.0377602,0.0512338,0.00227781,0.0149355,0.0132354,0.0242349,0.0559297,0.124755,0.0775939,0.0779323,0.109262,0.106028,0.160405,0.167466
411.139,0.0893194,0.065266,0.0496645,0.10505,0.0560401,0.0661372,0.0768538,0.0934313,0.050196,0.0714824,0.0978851,0.0834735,0.107824,0.125284,0.112247,0.158708,0.155634,0.171306,0.168687
411.625,0.0624107,0.0598738,0.0579033,0.0256156,0.0294185,0.0765232,0.0625323,0.0478898,0.0780497,0.065702,0.0981189,0.0663836,0.0633125,0.100523,0.140703,0.130148,0.133792,0.181056,0.188026
412.111,0.0484614,0.062258,0.0529373,0.0399697,0.0656722,0.0071793,0.0753559,0.0384364,0.039453,0.0674201,0.0702652,0.0798304,0.111748,0.0987084,0.102176,0.137233,0.186905,0.177969,0.16958
412.597,0.0893824,0.0786885,0.103299,0.102572,0.115199,0.130743,0.14949,0.0802602,0.0953911,0.121594,0.110164,0.128577,0.167126,0.16366,0.153942,0.159173,0.195028,0.295424,0.228404
413.082,0.0287797,0.0255478,-0.00495029,-0.00495613,0.00953493,-0.0136868,0.0310977,0.0657184,0.0290117,0.0455825,0.0229845,0.0739668,0.0516244,0.0793088,0.108591,0.0917748,0.12115,0.16028,0.167075
413.568,0.0516895,0.0419834,0.0243442,0.049804,0.0822733,0.049798,0.0795339,0.0810928,0.0623999,0.109119,0.0624102,0.0996879,0.138178,0.0764294,0.114599,0.1359,0.156084,0.164041,0.172719
414.053,0.0255936,0.0369317,0.00587876,0,0.0357925,0.0320625,0.0319139,0.0294985,0.0318095,0.0813745,0.0237775,0.0732848,0.0869686,0.0633414,0.0978671,0.119509,0.127527,0.162449,0.158825
414.538,0.0672928,0.0938224,0.0787899,0.0721833,0.0863325,0.0800914,0.0723479,0.0770483,0.0820266,0.0794384,0.074385,0.0848507,0.119262,0.129519,0.112362,0.143583,0.168911,0.185958,0.164358
415.023,0.0950376,0.0700021,0.0689657,0.116183,0.0559465,0.0637886,0.0632366,0.065288,0.0692603,0.0861199,0.103205,0.115759,0.112323,0.102429,0.13744,0.148078,0.183309,0.157414,0.194528
415.508,0.0897583,0.0343082,0.0857875,0.0763747,0.0763747,0.0421818,0.0632623,0.0830482,0.0663296,0.0954481,0.101234,0.0749611,0.12448,0.108223,0.107407,0.156633,0.153137,0.191036,0.195013
415.993,0.0737984,0.0730926,0.0573567,0.0731432,0.0632848,0.0669657,0.0721109,0.0645426,0.0958264,0.114354,0.0896197,0.121221,0.107502,0.134188,0.115982,0.122821,0.20339,0.214512,0.1784
416.478,0.0743237,0.0534431,0.0709574,0.0886528,0.0472303,0.0654574,0.0631378,0.0651045,0.0988385,0.0790883,0.101131,0.139746,0.0969521,0.124894,0.145312,0.149138,0.188217,0.23036,0.23767
416.963,0.0547501,0.0575144,0.0430957,0.0253064,0.0487602,0.0800538,0.0774438,0.0696428,0.0563745,0.0708618,0.0627788,0.125727,0.114749,0.128263,0.117045,0.150117,0.163392,0.196755,0.17915
417.447,0.0287514,0.028809,0.00169905,0.0413649,0.0125148,0.0789316,0.0229944,0.0404408,0.0389345,0.0478889,0.0657763,0.0679619,0.0635805,0.0818566,0.0888247,0.118337,0.133046,0.161468,0.148658
417.932,0.0621038,0.0913499,0.0532235,0.0881142,0.0439983,0.0959652,0.100661,0.0577759,0.101677,0.0986252,0.0860753,0.103469,0.123471,0.135166,0.142418,0.168303,0.182097,0.234427,0.199044
418.416,0.0354316,0.0493879,0.0125923,0.0637845,0.0558093,0.0454311,0.0381861,0.0293927,0.0333079,0.0445471,0.0641816,0.111776,0.0803603,0.0835221,0.0967355,0.114069,0.124889,0.186154,0.144469
418.9,0.0144905,0.012743,0.0218668,0.0310941,0.043136,0.0220776,0.0308801,0.043587,0.0275103,0.0479952,0.0511246,0.0324128,0.0785923,0.0453639,0.0813467,0.0973014,0.116892,0.16893,0.156765
419.384,0.0548335,0.061446,0.0532757,0.0611305,0.0688422,0.0815256,0.0778549,0.0872722,0.0744509,0.0848177,0.0874508,0.0934512,0.111621,0.113529,0.132956,0.16336,0.164669,0.208412,0.210824
419.868,0.0511386,0.0695301,0.0708251,0.0826282,0.0843998,0.0840052,0.096074,0.0620043,0.10203,0.104189,0.0867264,0.0943128,0.121021,0.125047,0.142993,0.192043,0.163449,0.212221,0.201776
420.352,0.0209189,0.0222588,0.0487957,0.0358844,0.0293517,0.0277843,0.0672625,0.0364023,0.0609113,0.0332078,0.0499822,0.0622664,0.106225,0.108405,0.0783735,0.100979,0.0969032,0.133609,0.132959
420.836,0.0388974,0.0607032,0.0825455,0.0407669,0.0428501,0.0826586,0.061436,0.0825839,0.0516612,0.041529,0.0811389,0.108274,0.0758076,0.1101,0.0948287,0.114037,0.151379,0.174162,0.158441
421.319,0.0179339,0.0342308,0.0430103,0.038258,0.0595505,0.0424741,0.0450381,0.0577746,0.0560224,0.062831,0.067443,0.0963745,0.0745142,0.0806636,0.0983679,0.154772,0.183376,0.175844,0.20137
421.803,0.0690713,0.0848419,0.076802,0.0696659,0.0810257,0.068722,0.0672905,0.068145,0.0689327,0.0715855,0.0732319,0.111978,0.10216,0.116596,0.119581,0.139271,0.173734,0.158447,0.162758
422.286,0.0673383,0.074978,0.0816099,0.0559718,0.0816332,0.0440088,0.0462907,0.0912321,0.0946751,0.0758711,0.114505,0.112129,0.0955596,0.128808,0.14503,0.148202,0.170939,0.194914,0.19204
422.77,0.049712,0.0624063,0.0531067,0.0596453,0.0416755,0.0396325,0.0861768,0.060503,0.0955524,0.0629635,0.0852816,0.0611114,0.096545,0.0991558,0.134722,0.160038,0.146661,0.190809,0.180222
423.253,0.0584266,0.0295904,0.0472294,0.0800007,0.0662728,0.0305775,0.0364111,0.0535018,0.082554,0.0544572,0.0669983,0.0808756,0.06649,0.0976762,0.120608,0.132463,0.144663,0.172597,0.17985
423.736,0.0446005,0.0195075,0.0448319,0.0409621,0.0396847,0.0762316,0.0682151,0.050464,0.0698213,0.0578745,0.0846952,0.0830396,0.112883,0.108161,0.156173,0.118172,0.151698,0.181402,0.196932
424.219,0.0388621,0.0552854,0.04503,0.0483956,0.0202601,0.0628326,0.0808688,0.0464384,0.078192,0.075317,0.0801129,0.0725177,0.0964778,0.109551,0.109525,0.136704,0.156526,0.178658,0.188286
424.702,0.0716765,0.084521,0.0744915,0.102859,0.0839904,0.0902993,0.0868363,0.0982004,0.0698176,0.0840508,0.0875815,0.111275,0.123948,0.112796,0.15489,0.163968,0.193408,0.193738,0.231214
425.184,0.0694948,0.0914914,0.0580009,0.0680556,0.0675695,0.0698914,0.0792743,0.113391,0.0983693,0.088882,0.10234,0.092742,0.13331,0.13496,0.1492,0.16691,0.180406,0.189415,0.192691
425.667,0.0462027,0.0550511,0.0487884,0.0756798,0.0669734,0.0580049,0.0436558,0.0760986,0.0458274,0.074217,0.058674,0.0880268,0.103434,0.100118,0.116052,0.160976,0.148711,0.198495,0.192519
426.149,0.0435879,0.0505852,0.0496896,0.0650501,0.0717652,0.0682238,0.0547525,0.0879485,0.0750902,0.061141,0.0994307,0.0746898,0.0967451,0.102644,0.120437,0.143124,0.16786,0.192186,0.170916
426.632,0.0214917,0.0123007,0.0570539,0.044733,0.0435791,0.0556218,0.0588067,0.0440309,0.0497421,0.0595246,0.0725468,0.080023,0.063804,0.0747285,0.0762386,0.12568,0.125547,0.169377,0.147171
427.114,0.0375225,0.0565418,0.0494899,0.0498373,0.0133932,0.052993,0.0541087,0.0563823,0.0670614,0.0372135,0.065147,0.100149,0.096754,0.0855198,0.102353,0.132245,0.148573,0.17736,0.181382
427.596,0.0287878,0.0680689,0.0490953,0.0761633,0.0511415,0.0579358,0.0713346,0.0453979,0.0693631,0.0668031,0.0746233,0.0847114,0.0944874,0.101303,0.10788,0.143259,0.186836,0.174774,0.182268
428.078,0.0493297,0.0481123,0.054475,0.0757831,0.058705,0.0571366,0.0454179,0.0733362,0.0700696,0.0686291,0.0681896,0.0989071,0.124321,0.111582,0.11383,0.146833,0.161608,0.170508,0.170447
428.56,0.0519553,0.0338412,0.0255181,0.0578985,0.0405753,0.0403264,0.0434053,0.0699111,0.0695846,0.0523718,0.0769464,0.0730934,0.0869342,0.07221,0.109105,0.134785,0.142108,0.162601,0.179878
429.042,0.0337412,0.0527921,0.0598973,0.0359737,0.0380356,0.0391203,0.0532978,0.0530879,0.0872607,0.0516059,0.0595465,0.0866261,0.08721,0.113655,0.120111,0.134751,0.148653,0.160644,0.164726
429.524,0.0437644,0.0421938,0.0492333,0.0492976,0.0276247,0.0381758,0.0434475,0.0540059,0.0472879,0.0562412,0.0607675,0.0569581,0.0544934,0.113794,0.116792,0.132228,0.124599,0.140195,0.167586
430.005,0.0547268,0.0343581,0.0313517,0.0601644,0.058545,0.064606,0.0559463,0.0588596,0.0512497,0.0836254,0.0611902,0.0780128,0.098743,0.097396,0.140363,0.123354,0.156376,0.188124,0.176612
430.487,0.0518476,0.0321784,0.0495025,0.0196287,0.0425367,0.0598352,0.0549364,0.0477452,0.0354655,0.05519,0.0783082,0.084958,0.0776014,0.0915239,0.0989411,0.13118,0.14076,0.152196,0.16858
430.968,0.0549147,0.0575327,0.0481165,0.0585469,0.0428165,0.0493374,0.0581689,0.0539794,0.0491301,0.0892188,0.0772102,0.068226,0.079496,0.097336,0.114843,0.138383,0.154961,0.194201,0.162756
431.449,0.0457283,0.0652979,0.0552954,0.0569568,0.0403648,0.0375672,0.0658723,0.065504,0.0636748,0.0672113,0.0713886,0.0892684,0.0978945,0.109642,0.129174,0.127884,0.155147,0.155613,0.187927
431.93,0.0488044,0.0541304,0.0776483,0.0503671,0.0451678,0.0649675,0.0712402,0.0688519,0.0811907,0.0710471,0.0941818,0.108502,0.0922152,0.109367,0.163817,0.140286,0.182859,0.190465,0.193432
432.411,0.0723445,0.0428308,0.068923,0.0449682,0.0762535,0.087951,0.0768883,0.0883144,0.0843845,0.0710392,0.0806228,0.103601,0.0958241,0.116745,0.1513,0.130186,0.156866,0.176112,0.183197
432.892,0.0360946,0.0204237,0.0396986,0.0391824,0.0362518,0.0417279,0.0352201,0.0413388,0.0364937,0.0540078,0.0418005,0.071463,0.0914306,0.0716735,0.11602,0.122074,0.135027,0.165656,0.173572
433.373,0.0674279,0.0616939,0.0733324,0.0519417,0.0515981,0.066666,0.0513021,0.0763557,0.0717496,0.072609,0.0676444,0.0702202,0.0918009,0.10151,0.1294,0.136251,0.160566,0.190744,0.168706
433.854,0.0405729,0.042268,0.0416519,0.0349531,0.0463621,0.0633538,0.0473077,0.0531013,0.0638372,0.0623238,0.0628543,0.0747079,0.0931435,0.112653,0.119192,0.128616,0.157785,0.168057,0.163414
434.334,0.0441902,0.0444643,0.0411197,0.0302703,0.0655563,0.0460327,0.0346586,0.056489,0.056356,0.0616461,0.086813,0.0872718,0.0926747,0.117073,0.118556,0.133061,0.156541,0.163851,0.187995
434.814,0.0362736,0.0391479,0.0483954,0.0413174,0.0511138,0.0535321,0.0573867,0.0362136,0.0386835,0.0689862,0.0769967,0.0771508,0.106854,0.126711,0.123678,0.108024,0.138378,0.183038,0.189448
435.295,0.0581117,0.0488543,0.059183,0.0499474,0.0379979,0.0506046,0.0556247,0.0575274,0.0527501,0.0582735,0.0722771,0.0715533,0.0647084,0.0808492,0.120436,0.136736,0.15421,0.178514,0.145352
435.775,0.0581639,0.0416825,0.0560163,0.0405535,0.0433434,0.043501,0.0627756,0.0535514,0.0612128,0.0765743,0.0547586,0.0777316,0.086286,0.108495,0.125086,0.138156,0.152852,0.159617,0.161303
436.255,0.0848334,0.0803394,0.0562756,0.0857277,0.0367358,0.0566354,0.0765224,0.074019,0.0654946,0.076196,0.0727377,0.101202,0.0997794,0.114506,0.12786,0.153025,0.166742,0.200089,0.18746
436.735,0.0484129,0.0429298,0.0406101,0.0455254,0.0526981,0.0520001,0.0354197,0.0505748,0.0629317,0.0787493,0.0629661,0.0671895,0.082531,0.089584,0.102436,0.135656,0.143843,0.156969,0.163012
437.215,0.0306027,0.0355983,0.0669145,0.0564656,0.0638432,0.032374,0.0493526,0.0507662,0.0780136,0.0815682,0.0727051,0.0819078,0.0913178,0.0978426,0.116555,0.128331,0.151742,0.186829,0.186746
437.695,0.0509694,0.0649106,0.0472842,0.0441904,0.0465576,0.0384594,0.0627033,0.0458743,0.071569,0.0567016,0.0693644,0.076836,0.0954557,0.10094,0.131025,0.120931,0.152013,0.170177,0.171332
438.174,0.0330472,0.0471676,0.0487719,0.0333637,0.0430744,0.0545677,0.0446459,0.0487269,0.0420339,0.0490158,0.0686033,0.0718122,0.0846993,0.103776,0.117328,0.111444,0.137108,0.150427,0.16037
438.654,0.033631,0.0272924,0.0393052,0.0298296,0.0280118,0.0489738,0.0552698,0.0501382,0.0410348,0.0637741,0.0610549,0.0703509,0.0774713,0.119918,0.101671,0.111734,0.151739,0.151708,0.153924
439.133,0.0352869,0.0431495,0.0457297,0.0477831,0.0509182,0.0515509,0.0486266,0.0487595,0.0482794,0.052276,0.0815703,0.0769505,0.0864068,0.084249,0.112319,0.124654,0.132043,0.181698,0.168514
439.612,0.0396075,0.0560313,0.0462916,0.0568761,0.0557679,0.0629164,0.0616589,0.0534867,0.0676401,0.0796477,0.076961,0.0800208,0.1077,0.123531,0.124743,0.154246,0.147626,0.166845,0.186002
440.091,0.0533926,0.0595636,0.062927,0.0558081,0.0525113,0.0617016,0.0552759,0.0692908,0.0663794,0.0689439,0.0810708,0.0833273,0.107164,0.101793,0.127446,0.143029,0.167785,0.18093,0.196801
440.571,0.0522377,0.0613029,0.0348549,0.048041,0.0543862,0.052706,0.0478833,0.0677093,0.0641468,0.0678173,0.0695652,0.0764467,0.0872413,0.10268,0.123006,0.134993,0.150377,0.189172,0.186651
441.049,0.0539497,0.0379904,0.0642825,0.0582137,0.0663914,0.0576027,0.058435,0.0664138,0.071151,0.062684,0.0703331,0.0813269,0.11067,0.102207,0.125927,0.126121,0.150556,0.173442,0.170597
441.528,0.0498948,0.0562898,0.0402537,0.0448908,0.0431658,0.0514524,0.0468331,0.0473546,0.0687304,0.0680707,0.0790651,0.0732881,0.0911381,0.103809,0.0995432,0.130478,0.159115,0.153506,0.169242
442.007,0.0546016,0.0674694,0.0595949,0.0533296,0.0646692,0.0535639,0.0563718,0.0808628,0.0756335,0.0776681,0.0691192,0.0949808,0.100862,0.103486,0.131055,0.14807,0.156325,0.181899,0.166315
442.486,0.0234612,0.0496174,0.0378415,0.0354225,0.0544059,0.0514796,0.0481978,0.0437001,0.0523388,0.0724484,0.0594536,0.0930168,0.0874979,0.0891927,0.108295,0.142908,0.140106,0.147774,0.151831
442.964,0.0620857,0.0565841,0.054881,0.0452941,0.070617,0.0500607,0.0572459,0.0672481,0.0729543,0.0778588,0.0699001,0.0815672,0.0949092,0.112909,0.124335,0.138281,0.174593,0.179759,0.187791
443.442,0.0578413,0.0391514,0.0478272,0.0550465,0.061716,0.0589824,0.055774,0.0606421,0.0598024,0.0717346,0.0783301,0.0760314,0.0921669,0.10808,0.11646,0.132842,0.16022,0.178849,0.184079
443.921,0.0595862,0.0426108,0.0577323,0.0653762,0.0521791,0.0502433,0.046999,0.0697673,0.0670898,0.0619688,0.0810806,0.0767591,0.0898537,0.105781,0.125261,0.134022,0.149547,0.169556,0.177568
444.399,0.0448293,0.0491869,0.0373026,0.040747,0.0536889,0.0427231,0.03886,0.0486616,0.0518665,0.0545864,0.0776221,0.0709189,0.0895434,0.0978452,0.0988144,0.121732,0.136748,0.160088,0.173144
444.877,0.0367648,0.0505784,0.0625313,0.0562807,0.0568468,0.0670491,0.0556359,0.0560221,0.0677792,0.0604313,0.0768566,0.0952999,0.101728,0.10595,0.134862,0.154519,0.17307,0.192719,0.175243
445.355,0.0423664,0.0421785,0.0444265,0.0363524,0.0393544,0.047157,0.0402583,0.0539639,0.0541686,0.0528818,0.0680761,0.0767073,0.0882475,0.0952343,0.0942137,0.134918,0.139538,0.15959,0.170283
445.832,0.0534997,0.0455725,0.0543075,0.0559815,0.0464195,0.0506187,0.0646489,0.049534,0.0698828,0.0554943,0.062067,0.0889465,0.091478,0.0953807,0.104015,0.123848,0.148115,0.168896,0.177905
446.31,0.0544192,0.050857,0.0481661,0.0460775,0.059603,0.0486473,0.0603828,0.0692376,0.0638924,0.0728943,0.0740516,0.0811937,0.0908409,0.098274,0.124157,0.13996,0.153717,0.174382,0.185311
446.788,0.0467331,0.0434881,0.0383614,0.0379415,0.0537511,0.0626294,0.0491091,0.0638938,0.0573785,0.0685212,0.0793589,0.0812956,0.0965193,0.110304,0.108953,0.141917,0.151322,0.185042,0.189225
447.265,0.0423098,0.0448271,0.0463663,0.0434501,0.0505281,0.0597616,0.0479086,0.0621788,0.0499775,0.0665729,0.0695683,0.0853945,0.0883283,0.10799,0.118615,0.125464,0.139876,0.189043,0.176313
447.742,0.0475534,0.0396299,0.0352056,0.0417663,0.0411079,0.0581433,0.0419375,0.0459312,0.0592104,0.0606476,0.0684278,0.0816554,0.0879733,0.0906025,0.115509,0.107706,0.14114,0.170717,0.178762
448.219,0.0661855,0.0512401,0.0409776,0.0572912,0.0380995,0.0545601,0.0569867,0.0659683,0.0572143,0.0661483,0.06616,0.0663749,0.0732443,0.101255,0.12237,0.124271,0.149692,0.172508,0.172832
448.697,0.0668537,0.0737501,0.0741129,0.0659248,0.0647262,0.0639581,0.071177,0.0786318,0.0544543,0.0699975,0.0871189,0.0973557,0.0939026,0.10034,0.124122,0.14012,0.174969,0.18212,0.18365
449.173,0.0329787,0.038782,0.0385891,0.028185,0.0407977,0.0404993,0.0383866,0.0408944,0.0493395,0.0575011,0.0663218,0.068131,0.0764013,0.0844922,0.102657,0.118039,0.154644,0.149675,0.156652
449.65,0.0408344,0.0456347,0.0477986,0.0466365,0.0490183,0.050851,0.0408397,0.0513036,0.0606163,0.0615222,0.0698955,0.0873574,0.0827565,0.094358,0.114404,0.117993,0.136665,0.172877,0.166655
450.127,0.035132,0.0427349,0.0412676,0.0379573,0.0444633,0.0553637,0.0511407,0.0653538,0.0633838,0.0552584,0.0707594,0.0690972,0.095116,0.0935594,0.107903,0.127484,0.135537,0.16156,0.164077
450.604,0.053805,0.0673582,0.0566279,0.0448928,0.0565113,0.0677481,0.052877,0.0650829,0.0506116,0.0713077,0.0747968,0.0838088,0.0932772,0.105399,0.12961,0.133376,0.159205,0.180414,0.180316
451.08,0.0602911,0.054039,0.0670603,0.0673319,0.0585097,0.0666078,0.0738064,0.0776923,0.070976,0.0853352,0.0874462,0.103336,0.108976,0.11671,0.13246,0.141107,0.168129,0.179389,0.193666
451.557,0.0479598,0.0408463,0.0452516,0.0562673,0.0400893,0.0533517,0.0496392,0.0568171,0.0567089,0.0737085,0.0670159,0.0670305,0.0854178,0.101705,0.120345,0.115763,0.151117,0.171417,0.168757
452.033,0.0480058,0.0554315,0.0564529,0.0564116,0.0425501,0.0481311,0.0605399,0.054809,0.068289,0.0732247,0.0790633,0.0775625,0.0821422,0.102713,0.123444,0.142581,0.148822,0.171786,0.162964
452.509,0.0560556,0.050199,0.0562905,0.0589693,0.0548901,0.0731055,0.0601195,0.0636511,0.0747482,0.0800108,0.0609275,0.0769107,0.0925896,0.104676,0.120833,0.135205,0.149372,0.168286,0.171881
452.985,0.0520406,0.0623909,0.0654421,0.0530118,0.0485892,0.0557397,0.0572944,0.0552298,0.0671549,0.0731536,0.0659622,0.0783654,0.0930715,0.108304,0.117352,0.128641,0.156143,0.161959,0.169695
453.461,0.0487525,0.0487108,0.0475696,0.0444368,0.0474934,0.0513776,0.0553356,0.0505094,0.0618553,0.0714193,0.0749222,0.0742857,0.0922396,0.0899167,0.111317,0.123718,0.149432,0.172697,0.166164
453.937,0.0498568,0.0613366,0.051479,0.0482437,0.0494613,0.0469192,0.0444981,0.0521515,0.0624712,0.0695394,0.0806245,0.0854784,0.0773636,0.0950745,0.11415,0.128786,0.158165,0.175774,0.175654
454.412,0.0636001,0.0571316,0.0594843,0.0717858,0.0556127,0.0536058,0.0606928,0.0698942,0.0634727,0.0779565,0.0691277,0.0902398,0.0972581,0.109055,0.125342,0.144672,0.172157,0.169003,0.182986
454.888,0.042302,0.0428136,0.0424103,0.0525469,0.0491949,0.0560219,0.0602805,0.0518596,0.0440133,0.0601038,0.0704472,0.0713457,0.0856527,0.0950041,0.116578,0.129276,0.144968,0.166105,0.174782
455.363,0.0522172,0.0663004,0.0616896,0.0572578,0.0590755,0.0549042,0.0600922,0.0644198,0.0654562,0.0753667,0.0777744,0.0839018,0.0996046,0.111364,0.131011,0.132539,0.15086,0.190323,0.188912
455.839,0.0418839,0.0382031,0.0444697,0.0438148,0.0458953,0.0419279,0.0480568,0.0554749,0.0449496,0.0523898,0.0667215,0.0640001,0.0875969,0.0961485,0.104582,0.12842,0.136832,0.165335,0.164494
456.314,0.0444621,0.0494187,0.0540024,0.0535993,0.0493348,0.055616,0.0484089,0.0705871,0.0562106,0.0648454,0.0709436,0.0759566,0.0864242,0.0921859,0.128469,0.136021,0.159524,0.166342,0.178458
456.789,0.0470418,0.0515391,0.0561466,0.0483367,0.0449694,0.0465094,0.0643328,0.0659293,0.0623698,0.0649819,0.069842,0.079692,0.0838407,0.103944,0.117395,0.130408,0.146361,0.155088,0.166556
457.264,0.0451877,0.0539036,0.0386849,0.0467015,0.0432612,0.0456099,0.0609964,0.0566784,0.0656937,0.0669086,0.0633472,0.0750363,0.0786533,0.0956877,0.115849,0.135729,0.15537,0.169139,0.177798
457.739,0.0445766,0.0401226,0.0447443,0.0397295,0.0557202,0.0447258,0.0576582,0.059081,0.0685392,0.0737664,0.0755416,0.0757056,0.0948463,0.095348,0.114243,0.118466,0.145716,0.160327,0.184207
458.214,0.063092,0.0343714,0.0494879,0.0525694,0.0457586,0.0528061,0.0551365,0.0563402,0.0583417,0.061589,0.0703823,0.0751802,0.0891616,0.0984679,0.1074,0.125863,0.16254,0.168054,0.165626
458.689,0.0391648,0.054871,0.0510669,0.0455518,0.0518798,0.0465967,0.0546546,0.0586971,0.0536213,0.0572228,0.0648234,0.0851699,0.087859,0.109585,0.109342,0.135691,0.150521,0.164351,0.171445
459.163,0.0511398,0.0472011,0.0510115,0.0467987,0.0569548,0.0603813,0.0577708,0.0658313,0.0792077,0.0673672,0.0744073,0.0901823,0.0996529,0.10611,0.108808,0.13208,0.158689,0.183759,0.178688
459.637,0.0415065,0.0451319,0.0552413,0.0425435,0.0467036,0.0561815,0.0457153,0.0526036,0.0557774,0.0628828,0.071236,0.0770706,0.0849394,0.10236,0.104847,0.130674,0.155044,0.159276,0.17076
460.112,0.0494068,0.0526891,0.0468348,0.0464595,0.0509454,0.0446415,0.0654455,0.0598892,0.0581476,0.0642858,0.0693394,0.0870408,0.0818233,0.102502,0.106911,0.138986,0.146258,0.171668,0.151598
460.586,0.0513262,0.0434409,0.0504264,0.0582193,0.054489,0.0541297,0.0542806,0.0550552,0.0571703,0.0724946,0.0778622,0.0833302,0.0842141,0.0971823,0.106239,0.128927,0.139976,0.167888,0.182857
461.06,0.0377,0.0444683,0.0583221,0.0460102,0.0469422,0.0542962,0.0415436,0.0458285,0.0513826,0.0588383,0.0721365,0.0705409,0.0783927,0.0940226,0.11628,0.133721,0.144208,0.168527,0.160373
461.534,0.0432317,0.0452737,0.0477707,0.0315907,0.0531816,0.0489828,0.0428941,0.0603732,0.069931,0.0639099,0.0622446,0.0785745,0.0841835,0.0958697,0.104627,0.127829,0.144289,0.160095,0.163528
462.008,0.0566215,0.0385973,0.0341007,0.0397697,0.0481033,0.0473643,0.0460288,0.0490086,0.0526291,0.0697373,0.0683966,0.0710841,0.0936677,0.093544,0.107748,0.13565,0.149125,0.163585,0.175746
462.482,0.0494226,0.0462169,0.0465594,0.0451418,0.0402785,0.0441051,0.048181,0.0509306,0.0607008,0.0689112,0.069512,0.0721915,0.0816454,0.0927356,0.109248,0.118298,0.142154,0.156042,0.164592
462.955,0.0406579,0.0550424,0.053677,0.0548943,0.0612982,0.0475424,0.0501714,0.0562298,0.0529537,0.056996,0.0718902,0.0773496,0.0874741,0.107266,0.116086,0.136841,0.154819,0.178646,0.178005
463.429,0.0461944,0.0465265,0.0552892,0.0592323,0.0560252,0.0516339,0.0579198,0.0631814,0.0612614,0.0697517,0.0727629,0.0773129,0.0872708,0.103473,0.11578,0.138547,0.157843,0.175848,0.169654
463.902,0.0432633,0.0524523,0.0570564,0.0485133,0.0433761,0.0489096,0.0458647,0.0529097,0.064378,0.0546668,0.080024,0.0709443,0.0879983,0.1023,0.113273,0.136603,0.147509,0.160475,0.173579
464.375,0.0425574,0.0525825,0.0559615,0.0483378,0.0455758,0.0460521,0.0522799,0.0514912,0.063708,0.0660736,0.0670993,0.074943,0.0776906,0.0945343,0.106661,0.132684,0.152561,0.171894,0.156406
464.849,0.0450255,0.0441898,0.0433463,0.0466654,0.0444897,0.0435933,0.0470631,0.0478415,0.0653372,0.0576125,0.056124,0.0717008,0.090335,0.0935858,0.116704,0.119603,0.152366,0.168357,0.170947
465.322,0.0350407,0.0471435,0.0484842,0.0432282,0.0492416,0.0486742,0.0472979,0.0478909,0.0577624,0.0571103,0.0671621,0.0733147,0.0804886,0.102592,0.103957,0.119367,0.14289,0.165748,0.168934
465.794,0.0459803,0.0464022,0.0527103,0.0555198,0.0522398,0.0589992,0.0586711,0.0596071,0.0665421,0.0696955,0.075274,0.0797975,0.10198,0.108753,0.120551,0.131714,0.157121,0.170027,0.172758
466.267,0.0513012,0.0483732,0.0471715,0.0457667,0.0475729,0.0446863,0.0536555,0.056545,0.0608805,0.0727198,0.0696894,0.0775617,0.0794633,0.10339,0.12832,0.133148,0.151731,0.171121,0.171095
466.74,0.0536779,0.0439606,0.0524778,0.048566,0.0509026,0.0455759,0.0493999,0.0568113,0.058578,0.0628647,0.0659881,0.0780357,0.08852,0.0996636,0.118375,0.131183,0.147252,0.173453,0.167197
467.213,0.0585125,0.0476887,0.0593158,0.0531437,0.0605851,0.0563384,0.0563447,0.0601864,0.0596419,0.0706674,0.075151,0.0837497,0.0893517,0.104754,0.123381,0.134705,0.159121,0.174339,0.172534
467.685,0.0463144,0.0467627,0.0438744,0.0423628,0.0557687,0.0471629,0.0525751,0.0528845,0.0584153,0.064203,0.0734742,0.0772429,0.0953558,0.0976783,0.111603,0.123815,0.145853,0.174883,0.172695
468.157,0.0467003,0.0472252,0.053242,0.0578617,0.049541,0.0564486,0.045099,0.0601114,0.0676591,0.0655317,0.0769718,0.0752061,0.0913567,0.107727,0.113942,0.134148,0.159536,0.179946,0.181248
468.63,0.0495992,0.0499446,0.0524661,0.0570619,0.0493555,0.053359,0.0518095,0.0530833,0.0649641,0.0602216,0.0691091,0.0792238,0.0848673,0.0998251,0.115962,0.131911,0.149984,0.171284,0.17614
469.102,0.0471433,0.0435324,0.0521503,0.0510722,0.0528036,0.0505792,0.0513819,0.0539743,0.059136,0.068789,0.0629517,0.0808957,0.0892945,0.100437,0.116246,0.13219,0.150096,0.170436,0.178011
469.574,0.0408832,0.0456128,0.0476485,0.0633155,0.0555478,0.0554819,0.0554524,0.0578314,0.0696375,0.0641027,0.0738998,0.0767071,0.0893427,0.101782,0.107837,0.131855,0.158485,0.166052,0.169504
470.046,0.0460884,0.0505657,0.0593715,0.059118,0.0502371,0.0496645,0.0584292,0.0575064,0.0589267,0.0711619,0.0738495,0.0908038,0.0954479,0.103977,0.123195,0.14451,0.164356,0.168361,0.179667
470.517,0.0553365,0.0427545,0.0520083,0.0529995,0.0542969,0.043278,0.0594098,0.0552241,0.0630207,0.0698904,0.064445,0.0792053,0.0893392,0.0947524,0.119807,0.130266,0.1552,0.169743,0.170466
470.989,0.0530113,0.0541994,0.0539936,0.0515049,0.0496783,0.061666,0.0541117,0.0585987,0.0689677,0.067945,0.0668219,0.0861431,0.0896247,0.101126,0.114467,0.131224,0.151348,0.175227,0.180045
471.461,0.0457017,0.0566026,0.0519727,0.0636024,0.0579484,0.0583322,0.0685555,0.0594029,0.0700305,0.0643681,0.0826559,0.0865909,0.101113,0.104019,0.122834,0.143188,0.161436,0.18118,0.17759
471.932,0.0395827,0.0408731,0.0412181,0.0460578,0.0385106,0.0506158,0.0550144,0.0514861,0.0445284,0.061632,0.0671133,0.0751131,0.0960885,0.107486,0.12089,0.129219,0.143953,0.162304,0.168049
472.403,0.0438876,0.0524547,0.0493024,0.0479251,0.0532531,0.0502011,0.0558819,0.0561264,0.0639486,0.0793148,0.0734158,0.0793548,0.0858051,0.0970084,0.111379,0.138156,0.156742,0.165598,0.171081
472.874,0.040625,0.0435886,0.0455927,0.0470184,0.0458693,0.0377232,0.0466368,0.0520305,0.0568936,0.0560553,0.0637186,0.0701799,0.0901547,0.0985621,0.110941,0.119578,0.144835,0.165094,0.161139
473.346,0.0436638,0.0474953,0.0497858,0.0445062,0.0504324,0.0493945,0.0511672,0.05748,0.0527727,0.0627428,0.0714057,0.0751428,0.0833323,0.0933856,0.113945,0.127954,0.146338,0.166764,0.171675
473.816,0.0498302,0.0484188,0.0490439,0.0430473,0.0473487,0.0522673,0.0487693,0.0508738,0.0489603,0.066763,0.0677975,0.0744609,0.0811009,0.09498,0.10906,0.126636,0.139765,0.158282,0.153071
474.287,0.0529205,0.0437493,0.0547309,0.0580498,0.0558026,0.0571693,0.0515984,0.0558104,0.0611627,0.0667715,0.0700217,0.0851433,0.0918094,0.0967415,0.108906,0.131092,0.151508,0.175629,0.16301
474.758,0.0419132,0.0477436,0.0511801,0.044956,0.0534668,0.0459495,0.0491984,0.0556411,0.0554414,0.0666027,0.070021,0.077625,0.0882263,0.0985311,0.1135,0.131736,0.159438,0.166764,0.161774
475.229,0.0428789,0.0431673,0.0452471,0.0373803,0.0493478,0.0509821,0.0516684,0.0481787,0.0620871,0.0658888,0.0674573,0.0775852,0.0884504,0.0999391,0.112178,0.127086,0.150168,0.163481,0.166747
475.699,0.0404224,0.0455137,0.0429462,0.0461805,0.0472198,0.0513535,0.0501904,0.0525288,0.0603347,0.0624582,0.0715312,0.0742641,0.0900874,0.0901619,0.102947,0.124486,0.146343,0.163882,0.158234
476.17,0.0467594,0.0544186,0.0461412,0.0459691,0.0483368,0.0535401,0.0562779,0.05385,0.0661831,0.0644923,0.0678747,0.0754489,0.0862632,0.107047,0.119294,0.124583,0.140743,0.170783,0.173316
476.64,0.0424098,0.0474116,0.0436292,0.0425951,0.0428585,0.0562758,0.0508438,0.0488141,0.0548599,0.0679738,0.0667681,0.0724376,0.0867534,0.0925505,0.107754,0.122018,0.148215,0.155659,0.163455
477.11,0.0503784,0.0495157,0.0575624,0.0557877,0.0533824,0.0574925,0.0533443,0.0627752,0.0610595,0.0676612,0.0820169,0.0867474,0.092858,0.103728,0.116811,0.12951,0.156808,0.17269,0.1818
477.58,0.0436966,0.0405544,0.0475973,0.0446759,0.0417949,0.0458848,0.0550747,0.0549234,0.0545203,0.0617041,0.0683647,0.0787038,0.08716,0.0924818,0.108358,0.128598,0.141535,0.165522,0.1682
478.05,0.0463413,0.0473481,0.04636,0.045149,0.0459316,0.0436666,0.048504,0.0562005,0.0591612,0.0618018,0.0624346,0.0820265,0.0796019,0.0996218,0.111851,0.125696,0.146349,0.166802,0.169985
478.52,0.0476527,0.045385,0.0463431,0.0423407,0.0427773,0.0447559,0.0497858,0.0566361,0.0517329,0.0621726,0.0649483,0.078502,0.0879977,0.093169,0.106765,0.124429,0.138589,0.164332,0.162275
478.989,0.0425109,0.0520316,0.0504259,0.0490914,0.0462966,0.0558485,0.0538143,0.0574639,0.063755,0.0624054,0.0697348,0.079145,0.0878904,0.0966998,0.113202,0.131162,0.150729,0.172272,0.170549
479.459,0.0457887,0.0470422,0.0400606,0.0436494,0.0450666,0.0529349,0.0467982,0.0513727,0.0543635,0.0558617,0.0627529,0.0764235,0.0811299,0.0881137,0.11014,0.125563,0.144162,0.164481,0.159797
479.928,0.0521504,0.0486099,0.0512393,0.0512936,0.0537257,0.0517364,0.0537705,0.0607491,0.0652173,0.0676532,0.0712857,0.0825485,0.0857142,0.0988117,0.116172,0.129825,0.146213,0.170453,0.172469
480.398,0.0487642,0.0477526,0.0525308,0.0495715,0.050303,0.0543369,0.0578973,0.0596014,0.0589411,0.0627562,0.0728978,0.0803425,0.0922166,0.103405,0.120399,0.124812,0.153326,0.175489,0.171367
480.867,0.0465121,0.0404691,0.0446687,0.0441805,0.0465018,0.0457477,0.0470836,0.0511515,0.0529728,0.0579768,0.0684436,0.072797,0.0806145,0.0920334,0.1075,0.123331,0.139186,0.163624,0.160232
481.336,0.0470643,0.0521423,0.0427033,0.0504106,0.0505181,0.0559384,0.0498596,0.0588133,0.0584083,0.0696297,0.0704345,0.0827762,0.0878353,0.0977249,0.118996,0.131531,0.151318,0.169346,0.167172
481.805,0.0425646,0.0422343,0.0464215,0.043286,0.0459663,0.0451999,0.0473887,0.0530088,0.0599723,0.0591991,0.0693582,0.0659311,0.0824538,0.0973967,0.106942,0.124284,0.145749,0.15585,0.165145
482.274,0.0453899,0.0470144,0.0422542,0.0411207,0.0433761,0.0473155,0.0457714,0.0467375,0.0539129,0.0595711,0.0626817,0.0704328,0.0845801,0.0896569,0.105195,0.121743,0.150437,0.157383,0.161342
482.743,0.0469981,0.0488066,0.0472169,0.0475106,0.0455003,0.0492784,0.0458539,0.0534434,0.0578163,0.0615487,0.0692123,0.0775348,0.0865677,0.0965251,0.114042,0.132803,0.151473,0.164377,0.167688
483.211,0.0460577,0.0462288,0.0507678,0.049895,0.0554495,0.0498316,0.0515409,0.0541484,0.0611901,0.0626484,0.0716106,0.0791329,0.08779,0.0992937,0.112762,0.121424,0.145606,0.17021,0.167071
483.68,0.044849,0.0462832,0.0457056,0.0507539,0.0511344,0.0483432,0.050161,0.0533271,0.0628697,0.0640856,0.0713303,0.0823514,0.0875776,0.0976716,0.108265,0.126283,0.147604,0.162624,0.171451
484.148,0.0461159,0.0491603,0.0467997,0.0442125,0.0451385,0.0513206,0.05169,0.0549117,0.0577694,0.0612477,0.0669971,0.0746514,0.0871297,0.0945837,0.114482,0.128424,0.146355,0.165256,0.161219
484.617,0.042889,0.0410041,0.0432962,0.0442819,0.0423227,0.0429007,0.045625,0.0481842,0.054728,0.0541412,0.0587551,0.0737717,0.0750014,0.0928585,0.105038,0.122171,0.142734,0.165981,0.16362
485.085,0.0431553,0.045318,0.0516969,0.0503255,0.0510512,0.0460269,0.0537726,0.0573189,0.0565765,0.0610762,0.0666813,0.0770789,0.0874148,0.0949112,0.111569,0.12813,0.146533,0.164921,0.16813
485.553,0.0433488,0.0497721,0.0478326,0.0467713,0.0484001,0.0498502,0.05307,0.0546283,0.0573792,0.0663537,0.0718752,0.0783882,0.0837791,0.0991806,0.107952,0.129758,0.150577,0.173032,0.175453
486.021,0.0476506,0.0461446,0.0479495,0.0453882,0.0481555,0.047062,0.0504349,0.052555,0.0527577,0.0652486,0.0711787,0.0762773,0.083712,0.0916524,0.107326,0.118712,0.142917,0.164047,0.163805
486.489,0.046004,0.0435325,0.0456858,0.0511913,0.0541821,0.0473752,0.0546014,0.0525211,0.0561257,0.0635013,0.0687733,0.0753576,0.0851021,0.0938462,0.107125,0.12816,0.144243,0.163984,0.170411
486.956,0.0504994,0.0518946,0.0542804,0.049058,0.0495725,0.0493631,0.0563761,0.0548696,0.0594804,0.0655224,0.0696814,0.0814558,0.0912373,0.104399,0.117098,0.128111,0.144767,0.163275,0.168811
487.424,0.0522493,0.0497501,0.0523954,0.0536959,0.0547681,0.0534502,0.0572245,0.0597534,0.0585227,0.0647276,0.0735399,0.0797174,0.0979578,0.10412,0.117286,0.132517,0.154182,0.174864,0.169625
487.891,0.0468085,0.044792,0.0450004,0.0457979,0.0505052,0.051633,0.050991,0.0523555,0.0591403,0.0632851,0.0672052,0.0785113,0.0895324,0.0959612,0.108037,0.128396,0.144777,0.160947,0.164475
488.359,0.0475896,0.0466662,0.0445256,0.049042,0.050244,0.0523171,0.0511823,0.0524051,0.0551988,0.0610177,0.0725591,0.0715897,0.0874554,0.0991652,0.107779,0.121831,0.140462,0.162235,0.171117
488.826,0.0459671,0.0448831,0.0495917,0.0473679,0.0492991,0.0461414,0.0492509,0.0506988,0.0588733,0.0721267,0.0700075,0.0765088,0.0864931,0.0953643,0.10962,0.126257,0.150577,0.162305,0.167499
489.293,0.0466884,0.0479256,0.0494116,0.0460631,0.0503748,0.0516184,0.0506862,0.0490152,0.057616,0.0597815,0.0697169,0.0751195,0.0865499,0.0950628,0.110761,0.127093,0.147723,0.163566,0.164374
489.76,0.0492326,0.048879,0.0494894,0.0493697,0.0534253,0.0513932,0.0597978,0.0589127,0.0605289,0.0634713,0.0688703,0.0798006,0.0906463,0.0973551,0.115088,0.129424,0.152265,0.165613,0.167546
490.227,0.0417126,0.0406362,0.0452786,0.0450931,0.0464711,0.0461505,0.0520798,0.0498219,0.0562843,0.0590158,0.0600286,0.0731647,0.0786393,0.0944375,0.109856,0.119008,0.142937,0.167517,0.16039
490.694,0.0476205,0.0485232,0.0485474,0.0472733,0.0514215,0.0487501,0.0552981,0.0542101,0.0569888,0.0661377,0.0718688,0.0793604,0.0852103,0.0977811,0.117887,0.135035,0.151737,0.176937,0.179652
491.16,0.0457696,0.044668,0.0485291,0.0502941,0.0520057,0.050665,0.0507069,0.0536918,0.057105,0.0692008,0.076689,0.0790608,0.0876016,0.0957775,0.111119,0.131845,0.148287,0.16739,0.171949
491.627,0.0437256,0.0466395,0.0478759,0.0479805,0.047833,0.047723,0.0532117,0.0538582,0.0543721,0.0595461,0.0677425,0.0794296,0.0847572,0.0978859,0.113852,0.125122,0.145127,0.165287,0.164686
492.093,0.0430042,0.0465064,0.0498881,0.0485111,0.0482236,0.0534694,0.0542,0.0514021,0.0587305,0.0629063,0.0665278,0.0791791,0.087407,0.0942351,0.113147,0.128212,0.143686,0.167639,0.17038
492.56,0.0504956,0.0473846,0.0461585,0.0478144,0.0499094,0.0511416,0.0503437,0.0551854,0.0597595,0.0656057,0.0692883,0.0795784,0.085081,0.0971874,0.106715,0.124933,0.148923,0.165665,0.16785
493.026,0.0465479,0.0440715,0.0449072,0.0469026,0.0461295,0.0504312,0.0503439,0.0542399,0.0559526,0.0612335,0.0686818,0.0771425,0.0862749,0.0943579,0.109656,0.127712,0.147429,0.168227,0.162436
493.492,0.0447416,0.0422752,0.0422799,0.0463956,0.0466119,0.0445892,0.0466473,0.0495148,0.0543183,0.0626328,0.0662847,0.0801308,0.0856873,0.0941099,0.112296,0.120624,0.141704,0.163187,0.161381
493.958,0.0461821,0.0445863,0.0457747,0.0484842,0.0472813,0.0466161,0.0492318,0.0497958,0.0564467,0.059562,0.0620376,0.0728586,0.0854572,0.0877834,0.110716,0.125062,0.143055,0.163995,0.164982
494.424,0.042483,0.0434333,0.0451531,0.0501891,0.0474091,0.0479215,0.0502435,0.0539669,0.0558864,0.0659406,0.069816,0.0733898,0.0834866,0.0939477,0.110098,0.128584,0.147669,0.166009,0.168624
494.89,0.0432544,0.0441282,0.0453258,0.0519372,0.0451504,0.0494056,0.0461469,0.0530271,0.0601559,0.065235,0.0647793,0.0777495,0.0826594,0.0952678,0.111896,0.126037,0.144887,0.167098,0.163937
495.355,0.0471107,0.0475598,0.0434236,0.0496698,0.046635,0.0508491,0.0517567,0.0536974,0.0552696,0.0631038,0.0648646,0.0718523,0.0845797,0.0982271,0.107187,0.127426,0.148393,0.170234,0.168747
495.821,0.044433,0.0448696,0.044022,0.0504442,0.0494598,0.0499845,0.0511485,0.0502879,0.0595918,0.0611998,0.071226,0.0740404,0.0856374,0.0965671,0.107953,0.125742,0.142608,0.163206,0.166287
496.286,0.0433827,0.0422451,0.0468504,0.0505141,0.0465119,0.0458274,0.0491884,0.0543587,0.0586688,0.06438,0.0693227,0.0758085,0.0829081,0.0968161,0.109959,0.12798,0.146779,0.166821,0.164855
496.751,0.0432306,0.0447341,0.0489547,0.0484991,0.0430834,0.0444151,0.048393,0.0511221,0.054044,0.0600515,0.069033,0.0760015,0.0817911,0.0922459,0.105223,0.119856,0.143288,0.158079,0.15992
497.216,0.0484556,0.045648,0.0539438,0.0472809,0.0453543,0.0455386,0.0469167,0.0525251,0.0565103,0.062681,0.0649688,0.0798143,0.0830048,0.0933342,0.108964,0.129442,0.143634,0.166225,0.164241
497.682,0.0414636,0.0442687,0.0427025,0.0443106,0.0482201,0.0499128,0.0498796,0.0522033,0.0564769,0.0631974,0.0676173,0.0809374,0.0812985,0.0949856,0.114424,0.126379,0.142482,0.161506,0.158527
498.146,0.0460188,0.0457899,0.0465875,0.0450143,0.0430498,0.0478776,0.0528581,0.0510324,0.0570718,0.061946,0.0677987,0.0773596,0.0863011,0.0916415,0.110212,0.127544,0.144859,0.161426,0.162737
498.611,0.0430282,0.0442124,0.0451078,0.045349,0.0456322,0.0464087,0.0475419,0.0505439,0.0557275,0.0586331,0.0682004,0.0703167,0.0836207,0.093297,0.110197,0.124275,0.140588,0.160493,0.161567
499.076,0.0469338,0.0468235,0.0455799,0.0485008,0.0545194,0.0452502,0.0481323,0.0550832,0.0562732,0.0612452,0.0642569,0.0707001,0.088627,0.0906601,0.108455,0.126074,0.146022,0.166606,0.165152
499.541,0.0464105,0.0448338,0.0479326,0.0513291,0.0483752,0.0492106,0.0458404,0.0580919,0.0559154,0.0634213,0.067452,0.0780967,0.0864306,0.0955741,0.109485,0.12467,0.146168,0.163723,0.16763
500.005,0.0423652,0.0436791,0.0460583,0.0423803,0.048092,0.0503689,0.0477147,0.0519473,0.0525813,0.0594324,0.0637095,0.0756574,0.0835763,0.0975933,0.110285,0.121524,0.144387,0.169033,0.168398
500.469,0.043751,0.0485542,0.046045,0.0435417,0.048308,0.0507664,0.0509289,0.0518436,0.0587773,0.0631246,0.070117,0.078135,0.0835304,0.0948189,0.110711,0.127219,0.151354,0.164271,0.170742
500.934,0.0460141,0.0458553,0.0436832,0.0504171,0.0458295,0.0528667,0.0489472,0.0509945,0.0563236,0.0624625,0.0669217,0.0718931,0.08562,0.0949703,0.109146,0.120905,0.145744,0.162301,0.166516
501.398,0.0432858,0.041722,0.0445785,0.0454248,0.0431047,0.0443257,0.0470564,0.0522749,0.0560979,0.0563551,0.0668697,0.0717606,0.0786883,0.0923902,0.106297,0.122167,0.142323,0.160134,0.163101
501.862,0.0465805,0.0444893,0.0433548,0.0452745,0.0498874,0.0475022,0.0511418,0.0525138,0.0563326,0.0641909,0.0673785,0.0775288,0.0847299,0.0981449,0.11127,0.127571,0.146479,0.165564,0.166389
502.326,0.0455809,0.0472302,0.0444484,0.0479001,0.0501678,0.0518583,0.0488975,0.0566934,0.0554589,0.0605174,0.0690632,0.0796906,0.0853276,0.0959823,0.110627,0.125628,0.148188,0.167927,0.169694
502.789,0.0434802,0.0431647,0.0470628,0.0468911,0.0481303,0.0478352,0.0496962,0.0539557,0.0588133,0.0635034,0.0686719,0.0752392,0.08297,0.0971488,0.110965,0.125948,0.143021,0.16308,0.163744
503.253,0.0405245,0.0442194,0.0432895,0.0440247,0.0430009,0.0465263,0.0526451,0.0530729,0.056558,0.0592555,0.0674441,0.0732562,0.080887,0.0939591,0.108935,0.121565,0.14657,0.162347,0.160357
503.716,0.0447645,0.0466239,0.0483649,0.0491444,0.0521616,0.0523109,0.0518741,0.0561274,0.0589988,0.0639207,0.0710196,0.0782831,0.0865335,0.0977249,0.109711,0.128542,0.149781,0.161126,0.166978
504.18,0.0451198,0.0436758,0.0455197,0.0440419,0.0478832,0.0495647,0.0488401,0.0469904,0.0557302,0.0619373,0.0662337,0.0741854,0.084131,0.100648,0.112046,0.125263,0.147715,0.163704,0.168287
504.643,0.0436824,0.0443628,0.0460685,0.0445843,0.0489017,0.0486101,0.0504411,0.0547403,0.0542819,0.0599837,0.0677349,0.0750664,0.0853695,0.0978302,0.109785,0.125916,0.147099,0.161319,0.166775
505.106,0.0451962,0.0437743,0.0456747,0.0463355,0.0448931,0.0462795,0.0487641,0.0539445,0.0575674,0.0636839,0.0676532,0.0777475,0.0808235,0.0952616,0.112204,0.124017,0.145996,0.166031,0.166734
505.569,0.0424906,0.0438376,0.0445226,0.0431761,0.0463467,0.0458842,0.0476469,0.0495074,0.0526659,0.0561415,0.0653143,0.0702601,0.0795876,0.0928838,0.103044,0.122272,0.142213,0.159795,0.15969
506.032,0.042672,0.0427282,0.0439105,0.0442845,0.0417078,0.0439845,0.0470318,0.0489615,0.0547254,0.0545414,0.0637988,0.0720094,0.0787531,0.0915191,0.105331,0.121155,0.137741,0.158578,0.159287
506.495,0.0456871,0.0486976,0.0471172,0.0466381,0.0463909,0.0511947,0.0474762,0.0549848,0.0528625,0.0629441,0.0673175,0.0749046,0.0825674,0.0960051,0.113505,0.125256,0.139626,0.1678,0.165163
506.958,0.042623,0.0457296,0.0465847,0.0461424,0.0460002,0.0480284,0.0477868,0.0507752,0.0532168,0.065873,0.0688461,0.0764989,0.0859082,0.0924195,0.105893,0.126852,0.147632,0.162428,0.162904
507.42,0.0459866,0.0464902,0.0493815,0.0452779,0.049399,0.0487361,0.0542713,0.0558554,0.0564703,0.0613164,0.0695406,0.0796713,0.0892836,0.0981594,0.109147,0.129312,0.147737,0.166411,0.164543
507.883,0.043292,0.0438493,0.0431302,0.0464281,0.0468561,0.0458015,0.0489638,0.0519033,0.0535162,0.0590408,0.0658337,0.0707431,0.0826287,0.0927111,0.105581,0.125779,0.144314,0.162178,0.161745
508.345,0.0431784,0.0443232,0.0458961,0.0464355,0.047673,0.0489598,0.0525502,0.0534613,0.0568169,0.0592895,0.0686534,0.0742291,0.0857449,0.0981067,0.110703,0.127529,0.14124,0.168847,0.166752
508.808,0.0427961,0.0447438,0.0473115,0.0446019,0.0458668,0.0467871,0.0472561,0.0529774,0.0588005,0.0642726,0.0638177,0.0750981,0.0854182,0.0953343,0.10571,0.124419,0.144331,0.163186,0.167524
509.27,0.0459643,0.0463465,0.0459237,0.045694,0.0470551,0.0484206,0.0489523,0.0546047,0.0580018,0.0610166,0.0673777,0.0785598,0.0831691,0.0957466,0.112864,0.122731,0.147052,0.168196,0.171017
509.732,0.043042,0.0467955,0.047138,0.047347,0.0479436,0.0481825,0.050419,0.0531253,0.055333,0.0599588,0.0652701,0.0762286,0.0809234,0.099833,0.111709,0.122797,0.144161,0.157261,0.167538
510.194,0.0454743,0.0444138,0.0460944,0.0450986,0.0483365,0.0489272,0.0482552,0.0513955,0.0544749,0.0606589,0.0658232,0.0752098,0.0819679,0.0945053,0.110389,0.122079,0.142304,0.16195,0.163208
510.655,0.0422836,0.0418321,0.0452694,0.0432814,0.0457659,0.0482521,0.0460444,0.04971,0.0537236,0.0569408,0.0652275,0.0716328,0.0787202,0.0898485,0.103943,0.117255,0.142078,0.166065,0.159778
511.117,0.0430978,0.0438742,0.0437003,0.0447301,0.0461666,0.0460501,0.0459456,0.0513478,0.0567776,0.0612059,0.0662023,0.0739232,0.0826039,0.094362,0.108391,0.119894,0.145234,0.158283,0.162226
511.579,0.0423548,0.0445142,0.0448896,0.0445922,0.047433,0.0474243,0.0482659,0.0489635,0.0529663,0.060337,0.061215,0.0753364,0.0850979,0.0935133,0.110519,0.123143,0.141267,0.161257,0.163581
512.04,0.0461637,0.04642,0.0485628,0.0459007,0.0475489,0.0498811,0.0509419,0.0542081,0.0580666,0.0668756,0.0696157,0.0785963,0.0856219,0.0955476,0.111877,0.130373,0.148079,0.163997,0.161052
512.501,0.040989,0.0466198,0.0457632,0.0457743,0.0446079,0.0444185,0.0466371,0.0522699,0.0546987,0.0578861,0.0674757,0.0747598,0.0815086,0.0911627,0.104014,0.120054,0.141751,0.163877,0.1614
512.963,0.0476554,0.0420932,0.0450203,0.0451818,0.0456848,0.0510157,0.0475008,0.051461,0.0565218,0.0599317,0.0684,0.0764384,0.0850405,0.0921776,0.111234,0.123757,0.145318,0.167775,0.163591
513.424,0.044182,0.045456,0.0454371,0.050015,0.0488992,0.0488601,0.0465663,0.0499688,0.0563294,0.0659546,0.0681287,0.0750864,0.0843987,0.095267,0.110382,0.1291,0.143888,0.164423,0.16128
513.885,0.0426824,0.0475595,0.0463301,0.0452727,0.0509218,0.0484767,0.0517252,0.0521382,0.0566383,0.0637277,0.0673816,0.077909,0.0857267,0.100238,0.112128,0.122305,0.142372,0.163182,0.164344
514.345,0.0439332,0.0453859,0.0454886,0.0460898,0.0479658,0.0441047,0.0493338,0.0513419,0.0543184,0.0595867,0.0636591,0.0727897,0.0821716,0.0940301,0.107525,0.120539,0.144765,0.158733,0.165109
514.806,0.0446499,0.0439058,0.0469246,0.0474516,0.0468211,0.0495208,0.0475554,0.0531723,0.0568761,0.0596134,0.0705104,0.0763383,0.0855521,0.0989874,0.108867,0.124375,0.143158,0.161759,0.16331
515.267,0.0434701,0.0436918,0.0434385,0.0455637,0.044661,0.047345,0.0472062,0.0488326,0.0535046,0.0579655,0.0651172,0.0718322,0.081536,0.0924837,0.10237,0.120775,0.141563,0.156602,0.160861
515.727,0.0435783,0.0469204,0.0472324,0.0496255,0.0507502,0.0498746,0.0484496,0.053679,0.0590168,0.0626651,0.0689524,0.0785531,0.0884841,0.0977991,0.111553,0.127515,0.144599,0.169759,0.166513
516.188,0.0433697,0.0454134,0.0460839,0.0463678,0.0454907,0.0481604,0.0470023,0.0525278,0.0564112,0.0587901,0.0648755,0.0720965,0.0791313,0.0924535,0.108529,0.124925,0.144927,0.163291,0.159192
516.648,0.0445414,0.0461613,0.0440794,0.0443112,0.0471027,0.0481947,0.0501608,0.0519778,0.0549054,0.0600414,0.0651544,0.0744602,0.0820428,0.0948395,0.109308,0.124021,0.142576,0.163614,0.159666
517.108,0.0429079,0.0444684,0.0437671,0.0438166,0.0488638,0.0464073,0.0492799,0.053798,0.0542794,0.0603168,0.0645765,0.0741487,0.0835059,0.0898669,0.104765,0.121979,0.140686,0.159346,0.158758
517.568,0.0456373,0.0436898,0.0452041,0.0456386,0.049581,0.0470696,0.0510094,0.050733,0.0563917,0.0609576,0.0691285,0.0769468,0.0849481,0.0986188,0.108279,0.121779,0.147697,0.166593,0.166357
518.028,0.0432791,0.0456839,0.0444656,0.0459939,0.0446091,0.0464793,0.0478923,0.0506655,0.0548171,0.060171,0.0653306,0.0754281,0.0819381,0.0949563,0.108903,0.12562,0.144116,0.164653,0.163298
518.488,0.0439736,0.0443173,0.0454312,0.0471417,0.0479116,0.0471023,0.0500265,0.050696,0.0559647,0.0617929,0.0666544,0.0765364,0.0821206,0.0954856,0.106465,0.121185,0.143631,0.165719,0.166036
518.947,0.0466469,0.0440682,0.0480985,0.0487592,0.0498908,0.0490523,0.0533156,0.0533784,0.0573639,0.0621205,0.066939,0.0756849,0.0816219,0.0938793,0.106106,0.12512,0.142087,0.163157,0.163298
519.407,0.0449261,0.0423813,0.043408,0.0459502,0.0465602,0.0493017,0.0500474,0.0520045,0.0533947,0.0613524,0.0623419,0.0766238,0.0853176,0.0949808,0.105421,0.125731,0.142072,0.160056,0.166358
519.866,0.0446928,0.0452788,0.0436544,0.0462753,0.045869,0.047877,0.0496445,0.0533801,0.052604,0.0602509,0.0653511,0.0744143,0.0811323,0.0927637,0.111859,0.122351,0.146352,0.164314,0.160075
520.326,0.0427663,0.0435433,0.042976,0.0447388,0.0450099,0.0422598,0.0480774,0.052018,0.0527737,0.0604201,0.0640081,0.0738388,0.0842027,0.0946336,0.103743,0.123146,0.14188,0.164719,0.161762
520.785,0.0425153,0.0440166,0.0444196,0.041658,0.0419373,0.0446866,0.0458482,0.0515055,0.0499808,0.0553602,0.063558,0.0700765,0.0811635,0.0875462,0.101236,0.119955,0.134016,0.15728,0.161279
521.244,0.0444748,0.0438092,0.0459117,0.0454015,0.0456291,0.0476628,0.0480832,0.0525352,0.0547253,0.0569558,0.0665014,0.0725059,0.0820669,0.0942242,0.105989,0.124298,0.143904,0.161187,0.160498
521.703,0.0442965,0.0430429,0.0422437,0.0448931,0.0445259,0.0477484,0.0484781,0.0536353,0.0514801,0.0568194,0.0645093,0.0694938,0.0788329,0.0931004,0.104914,0.122485,0.142262,0.164503,0.162675
522.162,0.0443038,0.044864,0.0446514,0.0477482,0.0480224,0.0473311,0.0482326,0.0536287,0.0552267,0.0601121,0.06661,0.0738198,0.0810766,0.0948571,0.108922,0.125151,0.142171,0.162485,0.162388
522.621,0.0404982,0.0433077,0.045622,0.0463734,0.0457655,0.0463523,0.0492649,0.0500968,0.0544323,0.0615864,0.0656599,0.0748572,0.0834528,0.094099,0.108259,0.124861,0.146741,0.161067,0.161062
523.079,0.0458674,0.0438204,0.0433624,0.0448843,0.0448989,0.0456718,0.0490607,0.0531871,0.0567396,0.0594776,0.0643753,0.0722563,0.0841037,0.0894823,0.106795,0.124744,0.140906,0.161125,0.162862
523.538,0.0431573,0.0432271,0.0437289,0.0432351,0.0448322,0.0443028,0.0440208,0.0499502,0.0543474,0.0565124,0.0639956,0.0726923,0.0789197,0.0893534,0.103779,0.120258,0.13969,0.156856,0.15859
523.996,0.0431406,0.0408933,0.0422892,0.0433915,0.0476615,0.0437921,0.0469869,0.0506285,0.0507676,0.0585522,0.0658621,0.073206,0.0825158,0.0911629,0.103861,0.120514,0.141789,0.16077,0.158898
524.455,0.0431188,0.0481789,0.0443671,0.0456557,0.0478448,0.0476018,0.0507202,0.054136,0.055457,0.0599028,0.0681248,0.0717728,0.0806377,0.092369,0.106923,0.124162,0.144022,0.162494,0.164152
524.913,0.0419227,0.0439202,0.0461523,0.0460893,0.0464279,0.0478396,0.0507005,0.0544993,0.0549984,0.0605385,0.069187,0.0726199,0.083173,0.0948723,0.106753,0.121166,0.142323,0.166044,0.160424
525.371,0.0422694,0.0432228,0.0422313,0.044213,0.0452887,0.0443304,0.0465732,0.0490909,0.0550338,0.05894,0.0647019,0.0733762,0.0783679,0.0954497,0.104872,0.121983,0.139783,0.1613,0.162136
525.829,0.0398923,0.0406889,0.0437921,0.0414821,0.0454612,0.0413213,0.0470262,0.0471915,0.054737,0.0552098,0.0636101,0.0728831,0.0806868,0.0942798,0.103279,0.120312,0.136626,0.160992,0.163056
526.286,0.0442704,0.047033,0.0463674,0.0470825,0.0478908,0.0460661,0.0487617,0.0500285,0.057237,0.0600371,0.0647506,0.074185,0.0847111,0.0943371,0.108401,0.123711,0.14252,0.161324,0.163872
526.744,0.0446389,0.0439377,0.0446321,0.0475189,0.0483271,0.047215,0.0500814,0.0539108,0.055479,0.0598785,0.0665403,0.0754167,0.0863246,0.0950865,0.109538,0.122401,0.141414,0.167896,0.163524
527.202,0.0429435,0.044563,0.0439635,0.0446107,0.0460877,0.0474968,0.0482263,0.0501743,0.0529645,0.0584851,0.0662554,0.0754812,0.081302,0.0917827,0.10586,0.125264,0.138351,0.158006,0.159564
527.659,0.0413317,0.0429515,0.0452364,0.0454087,0.0463554,0.0462718,0.0474051,0.052629,0.0552266,0.061847,0.0652254,0.0751823,0.0805237,0.0908813,0.10629,0.123498,0.14304,0.160254,0.162409
528.117,0.0418491,0.0430125,0.0447959,0.0499068,0.0464569,0.0474394,0.048581,0.0488925,0.0540655,0.0567227,0.0664365,0.0710222,0.081294,0.0923679,0.104725,0.120719,0.14008,0.159312,0.161639
528.574,0.0410152,0.0421625,0.0420225,0.0431112,0.0441397,0.044112,0.0468111,0.0476767,0.0545778,0.0576065,0.0625853,0.0724656,0.0801584,0.0912529,0.104441,0.123333,0.137211,0.161374,0.159258
529.031,0.0431172,0.0419527,0.044048,0.0464581,0.0436092,0.0459743,0.0477635,0.0494955,0.0530452,0.0598067,0.0634714,0.0719016,0.0819568,0.094149,0.106599,0.120273,0.138541,0.160251,0.161119
529.488,0.0423204,0.0439028,0.0455117,0.0448615,0.0461258,0.0468939,0.0486264,0.0505205,0.0555654,0.0601125,0.0647803,0.0714223,0.0824587,0.094734,0.10574,0.12146,0.142277,0.159422,0.161069
529.945,0.0435683,0.0436632,0.0443945,0.0460207,0.046162,0.0463494,0.0509066,0.0514943,0.0548181,0.0588339,0.0665165,0.0740694,0.0826998,0.0936003,0.105149,0.12394,0.141588,0.15806,0.160319
530.402,0.0432311,0.0433812,0.0446126,0.0456561,0.0477126,0.0456997,0.0488951,0.0503175,0.052747,0.0577682,0.0657568,0.0725634,0.0795218,0.0896247,0.106069,0.12591,0.143274,0.160949,0.163811
530.858,0.0424924,0.0444603,0.0477617,0.0451715,0.0466054,0.0461646,0.0486988,0.0512303,0.0571366,0.0602276,0.065278,0.0725725,0.0849662,0.0931759,0.107574,0.121243,0.143725,0.163817,0.16113
531.315,0.0417707,0.0447408,0.0440271,0.0447876,0.0441337,0.0460704,0.0474592,0.0511858,0.0535896,0.059635,0.0657976,0.0728794,0.0814192,0.0912033,0.105104,0.120411,0.140441,0.157872,0.162542
531.771,0.0443261,0.0435418,0.0464678,0.0459944,0.0481461,0.0463175,0.0492073,0.0491092,0.0560323,0.0619533,0.0646069,0.073413,0.0821823,0.0950599,0.104862,0.119822,0.142619,0.16432,0.165567
532.227,0.0445443,0.0467727,0.0450749,0.0459539,0.0488018,0.0512525,0.0511069,0.0535969,0.0558474,0.0608641,0.0654512,0.07534,0.0832335,0.0936836,0.111192,0.122804,0.142314,0.163123,0.165944
532.684,0.0458704,0.0454021,0.045191,0.0462286,0.0489327,0.0459484,0.0504434,0.0528758,0.0559267,0.0587958,0.0666139,0.073819,0.0836215,0.0925508,0.105105,0.12317,0.14372,0.158148,0.161326
533.14,0.0429576,0.0446883,0.0433578,0.0447996,0.0476508,0.0450122,0.0485464,0.0549342,0.0536724,0.0605454,0.0663275,0.0737482,0.0810844,0.0944139,0.107336,0.124341,0.139765,0.159484,0.15795
533.596,0.0444717,0.0423515,0.0409532,0.0450734,0.0456024,0.0482902,0.0482463,0.0495262,0.0503624,0.0581851,0.0663196,0.0696551,0.0792713,0.0916088,0.106424,0.120724,0.141272,0.159791,0.160899
534.051,0.0411906,0.040725,0.0442552,0.0457319,0.0437544,0.0446012,0.0477147,0.0500211,0.0525345,0.0588854,0.0687082,0.0713335,0.0838534,0.0959806,0.107318,0.119357,0.140867,0.160347,0.158734
534.507,0.0414475,0.0434127,0.0452146,0.0443767,0.0450406,0.0482854,0.0459028,0.0481793,0.0532912,0.0580869,0.0655327,0.0701895,0.0800885,0.0888156,0.106069,0.123686,0.142421,0.15933,0.159845
534.963,0.0397548,0.0430798,0.047363,0.0447176,0.0455539,0.0481288,0.0481791,0.0525005,0.0550223,0.0595248,0.0625425,0.0723341,0.0828771,0.0930163,0.105117,0.124466,0.139412,0.159271,0.159702
535.418,0.0415996,0.0428537,0.0442959,0.0445561,0.0435966,0.0455345,0.0478569,0.0499724,0.0529359,0.0583986,0.0659922,0.0706072,0.0846804,0.0938984,0.105115,0.123916,0.139563,0.160669,0.163882
535.873,0.0412138,0.0444295,0.0427588,0.042948,0.0442982,0.0462151,0.0476331,0.0522696,0.0522222,0.057009,0.0660757,0.0714588,0.0811472,0.0897744,0.105726,0.120218,0.140751,0.157637,0.162244
536.329,0.0442297,0.0445971,0.0438832,0.0440954,0.0433848,0.0493655,0.0480135,0.0490008,0.0550224,0.0589023,0.0653468,0.0731947,0.0810918,0.0928463,0.105297,0.121903,0.144008,0.16321,0.159127
536.784,0.0427408,0.0427059,0.0420172,0.0441492,0.045655,0.0467949,0.0482985,0.0478422,0.0542608,0.0592619,0.0656231,0.0727945,0.0800162,0.0937941,0.106757,0.120994,0.141515,0.158106,0.161016
537.239,0.0426952,0.0449108,0.0454323,0.0462665,0.0462107,0.0460373,0.0490493,0.0508913,0.053865,0.0574744,0.0666169,0.0732141,0.0816904,0.0925367,0.104632,0.12431,0.142245,0.167336,0.164461
537.694,0.0401276,0.0429158,0.0427705,0.0450401,0.0442097,0.0460264,0.0456648,0.0498029,0.051951,0.0580814,0.0648794,0.0714429,0.0802503,0.0874889,0.102914,0.122478,0.141839,0.159329,0.159213
538.148,0.0435187,0.0425142,0.0454733,0.0459856,0.0465727,0.0481267,0.048536,0.0521501,0.0539876,0.0584758,0.0646989,0.0727507,0.0821137,0.0930579,0.105371,0.12359,0.143273,0.158843,0.161971
538.603,0.0435462,0.0414391,0.0439649,0.0420813,0.0450938,0.0461909,0.0475993,0.0492893,0.0547925,0.0551876,0.062831,0.0733715,0.0806892,0.0918383,0.103109,0.121478,0.142509,0.160427,0.15987
539.058,0.0419737,0.0430465,0.0442395,0.0451142,0.0468624,0.0442322,0.0448834,0.0517116,0.0535282,0.0574817,0.0639786,0.0738594,0.0825683,0.0930226,0.106585,0.123968,0.143307,0.162721,0.160597
539.512,0.0409687,0.0429513,0.0441081,0.0440639,0.0467691,0.044443,0.0470472,0.0500498,0.0532319,0.0590569,0.064065,0.0709288,0.0796726,0.0879196,0.104876,0.120101,0.138778,0.159004,0.160463
539.966,0.0440984,0.043743,0.0447718,0.0450239,0.0461846,0.0481116,0.0499441,0.0511528,0.0520898,0.0567712,0.065252,0.0753828,0.0841515,0.0900221,0.105203,0.121656,0.142067,0.158862,0.164027
540.421,0.0418799,0.0426321,0.0450016,0.0437638,0.0461747,0.045748,0.04897,0.0518269,0.0547693,0.0605293,0.0659823,0.0743921,0.0820508,0.0901026,0.10685,0.124515,0.14182,0.160811,0.159386
540.875,0.0406285,0.044347,0.0442483,0.0440463,0.0466349,0.0443527,0.0494566,0.0499762,0.0551959,0.0593119,0.066726,0.0736092,0.0813083,0.0929303,0.104702,0.123016,0.141969,0.160003,0.166161
541.329,0.0429318,0.0435735,0.0444983,0.0461549,0.047097,0.0484718,0.0500218,0.0515852,0.0548034,0.0583019,0.0668652,0.0734801,0.0820395,0.0938131,0.106733,0.119755,0.139436,0.158211,0.162117
541.782,0.0426554,0.0446134,0.0465666,0.0459008,0.0471136,0.0478275,0.046494,0.0517527,0.0539902,0.0601789,0.067053,0.0744644,0.0791944,0.0929715,0.108622,0.121326,0.143232,0.158952,0.168396
542.236,0.0404516,0.0431896,0.043911,0.0420359,0.0425454,0.0451529,0.0465748,0.0494761,0.0502267,0.057139,0.0629031,0.0709591,0.0773857,0.090486,0.104406,0.118686,0.137963,0.154572,0.157525
542.69,0.0425343,0.0454019,0.0462404,0.0419343,0.0449641,0.045686,0.0484381,0.049702,0.051074,0.0583607,0.0654092,0.0732126,0.0810363,0.0914222,0.106887,0.117185,0.135651,0.159114,0.162868
543.143,0.0419336,0.0423609,0.0427877,0.0435694,0.0459014,0.0459293,0.0474523,0.0488382,0.0535816,0.056969,0.0652598,0.0728759,0.077485,0.0876948,0.102757,0.119562,0.141816,0.157038,0.160372
543.597,0.0436997,0.0416782,0.0442619,0.0435753,0.0456671,0.0488133,0.0487484,0.0504882,0.0529748,0.0586203,0.065207,0.0712388,0.0819303,0.0904275,0.104494,0.118319,0.139716,0.160573,0.157857
544.05,0.0428581,0.0423867,0.0453148,0.0450547,0.0444895,0.0467828,0.0530556,0.0518711,0.0544948,0.0572418,0.0628258,0.0753424,0.0817309,0.0945313,0.105808,0.120136,0.138534,0.162599,0.157573
544.503,0.0414808,0.0441727,0.0440021,0.0449487,0.0474176,0.0444733,0.0458162,0.0486142,0.0516382,0.0586103,0.0640776,0.0688279,0.0802121,0.0910751,0.103486,0.118754,0.138094,0.16097,0.155643
544.956,0.0427862,0.0435555,0.0438844,0.0441869,0.0458902,0.0456921,0.0477952,0.0490697,0.0496152,0.0579862,0.0632874,0.073508,0.077266,0.0935599,0.10431,0.12133,0.139868,0.157624,0.159203
545.409,0.0400189,0.0421834,0.0415996,0.0440133,0.0437685,0.0427582,0.0437787,0.0498392,0.0527914,0.0558052,0.0619098,0.0689353,0.0794833,0.0915876,0.105593,0.11873,0.138172,0.159455,0.158701
545.862,0.0392438,0.0391628,0.041708,0.041393,0.0437774,0.0444566,0.0456154,0.0468387,0.0516769,0.055596,0.0625921,0.0695365,0.0802774,0.0886037,0.101961,0.119849,0.139615,0.160258,0.155401
546.314,0.0427527,0.0426805,0.0430202,0.0453005,0.0458482,0.0459511,0.0484724,0.0528975,0.0550009,0.0579522,0.0620874,0.0727525,0.0831516,0.0946106,0.107044,0.123443,0.140978,0.162801,0.160044
546.767,0.0415466,0.0431805,0.0437608,0.0437682,0.044738,0.0446007,0.046195,0.0497411,0.0553847,0.0588916,0.0619516,0.0703577,0.0807164,0.089922,0.104978,0.119707,0.140719,0.155614,0.157188
547.219,0.0436678,0.0449427,0.0440587,0.044152,0.0457407,0.0437277,0.0490285,0.0518147,0.0540973,0.0580249,0.0613008,0.0725998,0.0824877,0.0907259,0.104577,0.120072,0.14263,0.158321,0.160043
547.672,0.0395965,0.0433515,0.0416138,0.0427232,0.0444779,0.0448227,0.045392,0.0495946,0.0499481,0.0575641,0.0634764,0.0698603,0.0769608,0.0893769,0.101876,0.117467,0.137746,0.157014,0.154376
548.124,0.0414474,0.0429707,0.0444453,0.0427455,0.044013,0.0450191,0.0462095,0.048234,0.0507772,0.0557971,0.0647435,0.0706969,0.0797975,0.0889908,0.102446,0.120679,0.141689,0.159514,0.153223
548.576,0.0426584,0.0445524,0.0449818,0.0424159,0.0440797,0.0461436,0.0487003,0.0489665,0.054414,0.0596083,0.0654232,0.0736157,0.0827374,0.0918674,0.104459,0.121382,0.143035,0.157545,0.162171
549.028,0.0414188,0.0419959,0.0416741,0.0423308,0.0450138,0.0444743,0.0478104,0.0506853,0.0534504,0.0589765,0.0653376,0.070214,0.0812509,0.0915391,0.106538,0.121426,0.140754,0.160235,0.161946
549.48,0.0409953,0.0413035,0.0409042,0.0413225,0.0428645,0.0439965,0.0467452,0.0495743,0.052969,0.0578463,0.0646006,0.0715514,0.0767919,0.0883883,0.103781,0.121066,0.139614,0.161402,0.156212
549.931,0.0392456,0.0409509,0.0388885,0.0439182,0.0425472,0.0417201,0.0437254,0.0497415,0.0512096,0.054455,0.0617844,0.0683488,0.0775826,0.0876751,0.106036,0.121363,0.1386,0.154323,0.155691
550.383,0.0405716,0.0411232,0.045459,0.0434604,0.0435807,0.0459792,0.048226,0.0492323,0.0536912,0.0593255,0.0652852,0.0681909,0.0778067,0.0930781,0.10419,0.12236,0.137104,0.159207,0.156882
550.834,0.0432223,0.0465092,0.0457588,0.0426383,0.0439117,0.0461316,0.0484022,0.0502505,0.0533427,0.0594807,0.0637844,0.0752137,0.0817999,0.0918659,0.108079,0.123297,0.141018,0.162585,0.162854
551.286,0.0428959,0.0438084,0.0441947,0.0440353,0.045408,0.0468575,0.0490513,0.051046,0.0561579,0.0582498,0.063972,0.0734445,0.0829619,0.09385,0.107203,0.120002,0.140027,0.160537,0.158814
551.737,0.0413773,0.0424453,0.0447652,0.0421932,0.0445637,0.0455324,0.0494119,0.0474138,0.0557141,0.0598691,0.0613613,0.0710473,0.081516,0.091567,0.10515,0.121121,0.138644,0.156437,0.158502
552.188,0.0453332,0.0437286,0.0450001,0.0475718,0.0452219,0.0470866,0.0483301,0.0500449,0.054797,0.0577735,0.0663017,0.0732867,0.0817478,0.095223,0.105936,0.121938,0.13767,0.159961,0.160858
552.639,0.042237,0.0443656,0.0446031,0.0456619,0.0474697,0.0454041,0.047522,0.0483607,0.0536263,0.057869,0.0637141,0.0716163,0.0783798,0.0911483,0.103456,0.119124,0.138651,0.155617,0.158934
553.09,0.04205,0.0422838,0.0440228,0.0460083,0.0468524,0.0480485,0.0479189,0.0488487,0.0539212,0.0569726,0.0652264,0.0741592,0.0806227,0.0935181,0.105131,0.122952,0.137754,0.159487,0.160444
553.541,0.0406348,0.0412878,0.0425585,0.0436234,0.0431089,0.0451543,0.0437006,0.0488484,0.0521706,0.0589518,0.0625578,0.0693323,0.0763857,0.0889041,0.101977,0.118073,0.139713,0.158709,0.15338
553.992,0.0409248,0.0401719,0.0393712,0.0428975,0.0434688,0.0419145,0.0451386,0.0467323,0.0518443,0.0552859,0.061625,0.0716486,0.0791097,0.0900096,0.100736,0.117451,0.139025,0.157466,0.153699
554.442,0.0398018,0.043771,0.0442386,0.0453249,0.0444665,0.0444681,0.0460772,0.0515467,0.0528776,0.0588743,0.0652608,0.0726176,0.0793015,0.0925188,0.102703,0.121042,0.137155,0.161465,0.162456
554.893,0.0444769,0.0425462,0.0448884,0.0456947,0.045865,0.0450643,0.0477771,0.0493579,0.0534923,0.0616143,0.064854,0.0719764,0.0813839,0.0919504,0.105449,0.122372,0.13874,0.162072,0.160011
555.343,0.0416385,0.0413968,0.0400706,0.0432967,0.0441242,0.0468207,0.0473215,0.0494727,0.0522475,0.0567348,0.0605413,0.0699055,0.0808136,0.0890053,0.102467,0.120027,0.140519,0.156426,0.155284
555.793,0.0397853,0.0398685,0.0403235,0.04233,0.0447372,0.0435153,0.0472322,0.048235,0.0491188,0.0572157,0.0630308,0.0665577,0.0762862,0.089431,0.100304,0.119594,0.135056,0.154535,0.15426
556.243,0.0435619,0.0435079,0.0450668,0.0466453,0.0486002,0.0466676,0.0489132,0.0521093,0.0537485,0.0616863,0.0655704,0.0732538,0.0794632,0.0928915,0.108217,0.122216,0.143889,0.164876,0.161908
556.693,0.0404907,0.0438119,0.0436299,0.0433255,0.0458251,0.045339,0.0476185,0.047867,0.0538259,0.0570724,0.0645731,0.0705404,0.0789256,0.0912132,0.106496,0.118584,0.137571,0.156514,0.157428
557.143,0.0423715,0.0445438,0.0448834,0.0447027,0.0451946,0.046499,0.0471798,0.0512071,0.0542217,0.0593605,0.0665007,0.0720108,0.0795107,0.0901399,0.105046,0.118644,0.141246,0.159861,0.15801
557.593,0.0415303,0.0409915,0.0426473,0.042147,0.0406911,0.044152,0.0471703,0.0498283,0.0511138,0.0597989,0.0626848,0.0701379,0.079431,0.0903074,0.103496,0.119605,0.140858,0.157914,0.157402
558.042,0.0423483,0.0456012,0.0440268,0.0470349,0.0447336,0.0472354,0.0455988,0.049614,0.0548583,0.0584529,0.0631891,0.0726604,0.0812311,0.0907685,0.105902,0.123575,0.143612,0.164383,0.159616
558.492,0.0424241,0.0434295,0.0457848,0.045612,0.0441588,0.0453571,0.046899,0.0498179,0.0541944,0.0580817,0.0636708,0.0690821,0.0812046,0.090727,0.105049,0.120311,0.138183,0.160021,0.157947
558.941,0.0403271,0.041917,0.0433276,0.0434479,0.0420971,0.0469377,0.0464351,0.0498255,0.0534997,0.0563643,0.062453,0.072457,0.0789946,0.0917489,0.100327,0.120303,0.139404,0.15589,0.159135
559.39,0.0393901,0.0411777,0.0435627,0.0425238,0.045865,0.0446792,0.0471324,0.0477979,0.0525766,0.055848,0.0624561,0.0694693,0.0794703,0.090131,0.102718,0.118088,0.141746,0.154744,0.159529
559.839,0.0447689,0.0429489,0.0441084,0.0448741,0.0464619,0.0462021,0.0459284,0.0498276,0.0520625,0.0572494,0.0626663,0.0716581,0.0809852,0.0896106,0.104183,0.118151,0.140301,0.158021,0.159944
560.288,0.0395052,0.0405158,0.0424086,0.0427186,0.0425921,0.0440468,0.0465819,0.0484095,0.0500812,0.0549228,0.0620619,0.0691903,0.0782829,0.0904157,0.104049,0.118212,0.138175,0.158905,0.157648
560.737,0.0430181,0.0459449,0.0437797,0.0447567,0.0468785,0.0479949,0.0495496,0.0528147,0.0536087,0.0608775,0.0648661,0.0733472,0.0807872,0.0933667,0.107198,0.124274,0.140666,0.158488,0.162693
561.186,0.0410845,0.0438255,0.0436455,0.0461478,0.0452222,0.0456342,0.0474034,0.0512454,0.0508887,0.0566603,0.0635848,0.071424,0.0816613,0.0937116,0.104525,0.122189,0.140121,0.160972,0.162072
561.635,0.0406113,0.0428778,0.0427536,0.0435374,0.0434098,0.0453291,0.0464927,0.0477866,0.0545303,0.0573965,0.0641831,0.0711061,0.0799441,0.0900854,0.103712,0.121819,0.136376,0.159529,0.160918
562.083,0.0427521,0.0421557,0.0431379,0.0433895,0.0427719,0.0444078,0.0465447,0.0502436,0.0542066,0.056721,0.0610153,0.0710771,0.0789243,0.0897906,0.104896,0.120776,0.139336,0.159082,0.161054
562.532,0.0388603,0.041867,0.0436271,0.0423245,0.0441114,0.0428161,0.0453165,0.0482539,0.0500633,0.0559964,0.0602471,0.0704626,0.0780774,0.0862013,0.102433,0.117554,0.136133,0.156267,0.156526
562.98,0.0412656,0.0415719,0.0429576,0.0431352,0.0415937,0.0469308,0.0467566,0.0475754,0.0521024,0.0545174,0.0610016,0.0698867,0.0772607,0.0875862,0.103101,0.118872,0.137777,0.158729,0.159311
563.428,0.041564,0.0444786,0.0433595,0.0428305,0.042865,0.044424,0.044613,0.0483057,0.0514848,0.0549241,0.0629955,0.0714758,0.0791376,0.089631,0.102578,0.115944,0.13643,0.156421,0.155595
563.876,0.0419149,0.0439345,0.0426713,0.0434979,0.0437361,0.0445659,0.0478657,0.0480535,0.0501413,0.0570062,0.0623332,0.0699469,0.0786738,0.0895572,0.102585,0.119515,0.139141,0.152992,0.15768
564.324,0.0381538,0.0409034,0.0409042,0.0415999,0.0434873,0.0460409,0.0452163,0.0479088,0.0516115,0.0563968,0.0624161,0.0690303,0.0783334,0.0884164,0.102844,0.117982,0.135358,0.155485,0.154566
564.772,0.0426334,0.0427325,0.0431104,0.0448641,0.0460754,0.0462559,0.0470506,0.0505144,0.0524167,0.0575111,0.0647709,0.0713732,0.0810615,0.0926038,0.10533,0.122325,0.141698,0.156371,0.163422
565.22,0.0392746,0.0414332,0.0424904,0.0416694,0.0439924,0.0429252,0.045884,0.049182,0.0518341,0.0574508,0.0601606,0.0689431,0.077097,0.0874422,0.102365,0.120061,0.135634,0.158745,0.152991
565.667,0.0420598,0.042409,0.0431655,0.0416795,0.0446521,0.0448138,0.0471403,0.0485351,0.0531045,0.0577589,0.0648979,0.0720976,0.0832639,0.0907528,0.103616,0.117774,0.139265,0.156685,0.159059
566.115,0.0427911,0.0437669,0.0441133,0.0455313,0.0459582,0.0444553,0.047921,0.0506365,0.0539435,0.0583474,0.0646465,0.0711198,0.0800935,0.0925013,0.105247,0.123553,0.141988,0.159841,0.16134
566.562,0.0413795,0.0429579,0.0449901,0.0452188,0.0457743,0.0475659,0.0465834,0.0522515,0.0544969,0.0590413,0.0642294,0.0726154,0.0819352,0.0907094,0.104365,0.121211,0.140018,0.15941,0.159563
567.01,0.0416756,0.0405482,0.0434488,0.0434965,0.0445251,0.0465315,0.0485933,0.048937,0.052794,0.055442,0.0634175,0.0707994,0.0788114,0.0931221,0.102415,0.122153,0.140585,0.157702,0.159909
567.457,0.0417668,0.0433331,0.0417039,0.0450407,0.0448949,0.0446429,0.0454728,0.0489031,0.0496336,0.0580138,0.0644829,0.0722754,0.0802627,0.0915069,0.103279,0.119495,0.139198,0.1586,0.159798
567.904,0.0396455,0.0422763,0.0439295,0.0427989,0.0414288,0.042633,0.046068,0.0482423,0.0499437,0.0564107,0.0620672,0.0701801,0.0790752,0.0889192,0.100302,0.117435,0.140262,0.157667,0.158335
568.351,0.0390664,0.0425832,0.0426839,0.0440321,0.0425346,0.0449187,0.0456514,0.0495527,0.0509379,0.0578606,0.0634377,0.0713909,0.0787297,0.0876199,0.104062,0.119071,0.138915,0.156434,0.156643
568.797,0.0423333,0.0429931,0.0439084,0.0452298,0.0438977,0.0451243,0.0480006,0.0491505,0.0532114,0.0565133,0.062907,0.070424,0.0808539,0.0904632,0.10284,0.119387,0.13821,0.157084,0.160546
569.244,0.04218,0.0430608,0.0435557,0.0456375,0.0449477,0.047577,0.0478549,0.0522359,0.0537982,0.0570612,0.0625081,0.070754,0.0797158,0.0913011,0.104578,0.121097,0.139806,0.161592,0.160346
569.691,0.0391573,0.0428259,0.0438849,0.0438393,0.0446696,0.0444362,0.0449619,0.0499528,0.0519986,0.0573086,0.0607573,0.0700093,0.0785758,0.0899852,0.101032,0.119472,0.140562,0.155752,0.160444
570.137,0.0388059,0.0417827,0.0416162,0.0425974,0.0430992,0.0427483,0.0460931,0.0477922,0.0524148,0.057905,0.0611943,0.0661716,0.0771857,0.0878393,0.102399,0.11922,0.136539,0.153028,0.15607
570.583,0.0407027,0.0427406,0.042867,0.0439695,0.04663,0.0448095,0.0463531,0.0494962,0.0522356,0.0580253,0.0639728,0.0708404,0.0791115,0.0901479,0.104292,0.120515,0.138101,0.155516,0.15961
571.03,0.0401468,0.0426131,0.0440087,0.0432059,0.0458229,0.0446563,0.0454367,0.0488076,0.0509845,0.0559518,0.0634594,0.0704074,0.0789772,0.0920992,0.103099,0.118782,0.137636,0.155562,0.160892
571.476,0.0406766,0.0427998,0.0429996,0.0434506,0.0421234,0.0465744,0.0486288,0.047724,0.052645,0.0562543,0.0641579,0.071675,0.0804923,0.0920521,0.105637,0.121556,0.139736,0.161029,0.160241
571.922,0.0428415,0.0448805,0.0446438,0.0442379,0.044384,0.0463499,0.0486296,0.0492172,0.0548512,0.0578681,0.0637836,0.0719615,0.079368,0.0920554,0.10285,0.125642,0.140073,0.159542,0.160552
572.367,0.0381076,0.0411567,0.0424601,0.0423969,0.0432424,0.0443072,0.0459283,0.0458095,0.0518614,0.0562552,0.0629127,0.0706933,0.0794211,0.0908649,0.103434,0.117629,0.136857,0.156237,0.160455
572.813,0.0412928,0.0417968,0.042393,0.0453486,0.0430094,0.0460077,0.046735,0.0485513,0.0531323,0.0562653,0.064166,0.068573,0.0806227,0.0914546,0.103775,0.119285,0.138999,0.158612,0.160298
573.259,0.0385963,0.0406468,0.0432229,0.0416473,0.0443643,0.044741,0.0442653,0.0455679,0.0508963,0.051954,0.0622883,0.070732,0.0802955,0.0875848,0.100078,0.119,0.137193,0.156321,0.160218
573.704,0.0382048,0.0427526,0.0412484,0.0414718,0.0431136,0.0423269,0.0466668,0.0483544,0.052687,0.0571547,0.0607736,0.0681299,0.0804327,0.0885308,0.104082,0.121134,0.140154,0.156591,0.162094
574.15,0.0394389,0.041258,0.0428586,0.04461,0.0430071,0.0455804,0.0471243,0.0491324,0.0524428,0.0568291,0.0639206,0.0716944,0.0767512,0.0922607,0.103088,0.121086,0.1379,0.155831,0.15631
574.595,0.040099,0.0419162,0.044369,0.0428183,0.0439213,0.0430507,0.0464709,0.0504137,0.0521734,0.057318,0.0619911,0.0709952,0.0803635,0.0898293,0.105368,0.120356,0.142217,0.157626,0.162131
575.04,0.0409091,0.0407975,0.0418031,0.0403127,0.0431958,0.0429813,0.0452572,0.0459249,0.0516205,0.0540764,0.0641624,0.070202,0.079702,0.091557,0.102272,0.121308,0.136834,0.152504,0.158229
575.485,0.0410721,0.0437229,0.0423416,0.0425007,0.0436639,0.0434605,0.04415,0.0492096,0.0506205,0.0567885,0.062259,0.0701042,0.0776494,0.0898075,0.102605,0.117518,0.138568,0.157437,0.159523
575.93,0.0387247,0.0412519,0.0428684,0.0403158,0.0422471,0.0431061,0.0446962,0.0478125,0.0497928,0.056778,0.0607674,0.0694899,0.0755789,0.0877393,0.100944,0.116169,0.136151,0.154718,0.157242
576.375,0.0402978,0.0423239,0.0407803,0.041994,0.0426013,0.0433516,0.0474915,0.0483566,0.0501825,0.0573389,0.0628511,0.0678123,0.0764589,0.0888295,0.103077,0.117522,0.135535,0.156375,0.158542
576.819,0.0408129,0.0408327,0.0419443,0.0433793,0.0451495,0.0461508,0.0470867,0.0491211,0.0512723,0.0557927,0.0640108,0.0703731,0.0787183,0.0903457,0.104955,0.117936,0.138861,0.158512,0.157917
577.264,0.041223,0.0422597,0.0416027,0.0426298,0.0436183,0.0450273,0.0462027,0.0469435,0.0523692,0.0553176,0.0630457,0.0725584,0.0795019,0.0894127,0.103112,0.120274,0.135268,0.157753,0.156235
577.708,0.042281,0.0424444,0.0426506,0.0454054,0.0424324,0.0446484,0.0435871,0.0491664,0.0519508,0.0569866,0.0602828,0.0687203,0.0797045,0.0903708,0.10304,0.119211,0.135624,0.159361,0.158446
578.153,0.0436155,0.0434615,0.0436924,0.0431065,0.0457321,0.0487026,0.0467199,0.0483811,0.0517232,0.0569788,0.0631908,0.0719186,0.0808906,0.0912681,0.101713,0.118655,0.13738,0.158768,0.155526
578.597,0.04011,0.0406621,0.0431608,0.0437411,0.0439348,0.0453327,0.0466204,0.0485083,0.0525616,0.0579727,0.0625483,0.0721458,0.0776677,0.091491,0.107086,0.118943,0.138956,0.162601,0.156043
579.041,0.0416568,0.0419762,0.0453715,0.045439,0.0431601,0.0452168,0.047741,0.048024,0.052552,0.0593237,0.0605448,0.0724853,0.0789286,0.09084,0.104471,0.119656,0.138376,0.158825,0.16039
579.485,0.0394855,0.0406789,0.0402304,0.0451959,0.0446142,0.0462288,0.0458587,0.0479597,0.0520321,0.056197,0.0626144,0.0699549,0.0765755,0.0895386,0.102499,0.117605,0.139759,0.159643,0.15922
579.929,0.0414427,0.0417848,0.0425842,0.0417776,0.0460629,0.044478,0.0469182,0.0487537,0.0539513,0.0577383,0.0646976,0.0722959,0.0807017,0.0918267,0.104652,0.122957,0.142712,0.15925,0.163416
580.372,0.041761,0.0433987,0.0438116,0.0436824,0.0448575,0.0457831,0.0469127,0.0486684,0.0524035,0.0546951,0.0647986,0.0733051,0.0800247,0.0919683,0.107205,0.1214,0.138326,0.156414,0.158429
580.816,0.0426284,0.0420044,0.0441947,0.0436923,0.0427131,0.0451526,0.0446966,0.0487523,0.0523535,0.0573021,0.0639348,0.0695541,0.0806326,0.0909294,0.105895,0.121407,0.141096,0.161237,0.160782
581.259,0.0410028,0.0400129,0.0410157,0.0414001,0.0422555,0.0447282,0.0449394,0.0486929,0.0499119,0.0555713,0.0605501,0.0691707,0.0791854,0.0887743,0.101354,0.116779,0.137977,0.154671,0.159267
581.703,0.0406044,0.0431553,0.0443607,0.0438767,0.0438551,0.0459451,0.0472013,0.0491209,0.0509773,0.0576578,0.0619018,0.0700203,0.0793334,0.0919449,0.103224,0.116822,0.1408,0.158888,0.159045
582.146,0.0408325,0.0409487,0.0417789,0.0422134,0.0437697,0.0451447,0.0467287,0.0475432,0.0517502,0.0541971,0.0611764,0.0703314,0.0793545,0.0920697,0.103207,0.118979,0.139131,0.157237,0.159823
582.589,0.0418119,0.0417815,0.0429065,0.0461837,0.0455645,0.046016,0.0452878,0.0500827,0.0518336,0.0580903,0.0634964,0.0745541,0.0779876,0.091212,0.105296,0.12146,0.139786,0.157636,0.159953
583.032,0.0407417,0.0437472,0.0465547,0.0429097,0.0446385,0.0475193,0.0473096,0.0499381,0.0535387,0.0582778,0.0625834,0.0708901,0.0803003,0.0899531,0.107178,0.120664,0.138442,0.160465,0.159588
583.475,0.0397221,0.0402218,0.042911,0.0426693,0.0432957,0.0430297,0.0446083,0.0480505,0.0516048,0.0541907,0.0618982,0.070229,0.0765926,0.0892561,0.103314,0.118868,0.139438,0.156636,0.158083
583.918,0.0398398,0.0417121,0.0430967,0.042844,0.0445193,0.0456252,0.0450278,0.0473476,0.053242,0.0567953,0.0619269,0.0685651,0.0790755,0.0890147,0.104771,0.118759,0.136066,0.157456,0.158886
584.36,0.0436686,0.0425779,0.0428805,0.0419305,0.0454128,0.0462877,0.0446028,0.0470082,0.0522812,0.0539456,0.0626954,0.0706553,0.0784498,0.0870418,0.101436,0.119677,0.140206,0.157035,0.159559
584.803,0.0409024,0.0410735,0.0437248,0.0413806,0.0414252,0.0445611,0.0464407,0.0481549,0.0514815,0.0591614,0.0637267,0.0691751,0.0757841,0.0896325,0.103193,0.118874,0.141509,0.157615,0.161305
585.245,0.0404533,0.0419988,0.0418043,0.0427766,0.0434593,0.0434566,0.046809,0.0478192,0.0525393,0.0570287,0.0602462,0.0712651,0.079914,0.088902,0.104212,0.120946,0.138498,0.155925,0.155787
585.688,0.0408035,0.0426145,0.04327,0.0406208,0.0445988,0.047709,0.0456954,0.0491154,0.0509553,0.0535472,0.0625769,0.0698724,0.081231,0.0864616,0.10195,0.117343,0.136806,0.155432,0.156956
586.13,0.0409457,0.0410384,0.0419607,0.0433192,0.0447154,0.0449928,0.0466982,0.0477285,0.0529755,0.0549964,0.0617817,0.0697167,0.0784256,0.0910207,0.100947,0.122483,0.138531,0.155751,0.156413
586.572,0.0406896,0.0423755,0.043153,0.0430269,0.0443348,0.0455947,0.0451455,0.0497855,0.0544021,0.0560029,0.0641451,0.0689516,0.0788569,0.0900089,0.103113,0.11967,0.140658,0.163353,0.158989
587.014,0.039294,0.0391874,0.0429454,0.0422501,0.043438,0.042991,0.0458194,0.0488792,0.0518157,0.0569982,0.0608359,0.0693954,0.0792305,0.0918611,0.103461,0.120304,0.140716,0.156848,0.158224
587.456,0.0435444,0.042526,0.0427106,0.0466885,0.0447272,0.0468072,0.0469348,0.0498899,0.0532347,0.0573771,0.062518,0.0710381,0.0794243,0.0927719,0.104766,0.123116,0.142005,0.162694,0.160678
587.897,0.0417581,0.0392963,0.0408947,0.0405556,0.0445276,0.0454181,0.0439993,0.0468839,0.0515499,0.0580933,0.0629988,0.0693816,0.0780313,0.0891853,0.102296,0.120829,0.138398,0.158883,0.158534
588.339,0.0389426,0.0400662,0.0421176,0.041986,0.0420054,0.0426013,0.0424208,0.0502488,0.0490918,0.055441,0.062203,0.0669193,0.0786193,0.0887321,0.102934,0.119261,0.136896,0.156625,0.159036
588.78,0.04035,0.0434051,0.0418112,0.0441421,0.0456581,0.0451777,0.0447092,0.050047,0.0508326,0.0563883,0.0635632,0.0673645,0.0803849,0.0910142,0.10402,0.120603,0.141149,0.157739,0.161575
589.222,0.0388992,0.0427916,0.042915,0.0438411,0.0426593,0.0457457,0.0459368,0.0481255,0.0510179,0.0554065,0.0608367,0.0678459,0.0794186,0.0883442,0.105945,0.119134,0.138988,0.160485,0.159562
589.663,0.04092,0.0415924,0.0405896,0.0409269,0.0432796,0.0436739,0.0463831,0.0484893,0.054063,0.0555702,0.0600904,0.0700962,0.0777798,0.0894874,0.101294,0.118459,0.137767,0.155194,0.153385
590.104,0.0412096,0.0420449,0.0431297,0.0412974,0.0429302,0.0423394,0.0447054,0.047586,0.0514391,0.0572302,0.0619356,0.0666665,0.0784221,0.0900172,0.100565,0.119569,0.139685,0.155379,0.157524
590.545,0.0392297,0.0408639,0.0429459,0.0436992,0.0430397,0.0435356,0.0447595,0.0478548,0.05276,0.0574023,0.0614794,0.0707763,0.0779812,0.0901811,0.10576,0.118109,0.141059,0.159282,0.159943
590.986,0.040928,0.0418805,0.0427396,0.0407463,0.0422593,0.0445476,0.0448666,0.0488788,0.052056,0.0552557,0.0635392,0.0683846,0.0744861,0.088116,0.0990997,0.119694,0.136234,0.155823,0.154537
591.427,0.0374815,0.0418407,0.0395162,0.0407827,0.0407789,0.0430882,0.0453841,0.0476815,0.0489151,0.0550676,0.060733,0.0672674,0.0775641,0.087258,0.100947,0.120184,0.139898,0.158236,0.158523
591.867,0.0400727,0.0435413,0.0438729,0.0437067,0.0436778,0.0457936,0.0447504,0.0503369,0.0535759,0.0579617,0.0616595,0.0690735,0.0799832,0.0893441,0.103223,0.118637,0.138785,0.15794,0.156098
592.308,0.0398181,0.0437248,0.0434317,0.0453722,0.044593,0.0457852,0.0474755,0.051183,0.0533349,0.0555192,0.0641931,0.0706659,0.0825746,0.0909593,0.102402,0.118673,0.138972,0.158563,0.158381
592.748,0.0384922,0.0410385,0.0434678,0.0423392,0.0421799,0.0441614,0.0466149,0.0472517,0.0525274,0.0546254,0.0645134,0.0695194,0.0782167,0.0890373,0.100825,0.118658,0.137996,0.159659,0.159356
593.189,0.0408401,0.0413224,0.0422899,0.0404728,0.0430894,0.0451761,0.0457356,0.0468472,0.0514627,0.0557408,0.0619512,0.0676126,0.0778091,0.0901744,0.10239,0.12,0.138802,0.158086,0.16051
593.629,0.0414768,0.0402219,0.0428905,0.0442608,0.0424826,0.043288,0.0450569,0.0482085,0.0520706,0.0542431,0.0624506,0.0694736,0.0785682,0.0908576,0.102801,0.116878,0.136928,0.160998,0.159479
594.069,0.0402748,0.042304,0.0448843,0.0431672,0.0433146,0.0458125,0.0452684,0.0481151,0.0519813,0.0594389,0.063888,0.0702013,0.0776038,0.0918611,0.102722,0.119664,0.138059,0.156042,0.157184
594.509,0.0412468,0.0446362,0.0429809,0.0439282,0.0433223,0.0436365,0.0481341,0.0497911,0.0516911,0.0600777,0.0618548,0.0705042,0.080698,0.090344,0.10396,0.120368,0.140057,0.158529,0.158306
594.949,0.040443,0.0389711,0.0439734,0.0430172,0.0424413,0.0457627,0.0475602,0.0484861,0.0506835,0.0566933,0.0622225,0.068873,0.0804387,0.089614,0.101831,0.119127,0.136563,0.156781,0.159613
595.388,0.0423214,0.0400418,0.0433475,0.0431493,0.0436943,0.0477279,0.0465135,0.0463373,0.0499717,0.0565718,0.0640551,0.068582,0.0805151,0.0912624,0.103309,0.123751,0.137956,0.160461,0.160878
595.828,0.0395247,0.044048,0.0420702,0.0449947,0.0424829,0.0453457,0.0457525,0.050377,0.0536707,0.0573633,0.0635799,0.0722695,0.0794348,0.0916274,0.104913,0.118988,0.140025,0.157696,0.160419
596.267,0.0394523,0.039023,0.0435764,0.0426397,0.0442032,0.0425439,0.0464225,0.0468035,0.0499023,0.0562642,0.0604518,0.0701231,0.0804956,0.0894907,0.100192,0.119568,0.141998,0.160658,0.157699
596.707,0.0410483,0.0426747,0.0437999,0.0426201,0.0448951,0.0452158,0.046025,0.0474916,0.0533603,0.0549971,0.0598779,0.0702769,0.0794041,0.0878233,0.103467,0.119252,0.136882,0.159681,0.158303
597.146,0.0416942,0.0404948,0.0436405,0.0425721,0.0431892,0.0434299,0.0437248,0.0487339,0.0527256,0.0539317,0.0599285,0.0697116,0.0788635,0.0887249,0.0999981,0.122078,0.139796,0.158222,0.154086
597.585,0.0445629,0.0456496,0.0443096,0.0439467,0.0464068,0.046242,0.0476802,0.0491343,0.0530403,0.0579674,0.0635494,0.0720852,0.0819919,0.0940638,0.105955,0.121216,0.142826,0.164072,0.159528
598.024,0.0428658,0.0432042,0.0429251,0.0441393,0.0437952,0.0456873,0.0485973,0.0469278,0.0527037,0.0569025,0.0653465,0.0725882,0.077957,0.0910343,0.104319,0.117157,0.140817,0.161479,0.161389
598.463,0.0407521,0.0417271,0.0418174,0.0452917,0.0435382,0.0442458,0.0452983,0.0500086,0.0509029,0.0572686,0.0616433,0.0720604,0.0799139,0.0898381,0.102894,0.122713,0.139163,0.163456,0.163641
598.902,0.0413748,0.039476,0.0427349,0.0419389,0.0419632,0.0425428,0.0433647,0.0476898,0.0484164,0.055995,0.0603444,0.0700169,0.0773135,0.0866177,0.100075,0.1173,0.136824,0.155833,0.157288
599.34,0.0426062,0.0421899,0.0431202,0.0447105,0.0442417,0.0453911,0.0463499,0.0491027,0.0534654,0.05639,0.0634162,0.0732721,0.0775235,0.0919843,0.105442,0.121438,0.138564,0.15809,0.162714
599.779,0.0414375,0.0418565,0.0442222,0.0436443,0.0441162,0.0442606,0.0461711,0.0489366,0.0522452,0.0556239,0.0639422,0.0727695,0.0787198,0.0901902,0.103046,0.120426,0.139016,0.159957,0.159264
600.217,0.0399533,0.0417463,0.0434925,0.0427989,0.044251,0.0435747,0.0433945,0.0476378,0.0526122,0.0556145,0.0639437,0.0695307,0.0772963,0.0875469,0.10376,0.117766,0.140002,0.157399,0.157222
600.655,0.0410815,0.0410431,0.0417987,0.0446654,0.0434193,0.0428321,0.045141,0.048441,0.0509915,0.054171,0.0622756,0.0707379,0.0768976,0.0913463,0.101604,0.120729,0.136247,0.15812,0.160746
601.093,0.0390857,0.0398594,0.0407941,0.0426787,0.0416701,0.0439082,0.0447111,0.0493716,0.0496194,0.0574735,0.0615847,0.0686195,0.0781298,0.0872054,0.102525,0.118729,0.139321,0.155777,0.161148
601.532,0.0393577,0.0414045,0.0407567,0.0433297,0.0438917,0.0438439,0.0456066,0.0471183,0.051796,0.0554755,0.0618702,0.0686973,0.0773649,0.0876661,0.103174,0.119452,0.13558,0.156257,0.158896
601.969,0.0388802,0.0401157,0.041076,0.0420001,0.0405845,0.0425947,0.0438993,0.0479919,0.0519396,0.0553955,0.0600165,0.0689166,0.0764923,0.0878615,0.0989239,0.119157,0.136863,0.155392,0.158349
602.407,0.0433702,0.0434416,0.0435137,0.0453762,0.0468755,0.044774,0.0451472,0.0495904,0.0536498,0.0573897,0.0631564,0.0706949,0.0816926,0.0928251,0.103511,0.122588,0.139984,0.160897,0.16198
602.845,0.0398717,0.0423869,0.04234,0.0412669,0.0427573,0.0461332,0.0458301,0.0493011,0.0507627,0.0555772,0.0655949,0.0706491,0.0814866,0.0904264,0.105889,0.119541,0.139509,0.161798,0.160042
603.282,0.0388079,0.041051,0.0418723,0.0417862,0.0416525,0.0420532,0.0441149,0.0474481,0.0499355,0.0553764,0.063939,0.0713321,0.0792966,0.0876623,0.103364,0.118785,0.136128,0.157137,0.155819
603.72,0.039271,0.0422998,0.0421284,0.0420902,0.042426,0.0445028,0.0468706,0.0484912,0.0533053,0.0558402,0.0625099,0.0687026,0.0802422,0.0889537,0.103751,0.120602,0.139311,0.1587,0.15856
604.157,0.0398228,0.0426014,0.0414188,0.0419089,0.0453738,0.0429862,0.0456285,0.0476691,0.0520855,0.0573711,0.0641065,0.068744,0.0797832,0.0879913,0.103027,0.121251,0.141297,0.157322,0.159215
604.594,0.0420722,0.0425196,0.0422654,0.0437066,0.0446518,0.0461894,0.0462782,0.04816,0.0523965,0.0559233,0.064452,0.0692519,0.0785082,0.0912189,0.105121,0.118952,0.139942,0.159619,0.161324
605.032,0.0437183,0.0420478,0.0431997,0.0444767,0.0470045,0.0457181,0.046555,0.0494569,0.0536009,0.0584833,0.0632519,0.0717688,0.0773252,0.0918477,0.103471,0.121482,0.141208,0.159666,0.161691
605.468,0.041372,0.0415668,0.0421699,0.0447675,0.043627,0.0443276,0.0451935,0.0475769,0.0512911,0.0560668,0.0610816,0.0676969,0.0779593,0.0914648,0.103427,0.117704,0.138402,0.156869,0.157221
605.905,0.0404484,0.0396667,0.0402018,0.0405379,0.0412642,0.0428739,0.0441845,0.0462379,0.0507025,0.0546721,0.0608157,0.0706187,0.0770945,0.0877027,0.103476,0.119049,0.135946,0.158881,0.159498
606.342,0.0395096,0.0419341,0.041465,0.0436959,0.0443096,0.0433699,0.0462183,0.0486314,0.0502599,0.0554841,0.0613736,0.0687398,0.0772024,0.0888292,0.100907,0.117893,0.137915,0.158687,0.160701
606.779,0.0420997,0.0425338,0.0421155,0.0442186,0.0449471,0.0453891,0.0447646,0.048076,0.0511188,0.0559444,0.0629374,0.0709241,0.08028,0.0912973,0.102187,0.121168,0.142997,0.160499,0.158234
607.215,0.0413815,0.0429106,0.0427092,0.044294,0.045502,0.0450918,0.0479414,0.0466648,0.0506462,0.0567101,0.0643273,0.0691755,0.0801893,0.0905259,0.104205,0.121253,0.141804,0.158619,0.161105
607.652,0.0410021,0.0417573,0.0437098,0.0430905,0.0428182,0.043547,0.0452551,0.0482818,0.0508261,0.0566823,0.0635515,0.0695874,0.0812115,0.0896147,0.104331,0.119302,0.141827,0.162075,0.161429
608.088,0.0401787,0.0429067,0.0414635,0.0417281,0.0433884,0.0444476,0.046641,0.0469504,0.0505211,0.0545164,0.0613902,0.0691765,0.0776664,0.0902335,0.104251,0.119509,0.140439,0.154588,0.159922
608.524,0.0396531,0.0413314,0.0417368,0.0426194,0.0439808,0.0440988,0.0457946,0.0478367,0.0513262,0.0555431,0.0621748,0.0712214,0.0769355,0.091083,0.103424,0.119835,0.13856,0.159106,0.157928
608.96,0.0410191,0.0438906,0.0416024,0.0436337,0.0434857,0.0442887,0.046169,0.0478547,0.0515661,0.0569564,0.0618113,0.0694381,0.0802319,0.0904456,0.103668,0.120343,0.138545,0.159829,0.158304
609.396,0.0355331,0.0423464,0.0420951,0.0421256,0.0416024,0.0417879,0.0436329,0.04711,0.0515043,0.0566613,0.0600436,0.0690482,0.0757695,0.0871216,0.102636,0.114684,0.134885,0.154564,0.153269
609.832,0.0396172,0.0431625,0.0445946,0.0445595,0.0438541,0.0451405,0.0476885,0.0486668,0.0518133,0.0575038,0.0632011,0.071032,0.0782905,0.0900898,0.106398,0.121264,0.13886,0.160357,0.160169
610.267,0.0413909,0.0409897,0.0431986,0.042259,0.0435219,0.0458316,0.0452028,0.0491901,0.0548305,0.0573842,0.0619108,0.0714126,0.0794433,0.0888876,0.102988,0.121257,0.140152,0.159029,0.159544
610.703,0.0401079,0.0424116,0.0436165,0.0433867,0.0432254,0.045597,0.043974,0.0492357,0.0524714,0.0586065,0.0633927,0.0686778,0.081116,0.0876172,0.103102,0.118556,0.13801,0.15848,0.160458
611.138,0.0405021,0.0424088,0.0454775,0.0439597,0.0446696,0.046655,0.048731,0.0499054,0.0536088,0.0583418,0.0632912,0.0719676,0.0776962,0.0895217,0.106154,0.119393,0.138974,0.163302,0.162434
611.574,0.040603,0.0399859,0.040682,0.0426996,0.0427937,0.0423849,0.0439717,0.0475594,0.049668,0.055149,0.0604927,0.0685556,0.0785269,0.0894008,0.10203,0.117345,0.138318,0.157112,0.15927
612.009,0.0403112,0.0409268,0.0402078,0.0435253,0.043557,0.0443219,0.0433942,0.0487131,0.0501126,0.0591232,0.0612282,0.0699295,0.0790533,0.0917343,0.103206,0.116388,0.140813,0.156028,0.157728
612.444,0.0404213,0.0428741,0.0424875,0.0425217,0.042765,0.0429409,0.0451226,0.0489835,0.0512721,0.0551747,0.0610135,0.0701791,0.0789564,0.0896662,0.103895,0.121721,0.13748,0.15551,0.157446
612.879,0.043057,0.0437349,0.0448782,0.0442685,0.0468284,0.0449037,0.0489649,0.0501124,0.0508368,0.059637,0.0637691,0.07279,0.080943,0.0900116,0.104714,0.121498,0.143545,0.161886,0.162254
613.314,0.0408104,0.0397957,0.0392786,0.0407997,0.0426595,0.0435612,0.0457957,0.0479015,0.0506234,0.0553446,0.062363,0.0690578,0.0770565,0.0889207,0.101783,0.120564,0.140857,0.155792,0.156849
613.748,0.0415276,0.0439704,0.0432579,0.0439903,0.0466511,0.0467131,0.0457964,0.0494959,0.0546351,0.0589873,0.0634702,0.0712328,0.0813767,0.0918685,0.103648,0.120901,0.141038,0.161119,0.163142
614.183,0.0417574,0.0410722,0.0438366,0.0443495,0.0444906,0.0470619,0.0475941,0.050089,0.0502226,0.0569115,0.0620157,0.0717254,0.0781583,0.0874105,0.102039,0.120004,0.137784,0.157643,0.157563
614.617,0.0394328,0.0392868,0.042316,0.0423165,0.0423228,0.0438045,0.0453781,0.0484017,0.0508322,0.0560132,0.0614686,0.0695012,0.0793656,0.0906071,0.102743,0.119069,0.139662,0.158454,0.159226
615.052,0.0414921,0.0423542,0.0425915,0.0432737,0.0418777,0.0443883,0.0438974,0.0498409,0.0521748,0.0570744,0.0627323,0.0692008,0.079775,0.0940625,0.105324,0.12103,0.140095,0.159834,0.1648
615.486,0.03961,0.041437,0.0421669,0.0433681,0.0428083,0.0441864,0.0447696,0.0471154,0.0531653,0.0565436,0.0618385,0.0693909,0.0790579,0.0913424,0.102448,0.118179,0.137571,0.157618,0.159542
615.92,0.0390078,0.0423718,0.0422134,0.0423692,0.0427974,0.0453017,0.0444391,0.0498602,0.0507511,0.0565713,0.0627726,0.0708423,0.0784478,0.0902237,0.102961,0.123089,0.136691,0.158023,0.160199
616.354,0.0400061,0.041116,0.0428047,0.0417082,0.0424082,0.042857,0.0458013,0.0484664,0.0518569,0.0561507,0.0619384,0.0683843,0.0764778,0.0894811,0.104718,0.118714,0.141889,0.15971,0.15771
616.788,0.0412976,0.0431801,0.0417117,0.0424283,0.0422593,0.0453305,0.044274,0.0506793,0.0514636,0.0552229,0.0611092,0.0704295,0.076888,0.0892108,0.105483,0.118795,0.139825,0.157023,0.157687
617.222,0.0410994,0.042711,0.044163,0.044123,0.043399,0.043921,0.0456235,0.0484531,0.0512921,0.0580623,0.0613553,0.0686244,0.0814515,0.0911378,0.104084,0.124541,0.141947,0.162134,0.161587
617.655,0.0405169,0.0429201,0.0424907,0.0425737,0.0422859,0.0469273,0.0449564,0.0475968,0.0526299,0.0579242,0.0631826,0.0725625,0.07818,0.0922234,0.105607,0.122867,0.141983,0.160115,0.158244
618.089,0.0411432,0.0397101,0.0390988,0.0413505,0.0429835,0.0415827,0.0444027,0.0461817,0.0523843,0.0580147,0.0634279,0.0690992,0.0785272,0.0863871,0.103901,0.121487,0.138201,0.157687,0.158726
618.522,0.0415726,0.040689,0.0410748,0.0428375,0.043144,0.0444277,0.0437165,0.0477556,0.0517598,0.0557805,0.0603941,0.0715754,0.0793655,0.0902841,0.102895,0.121292,0.140379,0.160336,0.160827
618.956,0.0403766,0.0414821,0.0416936,0.0414914,0.0428123,0.0431938,0.0469548,0.0475352,0.0508925,0.0550478,0.0620904,0.0707394,0.0769391,0.087641,0.103076,0.119142,0.139607,0.159325,0.159211
619.389,0.041911,0.0420392,0.0394349,0.0432926,0.0441212,0.0454411,0.0478815,0.0479684,0.0520493,0.059,0.0619937,0.0694507,0.0800164,0.0905012,0.106616,0.121564,0.141146,0.156706,0.16103
619.822,0.0426881,0.0429963,0.0430265,0.0447462,0.046391,0.0459427,0.044504,0.0504785,0.0521792,0.0579553,0.0623734,0.069902,0.0804583,0.0898649,0.106065,0.121885,0.139367,0.158606,0.161285
620.255,0.041945,0.0391668,0.0419415,0.0431328,0.0430506,0.0424935,0.044953,0.044757,0.0504668,0.0555101,0.0593625,0.0698579,0.0764996,0.0867094,0.101623,0.118591,0.136669,0.155555,0.155668
620.688,0.0400342,0.0418034,0.0434313,0.0438936,0.0439447,0.0455359,0.0471815,0.048991,0.0517193,0.0565025,0.0604914,0.0721854,0.0779586,0.0940301,0.099953,0.119313,0.13814,0.161717,0.160408
621.12,0.0402937,0.0419113,0.0445996,0.0446103,0.0454626,0.0457195,0.0469239,0.0481244,0.0521215,0.0559915,0.0628183,0.0742243,0.0804268,0.090618,0.10651,0.123257,0.140026,0.157475,0.163358
621.553,0.041937,0.0425545,0.0426958,0.0443479,0.0430516,0.0459683,0.0475142,0.0493527,0.0541528,0.0565153,0.0628174,0.0696377,0.0807921,0.0893103,0.102912,0.120494,0.138268,0.156873,0.15894
621.985,0.0382347,0.0412449,0.041436,0.0433711,0.0437163,0.0453445,0.0451928,0.0479982,0.0501181,0.0562824,0.0616895,0.069715,0.0767496,0.0900563,0.102425,0.120748,0.139597,0.158235,0.155492
622.418,0.0423368,0.041357,0.0446706,0.0442685,0.0439608,0.0452545,0.0461231,0.0473585,0.0518124,0.0555398,0.0637222,0.0721035,0.0795746,0.0921757,0.101793,0.120962,0.138197,0.162342,0.158444
622.85,0.0429456,0.0430806,0.0459826,0.046785,0.0458998,0.0459808,0.0476852,0.051798,0.0539926,0.057018,0.0642161,0.0702835,0.0814047,0.0917832,0.105877,0.123016,0.144064,0.164991,0.160763
623.282,0.0403793,0.041533,0.043164,0.0436084,0.0420421,0.0438317,0.0463331,0.0490244,0.0525177,0.0570054,0.0628574,0.0729164,0.0791845,0.0909857,0.101668,0.12208,0.141418,0.157482,0.163339
623.714,0.040209,0.0418402,0.0441676,0.0439826,0.0425658,0.0460967,0.0480886,0.0498759,0.0537375,0.058335,0.0662827,0.0699746,0.0786063,0.0897304,0.105199,0.118313,0.143622,0.159378,0.163906
624.146,0.0387006,0.0428702,0.042996,0.0425008,0.0444473,0.0448505,0.0447562,0.0478387,0.0523966,0.0573439,0.060964,0.0718362,0.0797776,0.0912351,0.103988,0.121766,0.139111,0.164153,0.163243
624.577,0.0428512,0.0428472,0.043489,0.0434127,0.0466078,0.0444949,0.0463449,0.0476253,0.052646,0.0574903,0.0637329,0.0703628,0.0805515,0.0919969,0.107162,0.11825,0.140974,0.163099,0.15869
625.009,0.040845,0.0400046,0.0426208,0.0414578,0.0413332,0.0441432,0.0459529,0.0482052,0.0525052,0.05616,0.0622551,0.0683821,0.0781765,0.0884905,0.103581,0.119885,0.138808,0.156947,0.156124
625.441,0.0405094,0.0436025,0.0432715,0.0441865,0.0441339,0.0454978,0.0451588,0.0464489,0.0536095,0.0593344,0.0641984,0.0703116,0.0800883,0.0901903,0.104192,0.123555,0.140433,0.160398,0.162182
625.872,0.0385212,0.0420269,0.0392777,0.0410311,0.0424105,0.0435054,0.0441097,0.046273,0.0498823,0.0559696,0.061096,0.0681865,0.0775153,0.0886717,0.102635,0.118754,0.136414,0.159928,0.15636
626.303,0.0389951,0.0404414,0.0417895,0.0426321,0.0404511,0.042842,0.043384,0.0490549,0.0476923,0.053831,0.0615603,0.0669165,0.0768878,0.0877468,0.102636,0.118156,0.140342,0.15513,0.159559
626.734,0.0404767,0.0410098,0.0422531,0.0434647,0.0432191,0.0451412,0.047436,0.0475473,0.053964,0.0558057,0.0597088,0.0707623,0.0785995,0.0901619,0.102127,0.117994,0.139735,0.15705,0.158801
627.165,0.0430437,0.0431002,0.0423989,0.0445184,0.0458453,0.047185,0.047277,0.0498105,0.05336,0.0562874,0.0620133,0.0711425,0.0797244,0.092542,0.104195,0.121769,0.142136,0.163961,0.160246
627.596,0.0408575,0.0437374,0.0448593,0.0462009,0.0442189,0.0439465,0.0471401,0.0495471,0.0514619,0.0563415,0.0614289,0.0690448,0.077397,0.0893283,0.104681,0.119781,0.137779,0.160027,0.159086
628.027,0.0408429,0.0421217,0.0437257,0.0432133,0.044383,0.0433184,0.045598,0.0494351,0.0539698,0.0601243,0.0629753,0.0694304,0.078775,0.0893271,0.107578,0.121226,0.143585,0.160059,0.163145
628.458,0.0376138,0.041304,0.0424049,0.0417564,0.0422648,0.0441441,0.0454477,0.0473548,0.0524261,0.0573313,0.0610963,0.069348,0.0782958,0.0872859,0.102604,0.116273,0.139331,0.159093,0.159351
628.888,0.0413764,0.0426877,0.0443929,0.0437674,0.0435818,0.0429571,0.0456557,0.0463118,0.0524467,0.0563911,0.0610375,0.0682403,0.0788109,0.0902859,0.104334,0.121484,0.140342,0.156698,0.162362
629.319,0.0405415,0.0411415,0.0422563,0.0435222,0.0446942,0.0432279,0.0447605,0.0457294,0.0510187,0.0541638,0.0616115,0.0682661,0.0797868,0.0906401,0.105206,0.119691,0.140091,0.15922,0.157546
629.749,0.0425371,0.0423492,0.045393,0.0434223,0.042974,0.0453033,0.0481413,0.0474883,0.0505848,0.056813,0.0621827,0.0712327,0.0795677,0.0899122,0.106882,0.12171,0.138202,0.159886,0.16073
630.179,0.0414401,0.042408,0.043647,0.0435071,0.0441503,0.045107,0.0441185,0.0463752,0.0543453,0.0582871,0.0638794,0.0704119,0.0809935,0.0902786,0.102578,0.121665,0.134365,0.162669,0.163841
630.609,0.0409201,0.04326,0.0442019,0.0457056,0.0433932,0.0472196,0.0474526,0.0524557,0.05385,0.0582309,0.0649475,0.0730201,0.080733,0.0924499,0.106384,0.124454,0.144099,0.160938,0.165535
631.039,0.0387564,0.0400159,0.0422662,0.0420921,0.0428653,0.0425026,0.0445254,0.0514102,0.0510524,0.0548322,0.062401,0.0678525,0.0756276,0.0910146,0.103878,0.116986,0.137203,0.156978,0.15916
631.469,0.0408856,0.043839,0.0433576,0.0412741,0.0434847,0.043524,0.0457585,0.0477154,0.0520799,0.0551464,0.0628176,0.0695071,0.0788219,0.0910068,0.103191,0.118427,0.138729,0.159772,0.158277
631.899,0.0412029,0.0412147,0.0421178,0.0411591,0.043713,0.0441147,0.0449473,0.0490495,0.0513151,0.0549942,0.0616912,0.0670849,0.0781026,0.0888279,0.103655,0.117666,0.137939,0.158979,0.157455
632.328,0.0419339,0.0420251,0.0428433,0.0401896,0.0459285,0.0444533,0.0446563,0.0481485,0.0493626,0.0559605,0.0635709,0.0697589,0.0782694,0.0877723,0.105902,0.121205,0.139442,0.160847,0.158484
632.758,0.0392415,0.0414174,0.0407789,0.0414618,0.0438189,0.0423118,0.0451146,0.0471645,0.0495662,0.0548004,0.061692,0.0694653,0.0758918,0.087575,0.104709,0.119031,0.138856,0.157245,0.158172
633.187,0.0401573,0.042429,0.0427307,0.0423705,0.0431512,0.0432049,0.0455404,0.0464943,0.0510356,0.0559046,0.0616919,0.069947,0.075431,0.0891917,0.103863,0.120995,0.138837,0.1601,0.16109
633.616,0.0423955,0.0423582,0.04538,0.0455739,0.0467025,0.0447691,0.0474301,0.0503974,0.055,0.0558041,0.0620881,0.0717281,0.0797115,0.0963928,0.102495,0.122475,0.141194,0.163312,0.163981
634.046,0.0415029,0.0433984,0.0428787,0.0444493,0.0450886,0.044658,0.0474338,0.0463735,0.0539496,0.0545495,0.0609311,0.0714008,0.0771996,0.0909023,0.103403,0.120575,0.138061,0.156235,0.159573
634.475,0.0403681,0.0431922,0.0413737,0.0424944,0.0447688,0.0483488,0.0452693,0.0477674,0.0528395,0.0551834,0.0651857,0.0701245,0.07889,0.0923626,0.103697,0.119363,0.14207,0.161093,0.161566
634.903,0.0390069,0.0399902,0.0418834,0.042452,0.0424213,0.0439641,0.0433404,0.0479206,0.0511425,0.0547231,0.0608908,0.0665921,0.0762154,0.0911153,0.102591,0.118948,0.138014,0.161096,0.158329
635.332,0.0398881,0.0425441,0.0405577,0.0446792,0.0446398,0.0445271,0.0461195,0.0483979,0.0505442,0.0562922,0.0592197,0.0701319,0.0790101,0.0883381,0.104852,0.118802,0.138447,0.156735,0.157003
635.761,0.0400713,0.0408775,0.0429522,0.044928,0.0456967,0.0433557,0.0456299,0.0482861,0.0492185,0.0554517,0.0630537,0.0703209,0.0793329,0.0879759,0.101867,0.12065,0.138022,0.160041,0.156929
636.189,0.0420676,0.0414789,0.0441504,0.0450436,0.0457182,0.0453724,0.0457416,0.0495635,0.053588,0.0575291,0.0646741,0.071073,0.078439,0.0917943,0.104925,0.120825,0.140245,0.160334,0.160418
636.618,0.0402789,0.0419167,0.041942,0.0449474,0.0431343,0.0453536,0.0465596,0.0478486,0.0524712,0.0569193,0.0652082,0.0707795,0.0776546,0.0904697,0.105638,0.123687,0.143213,0.15651,0.157613
637.046,0.0398363,0.0409733,0.0424387,0.0417374,0.0422305,0.0431137,0.0434735,0.0474871,0.0514863,0.052532,0.0609894,0.0710821,0.0800935,0.0858262,0.103359,0.120546,0.142482,0.155359,0.157998
637.474,0.0379018,0.0399697,0.0418539,0.041057,0.0453072,0.0447362,0.0455805,0.0503743,0.0526487,0.0572024,0.0615152,0.0669595,0.0782925,0.0877302,0.101923,0.119554,0.13604,0.152703,0.158408
637.902,0.0407892,0.0408673,0.0432521,0.0435947,0.0431954,0.0452046,0.0451007,0.0493392,0.0556268,0.0554103,0.0643024,0.0691061,0.0799051,0.0896607,0.103614,0.119726,0.138374,0.158784,0.159221
638.33,0.0400288,0.0402579,0.042629,0.0410893,0.0399177,0.0426148,0.0443539,0.0482201,0.0490909,0.0542703,0.0604234,0.0680229,0.0762203,0.088498,0.102909,0.119091,0.137145,0.155102,0.156611
638.758,0.0405322,0.0456503,0.0427645,0.0428973,0.0444741,0.0448986,0.0470707,0.048905,0.0535874,0.0550781,0.0634609,0.0698834,0.0811769,0.0902187,0.105116,0.119891,0.14208,0.159696,0.161965
639.186,0.0443928,0.0424174,0.0433669,0.0414696,0.0435949,0.0445459,0.0479519,0.0486274,0.0529635,0.0579755,0.0636553,0.0704272,0.0792321,0.0917483,0.10409,0.124166,0.139894,0.159854,0.161452
639.613,0.0407189,0.0408338,0.0425581,0.0417682,0.0426992,0.0437168,0.0459101,0.0458923,0.0506413,0.0542191,0.0616372,0.0699002,0.0780068,0.0912647,0.101752,0.119211,0.140789,0.15743,0.158294
640.041,0.0425694,0.0419102,0.0419164,0.0443024,0.0461479,0.0448734,0.0464418,0.0476582,0.0519601,0.0578331,0.062345,0.069272,0.0755993,0.0905369,0.103191,0.118482,0.140537,0.160819,0.159124
640.468,0.0373081,0.0403502,0.0402142,0.0383012,0.0430166,0.043066,0.0449634,0.0459747,0.0505712,0.0563126,0.0590285,0.0680016,0.0774621,0.0887722,0.1031,0.118435,0.138745,0.156438,0.157939
640.895,0.0410041,0.0421136,0.0427237,0.0410821,0.0421789,0.0429527,0.0453087,0.0470222,0.0515294,0.0571337,0.0613393,0.0709989,0.0772864,0.0909359,0.10524,0.119965,0.141856,0.15982,0.157224
641.322,0.0416558,0.0418397,0.0416265,0.0423483,0.043118,0.0445649,0.0450352,0.0458632,0.0495873,0.0574588,0.0605659,0.0713073,0.0799545,0.0908135,0.103978,0.119383,0.139287,0.157073,0.163287
641.749,0.0410055,0.0413016,0.0434428,0.0437436,0.0427119,0.0448568,0.0461302,0.0494841,0.0519233,0.0570475,0.0635845,0.0710339,0.0796259,0.0892456,0.107297,0.122063,0.142056,0.160417,0.15895
642.176,0.0407264,0.0434202,0.041454,0.0423212,0.0429609,0.0441848,0.0455334,0.048784,0.050372,0.0566521,0.0630268,0.0690074,0.0785232,0.0919444,0.100439,0.118008,0.140999,0.159528,0.157927
642.603,0.0432254,0.0418601,0.0433055,0.04372,0.0440605,0.0454163,0.0471619,0.0481079,0.0536059,0.0571087,0.0652236,0.0688178,0.0781691,0.0883557,0.105157,0.119969,0.140646,0.157106,0.16102
643.029,0.0395077,0.0429712,0.0417305,0.0441369,0.0440178,0.0462314,0.0471973,0.0486282,0.0527347,0.0581964,0.0609293,0.0700331,0.0784256,0.0925008,0.10211,0.122625,0.14094,0.160737,0.15689
643.456,0.04127,0.0411557,0.0418328,0.0427466,0.0414797,0.0432293,0.0449807,0.0471291,0.0505524,0.0541693,0.061726,0.0674166,0.0753235,0.0898764,0.101101,0.121692,0.137485,0.160098,0.158394
643.882,0.0410864,0.0418849,0.042101,0.042837,0.0436736,0.0460121,0.0456118,0.0456963,0.0521684,0.0556844,0.0610286,0.0722852,0.0812654,0.0890491,0.100755,0.118268,0.141609,0.159698,0.158533
644.308,0.0411515,0.0437163,0.0457507,0.0449178,0.046786,0.0470954,0.0479056,0.0492275,0.0539452,0.058257,0.0653171,0.0729008,0.0813473,0.0917284,0.103722,0.121338,0.13961,0.162698,0.161962
644.735,0.0387602,0.0406278,0.040879,0.0396525,0.0435663,0.0425064,0.0438609,0.0427156,0.0502549,0.0553615,0.0600089,0.0691205,0.0745373,0.0864582,0.102403,0.117274,0.138432,0.156454,0.158468
645.161,0.0402227,0.0407645,0.0423538,0.0459535,0.0434677,0.0441551,0.0441794,0.0480576,0.0512957,0.0522572,0.0615693,0.0705538,0.077933,0.0862508,0.105394,0.118307,0.137103,0.158265,0.159174
645.586,0.0391588,0.0396979,0.0417095,0.0413878,0.0397026,0.0429309,0.0456129,0.0461364,0.0519829,0.05581,0.0614976,0.0702413,0.0778299,0.0901747,0.104435,0.118635,0.135463,0.157846,0.15732
646.012,0.0401901,0.0391303,0.0429702,0.0417088,0.0421462,0.0447893,0.0456173,0.0468319,0.0491586,0.0568663,0.060963,0.0675194,0.0775953,0.0911128,0.102198,0.118796,0.140306,0.155164,0.159947
646.438,0.0408712,0.0404133,0.0445315,0.0456428,0.0425331,0.0445403,0.0448121,0.0497689,0.0517991,0.0560616,0.0624709,0.069314,0.0784697,0.0875403,0.102007,0.118719,0.14123,0.156998,0.159044
646.863,0.0418958,0.0436121,0.0425342,0.0423631,0.0454948,0.0429942,0.0469791,0.0497159,0.0512892,0.0563344,0.0638788,0.0697301,0.0792173,0.0881169,0.103962,0.120182,0.141182,0.163168,0.163334
647.289,0.0402172,0.0427409,0.042165,0.0422564,0.044274,0.0443048,0.0453377,0.0488587,0.0508776,0.0584062,0.062618,0.0689443,0.0781295,0.0872708,0.0998793,0.12033,0.137661,0.16184,0.155313
647.714,0.0412909,0.0408279,0.0418766,0.0425645,0.0457794,0.0435899,0.0460551,0.0483943,0.0526152,0.0562511,0.0606555,0.0691071,0.0805606,0.089509,0.103526,0.120655,0.140673,0.162563,0.160012
648.139,0.0420463,0.0415257,0.041327,0.0427211,0.0423765,0.042057,0.0460625,0.0483717,0.0525535,0.05571,0.0605483,0.0693821,0.0783742,0.0903673,0.100253,0.120748,0.139067,0.157321,0.156297
648.564,0.0408808,0.039482,0.0415571,0.0425255,0.0450732,0.0432191,0.0450443,0.0475605,0.0506643,0.0566326,0.061695,0.0700426,0.0810214,0.0901104,0.102246,0.118956,0.140959,0.15895,0.158239
648.989,0.0398376,0.0403256,0.0411999,0.0424484,0.044263,0.0431246,0.0463501,0.0467838,0.0481448,0.0562475,0.062216,0.0685034,0.0757099,0.0900669,0.103159,0.118083,0.138528,0.157317,0.15741
649.414,0.0401734,0.0423688,0.0421433,0.041854,0.0452514,0.0450129,0.047604,0.0479585,0.0498477,0.0571754,0.0618949,0.0702101,0.0786769,0.0902963,0.102598,0.120197,0.14132,0.161016,0.158869
649.839,0.0421399,0.0445609,0.0451098,0.044471,0.0451819,0.0468488,0.0498179,0.0508562,0.0548476,0.0583028,0.0623496,0.0713203,0.0799079,0.0924484,0.104927,0.121681,0.144009,0.164683,0.162811
650.263,0.0386284,0.0392072,0.0376331,0.0402342,0.0432524,0.0438681,0.0443919,0.0475485,0.0476521,0.0539742,0.0608927,0.068966,0.0764002,0.0874111,0.106761,0.116812,0.1354,0.159209,0.155316
650.688,0.0399018,0.0422755,0.0439383,0.0436263,0.0434291,0.0461167,0.0482867,0.0491668,0.0513843,0.0591319,0.0612556,0.0692948,0.077973,0.0914915,0.104391,0.121287,0.141606,0.159709,0.159628
651.112,0.0400112,0.0445628,0.042345,0.0429955,0.0458224,0.0442364,0.0469172,0.0474797,0.0523892,0.0572522,0.0615595,0.071088,0.0802517,0.0889246,0.104189,0.120567,0.142605,0.157567,0.160066
651.536,0.0408763,0.0405338,0.0416093,0.0404161,0.0440198,0.0431,0.0443223,0.0438444,0.0498663,0.0539575,0.0628937,0.0679018,0.0773002,0.0896693,0.101438,0.119782,0.138631,0.156217,0.158451
651.961,0.0405072,0.0403653,0.0421931,0.0407371,0.0420833,0.0446843,0.0442516,0.045818,0.0512319,0.0562363,0.0611755,0.0691606,0.0757263,0.0871322,0.103141,0.117038,0.138631,0.15679,0.155354
652.384,0.0400106,0.0406929,0.043331,0.04297,0.0430045,0.0448114,0.0461528,0.0466611,0.0521846,0.0565625,0.0621385,0.0682254,0.0790968,0.0891213,0.102305,0.117905,0.136669,0.159626,0.156884
652.808,0.0397048,0.0420828,0.0437748,0.0424997,0.0421241,0.0428102,0.0442518,0.045219,0.0516561,0.0544674,0.0603975,0.0693071,0.0759205,0.0890478,0.10433,0.117553,0.136812,0.160858,0.155145
653.232,0.0399891,0.0392833,0.0442106,0.0430115,0.0428364,0.0445496,0.0464822,0.0482809,0.049247,0.0546185,0.0623168,0.0699698,0.0781902,0.0898075,0.104726,0.117591,0.141152,0.160111,0.157532
653.656,0.0404613,0.04013,0.0452297,0.0460144,0.043565,0.0443569,0.0452359,0.0473625,0.0532202,0.0578951,0.0609593,0.0690352,0.078774,0.090152,0.10278,0.118453,0.137653,0.161313,0.160435
654.079,0.0400348,0.0409687,0.0426961,0.039854,0.0428129,0.0439079,0.047249,0.0483398,0.0508187,0.0565328,0.0595388,0.068014,0.0768046,0.0880692,0.100898,0.118078,0.136791,0.156881,0.156432
654.503,0.0411221,0.0435281,0.0406859,0.0430572,0.0437325,0.0438342,0.0476087,0.0490318,0.0512848,0.0566467,0.0602989,0.0687513,0.0803101,0.0929737,0.104661,0.121578,0.140396,0.1605,0.161467
654.926,0.0407901,0.0441692,0.0424901,0.0430613,0.0456632,0.0462713,0.0468684,0.04847,0.0530554,0.0584185,0.062404,0.0712912,0.0797564,0.0911431,0.103843,0.120677,0.140809,0.164086,0.158382
655.349,0.0393599,0.0425059,0.0436059,0.0439897,0.0437224,0.0437022,0.0463294,0.0465406,0.0486445,0.053989,0.0603535,0.0657335,0.0764402,0.0902107,0.100676,0.115713,0.141409,0.158322,0.159781
655.772,0.0387434,0.0408791,0.0421573,0.0439159,0.0441254,0.0440188,0.0466703,0.0477041,0.0479591,0.0556405,0.0596169,0.0682499,0.0766798,0.0896528,0.100798,0.118355,0.139522,0.15552,0.158155
656.195,0.0429606,0.0411073,0.0431407,0.0430925,0.0453875,0.0447489,0.0448844,0.0483973,0.0513585,0.0552569,0.0631893,0.0720314,0.0778166,0.087813,0.103904,0.119878,0.142776,0.157578,0.161432
656.618,0.0386899,0.0409199,0.04072,0.0415779,0.0408232,0.0421583,0.0427413,0.0468229,0.0510849,0.0550838,0.0611198,0.0688559,0.0793874,0.0895274,0.101229,0.119925,0.13899,0.16121,0.159489
657.04,0.0407609,0.0414828,0.0403695,0.0443482,0.0415096,0.0450525,0.0470783,0.0480807,0.0496664,0.0545099,0.0641481,0.0696576,0.0782397,0.0897467,0.103494,0.121995,0.140218,0.158374,0.162271
657.463,0.0400532,0.0424326,0.0422909,0.0425365,0.0438445,0.0446618,0.044556,0.0489564,0.0495517,0.055909,0.0610567,0.0677543,0.0757655,0.0902439,0.105498,0.120457,0.140331,0.156632,0.15642
657.885,0.0433699,0.0436416,0.0440418,0.0448719,0.0453277,0.0459794,0.0488768,0.0510625,0.0526459,0.0564511,0.0629457,0.072376,0.0789281,0.0945358,0.10287,0.12288,0.142168,0.162899,0.162465
658.308,0.037939,0.0392876,0.0413728,0.0409136,0.0432938,0.0445495,0.0449773,0.0472325,0.0520923,0.05531,0.0610176,0.0700056,0.0759693,0.0892798,0.0988187,0.115502,0.139213,0.155664,0.157057
658.73,0.0390761,0.0394356,0.0406227,0.0426366,0.0419968,0.042804,0.0456942,0.0496811,0.05106,0.0559133,0.0611232,0.0709842,0.0798787,0.0904992,0.100036,0.119128,0.139733,0.160494,0.160305
659.152,0.0381404,0.0411394,0.040983,0.0431513,0.0422722,0.0438715,0.0435237,0.0472665,0.0537632,0.0554665,0.0613418,0.0731576,0.0798029,0.0908355,0.105907,0.121016,0.14343,0.159284,0.158913
659.574,0.0412228,0.0405081,0.0416666,0.0434726,0.0427762,0.043067,0.0435213,0.0478683,0.0490676,0.0557591,0.0620775,0.0694546,0.0766021,0.0898992,0.102082,0.118403,0.137947,0.159127,0.158339
659.996,0.0428339,0.0416679,0.0424965,0.0452153,0.0418343,0.0436748,0.0461408,0.0484889,0.0502749,0.0587059,0.0650269,0.0713536,0.0796996,0.0915645,0.105699,0.124725,0.140216,0.161379,0.160909
660.417,0.0389482,0.0387727,0.0410263,0.0443475,0.0418517,0.0424103,0.0449042,0.0482572,0.0515941,0.0546892,0.061777,0.0688158,0.0790887,0.0886444,0.104801,0.120918,0.139412,0.155623,0.158084
660.839,0.0406747,0.0435761,0.0424057,0.0432568,0.041226,0.0444698,0.0449469,0.0484649,0.0516829,0.054716,0.0626298,0.0705577,0.0769128,0.093028,0.103154,0.120831,0.141125,0.161381,0.156457
661.26,0.0410877,0.0405011,0.0423524,0.0401198,0.0432623,0.0440942,0.0444258,0.0444918,0.0498746,0.0549365,0.0626237,0.0676716,0.0818156,0.0862526,0.103072,0.117286,0.138778,0.159072,0.156181
661.682,0.0416179,0.0395536,0.0409411,0.0432517,0.0442243,0.0449729,0.0447904,0.0470604,0.0527671,0.0565173,0.0620532,0.0702293,0.0775694,0.0895671,0.105608,0.118838,0.139285,0.158062,0.160454
662.103,0.037867,0.0435158,0.0400506,0.0427987,0.0432203,0.0433554,0.045823,0.045785,0.0502905,0.054771,0.0592905,0.06926,0.077946,0.086147,0.103428,0.118159,0.138793,0.155642,0.159897
662.524,0.0400111,0.0412167,0.0405771,0.0420158,0.0431364,0.043641,0.0434094,0.0469808,0.0509811,0.0539069,0.0611243,0.0702727,0.0804075,0.0914512,0.105737,0.120806,0.137704,0.160099,0.162108
662.945,0.0414505,0.0440144,0.0423786,0.0409114,0.0436015,0.0446694,0.0442326,0.0475872,0.0525879,0.0564364,0.0623033,0.0698343,0.0780495,0.0892429,0.106484,0.119831,0.142997,0.15834,0.15772
663.366,0.0393632,0.0400113,0.0401972,0.0413539,0.0454219,0.0418868,0.0447732,0.0436112,0.0524016,0.0562832,0.0615423,0.0712296,0.0785915,0.0869836,0.101948,0.118234,0.14161,0.159796,0.158118
663.787,0.0391823,0.0414829,0.0401743,0.0411896,0.0422764,0.044482,0.0457514,0.045563,0.0502233,0.0533661,0.0604051,0.0684863,0.0758866,0.0909248,0.102505,0.122171,0.13797,0.161316,0.160422
664.207,0.0414926,0.0449035,0.0431463,0.0447249,0.0452744,0.0451962,0.0470519,0.0482456,0.0529922,0.0573951,0.0652323,0.0715555,0.0805209,0.0909933,0.105004,0.123302,0.143794,0.162677,0.162567
664.628,0.040788,0.0415043,0.0407466,0.0411128,0.0432791,0.0425323,0.0443885,0.045735,0.0489847,0.0575195,0.0629717,0.0672048,0.0793814,0.0887804,0.10429,0.119774,0.141483,0.154951,0.158725
665.048,0.0419546,0.0430021,0.0431715,0.042687,0.0436934,0.0459119,0.047288,0.0470107,0.0537762,0.0587615,0.0662064,0.0724363,0.0827045,0.0919198,0.106401,0.12189,0.142493,0.157982,0.161248
665.468,0.039339,0.0393976,0.0416141,0.0411678,0.0436666,0.042615,0.0438455,0.0493235,0.0503307,0.0546225,0.0624877,0.0682712,0.0774786,0.0905165,0.100805,0.118701,0.135996,0.157788,0.159213
665.888,0.0403329,0.0411218,0.0407913,0.0451061,0.0444744,0.0447877,0.045471,0.0501478,0.0510951,0.0580144,0.0596056,0.0703456,0.0790387,0.0900046,0.102148,0.123635,0.138799,0.159096,0.163728
666.308,0.0370345,0.0431478,0.0416406,0.0409192,0.0440991,0.0429011,0.0445249,0.045614,0.0501313,0.0550432,0.0599168,0.0664954,0.0751156,0.0918628,0.101446,0.119212,0.140163,0.160673,0.158667
666.728,0.0424494,0.0414387,0.0433391,0.0430268,0.0437303,0.043259,0.0444584,0.0478864,0.0516185,0.0572327,0.061575,0.0694583,0.0788932,0.0917565,0.106168,0.122712,0.145075,0.162573,0.162946
667.148,0.0399004,0.0414388,0.0434198,0.0418539,0.0441996,0.045896,0.0461055,0.0481739,0.0545512,0.057908,0.0634946,0.0719757,0.078771,0.0922585,0.104056,0.120527,0.138867,0.163181,0.160676
667.568,0.0408501,0.0425741,0.0429295,0.0438715,0.042687,0.0426702,0.0463486,0.0503739,0.0521442,0.0558648,0.0633766,0.0706267,0.0806259,0.0925455,0.102589,0.123787,0.142521,0.163635,0.163758
667.987,0.0394178,0.0407168,0.0428081,0.0418948,0.0426539,0.0437417,0.0443225,0.046321,0.0509135,0.0544097,0.0614943,0.0706924,0.077146,0.0905708,0.101399,0.117017,0.138643,0.159174,0.158845
668.407,0.0391924,0.0413458,0.0403413,0.0420654,0.0412635,0.0442929,0.0455246,0.0473954,0.0519611,0.0580585,0.0615785,0.0710091,0.0795813,0.0898602,0.106321,0.122425,0.139759,0.161057,0.162519
668.826,0.0390283,0.0388515,0.0400661,0.0428083,0.0419744,0.0427161,0.0414926,0.047755,0.0519213,0.0565935,0.0602615,0.0676017,0.0778243,0.0859123,0.101747,0.121671,0.134372,0.155087,0.158229
669.245,0.0388007,0.0426411,0.0418532,0.0434078,0.0425214,0.0424629,0.0471807,0.0444088,0.0529709,0.0574381,0.0628623,0.0717489,0.0799208,0.0869771,0.104673,0.121866,0.138279,0.159229,0.16029
669.664,0.0426454,0.0440267,0.0433357,0.0431453,0.0445982,0.0456199,0.0460237,0.0484124,0.0517331,0.0586068,0.0613479,0.0710332,0.0789865,0.0907165,0.104106,0.122484,0.141437,0.161592,0.162045
670.083,0.0379775,0.0413402,0.0433419,0.0431281,0.0433379,0.0442696,0.0447445,0.0476614,0.0500609,0.0548446,0.0604746,0.0693295,0.0785625,0.0901802,0.103061,0.122365,0.142187,0.157492,0.161507
670.502,0.0422898,0.0437571,0.0420757,0.0456349,0.0442491,0.0445228,0.0448357,0.0479923,0.0517083,0.0581905,0.0599242,0.0689817,0.0803787,0.0933748,0.106346,0.119881,0.140948,0.159994,0.161183
670.921,0.0370325,0.0402254,0.0404871,0.0401292,0.0409829,0.0442002,0.0443091,0.0472916,0.0499898,0.0551219,0.0603359,0.0681695,0.0772248,0.0880283,0.102157,0.118674,0.140472,0.157574,0.158079
671.339,0.0356759,0.0391585,0.0394274,0.042439,0.0432218,0.0425918,0.044161,0.0433175,0.0506456,0.0565979,0.0589853,0.066221,0.0755669,0.0893226,0.10247,0.119725,0.137265,0.160401,0.15627
671.758,0.0393968,0.0388072,0.0405282,0.0418566,0.0415875,0.0422318,0.0434794,0.0468344,0.0504136,0.0576185,0.0602558,0.068648,0.0774533,0.086711,0.102371,0.12165,0.140681,0.156773,0.158833
672.176,0.0394777,0.0398136,0.0405245,0.0398832,0.0431219,0.0469968,0.0460304,0.0478025,0.0507143,0.0546346,0.0629257,0.0695143,0.0796377,0.0858376,0.103541,0.121269,0.141188,0.155248,0.161727
672.594,0.0431685,0.0432669,0.0442944,0.0426995,0.044898,0.0445916,0.0471848,0.0468757,0.0524607,0.0533408,0.063786,0.0722482,0.0814837,0.0932413,0.106881,0.119085,0.143031,0.16059,0.161569
673.012,0.042486,0.0439906,0.0446539,0.0446505,0.0464923,0.0475022,0.0471903,0.0494656,0.0541751,0.0590761,0.0634664,0.0732261,0.0824152,0.0897676,0.101321,0.124234,0.142157,0.164088,0.157909
673.43,0.0369435,0.0409862,0.0426519,0.0429192,0.0406378,0.0437362,0.0444964,0.0463201,0.0480815,0.0547082,0.0602403,0.0683885,0.0785606,0.089595,0.104072,0.118366,0.138266,0.161133,0.160668
673.848,0.0396013,0.0407784,0.0416725,0.0432425,0.0440173,0.0431407,0.0444464,0.050496,0.0507266,0.0530422,0.0606681,0.0705695,0.0775363,0.0880593,0.101879,0.119279,0.140952,0.158048,0.160375
674.266,0.0407454,0.0411819,0.0413865,0.0409589,0.0403469,0.0434849,0.043278,0.0472671,0.0493485,0.0544967,0.059949,0.0700212,0.077297,0.0860392,0.103854,0.120407,0.138496,0.158165,0.161044
674.684,0.041667,0.0403952,0.0419633,0.0421639,0.0446094,0.0451417,0.0437734,0.0477932,0.0525106,0.0555171,0.0618681,0.0678113,0.077862,0.0889145,0.101562,0.119327,0.139162,0.157738,0.160634
675.101,0.0416932,0.0403165,0.0418226,0.0435714,0.042985,0.0458027,0.044472,0.0500968,0.0534538,0.0587009,0.0637794,0.0712801,0.0792826,0.0903146,0.107565,0.122111,0.141669,0.160939,0.161907
675.519,0.0417032,0.0441871,0.0428022,0.0451579,0.0449007,0.0475139,0.0481061,0.0507881,0.0510118,0.0573744,0.0628615,0.0711572,0.0804693,0.0910347,0.107069,0.125197,0.143794,0.163566,0.1623
675.936,0.0409575,0.0402505,0.040271,0.0408509,0.0432069,0.0436098,0.0450858,0.0477393,0.0530981,0.0552836,0.0622506,0.0699858,0.0777597,0.0889184,0.101198,0.12086,0.144379,0.164495,0.161521
676.353,0.0400215,0.0397647,0.0381784,0.0415336,0.044122,0.0440781,0.044074,0.046509,0.0505031,0.0550631,0.0622372,0.0697379,0.0769209,0.0880643,0.105519,0.120331,0.140558,0.159621,0.158189
676.77,0.0412987,0.0424777,0.0439324,0.0447125,0.044163,0.045388,0.0455763,0.0489404,0.0528666,0.0580027,0.0622837,0.0724096,0.081255,0.0921161,0.104493,0.124469,0.141602,0.162033,0.16193
677.187,0.0400291,0.0413127,0.0409028,0.0418061,0.0415376,0.0446422,0.0430015,0.0483101,0.0513296,0.0572227,0.0621287,0.069122,0.0779759,0.0894511,0.103934,0.119608,0.138208,0.158024,0.159355
677.604,0.0402436,0.0421396,0.0412332,0.0448148,0.0437728,0.0473373,0.0441908,0.0495753,0.050682,0.0579649,0.064348,0.0718639,0.0808831,0.0919281,0.105284,0.12378,0.136279,0.162861,0.163623
678.02,0.0391103,0.0404454,0.0440232,0.0444139,0.045285,0.0424667,0.0455983,0.0493414,0.0526964,0.057304,0.0623969,0.0701991,0.0787761,0.0906942,0.10366,0.119593,0.141287,0.16379,0.165259
678.437,0.0389509,0.0418764,0.0410046,0.0419007,0.0424699,0.0429642,0.04537,0.0480175,0.0487737,0.0544,0.0605624,0.066909,0.0770693,0.0918998,0.104274,0.119718,0.141779,0.160299,0.160097
678.853,0.0406057,0.0406362,0.0407418,0.0427122,0.0445595,0.0433265,0.0463345,0.0480079,0.0509664,0.0576917,0.0619531,0.0695909,0.0788558,0.0880383,0.102495,0.121094,0.143359,0.160055,0.163395
679.27,0.039608,0.0428818,0.0427116,0.044193,0.0433279,0.0455944,0.0467939,0.0475323,0.0524667,0.0563994,0.0639171,0.0720242,0.0817401,0.0910649,0.10381,0.124753,0.142601,0.158391,0.159829
679.686,0.0410761,0.0423411,0.0430671,0.0425695,0.0429172,0.0443254,0.0472419,0.0482685,0.050719,0.0581353,0.0637935,0.0701522,0.0767781,0.0919353,0.103311,0.121884,0.140545,0.15908,0.161313
680.102,0.040352,0.0399822,0.0419617,0.0401507,0.0421224,0.0436141,0.044301,0.0457074,0.0512739,0.0556497,0.0593467,0.0692555,0.0784583,0.0897688,0.103595,0.120971,0.137653,0.15967,0.153595
680.518,0.0388644,0.0406394,0.0411075,0.0417402,0.0427577,0.0406678,0.0436822,0.0459698,0.050334,0.0574236,0.0628344,0.0699016,0.0774126,0.0919332,0.105118,0.121641,0.138611,0.160655,0.157248
680.933,0.0412322,0.0438306,0.0429126,0.0433099,0.0438599,0.0452854,0.0461965,0.0484929,0.0534477,0.0577189,0.0624721,0.0728242,0.0796643,0.0884304,0.10257,0.121286,0.141272,0.159396,0.155663
681.349,0.0427484,0.0420838,0.0448261,0.0432787,0.0455344,0.0447295,0.0459997,0.0499923,0.0535135,0.059327,0.0646267,0.070889,0.077936,0.0921321,0.10648,0.122005,0.141118,0.161656,0.163322
681.765,0.0410195,0.0449156,0.0436247,0.0436385,0.046267,0.0445157,0.0444424,0.0524802,0.0530446,0.0593006,0.0664054,0.0708751,0.081838,0.0954362,0.111398,0.122627,0.146777,0.162174,0.164434
682.18,0.0411268,0.0397009,0.0405964,0.0418739,0.0421348,0.0445109,0.0427978,0.0485377,0.0488715,0.054177,0.0622228,0.0692763,0.0777127,0.0899109,0.104009,0.113277,0.138736,0.156878,0.158352
682.596,0.0414615,0.0398021,0.043283,0.0442394,0.0421723,0.0431127,0.0456967,0.0486173,0.0508578,0.0554783,0.0628832,0.0713779,0.0785002,0.0920745,0.107514,0.121993,0.140834,0.158146,0.162892
683.011,0.042487,0.0440522,0.041571,0.0427429,0.0412547,0.042296,0.045443,0.0478846,0.0514732,0.0552313,0.06065,0.0679302,0.0789155,0.0916316,0.104583,0.12199,0.138447,0.161498,0.158283
683.426,0.0407489,0.0445932,0.0429075,0.0442654,0.0426632,0.0443699,0.0454132,0.0489026,0.0511688,0.0564492,0.0627579,0.0717717,0.0794875,0.0923073,0.106352,0.123403,0.14043,0.163083,0.160514
683.841,0.0407197,0.0404223,0.0439113,0.0398238,0.040874,0.0427872,0.0449524,0.0505947,0.0529774,0.0540231,0.0623321,0.0702499,0.0801889,0.0894115,0.104821,0.122757,0.138418,0.1606,0.160989
684.256,0.0408658,0.0385118,0.0437421,0.0429156,0.0438476,0.0440247,0.0465943,0.0500466,0.0528902,0.0567264,0.0620374,0.0694953,0.0776529,0.0898469,0.103141,0.124276,0.144387,0.156906,0.163606
684.67,0.0387202,0.0404767,0.0417494,0.0439398,0.0402771,0.0445385,0.0451188,0.0494601,0.0510058,0.0552469,0.0612895,0.0703156,0.0764884,0.0918028,0.101558,0.121016,0.142308,0.162096,0.161432
685.085,0.043668,0.0415539,0.0433527,0.0447506,0.0463232,0.0457633,0.0457148,0.0479532,0.0504429,0.0577208,0.0609821,0.0725475,0.0788287,0.0899087,0.102497,0.121689,0.137523,0.158184,0.16204
685.499,0.0415854,0.0406131,0.042621,0.044066,0.0432367,0.0447714,0.045731,0.0490952,0.0530338,0.0540639,0.0631485,0.0678057,0.0769292,0.0911167,0.102718,0.121092,0.141325,0.160175,0.159683
685.914,0.0417723,0.0414501,0.0443069,0.0446644,0.0434019,0.047897,0.045378,0.0484811,0.0543869,0.0571956,0.0632,0.0699896,0.0799496,0.0936472,0.105202,0.124001,0.147522,0.161884,0.163272
686.328,0.03918,0.0406762,0.0410871,0.0417069,0.0432192,0.0421593,0.0440116,0.0451282,0.0502314,0.0546154,0.0600191,0.0692185,0.0792039,0.0895359,0.103108,0.120169,0.137215,0.157206,0.15788
686.742,0.0382915,0.0393881,0.0403591,0.0408786,0.0430832,0.0437792,0.0450848,0.0493413,0.050246,0.0570221,0.0596679,0.0700136,0.078693,0.0879603,0.100435,0.117298,0.141409,0.156375,0.155346
687.156,0.0403708,0.042822,0.0422283,0.042749,0.0454253,0.0425242,0.0447601,0.0472889,0.0490242,0.0548433,0.0614413,0.071014,0.0786768,0.0901713,0.102727,0.122435,0.141288,0.159744,0.161725
687.57,0.0391878,0.0416603,0.0399265,0.0433122,0.041405,0.0438227,0.0437764,0.048668,0.0521407,0.0546851,0.0613743,0.0683553,0.0786448,0.088715,0.102817,0.121058,0.138218,0.160464,0.159676
687.984,0.0405791,0.0409319,0.041226,0.0452718,0.0430274,0.0447779,0.0443413,0.0470122,0.0513923,0.0576389,0.0622289,0.0702331,0.080307,0.0904153,0.104895,0.1213,0.141488,0.163222,0.157988
688.398,0.0433268,0.0418915,0.0420691,0.0430386,0.046301,0.0445823,0.046018,0.0467425,0.0508207,0.0552634,0.0627631,0.0706673,0.0767566,0.0892625,0.1022,0.118992,0.14234,0.157624,0.158881
688.811,0.0384586,0.0408199,0.040539,0.0421298,0.0427803,0.0434857,0.0459111,0.0480819,0.050173,0.0550513,0.0626551,0.0678324,0.0759216,0.0885578,0.101223,0.12107,0.137016,0.154923,0.155693
689.224,0.0382801,0.0414159,0.042109,0.0422266,0.0408123,0.0433763,0.0440912,0.0481476,0.0487762,0.0565926,0.060795,0.0675534,0.0802687,0.0905192,0.10762,0.120123,0.141118,0.159021,0.160006
689.638,0.0410834,0.0444502,0.0444747,0.0431036,0.0455961,0.0460308,0.0473807,0.0494185,0.052262,0.0553939,0.0587275,0.0712544,0.081238,0.0904314,0.106749,0.119049,0.141545,0.160442,0.16134
690.051,0.0396528,0.0406994,0.0436929,0.0427401,0.043114,0.0435575,0.0443139,0.0470706,0.0507724,0.0560195,0.0587757,0.0665138,0.0774814,0.0901412,0.101949,0.120008,0.138102,0.159261,0.161197
690.464,0.0421213,0.0447567,0.0412235,0.0422077,0.0453243,0.0445584,0.043089,0.0484024,0.0513766,0.0554426,0.0626095,0.0700568,0.0790281,0.0928036,0.104084,0.121219,0.140308,0.158669,0.161114
690.877,0.0421316,0.0425527,0.0453669,0.0463675,0.0449215,0.0472723,0.0483647,0.0494469,0.0546329,0.0605257,0.0645454,0.0702182,0.0815944,0.0898344,0.106962,0.124992,0.147767,0.165796,0.167292
691.29,0.0406673,0.0438013,0.0423083,0.0413289,0.043512,0.0454445,0.0444097,0.0473677,0.0512356,0.0556162,0.0607599,0.071418,0.0779202,0.0879673,0.104599,0.122196,0.14284,0.159608,0.161162
691.702,0.0408257,0.0411391,0.0434208,0.0434668,0.0444622,0.0442974,0.0465364,0.0470494,0.0530284,0.0558795,0.063975,0.0706737,0.0803649,0.0909016,0.101812,0.125598,0.13804,0.158836,0.162402
692.115,0.0389388,0.0429927,0.0419766,0.0446582,0.0464762,0.0472096,0.0483176,0.0479021,0.0505401,0.0570009,0.0629084,0.0698403,0.0809328,0.0897197,0.103423,0.122748,0.143867,0.162478,0.162835
692.527,0.0396275,0.039927,0.0418096,0.0425068,0.0441079,0.0457782,0.0442242,0.0464769,0.0537936,0.0584418,0.060632,0.0704297,0.0799521,0.0897432,0.103899,0.123379,0.140776,0.161614,0.157175
692.94,0.0400608,0.0443328,0.0410891,0.0423977,0.0435001,0.0452381,0.0462958,0.047292,0.0542895,0.0556029,0.0646423,0.0714804,0.0788398,0.0882001,0.103327,0.12303,0.142666,0.161926,0.160694
693.352,0.0419189,0.0413636,0.039744,0.0443925,0.0444901,0.0439339,0.0472857,0.0479311,0.0497275,0.0562784,0.061268,0.0688942,0.0772746,0.0894427,0.102593,0.120524,0.139278,0.159732,0.16114
693.764,0.0389006,0.0415821,0.0419536,0.0421557,0.0428649,0.0455618,0.0439976,0.047625,0.0502787,0.0564735,0.0622886,0.0712904,0.0770781,0.0890464,0.102824,0.12029,0.141824,0.160228,0.155373
694.176,0.0399193,0.0406164,0.0409972,0.0409469,0.0442346,0.0437018,0.0450929,0.0462072,0.0503053,0.0543963,0.0626157,0.0702965,0.0800736,0.0868615,0.104853,0.120277,0.139703,0.158313,0.160117
694.588,0.0396893,0.0414464,0.0411187,0.0409547,0.0425001,0.0445095,0.0442096,0.0488322,0.0520006,0.0550379,0.0627059,0.0688097,0.0775382,0.0888053,0.101788,0.121787,0.139671,0.160882,0.160461
694.999,0.0400196,0.0437751,0.043466,0.0452257,0.0478681,0.0461055,0.048104,0.0500427,0.0532743,0.0567599,0.0634022,0.0728167,0.0842382,0.0912152,0.10661,0.125693,0.143914,0.163917,0.165937
695.411,0.0416259,0.0414353,0.0413696,0.0418063,0.0445993,0.044982,0.0438276,0.0470513,0.0491905,0.054427,0.0640811,0.0706392,0.0786905,0.0890479,0.101997,0.120617,0.14038,0.155462,0.16034
695.822,0.0381597,0.0387104,0.0417069,0.0401953,0.0427639,0.0452917,0.0447969,0.0473622,0.0512198,0.0564013,0.0606276,0.0663569,0.0826974,0.0890354,0.10386,0.116567,0.14051,0.15955,0.161432
696.234,0.0386929,0.0424013,0.0425453,0.0416663,0.0430701,0.0466839,0.0447352,0.0464487,0.0498452,0.0565755,0.0608346,0.0675567,0.0775356,0.0910345,0.102492,0.118044,0.139724,0.161166,0.157825
696.645,0.0398609,0.0407205,0.0396609,0.0436055,0.0446218,0.0438948,0.0451024,0.0483113,0.0483736,0.053708,0.0608733,0.068098,0.0776146,0.0916742,0.101873,0.119894,0.139387,0.159704,0.162385
697.056,0.040101,0.0411746,0.0456466,0.0448416,0.0441893,0.0435145,0.0445752,0.0507701,0.0541347,0.0569343,0.0633021,0.0702739,0.0798703,0.092695,0.106368,0.122934,0.144202,0.164119,0.166063
697.467,0.0432038,0.0424759,0.0464719,0.0430897,0.0432781,0.0444265,0.0448169,0.0505256,0.0540967,0.0567844,0.0657532,0.069992,0.0797887,0.09154,0.10453,0.120686,0.146278,0.164467,0.161414
697.878,0.0403104,0.0421918,0.0428171,0.0420387,0.0439892,0.0439842,0.0445936,0.0497044,0.0513934,0.0573234,0.0617851,0.0713475,0.0795361,0.08999,0.105735,0.122614,0.140262,0.15857,0.161084
698.289,0.0385221,0.0410344,0.0412831,0.0452616,0.0434036,0.0424017,0.0432198,0.0477595,0.0532284,0.0565356,0.0619717,0.0703131,0.0791188,0.0890615,0.105588,0.118266,0.143696,0.162745,0.160681
698.699,0.0403546,0.0416861,0.0442852,0.0439348,0.0431231,0.0440392,0.0467367,0.0487371,0.0526467,0.0563029,0.0633749,0.071935,0.0777285,0.0909326,0.103984,0.122983,0.140371,0.165181,0.160238
699.11,0.0396492,0.0421052,0.0425035,0.043539,0.0429395,0.0442242,0.0456301,0.0486462,0.0504514,0.0558953,0.0609525,0.0697364,0.0766592,0.0881885,0.105462,0.120998,0.139673,0.160026,0.161636
699.52,0.0396476,0.044009,0.0439599,0.0442165,0.0455668,0.0448284,0.0448837,0.0482589,0.0557787,0.0546391,0.0654972,0.0716794,0.0797722,0.0914428,0.10384,0.12189,0.144482,0.161509,0.164224
699.931,0.0422348,0.0408723,0.0412312,0.0404308,0.0432788,0.0454132,0.0439915,0.0480922,0.0501321,0.0557159,0.0644822,0.0710368,0.082264,0.0925911,0.105867,0.120788,0.144827,0.165974,0.161896
700.341,0.0410614,0.0404295,0.0425726,0.0441533,0.042277,0.043647,0.0456973,0.0478986,0.0528325,0.0565413,0.0627661,0.067731,0.0800908,0.0910149,0.101314,0.118388,0.14055,0.158549,0.158403
700.751,0.0428189,0.044296,0.039364,0.0393363,0.0434086,0.0452771,0.0430673,0.0493651,0.0512659,0.0590766,0.0611912,0.0681709,0.0772187,0.0895822,0.103933,0.12,0.141113,0.158959,0.16068
701.161,0.0397671,0.0416192,0.0453388,0.043201,0.0428563,0.0453868,0.0466356,0.0487999,0.0537295,0.0547475,0.0628623,0.0699588,0.080198,0.0914881,0.102967,0.123059,0.144885,0.164044,0.161425
701.57,0.0417196,0.0418314,0.0431387,0.0414805,0.0424474,0.042997,0.046864,0.0497536,0.0505298,0.0571424,0.0617169,0.0692976,0.0793048,0.0900393,0.106799,0.118511,0.141295,0.159593,0.159554
701.98,0.0404847,0.0403067,0.038867,0.0418784,0.0436332,0.0414678,0.0456005,0.0456305,0.0489118,0.053953,0.061134,0.0669127,0.0777711,0.0869151,0.102763,0.119256,0.138743,0.158996,0.157119
702.39,0.0396118,0.0411913,0.0450915,0.0411451,0.043179,0.0430917,0.0449429,0.0479181,0.0497307,0.0552723,0.0597866,0.0701194,0.0769512,0.0888067,0.103719,0.122473,0.144304,0.162125,0.160658
702.799,0.0367421,0.0385736,0.0420878,0.0409847,0.0427473,0.043158,0.0433795,0.047976,0.0515815,0.0531154,0.0610333,0.0684828,0.0768292,0.0878728,0.1048,0.121815,0.14104,0.159491,0.159222
703.208,0.0404356,0.0399923,0.0414535,0.0412641,0.0421269,0.0455202,0.0457396,0.0464459,0.0487016,0.0579371,0.0617539,0.0681874,0.0790182,0.0898409,0.108482,0.122414,0.141021,0.163249,0.159538
703.617,0.040793,0.0400216,0.0394077,0.0403263,0.0429682,0.0440379,0.0419272,0.0467082,0.0497879,0.054398,0.0616096,0.0682244,0.0763232,0.0895436,0.102819,0.116396,0.13919,0.157976,0.157855
704.027,0.0419184,0.0462169,0.0421621,0.0425974,0.0446879,0.047776,0.0471335,0.0499119,0.0518668,0.0549094,0.0631943,0.0719408,0.0796484,0.0927326,0.10422,0.123952,0.13994,0.164401,0.164332
704.435,0.0385711,0.0403031,0.0386492,0.0409961,0.0431536,0.0441914,0.0435527,0.0466319,0.0512782,0.0515554,0.057112,0.0660108,0.075002,0.0867647,0.100501,0.115911,0.140328,0.156875,0.158154
704.844,0.0398328,0.0400207,0.0431713,0.0436902,0.0440076,0.0430768,0.0458111,0.0494914,0.0542507,0.0579254,0.0633529,0.070326,0.0787205,0.0893238,0.106789,0.122222,0.14018,0.162257,0.161743
705.253,0.0373987,0.039215,0.0434009,0.0392303,0.0418024,0.0426808,0.0449029,0.0469572,0.050246,0.0546743,0.0633118,0.0686981,0.0769094,0.086877,0.104759,0.121783,0.139592,0.160415,0.159745
705.662,0.0378404,0.039,0.0423427,0.0422959,0.0429892,0.0407425,0.0472066,0.0487345,0.0524315,0.0552408,0.0599284,0.0684204,0.0796634,0.0856164,0.104115,0.118953,0.136013,0.157369,0.16107
706.07,0.0406718,0.0422058,0.0429688,0.045163,0.0433775,0.0457475,0.048476,0.0502701,0.0483942,0.0585776,0.0642868,0.0713482,0.08062,0.0895459,0.103792,0.117873,0.141067,0.160213,0.161454
706.478,0.0418163,0.0446907,0.0456097,0.0452349,0.0456793,0.0459357,0.0473055,0.051354,0.0516514,0.0579669,0.0629861,0.0721761,0.0796472,0.0899294,0.102768,0.122666,0.141981,0.162766,0.163955
706.887,0.0426886,0.0419981,0.0433773,0.0426222,0.0455575,0.0437609,0.0468245,0.0484826,0.0523474,0.0585671,0.0619221,0.0681331,0.0798331,0.0868513,0.101396,0.122419,0.141369,0.165122,0.162017
707.295,0.0401823,0.0399478,0.0424748,0.0433281,0.0421998,0.0450372,0.0444077,0.0476597,0.0519898,0.05646,0.0622029,0.0691254,0.0777834,0.0878799,0.103246,0.120504,0.14146,0.160896,0.161729
707.703,0.040174,0.041326,0.0422531,0.0423,0.0426653,0.0453445,0.0429606,0.0466626,0.0519394,0.0548235,0.0611293,0.0717656,0.0787916,0.0887197,0.103608,0.121281,0.139856,0.159638,0.161294
708.11,0.0431312,0.0434227,0.0418228,0.0433215,0.0444545,0.0430581,0.0426636,0.0467694,0.0502138,0.0575509,0.0612506,0.0701608,0.0784384,0.0892812,0.105614,0.120386,0.140964,0.160599,0.163117
708.518,0.0403442,0.0407832,0.0412526,0.0426553,0.0427002,0.044337,0.0471902,0.0470787,0.0500612,0.0542072,0.062489,0.0738105,0.0822095,0.0888426,0.105282,0.120926,0.143841,0.165174,0.162881
708.926,0.0410392,0.0437093,0.0411248,0.0414763,0.0432757,0.0444291,0.0463576,0.0485356,0.0511814,0.0563524,0.0602091,0.0713597,0.0767092,0.0873511,0.104221,0.12264,0.142495,0.163034,0.160021
709.333,0.0416028,0.0416175,0.0448633,0.0450014,0.0449512,0.0453452,0.0470978,0.0514075,0.0537688,0.057584,0.0636591,0.0737218,0.0801752,0.0924769,0.106827,0.125901,0.142388,0.161695,0.164299
709.741,0.0402177,0.0427111,0.0444473,0.0437437,0.0439039,0.0450631,0.0469333,0.0493293,0.0511217,0.0575365,0.0648602,0.0706968,0.0786348,0.091283,0.107636,0.120934,0.142224,0.162069,0.158299
710.148,0.0393165,0.0405072,0.0405849,0.0426345,0.0438247,0.0446258,0.0443319,0.0509753,0.0502816,0.0543793,0.0597299,0.0683438,0.0783362,0.0896591,0.101714,0.121379,0.1433,0.160692,0.163149
710.555,0.0390689,0.0424675,0.042784,0.0432144,0.0428274,0.0447512,0.0439742,0.0467652,0.0495113,0.0536973,0.0596606,0.0714723,0.0787924,0.0934957,0.103824,0.123898,0.141914,0.161256,0.159184
710.962,0.0440109,0.0413457,0.0420616,0.0458032,0.0434775,0.0457616,0.0434913,0.0472769,0.0527328,0.0552325,0.0614514,0.0710095,0.0792943,0.0922953,0.107407,0.123537,0.141115,0.163115,0.160863
711.369,0.0415644,0.044764,0.0442087,0.0463221,0.0443649,0.0439693,0.0483226,0.0502871,0.0529185,0.058314,0.0656921,0.0712089,0.084205,0.0915555,0.104234,0.123301,0.145703,0.163355,0.162221
711.776,0.0428198,0.0439829,0.0418326,0.0437503,0.0447994,0.0442311,0.0458533,0.0474267,0.0506853,0.0575711,0.0619097,0.0699405,0.0796272,0.0929512,0.104747,0.123425,0.140449,0.162124,0.157277
712.182,0.0366754,0.0396093,0.0420763,0.0452594,0.0427832,0.0427862,0.0461789,0.0462615,0.049724,0.0565972,0.063213,0.0690481,0.0774525,0.0879339,0.10391,0.115627,0.141812,0.160024,0.163174
712.589,0.0394991,0.0395682,0.0429149,0.0408176,0.0433848,0.0445599,0.0447349,0.0481182,0.0516324,0.0574712,0.0627193,0.0676082,0.0747598,0.0887654,0.104893,0.119576,0.139177,0.160144,0.160672
712.995,0.0408377,0.0402541,0.0417739,0.0445533,0.0438637,0.0422266,0.0444648,0.0478052,0.0505174,0.0542619,0.0607103,0.0693636,0.0788063,0.0891743,0.100376,0.12158,0.138235,0.157235,0.162919
713.401,0.0387068,0.0386292,0.0415531,0.0406035,0.0430023,0.0418557,0.0415431,0.0443656,0.0485777,0.0549544,0.061657,0.064972,0.0743923,0.0902313,0.101123,0.117478,0.136655,0.156253,0.157758
713.808,0.0385285,0.0413323,0.0419367,0.0426262,0.044193,0.0430354,0.0430249,0.0468735,0.0503618,0.054826,0.0621767,0.0682854,0.0794294,0.0870208,0.105193,0.122138,0.139776,0.15863,0.161549
714.214,0.0356878,0.0430855,0.0395705,0.041404,0.0446479,0.0438288,0.0452639,0.0474761,0.051681,0.0557438,0.058582,0.0665549,0.0801641,0.0883098,0.10347,0.120652,0.138041,0.1603,0.164543
714.619,0.0395462,0.044239,0.0422185,0.041861,0.0438256,0.0443318,0.0460493,0.0496108,0.0493301,0.0532104,0.0630266,0.0719185,0.0792201,0.0927776,0.107259,0.121658,0.146935,0.164311,0.162619
715.025,0.0402189,0.0400149,0.0430482,0.0452072,0.042896,0.0444836,0.0467142,0.0457739,0.0506943,0.0562138,0.0630875,0.0718976,0.080034,0.0878625,0.103945,0.122242,0.138572,0.165428,0.163129
715.431,0.038456,0.0427829,0.0406317,0.0422468,0.0431081,0.0433224,0.0459705,0.0507831,0.0525886,0.05849,0.0618791,0.0685588,0.0781782,0.088028,0.103521,0.122864,0.145131,0.161241,0.164695
715.836,0.042523,0.0428529,0.0424057,0.0427497,0.0449579,0.0480089,0.0482716,0.0485776,0.0514726,0.0550368,0.0613904,0.0706237,0.0804928,0.0913245,0.105951,0.125849,0.138339,0.160624,0.162768
716.242,0.0396607,0.043929,0.0453254,0.0440614,0.0418251,0.0437038,0.047077,0.04665,0.0524059,0.056651,0.0638505,0.0684468,0.0792332,0.0888668,0.10664,0.122878,0.138068,0.159396,0.165876
716.647,0.0389319,0.0418443,0.0440023,0.0432372,0.0459589,0.0463366,0.0445276,0.0514266,0.0550416,0.0567339,0.0633613,0.0676145,0.0789861,0.0879068,0.106805,0.120503,0.139291,0.163888,0.163333
717.052,0.0390688,0.0431518,0.0411799,0.042377,0.0435385,0.0465971,0.0442698,0.0487282,0.0544497,0.0564851,0.0621916,0.0719124,0.0808514,0.0906273,0.10308,0.119392,0.141927,0.164337,0.160119
717.457,0.0393782,0.0415523,0.0418903,0.0445044,0.0454932,0.0467245,0.0462168,0.0487872,0.0511978,0.0576277,0.0641418,0.072549,0.0814013,0.0888408,0.106509,0.120321,0.145808,0.160672,0.162805
717.862,0.0416963,0.043298,0.0442914,0.0416578,0.0436772,0.0447679,0.0460811,0.0477098,0.0515131,0.0542581,0.0629222,0.0687803,0.079072,0.0933939,0.103643,0.124692,0.144276,0.162811,0.161989
718.267,0.0401435,0.0428918,0.0433308,0.042452,0.0434777,0.0441901,0.0455175,0.0471029,0.0510383,0.0545776,0.0600142,0.0715069,0.0789101,0.0917628,0.104368,0.117922,0.140478,0.16037,0.160971
718.672,0.0408577,0.0395199,0.0415967,0.0427421,0.0437272,0.0419931,0.0450926,0.0465027,0.0510446,0.0602517,0.0619806,0.0697142,0.0814954,0.090991,0.107725,0.122453,0.142471,0.162534,0.161819
719.076,0.0436499,0.0429201,0.0424038,0.0448427,0.0453025,0.0427422,0.0462247,0.0513419,0.0519439,0.0570884,0.0600361,0.0726741,0.080439,0.0951593,0.107679,0.123914,0.144501,0.160457,0.160477
719.481,0.0389142,0.0410823,0.040548,0.0410719,0.0422349,0.0459852,0.0469485,0.0511356,0.0535127,0.058147,0.0637734,0.0719338,0.0781828,0.0863752,0.10321,0.121853,0.143279,0.159695,0.160985
719.885,0.0399647,0.0432555,0.0425826,0.0432474,0.0433752,0.0461584,0.0489474,0.048956,0.0520279,0.0553406,0.0650987,0.0739788,0.0825663,0.0928957,0.10913,0.123671,0.144366,0.162342,0.163541
720.289,0.0419641,0.0419476,0.0448299,0.0452886,0.0429173,0.0475537,0.0484152,0.0496063,0.0530839,0.0567428,0.0648621,0.069904,0.0806194,0.0954602,0.103262,0.122308,0.14162,0.165209,0.164324
720.694,0.0389917,0.0378904,0.0395877,0.0392389,0.042725,0.0432312,0.0460311,0.0479953,0.0502879,0.0545396,0.061196,0.0697525,0.0760164,0.0887988,0.100955,0.120972,0.142486,0.157452,0.156124
721.097,0.0404498,0.0399415,0.0419362,0.0434172,0.042718,0.0456887,0.0469404,0.0488131,0.0518003,0.054874,0.0632651,0.07049,0.0773406,0.0878369,0.106199,0.124,0.141813,0.160975,0.162055
721.501,0.0375954,0.0397586,0.0390786,0.039318,0.041563,0.0442466,0.0444158,0.0461864,0.0500717,0.0549955,0.0584699,0.066821,0.0788984,0.0873661,0.0989654,0.120253,0.137578,0.157858,0.157718
721.905,0.0401924,0.041323,0.041195,0.0430875,0.0428865,0.042995,0.0438095,0.0466591,0.0498958,0.0555171,0.0639566,0.0703979,0.0797539,0.0874913,0.104101,0.123702,0.142566,0.161238,0.164752
722.309,0.0406204,0.0411961,0.0425202,0.0405292,0.0444895,0.0456818,0.0438848,0.0468649,0.049096,0.053645,0.0619264,0.0682402,0.0799755,0.0904016,0.104132,0.122325,0.139459,0.160415,0.16166
722.712,0.0399372,0.0423672,0.0422645,0.0421246,0.0437117,0.0445708,0.0451097,0.0470923,0.0503078,0.0547592,0.0646079,0.0669451,0.0780045,0.0912356,0.104887,0.121128,0.139166,0.162507,0.156861
723.115,0.0390606,0.0417337,0.0426412,0.0431639,0.0450202,0.0466975,0.0455693,0.0494793,0.0529812,0.0544826,0.0649978,0.0745202,0.080396,0.0894449,0.107382,0.124369,0.143074,0.163648,0.160784
723.519,0.039828,0.0412453,0.0420897,0.0428208,0.0413487,0.041246,0.0450115,0.0445334,0.0496239,0.0547672,0.0574646,0.0681179,0.0747706,0.0901658,0.104734,0.119851,0.140815,0.162312,0.161621
723.922,0.0404631,0.0443885,0.0415831,0.0433925,0.0426691,0.0444502,0.0477606,0.0497582,0.0525729,0.0558921,0.0621993,0.0724764,0.0795724,0.0885491,0.109938,0.124006,0.143987,0.162256,0.16012
724.325,0.0407777,0.0415822,0.0435666,0.044736,0.0443737,0.0448082,0.0475307,0.0511485,0.0510402,0.0562714,0.0635094,0.0698884,0.0769732,0.0904359,0.108038,0.121743,0.142174,0.159929,0.168711
724.728,0.0397415,0.0424,0.0462037,0.0416585,0.0425412,0.046408,0.048792,0.0503288,0.0520362,0.0575173,0.0646659,0.0714536,0.0804533,0.0896785,0.10657,0.119619,0.145339,0.164425,0.16504
725.13,0.0426792,0.0426412,0.0429131,0.0424004,0.0429613,0.0424464,0.0483963,0.045369,0.0515792,0.0542721,0.0599755,0.0682601,0.0757274,0.0899084,0.10171,0.121527,0.141867,0.161536,0.1559
725.533,0.0433173,0.0427623,0.042714,0.0451702,0.0441335,0.0432998,0.0458683,0.0455547,0.0513063,0.0543067,0.0626686,0.0686864,0.0823893,0.0899993,0.102826,0.123925,0.142114,0.158435,0.162637
725.936,0.0389122,0.0422641,0.0417129,0.04008,0.0478445,0.0424975,0.0421941,0.0462865,0.0509317,0.0533431,0.0610907,0.0686923,0.077915,0.0910291,0.102012,0.121135,0.142183,0.161237,0.157968
726.338,0.0405751,0.0421017,0.040689,0.0416737,0.0436751,0.0437635,0.044749,0.0468603,0.0490567,0.0600407,0.0632368,0.0695169,0.0776859,0.0905153,0.103911,0.122017,0.142342,0.164742,0.15835
726.74,0.0384853,0.0424848,0.0429479,0.0432424,0.0440157,0.0439315,0.0447826,0.0472546,0.0507177,0.0531229,0.0610918,0.0704101,0.079356,0.0925582,0.103446,0.120449,0.13856,0.162356,0.162267
727.142,0.0426471,0.0401398,0.0401393,0.0425488,0.041884,0.0444608,0.046297,0.0466001,0.0495718,0.054792,0.0616262,0.0689588,0.0771562,0.0873125,0.103548,0.120919,0.141376,0.163024,0.158984
727.544,0.0385078,0.0410819,0.0420772,0.0407837,0.0419516,0.0465509,0.0464896,0.0477545,0.0525667,0.0566351,0.0600913,0.0687238,0.0747339,0.088825,0.102743,0.116663,0.142959,0.158333,0.157995
727.946,0.036482,0.0397188,0.0391923,0.0407804,0.0385122,0.040111,0.0467894,0.048115,0.0504203,0.0525524,0.0588967,0.0687024,0.0758661,0.0903614,0.0999738,0.121409,0.137261,0.164508,0.158624
728.348,0.0416497,0.0408926,0.0439496,0.0398292,0.0429879,0.0428383,0.0458784,0.0462974,0.049629,0.0566329,0.0638743,0.0711491,0.0812912,0.0915647,0.10349,0.122337,0.147574,0.161404,0.163245
728.75,0.0378444,0.0427513,0.0429263,0.0441074,0.0444221,0.0463705,0.0450517,0.0494825,0.0524088,0.0574124,0.0674689,0.0721647,0.0805025,0.0905096,0.106006,0.123056,0.14707,0.162512,0.162674
729.151,0.0417972,0.0435435,0.043902,0.0446976,0.043304,0.0454374,0.0462278,0.0498108,0.0516127,0.0603873,0.0617065,0.0719688,0.0771278,0.0887142,0.10397,0.12356,0.139966,0.163591,0.162119
729.553,0.040687,0.0403458,0.0453319,0.0441546,0.0449177,0.0459073,0.0490545,0.0479084,0.0522778,0.0541019,0.0610508,0.0679436,0.0791071,0.0873028,0.103297,0.119757,0.140215,0.162214,0.163335
729.954,0.0395211,0.0366506,0.0422266,0.0401605,0.0432471,0.0418766,0.0443109,0.0471455,0.0499779,0.0573314,0.0619599,0.0700188,0.0778804,0.0891965,0.103653,0.120587,0.141712,0.160402,0.159529
730.355,0.0388111,0.0427182,0.0418032,0.0412523,0.0441921,0.0445446,0.0449813,0.0483434,0.050878,0.0576675,0.0629305,0.0672089,0.0781398,0.0876348,0.104168,0.121494,0.14099,0.160127,0.160716
730.756,0.0401619,0.0409518,0.0413768,0.0412909,0.0454051,0.0461237,0.0477023,0.0466713,0.0519046,0.0580822,0.0623442,0.068715,0.0809614,0.0905366,0.107418,0.119205,0.1453,0.159892,0.162701
731.157,0.0413603,0.0420991,0.0434995,0.0422363,0.0413713,0.045437,0.0458932,0.049798,0.0512135,0.056664,0.0634561,0.0691404,0.0780082,0.0877013,0.105951,0.121211,0.143527,0.161012,0.161409
731.558,0.0408877,0.0415534,0.0438885,0.0374451,0.0413099,0.0440739,0.0438813,0.0479978,0.0508853,0.0529071,0.0629771,0.0706812,0.0783828,0.0898017,0.106401,0.122187,0.141159,0.160519,0.157461
731.959,0.0391834,0.0455096,0.0464566,0.0463339,0.0424835,0.0484668,0.0463562,0.0526207,0.0538996,0.0587641,0.0644546,0.0703935,0.0823956,0.0922743,0.105942,0.125874,0.143133,0.167009,0.165913
732.359,0.0421464,0.0416131,0.0457956,0.0433533,0.0419586,0.0460325,0.0470867,0.0473207,0.0523069,0.0585224,0.0630356,0.0710161,0.0803455,0.0927082,0.104209,0.122718,0.1477,0.160109,0.163628
732.76,0.0404557,0.0394556,0.0415592,0.0426246,0.0442428,0.0426567,0.0443719,0.0472654,0.0487392,0.0576993,0.062401,0.0707034,0.0795404,0.0887296,0.103306,0.121519,0.140757,0.161703,0.164674
733.16,0.0426931,0.0454447,0.0428205,0.0421859,0.0463073,0.0468196,0.044589,0.0484283,0.0533511,0.0581157,0.0632612,0.0701064,0.0813702,0.091421,0.103887,0.123317,0.144841,0.162866,0.164537
733.56,0.0404422,0.0411968,0.0411367,0.0424011,0.043193,0.0420302,0.0433928,0.0456204,0.0488212,0.0557279,0.0611631,0.0695183,0.0750949,0.0896128,0.103336,0.119367,0.14034,0.161654,0.166723
733.96,0.040056,0.0377755,0.0438285,0.0404767,0.0426228,0.0439899,0.0497991,0.0478171,0.0513191,0.0572027,0.0611378,0.0687842,0.0764856,0.0889606,0.103381,0.118351,0.140272,0.162029,0.161678
734.36,0.0407417,0.0427585,0.0435924,0.042754,0.0442323,0.0453744,0.0487631,0.0456592,0.0506277,0.0574327,0.0656574,0.0711207,0.0784262,0.089593,0.106018,0.125274,0.142558,0.164385,0.164127
734.76,0.037464,0.0407389,0.0410554,0.0388465,0.0401574,0.0412515,0.0420757,0.0455543,0.0498062,0.0531833,0.062454,0.0685052,0.0763483,0.089569,0.105238,0.121725,0.139747,0.15827,0.162352
735.16,0.0385053,0.0392461,0.0403,0.0407033,0.0400544,0.0417896,0.041322,0.0461299,0.0471175,0.0521295,0.0575718,0.0663229,0.0729912,0.0880474,0.103779,0.116602,0.137271,0.162872,0.162983
735.559,0.0410795,0.03892,0.0425187,0.0417038,0.0430072,0.0443849,0.0417836,0.050398,0.051769,0.0541419,0.0592286,0.071856,0.0786618,0.0852784,0.108849,0.124138,0.140884,0.160697,0.160398
735.959,0.038649,0.041217,0.0409222,0.0433108,0.0417176,0.0431751,0.0444537,0.0454039,0.0492784,0.0542172,0.0639704,0.0708882,0.0807506,0.0912286,0.103231,0.121372,0.14477,0.163517,0.165367
736.358,0.0408251,0.0401173,0.0430205,0.0403843,0.0437036,0.0414381,0.0469195,0.0469333,0.0504832,0.0575357,0.0630855,0.0706308,0.0778455,0.0882654,0.105045,0.123891,0.140563,0.160645,0.164968
736.757,0.0405211,0.0419696,0.0439077,0.0438684,0.0449035,0.0428024,0.0465841,0.0475801,0.0530465,0.0593694,0.0635551,0.0711824,0.0776355,0.092527,0.109333,0.127331,0.145277,0.168236,0.165132
737.157,0.0407772,0.0408336,0.0415007,0.0412756,0.0431033,0.0436215,0.0430514,0.0509543,0.0482219,0.055725,0.0605513,0.0685388,0.0750408,0.090158,0.106106,0.119218,0.140481,0.158198,0.162268
737.555,0.0427573,0.0432696,0.0424486,0.0446567,0.045986,0.0445453,0.0454265,0.049494,0.0499823,0.0580666,0.0666233,0.0729509,0.0822343,0.0923604,0.106851,0.121698,0.148033,0.166553,0.162336
737.954,0.0448544,0.0439665,0.0444735,0.0432939,0.0444304,0.0468171,0.0470444,0.0494892,0.0522725,0.0553359,0.0641683,0.0696754,0.0789845,0.0936437,0.107049,0.124645,0.146411,0.161707,0.1685
738.353,0.0407286,0.0403187,0.0425135,0.0421449,0.047471,0.0461094,0.0414426,0.0501941,0.0557777,0.0557212,0.0627697,0.0711755,0.081059,0.0891028,0.109007,0.122566,0.142556,0.159836,0.162957
738.752,0.03862,0.0414175,0.0397545,0.0433728,0.0434025,0.0474979,0.0453292,0.0465574,0.0511628,0.0564283,0.0614797,0.0720402,0.0735896,0.0878763,0.104899,0.120936,0.137329,0.161629,0.158612
739.15,0.0429686,0.0425551,0.0387616,0.0433283,0.0432217,0.0470417,0.046264,0.0512355,0.0541827,0.0553562,0.0645525,0.0732194,0.0800233,0.0903495,0.105626,0.120395,0.144144,0.163952,0.162877
739.549,0.0409244,0.0400481,0.0424837,0.0407285,0.0438679,0.042834,0.0472618,0.049471,0.05404,0.0574437,0.0645281,0.0727008,0.0783054,0.0903349,0.106455,0.124899,0.141933,0.163242,0.161156
739.947,0.0360632,0.0386699,0.0365778,0.039746,0.0414273,0.040448,0.0399989,0.0426693,0.0451519,0.0517235,0.06122,0.066882,0.077216,0.0853468,0.0980024,0.117426,0.139175,0.162102,0.159885
740.345,0.037688,0.0414321,0.0422702,0.0429839,0.041392,0.045959,0.0453681,0.0482069,0.0490572,0.0611884,0.0627819,0.0720164,0.0787719,0.0929823,0.10559,0.12219,0.14588,0.164132,0.162916
740.743,0.0423799,0.0418937,0.040888,0.0425248,0.0430971,0.0413343,0.0459462,0.0501743,0.0516248,0.0564866,0.0645778,0.0696265,0.0774341,0.0921075,0.106063,0.122848,0.143457,0.16183,0.165039
741.141,0.0389863,0.0391052,0.0409991,0.0398231,0.04318,0.0413168,0.0433447,0.0471321,0.0489186,0.0553131,0.0585602,0.0698675,0.0802683,0.0873637,0.100697,0.119862,0.144285,0.162315,0.158998
741.539,0.0389601,0.0387441,0.0396614,0.0394033,0.043429,0.0437621,0.044569,0.0442316,0.0489644,0.0527386,0.0612206,0.0711672,0.0767883,0.0869274,0.102294,0.124616,0.145402,0.157571,0.158615
741.936,0.0395242,0.0401857,0.0440539,0.0415483,0.0483171,0.0459365,0.0478972,0.0506299,0.0551324,0.0589676,0.064598,0.070999,0.0832389,0.0922681,0.110866,0.12409,0.141082,0.164924,0.165136
742.334,0.0403273,0.0399574,0.0430582,0.0422553,0.0465695,0.041373,0.0441638,0.047697,0.0500855,0.0527012,0.0631112,0.0661689,0.0802903,0.0902108,0.101908,0.121838,0.143641,0.164419,0.16212
742.731,0.0405775,0.0424385,0.0410819,0.0410844,0.041189,0.0422705,0.0440132,0.0482669,0.0521836,0.0561384,0.0629809,0.0662865,0.0775437,0.0917654,0.103498,0.124383,0.14372,0.160148,0.159439
743.128,0.0386855,0.0417383,0.0401269,0.0411636,0.0397933,0.0449665,0.0448693,0.0483397,0.0504246,0.0587231,0.0597934,0.0692508,0.0790035,0.0911686,0.102971,0.11985,0.145297,0.163472,0.160917
743.526,0.0443876,0.0414461,0.0408731,0.0425687,0.0409284,0.0442486,0.0451897,0.0450285,0.0535853,0.0569802,0.0599667,0.0715495,0.0813012,0.0903719,0.106912,0.122725,0.14042,0.163881,0.168551
743.923,0.0403317,0.042573,0.0428201,0.0415065,0.0467529,0.047483,0.0455665,0.052911,0.0530225,0.0554517,0.0653325,0.0715404,0.0808213,0.091744,0.104027,0.125898,0.146199,0.165068,0.162491
744.32,0.0384742,0.043467,0.0445531,0.0416894,0.0448736,0.0435096,0.0473367,0.0479187,0.0516521,0.0594939,0.0628314,0.0711554,0.0801767,0.0913478,0.106546,0.12774,0.144806,0.165478,0.165712
744.716,0.0428497,0.0447713,0.0410652,0.0405341,0.0443578,0.0473805,0.0498596,0.047628,0.0507365,0.0571059,0.0674885,0.0712264,0.0824596,0.0957628,0.107994,0.125598,0.148551,0.164298,0.165001
745.113,0.042002,0.0431497,0.0415168,0.0425751,0.0448887,0.0462187,0.0450914,0.0484496,0.0530283,0.0559766,0.0657155,0.0721439,0.0806175,0.093437,0.109144,0.12369,0.146548,0.164601,0.164657
745.51,0.0392151,0.0410165,0.0408761,0.0443493,0.0460556,0.0450733,0.0466308,0.0531934,0.0534924,0.0542609,0.0643527,0.0700468,0.0763583,0.0903232,0.106022,0.126037,0.148156,0.16447,0.165197
745.906,0.0410416,0.0431039,0.0431003,0.0428189,0.0438403,0.0446712,0.0475171,0.0475641,0.0482094,0.0584797,0.0604867,0.0707964,0.0791335,0.0925746,0.106992,0.121622,0.142691,0.164047,0.160045
746.302,0.040272,0.0409755,0.0436261,0.0445668,0.0443579,0.0457408,0.0466821,0.0500335,0.0535491,0.0576018,0.0657167,0.0700404,0.0832301,0.0912771,0.106502,0.121982,0.149797,0.16531,0.162569
746.698,0.0405564,0.045303,0.0427259,0.0407981,0.0457525,0.0449956,0.0467414,0.0478969,0.0544554,0.0540368,0.0608506,0.0737106,0.0799212,0.0909884,0.105584,0.124088,0.147389,0.165747,0.170042
747.095,0.0390226,0.038031,0.0438776,0.0420011,0.0404228,0.0463906,0.0449213,0.0497568,0.0497098,0.0566385,0.065124,0.0704535,0.0809858,0.0912962,0.103221,0.126654,0.1437,0.161923,0.163886
747.49,0.0426384,0.0431742,0.0424597,0.0382098,0.0433486,0.0471183,0.0439811,0.0508046,0.0513603,0.0585404,0.0610034,0.0732059,0.0841898,0.0921431,0.107163,0.123807,0.147517,0.169183,0.166725
747.886,0.0400266,0.0429749,0.0443553,0.0450158,0.0455954,0.0443331,0.0472741,0.0490393,0.054865,0.0533153,0.0637485,0.0753073,0.0810191,0.0919532,0.107124,0.124192,0.147649,0.16991,0.167776
748.282,0.0405532,0.0419941,0.0441685,0.0423044,0.0440369,0.0449859,0.0461797,0.0467954,0.0501023,0.0580762,0.0634463,0.0719453,0.0789843,0.0904166,0.105614,0.124102,0.14336,0.164038,0.161215
748.678,0.0413083,0.0441157,0.0436403,0.0453655,0.0446705,0.0427724,0.0472993,0.0492192,0.0525372,0.0591841,0.0619374,0.070759,0.0811014,0.0898089,0.105604,0.120177,0.141151,0.161892,0.161683
749.073,0.0428908,0.0433751,0.0426716,0.0443737,0.0416573,0.0481624,0.0469287,0.0482256,0.0525952,0.0583248,0.0641225,0.0709848,0.0797118,0.0926336,0.105622,0.123551,0.145591,0.162368,0.163895
749.468,0.0400954,0.0361171,0.0429071,0.0429317,0.0433401,0.0423036,0.0436917,0.0467827,0.0513442,0.0535358,0.0623475,0.0705661,0.0798097,0.0909845,0.104651,0.124343,0.140672,0.156839,0.165383
749.863,0.0392543,0.0392402,0.040244,0.0439361,0.0407319,0.0414897,0.0456645,0.0470649,0.0535068,0.0560503,0.0625563,0.0707269,0.0786293,0.0913065,0.106705,0.123945,0.139261,0.163619,0.167592
750.259,0.0400148,0.0372746,0.0380399,0.0409025,0.0416135,0.0393404,0.0431644,0.0440976,0.0459859,0.0508602,0.0600551,0.0668339,0.0768305,0.087834,0.103221,0.118822,0.142028,0.160087,0.164914
750.654,0.0450278,0.0424367,0.0434357,0.0428533,0.0474371,0.0474695,0.0451237,0.0494211,0.0527358,0.059401,0.0627772,0.0731994,0.0831305,0.092504,0.106561,0.126798,0.145708,0.163519,0.169113
751.048,0.0387899,0.0418111,0.0416072,0.042896,0.0491625,0.0471545,0.0458453,0.0473291,0.0527747,0.0588095,0.0632529,0.0692923,0.0791167,0.0902436,0.107881,0.123142,0.142851,0.167928,0.166765
751.443,0.0415743,0.042681,0.0423999,0.0437238,0.0467275,0.0466683,0.0461363,0.0496774,0.0519767,0.0609863,0.0587646,0.0726303,0.0837116,0.0892399,0.108316,0.122623,0.145623,0.161037,0.168546
751.838,0.0371289,0.0391785,0.0383806,0.0408972,0.0407688,0.0398162,0.0433218,0.0436815,0.051106,0.0545143,0.0618135,0.0678837,0.0749403,0.0889275,0.0999845,0.114836,0.141794,0.163793,0.159159
752.232,0.0429386,0.0442092,0.0456828,0.0451789,0.045226,0.0473584,0.049862,0.0565638,0.0538445,0.0582383,0.0668732,0.0716332,0.0850842,0.0955815,0.11078,0.123257,0.145022,0.171781,0.167987
752.626,0.0419008,0.0437353,0.0453937,0.0459265,0.0475172,0.0463794,0.0475529,0.0543141,0.0570039,0.0569762,0.0665435,0.0730367,0.0800725,0.0915556,0.111312,0.127044,0.149745,0.168675,0.171054
753.021,0.0454252,0.0434115,0.0445707,0.0467574,0.0491153,0.0486839,0.050701,0.05465,0.0516303,0.0594431,0.0656064,0.0762854,0.0833932,0.0954487,0.112121,0.126655,0.145577,0.166653,0.165197
753.415,0.0407536,0.0427409,0.0413505,0.0425018,0.0463924,0.0468788,0.0482232,0.0464287,0.0555858,0.0560311,0.0676911,0.0727431,0.0826396,0.0891424,0.108215,0.128786,0.146883,0.165885,0.166277
753.809,0.0400108,0.0405084,0.0421007,0.0402923,0.0416755,0.0420431,0.0444049,0.0441546,0.0551357,0.0533817,0.063261,0.0725613,0.0796441,0.0916746,0.104941,0.125766,0.144731,0.169283,0.162324
754.203,0.0457557,0.0461869,0.0424506,0.0422055,0.0459378,0.0474346,0.0465938,0.0497185,0.0546998,0.0602821,0.0677858,0.0749108,0.0843417,0.0905751,0.11026,0.128464,0.149823,0.169867,0.163475
754.596,0.0379701,0.0416077,0.0410484,0.0408044,0.0423464,0.0441546,0.0429797,0.049684,0.051358,0.0531174,0.0640052,0.0694015,0.0837225,0.092021,0.101684,0.125603,0.145245,0.165231,0.161037
754.99,0.0424759,0.039964,0.0447368,0.0475787,0.0458129,0.046471,0.0472723,0.0521984,0.0543697,0.0589616,0.0659004,0.0760134,0.0834551,0.0911433,0.108732,0.125797,0.152178,0.17149,0.168264
755.383,0.0413871,0.0396918,0.0407722,0.0438227,0.0436046,0.0450204,0.0455375,0.0472826,0.0539854,0.0581575,0.05945,0.0701163,0.0788858,0.0932469,0.105082,0.12468,0.145979,0.164192,0.16611
755.777,0.0406,0.0448944,0.0432155,0.0427157,0.0429566,0.0473979,0.0465331,0.0489489,0.0524547,0.0575163,0.059818,0.0750938,0.0853537,0.0967093,0.108588,0.125573,0.150505,0.167168,0.171281
756.17,0.0435627,0.0413301,0.0465643,0.0450134,0.0438409,0.0455069,0.0469752,0.0498668,0.052325,0.0566038,0.0618477,0.0731302,0.0815206,0.0904677,0.108705,0.12786,0.142926,0.169854,0.166712
756.563,0.0416199,0.0425391,0.0430384,0.0402614,0.0418136,0.0450502,0.0470881,0.0443224,0.0526201,0.0582564,0.0600836,0.0700468,0.0786324,0.0844828,0.10528,0.124273,0.148517,0.163062,0.164035
756.956,0.0454052,0.044093,0.0423441,0.0415456,0.0461378,0.0448394,0.0476487,0.0492365,0.0534506,0.0572231,0.0664886,0.0741694,0.0822024,0.0958562,0.106954,0.124999,0.148353,0.164759,0.168169
757.349,0.0423371,0.0463134,0.0463969,0.0470527,0.0428921,0.0467084,0.0504347,0.0506596,0.0534359,0.0573174,0.0649456,0.0714881,0.0834913,0.0941644,0.106182,0.121939,0.145791,0.162137,0.168483
757.742,0.04156,0.0465596,0.0458591,0.049321,0.0471626,0.0489503,0.0503393,0.0499427,0.0534039,0.05968,0.065965,0.0735316,0.0792554,0.0906538,0.107797,0.127363,0.144271,0.162354,0.16669
758.135,0.041619,0.0401283,0.042061,0.0422616,0.0428634,0.0408572,0.0454736,0.0487631,0.0528066,0.0547924,0.0647644,0.0705776,0.0796167,0.0913071,0.107589,0.123542,0.142455,0.162705,0.169214
758.527,0.0449101,0.0460618,0.0471362,0.0454019,0.0463262,0.045026,0.0517698,0.0513881,0.0545134,0.0591016,0.0709504,0.0764151,0.0876317,0.0974685,0.109208,0.124191,0.147423,0.169982,0.164498
758.919,0.0434216,0.0443136,0.0467438,0.0439624,0.0473783,0.0444054,0.0454821,0.0462252,0.0526334,0.0556021,0.0636761,0.070718,0.0790557,0.0930252,0.102434,0.126552,0.148026,0.167064,0.162429
759.312,0.0396337,0.0439511,0.0405341,0.0412983,0.0435415,0.0470485,0.0478309,0.0489959,0.0517813,0.0607938,0.065842,0.0761965,0.0795303,0.094061,0.107991,0.12412,0.14514,0.165435,0.171709
759.704,0.0403695,0.0433452,0.0467439,0.0424772,0.0452614,0.0469514,0.0461076,0.0496771,0.0547116,0.0597898,0.0699498,0.0720644,0.0816135,0.0934877,0.114001,0.127253,0.153208,0.170446,0.168608
760.096,0.0387147,0.0402922,0.0401911,0.0440796,0.0444498,0.0453646,0.0443693,0.0495523,0.0494446,0.0557329,0.0639023,0.0707482,0.0784293,0.0874352,0.104594,0.124713,0.13867,0.163691,0.161936
760.488,0.0437125,0.0437877,0.0413794,0.0483247,0.0450972,0.0456434,0.0462659,0.0479261,0.0515468,0.0591398,0.064877,0.0705497,0.0811795,0.0968762,0.108895,0.127451,0.148989,0.164657,0.163406
760.88,0.0398963,0.0426183,0.0438758,0.0415077,0.042328,0.0424134,0.0427126,0.0501881,0.0504786,0.0578711,0.0656176,0.0704896,0.0807132,0.0893858,0.105833,0.123463,0.146389,0.165884,0.165031
761.271,0.0370725,0.0366827,0.0414129,0.0429597,0.0403647,0.0424132,0.0453845,0.0491827,0.0489635,0.0558936,0.0612425,0.0712063,0.077871,0.0929336,0.106151,0.119243,0.144974,0.164395,0.163429
761.663,0.0433029,0.0478983,0.0462683,0.0485728,0.0498169,0.0472034,0.0482266,0.0506816,0.0567093,0.0560016,0.0628889,0.0741675,0.0852927,0.0928211,0.110064,0.125929,0.146916,0.167935,0.166718
762.054,0.0454246,0.046495,0.044116,0.0432313,0.0482492,0.0502168,0.0465399,0.0485579,0.0526219,0.0572167,0.0650952,0.0715124,0.0829015,0.0969987,0.108493,0.128561,0.150496,0.168419,0.170901
762.445,0.0422877,0.0420565,0.0432726,0.0456066,0.0449244,0.0492419,0.0464937,0.0482644,0.0527932,0.055602,0.0656511,0.0715396,0.0808679,0.0912939,0.109113,0.131213,0.149114,0.163719,0.166266
762.837,0.04048,0.0460398,0.0417653,0.0437086,0.0436996,0.0440115,0.0437914,0.0469888,0.0537689,0.0509354,0.0609455,0.0722888,0.0810087,0.0884311,0.101697,0.122355,0.150476,0.168161,0.163358
763.228,0.0431508,0.0460784,0.0420535,0.0419563,0.0449508,0.0476444,0.0462927,0.0487723,0.0527982,0.0564209,0.0660004,0.0714344,0.080516,0.0927421,0.109087,0.128812,0.146627,0.165814,0.171199
763.619,0.042722,0.0398655,0.0438895,0.0430319,0.0480902,0.0467498,0.045163,0.0521959,0.0548512,0.0594636,0.0606151,0.0691363,0.0806265,0.0917186,0.106046,0.121844,0.144863,0.166779,0.161345
764.009,0.0418724,0.042455,0.0384218,0.0413023,0.0430217,0.0431424,0.044332,0.0467493,0.050704,0.0570144,0.0635533,0.0723676,0.0790363,0.087687,0.104847,0.123046,0.144045,0.16423,0.164844
764.4,0.0353436,0.0366702,0.0344105,0.0387959,0.0413877,0.0426774,0.0429459,0.0445557,0.0437977,0.0510406,0.0602573,0.0664196,0.0798762,0.0894267,0.105283,0.116727,0.143283,0.158382,0.161355
764.791,0.0400491,0.0426079,0.0415683,0.0470816,0.0511364,0.0480275,0.0494797,0.0505477,0.0567104,0.0605387,0.0664961,0.0790599,0.0834392,0.0934364,0.111967,0.130298,0.146846,0.166247,0.165877
765.181,0.0380848,0.0386842,0.043082,0.0464242,0.0424684,0.0457246,0.0470843,0.0507922,0.0571162,0.0623688,0.0630182,0.0697776,0.0817984,0.0932796,0.109103,0.122217,0.148721,0.162436,0.166257
765.571,0.0387849,0.0437467,0.0377207,0.0443499,0.0451905,0.0455094,0.0415902,0.049058,0.0531732,0.0569014,0.0626986,0.0724468,0.075386,0.0915884,0.108729,0.128293,0.140577,0.164168,0.170215
765.962,0.0421936,0.0428764,0.0428667,0.0439728,0.044642,0.043986,0.0439203,0.0457704,0.0501849,0.0585388,0.060768,0.0661786,0.0791219,0.0919456,0.104216,0.125085,0.145058,0.164418,0.169615
766.352,0.0368007,0.0446019,0.0427284,0.0424947,0.0427574,0.043251,0.0466422,0.048343,0.0488094,0.0594873,0.058493,0.0687604,0.0801622,0.0892842,0.107013,0.124555,0.144258,0.165624,0.164569
766.742,0.0388101,0.0382952,0.0391602,0.0406665,0.0425375,0.0442947,0.0453856,0.047841,0.0494638,0.0568032,0.0571234,0.0721438,0.0751483,0.0868453,0.103227,0.117515,0.143327,0.164526,0.166907
767.131,0.0434061,0.0428109,0.0444524,0.0452404,0.0471622,0.0459502,0.0496384,0.0482066,0.0516312,0.0570833,0.0650558,0.0719386,0.0809875,0.0941507,0.107832,0.126556,0.148189,0.168166,0.168149
767.521,0.0406615,0.0417908,0.039781,0.0417648,0.0417032,0.0477852,0.0509361,0.0504776,0.0519789,0.0609992,0.0616948,0.0697483,0.080102,0.0936267,0.105386,0.128987,0.143421,0.166965,0.164977
767.911,0.0377834,0.0407513,0.0402889,0.0409672,0.0420063,0.0409707,0.0472453,0.0485582,0.0468937,0.0564078,0.0653217,0.0665297,0.0772821,0.0886513,0.104158,0.12269,0.139266,0.163454,0.165608
768.3,0.0439763,0.0441869,0.0437737,0.0452991,0.0466656,0.044758,0.0470221,0.0513823,0.0535972,0.0593163,0.0610199,0.0731985,0.081051,0.0983218,0.111095,0.128074,0.147181,0.169393,0.170728
768.689,0.0436199,0.0414477,0.0405196,0.0423686,0.0450761,0.0453809,0.0441328,0.0477006,0.0520003,0.0529611,0.0615322,0.0714255,0.0782334,0.0889862,0.104451,0.125059,0.142236,0.163148,0.161511
769.079,0.0453863,0.0438147,0.0439215,0.0418439,0.0451057,0.0449505,0.0462322,0.0490066,0.0521485,0.0635133,0.0688006,0.0802703,0.0816781,0.0944269,0.111006,0.129207,0.149898,0.173892,0.170638
769.468,0.0440146,0.0461129,0.0445557,0.0458213,0.0447822,0.0462206,0.0481297,0.0463608,0.0518524,0.0588601,0.0652514,0.0725951,0.0781975,0.0905542,0.106196,0.1245,0.146243,0.166874,0.168667
769.857,0.0425489,0.0448376,0.0434896,0.0491304,0.0447022,0.0439399,0.0472901,0.0481685,0.0571836,0.0605476,0.0625334,0.0747757,0.0785824,0.0892822,0.105644,0.126389,0.14742,0.164832,0.167985
770.246,0.0387672,0.0419084,0.0486806,0.0464135,0.0456821,0.0487156,0.0486399,0.051437,0.0533639,0.0632196,0.0701311,0.074091,0.0871071,0.0932918,0.111573,0.125476,0.149046,0.166337,0.168121
770.634,0.0403328,0.0439544,0.0427874,0.0418923,0.0437263,0.0421244,0.0462716,0.0522765,0.052188,0.0555822,0.0644226,0.0687761,0.0818719,0.0853072,0.108688,0.121473,0.147109,0.168798,0.166486
771.023,0.0377297,0.0396435,0.0427612,0.0422054,0.0435006,0.0397172,0.0459109,0.0493945,0.0542833,0.0498074,0.0578376,0.0690906,0.0836428,0.0877981,0.103295,0.121029,0.145665,0.160544,0.162809
771.411,0.0396119,0.0412994,0.0413785,0.0420215,0.0480433,0.0415198,0.0476093,0.0462283,0.0517283,0.0577904,0.0629539,0.0732989,0.0805343,0.0937491,0.105652,0.121883,0.148049,0.162815,0.168211
771.8,0.040043,0.0425179,0.0409422,0.0423129,0.0445951,0.0490337,0.045061,0.0456031,0.0492294,0.0575469,0.0615625,0.0707109,0.0799171,0.0894013,0.106026,0.12667,0.145757,0.169998,0.167891
772.188,0.0444923,0.0444418,0.0477983,0.0501241,0.0458558,0.0499525,0.0515095,0.0554955,0.0536207,0.0588279,0.0666829,0.074132,0.0865869,0.0972793,0.109184,0.128482,0.151041,0.172241,0.169401
772.576,0.0398831,0.0391065,0.0400054,0.0405684,0.040771,0.0437708,0.0482115,0.0475966,0.051104,0.0549518,0.0629057,0.0746329,0.0802301,0.0928483,0.107639,0.124532,0.141037,0.167917,0.166324
772.964,0.0397523,0.0403259,0.0395803,0.0384074,0.0401295,0.0472475,0.0458634,0.0481947,0.0520661,0.0539593,0.0617797,0.0678312,0.0820292,0.0918221,0.107663,0.128394,0.144657,0.161228,0.162632
773.352,0.0412707,0.0436306,0.0410916,0.0408466,0.0452574,0.0473398,0.0474549,0.0481441,0.0539122,0.0601223,0.0652114,0.0722579,0.0757159,0.0950454,0.105932,0.126413,0.145189,0.172356,0.170356
773.74,0.0379904,0.0398203,0.0426398,0.0451217,0.0435145,0.0422273,0.0450587,0.0508228,0.050629,0.0572591,0.0648566,0.0684453,0.0802385,0.0905735,0.108465,0.124594,0.143844,0.166862,0.163622
774.127,0.0447741,0.0417596,0.0420369,0.0436633,0.0485454,0.0466448,0.0505688,0.054702,0.0549576,0.0606109,0.0662269,0.0765616,0.0870951,0.0903841,0.111604,0.13086,0.149964,0.167942,0.17039
774.515,0.0405069,0.0419064,0.045303,0.0425366,0.0483002,0.0459632,0.0470607,0.0476933,0.050058,0.0538615,0.0592898,0.0730171,0.0836749,0.0946311,0.108033,0.125452,0.148568,0.174304,0.168604
774.902,0.0440682,0.0419028,0.0459975,0.0438565,0.0479006,0.0419466,0.046226,0.048194,0.0496833,0.0568557,0.0657683,0.0721039,0.0837331,0.0944606,0.113463,0.127814,0.151703,0.168014,0.169541
775.289,0.03774,0.0414759,0.0423424,0.0426663,0.0445063,0.0475669,0.0448058,0.0496781,0.055331,0.0566868,0.0647725,0.0697753,0.0802092,0.0894299,0.10559,0.126407,0.138882,0.173854,0.165146
775.676,0.0401535,0.0431926,0.0431049,0.0441917,0.0458153,0.0454912,0.0443282,0.0457002,0.0538948,0.0549264,0.0655352,0.072212,0.0821806,0.0925968,0.102635,0.125834,0.14877,0.164698,0.166555
776.063,0.0397413,0.0427236,0.0454557,0.0439051,0.0415515,0.0442767,0.0449451,0.0480214,0.0511713,0.055847,0.0603767,0.0685302,0.0792419,0.0953227,0.107367,0.122171,0.14542,0.162887,0.165159
776.45,0.0402076,0.0419459,0.0412113,0.0392459,0.042182,0.0436569,0.0457293,0.049543,0.0515178,0.0567406,0.0645318,0.0716531,0.0793606,0.09176,0.105413,0.126012,0.145767,0.162969,0.164352
776.837,0.0429326,0.040233,0.0454021,0.0417028,0.0437788,0.0470643,0.0460553,0.0496968,0.0528906,0.0587415,0.067633,0.0766363,0.0834458,0.0902785,0.108615,0.130159,0.151531,0.169476,0.172266
777.224,0.042283,0.0403543,0.0418956,0.0439199,0.0440018,0.0408547,0.0475761,0.0460153,0.0513399,0.0593799,0.0604908,0.0723218,0.0820572,0.0899305,0.109608,0.125586,0.144783,0.165338,0.160479
777.61,0.0457848,0.0451082,0.0510703,0.0481501,0.0462325,0.0471681,0.0468066,0.0481157,0.0508905,0.0555802,0.0681228,0.0712578,0.0813719,0.0919401,0.104287,0.127545,0.145461,0.165577,0.167082
777.997,0.0403313,0.0439348,0.048261,0.0452238,0.0451543,0.0481214,0.0505125,0.0495594,0.0503511,0.0577296,0.0654992,0.0733792,0.0822348,0.0964334,0.104976,0.127716,0.145193,0.164205,0.165708
778.383,0.0459552,0.0427205,0.0436169,0.0423954,0.0409713,0.0478208,0.045795,0.0490899,0.051005,0.0574096,0.0663531,0.0669955,0.0761455,0.0949731,0.105676,0.12321,0.149561,0.166978,0.166019
778.769,0.0410093,0.0418639,0.0406468,0.0441705,0.0438898,0.0428789,0.0470802,0.0506006,0.0543848,0.0557583,0.0631462,0.0730637,0.0819448,0.0937441,0.110983,0.127277,0.147486,0.172114,0.171221
779.155,0.0413331,0.0437016,0.0457358,0.0439805,0.0487445,0.0457263,0.0500397,0.0512823,0.0517862,0.0560817,0.0659928,0.0753041,0.0865537,0.0935264,0.10894,0.12402,0.148515,0.164121,0.168849
779.541,0.0433099,0.0452178,0.0485643,0.0471191,0.0504832,0.049408,0.0495413,0.0490086,0.0582708,0.0628773,0.0678793,0.0733515,0.0843539,0.0952593,0.106265,0.124046,0.150805,0.165382,0.168842
779.927,0.0443472,0.0413293,0.0455307,0.0478288,0.0488618,0.0482863,0.0487073,0.0508522,0.0545185,0.0646505,0.066758,0.0774342,0.0840835,0.0958983,0.113221,0.131752,0.148223,0.172776,0.169369
780.312,0.0402375,0.0431638,0.0420623,0.042131,0.0447191,0.0437539,0.0467371,0.0492638,0.0506156,0.0546644,0.0648016,0.0677329,0.0762913,0.0909568,0.107053,0.128236,0.148425,0.168508,0.166056
780.698,0.0441462,0.0430012,0.0432525,0.0466285,0.0436587,0.0449555,0.0491907,0.0490417,0.0527888,0.0571602,0.0605722,0.0749089,0.0766091,0.0954708,0.10748,0.126774,0.152723,0.170585,0.164727
781.083,0.043851,0.0434333,0.0457123,0.0453888,0.0464438,0.0418169,0.0443071,0.0521826,0.0513693,0.056125,0.0651463,0.0729019,0.0803362,0.0935216,0.107315,0.124673,0.156638,0.1667,0.167197
781.469,0.0416994,0.044002,0.0404716,0.0418489,0.0407031,0.0396815,0.0482388,0.0462518,0.053531,0.0595515,0.0575803,0.0732087,0.0807071,0.0923618,0.10585,0.125775,0.146917,0.171196,0.16471
781.854,0.0421684,0.0408659,0.0463983,0.0438688,0.0444979,0.0478757,0.0440014,0.0505003,0.0555671,0.0572757,0.0592065,0.0715861,0.0821024,0.0916142,0.111873,0.127462,0.148577,0.167738,0.164483
782.239,0.0423471,0.0465552,0.0424249,0.044938,0.04558,0.0477681,0.0527603,0.050515,0.0533082,0.0594601,0.0629135,0.0739757,0.0809716,0.093839,0.109108,0.124259,0.148478,0.171217,0.170636
782.624,0.0463795,0.0439235,0.0463882,0.0466747,0.0485591,0.0440266,0.0499934,0.0535855,0.0539874,0.0610532,0.0680833,0.0754619,0.0842405,0.0939472,0.10801,0.125797,0.145075,0.168612,0.169505
783.008,0.0423105,0.0456022,0.0407988,0.0454507,0.0479708,0.044949,0.0462348,0.0475775,0.0518764,0.0590271,0.0650948,0.0757685,0.0790783,0.0970175,0.109059,0.127332,0.150111,0.165181,0.163331
783.393,0.0407541,0.0392959,0.0386641,0.0412127,0.039983,0.0428442,0.0454627,0.0489692,0.0498827,0.0524085,0.0605002,0.0699468,0.0832473,0.0902481,0.102982,0.121501,0.142751,0.16126,0.166199
783.778,0.0413663,0.0399289,0.0396919,0.0405781,0.0438482,0.0467297,0.0490623,0.052461,0.0552645,0.0563464,0.0650404,0.0713264,0.0798448,0.0931085,0.10664,0.119377,0.148367,0.169842,0.171549
784.162,0.0380988,0.0422304,0.0398344,0.0420657,0.0408359,0.04331,0.0428136,0.0469405,0.0465797,0.0539788,0.0557819,0.0684982,0.0754573,0.0930104,0.101749,0.120604,0.142934,0.164085,0.161671
784.546,0.0437882,0.0415483,0.0423098,0.0376498,0.0469139,0.043192,0.0463061,0.0480816,0.0531062,0.0542091,0.0639284,0.0710867,0.0808088,0.0918587,0.106529,0.124373,0.144975,0.166675,0.16788
784.931,0.044778,0.0448056,0.0442506,0.0457978,0.0474742,0.0482355,0.0551548,0.0489317,0.0549292,0.0572604,0.0632457,0.0766804,0.0857682,0.0983372,0.111891,0.129057,0.15115,0.169662,0.167034
785.315,0.0388882,0.0447803,0.0441747,0.043408,0.0428479,0.0421016,0.0511934,0.0485359,0.0510203,0.0564617,0.0599084,0.0738924,0.0830141,0.0918019,0.106197,0.120793,0.144225,0.168987,0.170447
785.699,0.0493621,0.0467505,0.0485239,0.0478203,0.0463873,0.0494859,0.049678,0.0522955,0.0549497,0.0595234,0.0667503,0.0694733,0.08398,0.0958891,0.110967,0.129806,0.15005,0.175445,0.172781
786.082,0.0401861,0.0405036,0.0402049,0.0410212,0.0420462,0.042954,0.0450161,0.0424462,0.0518192,0.0588769,0.0601071,0.0685651,0.0770745,0.0915485,0.104074,0.122803,0.144387,0.161841,0.167009
786.466,0.0391209,0.0416971,0.0414854,0.0440483,0.0436576,0.0455715,0.043968,0.0465746,0.0518818,0.0581779,0.0630976,0.073274,0.0806617,0.0974503,0.106582,0.127956,0.15195,0.169901,0.167988
786.85,0.0381461,0.0428759,0.0424496,0.0415449,0.0437845,0.0464784,0.0406973,0.0465095,0.0542286,0.0545713,0.0635207,0.0696629,0.0818054,0.0933588,0.100629,0.126912,0.142879,0.17051,0.16657
787.233,0.0434092,0.0438715,0.0444054,0.0435483,0.0440175,0.0457032,0.0477284,0.0532176,0.0542651,0.05794,0.0658133,0.0736148,0.0838664,0.0942925,0.111836,0.128184,0.150527,0.168866,0.161979
787.616,0.038165,0.0450766,0.0449845,0.0467483,0.0442803,0.0448782,0.0456847,0.0530964,0.0535152,0.0545447,0.0652751,0.0663115,0.0820777,0.0930301,0.105291,0.123993,0.148657,0.163841,0.161932
788,0.0399874,0.040428,0.0445535,0.0465207,0.0418404,0.0404219,0.0410912,0.0467495,0.0493326,0.0569816,0.0603669,0.0710997,0.0780558,0.0929771,0.103809,0.1243,0.147702,0.167611,0.163811
788.383,0.0370822,0.0458536,0.0402953,0.0404741,0.043557,0.0428421,0.0439677,0.0473452,0.0523529,0.056212,0.0573914,0.0698298,0.0773692,0.0896492,0.105992,0.125858,0.143388,0.162302,0.170514
788.766,0.0401787,0.0454094,0.043558,0.0440153,0.0477191,0.0464705,0.0510304,0.0463035,0.0521834,0.0555946,0.0676289,0.0701022,0.0838604,0.0914628,0.110921,0.129908,0.148945,0.170131,0.168872
789.148,0.0372311,0.0393815,0.0383425,0.0417066,0.0414368,0.0463665,0.0441938,0.0457937,0.0507314,0.0514458,0.0635603,0.0703154,0.0771019,0.0871953,0.103041,0.120523,0.142501,0.1652,0.163681
789.531,0.0450976,0.0413884,0.0463039,0.0475908,0.0470118,0.0456718,0.0481613,0.0493686,0.0561962,0.0564714,0.0636935,0.0739747,0.0881374,0.0988474,0.109628,0.127148,0.149529,0.172012,0.174678
789.914,0.0412328,0.0470188,0.0461761,0.048802,0.0487933,0.0481914,0.0434358,0.0531664,0.055847,0.0647689,0.0673618,0.0756228,0.0850088,0.0945187,0.112453,0.126108,0.149536,0.177092,0.172385
790.296,0.042523,0.0381813,0.0442468,0.0451382,0.0413457,0.042115,0.0450056,0.0505029,0.0517585,0.054184,0.062681,0.0717436,0.0781399,0.0928827,0.107557,0.124616,0.147608,0.169319,0.166504
790.678,0.0428417,0.040754,0.0396194,0.040807,0.0441771,0.0487652,0.046685,0.0482029,0.0525053,0.0574813,0.0599393,0.0688606,0.0793459,0.0902863,0.106101,0.130257,0.145082,0.167181,0.163903
791.061,0.0387646,0.0415256,0.0447359,0.0445653,0.0424145,0.0510358,0.0494458,0.0466485,0.0539959,0.0596162,0.0630762,0.073814,0.0798637,0.100586,0.114837,0.123669,0.141255,0.164497,0.163731
791.443,0.0401916,0.0405207,0.0402845,0.0369084,0.0395483,0.0399195,0.0461326,0.0498966,0.0461034,0.056902,0.0663411,0.0631037,0.0798951,0.0914518,0.111082,0.121284,0.143406,0.168816,0.165912
791.825,0.042638,0.0392833,0.0465914,0.0414039,0.0481512,0.0435517,0.0470784,0.0464219,0.0517211,0.0582107,0.0678085,0.0721988,0.0844139,0.0953987,0.107577,0.122534,0.152532,0.173445,0.167874
792.207,0.0338303,0.037093,0.0379803,0.042238,0.0392688,0.0394191,0.0422003,0.0458791,0.04823,0.0542579,0.0558643,0.0693531,0.0716274,0.0846094,0.102588,0.11969,0.140928,0.165453,0.158143
792.588,0.0458792,0.0473216,0.0523697,0.0512587,0.0498937,0.0488268,0.0510962,0.0502219,0.055349,0.0591615,0.0683345,0.0786734,0.087987,0.10347,0.115322,0.132934,0.15637,0.175679,0.179391
792.97,0.0399293,0.0463638,0.0442834,0.0426065,0.0433543,0.0443658,0.0462249,0.0449833,0.05446,0.0572497,0.0646579,0.0745504,0.0822072,0.0970819,0.10664,0.125828,0.145665,0.16611,0.171161
793.351,0.0391537,0.0426076,0.0431157,0.0411625,0.04778,0.0414967,0.0461902,0.0471466,0.0476205,0.0568788,0.0644228,0.0715006,0.0780159,0.0927692,0.105746,0.126799,0.14676,0.167112,0.165844
793.733,0.0451342,0.0432954,0.0467268,0.0465171,0.0450181,0.0454397,0.0491169,0.0484977,0.0536406,0.0617304,0.0645623,0.0721141,0.082957,0.0964354,0.110971,0.125262,0.146587,0.167508,0.174005
794.114,0.0378223,0.0382153,0.0369616,0.0435744,0.0447413,0.0435089,0.0475315,0.0474062,0.049337,0.0519594,0.0571632,0.0697283,0.0783928,0.0903291,0.107366,0.123552,0.145553,0.165206,0.165602
794.495,0.038947,0.0407086,0.0436323,0.0382535,0.0425184,0.0420788,0.0416737,0.0441696,0.0486035,0.0504729,0.06066,0.0712383,0.080717,0.0903378,0.100233,0.122702,0.150731,0.163669,0.163586
794.876,0.0359942,0.0413729,0.0426257,0.043375,0.0412337,0.0466369,0.0456276,0.047053,0.0461028,0.0598505,0.0626296,0.0683758,0.0776512,0.0935012,0.106488,0.124655,0.142615,0.163679,0.161498
795.257,0.0424795,0.0402617,0.0440276,0.0420232,0.0464749,0.0460105,0.040516,0.0478834,0.0503684,0.059312,0.0649912,0.0709374,0.0804172,0.090359,0.10739,0.125739,0.149764,0.162376,0.167144
795.638,0.0413863,0.041109,0.0423636,0.0443993,0.0437781,0.0399708,0.0450128,0.0500439,0.0510773,0.0533623,0.0601246,0.0686267,0.0840358,0.0924986,0.105497,0.126657,0.147736,0.16871,0.168926
796.018,0.0425507,0.0423582,0.0429131,0.0444768,0.0461273,0.0397992,0.0434752,0.0473196,0.0509066,0.0558688,0.0604803,0.0682971,0.0790313,0.0955069,0.104548,0.120168,0.145194,0.162903,0.168038
796.399,0.0362103,0.0380517,0.0353672,0.0430667,0.0392915,0.0403929,0.0399768,0.0463072,0.0507686,0.050667,0.0631465,0.0690356,0.0766172,0.0896176,0.107372,0.118804,0.13747,0.164881,0.164271
796.779,0.0392891,0.0358129,0.0391412,0.040679,0.0404396,0.0440598,0.036506,0.0474392,0.0515502,0.0515371,0.0649365,0.0652317,0.0810549,0.0881689,0.105329,0.125298,0.146861,0.171598,0.166419
797.159,0.0399668,0.0400798,0.039769,0.0420068,0.0437065,0.0421726,0.0479735,0.0466576,0.0469232,0.0560332,0.062285,0.0635993,0.079921,0.0908796,0.103798,0.130013,0.154788,0.169614,0.163106
797.539,0.0445283,0.0441729,0.0442262,0.046399,0.0481659,0.0465141,0.0491295,0.0525402,0.0569892,0.0562245,0.0675765,0.075235,0.0824671,0.0968675,0.108767,0.129563,0.149082,0.170034,0.172306
797.919,0.0421757,0.0395524,0.0405286,0.0445924,0.04487,0.0445728,0.0440959,0.0454857,0.0486812,0.0564506,0.0621051,0.0698469,0.0759511,0.0914293,0.103168,0.126568,0.146968,0.163877,0.163391
798.299,0.0459108,0.0425902,0.0461413,0.0441834,0.0430037,0.0460598,0.0489694,0.0470934,0.0567125,0.0577945,0.0621854,0.0724988,0.082705,0.0946274,0.106879,0.132315,0.148692,0.165259,0.170569
798.679,0.0343411,0.0406683,0.0384669,0.0429921,0.0392549,0.0406139,0.0388971,0.0488812,0.0483317,0.055906,0.0597202,0.0668461,0.078079,0.0874908,0.105012,0.119032,0.141051,0.162503,0.164
799.059,0.0436433,0.0419845,0.0470045,0.0472423,0.0439242,0.0465958,0.0524341,0.0511927,0.0570533,0.0609384,0.0674844,0.0765629,0.0885414,0.0949829,0.11515,0.131466,0.150241,0.17037,0.173316
799.438,0.0380958,0.0387572,0.0408078,0.0455186,0.0413073,0.0463304,0.0454571,0.0436142,0.055177,0.0551422,0.0579197,0.0662056,0.0800807,0.094738,0.102153,0.123575,0.146496,0.162029,0.165027
799.817,0.0436818,0.0441032,0.0446038,0.0460414,0.0435129,0.0449243,0.0508875,0.0496569,0.0557239,0.0563465,0.0677269,0.0748262,0.0815813,0.0998377,0.111241,0.129669,0.14985,0.166354,0.173483
800.197,0.0407729,0.046295,0.0460378,0.0421037,0.046003,0.0465207,0.0473948,0.054268,0.052787,0.0581335,0.0621984,0.069401,0.0866701,0.0900302,0.104337,0.127645,0.15237,0.166731,0.17315
800.576,0.0420324,0.0446604,0.0403434,0.0446347,0.0460068,0.0416589,0.0448321,0.0482828,0.0519076,0.0529237,0.0625971,0.0686698,0.0790433,0.0867556,0.105579,0.119567,0.138727,0.164478,0.164453
800.955,0.0450649,0.0497273,0.0483734,0.047623,0.0532558,0.0466801,0.0519454,0.0531303,0.0605604,0.0634168,0.0681814,0.0770591,0.0847168,0.101049,0.112663,0.134867,0.155416,0.176272,0.169897
801.334,0.0402398,0.0389395,0.0392717,0.0404973,0.0417161,0.0429069,0.0489704,0.0483361,0.0535737,0.0550781,0.0644679,0.0691226,0.0815791,0.0925515,0.107115,0.122298,0.146096,0.166328,0.168152
801.712,0.0407819,0.042944,0.0434325,0.0423762,0.0394477,0.0433521,0.0475555,0.0454612,0.0493043,0.0566293,0.0669176,0.0719504,0.0817151,0.0941169,0.109444,0.12781,0.155963,0.167094,0.17335
802.091,0.0443495,0.0423478,0.0447482,0.0444309,0.0479648,0.0450072,0.0455596,0.0489163,0.0530579,0.0594888,0.0678055,0.0793496,0.0854077,0.0901583,0.105177,0.124504,0.145598,0.16159,0.162393
802.47,0.040883,0.0451862,0.0440782,0.0475991,0.0455026,0.0469097,0.0435708,0.047711,0.0471328,0.0545689,0.0613819,0.0725246,0.0823131,0.0940428,0.108138,0.12723,0.151709,0.170303,0.166085
802.848,0.0389678,0.0404405,0.0425512,0.0452558,0.0409035,0.0413257,0.0491471,0.0460353,0.0489695,0.0557142,0.0580607,0.0679285,0.0815063,0.083511,0.106743,0.124337,0.149242,0.163502,0.163466
803.226,0.0404928,0.0381706,0.042473,0.041928,0.0427839,0.0480201,0.0473996,0.0467079,0.0535102,0.0573928,0.0619896,0.0693438,0.0771146,0.096786,0.110979,0.127391,0.1465,0.163759,0.167663
803.604,0.0425155,0.0402785,0.0421113,0.042774,0.0471117,0.0477128,0.0487452,0.0523617,0.051375,0.0624762,0.0655428,0.0728528,0.0817916,0.0966715,0.109709,0.126958,0.147387,0.173831,0.1705
803.982,0.0382194,0.034362,0.0378169,0.0398111,0.0397133,0.0402764,0.0413464,0.0405227,0.0483628,0.0533574,0.0618902,0.0634754,0.0796097,0.0912999,0.105174,0.115994,0.145449,0.16432,0.160825
804.36,0.0432093,0.0433954,0.0460313,0.0503819,0.0487747,0.0514242,0.0502104,0.0556771,0.0577495,0.0640822,0.0707175,0.0783848,0.084846,0.10285,0.114387,0.128364,0.156194,0.172975,0.169264
804.738,0.0389612,0.043965,0.0431833,0.04355,0.0440882,0.0431799,0.0455052,0.0495724,0.0561515,0.0581147,0.0669967,0.0742756,0.0834408,0.0936048,0.111387,0.123829,0.149053,0.164959,0.165078
805.116,0.0388883,0.0458894,0.0376182,0.039524,0.0444083,0.0457896,0.0461922,0.0507005,0.051582,0.0586657,0.0609074,0.0722735,0.0814626,0.0904654,0.10935,0.123724,0.149232,0.167701,0.170322
805.493,0.0418308,0.047885,0.045556,0.0439045,0.0476585,0.0499533,0.0515439,0.0520511,0.06121,0.0590412,0.0637617,0.0742344,0.0868673,0.0960494,0.114271,0.133339,0.153367,0.171445,0.178615
805.871,0.0445146,0.0417733,0.0445776,0.0414507,0.0454497,0.0443739,0.0487334,0.0494927,0.0550148,0.0562581,0.0602064,0.0737789,0.0807503,0.0946963,0.104641,0.130068,0.148442,0.163969,0.166576
806.248,0.0418325,0.043117,0.0430524,0.0432494,0.0411101,0.0454107,0.0403215,0.045765,0.0496493,0.0586487,0.0641228,0.0682145,0.0805624,0.0946427,0.110516,0.129906,0.14806,0.166625,0.171053
806.625,0.0392388,0.0419676,0.0428986,0.0399288,0.0440155,0.042794,0.0419481,0.0493192,0.0504168,0.0542965,0.0631411,0.0703755,0.077287,0.0987149,0.105075,0.122382,0.143443,0.164164,0.165018
807.002,0.0414994,0.042142,0.042946,0.0428512,0.0446185,0.0461509,0.04884,0.0471747,0.0510492,0.0585072,0.062707,0.0740456,0.0767296,0.0874876,0.110565,0.131101,0.151321,0.164256,0.175388
807.379,0.0410162,0.0373241,0.0381433,0.0448366,0.0431446,0.0429731,0.0398874,0.0462093,0.0449111,0.0523383,0.0608821,0.0716004,0.0754837,0.087908,0.102251,0.120881,0.14257,0.163311,0.163254
807.756,0.0386137,0.0417739,0.0413981,0.0466524,0.0446251,0.0413876,0.0495733,0.0486535,0.0562675,0.0532073,0.0651168,0.0724922,0.0841974,0.0914705,0.1089,0.125427,0.148636,0.167495,0.176139
808.132,0.0377518,0.0407454,0.0409423,0.0437188,0.0450791,0.0447807,0.0464578,0.0426731,0.0484738,0.0542608,0.0527725,0.0705279,0.080544,0.0890305,0.102714,0.125111,0.14334,0.16615,0.162694
808.509,0.0445783,0.0428485,0.041438,0.0500704,0.0453789,0.0471206,0.0417858,0.048933,0.0539566,0.0557143,0.0684506,0.0708092,0.0859547,0.0938154,0.112015,0.129,0.150083,0.164121,0.167683
808.885,0.0349573,0.0419873,0.0414126,0.0420088,0.0418667,0.0450263,0.0473333,0.0468807,0.0468729,0.056103,0.0630746,0.0734665,0.0825108,0.0888546,0.105767,0.123682,0.142334,0.167452,0.166774
809.262,0.0421451,0.0425076,0.0412527,0.0458747,0.0451438,0.0464111,0.0475201,0.0506416,0.0494401,0.0533437,0.0640473,0.0705557,0.0761941,0.0935561,0.112443,0.123839,0.147537,0.165017,0.169516
809.638,0.0438432,0.0450068,0.0452851,0.0464381,0.0423623,0.0499662,0.0494324,0.0567878,0.0553768,0.0599992,0.0703217,0.0709126,0.0821492,0.0941834,0.107213,0.127899,0.151484,0.165683,0.171682
810.014,0.0413343,0.043414,0.0390615,0.0450674,0.0417061,0.0480086,0.0499477,0.0539347,0.0529174,0.0571154,0.0624056,0.0722394,0.0801673,0.0929882,0.112294,0.125331,0.151801,0.171394,0.178231
810.39,0.0380512,0.0361723,0.039979,0.041348,0.0370617,0.0440497,0.0434612,0.0409165,0.051762,0.0547873,0.0624006,0.0695344,0.0745849,0.0875704,0.101681,0.125337,0.148066,0.168948,0.171667
810.765,0.0373538,0.0393214,0.0414731,0.0467343,0.0459595,0.0408278,0.0424915,0.0479519,0.0471951,0.0556236,0.0604495,0.0670915,0.0857876,0.0886262,0.109855,0.121255,0.146136,0.168131,0.170049
811.141,0.0379792,0.0438743,0.0407192,0.0414241,0.0426265,0.0398293,0.0475263,0.0500845,0.0519546,0.0587297,0.062137,0.066309,0.0830791,0.0949322,0.109976,0.124466,0.14926,0.170655,0.166488
811.517,0.0408238,0.0434459,0.041193,0.0420034,0.0412213,0.0414954,0.0444106,0.0429144,0.0506819,0.0543026,0.0619872,0.0675132,0.0820107,0.0948942,0.107688,0.126699,0.145026,0.168355,0.166714
811.892,0.0410996,0.0450973,0.0456967,0.0426043,0.0415967,0.0469872,0.0461224,0.0473243,0.0536329,0.0588126,0.0614063,0.0734861,0.0782238,0.0906096,0.110338,0.118012,0.145259,0.166742,0.169532
812.267,0.0387233,0.042012,0.0433722,0.0424395,0.0423868,0.0458425,0.0445287,0.0454953,0.0520707,0.0584408,0.0628539,0.0679427,0.0765902,0.091923,0.102022,0.123218,0.146307,0.163684,0.161992
812.643,0.0441469,0.0478163,0.0433779,0.0468194,0.0522672,0.0495651,0.0485957,0.0501453,0.0559266,0.0620342,0.0721809,0.0749172,0.0851239,0.097061,0.111022,0.131378,0.153748,0.173856,0.174241
813.018,0.0424781,0.0385734,0.041656,0.0379227,0.0462354,0.0445249,0.0470944,0.0502759,0.054788,0.0561823,0.0654483,0.0733029,0.0825018,0.0980191,0.10364,0.121253,0.14433,0.167103,0.17019
813.393,0.0415529,0.0432036,0.0483063,0.0473995,0.0444819,0.0529594,0.0449633,0.0486259,0.0540294,0.058037,0.0685274,0.0753228,0.085329,0.0960652,0.116456,0.126435,0.152211,0.171089,0.172521
813.767,0.0372794,0.041098,0.0433847,0.0483396,0.0405542,0.0478259,0.0496507,0.0510097,0.0546326,0.0579703,0.0639145,0.0742217,0.0800913,0.0949626,0.11172,0.133023,0.151569,0.169448,0.172438
814.142,0.0368189,0.0444999,0.0457012,0.0424522,0.0444176,0.0487894,0.0484142,0.0486005,0.0561957,0.0584413,0.067032,0.0718649,0.0756562,0.0949806,0.104337,0.122663,0.147964,0.165138,0.167125
814.517,0.0389078,0.0460036,0.0490253,0.0426987,0.0471277,0.0487558,0.0462237,0.0495445,0.0551592,0.0561595,0.0682385,0.0757301,0.083579,0.0999236,0.107535,0.131605,0.154533,0.170776,0.17046
814.891,0.0400824,0.0463329,0.0456685,0.050148,0.0484929,0.0508312,0.0469394,0.0470243,0.0568969,0.0595201,0.0607651,0.0763133,0.0823672,0.0976559,0.104979,0.126687,0.146175,0.171433,0.174329
815.265,0.0402058,0.0373114,0.0448721,0.0425755,0.0392765,0.0465001,0.0403772,0.0448835,0.0484667,0.0549046,0.0631783,0.0693366,0.0723567,0.0912342,0.106307,0.129708,0.148647,0.162772,0.164883
815.639,0.0376193,0.0428813,0.0396963,0.0430899,0.0429318,0.0406463,0.0426286,0.0470551,0.0481077,0.0513779,0.0628825,0.0678761,0.0767351,0.0886128,0.105401,0.122474,0.147612,0.162648,0.162289
816.014,0.0358662,0.0468479,0.041999,0.0418662,0.0428507,0.0444165,0.0445407,0.0492863,0.0518828,0.0577549,0.0633861,0.0681628,0.0803454,0.091974,0.108072,0.127189,0.148077,0.168594,0.165996
816.387,0.0441839,0.0474742,0.0476947,0.0465719,0.0470724,0.0467567,0.0512323,0.0554289,0.0579214,0.0584742,0.0677699,0.0812389,0.0824614,0.0981471,0.106712,0.128309,0.157346,0.172008,0.162517
816.761,0.0373142,0.0427469,0.0352591,0.0406773,0.0469042,0.0456021,0.042382,0.0480312,0.0541099,0.0580861,0.0654125,0.0737068,0.0789243,0.0959303,0.106389,0.131607,0.150968,0.173368,0.169505
817.135,0.0406013,0.04226,0.0446456,0.0390762,0.0438531,0.0447002,0.042485,0.0479359,0.0530349,0.0588793,0.0615969,0.0691362,0.0791232,0.0902755,0.10304,0.12776,0.145074,0.170387,0.167644
817.509,0.0441153,0.0445909,0.0470252,0.0444962,0.0490884,0.045683,0.0486342,0.0508579,0.0549566,0.0619081,0.0682818,0.078252,0.0812717,0.0997546,0.107818,0.135963,0.149444,0.170234,0.178823
817.882,0.0435677,0.041982,0.0436799,0.050158,0.0454913,0.0458394,0.0474952,0.0512919,0.048116,0.0549905,0.0635574,0.0696646,0.0782377,0.0946849,0.109695,0.128603,0.146755,0.17176,0.165854
818.255,0.0446063,0.04689,0.0472671,0.0474761,0.0462619,0.0467319,0.0483669,0.0514614,0.0515711,0.0584513,0.0690723,0.074563,0.0804837,0.101122,0.119438,0.127611,0.15391,0.172873,0.170253
818.628,0.0405481,0.044017,0.044166,0.0482736,0.0451932,0.0465434,0.0495661,0.0496709,0.0540604,0.0554474,0.0671697,0.0740729,0.0815042,0.0961851,0.108096,0.132199,0.151308,0.17173,0.171585
819.002,0.0457064,0.0434527,0.0452276,0.0468804,0.0456779,0.0462607,0.050765,0.0523415,0.0514876,0.0606162,0.0655935,0.0712752,0.0777347,0.0896517,0.111482,0.12781,0.148094,0.1695,0.165732
819.374,0.0424849,0.0342479,0.0483221,0.042252,0.0455185,0.0450208,0.0449885,0.0462895,0.0521014,0.0564743,0.0630521,0.0680288,0.0785282,0.0900166,0.108817,0.124491,0.144886,0.163862,0.167181
819.747,0.0370464,0.0422236,0.0417617,0.0430712,0.0446444,0.0466711,0.0475217,0.0462007,0.0481941,0.0601744,0.0643708,0.0702482,0.0831453,0.0886819,0.105031,0.128745,0.138901,0.169303,0.162089
820.12,0.0431991,0.0442266,0.0521771,0.0472335,0.0506374,0.044369,0.0487266,0.0504223,0.0511097,0.057432,0.0701014,0.0687501,0.0880971,0.0979098,0.11501,0.128443,0.15491,0.172815,0.170302
820.493,0.0449269,0.0408509,0.0458923,0.0437963,0.0420652,0.0484402,0.050341,0.0544611,0.0544822,0.0614149,0.0702317,0.0732062,0.0835025,0.0991501,0.113991,0.126035,0.140733,0.176068,0.17133
820.865,0.0388047,0.0459484,0.0435015,0.0448664,0.0468937,0.0431098,0.0460374,0.0465921,0.0511791,0.0523102,0.0701785,0.0746349,0.0793102,0.093147,0.111505,0.125566,0.1461,0.172144,0.169497
821.237,0.0404458,0.040972,0.0435484,0.0431091,0.0435849,0.0479123,0.0503539,0.0461456,0.0522604,0.0550536,0.064075,0.0702176,0.0784807,0.0948672,0.102481,0.126231,0.151285,0.165214,0.165126
821.61,0.0420623,0.0405757,0.047424,0.0433972,0.0445033,0.0401092,0.0450809,0.0456993,0.0494614,0.0552723,0.0639399,0.0655815,0.0782549,0.0939076,0.106231,0.123968,0.138388,0.167437,0.168719
821.982,0.0451421,0.0441911,0.0414139,0.0437572,0.0427056,0.0568572,0.0492617,0.0521081,0.0555311,0.0642068,0.0637794,0.0807495,0.0852705,0.0958546,0.109687,0.125708,0.148468,0.170527,0.176197
822.354,0.045359,0.0453913,0.0477226,0.0526754,0.0446581,0.0488786,0.0501272,0.0502763,0.0534284,0.0624915,0.0663305,0.0808084,0.084822,0.0961228,0.112776,0.12723,0.154433,0.17353,0.166336
822.725,0.0419917,0.0408266,0.0380117,0.0445849,0.0363244,0.0433615,0.0407035,0.0418273,0.0497192,0.0518918,0.0613901,0.0711659,0.0773506,0.092265,0.10777,0.122058,0.14521,0.163667,0.167811
823.097,0.0374878,0.0396955,0.0399681,0.0446269,0.0405819,0.044524,0.0433553,0.0475709,0.0575323,0.0497515,0.0579032,0.0681609,0.0812009,0.0858769,0.111556,0.132848,0.147834,0.166508,0.167759
823.469,0.0474781,0.0422133,0.042787,0.0480496,0.0422332,0.0427715,0.0478646,0.0497022,0.0555034,0.0613784,0.0616518,0.0723634,0.0798647,0.0960693,0.107198,0.127324,0.149221,0.169494,0.168711
823.84,0.0483226,0.0402574,0.0467395,0.0370536,0.0482819,0.0533779,0.0458533,0.0500122,0.0566576,0.058502,0.0606063,0.0756903,0.0819377,0.0949977,0.113566,0.134221,0.153926,0.171715,0.17017
824.211,0.0475752,0.0464511,0.0491475,0.047155,0.0489,0.0449022,0.0502492,0.0540221,0.0544974,0.065257,0.068793,0.0745347,0.0843708,0.0979834,0.115274,0.133277,0.155363,0.171631,0.175952
824.583,0.0379102,0.0414237,0.0406759,0.0420218,0.0402571,0.0394192,0.0395506,0.043829,0.0478098,0.0577932,0.0630641,0.0662168,0.078735,0.0929447,0.100184,0.123183,0.14235,0.159764,0.160854
824.954,0.035663,0.0335143,0.041458,0.0445341,0.0409902,0.0457918,0.041741,0.0534543,0.0486974,0.0542353,0.0630045,0.0666376,0.0792944,0.0877166,0.105845,0.121332,0.146365,0.16333,0.171331
825.325,0.04341,0.0436928,0.0443061,0.0410554,0.0435498,0.0467967,0.0452783,0.0499729,0.054113,0.0594457,0.0643555,0.072511,0.0814157,0.0950628,0.10402,0.130948,0.152765,0.170428,0.167268
825.696,0.0391606,0.0423471,0.0392547,0.0430469,0.0439315,0.0453467,0.0448902,0.0472028,0.0534434,0.0573981,0.0595552,0.0666981,0.0791205,0.090991,0.10074,0.12761,0.140751,0.165494,0.164089
826.066,0.0422287,0.0446677,0.043806,0.0402853,0.0434674,0.0488739,0.0437346,0.0500272,0.0533819,0.056061,0.0576706,0.0760241,0.0782767,0.0947548,0.10805,0.1326,0.151076,0.166754,0.17197
826.437,0.0403764,0.0394893,0.0439276,0.0465066,0.0453757,0.0436746,0.0447312,0.0466923,0.0571631,0.0563449,0.0605904,0.0707985,0.0803289,0.0950998,0.106879,0.12825,0.149069,0.166686,0.165501
826.807,0.0454636,0.0402877,0.0414812,0.0399824,0.0430067,0.0423244,0.0449717,0.0510732,0.0515452,0.0576913,0.0664563,0.0736645,0.0823749,0.0885774,0.107899,0.122753,0.148538,0.174408,0.164907
827.178,0.0450441,0.0432247,0.0414283,0.0476248,0.0427166,0.0414581,0.0485529,0.0500778,0.05672,0.0595722,0.0628819,0.0757569,0.0860212,0.0975949,0.10791,0.134598,0.149917,0.171312,0.167377
827.548,0.0460049,0.0488548,0.0413521,0.0416421,0.037935,0.0459076,0.0481656,0.047125,0.0500353,0.0529869,0.0623024,0.0748855,0.0815308,0.0941639,0.105223,0.119718,0.147242,0.165274,0.16134
827.918,0.0348365,0.0429172,0.0444361,0.0430906,0.0473482,0.0421616,0.0462672,0.0475196,0.053097,0.0543973,0.0648102,0.0696779,0.0796956,0.093101,0.11056,0.124003,0.14877,0.171918,0.174626
828.288,0.0348047,0.040234,0.043992,0.0381986,0.0416626,0.0410085,0.0405114,0.0464894,0.0468439,0.053873,0.0587622,0.0657437,0.0780879,0.0852165,0.104865,0.131981,0.145534,0.164442,0.16469
828.658,0.045892,0.0438431,0.0459053,0.044494,0.0444119,0.0480244,0.049242,0.0515102,0.0496315,0.0607424,0.0627526,0.0720841,0.0775689,0.0968651,0.112831,0.130302,0.143345,0.163648,0.167183
829.028,0.0402537,0.0432194,0.0490925,0.0479285,0.0455797,0.0489279,0.0492731,0.050321,0.0541612,0.065444,0.0705534,0.0699284,0.0797585,0.0924968,0.107365,0.13164,0.143364,0.172642,0.162898
829.397,0.037839,0.0378664,0.0412567,0.0393961,0.0424132,0.0450293,0.0488692,0.0482945,0.0499148,0.0568143,0.06567,0.0730353,0.0821355,0.0896778,0.102924,0.124746,0.144747,0.16039,0.170048
829.767,0.0400209,0.0481244,0.0435316,0.0468961,0.0509327,0.0446678,0.047693,0.0532274,0.0548838,0.0611602,0.0607235,0.0719605,0.081819,0.0966081,0.113646,0.131139,0.156015,0.168429,0.165511
830.136,0.0412636,0.0463278,0.043199,0.0473794,0.0415906,0.0430517,0.0429527,0.051663,0.0535698,0.0542811,0.0589368,0.0747421,0.08519,0.0935675,0.107535,0.125843,0.150413,0.166989,0.170466
830.505,0.0394341,0.0401769,0.0448984,0.0421668,0.0466823,0.0388884,0.0471648,0.0514286,0.053119,0.0579831,0.067294,0.0700423,0.0864988,0.0904515,0.109561,0.127184,0.15327,0.16642,0.161474
830.874,0.0400654,0.0414716,0.0421398,0.0473408,0.0472163,0.0421007,0.0433184,0.0501462,0.0502423,0.0570681,0.0640243,0.0703638,0.0781149,0.0912626,0.105139,0.128585,0.145607,0.16579,0.168498
831.243,0.0401476,0.0410004,0.0400214,0.0462748,0.0458676,0.0427009,0.0461716,0.0492736,0.0504605,0.0527786,0.0643807,0.0740561,0.0815297,0.0902447,0.103274,0.122112,0.146222,0.16741,0.165759
831.612,0.0434,0.0394747,0.0443624,0.0426227,0.0374641,0.0440858,0.0468214,0.0568851,0.0519391,0.0549038,0.0619326,0.0689796,0.0820008,0.0846097,0.109871,0.12781,0.14881,0.169575,0.163132
831.981,0.0399778,0.041299,0.0446534,0.049274,0.0426215,0.0475957,0.0419509,0.0490572,0.0547934,0.0601629,0.0619413,0.0695774,0.0824637,0.0875832,0.111372,0.126678,0.151301,0.171825,0.16824
832.349,0.0420658,0.0398178,0.0454049,0.0436188,0.0403763,0.0415012,0.0427612,0.0479509,0.0527966,0.0580028,0.0609634,0.0712721,0.0809618,0.096217,0.105814,0.12585,0.14995,0.170815,0.168081
832.718,0.0428957,0.0479467,0.0432394,0.0480997,0.0467918,0.0445381,0.0407288,0.050239,0.0527211,0.0623987,0.0620283,0.0785853,0.0871036,0.0921692,0.106815,0.130982,0.155616,0.172094,0.175709
833.086,0.0396923,0.0412986,0.0372957,0.0423853,0.0456129,0.0418933,0.0459034,0.0451315,0.0492528,0.0521512,0.0624358,0.0719623,0.0806859,0.0951198,0.106556,0.125252,0.143857,0.167575,0.172371
833.454,0.0467706,0.0477878,0.0515973,0.0496914,0.0509636,0.0534185,0.0518571,0.054601,0.0603645,0.0580467,0.0665434,0.0792758,0.0923074,0.100699,0.112791,0.134293,0.159281,0.176736,0.180364
833.823,0.0416282,0.0381239,0.0374125,0.0410294,0.0422354,0.0406038,0.0381304,0.0445392,0.0473815,0.0562389,0.060952,0.0693636,0.0819018,0.0858139,0.107039,0.120824,0.139112,0.15652,0.162976
834.191,0.0404305,0.0399611,0.0453986,0.0441914,0.0414333,0.0463816,0.0467415,0.0532102,0.0505427,0.0603799,0.061424,0.0736207,0.089947,0.0967795,0.108696,0.129174,0.14609,0.168591,0.173518
834.558,0.0457727,0.0416621,0.0467858,0.0407751,0.0384731,0.0495113,0.0473223,0.046096,0.0507813,0.0574169,0.0651752,0.0700253,0.0836805,0.0920511,0.106626,0.130123,0.143548,0.167017,0.16733
834.926,0.0412315,0.042146,0.0443756,0.0426857,0.041063,0.0474584,0.0533303,0.0481807,0.0514618,0.0577241,0.0619581,0.075453,0.07999,0.0953854,0.10327,0.133284,0.146878,0.171178,0.166147
835.294,0.0380657,0.0425365,0.0437412,0.0426194,0.0480565,0.0447358,0.0503887,0.0487239,0.0529264,0.0600794,0.0646238,0.0722344,0.0805223,0.0942724,0.105781,0.12601,0.151641,0.167533,0.162179
835.661,0.0392029,0.0388653,0.0375068,0.0408055,0.0444618,0.040865,0.0474016,0.0521523,0.0572019,0.0540385,0.063597,0.0722104,0.0861952,0.0928381,0.107395,0.12159,0.141172,0.171239,0.169913
836.029,0.043888,0.0382354,0.0356845,0.0381655,0.0422666,0.0386072,0.0423017,0.0456243,0.0508567,0.0503387,0.0619528,0.0720307,0.0757727,0.0985452,0.11069,0.131038,0.144179,0.171984,0.171284
836.396,0.0353876,0.0428201,0.0379284,0.041329,0.0457112,0.047455,0.0409374,0.0468625,0.0502571,0.0545071,0.0638785,0.0714292,0.0808936,0.092125,0.107169,0.126779,0.146807,0.169315,0.174689
836.763,0.0386803,0.0451631,0.0446871,0.0438033,0.0480011,0.0419746,0.0539481,0.0516873,0.0533334,0.0577737,0.0606389,0.0741268,0.0802671,0.0920161,0.109293,0.126328,0.14419,0.180337,0.176361
837.13,0.0383688,0.0425053,0.0398679,0.0386985,0.0403708,0.04374,0.0409321,0.052167,0.0456158,0.0571312,0.0619278,0.0681149,0.0778621,0.0887088,0.100889,0.124942,0.144742,0.167459,0.169035
837.497,0.0371271,0.041944,0.0469548,0.041705,0.0426684,0.045464,0.0508071,0.0427392,0.0524539,0.0542624,0.0708814,0.0705746,0.0855097,0.0945857,0.105712,0.123808,0.143968,0.166845,0.177726
837.864,0.0428562,0.0384678,0.0433346,0.0452412,0.0389375,0.0433824,0.0457171,0.0553886,0.0476008,0.0604493,0.0651738,0.073332,0.080197,0.0930469,0.106459,0.126537,0.158207,0.162053,0.174503
838.23,0.037412,0.0377331,0.0407917,0.0425995,0.0406127,0.0447046,0.0508873,0.0514393,0.049226,0.0517982,0.0571062,0.0735589,0.080234,0.101527,0.106846,0.123604,0.150977,0.16443,0.169376
838.597,0.0406903,0.0403242,0.0426052,0.0492604,0.0474191,0.042835,0.0481006,0.0569044,0.0553694,0.0533626,0.0703004,0.0771826,0.0838434,0.0883608,0.115661,0.128868,0.149463,0.167846,0.1752
838.963,0.0391764,0.0473029,0.0488164,0.0406909,0.0390432,0.0473338,0.0486137,0.0553093,0.0537275,0.0621066,0.0610503,0.0681663,0.0796613,0.0949308,0.106112,0.12596,0.152039,0.169646,0.164517
839.329,0.0340602,0.0432206,0.0481144,0.0475951,0.038979,0.0472459,0.041525,0.0509566,0.0516418,0.0581477,0.0637706,0.0735245,0.0796626,0.0894675,0.103567,0.131344,0.145446,0.170196,0.16781
839.695,0.0355648,0.0376396,0.0456556,0.0386811,0.048461,0.0382736,0.0463038,0.0502643,0.0506273,0.0488926,0.0614879,0.0733506,0.08256,0.0851118,0.105439,0.120109,0.149332,0.164447,0.164943
840.061,0.0422466,0.0437654,0.0480217,0.043385,0.0456854,0.0466138,0.0493256,0.0515026,0.0554911,0.0638266,0.070192,0.0717051,0.0864428,0.0951939,0.11137,0.134158,0.155233,0.173565,0.178756
840.427,0.0386368,0.0438478,0.0379969,0.0474363,0.043442,0.0484124,0.0519155,0.0442631,0.0541321,0.0626341,0.0614756,0.0706008,0.0810531,0.0958578,0.115329,0.127698,0.149992,0.178618,0.172188
840.793,0.0415977,0.0451417,0.0451966,0.0423663,0.0452185,0.0440255,0.0439237,0.0479565,0.0518395,0.0571975,0.068072,0.0723002,0.0786784,0.0894273,0.107792,0.123421,0.154904,0.169744,0.177141
841.159,0.0401683,0.043094,0.0447647,0.0417073,0.0467451,0.0492247,0.0523653,0.0515846,0.0543297,0.0590171,0.0673266,0.0698944,0.0819204,0.0947083,0.109624,0.127483,0.144197,0.172069,0.166131
841.524,0.0422828,0.045346,0.0468086,0.0448633,0.0520197,0.041962,0.0461615,0.0474429,0.0591045,0.0553646,0.0591454,0.070041,0.0830562,0.0941387,0.111746,0.130284,0.152852,0.17374,0.171107
841.889,0.0406262,0.0433199,0.0432276,0.0368429,0.0399783,0.0475183,0.0413405,0.0505049,0.0526037,0.0557802,0.0644768,0.0713696,0.0857833,0.0919147,0.108307,0.126145,0.140462,0.172827,0.165449
842.255,0.0395701,0.0551316,0.0453181,0.0423555,0.0503971,0.0472131,0.0543734,0.049405,0.0584789,0.063573,0.0658182,0.0763136,0.081916,0.103479,0.113831,0.13335,0.147694,0.17887,0.172474
842.62,0.0433371,0.0467058,0.0401872,0.0416399,0.0492299,0.0504585,0.051216,0.0487061,0.0506013,0.0580757,0.066219,0.0798785,0.0872217,0.0870568,0.104224,0.127789,0.148618,0.164105,0.173576
842.985,0.0317335,0.0410483,0.0426362,0.0459497,0.044391,0.0382866,0.0452179,0.0410662,0.0507078,0.0545449,0.0610613,0.0706797,0.0824129,0.0957643,0.110658,0.124393,0.155012,0.172239,0.172559
843.35,0.0390727,0.0418816,0.0431195,0.0397747,0.0429933,0.0442046,0.0482275,0.0467284,0.0552614,0.0548518,0.0631216,0.0712568,0.0766911,0.0933975,0.10879,0.118223,0.148596,0.162302,0.165833
843.714,0.0388481,0.0393453,0.0435622,0.0446029,0.0428121,0.0453886,0.0513417,0.0510211,0.0488888,0.0550083,0.0628307,0.0714839,0.082501,0.0970391,0.109045,0.120994,0.145844,0.16746,0.1632
844.079,0.0376987,0.0457685,0.0401414,0.0438045,0.0360925,0.0479406,0.0451184,0.0452528,0.0558614,0.0644109,0.0645947,0.0761331,0.0830175,0.0892975,0.113424,0.132312,0.158412,0.171192,0.174308
844.444,0.032999,0.0437389,0.0457236,0.0392858,0.0415705,0.0405981,0.0422558,0.0460264,0.0441201,0.0504156,0.0561095,0.0769949,0.0800759,0.0930332,0.109185,0.122836,0.141898,0.163393,0.160918
844.808,0.0400352,0.0450233,0.0462899,0.0436783,0.0471607,0.0420836,0.0468172,0.0474958,0.0540408,0.0577778,0.0616865,0.0747681,0.0794576,0.0989895,0.111684,0.125877,0.146734,0.173027,0.165681
845.172,0.0380208,0.0407085,0.0420023,0.0416532,0.0440649,0.045454,0.0425587,0.04729,0.0533852,0.0596651,0.0603837,0.0628002,0.0769978,0.0924336,0.102472,0.130581,0.145414,0.164092,0.170494
845.536,0.0469239,0.0476688,0.0497314,0.0469088,0.0476372,0.0434179,0.0453621,0.0522477,0.0574549,0.0637999,0.065715,0.0771578,0.0886121,0.0974446,0.111683,0.128186,0.155135,0.184648,0.170476
845.9,0.0431374,0.0404238,0.0437789,0.0413741,0.0454976,0.0359697,0.0430037,0.049434,0.0492602,0.0580752,0.0685057,0.0690509,0.0780294,0.0973398,0.11211,0.130046,0.151084,0.17312,0.171266
846.264,0.041114,0.0414597,0.0443233,0.0403093,0.049429,0.0425551,0.0488561,0.0489642,0.0491984,0.059274,0.062007,0.0664845,0.0835189,0.0958295,0.114406,0.116534,0.145217,0.172459,0.166753
846.628,0.0510696,0.0449461,0.0507375,0.0532588,0.0568745,0.0457137,0.0511285,0.0569154,0.0630645,0.0647744,0.0800777,0.0758517,0.0864313,0.100817,0.118274,0.134868,0.158891,0.173235,0.176931
846.992,0.0431517,0.0543797,0.046244,0.0508007,0.0448424,0.0500878,0.0492111,0.0469168,0.0507921,0.0603657,0.0668213,0.0753132,0.0900734,0.0957151,0.109579,0.138686,0.147732,0.172554,0.17682
847.355,0.0430447,0.0419161,0.0435081,0.0455851,0.0435559,0.043275,0.0426612,0.0471381,0.048062,0.0619099,0.0629717,0.0742168,0.0785236,0.0890557,0.10715,0.133965,0.147984,0.169773,0.168233
847.718,0.0378647,0.0423315,0.0413322,0.0419843,0.0407859,0.0429542,0.0473129,0.0459959,0.0540869,0.055271,0.0631923,0.0713624,0.0800281,0.08911,0.1061,0.120765,0.143471,0.170535,0.168384
848.082,0.0299677,0.0335594,0.0400374,0.0383164,0.037711,0.0373817,0.0400379,0.0478715,0.0461364,0.0473506,0.0617133,0.0673746,0.0754675,0.0814895,0.100419,0.12483,0.144633,0.164533,0.164068
848.445,0.0355909,0.0399946,0.0404336,0.0419665,0.0437954,0.042758,0.0449842,0.0474534,0.051117,0.0544758,0.0563173,0.0722549,0.0826793,0.0890675,0.101252,0.128963,0.144555,0.166002,0.170919
848.808,0.0392162,0.0468617,0.0479961,0.0480573,0.0443223,0.0396318,0.0527306,0.0498786,0.0543071,0.0584006,0.068208,0.0778868,0.0877032,0.0972891,0.113474,0.128081,0.154455,0.178706,0.178996
849.171,0.0467623,0.0452295,0.0448728,0.0464728,0.0489221,0.0491163,0.0478116,0.0497583,0.0539549,0.0611531,0.0623203,0.0791439,0.0881244,0.101411,0.110958,0.134824,0.155632,0.175303,0.17946
849.533,0.040501,0.0495619,0.0535066,0.0494975,0.0450132,0.0470771,0.0477649,0.0539574,0.0472742,0.0571152,0.0627869,0.0676284,0.0867659,0.0995957,0.104738,0.126354,0.14837,0.171839,0.175333
849.896,0.0423451,0.0469456,0.0457632,0.0408097,0.0436783,0.0425764,0.045915,0.0421143,0.0558613,0.0552018,0.0672435,0.0828343,0.0824358,0.0956614,0.102511,0.12405,0.150408,0.173456,0.170921
850.259,0.0434735,0.0425576,0.0397721,0.0435516,0.041268,0.0409552,0.0447642,0.0434051,0.0504898,0.0591478,0.0608564,0.0712729,0.083828,0.0955126,0.100391,0.121985,0.147913,0.162152,0.166191
850.621,0.0423997,0.0416217,0.0425768,0.0431386,0.0374999,0.0447857,0.0465786,0.045127,0.0499967,0.0599925,0.0605671,0.0674639,0.0846726,0.0950085,0.104731,0.122404,0.15872,0.165638,0.169857
850.983,0.0347676,0.042462,0.0406468,0.0428229,0.0363877,0.0431352,0.0425243,0.048038,0.0512832,0.0497625,0.060297,0.0660211,0.076731,0.096668,0.108367,0.126123,0.145112,0.167175,0.164992
851.345,0.0464882,0.0472331,0.0512615,0.050032,0.0503506,0.0483774,0.0455533,0.0579062,0.0569153,0.0594428,0.0628515,0.0770639,0.0879645,0.09737,0.107754,0.131419,0.159088,0.173611,0.180606
851.707,0.0407329,0.0427648,0.0437743,0.0416851,0.0354487,0.0489732,0.0385175,0.046428,0.0527734,0.0574767,0.0597021,0.0690856,0.0756652,0.0932037,0.110052,0.117269,0.153808,0.166698,0.167966
852.069,0.0413204,0.0465839,0.0459868,0.0455533,0.0498176,0.0466287,0.0501231,0.0519888,0.0492198,0.0647343,0.0694975,0.0809225,0.0794997,0.0986424,0.116981,0.125829,0.161629,0.172309,0.177375
852.431,0.0500297,0.0436986,0.0493733,0.0517266,0.0406889,0.0465843,0.0460316,0.0497043,0.0527033,0.0618044,0.0726234,0.0790451,0.0931323,0.0986773,0.111228,0.127117,0.155915,0.172677,0.174874
852.793,0.0382495,0.0413357,0.0393801,0.0367295,0.0384347,0.0425014,0.0429613,0.0507009,0.0517436,0.053936,0.0616659,0.076245,0.0808449,0.0899643,0.108676,0.126438,0.145152,0.166519,0.162984
853.154,0.0400578,0.043073,0.0386028,0.0452048,0.0483826,0.0385906,0.0449188,0.0462229,0.0584312,0.0606479,0.0657262,0.0709665,0.082165,0.0988408,0.115481,0.133794,0.148973,0.174123,0.168655
853.515,0.0442296,0.0451812,0.0402586,0.0438697,0.0473326,0.0497703,0.0505604,0.0518737,0.0612513,0.0572958,0.0664208,0.074627,0.0798481,0.101347,0.10878,0.134543,0.14883,0.169023,0.171572
853.877,0.0339224,0.0299555,0.0356708,0.0408864,0.0329377,0.0416542,0.0420647,0.0432565,0.0440872,0.0479845,0.0587467,0.069799,0.0771209,0.084277,0.0988806,0.123285,0.142716,0.155664,0.15601
854.238,0.0445419,0.0472953,0.0425559,0.0461778,0.0387115,0.0480442,0.0452316,0.0518391,0.0523779,0.0554454,0.0702294,0.0736062,0.0864241,0.097767,0.107609,0.121835,0.159091,0.167141,0.17552
854.599,0.0393593,0.0403377,0.0410655,0.0443744,0.0510664,0.0410966,0.0401545,0.0452495,0.047608,0.0572325,0.0600072,0.0715485,0.0812051,0.0977342,0.100908,0.124645,0.152554,0.170283,0.172475
854.96,0.0417353,0.0463914,0.0417281,0.0437631,0.0371405,0.0447968,0.0494339,0.0529346,0.0433599,0.0556957,0.0547101,0.0765522,0.0787997,0.100479,0.108069,0.130973,0.14476,0.16757,0.168412
855.321,0.0349115,0.0399127,0.0400234,0.0403344,0.0399379,0.0413822,0.0403754,0.034586,0.0497642,0.0549183,0.0490191,0.0665201,0.0824651,0.0860561,0.101907,0.12389,0.140998,0.155531,0.15822
855.681,0.0374546,0.0440308,0.0352469,0.0401359,0.0422667,0.0380471,0.0401522,0.0407075,0.0570575,0.0569464,0.0534325,0.0653446,0.0791454,0.0934606,0.108091,0.125473,0.156637,0.165402,0.171295
856.042,0.0441802,0.0428738,0.0474694,0.0412751,0.0450888,0.0494309,0.0441294,0.0530314,0.0535702,0.0628155,0.0664027,0.0744003,0.0828014,0.0879342,0.108763,0.13488,0.155163,0.168917,0.172274
856.402,0.0446697,0.0393257,0.0446531,0.0409773,0.0441599,0.0409681,0.0438956,0.0452061,0.0565383,0.0544623,0.057409,0.0673173,0.0772944,0.0897014,0.102837,0.121083,0.141631,0.167952,0.166948
856.762,0.0410476,0.0406231,0.0464935,0.0492532,0.0475593,0.044702,0.0444952,0.0543806,0.0535593,0.0562544,0.0604868,0.0786012,0.0859697,0.0939934,0.10865,0.127452,0.148781,0.170277,0.17498
857.122,0.0462128,0.0472492,0.0476366,0.0517194,0.0450482,0.0475882,0.0449038,0.0534649,0.0571944,0.0631495,0.065651,0.0701435,0.0921904,0.0954953,0.11062,0.129608,0.155156,0.175806,0.176191
857.482,0.0384185,0.0463444,0.0419955,0.0470914,0.0384015,0.0449503,0.0471183,0.0490548,0.0534945,0.0535471,0.0696863,0.0762376,0.0806075,0.101405,0.108117,0.121241,0.148102,0.164902,0.174766
857.842,0.0360286,0.0440018,0.0350819,0.0401855,0.0412203,0.0423461,0.0458921,0.0534178,0.0507747,0.0567507,0.0682252,0.0806713,0.0797791,0.0982182,0.107813,0.124946,0.149633,0.167647,0.168651
858.202,0.0398108,0.0509083,0.0464966,0.0477536,0.0443441,0.0481638,0.047896,0.046121,0.0522455,0.0578136,0.0609785,0.0691119,0.0812207,0.101734,0.111758,0.131617,0.151456,0.17333,0.174409
858.562,0.0411525,0.0480947,0.0507803,0.0476742,0.0491823,0.0417907,0.0462436,0.047316,0.0543832,0.0582576,0.0671681,0.0740603,0.0803693,0.103534,0.109047,0.12587,0.157729,0.181948,0.183225
858.921,0.0344718,0.0467837,0.0372758,0.0455876,0.0504914,0.0455718,0.0402431,0.0462291,0.0544616,0.0597086,0.0565996,0.0692898,0.0823084,0.088738,0.110827,0.129113,0.146941,0.158092,0.174811
859.281,0.0316372,0.0359455,0.0339197,0.0410942,0.0407553,0.0451475,0.0406549,0.0408674,0.0468867,0.0501528,0.0596225,0.0615681,0.071784,0.0848599,0.104206,0.121318,0.142731,0.167756,0.171199
859.64,0.0486788,0.0536336,0.0434789,0.0491184,0.0542015,0.0529236,0.0509636,0.0537361,0.0604686,0.0560204,0.0712863,0.0719351,0.0888239,0.0970078,0.117397,0.134995,0.151736,0.173991,0.186776
859.999,0.0387678,0.0364388,0.0423451,0.0360088,0.0369691,0.0342315,0.03407,0.039572,0.0441839,0.0436768,0.0535925,0.0638888,0.0710653,0.082261,0.0998561,0.119428,0.14123,0.154619,0.16295
860.358,0.0323407,0.0398107,0.0371431,0.0403627,0.0395707,0.0325149,0.0372571,0.0414819,0.0442309,0.0497641,0.0579717,0.0648129,0.0765692,0.0890467,0.100123,0.118957,0.1416,0.154101,0.159434
860.717,0.0339072,0.0395354,0.041298,0.0399121,0.0400529,0.0441766,0.0433598,0.0478496,0.0426035,0.0553746,0.0625421,0.0721756,0.0774362,0.0932738,0.0996381,0.121618,0.153875,0.159592,0.173153
861.076,0.0387063,0.0358955,0.0405943,0.0425496,0.038327,0.0437305,0.0435124,0.0517253,0.049592,0.0575873,0.063933,0.0730705,0.082247,0.0951551,0.108794,0.126374,0.152074,0.162139,0.175417
861.434,0.0363932,0.0473444,0.0493434,0.0479133,0.0424768,0.0430963,0.045089,0.0530656,0.0588743,0.0581132,0.0602071,0.0815938,0.0872124,0.0961068,0.114557,0.136731,0.163021,0.166905,0.182205
861.793,0.0378119,0.0396962,0.0365621,0.0396477,0.0387673,0.0410389,0.0396605,0.0406699,0.0446899,0.0476881,0.0600323,0.0598663,0.0779225,0.0810187,0.100792,0.128689,0.139745,0.160836,0.165632
862.151,0.0411651,0.0448321,0.0474643,0.0384536,0.0422048,0.0475037,0.0466058,0.0523344,0.0512658,0.0556835,0.0687477,0.0738479,0.0876761,0.0983273,0.110838,0.130015,0.147174,0.175698,0.168865
862.509,0.0474179,0.0532878,0.0469178,0.0456919,0.0497563,0.0461177,0.0520014,0.0460421,0.053064,0.061956,0.0606727,0.0748296,0.0883,0.0926479,0.104149,0.133042,0.15268,0.172525,0.177072
862.868,0.0439513,0.045953,0.0453686,0.0403145,0.048545,0.0487342,0.0459042,0.0505642,0.0512174,0.061638,0.0690381,0.0646918,0.0867739,0.100419,0.109757,0.130275,0.146599,0.165648,0.173368
863.226,0.0404483,0.0456008,0.0367321,0.0445045,0.0425825,0.0546847,0.0474736,0.0483736,0.0572811,0.0608366,0.0636156,0.0685646,0.085167,0.0954966,0.107767,0.132894,0.151467,0.171666,0.168157
863.583,0.043431,0.0437194,0.0413163,0.0433934,0.0453859,0.0432335,0.0448019,0.0443321,0.0553264,0.0594361,0.0577532,0.0718488,0.0783672,0.0920846,0.102851,0.13297,0.154475,0.162939,0.174818
863.941,0.0401524,0.0377062,0.0426739,0.03999,0.046636,0.0416958,0.0499512,0.0478484,0.0527458,0.0533648,0.0653036,0.0658259,0.0796707,0.0906442,0.103407,0.125655,0.148139,0.177182,0.17092
864.299,0.034302,0.0389105,0.0420267,0.0443193,0.040245,0.0448356,0.0476987,0.0535635,0.0592207,0.0528102,0.0600704,0.0745082,0.0875824,0.100439,0.10134,0.127017,0.146846,0.175321,0.17031
864.656,0.0300294,0.0418691,0.0326448,0.0383929,0.0310573,0.0374013,0.0494642,0.0413365,0.0440194,0.0472228,0.0503454,0.062972,0.0698766,0.0859338,0.114852,0.121173,0.1436,0.163944,0.162927
865.014,0.0316296,0.0389163,0.0351387,0.0422873,0.0470287,0.0361246,0.0375883,0.0358955,0.0518564,0.0437125,0.0579759,0.069123,0.0801547,0.0889174,0.100975,0.120634,0.146365,0.16817,0.167989
865.371,0.0352352,0.0467369,0.0465295,0.0388009,0.0365729,0.0424693,0.0514999,0.0462509,0.0532037,0.0507067,0.0569886,0.0759461,0.0791493,0.0867799,0.101844,0.131568,0.154122,0.174302,0.18034
865.728,0.0393677,0.0426293,0.0441021,0.0456915,0.0425373,0.0430774,0.0497756,0.0505451,0.0488933,0.060017,0.0654989,0.0691373,0.0801195,0.0843098,0.11406,0.124523,0.149025,0.176758,0.178296
866.085,0.0455373,0.0407318,0.0380439,0.046329,0.0419707,0.052055,0.0389148,0.0464383,0.051399,0.0547488,0.0668108,0.0670061,0.0916816,0.10159,0.11345,0.125464,0.155955,0.172283,0.178832
866.442,0.0380402,0.037998,0.0386624,0.0417882,0.0491013,0.0480824,0.0445712,0.0501504,0.0533079,0.0545866,0.0653956,0.0668542,0.0850513,0.0869822,0.114135,0.123997,0.153409,0.164743,0.169905
866.799,0.0386794,0.041036,0.0381076,0.0387743,0.0502075,0.0404134,0.043922,0.0387231,0.0528181,0.05577,0.060323,0.0731192,0.0791417,0.0953604,0.105422,0.12848,0.157539,0.166721,0.168712
867.155,0.0406805,0.0388298,0.0373237,0.0456019,0.0418903,0.0525871,0.0449302,0.0459323,0.055636,0.061965,0.0649366,0.0713014,0.0773546,0.0952411,0.106975,0.13668,0.145161,0.166613,0.169704
867.512,0.0415711,0.0337459,0.0429254,0.0402675,0.0420929,0.0486899,0.0381059,0.0454964,0.0482255,0.0510155,0.0712981,0.0644542,0.0743401,0.0896439,0.102553,0.121081,0.140643,0.163366,0.169866
867.868,0.0350303,0.0345467,0.037021,0.039077,0.03822,0.0362271,0.0443033,0.0424152,0.0533339,0.0568849,0.0634383,0.0633174,0.0861137,0.0885428,0.0985171,0.113604,0.140128,0.163559,0.15401
868.225,0.0294604,0.0427712,0.0448447,0.0437983,0.0339619,0.0390813,0.0451246,0.0465472,0.0544397,0.0523326,0.0676615,0.0693271,0.0802762,0.0931254,0.102886,0.116517,0.14405,0.168758,0.168927
868.581,0.0293247,0.0382074,0.036352,0.0431399,0.0392782,0.0455983,0.0389758,0.0411897,0.0537587,0.05312,0.0641414,0.0594857,0.0790909,0.0929009,0.105704,0.126193,0.143476,0.159761,0.167749
868.937,0.0455563,0.0462202,0.0389803,0.0511588,0.0435663,0.0440072,0.0473677,0.0572905,0.0552248,0.0577596,0.0620888,0.0658029,0.0864589,0.0908282,0.109444,0.129961,0.153213,0.172699,0.17284
869.293,0.0406835,0.0454829,0.0366917,0.0476069,0.044978,0.0452605,0.0464792,0.0489113,0.0536606,0.0539328,0.0621461,0.0787073,0.0897068,0.100558,0.116207,0.133143,0.158305,0.176464,0.180404
869.648,0.0397953,0.042632,0.0459238,0.0405841,0.043882,0.0433989,0.045155,0.0487673,0.0529373,0.0570083,0.0645559,0.0766473,0.0825263,0.0949199,0.109601,0.121838,0.14657,0.175455,0.169279
870.004,0.0339044,0.041375,0.0415056,0.0392705,0.043895,0.0428555,0.049336,0.0376882,0.0473175,0.0550556,0.0671387,0.0731282,0.079622,0.0912238,0.101107,0.131351,0.146024,0.174639,0.171109
870.359,0.0408694,0.0440943,0.0425527,0.0456174,0.0488891,0.0545924,0.0487237,0.0630789,0.0474923,0.0575689,0.0649372,0.0712578,0.0933994,0.0990054,0.103699,0.139104,0.14772,0.172496,0.173927
870.715,0.0450429,0.0479633,0.0463602,0.0419981,0.0439539,0.0585558,0.0545832,0.0519839,0.0486513,0.0522214,0.0642865,0.0729078,0.0846686,0.0871077,0.107419,0.127452,0.154262,0.169514,0.175574
871.07,0.0487291,0.040349,0.04766,0.0445574,0.0522876,0.0514716,0.0528374,0.0561656,0.0551253,0.0619995,0.0630689,0.0767367,0.08373,0.0967913,0.11276,0.128073,0.157212,0.171494,0.175941
871.425,0.0428641,0.0427976,0.0465436,0.0435437,0.0470455,0.0395118,0.0475813,0.0483489,0.0440488,0.0611062,0.0634703,0.0668813,0.082969,0.0929952,0.109624,0.130279,0.142198,0.167617,0.166021
871.78,0.0343004,0.0413813,0.0380386,0.0410403,0.046044,0.0453595,0.0420994,0.0506249,0.0551647,0.0597634,0.0680648,0.0719267,0.0771698,0.0940017,0.112666,0.130043,0.156712,0.170116,0.171324
872.135,0.0323675,0.0338976,0.0416584,0.0323515,0.0385404,0.0416308,0.0371393,0.0490084,0.0485303,0.0576914,0.0618783,0.0770223,0.0742729,0.0851252,0.105761,0.131139,0.146371,0.171533,0.170752
872.49,0.0408846,0.0455543,0.043321,0.0416312,0.053338,0.0482377,0.0540499,0.0500766,0.0559993,0.0647311,0.0636929,0.0817752,0.086378,0.104138,0.115483,0.125177,0.146952,0.173104,0.171078
872.844,0.0479814,0.0490618,0.0558694,0.0553693,0.0500691,0.0577152,0.0552297,0.0529474,0.0622297,0.0632408,0.0858136,0.0825617,0.094791,0.106499,0.123316,0.138926,0.167826,0.186934,0.176312
873.199,0.043047,0.0441579,0.0495491,0.0564768,0.0579175,0.0455267,0.0427526,0.0440355,0.0545007,0.0610437,0.0610013,0.0746239,0.0848748,0.0983058,0.102273,0.128365,0.160736,0.16476,0.170123
873.553,0.0381682,0.0538362,0.0470803,0.0544479,0.0503845,0.0515527,0.0473105,0.053148,0.0585013,0.0596081,0.0666663,0.0776758,0.0819787,0.106815,0.102575,0.130324,0.153797,0.184586,0.17964
873.908,0.0461332,0.0452522,0.0430093,0.0468602,0.0416485,0.0505928,0.0559453,0.0585285,0.0601088,0.0583871,0.0685759,0.0816644,0.0883397,0.10067,0.103181,0.126261,0.155911,0.178955,0.175322
874.262,0.0478162,0.048957,0.0479646,0.042621,0.0431075,0.0485624,0.0459947,0.0408088,0.057808,0.0587399,0.0646937,0.0768165,0.0808059,0.0960305,0.111139,0.140371,0.154847,0.158502,0.170522
874.616,0.0421596,0.0493721,0.0487502,0.0464724,0.0469569,0.049021,0.0550638,0.0509281,0.0621013,0.069072,0.0669722,0.07713,0.084083,0.104678,0.118377,0.132046,0.15287,0.167323,0.174836
874.97,0.0520087,0.0448266,0.0427106,0.0550384,0.041335,0.042647,0.0445497,0.0470878,0.0480455,0.0582576,0.0548002,0.0801579,0.0822815,0.0996545,0.114488,0.136886,0.145593,0.176549,0.177341
875.323,0.0440231,0.0414247,0.0499179,0.0516598,0.0397447,0.0478619,0.0448353,0.0469702,0.0437894,0.0666852,0.0647551,0.07289,0.086305,0.0928828,0.111195,0.12754,0.152478,0.174283,0.17059
875.677,0.0531348,0.0449953,0.0506438,0.0499608,0.0392247,0.0508305,0.0500505,0.0486555,0.0591381,0.0589779,0.0623231,0.0726979,0.0881835,0.104943,0.115828,0.134177,0.161642,0.180666,0.184098
876.031,0.0390145,0.0391661,0.0362753,0.0465655,0.0329578,0.0390945,0.048864,0.0454707,0.0454644,0.0512105,0.0530051,0.0689035,0.086759,0.098723,0.10689,0.120957,0.145462,0.16631,0.163739
876.384,0.0410977,0.0513495,0.0375324,0.0537032,0.0487905,0.0475582,0.0538323,0.0543799,0.0606229,0.0587768,0.0635394,0.075622,0.0905762,0.0984543,0.113225,0.132637,0.146769,0.183537,0.177993
876.737,0.0408773,0.0381684,0.0499715,0.0500708,0.0513186,0.0396675,0.0485904,0.0564164,0.053485,0.0654255,0.0700834,0.0759528,0.0826143,0.0930486,0.109452,0.136648,0.153455,0.183295,0.176525
877.09,0.0373649,0.0438248,0.0430677,0.0422838,0.0464436,0.050805,0.0460048,0.0538615,0.0516638,0.0601882,0.0630858,0.0668027,0.0801056,0.0970012,0.116307,0.130031,0.162412,0.168419,0.175357
877.443,0.0283307,0.0317925,0.0382671,0.0421614,0.0353587,0.0397029,0.0394239,0.041958,0.0482944,0.0588651,0.0554643,0.0639304,0.0789504,0.0891683,0.109993,0.126086,0.143039,0.167992,0.168664
877.796,0.0333265,0.0408765,0.0446926,0.0371503,0.0396921,0.0386989,0.0408519,0.0383816,0.0480908,0.0513153,0.0608225,0.0648453,0.0738353,0.0865171,0.107915,0.117784,0.140762,0.155519,0.16394
878.149,0.0349761,0.0314337,0.0382649,0.0387748,0.0459659,0.035263,0.0387847,0.0443218,0.0468006,0.0478831,0.0605789,0.0706743,0.0760047,0.0937699,0.10993,0.122693,0.146789,0.163602,0.163646
878.501,0.0377359,0.038756,0.038164,0.0494371,0.0427241,0.0335562,0.0424419,0.0410976,0.0535268,0.0505337,0.0576534,0.0730084,0.0804081,0.0900545,0.104806,0.123188,0.147555,0.170932,0.176111
878.854,0.046826,0.04079,0.0453178,0.0337508,0.0404868,0.0449021,0.0405625,0.0541784,0.0520832,0.0465154,0.0620101,0.0628017,0.0836123,0.0993066,0.106213,0.12594,0.152773,0.170873,0.169211
879.206,0.052127,0.0479845,0.0449764,0.0515064,0.054806,0.0514509,0.0437561,0.0573809,0.0507734,0.063704,0.0726672,0.0782026,0.0863223,0.105839,0.121519,0.133612,0.154589,0.184607,0.186432
879.559,0.0363714,0.0495262,0.0439484,0.047213,0.0411726,0.047806,0.0512585,0.0482628,0.0536498,0.0649343,0.0656772,0.0695522,0.0936982,0.0875822,0.108042,0.129962,0.15151,0.167994,0.171055
879.911,0.041116,0.0379804,0.037822,0.0397941,0.0366469,0.045702,0.0430997,0.0450928,0.0481483,0.0492706,0.0667888,0.0620292,0.0801993,0.0912313,0.105346,0.122466,0.148386,0.172283,0.174644
880.263,0.0384403,0.0436061,0.0481775,0.0391773,0.0483898,0.0474122,0.042622,0.0431102,0.0459469,0.0616799,0.0740315,0.0696062,0.0906789,0.0838208,0.11633,0.131347,0.146738,0.189657,0.182323
880.615,0.0350069,0.0299231,0.0339234,0.0370828,0.0371641,0.035624,0.0409726,0.0470519,0.048974,0.0512632,0.060291,0.0716955,0.0792607,0.0902574,0.113919,0.128244,0.156435,0.167799,0.171898
880.966,0.0392582,0.039935,0.0320549,0.0368926,0.0343054,0.0335474,0.0459598,0.0332218,0.0549898,0.0516929,0.0552068,0.0727807,0.0823473,0.0892009,0.106372,0.131603,0.144223,0.164961,0.171187
881.318,0.0438229,0.0436646,0.0395745,0.0424134,0.0364236,0.0413974,0.0378278,0.0487365,0.0489911,0.0622222,0.0635942,0.0635829,0.0797354,0.0875944,0.107076,0.119691,0.139294,0.165032,0.156493
881.669,0.0431578,0.0383493,0.0417629,0.0468427,0.0555473,0.0532739,0.0517211,0.0510287,0.0503769,0.0591765,0.0606463,0.0776806,0.0825831,0.101636,0.117963,0.136841,0.145943,0.177424,0.173823
882.021,0.0332263,0.0332622,0.0347908,0.0372829,0.0471984,0.0475421,0.038965,0.0450609,0.0503681,0.0585381,0.0603732,0.0696169,0.0818751,0.0940216,0.107499,0.128002,0.145745,0.162967,0.172406
882.372,0.0419428,0.0374363,0.0438361,0.0482888,0.0540697,0.0369653,0.0461247,0.049035,0.0573556,0.0531131,0.0681566,0.0727832,0.0881274,0.093462,0.112469,0.128797,0.148444,0.16794,0.179811
882.723,0.0342877,0.0380462,0.0451131,0.0495568,0.051567,0.0381196,0.0444739,0.0462939,0.056234,0.0572538,0.0652528,0.0691715,0.0847749,0.0915846,0.108943,0.125131,0.153666,0.171899,0.185564
883.074,0.0369249,0.0454776,0.0376939,0.0475565,0.0416015,0.041245,0.0450735,0.0531634,0.0522957,0.0592465,0.0560654,0.0764739,0.087286,0.0890971,0.113134,0.125205,0.158119,0.166941,0.169225
883.425,0.0381077,0.04972,0.0527612,0.0540421,0.0460521,0.0549961,0.047826,0.0483011,0.0518226,0.051375,0.0607118,0.0673046,0.0790967,0.0944932,0.121504,0.122965,0.150907,0.169596,0.166041
883.776,0.04979,0.052496,0.0436261,0.0455114,0.0546031,0.0459435,0.0526465,0.0473782,0.0568291,0.0612616,0.0598026,0.0782994,0.084769,0.100859,0.116351,0.143647,0.150726,0.188257,0.171664
884.126,0.0192143,0.0353035,0.0394622,0.0422412,0.0439362,0.0397689,0.0438794,0.0383704,0.036541,0.0457682,0.0561393,0.0709675,0.0717716,0.0877082,0.0942321,0.121908,0.144239,0.167602,0.159033
884.477,0.033987,0.0436385,0.0429527,0.0359024,0.0361421,0.0468602,0.0411368,0.0423347,0.0563244,0.050969,0.0597009,0.0741247,0.0841933,0.0951966,0.106815,0.124328,0.155208,0.166222,0.168136
884.827,0.0492122,0.0471947,0.0531088,0.0470522,0.0463521,0.044794,0.0482206,0.0443549,0.0553709,0.0516274,0.0580869,0.0751787,0.0841979,0.104583,0.117353,0.131416,0.145826,0.168584,0.180017
885.177,0.0537254,0.0419203,0.0435206,0.0426564,0.0443588,0.0515993,0.0522219,0.0568347,0.0521418,0.0657883,0.0618748,0.0797047,0.0842359,0.101303,0.116536,0.141794,0.16311,0.174893,0.183085
885.528,0.0357147,0.0417689,0.0382139,0.0349841,0.0475183,0.0434198,0.0463033,0.0445159,0.0432383,0.0532191,0.0512433,0.0744299,0.0840065,0.0909193,0.0982042,0.120638,0.14444,0.178646,0.169967
885.878,0.0476782,0.0512419,0.0578533,0.0555185,0.0561587,0.0524727,0.054259,0.0572312,0.0616629,0.0636044,0.0765345,0.0824716,0.0938976,0.103486,0.118956,0.146861,0.163556,0.186209,0.187221
886.227,0.0473814,0.0367236,0.0574171,0.0384074,0.0402124,0.0468771,0.0413345,0.0424486,0.0578778,0.0509763,0.0682262,0.084842,0.0840203,0.098211,0.11252,0.127378,0.145536,0.170677,0.170934
886.577,0.0507134,0.0524511,0.0454392,0.0529188,0.053812,0.0453233,0.0542821,0.0632409,0.0601146,0.0626755,0.0745397,0.0758326,0.0856065,0.100001,0.117892,0.143648,0.150824,0.173288,0.182247
886.927,0.0464097,0.0422612,0.0493266,0.0523517,0.0583753,0.0459489,0.0486176,0.052899,0.0534809,0.0670218,0.067821,0.0782181,0.0944348,0.0898861,0.11445,0.137061,0.159767,0.177854,0.17912
887.276,0.0432469,0.0502227,0.054436,0.0494134,0.0448656,0.05563,0.0536767,0.0548453,0.0566793,0.0534857,0.0669224,0.0797989,0.0961964,0.0883316,0.120381,0.140731,0.167546,0.181009,0.192307
887.626,0.0484545,0.0411309,0.0411764,0.0460345,0.0493278,0.039585,0.0465715,0.044332,0.0371344,0.0573577,0.0655061,0.0670704,0.0852514,0.0910814,0.10425,0.135212,0.151949,0.177954,0.165879
887.975,0.0353651,0.0349038,0.0303798,0.0323745,0.0372312,0.0342295,0.0422385,0.0414166,0.0332517,0.0557741,0.0639004,0.0595139,0.0657209,0.0886247,0.0922683,0.116014,0.142879,0.157161,0.156663
888.324,0.043821,0.0441174,0.0429488,0.0610594,0.0544496,0.0498305,0.048707,0.0532391,0.0542205,0.0675612,0.0706391,0.0766229,0.0884708,0.0954972,0.112313,0.129252,0.161723,0.181035,0.183431
888.673,0.0383034,0.044471,0.0458963,0.0399985,0.0500678,0.0507926,0.048208,0.0561949,0.0646851,0.0582574,0.0766275,0.0773644,0.094068,0.0990037,0.118482,0.140247,0.162815,0.179332,0.194791
889.022,0.0442316,0.0486,0.0475242,0.0489336,0.0479446,0.0514807,0.0533938,0.0474909,0.0546637,0.0603241,0.0637327,0.0800366,0.0896725,0.09863,0.108998,0.123136,0.155005,0.174274,0.172601
889.37,0.0362283,0.0362464,0.0389334,0.0394636,0.0369628,0.0343987,0.042653,0.0432911,0.0419698,0.0501643,0.062744,0.0706386,0.0714792,0.10038,0.0960774,0.119398,0.145534,0.166758,0.166622
889.719,0.027478,0.041149,0.0345196,0.0459934,0.0381926,0.0355086,0.0343411,0.0430058,0.0554619,0.054382,0.0613458,0.0625886,0.0845902,0.096316,0.107007,0.135386,0.145741,0.165593,0.167118
890.068,0.027476,0.0297704,0.0422548,0.0368119,0.0420488,0.0430964,0.0532845,0.0401486,0.0429673,0.0526773,0.063689,0.064872,0.0713693,0.0813995,0.110731,0.124876,0.128195,0.163138,0.166827
890.416,0.0445341,0.0514928,0.0528275,0.0388686,0.0447765,0.0384234,0.0508646,0.056994,0.0481617,0.0579623,0.0756547,0.0670433,0.0833729,0.0982614,0.104731,0.136563,0.150805,0.169869,0.166674
890.764,0.0527833,0.0479089,0.046926,0.0457925,0.0437193,0.050481,0.0436194,0.0573529,0.0522055,0.0674459,0.0789293,0.0781495,0.0913265,0.101318,0.111833,0.137226,0.16291,0.182001,0.180356
891.112,0.0453433,0.0490145,0.0489512,0.0519225,0.0417785,0.0410646,0.0435456,0.0587836,0.0513909,0.0620235,0.060547,0.0607295,0.0760736,0.103944,0.108742,0.116604,0.154507,0.165891,0.173105
891.46,0.045603,0.0471423,0.0437804,0.0399412,0.0525671,0.0415397,0.0515183,0.0579694,0.0528295,0.0565102,0.0696377,0.0689307,0.090507,0.0969323,0.102513,0.133837,0.145053,0.169644,0.180783
891.808,0.0434175,0.0494726,0.0520152,0.043934,0.0380792,0.0406082,0.0442552,0.0602152,0.055743,0.0597453,0.0739567,0.0816269,0.0894335,0.105798,0.110047,0.120644,0.169735,0.171846,0.186894
892.156,0.0442928,0.05107,0.0464258,0.0485962,0.0489683,0.0540813,0.0443695,0.0656804,0.0561184,0.0673354,0.0659291,0.0735161,0.087567,0.0969915,0.110284,0.131245,0.154028,0.164402,0.183959
892.503,0.0420538,0.0447148,0.0477239,0.0371045,0.0407901,0.0503557,0.0531102,0.0550248,0.0508447,0.0572412,0.0724056,0.0802209,0.0868011,0.100083,0.122311,0.136428,0.155664,0.167231,0.171331
892.851,0.0300087,0.0390321,0.0353018,0.0447802,0.0443874,0.0423115,0.0481814,0.0417055,0.0552648,0.0516614,0.0666563,0.0704822,0.0865187,0.0878865,0.105665,0.123407,0.148742,0.167484,0.175511
893.198,0.0296297,0.0401601,0.0429531,0.0308981,0.0362044,0.0406711,0.0460604,0.058663,0.0474022,0.0553201,0.060668,0.0700733,0.0876325,0.0883487,0.0930057,0.121223,0.151159,0.172809,0.16825
893.545,0.0412112,0.0352135,0.0505761,0.0623406,0.0482933,0.0495774,0.0515482,0.054146,0.0537339,0.0667379,0.0733324,0.0705771,0.0824795,0.0937263,0.109506,0.14215,0.148843,0.180191,0.169209
893.892,0.0364331,0.0401266,0.0391338,0.0416718,0.0438701,0.038452,0.0422008,0.0545112,0.0523072,0.0617425,0.0600351,0.0727702,0.0840514,0.0899225,0.110968,0.123892,0.157139,0.178345,0.15201
894.239,0.0440073,0.056073,0.0435729,0.0541001,0.0497066,0.0498305,0.0410557,0.0613306,0.0535333,0.0663809,0.0742068,0.0798352,0.0782811,0.100056,0.122643,0.137858,0.175847,0.188993,0.193235
894.586,0.0503769,0.0486483,0.0484318,0.0574829,0.0508154,0.0523719,0.0636425,0.0480414,0.0583432,0.0678564,0.0732897,0.0806833,0.0879491,0.0997167,0.109036,0.126781,0.154517,0.178704,0.167608
894.933,0.0538311,0.0515485,0.0535065,0.0590143,0.0484854,0.0511394,0.0523234,0.0599485,0.0680721,0.0677063,0.0723584,0.0810538,0.0860553,0.107706,0.116604,0.140672,0.166131,0.174163,0.180424
895.28,0.050469,0.043754,0.0457077,0.0410992,0.0468136,0.0531331,0.0511393,0.060784,0.0591995,0.0613015,0.0685896,0.0759509,0.0909659,0.101298,0.13107,0.134451,0.157538,0.171941,0.179536
895.626,0.0279684,0.0318215,0.0342147,0.0419309,0.0335909,0.0393332,0.033443,0.0328054,0.0494619,0.0546325,0.0569795,0.0680174,0.0688409,0.0870826,0.106057,0.119739,0.150839,0.152768,0.168996
895.972,0.0548668,0.0566512,0.052124,0.0647973,0.0581766,0.0576347,0.0550262,0.0644586,0.067711,0.0818568,0.0744401,0.0853851,0.103501,0.106576,0.124287,0.163134,0.164295,0.193956,0.196635
896.319,0.0366533,0.0373357,0.0335239,0.0451276,0.040184,0.0373815,0.0396043,0.034212,0.0449598,0.064484,0.062289,0.0651171,0.0714013,0.0913833,0.103861,0.131104,0.148303,0.157764,0.166938
896.665,0.0324157,0.0380699,0.0425947,0.027569,0.0323176,0.0385573,0.0359136,0.0451785,0.0343476,0.0527199,0.0580964,0.0675264,0.0711711,0.0811635,0.112036,0.124317,0.139338,0.162169,0.161062
897.011,0.0400742,0.0495594,0.0429443,0.0389347,0.0422565,0.0504525,0.0409003,0.038849,0.0590311,0.0524778,0.0617506,0.0723172,0.0831197,0.0862058,0.113206,0.125241,0.145725,0.169057,0.162174
897.356,0.0394776,0.0401152,0.0484355,0.0485248,0.0385451,0.0484826,0.0473272,0.063452,0.0523626,0.0531109,0.0617129,0.067843,0.0751971,0.0994408,0.10786,0.13469,0.153917,0.184616,0.17198
897.702,0.0349847,0.0462969,0.0383336,0.0488942,0.0413054,0.0451308,0.0448562,0.0501615,0.053972,0.0561028,0.0509835,0.0693003,0.0830558,0.0937258,0.109661,0.133811,0.151167,0.173548,0.16016
898.048,0.0520749,0.0429062,0.0440338,0.0449985,0.0404451,0.0436307,0.0477378,0.0484673,0.0503073,0.0639764,0.0682356,0.0682935,0.0869149,0.0884733,0.111346,0.132739,0.150616,0.171462,0.171689
898.393,0.0481037,0.0470352,0.0472847,0.0423664,0.0442765,0.0647545,0.0576378,0.0459534,0.0597353,0.0486508,0.0701548,0.0725344,0.0917273,0.103885,0.128229,0.13068,0.169553,0.176736,0.175559
898.738,0.0415589,0.0500893,0.0413006,0.0403389,0.0449374,0.0561899,0.0425534,0.0550712,0.0562247,0.0615879,0.0637158,0.0642936,0.0834271,0.105788,0.108142,0.128466,0.151266,0.166864,0.163038
899.084,0.0423791,0.0428088,0.0423893,0.0434195,0.053999,0.0431238,0.0376784,0.0489854,0.0569285,0.0618796,0.0556448,0.0679295,0.0826724,0.0906203,0.106288,0.13374,0.154263,0.185416,0.182414
899.429,0.0395624,0.038976,0.0360766,0.0399099,0.0374326,0.0492247,0.0434305,0.0403086,0.048553,0.0575101,0.0654435,0.0573646,0.076668,0.0890126,0.115171,0.129851,0.157873,0.179818,0.171312
899.774,0.0472381,0.0398514,0.0523189,0.0378821,0.044584,0.0498364,0.0576091,0.0551109,0.0623291,0.0690957,0.0764686,0.0837429,0.0907766,0.100326,0.103491,0.133766,0.155366,0.178377,0.178061
900.119,0.0506026,0.0529208,0.0416255,0.0421763,0.0547019,0.0508305,0.0458691,0.0620278,0.0574536,0.0687639,0.0621279,0.0852149,0.0917108,0.105558,0.108271,0.134534,0.166547,0.169308,0.180908
900.463,0.0382403,0.045419,0.0469876,0.0478454,0.0532956,0.0492829,0.0444891,0.0624213,0.0525573,0.0648098,0.0747459,0.0654428,0.0903765,0.0973032,0.118145,0.134862,0.151128,0.1907,0.181792
900.808,0.0407499,0.0445116,0.042208,0.0463024,0.0430986,0.0521037,0.0460767,0.0367047,0.0499605,0.0675462,0.0670845,0.0838573,0.0822367,0.0998944,0.105738,0.126469,0.157363,0.17878,0.176649
901.152,0.0487994,0.0363433,0.035428,0.0424536,0.0465243,0.0455773,0.0411446,0.0505773,0.044958,0.0475629,0.0628854,0.072052,0.0759855,0.0831951,0.111837,0.122204,0.146106,0.173964,0.173622
901.497,0.0299125,0.0274082,0.0439295,0.032984,0.039103,0.0401943,0.034016,0.035071,0.0354094,0.0330669,0.0604353,0.071265,0.0687318,0.0834393,0.0894153,0.117469,0.125349,0.156488,0.169644
901.841,0.0396019,0.0366149,0.0455825,0.0431744,0.0353185,0.0483915,0.0470682,0.0447613,0.051257,0.0549982,0.0645415,0.0662368,0.0798897,0.0907291,0.106568,0.138367,0.141873,0.17411,0.171118
902.185,0.0406063,0.0502296,0.0548218,0.0426564,0.0535464,0.0487392,0.0616073,0.0511567,0.0597197,0.0816605,0.059601,0.0827297,0.0909787,0.101041,0.121052,0.130972,0.15807,0.184145,0.188809
902.529,0.0417083,0.0335665,0.0452963,0.0416115,0.043521,0.0535687,0.0560227,0.0642853,0.0540516,0.0637801,0.0692665,0.0759268,0.0895765,0.101801,0.118924,0.129693,0.153111,0.17135,0.189243
902.873,0.0478408,0.0537824,0.0434051,0.0481524,0.051943,0.0471758,0.0496651,0.0580609,0.0516563,0.0505561,0.0659616,0.07999,0.0775741,0.101373,0.11895,0.120312,0.136815,0.173397,0.178225
903.216,0.0494953,0.0433985,0.0398919,0.0432602,0.0483304,0.0442764,0.0368228,0.0486831,0.0563359,0.0507725,0.0717575,0.0767188,0.0804718,0.0956889,0.117137,0.132055,0.153058,0.160317,0.180079
903.56,0.0383413,0.0321852,0.028375,0.0360512,0.0482561,0.0372886,0.0458983,0.037386,0.0395264,0.0479721,0.0497514,0.0714796,0.0707805,0.0845409,0.101891,0.124734,0.149096,0.176826,0.17041
903.903,0.0462772,0.0424531,0.0589815,0.0397733,0.0443179,0.0508075,0.0582916,0.0541053,0.0742756,0.0491337,0.0833742,0.0621875,0.0871298,0.107768,0.107737,0.138795,0.152275,0.181027,0.162241
904.247,0.034963,0.0473265,0.0406182,0.0391606,0.0513986,0.0423291,0.0495075,0.0468362,0.0496382,0.05824,0.0795069,0.0641634,0.0844922,0.0836184,0.106533,0.130933,0.16879,0.180835,0.164803
904.59,0.0353071,0.0323076,0.0366879,0.0439175,0.0363362,0.0392854,0.0514065,0.0536916,0.0442492,0.058705,0.0579315,0.0713263,0.0713302,0.108117,0.107009,0.133501,0.153771,0.180637,0.170256
904.933,0.0420949,0.0435067,0.0479058,0.0588144,0.0533947,0.0616288,0.0467694,0.0645603,0.0554398,0.0604316,0.0753415,0.0835435,0.0808904,0.107762,0.12339,0.130087,0.162501,0.190885,0.200932
905.276,0.0409358,0.0511635,0.0573275,0.0475894,0.0433826,0.0434752,0.0591088,0.0598886,0.0492858,0.0690092,0.0768323,0.0715396,0.0868722,0.0960608,0.104142,0.14301,0.166026,0.183984,0.180452
905.619,0.0588606,0.0420469,0.0542188,0.0484019,0.0515744,0.0576243,0.0528165,0.059053,0.0643091,0.0662254,0.0804717,0.0929811,0.0978951,0.108278,0.116293,0.132288,0.172711,0.184087,0.185069
905.961,0.0417995,0.039623,0.0384884,0.0418595,0.0510445,0.0474406,0.0495487,0.0573315,0.05952,0.0552564,0.0628839,0.0743759,0.0905035,0.0939852,0.111771,0.123632,0.15514,0.177886,0.174766
906.304,0.0438496,0.043134,0.0429115,0.0242043,0.0343231,0.0381197,0.0516718,0.0503804,0.0552474,0.0585559,0.0611822,0.0928997,0.0869582,0.0886479,0.109034,0.122958,0.142095,0.166935,0.167423
906.646,0.0481501,0.0456236,0.0540966,0.0498016,0.0432567,0.0396964,0.0464894,0.0593099,0.0524181,0.060848,0.0628812,0.0847442,0.0982706,0.0998322,0.11068,0.148242,0.146591,0.173946,0.155941
906.988,0.0380953,0.037994,0.0382719,0.032794,0.0372378,0.0457393,0.0394932,0.0507062,0.0360715,0.0555297,0.0556163,0.0734394,0.071223,0.0874642,0.105086,0.126665,0.149217,0.180551,0.167282
907.331,0.0389512,0.0289144,0.0454056,0.0379881,0.0460368,0.04792,0.039681,0.0598673,0.0492948,0.0492156,0.0743478,0.0792417,0.0982939,0.104565,0.10694,0.138809,0.156722,0.183813,0.178574
907.673,0.0464924,0.0389739,0.0432363,0.0509866,0.0360722,0.0383342,0.0509526,0.0593962,0.0491463,0.0517265,0.0607938,0.0698214,0.0807535,0.0828719,0.11318,0.130213,0.152208,0.183398,0.173021
908.015,0.0489405,0.0515232,0.0446698,0.054427,0.0340343,0.0494357,0.0546623,0.0460033,0.0534398,0.0547626,0.0669194,0.0745472,0.0877472,0.0963637,0.107866,0.141768,0.139293,0.171056,0.175036
908.356,0.0352508,0.0326862,0.041137,0.0417648,0.050348,0.0448447,0.0493028,0.0595159,0.0625147,0.0735505,0.0743716,0.0696224,0.0847465,0.0944707,0.122637,0.139807,0.162677,0.171383,0.162836
908.698,0.048008,0.0393122,0.0399966,0.0464696,0.0448756,0.052359,0.0462348,0.0504969,0.0464172,0.0596545,0.0653543,0.0669351,0.0890836,0.109762,0.117259,0.13599,0.169377,0.171546,0.171768
909.04,0.0420524,0.042249,0.0490762,0.0344501,0.0454233,0.0441376,0.0465281,0.0517788,0.056179,0.0630863,0.0555958,0.070258,0.0868555,0.10082,0.108518,0.13754,0.151051,0.173912,0.166072
909.381,0.0483195,0.0329664,0.0399912,0.0496464,0.0396189,0.0444614,0.0377255,0.0497205,0.0463088,0.0544673,0.0623622,0.085029,0.0830228,0.0966786,0.126887,0.139804,0.16645,0.168236,0.171217
909.722,0.0463223,0.0357343,0.0404109,0.0423613,0.043546,0.0411407,0.0414988,0.0512747,0.049309,0.0637038,0.0667479,0.0753631,0.0891008,0.0887366,0.110028,0.129727,0.154102,0.18386,0.181587
910.063,0.0236343,0.0451873,0.0343369,0.0342971,0.0353809,0.0316905,0.0370944,0.0384077,0.045786,0.046727,0.0621521,0.0636823,0.0729436,0.0870898,0.116762,0.126184,0.148393,0.157717,0.152459
910.405,0.0341904,0.0466961,0.0372445,0.0498791,0.0361833,0.0328031,0.0393336,0.0451004,0.0378016,0.0478231,0.0518354,0.062815,0.0784509,0.0803932,0.0944874,0.125411,0.145831,0.171071,0.16788
910.745,0.0304964,0.0404092,0.0305924,0.0469099,0.0390394,0.0428257,0.0346492,0.0526829,0.042372,0.0596794,0.0525462,0.0752753,0.073197,0.0991449,0.0991818,0.109002,0.14241,0.15571,0.152963
911.086,0.0627672,0.0496504,0.0582129,0.0514615,0.0549544,0.0732953,0.0599126,0.0440837,0.0536524,0.0638789,0.0668422,0.0724711,0.0775543,0.093437,0.129166,0.138939,0.182814,0.186112,0.176636
911.427,0.0318417,0.0378972,0.02937,0.0359186,0.0345711,0.029045,0.0327944,0.0437483,0.037827,0.0462163,0.0481649,0.0571071,0.070828,0.0792156,0.0907767,0.114006,0.151507,0.16457,0.164117
911.767,0.0471399,0.0430619,0.0483203,0.0589195,0.0593941,0.0358103,0.0538404,0.0638015,0.0489312,0.0611308,0.0758111,0.0731636,0.0852978,0.108673,0.105926,0.120547,0.156137,0.186909,0.178774
912.108,0.0408403,0.0338041,0.0488675,0.0492416,0.0438677,0.0352956,0.0466748,0.0577694,0.0523994,0.0620974,0.0600787,0.0785896,0.0850416,0.088501,0.118128,0.139199,0.15412,0.165968,0.183982
912.448,0.0420012,0.0255518,0.0273505,0.0462284,0.0412446,0.0521514,0.0416777,0.0612606,0.0469602,0.0526818,0.0600125,0.0684067,0.0708097,0.102696,0.105806,0.135657,0.146771,0.163979,0.168146
912.788,0.0456829,0.055593,0.0406224,0.0469846,0.055016,0.0560998,0.0503503,0.0665779,0.0608266,0.0741679,0.0758224,0.0860901,0.0924769,0.0943387,0.107218,0.133766,0.164099,0.177932,0.168487
913.128,0.040402,0.0482971,0.0455097,0.0428489,0.0428273,0.0558765,0.0536408,0.0658622,0.0542647,0.0647776,0.0722824,0.0681467,0.0839591,0.0898666,0.107979,0.125741,0.154771,0.163809,0.165176
913.468,0.03399,0.0429054,0.0437903,0.0493886,0.054647,0.0502249,0.05004,0.0471961,0.0716247,0.055504,0.0779257,0.0681204,0.0884608,0.0931341,0.114189,0.138103,0.158184,0.170382,0.183515
913.808,0.0443449,0.0362064,0.0509587,0.0605154,0.0390727,0.0572309,0.052202,0.052212,0.0618671,0.050755,0.0740683,0.0790843,0.0746634,0.0967816,0.10679,0.137723,0.146195,0.173354,0.179585
914.148,0.0461031,0.0543924,0.0652653,0.0513166,0.061085,0.0534603,0.0544163,0.0418394,0.0552866,0.0561822,0.055603,0.0853803,0.0832276,0.0950679,0.119299,0.125454,0.154269,0.17823,0.168922
914.487,0.0472729,0.0319492,0.0265025,0.0371355,0.0490686,0.0306663,0.0488867,0.0429278,0.0412666,0.0605227,0.0409265,0.063582,0.0620584,0.0955496,0.0993864,0.131818,0.144396,0.152375,0.149191
914.826,0.0524374,0.0474554,0.0472082,0.0379748,0.0420868,0.0455725,0.0543372,0.0522166,0.0526264,0.0576437,0.0675715,0.0754724,0.0771963,0.0819863,0.116018,0.135498,0.153775,0.171983,0.165811
915.166,0.0414844,0.0529345,0.0467731,0.046954,0.0515209,0.0432493,0.0513772,0.0521942,0.0522929,0.0567609,0.0599019,0.0719051,0.0849273,0.111442,0.115785,0.128961,0.145905,0.178189,0.171958
915.505,0.0473301,0.0500968,0.0461431,0.055202,0.0564271,0.0531987,0.0413916,0.0613551,0.0528652,0.0761466,0.0733001,0.0739037,0.0916381,0.100478,0.128478,0.126679,0.154509,0.179154,0.184356
915.844,0.0454295,0.0686843,0.076339,0.0715843,0.0593842,0.0554135,0.0499848,0.0570633,0.0665831,0.0692579,0.0838888,0.0879347,0.0942708,0.105827,0.120624,0.137052,0.165011,0.184279,0.19805
916.183,0.0355252,0.0399207,0.0280935,0.0228071,0.0420052,0.0305232,0.027899,0.0394878,0.037521,0.0321838,0.0554805,0.0726854,0.0755821,0.0796963,0.107786,0.137587,0.150717,0.173144,0.164072
916.522,0.0240292,0.0498473,0.0411374,0.0426875,0.0507848,0.0429614,0.0454873,0.0563133,0.0542661,0.0518255,0.0660396,0.0694763,0.0792274,0.0764794,0.116122,0.141098,0.156742,0.159881,0.171051
916.86,0.052204,0.0515305,0.0642409,0.0635706,0.0630212,0.0574203,0.0490303,0.0515813,0.0561196,0.0680088,0.0754937,0.0769395,0.0928337,0.0983149,0.108736,0.140717,0.164055,0.177957,0.184547
917.199,0.0287448,0.0350838,0.0391168,0.0325764,0.0357395,0.0226655,0.0430597,0.0367448,0.0461832,0.0471318,0.0527679,0.0625667,0.0737841,0.0991199,0.0962451,0.116123,0.15045,0.161996,0.160868
917.537,0.0286462,0.0454408,0.0366549,0.0358866,0.0391565,0.0424018,0.0537588,0.0509525,0.059789,0.0587137,0.0697395,0.0780424,0.0799387,0.0932835,0.113522,0.128187,0.144766,0.182301,0.175996
917.875,0.0334034,0.0287585,0.0346687,0.031186,0.0554405,0.0305388,0.0431833,0.0474959,0.0466343,0.0488324,0.0512086,0.0708907,0.0730086,0.0822032,0.098089,0.114347,0.158272,0.164684,0.159375
918.213,0.0477288,0.0319743,0.0451839,0.0489604,0.03331,0.0583498,0.0485896,0.0569712,0.0499181,0.0613735,0.0655255,0.0724738,0.0868807,0.0960971,0.105705,0.127748,0.134353,0.173842,0.17041
918.551,0.0481457,0.0455492,0.0651708,0.0590727,0.0554593,0.0502865,0.0659246,0.0570858,0.0580807,0.0513677,0.0562932,0.0749802,0.0951746,0.0930256,0.127341,0.120888,0.17246,0.183434,0.172182
918.889,0.0631249,0.0674727,0.0753604,0.0510296,0.0628182,0.061933,0.0736757,0.0706471,0.0890834,0.0691381,0.0943176,0.0810739,0.0993071,0.11413,0.12578,0.155866,0.160308,0.198187,0.201322
919.227,0.0481788,0.0461792,0.048272,0.0519224,0.0427031,0.0470432,0.049269,0.0556452,0.0421681,0.0589778,0.0710361,0.0747037,0.0981456,0.0971839,0.110136,0.142169,0.15053,0.178173,0.178014
919.565,0.0363831,0.0310605,0.0383035,0.0328638,0.0412694,0.0584448,0.0374699,0.0365092,0.0468748,0.0476411,0.0433567,0.0612124,0.0816608,0.100549,0.105154,0.134546,0.162862,0.195247,0.156864
919.902,0.0329551,0.0499117,0.0318612,0.0466578,0.0387422,0.041158,0.0418534,0.0552027,0.0512138,0.0652493,0.0689363,0.072451,0.0809451,0.0901923,0.110382,0.128668,0.151669,0.184952,0.171393
920.24,0.0400396,0.0456384,0.0354939,0.0375259,0.0562163,0.0528423,0.0414883,0.0506403,0.0416448,0.0551342,0.0700629,0.0785576,0.0659066,0.0842725,0.0941321,0.118969,0.164422,0.180679,0.178993
920.577,0.0375679,0.0543486,0.0579814,0.0421475,0.0575258,0.0481534,0.0494584,0.0562511,0.0462541,0.05389,0.0733932,0.0926517,0.0816738,0.104088,0.112435,0.147024,0.162878,0.180976,0.176455
920.914,0.0292916,0.0395377,0.0433432,0.0378102,0.0517765,0.0537762,0.0587042,0.0579659,0.0446367,0.0491981,0.0626562,0.0697964,0.0807343,0.0897126,0.112228,0.131898,0.145916,0.167127,0.184431
921.251,0.0275123,0.0236472,0.0435672,0.0357485,0.0328433,0.0415838,0.0269325,0.049944,0.0472789,0.0661008,0.0540969,0.0631783,0.0838614,0.0839466,0.107261,0.123937,0.145152,0.164623,0.170926
921.588,0.0542707,0.0509584,0.0313678,0.0419718,0.0537962,0.0429658,0.0488342,0.0460012,0.0448583,0.0597225,0.0646452,0.0635109,0.0666939,0.0818078,0.112966,0.113719,0.140645,0.173996,0.183825
921.924,0.0394253,0.0445097,0.0441208,0.0511199,0.0483261,0.0381963,0.0486088,0.0541159,0.0441632,0.0651621,0.0719921,0.0853309,0.08348,0.112538,0.105382,0.137635,0.162041,0.193724,0.177081
922.261,0.0642091,0.0442199,0.0769206,0.0551494,0.067053,0.0687764,0.0672275,0.0596068,0.0674666,0.0742781,0.0810579,0.0924875,0.094404,0.108596,0.124804,0.165028,0.157339,0.216075,0.197155
922.598,0.0490488,0.0659345,0.0519339,0.0547139,0.0645702,0.0487873,0.058037,0.0599311,0.0683278,0.0613956,0.0713084,0.0833713,0.0993492,0.0981041,0.14542,0.163693,0.169304,0.173532,0.180647
922.934,0.0563046,0.0341415,0.0508249,0.0489663,0.0447636,0.0381028,0.0501251,0.0595615,0.0510145,0.0469616,0.0624662,0.0745319,0.0817791,0.0898846,0.115941,0.134911,0.155829,0.171948,0.1734
923.27,0.0309434,0.0514059,0.0311278,0.0469989,0.0488337,0.0461553,0.0344586,0.0526344,0.0635656,0.048158,0.0683454,0.0805838,0.0781228,0.12231,0.117711,0.142596,0.166662,0.182157,0.175174
923.606,0.0359862,0.0329655,0.0227452,0.0307685,0.0388439,0.0193966,0.0393082,0.0457983,0.0527897,0.0496804,0.0730424,0.0638395,0.0652323,0.101288,0.0937909,0.131645,0.1462,0.171043,0.161712
923.942,0.0433151,0.051444,0.0551091,0.0353959,0.044412,0.0437462,0.0484566,0.0521985,0.0442214,0.0577017,0.052467,0.0632203,0.0737563,0.0896627,0.115706,0.133197,0.136365,0.170324,0.159482
924.278,0.0295133,0.0341911,0.061869,0.0559321,0.0412267,0.0380156,0.0508229,0.0469978,0.0634317,0.065305,0.0718592,0.0724664,0.0868806,0.10499,0.123241,0.144581,0.164907,0.162367,0.168627
924.614,0.0391601,0.0431188,0.0691152,0.0461489,0.0559291,0.0495769,0.0717674,0.0636188,0.0732422,0.0686383,0.0786232,0.0940983,0.0905115,0.110384,0.119184,0.139568,0.153886,0.187181,0.177899
924.949,0.0405521,0.0160116,0.0303077,0.0366582,0.0368639,0.0408638,0.052175,0.0487398,0.0422251,0.0468013,0.0738494,0.0780997,0.08866,0.0854035,0.116573,0.133154,0.172315,0.163381,0.18223
925.285,0.0389481,0.0638291,0.0471062,0.0608633,0.063299,0.0731759,0.0536844,0.0574086,0.0509075,0.0691587,0.0608457,0.0931568,0.106597,0.108521,0.136457,0.135284,0.162707,0.201979,0.171327
925.62,0.0354027,0.0380217,0.0255929,0.0471794,0.0504165,0.0350643,0.0324552,0.0332103,0.0400988,0.0549073,0.052441,0.0552983,0.0886812,0.100037,0.0897816,0.127675,0.145257,0.174704,0.169006
925.955,0.0472562,0.0389323,0.0404195,0.0507054,0.0316149,0.0325905,0.0553036,0.0610673,0.0397131,0.0505929,0.0459941,0.055614,0.0749428,0.0878409,0.0998067,0.129568,0.147633,0.171101,0.15959
926.29,0.033932,0.056086,0.040915,0.0346108,0.0405081,0.0440096,0.0619364,0.0505452,0.0509053,0.0597244,0.0808186,0.0805914,0.0870473,0.10127,0.119087,0.134898,0.152285,0.178633,0.185408
926.625,0.0275899,0.0529741,0.0471908,0.0394936,0.0388747,0.0578095,0.0494921,0.0445975,0.0637227,0.0640219,0.0629689,0.0729501,0.0899108,0.0969481,0.123008,0.141234,0.169741,0.178101,0.165647
926.96,0.0556203,0.0492654,0.0526192,0.0482579,0.0582377,0.0660209,0.0487945,0.0744782,0.0673954,0.0722744,0.0650593,0.0850569,0.101615,0.118128,0.116267,0.134862,0.16532,0.172484,0.180438
927.295,0.0369967,0.0510497,0.042584,0.0466412,0.0343881,0.0440271,0.0393144,0.0471718,0.0471604,0.0591536,0.07564,0.0704858,0.075774,0.0790523,0.114473,0.111869,0.145373,0.165399,0.162461
927.629,0.0361415,0.0465704,0.0454833,0.0464508,0.0384358,0.0462491,0.0520971,0.0586381,0.0349282,0.0500658,0.0660129,0.0949467,0.074,0.0981919,0.109607,0.130155,0.170423,0.185533,0.182383
927.964,0.0373569,0.0363696,0.0364804,0.0340589,0.0428191,0.0565093,0.0532375,0.0542815,0.0509257,0.0593941,0.0714422,0.0866972,0.0820291,0.101665,0.106707,0.138037,0.145831,0.172406,0.183515
928.298,0.047804,0.0667152,0.0516499,0.0447952,0.0432859,0.0463275,0.0557406,0.0598152,0.0626317,0.0655933,0.0653397,0.0740174,0.0924206,0.105734,0.127003,0.134454,0.15526,0.16989,0.195348
928.632,0.0225531,0.0307484,0.0428896,0.037476,0.028107,0.0244352,0.0264744,0.0492384,0.053779,0.0467643,0.055003,0.0603024,0.0714826,0.0931685,0.112121,0.113804,0.13684,0.18717,0.173715
928.967,0.0378201,0.0516826,0.0457037,0.0420366,0.0461924,0.04743,0.0492883,0.0550253,0.0648773,0.0661464,0.06945,0.0763954,0.075935,0.0859917,0.107726,0.132752,0.155723,0.190357,0.17046
929.3,0.0590351,0.0446756,0.0378266,0.0311275,0.0511223,0.0523265,0.0309811,0.0623472,0.0596023,0.0645489,0.0648576,0.0955772,0.0768235,0.10433,0.127476,0.15121,0.157953,0.18393,0.181905
929.634,0.0330707,0.0412184,0.0488232,0.0636777,0.0405351,0.0542603,0.0420279,0.0365541,0.0589497,0.0587123,0.0761785,0.0680597,0.0907541,0.111143,0.107629,0.130898,0.165094,0.179661,0.198538
929.968,0.0377663,0.0199858,0.0207333,0.0416038,0.0334249,0.0362599,0.0407117,0.0528404,0.0426381,0.0472642,0.0452494,0.0583544,0.0765685,0.0914806,0.0929503,0.128846,0.156552,0.17459,0.176228
930.302,0.0455286,0.0344173,0.0494924,0.0434683,0.0370969,0.041136,0.0490412,0.0365084,0.0417956,0.0489256,0.0638388,0.0514392,0.069243,0.0758939,0.109873,0.119807,0.134631,0.160443,0.186859
930.635,0.0453244,0.0417927,0.0505109,0.0475423,0.0578053,0.043007,0.0490287,0.0437916,0.0621518,0.0802297,0.0889085,0.084226,0.0890155,0.114825,0.110095,0.136028,0.16712,0.189874,0.202178
930.968,0.0598855,0.0490399,0.0445087,0.0561792,0.0460872,0.0535946,0.0424205,0.0485229,0.0637991,0.0646536,0.0695419,0.0812363,0.0903382,0.107478,0.109325,0.146909,0.185505,0.170465,0.199148
931.301,0.0597833,0.0517796,0.0504798,0.0663017,0.0598948,0.0621601,0.0587181,0.0643393,0.0779609,0.0706014,0.0781517,0.0898286,0.101295,0.113165,0.122724,0.151335,0.188317,0.192745,0.194031
931.634,0.0592596,0.0540259,0.0558564,0.0764921,0.0739603,0.0704998,0.075478,0.081189,0.0925662,0.0766122,0.0868661,0.0984618,0.112506,0.118293,0.136492,0.155352,0.190625,0.216548,0.187928
931.967,0.033166,0.0457779,0.0634865,0.0555979,0.050289,0.0347297,0.04727,0.0668577,0.0643453,0.0765959,0.082217,0.08011,0.0848667,0.108782,0.114248,0.14042,0.165538,0.178679,0.168694
932.3,0.034692,0.0558757,0.0456916,0.0555011,0.0368134,0.0366818,0.0495683,0.0459126,0.0573857,0.0638046,0.0789655,0.077503,0.078782,0.0958219,0.106436,0.127496,0.156802,0.1869,0.179079
932.633,0.0320567,0.0487165,0.060192,0.0282954,0.0462528,0.0468262,0.0486137,0.0755138,0.0748966,0.0646866,0.0652202,0.0741949,0.0822655,0.118861,0.109461,0.141697,0.168898,0.16612,0.184077
932.965,0.0283463,0.0458501,0.0342176,0.0272939,0.0351309,0.0443936,0.0357334,0.0407828,0.0531866,0.0418585,0.0560462,0.0673461,0.08338,0.107333,0.112739,0.125307,0.139933,0.17551,0.165343
933.298,0.0308169,0.0296069,0.0367569,0.0272459,0.0438555,0.0417876,0.0489206,0.0455663,0.054384,0.0405923,0.0583044,0.0794154,0.0847883,0.0854589,0.105653,0.129336,0.141073,0.157256,0.165047
933.63,0.0406028,0.0652414,0.0379753,0.0472606,0.0478573,0.059417,0.0533739,0.0572325,0.0597455,0.0522306,0.0686083,0.084432,0.0701503,0.0992669,0.101627,0.12248,0.146848,0.17665,0.197193
933.962,0.0368139,0.0439627,0.0536604,0.0388235,0.0524748,0.0342798,0.0522727,0.0587444,0.0570294,0.0832957,0.0616383,0.0940181,0.0777857,0.0882973,0.0955311,0.126491,0.172515,0.172167,0.189144
934.294,0.0621235,0.0550965,0.033187,0.0677027,0.0471043,0.0560642,0.0635014,0.0655919,0.090871,0.0815137,0.063979,0.0820991,0.087459,0.0983086,0.126368,0.11799,0.165356,0.192785,0.174038
934.626,0.0490879,0.0414517,0.05317,0.0618102,0.0490246,0.0352228,0.0564314,0.0367663,0.0515781,0.0783319,0.0719867,0.0714969,0.09506,0.112719,0.10295,0.12561,0.171445,0.188951,0.189245
934.958,0.0511845,0.0396945,0.0437674,0.0530484,0.0636716,0.055094,0.0538117,0.0549404,0.0739368,0.0684485,0.083297,0.0748344,0.102667,0.104371,0.108542,0.146821,0.156363,0.170966,0.197887
935.29,0.0592767,0.0467185,0.0594855,0.0300269,0.0658197,0.0548851,0.0408529,0.0339216,0.0636053,0.0730624,0.0710994,0.097965,0.0912487,0.0998891,0.114983,0.138309,0.159593,0.191929,0.194017
935.621,0.0460986,0.0469282,0.0513997,0.0388712,0.0516557,0.0495481,0.033645,0.0456699,0.0629242,0.0605633,0.0640043,0.0776225,0.0775373,0.0827391,0.117251,0.128992,0.141711,0.178179,0.189393
935.953,0.0618241,0.0810852,0.0501438,0.0620722,0.0699718,0.0667506,0.0695562,0.0656148,0.0779628,0.0732089,0.0923586,0.0986591,0.116449,0.109465,0.134589,0.146214,0.180245,0.186271,0.200593
936.284,0.0358291,0.0506208,0.0434509,0.040607,0.0394232,0.0561496,0.0428121,0.071702,0.0559988,0.0483098,0.0660303,0.0747423,0.0891939,0.0901602,0.11748,0.116153,0.158972,0.178925,0.16149
936.615,0.0381081,0.0389961,0.029191,0.030356,0.031362,0.0368436,0.0390453,0.0375349,0.0234404,0.0608555,0.0590753,0.0555018,0.0655274,0.0758646,0.0945709,0.118064,0.131446,0.153933,0.163177
936.946,0.0397867,0.030139,0.0364244,0.0498351,0.0308426,0.0483454,0.0312933,0.0264551,0.0445118,0.0610307,0.0727912,0.0780172,0.0636758,0.0836649,0.0902058,0.131664,0.147292,0.174495,0.159036
937.277,0.0547397,0.0268712,0.0245287,0.0292892,0.0423546,0.0371245,0.0605698,0.0636251,0.0414765,0.0623954,0.0836352,0.0687692,0.0808388,0.0886306,0.113031,0.110603,0.141434,0.172541,0.16612
937.608,0.0410801,0.041044,0.0318826,0.0610355,0.0536689,0.042908,0.042403,0.0424162,0.0491801,0.061052,0.0675858,0.0600382,0.0885788,0.103381,0.0986831,0.125527,0.147409,0.188117,0.186725
937.938,0.0480207,0.0479233,0.0557121,0.0830835,0.0763887,0.0466911,0.0754009,0.0385395,0.0536113,0.0507914,0.0562378,0.0978402,0.0904555,0.113729,0.124189,0.138759,0.164543,0.204927,0.201136
938.269,0.0567286,0.048236,0.044375,0.0456874,0.0396326,0.0547974,0.0463183,0.0510728,0.057442,0.0659937,0.0807769,0.0881827,0.0868615,0.113809,0.130796,0.120272,0.155904,0.180733,0.187313
938.599,0.037323,0.0628734,0.0596974,0.052925,0.0456348,0.0536871,0.0493376,0.0602504,0.0660709,0.0599974,0.0854641,0.0918483,0.0849718,0.108902,0.138627,0.135621,0.152706,0.199874,0.180033
938.929,0.0503699,0.0414672,0.0631202,0.0288207,0.0274068,0.0597462,0.0403072,0.0485206,0.0592602,0.0748322,0.0707298,0.0676652,0.074027,0.0960097,0.129977,0.147106,0.152333,0.181542,0.152755
939.26,0.0237502,0.0167456,0.00714554,0.0124873,0.0197231,0.0342352,0.0310255,0.0282249,0.0372259,0.0576663,0.0520847,0.0541234,0.080913,0.0754764,0.0925449,0.103714,0.138427,0.156881,0.145799
939.59,0.0385847,0.0356869,0.0471165,0.0685325,0.0683138,0.0492055,0.0399012,0.0430418,0.0448717,0.0670275,0.070332,0.0841235,0.090417,0.0910833,0.110143,0.143253,0.156637,0.207909,0.198051
939.919,0.0372521,0.0256417,0.028411,0.0369385,0.0546283,0.0281035,0.0277965,0.038252,0.0174324,0.0459901,0.0333791,0.0491138,0.0515874,0.0799807,0.0956367,0.107099,0.14996,0.178595,0.16014
940.249,0.038991,0.0195867,0.0373404,0.0404379,0.0278344,0.0429849,0.032342,0.0419389,0.044186,0.0482712,0.0415666,0.0541909,0.0725697,0.0842799,0.0999276,0.123335,0.132059,0.158314,0.137448
940.579,0.0598723,0.0416282,0.0269817,0.0484459,0.0287045,0.042473,0.0498903,0.0633266,0.0460417,0.0582154,0.0524078,0.0589809,0.0835729,0.101426,0.112031,0.124531,0.147049,0.161534,0.184496
940.908,0.0276122,0.0249675,0.0392295,0.0303977,0.0305428,0.0427727,0.0511005,0.0139619,0.0388688,0.0737148,0.0509347,0.0648886,0.0660366,0.104386,0.0876772,0.147119,0.15494,0.177481,0.179539
941.238,0.0410928,0.0563846,0.0323428,0.04021,0.0525815,0.0384464,0.0403055,0.0486803,0.0559176,0.0483207,0.0685275,0.0758636,0.070353,0.115378,0.107809,0.138693,0.145628,0.162399,0.180826
941.567,0.0450805,0.0689355,0.0457537,0.054329,0.0667128,0.0688952,0.0589969,0.0531918,0.0826977,0.0738876,0.0771809,0.082517,0.095529,0.107957,0.136565,0.152772,0.166037,0.170588,0.191486
941.896,0.034671,0.0583397,0.0452313,0.054071,0.0549455,0.0220101,0.0674853,0.0614215,0.0585779,0.0761427,0.0734685,0.0892125,0.082462,0.0958935,0.105687,0.141906,0.145059,0.170777,0.175873
942.225,0.0432097,0.0415445,0.0484097,0.0314062,0.033467,0.070906,0.0542472,0.0585821,0.05405,0.0698488,0.0698016,0.0832145,0.0955036,0.103611,0.12286,0.140846,0.159763,0.168755,0.195014
942.554,0.0444632,0.0348602,0.0554693,0.0362275,0.0507476,0.0398413,0.0551201,0.0544319,0.0682192,0.0336724,0.0646344,0.0993643,0.0701166,0.0873679,0.117234,0.148662,0.154712,0.178069,0.181666
942.883,0.0313344,0.0488027,0.0333996,0.0406934,0.0435284,0.0358268,0.0479837,0.0430043,0.0465983,0.0498994,0.0584246,0.0620197,0.090739,0.0820603,0.102854,0.101668,0.142967,0.169279,0.16559
943.211,0.0579065,0.0664795,0.0527812,0.0683769,0.0730737,0.0465101,0.077808,0.0479044,0.0638564,0.0655883,0.0803442,0.088566,0.0828175,0.113127,0.114981,0.142862,0.168374,0.197977,0.177195
943.54,0.0744535,0.0610999,0.0789815,0.0534672,0.0709402,0.0553322,0.0660155,0.0682431,0.0731188,0.0752022,0.0867547,0.0899828,0.110193,0.12642,0.139792,0.198344,0.145163,0.178771,0.204744
943.868,0.0312766,0.0613076,0.0465752,0.0609962,0.0543294,0.0494163,0.0727201,0.0361168,0.045627,0.0615298,0.0691867,0.0723259,0.0964685,0.104853,0.128045,0.1507,0.155954,0.178523,0.201501
944.196,0.0570843,0.0579319,0.0513142,0.0550182,0.053157,0.042575,0.03867,0.0611619,0.0551578,0.0593047,0.0877642,0.0871904,0.077978,0.104599,0.104509,0.125054,0.163924,0.178668,0.193917
944.524,0.0661526,0.0627818,0.0816741,0.0650274,0.0842423,0.0627279,0.0709213,0.0630243,0.065006,0.0553963,0.0938782,0.103161,0.108423,0.117172,0.152625,0.162675,0.199993,0.175231,0.193872
944.852,0.0532175,0.060661,0.059317,0.0485202,0.0337515,0.0275091,0.0589976,0.0523353,0.0741483,0.063777,0.0786479,0.0675838,0.0964949,0.103524,0.108832,0.134768,0.161554,0.167876,0.17567
945.18,0.0493574,0.0384972,0.0746477,0.0374459,0.0611397,0.0822342,0.058834,0.0653625,0.0732004,0.0675596,0.0890381,0.073066,0.099896,0.111508,0.133754,0.14507,0.184167,0.199579,0.185889
945.508,0.0464045,0.0586308,0.0455279,0.061058,0.0538346,0.050024,0.0349337,0.0573269,0.0523865,0.072223,0.0797771,0.0871679,0.0809179,0.112817,0.128803,0.148567,0.176973,0.196367,0.196038
945.835,0.0294336,0.02968,0.0360332,0.0355712,0.0429326,0.0220188,0.041752,0.0356146,0.0314681,0.0581448,0.0608362,0.0787229,0.0927664,0.0831852,0.0913732,0.116378,0.120625,0.185301,0.169715
946.163,0.0516309,0.0457459,0.048508,0.0687485,0.0558279,0.0457312,0.0636961,0.0485436,0.0262019,0.0473322,0.0673844,0.0658425,0.0877599,0.0958772,0.136345,0.121188,0.146297,0.189898,0.177888
946.49,0.0263601,0.03302,0.0468066,0.0487482,0.0514431,0.0414208,0.0491529,0.0385143,0.0180952,0.0544915,0.0503606,0.0664022,0.0842297,0.0953306,0.0922873,0.117364,0.15455,0.181893,0.16096
946.817,0.0480691,0.0274092,0.0144279,0.0355917,0.0379622,0.0204342,0.0408552,0.0485441,0.0518017,0.0682418,0.0578919,0.0654252,0.0526752,0.0875788,0.119493,0.117414,0.132175,0.161672,0.15842
947.144,0.0531915,0.0505809,0.0392146,0.0644497,0.0464389,0.0567331,0.0578251,0.0774701,0.0717373,0.034516,0.059718,0.079639,0.103363,0.111886,0.109456,0.157065,0.189187,0.209962,0.194461
947.471,0.04884,0.047023,0.0539395,0.0640404,0.0454764,0.0590997,0.0609327,0.0674768,0.042155,0.0658854,0.0625303,0.0886093,0.102099,0.102087,0.120265,0.139479,0.174285,0.192002,0.198403
947.798,0.0287223,0.0483162,0.0296803,0.0540087,0.0560942,0.0700226,0.0417491,0.0585945,0.0509357,0.0604765,0.0816427,0.0821918,0.0837443,0.0777314,0.111998,0.147972,0.134455,0.197735,0.18169
948.125,0.0359187,0.0341074,0.0428868,0.0431495,0.0591442,0.0440564,0.0666377,0.0426053,0.0419691,0.0750647,0.0604481,0.0879681,0.104128,0.0972247,0.124038,0.128794,0.132927,0.171218,0.170568
948.451,0.0261784,0.0569109,0.0328972,0.0413039,0.0434722,0.0560882,0.0320934,0.0443761,0.0404315,0.0516192,0.0650275,0.0712734,0.0806719,0.0814476,0.100251,0.135347,0.137323,0.161762,0.162659
948.778,0.0558475,0.0582327,0.0464267,0.0651881,0.0634601,0.0475359,0.0416702,0.0610973,0.0689909,0.074105,0.0636717,0.0846157,0.0983371,0.105096,0.124822,0.113726,0.189828,0.177378,0.202846
949.104,0.0182013,0.0383032,0.0308141,0.0387725,0.0332505,0.025777,0.0302161,0.0281953,0.0689826,0.0282955,0.021129,0.0675041,0.0594453,0.0851456,0.105808,0.109892,0.156548,0.179693,0.180687
949.43,0.0395621,0.0401929,0.0665547,0.0452345,0.0279152,0.0559681,0.026256,0.0437578,0.071003,0.0614699,0.0593621,0.0668262,0.093451,0.101224,0.113893,0.136402,0.138545,0.165817,0.166089
949.756,0.0618151,0.0680967,0.0591555,0.0521553,0.0564367,0.0439861,0.0501325,0.0639053,0.0772158,0.048317,0.0806347,0.0586785,0.110094,0.110339,0.125157,0.143849,0.173745,0.18208,0.187663
950.082,0.030694,0.0285358,0.0624728,0.0501756,0.0506857,0.0598864,0.0425843,0.0556644,0.0707366,0.0465497,0.0673073,0.0714001,0.0953562,0.106282,0.122416,0.142197,0.173516,0.184903,0.188778
950.408,0.0464048,0.0479451,0.0369188,0.0188852,0.0562288,0.0483516,0.0338093,0.0494872,0.0504082,0.0767807,0.0584735,0.0879966,0.0867327,0.0999945,0.109567,0.116707,0.159341,0.171038,0.15983
950.734,0.0610663,0.0701636,0.0661042,0.0480589,0.0590364,0.0423713,0.0542672,0.0630441,0.0573714,0.0475695,0.0708646,0.0682166,0.097511,0.0925897,0.154771,0.151003,0.167405,0.190369,0.179837
951.059,0.0971063,0.0617558,0.0840477,0.0674823,0.0493071,0.0634666,0.0830982,0.0814463,0.0795253,0.0663475,0.0934464,0.0932221,0.106449,0.142216,0.173148,0.17642,0.186127,0.198641,0.205203
951.385,0.051285,0.0430268,0.0195096,0.0414505,0.0553308,0.0449749,0.0470525,0.0543164,0.0688217,0.0745702,0.0546766,0.0927354,0.100017,0.121175,0.109685,0.131246,0.154122,0.156877,0.161322
951.71,0.0452075,0.0651998,0.0367711,0.0562991,0.0516656,0.0529366,0.0514739,0.065027,0.0532875,0.0657776,0.0850247,0.0906247,0.0870282,0.0969602,0.123303,0.135884,0.164511,0.180108,0.178759
952.035,0.0366804,0.0453394,0.0517236,0.0483968,0.0446018,0.0363526,0.0340117,0.0497422,0.0434277,0.0716128,0.049428,0.0808992,0.0924438,0.102501,0.12822,0.121078,0.146933,0.161212,0.182065
952.36,0.0558671,0.0372332,0.0483152,0.0506519,0.0615799,0.0361579,0.064077,0.0384044,0.0653002,0.0685442,0.0886935,0.0930519,0.115484,0.0992455,0.127136,0.135656,0.184989,0.209654,0.170038
952.685,0.0161015,0.0229771,0.0216414,0.0051738,-0.00999139,0.0136715,0.0103365,0.00923027,0.0216604,0.0309047,0.0514687,0.0538767,0.0524447,0.0702885,0.0871163,0.0946467,0.127252,0.139259,0.14854
953.01,0.0403905,0.0435476,0.0449499,0.0640596,0.0343551,0.0264724,0.0346871,0.0467446,0.0276597,0.0364794,0.0603153,0.0698506,0.0812542,0.0835836,0.0954857,0.1402,0.156064,0.169117,0.189342
953.335,0.0602065,0.0637906,0.0536894,0.051681,0.0738328,0.0430696,0.0497093,0.0328003,0.0485355,0.0747753,0.0593103,0.0973135,0.0735122,0.123976,0.145236,0.140841,0.143002,0.193635,0.18093
953.659,0.0386417,0.0734,0.0676179,0.0707089,0.055909,0.0390819,0.0618377,0.0924875,0.0390137,0.0493889,0.0647252,0.0797236,0.0919225,0.0961987,0.11421,0.141034,0.176157,0.181955,0.205843
953.984,0.0336177,0.0700244,0.039157,0.0566681,0.0440547,0.0583649,0.061727,0.0605455,0.067505,0.0575724,0.0879488,0.0943492,0.101771,0.130581,0.0959512,0.150542,0.149917,0.204416,0.170264
954.308,0.0496609,0.0515821,0.0721085,0.0509619,0.0635679,0.0719016,0.0432542,0.0559858,0.0683195,0.0615486,0.0762025,0.0945468,0.0881977,0.0903808,0.0987699,0.134459,0.153728,0.174483,0.166273
954.632,0.0467645,0.030401,0.0207613,0.0162851,0.0490876,0.0461103,0.0211259,0.0410525,0.0268634,0.0339509,0.0401753,0.0612851,0.0686595,0.0638416,0.0912158,0.146746,0.122723,0.192906,0.174104
954.956,0.0548904,0.0561549,0.0455536,0.0590235,0.0737173,0.0739034,0.057364,0.066765,0.0676396,0.103912,0.109864,0.0763398,0.0992681,0.102734,0.1527,0.172228,0.179165,0.241224,0.221699
955.28,0.0264275,0.0366631,0.0288702,0.0263635,0.041151,0.0456571,0.040924,0.0557306,0.0348294,0.0424553,0.0608071,0.0935407,0.0716804,0.0719985,0.0962994,0.118665,0.142567,0.159128,0.141573
955.604,0.0277828,0.0364054,0.0262999,0.0554269,0.0263251,0.0508186,0.051927,0.0466032,0.0506521,0.0481107,0.0737892,0.0729558,0.10056,0.0748344,0.0972097,0.10879,0.139883,0.194878,0.166392
955.927,0.0443613,0.0477429,0.0710484,0.0612334,0.0633245,0.0496077,0.065415,0.0800015,0.0632079,0.0772711,0.0867169,0.0991949,0.0911441,0.128079,0.123565,0.116847,0.153204,0.171463,0.195976
956.251,0.0308074,0.0267058,0.0356519,0.0365632,0.0325829,0.0203271,0.0360032,0.0710971,0.0373628,0.0678401,0.0503486,0.0572498,0.0997999,0.085674,0.0884887,0.127768,0.127207,0.145338,0.175009
956.574,0.056417,0.054461,0.0601263,0.0603546,0.0722419,0.0598998,0.0600999,0.0621198,0.0449357,0.0665052,0.0816642,0.100336,0.105946,0.09548,0.152265,0.164739,0.173714,0.188838,0.207824
956.897,0.0606358,0.0648978,0.059665,0.0511812,0.0426072,0.0332569,0.0499622,0.06096,0.0835652,0.0628124,0.0675017,0.0880361,0.105848,0.0999298,0.132818,0.149609,0.19118,0.189875,0.185412
957.22,0.0635391,0.0560361,0.033462,0.047029,0.0668702,0.0549702,0.0477123,0.0561225,0.0717873,0.0669939,0.0622839,0.0789737,0.111011,0.0939854,0.144217,0.159362,0.176691,0.185633,0.167352
957.543,0.0210256,0.0383056,0.0248459,0.0273376,0.0378801,0.0308915,0.0196898,0.0247755,0.0427573,0.0356589,0.0603632,0.0656691,0.0801122,0.0685429,0.105531,0.111909,0.146976,0.16262,0.170935
957.866,-0.0037304,0.0127939,0.019247,-0.0123641,0.00766844,0.00578734,0.00419002,0.00566965,0.0385438,0.0330234,0.0308049,0.0374818,0.0491965,0.0606619,0.0820303,0.113205,0.118026,0.146851,0.159922
958.189,0.0517198,0.0345572,0.0349432,0.0779785,0.0601438,0.0518996,0.0595731,0.0687541,0.0525559,0.0584311,0.0861922,0.0916905,0.0795776,0.110232,0.105529,0.151629,0.156696,0.185964,0.199028
958.512,0.0456191,0.0687239,0.0808784,0.0605247,0.0479361,0.0543379,0.0765851,0.0720886,0.0702674,0.0943572,0.104303,0.1059,0.115753,0.113487,0.136135,0.150127,0.170803,0.170157,0.194593
958.834,0.0579818,0.0721124,0.0828112,0.0571591,0.0663048,0.0649542,0.060512,0.0464587,0.0670387,0.0749355,0.0916367,0.0791229,0.0981327,0.113416,0.145702,0.140633,0.174795,0.180836,0.167882
959.156,0.0562365,0.0444266,0.0385491,0.0433451,0.036747,0.0306577,0.0530807,0.0438286,0.0421244,0.0535488,0.0641011,0.0640015,0.100948,0.0763713,0.123394,0.118876,0.143499,0.191146,0.188061
959.479,0.0331467,0.0365649,0.0416152,0.0322686,0.0209262,0.0182482,0.0265559,0.050737,0.0244462,0.0387223,0.0501094,0.0786395,0.0877317,0.113127,0.0949168,0.130782,0.154483,0.17048,0.190105
959.801,0.0358253,0.0400895,0.0426717,0.0388815,0.0347704,0.0254095,0.0431343,0.044031,0.0586784,0.0523676,0.0706972,0.0739537,0.100644,0.0946118,0.0997382,0.129851,0.139958,0.163663,0.15742
960.123,0.0378178,0.024029,0.0197202,0.0562372,0.0542842,0.0434506,0.0466348,0.0574931,0.0751215,0.0801701,0.0625472,0.0926883,0.0811741,0.105557,0.13924,0.156411,0.163595,0.199814,0.195529
960.445,0.0395447,0.0375323,0.0415886,0.0467434,0.0516902,0.0633731,0.0508434,0.0436385,0.0482204,0.0757616,0.0626973,0.0811345,0.0847196,0.0698581,0.147743,0.148585,0.162134,0.186124,0.19004
960.766,0.0838813,0.0600452,0.070962,0.0781688,0.0728622,0.0811544,0.0791495,0.0984042,0.0900572,0.108728,0.0901582,0.10142,0.146803,0.121081,0.147706,0.170981,0.191143,0.191948,0.202676
961.088,0.0493866,0.0713369,0.068189,0.0612588,0.0753186,0.0665317,0.0618332,0.0586522,0.0861775,0.0886997,0.0805748,0.112832,0.0826666,0.123298,0.134279,0.159067,0.160775,0.194221,0.204389
961.409,0.0457721,-0.00629508,-0.00359054,0.0158328,0.00574255,0.0262861,0.0229993,0.0225958,0.0650082,0.050325,0.0338918,0.0495124,0.0713999,0.0976919,0.10354,0.118748,0.155201,0.140447,0.151757
961.731,0.0545112,0.0674626,0.0431473,0.0556555,0.0612582,0.0694671,0.069651,0.0662452,0.0439645,0.0649941,0.0955836,0.0992893,0.0694436,0.115705,0.150576,0.118306,0.145943,0.184341,0.191291
962.052,0.0319886,0.0482876,0.0400152,0.0323609,0.0374532,0.0557687,0.057674,0.0492428,0.0573515,0.0589157,0.0715212,0.0973338,0.0556236,0.0801758,0.122403,0.09638,0.147004,0.157855,0.157008
962.373,-0.000504146,0.0498288,0.0380171,0.0355979,0.068774,0.0575099,0.021232,0.0575616,0.0782842,0.0466911,0.0624544,0.0884461,0.102395,0.0719974,0.112579,0.121876,0.144175,0.187198,0.146594
962.694,0.0612624,0.0653493,0.0336725,0.0611991,0.0427814,0.0496161,0.0448356,0.0829707,0.075897,0.0707739,0.0858911,0.0495268,0.0799752,0.123063,0.138141,0.136989,0.172729,0.203966,0.196629
963.015,0.0224675,0.0456171,0.0310026,0.041758,0.0296102,0.0421228,0.0263985,0.042881,0.0602223,0.0624706,0.067178,0.0782606,0.0818303,0.0957628,0.081695,0.116531,0.16168,0.198095,0.193115
963.335,0.0346145,0.0324338,0.0536134,0.0412304,0.0271528,0.0403538,0.0260401,0.0639157,0.0496551,0.0512411,0.0613583,0.0528983,0.0822597,0.0804277,0.12492,0.121738,0.127255,0.127382,0.120772
963.656,0.04693,0.0419632,0.0741864,0.0383564,0.0738049,0.0405104,0.0456939,0.0548972,0.0652661,0.0756149,0.0605666,0.0530896,0.0995723,0.0874834,0.123488,0.123289,0.169063,0.187412,0.177066
963.976,0.0480849,0.0694876,0.0425957,0.0348445,0.0436412,0.038704,0.0371092,0.0525886,0.0520872,0.0699985,0.0819945,0.0766239,0.0635742,0.122454,0.157658,0.126949,0.155752,0.187138,0.188779
964.297,0.0438184,0.0680084,0.0594215,0.0660223,0.0426776,0.0548321,0.0448952,0.0586495,0.0413816,0.0613655,0.0760663,0.0651504,0.0747578,0.103575,0.11859,0.143671,0.149938,0.182645,0.167111
964.617,0.0255163,0.0354499,0.0394273,0.0504708,0.0247386,0.0246563,0.0191007,0.0513313,0.0239726,0.0545708,0.0400525,0.0694506,0.0674612,0.0941054,0.0952765,0.126326,0.159757,0.127261,0.179871
964.937,0.0310191,0.0241351,0.03206,0.00184394,0.0294632,0.0225159,0.018646,0.0146348,0.044477,0.0566171,0.0589501,0.0494458,0.0565196,0.0800811,0.0768808,0.118156,0.13693,0.166055,0.148288
965.257,0.0684947,0.0751485,0.0590862,0.0849521,0.0808541,0.0509603,0.0645541,0.0727625,0.0862586,0.0628774,0.0885933,0.0954133,0.094256,0.128747,0.140614,0.151797,0.160504,0.214764,0.188419
965.577,0.068777,0.0424501,0.0283471,0.0465735,0.0708377,0.0530549,0.0648975,0.0362178,0.0693433,0.0678949,0.0622226,0.085894,0.117231,0.100413,0.12725,0.146574,0.150327,0.206439,0.169591
965.896,0.0651727,0.0845409,0.0494449,0.0796106,0.0388582,0.069135,0.0970337,0.101206,0.0763134,0.119221,0.0914859,0.126113,0.119567,0.114756,0.145712,0.181792,0.203375,0.207819,0.199968
966.216,0.0194333,0.0484956,0.0276626,0.00161707,0.0144793,0.0180526,0.0432659,0.0165399,0.0138671,0.0284608,0.0389014,0.0567472,0.0755741,0.0725751,0.0939624,0.117226,0.156521,0.13957,0.192854
966.535,0.0334503,0.0415833,0.0335491,0.0397164,0.0524363,0.040682,0.0595048,0.0312693,0.0425402,0.0581053,0.0785768,0.0683508,0.0742565,0.105338,0.106558,0.144738,0.160811,0.200998,0.141381
966.854,0.0360909,0.0431599,0.072454,0.018317,0.0490612,0.0585991,0.0329285,0.0603758,0.0577062,0.040284,0.0625613,0.0762625,0.112618,0.100664,0.114672,0.143586,0.164422,0.198277,0.193677
967.174,0.0330338,0.0533638,0.0415112,0.0230062,0.0247089,0.0270571,0.00515479,0.0345875,0.063257,0.0534541,0.0411221,0.0507594,0.078571,0.0722646,0.102834,0.137678,0.12766,0.184617,0.166865
967.493,0.073106,0.0552602,0.0619273,0.0804576,0.0570275,0.050033,0.0634762,0.0493141,0.101666,0.0608643,0.0793057,0.117976,0.110819,0.117805,0.118685,0.167651,0.150087,0.185169,0.183887
967.811,0.0397252,0.000570605,0.0149806,0.0335358,0.0226751,0.0140424,0.0342374,-0.00920087,0.0472184,-0.00507071,0.0355495,0.068043,0.0584609,0.0839348,0.0841394,0.122634,0.144372,0.16229,0.171099
968.13,0.0521903,0.0522442,0.0349226,0.0714511,0.0510623,0.0202474,0.0199958,0.0387943,0.0670017,0.0810615,0.0953825,0.0794244,0.0865794,0.0910554,0.150144,0.126722,0.155964,0.183441,0.169323
968.449,0.0429316,0.00889814,0.0537467,0.0638429,0.0254277,0.0498834,0.0266001,0.0289334,0.0518866,0.0261101,0.0329304,0.0810974,0.0672827,0.0864155,0.119019,0.102003,0.180728,0.192584,0.1782
968.767,0.0604004,0.0458508,0.086069,0.0787216,0.0261792,0.0826303,0.0786712,0.0863953,0.0437327,0.0686928,0.0985146,0.0926013,0.110251,0.0971736,0.120522,0.167477,0.174644,0.196418,0.193817
969.086,0.0455521,0.0352614,0.0662889,0.0450519,0.0849247,0.0266985,0.066319,0.0626741,0.0473916,0.0756254,0.0804401,0.0888052,0.093628,0.0809278,0.148369,0.131348,0.170991,0.148887,0.202314
969.404,0.0388711,0.0377114,0.0366699,0.0443865,0.0689358,0.0236296,0.027837,0.0415873,0.0759201,0.080236,0.0718727,0.0811887,0.0728242,0.122007,0.105254,0.14131,0.165202,0.155611,0.216784
969.722,0.0604254,0.0553814,0.0572915,0.0511458,0.0660552,0.0531229,0.0746988,0.0482127,0.0954672,0.0899099,0.110915,0.0825546,0.090738,0.123663,0.134733,0.174167,0.172848,0.203146,0.18909
970.04,0.0561096,0.0536882,0.022026,0.0281562,0.0217448,0.0446401,0.0419326,0.0531911,0.0598864,0.0691834,0.0505245,0.081386,0.0577798,0.0961097,0.0816262,0.110023,0.161082,0.149437,0.16669
970.358,0.0636588,0.0402931,0.0223302,0.0531602,0.0106959,0.0257866,0.0436339,0.0593935,0.0724285,0.0649631,0.0761206,0.0703395,0.0838682,0.114427,0.0969615,0.12959,0.189311,0.179231,0.188654
970.676,0.0541143,0.0662028,0.0479171,0.0712043,0.0587958,0.0374526,0.0769372,0.0840281,0.0698066,0.0738415,0.0399148,0.0848716,0.106834,0.103678,0.12766,0.138636,0.187512,0.187291,0.197151
970.993,0.0923355,0.048979,0.0960682,0.0572246,0.0635779,0.0732973,0.0606845,0.0940682,0.0612312,0.0941822,0.103071,0.122148,0.102821,0.134952,0.146762,0.161915,0.192133,0.188213,0.217318
971.311,-0.00183992,0.0169115,0.0326957,0.0287549,0.0486987,0.0360907,0.0348711,0.0869805,0.0455607,0.0738984,0.0612281,0.0396511,0.0825964,0.0993306,0.115446,0.112308,0.165145,0.163547,0.136796
971.628,0.0588197,0.0514705,0.0428243,0.0452638,0.0352562,0.0432,0.0475066,0.0508419,0.0672325,0.0708201,0.0890098,0.0724773,0.0956282,0.118596,0.120139,0.125157,0.144143,0.157869,0.206142
971.945,0.050597,0.0449904,0.0197338,0.0249983,0.0167544,0.0411926,0.0462264,0.056926,0.0695387,0.0653163,0.0866366,0.0856249,0.103259,0.10201,0.104128,0.128094,0.174018,0.176235,0.189652
972.262,0.0407084,0.0287797,0.0338372,0.0502991,0.0120962,0.0404651,0.0469685,0.00395611,0.0296474,0.0682114,0.0375997,0.0554548,0.0549447,0.0957235,0.0979596,0.165226,0.132182,0.127302,0.160566
972.579,0.0538978,0.0241909,0.0181424,0.0102764,0.0320458,0.021237,0.0396809,0.0531332,0.0188668,0.0400638,0.089533,0.0969949,0.107331,0.0871066,0.119496,0.153788,0.133491,0.157103,0.177159
972.896,0.0392536,0.0952893,0.0699748,0.0855189,0.0698496,0.0572843,0.0416046,0.0648235,0.0343968,0.0596395,0.0551188,0.102451,0.0777653,0.138403,0.14036,0.167407,0.187809,0.220288,0.185777
973.213,0.0892109,0.0531363,0.0443517,0.0581445,0.040922,0.0748344,0.0649201,0.0458613,0.0423291,0.0857216,0.090226,0.0760638,0.0958177,0.120401,0.142245,0.147601,0.178816,0.168167,0.19568
973.53,0.0488856,0.0911804,0.0571384,0.0710227,0.0800878,0.0814891,0.0258546,0.0442732,0.0803912,0.0398187,0.0878432,0.0955205,0.0918175,0.128327,0.145573,0.153862,0.189222,0.188274,0.170118
973.846,0.0725165,0.0476788,0.0764969,0.0823829,0.0565427,0.0497884,0.0737184,0.0728309,0.0599027,0.0584869,0.0849769,0.107798,0.0963526,0.100326,0.126606,0.128821,0.164449,0.181648,0.191819
974.162,0.0487298,0.0643405,0.0953344,0.0811728,0.0394105,0.104569,0.0792161,0.0881033,0.0668669,0.0685958,0.11139,0.112207,0.141071,0.163068,0.1608,0.168173,0.187144,0.242744,0.225609
974.479,0.0366535,0.0728309,0.0486822,0.0505439,0.0508953,0.0745048,0.0629923,0.073096,0.0753089,0.0976758,0.0898271,0.107262,0.112041,0.130562,0.134143,0.157563,0.191993,0.221748,0.195565
974.795,0.0503856,0.0207888,0.0510478,0.0186863,-0.0111843,0.030184,0.0260573,0.0289602,0.0350637,0.0479494,0.0586868,0.0959703,0.0624384,0.0972603,0.0836601,0.139098,0.112828,0.174413,0.167942
975.111,0.0514882,0.0364855,0.0495632,0.0621346,0.0642693,0.0238774,0.0337597,0.0403713,0.036626,0.0370464,0.0415545,0.0882308,0.102399,0.0975501,0.13743,0.13608,0.154475,0.176842,0.177567
975.426,0.0303477,0.0368547,0.080509,0.0819596,0.0467653,0.0892271,0.0412468,0.0417861,0.0776945,0.107648,0.0709716,0.10352,0.115241,0.126952,0.150379,0.161497,0.165115,0.194501,0.184085
975.742,-0.0019476,-0.00738679,0.0522857,0.0288113,0.0211674,0.0412765,-0.0261195,-0.0106967,0.0120713,0.0172137,0.0512271,0.0390182,0.0352135,0.0850941,0.09618,0.0943649,0.145091,0.137183,0.11026
976.058,0.0504723,0.0706229,0.0745221,0.0735818,0.0754435,0.0731228,0.0626074,0.0659204,0.0800808,0.091224,0.104372,0.0827986,0.106433,0.139007,0.162109,0.161272,0.170138,0.195531,0.177953
976.373,0.0330157,0.0572265,0.074088,0.0503156,0.0559939,0.0676592,0.0304379,0.0354594,0.0572262,0.0854002,0.0800176,0.0870046,0.088985,0.0697206,0.148814,0.150539,0.141693,0.164667,0.210142
976.688,0,0.0115961,0.0324435,0.0357571,0.0217531,0.0201264,0.0509495,0.00993388,0.0541988,0.0452871,0.0317111,0.0525408,0.0727163,0.103288,0.0872623,0.12262,0.135502,0.167673,0.185286
977.004,0.0114931,0.062374,0.0412915,0.0583896,0.0220353,0.0468479,0.0433416,0.0511789,0.0423276,0.0410425,0.0656331,0.0879792,0.0992707,0.109812,0.0989916,0.127937,0.173258,0.199875,0.175993
977.319,0.048653,0.0612382,0.0218711,0.0474345,0.0846633,0.0633452,0.0644978,0.0251918,0.0633307,0.0664208,0.0858397,0.0926801,0.0845975,0.101926,0.125769,0.140486,0.18236,0.178119,0.196902
977.633,0.0167758,0.0540564,0.0200418,0.0317152,0.0391286,0.0296347,0.0384973,0.00136791,0.0232109,0.0350447,0.0705351,0.0572865,0.113707,0.0687184,0.0715485,0.131402,0.144727,0.154641,0.175753
977.948,0.0279723,0.0357561,0.0205187,0.00485968,0.0243442,0.025008,0.00773701,0.00822986,0.00359743,0.0398406,0.0754061,0.0561773,0.0540406,0.0726687,0.0887526,0.0891085,0.112642,0.144482,0.179955
978.263,0.0547241,0.0123711,0.0264436,0.0319884,0.0376742,0.0432117,0.0285489,0.0742045,0.0390984,0.0881308,0.0470506,0.0985966,0.0706034,0.0945888,0.112532,0.0951198,0.169365,0.188865,0.186054
978.577,0.0609756,0.0531272,0,0.0524238,0.0499878,0.0282853,0.0160545,-0.00427275,0.0431484,0.0535551,0.041068,0.0530259,0.0661816,0.0758452,0.113463,0.112291,0.190279,0.182797,0.178194
978.892,0.0184371,-0.0138838,-0.00715491,0.0053053,-0.0235678,0.0151672,-0.0249925,-0.0172073,0.0265031,0.0363608,0.0422587,0.0118558,0.0589073,0.0351747,0.0840687,0.0933171,0.11177,0.138611,0.176281
979.206,0.0411297,0.0501638,0.0733923,0.0315217,0.05643,0.0319217,0.0403984,0.0672106,0.0458257,0.0806871,0.073358,0.0736571,0.0650455,0.101187,0.117626,0.114531,0.123352,0.165152,0.161857
979.52,0.0804158,0.0333895,0.0252998,0.058168,0.0598728,0.0722328,0.0669552,0.0655154,0.0584403,0.0469774,0.0804079,0.0756218,0.0938754,0.117215,0.122384,0.104676,0.156529,0.190771,0.167001
979.834,0.0915431,0.126055,0.0947744,0.120479,0.0925053,0.0618253,0.0858616,0.0695191,0.0978486,0.0872107,0.147395,0.113824,0.166949,0.167805,0.202209,0.185639,0.219322,0.278197,0.265503
980.148,0.0504067,0.0382187,0.0274898,0.0769615,0.029,0.02324,0.0541139,0.105895,0.0642724,0.0502124,0.0791194,0.0749507,0.0937495,0.103254,0.121432,0.127591,0.145783,0.182531,0.199808
980.462,0.069334,0.0695293,0.0472421,0.031745,0.0842336,0.0342026,0.0547371,0.101102,0.0930385,0.0748365,0.0991174,0.11078,0.111877,0.110148,0.100879,0.172004,0.178624,0.20792,0.207244
980.776,0.0817694,0.100603,0.0960605,0.0561763,0.0825077,0.054325,0.0741343,0.0641524,0.0450005,0.0633107,0.0760549,0.108933,0.110917,0.117775,0.0934389,0.188705,0.17419,0.196267,0.231907
981.089,0.0620285,0.0898176,0.0366347,0.0832127,0.0506792,0.0891382,0.0425674,0.0689416,0.0515633,0.054545,0.0771381,0.0726532,0.13172,0.145262,0.165637,0.180892,0.185837,0.20851,0.238653
981.402,0.0555401,0.0706317,0.0572606,0.0592514,0.0772194,0.0784976,0.0930116,0.0712306,0.0666398,0.0846748,0.07164,0.120279,0.115285,0.130423,0.13668,0.144742,0.172774,0.177135,0.204206
981.716,0.0332677,0.046944,0.0626616,0.0616657,0.0793923,0.0893722,0.0538264,0.113304,0.0482081,0.0716708,0.0964659,0.0704354,0.110499,0.135451,0.120176,0.23832,0.162704,0.210344,0.209487
982.029,0.0870678,0.0997311,0.0903317,0.0935224,0.0943117,0.100882,0.105079,0.0744501,0.117288,0.131138,0.0809251,0.104457,0.128442,0.1242,0.160602,0.195322,0.204389,0.237117,0.187153
982.342,0.0408418,0.0365007,0.0831774,0.00547308,0.0649929,0.0459868,0.0355584,0.0821753,0.0747718,0.0645356,0.0672915,0.0867563,0.0724365,0.0868594,0.102489,0.143096,0.1617,0.181326,0.195986
982.655,0.0535727,0.0808591,0.0804006,0.0777895,0.118534,0.0519103,0.0752641,0.0690411,0.0965634,0.0664222,0.110139,0.146112,0.135714,0.140409,0.153716,0.194623,0.14673,0.213681,0.227716
982.967,0.0500458,0.101428,0.0778996,0.0987709,0.0764832,0.109974,0.0938771,0.132516,0.112112,0.0647797,0.0801022,0.113076,0.141993,0.121698,0.144865,0.174247,0.211728,0.183386,0.16291
983.28,0.0253493,0.0444502,0.0579802,0.0438402,0.0449077,0.0284611,0.072689,0.0602391,0.0267561,0.0895577,0.0881414,0.110585,0.0722443,0.0833767,0.121328,0.151239,0.1733,0.171136,0.202105
983.592,0.0403573,0.0629279,0.0755775,0.0554351,0.084733,0.0648816,0.0503695,0.0894725,0.0808617,0.0731889,0.0952985,0.106864,0.128054,0.120968,0.147827,0.138185,0.14079,0.208772,0.179552
983.905,0.0140751,0.0431072,0.067981,0.0426168,0.0299677,0.0312959,0.026147,0.0534611,0.0405163,0.0488884,0.0941788,0.0707649,0.100357,0.0703988,0.0767297,0.106647,0.166246,0.174882,0.180959
984.217,0.0128518,0.0355206,0.0302555,0.0386234,0.0250135,0.00916843,-0.0068508,0.0350896,0.0349427,0.00753213,0.0430902,0.0410807,0.0554794,0.0928365,0.0483751,0.102915,0.100942,0.117179,0.127198
984.529,0.0554287,0.0603549,0.0523303,0.0841291,0.0594137,0.0367289,0.061283,0.0824744,0.0561489,0.0761121,0.0460302,0.112455,0.0971757,0.110951,0.146421,0.186525,0.174509,0.201473,0.228355
984.841,0.0950393,0.0823092,0.0715399,0.0878487,0.101361,0.0388679,0.063099,0.0730049,0.092973,0.102135,0.0997476,0.131262,0.123064,0.107131,0.136314,0.193145,0.189895,0.201852,0.273121
985.153,0.0591837,0.0655707,0.106947,0.0979029,0.0913501,0.0952492,0.0624861,0.106203,0.0730971,0.101347,0.0853536,0.128058,0.100924,0.18972,0.137686,0.134933,0.210517,0.18926,0.201159
985.465,0.0109982,0.0688409,0.0548769,0.0488375,0.0481569,0.0328661,0.060006,0.0214261,0.0343713,0.0435649,0.0176448,0.0825838,0.0963687,0.0995896,0.147676,0.140144,0.145025,0.180442,0.192962
985.776,0.0275271,0.00805586,0.00465494,0.0294706,-0.0182596,0.0647259,0.044339,0.0218625,0.0222122,0.0740144,0.0487728,0.0427992,0.0372917,0.0660943,0.102939,0.128716,0.111305,0.156465,0.1732
986.088,0.0553356,0.08215,0.0389833,0.104713,0.064205,0.0729816,0.0643612,0.0395589,0.0474916,0.0887328,0.0932754,0.0982318,0.0983766,0.113662,0.131865,0.111257,0.170544,0.196683,0.203454
986.399,0.148641,0.119669,0.16023,0.161997,0.119634,0.13195,0.120357,0.109124,0.110282,0.1308,0.167072,0.134939,0.128861,0.190667,0.182863,0.179471,0.254797,0.269561,0.266645
986.71,0.0911724,0.0950528,0.0768997,0.0628448,0.106509,0.0584723,0.0808276,0.0627232,0.0608059,0.0607794,0.0506028,0.0730015,0.118434,0.142252,0.123895,0.186918,0.180173,0.163248,0.171224
987.021,0.0544138,0.0209855,0.0574688,0.0942706,0.076595,0.0633845,0.0607079,0.0895844,0.046858,0.0948915,0.0730052,0.101168,0.102807,0.135888,0.129526,0.148435,0.154004,0.203294,0.22749
987.332,0.0163592,0.0340492,0.00965787,0.00210088,0.0476542,0.0479611,0.0394231,0.0273912,0.0217876,0.0100929,0.029344,0.0528897,0.0416708,0.0659856,0.0688479,0.07829,0.120952,0.142354,0.147247
987.643,0.0508058,0.025323,0.0595611,0.0515786,0.0843824,0.067389,0.044696,0.0219065,0.0936918,0.0757624,0.0574574,0.11346,0.0630864,0.0616833,0.0794889,0.165876,0.163331,0.158601,0.206798
987.954,0.108357,0.104981,0.101061,0.0703246,0.0593866,0.0808855,0.0812862,0.091584,0.0655167,0.0933027,0.134655,0.12857,0.11347,0.122067,0.146706,0.170569,0.183413,0.272089,0.189491
988.264,0.0272736,0.0596305,0.0158114,0.0618209,0.0486839,0.0361335,0.0889523,0.0644322,0.0467857,0.0838906,0.0667867,0.0581635,0.0641006,0.12911,0.103375,0.140001,0.173362,0.178621,0.213748
988.575,-0.0230405,0.0660959,0.00849363,0.0408649,0.0224773,0.0169575,0.0333198,-0.00781779,0.0146012,0.0173521,0.00166279,0.0383558,0.0590956,0.0341741,0.0609142,0.0954501,0.140323,0.157249,0.141803
988.885,0.0112836,0.0126702,0.00936634,0.0538139,0.0143591,0.0106275,0.0317685,0.0439134,0.0320248,0.0851976,0.0460292,0.0824494,0.0941173,0.106705,0.0634991,0.118658,0.173051,0.153967,0.158833
989.195,0.084516,0.0693388,0.0371678,0.063369,0.0399417,0.0660665,0.058888,0.0475287,0.0518508,0.0410199,0.0759801,0.11386,0.0289309,0.118333,0.110588,0.165918,0.165525,0.194612,0.137602
989.505,0.0217772,0.0149594,0.00919563,0.0614174,0.0218843,0.0565796,0.0576161,0.0480335,0.0309255,0.0419417,0.0229471,0.0516414,0.115317,0.0901265,0.0889236,0.129289,0.171166,0.174153,0.161189
989.815,0.0245321,0.0681791,0.0395442,0.0177136,0.042408,0.0382138,0.0408814,0.00951907,0.0654312,0.0510108,0.0466064,0.0327395,0.0526073,0.0820005,0.128628,0.101594,0.127996,0.155289,0.182339
990.125,0.0072521,0.0399254,0.0481578,0.0120356,0.0772948,0.0725496,0.00169396,0.0786115,0.0774332,0.0260705,0.0137005,0.0505427,0.0749978,0.0977499,0.0729877,0.134592,0.155707,0.151991,0.136117
990.434,0.0228979,0.0508,0.0238172,0.0536646,0.0282995,0.0318403,0.0277402,0.103556,0.0631846,0.0624736,0.0908946,0.0624467,0.0408397,0.0911782,0.101754,0.11348,0.143324,0.154152,0.201627
990.744,0.0212616,0.0713215,0.0361151,0.0209389,0.0343718,0.00439353,0.0176604,0.0690803,0.0123395,0.0410501,0.0970429,0.0878054,0.111642,0.0682789,0.120981,0.0956005,0.16314,0.149482,0.168926
991.053,0.033519,0.0755789,0.0434025,0.0493986,0.0250085,0.0771667,0.0764111,0.068079,0.0640787,0.0546113,0.0493853,0.0792022,0.0785818,0.0722371,0.131467,0.163218,0.200124,0.177694,0.194878
991.362,0.0387451,0.0717562,0.0718298,0.071303,0.104771,0.0777483,0.0580616,0.0876578,0.0626181,0.0870697,0.0607533,0.153474,0.0964161,0.0957511,0.126761,0.135029,0.186184,0.245693,0.222231
991.672,0.016036,0.00988452,-0.00431566,0.0305912,-0.00999869,0.0329651,0.00694002,-0.023646,0.0629294,-0.0173083,0.0323107,0.0215199,0.0798689,0.0245061,0.0793847,0.0977844,0.151449,0.121326,0.191092
991.981,0.0357337,0.0602097,0.0355247,0.0557722,0.0731602,0.0589384,0.0730011,0.0437679,0.0698005,0.0837585,0.0723994,0.098907,0.0831037,0.120639,0.169489,0.126552,0.190192,0.180433,0.20054
992.289,0.0248919,-0.00640729,0.0434939,0.0501368,0.0545651,0.0514994,0.0501373,0.0473582,0.0207251,0.071624,0.0617096,0.0858718,0.105276,0.0760866,0.138376,0.168931,0.133729,0.18421,0.168698
992.598,0.00454291,0.0287375,0.00940887,0.0105644,0.0202603,-0.0483429,0.0227111,0.0114359,-0.0342415,0.0118473,0.00858794,0.0182122,0.0963835,0.0887594,0.0988553,0.0846526,0.117824,0.108075,0.146837
992.907,0.0428459,0.0941791,0.078238,0.0595076,0.0804311,0.0636298,0.0365264,0.0657971,0.0810853,0.0365294,0.0959579,0.0631812,0.0796009,0.0646187,0.117458,0.170195,0.163439,0.154077,0.146412
993.215,0.0515092,0.131488,0.048189,0.0927315,0.0781941,0.0660972,0.0506484,0.0846167,0.140496,0.115419,0.115489,0.144007,0.113128,0.124868,0.172763,0.228191,0.209079,0.200847,0.202931
993.524,0.061143,0.0736504,0.101417,0.0885006,0.0862734,0.0702539,0.0519429,0.0862581,0.0938406,0.0770395,0.0954284,0.123447,0.120486,0.131712,0.153471,0.191683,0.168141,0.247582,0.245758
993.832,0.0676601,0.0455016,0.0871438,0.108974,0.0846147,0.063869,0.0685114,0.0798739,0.0821208,0.0944674,0.0694992,0.152162,0.117579,0.137921,0.126589,0.1138,0.169362,0.215496,0.198882
994.14,0.0440147,0.0293023,0.0313293,0.021546,0.0453713,0.0720979,0.0223954,0.038097,0.0519924,0.0569369,0.0977811,0.119734,0.131745,0.134475,0.123527,0.179991,0.167779,0.23531,0.191339
994.448,0.0669458,0.0737956,0.0746241,0.115059,0.0962004,0.102097,0.119843,0.0745754,0.0702032,0.126547,0.140142,0.160036,0.190541,0.134683,0.143744,0.190257,0.228557,0.241183,0.273935
994.756,0.000810105,0.0255793,0.0298408,0.0320592,0.0636465,0.0256128,0.0517076,-0.00489023,0.0737041,0.0697027,0.0810574,0.0557915,0.0510908,0.100245,0.108784,0.128428,0.11645,0.166017,0.180094
995.063,0.0326197,0.0756712,0.0378532,0.020224,0.0620595,0.0358517,0.053369,0.0520202,0.0456375,0.0656435,0.0845208,0.112438,0.120446,0.126454,0.121101,0.130523,0.195073,0.243557,0.18914
995.371,0.0359683,0.0705309,0.0301755,0.0314014,0.0701583,0.0376401,0.036454,0.0907995,0.109432,0.0592669,0.0486245,0.0735227,0.0704673,0.0913644,0.0688966,0.134085,0.131312,0.134507,0.1942
995.679,0.0620446,0.00895006,0.03934,0.0535678,0.0821444,0.0618305,0.0399898,0.0363962,0.0212783,0.0653317,0.116685,0.086923,0.0872332,0.126731,0.12144,0.152317,0.187802,0.18911,0.185607
995.986,0.0514392,0.0451358,0.00867956,0.0628862,0.0600795,0.0223385,0.0335823,0.0460862,0.0452466,0.0521044,0.115619,0.0372882,0.117869,0.158012,0.180479,0.142093,0.185944,0.148017,0.18142
996.293,0.0442676,0.0361098,0.0862272,-0.0226293,0.0407412,0.0537018,0.0772688,0.0741236,0.0500854,0.0541708,0.0791281,0.102291,0.128032,0.0488997,0.153487,0.155153,0.175296,0.180469,0.193439
996.6,0.0666089,0.0596332,0.0667733,0.0433066,0.0519474,-0.0154105,0.0755895,0.0256101,0.0294665,0.0587541,0.0725964,0.0714998,0.0962574,0.105845,0.177714,0.146909,0.16559,0.175106,0.186454
996.907,0.0476604,0.0401637,0.0960677,0.0558496,0.0370194,0.051939,0.0777185,0.0581435,0.109565,0.0343133,0.0682415,0.0525456,0.100555,0.143873,0.107306,0.161001,0.116293,0.21692,0.170086
997.214,0.0811715,0.0921367,0.0673092,0.0834327,0.07626,0.0642025,0.0277168,0.0845723,0.103967,0.154349,0.148635,0.104585,0.0682049,0.154236,0.101915,0.165282,0.235455,0.213883,0.207232
997.52,0.0634099,0.0159912,0.0169705,0.0542176,0.0688478,0.0568881,0.0407169,0.0812491,0.0763063,0.0172981,0.0737056,0.0736154,0.0332793,0.119879,0.12109,0.142455,0.138709,0.182399,0.165277
997.827,0.053441,0.061247,0.0187577,0.0526302,0.0705375,0.00927669,0.0801067,0.0420058,0.113087,0.0845039,0.101452,0.0988324,0.0945312,0.079818,0.185139,0.113326,0.202416,0.169985,0.153396
998.133,0.00197115,0.0123525,0.0534065,-0.00188246,-0.0446925,0,0.0379965,0.0409373,0.0338959,0.0916978,0.0884547,0.0656465,0.0282838,0.076295,0.0600111,0.159265,0.178966,0.11016,0.11677
998.44,0.052876,0.0652959,0.063933,0.0816224,0.0837653,0.0754335,0.0980992,0.121492,0.0596748,0.105728,0.069411,0.101676,0.104393,0.11,0.161502,0.133368,0.163678,0.163181,0.158609
998.746,0.0452685,0.041686,0.067624,0.00648947,0.000927777,-0.00379254,0.0564265,0.0501333,0.0617453,0.0643522,0.0766788,0.0800828,0.0934947,0.0888622,0.108551,0.138345,0.116494,0.179966,0.158504
999.052,0.0661231,0.030353,0.124871,0.0738976,0.12107,0.0897137,0.102249,0.14006,0.128185,0.157233,0.0642187,0.158305,0.127949,0.158669,0.149961,0.163143,0.203659,0.26383,0.198801
999.358,0.0502214,0.0781648,0.0712668,0.021646,0.075061,0.0449129,0.0559101,0.0593777,0.05749,0.060742,0.0552476,0.0786393,0.0984777,0.103406,0.0764526,0.105657,0.171142,0.148589,0.183904
999.664,-0.0228036,0.0110089,-0.0313065,0.0118105,0.0282492,-0.0174307,-0.00808592,-0.0228319,0.0484861,0.019107,-0.0188393,0.0269133,0.0396189,0.0373208,0.0667307,0.0797252,0.0708541,0.131162,0.124332
999.969,0.0264294,0.0440712,0.0624617,-0.0094283,0.026708,0.00176347,0.0421537,0.00953338,0.0520776,0.0465262,0.0511336,0.0739105,0.0960151,0.0905452,0.0703048,0.0651455,0.105884,0.169395,0.144694
1000.27,0.0890148,0.0777792,0.116146,0.0238221,0.0570706,0.099439,0.0842822,0.0684317,0.0508875,0.112292,0.11147,0.0857031,0.0961039,0.124659,0.176853,0.165802,0.165609,0.196997,0.191497
1000.58,0.0385393,0.077121,0.0641479,0.0651754,0.0799823,0.0893515,0.0797401,0.117131,0.0824771,0.125005,0.0958228,0.066495,0.116906,0.0721419,0.145386,0.164602,0.184945,0.226905,0.155552
1000.89,0.0241932,0.0458636,0.0566982,-0.00095886,0.0693055,0.0609719,0.0647709,0.0976393,0.0572781,0.0528497,0.07762,0.0651122,0.107671,0.0663614,0.110313,0.116388,0.128793,0.170956,0.164382
1001.19,-0.0138252,0.0363025,0.0395127,0.0303903,0.0292943,0.000923777,0.015066,0.00736231,-0.0362195,-0.00271776,0.00738462,-0.00478203,0.101617,0.0325047,0.0628817,0.0431399,0.0314964,0.126435,0.144316
1001.5,-0.0561574,-0.0131412,-0.014163,0.0372188,0.0231257,-0.0159327,-0.00503886,0.00304192,-0.000994093,0.0109598,-0.0123772,0.0576698,0.0347147,0.0396059,0.0373733,0.115647,0.117148,0.135926,0.178414
1001.8,0.019121,0.0684007,0.0120976,0.0675538,0.0878676,0.0797702,0.0486617,0.0440454,0.07047,0.072974,0.0462305,0.0770448,0.0924447,0.110237,0.122746,0.12616,0.159485,0.16335,0.16867
1002.11,0.0866041,0.0434332,0.0428821,0.0788349,0.0701103,0.0929417,0.0925174,0.0709193,0.081912,0.0552636,0.0665684,0.058478,0.13078,0.13725,0.131171,0.18521,0.2122,0.192273,0.23312
1002.41,0.119865,0.0400074,0.0840715,0.0946191,0.0308628,0.070165,0.0784014,0.101268,0.0838009,0.0863362,0.0983727,0.0932026,0.118602,0.144509,0.133322,0.139029,0.209842,0.171807,0.257149
1002.71,0.0294721,0.0949855,0.0549808,0.0505325,0.087658,0.0371381,0.0275115,0.0794615,0.102401,0.146321,0.0154106,0.0898522,0.107681,0.189578,0.0872767,0.149826,0.265057,0.188348,0.25672
1003.02,0.0991225,0.157672,0.124612,0.0693737,0.101207,0.114868,0.135179,0.130281,0.0894046,0.0885234,0.10002,0.128926,0.13202,0.137735,0.0969063,0.186459,0.178529,0.196777,0.203501
1003.32,0.0678502,0.127965,0.071814,0.0563616,0.0976688,0.0388534,0.105883,0.0450363,0.0305787,0.0968757,0.0901857,0.100106,0.0807743,0.196291,0.122644,0.130943,0.170238,0.158121,0.126051
1003.63,0.0405262,0.0119805,0.0243727,0.0287588,0.00105518,0.0363356,0.0776332,0.0229642,0.093329,0.0596435,0.0784649,0.04604,0.102907,0.0775931,0.115217,0.127571,0.16991,0.197904,0.15374
1003.93,0.0538029,0.0299289,0.00729396,0.0519556,0.0452564,0.0435354,0.0768767,0.0691834,0.0168083,0.0486934,0.0656155,0.0808653,0.131389,0.0862211,0.118565,0.153802,0.174084,0.157035,0.166217
1004.23,0.0864648,0.0456697,0.0568348,0.0742083,0.0589104,0.0671684,0.0330371,0.0553204,0.0569629,0.0849545,0.117223,0.0724612,0.0429788,0.151942,0.11825,0.14677,0.181798,0.202074,0.19509
1004.54,0.0699234,0.0962327,0.0197843,0.050444,0.0455427,0.0578085,0.0491861,0.0226018,0.0303368,0.0942636,0.133928,0.110899,0.0662505,0.00853259,0.15739,0.148086,0.186718,0.169522,0.195826
1004.84,0.0641796,0.0630406,0.10219,0.0696794,0.0610502,0.0417977,0.0545581,0.0569937,0.12843,0.0668094,0.111538,0.0924724,0.0658859,0.106603,0.141078,0.117029,0.135795,0.135899,0.14429
1005.15,0.095508,0.120555,0.145172,0.121865,0.117778,0.158995,0.102978,0.155047,0.193225,0.0790449,0.141447,0.182519,0.211203,0.209877,0.170273,0.238133,0.210884,0.318792,0.289839
1005.45,0.0720412,0.0579138,0.0830373,0.0359788,0.0335956,0.0389279,0.0474499,0.0500747,0.0288803,0.0312245,0.0971429,0.170384,0.0660777,0.134775,0.0722681,0.175948,0.173425,0.151302,0.179622
1005.75,-0.0257958,-0.0426724,0.00230929,0.0193388,0.0439519,0.0614762,-0.0337604,0.00596813,0.0309331,0.0825108,0.0321903,0.0372711,0.0413761,0.0625164,0.11736,0.125068,0.120323,0.207429,0.1327
1006.05,-0.0121413,0.0208522,0.00249514,-0.0207553,-0.0197547,0.0365614,0.051905,0.0326227,0.0345395,-0.0466736,0.0136584,0.0179793,0.0162184,0.064282,0.0735367,0.0680185,0.151335,0.149122,0.0671229
1006.36,0.023818,0.0535428,0.0705148,0.0751959,0.0583191,0.0134601,0.0617408,-0.052167,0.02136,0.106125,0.042381,0.0205014,0.0491713,0.0515395,0.0351624,0.158763,0.0952742,0.1068,0.132989
1006.66,0.08181,0.022861,0.0682099,-0.0280356,-0.00123625,0.0395599,0.022742,0.0470191,0.0939547,0.0324011,0.0654462,0.0567901,0.0823284,0.0929682,0.0828155,0.145691,0.151274,0.207072,0.130989
1006.96,0.102599,0.129606,0.126138,0.0904294,0.0862218,0.11116,0.0553521,0.080642,0.104163,0.112091,0.107754,0.148385,0.117404,0.137714,0.237974,0.207328,0.198405,0.219945,0.216834
1007.27,0.076322,0.108761,0.095864,0.103997,-0.020044,0.0430025,0.0431553,0.0615236,0.0470896,0.0868304,0.0693834,0.105477,0.146122,0.119776,0.143738,0.12638,0.137451,0.164399,0.0673317
1007.57,-0.0785838,0.055133,0.0482154,0.0257964,-0.0191218,-0.00948634,-0.00530697,0.060865,-0.0186099,-0.0335852,0.0381636,-0.0154492,0.0347941,0.0399548,0.0266621,0.062316,0.209498,0.164895,0.180955
1007.87,0.0606998,0.0267633,0.054766,0.0704756,0.0231445,0.0373396,0.0517062,0.0460352,0.106544,0.0843934,0.0742792,0.15648,0.126391,0.162669,0.260292,0.133963,0.261959,0.252884,0.238194
1008.17,-0.0261958,0.0387187,-0.0197838,0.0393054,0.0261202,0.00295904,-0.0388183,0.0329641,0.03107,0.0204869,-0.0611064,0.155292,-0.0727075,0.0258959,0.110716,0.11973,0.0604805,0.115931,0.107334
1008.47,0.043805,0.0502635,0.0597756,0.0604006,0.0874535,0.0321351,0.0584558,-0.00733108,0.122756,0.0301627,0.0636108,0.118305,0.0730493,0.0960992,0.0663166,0.197272,0.140369,0.222846,0.254489
1008.78,0.0823146,0.113132,0.138718,0.0461824,0.0480574,0.0783958,0.0986893,0.0669743,0.146799,0.0523789,0.076231,0.0972503,0.0840223,0.156083,0.153618,0.153934,0.230717,0.17971,0.247677
1009.08,0.014131,-0.00280939,0.0151805,0.0404937,0.0386944,0.0476443,0.0181724,-0.0716756,0.0713792,0.0672165,0.0849293,0.101436,0.0609314,0.0700513,0.130996,0.151658,0.124401,0.194503,0.172435
1009.38,0.0208985,0.0609113,0.0825542,0.0650125,0.0215829,0.0207068,0.00723409,0.0475933,0.0426444,0.147004,0.126835,0.0788102,0.091453,0.140775,0.121035,0.196936,0.189938,0.188275,0.224492
1009.68,0.0276878,0.0142914,0.0704513,0.106137,0.0838279,0.0936614,0.0339317,0.0978451,0.118658,0.139395,0.0544146,0.143907,0.0951201,0.155747,0.19543,0.184556,0.210732,0.20128,0.240618
1009.98,0.0813761,0.0830567,0.0714208,0.0542099,0.0541581,0.0691026,0.0324712,0.04154,0.06633,0.0993902,0.11294,0.167959,0.170563,0.187782,0.151866,0.192158,0.181358,0.248421,0.26763
1010.28,0.227923,0.210849,0.14266,0.194289,0.138466,0.119985,0.221903,0.12612,0.226271,0.185347,0.0953488,0.2643,0.305431,0.302758,0.273831,0.246874,0.426197,0.39598,0.429016
1010.59,0.0382963,0.115846,0.112255,0.0163004,0.0795345,0.0733633,0.0286291,0.125237,-0.0095815,0.0968182,0.0635503,0.121818,0.0665122,0.152186,0.192252,0.211864,0.236406,0.307347,0.194524
1010.89,0.120596,0.046707,0.0756108,0.166266,0.0450563,0.0945035,0.0402287,0.0958155,0.139059,0.101273,0.154667,0.107531,0.129822,0.160286,0.127939,0.277569,0.19534,0.252266,0.237768
1011.19,0.0671566,0.0972668,0.0840428,0.142729,0.0814595,0.127224,0.0638829,0.112613,0.0672248,0.0990655,0.0832866,0.124276,0.0496211,0.113453,0.148408,0.18096,0.210295,0.166832,0.207549
1011.49,0.0556532,0.0797537,0.0322463,0.00354909,-0.0298327,0.0196644,0.0169491,0.0578168,0.0505657,0.0730514,-0.00170135,0.0966887,-0.0396361,0.0869729,0.0536303,0.153237,0.225724,0.249662,0.20966
1011.79,-0.0123651,0.0835439,0.067158,0.0331343,-0.0591398,0.0174609,0.0504697,0.0554034,0.0192548,0.0319404,0.0661056,0.0237563,0.0736478,0.13052,0.114366,0.139361,0.181772,0.160334,0.122664
1012.09,0.0668578,0,0.0517647,0.0437778,0.0223368,0.0166027,-0.0274947,-0.00448443,0.045526,0.0689826,0.0900706,0.10554,0.116882,0.114198,0.0851839,0.140053,0.142353,0.258884,0.216399
1012.39,0.0828129,0.0935789,0.0745165,-0.00402859,0.0106163,0.0772038,0.118255,0.0549056,0.0459112,0.079921,0.0611242,0.0441201,0,0.0668102,0.0935534,0.130112,0.135166,0.216342,0.216203
1012.69,-0.00954454,0.0171439,0.0141534,0.0402927,0.0413671,0,0.0569485,0.0709249,-0.0257744,0.0525823,0.0455676,-0.0146876,0.0935308,0.049193,0.067734,0.106281,0.14663,0.104536,0.159357
1012.99,0.128648,0.0868243,0.153702,0.10347,0.033043,0.120912,0.110817,0.0909321,0.0845929,0.144744,0.117397,0.125563,0.162589,0.0838573,0.119755,0.188421,0.247008,0.174545,0.227051
1013.29,0.0459341,-0.00589949,-0.112395,0.0905621,0.0151782,0.0253907,0.00626375,0.0120322,0.178409,-0.0650376,0.00187458,0.0236519,0.0212916,0.0821247,0.17169,0.0616602,0.123329,0.241219,0.228466
1013.59,0.0593386,0.0497912,0.00347258,0.00643411,-0.00447473,0.0526593,0.0993182,0.00662593,0.088122,-0.0288491,0.0347175,0.105142,0.0749491,0.0864868,0.0768386,0.150791,0.121935,0.0527361,0.10636
1013.89,0.0781734,0.150772,0.163036,0.100513,0.169036,0.125613,0.185614,0.0990079,0.175891,0.0924089,0.162183,0.169191,0.141613,0.202091,0.192153,0.204205,0.237249,0.356594,0.327594
1014.19,-0.0227465,0.00973996,0.0497513,0,0.0165496,-0.0171202,0.0473974,0.0690097,0.0321682,0.0624149,-0.0279509,0.0125084,0.0594241,0.0971619,0.0841412,0.123813,0.159759,0.133461,0.185948
1014.49,0.0832881,0.0320223,0.155431,0.0618933,-0.0052988,0.00692442,0.0526108,0.0179196,-0.0332807,0.10623,0.162344,0.0869626,0.0386271,0.10637,0.114824,0.170158,0.255871,0.176467,0.285841
1014.79,0.0401015,0.0495652,0.00279245,0.0138988,0.0353241,0.00139782,0.0686835,0.0463604,0.0602227,0,0.127147,0.0392365,0.0209332,0.13685,0.100844,0.113427,0.221731,0.184774,0.106356
1015.09,0.149671,0.0584401,0.11257,0.194816,0.0190609,0.124178,0.146571,0.0432994,0.0659908,0.237514,0.132925,0.129406,0.196744,0.0720054,0.152244,0.210312,0.227571,0.238876,0.25901
1015.39,0.096703,0.084933,0.0912762,0.0456264,0.111381,0.0847206,0.0720141,0.0426042,-0.00155206,0.0271522,0.10134,0.14213,0.0825635,0.0566805,0.0774788,0.150074,0.243912,0.203771,0.229438
1015.68,0.080222,0.12231,0.124327,0.110396,0.13792,0.0780545,0.024544,0.139113,0.149557,0.0809656,0.108028,0.158603,0.103963,0.184985,0.130348,0.12633,0.244923,0.19709,0.217814
1015.98,0.0722823,-0.0279958,0.0538665,0.0258885,0.0834182,0.0589542,0.0283055,0.075295,0.0658964,0.0141335,0.0566709,0.0256098,0.11666,0.155763,0.04615,0.0858953,0.141877,0.206009,0.193022
1016.28,-0.0270909,-0.0302787,-0.0166493,0.00579926,-0.00607066,-0.00367407,0,0.0537963,0.0124794,0.100119,0.0363456,0.0554404,0.00474549,0.0402163,0.0407783,0.0422983,0.130432,0.129184,0.039857
1016.58,-0.00758691,0.00990214,0.0158502,0.0867492,-0.0254956,0.0526439,0.0531544,0.00255848,-0.00798283,-0.00498322,0.0749031,0.070984,0.112442,0.0964346,0.107383,0.133633,0.129133,0.168357,0.193543
1016.88,0.0110798,-0.00435325,-0.0700329,-0.0774832,0.0608619,0.0300581,0.0622144,-0.0151786,-0.0573222,0.0367026,0.0801247,0.00766558,0.119987,0.0322624,0.0506003,0.0981594,0.0990305,0.117818,0.120529
1017.18,0.103173,0.0786587,0.0100553,0.0827684,0.034247,0.0326097,0.102058,0.0883675,0.131217,0.0811158,0.0810243,0.0996063,0.052401,0.179771,0.118885,0.238979,0.146706,0.256116,0.0968644
1017.48,0.0122503,0.151533,0.100364,0.0813124,0.0465199,0.0301305,0.0757225,0.0745589,0.118518,0.0671106,0.0700567,0.0680991,0.11271,0.21281,0.156975,0.155698,0.2248,0.195665,0.214042
1017.77,0.0672714,0.0814269,0.0281617,0.0421374,0.126259,0.0416316,0.02382,0.0967087,0.0709942,0.0142361,0.12618,0.0190223,0.0580965,0.116736,0.188046,0.117674,0.165721,0.0947517,0.165554
1018.07,0.0836749,0.0361994,-0.0907147,0.0124835,0.0270151,0.0409669,0.0625152,0.0156055,0.0888065,0.0108733,0.0567197,0.126308,0.0544345,0.0838539,0.13024,0.0523055,0.161301,0.128143,0.0852807
1018.37,0.077158,0.103824,0.0418132,0.0338752,0.0517593,0.0639537,-0.0328934,0.0362178,0.0588438,0.132216,0.0995558,0.193722,0.158066,0.0465816,0.15053,0.138717,0.250079,0.122905,0.227498
1018.67,0.164873,0.153851,0.146461,0.0624542,0.0552395,0.13917,0.126267,0.206681,0.125035,0.178136,0.202392,0.205592,0.155031,0.124282,0.126432,0.125867,0.213584,0.287829,0.313887
1018.96,0.0982713,0.0558016,0.0476171,0.0430294,0.0767517,0.0545235,0.0662351,0.0856239,0.0198496,0.0855933,0.0889238,0.0663211,0.0814297,0.11426,0.0856026,0.108169,0.180957,0.166597,0.152629
1019.26,0.120614,0.103713,0.0416592,0.107809,0.15117,0.074321,0.106624,0.0787641,0.0789498,0.0839785,0.0960377,0.166896,0.147663,0.208857,0.18623,0.18133,0.235828,0.149336,0.190776
1019.56,0.00611819,0.0115022,-0.0238305,-0.0211749,-0.0605804,-0.0414533,-0.0978367,-0.0377777,0.00875357,-0.0352192,-0.0425148,-0.0291934,0.0138026,0.0236996,0.0510573,0.0803226,0.0716779,0.073786,0.106582
1019.86,0.0227689,0.0456597,0.0267358,0.0320939,0.0277149,0.122985,0.127186,0.00179704,0.0589149,0.0822132,0.195576,0.176937,0.145973,0.182548,0.194216,0.102487,0.142398,0.184789,0.224114
1020.15,-0.0377353,0.0826684,0.0263498,-0.0485029,0.00565306,0.0398261,0.00831348,-0.0676834,-0.0306567,0.081525,-0.0264486,-0.0236286,0.0110132,0.112877,0.0859579,0.0447714,-0.0331796,0.0933663,0.174008
1020.45,0.172745,0.111428,0.257201,0.144856,0.120713,0.19829,0.125315,0.26468,0.177593,0.122241,0.222695,0.251161,0.23266,0.216665,0.298692,0.23767,0.257859,0.421507,0.244051
1020.75,-0.0415951,-0.0291534,0.019218,0.0265638,0.110993,0.0669804,0.0126871,0.172477,-0.0490437,0.0421728,0.0115895,0.0594979,0.0568543,0.134102,0.216567,0.0511318,0.153717,0.245411,0.0997372
1021.04,0.0717106,0.0938958,0.131726,0.0993311,-0.0139852,0.0597285,0.0973471,0.00903819,0.162208,0.0142302,0.101815,0.14882,-0.0156859,0.0968807,0.145894,0.109866,0.232407,0.179735,0.105703
1021.34,0.0990998,0.0186479,0.0455327,0.0850434,-0.0059934,-0.0167148,0.123963,-0.0333119,0.0674806,0.109175,0.071499,-0.0334319,0.085845,0.0951642,0.0780194,0.0980194,0.144374,0.216656,0.0777229
1021.64,0.0546125,0.0616537,-0.0149806,0.0858924,-0.0104425,0.0774032,0.0633377,0,0.0587002,0.0549955,0.0998186,0.0786482,0.0783031,0.0870112,0.0841454,0.0702139,0.110924,0.190575,0.18174
1021.93,0.121553,0.100975,0.0205441,0.232416,0.0322178,0.183824,0.0512758,-0.0425587,0.120069,0.110314,0.0655348,-0.00539598,0.149641,0.08938,0.151108,0.166845,0.189928,0.218108,0.183185
1022.23,-0.0308745,0.0391869,-0.0223461,0.101437,-0.0358722,-0.0568217,0.0885789,0.0275221,0.0423025,0.0365042,0.0249528,0.00519478,0.0804233,0.0134525,0.0892417,0.117857,0.108202,0.0952403,0.159477
1022.52,0.0675048,0.0621808,0.146512,0.180758,0.0581105,0.0851915,0.0902369,0.0993901,0.0273577,0.143445,0.0170292,0.092046,0.201087,0.16787,0.0974058,0.211963,0.201351,0.281646,0.206751
1022.82,-0.00779262,0.0329022,0.0279501,-0.0177608,0.00959071,0.102566,0.0157874,-0.00853304,-0.015925,-0.0936624,0.0583616,-0.00217389,0.130984,-0.065311,0.0482662,0.137528,0.083533,0.205046,0.138494
1023.12,-0.0648894,0.127214,-0.0142838,0.161673,0.202677,0.161908,0.154546,0.0320572,0.124053,0.0779873,0.0125905,0.0856996,0.121791,0.132878,0.0889298,0.168432,0.188493,0.192766,0.243147
1023.41,0.1128,-0.08037,0.0460756,0.0215491,0.050837,-0.0229683,-0.0593299,0.0380141,0.148683,0.0386743,0.108599,0.0680038,0.111203,0.156063,0.0659221,0.154235,0.276439,0.180092,0.295536
1023.71,0.0509882,0.144442,0.0864583,0.174579,0.123243,0.0391018,0.135326,0.124685,0.166902,0.10179,0.16434,0.13028,0.183088,0.120784,0.20871,0.1494,0.271183,0.105326,0.281474
1024,0.0154126,-0.0271278,-0.134791,-0.0874961,-0.0417034,-0.106101,0.0605159,0.0581898,-0.0427062,0.0328759,-0.0124303,0.00218839,-0.0307217,0.0205396,0.0374664,0.104244,0.175728,0.0940404,0.130336
1024.3,0.0100703,0.0063067,-0.0478618,0.0310978,0.0409684,-0.0239277,0.0156401,0.104671,0.0950573,0.0517403,-0.03302,0.0107368,0.113829,0.00775687,0.165941,0.0694094,0.144435,0.155444,0.135127
1024.59,0.0866094,0.0748431,-0.0385353,0.0600023,-0.00768738,0.0900058,0.137163,-0.0246188,0.12226,0.0851409,0.175649,0.105673,0.08688,0.12912,0.0452403,0.100152,0.270643,0.165011,0.191348
1024.89,0.0718332,0.0104481,0.0260775,-0.00169136,0.0927487,0.0559884,0.0118207,0.0207002,-0.00641746,0.0545285,-0.0371251,0.0145272,0.0656491,0.130142,0.155358,0.0574647,0.154252,0.115964,0.143057
1025.18,-0.0908441,-0.0135086,-0.0938626,0.0362333,-0.0623758,0.0194535,-0.041137,-0.0675999,-0.0704307,-0.0830169,-0.0925361,-0.0927336,0.0264666,-0.0245142,0.00860915,0.0714409,0.0834231,0.0574295,0.0589721
1025.48,0.111527,0.110401,0.0412266,-0.0195302,0.0531589,0.106777,0.0763101,0.211428,0.0438032,0.0134822,0.0926836,0.114574,0.0692477,0.149614,0.135618,0.255546,0.145579,0.230725,0.13437
1025.77,0.107178,0.134032,-0.0316864,0.117685,0.082656,0.166476,0.0151987,0.0641661,0.0112655,0.0827183,0.0813252,0.121016,-0.00621898,0.0327237,0.0171324,0.156838,0.222421,0.182686,0.239292
1026.06,0.0463164,0.0281347,-0.0980959,-0.0745276,-0.0449009,-0.0831528,-0.0679703,-0.0657059,-0.0188635,-0.0452079,0.0997549,-0.0380223,-0.0909765,-0.0120212,0.107902,-0.0422839,0.0917707,0.101027,0.0366778
1026.36,-0.0430926,0.0867299,0.0799376,-0.0861176,-0.00287736,0.108684,-0.0922439,0.0169444,-0.0807353,-0.00592233,-0.00600985,0.11959,0.087719,0.078229,0,0.190821,0.159933,0.217857,0.0647267
1026.65,-0.0225367,0.00524038,-0.0953642,-0.0711467,0.0368032,-0.0548168,0.0447331,0.0215406,0.00701231,0.117518,0.0366088,0.0851471,-0.0839234,0.0923223,0.116486,0.117326,0.0767391,0.17504,0.206976
1026.95,0.0375186,-0.22085,0.0428538,-0.0319095,-0.0103939,0.0845897,-0.192307,0.0867005,0.153559,-0.0562351,0.0205356,0.0627459,0.110617,0.0403029,0.168901,0.277046,0.154134,0.370729,0.13762
1027.24,0.071657,0.0293164,0.059203,0.118207,-0.0667873,-0.0275765,0.0300594,0.0832268,-0.0256574,0.0232207,0.0595792,0.0336666,-0.028172,0.0526694,0.0717519,0.025932,0.210416,0.156169,0.025706
1027.53,-0.12464,-0.252659,-0.10578,0.0277647,-0.229348,-0.169052,-0.127191,-0.0766651,-0.0755758,0.0230202,-0.0584463,-0.0340675,-0.114591,0.146034,0.00280237,0.221184,0.187398,0.164334,0.218805
1027.83,0.276662,0.0336586,0.114191,0.113865,0.131762,0.097595,0.169813,0.0410134,0.227172,0.0906363,0.146138,0.0423057,0.240854,0.194423,0.197452,0.300833,0.203796,0.20659,0.190388
1028.12,0.0362949,-0.0224176,0.377682,0.250052,-0.0486133,0.118796,0.0615056,0.0579154,0.253177,0.0947514,0.193448,0.194508,0.207128,0.240396,0.113235,0.131216,0.273515,0.311982,0.307217
1028.42,0.03684,0.0483965,-0.00382904,0.0987289,-0.0619212,0.130328,0.0499885,0.112915,0.0525423,0.0624997,0.0622895,0.0485479,0.0719706,0.123007,0.0857483,0.189112,0.160063,0.218655,0.140275
1028.71,0.19044,0.152854,0.122138,0.131601,0.0961497,-0.0158953,0.158302,0.0772316,0.11743,0.161846,0.15886,0.213053,0.0609416,0.0519863,0.271374,0.25875,0.284798,0.351201,0.150132
1029,-0.0191081,0.1369,0.0442839,0.098183,0.09152,0.0765591,0.0149746,0.0810999,0.153437,0.0659061,-0.00741053,0.25717,0.175655,0.194239,0.196272,0.153413,0.277492,0.201744,0.247857
1029.29,0.098972,0.0393709,0.0483492,0.0775229,0.111325,0.0713339,0.031007,0.0743939,0.0843695,0.0791776,0.0345294,0.122617,0.13093,0.121346,0.135663,0.10921,0.143014,0.17517,0.228914
1029.59,0.0464166,0.0313283,0.0530045,0.0453333,0.0199682,-0.0082164,-0.0240025,-0.0592648,-0.00701212,0.0202681,0.00350606,0.0585903,0.0128511,0.0765171,-0.0359696,0.0722503,0.118555,0.137108,0.124598
1029.88,0.0733554,-0.0980856,0.013894,-0.00485068,0.170027,-0.0118673,0.119977,0.0725081,0.0892371,-0.0253139,0.112206,0.106699,0.179388,0.0136799,0.129541,0.0482932,0.0998067,0.237366,0.213699
1030.17,0.150059,0.0715604,-0.0488113,-0.0484364,0.0371407,0.0117333,-0.0282639,-0.0150462,0.0847917,0.0410951,0.0847917,0.109123,0.118494,0.194482,0.10175,0.0534745,0.239077,0.259663,0.157641
1030.46,0.202694,0.0931136,0.194934,0.16187,0.101658,0.129286,0.160065,0.124953,0.254774,0.148642,0.132597,0.131538,0.253613,0.180875,0.247737,0.172663,0.335781,0.304505,0.272641
1030.76,0.148858,0.102459,0.0905171,0.052714,0.0246607,0.10266,0.128778,0.146584,0.113024,0.0935346,0.206311,0,0.0918831,0.215383,0.137208,0.21128,0.242082,0.215252,0.186421
1031.05,0.279102,0.213673,0.37925,0.0986613,0.0159458,0.228598,0.129997,0.214337,0.244504,0.223727,0.144394,0.207302,0.305138,0.118511,0.359202,0.34785,0.228754,0.466889,0.474029
1031.34,0.00218375,0.0444524,0.0243637,0.0528745,0.0885779,0.0773573,0.0624881,0.0866896,0.136492,0.0366725,0.0696758,0.173864,0.0583749,0.10696,0.0768122,0.192928,0.108458,0.118338,0.092901
1031.63,0.0222226,0.176055,0.209661,0.0378166,0.0552336,0.0550232,-0.064238,0.0658522,0.134816,0.0884875,0.0728637,-0.0173496,-0.0367433,0.15749,-0.00227368,-0.0467884,0.174271,0.127457,0.223324
1031.92,0.102546,-0.0729248,0.070221,0.160688,0.101013,0.129339,0.163199,-0.036123,0.104051,0.113635,0.0186513,-0.0172436,0.0115539,0.0848119,0.11869,0.212427,0.177698,0.0785521,0.261646
1032.22,0.0616854,-0.00241473,0.0451419,0.110098,0.0393356,0.130164,0.0782411,0.212044,0.0908389,0.190179,0.0916945,0.179428,0.136253,0.115603,0.0910236,0.155688,0.107414,0.191588,0.205538
1032.51,0.0348367,0.00431436,-0.0473692,0.0834398,0.0210399,-0.00437997,-0.0155367,-0.0400672,-0.02325,0.0376312,0.0625582,0.0950515,0.00869383,0.0562975,0.035032,0.0356498,0.0648368,0.136074,0.137387
1032.8,-0.159429,-0.0824541,-0.167272,-0.0345714,0.0157708,-0.00967833,-0.101892,-0.107087,-0.0891817,-0.0722684,-0.0776471,-0.0330097,-0.0428991,0.0092691,-0.0516812,0.156582,-0.0150663,-0.0214017,-0.0198641
1033.09,0.111494,0.0334816,-0.0305343,0.104659,-0.0104165,0.100352,0.11489,-0.002215,0.0256371,0.06843,-0.00636458,-0.0115855,0.0643628,0.0523576,0.0743475,0.128948,-0.028307,0,0.167641
1033.38,-0.174147,0.104524,0.0557492,0.00743129,0,0.0914049,0.104735,0.194943,-0.129166,0.100769,0.0115304,0.0462065,-0.00371565,-0.0190067,0.00723869,0.110247,0.16113,0.0538523,0.336631
1033.67,0.158097,0.0432174,-0.0406934,-0.00950507,0.0855109,0.00636253,-0.059356,-0.0223599,-0.0306275,0.0539862,0.190263,0.0615422,0.108085,0.0776685,0.0533213,0.167709,0.223143,0.350103,0.121416
1033.96,0.0824218,0.0576368,0.0660868,0.216357,0,0.114354,0.313947,0.059219,0.116964,0.0416001,0.213547,0.199132,0.211714,0.374797,0.305336,0.0865153,0.359833,0.366081,0.298137
1034.25,0.0397505,-0.0354793,-0.00209114,0.00218169,-0.081833,-0.052906,-0.132528,0.0191997,-0.0417968,-0.121424,-0.0685606,0.0191997,-0.0695115,0.00419057,-0.0257113,0.0461965,0.0528004,-0.0802184,0.127229
1034.54,-0.00982044,0.136064,0.0501626,0.0308832,-0.0796208,0.0594564,0.14175,0.0433201,0.0302983,0.10665,0.00414175,0.0411024,0.0522561,0.0180763,0.133035,0.215865,0.0753867,0.240754,0.304714
1034.84,0.0295078,0.0482581,0.00959495,0.0235121,0.102575,0.0568883,-0.00916624,0.0276789,-0.0403383,0.00981351,0.0651303,0.0623592,0.0658588,0.0806951,0.0975266,0.100052,0.122677,0.140843,0.0480684
1035.13,0.0335132,0.249876,0.199173,-0.0601051,0.198501,0.0506293,-0.022887,0.15116,0.0674444,0.143131,0.13791,0.219769,0.233387,0.223127,0.214165,0.147779,0.324271,0.243098,0.243626
1035.42,0.0938028,0.0193066,0.012507,0.0698401,0.0130337,0.00231352,0,0.163239,0.0728351,0.137728,0.0346252,0.0337613,0.0960415,0.164205,0.111549,0.153036,0.144669,0.147404,0.11348
1035.71,0.049031,0.0834852,0.119429,0.135778,0.0239026,0.167648,0.0952541,0.0478908,0.103363,0.115658,0.0348378,0.186774,0.248451,0.0913621,0.0662366,0.1593,0.234459,0.277659,0.151661
1036,0.0336309,0.0061875,-0.0338232,0.105309,0.0840113,0.0891,0.203926,0.0630708,0.0439225,0.0650979,0.131582,0.167177,0.119942,-0.0231859,0.155079,0.0622455,0.334361,0.232815,0.321495
1036.29,-0.223333,-0.30063,-0.101211,-0.0351911,-0.0541277,-0.192944,-0.170933,-0.165064,-0.251604,-0.118813,-0.125444,-0.134177,-0.0382365,-0.0208753,-0.0408565,-0.0162245,0.0706667,0.133931,0.140654
1036.58,0.064348,-0.0276505,0.103283,0.0960934,-0.0057502,0.193458,0.22042,0.0412782,0.0378062,-0.0328661,0.132711,0.183311,0.147307,0.214689,0.162492,0.16087,0.318639,0.234939,0.204425
1036.86,0.114455,0.0630865,0.0718878,0.164113,0.121438,0.118468,0.106992,0.188183,0.179548,0.0691772,0.147213,0.192385,0.220126,0.149188,0.108945,0.161853,0.244158,0.155081,0.307567
1037.15,-0.0194908,0.0283306,-0.0224657,-0.247847,0.0324404,-0.0799758,-0.0803067,-0.0789668,-0.0134592,-0.0475253,-0.0546516,-0.0709723,0.0560822,0.0165945,-0.0478529,0.0665464,0.0336725,0.16794,0.175262
1037.44,0.0884615,0.15067,0.0989104,0.0396789,-0.0875015,-0.105469,-0.00260065,-0.040358,-0.0939231,-0.120884,-0.0658258,0.00311385,-0.0772941,-0.0478332,0.0958553,-0.0113921,0.1827,0.174885,0.0726564
1037.73,-0.130329,0.0858666,0.0166405,-0.00629286,-0.134365,-0.291771,-0.112424,0.0718899,-0.0407849,0,0.0420311,0.184196,-0.0802715,0.1683,0.0763698,0.232836,0.102933,0.193096,0.248562
1038.02,0.0616602,0.0673089,0.0991285,0.102356,0.0527608,0.0813108,0.108943,0.0343332,0.0891045,0.124649,0.139792,0.0986299,0.0599482,0.123573,0.146223,0.188833,0.0470602,0.2223,0.204286
1038.31,-0.0792684,-0.365741,0.0720471,0.0874858,-0.111951,-0.0432585,-0.259286,0.0231277,-0.0987632,0.00982929,-0.201266,-0.0833406,0.0217462,-0.203189,-0.0618793,-0.0259234,0.0900031,0.300844,0.0297857
1038.6,-0.041596,-0.131204,-0.169296,0.0289395,-0.206673,0.223598,0.0462557,0.064188,0.0268015,0.0869245,0.147008,0.414602,-0.0928157,0.131237,0.114081,-0.00781967,0.150289,0.056702,0.258646
1038.89,-0.061051,0.0399408,0.199042,-0.0186957,-0.0690077,-0.13654,0.0365279,0.206201,-0.0711857,-0.11497,0.0918043,-0.0401436,0.103641,0.085495,0.120902,0.0778014,0.203236,0,0.225085
1039.18,0.236177,0.11114,-0.014989,-0.0161076,0.0183539,-0.00777528,0.0806474,0.124524,0.157028,0.01153,0.141325,-0.0843132,-0.0720846,-0.0387895,-0.00446692,0.279106,0.327913,0.179868,0.0701798
1039.47,0.0369007,0.0555398,0.0188635,-0.0302579,0.182554,-0.120336,0.135671,0.288284,0.0519566,-0.0733141,0.185818,0.0565469,0.0286045,0.086335,0.114732,0.416613,0.531722,0.439804,0.050377
1039.75,-0.0222291,-0.142742,-0.214772,-0.185203,-0.0327507,-0.143397,-0.0955413,-0.113512,0.00592223,-0.104768,-0.0592223,0,-0.0602728,-0.186361,-0.170699,-0.0558106,0.0620933,0.0235351,0.0645678
1040.04,0.0613909,0.189995,-0.00339574,-0.0235774,0.00684745,-0.0287593,-0.0243762,0.0890168,0.0429736,0.0575186,0.191729,0.180801,0.221163,0.138471,0.115323,0.143901,0.144652,0.392515,0.189995
1040.33,0.01433,-0.0197792,-0.221,-0.14007,0.0771875,-0.0696429,-0.0267956,-0.148901,-0.0645255,-0.20182,-0.0475662,-0.108807,0.035266,0.121383,-0.0280932,0,0.00706823,0.11431,0.203553
1040.62,0.0281696,0.144641,-0.0542139,0.0601636,0.136138,0.263695,0.0241982,0.0963529,0.0403765,0.123537,0.128778,0.243832,0.143647,0.181115,0.00689803,0.22328,0.180583,0.172451,0.120622
1040.91,0.0135,-0.0176,0.00295522,0.134601,0,0.0062199,0.128432,0.0548804,0.143,-0.100728,0.122055,0.0570892,0.0674043,0.108,0.0177313,0.0786383,0.106615,-0.0435697,0.123624
1041.19,-0.0124391,0.0568604,-0.0637469,0.0916393,-0.0156068,-0.0091704,-0.0464167,-0.0229469,-0.10642,-0.0843185,-0.0857208,0.120471,-0.14148,0.0591553,0.0723076,0.0899605,0.173869,0.146023,0.116276
1041.48,-0.118708,0.144402,0.105931,0.014278,0.0405016,-0.0997931,0.0347322,0.00697968,-0.0405016,0.0671803,0.0623856,0.0148537,0.036556,0.110828,0.101302,0.174659,0.0119472,0.0552558,0.162793
1041.77,0.1229,0.154729,0.0181632,0.014465,0.134833,-0.100478,-0.112076,0.00979481,0.00427125,0.0467702,-0.00930751,0.00432057,0.0864232,0.354359,0.232,0.237084,0.0956664,0.386176,-0.0991754
1042.05,0.159464,-0.166053,0.0979531,-0.102891,0.0135383,-0.128133,0.065492,-0.0179517,0.0433904,-0.0617448,0.0228915,0.094658,-0.0291657,0.322931,0.0612095,0.0746494,0.0648404,0.10443,0.308424
1042.34,0.275244,0.332107,0.178338,0.235243,0.296053,0.39807,0.184769,0.368558,0.151518,0.176942,0.301145,0.367661,0.274821,0.146334,0.312577,0.321508,0.347377,0.59012,0.503273
1042.63,0.364158,0.589423,0.209053,0.218143,0.501728,0.772455,0.500165,0.217837,0.449431,-0.254977,0.125432,0.419478,-0.0608155,0.460626,0.557476,0.68481,0.462632,0.494268,0.593211
1042.92,0.131282,0.0960063,-0.114598,0.0926957,-0.028681,0.0678398,0,0.222169,0.273728,0.111332,0.0587054,0.0240949,0.00267647,0.133526,0.00284771,0.173645,0.0789017,-0.0175692,0.201372
1043.2,0.47173,0.276239,0.347614,0.392843,-0.0378568,0.379045,0.37329,0.373234,0.544431,0.140542,0.543727,0.38137,0.554602,0.622763,0.186421,0.627429,0.660621,0.459333,0.651105
1043.49,-0.101238,-0.0955059,-0.0605873,-0.0594313,0.00305128,-0.0692462,0.0680648,0.0407413,-0.00606984,0.015134,0.107657,-0.0479164,0.072608,0.0669477,-0.014856,0.0989431,0.179827,0.0904281,0.0378489
1043.78,-0.0443449,-0.0821517,-0.156142,-0.21384,-0.0593122,0.0232238,0.0273328,-0.028856,-0.172446,0.0211829,-0.0748634,0.0561078,0.168443,-0.00362947,0.164933,0.20856,0.0730238,0.0490552,-0.043284
1044.06,-0.248804,-0.278553,-0.139397,-0.111467,0.0568516,-0.0759094,-0.244422,0.0559519,-0.282448,-0.063807,-0.317916,-0.0268698,-0.166296,-0.177527,-0.129009,-0.0535471,-0.00393845,0.00415472,0.0479178
1044.35,-0.109582,-0.0138774,-0.0634419,-0.101131,-0.0194111,0.0715145,-0.106663,-0.0598618,-0.0439815,-0.0434754,-0.0782462,-0.0839398,-0.0241459,0.0576923,0.0669044,0.0810201,-0.0769048,0.105169,-0.00279799
1044.63,-0.148145,0.162015,0.0733842,-0.0807088,-0.0284222,0.0337718,0.0256012,-0.0507713,0.029836,0.112692,-0.220212,0.162797,-0.132743,0.0245225,0.108111,-0.00734848,0.105999,0.0570961,0.164507
1044.92,0.0424742,-0.430555,-0.256556,-0.0296469,-0.0623787,-0.076915,0.166802,-0.17308,-0.151694,0.017119,-0.200499,0.151694,0.0403236,-0.0423331,0.0415283,0.221852,0.192594,0.0266909,0.135845
1045.21,-0.117823,-0.359566,-0.13789,0.0234461,-0.157098,-0.366562,-0.189091,-0.031057,-0.32133,-0.0604732,-0.163709,-0.0357927,-0.162618,-0.114581,0.0662707,-0.0241184,0.215025,0.133128,0.079165
1045.49,-0.897468,-0.624196,-0.550209,-1.10842,-0.69502,-0.485916,-1.10756,-0.36409,-0.284951,-0.833684,-0.325658,-0.504244,-0.519449,-0.634666,-0.873212,-0.320101,-0.311478,-0.331731,-0.342115
1045.78,-0.0143029,-0.0786049,-0.0792499,-0.0585111,0.00197015,-0.0533787,0.00920125,-0.0848628,0.0449608,-0.0608955,-0.108851,-0.0286533,-0.0681534,-0.00884486,-0.077429,0.0709896,-0.052615,-0.00663219,0.00395581
1046.06,-0.248522,0.207195,-0.118325,0.203729,-0.304301,-0.19522,0.0897846,-0.126189,0.111303,0.0669202,-0.0216856,0.232922,0.123722,0.187843,-0.0828553,0.173485,0.314028,0.221886,0.398783
1046.35,-0.115017,0.0420585,0.00594185,0.135441,0.187399,0.0575086,-0.0791474,0.272114,-0.00347035,-0.0601959,0.161024,0.0875863,0.157867,0.0831859,0.173365,0.0723704,0.199853,0.241245,0.219578
1046.63,-0.524041,-0.287863,0.0381207,-0.198167,-0.145507,0,-0.286312,-0.326393,0.0103714,-0.186249,-0.0514825,-0.284008,0.102262,-0.0496073,-0.16646,-0.381345,-0.11011,-0.167036,-0.150607
1046.92,0.145923,0.167698,0.17714,0.128106,0.205423,0.236145,-0.0734332,0.0972628,0.221394,0.105247,0.0353461,0.310769,0.308505,0.302688,0.12758,0.2757,0.124206,0.294811,0.253133
1047.2,0.0704553,0.0285577,0.0485481,0.324903,0.217189,0.0822665,0.0881638,0.155522,0.00515783,0.341524,0.274491,0.109625,0.166527,0.180907,0.238482,0.406339,0.139615,0.557809,0.286697
1047.49,-0.264516,-0.144291,0.00591813,-0.0798947,0.341936,-0.119528,0.177544,-0.148522,-0.0466053,0.364539,0.197143,-0.111329,-0.0267206,0.171996,0.122915,0.164022,0.0676032,-0.152787,0.16912
1047.77,0.147135,0.126159,-0.0942809,-0.0296266,0.0883505,0.124809,-0.0337772,0.138823,0.0798159,-0.0357771,0.102379,0.00655591,0.252484,0.017341,0.0512522,0.250243,0.0256515,0.203047,0.204623
1048.06,0.162881,0.110683,-0.108119,0.0727347,0.0112332,0.166744,0.142617,0.181014,0.114177,0.0915369,0.241109,0.310744,0.238041,0.210466,0.157434,0.12017,0.115714,0.232423,0.14966
1048.34,0.895614,0.624122,0.114792,0.268475,0.147847,0.148147,-0.372203,0.548948,0.0216626,-0.194964,0.155477,-0.19043,0.0792433,0.769593,0.898376,0.385689,0.846295,0.81009,0.561139
1048.62,-0.0140205,-0.181161,0.201326,-0.321415,0.0244612,0.219938,0.212328,0.0930691,0.0267367,-0.385264,0.103176,-0.0296309,0.226384,0.287419,0.235544,-0.0707494,0.411917,-0.0630921,0.213289
1048.91,0.0150555,-0.0922923,0.08347,0.107285,0.139078,-0.119663,-0.0702107,0.138776,-0.0580922,-0.0925172,-0.0394935,0.136488,0.0908351,0.317008,0.18167,0.0877633,0.0731299,0.150075,0.0464497
1049.19,-0.241516,0.0460242,-0.221366,-0.417434,-0.221143,-0.137077,-0.0266218,-0.169714,-0.354999,-0.0858106,-0.215247,-0.432771,-0.0743692,0.0403281,-0.34783,-0.0825637,-0.655332,0.0552558,-0.190162
1049.48,-0.508579,-0.234891,-0.480775,-0.512826,-0.356841,-0.704233,-0.643618,-0.506537,-0.33536,-0.357458,-0.300976,-0.125204,-0.501798,-0.275816,-0.629256,-0.36549,-0.0286742,0.109816,-0.353802
1049.76,-0.102378,0.267732,0.202718,-0.326842,0,-0.00692729,0.0526778,-0.0909516,-0.0501956,0.228844,0.0490263,0.0420499,0.141299,0.34819,0.119323,0.17413,0.485846,0.294899,0.480526
1050.04,0.107556,-0.0308208,0.00506512,0.120594,-0.142043,-0.0689541,-0.08712,-0.0249771,-0.0703567,0.042116,0.121587,-0.184629,-0.0126628,-0.0170824,-0.0560515,-0.0696754,-0.0310158,0.0491806,0.00902486
