wavelength_nm,8,12,16,20,24,28,32,36,40,44,48,52,56,60,64,68,72,76,80
349.501,-0.0536378,0.154412,-0.0320142,-0.225827,0.0538956,-0.0804567,0.157082,-0.0125301,0.0603028,-0.142309,-0.0732927,-0.305735,-0.10581,0.380634,0.0347426,0.118349,0.0651316,0.0774529,0.0280859
350.001,0.14074,-0.554188,-0.0642959,0.040185,0.622788,-0.521424,0.529928,-0.505767,0.0290863,-0.304796,-0.824511,-0.160415,0.458567,-0.301189,0.183015,0.0449953,0.0243351,0.226226,-0.236509
350.501,0.121579,0.0802703,0.032665,-0.032854,-0.0193575,0.053247,0.0984375,-0.12375,-0.0440891,0.0341379,0.00853448,0.00958065,0.0882558,0.118484,0.0780405,-0.00681193,0.00821577,0.150268,-0.113071
351.001,0.179451,0.0123968,-0.0964942,0.273387,0.164076,0.261788,-0.120154,-0.0561366,0.0188306,-0.196891,0.0619841,-0.453642,0.0548712,0.196518,-0.0591107,-0.121803,0.045726,0.101974,-0.138822
351.5,0.369965,-0.213718,0.488704,0.675373,1.40342,-0.659729,0.487551,1.19551,0.68884,-0.0422108,0.173103,0.209647,-0.648908,0.285882,-0.0967602,0.230967,0,0.663169,0.152868
352,-0.579857,-0.346104,0.452657,0.128282,0.142312,-0.0508827,0.137405,-0.337333,0.407821,0.345476,0.235552,1.0971,-0.298179,0.292318,-0.363,-0.0424813,0.769921,-0.2024,0.0157034
352.5,0.294959,0.101296,0.187464,0.421794,0.257053,0.349204,-0.0126419,0.205961,0.129695,0.258489,0.106085,0.179585,0.149947,0.169838,0.0526644,0.299895,0.243327,0.103976,0.426707
352.999,-0.0397819,0.101278,0.17498,0.0680479,0.0886567,0.115871,0.0977318,0.116693,0.0320149,0.108604,0.0272192,0.190757,0.177313,0.176169,0.0183881,0.028209,0.0995297,-0.0576269,0.0450433
353.499,-0.00808191,0.119941,0.0883531,0.204287,-0.243826,0.057565,0.099292,-0.196929,-0.477437,0.139009,-0.400987,-0.681678,0.0176706,-0.400406,0.21785,0,0.0849499,0.154015,-0.267815
353.998,0.14994,-0.150128,0.301171,0.438118,1.00658,-0.364181,0.745608,-0.0334937,0.404484,0.671458,0.327194,-0.14994,0.168,0.0593654,0.109722,0.201078,0.2646,0.320727,0.475404
354.497,1.05084,-0.100375,0.846467,-0.474892,-0.107067,-0.0779612,0.210761,0.996423,0.714886,0.299971,0.527222,1.01279,0.523696,0.193961,0.161678,-0.0581884,0.820269,0.205897,0.546259
354.996,-0.226502,0.339967,0,0.0781471,-0.286288,0.0678296,0,0.0574727,-0.231016,-0.146858,-0.0373307,-0.321335,-0.156809,-0.313712,0.0800766,0.389172,0.614483,0.362865,0.0641493
355.495,0.164374,-0.219964,-0.152883,0.08933,0.0810862,0.00654416,0.441014,-0.114968,-0.0387567,-0.0180426,0.0479032,-0.249038,-0.0827957,0.140561,-0.0532258,0.204465,-0.0105051,0.196325,0.112816
355.994,0.125689,0.0117586,0.32242,-0.10841,0.172416,0.0408733,0.0483376,0.0992637,0.146442,0.130829,-0.0334314,0.124323,0.292286,0.356108,-0.0266406,0.288983,0.213125,0.151014,0.0659392
356.492,0.0130014,0.00518834,0.0130977,0.00373982,-0.128129,0.0830914,0.0100924,0.0877076,-0.0959743,-0.0707274,0.0377818,-0.0608615,-0.020067,-0.0352356,-0.189033,0.0805185,-0.0824329,-0.181752,-0.0764546
356.991,0.640705,0.414337,0.341603,0.326689,0.412122,0.23127,0.0290887,0.0675094,0.100749,0.0919617,0.258261,0.604375,-0.103584,0.454117,0.189905,0.299465,0.281878,0.168109,0.522167
357.489,-0.234314,0.628997,-0.0147656,-0.875983,-0.0941576,0.649687,0.201008,0.195395,0.781579,0.435629,-0.0738281,-0.231736,-0.416466,0.0114989,-0.155614,0.24255,0.957434,-0.510469,-0.023625
357.988,0.0691727,-0.23928,0.216626,-0.178333,-0.147125,0.120966,0,0.0161676,0.0892378,-0.120853,0.127381,-0.364505,-0.181188,0.133623,-0.210179,0.0705115,-0.0138961,-0.124751,-0.128442
358.486,0.131353,0.240587,0.379985,-0.135425,0.203564,0.294562,0.152271,0.145526,0.0537715,0.124878,0,0.327094,0.209854,0.37729,0.183221,0.489176,0.101329,-0.331269,0.350511
358.984,-0.0144892,-0.00245536,-0.017673,-0.01225,-0.0162811,-0.00430592,-0.0106222,-0.0159585,-0.0232863,-0.00112969,-0.0123346,-0.0214975,-0.0116257,-0.0207205,-0.0126042,-0.00278986,-0.0167878,-0.00691298,-0.0157698
359.482,-0.0306842,0.0243669,0.08063,0.195377,0.170955,0.0439342,0.206023,-0.0117514,0.191963,0.0609919,0.00456459,0.301986,0.0340469,0.167792,0.0320699,0.0233784,0.0890832,-0.0652341,0.0774274
359.98,0.167808,0.0287946,-0.00407338,-0.0190867,0.0883644,-0.0344743,-0.368249,-0.217111,-0.158219,-0.0843478,0.0437577,0.18454,0.0932761,-0.218702,0.253495,-0.158553,-0.121373,-0.140147,-0.0356856
360.478,0.0628073,-0.0235527,-0.193918,0.0663077,0.127734,0.0711141,-0.0547649,-0.0373967,-0.107364,-0.0164395,0.0114106,-0.180109,-0.00497863,0.056034,-0.142887,0.016115,0.0572979,0.23134,-0.0933493
360.975,0.324272,0.148252,0.324883,-0.0944241,-0.335829,0.116689,-0.101418,0.0396855,-0.0556,0.0630529,-0.34444,-0.201064,-0.1379,-0.468161,0.0293389,0.233757,0.246617,0.0855718,0.263298
361.473,-0.437273,0.665388,0.699886,1.49278,0.165647,0.0139569,0.260106,0.284362,-0.354691,0.321009,-0.194344,-0.429176,0.31451,-0.282628,-0.0512448,0.483343,0.749354,-0.471765,0.293453
361.97,0.378591,0.497883,0.233341,0.880991,1.02083,0.559257,0.470039,0.351957,0.427558,0.886984,0.609391,0.673991,0.160575,0.268889,0.905463,1.2799,0.801981,0.428478,1.01343
362.468,-0.556372,-0.786595,0.640513,-1.23924,-1.53627,-0.418982,1.32957,-1.45704,-1.98704,-0.43644,1.06474,-0.867985,0.514539,-0.543125,-0.0444375,0.0678906,0.605966,0.133921,0.198167
362.965,-0.143658,-0.148681,-0.207092,-0.322143,-0.175714,-0.218814,-0.680079,-0.290487,-0.717349,-0.0655206,-0.204806,-0.119312,-0.0966429,-0.317029,-0.882722,-0.199638,-0.483214,0.1333,0.257714
363.462,-0.697091,0.0867778,0.265067,0.015165,-0.501664,0.067913,0.196366,0.176,0.183765,0.510458,0.129269,1.28487,-0.629463,0.4686,0.0233134,0.488125,0.587218,-1.00899,-0.281672
363.959,0.274451,-0.215213,-0.146778,0.0568274,0.05055,-0.1703,-0.365934,-0.325359,-0.130549,0.197317,-0.256932,-0.0798402,-0.285764,-0.122508,-0.270228,-0.107215,-0.183505,0.265497,-0.243464
364.456,-0.0384509,-0.0655812,-0.0198,0.0531667,-0.0633309,-0.214254,-0.0518855,-0.105322,-0.0867081,-0.139563,0.0284257,-0.181653,0.134578,0.139563,0.336644,-0.00353571,0.211103,0.187019,0.257783
364.953,0.0826387,-0.105176,0.220732,0.166529,0.341616,0.187152,0.287592,0.424814,-0.188632,0.110472,-0.0590276,-0.313185,-0.248562,0,0.0474156,-0.264793,0.197527,0.447848,0.134403
365.449,-0.0101608,0.00529255,-0.0458687,0.0102255,0.0251449,0.0211238,-0.0361482,-0.0471645,-0.13074,0.00539632,-0.0175135,0.0185596,0.0120405,-0.0093067,-0.0825,0.0443599,-0.0277075,-0.0329314,-0.0149838
365.946,0.168789,-0.16968,0.420305,0.0695242,0.161528,0.0122951,0.116804,0.25661,0.0491806,0.383023,-0.0175252,-0.00690698,0.279568,0.120282,0.13462,0.189838,0.052186,0.129665,0.42487
366.442,-0.0348055,-0.112039,0.0323298,-0.0554747,-0.0677093,-0.113449,0.128271,0.0362762,-0.0817261,-0.0364786,0.0128246,0.00742964,-0.0688529,0.0277943,-0.0887291,-0.112683,0.251888,-0.137706,0.0183972
366.939,-0.0694364,-0.227227,-0.0837576,-0.170962,-0.182097,-0.0740107,0.227851,0.23619,-0.174799,0.0781128,-0.382892,-0.0906363,0.182744,-0.0764105,0.0456212,-0.169749,0.105886,-0.12831,-0.290998
367.435,0.54092,0.360865,-0.152592,-0.25296,0.683493,0.222604,0.561908,0.00895898,-0.143344,0.501703,0.125863,-0.289705,-0.132999,0.200681,0.239399,0.410184,0.0684627,0.194208,0.0809471
367.931,-0.911429,-2.02416,-0.84825,-0.319,-0.519223,-0.0495,0.348961,0.233178,0.0552115,-0.703102,-1.31646,-0.943521,-0.329684,-0.381106,-1.08567,-0.579468,-0.568783,-0.580652,-0.487045
368.427,0.0484138,0.0970236,-0.039644,-0.149992,-0.00388913,0.0745904,-0.0470096,-0.0109729,0.224811,-0.104741,0.00646824,0.0179849,0.010908,-0.277655,0.0407392,-0.0653705,0.107734,0.051493,0.0955155
368.923,0.2565,-0.335577,-0.149154,-0.0798,0.277112,0.0957917,-0.154,0.0086682,0.17543,-0.337058,0.210112,-0.456814,0.103614,-0.112299,-0.0728129,0.078375,0.0582611,0.483947,-0.0563174
369.418,0.614062,-0.133576,-0.143365,0.10087,-0.0123279,0.319433,0.588055,-0.787136,0.677925,0.331123,-0.173974,0.333761,0.0111802,1.12516,-0.452107,0.246559,0.872913,0.472172,0.0800556
369.914,0.39427,0.484987,0.908482,0.311384,0.0422932,0.551989,0.505102,0.199317,0.108791,0.0822259,0.341897,-0.169838,0.360437,0.586368,-0.0175906,0.182882,0.292835,0.302046,0.134511
370.409,0.00341707,-0.00600992,0.126062,0.259652,0.0765196,0.0926458,0.0062946,-0.0090604,-0.0476922,0.118442,0.00930718,0.0373742,0.0579546,0.0607093,0.0612572,0.221589,0.0839869,0.0434435,0.0181208
370.905,0.0935867,-0.180046,-0.581538,0.539907,0.612232,1.22879,-0.0636696,0.392119,0.317769,0.651484,-0.128604,0.357135,0.857473,0.349546,0.0850477,-0.302077,0.220882,-0.368857,-0.354689
371.4,-1.33441,0.194774,-0.549857,-0.622144,-0.780989,-0.498623,-0.41448,-0.861108,-0.01113,-0.387703,-0.749882,-0.733617,0.263888,-0.545368,-0.163018,-0.45219,-0.247895,0.890768,-0.133833
371.895,0.154957,0.0154286,0.370286,-0.0793469,0.053594,-0.190556,-0.0286841,0.0698824,0.123846,-0.0901607,-0.20045,0.50598,-0.226286,0.0377143,0.0262783,0.09102,-0.0874601,0.0787624,-0.0157264
372.39,0.107838,0.335254,0.0551389,0.339271,0.235765,0.0612655,0.285438,0.0742121,0.308787,0.365383,0.205872,0.222756,0.124865,0.249058,0.215017,0.177597,0.0287518,0.404298,0.430957
372.885,0.0896337,-0.0501829,0.222292,0.23214,0.16613,0.0684253,0.228643,0.052648,0.0588419,0.10733,0.142429,-0.115278,0.183881,0.057395,0.266438,0.351349,0.226408,0.145879,0.12657
373.38,0.253776,0.38598,0.348583,0.0627449,0.363369,0.363369,0.223547,0.186741,0.22394,0.291498,0.180301,0.479853,0.296518,0.108539,0.404487,0.22345,0.227336,0.26696,0.310618
373.875,0.466535,0.801592,0.457255,0.064345,0.296341,0.554187,0.0596697,0.716682,-0.0681459,0.500535,0.0257722,0.413613,0.356709,0.137871,0.320586,0.678668,0.0158962,0.164074,0.654962
374.369,-0.072782,-0.190233,-0.115899,0.0781983,-0.609651,0.154559,-0.250848,-0.361146,-0.124262,-0.3618,-0.362556,0.0800602,-0.155057,-0.399961,-0.235867,0.0723989,-0.0650392,-0.318723,-0.166897
374.864,-0.226429,-0.0567646,-0.00543535,0.0668686,-0.349347,-0.0501815,-0.0628543,-0.169757,-0.279519,0.263364,-0.142096,0.423129,-0.0232671,0.148935,0.0349007,0.384304,0.0361229,0.335754,0.338611
375.358,0.206612,0.146512,0.37592,-0.0447904,0.0306873,-0.108265,0.0580367,0.0628716,0.235173,0.0963897,-0.0626533,0.112776,0.2356,0.266036,-0.0636172,0.0423572,0.391292,0.16319,0.261202
375.852,-0.0529561,-0.208816,-0.238689,-0.262643,-0.232543,-0.0992176,-0.193834,-0.264305,-0.176382,-0.178378,-0.239147,-0.159533,-0.161362,-0.19912,-0.230896,-0.110926,-0.123158,-0.165637,-0.135874
376.347,0.34897,0.321229,0.0945759,0.0333225,0.0648947,0.0833279,0.181196,0.240375,0.076011,0.0769226,0.26409,0.106603,0.162854,0.188033,0.17465,0.16448,0.165347,0.283134,0.120763
376.841,0.178346,0.498208,0.419883,0.237002,0.301833,-0.0230025,0.15662,0.199938,0.326143,0.663171,0.149237,0.385652,0.537521,0.424367,0.407435,0.213164,0.189803,0.360656,0.350216
377.335,0.117397,0.0827354,-0.037893,0.0510522,-0.0467666,0.00293219,0.0676293,-0.165536,-0.0159249,-0.0441582,0.145256,-0.19232,-0.023499,-0.0780965,0.00284197,-0.00533511,-0.0488538,-0.0280157,0.0525294
377.828,0.443364,-0.028938,0.302835,0.558696,0.149831,0.0535592,0.0960186,-0.18937,0.0560583,0.220705,0.250905,0.397797,0.166394,-0.254259,-0.0522686,0,0.26881,0.422192,0.424976
378.322,-0.119907,-0.0979121,-0.0877833,-0.352992,0.266966,-0.319355,-0.556875,0.3,0.503223,0.0488889,-0.455521,0.170799,-0.334371,0.00853448,0,-0.2772,0.556875,-0.180783,0.635502
378.816,0.0487454,0.0622355,0.0961225,-0.0074241,0.00900556,-0.0812424,-0.0773049,-0.123098,-0.0406625,-0.272749,0.0459646,-0.094427,0.0422761,-0.0842402,-0.167042,-0.0698138,-0.0245474,-0.0632116,0.310025
379.309,0.0116491,-0.147125,-0.0803307,0.0735194,-0.126549,-0.155321,-0.121722,-0.148155,0.0182641,0.0137879,-0.295786,-0.174013,-0.080613,-0.0235988,-0.381434,-0.183371,0.125158,-0.0237588,-0.0361747
379.802,0.0259299,-0.00877311,-0.0208116,0.0296285,0.0740468,0,0.0173708,0.0109363,0.00759211,0.0354374,0.0723782,0.0143988,0.0374021,0.022134,0.0130518,0.0394984,0.0314688,0.0332446,0.0252482
380.296,-0.0889557,-0.127182,-0.107134,-0.134348,-0.152016,-0.149194,-0.0555867,0.0329466,-0.0227856,-0.0700393,-0.163101,-0.0833801,-0.090787,0.0572001,-0.0457084,0.0633884,0.0716893,0.00694834,-0.0471279
380.789,-0.257459,-0.169794,-0.135208,-0.176672,-0.0951129,-0.178916,-0.266918,0.00744425,-0.0606289,-0.0990918,-0.178031,-0.12274,-0.202812,-0.087731,0.139157,-0.127432,-0.178304,-0.133002,-0.144374
381.282,-0.084635,0.0339258,-0.127719,-0.0490161,-0.0891852,-0.0580862,-0.0383335,-0.242793,-0.0983505,-0.228281,0.0155887,-0.115784,-0.0483303,-0.163367,-0.147831,0.0783953,-0.167227,-0.0782064,-0.0266655
381.775,-0.0857571,-0.298339,-0.194758,-0.0614528,-0.198258,-0.114223,-0.131683,-0.147876,0.05104,-0.0550351,0.0444542,-0.176677,-0.0813827,-0.169732,-0.0198685,-0.0842576,0.0266296,-0.119625,0.0636037
382.267,-0.16617,-0.049467,-0.265232,-0.0261519,-0.178787,0.0663738,-0.245514,-0.300083,-0.145576,-0.135536,-0.0408271,-0.155729,-0.305267,-0.0975289,-0.141677,-0.359141,-0.103937,-0.0920679,0.0574971
382.76,0.00856441,0.110027,0.01417,-0.0954404,-0.00944667,-0.0737747,0.171146,0.130675,-0.0348127,0.0303208,0.261527,0.15362,0.108195,0.0534335,0.110768,0.115038,0.171577,0.126625,0.22619
383.253,-0.0801348,0.0954441,-0.037004,-0.120614,0.080259,-0.00523517,-0.220186,-0.190216,-0.0906381,0.131901,-0.0911139,-0.0514668,0.164601,0.473278,-0.24361,0.284211,0.138342,0.244971,0.0493804
383.745,-0.0542373,-0.0796775,-0.108691,-0.0783176,0.093301,-0.105229,-0.0844228,-0.135158,-0.0137314,-0.135484,-0.0968895,-0.192418,-0.037135,0.00387129,-0.0342826,0.0495194,-0.0663528,0.0550963,-0.0890396
384.237,-0.0930974,-0.0165908,-0.0990292,-0.0924702,0,-0.081678,-0.0802378,-0.0512042,-0.0307367,-0.0762628,-0.0839699,-0.0208199,0.0681378,0,0.0258192,-0.00778836,0.135435,0.100066,-0.0381034
384.73,-0.0660344,-0.148119,-0.250931,-0.155616,-0.185875,-0.166157,-0.164499,-0.104554,-0.148857,-0.0600464,-0.0300876,-0.0945064,-0.0202363,-0.111344,-0.0555446,-0.178197,0.0918739,-0.164499,0
385.222,0.137283,0.210696,0.0100454,0.0937049,0.0834716,0.199904,0.131589,0.121769,0.212019,0.195505,0.084705,0.105213,0.219675,0.140958,0.0187076,0.10672,0.107528,0.297079,0.227281
385.714,0.102641,0.136583,0.105241,0.139116,0.0354678,0.101226,0.122166,0.210128,0.0194356,0.092367,0.152117,0.100928,0.0144729,0.0962609,0.138668,0.0806505,0.116559,0.183148,0.169395
386.205,-0.0138324,0.0759299,-0.0146015,-0.0696057,0.10047,0.0822736,0,0.125012,0.0751622,0.053439,-0.0386964,0.0326585,0.0813794,0.07347,0.178841,0.0100041,0.0929098,0.0795245,0.0194571
386.697,0.156141,0.288066,0.230135,0.3476,0.145507,0.114028,0.17464,0.0462281,0.0562781,0.14783,0.0374771,0.120323,0.314874,0.2288,0.215512,0.26201,0.157042,0.230386,0.30415
387.189,0.0569966,0.100581,0.0696226,0.179745,0.0733554,0.027986,-0.0323169,0.0879393,-0.0639081,0.0143245,0.0110922,-0.0305239,0.0294415,0.0995273,0.0735458,0.171706,0.141842,0.0906826,0.184702
387.68,0.0890384,0.138622,0.10754,0.0261652,0.0813103,0.111821,0.0828961,0.0929458,0.0637101,0.155283,0.100772,0.0972702,0.0703653,0.0885482,0.218369,0.0851188,0.150483,0.128189,0.0896044
388.172,0.0677935,0.00243139,0.141011,-0.0273188,0.0536174,0.148945,0.121452,0,-0.0897219,0.0943741,-0.0616476,0.0754824,-0.0682948,0.0668042,0.100394,-0.0114573,0.113459,0.0529851,0.0800451
388.663,0.18357,0.149411,0.194001,0.105251,0.0490719,0.172508,0.161211,0.144108,0.069727,0.136676,0.0517104,0.132913,0.0314717,0.0891,0.117986,0.110166,0.172143,0.0787999,0.190127
389.154,0.17915,-0.0330374,0.10994,-0.063831,0.158456,-0.0447611,0.0562492,0.134643,0.0314181,0.0364762,0.00774436,-0.0299302,0.120221,-0.0182636,0.100123,0.092636,0.063715,0.191759,0.199028
389.645,0.0387056,0.0724724,0.0620171,0.0901223,0.164989,0.0635747,0.0272638,0.0650882,0.0381693,0.0968695,0.0373022,0.0964457,-0.022819,-0.0775443,0.0674892,0.114529,0.120692,0.162336,0.139729
390.136,0.0861258,-0.0669971,-0.0215669,0.00624867,0.00924557,0.0213681,-0.0406495,0.0660965,0.103584,0.125791,0.0543772,0.0578732,0.0236306,-0.0362515,0.0484592,0.0471467,-0.0217931,0.13621,0.143175
390.627,-0.0455939,-0.0498893,0.0941788,0.0263451,-0.0250766,0.106416,-0.0659959,0.0787785,0.0239247,-0.00252638,0.0681514,0.0183612,0.0875928,-0.0712704,0.0555544,0.0201734,-0.0626191,0.0359506,0.0533308
391.118,0.0690523,0.0728632,-0.0232865,0.116635,0.0199242,-0.00151187,0.0101989,0.00833152,-0.00786631,0.0586915,0.0858005,0.101098,0.0653636,0.059794,0.0235591,0.117201,0.0524068,0.139728,0.145975
391.608,0.0354883,0.049015,-0.00923067,-0.0440435,-0.0995619,0.0559391,0.10801,-0.114927,-0.014775,-0.0375565,-0.0597489,-0.0208666,0.0345565,-0.0295028,-0.0263508,0.0464864,0.0382987,0.0571817,0.0427516
392.099,0.0685719,0.0806511,0.0917294,0.0291179,0.0651381,0.0681609,0.0338258,0.0225465,0.035248,0.0215255,-0.0623095,0.0563661,0.126285,0.12161,0.0760865,0.0852623,0.0464636,0.104206,0.0702236
392.589,0.0753846,0.0338702,0.0639627,-0.00762316,0.0404734,-0.0385855,-0.0194463,0.0208757,0.0733472,0.0430769,0.00604869,-0.0402382,0.00846754,0.021103,-0.0595722,-0.0543639,0.0659902,0.117628,-0.0365574
393.08,-0.0366957,-0.00872796,-0.0255038,0.0163366,0.0339343,0.0722465,-0.0364227,-0.00247407,-0.0399415,-0.0073873,0.0183532,0.0169449,0.00664565,-0.0105047,0.00894084,-0.00977314,0.0187325,0.0194555,0.0726108
393.57,0.054303,0.00504379,0.149215,0.0821526,0.0469971,0.171596,0.014545,0.0707926,0.145641,0.0390321,0.125778,0.0796854,0.0871554,0.106798,0.147951,0.0533318,0.0397343,0.176732,0.150994
394.06,-0.0338411,0.059641,0.00714515,0,0.117128,-0.00758621,0.0771391,0.111369,0.00718693,0.0374114,0.0867288,0.049986,0.0539631,-0.0465789,0.156414,0.149958,0.141656,0.0598169,0.100597
394.55,0,0.0485997,0.0714324,-0.034024,-0.0806102,0.00437274,-0.0252134,-0.0446118,0.0264075,0.0422098,0.00564786,-0.0152071,-0.00854472,-0.0176464,0.0364004,-0.0147491,-0.0109833,0.106036,0.0774793
395.04,0.0182752,0.011407,0.0231376,0.0962275,0.0768097,0.0338292,0.0584336,0,-0.00318538,0.0573083,-0.0203311,0.0663426,-0.031192,0.0673262,0.0853053,0.0578723,0.0334134,0.119755,0.0808751
395.529,0.123419,0.0607661,0.112256,0.032487,0.00972209,0.0422744,0.0378083,0.0399219,-0.00566549,0.0638949,0.0545632,-0.00438479,0.0190494,0.0305763,0.0188324,0.100855,0.144544,0.0820429,0.171007
396.019,0.0148276,-0.0302999,0.00159656,-0.0712385,0.0212202,0.0248781,-0.0994301,0.0366736,0.0415749,-0.0339433,-0.0785583,-0.0736485,-0.0300251,0.0017136,-0.037007,0.0745579,0.094011,0.0580749,0.0742369
396.508,-0.00346904,0.0629863,0.0394928,0.0172954,0.0109755,-0.0293469,0.0919909,-0.0109613,-0.0108485,-0.0480921,-0.15021,-0.00378653,-0.030874,0.00929125,0.114004,-0.00408923,0.0544137,-0.00562678,0.147641
396.998,-0.0448575,0.0875053,0.0118763,0.0286209,0.0392443,-0.0652327,-0.0222088,0.00422784,0.0658374,-0.0466732,-0.0355929,0.0325123,-0.00291079,-0.0243591,0.0175851,0.0451137,-0.0104057,-0.0113029,0.0433579
397.487,0.0868303,0.0415649,0.0138073,0.0295212,0.00786927,0.0394753,0.0881358,0.0148642,0.0644006,0.0500254,0.0581641,0.0226467,0.121908,-0.0194967,0.0140326,0.119302,0.0943596,0.148105,0.0676238
397.976,0.0650748,0.0806008,0.0410088,0.0305394,0.0197647,0.0659299,0.0240297,0.0948917,0.0344677,0.113735,0.0371622,-0.0054613,0.0167855,0.129265,0.025031,0.0512846,0.0696316,0.115266,0.130161
398.465,0.00718844,-0.00554424,-0.00109924,-0.00864406,0.0184682,-0.00758779,0.0120785,-0.0148426,0.0691087,0.0165423,-0.0224752,0.0685683,0.0217577,0.00210497,-0.00107251,-0.0171192,0.0307121,0.056541,0.0514968
398.954,0.0515879,0.0407641,0.0362734,0.0796781,0.131908,0.0869087,0.00247902,0.00727088,0.126572,0.0629135,0.103127,0.0253913,0.0439692,0.0616647,0.00966212,0.0568917,0.0621497,0.131661,0.134161
399.443,0.0204738,0.1267,0.0662805,0.0722736,0.0168326,0.0913459,0.0735533,0.0765149,0.0223246,0.0185313,-0.00295656,0.0925088,0.046832,0.0397062,0.0724504,0.0670231,0.144126,0.143264,0.109525
399.931,0.021453,0.0471048,0.0741862,0.0511134,0.0647506,0.0209281,0.0988298,0.0556752,0.0230177,0.069801,0.0637368,0.0681198,0.0366442,0.0599201,0.00296182,0.0758192,0.0523355,0.145797,0.0790474
400.42,0.0386964,-0.00348351,0.00341778,0.0137944,-0.040589,-0.0280087,-0.0114153,0.0305348,0.0367021,-0.0230174,-0.0208588,0.0435361,0,0,-0.0065807,0.0322996,0.0475538,0.0826734,0.0508409
400.908,-0.028837,0.00100475,-0.0532851,-0.0102596,-0.0344328,0.000984407,0.00937497,-0.018614,0.0140527,-0.0355071,-0.0303994,0.00938263,-0.00521364,-0.00503865,0.0453264,-0.0423704,0.0483453,0.0159817,0.0893591
401.397,0.0240177,0.115295,0.0631559,0.0675235,0.0807,0.0371087,0.0889306,0.0333794,0.0455945,0.079631,0.0269065,0.0491733,0.0330624,0.0307124,0.0217524,0.0897225,0.154879,0.0525108,0.126094
401.885,0.100428,0.064876,0.0774326,0.0915826,0.0938835,0.0800871,0.0619961,0.04766,0.095231,0.0235427,0.0683873,0.0822317,0.0498579,0.145363,0.0523865,0.0740485,0.0742248,0.138744,0.136608
402.373,0.0301668,0.0214035,-0.0026553,0.0500488,0.00372739,0.00780519,-0.0273064,0.0332828,0.00731947,0.0294842,0.00511803,-0.0128535,0.0190327,-0.00386343,0.0310044,0.0224399,0.0412555,0.0397322,0.0806358
402.861,0.0363115,0.0301858,0.0887379,0.0923033,0.0387806,0.0505467,0.0359901,0.0757886,0.0674215,0.0603717,0.0769652,0.0877587,0.0213667,0.0731983,0.0724364,0.0723701,0.0709216,0.0982623,0.116423
403.349,0.0214556,0.0158058,0.0151646,0.085375,0.0227286,0.0196782,0.0371597,0.00425397,0.0499587,-0.00829955,-0.036192,0.00653949,-0.0138855,0.00331982,-0.00834182,-0.013079,0.0507838,0.0416203,0.145502
403.837,0.0835519,0.0544928,0.0851345,0.0400467,0.00983151,0.00324161,0.0320946,0.00837852,0.0431494,0.0372431,0.0269252,-0.0178242,0.0129556,0.021665,0.00856563,0.0478202,0.0585016,0.112949,0.126828
404.324,0.0456499,0.105045,0.0799458,0.00735895,0.0441601,0.0302971,0.0181695,0.0594428,0.0432338,0.017918,0.0531713,0.0525675,0.0223531,0.0364941,0.0544544,0.074261,0.141541,0.108342,0.135728
404.812,0.0436771,0.0429045,0.00328601,0.019747,0.0417766,0.0205079,0.0590667,0.0392096,0.0241361,0.0616603,0.0217335,0.00894546,0.0464979,0.0598512,0.0561995,0.0731716,0.0799513,0.0869244,0.091803
405.299,0.0320482,0.0176958,0.0443337,0.0258691,0.0112869,0.0314013,-0.00354597,-0.00182546,0.0183455,-0.0245925,-0.00627862,-0.0139818,0.00969117,0.0240777,0.0475,0.0159503,0.0755754,0.0648349,0.0921122
405.786,0.0391355,0.0958416,0.0958266,0.0746777,0.075685,0.0617843,0.0682955,0.0912439,0.0504763,0.0669612,0.0750552,0.0759967,0.0460192,0.0672325,0.0821588,0.0975445,0.0805445,0.117728,0.104939
406.274,-0.0213972,0.0524483,0.0660448,0.0784263,0.023694,0.0614033,0.104846,0.0860439,0.0764421,0.062785,0.0710467,0.0455193,0.0198431,0.0525303,0.0589808,0.0773694,0.0990048,0.120153,0.117466
406.761,0.0998796,0.0531617,0.101535,0.0892882,0.0557337,0.0707497,0.0727155,0.14689,0.0622855,0.0713481,0.0684592,0.0626147,0.0783705,0.0789025,0.129369,0.0984829,0.0892837,0.136613,0.154544
407.248,0.0584123,0.0206135,0.0426848,-0.00384651,0.0358631,0.0400886,0.0445294,0.0217191,0.0510097,0.0148576,0.0304377,-0.0103516,0.0169958,0.0326474,0.0311076,0.0482977,0.0650296,0.0748167,0.0837473
407.734,0.0555212,0.0406537,0.0868086,0.0218973,0.0496119,0.0527052,0.0398744,0.0114612,0.0383335,-0.00720278,-0.010814,0.0285153,0.0124542,0.0111885,0.0482532,0.0455983,0.0625603,0.109256,0.1499
408.221,0.078347,0.0767687,0.0934444,0.077776,0.0801607,0.0839156,0.0766131,0.0945298,0.0786137,0.0455806,0.051314,0.0880932,0.0991349,0.112119,0.127853,0.0853827,0.113703,0.148198,0.200115
408.708,0.0370591,0.0389128,0.0878385,0.0761871,0.0881493,0.0466114,0.05048,0.0296107,0.0678129,0.038068,-0.00231022,0.0218688,0.0170601,0.0572269,0.0792907,0.088391,0.0450363,0.0737154,0.0911153
409.194,0,0.0432301,-0.00945017,-0.00691018,-0.00981594,-0.0261182,0.00935186,0.044166,0.0210812,-0.0262509,-0.00357133,-0.0396633,0.0247855,-0.0355439,-0.0145866,-0.00955057,0.0267843,0.0599596,0.0906411
409.681,0.0783229,0.0924151,0.0635273,0.0931648,0.054147,0.0657452,0.0296254,0.065846,0.0483448,0.0378281,0.0555358,0.0340265,0.0682742,0.0558297,0.0445434,0.0723288,0.0913074,0.135536,0.166321
410.167,0.0707783,0.0348248,0.0412898,0.0131592,0.0598391,0.0403374,0.044143,0.0468446,0.0606705,0.046083,0.0267897,0.0432835,0.0382569,0.0435488,0.0184651,0.0898926,0.0716009,0.106516,0.132978
410.653,0.017544,0.0178435,0.0382301,0.00213732,-0.0162476,0.0295448,0.0198998,0.0170674,0.0163861,0.00994388,0.016588,0.0430023,-0.0174598,0.0358029,0.0382096,0.0657366,0.0548903,0.0434068,0.0997414
411.139,0.0465261,0.0077865,0.050356,0.0282546,0.0309928,0.0122031,0.0136516,0.00568233,0.037658,0.012463,0.0297636,0.0109891,0.0153303,0.0484123,0.023879,0.0572421,0.066865,0.0636945,0.0753555
411.625,0.0494795,0.0528193,0.0759531,0.0211539,0.0492365,0.0249079,0.0497027,0.034752,0.0430176,0.043023,0.0500893,0.0431004,0.0333856,0.0332673,0.0339522,0.0610059,0.0784352,0.0832138,0.105664
412.111,0.0449241,0.0333351,0.0885116,0.0253636,0.0442638,0.0363384,0.039627,0.051912,0.0303518,0.0331023,-0.00200127,0.0308589,0.0401863,0.0171785,0.0431879,0.0588049,0.0626853,0.0985602,0.116541
412.597,0.0400544,0.0262275,0.0429043,0.03956,0.0440751,0.0387597,0.0104196,0.0245034,-0.0116871,0.0354213,0.0340641,0.0213708,0.0166512,-0.0100583,0.0119044,0.0548346,0.0686753,0.0717114,0.110211
413.082,0.0566167,0.0492733,0.0279823,0.0389825,0.0523815,0.0592635,0.0553772,0.0259377,0.0266676,0.0574036,0.0427634,0.049066,0.0417484,0.037472,0.0524699,0.0563395,0.0903444,0.0961161,0.103021
413.568,0.0396203,0.0567958,0.0378065,0.0689096,0.0503427,0.0430563,0.0502916,0.0372827,0.05619,0.0341827,0.0350153,0.0247737,0.0414701,0.0570486,0.0107075,0.07401,0.0668366,0.126391,0.138643
414.053,0.0762721,0.0375156,0.0668206,0.0551414,0.023822,0.0760256,0.0508221,0.054421,0.0133545,0.0503499,0.0675388,0.00746128,0.0492123,0.0277112,0.0362569,0.0740328,0.0638688,0.12257,0.100543
414.538,0.0427179,0.0906641,0.0740518,0.085501,0.0686989,0.0797911,0.0841189,0.0588962,0.0863946,0.0373536,0.0581218,0.0752876,0.0729996,0.0625045,0.0504936,0.0802689,0.112313,0.102658,0.146645
415.023,0.0575065,0.0652624,0.0644597,0.0669533,0.0818216,0.0741322,0.0449369,0.0482104,0.0533073,0.0317317,0.0381632,0.0161888,0.0682814,0.0661257,0.0642245,0.0704602,0.0923075,0.117349,0.111577
415.508,0.0372862,0.0314984,0.076996,0.0752043,0.0652073,0.0762927,0.0635722,0.0227322,0.0475564,0.0529908,0.0526655,0.0515319,0.0627201,0.0531564,0.0855013,0.0731195,0.076055,0.111088,0.119864
415.993,0.0861913,0.0562158,0.0664531,0.0771833,0.0306431,0.0761581,0.0408959,0.0172194,0.036872,0.0874082,0.0646544,0.0508286,0.0694927,0.0471132,0.0690325,0.0603549,0.0405461,0.109783,0.140485
416.478,0.0225624,0.0569358,0.0403036,-0.00597872,0.0095198,-0.0029451,0.0256353,0,0.00175866,0.0209348,-0.00643925,0.00412709,0.0046347,0.00941983,0.0301842,0.027225,0.0811453,0.0666076,0.114939
416.963,0.069105,0.0628831,0.0568489,0.0501994,0.0599817,0.0451002,0.0443795,0.0686881,0.0311975,0.0444314,0.0416788,0.0490823,0.0499848,0.0726111,0.0651464,0.0620862,0.0801453,0.112162,0.106847
417.447,0.0139679,0.0688125,0.0303755,0.0137504,0.0198683,0.0295766,0.0148852,0.0195722,0.0206188,0.0314525,0.0164468,0.0449381,0.0171677,0.0184496,0.02515,0.0527926,0.0733921,0.0618898,0.0539847
417.932,0.0323776,0.0565086,0.0198718,0.043797,0.057982,0.0568667,0.0230382,0.0391463,0.0212597,0.0072207,-0.00388457,0.00532445,0.0235868,0.0228353,0.0641847,0.0722801,0.0757608,0.0968846,0.128212
418.416,0.0347638,0.0634492,0.0290998,0.0294772,0.0345158,0.0183915,0.0592626,0.0239551,0.0191993,0.0174418,0.0372723,0.00418504,0.0220507,0.0312925,0.0518664,0.0603865,0.078306,0.0948946,0.108754
418.9,0.0255267,0.0607894,0.0424158,0.0397244,0.0270825,0.0456445,0.0263065,0.0353473,0.020743,0.0418476,0.034448,0.0331555,0.0274172,0.0458219,0.0409927,0.0467031,0.0809227,0.0882524,0.113854
419.384,0.0183532,0.0364908,0.0423749,0.0382596,0.0117419,0.0289758,0.0176035,0.0229323,0.0109036,0.00437129,0.0482418,0.0400284,0.00581414,0.0306704,0.0384173,0.046902,0.0725837,0.0821883,0.116558
419.868,0.0482766,0.0278458,0.0191839,0.0140261,0.0375488,0.0327054,0.0175005,0.0114085,0.0394133,0.0190616,0.027107,0.0178998,-0.00754628,0.0256515,0.0488533,0.0503983,0.0909075,0.0878463,0.100546
420.352,0.0638424,0.0714755,0.0718117,0.042589,0.0603783,0.0590581,0.0507374,0.0528971,0.0325433,0.0526308,0.0548297,0.0495148,0.0381109,0.060109,0.0707453,0.073892,0.0821668,0.0989285,0.121017
420.836,0.0564768,0.0272753,0.0729287,0.0298602,0.052505,0.0527931,0.0575958,0.0356564,0.0586679,0.0449653,0.0464347,0.0374798,0.0170734,0.0676574,0.0628251,0.0511802,0.0747833,0.101255,0.116957
421.319,0.0643439,0.0695519,0.0445202,0.0473364,0.0822299,0.0821259,0.0616469,0.0590193,0.061891,0.0315146,0.0617323,0.0264718,0.0244135,0.0643987,0.0579756,0.0682693,0.0936902,0.0909191,0.129017
421.803,0.068575,0.0942147,0.0639138,0.0645845,0.050087,0.0850957,0.0690808,0.0668373,0.0822406,0.0730855,0.0715785,0.0543424,0.0656143,0.0569068,0.0902293,0.0918208,0.11107,0.135599,0.15109
422.286,0.0777921,0.080032,0.0569928,0.0771664,0.0522454,0.100884,0.0695337,0.0851123,0.0718057,0.0549631,0.0808396,0.0464739,0.0526498,0.075977,0.0758595,0.0897947,0.0913031,0.0855256,0.135445
422.77,0.0689166,0.0524009,0.0471224,0.0171157,0.0552442,0.0405625,0.0205881,0.0456029,0.0361896,0.033777,0.0508645,0.0564768,0.0295992,0.0273517,0.0515077,0.0622626,0.0775779,0.0990004,0.110114
423.253,0.0555167,0.0500783,0.0492382,0.0572969,0.0254458,0.0500672,0.0391,0.0322019,0.0409143,0.0310154,0.047757,0.0413063,0.0424708,0.0336547,0.068994,0.0712165,0.0595723,0.112826,0.123903
423.736,0.0556931,0.038142,0.053617,0.0583589,0.0563397,0.0643034,0.047341,0.0368675,0.0258531,0.0365347,0.0293759,0.0319728,0.021693,0.0413935,0.0568488,0.0611518,0.0943339,0.0889568,0.117753
424.219,0.0515319,0.0642802,0.045027,0.0500749,0.027524,0.054038,0.0634694,0.0551903,0.037093,0.0519138,0.042768,0.0502985,0.0354851,0.0358276,0.0550837,0.0746153,0.082171,0.128257,0.120337
424.702,0.0115732,0.0293894,0.0341051,0.0292102,0.0125221,0.027735,0.00576571,0.0195854,0.020166,0.0125241,0.0308619,0.0148551,0.0118824,0.0194526,0.0162778,0.0483381,0.0479006,0.0566714,0.0882661
425.184,0.0229874,0.0278403,0.020319,0.0148531,0.0354583,0.0365867,0.0432386,0.0082328,0.0258844,0.00684526,0.0184912,0.0292423,0.0064689,0.0171089,0.0401202,0.0372088,0.0761859,0.0636641,0.115996
425.667,0.0471062,0.0421167,0.0472523,0.0390852,0.0259316,0.0399489,0.0250042,0.0338841,0.0365127,0.0186189,0.029069,0.0377284,0.0229808,0.0371385,0.0409417,0.0655484,0.0496207,0.0776963,0.108029
426.149,0.0454475,0.0478264,0.040888,0.0485159,0.0321135,0.024205,0.0320815,0.0585244,0.0295936,0.023509,0.0406777,0.0220092,0.0525955,0.0489101,0.054314,0.0860597,0.0837695,0.112511,0.121094
426.632,0.0753239,0.0513029,0.0554955,0.0646181,0.0378022,0.0553645,0.0512487,0.0627143,0.0571231,0.0363254,0.0388984,0.0383612,0.0583851,0.0707946,0.0565619,0.0664961,0.0905721,0.112627,0.125755
427.114,0.0420305,0.0342647,0.0299447,0.0316297,0.0383375,0.0227631,0.0421916,0.0230025,0.0349891,0.0374293,0.0379083,0.0299998,0.0375712,0.0218598,0.043153,0.0441614,0.0820678,0.0886485,0.117974
427.596,0.0524463,0.0132404,0.0494538,0.0465647,0.052988,0.0467531,0.027824,0.0301681,0.0564482,0.0357426,0.0396098,0.0375897,0.0454743,0.0479272,0.0622047,0.0464478,0.0636967,0.0868797,0.117763
428.078,0.0207091,0.0369177,0.0476331,0.0313387,0.0300829,0.0382884,0.0209604,0.0155749,0.0149019,0.00762907,0.0322718,-0.00594591,0.0216524,0.010256,0.0275044,0.0588427,0.0597672,0.0779244,0.082166
428.56,0.0335981,0.0299751,0.0376321,0.051744,0.0389394,0.043816,0.025894,0.0262925,0.0218179,0.0345317,0.0448318,0.0173366,0.0322397,0.0385938,0.0591357,0.0517793,0.0615358,0.0898038,0.115969
429.042,0.034277,0.040413,0.0226483,0.0550868,0.044192,0.0345591,0.0261066,0.0265,0.0587016,0.0298936,0.0266027,0.0378614,0.0271621,0.0383209,0.0408516,0.0647988,0.0837045,0.0881464,0.117765
429.524,0.0478435,0.037293,0.0330961,0.0508533,0.0359225,0.0323754,0.0273429,0.0369503,0.0511037,0.0328566,0.0206697,0.0307322,0.0429987,0.0466187,0.0505221,0.0376766,0.084703,0.100379,0.105707
430.005,0.0554103,0.0435169,0.0406218,0.0543352,0.0410004,0.0492008,0.0350715,0.0308223,0.0421827,0.0469067,0.0341073,0.0356336,0.0415214,0.0368599,0.0517661,0.0340757,0.0716388,0.0777282,0.121293
430.487,0.0436359,0.0520575,0.0569437,0.0381431,0.0507704,0.0400103,0.0269541,0.0403253,0.0337452,0.0327329,0.0446179,0.0324593,0.0424611,0.0568227,0.0456599,0.0733748,0.0707067,0.0836975,0.113914
430.968,0.0474242,0.0571252,0.0359181,0.0492773,0.0463382,0.0534866,0.0462438,0.0515556,0.0367184,0.027484,0.0465731,0.0310571,0.0355418,0.0312062,0.0418333,0.0606751,0.0781729,0.0835708,0.110068
431.449,0.0510652,0.0634745,0.0640297,0.0648552,0.0564656,0.0643483,0.0557919,0.0417333,0.0523389,0.0577149,0.0604854,0.0352067,0.0566078,0.0448537,0.0559939,0.0751667,0.0928912,0.106801,0.135957
431.93,0.0578773,0.0456694,0.044159,0.04606,0.0275981,0.038098,0.060989,0.0446085,0.0439765,0.0589136,0.0201357,0.0217986,0.0370214,0.0471447,0.0466999,0.0757683,0.0727004,0.0857248,0.118633
432.411,0.046009,0.0748103,0.04152,0.0409488,0.0596317,0.0364905,0.0520913,0.0501864,0.0352684,0.0428032,0.0375417,0.0418196,0.0396856,0.0461521,0.0635354,0.0775066,0.100798,0.0899776,0.117981
432.892,0.0320384,0.0248144,0.0230376,0.0189594,0.0227131,0.0211091,0.022561,0.00744718,0.0318127,0.0124912,0.0191086,0.0341333,0.00295608,0.00910442,0.0230194,0.0316732,0.0705133,0.0676366,0.0996348
433.373,0.0413418,0.0436334,0.0522311,0.0474063,0.0597394,0.0390454,0.0640894,0.0416845,0.0406365,0.021219,0.042673,0.0393614,0.0400572,0.0401062,0.0517639,0.0646116,0.0780717,0.0912356,0.113362
433.854,0.0404094,0.0623696,0.0508874,0.0328229,0.0436587,0.0509317,0.0370239,0.0430344,0.0200055,0.0431823,0.0318624,0.0400408,0.0293438,0.0389066,0.0413586,0.051986,0.0837644,0.093949,0.128316
434.334,0.014055,0.0345511,0.0368719,0.0298776,0.0348072,0.0326583,0.0309005,0.0268275,0.025596,0.027704,0.000569939,0.0304036,0.030446,0.0244119,0.0411147,0.0349987,0.0446451,0.0883315,0.0989716
434.814,0.0689355,0.0531892,0.0548042,0.0501553,0.0661047,0.0637744,0.0563379,0.0440298,0.0540122,0.0599965,0.0413958,0.0382326,0.0570194,0.0530022,0.0577309,0.0794842,0.0991391,0.120209,0.123879
435.295,0.0469573,0.0587675,0.0317815,0.0359261,0.0387843,0.0379682,0.0435388,0.0352792,0.0440505,0.0461874,0.028469,0.0300542,0.0368061,0.0365238,0.068233,0.0666466,0.0741889,0.100189,0.122039
435.775,0.0404028,0.0593832,0.0482685,0.0405382,0.0416136,0.0418015,0.0519412,0.0457848,0.0346165,0.0314647,0.0206026,0.0419157,0.0422022,0.0332477,0.043709,0.0772553,0.0751013,0.0926964,0.119878
436.255,0.0592695,0.0576261,0.0424876,0.0405715,0.032976,0.0480571,0.0502668,0.0469767,0.0418426,0.0349302,0.0366075,0.0400394,0.0395152,0.0231113,0.0352311,0.0736421,0.0796101,0.119333,0.117673
436.735,0.0424449,0.0475402,0.0312011,0.0425907,0.0524312,0.0433464,0.0389375,0.0334072,0.0378044,0.0380541,0.0321548,0.0343174,0.0310683,0.0330006,0.0420103,0.0525073,0.0631629,0.0881134,0.109995
437.215,0.0432219,0.0393727,0.0298923,0.0594792,0.0409141,0.0498398,0.0421398,0.0385665,0.0399908,0.0492814,0.0229802,0.0377727,0.0583065,0.0634546,0.0429203,0.0493164,0.0856351,0.100958,0.108018
437.695,0.0377094,0.0243477,0.0307232,0.0439555,0.0382181,0.0430798,0.0422429,0.0346578,0.019774,0.0270415,0.040412,0.0132841,0.0328698,0.0473282,0.0327232,0.0473392,0.0685537,0.0911885,0.100892
438.174,0.0287172,0.0410955,0.0324824,0.0244213,0.0392383,0.0252131,0.0163822,0.0210263,0.0342938,0.0240248,0.0138306,0.0411813,0.0354279,0.0311415,0.0410986,0.0511705,0.0592877,0.0719226,0.0837468
438.654,0.0322896,0.0252863,0.0354337,0.0355417,0.0289373,0.0421836,0.0205949,0.0364263,0.0296635,0.0290398,0.0317516,0.00536942,0.0177308,0.0367653,0.039709,0.0490704,0.0612744,0.0933856,0.0990859
439.133,0.0371522,0.0319964,0.043186,0.0327685,0.043899,0.0384003,0.029723,0.0312179,0.0324296,0.0236241,0.0182218,0.0237678,0.0275309,0.0367239,0.0464103,0.0591842,0.0666406,0.0825855,0.110145
439.612,0.0518564,0.0503165,0.0567765,0.06215,0.0445187,0.0415972,0.0408059,0.0413513,0.0517748,0.04942,0.0413197,0.0387782,0.0536346,0.0476788,0.0537597,0.0622558,0.080623,0.110605,0.130264
440.091,0.0496691,0.0383538,0.0401875,0.0427541,0.0389202,0.0386029,0.0476459,0.0392126,0.0474319,0.0359313,0.0406669,0.0351748,0.041953,0.0383521,0.0358207,0.0600193,0.0661032,0.0920908,0.116249
440.571,0.0442891,0.0486809,0.0299784,0.0435132,0.0452185,0.0308073,0.0453987,0.0423668,0.0417157,0.0308321,0.0413993,0.0298778,0.0348598,0.0405663,0.0544159,0.0458739,0.0524538,0.0883322,0.104409
441.049,0.0482087,0.044396,0.0381328,0.0437688,0.0585226,0.0422442,0.0412038,0.0453176,0.0514222,0.0329796,0.0391833,0.0502291,0.0471555,0.0431944,0.05616,0.0525379,0.072266,0.0978657,0.120425
441.528,0.0418311,0.0378342,0.0463517,0.0451114,0.0459897,0.0402917,0.0303334,0.0228742,0.0366659,0.0367395,0.0308548,0.0269425,0.0405326,0.0478973,0.0566725,0.0426145,0.0759661,0.0983129,0.119655
442.007,0.0458504,0.0437658,0.0376087,0.0351727,0.0562102,0.0286087,0.0407724,0.0403067,0.0379478,0.0360715,0.0419797,0.0432925,0.0358954,0.0412609,0.0433785,0.0655005,0.067492,0.0926474,0.110219
442.486,0.0546568,0.0521864,0.0408537,0.0419317,0.0491659,0.0532409,0.034004,0.0354462,0.0315222,0.0265273,0.0460565,0.0300238,0.0524512,0.0275428,0.0546677,0.0604639,0.0693934,0.0838398,0.125711
442.964,0.0606659,0.0601556,0.0521407,0.0609045,0.0481795,0.057599,0.0537334,0.0516554,0.051475,0.0478575,0.0477364,0.0339555,0.0392294,0.051356,0.0604316,0.0506907,0.0798484,0.112259,0.126849
443.442,0.0356379,0.035694,0.0282412,0.0323562,0.025371,0.0349945,0.0321487,0.0310913,0.0258615,0.0315653,0.00610595,0.0128031,0.0282255,0.0198657,0.0457147,0.0413505,0.0577555,0.0927162,0.101748
443.921,0.0541566,0.0443524,0.0369038,0.0357623,0.0338609,0.0282677,0.0384198,0.0297607,0.0435022,0.0380064,0.040503,0.024445,0.0432432,0.0244403,0.0334002,0.0608106,0.0735316,0.0971071,0.114847
444.399,0.0476687,0.0324016,0.0457571,0.0494538,0.0372062,0.0448809,0.0355533,0.0371989,0.0299631,0.036626,0.0401524,0.019731,0.0336666,0.0373102,0.0498417,0.0511051,0.0673401,0.0830957,0.109334
444.877,0.0616677,0.0605978,0.057163,0.0512575,0.0479791,0.0397496,0.0361608,0.0377573,0.0517744,0.0380936,0.0361405,0.0426679,0.0367931,0.0452005,0.0582842,0.0566041,0.0640673,0.0991721,0.117445
445.355,0.033635,0.0343562,0.0417335,0.0283569,0.0334198,0.0351309,0.0206021,0.0234483,0.0174076,0.0196174,0.0137728,0.0233442,0.0260968,0.0377597,0.0395005,0.0436168,0.0585113,0.0738504,0.0982735
445.832,0.0541858,0.0493284,0.0469285,0.0439682,0.0390321,0.0443516,0.0378895,0.0382864,0.0357452,0.0370461,0.037928,0.0434738,0.0425791,0.0413425,0.0528193,0.056127,0.0727003,0.101124,0.117751
446.31,0.0408742,0.058541,0.0573327,0.0342104,0.0471408,0.0444983,0.0383648,0.0444258,0.0439745,0.0290328,0.041285,0.0361217,0.0335837,0.0426918,0.0539432,0.0593069,0.0617386,0.0995578,0.113017
446.788,0.0594631,0.0540041,0.0498533,0.0564841,0.0425783,0.0525907,0.0454559,0.052958,0.0384218,0.0458209,0.0476414,0.0504991,0.037232,0.0377855,0.0499413,0.0546946,0.0828768,0.0945958,0.11137
447.265,0.0398032,0.0364368,0.0412404,0.0421876,0.0329316,0.0383421,0.0310459,0.0258428,0.0245031,0.0356029,0.0353399,0.0268918,0.0265914,0.0309982,0.0409683,0.0532306,0.0664189,0.0887269,0.11189
447.742,0.0376354,0.0448068,0.0424065,0.0458224,0.0470553,0.0394705,0.0292227,0.0434994,0.0281756,0.0449989,0.033787,0.0342269,0.030204,0.0441219,0.0532737,0.055259,0.0828524,0.0855446,0.121248
448.219,0.0365314,0.0373922,0.0243455,0.0257156,0.0256938,0.0320846,0.02912,0.0191726,0.022986,0.0191726,0.025606,0.0228589,0.0275079,0.0239593,0.0424045,0.049307,0.0649213,0.0690831,0.10576
448.697,0.038285,0.0316346,0.0410829,0.0398559,0.0355763,0.041831,0.0291927,0.0271981,0.02867,0.0318981,0.0420279,0.0251766,0.0355,0.0314831,0.0445007,0.0591203,0.0626018,0.0819612,0.119732
449.173,0.0536434,0.0537969,0.0533938,0.0509104,0.0514239,0.0528172,0.0361474,0.0579396,0.0424187,0.0466369,0.046804,0.0494058,0.0493876,0.0610878,0.0602356,0.0675819,0.0801917,0.103595,0.131085
449.65,0.041363,0.0409923,0.0599751,0.0518584,0.0352695,0.0419251,0.0500282,0.0421293,0.0306633,0.0342656,0.0330107,0.0324395,0.0449667,0.0462575,0.0442241,0.0719197,0.0626022,0.0960756,0.105879
450.127,0.0390412,0.0516316,0.0488841,0.040177,0.0488909,0.0445825,0.0454894,0.029896,0.0374735,0.0433737,0.0263328,0.0405687,0.0398458,0.0460118,0.0581816,0.0552361,0.0739201,0.0904153,0.118125
450.604,0.0545438,0.0495823,0.0541928,0.0543336,0.0455822,0.0501982,0.0533382,0.0406868,0.0398048,0.0370629,0.0436793,0.0280414,0.0403413,0.0366259,0.0447857,0.0587381,0.0739896,0.100452,0.118489
451.08,0.0427414,0.0616596,0.048952,0.0446223,0.0499269,0.0471645,0.0478222,0.0376483,0.048872,0.0375887,0.0408673,0.0374927,0.0443244,0.0538488,0.0576644,0.0606979,0.0765649,0.102091,0.121925
451.557,0.0384615,0.0362828,0.0365852,0.0420691,0.0364931,0.0349661,0.0277484,0.0336914,0.0260056,0.0220217,0.0175929,0.0295019,0.0344729,0.0300638,0.0513194,0.0410752,0.0523743,0.102193,0.109089
452.033,0.0466364,0.0387761,0.0512507,0.0533859,0.0433789,0.0415267,0.0331895,0.0371047,0.0384441,0.0268608,0.032361,0.0369016,0.0374995,0.0391711,0.0568046,0.0552726,0.0724711,0.0881876,0.118687
452.509,0.0353335,0.0329977,0.0399868,0.0405755,0.0468132,0.0330724,0.0382551,0.0371477,0.0328739,0.031849,0.0372576,0.0317505,0.0421588,0.043485,0.0511254,0.0508766,0.0659384,0.0879376,0.117084
452.985,0.0272526,0.0471064,0.0445429,0.050966,0.038137,0.0463227,0.037865,0.0434614,0.0422446,0.0265849,0.0417912,0.0316814,0.034859,0.0319546,0.053174,0.0621405,0.0739418,0.0925904,0.105717
453.461,0.0371271,0.0435649,0.0327933,0.0367704,0.028455,0.0439283,0.0306714,0.028561,0.0312466,0.0316892,0.0394688,0.0292247,0.0381783,0.022736,0.0415625,0.0475927,0.0747664,0.0852133,0.106911
453.937,0.0507937,0.0479839,0.0546359,0.0368248,0.0423892,0.0427615,0.043401,0.0366563,0.0300962,0.0330143,0.039788,0.0435671,0.0375388,0.0353712,0.0452398,0.0591888,0.0755865,0.0990122,0.115686
454.412,0.0553672,0.041386,0.0346858,0.0429078,0.0373179,0.0358662,0.0471348,0.0394067,0.0435877,0.0319411,0.0358714,0.0258802,0.0343218,0.0350297,0.0469206,0.0658629,0.0646806,0.0990829,0.103753
454.888,0.0559569,0.0523633,0.0601924,0.0596562,0.0597156,0.0525558,0.0441211,0.0490485,0.0435846,0.0465373,0.04516,0.0424275,0.0590421,0.0523638,0.0613116,0.0585168,0.0855597,0.0997546,0.129575
455.363,0.0467326,0.0429941,0.0356145,0.0420543,0.0393023,0.0361443,0.0323811,0.0370789,0.0268378,0.0315118,0.0321143,0.0253304,0.0433551,0.0424798,0.0474775,0.0556458,0.075632,0.0872373,0.119392
455.839,0.043311,0.0444409,0.0485202,0.0466948,0.0419116,0.0375387,0.0455221,0.0443774,0.0316308,0.0283068,0.0409409,0.0368788,0.0369488,0.0449653,0.0477522,0.0648406,0.078016,0.100679,0.120677
456.314,0.0482642,0.0336616,0.0352025,0.0474031,0.0396614,0.0326406,0.02644,0.0387919,0.0229638,0.0241773,0.0281397,0.0227118,0.0214684,0.0295077,0.0394231,0.0487135,0.0716213,0.08999,0.105548
456.789,0.052692,0.043959,0.0546761,0.0512508,0.0495535,0.0458865,0.0439183,0.0385073,0.0448154,0.0411986,0.0383104,0.0306718,0.040905,0.038752,0.0553769,0.0527707,0.0782772,0.0975423,0.11618
457.264,0.0475054,0.037889,0.0444937,0.0459862,0.0440459,0.0450275,0.0323836,0.0377727,0.0336661,0.0396558,0.0367083,0.0354064,0.0316777,0.0456799,0.0473288,0.0497497,0.0745357,0.090449,0.129359
457.739,0.0483223,0.0427986,0.0448197,0.0460867,0.0527938,0.0372214,0.0405269,0.0370878,0.0333437,0.0342371,0.034735,0.0346048,0.0350943,0.0449323,0.0459025,0.0542442,0.0668981,0.0920716,0.118687
458.214,0.0428316,0.0400849,0.0366489,0.036807,0.0391865,0.036915,0.0358624,0.0305608,0.0347277,0.0368995,0.0373855,0.0352198,0.0216541,0.0370104,0.0459083,0.0378188,0.0640131,0.0934612,0.112609
458.689,0.0401129,0.0549737,0.0480446,0.0434983,0.0496459,0.0458832,0.0455149,0.0376984,0.0364743,0.0391874,0.0440875,0.041325,0.0401928,0.0459343,0.0534413,0.0564434,0.0715541,0.0933244,0.125228
459.163,0.0400164,0.0423795,0.0482219,0.0409857,0.0378918,0.0441004,0.0442838,0.0252062,0.0368418,0.0398498,0.039541,0.0251708,0.0420784,0.0346248,0.0492586,0.0491725,0.0742487,0.088519,0.107464
459.637,0.0425621,0.0430379,0.0411578,0.0454483,0.0369653,0.0371036,0.0418845,0.0377352,0.0320528,0.0305362,0.0354822,0.0353719,0.0300149,0.0447995,0.0373057,0.0547964,0.0681484,0.0934816,0.114938
460.112,0.0415243,0.0376931,0.0408072,0.0301599,0.037357,0.0364332,0.0344101,0.0321899,0.0285373,0.0233054,0.039489,0.0217121,0.0211443,0.0402944,0.03846,0.0524237,0.0647077,0.0903227,0.111457
460.586,0.0425429,0.0434406,0.0366472,0.037682,0.0385033,0.0281075,0.0285883,0.0247897,0.0294842,0.0303142,0.0299916,0.028828,0.0300407,0.0277219,0.0437871,0.0500102,0.0627074,0.0875333,0.107717
461.06,0.0392819,0.0421339,0.0299278,0.0391742,0.0439374,0.0412563,0.0391986,0.032167,0.0352868,0.0270143,0.035744,0.0351632,0.0396536,0.0391986,0.0452953,0.0561713,0.0650557,0.0880037,0.113656
461.534,0.0495571,0.0413008,0.0530645,0.0512837,0.0421284,0.0464857,0.049444,0.0449048,0.0448901,0.0369882,0.0346325,0.0306711,0.0467786,0.052219,0.0533267,0.0615643,0.0783006,0.0930094,0.112399
462.008,0.032779,0.0466486,0.0387441,0.0358752,0.0274463,0.0386323,0.0359533,0.0344076,0.0201698,0.0381481,0.0318747,0.0267829,0.0284006,0.0231677,0.043931,0.0512359,0.069253,0.099921,0.118814
462.482,0.04369,0.0388005,0.0446489,0.0458697,0.0336961,0.0468046,0.0344045,0.0418631,0.0407623,0.0283719,0.0295238,0.0303715,0.0305302,0.0409379,0.0441877,0.0558034,0.0771257,0.0849266,0.110638
462.955,0.0493266,0.0417653,0.0347743,0.0403399,0.0410755,0.0325563,0.0324321,0.0368382,0.0305487,0.029984,0.0308633,0.0310511,0.0364312,0.0306803,0.0502084,0.0519218,0.0698492,0.0864213,0.118222
463.429,0.049785,0.0521105,0.0408844,0.0435369,0.049778,0.0359557,0.0371931,0.0417315,0.0411846,0.0343169,0.0305796,0.0356157,0.0358693,0.0339724,0.0478581,0.0505383,0.0706038,0.0962695,0.113309
463.902,0.0428923,0.0441083,0.0377119,0.0437702,0.0421175,0.0403942,0.037889,0.0371782,0.0380714,0.0332409,0.0365086,0.0292848,0.0291054,0.0437256,0.0413907,0.055053,0.0669477,0.0923552,0.116206
464.375,0.0303085,0.0358808,0.0344387,0.03454,0.0299325,0.0321589,0.0257287,0.024786,0.0290373,0.0201915,0.0231986,0.023036,0.0309453,0.0224753,0.0345909,0.0451089,0.0698907,0.0811534,0.105113
464.849,0.0392767,0.0385539,0.0359094,0.0322559,0.0361387,0.0335315,0.0353072,0.0190791,0.0300191,0.0420789,0.0219482,0.0323594,0.0316311,0.0427934,0.0450339,0.0616866,0.0769647,0.088378,0.107716
465.322,0.0497715,0.0488206,0.050157,0.0504237,0.0397275,0.0447996,0.0426262,0.0332595,0.0386356,0.0272126,0.0337022,0.0328553,0.0316846,0.0357616,0.0513325,0.0542911,0.0763954,0.0976234,0.119229
465.794,0.0444168,0.0447149,0.0410012,0.0474696,0.0443942,0.0420924,0.0484683,0.040697,0.0335857,0.0292498,0.0358325,0.021665,0.0379859,0.0359128,0.0530683,0.0587582,0.0668672,0.095035,0.105785
466.267,0.0451067,0.0564111,0.0396736,0.0409264,0.0406643,0.0388514,0.0398246,0.0360521,0.0329111,0.0297162,0.0381583,0.033239,0.0395485,0.0307263,0.0441882,0.0577092,0.0729225,0.088638,0.116142
466.74,0.0349342,0.0441946,0.0399018,0.038352,0.0408106,0.039281,0.03609,0.041497,0.0363288,0.0323539,0.0342283,0.0375825,0.0370233,0.038118,0.041992,0.0525417,0.0664038,0.0815767,0.115255
467.213,0.0425407,0.0443397,0.0427774,0.0351578,0.0399278,0.0434024,0.0374277,0.0431453,0.0353794,0.0347589,0.0361966,0.0308073,0.0275179,0.0393465,0.0494083,0.0578734,0.0760695,0.0923892,0.115394
467.685,0.0500201,0.0407737,0.0472066,0.0437341,0.0453668,0.0367499,0.0404923,0.0292291,0.0355424,0.0329043,0.0359534,0.0307574,0.0383026,0.0406513,0.0489069,0.0556545,0.0645724,0.091272,0.109842
468.157,0.0488089,0.0388574,0.0442998,0.0425561,0.0467712,0.0477424,0.0398919,0.0411114,0.0323346,0.0340964,0.0350801,0.0399498,0.0332778,0.0357211,0.0479411,0.0598644,0.0704387,0.0937865,0.120053
468.63,0.0415026,0.0450466,0.0415808,0.0338041,0.0351239,0.0405971,0.0343591,0.032128,0.034554,0.03632,0.0310143,0.0230413,0.0309188,0.0351275,0.0407846,0.0548068,0.0663914,0.0936504,0.101242
469.102,0.0446246,0.0518765,0.0499029,0.0469544,0.0433879,0.0424853,0.0442468,0.0379556,0.034467,0.0345404,0.0358714,0.0353039,0.040362,0.0395614,0.0437136,0.0648703,0.069741,0.0894545,0.116121
469.574,0.0300699,0.0378285,0.0403262,0.030145,0.0338979,0.0309003,0.0295126,0.0312045,0.0275007,0.0247397,0.0259692,0.0239703,0.0273533,0.0264272,0.0358741,0.0509248,0.0652205,0.0833996,0.104508
470.046,0.0409406,0.0459327,0.0460022,0.0453034,0.0437515,0.0451023,0.0386783,0.0369394,0.0397937,0.0376812,0.040403,0.0374629,0.0376019,0.0447316,0.0518507,0.0610328,0.0779652,0.0911583,0.106107
470.517,0.0560186,0.0489208,0.0502656,0.0535376,0.0465528,0.0419332,0.0434115,0.046182,0.0351778,0.0391035,0.0367708,0.0417937,0.040978,0.0462172,0.0532876,0.0599882,0.0768049,0.0942654,0.12397
470.989,0.051115,0.049542,0.0527411,0.0441178,0.0437785,0.0393884,0.0470304,0.0360985,0.0381567,0.0368633,0.0362936,0.0358237,0.0369622,0.045272,0.0464332,0.0546507,0.0734664,0.0992482,0.111885
471.461,0.0519194,0.051529,0.0486147,0.0526285,0.0489811,0.0490095,0.0428727,0.0444815,0.0367797,0.038393,0.0367625,0.0415422,0.039114,0.0530924,0.0527833,0.0601341,0.0779788,0.100003,0.123271
471.932,0.0477711,0.0461246,0.0446848,0.0471325,0.0468269,0.0443153,0.0518125,0.0366022,0.0295223,0.0363664,0.0342957,0.0329566,0.0370799,0.0464666,0.0451684,0.0558322,0.0624582,0.0959933,0.112877
472.403,0.0466993,0.0469679,0.0489564,0.047834,0.0456262,0.0428575,0.0450569,0.0387688,0.0356622,0.0320758,0.033966,0.0389404,0.0411229,0.0417804,0.0479585,0.0575026,0.0763223,0.0878786,0.116974
472.874,0.0398328,0.045046,0.0405866,0.0473029,0.0429384,0.0407229,0.036721,0.0378893,0.0385599,0.0334637,0.0308229,0.0316567,0.0368603,0.0366372,0.0479739,0.0534524,0.0682863,0.0903823,0.114948
473.346,0.0366636,0.0402796,0.0385258,0.0432217,0.0414433,0.0371852,0.0341208,0.0370097,0.0336053,0.031045,0.0310896,0.0239497,0.0290277,0.0381788,0.0407484,0.051656,0.0671475,0.0862787,0.118328
473.816,0.0433432,0.0500776,0.0514552,0.0458399,0.0469195,0.0424756,0.0427619,0.0367726,0.0425957,0.0383333,0.0343053,0.0371673,0.0360563,0.0459344,0.05081,0.0671143,0.0749168,0.0945789,0.116662
474.287,0.0409819,0.0422532,0.0453739,0.0447261,0.0356111,0.0353718,0.0334228,0.0378463,0.0332406,0.0359639,0.028075,0.0345219,0.0344804,0.0432093,0.0448004,0.0584447,0.0761279,0.0850679,0.110047
474.758,0.0384745,0.0426312,0.030262,0.040372,0.0362544,0.0354357,0.0400353,0.0364578,0.0291036,0.0319433,0.0279768,0.0309798,0.0338467,0.0375731,0.0467705,0.056465,0.0716781,0.0902536,0.107686
475.229,0.0389257,0.0389473,0.0437017,0.0377485,0.0364595,0.0415436,0.0359209,0.0326636,0.0310549,0.0308496,0.0302059,0.0308862,0.0316208,0.0353502,0.0442827,0.0516056,0.0716855,0.0893438,0.106615
475.699,0.0436624,0.0447852,0.042532,0.0432874,0.0414368,0.0445186,0.0338929,0.0319027,0.0368095,0.0360771,0.0331071,0.037604,0.0366701,0.0395685,0.0488181,0.0628975,0.079188,0.0904255,0.110631
476.17,0.0402858,0.042599,0.0418959,0.0386978,0.0374254,0.0362418,0.0323416,0.0284526,0.0340926,0.0357078,0.0307065,0.0274864,0.032996,0.0371956,0.0444011,0.0531623,0.071238,0.0917685,0.105716
476.64,0.0492307,0.045087,0.0447711,0.0480811,0.0510678,0.0396871,0.0460534,0.0379244,0.0319798,0.0409149,0.0379854,0.0419742,0.0395798,0.0450393,0.0465939,0.0587861,0.0721801,0.0952731,0.11757
477.11,0.0437065,0.0455189,0.0469417,0.0453516,0.0456418,0.0412665,0.0380786,0.0445806,0.0447573,0.0413719,0.0356919,0.0362265,0.0443708,0.0437301,0.0505387,0.0597318,0.07523,0.0920171,0.117169
477.58,0.0394655,0.0504825,0.0447692,0.0428507,0.036837,0.0389594,0.0348311,0.0410752,0.0322854,0.0315977,0.0309402,0.0297028,0.0330475,0.0391821,0.0426673,0.0554052,0.0706833,0.0936991,0.119191
478.05,0.0458979,0.0414624,0.0495987,0.0487207,0.0440586,0.0389642,0.0384342,0.0364253,0.041102,0.0352196,0.0349902,0.0358912,0.0436488,0.0390219,0.0505297,0.0544459,0.0689995,0.0947943,0.113418
478.52,0.048213,0.04672,0.0447406,0.0462517,0.041099,0.0450082,0.0417702,0.041954,0.0350432,0.0378996,0.0331526,0.0358401,0.0311281,0.0391765,0.0487853,0.0560683,0.0716007,0.0949105,0.109644
478.989,0.0464399,0.0469119,0.0511466,0.0409399,0.0437098,0.0449943,0.0392647,0.0366582,0.0343441,0.0375979,0.0376237,0.03224,0.0368763,0.0372892,0.0463268,0.0558755,0.0683364,0.0878542,0.113586
479.459,0.0401957,0.0405299,0.0414869,0.0426871,0.0384999,0.0411277,0.03647,0.0335882,0.0289921,0.0298757,0.0322239,0.0336867,0.0330037,0.0369881,0.0459101,0.0586309,0.0683871,0.0884042,0.114976
479.928,0.0497113,0.0517118,0.0446534,0.0464175,0.0447746,0.0433289,0.0400295,0.0382206,0.0387318,0.0388758,0.0369152,0.0360312,0.037209,0.0388853,0.0500512,0.0654932,0.0741263,0.0929641,0.114752
480.398,0.0446429,0.0492406,0.0452077,0.043271,0.0452271,0.0382754,0.0352178,0.0395877,0.0381546,0.0362858,0.0347429,0.0338732,0.0402428,0.0387352,0.0495152,0.0548255,0.0714674,0.0928724,0.115186
480.867,0.0450953,0.0436953,0.0421557,0.0464927,0.0438007,0.0409543,0.042609,0.0352447,0.036394,0.0351968,0.0400051,0.0363311,0.0357813,0.0452546,0.0488698,0.0580456,0.0750947,0.0915828,0.113979
481.336,0.0407314,0.04246,0.0418402,0.0412461,0.0392406,0.0384063,0.0354609,0.0342182,0.0382094,0.0357842,0.0357477,0.0350982,0.0360674,0.0368336,0.0443295,0.0587153,0.0757105,0.0832591,0.113965
481.805,0.044404,0.0420159,0.0402773,0.0442823,0.0415987,0.043257,0.0403135,0.0387901,0.037949,0.0401168,0.0355924,0.0364895,0.0402018,0.0414312,0.0484976,0.0519763,0.0712266,0.0930604,0.1122
482.274,0.0355767,0.043713,0.0332705,0.0423993,0.0382388,0.033416,0.0337096,0.0319651,0.0319866,0.030087,0.0326133,0.0285806,0.0324833,0.0366009,0.0385236,0.0485339,0.0682025,0.0843818,0.106514
482.743,0.0453281,0.0440664,0.0410402,0.040605,0.038984,0.039615,0.0345814,0.0360591,0.0361247,0.0342862,0.0297647,0.0332256,0.0324992,0.0414199,0.0482372,0.0514595,0.0694671,0.0850801,0.109356
483.211,0.0411211,0.0484108,0.0420866,0.0420549,0.0366222,0.0431134,0.0371644,0.0395768,0.0343868,0.0336274,0.0342328,0.0332199,0.0372882,0.0387016,0.0477979,0.0529824,0.0710717,0.0899777,0.113894
483.68,0.0441486,0.0485694,0.0413691,0.0416738,0.044055,0.0427916,0.0392003,0.0314643,0.0371197,0.0380404,0.0267431,0.0358765,0.0353743,0.042266,0.0515641,0.0562004,0.0723318,0.0882064,0.118347
484.148,0.0429055,0.0426546,0.0456349,0.0435061,0.040294,0.0368927,0.0403486,0.0368597,0.0366733,0.0333046,0.0308776,0.0329961,0.0371885,0.0400948,0.0470526,0.0524255,0.0695812,0.0865624,0.1115
484.617,0.0439165,0.0393756,0.0403739,0.0421459,0.043056,0.0369792,0.0353623,0.0341848,0.0344214,0.0340793,0.034401,0.033349,0.0340884,0.0354526,0.0440974,0.0562942,0.0680325,0.0924953,0.111482
485.085,0.0487571,0.0397442,0.041503,0.041217,0.0433691,0.0389053,0.0385581,0.0344334,0.034792,0.0360701,0.0334937,0.0347343,0.0351114,0.0349862,0.0460788,0.0570689,0.066886,0.0837765,0.108198
485.553,0.0409658,0.0442393,0.0401676,0.0383911,0.040054,0.0390052,0.0373629,0.0356951,0.0366807,0.035386,0.0326734,0.0352131,0.0357861,0.040888,0.0430863,0.0580943,0.0628797,0.0918505,0.111578
486.021,0.0459192,0.0452189,0.0457933,0.0439806,0.0418422,0.0397954,0.0419822,0.0387073,0.0360987,0.0320685,0.0344514,0.0334222,0.036125,0.0377239,0.0464053,0.0608828,0.0727902,0.0924098,0.115489
486.489,0.0425122,0.0455047,0.0446522,0.0420427,0.0392394,0.0402356,0.0368844,0.0350691,0.0350586,0.0333123,0.0296745,0.0338955,0.037131,0.0368718,0.0483892,0.0560362,0.0705762,0.0905603,0.108579
486.956,0.0445758,0.0413852,0.0437802,0.042526,0.0373776,0.0378675,0.0357179,0.033843,0.0350638,0.029803,0.033319,0.0270086,0.0354848,0.038502,0.0426222,0.053846,0.0713711,0.0869768,0.112181
487.424,0.0418879,0.0410014,0.0433355,0.0415084,0.0420234,0.0386008,0.0345698,0.0311617,0.0308833,0.0304171,0.0316104,0.0316975,0.0332041,0.0402761,0.0442132,0.0529477,0.0697134,0.0888256,0.110859
487.891,0.038067,0.0426358,0.0430287,0.0364095,0.0390609,0.0362436,0.0336163,0.0347696,0.0304076,0.0316718,0.0279444,0.0286348,0.0362999,0.0350582,0.041092,0.0485565,0.0662439,0.0862454,0.107966
488.359,0.0425686,0.0425174,0.0411882,0.0432153,0.0402925,0.0383925,0.0370571,0.0346289,0.0336502,0.0331007,0.0342629,0.0316439,0.032596,0.0361335,0.0429395,0.0529781,0.06774,0.0931123,0.110159
488.826,0.0440077,0.0380299,0.0358576,0.0391833,0.0412403,0.0346297,0.0345767,0.0361892,0.0309725,0.0333178,0.0305947,0.0291828,0.0346039,0.0364855,0.0437908,0.0553522,0.0648242,0.0889764,0.106583
489.293,0.0401381,0.0415287,0.0413666,0.0420151,0.038984,0.0377077,0.035985,0.0360985,0.0331,0.0336717,0.0315588,0.0337936,0.0364695,0.0363063,0.0450968,0.0566995,0.0681373,0.0876334,0.109642
489.76,0.0464672,0.0475013,0.0470916,0.0461599,0.044834,0.0413014,0.0425846,0.0361436,0.0352799,0.0347489,0.0333313,0.0331272,0.0357695,0.0426702,0.0458964,0.0587149,0.0722633,0.0914402,0.113129
490.227,0.0418948,0.0457957,0.0453492,0.041161,0.0453193,0.0415463,0.0417403,0.0388681,0.0329324,0.0372124,0.0332248,0.0360751,0.0375625,0.0391244,0.0455939,0.0523746,0.0716487,0.0895851,0.113601
490.694,0.0394998,0.0371127,0.0424113,0.0391125,0.0381497,0.0381955,0.0303282,0.0330488,0.0345573,0.02822,0.0289496,0.0314692,0.0338679,0.0328246,0.0422225,0.0528093,0.0654731,0.0869432,0.111555
491.16,0.0420396,0.0446806,0.041595,0.0442532,0.0401211,0.0392544,0.0359128,0.0354423,0.0371688,0.0329824,0.0362883,0.0342227,0.0347461,0.038588,0.0478815,0.052434,0.0697612,0.0923775,0.111729
491.627,0.0450051,0.0441606,0.0444792,0.0405455,0.0421941,0.0375175,0.0376399,0.0369285,0.035401,0.0320667,0.0319828,0.032057,0.0383926,0.0353705,0.0465563,0.0541827,0.0716398,0.0851634,0.117347
492.093,0.038214,0.0411938,0.0387528,0.039578,0.0370625,0.0381451,0.0332788,0.0317083,0.0291249,0.0299176,0.0303682,0.0309064,0.0313769,0.0332958,0.04057,0.045727,0.0663648,0.0820457,0.106129
492.56,0.0424426,0.0429588,0.0437281,0.0427442,0.037662,0.0398918,0.0358447,0.0347869,0.0330162,0.0299032,0.0321267,0.0321811,0.0349767,0.0379467,0.0471311,0.0530902,0.0700473,0.0867694,0.111778
493.026,0.0444357,0.0449033,0.0389204,0.0447692,0.043347,0.0403361,0.0369489,0.0378055,0.0337912,0.0331793,0.03493,0.0324903,0.0342552,0.0379343,0.0459939,0.0586875,0.0716742,0.0916685,0.114146
493.492,0.0465401,0.0437836,0.0431965,0.0410745,0.0402625,0.0383948,0.0379937,0.036318,0.0356188,0.0343059,0.0318694,0.0363811,0.0362707,0.0384928,0.046734,0.0544831,0.0710271,0.0900139,0.114053
493.958,0.0417593,0.0429988,0.0434195,0.0406746,0.0410248,0.0388282,0.0373794,0.03709,0.0352207,0.0338546,0.0351986,0.033349,0.0363964,0.0384136,0.0432108,0.0564241,0.069238,0.0865403,0.108567
494.424,0.046406,0.0420642,0.0437763,0.0446324,0.0385231,0.0402292,0.0405739,0.0394863,0.0363478,0.0376189,0.0346429,0.0383524,0.0375594,0.0405768,0.0482126,0.0557062,0.0734851,0.0897233,0.114979
494.89,0.0433456,0.038924,0.045088,0.0429736,0.0370764,0.0427579,0.0371954,0.0383265,0.0347479,0.0356376,0.0321659,0.0330254,0.0345832,0.0386668,0.0428075,0.053774,0.0674003,0.0860373,0.10789
495.355,0.0402521,0.0399216,0.0424281,0.0416105,0.0380983,0.0394141,0.0394985,0.0326306,0.037658,0.0339532,0.0338302,0.031832,0.0344091,0.0384224,0.0437575,0.0518818,0.0649801,0.0916142,0.112838
495.821,0.0420184,0.0438759,0.0370768,0.0393132,0.0388008,0.0364233,0.0375628,0.0339503,0.0382285,0.0342014,0.033223,0.0349861,0.035206,0.0362307,0.0448955,0.0474365,0.0634828,0.0887168,0.110292
496.286,0.0418447,0.0417508,0.0408091,0.0388642,0.0384333,0.0425103,0.0349295,0.0314318,0.0338947,0.0314696,0.0293317,0.0328008,0.035397,0.035752,0.0418458,0.0525527,0.0660287,0.0847471,0.107747
496.751,0.0425621,0.0399299,0.040394,0.0404701,0.0404012,0.0378723,0.0339516,0.0334684,0.0321041,0.0312022,0.0326868,0.0319321,0.0330175,0.0387496,0.040597,0.0484597,0.0677306,0.0818475,0.111163
497.216,0.0446292,0.0443145,0.0426675,0.0398422,0.0442736,0.0372166,0.0372126,0.0343743,0.0364129,0.0320591,0.0330434,0.03329,0.036082,0.0420282,0.0452156,0.0543693,0.0691564,0.0861306,0.115466
497.682,0.0414316,0.0408424,0.0430934,0.0393002,0.0395977,0.0359002,0.0389867,0.0333319,0.0321549,0.0323788,0.0325832,0.0332871,0.032408,0.0347324,0.042782,0.0524496,0.0678548,0.0872051,0.112745
498.146,0.0400977,0.0419185,0.0444009,0.0395144,0.0402776,0.0385838,0.0374493,0.0328923,0.0321888,0.0344809,0.0358729,0.0329981,0.0343737,0.037773,0.0422406,0.0548072,0.0660949,0.0870663,0.106806
498.611,0.0407436,0.0439314,0.0421756,0.0391303,0.0390968,0.0360232,0.0351092,0.0354662,0.0351132,0.0316236,0.031938,0.0326973,0.0368407,0.0372615,0.0459862,0.0544147,0.0638144,0.08292,0.106353
499.076,0.0388301,0.0392782,0.0391226,0.0395153,0.0386885,0.0331597,0.0334583,0.0323226,0.0298554,0.0301788,0.0303058,0.0304659,0.0334019,0.0365831,0.0439226,0.0525385,0.0653845,0.0806714,0.11015
499.541,0.043594,0.041577,0.0429223,0.0420108,0.0403455,0.0411018,0.0364267,0.0366357,0.0339571,0.0345821,0.0323183,0.035663,0.0344987,0.039174,0.0448296,0.0556455,0.0717299,0.0872485,0.110235
500.005,0.0401781,0.0381866,0.0395895,0.0401556,0.0372616,0.0365962,0.0337273,0.0345823,0.0312728,0.0292157,0.0303259,0.0307864,0.0335861,0.03611,0.0415243,0.049147,0.0635972,0.0890713,0.106942
500.469,0.0390524,0.0413787,0.0408443,0.0386765,0.0403744,0.0387512,0.0351123,0.0335561,0.0356653,0.0324217,0.0308293,0.0328935,0.0324571,0.0356074,0.04553,0.0489837,0.0694546,0.0868353,0.109419
500.934,0.0436547,0.043719,0.0431756,0.0434153,0.0422575,0.03904,0.0359,0.03592,0.036991,0.0328469,0.0321421,0.0350498,0.0339365,0.0393894,0.0483257,0.0541562,0.0706449,0.088764,0.113244
501.398,0.0448631,0.0436414,0.0419394,0.0394584,0.0418298,0.04211,0.0363044,0.0355752,0.0345194,0.0326038,0.0365691,0.033016,0.0390416,0.0403818,0.0477967,0.054254,0.0724236,0.0918316,0.110116
501.862,0.0418004,0.0419754,0.0443742,0.0430593,0.0409424,0.039208,0.0383412,0.0375463,0.0349236,0.0369791,0.0345261,0.0333188,0.0356164,0.0384594,0.0453913,0.0534451,0.0671,0.0909348,0.11052
502.326,0.0417888,0.043016,0.0394088,0.0426196,0.0368771,0.0372272,0.0354734,0.0340133,0.0338174,0.0327907,0.0299695,0.0321838,0.0346338,0.0355147,0.0446511,0.0526658,0.0686453,0.0818889,0.110536
502.789,0.0428927,0.0424058,0.0438774,0.040864,0.0398603,0.0401246,0.0398863,0.0371427,0.0326671,0.032718,0.0322448,0.0317722,0.0375061,0.0388879,0.0434801,0.0550145,0.0687453,0.0872314,0.109303
503.253,0.0475695,0.0490629,0.0443097,0.0444364,0.0456734,0.0413081,0.0409538,0.0403866,0.0361345,0.037291,0.0353723,0.0376408,0.0378865,0.0424268,0.0468833,0.0592063,0.0688055,0.0925725,0.117474
503.716,0.0454315,0.0469542,0.0450712,0.0439601,0.0438333,0.0387664,0.0400246,0.0345852,0.0369165,0.0336879,0.0348758,0.0328399,0.0349951,0.0393048,0.04574,0.058534,0.070984,0.089873,0.114901
504.18,0.0446714,0.0448316,0.0419927,0.0431862,0.0405263,0.0381355,0.0356446,0.0366837,0.0355276,0.0346946,0.0333008,0.0348556,0.034447,0.0407197,0.0439213,0.0553166,0.0680091,0.0899528,0.115924
504.643,0.0447875,0.044218,0.0415595,0.0407754,0.042208,0.0383668,0.037527,0.0358691,0.0353042,0.0354964,0.0304211,0.030087,0.0342798,0.0365576,0.0459261,0.0536835,0.0666197,0.0827073,0.10763
505.106,0.0439455,0.0427598,0.0424686,0.0407108,0.0410197,0.0366195,0.0360997,0.0369947,0.035892,0.0334247,0.0321912,0.0338223,0.0354181,0.0413924,0.0451085,0.0528533,0.0664486,0.0904298,0.111128
505.569,0.0436826,0.0435948,0.041893,0.042238,0.0391061,0.0385861,0.0369901,0.0351864,0.0345196,0.0339276,0.0328612,0.0358293,0.0365535,0.0385586,0.0468946,0.0529603,0.0695847,0.0915455,0.113192
506.032,0.044229,0.0401392,0.0421084,0.0418766,0.0398582,0.0380607,0.0369404,0.037422,0.034681,0.0323724,0.0357726,0.0357863,0.0372732,0.0402599,0.0452827,0.0542816,0.0702229,0.089684,0.109564
506.495,0.0411812,0.0418987,0.0398023,0.0409586,0.0385543,0.0388783,0.0375497,0.0343883,0.0313242,0.032273,0.0287612,0.0299551,0.0337803,0.0363487,0.044946,0.0528664,0.0672867,0.0905109,0.112445
506.958,0.0414687,0.0428002,0.0407795,0.0426534,0.0380827,0.0389488,0.0363448,0.0323974,0.0334098,0.0347371,0.0320695,0.0288371,0.0350097,0.0402779,0.0454886,0.0562059,0.0696274,0.0824782,0.109898
507.42,0.0438768,0.0427138,0.0434933,0.045096,0.0428035,0.0405631,0.0387119,0.035807,0.0359516,0.0364441,0.0341341,0.0350229,0.0338767,0.0407749,0.0457846,0.0554074,0.065844,0.0899356,0.111893
507.883,0.044444,0.0430682,0.0434946,0.0426642,0.0427112,0.0390097,0.0383815,0.0389204,0.0332219,0.0329733,0.0333408,0.0352886,0.0390411,0.0392512,0.0468812,0.0552237,0.0688937,0.0876704,0.108636
508.345,0.039971,0.042342,0.0413641,0.040328,0.0388278,0.0371729,0.0354864,0.0335035,0.0343801,0.0303292,0.0310888,0.0289204,0.0333106,0.0370156,0.0413351,0.0509938,0.0684187,0.0846183,0.110421
508.808,0.043511,0.0410525,0.0408942,0.03955,0.0396335,0.0357308,0.0360925,0.0324364,0.032607,0.0324093,0.0314285,0.0339066,0.0326836,0.037347,0.044047,0.0517849,0.0701054,0.0859744,0.110374
509.27,0.0437817,0.0451205,0.0425372,0.03983,0.0392169,0.0373178,0.0378913,0.0376895,0.0340984,0.0342157,0.0339632,0.0337317,0.037009,0.0402373,0.0468215,0.0555326,0.0698871,0.088901,0.112854
509.732,0.0401931,0.0419156,0.0437774,0.039335,0.0402193,0.0373168,0.0372341,0.0331782,0.0314326,0.0327463,0.0321541,0.0311433,0.0338027,0.0346217,0.0418777,0.0543212,0.0657198,0.0872386,0.106504
510.194,0.0409142,0.0373308,0.040729,0.0390358,0.0368582,0.0369935,0.0328618,0.0308672,0.0319244,0.029691,0.0302986,0.0305825,0.0301889,0.0351626,0.0419003,0.0506278,0.067879,0.0849934,0.104652
510.655,0.04145,0.0381285,0.0389613,0.0391013,0.0379977,0.0374943,0.0342909,0.0304785,0.0323749,0.030566,0.0292346,0.028916,0.0346457,0.0349189,0.0406225,0.0517438,0.0639335,0.0839704,0.108686
511.117,0.0402714,0.04077,0.039382,0.0404628,0.0382898,0.0361328,0.0324664,0.0333551,0.0313042,0.0300681,0.0311774,0.0308209,0.0313435,0.0360249,0.0449423,0.0536106,0.0661175,0.0842156,0.108927
511.579,0.0422716,0.0423078,0.0413019,0.0408094,0.0397219,0.0407758,0.0342361,0.0342632,0.0303446,0.0303959,0.0308138,0.0330302,0.0320939,0.0363889,0.0445828,0.0544598,0.0680758,0.0877232,0.110674
512.04,0.0401749,0.0393625,0.0366636,0.037707,0.0366598,0.0374208,0.0333057,0.0305664,0.0302392,0.0305781,0.0296687,0.0319754,0.0307317,0.0343693,0.0421544,0.0509552,0.0639742,0.0819804,0.104869
512.501,0.0459881,0.0443605,0.0433752,0.0413005,0.0406607,0.0422935,0.0357199,0.0360009,0.0337065,0.0345924,0.0354605,0.035896,0.0361344,0.0397149,0.045223,0.0536,0.0695002,0.0908382,0.11327
512.963,0.0431055,0.0414075,0.0388814,0.0421814,0.0378146,0.0384851,0.0379882,0.0330034,0.0331015,0.0335569,0.0320593,0.0313901,0.0337396,0.0376753,0.043767,0.0561291,0.0679593,0.0888619,0.111832
513.424,0.0410523,0.0425286,0.0387827,0.0397221,0.039251,0.0380285,0.0352266,0.0344113,0.0316755,0.0309417,0.030713,0.0310597,0.0341852,0.03666,0.0427981,0.0532142,0.0648226,0.0855286,0.10961
513.885,0.0402888,0.0420171,0.0434696,0.0424763,0.0379953,0.0411642,0.0374902,0.0357894,0.0339255,0.0328953,0.030729,0.0334222,0.0370197,0.0379876,0.0441702,0.0524462,0.0685718,0.0846603,0.108091
514.345,0.0380752,0.0413759,0.0412429,0.036451,0.0374391,0.0378835,0.0364644,0.0337508,0.0303989,0.0324748,0.0316707,0.0327769,0.0348481,0.0378694,0.0456618,0.0538666,0.0662848,0.0836622,0.109666
514.806,0.0387738,0.0401165,0.0404375,0.037931,0.0350299,0.0335674,0.0325374,0.031215,0.0313789,0.0286169,0.0295707,0.0298728,0.0321268,0.0367953,0.0402672,0.0500537,0.0651483,0.0852916,0.109275
515.267,0.0447478,0.0403697,0.0397978,0.0404231,0.0392577,0.035271,0.0376951,0.0363141,0.0343335,0.0332618,0.0292175,0.0331441,0.0353454,0.0392493,0.0443099,0.0542827,0.0651758,0.0856949,0.108195
515.727,0.0404302,0.0418842,0.0417939,0.0410091,0.040568,0.0378096,0.0365357,0.0359751,0.0330068,0.0348808,0.0342742,0.0345695,0.0371079,0.0377855,0.0447206,0.0536885,0.0671871,0.0879775,0.111652
516.188,0.039598,0.0436969,0.0412751,0.0410813,0.0396978,0.0365887,0.0372624,0.0338332,0.0336796,0.0329256,0.0329223,0.0302893,0.033848,0.0376547,0.0421626,0.0533966,0.065061,0.0886783,0.108469
516.648,0.042293,0.0400619,0.0407345,0.0380857,0.0408055,0.0375141,0.0373129,0.0329148,0.033274,0.0320791,0.0306829,0.0303704,0.0327493,0.0370828,0.0418359,0.050634,0.0679823,0.0855371,0.10653
517.108,0.0420535,0.0432343,0.0399427,0.0406688,0.0388758,0.03664,0.0355956,0.0335769,0.0359209,0.0320129,0.0311182,0.0323741,0.0338665,0.0369721,0.0444399,0.053956,0.0667503,0.0859898,0.107164
517.568,0.0431561,0.0442607,0.0439142,0.0406087,0.0402412,0.0399429,0.0369073,0.0335863,0.0344041,0.0331658,0.0327654,0.0335117,0.0367486,0.0394374,0.0441718,0.0526445,0.0697253,0.0900837,0.110336
518.028,0.0402517,0.0409863,0.0404837,0.0391273,0.0385978,0.0361582,0.0353591,0.0337798,0.0321561,0.0304425,0.0291338,0.0321498,0.0350418,0.0354807,0.042236,0.0507787,0.0672037,0.0873101,0.107321
518.488,0.0402878,0.0391379,0.0388159,0.0389352,0.0377399,0.0374368,0.0342812,0.0316882,0.0328825,0.0308302,0.0293375,0.0335466,0.0319396,0.0353474,0.0416025,0.0525325,0.0644946,0.0863255,0.10529
518.947,0.0421032,0.0395421,0.038544,0.0396684,0.0381495,0.0374347,0.0347642,0.0335905,0.0312669,0.0316128,0.0298426,0.0305362,0.0322204,0.0384417,0.0415468,0.0521841,0.0676763,0.0861363,0.104743
519.407,0.0423984,0.0423929,0.0419685,0.0399105,0.0383455,0.037351,0.0359949,0.035828,0.0333611,0.0341681,0.034115,0.0319988,0.0342749,0.0347835,0.0450414,0.0544143,0.0668067,0.0860788,0.111077
519.866,0.0427228,0.0415802,0.0420247,0.0392307,0.0396556,0.0386009,0.0347892,0.0349756,0.0319367,0.0329508,0.0340652,0.031604,0.0330429,0.0365803,0.0445944,0.0529783,0.0683688,0.0853539,0.110041
520.326,0.0416668,0.042149,0.03815,0.0393495,0.0405862,0.0361025,0.0350635,0.0336877,0.0341887,0.0316034,0.0302824,0.0308107,0.0308308,0.0365008,0.0445681,0.0530389,0.0657381,0.0864304,0.108458
520.785,0.0403562,0.0419425,0.0397313,0.0397179,0.0404295,0.0371594,0.0352752,0.0341446,0.0328334,0.0295903,0.03159,0.0318431,0.0334506,0.0382787,0.0434301,0.0520042,0.0679292,0.083039,0.110703
521.244,0.0430548,0.0399383,0.038158,0.0387924,0.0393786,0.0368145,0.0346843,0.0324649,0.0329688,0.0300909,0.0296979,0.0319429,0.0326117,0.0354932,0.0423062,0.0503266,0.0651122,0.0816687,0.107052
521.703,0.0391107,0.0384104,0.0423138,0.0404212,0.0407123,0.0387859,0.0356364,0.0320506,0.0317919,0.0339206,0.0304026,0.0330184,0.0330787,0.0351256,0.0432304,0.0511086,0.0654149,0.0875944,0.109575
522.162,0.0398256,0.0412373,0.0392225,0.0398059,0.0379307,0.0360822,0.0352109,0.0334465,0.0313084,0.0309898,0.0313042,0.0296363,0.0328161,0.0355663,0.0416986,0.0499377,0.0653171,0.0833826,0.107374
522.621,0.0416385,0.0411248,0.0403927,0.040311,0.0379827,0.0363955,0.0358817,0.0346004,0.0299917,0.0336357,0.0312558,0.0305334,0.0338371,0.0358281,0.0446922,0.0532473,0.0698215,0.0868776,0.108112
523.079,0.040505,0.0425513,0.0383625,0.0389477,0.0396449,0.036471,0.0363178,0.0353728,0.0324742,0.0342661,0.0315852,0.0309199,0.0336253,0.0369004,0.0437265,0.05138,0.0668826,0.0860093,0.109294
523.538,0.0389264,0.0413805,0.0377439,0.0400382,0.0378036,0.0370905,0.0345881,0.0337734,0.029923,0.0323058,0.0312722,0.0321828,0.0306434,0.0364008,0.0442874,0.0526272,0.0684109,0.0840461,0.105852
523.996,0.0382669,0.0380074,0.0379052,0.0385862,0.0368596,0.0379003,0.0340825,0.0332529,0.0311717,0.0322797,0.030467,0.0290501,0.0323495,0.0362895,0.041959,0.0495078,0.0669696,0.0846565,0.104227
524.455,0.0396615,0.037501,0.0386245,0.0395042,0.0372271,0.0347103,0.0335864,0.0329241,0.0305457,0.0322425,0.0284139,0.0307356,0.0347945,0.0378511,0.0405249,0.0528486,0.0647361,0.0845118,0.10487
524.913,0.042053,0.0420946,0.040007,0.0404141,0.0381552,0.0361303,0.0369803,0.036374,0.0328926,0.0322981,0.0328017,0.0311226,0.0338673,0.0365591,0.0439723,0.0552669,0.0684664,0.0863078,0.10944
525.371,0.043006,0.042951,0.0395569,0.0409147,0.0390096,0.0381437,0.0343814,0.0335016,0.0352972,0.0311919,0.0343765,0.0326933,0.0340004,0.0392177,0.0434026,0.0531977,0.0693917,0.0890529,0.112599
525.829,0.041715,0.0401803,0.041149,0.0416927,0.0392937,0.0384248,0.0358826,0.0353437,0.0323697,0.032198,0.0289775,0.0316616,0.0344047,0.0374377,0.0433984,0.0508315,0.0675455,0.089392,0.108967
526.286,0.0431332,0.039939,0.040032,0.0389366,0.0372819,0.0354889,0.0334193,0.0350093,0.0329605,0.0330044,0.0295577,0.0328948,0.0334015,0.0389993,0.0426653,0.0516761,0.0661568,0.0857128,0.108089
526.744,0.0399752,0.0401732,0.0424615,0.0422391,0.0399521,0.0376313,0.0361736,0.0352747,0.0331142,0.0312298,0.0312616,0.0325431,0.0367074,0.0395994,0.0437869,0.0519951,0.0641879,0.0876826,0.108483
527.202,0.042608,0.0404334,0.0384566,0.0395311,0.038731,0.0381061,0.0351809,0.0355636,0.0339945,0.0307879,0.0328021,0.0315687,0.0345445,0.0371467,0.0427886,0.0523953,0.0686575,0.0858702,0.106471
527.659,0.0397171,0.040367,0.0406312,0.0383507,0.0390743,0.037737,0.0350716,0.034343,0.0316567,0.0334876,0.0334806,0.0317004,0.0333752,0.0358556,0.0438085,0.0530004,0.0660535,0.084871,0.109413
528.117,0.0411575,0.0423908,0.0405924,0.0407993,0.0390193,0.0373669,0.035696,0.0322063,0.0311995,0.0321147,0.0309622,0.0326908,0.0371565,0.0363467,0.0442886,0.0531854,0.0688407,0.0876813,0.109517
528.574,0.039028,0.0391294,0.0382787,0.0376799,0.0344449,0.0360582,0.0340337,0.032162,0.0283519,0.0281712,0.0296055,0.0288964,0.0304017,0.0334211,0.0409737,0.0506375,0.064515,0.0831057,0.106795
529.031,0.0407139,0.0401417,0.0390535,0.0391384,0.038498,0.0377911,0.0345789,0.0340912,0.0330165,0.0312173,0.032057,0.0321378,0.0327794,0.0368325,0.0397135,0.0520451,0.0646482,0.0858163,0.107598
529.488,0.0414522,0.0404043,0.0390886,0.0390199,0.0387066,0.0347242,0.0309091,0.0331619,0.0323101,0.0301622,0.0280541,0.0282656,0.0329976,0.0350854,0.0410136,0.0493937,0.0658594,0.0823507,0.105641
529.945,0.0379431,0.0394695,0.0391681,0.0401976,0.0376048,0.0350769,0.0324976,0.0301256,0.0312428,0.0302029,0.0315098,0.03215,0.0291648,0.0346196,0.0409944,0.0485169,0.0649271,0.0839874,0.105138
530.402,0.0414545,0.0414611,0.0420421,0.0395398,0.0382993,0.0400655,0.0358258,0.0357167,0.0340525,0.0330491,0.03344,0.03256,0.0323044,0.037159,0.0431955,0.0521793,0.0663036,0.0853754,0.109296
530.858,0.0408105,0.0404866,0.0426235,0.0383492,0.0366596,0.0348119,0.0340533,0.0357922,0.0303227,0.0300186,0.0311579,0.0308853,0.031909,0.036873,0.0436856,0.0524713,0.0655814,0.0847309,0.10893
531.315,0.0384785,0.0396733,0.0371151,0.0382767,0.0366344,0.0362501,0.0339348,0.0312472,0.0335193,0.030949,0.0291293,0.0294436,0.0311084,0.0353507,0.0394383,0.0506226,0.0631491,0.0847671,0.1045
531.771,0.0398223,0.0390202,0.0389466,0.038404,0.0377191,0.0347904,0.0351969,0.0331932,0.0317506,0.0305027,0.0282873,0.0301242,0.0329106,0.036168,0.0407329,0.0502248,0.0661684,0.0830174,0.108277
532.227,0.0409314,0.0390936,0.0382727,0.038463,0.0361718,0.0336714,0.0340884,0.0317394,0.0304397,0.0295,0.0270232,0.0302561,0.0325893,0.036511,0.0411254,0.0508497,0.0674279,0.0842067,0.107697
532.684,0.0387823,0.0403546,0.0373089,0.0382251,0.0368569,0.0360421,0.033811,0.0323389,0.0333426,0.0309009,0.0307615,0.0298992,0.032538,0.0367122,0.0416621,0.0501692,0.0648012,0.0852236,0.105554
533.14,0.0388873,0.0410663,0.040797,0.0370916,0.0383664,0.0362047,0.0342126,0.0337026,0.0318464,0.0304111,0.0298491,0.0304856,0.033849,0.0360689,0.0404209,0.0505073,0.0651769,0.0841209,0.108671
533.596,0.0400342,0.0416195,0.0393339,0.038058,0.0381118,0.0387253,0.0360753,0.0338114,0.0315578,0.033574,0.03373,0.0308398,0.0333633,0.0358816,0.0442312,0.0522091,0.068432,0.0849498,0.108935
534.051,0.0419095,0.0385995,0.0385133,0.0386072,0.0377822,0.0371544,0.0321399,0.0336807,0.030566,0.0304309,0.0299168,0.0302849,0.0310656,0.034909,0.0415807,0.0500333,0.0639101,0.0839274,0.102879
534.507,0.0387699,0.0394051,0.0376105,0.039317,0.0363605,0.0359768,0.0334733,0.0323674,0.029949,0.0314623,0.0297979,0.0286439,0.0308682,0.0359763,0.0409751,0.0499609,0.06271,0.079639,0.107168
534.963,0.0379933,0.0376306,0.0389818,0.0382033,0.0382203,0.0376093,0.0316837,0.0300376,0.0295829,0.0270586,0.0280784,0.0287792,0.0329389,0.0360096,0.0409919,0.0499766,0.0679648,0.0809549,0.1035
535.418,0.0365479,0.040119,0.0387647,0.0350584,0.0359841,0.034284,0.0332376,0.0340402,0.0319176,0.0293764,0.0302433,0.0291599,0.0327538,0.0352157,0.042284,0.0494983,0.0648842,0.0822861,0.103152
535.873,0.0408867,0.0424516,0.041602,0.0402553,0.0390341,0.036077,0.0355623,0.0347252,0.0331737,0.0308718,0.0310799,0.0317754,0.034021,0.0364438,0.0415334,0.052905,0.0678752,0.0871106,0.109265
536.329,0.0385845,0.039281,0.0399586,0.0375997,0.0368864,0.0362664,0.0347878,0.0313045,0.0332128,0.0299477,0.030269,0.0293621,0.0307493,0.0361341,0.0428165,0.051029,0.0661432,0.0838442,0.107935
536.784,0.0415131,0.0410718,0.0399356,0.0379832,0.0377495,0.036458,0.0362072,0.0328865,0.0325769,0.0318157,0.0324095,0.0316021,0.0330369,0.0376084,0.0414581,0.0545992,0.0662232,0.0877445,0.109063
537.239,0.041297,0.0402923,0.0392794,0.0393621,0.0378756,0.0350042,0.0336157,0.0301351,0.0333616,0.030695,0.0308773,0.0297743,0.0315254,0.0360972,0.0420986,0.049686,0.0669323,0.0862234,0.107782
537.694,0.0400682,0.0421772,0.0384386,0.0380717,0.037373,0.0343723,0.0355181,0.0345492,0.0332408,0.0310772,0.0299849,0.0306226,0.0344323,0.0370612,0.0431203,0.0505036,0.0639267,0.0880504,0.106312
538.148,0.0391307,0.0381829,0.0367831,0.0368029,0.0369559,0.0356754,0.0333606,0.0317895,0.0294874,0.0270205,0.0296662,0.0294457,0.0318497,0.0367899,0.0412971,0.0507103,0.0652361,0.0832364,0.106003
538.603,0.0398323,0.0415609,0.0398074,0.0388781,0.0366334,0.0370799,0.0353861,0.0330744,0.0308368,0.0303255,0.0286571,0.0320674,0.0338477,0.0339583,0.0416589,0.0535554,0.0632892,0.0856521,0.109054
539.058,0.0415772,0.0399837,0.0395998,0.0385402,0.0375073,0.0332464,0.0366794,0.0357174,0.0336264,0.0319528,0.0312881,0.0306297,0.0327835,0.0359163,0.0411467,0.0524751,0.0667499,0.0853742,0.108274
539.512,0.0402658,0.0432007,0.0423344,0.0406134,0.038623,0.0369428,0.0347565,0.034461,0.0339356,0.0320483,0.0310823,0.033141,0.035405,0.0375412,0.0431229,0.0526025,0.0686224,0.0855843,0.109194
539.966,0.0398006,0.0404095,0.0397542,0.0403375,0.0383493,0.0367971,0.0341624,0.0355684,0.0337053,0.0294876,0.0306738,0.0323092,0.0341941,0.0404569,0.0410542,0.0512244,0.0679138,0.0874056,0.106946
540.421,0.0397301,0.0405662,0.0385215,0.0371978,0.0373276,0.0372172,0.0340221,0.0329443,0.0327294,0.0311845,0.0310327,0.0293146,0.0341471,0.0346994,0.039235,0.0522288,0.0632392,0.0836934,0.107095
540.875,0.0409897,0.0393495,0.0384632,0.037991,0.0389202,0.0347479,0.0345552,0.0339286,0.034401,0.0302051,0.0304747,0.0305119,0.0338698,0.035392,0.0424931,0.0517911,0.0666013,0.085186,0.110132
541.329,0.0408338,0.0427387,0.0385258,0.038999,0.0383719,0.0335816,0.034399,0.0328907,0.0333944,0.0308455,0.0311237,0.028853,0.0316568,0.0354308,0.0437933,0.0506516,0.0658075,0.0844072,0.106792
541.782,0.0409718,0.0396829,0.0365416,0.0387681,0.0372465,0.0364247,0.034467,0.030987,0.0299148,0.0299697,0.0304255,0.030147,0.0316113,0.0336728,0.0407419,0.0515149,0.0644013,0.0848342,0.109629
542.236,0.041167,0.0404682,0.0401256,0.0392318,0.039563,0.0367703,0.0364623,0.0327002,0.0310532,0.0298134,0.0312485,0.0329959,0.0346853,0.036005,0.0418287,0.0529863,0.0661079,0.0836432,0.106847
542.69,0.0397249,0.0389632,0.0376375,0.0394368,0.0367501,0.0359012,0.0348465,0.0305342,0.0314708,0.0290567,0.029203,0.0306079,0.0316038,0.0370146,0.0420136,0.0499797,0.0649174,0.0843836,0.1087
543.143,0.0408268,0.0408424,0.0398865,0.0403236,0.0383466,0.0363995,0.0344268,0.0339971,0.0319258,0.0314673,0.0297501,0.0309591,0.0320289,0.0365422,0.0430293,0.0538934,0.0652552,0.0840458,0.106745
543.597,0.040755,0.0398241,0.0401868,0.0397808,0.0357998,0.0351603,0.0344896,0.0321509,0.0333023,0.0318137,0.0318919,0.029924,0.0325809,0.0361443,0.0426248,0.0512517,0.0654782,0.0841311,0.109661
544.05,0.0415637,0.0416568,0.0389004,0.0384183,0.03764,0.0362305,0.0338293,0.0332338,0.0334567,0.0322671,0.0327445,0.0305701,0.0334907,0.0372823,0.0445602,0.0530898,0.0660849,0.0865691,0.107023
544.503,0.0374237,0.0404023,0.0381742,0.0380296,0.0351266,0.0348378,0.0348967,0.0330316,0.0308668,0.0312833,0.0310718,0.0294174,0.0318831,0.0337791,0.0424848,0.0493386,0.0658485,0.0836566,0.106247
544.956,0.039747,0.0382621,0.0410229,0.0399311,0.0381448,0.0339435,0.0329217,0.0319976,0.0317134,0.0284244,0.029417,0.0312598,0.02943,0.0365131,0.0398768,0.0495879,0.0655986,0.081734,0.105524
545.409,0.0420688,0.0415713,0.0408504,0.0404165,0.0405367,0.036779,0.0369261,0.0335439,0.0327506,0.0326763,0.0292602,0.0329413,0.0320055,0.0376696,0.0414014,0.0528569,0.0690704,0.0848033,0.110745
545.862,0.0396948,0.0405778,0.0404876,0.0384179,0.0384371,0.0371847,0.036048,0.0350859,0.0321134,0.030983,0.0322167,0.0320542,0.0329078,0.034762,0.0447929,0.0507441,0.068298,0.0845521,0.107077
546.314,0.0409881,0.0424418,0.0415622,0.0391722,0.0384512,0.0370433,0.0361341,0.0329624,0.0328752,0.0331409,0.0305566,0.0332835,0.0340495,0.0380175,0.0423892,0.0521995,0.0658314,0.0851876,0.109291
546.767,0.0411948,0.0391481,0.0369384,0.0400336,0.0398528,0.0362635,0.0349502,0.03456,0.0327034,0.0326294,0.0305882,0.0329122,0.0330761,0.0376955,0.0429752,0.0513299,0.0659417,0.0838491,0.108605
547.219,0.0394268,0.0404949,0.0396273,0.039171,0.0382331,0.0358651,0.0363675,0.0333132,0.0317226,0.0319587,0.0307385,0.028946,0.0338153,0.0340691,0.0420849,0.0522413,0.0652734,0.0856646,0.104874
547.672,0.0400796,0.0385467,0.0391182,0.0386342,0.0375659,0.0357011,0.0352706,0.0320585,0.0308864,0.030241,0.0302479,0.0304636,0.0320296,0.0354706,0.0415796,0.0506595,0.0659991,0.0852514,0.104207
548.124,0.0404189,0.0402402,0.0377699,0.0364139,0.0376848,0.035549,0.0328406,0.0314648,0.0333833,0.0304899,0.0280702,0.0280641,0.0323068,0.0357025,0.041151,0.0496748,0.0654785,0.0837217,0.104979
548.576,0.0395204,0.0368953,0.0377016,0.0361416,0.0348321,0.0344731,0.0337588,0.0308739,0.0302924,0.0277562,0.0277566,0.0292674,0.0319665,0.032131,0.0394546,0.0476156,0.063905,0.0802162,0.104671
549.028,0.0391837,0.0410546,0.0396922,0.0355189,0.039007,0.0339398,0.0352481,0.0319852,0.0314653,0.03169,0.0291486,0.0308568,0.0317868,0.0355107,0.0415827,0.0502021,0.0664616,0.0840918,0.106425
549.48,0.0419345,0.0392049,0.0417161,0.0386906,0.0387788,0.0379339,0.0375002,0.0339544,0.0335308,0.0327507,0.0301743,0.0315869,0.0329249,0.035533,0.042768,0.0533697,0.0698768,0.0860157,0.107945
549.931,0.0386722,0.0396945,0.0379694,0.0396774,0.0367948,0.034505,0.0330993,0.0322319,0.0294114,0.0293738,0.0308165,0.0315484,0.033257,0.0344703,0.0423325,0.0514396,0.0617474,0.0840311,0.109257
550.383,0.0388107,0.0415113,0.039935,0.0378507,0.0389332,0.0366316,0.0349343,0.0333442,0.0310957,0.0307638,0.0304763,0.0305246,0.032883,0.0381814,0.0431625,0.0514247,0.0649163,0.0846181,0.107921
550.834,0.0387521,0.0381026,0.0395368,0.0380162,0.0371325,0.035845,0.0331373,0.0325772,0.0310672,0.0293884,0.0287512,0.0311391,0.0307894,0.0365648,0.0409423,0.0498159,0.0639038,0.0802992,0.10307
551.286,0.0371654,0.0408671,0.0391049,0.0365914,0.0386194,0.0341527,0.0349245,0.0323108,0.0310197,0.0301771,0.0297932,0.0299779,0.0318187,0.0373613,0.0417181,0.0510556,0.0653671,0.0828221,0.106591
551.737,0.0390737,0.0382006,0.041397,0.038464,0.0387001,0.0351469,0.0331697,0.0347611,0.0313538,0.0297727,0.0310319,0.0304323,0.0323109,0.038642,0.0427991,0.0482889,0.0683389,0.0867737,0.105474
552.188,0.0396989,0.0389242,0.0388218,0.0375285,0.0359104,0.0352862,0.0359103,0.0326331,0.0300014,0.0300058,0.029923,0.030033,0.0318288,0.0365173,0.0418148,0.0505496,0.0686556,0.0885162,0.105268
552.639,0.0392392,0.0394864,0.0388934,0.0379186,0.0371004,0.036825,0.0352996,0.034405,0.0316289,0.0309358,0.0304458,0.0316977,0.0312892,0.0369621,0.0443329,0.0500856,0.0641174,0.0850224,0.104521
553.09,0.0399512,0.043102,0.0413073,0.0394444,0.0381004,0.0360186,0.0366949,0.034033,0.0311054,0.0309969,0.0310414,0.0317998,0.0309182,0.0362591,0.0428362,0.0527237,0.0664819,0.0850896,0.109326
553.541,0.0370668,0.0400309,0.0382958,0.0370529,0.0351219,0.0350078,0.0329689,0.0320406,0.030728,0.0304281,0.027165,0.028814,0.0316668,0.035141,0.0400387,0.0510047,0.0637699,0.0857908,0.103836
553.992,0.0383446,0.0386628,0.0388001,0.0367566,0.0391792,0.0359755,0.0349897,0.0311294,0.0303781,0.0316623,0.0314382,0.0319951,0.031546,0.0356203,0.0410065,0.0510396,0.0651122,0.0832542,0.108841
554.442,0.0409651,0.03933,0.039007,0.0383607,0.0379971,0.0365241,0.0334467,0.0342948,0.0321268,0.0333921,0.0296538,0.0311857,0.0327195,0.0363753,0.0418244,0.0494742,0.0662953,0.0850343,0.108091
554.893,0.0401248,0.038355,0.0374969,0.0381968,0.0369666,0.0336896,0.0340989,0.0324699,0.0333595,0.0304547,0.0310898,0.0289928,0.0340272,0.0342701,0.0423032,0.0503538,0.0642105,0.0838479,0.106336
555.343,0.0410268,0.0390687,0.0392286,0.0400023,0.0381946,0.0354942,0.0350778,0.0330277,0.0314615,0.0312884,0.030578,0.0309902,0.0327528,0.0369383,0.0425789,0.052432,0.0666458,0.0842666,0.106162
555.793,0.0407994,0.0414311,0.0399346,0.0390829,0.0379688,0.0371641,0.0355026,0.033866,0.0305716,0.0320423,0.0307255,0.0333246,0.0330416,0.0358057,0.0410096,0.0503138,0.0661104,0.0851384,0.106964
556.243,0.0407664,0.0396145,0.0384649,0.0375014,0.0361697,0.0350048,0.0350817,0.0324656,0.0312073,0.0284792,0.0298616,0.0289797,0.0318352,0.0337768,0.0402453,0.0506084,0.0635428,0.0824216,0.107498
556.693,0.0402721,0.0407834,0.0376091,0.0390614,0.0388389,0.0374655,0.0344222,0.0324771,0.0315553,0.0295692,0.0315263,0.0334496,0.031424,0.0370072,0.0415148,0.0513637,0.0659484,0.0831815,0.10902
557.143,0.0366889,0.0385387,0.0380019,0.036526,0.0384369,0.0343594,0.033401,0.0328725,0.0283183,0.0295395,0.030303,0.0295582,0.031925,0.034267,0.0387059,0.050363,0.0603334,0.0815037,0.106294
557.593,0.0385725,0.0398522,0.0379731,0.0397805,0.037308,0.0364028,0.0352763,0.0329183,0.0296987,0.0311626,0.0306119,0.0310357,0.031152,0.0356205,0.0424439,0.0515161,0.0673045,0.0842533,0.107572
558.042,0.039214,0.0393593,0.0384083,0.0350193,0.0386814,0.0360297,0.0349725,0.0328425,0.0313781,0.0284554,0.0304112,0.0311289,0.0316324,0.0363536,0.0405733,0.0509599,0.0643694,0.0837069,0.107206
558.492,0.0378813,0.0391333,0.0391187,0.0378352,0.0375189,0.0344393,0.033689,0.0333346,0.031099,0.030622,0.0301655,0.0310496,0.0311717,0.0366072,0.0407465,0.0505604,0.0651211,0.082156,0.104273
558.941,0.0366674,0.0386727,0.0398578,0.039343,0.0388907,0.0363052,0.0353341,0.0321075,0.0315734,0.0303202,0.0317458,0.0317755,0.0330409,0.0380591,0.0407829,0.0517853,0.0658309,0.0845885,0.107361
559.39,0.038717,0.0394713,0.0389491,0.0375081,0.0391267,0.0369811,0.0333094,0.0312697,0.0306813,0.0309837,0.029271,0.030131,0.0321937,0.0358065,0.0424189,0.0515954,0.0651425,0.0818619,0.104049
559.839,0.0388136,0.0387292,0.0379577,0.0364413,0.0347599,0.0350138,0.0342668,0.032633,0.0307775,0.0291566,0.0272888,0.0289153,0.0304819,0.0357914,0.0396241,0.0501518,0.0633014,0.0817629,0.105337
560.288,0.0376032,0.0394085,0.0378347,0.0383584,0.0376398,0.03601,0.0347634,0.0329209,0.031271,0.0291503,0.0289977,0.0325527,0.0322208,0.0368675,0.0424741,0.0504392,0.0665417,0.0852286,0.106999
560.737,0.0377415,0.0403693,0.0384751,0.0360238,0.0350171,0.0350471,0.0312139,0.0329542,0.0305069,0.0298669,0.0296517,0.0302009,0.0315964,0.0350759,0.041304,0.0506539,0.0644974,0.0828114,0.104741
561.186,0.041013,0.0397775,0.0388986,0.0388723,0.0392644,0.0379143,0.0354843,0.0339143,0.0309735,0.0318696,0.0312407,0.0312353,0.0320645,0.0358232,0.0435207,0.0506824,0.0649633,0.0873317,0.1086
561.635,0.0381793,0.0397842,0.0388028,0.0381361,0.0374294,0.035799,0.0350464,0.033135,0.0303183,0.0299839,0.0290926,0.0299893,0.0327641,0.0361903,0.042221,0.0525165,0.063895,0.0821441,0.105673
562.083,0.0382953,0.0391343,0.0392356,0.0383045,0.034915,0.0350667,0.0341283,0.0315453,0.0291844,0.0290931,0.0303207,0.029556,0.0331669,0.0331376,0.0417488,0.0504279,0.066784,0.0849189,0.108231
562.532,0.0376832,0.0384087,0.0391718,0.0353189,0.0364888,0.0339187,0.0320699,0.0310725,0.0318661,0.0298211,0.0280507,0.02947,0.0321217,0.0362241,0.0403812,0.0484474,0.0631318,0.0820885,0.107676
562.98,0.0413241,0.0403784,0.0396288,0.0365666,0.036075,0.0354362,0.0338762,0.0318099,0.0318373,0.0309194,0.0303523,0.029935,0.0336053,0.0369452,0.0433342,0.0510287,0.0654001,0.0838423,0.106736
563.428,0.0390177,0.0392798,0.0378552,0.0369733,0.0368574,0.036301,0.0332846,0.0313316,0.029994,0.0293397,0.0277174,0.0283201,0.0319334,0.0350833,0.0416738,0.050958,0.0635917,0.0836686,0.108053
563.876,0.0369863,0.0375196,0.0361369,0.0368168,0.0356663,0.0340265,0.0316746,0.0299855,0.0299493,0.0298399,0.028106,0.0294425,0.0324085,0.0332938,0.0405899,0.0501097,0.0657417,0.0816226,0.106722
564.324,0.0391323,0.0396484,0.0382879,0.0377485,0.0361062,0.0346416,0.0330999,0.0312301,0.0296924,0.0292536,0.02893,0.0315718,0.0300965,0.0339024,0.0420123,0.0498597,0.0649487,0.0850147,0.107728
564.772,0.0381526,0.0382045,0.0377385,0.0379641,0.0362016,0.0368585,0.0333615,0.0322737,0.0307076,0.0312428,0.0293276,0.0288471,0.0320075,0.0358545,0.0407616,0.0501183,0.0632001,0.0836122,0.107045
565.22,0.0401298,0.0388465,0.0386902,0.0386852,0.038815,0.0371705,0.0335467,0.0330423,0.032629,0.0314877,0.031087,0.0323429,0.0328105,0.034645,0.0431995,0.0510482,0.0662321,0.0860975,0.109752
565.667,0.0394693,0.0381505,0.0378024,0.0376607,0.0366606,0.0358519,0.035118,0.0327505,0.030881,0.0306664,0.0290755,0.0291378,0.0325084,0.0355716,0.0404828,0.0495931,0.065215,0.0808278,0.107329
566.115,0.0392317,0.0390657,0.038607,0.0381073,0.0373182,0.0339511,0.0337712,0.0323982,0.030896,0.0285829,0.0283796,0.0289194,0.0327817,0.0349901,0.0408017,0.0507081,0.0658373,0.0847777,0.108853
566.562,0.0386489,0.0384105,0.0372686,0.037457,0.036352,0.0337336,0.0334242,0.0323545,0.0314285,0.0289299,0.030101,0.0308098,0.0302298,0.0359671,0.041479,0.0472994,0.0639391,0.0850753,0.110398
567.01,0.0384313,0.0381046,0.03856,0.0381598,0.0356104,0.0341456,0.0332016,0.0344284,0.0314942,0.0303943,0.0309369,0.0281652,0.0320876,0.0324054,0.0417099,0.0517941,0.0650605,0.0835807,0.10744
567.457,0.0400752,0.0386463,0.0407167,0.0396572,0.0371443,0.0354943,0.0345114,0.0319665,0.0316093,0.0322822,0.0306776,0.0318695,0.0332825,0.0359782,0.0420268,0.0523252,0.0650643,0.0849259,0.108443
567.904,0.0390649,0.0393862,0.0401674,0.0398594,0.0381114,0.0349431,0.0354187,0.0340136,0.0314171,0.030716,0.0279922,0.0313839,0.0325531,0.0351898,0.0420088,0.0517586,0.0676324,0.084741,0.108132
568.351,0.0393021,0.039858,0.0388572,0.0387258,0.0372551,0.0345203,0.0347238,0.0324397,0.0309538,0.0295679,0.0285353,0.0309677,0.0320344,0.0357624,0.0400196,0.0512865,0.0670953,0.085463,0.107054
568.797,0.0390775,0.0383357,0.0374124,0.0363196,0.0358871,0.0346938,0.0348356,0.0316583,0.0308285,0.031596,0.0291766,0.03134,0.0303057,0.0346998,0.0412965,0.0520565,0.0649688,0.0831617,0.106672
569.244,0.039974,0.0404668,0.0397117,0.0393684,0.0391535,0.0351124,0.0356614,0.0331175,0.0323779,0.0313967,0.0310794,0.0321789,0.032849,0.0370078,0.0437809,0.0549631,0.0656676,0.0861237,0.108751
569.691,0.0369747,0.037891,0.0377051,0.0378262,0.0362295,0.0322315,0.0333682,0.0306318,0.0301025,0.0293932,0.0294173,0.0303706,0.0299159,0.0348028,0.0400849,0.0498903,0.0626836,0.0822088,0.105772
570.137,0.0396183,0.0407392,0.0376968,0.0382122,0.0377783,0.0376051,0.0352969,0.0318691,0.0307356,0.0305718,0.031146,0.0299056,0.0321252,0.0363738,0.0429001,0.0525031,0.0661689,0.0881725,0.108015
570.583,0.0390426,0.0409783,0.0395425,0.0393626,0.0369755,0.0369207,0.0345456,0.0332699,0.0314518,0.0313631,0.0311203,0.0314274,0.0337165,0.0351308,0.042576,0.0525256,0.0655633,0.0849912,0.108307
571.03,0.0422146,0.0391557,0.0399937,0.0398027,0.0388541,0.0355995,0.0352267,0.033471,0.0323482,0.0310867,0.0302693,0.0307007,0.033616,0.0376554,0.0404746,0.0528031,0.0640369,0.0847192,0.109955
571.476,0.0372011,0.0379918,0.0357508,0.0375428,0.0352284,0.0329619,0.0346129,0.0319656,0.030907,0.0299173,0.0293077,0.0289899,0.0298811,0.0336599,0.0392805,0.050896,0.0629739,0.0830123,0.105885
571.922,0.0400055,0.039315,0.0383468,0.0395335,0.0378665,0.0369601,0.0338172,0.032146,0.0303631,0.0312428,0.0294728,0.0304467,0.0301717,0.0355004,0.041552,0.0512828,0.0630944,0.0840981,0.105939
572.367,0.0398276,0.0405568,0.0415841,0.0383003,0.0388906,0.0369157,0.0337551,0.034428,0.0311094,0.0330816,0.0309648,0.0315684,0.0318517,0.0361295,0.0415017,0.0516195,0.0657291,0.0856162,0.107338
572.813,0.0401907,0.0395803,0.0392005,0.0384615,0.0365671,0.0355001,0.0317299,0.0319271,0.0299933,0.0299223,0.0307639,0.0292049,0.0325544,0.0361594,0.042707,0.0509526,0.063336,0.0833809,0.107409
573.259,0.0393148,0.0369734,0.0407824,0.0372156,0.0371602,0.0350437,0.0336966,0.0322162,0.0296721,0.029318,0.0276603,0.0297469,0.0309311,0.0349047,0.0417335,0.0500194,0.0648313,0.0827091,0.109322
573.704,0.0405424,0.0388109,0.0398863,0.0373348,0.035916,0.0361002,0.0338826,0.0314524,0.0308985,0.0301911,0.0312434,0.0282803,0.0303241,0.0347758,0.0411483,0.0493555,0.0645855,0.0833869,0.107941
574.15,0.0379004,0.0375534,0.0387137,0.0372018,0.036373,0.0338917,0.0334459,0.0313823,0.0309025,0.0287038,0.0289577,0.0302665,0.0305464,0.0339569,0.040418,0.0512057,0.0653975,0.0843643,0.10794
574.595,0.0409574,0.0367249,0.0383107,0.0379748,0.0378954,0.0364948,0.0337172,0.0324208,0.030876,0.0305823,0.0300771,0.0318199,0.0313813,0.0374289,0.0414784,0.0511772,0.0690651,0.0868009,0.105428
575.04,0.0420201,0.0405804,0.0399508,0.0380432,0.0365026,0.0369666,0.0342634,0.0336855,0.0324011,0.0317863,0.0315047,0.0310039,0.0328375,0.036279,0.0447561,0.0512046,0.06529,0.0839114,0.108675
575.485,0.0390202,0.038523,0.0385073,0.0364145,0.0359613,0.0335973,0.0321722,0.0314493,0.0306885,0.0296123,0.028635,0.030899,0.0295598,0.0334486,0.0395078,0.0507261,0.0646677,0.0817658,0.104936
575.93,0.0380102,0.03962,0.0378628,0.0367246,0.0370177,0.0331693,0.0350172,0.0322454,0.0297819,0.0295966,0.0284991,0.0310869,0.0310582,0.0344623,0.0423588,0.0504986,0.0650997,0.0836628,0.108026
576.375,0.0396308,0.0388864,0.0374993,0.0386003,0.0362325,0.0346603,0.0316008,0.0325398,0.030327,0.0296504,0.0297256,0.028834,0.0314186,0.0349824,0.039732,0.0513486,0.0653652,0.0822403,0.106742
576.819,0.0401756,0.0403022,0.0400391,0.040724,0.0393195,0.0360917,0.0359369,0.0318956,0.0321472,0.030112,0.0316726,0.0316788,0.0339948,0.0386238,0.0413864,0.0501126,0.0641211,0.0879126,0.111349
577.264,0.0373496,0.0409045,0.0391099,0.0384444,0.037779,0.0365755,0.0327607,0.0319573,0.0312395,0.0319359,0.0300472,0.0311515,0.0331019,0.0352023,0.0430906,0.0504024,0.0654482,0.084962,0.109645
577.708,0.0386652,0.0380789,0.0382849,0.0358262,0.0349214,0.0344114,0.0320629,0.0328944,0.0291578,0.0306092,0.0284696,0.029212,0.0314035,0.0341288,0.0408794,0.0493988,0.0637035,0.0847175,0.106789
578.153,0.0403013,0.0400399,0.0393713,0.0373649,0.036874,0.0353274,0.0343863,0.0323711,0.0304046,0.031192,0.0307106,0.0293053,0.0319569,0.035072,0.0404484,0.0487731,0.0637801,0.0855308,0.10531
578.597,0.0384688,0.0362455,0.0373728,0.0374224,0.0369994,0.0337649,0.0330958,0.0321077,0.0284448,0.0298542,0.0278561,0.0278819,0.0310008,0.0336271,0.0412231,0.0479989,0.0626743,0.0808174,0.103427
579.041,0.0372918,0.0377483,0.0376132,0.0359817,0.033429,0.0339985,0.033847,0.0300696,0.0292799,0.0292692,0.0292811,0.0280952,0.0316462,0.0338316,0.0400421,0.0504977,0.0630147,0.0843628,0.104991
579.485,0.0381485,0.0380638,0.0381738,0.0384724,0.0368764,0.0354074,0.0351319,0.0332092,0.0321193,0.030346,0.0289783,0.028335,0.0316613,0.0345859,0.0422305,0.0511622,0.0651532,0.0856686,0.10773
579.929,0.0397301,0.0393968,0.0386606,0.0378217,0.0364485,0.0345193,0.0342328,0.0329223,0.0316996,0.0308021,0.0308256,0.0317201,0.0330034,0.0356237,0.0440701,0.0503558,0.0654352,0.0859576,0.106608
580.372,0.0379953,0.0397094,0.0392948,0.0360444,0.0378155,0.0359803,0.0327501,0.0317366,0.0304331,0.0300908,0.0300864,0.0315381,0.0318446,0.0362089,0.0421844,0.0509253,0.064762,0.0849099,0.106814
580.816,0.039394,0.0388658,0.039752,0.0391605,0.0373307,0.0348219,0.0326776,0.0325583,0.0304523,0.0298474,0.0299963,0.0299649,0.0333411,0.0373077,0.0429274,0.0509923,0.0647082,0.08417,0.108616
581.259,0.0380035,0.0379649,0.0396763,0.0371947,0.0382104,0.0357075,0.0338629,0.0334601,0.0309537,0.0295718,0.0297146,0.0293965,0.0319287,0.037388,0.041794,0.0525754,0.0628684,0.0826611,0.107999
581.703,0.0411367,0.0406675,0.0395782,0.0385226,0.0376276,0.0360186,0.035608,0.033321,0.0331999,0.031405,0.0315029,0.0317201,0.0319036,0.036737,0.0415221,0.0514091,0.0638429,0.0825418,0.1083
582.146,0.0400744,0.0388985,0.0391734,0.038301,0.0377268,0.0360507,0.0339097,0.0319583,0.0302492,0.0303901,0.0298469,0.030683,0.0314191,0.0354758,0.0407462,0.0508322,0.0650291,0.0829987,0.107559
582.589,0.0381083,0.0397414,0.0382006,0.0372364,0.0366822,0.0348684,0.0337517,0.0324554,0.0302299,0.0302375,0.0298562,0.0301372,0.0310862,0.0363091,0.0421491,0.0482056,0.0635999,0.0840473,0.107415
583.032,0.0378619,0.0404306,0.0379627,0.0389333,0.03697,0.0360601,0.033231,0.0308235,0.0309518,0.0303843,0.0309807,0.0292341,0.0306365,0.0337183,0.0399013,0.0501237,0.0634264,0.0837259,0.105513
583.475,0.0378488,0.0396003,0.0391712,0.0387981,0.0371243,0.034642,0.0341481,0.0339421,0.0310438,0.0293416,0.0302726,0.030184,0.0319546,0.0355762,0.0410299,0.0504382,0.0655885,0.0837627,0.107159
583.918,0.0386637,0.0377399,0.0368414,0.0377194,0.0361241,0.0348335,0.0320376,0.0309388,0.0304197,0.0288312,0.0291689,0.0291211,0.031939,0.0342254,0.0405425,0.051808,0.0634328,0.0823111,0.104721
584.36,0.0377536,0.0384587,0.0362573,0.0364756,0.0360411,0.0351163,0.0331588,0.03178,0.0308079,0.0284228,0.0297425,0.0298893,0.0312725,0.0332936,0.0394007,0.0485319,0.0642658,0.0824026,0.105046
584.803,0.040294,0.0400635,0.0382725,0.0382918,0.0369055,0.0366221,0.0338107,0.0320416,0.0292765,0.030597,0.0299542,0.0295697,0.0309739,0.0357026,0.0404931,0.051084,0.0648177,0.0852776,0.108334
585.245,0.0401359,0.0394657,0.0383947,0.0382986,0.0362208,0.0354606,0.0338812,0.0325289,0.0323988,0.0311487,0.0299556,0.0314428,0.031842,0.0352922,0.0428731,0.0504771,0.0643767,0.0856518,0.108401
585.688,0.0384894,0.0395728,0.0381636,0.0373826,0.0369465,0.0331311,0.0312059,0.0311044,0.0295917,0.0284564,0.0283447,0.0284428,0.0308011,0.0363715,0.0403584,0.0501718,0.0632646,0.0843675,0.10579
586.13,0.038896,0.0379876,0.0392167,0.0376231,0.0369969,0.0330466,0.0321283,0.032264,0.0315067,0.0302163,0.027626,0.028509,0.0305826,0.0340712,0.0422068,0.052012,0.065065,0.0825105,0.107671
586.572,0.0380758,0.0371258,0.0370559,0.037368,0.0361424,0.0337724,0.0332294,0.0320774,0.0296625,0.0292963,0.0281653,0.0298727,0.0307765,0.0360017,0.040552,0.0504232,0.0631795,0.0815776,0.105854
587.014,0.038714,0.0361715,0.037857,0.0369594,0.0341158,0.0345832,0.0323307,0.0312231,0.0288405,0.0284668,0.0275368,0.0283913,0.0315501,0.0338492,0.0410878,0.0479471,0.0627812,0.0848215,0.107167
587.456,0.0390567,0.0384398,0.0379405,0.0372493,0.0348645,0.0344692,0.0331423,0.0321344,0.0305393,0.0292939,0.0276494,0.0294686,0.0317489,0.0357808,0.0397097,0.0508121,0.0650889,0.0862068,0.107205
587.897,0.039958,0.0390154,0.0390554,0.0367711,0.0368431,0.0342183,0.034688,0.0317327,0.0312729,0.0305013,0.0288659,0.032465,0.0335206,0.0364715,0.0404335,0.051168,0.0651649,0.0843081,0.106781
588.339,0.0364855,0.0375849,0.0353635,0.0365167,0.0340291,0.0344751,0.0325908,0.0306432,0.0296255,0.0291139,0.0285654,0.028307,0.0309871,0.0341328,0.0405972,0.048874,0.0643775,0.0829624,0.107075
588.78,0.0395061,0.0396027,0.0353755,0.0378754,0.0360663,0.0357656,0.0338584,0.0317426,0.0315044,0.0294041,0.0305993,0.0287274,0.0326533,0.0357064,0.041168,0.0504804,0.0657171,0.0857339,0.108079
589.222,0.0357159,0.0374234,0.0358707,0.035552,0.035824,0.0346444,0.0325857,0.0321197,0.0298612,0.028031,0.0271986,0.0299519,0.0289757,0.0343332,0.0403176,0.0491477,0.0626766,0.0822055,0.106342
589.663,0.0386855,0.0389139,0.0371346,0.0367277,0.036398,0.0336484,0.0339412,0.0330534,0.0296284,0.0306807,0.0274033,0.0304082,0.0312341,0.034712,0.0406274,0.0498237,0.0643822,0.0839195,0.108779
590.104,0.0396131,0.038187,0.0378077,0.0382474,0.0359882,0.035249,0.0334744,0.0306424,0.0304403,0.0285844,0.0275976,0.0296508,0.0316579,0.0359066,0.0418148,0.0498718,0.0636952,0.0827533,0.104544
590.545,0.0408389,0.0415374,0.0392752,0.038873,0.03813,0.0376512,0.0361017,0.0347045,0.0325154,0.0313296,0.0308849,0.0318757,0.0334854,0.0354488,0.0437581,0.0523922,0.0675732,0.0868413,0.109198
590.986,0.0370183,0.0393442,0.0378655,0.0370013,0.0360807,0.0339041,0.0329565,0.0310128,0.0293971,0.0283998,0.0286201,0.0318714,0.0289883,0.0338986,0.0396949,0.051101,0.0643469,0.0822622,0.103796
591.427,0.0386504,0.0386673,0.0381047,0.0378288,0.0381555,0.0349326,0.0349084,0.0335726,0.0305076,0.0308585,0.0293464,0.0284119,0.0313936,0.0358216,0.0399768,0.0503306,0.0647602,0.0843807,0.106665
591.867,0.0385495,0.040742,0.037899,0.0381055,0.0365031,0.0349445,0.0351481,0.0348753,0.0319768,0.0300674,0.0300411,0.0319286,0.0322926,0.0358728,0.0396028,0.0514028,0.065988,0.0861132,0.109224
592.308,0.0388584,0.0371849,0.0383635,0.0378777,0.035303,0.0356605,0.0340479,0.0324674,0.0314674,0.0298012,0.0292047,0.0311323,0.0320922,0.0337627,0.0423154,0.0504928,0.065094,0.084475,0.107858
592.748,0.040401,0.0394918,0.0383629,0.0377148,0.0372302,0.037116,0.0341278,0.0324814,0.0307019,0.0303582,0.0313243,0.0321241,0.0337099,0.0364814,0.0425075,0.0522642,0.0675007,0.085014,0.107567
593.189,0.0410552,0.0387101,0.0401577,0.0371532,0.0372968,0.0368302,0.0366709,0.0323152,0.0309814,0.0298512,0.030078,0.0311917,0.0332378,0.0374744,0.0422798,0.0501725,0.0659361,0.0848875,0.108907
593.629,0.0382987,0.0372255,0.0361983,0.035608,0.0360891,0.0340889,0.0334931,0.0319354,0.0294482,0.028827,0.029012,0.0312195,0.0310859,0.034648,0.0408908,0.0493585,0.0638197,0.0817724,0.107379
594.069,0.0382654,0.0373531,0.0377497,0.037257,0.0366778,0.0341279,0.0346707,0.031423,0.0300638,0.0294508,0.0278384,0.029286,0.0303119,0.0348629,0.0395689,0.0497799,0.065733,0.0823481,0.106758
594.509,0.0391095,0.0374768,0.0381891,0.0369588,0.0358131,0.0345167,0.032465,0.0303014,0.029159,0.0293568,0.0280476,0.0312336,0.0297582,0.0344356,0.0408685,0.0500509,0.0643135,0.0835714,0.107443
594.949,0.038989,0.0385845,0.0384422,0.0377655,0.0370279,0.0348901,0.0339088,0.0319162,0.0301962,0.0317188,0.0290658,0.0309918,0.0317911,0.0350137,0.040278,0.0524988,0.062316,0.0854674,0.106036
595.388,0.0373864,0.0362274,0.0370468,0.0338151,0.0337189,0.0318003,0.0296403,0.0303736,0.0293366,0.0275458,0.0275423,0.0302886,0.0306451,0.0330814,0.0408757,0.047542,0.063973,0.0802456,0.102239
595.828,0.0378348,0.0401114,0.0395077,0.0375541,0.0370934,0.034882,0.0335575,0.0322476,0.0298758,0.0291968,0.030373,0.0312589,0.0314006,0.0358204,0.0402769,0.0485016,0.0633398,0.0824156,0.106747
596.267,0.0379173,0.0386798,0.0386819,0.0380192,0.0354763,0.0369136,0.0339828,0.0316046,0.0304092,0.0298896,0.0288286,0.0293891,0.0309019,0.034493,0.0416318,0.050892,0.0647892,0.0838615,0.108105
596.707,0.0380986,0.0380677,0.0370562,0.0377898,0.0358185,0.0363395,0.0320602,0.0314648,0.0315817,0.0300719,0.0285288,0.0297274,0.030716,0.03474,0.0406148,0.0511422,0.0624802,0.0833017,0.105508
597.146,0.0407676,0.0379742,0.0393129,0.0403466,0.0359644,0.0346985,0.032467,0.032568,0.0321996,0.0294072,0.0294921,0.0296191,0.031734,0.0343277,0.0428545,0.0532657,0.0663157,0.0857285,0.1083
597.585,0.0390508,0.0376817,0.0386134,0.0365825,0.0373076,0.0351488,0.0329748,0.0329977,0.0316179,0.0308305,0.0303641,0.029875,0.0321016,0.0359369,0.0431349,0.0496209,0.0669841,0.0833248,0.108097
598.024,0.0373452,0.0386178,0.0382122,0.0376982,0.0368178,0.0350269,0.0340047,0.0318325,0.0315909,0.0316289,0.0293991,0.0301832,0.030937,0.0345481,0.0417208,0.0500159,0.0644373,0.0831317,0.10645
598.463,0.0383946,0.0401766,0.0371373,0.0392295,0.036238,0.0343405,0.0349382,0.0320424,0.03186,0.0296562,0.0313064,0.0302782,0.0308362,0.0352916,0.0416161,0.0506378,0.0645286,0.0843363,0.106022
598.902,0.0397127,0.0403132,0.0390842,0.0370464,0.0358102,0.0345302,0.0340146,0.030611,0.0309551,0.0309365,0.0293881,0.0286815,0.0322692,0.0354394,0.041327,0.0507461,0.0614237,0.0842011,0.109935
599.34,0.0405445,0.0379518,0.0397205,0.0386522,0.0362361,0.0341383,0.0338904,0.0331113,0.0299117,0.0304896,0.0304,0.0298903,0.0310164,0.0355883,0.0426767,0.050807,0.0663559,0.0843552,0.110774
599.779,0.0402079,0.0388856,0.0399798,0.0379165,0.0358881,0.0359926,0.0357916,0.0334232,0.0319044,0.0315719,0.0305052,0.0318993,0.0321351,0.0371657,0.0414453,0.0516128,0.0677092,0.0831018,0.110118
600.217,0.0393225,0.0398014,0.0399491,0.0383078,0.0352859,0.0348699,0.0345717,0.0333684,0.0311956,0.0310333,0.0300858,0.030683,0.0344375,0.034362,0.0409677,0.0509333,0.0656064,0.0846342,0.106822
600.655,0.0370383,0.0383722,0.0388555,0.0374555,0.037547,0.0340479,0.0329781,0.0307171,0.0319942,0.0299714,0.0298777,0.0299389,0.0292554,0.0343208,0.0410973,0.0500129,0.0632887,0.0852581,0.104065
601.093,0.038666,0.0372678,0.0378161,0.0361504,0.0355821,0.0357389,0.0338733,0.032277,0.0311112,0.0311352,0.0296367,0.0299815,0.0311485,0.0356347,0.0401615,0.0496922,0.0629137,0.084406,0.107284
601.532,0.0373817,0.0373278,0.0385204,0.037253,0.0361244,0.0343172,0.0338431,0.0309155,0.0315944,0.0302538,0.028953,0.0298482,0.0309802,0.0352197,0.0412651,0.0495285,0.0644314,0.0828911,0.108687
601.969,0.0388925,0.0397366,0.0399115,0.0374266,0.0381677,0.0355899,0.0355601,0.0321086,0.0319037,0.0298213,0.0305272,0.0316709,0.031907,0.0359189,0.0421281,0.0501691,0.0675246,0.0855625,0.10787
602.407,0.0392059,0.0410597,0.0395293,0.0382448,0.0372394,0.0372711,0.0336195,0.031579,0.0322257,0.0297629,0.0304016,0.0312126,0.0322243,0.0348086,0.0419194,0.0523032,0.065767,0.081668,0.11136
602.845,0.0398312,0.0391886,0.0385529,0.037015,0.0354342,0.0348911,0.0340493,0.0310456,0.0318995,0.029481,0.0290859,0.0303758,0.0328946,0.0334778,0.0415924,0.0507121,0.0647489,0.0830001,0.103889
603.282,0.039278,0.0378294,0.0387492,0.0381891,0.0352777,0.0341331,0.0338929,0.0319995,0.0299645,0.0290432,0.0291217,0.0302582,0.0316943,0.0342967,0.0397544,0.0487516,0.0642707,0.0818414,0.108334
603.72,0.0404539,0.0399944,0.0400276,0.0387136,0.0369411,0.0353094,0.0332732,0.0321189,0.0319105,0.0291299,0.0295213,0.0302438,0.0317265,0.035439,0.0431365,0.0499607,0.0658895,0.0833135,0.108149
604.157,0.0382771,0.0391819,0.0398938,0.0388358,0.0376737,0.0358022,0.0321581,0.0323042,0.0302839,0.0297935,0.0301655,0.0308285,0.0323802,0.0360062,0.0419602,0.0514474,0.0625508,0.085607,0.109385
604.594,0.0394953,0.038846,0.036865,0.0375185,0.0375218,0.0354541,0.0349488,0.0316869,0.0307922,0.0298375,0.0310577,0.0312506,0.031349,0.0357442,0.0417348,0.0505293,0.0651501,0.0836099,0.105932
605.032,0.0383643,0.0381972,0.0385545,0.0364291,0.0370018,0.0346242,0.0342113,0.0326345,0.0310401,0.029494,0.0280899,0.02813,0.0314187,0.0355283,0.0419101,0.0514014,0.0645484,0.0833702,0.107164
605.468,0.0380528,0.0388421,0.0381199,0.0359104,0.0345047,0.0337288,0.0311106,0.0313274,0.0294495,0.0293432,0.0296793,0.0300829,0.0310789,0.035537,0.0412401,0.0504463,0.0643403,0.0832985,0.108645
605.905,0.0373642,0.0390844,0.0388885,0.0364756,0.0349692,0.0336107,0.0324838,0.0317311,0.0293699,0.0291358,0.0276186,0.0292378,0.0323775,0.0335972,0.0402812,0.0503398,0.0639775,0.0823331,0.106265
606.342,0.0400232,0.0382337,0.0392135,0.0361773,0.036402,0.034428,0.0332772,0.0331973,0.0313727,0.0301835,0.0288417,0.0302451,0.0307839,0.0352886,0.0404441,0.0509524,0.0648077,0.0856489,0.108869
606.779,0.0414084,0.0379082,0.0386212,0.0390203,0.0379023,0.0339343,0.0330996,0.0329535,0.0302151,0.0298665,0.0285888,0.0310026,0.0313515,0.0362702,0.0402366,0.051706,0.0645158,0.0831113,0.109334
607.215,0.0358673,0.0375729,0.0361084,0.0362701,0.0361517,0.0332915,0.0321504,0.0318489,0.0291207,0.0281467,0.0276239,0.0300643,0.0305741,0.0349372,0.0398865,0.0481881,0.0619652,0.0825315,0.10684
607.652,0.0364289,0.0399547,0.0382081,0.0383799,0.0367301,0.0349771,0.0338823,0.0320867,0.0311604,0.0292594,0.0277472,0.028737,0.0305762,0.0360729,0.0391119,0.0498131,0.0634511,0.0823523,0.107661
608.088,0.0371481,0.0395793,0.0359669,0.0356361,0.0358079,0.0351652,0.0334249,0.032366,0.0286454,0.0314427,0.0295199,0.0297861,0.0326704,0.0347264,0.0401714,0.0520923,0.062949,0.0842715,0.108771
608.524,0.0368683,0.0375683,0.0359042,0.0349157,0.0340627,0.0333883,0.0335944,0.0316497,0.0308992,0.0283303,0.0277635,0.0292087,0.0294038,0.0338924,0.0393207,0.0495048,0.0636692,0.0804219,0.108307
608.96,0.0393429,0.0391457,0.0399834,0.0370391,0.0376217,0.0353818,0.0341857,0.0310451,0.0303966,0.0289925,0.028922,0.0290389,0.0307786,0.0329207,0.0421827,0.0501874,0.0629253,0.0825564,0.108109
609.396,0.0385674,0.0387203,0.0389501,0.0368977,0.037317,0.0343,0.0337057,0.0330475,0.0308294,0.028744,0.0298735,0.0292274,0.0299606,0.0348222,0.0417111,0.0511785,0.0645889,0.0834717,0.107507
609.832,0.0385367,0.0374018,0.0381122,0.0372219,0.0365799,0.032254,0.0338817,0.0310754,0.0296796,0.0296633,0.0275616,0.028167,0.0304062,0.0330892,0.0412025,0.0505914,0.0624717,0.0837115,0.105821
610.267,0.0384247,0.0403959,0.0403068,0.0385198,0.0377084,0.0360027,0.0337159,0.0334189,0.0316306,0.0310145,0.03071,0.0304119,0.0332197,0.0348633,0.0404675,0.0499208,0.0652779,0.0837021,0.108352
610.703,0.0396226,0.0396466,0.0387733,0.0375619,0.0362033,0.0357113,0.0338583,0.0315176,0.0304912,0.0301025,0.0297064,0.0292645,0.0321998,0.0344507,0.0416432,0.0503621,0.0649262,0.0835097,0.10569
611.138,0.0372774,0.0391164,0.0379008,0.0368588,0.0344797,0.0340276,0.0316765,0.0326272,0.0281201,0.0294928,0.0290268,0.0285159,0.0314173,0.0345825,0.0395803,0.0506153,0.0641404,0.0820383,0.106386
611.574,0.0391783,0.0393155,0.0379963,0.0358255,0.0358106,0.0367099,0.033928,0.0314456,0.0303732,0.0296078,0.0298718,0.0289433,0.0310317,0.0353834,0.0411504,0.0491337,0.0656137,0.0837558,0.107532
612.009,0.0403938,0.0382906,0.0391336,0.0388632,0.0364377,0.0341191,0.0336186,0.0313161,0.0317271,0.0304895,0.0313938,0.0312774,0.0307305,0.0357062,0.0403915,0.0522506,0.0637359,0.084984,0.107495
612.444,0.0379227,0.0385692,0.0384789,0.0360892,0.0355142,0.0338929,0.0318661,0.0302792,0.0308019,0.028744,0.0289632,0.0294517,0.0321663,0.0350029,0.040178,0.0491902,0.0630827,0.0843408,0.107255
612.879,0.0391314,0.0382685,0.0391999,0.038933,0.0367141,0.0348562,0.0354896,0.0329215,0.0308339,0.0310754,0.0296934,0.032426,0.0319792,0.0362464,0.0422189,0.0521342,0.0631241,0.0845216,0.109186
613.314,0.0392566,0.038374,0.0388516,0.0387589,0.0363579,0.0346111,0.0333522,0.0326921,0.0309597,0.0307604,0.0293089,0.0304535,0.030391,0.0339821,0.0411674,0.0520311,0.0666377,0.0851115,0.109268
613.748,0.0386307,0.0395818,0.0385788,0.0385864,0.0367016,0.0356287,0.0354948,0.0323996,0.0305109,0.0308229,0.0298077,0.031612,0.0308039,0.0338422,0.0428775,0.0521812,0.0653704,0.0851807,0.109109
614.183,0.0379743,0.0392139,0.0376312,0.037298,0.0351115,0.0341841,0.0331228,0.0323886,0.0297897,0.0289874,0.0282968,0.030662,0.0308033,0.0363222,0.0407302,0.049882,0.0642173,0.0819288,0.110429
614.617,0.0371885,0.0375981,0.0395606,0.036766,0.0359946,0.0344084,0.0341386,0.0307279,0.0309653,0.0286334,0.0290192,0.0298879,0.030636,0.033748,0.0418284,0.0484982,0.0640568,0.0817263,0.107542
615.052,0.0388991,0.0406396,0.0388304,0.0379008,0.037074,0.0357441,0.0329105,0.0315353,0.0308342,0.029351,0.0307786,0.0300884,0.0330144,0.0363666,0.0420075,0.0495348,0.0653724,0.0848944,0.107404
615.486,0.0379204,0.0359346,0.0373253,0.0364144,0.033819,0.0335988,0.0313118,0.0297165,0.0268756,0.0277536,0.028278,0.0278987,0.0301637,0.0335033,0.0402106,0.0486552,0.0617706,0.0798975,0.103627
615.92,0.038467,0.0385174,0.0382666,0.0388475,0.0380409,0.0361059,0.0331205,0.0304681,0.0303633,0.0289141,0.0274096,0.0303376,0.0301855,0.0342151,0.0409666,0.0496731,0.0641781,0.0832239,0.106139
616.354,0.0399202,0.0396364,0.0381607,0.0380842,0.0377745,0.036129,0.0324155,0.0308342,0.030161,0.0296352,0.0287192,0.0302793,0.0300206,0.0364328,0.0408395,0.0504497,0.0638517,0.084062,0.107523
616.788,0.0382303,0.0379313,0.0375534,0.0372805,0.0370967,0.0345913,0.0322413,0.032457,0.029454,0.0294918,0.0276206,0.0291333,0.0289099,0.0346309,0.0403393,0.0485048,0.0634873,0.0835708,0.106411
617.222,0.0395807,0.0390645,0.0373093,0.0385121,0.0354412,0.0340973,0.0344999,0.0320095,0.0287443,0.0301764,0.0279693,0.0296615,0.0312732,0.0346973,0.040995,0.0491007,0.0651701,0.0841061,0.105358
617.655,0.0386429,0.0392276,0.0390058,0.0382526,0.0358423,0.0354274,0.0337181,0.030512,0.0294862,0.0302027,0.0285124,0.0303392,0.0309247,0.0357809,0.0406926,0.0495759,0.0633521,0.0860785,0.105785
618.089,0.0394243,0.0407035,0.0389405,0.0387807,0.0387182,0.0381398,0.0349723,0.0332693,0.032194,0.0304403,0.0305008,0.0316762,0.0333981,0.0379174,0.0437908,0.0511134,0.0654383,0.0858708,0.107913
618.522,0.0398009,0.0398857,0.0402444,0.0382679,0.0378026,0.0372341,0.0360494,0.0327488,0.0318818,0.0306765,0.0309256,0.0314746,0.0330035,0.0376191,0.0424365,0.0525953,0.0646231,0.0862525,0.110623
618.956,0.0406041,0.0392733,0.0393229,0.0374605,0.036898,0.0367909,0.0332762,0.0337766,0.030473,0.0295188,0.029537,0.0294656,0.0303817,0.0355575,0.0398717,0.0520214,0.0662984,0.0847634,0.106891
619.389,0.0398984,0.0410633,0.038929,0.0360264,0.0372383,0.0354687,0.0350368,0.0317893,0.0310634,0.0308152,0.0301665,0.0296939,0.0315122,0.0346785,0.0421455,0.0525825,0.0647918,0.0836898,0.10757
619.822,0.0371344,0.0370949,0.0352367,0.0375543,0.0347343,0.0354884,0.0323877,0.0308819,0.0300615,0.0284209,0.0292601,0.0295958,0.0307752,0.0346198,0.0397447,0.0505179,0.0638416,0.0819775,0.105984
620.255,0.0391333,0.0377566,0.0354949,0.0374538,0.0347687,0.0339605,0.033091,0.0317363,0.0298448,0.0311849,0.0287521,0.0305041,0.0344285,0.0345782,0.041443,0.0512167,0.065566,0.0862051,0.107819
620.688,0.0393983,0.0387298,0.0370704,0.0369104,0.0375039,0.0346754,0.033931,0.0333185,0.0319877,0.0304826,0.0289518,0.0299409,0.0315127,0.0357544,0.040907,0.0523321,0.0677233,0.0836531,0.109173
621.12,0.0393355,0.0388912,0.0384277,0.0353988,0.0360011,0.0359811,0.0346302,0.03298,0.0309412,0.0272858,0.0297028,0.0293637,0.0320576,0.0365155,0.0403366,0.049442,0.0632696,0.083457,0.106676
621.553,0.0386904,0.0395176,0.0392045,0.036483,0.0355972,0.0349,0.034614,0.0314236,0.0309625,0.0310665,0.0299594,0.0293557,0.0307362,0.0337397,0.0396388,0.0502319,0.0650162,0.0835286,0.10785
621.985,0.0382045,0.0377603,0.0392802,0.0379938,0.0371638,0.0346632,0.0345423,0.0316554,0.0306642,0.0285286,0.0295134,0.031341,0.0305987,0.034932,0.0407059,0.0485319,0.063556,0.0826732,0.111429
622.418,0.0369303,0.0388169,0.0382421,0.0372501,0.0370305,0.0348932,0.032803,0.0316005,0.0298529,0.0283832,0.0293301,0.0286313,0.03101,0.0341565,0.0414725,0.0503208,0.0642732,0.0838029,0.107011
622.85,0.0386123,0.0405673,0.0394669,0.0365582,0.03652,0.0345708,0.0335458,0.031772,0.0295603,0.0289832,0.0291541,0.0307747,0.0309914,0.03692,0.0412473,0.0498358,0.064446,0.0839641,0.108508
623.282,0.0381786,0.0381954,0.0380802,0.0368678,0.039255,0.0348346,0.0328128,0.0314917,0.0321872,0.0289566,0.0298034,0.0303134,0.0311707,0.0346664,0.0392757,0.0498849,0.0647176,0.0834302,0.108222
623.714,0.0410205,0.0409179,0.0391653,0.036306,0.0376679,0.0348503,0.033541,0.0326395,0.0319231,0.0302474,0.0294279,0.0306754,0.0329532,0.0361136,0.0417645,0.0520856,0.0670873,0.0859177,0.109064
624.146,0.0391869,0.0374249,0.0379123,0.0364598,0.0379469,0.0348197,0.0318854,0.0322817,0.0318967,0.0313035,0.0300998,0.030376,0.03043,0.0347478,0.0429523,0.051816,0.0644898,0.0829253,0.10872
624.577,0.0412807,0.039431,0.0395881,0.0378683,0.0370482,0.0365068,0.0338028,0.032922,0.0314237,0.0305503,0.0298304,0.0301848,0.0303837,0.0355281,0.0410126,0.0514714,0.0663906,0.083546,0.107364
625.009,0.0379109,0.0375893,0.03654,0.0383046,0.0356465,0.0347928,0.0330701,0.0313463,0.0294608,0.0284249,0.0295395,0.0286273,0.0303591,0.0334065,0.0391103,0.0494481,0.0660819,0.083407,0.106363
625.441,0.038448,0.0386649,0.0357651,0.0379217,0.0369081,0.0355893,0.0319807,0.0312791,0.0304497,0.0294906,0.0284178,0.0288572,0.0319047,0.0350208,0.0414977,0.0503908,0.065824,0.0859343,0.106545
625.872,0.0368259,0.0390846,0.0391879,0.0385131,0.0372143,0.0346514,0.0349489,0.0320233,0.0317527,0.0290576,0.0298358,0.0314432,0.031462,0.0349068,0.0423,0.0508921,0.0669047,0.0845148,0.107012
626.303,0.0396003,0.0371513,0.0375945,0.0372575,0.0361941,0.0337905,0.0322363,0.030067,0.0309459,0.0279138,0.0281748,0.0278178,0.0320073,0.0332783,0.0402482,0.0519973,0.0636973,0.0835351,0.108307
626.734,0.0383145,0.0376255,0.0372427,0.0360766,0.0368358,0.0343942,0.0321645,0.0301982,0.0296012,0.0270498,0.0283313,0.0293623,0.0318397,0.0348775,0.0410336,0.0491268,0.0653193,0.0817081,0.10821
627.165,0.0390652,0.038063,0.0381441,0.0393208,0.036135,0.0343162,0.0339007,0.0331325,0.0319145,0.0314365,0.0287445,0.0286428,0.0309058,0.0353012,0.0422904,0.0505732,0.0653079,0.08435,0.106785
627.596,0.0391767,0.0382841,0.0369234,0.0393819,0.0360884,0.034749,0.0334613,0.0299854,0.0312728,0.029951,0.028907,0.0287917,0.0299249,0.0344114,0.0418324,0.049605,0.0649163,0.0851831,0.108068
628.027,0.040788,0.0388975,0.0395124,0.039394,0.0379881,0.0335446,0.0329647,0.0330325,0.0310468,0.0291735,0.0299126,0.0306983,0.0309955,0.0344272,0.0420795,0.0505164,0.06455,0.0847661,0.108586
628.458,0.040062,0.0391831,0.0384025,0.0400425,0.0377057,0.0351944,0.035236,0.0330443,0.0308964,0.0316622,0.0321311,0.0300839,0.0328449,0.0359017,0.0437134,0.0531933,0.0656183,0.0857336,0.109771
628.888,0.0378032,0.0383618,0.0377633,0.037806,0.0360122,0.0348285,0.0329065,0.0319182,0.0296047,0.0299528,0.0288026,0.0283921,0.0312076,0.0338779,0.0393101,0.0506551,0.0635013,0.0842966,0.105776
629.319,0.0388028,0.0373236,0.0376963,0.0362159,0.0362533,0.0344866,0.0328159,0.0313579,0.0294207,0.0281974,0.0292345,0.0283077,0.0307488,0.0352952,0.0401788,0.0512887,0.0649865,0.0836774,0.108147
629.749,0.0412791,0.0388048,0.0391469,0.0363231,0.0349955,0.0345084,0.0336952,0.0317596,0.0306772,0.0285631,0.0270011,0.030477,0.031249,0.0344754,0.039918,0.0497379,0.0642641,0.0831526,0.108137
630.179,0.040431,0.0395748,0.0391141,0.0370335,0.0368148,0.0353554,0.034254,0.0329295,0.0305137,0.0296188,0.028141,0.031273,0.0320399,0.0369082,0.0418499,0.0509302,0.0633838,0.0834333,0.108391
630.609,0.0379932,0.0381097,0.0396491,0.0371158,0.0382959,0.0363118,0.0329239,0.0307564,0.0302959,0.0303301,0.029773,0.0301277,0.0324728,0.0343378,0.0421594,0.050695,0.0656601,0.0847762,0.105989
631.039,0.0389535,0.038659,0.0378849,0.0385515,0.0351635,0.0345158,0.0321012,0.0312208,0.0311437,0.0296377,0.029315,0.0309009,0.031606,0.0343908,0.0430248,0.0485694,0.0645725,0.0832023,0.103882
631.469,0.0389893,0.0371898,0.0377234,0.0362589,0.0363716,0.0343468,0.0322369,0.0309606,0.0298085,0.0290294,0.0293498,0.0286897,0.0300681,0.0331625,0.0404887,0.0486897,0.0643079,0.0826081,0.106991
631.899,0.0398389,0.0413578,0.0393262,0.037647,0.0359091,0.0348032,0.0326174,0.0321982,0.0295554,0.0302789,0.0303407,0.03071,0.0312816,0.0343006,0.0413811,0.0525003,0.0638614,0.083212,0.107093
632.328,0.0398874,0.0371939,0.0384642,0.0385916,0.0381019,0.0352243,0.0330738,0.0308509,0.0306757,0.0286763,0.0301896,0.0303372,0.032102,0.0354121,0.0422642,0.0499329,0.0664415,0.0849757,0.109954
632.758,0.0369109,0.0388065,0.0367285,0.0365969,0.0364274,0.0344548,0.0316281,0.0304238,0.0291013,0.0289981,0.0293708,0.0300885,0.0311293,0.0340335,0.040998,0.0482787,0.06134,0.0829981,0.104122
633.187,0.0376438,0.0386284,0.035685,0.0354697,0.0339836,0.0347093,0.0328014,0.031683,0.0285737,0.0289316,0.0280599,0.0289059,0.0313729,0.0313181,0.0399671,0.0485205,0.0642608,0.0852309,0.106518
633.616,0.0380089,0.0382811,0.038261,0.0353077,0.0366337,0.0316544,0.0333766,0.0314439,0.0299517,0.0277901,0.0291715,0.0323815,0.030595,0.0342254,0.0402772,0.0485586,0.0646663,0.0836479,0.105304
634.046,0.0397568,0.0398406,0.0369833,0.0376969,0.0358687,0.0359421,0.0333073,0.0302546,0.0314253,0.029399,0.0279851,0.0295959,0.0324321,0.0353192,0.0414447,0.052025,0.0657483,0.0853448,0.107862
634.475,0.0373613,0.0376928,0.0370286,0.0365819,0.0351019,0.0339621,0.0322537,0.0317016,0.0294346,0.0283809,0.0288642,0.0290055,0.0322791,0.0337849,0.0402363,0.049868,0.0645239,0.082168,0.106038
634.903,0.0391371,0.0386651,0.0395415,0.0384462,0.0372709,0.0368559,0.0330811,0.0332209,0.0313148,0.0312768,0.0288989,0.030476,0.0319705,0.0363723,0.0428028,0.0518582,0.0664556,0.085972,0.106786
635.332,0.0372656,0.0359053,0.0359666,0.0357747,0.036508,0.0324011,0.0311798,0.0303444,0.0295322,0.0285469,0.0273557,0.0279367,0.0316381,0.0331046,0.0401104,0.0493403,0.0631603,0.0825636,0.106082
635.761,0.0381976,0.0389783,0.036304,0.0379836,0.0365602,0.0352065,0.0342636,0.0324181,0.0301782,0.0287346,0.0288706,0.0321793,0.0309595,0.034675,0.0428191,0.0482898,0.064569,0.0829713,0.105635
636.189,0.0367575,0.0396076,0.0372901,0.037035,0.0371608,0.0349102,0.0335344,0.0308816,0.0296811,0.0300862,0.0302831,0.0300356,0.0315272,0.0353577,0.0411932,0.0499164,0.0656105,0.0830804,0.10609
636.618,0.0379787,0.0372818,0.0368703,0.0366306,0.0366422,0.0345175,0.0313595,0.0302229,0.0285789,0.0280432,0.0279913,0.0304784,0.0317743,0.0341659,0.0396448,0.0494048,0.066494,0.0834655,0.106926
637.046,0.0377381,0.036865,0.0372441,0.0364648,0.0362241,0.0318997,0.0320277,0.030363,0.0284784,0.0292169,0.0282746,0.02833,0.0309335,0.0334556,0.0400593,0.0499781,0.0653174,0.0825796,0.105729
637.474,0.0396232,0.0386022,0.0380393,0.0379606,0.0383579,0.0343988,0.0323387,0.0328721,0.0305647,0.0306712,0.0298268,0.029436,0.033669,0.0342373,0.0411618,0.0497109,0.0635055,0.0831767,0.106655
637.902,0.0381137,0.0369558,0.0372492,0.0357988,0.0370721,0.0348952,0.0332366,0.0309067,0.0296628,0.0297743,0.0289344,0.0301526,0.0310087,0.0358405,0.0409205,0.0515022,0.0650297,0.0829413,0.108329
638.33,0.0382068,0.0396518,0.0389314,0.0368815,0.0375838,0.0348972,0.0345096,0.0316796,0.0313977,0.0306596,0.030699,0.0310465,0.0305492,0.0365943,0.0409263,0.051015,0.0647225,0.0835604,0.107784
638.758,0.0381303,0.0394168,0.03853,0.0380762,0.0355414,0.0349479,0.033055,0.0326268,0.0296419,0.0285671,0.0274255,0.0287067,0.0324941,0.035004,0.0409546,0.04809,0.0649694,0.0844734,0.110598
639.186,0.0385265,0.0374413,0.0368932,0.0381174,0.0337628,0.0335292,0.0350429,0.0304745,0.0306442,0.0295629,0.0293989,0.0306469,0.0318709,0.0339757,0.0394466,0.0495641,0.0669666,0.0847937,0.108736
639.613,0.0386613,0.0403193,0.0385503,0.0363342,0.0340477,0.0336072,0.0327659,0.032743,0.0299558,0.0279233,0.0290449,0.0299802,0.0306893,0.0337315,0.0401926,0.0513339,0.0649236,0.0825631,0.105274
640.041,0.0384639,0.0398852,0.0392306,0.0380886,0.0369821,0.0373679,0.0326292,0.0329081,0.0300348,0.0297927,0.029823,0.0313363,0.0314778,0.0348206,0.0404333,0.0504548,0.0645011,0.0849795,0.109332
640.468,0.0373004,0.0390626,0.0391323,0.0360265,0.0363729,0.0351354,0.0326465,0.0318569,0.030328,0.0288558,0.0306006,0.0307073,0.0308426,0.0351001,0.040618,0.0503761,0.0664578,0.0827079,0.107636
640.895,0.0362524,0.0384385,0.0384928,0.0392106,0.0359702,0.0336089,0.0318224,0.0323481,0.0310647,0.03,0.0287139,0.0299572,0.0307061,0.0337782,0.0401481,0.0496788,0.0639691,0.0847854,0.10663
641.322,0.0387222,0.0405426,0.0379604,0.0395414,0.0379903,0.0356951,0.0339974,0.0322216,0.0307091,0.030842,0.0304409,0.0302739,0.0300816,0.0350031,0.042748,0.0497525,0.0666477,0.0856127,0.110163
641.749,0.0371873,0.0351235,0.0367594,0.0349722,0.0355632,0.0321605,0.030718,0.028069,0.028221,0.0275247,0.0271631,0.0275711,0.0286708,0.0335361,0.0373749,0.0505751,0.0637245,0.0809767,0.103553
642.176,0.0409364,0.0402353,0.0364572,0.0366716,0.0366388,0.0346549,0.0333455,0.0340178,0.0302295,0.029394,0.0283723,0.0283661,0.0314166,0.0355063,0.0385798,0.0510626,0.0658303,0.0845642,0.108406
642.603,0.0361617,0.0382017,0.0372329,0.0349801,0.0369028,0.0320438,0.0321834,0.0302109,0.0291576,0.0291121,0.0294666,0.0292997,0.0311006,0.033587,0.0406675,0.0502437,0.0633651,0.0817034,0.108839
643.029,0.0385047,0.0379196,0.0370481,0.0381204,0.0348198,0.0344587,0.0317235,0.03117,0.0303533,0.0283402,0.0274304,0.0305674,0.030311,0.0337636,0.0427035,0.0476657,0.0643684,0.0838953,0.109436
643.456,0.0398849,0.0402444,0.0380716,0.0381152,0.0356078,0.0347003,0.0347205,0.0312572,0.0306726,0.0296711,0.0284491,0.0299508,0.032062,0.034479,0.0434952,0.0516815,0.0662716,0.0848139,0.108956
643.882,0.0375258,0.0370445,0.0365412,0.0351403,0.0333468,0.0336732,0.0321191,0.0311447,0.0289355,0.0298383,0.02703,0.0283478,0.0313349,0.0322698,0.0413465,0.0492964,0.064076,0.0832704,0.107188
644.308,0.0379984,0.0378283,0.0390115,0.0361377,0.0377984,0.0353866,0.0352037,0.033626,0.0327081,0.0297414,0.0286098,0.031391,0.0312164,0.0369876,0.0413899,0.0491641,0.0654672,0.0836272,0.106413
644.735,0.0383709,0.0391871,0.0367323,0.0374636,0.0360378,0.0350916,0.0335495,0.0330008,0.0313038,0.0280616,0.0303688,0.0308446,0.0302586,0.0355527,0.0410652,0.0513254,0.0635875,0.0838899,0.104379
645.161,0.0370461,0.0372886,0.0408948,0.0363081,0.0354819,0.0331398,0.0324496,0.0315227,0.0286769,0.0289512,0.0290478,0.0292365,0.0299559,0.0340445,0.0413947,0.0487002,0.0655338,0.0825875,0.10746
645.586,0.0354041,0.0396378,0.0382866,0.0385638,0.035321,0.0339389,0.0325221,0.0306283,0.0304705,0.0288495,0.0276239,0.0268445,0.0302574,0.0345241,0.0400819,0.048652,0.0639763,0.081598,0.107349
646.012,0.0351009,0.0364405,0.0362192,0.0360991,0.0347697,0.0342325,0.0325337,0.0293879,0.0304018,0.0294247,0.0282608,0.0287474,0.0311184,0.0380507,0.0400525,0.0491064,0.0645624,0.0821764,0.105005
646.438,0.038393,0.0367309,0.0383163,0.0364787,0.0359962,0.0352839,0.0334523,0.0307821,0.0311494,0.02796,0.0271833,0.0291538,0.0301883,0.034576,0.0407082,0.0494376,0.0646297,0.0818672,0.105222
646.863,0.0367823,0.038452,0.0386645,0.0362461,0.0345426,0.0359562,0.0319954,0.0301299,0.0303534,0.0284663,0.0309353,0.0276371,0.0305271,0.0348065,0.0392834,0.0499486,0.0648249,0.0832069,0.10921
647.289,0.0382798,0.0371809,0.0355264,0.0365068,0.0371698,0.0352575,0.0327444,0.0313265,0.0285913,0.0258219,0.0289116,0.0283126,0.0301175,0.0343624,0.040411,0.0494312,0.0648654,0.0822279,0.107414
647.714,0.0417696,0.0390536,0.0371736,0.0391294,0.0376745,0.0348355,0.032782,0.0325308,0.0310553,0.0295179,0.0288141,0.0301389,0.0319899,0.0348913,0.0414795,0.0518233,0.066078,0.085608,0.108244
648.139,0.0363071,0.0367603,0.033119,0.0342856,0.0344277,0.0326449,0.0326763,0.0302061,0.0289628,0.027418,0.0284068,0.0273804,0.0289057,0.0326615,0.0396757,0.0495566,0.0637896,0.0814099,0.103633
648.564,0.0386397,0.0380282,0.0375184,0.0378313,0.0367405,0.0352338,0.0331377,0.0311993,0.0323931,0.0293709,0.0294046,0.0297303,0.0313546,0.0351003,0.0426103,0.0512341,0.0664732,0.0860223,0.110215
648.989,0.0393004,0.039381,0.0357217,0.0367493,0.0355928,0.0334044,0.0332836,0.030816,0.0282405,0.0277431,0.0281163,0.0304218,0.0329137,0.0339785,0.040501,0.0500104,0.0647086,0.0836221,0.104067
649.414,0.0397087,0.0390918,0.038162,0.0374093,0.0350292,0.0350894,0.0333675,0.031096,0.0313532,0.0291138,0.028228,0.0315054,0.0326299,0.0354322,0.041347,0.0525951,0.0665597,0.0849684,0.109916
649.839,0.0385398,0.0390238,0.0377919,0.035638,0.0357319,0.0333474,0.0332462,0.0308598,0.0302176,0.0281661,0.0292939,0.0290371,0.0299139,0.0326978,0.0396035,0.0496542,0.0633198,0.0816797,0.10575
650.263,0.040256,0.040832,0.0394448,0.0394526,0.0391585,0.0359778,0.0322888,0.0326731,0.0312795,0.0314971,0.0289987,0.0300785,0.0321225,0.0348677,0.0427413,0.0528799,0.0664876,0.0846548,0.1103
650.688,0.0372696,0.0381542,0.0347296,0.0367209,0.0351564,0.0323658,0.0324154,0.0302107,0.0291569,0.0271706,0.0260972,0.0285885,0.0293724,0.0334571,0.0391892,0.0477613,0.0626366,0.080718,0.106722
651.112,0.0380325,0.0388022,0.037341,0.0384012,0.0383249,0.0315495,0.0336736,0.0322475,0.0308743,0.0302173,0.029523,0.0292543,0.0325223,0.0375142,0.0414019,0.0485594,0.0641817,0.0846775,0.108035
651.536,0.0384324,0.0378745,0.0388756,0.0376255,0.0355961,0.0338719,0.0310328,0.0307707,0.0283426,0.0300557,0.0283358,0.0285438,0.0290701,0.034383,0.041162,0.0491133,0.0621873,0.0837611,0.109975
651.961,0.0395754,0.0392943,0.0388332,0.0391786,0.0371254,0.0349001,0.0328327,0.0315419,0.0306015,0.0300991,0.0291748,0.0296328,0.0331298,0.0350045,0.0415611,0.0511338,0.0666327,0.086329,0.11076
652.384,0.0404915,0.0390408,0.0401185,0.0381174,0.0369859,0.0356035,0.0332569,0.0340558,0.0333905,0.0311844,0.0303878,0.0303474,0.0325692,0.0352185,0.0446611,0.0529691,0.0667135,0.0838881,0.109108
652.808,0.0373325,0.0370745,0.0377872,0.0384998,0.0365936,0.0335178,0.0333449,0.032427,0.0303552,0.0274834,0.0306032,0.028865,0.0305839,0.0338502,0.0406704,0.0508598,0.0653686,0.0856645,0.10708
653.232,0.0395549,0.0371105,0.0377442,0.0367363,0.0356756,0.0355011,0.0310136,0.0315413,0.0313473,0.0283219,0.0298432,0.0304046,0.0296125,0.0346229,0.0404658,0.0524648,0.0634143,0.0830593,0.108749
653.656,0.0404429,0.0395608,0.0395291,0.0373421,0.0365929,0.0362453,0.0333445,0.0330702,0.0313818,0.0300294,0.0307147,0.0318725,0.032756,0.0359161,0.0426153,0.0529783,0.0672323,0.0848648,0.107039
654.079,0.0401961,0.0388785,0.0387601,0.0378327,0.0368744,0.0347582,0.033553,0.0335979,0.0300803,0.0302699,0.0311413,0.0307668,0.0327169,0.0358051,0.0437847,0.0505754,0.0668259,0.0851384,0.109349
654.503,0.0392958,0.0396655,0.0370589,0.0369906,0.0357369,0.0351164,0.0314585,0.0315339,0.0294822,0.026796,0.0279439,0.0286251,0.0301365,0.0324362,0.0383678,0.04787,0.0628497,0.0830405,0.10966
654.926,0.0394079,0.0380609,0.0374197,0.0367294,0.0361122,0.0348917,0.0352839,0.0313471,0.0314497,0.030908,0.0295721,0.029857,0.0319446,0.0348752,0.0418536,0.0521897,0.0633248,0.0853728,0.113316
655.349,0.037878,0.0386551,0.0371369,0.0372931,0.0345474,0.0352352,0.0329437,0.0315093,0.0308363,0.0275145,0.028216,0.0286606,0.0311968,0.0338867,0.0414402,0.0488457,0.0633959,0.082857,0.105936
655.772,0.0363381,0.0378488,0.0381901,0.0363599,0.034728,0.0343452,0.0319083,0.03214,0.0300414,0.0280138,0.0296768,0.0275965,0.030459,0.0350156,0.0411818,0.0502915,0.0660587,0.0831523,0.105609
656.195,0.0374797,0.0388659,0.0391838,0.0385341,0.0360235,0.0353677,0.031846,0.0340138,0.0310645,0.0288054,0.0298036,0.0271855,0.0304323,0.0348661,0.0416045,0.0491629,0.0622215,0.0818149,0.111225
656.618,0.0369505,0.039228,0.0358703,0.0376447,0.035028,0.0324252,0.0323581,0.0289882,0.0276357,0.0281665,0.0261145,0.028074,0.0296886,0.0321182,0.0397881,0.0488789,0.0619391,0.085977,0.107441
657.04,0.0385037,0.0390945,0.0378578,0.0345558,0.0374825,0.0357164,0.032343,0.0304757,0.0301647,0.0283071,0.0316179,0.0298335,0.0314108,0.0348691,0.0408584,0.0489115,0.0659407,0.0846488,0.109229
657.463,0.0390567,0.0375504,0.0386182,0.0356251,0.0341018,0.033739,0.0333725,0.0325233,0.029908,0.0297845,0.0265563,0.0295019,0.0313105,0.0321443,0.0400774,0.0503401,0.0630142,0.0831712,0.107394
657.885,0.0383716,0.0373476,0.0374664,0.0377056,0.0361201,0.0354696,0.0305784,0.031729,0.0302848,0.0300682,0.0294773,0.0287868,0.0306443,0.0365741,0.0406633,0.0495437,0.063946,0.0837219,0.110134
658.308,0.0381168,0.0407239,0.037626,0.0384853,0.0378017,0.0361075,0.0334137,0.0333132,0.0300694,0.0299858,0.0283948,0.0299884,0.0313229,0.0367677,0.0418615,0.0501199,0.065869,0.0848973,0.107591
658.73,0.0373524,0.0397828,0.0384681,0.035808,0.0366999,0.0339074,0.0322369,0.0292416,0.0285248,0.0277697,0.028775,0.0270918,0.0298253,0.0352055,0.0405478,0.0482712,0.0648851,0.0833691,0.108466
659.152,0.0390253,0.0381934,0.0375292,0.0367626,0.0360867,0.0334677,0.0324264,0.0317927,0.0313534,0.0314142,0.0284035,0.0281958,0.0321147,0.0341576,0.0394987,0.0509946,0.0644391,0.0842183,0.107724
659.574,0.0381399,0.036993,0.0369197,0.0363549,0.034789,0.0338495,0.03327,0.0319115,0.0284218,0.0285899,0.0302237,0.0271372,0.0299224,0.0335202,0.0384276,0.0484948,0.0604829,0.0846952,0.104439
659.996,0.0391502,0.0373486,0.0366115,0.0373514,0.0337452,0.0333454,0.0331851,0.0295625,0.0287417,0.0296034,0.0288764,0.0290616,0.0305089,0.0356983,0.0416732,0.0489678,0.0640394,0.0847226,0.105179
660.417,0.0392309,0.0393217,0.0399387,0.0378165,0.0362033,0.0358941,0.0341498,0.0317372,0.0314814,0.0301192,0.0314382,0.030073,0.0333677,0.036179,0.0434782,0.0504587,0.0661241,0.0841411,0.110304
660.839,0.0381534,0.0384663,0.0380525,0.037487,0.037266,0.0327233,0.0349736,0.0308311,0.0316034,0.0288352,0.0281631,0.0293713,0.0326965,0.03356,0.0409008,0.0518267,0.065861,0.08244,0.108349
661.26,0.0394401,0.0383193,0.0372167,0.0372447,0.0363834,0.0351023,0.032204,0.0318193,0.03011,0.028739,0.0296943,0.0278505,0.0298997,0.0349016,0.0428661,0.0499685,0.0627176,0.0821788,0.106699
661.682,0.0370161,0.0366474,0.036095,0.0347148,0.0351229,0.0332745,0.0338444,0.0283996,0.0290006,0.0291312,0.0281137,0.0296082,0.0300909,0.0321889,0.0392825,0.0485125,0.0635328,0.0832043,0.108089
662.103,0.037257,0.0382292,0.0374004,0.0359847,0.0360102,0.0338886,0.0331734,0.031915,0.0296457,0.0305512,0.027853,0.0287743,0.0312284,0.0337372,0.0400815,0.0510983,0.0642685,0.082668,0.106171
662.524,0.0364,0.0359958,0.0373758,0.0349546,0.0359262,0.0334589,0.031949,0.0285918,0.0284404,0.0277548,0.027007,0.0287763,0.029642,0.0343735,0.0409746,0.0500609,0.0640507,0.0811598,0.104517
662.945,0.0374669,0.0367331,0.0360814,0.034076,0.0344705,0.0328569,0.0295864,0.0317854,0.0285585,0.0268739,0.0285137,0.0276458,0.0305219,0.0336493,0.0391269,0.0483131,0.0641842,0.0831007,0.104915
663.366,0.0379391,0.0389748,0.0377204,0.0369937,0.0373242,0.0352597,0.0343359,0.0320496,0.0300605,0.0298357,0.028248,0.030679,0.0311467,0.0355121,0.0433379,0.0481997,0.0663714,0.0868207,0.106696
663.787,0.0387999,0.0378919,0.0385307,0.0358181,0.0344499,0.0338592,0.0332534,0.0302122,0.0308959,0.0301593,0.0278976,0.0288373,0.0315608,0.0337553,0.0388882,0.0497282,0.0638472,0.0829023,0.10559
664.207,0.0379143,0.0376898,0.037657,0.0356935,0.0350792,0.0335259,0.034397,0.0290494,0.0300967,0.0282781,0.0293031,0.0301651,0.0311979,0.0349124,0.0398402,0.0513376,0.062862,0.0814348,0.106063
664.628,0.0380865,0.0366437,0.0375669,0.0365875,0.0371942,0.0344369,0.0332709,0.0314121,0.0286615,0.027753,0.0285505,0.0300847,0.0294275,0.035528,0.0418423,0.0504201,0.0641932,0.0835249,0.107816
665.048,0.0393014,0.0378498,0.0392917,0.0389899,0.0364275,0.0365698,0.0332098,0.0324123,0.0304075,0.0324625,0.0293637,0.0310027,0.0328565,0.0356623,0.0429946,0.050843,0.0661752,0.0837113,0.111274
665.468,0.0393615,0.0390636,0.0375871,0.0361638,0.0356509,0.0363004,0.0335736,0.0305122,0.0299591,0.0307256,0.0280873,0.0286831,0.0299078,0.0355054,0.0410779,0.0490679,0.0639404,0.081808,0.108079
665.888,0.0379809,0.0376327,0.0363392,0.0366088,0.0333824,0.0336681,0.0318978,0.0288791,0.0280296,0.0283407,0.0287659,0.0286944,0.0293046,0.0321819,0.0386776,0.0491419,0.0617907,0.0828696,0.107347
666.308,0.037606,0.0386463,0.0391961,0.0353643,0.0354766,0.0352104,0.0348865,0.0317493,0.0292321,0.029056,0.0266775,0.0282671,0.0348809,0.0342731,0.0409888,0.0524113,0.0649125,0.084625,0.110342
666.728,0.03772,0.0382959,0.0391289,0.0382748,0.0349734,0.0350543,0.0327229,0.0330318,0.0293804,0.0316832,0.02807,0.0321146,0.0328769,0.0364879,0.041427,0.0510513,0.0660194,0.08337,0.109572
667.148,0.0377643,0.0375159,0.03807,0.0361278,0.035455,0.0358698,0.0339942,0.0328869,0.0312437,0.0297996,0.0262852,0.0304494,0.0323729,0.0356322,0.0414302,0.0497994,0.0647281,0.0829165,0.109983
667.568,0.0392419,0.0375932,0.0386696,0.0362906,0.0362272,0.0330634,0.0339315,0.0296892,0.0277364,0.0297879,0.0290089,0.032245,0.0297784,0.0355719,0.0386981,0.0498632,0.0621737,0.0848444,0.108234
667.987,0.0376533,0.0388815,0.0371274,0.0367562,0.0348614,0.0344217,0.0301234,0.0313696,0.0308516,0.0293039,0.0300557,0.029392,0.0321313,0.034509,0.0393732,0.049514,0.0651487,0.0830099,0.107255
668.407,0.0370017,0.0363308,0.0368528,0.0350102,0.0337421,0.0314374,0.0307507,0.0284778,0.0273225,0.0285268,0.0265263,0.0265625,0.0289641,0.0331913,0.0391456,0.0497513,0.0613315,0.0822666,0.10561
668.826,0.0365442,0.0367137,0.037459,0.0368601,0.0362009,0.0339217,0.0318547,0.0320697,0.0294848,0.0262151,0.0283203,0.0302232,0.0319647,0.0347224,0.0412927,0.0517278,0.0640136,0.0821271,0.108324
669.245,0.0367379,0.0374556,0.0357978,0.0378118,0.0324813,0.0323208,0.0330955,0.0311323,0.0289845,0.0274534,0.0300659,0.0281844,0.029555,0.0336179,0.0391813,0.049281,0.0637215,0.0839584,0.106859
669.664,0.0358433,0.0391572,0.0386833,0.0346266,0.0343396,0.0334825,0.0322592,0.0286589,0.0307408,0.0306934,0.0292423,0.0302119,0.0295219,0.0358659,0.0391213,0.0490584,0.0628521,0.0817893,0.107499
670.083,0.0387663,0.0384257,0.0387308,0.0353515,0.0362461,0.0348862,0.0320876,0.0303769,0.0284604,0.0283032,0.0276665,0.0278256,0.0324766,0.0330728,0.0421097,0.0503647,0.0612465,0.0841198,0.109733
670.502,0.0395083,0.0398406,0.0393323,0.0376998,0.0362508,0.0378018,0.0330929,0.0321805,0.0314635,0.0296499,0.0294512,0.0295595,0.0322264,0.0354314,0.0417542,0.0522896,0.0659611,0.0852576,0.109389
670.921,0.0370714,0.0373142,0.0371513,0.036429,0.0345601,0.0347733,0.0314011,0.0302615,0.0294807,0.0305355,0.0278987,0.0271483,0.0306371,0.0332106,0.0410176,0.0480515,0.0632299,0.0827021,0.106981
671.339,0.0374774,0.037668,0.0373828,0.0378408,0.0367567,0.0326806,0.0307303,0.0292947,0.0286328,0.0292732,0.0287175,0.0290622,0.029442,0.0346051,0.0428796,0.0503387,0.0621159,0.084197,0.104589
671.758,0.0379559,0.0383757,0.0377255,0.0368056,0.0371922,0.0343301,0.033113,0.0314983,0.0316822,0.0296841,0.0292397,0.0313785,0.0311313,0.0355324,0.0419634,0.0508361,0.0638209,0.0827019,0.104506
672.176,0.0386956,0.0355594,0.0382336,0.0378176,0.0337785,0.032365,0.0334866,0.0307206,0.0289445,0.0285555,0.0276987,0.0290339,0.0301307,0.0341324,0.0418116,0.0490931,0.0630628,0.0860026,0.108832
672.594,0.0390212,0.0368561,0.0372623,0.0367709,0.0386362,0.0337665,0.0332533,0.0312504,0.030178,0.029809,0.0302593,0.0292029,0.0330361,0.034579,0.0386093,0.0513913,0.0638778,0.0819291,0.106221
673.012,0.0396882,0.0378097,0.0368036,0.0350917,0.036211,0.0334232,0.0338826,0.0304086,0.0286419,0.030677,0.029627,0.0293798,0.0313263,0.0333267,0.0419824,0.05062,0.0650702,0.0818045,0.10792
673.43,0.0392301,0.0407078,0.0377403,0.0372593,0.035313,0.0345377,0.0345214,0.031293,0.0306824,0.0296266,0.0299374,0.0283783,0.0317913,0.0361283,0.0400442,0.0487333,0.0642448,0.0836874,0.111936
673.848,0.0385117,0.0391925,0.034917,0.0359696,0.035817,0.0339755,0.0325278,0.0325068,0.0302528,0.0297223,0.0282382,0.0293945,0.0330962,0.0330469,0.0402082,0.0504213,0.0673635,0.0843742,0.106829
674.266,0.040286,0.0371044,0.0363592,0.0392311,0.0367201,0.037439,0.033513,0.0342772,0.0290073,0.0296518,0.0305034,0.0280045,0.0323282,0.0365094,0.0402631,0.0492165,0.0664785,0.0857338,0.110513
674.684,0.0374171,0.0371706,0.0357242,0.0368529,0.036072,0.0331603,0.0340761,0.0298269,0.0311619,0.0311016,0.0281008,0.027805,0.0294012,0.0336489,0.0398171,0.0503765,0.0624202,0.0832505,0.105823
675.101,0.0375709,0.0369774,0.0352468,0.0354542,0.0336421,0.0326386,0.0298813,0.0303922,0.0283345,0.0288696,0.0273367,0.0276326,0.0304767,0.033189,0.0391395,0.0486188,0.0654619,0.0838945,0.101773
675.519,0.0354524,0.0363845,0.0365254,0.035955,0.0346924,0.032818,0.0317574,0.0291166,0.0276672,0.0271254,0.0270767,0.0275965,0.0302714,0.0326733,0.0382888,0.0483268,0.0618323,0.0812387,0.105621
675.936,0.0373046,0.0395877,0.0374726,0.0364083,0.0341309,0.0349821,0.0319031,0.0312217,0.0290182,0.030162,0.0295978,0.0283411,0.0325992,0.0348368,0.0404605,0.0513044,0.0650998,0.0841241,0.106933
676.353,0.0390404,0.0384295,0.0371349,0.0384219,0.0361476,0.036726,0.0337111,0.0322983,0.0291923,0.0295867,0.029998,0.0304308,0.0315455,0.0367932,0.0422541,0.0512604,0.0675159,0.0862968,0.11165
676.77,0.0373453,0.0406414,0.038468,0.0378171,0.037511,0.0337115,0.0326086,0.0323978,0.0303829,0.0323095,0.0285832,0.0300645,0.0321215,0.0360141,0.0419843,0.0491852,0.0624466,0.0830252,0.108517
677.187,0.0395104,0.0385718,0.0382046,0.0355387,0.0361194,0.0334614,0.0329263,0.0309389,0.0296501,0.0287509,0.0290053,0.0286929,0.03013,0.0332283,0.0409375,0.049979,0.0647636,0.0844226,0.11068
677.604,0.034972,0.0366913,0.0363204,0.0340519,0.0325528,0.0344336,0.0299578,0.0302318,0.0314079,0.0284438,0.0269364,0.0273997,0.0282519,0.0320755,0.0391457,0.0470852,0.0631324,0.0827247,0.106247
678.02,0.0345105,0.035771,0.0362456,0.0368095,0.0343231,0.0333777,0.0312249,0.029963,0.0298216,0.027172,0.0285965,0.0270092,0.0285444,0.0338896,0.0396545,0.0493188,0.061926,0.0839617,0.106115
678.437,0.0401531,0.0396639,0.0386993,0.0382118,0.0369029,0.0361193,0.0337987,0.031815,0.0305098,0.030591,0.028908,0.0294944,0.0306368,0.0348019,0.0412828,0.0523947,0.0654087,0.0850118,0.107444
678.853,0.0381466,0.0376115,0.0374859,0.0363862,0.0349508,0.0338203,0.032654,0.0319568,0.0311381,0.0292724,0.029089,0.0293093,0.030825,0.0348063,0.0421481,0.0499225,0.0632974,0.0812573,0.108918
679.27,0.0389633,0.0371817,0.0358614,0.0358164,0.0358247,0.033876,0.0312441,0.030432,0.0276102,0.0287635,0.0279855,0.0279517,0.0298327,0.0336746,0.0399551,0.0486439,0.0651438,0.082936,0.107821
679.686,0.0381508,0.0384406,0.0383419,0.0361212,0.0355188,0.035136,0.0335123,0.0327748,0.0296259,0.0287889,0.0296534,0.0294669,0.0310658,0.0339935,0.0415414,0.0504779,0.0642375,0.0837784,0.108563
680.102,0.0374911,0.0375669,0.0385725,0.0360849,0.0350741,0.0346257,0.0349574,0.0302434,0.0288518,0.0283974,0.0284684,0.0308915,0.030623,0.0337869,0.0410949,0.0500715,0.0630364,0.0833197,0.106626
680.518,0.0379564,0.0388845,0.0398425,0.0377582,0.0355499,0.0341433,0.0344407,0.0306772,0.0299326,0.0301032,0.0289705,0.0304567,0.0330444,0.0357759,0.0427857,0.0530239,0.0636827,0.0841474,0.107294
680.933,0.0386182,0.0393757,0.0384434,0.0363323,0.0366351,0.0355495,0.0337443,0.0291903,0.0301098,0.0281506,0.028935,0.0278469,0.0316244,0.0364197,0.0428647,0.0493525,0.0652309,0.0839521,0.108602
681.349,0.0403573,0.0379499,0.0381757,0.0399956,0.0391818,0.0338878,0.0338386,0.0310298,0.0323968,0.0300874,0.0310472,0.0312672,0.0329889,0.0351943,0.0432018,0.050321,0.064652,0.0839776,0.105735
681.765,0.0372276,0.0378413,0.0355137,0.0382327,0.0370937,0.0356394,0.0330056,0.0306619,0.0287282,0.0290992,0.0271349,0.0286483,0.0306104,0.0345009,0.0403561,0.0499629,0.0647566,0.0829215,0.106806
682.18,0.0361012,0.0353139,0.0365273,0.0361273,0.0356315,0.0345495,0.0315507,0.0293704,0.0305396,0.0281946,0.0278721,0.0268769,0.0296109,0.0316764,0.0392239,0.0485624,0.061762,0.081794,0.106463
682.596,0.0370668,0.0378137,0.0390363,0.037812,0.0371468,0.0359023,0.0343753,0.0331563,0.0307958,0.0309451,0.0277354,0.0298585,0.0314256,0.0356571,0.0415908,0.0521592,0.0643443,0.0836042,0.110532
683.011,0.037132,0.035965,0.0363173,0.0351548,0.035278,0.0338945,0.0315466,0.0304114,0.0269109,0.0288735,0.028053,0.0295865,0.0292848,0.0327208,0.0401189,0.0512224,0.0627905,0.0859076,0.106185
683.426,0.0362219,0.036271,0.037494,0.0350819,0.0334443,0.0350031,0.0310993,0.0320651,0.0296048,0.0285453,0.0277813,0.0272009,0.0303421,0.0334234,0.039415,0.0498196,0.0630203,0.0837033,0.104431
683.841,0.0386606,0.0376399,0.0372483,0.0360752,0.0352201,0.0342589,0.0339794,0.0294424,0.0293355,0.0291044,0.0303883,0.0304651,0.0291998,0.034999,0.0400298,0.0494952,0.0655914,0.082668,0.10668
684.256,0.0389577,0.0375723,0.03997,0.0384683,0.0385798,0.0342205,0.0327765,0.0320656,0.0320236,0.0288628,0.0293953,0.0293967,0.0331299,0.0355634,0.0408198,0.0518187,0.066103,0.083964,0.110675
684.67,0.0365576,0.0350113,0.0371948,0.0351795,0.0364116,0.032154,0.0338366,0.0296366,0.0280129,0.0270627,0.0274276,0.0289087,0.0294858,0.0334652,0.0376517,0.0493304,0.0618885,0.0831539,0.106181
685.085,0.0406757,0.0388283,0.0387563,0.0382937,0.037455,0.0345565,0.0339665,0.0318408,0.0307931,0.0294631,0.0309947,0.0313735,0.0319601,0.0357356,0.0413766,0.0492958,0.0652654,0.085835,0.108351
685.499,0.0391054,0.0370348,0.0375288,0.036534,0.0366227,0.0339913,0.0327435,0.0308526,0.0302293,0.027393,0.0274457,0.0290638,0.0322355,0.0357521,0.038271,0.050521,0.063884,0.080168,0.107482
685.914,0.038263,0.0393033,0.0390902,0.0392224,0.0371718,0.0343266,0.032924,0.0325969,0.0302851,0.0300694,0.028932,0.0294868,0.031529,0.0337139,0.0405621,0.0496702,0.0645412,0.0851469,0.105489
686.328,0.0365361,0.0366742,0.0360575,0.0374243,0.0359852,0.0349416,0.031167,0.0305947,0.0282096,0.0257526,0.0259812,0.0285909,0.0301796,0.033924,0.0399297,0.0493375,0.0658399,0.082876,0.107676
686.742,0.0384384,0.0376357,0.0402102,0.0369162,0.0359706,0.0354794,0.0331145,0.031965,0.0313403,0.0303379,0.0294974,0.0289207,0.0319667,0.0346292,0.0419766,0.0515448,0.0640654,0.0815848,0.107509
687.156,0.0406334,0.039431,0.0360836,0.0375496,0.0376132,0.0364659,0.0332375,0.0326126,0.031393,0.0314184,0.0294081,0.0302285,0.0332181,0.0373382,0.0438384,0.050853,0.0644355,0.0858155,0.111731
687.57,0.037632,0.0377447,0.037383,0.0351318,0.0375165,0.0322347,0.0327953,0.0324689,0.0308463,0.0302153,0.0296299,0.028834,0.0292061,0.0357992,0.0419252,0.0480055,0.0637562,0.0818777,0.105998
687.984,0.0380283,0.0373684,0.0378475,0.0340172,0.0361665,0.0326878,0.0343772,0.0297784,0.02913,0.0296208,0.0271044,0.0290181,0.0307483,0.0337686,0.0415985,0.0507582,0.064664,0.0841032,0.107149
688.398,0.0393457,0.0374577,0.0383232,0.036912,0.0346011,0.0352038,0.0326693,0.0312854,0.0322714,0.0273975,0.0285193,0.0287743,0.0320769,0.0347784,0.0396059,0.0522356,0.0635596,0.0820748,0.108482
688.811,0.0380126,0.0387382,0.0375885,0.0367859,0.0362673,0.0344095,0.0321999,0.0300055,0.0296954,0.0273487,0.0283028,0.0316604,0.0301904,0.035279,0.0416342,0.0500314,0.065562,0.0838411,0.109031
689.224,0.0394258,0.0382153,0.0370585,0.0358019,0.0361438,0.0329941,0.0328132,0.0319151,0.0316345,0.0297118,0.0269296,0.0274183,0.0310927,0.0326431,0.0409979,0.0499794,0.0640224,0.0843246,0.108752
689.638,0.0387679,0.0368871,0.0373336,0.0340838,0.0363066,0.0356166,0.0305941,0.0304356,0.0312956,0.0305209,0.0264682,0.0282829,0.0298546,0.0330792,0.0409711,0.0483644,0.0639158,0.0846361,0.106789
690.051,0.0389752,0.0389464,0.035998,0.0368244,0.0363278,0.0330085,0.0323202,0.0310144,0.0303813,0.0261123,0.0281665,0.0273556,0.0323644,0.0344308,0.0413801,0.0512704,0.0657759,0.0828718,0.106284
690.464,0.0372922,0.0352243,0.0366851,0.035411,0.0343417,0.0317795,0.0296891,0.0295669,0.0270417,0.0262827,0.0267356,0.0280208,0.0287321,0.0319985,0.037534,0.0469229,0.06172,0.0827661,0.104407
690.877,0.0364703,0.0368053,0.0367377,0.0352344,0.0348886,0.0357737,0.0311214,0.0299637,0.0301986,0.0263127,0.0286109,0.0273785,0.0289066,0.0330164,0.0381765,0.0493067,0.0617918,0.0808533,0.101761
691.29,0.0369494,0.0391558,0.0382881,0.0367917,0.0360138,0.0366488,0.0321101,0.0315155,0.0296935,0.0300002,0.0280209,0.0284237,0.0285623,0.034792,0.0421853,0.0512155,0.0644022,0.0828273,0.107744
691.702,0.0395655,0.0391315,0.0375129,0.0365447,0.0363088,0.034388,0.0334194,0.0299709,0.0314791,0.0293267,0.0293522,0.0303815,0.0310069,0.0354933,0.0410411,0.0478927,0.0634561,0.0840496,0.110588
692.115,0.0393609,0.0388495,0.0379938,0.037409,0.0344355,0.0337953,0.0315771,0.0300332,0.028947,0.0294493,0.0291323,0.0287842,0.0309933,0.0349249,0.0411986,0.0486769,0.0646069,0.083436,0.10667
692.527,0.0362568,0.0371007,0.0363724,0.0353002,0.0350203,0.0353866,0.0332488,0.0304955,0.0304451,0.029355,0.027907,0.0297517,0.029244,0.035626,0.0398279,0.0480227,0.0647286,0.083501,0.107618
692.94,0.0384771,0.0383773,0.0387519,0.0384859,0.0368145,0.0362683,0.0335878,0.0315138,0.0313748,0.0299766,0.0284423,0.029151,0.0330853,0.0367046,0.0423447,0.0523847,0.0666473,0.083912,0.110702
693.352,0.039098,0.0379429,0.0377958,0.0385492,0.0342222,0.0335734,0.0330357,0.0312813,0.0282041,0.0305155,0.0293191,0.0316382,0.0313622,0.0337162,0.0427752,0.0514049,0.0660747,0.0839831,0.109913
693.764,0.0376355,0.0374669,0.0376413,0.0356287,0.0333349,0.0350243,0.0323017,0.0308351,0.0286253,0.0288146,0.0295341,0.0289827,0.0300429,0.0332178,0.0399568,0.0487762,0.0642199,0.0833689,0.105321
694.176,0.0384165,0.0386724,0.0381468,0.036955,0.0357298,0.0362706,0.0319043,0.0306309,0.029716,0.0286223,0.0282855,0.0307602,0.031629,0.0348607,0.0410154,0.0496123,0.0637748,0.0826238,0.109663
694.588,0.0366689,0.0381723,0.0404618,0.0369903,0.0360747,0.0317737,0.0314104,0.0308229,0.0316633,0.0272724,0.0282113,0.0296901,0.0308667,0.0337081,0.0392775,0.0509215,0.0662206,0.0813234,0.108352
694.999,0.038241,0.0371656,0.0356595,0.0354821,0.0353579,0.0307027,0.0314769,0.0319362,0.0286439,0.0293923,0.0286171,0.0286084,0.030713,0.0331605,0.0403749,0.0511702,0.0633779,0.0847221,0.106155
695.411,0.0374078,0.0377361,0.0367515,0.0372596,0.0355125,0.0366679,0.0348408,0.03156,0.0301328,0.0293565,0.0301531,0.0293151,0.0324829,0.0333158,0.0396708,0.0481069,0.0629618,0.0836654,0.106792
695.822,0.0373181,0.0386316,0.0402736,0.0380714,0.0365668,0.0330217,0.0320234,0.0321294,0.0306872,0.0306784,0.0294614,0.0294018,0.0312518,0.0364309,0.0399634,0.0475468,0.0652931,0.0849685,0.109768
696.234,0.0374927,0.0349029,0.0357998,0.0352711,0.0351413,0.0330558,0.0304377,0.0304558,0.0284321,0.0270263,0.0268026,0.0260623,0.0288945,0.0337219,0.0385103,0.0493732,0.0628492,0.0787855,0.106288
696.645,0.0375983,0.0389353,0.0360133,0.0352978,0.0357965,0.0317318,0.0323769,0.0306078,0.0305999,0.0282405,0.027885,0.0281577,0.0302788,0.0328346,0.0394311,0.0497938,0.06478,0.0827569,0.108213
697.056,0.036271,0.0348643,0.0357388,0.0343528,0.0361369,0.0327688,0.0303258,0.0295232,0.0279262,0.025523,0.0269117,0.0271045,0.0299852,0.0315598,0.0393425,0.0478156,0.0601064,0.079988,0.106845
697.467,0.039229,0.0361373,0.0349411,0.0359514,0.0351858,0.0323805,0.0318857,0.0325933,0.0289547,0.0288773,0.0269022,0.02846,0.0299711,0.0355069,0.0388231,0.0457281,0.0609583,0.0825277,0.105685
697.878,0.0348998,0.0360568,0.0351414,0.0327538,0.0339388,0.0318318,0.0316243,0.0288614,0.0264957,0.026398,0.0284982,0.0273995,0.0312329,0.0334463,0.0395355,0.047908,0.0618335,0.0803795,0.10625
698.289,0.0387486,0.0409049,0.0407045,0.0379012,0.03705,0.0355273,0.0321505,0.031545,0.0309158,0.0299765,0.0304754,0.028766,0.031992,0.0378015,0.0426258,0.0509195,0.0662671,0.0857302,0.10992
698.699,0.0390582,0.0389349,0.0387965,0.0366591,0.0377604,0.0359953,0.0338298,0.0334427,0.031133,0.0303593,0.0297586,0.0295061,0.0317966,0.0348071,0.0397315,0.0505466,0.0643062,0.0846782,0.109661
699.11,0.0399056,0.0425999,0.0366377,0.0386288,0.0367842,0.0358931,0.0325469,0.0320532,0.0278921,0.0299544,0.0316364,0.028111,0.030401,0.0352086,0.0415498,0.0493234,0.0645397,0.0843173,0.10927
699.52,0.0353391,0.0359966,0.0377843,0.0362052,0.0350842,0.0333262,0.0313002,0.0311685,0.0292332,0.0271159,0.0269059,0.0293573,0.0300847,0.0335318,0.0406007,0.0500025,0.0620318,0.0850641,0.109414
699.931,0.0344363,0.0375867,0.0365282,0.0339752,0.0358295,0.0329159,0.0304165,0.0277302,0.0298035,0.0272742,0.0271211,0.0305325,0.0286318,0.0329167,0.039681,0.048456,0.0637205,0.0799073,0.10701
700.341,0.0388216,0.0406256,0.0375715,0.0391917,0.0373207,0.0350986,0.0315026,0.0334822,0.032146,0.0300693,0.0297084,0.0299352,0.0283198,0.0353108,0.0411848,0.0503923,0.0654278,0.0823226,0.107465
700.751,0.037835,0.0397241,0.0375556,0.0367853,0.0331241,0.0314388,0.033129,0.0323381,0.029951,0.0286944,0.0291597,0.028967,0.0309438,0.0344658,0.0408588,0.0487869,0.0652291,0.0860903,0.104348
701.161,0.0377721,0.0367345,0.0368417,0.0323347,0.0312807,0.0323444,0.0310508,0.0276818,0.0274171,0.025095,0.0273492,0.026424,0.0306531,0.0348078,0.0395859,0.0481495,0.0640008,0.082427,0.104948
701.57,0.038504,0.0368066,0.0358539,0.03543,0.0348924,0.0317253,0.030875,0.0302118,0.0301437,0.0274242,0.0269487,0.0273041,0.029593,0.0334306,0.0390246,0.0502461,0.0632047,0.0862132,0.109391
701.98,0.0374304,0.0405959,0.0375922,0.037165,0.0350037,0.0335784,0.0316632,0.0295577,0.0310083,0.030554,0.0285271,0.029425,0.0299041,0.0344918,0.0399014,0.0476836,0.0634085,0.0827348,0.106384
702.39,0.0387165,0.0388596,0.0359845,0.0378613,0.0354951,0.0346551,0.0328216,0.0327796,0.0308585,0.0283758,0.0305984,0.0281641,0.0300914,0.0344164,0.0393446,0.0512073,0.0654031,0.0852754,0.112392
702.799,0.0361156,0.0382207,0.0389873,0.0363208,0.0346962,0.0346632,0.0327775,0.0309403,0.0292636,0.0273384,0.0276148,0.0297643,0.029221,0.0347138,0.041174,0.0516125,0.0637224,0.0832064,0.10915
703.208,0.0388803,0.0381655,0.0371117,0.0364303,0.0361087,0.0335579,0.0334252,0.0317733,0.0270021,0.0280833,0.0301869,0.0299194,0.0299471,0.0326372,0.0402006,0.0524091,0.064591,0.0866424,0.107817
703.617,0.0378882,0.0382455,0.038626,0.0386051,0.036252,0.0355999,0.0322077,0.0306109,0.0297459,0.0280148,0.028227,0.0276457,0.0301524,0.0350652,0.0399442,0.0507425,0.0645,0.0834062,0.107486
704.027,0.0384963,0.0367687,0.0364495,0.0405167,0.0349332,0.0345935,0.0317827,0.0297905,0.0296179,0.0294769,0.0282296,0.0293224,0.0309906,0.0340435,0.0405259,0.0497536,0.0651827,0.0855968,0.109515
704.435,0.0377983,0.036607,0.0386766,0.036862,0.0343263,0.0356817,0.0328759,0.0312639,0.029087,0.0303317,0.028013,0.0296866,0.0307008,0.032688,0.0441759,0.0493964,0.0624936,0.0838062,0.109753
704.844,0.0376296,0.0370426,0.0370345,0.036253,0.0360724,0.032891,0.0330916,0.0304015,0.0285691,0.028738,0.0263618,0.0282415,0.0312924,0.0329425,0.0400741,0.0486708,0.061998,0.080866,0.107625
705.253,0.0381484,0.039243,0.0390996,0.0372477,0.0377172,0.0342952,0.0312121,0.0320809,0.0304641,0.0285671,0.0292918,0.0296988,0.0314649,0.0358802,0.0409467,0.0517426,0.06391,0.0834992,0.108535
705.662,0.0376057,0.0380863,0.0386318,0.0372255,0.0356636,0.0333498,0.032514,0.0309172,0.0300553,0.0292335,0.0281725,0.0281116,0.0316981,0.0345899,0.0387549,0.0508442,0.0648958,0.0810296,0.108996
706.07,0.0385818,0.0375863,0.0378964,0.0386862,0.0353309,0.0312597,0.0318876,0.0325976,0.0286901,0.0278467,0.0260994,0.0289137,0.0307989,0.0327553,0.0396433,0.0509835,0.0666331,0.0814355,0.103637
706.478,0.0381061,0.0372534,0.0360224,0.0380652,0.0372667,0.0348801,0.0316276,0.0322697,0.0293701,0.0279369,0.0285277,0.0280018,0.0306701,0.0330949,0.0408992,0.0478835,0.0633386,0.0821283,0.106598
706.887,0.0394852,0.0383833,0.0385528,0.03736,0.0361356,0.0337106,0.031582,0.0335981,0.0304383,0.0273546,0.0285737,0.0303353,0.0312695,0.0344938,0.0407433,0.0502322,0.0632162,0.0830604,0.106518
707.295,0.0379908,0.0397507,0.0387614,0.0374829,0.034623,0.0334635,0.0328336,0.033125,0.0284295,0.0314077,0.0289387,0.0292307,0.0314499,0.034737,0.0413623,0.0498477,0.0665316,0.0819879,0.10761
707.703,0.0401396,0.0379947,0.0379521,0.0386205,0.0363216,0.0325076,0.0324819,0.0308853,0.0302769,0.0282186,0.028045,0.028392,0.032698,0.0360633,0.0425917,0.0498721,0.0642547,0.0856082,0.108039
708.11,0.039641,0.0394396,0.0373203,0.0387059,0.0357286,0.0325851,0.0354399,0.0292632,0.0312968,0.0300097,0.0296906,0.0281754,0.0318532,0.0359828,0.042033,0.0514448,0.066782,0.0854654,0.110477
708.518,0.0382759,0.0377873,0.0372984,0.0366948,0.0347247,0.0350874,0.0340953,0.0322329,0.0313734,0.0279151,0.0275278,0.030455,0.0340207,0.0341025,0.0402463,0.0512534,0.0660219,0.0871177,0.111451
708.926,0.0407225,0.0380942,0.0379711,0.0374875,0.0362086,0.0351632,0.0360795,0.0316269,0.0299722,0.0316409,0.0301186,0.0307276,0.0314551,0.0352412,0.0407502,0.0521982,0.065804,0.0847533,0.108021
709.333,0.0404186,0.0381316,0.0361729,0.0367028,0.0362102,0.0367233,0.0348493,0.0306672,0.0318338,0.0309989,0.0298678,0.0292823,0.0318678,0.033786,0.0424648,0.0515559,0.0644041,0.0845954,0.109582
709.741,0.0378037,0.0375916,0.0343296,0.0346431,0.0338498,0.0343866,0.0309506,0.0297133,0.0282842,0.0274109,0.0284308,0.0261194,0.0282757,0.0328594,0.0400282,0.0480607,0.0645183,0.0823228,0.107197
710.148,0.0369667,0.036392,0.0373117,0.0344584,0.0338179,0.0332858,0.0322145,0.0309497,0.0289781,0.0283657,0.0283281,0.0280615,0.0309029,0.0328629,0.0391402,0.049663,0.0631598,0.0816574,0.103432
710.555,0.0379441,0.0376127,0.0371078,0.0369097,0.0356314,0.0358874,0.0323486,0.0315136,0.0293306,0.0268457,0.0288876,0.0287391,0.0308252,0.0319526,0.0404512,0.0511316,0.0647762,0.0849342,0.109763
710.962,0.0381052,0.0393721,0.0391695,0.0358447,0.0362498,0.0351325,0.0333104,0.0318088,0.0296362,0.028086,0.0298969,0.0321591,0.0302714,0.0355777,0.0403626,0.0496949,0.0637753,0.0844128,0.106797
711.369,0.0372675,0.0376825,0.0385313,0.0368635,0.0346462,0.0348307,0.032889,0.0297896,0.0277447,0.0292806,0.0295257,0.0286194,0.0282125,0.0352216,0.0417724,0.0486525,0.0676161,0.0838203,0.1065
711.776,0.037249,0.0381007,0.0374463,0.0353302,0.0363974,0.0335179,0.031543,0.0290538,0.0313939,0.0274512,0.0270829,0.0284645,0.0298939,0.0340294,0.0394333,0.0471116,0.0658714,0.0814305,0.103476
712.182,0.0340795,0.0364966,0.0346351,0.03372,0.0330181,0.031978,0.0309263,0.0285091,0.0283972,0.0275881,0.0252397,0.0267094,0.0272695,0.0326367,0.040029,0.049697,0.0630325,0.0823485,0.106599
712.589,0.0374971,0.0378601,0.0356998,0.0365773,0.0366442,0.0350991,0.0317222,0.029234,0.0292995,0.0289608,0.027975,0.0301822,0.0292746,0.0335955,0.0408592,0.0498568,0.0655613,0.0818438,0.109531
712.995,0.0382799,0.03722,0.0374299,0.0351508,0.0373997,0.033564,0.0331807,0.0311256,0.0280148,0.0283422,0.0293828,0.0277474,0.0314948,0.0323102,0.0384791,0.0486408,0.0635563,0.0810568,0.1087
713.401,0.0383813,0.0389165,0.03774,0.0350573,0.0346439,0.0339063,0.0334159,0.0274671,0.0275582,0.0303611,0.0266708,0.0268583,0.0295503,0.0317276,0.0375576,0.0486831,0.0620591,0.0838581,0.105689
713.808,0.0384887,0.0387555,0.0361643,0.0357264,0.0348879,0.0341564,0.0340888,0.0303762,0.0293493,0.0309002,0.0284113,0.0281997,0.0311752,0.0343114,0.0414123,0.0514438,0.0679753,0.0862443,0.107948
714.214,0.0369266,0.0381071,0.0359553,0.0343392,0.0347297,0.032036,0.0310589,0.0277066,0.0287631,0.027499,0.0283441,0.0287853,0.0295859,0.0320627,0.0385922,0.0487984,0.0628897,0.0849213,0.105636
714.619,0.0359836,0.0395275,0.0364832,0.0357781,0.0338783,0.0342563,0.0307074,0.0293223,0.0308761,0.0286366,0.0294808,0.0280217,0.0312545,0.035187,0.0399745,0.05248,0.0627137,0.084684,0.106585
715.025,0.0349303,0.0373965,0.0358853,0.0324902,0.0340166,0.0303609,0.032932,0.0283006,0.0288826,0.0274912,0.025609,0.0271042,0.0278837,0.0342588,0.0382991,0.0500524,0.0654926,0.0824457,0.109307
715.431,0.0377398,0.0377435,0.0381487,0.0366756,0.035566,0.0343622,0.0337072,0.0301392,0.0283947,0.0265386,0.0285611,0.028484,0.0291472,0.0332511,0.042067,0.0513393,0.0640155,0.0822508,0.112214
715.836,0.0352497,0.0356371,0.0381517,0.0356219,0.0352133,0.0343295,0.0315585,0.0295319,0.02991,0.0308214,0.028851,0.026199,0.0303828,0.0333964,0.0416063,0.0493193,0.063174,0.0829404,0.109579
716.242,0.0368961,0.0370784,0.0386225,0.0360444,0.0359193,0.034014,0.0314715,0.0289673,0.0289569,0.0285615,0.0258454,0.0278284,0.0290681,0.0338543,0.0391684,0.0475878,0.0652534,0.0797155,0.107113
716.647,0.0376692,0.0410473,0.0384574,0.0336632,0.037205,0.0348995,0.0336161,0.0312316,0.0297856,0.0290786,0.0280762,0.0290914,0.0304539,0.033563,0.0384959,0.0514871,0.0672789,0.0838921,0.114529
717.052,0.036153,0.0396739,0.0383296,0.0372857,0.0358994,0.0333593,0.035494,0.0323563,0.0302067,0.0276317,0.0296633,0.02774,0.0320562,0.033864,0.0408059,0.0506325,0.0650123,0.0836671,0.110385
717.457,0.0375842,0.0391115,0.0355761,0.0370623,0.0346983,0.0345362,0.031795,0.0313186,0.0303938,0.028475,0.0292268,0.0288123,0.0327978,0.0351575,0.0420955,0.0513252,0.06731,0.0865173,0.111117
717.862,0.0364757,0.0358084,0.034804,0.0338945,0.0373167,0.0321674,0.0333535,0.0296272,0.0275051,0.0252957,0.0264653,0.0281369,0.0281882,0.0329145,0.0395022,0.0493156,0.0635688,0.0871222,0.108455
718.267,0.0390163,0.0376965,0.0378199,0.0369488,0.0350989,0.0349205,0.0331743,0.0315389,0.0303413,0.0301712,0.0294271,0.0292953,0.0298076,0.0369133,0.0433677,0.0523398,0.0638573,0.08378,0.107998
718.672,0.039461,0.0380543,0.0375192,0.0366925,0.0334649,0.0329844,0.0290063,0.029841,0.0289225,0.0279662,0.0275013,0.0261058,0.0289179,0.033928,0.0394121,0.0509156,0.0627067,0.0841263,0.105812
719.076,0.0387271,0.0383494,0.0390477,0.0382357,0.0369694,0.0353744,0.0331754,0.0306651,0.0310733,0.0311772,0.0303448,0.0295792,0.0325887,0.0333383,0.0416518,0.0504124,0.0658262,0.084616,0.108193
719.481,0.0382571,0.038367,0.0387419,0.0357988,0.0371795,0.0335667,0.0328084,0.0309841,0.0314064,0.0301051,0.0307336,0.0277228,0.0312697,0.0373153,0.0398614,0.0510006,0.0651095,0.0835269,0.107045
719.885,0.0391521,0.0380341,0.0388474,0.0381365,0.0355912,0.0345848,0.0338456,0.0334238,0.030104,0.0295214,0.0299766,0.0299309,0.0305329,0.0358754,0.0417138,0.0504527,0.0656063,0.0845599,0.111299
720.289,0.0381632,0.0362718,0.0367278,0.0364605,0.0331347,0.0313509,0.0328887,0.0302987,0.0293321,0.0277642,0.0278372,0.0256291,0.0304772,0.0337169,0.0417548,0.0495242,0.0629821,0.0854783,0.106668
720.694,0.0377894,0.039479,0.0381065,0.0370476,0.0345452,0.0344747,0.0327053,0.0327991,0.0284809,0.029517,0.0315566,0.0289228,0.0316872,0.0351602,0.0412079,0.0510577,0.0677003,0.0834623,0.108796
721.097,0.0348941,0.0337264,0.0361057,0.0352789,0.0323811,0.0320259,0.0318273,0.02927,0.0257401,0.0277144,0.0265307,0.026211,0.0295317,0.0310657,0.0371813,0.0485801,0.064108,0.0812324,0.105994
721.501,0.0375169,0.0377981,0.0364196,0.0366247,0.0330147,0.0340767,0.0314502,0.031677,0.028492,0.0270309,0.0268669,0.0291811,0.0297992,0.0347151,0.0398441,0.0480961,0.0624657,0.0801931,0.105578
721.905,0.038869,0.0408947,0.0405063,0.0390999,0.040033,0.0360751,0.0346854,0.033407,0.0315605,0.0330999,0.0314263,0.0310372,0.0335278,0.0389202,0.0446045,0.0517827,0.0700532,0.0878805,0.109159
722.309,0.0379194,0.0367311,0.0346529,0.035893,0.0353626,0.0347891,0.033769,0.0283454,0.0299254,0.0279753,0.027848,0.0295351,0.03149,0.0347153,0.0415481,0.0497124,0.0640659,0.0821153,0.106975
722.712,0.0367343,0.03881,0.037141,0.03647,0.0348878,0.0327047,0.0297409,0.0304067,0.0296859,0.0288227,0.0269069,0.0293535,0.0330635,0.0344388,0.0386082,0.0506825,0.0644584,0.084669,0.109629
723.115,0.0380724,0.0377846,0.0355057,0.0355444,0.0340897,0.0330149,0.0327026,0.0311575,0.0275255,0.0277944,0.0269993,0.0284429,0.029899,0.0339096,0.039927,0.050827,0.0645336,0.0798656,0.111353
723.519,0.0367987,0.0384745,0.0384023,0.036173,0.0365242,0.0316275,0.0321857,0.0324147,0.02746,0.0283289,0.0301818,0.028291,0.0306377,0.0350596,0.0412502,0.0507225,0.0630785,0.0844698,0.109562
723.922,0.0385809,0.0369448,0.0348181,0.0359034,0.0351149,0.0330881,0.0319525,0.031952,0.0299877,0.0295236,0.0276561,0.0303642,0.0301806,0.0340762,0.0381342,0.0472321,0.0627987,0.0829181,0.110144
724.325,0.0393264,0.0370122,0.0393418,0.035704,0.0356784,0.0333151,0.0320026,0.0308134,0.0294846,0.0278301,0.0283623,0.0277499,0.0298746,0.033574,0.0384591,0.0494857,0.0641668,0.0865641,0.109256
724.728,0.036464,0.036685,0.0354107,0.0349259,0.0321546,0.0324654,0.0315111,0.0295005,0.0264677,0.0275809,0.0277137,0.0271184,0.0301521,0.0331155,0.0399332,0.0497663,0.0634533,0.0811355,0.109441
725.13,0.0352914,0.0351631,0.0361848,0.0347227,0.0333005,0.0330446,0.0299245,0.0293498,0.0270472,0.0259856,0.0270134,0.027858,0.0286596,0.0343235,0.0385888,0.0482878,0.0626468,0.0808507,0.103502
725.533,0.0381686,0.0385468,0.0391748,0.0374076,0.0351148,0.0364799,0.0304055,0.0310804,0.0306714,0.0291918,0.0293849,0.0304423,0.0325917,0.0349972,0.0393802,0.0507622,0.0646713,0.0839433,0.112081
725.936,0.035485,0.0353504,0.0338738,0.0340552,0.0356796,0.0337106,0.0287043,0.0273153,0.0281808,0.0283403,0.026665,0.0263166,0.030193,0.0306791,0.0401093,0.0495475,0.0631518,0.083012,0.10695
726.338,0.0387097,0.0372715,0.0371133,0.0375755,0.0337969,0.0302214,0.0303002,0.0300289,0.0311783,0.0291869,0.0287929,0.0288808,0.0301365,0.0330238,0.0418644,0.0515975,0.0645562,0.0837051,0.107364
726.74,0.0364259,0.039125,0.0371278,0.034888,0.0355059,0.0304717,0.0307468,0.0306072,0.0270093,0.0291982,0.0285484,0.027368,0.029934,0.0348135,0.0400257,0.0493894,0.0625339,0.0852339,0.109056
727.142,0.0367207,0.0371686,0.0374136,0.0371351,0.0356711,0.0333615,0.0317042,0.0323741,0.0276451,0.0286095,0.0287409,0.0294028,0.0306965,0.0330617,0.0431665,0.0521397,0.0634466,0.0870978,0.108918
727.544,0.0385529,0.0375859,0.0358982,0.0363544,0.0366912,0.0357128,0.0327164,0.0301041,0.0295127,0.027173,0.0291663,0.0293542,0.0296123,0.0335756,0.0414229,0.0489414,0.0637983,0.0849758,0.109057
727.946,0.0366839,0.0374497,0.0376796,0.0369653,0.034593,0.0312332,0.0308147,0.0295491,0.0285512,0.0264082,0.0261319,0.0296708,0.0304016,0.0345355,0.0409625,0.0505818,0.0656012,0.0862301,0.108387
728.348,0.0370113,0.035194,0.036532,0.0355182,0.0366712,0.032065,0.0311237,0.030639,0.0279148,0.0293749,0.0276536,0.0280849,0.0308971,0.0331192,0.0403487,0.0501562,0.0641402,0.0816694,0.105836
728.75,0.0365693,0.0334974,0.0349672,0.0339919,0.0325945,0.0325572,0.0341415,0.0295401,0.0270182,0.027371,0.0260972,0.028142,0.0289697,0.034739,0.037079,0.0484215,0.0652892,0.0816581,0.107475
729.151,0.038984,0.0401186,0.0356721,0.0384641,0.0335638,0.0339346,0.0321515,0.0315309,0.0307241,0.0292384,0.0262861,0.0298005,0.0319678,0.0350338,0.0422708,0.0521239,0.0649974,0.0830566,0.106481
729.553,0.0355167,0.0386043,0.0373897,0.035398,0.033207,0.033231,0.0321297,0.0308211,0.0287536,0.0285772,0.0275704,0.0275276,0.02824,0.0323243,0.0394095,0.0486687,0.0636537,0.0838726,0.105566
729.954,0.0378799,0.0369453,0.0361844,0.0356506,0.0340444,0.0356775,0.0318788,0.0325713,0.0299654,0.0279914,0.0275828,0.0271718,0.0281203,0.0315937,0.0383093,0.0482731,0.0632589,0.0822078,0.110496
730.355,0.0372596,0.0357877,0.0364407,0.0338716,0.0348204,0.0377329,0.0319144,0.0295756,0.0282988,0.0298981,0.0275212,0.027244,0.0314889,0.0350086,0.0405115,0.0514135,0.0627603,0.0837902,0.11021
730.756,0.0385234,0.0383168,0.0399685,0.0377643,0.0362168,0.0335453,0.0308359,0.033166,0.0310315,0.030371,0.0275708,0.027407,0.0292625,0.0356816,0.0432093,0.0509619,0.0635484,0.0837335,0.109741
731.157,0.0395991,0.0400716,0.0384462,0.0382171,0.0357556,0.0353331,0.0336673,0.0323626,0.0307238,0.028326,0.0318258,0.0315146,0.034,0.0338372,0.0405442,0.0502998,0.0650352,0.0839598,0.110729
731.558,0.0362646,0.0350111,0.0367892,0.0355492,0.0357754,0.0339777,0.030521,0.0290309,0.0297245,0.0256678,0.026483,0.0289371,0.0311353,0.0324752,0.0403069,0.0479406,0.0649763,0.0820995,0.105239
731.959,0.0377599,0.0380862,0.035321,0.0354728,0.0327863,0.0348226,0.0325729,0.0292903,0.0292798,0.0293735,0.0271256,0.0274965,0.029848,0.0363216,0.0394902,0.0486625,0.063838,0.0822593,0.107828
732.359,0.0412026,0.0356999,0.0370897,0.035359,0.0370434,0.0341208,0.0314711,0.0317028,0.0286131,0.0284609,0.02856,0.0300354,0.0306248,0.03362,0.0434054,0.0483819,0.0626618,0.0850236,0.11038
732.76,0.0359303,0.0371367,0.034673,0.0348375,0.0332633,0.0338731,0.030342,0.0294464,0.0284844,0.0255978,0.025669,0.026216,0.0287498,0.0292345,0.0389527,0.0462991,0.06144,0.0819804,0.105292
733.16,0.035479,0.0352753,0.0354287,0.033813,0.0328165,0.032274,0.0324854,0.0296295,0.0277623,0.0252521,0.0279204,0.0280774,0.0296351,0.0337911,0.0390378,0.0501853,0.0639231,0.0839493,0.106405
733.56,0.0363454,0.0356083,0.0371285,0.033442,0.0341136,0.0337017,0.0296791,0.0286356,0.0281007,0.0274911,0.025778,0.0275772,0.0312396,0.0332637,0.0387076,0.0496679,0.0619007,0.0858156,0.106473
733.96,0.0396477,0.0382826,0.0382315,0.0353391,0.0354954,0.0352077,0.0321033,0.0311842,0.0290962,0.0240496,0.0272214,0.0272322,0.0319841,0.0340064,0.0380404,0.0511142,0.0630467,0.0819744,0.106486
734.36,0.0377535,0.038219,0.0378165,0.0384066,0.0345532,0.033598,0.0328248,0.0330215,0.0285701,0.02682,0.0282907,0.0300322,0.0303018,0.0334348,0.039509,0.0486266,0.0632405,0.0823419,0.109934
734.76,0.0377679,0.0382957,0.0359655,0.037611,0.0372811,0.0318833,0.0320543,0.0313839,0.0290132,0.0275396,0.0293123,0.0280314,0.0343418,0.0369231,0.041893,0.0514843,0.0665683,0.083944,0.109656
735.16,0.0378457,0.0347863,0.0361338,0.0353183,0.0342207,0.0287983,0.029375,0.0296164,0.0268686,0.028001,0.0279955,0.0276961,0.0288626,0.0325049,0.0402762,0.0494082,0.0652161,0.0850593,0.108578
735.559,0.0379671,0.03787,0.0383868,0.0351455,0.034437,0.0348006,0.0304947,0.0277353,0.0271805,0.026753,0.0251392,0.0296938,0.0329091,0.033357,0.0401323,0.0507595,0.0617374,0.0813057,0.108707
735.959,0.0350187,0.0394777,0.0359994,0.036477,0.0364509,0.0329031,0.0308543,0.0320683,0.0297168,0.0289166,0.0289189,0.0281442,0.0294313,0.0336165,0.039307,0.0512386,0.0641473,0.0813238,0.109596
736.358,0.0380765,0.038033,0.0370392,0.0377443,0.0345635,0.0328628,0.0313854,0.0315597,0.0278341,0.0297079,0.0308239,0.0283989,0.0304758,0.0337016,0.0409568,0.050278,0.0635596,0.083251,0.11111
736.757,0.0384827,0.038579,0.0383229,0.0358898,0.0386168,0.0337522,0.0326552,0.0322488,0.029911,0.0291751,0.0282104,0.0285333,0.0306601,0.0336479,0.0415129,0.0502985,0.0660161,0.0839977,0.10964
737.157,0.0391934,0.0395332,0.040438,0.0391776,0.0362376,0.0321249,0.0324944,0.0335569,0.0289618,0.03046,0.0305723,0.0302187,0.0337159,0.0361207,0.0422665,0.0489461,0.067332,0.088786,0.109626
737.555,0.038058,0.0370861,0.0384892,0.0395145,0.036377,0.0321633,0.0318117,0.0318184,0.0316262,0.0289367,0.0289434,0.0296786,0.0310751,0.0359754,0.0437744,0.0511678,0.0664151,0.0840561,0.11138
737.954,0.0392278,0.035805,0.0374382,0.0351996,0.0355454,0.0301945,0.0314119,0.0303762,0.0296058,0.0297598,0.0298243,0.0267772,0.0287134,0.0361401,0.0415524,0.0494903,0.0653588,0.0825929,0.108185
738.353,0.0357478,0.0353962,0.0367646,0.0322779,0.0330266,0.035206,0.031042,0.0285147,0.0300053,0.0288147,0.0282587,0.0264106,0.0309546,0.0356757,0.0400294,0.0525591,0.061158,0.0833269,0.105552
738.752,0.0366664,0.0360555,0.0356455,0.0356057,0.0345449,0.0349731,0.0310816,0.0296939,0.0291689,0.030375,0.0265066,0.0270029,0.0293515,0.0354768,0.0400484,0.0503512,0.065695,0.0827048,0.109049
739.15,0.0387271,0.038521,0.0365054,0.0359988,0.0390626,0.0342918,0.0313775,0.0296321,0.02755,0.0281246,0.0265092,0.0277774,0.0308966,0.0355475,0.0401452,0.0512603,0.0688215,0.0850963,0.10837
739.549,0.0377021,0.0365088,0.0347712,0.0335617,0.0322043,0.029035,0.0298953,0.0298747,0.0245719,0.0262844,0.0250171,0.0232118,0.028005,0.0297796,0.0381849,0.0465532,0.0625075,0.0816445,0.109178
739.947,0.0364489,0.0404913,0.03848,0.0338459,0.0362421,0.0332798,0.0316558,0.0336236,0.0318336,0.0276202,0.0288708,0.0289845,0.0323985,0.0338151,0.040528,0.0520888,0.0648834,0.0847971,0.109612
740.345,0.0388799,0.0345182,0.0359515,0.0347197,0.0350607,0.0341937,0.0304526,0.0313169,0.0267033,0.0286795,0.0273771,0.0270915,0.0283376,0.0332074,0.0399624,0.051643,0.064526,0.0847823,0.110715
740.743,0.0407518,0.0386627,0.0383824,0.0394617,0.0378674,0.0350618,0.0350701,0.0356537,0.0317664,0.0289192,0.0323931,0.0332107,0.0328823,0.0368988,0.0407679,0.0544153,0.0690476,0.0879055,0.113935
741.141,0.0355714,0.0375957,0.038119,0.0353298,0.0378256,0.0322801,0.0312839,0.0284086,0.0283985,0.02887,0.0261002,0.0283698,0.0304231,0.0343831,0.0410336,0.0488126,0.0634573,0.0841723,0.107127
741.539,0.0394592,0.0398777,0.0416781,0.040243,0.0388937,0.0355165,0.0358265,0.0321227,0.0316853,0.0305655,0.0323871,0.0324792,0.03365,0.0357691,0.0405041,0.0520003,0.0678193,0.0840753,0.112858
741.936,0.03927,0.0371517,0.0346001,0.0373143,0.0381782,0.035918,0.0324027,0.0316974,0.0300786,0.0292461,0.0313707,0.0292254,0.0297122,0.0354928,0.0418278,0.0517812,0.0650161,0.0836906,0.106697
742.334,0.0370425,0.0384651,0.0395713,0.0366132,0.0373631,0.0337759,0.0312108,0.0302435,0.03029,0.0281083,0.0281122,0.0275908,0.0305768,0.034983,0.0419,0.04926,0.0646552,0.0844542,0.109105
742.731,0.0373406,0.0394534,0.0369889,0.0366294,0.0351158,0.0337918,0.0316014,0.0301432,0.0298536,0.0255679,0.0279201,0.0309522,0.0301937,0.0356899,0.0400865,0.049517,0.064285,0.0823055,0.109295
743.128,0.037102,0.0371584,0.0356564,0.0363722,0.0342333,0.032375,0.0304294,0.0283509,0.028537,0.0261732,0.0267756,0.0276727,0.0289731,0.034245,0.0411475,0.0515589,0.0635215,0.0802041,0.107222
743.526,0.0369052,0.037054,0.0355871,0.0371304,0.0333921,0.0347766,0.0324016,0.0321069,0.0300773,0.0265725,0.027753,0.0284869,0.0315652,0.0355267,0.0397888,0.0475305,0.0644922,0.086022,0.105966
743.923,0.0387129,0.038016,0.0367575,0.0356546,0.0341875,0.0375598,0.0310421,0.0301439,0.0277361,0.0267083,0.0284893,0.0281704,0.0300906,0.0331217,0.0361442,0.0498835,0.0640165,0.0844601,0.109011
744.32,0.0376203,0.037987,0.0384109,0.0382722,0.0364837,0.0354918,0.0298633,0.0318975,0.0288142,0.0311445,0.0277624,0.0288217,0.0317053,0.0340823,0.0406025,0.0529756,0.063681,0.0845933,0.111456
744.716,0.0357595,0.0373846,0.0367886,0.0367787,0.0369767,0.0327414,0.0324656,0.0317854,0.0286093,0.0293806,0.0289554,0.0297561,0.0309156,0.0334401,0.0390164,0.0525189,0.0636821,0.0842496,0.113397
745.113,0.0355139,0.0372269,0.0355156,0.0359334,0.031367,0.032261,0.0309423,0.0300192,0.0285387,0.0280533,0.0272967,0.0260553,0.0305023,0.0342672,0.0394437,0.0509349,0.0651211,0.0859728,0.111848
745.51,0.0372121,0.0388935,0.0351129,0.0358844,0.0341452,0.0321638,0.032566,0.0287751,0.02661,0.0297519,0.0290239,0.026844,0.0335893,0.033688,0.0391563,0.0501999,0.062572,0.0829896,0.110736
745.906,0.0398904,0.0357177,0.035795,0.0353054,0.0361745,0.0337224,0.0317655,0.0295139,0.0309667,0.029648,0.028163,0.0259883,0.0312973,0.034427,0.0404935,0.0466337,0.0635101,0.0837653,0.110498
746.302,0.0385384,0.0385118,0.0380067,0.0381286,0.0371326,0.0326038,0.0322074,0.032631,0.0305075,0.0310805,0.0260294,0.028512,0.0287865,0.0324384,0.0415894,0.0497101,0.0625587,0.0858746,0.111687
746.698,0.0372567,0.0388705,0.0357987,0.0345939,0.0330658,0.0330643,0.0342179,0.0263694,0.0283193,0.0287236,0.0262383,0.0292906,0.0293919,0.0325083,0.0421536,0.0481848,0.0634742,0.0808337,0.108521
747.095,0.0396995,0.0387867,0.0378984,0.0365176,0.0346475,0.0342621,0.0313589,0.0317151,0.0292456,0.0289974,0.0291225,0.0291468,0.030241,0.0334527,0.0426292,0.0492435,0.0648082,0.0833243,0.111235
747.49,0.0400353,0.0390179,0.0388879,0.039187,0.0374162,0.0350404,0.0321931,0.0344305,0.0322481,0.0300148,0.0338864,0.0289468,0.0324118,0.0373725,0.0424795,0.0546103,0.0691096,0.0846625,0.116177
747.886,0.0368091,0.037557,0.0381213,0.0378566,0.0366065,0.0343959,0.0340715,0.0332432,0.0303131,0.0266892,0.0290648,0.0265767,0.0307199,0.033825,0.0443237,0.0505705,0.0644747,0.0866792,0.11179
748.282,0.0387499,0.0373675,0.0410215,0.0400878,0.0368524,0.0350022,0.0334882,0.0305877,0.0301548,0.0315294,0.0300186,0.0292886,0.0317598,0.0340639,0.0415642,0.0512929,0.0665692,0.0840099,0.114149
748.678,0.0378557,0.0376015,0.0366861,0.0366084,0.0369865,0.0337629,0.0322939,0.0286874,0.0307504,0.0283054,0.0292011,0.0262162,0.0296517,0.0331406,0.041486,0.0507909,0.0654757,0.0855035,0.111852
749.073,0.038225,0.0388311,0.0418339,0.0368692,0.0366784,0.0356511,0.0321419,0.0331946,0.0302105,0.0285129,0.0292542,0.031354,0.0337664,0.035857,0.041982,0.0498482,0.0648523,0.087594,0.109119
749.468,0.0365086,0.034287,0.0356781,0.0367709,0.0344712,0.031942,0.0343219,0.0313235,0.0274919,0.0287216,0.0261593,0.0271523,0.029847,0.0312925,0.0387601,0.0506561,0.0646892,0.0839873,0.106018
749.863,0.0371703,0.0413661,0.0389513,0.0352741,0.0364462,0.0355951,0.0325783,0.032865,0.0305851,0.0278085,0.0303408,0.0321173,0.0319172,0.0347572,0.0412906,0.0495426,0.0650078,0.0837727,0.113256
750.259,0.0397742,0.0391221,0.0376489,0.0400249,0.0372628,0.036206,0.0366859,0.0347249,0.0312949,0.0331617,0.0289333,0.0320095,0.0314932,0.0379742,0.0452191,0.053718,0.067781,0.0879119,0.115698
750.654,0.0343019,0.0362241,0.0361186,0.0339518,0.0363134,0.0341973,0.0329473,0.0325413,0.0302261,0.0288431,0.0275082,0.0273997,0.031182,0.0306565,0.0392579,0.0519565,0.0642075,0.0861042,0.111973
751.048,0.0380311,0.0375247,0.0366731,0.0378952,0.0333646,0.0337007,0.0321769,0.030632,0.0295716,0.0302433,0.0275008,0.0303063,0.0304313,0.0330929,0.0390552,0.0488027,0.0659708,0.0868785,0.107177
751.443,0.0374931,0.0387723,0.0345154,0.0344744,0.0330766,0.0309416,0.0320505,0.027061,0.0268135,0.0284466,0.0291348,0.028989,0.0316073,0.0347461,0.0399137,0.0486097,0.0665725,0.086386,0.110173
751.838,0.0408505,0.0409423,0.0405688,0.0390308,0.0365551,0.0356576,0.0364524,0.0321641,0.0289195,0.0333737,0.0306139,0.0312053,0.0357021,0.0379991,0.0394119,0.0519177,0.0668813,0.0873294,0.111032
752.232,0.0341441,0.0332455,0.03618,0.0348917,0.0341812,0.0351816,0.0299884,0.0283943,0.0288833,0.0280091,0.0267861,0.0291312,0.0310638,0.0297174,0.0389336,0.0494558,0.0617251,0.0839686,0.108129
752.626,0.03913,0.0358475,0.0418668,0.0364362,0.0366062,0.035982,0.0326564,0.0325938,0.0291087,0.0325474,0.0291722,0.0298703,0.0290401,0.0361135,0.0427666,0.049389,0.067138,0.0860447,0.110399
753.021,0.0367847,0.0379447,0.0378087,0.0374044,0.0411866,0.0365199,0.0331625,0.0299117,0.0310244,0.0300525,0.0304854,0.0305582,0.0297994,0.0348814,0.0395458,0.0509765,0.0673654,0.0857629,0.109284
753.415,0.03744,0.0405357,0.0357725,0.0362336,0.0355537,0.0343397,0.0333695,0.0341779,0.0294334,0.0298964,0.0269225,0.0290723,0.0320217,0.033739,0.0418247,0.0515957,0.064829,0.0871467,0.114962
753.809,0.0408235,0.0418186,0.0400275,0.0397581,0.0374513,0.0361777,0.0327899,0.0339153,0.0296661,0.02931,0.0278121,0.0311305,0.0309506,0.0373939,0.0399174,0.0494164,0.0648847,0.0846433,0.110769
754.203,0.0416897,0.0387985,0.0378656,0.037964,0.0383549,0.0333713,0.0331341,0.0316628,0.02943,0.0314207,0.0299571,0.030599,0.0312856,0.0334559,0.039459,0.0523082,0.0657935,0.0861032,0.111312
754.596,0.036672,0.037708,0.0366549,0.0337989,0.0355078,0.0315623,0.0316839,0.030778,0.0303897,0.0290359,0.0253857,0.0281116,0.0347792,0.0360551,0.0398005,0.0486911,0.0648823,0.0852554,0.11167
754.99,0.0392927,0.0378152,0.035819,0.0364349,0.0341388,0.0353123,0.0336468,0.0325022,0.0269125,0.0274851,0.0306427,0.0279936,0.0311303,0.0384826,0.042132,0.0513551,0.0641933,0.0859722,0.111189
755.383,0.0366391,0.0424453,0.0354778,0.0359747,0.0359086,0.0339433,0.0334761,0.0320317,0.0281804,0.026938,0.0256008,0.0280007,0.0288337,0.0349427,0.0387502,0.0506608,0.0668719,0.0831467,0.112984
755.777,0.0369462,0.0372958,0.0379235,0.0349129,0.0323597,0.034437,0.0311909,0.030535,0.0279424,0.0300738,0.0270818,0.0291205,0.0305975,0.0363277,0.0388348,0.0540215,0.064961,0.0834751,0.107073
756.17,0.0375596,0.0355152,0.0384406,0.0375473,0.0369907,0.0339913,0.0329315,0.0328038,0.0313162,0.0300267,0.0300941,0.0293427,0.0318452,0.0346231,0.0453351,0.0548276,0.0664525,0.0861231,0.114089
756.563,0.0374417,0.0412486,0.0419822,0.037182,0.0365294,0.0367522,0.0364232,0.035928,0.0297808,0.0288703,0.0305629,0.0319509,0.0336265,0.0341555,0.0433742,0.0527039,0.0641051,0.0886082,0.107412
756.956,0.0359774,0.0368016,0.0348884,0.0343914,0.0350187,0.0314502,0.0340557,0.0284387,0.0283447,0.0269982,0.0272854,0.0278645,0.0303127,0.033263,0.0401439,0.0525919,0.0655374,0.0837637,0.11043
757.349,0.0369186,0.0356038,0.0389254,0.036104,0.038076,0.0333686,0.0337324,0.0316274,0.0321196,0.0297839,0.0339495,0.0307243,0.032822,0.0324736,0.0408846,0.0513603,0.0660254,0.0871741,0.110935
757.742,0.0424481,0.0365414,0.0394517,0.03805,0.0369567,0.0369977,0.0319404,0.0321182,0.0314399,0.0288865,0.0289013,0.0294078,0.0327363,0.0362181,0.0404999,0.05202,0.0650299,0.0858138,0.10941
758.135,0.0369652,0.0366051,0.0378231,0.0361354,0.0367989,0.0374286,0.0354177,0.0300776,0.0283382,0.0271293,0.0273809,0.0287384,0.0307719,0.0353627,0.0426478,0.0513055,0.0663936,0.0828825,0.11103
758.527,0.03839,0.0388711,0.0367594,0.0349597,0.0344389,0.0361763,0.032859,0.0299546,0.0301984,0.0276525,0.0263415,0.028908,0.0313181,0.0347164,0.0408379,0.0507581,0.0658315,0.082562,0.109928
758.919,0.0396104,0.037696,0.0366298,0.0342424,0.0345081,0.031183,0.0322444,0.0281889,0.0298973,0.0316241,0.0238578,0.0260936,0.0311544,0.0353344,0.0395494,0.0501989,0.0682733,0.0838447,0.113864
759.312,0.0388355,0.0375658,0.0381972,0.0382616,0.0367724,0.0360806,0.0317884,0.0335512,0.0306227,0.0289189,0.0263038,0.0300426,0.0300261,0.0352092,0.041633,0.0530784,0.0652038,0.0848718,0.111036
759.704,0.036621,0.0389452,0.0388745,0.0387355,0.0360054,0.0341397,0.0337642,0.0317131,0.0338651,0.0296236,0.0310901,0.0302896,0.031902,0.0346333,0.0422058,0.0489991,0.0659369,0.0903017,0.112607
760.096,0.0365746,0.0388575,0.0360303,0.039675,0.0345717,0.0337241,0.0332623,0.0336104,0.0294751,0.0305789,0.0308923,0.0271767,0.0292304,0.0364969,0.0444309,0.0546197,0.0666756,0.0861471,0.110976
760.488,0.040522,0.0389771,0.0410145,0.0389038,0.0379701,0.0371819,0.0366287,0.0282154,0.0316244,0.0291473,0.0302384,0.0297467,0.0321132,0.0360399,0.0418296,0.0536178,0.0647045,0.0873711,0.113911
760.88,0.0393741,0.0389709,0.0358163,0.0368447,0.0362461,0.0320104,0.0347013,0.0317761,0.0289505,0.0287438,0.0293665,0.0278667,0.0300319,0.0340162,0.0411655,0.0528896,0.0641727,0.0858877,0.113166
761.271,0.0380592,0.0373168,0.0354312,0.0359019,0.0315093,0.0314211,0.0323238,0.0306141,0.02862,0.0254888,0.0265509,0.0237602,0.0294855,0.0320841,0.0377762,0.0487725,0.0639844,0.0873413,0.10784
761.663,0.0341495,0.036378,0.0346771,0.0337169,0.0331387,0.0300888,0.0307064,0.0298082,0.0300081,0.028647,0.0278786,0.0282358,0.0276133,0.0336009,0.0396405,0.0494033,0.0650533,0.0848825,0.113139
762.054,0.0323509,0.0386404,0.0329601,0.0323334,0.0335698,0.0314836,0.0290991,0.0282153,0.024836,0.0247617,0.0255373,0.0236119,0.0281925,0.030754,0.0342676,0.0437096,0.0643209,0.0792667,0.104464
762.445,0.0424799,0.0394359,0.0376705,0.040177,0.0436092,0.0397204,0.0362669,0.02999,0.0320676,0.0356331,0.0327468,0.0330175,0.0365024,0.0352728,0.0455799,0.0516294,0.0707063,0.0852689,0.114945
762.837,0.036284,0.0388045,0.0396463,0.0365579,0.0397666,0.0337031,0.0309351,0.0295113,0.0285478,0.0299445,0.028099,0.028791,0.0337627,0.0346618,0.0420748,0.0518688,0.0673237,0.086007,0.109761
763.228,0.0378852,0.0372442,0.0372793,0.035623,0.0380891,0.0336216,0.0320731,0.0309987,0.0316845,0.0306629,0.0260051,0.0319975,0.0311692,0.0357619,0.0431739,0.0507976,0.0672056,0.0858004,0.106624
763.619,0.04227,0.0390761,0.0367655,0.0359983,0.0352181,0.0310328,0.0334896,0.0299097,0.0310121,0.0254841,0.0284361,0.028209,0.0342715,0.0328678,0.0430251,0.0493184,0.0660855,0.0877312,0.113608
764.009,0.0409007,0.0395315,0.0399906,0.0397202,0.0367714,0.0359834,0.0358406,0.0322064,0.0267625,0.0289989,0.0300744,0.0278656,0.0322314,0.0365637,0.0432361,0.0520045,0.067379,0.0857608,0.112259
764.4,0.0405433,0.0400448,0.0394308,0.0408026,0.0401322,0.0359106,0.0312607,0.0347029,0.0318125,0.029712,0.0272225,0.0263786,0.0334194,0.033624,0.0442145,0.0515001,0.063261,0.0894084,0.107235
764.791,0.0384445,0.0386879,0.0414148,0.0389607,0.0362282,0.0366678,0.0316367,0.0306699,0.0292954,0.0280843,0.029952,0.0321943,0.0300114,0.0363523,0.0435192,0.0530286,0.0690443,0.0883347,0.113035
765.181,0.0407055,0.0408201,0.0387925,0.0389092,0.0346578,0.0335897,0.0323019,0.0318607,0.029142,0.0285626,0.0282561,0.030774,0.0333065,0.0352008,0.0410163,0.0501666,0.0687548,0.089549,0.11283
765.571,0.0393514,0.0373012,0.039484,0.0372864,0.0370219,0.0373224,0.0330387,0.0346384,0.0339857,0.0313846,0.0295265,0.0340623,0.0344103,0.034784,0.0430953,0.0532182,0.0686578,0.0890733,0.113013
765.962,0.0398229,0.0400103,0.0352407,0.0404126,0.0372004,0.0343865,0.0322101,0.0293821,0.0304657,0.0273826,0.0281139,0.0302656,0.0293928,0.0357625,0.0414219,0.0505659,0.0682587,0.0868533,0.106167
766.352,0.0386976,0.0381513,0.0374141,0.0346031,0.0374032,0.0349704,0.0348485,0.0299453,0.0284183,0.0303628,0.0280135,0.0264742,0.0295015,0.0328682,0.0413103,0.050037,0.0677398,0.0841021,0.110015
766.742,0.038879,0.0381717,0.0351666,0.0388385,0.0348723,0.034272,0.0355059,0.0319669,0.0312006,0.0330074,0.029443,0.0318402,0.0305255,0.0371357,0.0446093,0.0544232,0.0686599,0.0878701,0.113878
767.131,0.0355793,0.032589,0.0382641,0.0328707,0.0347196,0.032466,0.0309742,0.0259262,0.0298301,0.0252681,0.0225463,0.0259917,0.030287,0.0318555,0.0402838,0.0487837,0.0645393,0.0832036,0.108781
767.521,0.0380815,0.043056,0.0395916,0.0396147,0.0387533,0.0368526,0.0372734,0.0329622,0.0318617,0.0347122,0.0304566,0.0311455,0.0327232,0.038737,0.0467079,0.0547649,0.0654331,0.093883,0.114819
767.911,0.0429537,0.0403294,0.0411949,0.0410403,0.0385557,0.034908,0.0377633,0.032502,0.0317827,0.030202,0.0308594,0.0321172,0.0301281,0.0370008,0.0431209,0.0566142,0.0697486,0.0915627,0.115794
768.3,0.0402853,0.0391444,0.039068,0.0385046,0.0403286,0.0317707,0.0342216,0.0359524,0.0329238,0.0296078,0.0311857,0.0318307,0.0331976,0.0400638,0.0420358,0.0543941,0.0682289,0.0912783,0.112473
768.689,0.0405959,0.0390332,0.034728,0.0355845,0.0354736,0.0336409,0.0353822,0.0320147,0.032362,0.0313137,0.0263451,0.031602,0.0307604,0.0360747,0.0435644,0.0537801,0.0661656,0.0880671,0.112448
769.079,0.0377085,0.0371054,0.0381134,0.0384456,0.031996,0.0328099,0.0311254,0.0294219,0.0294891,0.0255306,0.0286004,0.0264653,0.0318726,0.0337435,0.0439979,0.0509478,0.067243,0.085869,0.109692
769.468,0.0393082,0.0410105,0.0367454,0.0375549,0.0326186,0.0324174,0.0327384,0.0324246,0.0305835,0.0295183,0.0284236,0.030997,0.03127,0.0359392,0.0394409,0.0515157,0.0677755,0.0891672,0.115363
769.857,0.0354497,0.0338198,0.0366489,0.0338695,0.0305892,0.0341702,0.0300572,0.0248486,0.0228934,0.0242978,0.0238216,0.0263318,0.0273268,0.0303297,0.0360489,0.0483342,0.0594388,0.0819166,0.107491
770.246,0.0405197,0.0363252,0.0368905,0.0353092,0.0359642,0.0338457,0.0335196,0.0315188,0.0272629,0.0278803,0.0282757,0.0273589,0.0310078,0.0368979,0.0431046,0.0505815,0.0644585,0.0823729,0.109896
770.634,0.0345886,0.0359625,0.036123,0.0353167,0.0345912,0.0350293,0.0300181,0.033394,0.0285848,0.0243278,0.0247947,0.028041,0.027981,0.0330897,0.0401745,0.0515668,0.062475,0.0832539,0.109596
771.023,0.0399069,0.0411057,0.0394771,0.0366954,0.0396788,0.034622,0.0319632,0.0325977,0.0356041,0.0316568,0.0305286,0.0339308,0.0320182,0.0348302,0.0403018,0.0544325,0.0701298,0.089476,0.114552
771.411,0.0368579,0.0351875,0.0376926,0.0377261,0.031971,0.0326636,0.0317263,0.0279868,0.030654,0.02661,0.0282867,0.0316478,0.0278756,0.033347,0.0395371,0.0504619,0.0648414,0.083424,0.11309
771.8,0.0392498,0.0407897,0.0396333,0.0372006,0.0362415,0.0316162,0.0317695,0.0331811,0.0291339,0.0294839,0.0318837,0.0273907,0.0305488,0.0365627,0.042033,0.0510232,0.0641875,0.0827177,0.112693
772.188,0.0399875,0.0389849,0.0387927,0.0379532,0.0368671,0.0366206,0.0323319,0.0321786,0.0300602,0.0348934,0.02983,0.0299433,0.0349188,0.0342028,0.0450879,0.0553313,0.0647752,0.0874899,0.114477
772.576,0.0424241,0.041045,0.0388261,0.0372138,0.0393326,0.0389476,0.0359785,0.0331689,0.0317062,0.0308047,0.0322662,0.0293317,0.0337241,0.0379181,0.0442769,0.0539352,0.0689906,0.087171,0.112943
772.964,0.0356118,0.0385057,0.0393095,0.037945,0.0362423,0.0336751,0.0326737,0.0318877,0.0277896,0.0273803,0.0272794,0.0287547,0.0316148,0.0332906,0.0425125,0.0497566,0.0662888,0.0855604,0.111433
773.352,0.0376925,0.0312172,0.0357129,0.03356,0.0298205,0.0317877,0.031848,0.0283925,0.0280571,0.0239591,0.0271968,0.0281501,0.0324845,0.0347744,0.0404467,0.0474627,0.0630821,0.082978,0.10746
773.74,0.0388991,0.0396729,0.037661,0.0381514,0.0371372,0.0362231,0.0339152,0.0311436,0.02889,0.0281253,0.0320408,0.0280472,0.0318683,0.0383623,0.0387748,0.0546284,0.0697629,0.0847646,0.114851
774.127,0.0352176,0.0345659,0.0353919,0.0318641,0.0364119,0.0295599,0.0330265,0.0269893,0.0249293,0.0284935,0.0289954,0.0287545,0.0301089,0.0324718,0.0337658,0.0470828,0.0633871,0.0884202,0.11349
774.515,0.0365884,0.0366286,0.0370361,0.0376038,0.0351134,0.0343701,0.0316991,0.0308707,0.0309768,0.02654,0.0308392,0.0293857,0.0291816,0.0345697,0.0410925,0.0517472,0.0639189,0.0870457,0.112109
774.902,0.0389004,0.0391501,0.0368779,0.038351,0.0349851,0.0364584,0.0322211,0.02833,0.0294346,0.0283295,0.0309489,0.0278835,0.030788,0.0319855,0.0425203,0.0524701,0.0662634,0.0878416,0.108467
775.289,0.0395368,0.0395138,0.0392736,0.0378029,0.0367579,0.0352123,0.0324081,0.03169,0.0316093,0.0288734,0.0292565,0.0295878,0.0342866,0.0358152,0.0416895,0.0488326,0.0646475,0.0852234,0.109922
775.676,0.0394945,0.0395128,0.040024,0.0377987,0.0368331,0.0373812,0.0318973,0.0323045,0.030686,0.0294936,0.0298123,0.0316638,0.0320041,0.0396093,0.0430329,0.0530111,0.068745,0.0877914,0.109703
776.063,0.0381177,0.0352783,0.03714,0.0379257,0.0331302,0.030697,0.0319043,0.0320658,0.0322059,0.0270759,0.0269826,0.0274477,0.0307217,0.0356356,0.0406603,0.0513225,0.0688879,0.0899116,0.1134
776.45,0.0354983,0.0355644,0.035092,0.0361726,0.033481,0.0325066,0.0324407,0.0285134,0.024215,0.0274281,0.0300481,0.0264607,0.0318462,0.0339885,0.0376304,0.0502181,0.0645418,0.0852122,0.109991
776.837,0.0377545,0.0402462,0.0376974,0.0388475,0.0388932,0.0386476,0.0332111,0.0339159,0.0284598,0.0304844,0.0306864,0.0318393,0.0356704,0.0375463,0.0409499,0.0554775,0.068159,0.0922738,0.112035
777.224,0.0379546,0.0362057,0.0340474,0.0396422,0.0363955,0.0322217,0.0323205,0.0290869,0.0284569,0.0290133,0.0285354,0.02684,0.0317166,0.0346448,0.0401433,0.054773,0.061,0.0836295,0.114937
777.61,0.0337421,0.0353327,0.0345201,0.0367712,0.0361911,0.0318241,0.0291534,0.0257316,0.0280847,0.0265324,0.027105,0.0275352,0.0303347,0.0303134,0.0368092,0.0502812,0.0644071,0.085282,0.106729
777.997,0.0390377,0.0385448,0.0407238,0.0372812,0.038599,0.0345308,0.0327927,0.0319022,0.0310934,0.0289647,0.0341048,0.0286462,0.0317677,0.0364493,0.0419877,0.0508813,0.0703305,0.0898793,0.109528
778.383,0.0395185,0.0424974,0.0399415,0.0374082,0.0389639,0.0376011,0.0321703,0.0321781,0.0303082,0.0295207,0.0307386,0.0290322,0.0317688,0.0385645,0.0445292,0.0537757,0.0705621,0.0910498,0.113785
778.769,0.0352512,0.0412193,0.0414452,0.0380401,0.0390399,0.0364951,0.0328913,0.0324195,0.0314593,0.0311661,0.0292184,0.0297758,0.0311315,0.0362595,0.0439758,0.0492361,0.068204,0.0837203,0.111627
779.155,0.0385895,0.0397726,0.0377484,0.0373712,0.0349117,0.0367193,0.0316225,0.0316165,0.0294942,0.0285784,0.0301799,0.0285716,0.0306118,0.0318293,0.0416765,0.0527578,0.0640382,0.0835362,0.11223
779.541,0.0389887,0.0402296,0.0374742,0.0378597,0.0359192,0.0335547,0.0321451,0.0291259,0.0324472,0.0247122,0.0270452,0.028289,0.031787,0.0345019,0.0415366,0.0525675,0.0679666,0.083431,0.113993
779.927,0.0394478,0.0394201,0.0419972,0.0397503,0.0372193,0.0368113,0.0310786,0.0347137,0.0324812,0.0286759,0.0310604,0.0284763,0.0327841,0.0353956,0.0420501,0.0536532,0.0709423,0.0880766,0.115195
780.312,0.037619,0.0346993,0.0367943,0.0336128,0.0334322,0.0322623,0.0325274,0.0291597,0.0266223,0.0289408,0.0268734,0.0288042,0.0311719,0.0355352,0.0411116,0.0512934,0.0654289,0.0890061,0.109601
780.698,0.0344108,0.0355165,0.0362852,0.0337733,0.0313936,0.0313859,0.0325775,0.0293566,0.0298641,0.0243213,0.0229046,0.0278469,0.0300111,0.0328912,0.0391268,0.0467553,0.0653637,0.0848469,0.108274
781.083,0.0399196,0.0374645,0.0394246,0.0343471,0.0328194,0.0349935,0.0336023,0.0294583,0.0300253,0.032461,0.0293111,0.0277553,0.0295659,0.0322427,0.0424383,0.0501807,0.0634848,0.0815321,0.110804
781.469,0.0344481,0.0396669,0.0341623,0.0376312,0.0349549,0.0301483,0.030685,0.0280347,0.028924,0.028322,0.0268846,0.0281906,0.0278177,0.0333733,0.0417376,0.0525562,0.06672,0.0836957,0.113736
781.854,0.0356977,0.0370564,0.0362038,0.0343328,0.0330244,0.0299198,0.0282507,0.0311643,0.0286749,0.0270062,0.0275657,0.024333,0.0300063,0.0331571,0.0396545,0.0479683,0.065589,0.0837698,0.110367
782.239,0.0396299,0.0399168,0.0403757,0.0399774,0.0365918,0.0359228,0.0357533,0.0326782,0.0318658,0.0331301,0.0304001,0.0310138,0.0338097,0.0376272,0.0429653,0.052149,0.0679276,0.0855821,0.116632
782.624,0.0377087,0.037394,0.0387397,0.0378273,0.038709,0.0370918,0.0320917,0.030598,0.0272706,0.0293709,0.0285412,0.030918,0.03499,0.0341183,0.0417256,0.0505272,0.0663816,0.0889023,0.11406
783.008,0.0384828,0.0398167,0.0372314,0.0380453,0.038384,0.0342788,0.0316135,0.0312799,0.0295269,0.0271066,0.0266285,0.0278842,0.0301624,0.035554,0.0469052,0.0514548,0.0661315,0.0853744,0.110672
783.393,0.0361518,0.0386272,0.0387275,0.0386912,0.0336581,0.0351344,0.0344383,0.0328572,0.0259233,0.0272461,0.0288592,0.0311027,0.0263878,0.034872,0.0419372,0.0531561,0.0699623,0.0848441,0.104702
783.778,0.0395506,0.0341704,0.0332255,0.0380283,0.0331408,0.0330762,0.0293253,0.0288488,0.028971,0.0253484,0.0263559,0.0273091,0.0322729,0.0358925,0.0407757,0.0504516,0.0644309,0.0867553,0.111537
784.162,0.0344716,0.0386143,0.0361947,0.0347338,0.0331774,0.0317041,0.0324776,0.0276549,0.0276314,0.0260253,0.0246719,0.0287426,0.0269435,0.0333247,0.0386796,0.0503263,0.0642348,0.086728,0.109688
784.546,0.0335618,0.0326971,0.0334408,0.0337029,0.0338288,0.030531,0.0294721,0.0221407,0.0293798,0.0267745,0.0240711,0.0262693,0.0261761,0.0286064,0.0320497,0.0423374,0.0625703,0.0836614,0.106817
784.931,0.0355623,0.037974,0.0367473,0.0355316,0.036135,0.0311922,0.0329527,0.0297395,0.0261429,0.0257193,0.0270414,0.0308398,0.0275055,0.0279953,0.0376709,0.0504028,0.0633983,0.0803864,0.109776
785.315,0.0345155,0.0342092,0.0344783,0.0337514,0.0314539,0.0343443,0.0290377,0.0264872,0.0263024,0.0260675,0.0242789,0.0267651,0.0271186,0.0315247,0.0382037,0.0478794,0.0590094,0.0810265,0.10691
785.699,0.0381188,0.040417,0.0367553,0.0339449,0.0368319,0.0344143,0.0316613,0.033238,0.028797,0.031502,0.0314605,0.0288806,0.0290924,0.0366214,0.0438392,0.0528553,0.0676627,0.0834545,0.11228
786.082,0.0417652,0.0390777,0.0420536,0.0385534,0.0418087,0.0370894,0.0345139,0.0360188,0.0318482,0.0324672,0.0330578,0.0344007,0.0364947,0.0378635,0.0441627,0.0570105,0.073394,0.0924952,0.116106
786.466,0.03542,0.0398137,0.0354687,0.0370345,0.0367054,0.032655,0.0292558,0.0293033,0.0273879,0.0278318,0.0263986,0.0266372,0.0286726,0.0337573,0.0391765,0.0514382,0.0659316,0.0848485,0.111916
786.85,0.0398972,0.0410091,0.0390384,0.0366443,0.0369333,0.0353304,0.0352329,0.0336507,0.0312389,0.0284254,0.030399,0.02971,0.033392,0.0340576,0.042214,0.0516366,0.0670884,0.083326,0.11386
787.233,0.0410747,0.0411975,0.0397145,0.0373423,0.0354905,0.0345962,0.0349022,0.0356269,0.0325454,0.0294603,0.0290282,0.0316398,0.0326137,0.0363237,0.041054,0.0509463,0.0669987,0.0879704,0.111133
787.616,0.0375218,0.0392834,0.0386153,0.0411605,0.0388845,0.0352107,0.0349969,0.0347392,0.0294708,0.0301473,0.0328417,0.0316675,0.0351716,0.0336192,0.0428336,0.0550489,0.0705073,0.0876151,0.115216
788,0.0365265,0.0384893,0.0359706,0.033016,0.0308797,0.0330326,0.0336939,0.0295062,0.025874,0.0249368,0.0274689,0.0275463,0.0282845,0.0333167,0.0392268,0.0503853,0.0647669,0.0838006,0.10976
788.383,0.0406643,0.0414894,0.034655,0.0357971,0.0313497,0.0355035,0.0313844,0.0288868,0.0303763,0.0273944,0.0274687,0.0298687,0.0275783,0.0352195,0.0419503,0.0491586,0.0643966,0.0832052,0.112156
788.766,0.0411378,0.0383063,0.0397115,0.0361725,0.0372215,0.0303485,0.0333332,0.0312019,0.029028,0.0273354,0.026238,0.0287727,0.0299039,0.0314552,0.0402537,0.0526718,0.0620079,0.0855575,0.10943
789.148,0.0370732,0.0363784,0.0402628,0.0376325,0.0394272,0.0365132,0.0332244,0.0317269,0.0275972,0.0286763,0.0308777,0.0311663,0.0291376,0.0341273,0.042438,0.0537018,0.0670283,0.0897548,0.113959
789.531,0.0358819,0.0377245,0.0419499,0.0376556,0.0386987,0.0386517,0.0357593,0.0330895,0.0330059,0.028498,0.0310546,0.0289071,0.0301451,0.0373065,0.0426041,0.0522811,0.067748,0.0854587,0.11385
789.914,0.0390002,0.0368274,0.0394367,0.0383992,0.038561,0.0357483,0.0327251,0.0325827,0.031932,0.0280034,0.026603,0.0267583,0.0323333,0.034079,0.0416369,0.0535114,0.0614723,0.0838208,0.113494
790.296,0.0364937,0.0378072,0.0363396,0.0355146,0.0335767,0.0328662,0.0301436,0.0302663,0.0269531,0.0306565,0.027625,0.0252158,0.0313689,0.035024,0.041352,0.0500532,0.0663726,0.0883035,0.112393
790.678,0.0380763,0.0373679,0.0379371,0.036674,0.0343794,0.0328863,0.0348562,0.0306851,0.0294046,0.0259939,0.0262305,0.030525,0.0340827,0.0382854,0.0412572,0.049241,0.0647389,0.0869234,0.107266
791.061,0.0349251,0.0349989,0.0363099,0.0375326,0.0358233,0.0313826,0.0318155,0.0264656,0.0268814,0.0287892,0.0259653,0.0290089,0.0266791,0.032102,0.0397542,0.0475673,0.062183,0.0868621,0.111974
791.443,0.0392424,0.0374304,0.0377411,0.0396434,0.0360615,0.0369515,0.0310237,0.0322614,0.0299504,0.0280756,0.0300317,0.0292652,0.0326227,0.0379006,0.0396178,0.0508183,0.0653261,0.0907307,0.115998
791.825,0.0384012,0.0384962,0.0393664,0.0384428,0.0386347,0.0366863,0.033148,0.0313417,0.0297001,0.0294118,0.0317825,0.0285399,0.0315938,0.0322803,0.0411933,0.0536936,0.06628,0.0897717,0.115618
792.207,0.0336708,0.0384436,0.0379044,0.0380612,0.0345385,0.0332007,0.0324552,0.032454,0.0287863,0.0273675,0.0253097,0.0304448,0.0285479,0.0331752,0.0404036,0.0502237,0.067166,0.086671,0.11312
792.588,0.0335468,0.0367477,0.0388195,0.0341036,0.0358602,0.0307911,0.0330377,0.0297615,0.027842,0.026395,0.0262703,0.0272373,0.0322502,0.0324956,0.0402113,0.0496616,0.065605,0.0874204,0.114329
792.97,0.0384886,0.037973,0.0372341,0.0380192,0.0378872,0.0334864,0.0334582,0.0333571,0.0266846,0.0293024,0.0296434,0.0291379,0.0308768,0.0379834,0.0413771,0.0520176,0.0651524,0.0896707,0.112929
793.351,0.0392575,0.0371689,0.0360341,0.0390761,0.0387857,0.0361541,0.0371834,0.0345304,0.0282534,0.0251574,0.0262083,0.0289604,0.0330704,0.0370142,0.0424148,0.0499858,0.0706978,0.0872157,0.111233
793.733,0.0403194,0.0395679,0.0374721,0.0381521,0.0383982,0.038127,0.0345209,0.030915,0.0332798,0.029552,0.0305613,0.0307877,0.0315036,0.0367288,0.0446435,0.0526332,0.0715177,0.0914662,0.113382
794.114,0.0343556,0.0382481,0.0371811,0.0336503,0.0322277,0.0303128,0.0324559,0.0258592,0.0271511,0.029988,0.022339,0.0283312,0.0288397,0.031216,0.0411282,0.0484809,0.0663915,0.0833606,0.112253
794.495,0.0382257,0.0427776,0.0439503,0.0404423,0.038932,0.0364752,0.0350122,0.0316301,0.0345674,0.0310354,0.0308172,0.0361133,0.0345526,0.0366831,0.0439488,0.0548175,0.069415,0.0873232,0.11581
794.876,0.0383726,0.0394545,0.0354666,0.0371519,0.0335241,0.0329339,0.0334527,0.032471,0.0332998,0.0278323,0.0241801,0.0293894,0.0334513,0.0356188,0.0403343,0.0507105,0.0642826,0.0907609,0.114015
795.257,0.0402371,0.0355862,0.0391476,0.03356,0.033096,0.0337206,0.0311678,0.0304774,0.0289231,0.0258797,0.0270146,0.0294031,0.0304149,0.0340567,0.0406922,0.053612,0.0643179,0.0803625,0.107072
795.638,0.0388012,0.0378325,0.0359361,0.0409741,0.0315227,0.0349355,0.0292842,0.0332449,0.0325771,0.0256936,0.0260136,0.0302988,0.0270164,0.0374051,0.0408275,0.0505663,0.0657503,0.0841892,0.113073
796.018,0.0442768,0.0378426,0.0385516,0.0387855,0.0389443,0.0353886,0.03621,0.0295885,0.0304388,0.0280049,0.0270188,0.0322135,0.0358093,0.0390304,0.0411519,0.052008,0.0666177,0.0854186,0.109667
796.399,0.0407858,0.0412459,0.0370454,0.0374608,0.0362919,0.0341648,0.0339884,0.0302852,0.0332724,0.0308035,0.0309751,0.0319158,0.0335489,0.0338286,0.0416396,0.0509411,0.0671167,0.0877372,0.11394
796.779,0.037767,0.0354106,0.0408877,0.0360922,0.0326321,0.0320984,0.0339861,0.0348447,0.0315094,0.0287449,0.0248137,0.0264938,0.0290779,0.0279315,0.0394964,0.0504164,0.0668985,0.0782688,0.110812
797.159,0.0373137,0.0386808,0.0429323,0.0392654,0.0358951,0.0353917,0.03203,0.0286381,0.0343588,0.0283767,0.0296047,0.0297314,0.0308097,0.0347703,0.0423526,0.0516387,0.0674838,0.0933083,0.113974
797.539,0.0417619,0.0412626,0.0366948,0.0362351,0.0357102,0.0329421,0.0354539,0.0289766,0.0296556,0.0318671,0.0300784,0.0291994,0.034647,0.0334023,0.0436629,0.0531451,0.0700537,0.0836823,0.117973
797.919,0.0401919,0.038007,0.0367991,0.0395122,0.0385971,0.0373966,0.031991,0.0332146,0.0304846,0.0315858,0.031535,0.0289513,0.0322122,0.0352947,0.0421232,0.0503105,0.0682501,0.0902975,0.115388
798.299,0.0347583,0.0336951,0.0356035,0.0324151,0.0340143,0.0305734,0.0308656,0.0289438,0.0286164,0.0277733,0.0252464,0.0256439,0.0288481,0.0316393,0.0403971,0.0501611,0.068126,0.0878631,0.108503
798.679,0.0362504,0.0363797,0.0352208,0.0341281,0.0345982,0.0337824,0.0360794,0.0281617,0.0306523,0.0262897,0.0258914,0.0304304,0.0300129,0.0345543,0.0426628,0.0479809,0.0693159,0.0867698,0.108552
799.059,0.0362847,0.0399698,0.0411278,0.0373862,0.0334691,0.0334585,0.0345541,0.0298075,0.0326876,0.0312628,0.0324464,0.0335042,0.0332393,0.0359384,0.0431059,0.0506327,0.0659833,0.0908439,0.116179
799.438,0.0364345,0.0377857,0.0369982,0.0361198,0.0339047,0.031506,0.0331117,0.0292071,0.0272238,0.0301019,0.0295974,0.0264081,0.0328872,0.0372278,0.0429653,0.0512853,0.063733,0.0837119,0.110494
799.817,0.0318497,0.0365043,0.0366131,0.0375628,0.0356557,0.0308083,0.0282854,0.0263867,0.0273438,0.0258049,0.0258476,0.0262618,0.0322124,0.0325008,0.0383273,0.0481995,0.0651891,0.0863971,0.104593
800.197,0.0357999,0.0401419,0.0382348,0.0388111,0.0356788,0.0322741,0.0353304,0.030859,0.0306688,0.0305484,0.0279919,0.0330808,0.0325128,0.0332237,0.0429166,0.0503206,0.0660966,0.0889093,0.110522
800.576,0.041263,0.0383301,0.0368328,0.0403256,0.0349791,0.0349242,0.0306116,0.0342877,0.030875,0.0314985,0.0291012,0.0297131,0.0299178,0.0332368,0.041205,0.050363,0.0669414,0.086425,0.117439
800.955,0.0396608,0.0420287,0.0382929,0.0401022,0.0349703,0.0355311,0.0359075,0.0352662,0.0312243,0.0316498,0.0292721,0.0287863,0.0353887,0.0379937,0.0420619,0.054233,0.0672087,0.0899824,0.116747
801.334,0.0410571,0.0378689,0.0385724,0.0376445,0.0367846,0.0365603,0.0367353,0.033707,0.0301174,0.0323054,0.0303964,0.0298078,0.0298982,0.0382334,0.0424258,0.0529124,0.0673719,0.0911029,0.11244
801.712,0.0383771,0.0376763,0.0371197,0.0358234,0.0333974,0.0345544,0.0341749,0.037353,0.0320873,0.0293623,0.027525,0.0286642,0.0320841,0.036004,0.0462365,0.0533641,0.0694162,0.0875801,0.10792
802.091,0.039948,0.0392214,0.0396211,0.0383606,0.0369667,0.0297922,0.0356663,0.0339872,0.0343639,0.0300046,0.0305152,0.0338904,0.0361874,0.0363876,0.0442698,0.0526623,0.0669879,0.0900988,0.116846
802.47,0.0389238,0.0381843,0.0342659,0.0362339,0.0311891,0.0345265,0.029998,0.0328752,0.029707,0.0283556,0.0269152,0.0255389,0.0313293,0.0339353,0.0410918,0.0492284,0.0615862,0.0869762,0.112228
802.848,0.0356527,0.0388101,0.0399997,0.0390035,0.0376247,0.0345343,0.0353428,0.0318463,0.0275607,0.0320942,0.0314008,0.0279269,0.0321847,0.0329924,0.0381062,0.0536217,0.0679696,0.0883598,0.109994
803.226,0.0379426,0.0405144,0.042479,0.0367785,0.0368413,0.0319821,0.031952,0.0327631,0.0292423,0.0268159,0.0295554,0.0292406,0.0292022,0.0338512,0.0420609,0.0496133,0.0673734,0.0846193,0.115884
803.604,0.0351636,0.0384035,0.0379257,0.0381467,0.0371376,0.0302598,0.0353015,0.0332589,0.028995,0.0278336,0.0292941,0.0281663,0.0316233,0.031059,0.0401461,0.053326,0.0706659,0.0876283,0.107938
803.982,0.037728,0.0357077,0.0374956,0.0390297,0.0326037,0.0356663,0.0318307,0.0314201,0.030457,0.0294357,0.0274085,0.0285744,0.0383185,0.0353605,0.0400821,0.0503407,0.0678164,0.0868949,0.111652
804.36,0.0358088,0.0306046,0.0379702,0.036609,0.0329394,0.0367431,0.0316283,0.0279557,0.0294797,0.0302635,0.0269615,0.0288851,0.0269085,0.0329627,0.0408819,0.0520364,0.0707002,0.0852169,0.112733
804.738,0.0347595,0.0368197,0.0357265,0.0379925,0.0348624,0.0314637,0.0323686,0.029306,0.0286896,0.0283439,0.0263638,0.0306066,0.029887,0.0350846,0.041569,0.0513885,0.0648382,0.088835,0.113184
805.116,0.0405997,0.0356394,0.0410568,0.0375414,0.0385225,0.0387384,0.0334267,0.032387,0.0323139,0.0259544,0.0312067,0.0324017,0.0349453,0.035449,0.0419829,0.0552143,0.0689594,0.0895265,0.116145
805.493,0.0431659,0.0373227,0.0390789,0.0402933,0.0370857,0.0326159,0.0338299,0.0352691,0.0279118,0.0314831,0.029732,0.0294884,0.0317919,0.0361611,0.0399581,0.0504622,0.0682307,0.0857844,0.113093
805.871,0.0364968,0.0364911,0.0381371,0.0365375,0.0358976,0.0345523,0.0338981,0.0310242,0.0301901,0.0296236,0.0304118,0.0322145,0.0302382,0.03425,0.0411379,0.0547152,0.0658482,0.0879397,0.11048
806.248,0.0388514,0.0389182,0.0381226,0.0391358,0.0368416,0.0332062,0.0331428,0.0314414,0.0296721,0.0293004,0.0265942,0.0303391,0.0310143,0.0361506,0.045626,0.0517318,0.069374,0.0912421,0.106156
806.625,0.0378675,0.0368638,0.0356501,0.0329738,0.0344235,0.0313336,0.032141,0.028053,0.0320906,0.027467,0.0269213,0.0273457,0.0332311,0.0360715,0.0436124,0.0512198,0.0651036,0.0863191,0.112005
807.002,0.0405716,0.0404767,0.0413932,0.0408776,0.0378088,0.036753,0.0328942,0.0328505,0.031066,0.0314552,0.0301336,0.0289653,0.032931,0.0346494,0.0405722,0.0516262,0.0676248,0.0866045,0.114462
807.379,0.0369289,0.0395138,0.0372998,0.0404778,0.0329806,0.036138,0.02808,0.0330381,0.0321503,0.0326738,0.0309583,0.0313634,0.0269955,0.0329149,0.0396514,0.0515026,0.0611775,0.0873066,0.111864
807.756,0.0402231,0.0369165,0.0383772,0.0381112,0.0367322,0.0377938,0.0335385,0.0341841,0.0318394,0.0285755,0.0322075,0.028801,0.0320357,0.037341,0.0430157,0.051737,0.0687578,0.090126,0.117397
808.132,0.0369673,0.0397305,0.0354561,0.0368033,0.0343872,0.0347495,0.0315893,0.0318987,0.030031,0.0286742,0.030454,0.0269183,0.0317733,0.0356436,0.0353465,0.0512887,0.0670794,0.0857076,0.115563
808.509,0.0412894,0.042224,0.0382429,0.0361271,0.0379199,0.0352186,0.0367282,0.035338,0.0324942,0.031648,0.0308204,0.029864,0.0320555,0.0392718,0.0430571,0.0511717,0.069486,0.0882166,0.118259
808.885,0.036743,0.0417459,0.0409819,0.0432105,0.0362214,0.0351053,0.0358205,0.0339536,0.0305182,0.0349598,0.0317535,0.0303651,0.0324472,0.040615,0.0457148,0.0541411,0.0674145,0.0857765,0.116216
809.262,0.0338268,0.036907,0.0353482,0.0376772,0.0327762,0.0369158,0.0310586,0.0303326,0.0277627,0.0250638,0.0268801,0.028202,0.0336179,0.0351872,0.0380767,0.0557462,0.0669721,0.0846093,0.115417
809.638,0.0389331,0.0393069,0.040035,0.0386817,0.0412153,0.0375364,0.0324386,0.0359064,0.0311054,0.0313658,0.028995,0.0313465,0.0317704,0.0336149,0.0438452,0.0531002,0.0655414,0.0875426,0.118712
810.014,0.0409179,0.0427463,0.0389992,0.0363028,0.036757,0.0375017,0.036199,0.0313196,0.0384617,0.0315428,0.0296864,0.0291486,0.0339355,0.0353624,0.0451295,0.0522346,0.0660537,0.0869135,0.119883
810.39,0.0394873,0.0455496,0.0414989,0.0401265,0.0354266,0.0339796,0.0326421,0.0320629,0.0337749,0.028081,0.0309869,0.033132,0.0293328,0.036536,0.045781,0.0578707,0.0667254,0.0908722,0.118424
810.765,0.0397555,0.038546,0.0402467,0.0369539,0.0368148,0.034116,0.0352464,0.0304441,0.0338395,0.0266601,0.0274996,0.0313642,0.0299691,0.0401037,0.0404024,0.0533167,0.0673772,0.0833552,0.118556
811.141,0.0372291,0.0397508,0.0376599,0.0423969,0.036744,0.0332243,0.0365375,0.0354432,0.0320143,0.0284734,0.0315599,0.0296767,0.0288095,0.0340803,0.0459399,0.0525134,0.0684257,0.0853434,0.114406
811.517,0.0380881,0.0390166,0.0360924,0.0364132,0.0342869,0.0341591,0.0313614,0.0299054,0.0311478,0.0300002,0.0294974,0.0285762,0.0307136,0.0346969,0.0400532,0.055482,0.0695131,0.0866828,0.112941
811.892,0.0357263,0.0355505,0.0384232,0.0401217,0.0326744,0.0359794,0.0330849,0.0309171,0.0269454,0.0279334,0.026675,0.0276255,0.0324583,0.0317915,0.0399733,0.051024,0.0639278,0.0842594,0.110375
812.267,0.0382651,0.0367627,0.0360226,0.0405741,0.0323816,0.0368713,0.0329388,0.0312181,0.0295168,0.0274068,0.0300173,0.0292443,0.0317881,0.0373903,0.041585,0.0507299,0.0619267,0.0863218,0.114979
812.643,0.0364044,0.0375012,0.0364627,0.038074,0.0371307,0.0350949,0.0364779,0.0258897,0.030853,0.0326321,0.0272587,0.0277685,0.0284625,0.0327774,0.0378592,0.050098,0.0608473,0.0874414,0.114212
813.018,0.037258,0.0345324,0.0418503,0.0372386,0.0338995,0.0327643,0.0326968,0.0289486,0.0295264,0.0354454,0.027109,0.0277764,0.0292208,0.0344423,0.0408638,0.0537979,0.0652066,0.0862417,0.115358
813.393,0.0423239,0.0371899,0.0345845,0.0322852,0.0344382,0.027996,0.0315537,0.0277633,0.0288771,0.0259718,0.0232527,0.0268881,0.0293596,0.03503,0.0395294,0.049445,0.0659141,0.0860229,0.112645
813.767,0.0394448,0.0382808,0.0377291,0.0362646,0.0349981,0.0348523,0.0358793,0.0325018,0.0292356,0.0269472,0.0259143,0.026246,0.0320063,0.0325833,0.0415313,0.0578895,0.068992,0.0916053,0.116619
814.142,0.0418592,0.0422868,0.0419517,0.0356774,0.0373734,0.034714,0.0362258,0.032934,0.0280982,0.0279019,0.0309402,0.0298909,0.0339292,0.0387715,0.0449011,0.0546479,0.0649257,0.087713,0.117215
814.517,0.0375976,0.0396195,0.038801,0.0361438,0.0349358,0.030503,0.0322925,0.0314351,0.0321487,0.0279349,0.0299565,0.0301757,0.0304701,0.0349029,0.0426248,0.0507873,0.0699417,0.0880493,0.112251
814.891,0.0438114,0.0375948,0.0367014,0.0393325,0.0337468,0.035354,0.0352141,0.034339,0.0289016,0.0257715,0.0255019,0.0279335,0.030534,0.032738,0.0430049,0.050009,0.0645953,0.0896818,0.111384
815.265,0.0364385,0.0358614,0.0373373,0.0368396,0.0375104,0.0369993,0.034717,0.0347977,0.0310452,0.027153,0.0311545,0.0337034,0.033896,0.0356706,0.0442672,0.0540122,0.0644825,0.0866578,0.118772
815.639,0.0364686,0.0414866,0.04009,0.0359683,0.0347715,0.0342448,0.0333395,0.0297113,0.0335226,0.0280653,0.0266423,0.0285182,0.0348477,0.0344889,0.0413753,0.0517294,0.0655652,0.0866607,0.115254
816.014,0.0369029,0.0371233,0.0375291,0.0359142,0.037459,0.0311901,0.0302648,0.0297139,0.028447,0.0292384,0.0290619,0.03099,0.0316473,0.0366691,0.0402154,0.0491481,0.0659309,0.0855307,0.112752
816.387,0.0367898,0.0376695,0.0374377,0.0367369,0.0336606,0.0331333,0.0366955,0.0302127,0.0272485,0.0283894,0.0288103,0.0314453,0.0306277,0.0326946,0.0407658,0.0476786,0.0608234,0.0822988,0.115825
816.761,0.0309501,0.0311521,0.0367225,0.0347011,0.027942,0.0289958,0.0309277,0.0285371,0.0264914,0.0225684,0.0245504,0.0258598,0.0309657,0.0324821,0.035023,0.0471027,0.0640812,0.0789113,0.107652
817.135,0.0407813,0.038119,0.0405946,0.0397646,0.0398733,0.0381806,0.0327224,0.030756,0.030478,0.0304326,0.0317426,0.028365,0.0358132,0.0364044,0.0434101,0.0543115,0.0676872,0.0895624,0.111135
817.509,0.0393482,0.0371701,0.0374654,0.0375062,0.0382523,0.0354325,0.0327817,0.0291027,0.0282964,0.0272751,0.028246,0.0287943,0.0299795,0.0377108,0.0413813,0.0535459,0.0629542,0.0923586,0.116169
817.882,0.0409387,0.0394826,0.0392882,0.0336116,0.0369231,0.0308997,0.0323838,0.0316697,0.031569,0.0277848,0.0292632,0.0276159,0.0354251,0.0366156,0.0389604,0.054805,0.0680855,0.0851429,0.111962
818.255,0.0366447,0.0420673,0.0362065,0.0328531,0.0360877,0.0346779,0.0349777,0.0297631,0.0301929,0.0270775,0.0307174,0.0270166,0.0290386,0.0334297,0.045796,0.0482733,0.0652911,0.0853395,0.111351
818.628,0.0411709,0.0408953,0.0427936,0.0419189,0.0402989,0.0414546,0.0351151,0.0318818,0.035345,0.0279733,0.0273945,0.0317589,0.033248,0.037553,0.0431103,0.0523475,0.0695004,0.0915495,0.120602
819.002,0.03876,0.0404505,0.0378263,0.0376014,0.0363198,0.0355182,0.0322613,0.0316307,0.0281248,0.0261956,0.0259268,0.029507,0.029074,0.0331482,0.0361454,0.0536955,0.0673487,0.0834526,0.112284
819.374,0.0415477,0.0415446,0.0442874,0.0429447,0.0407415,0.0382142,0.0359235,0.0341531,0.0307592,0.0334264,0.030826,0.0300547,0.0341025,0.0387515,0.0427616,0.0529732,0.0715588,0.0949961,0.115137
819.747,0.03792,0.0422917,0.0340976,0.0394522,0.0371021,0.0342221,0.0319481,0.0333882,0.0306738,0.0318678,0.027044,0.02778,0.027007,0.0339787,0.0376762,0.0512297,0.069909,0.0901008,0.116835
820.12,0.0407277,0.0405571,0.040183,0.0422935,0.0407316,0.0357016,0.03636,0.0337834,0.0306712,0.0285793,0.0303777,0.0317654,0.0310804,0.0433782,0.0424667,0.0528711,0.070092,0.0912401,0.115573
820.493,0.0390178,0.0374594,0.0357448,0.0375698,0.0354079,0.0321206,0.0316846,0.0306048,0.0275074,0.0250009,0.0229613,0.0262544,0.0322299,0.0352425,0.0380943,0.0462593,0.0643074,0.0873192,0.10909
820.865,0.0352446,0.0321543,0.0378538,0.0343721,0.0369251,0.0349842,0.0345358,0.0313769,0.03063,0.0265797,0.0270331,0.0253102,0.0316732,0.0328865,0.0456759,0.0513889,0.0662083,0.0867265,0.111851
821.237,0.0400017,0.0392062,0.0400704,0.0366295,0.0331893,0.0376282,0.0306685,0.0313422,0.031623,0.0301843,0.0291018,0.0290743,0.0274689,0.035706,0.0437696,0.0501675,0.067317,0.0924716,0.111603
821.61,0.0382629,0.0391836,0.0366533,0.0354513,0.0386485,0.0327146,0.038384,0.0296888,0.0273272,0.0271361,0.0265614,0.0286865,0.0323969,0.0378081,0.0459686,0.0525001,0.072761,0.0833425,0.117297
821.982,0.0380673,0.0329279,0.0382981,0.0341517,0.032506,0.0328717,0.0298795,0.031262,0.0271378,0.0249154,0.0272422,0.0254596,0.0276354,0.0347311,0.0408854,0.0537766,0.0661589,0.0843595,0.111128
822.354,0.0357235,0.0376965,0.0334336,0.0329035,0.0346669,0.0284117,0.0298856,0.0301852,0.0283815,0.0220751,0.0259312,0.0258099,0.027226,0.0310768,0.0380333,0.0474451,0.0628139,0.0910077,0.111896
822.725,0.0398854,0.0421957,0.0433386,0.0390714,0.0415192,0.033598,0.0358796,0.0337607,0.0336637,0.0280373,0.0341017,0.0318996,0.0382647,0.0357115,0.0470941,0.0553368,0.0697845,0.0864614,0.117743
823.097,0.0381454,0.0424177,0.045886,0.0409242,0.03538,0.0398831,0.0347814,0.0337875,0.0307586,0.0316108,0.0303336,0.0279821,0.0307145,0.0371193,0.044291,0.0574583,0.0690714,0.0956591,0.116089
823.469,0.0434288,0.0368586,0.0378755,0.0396655,0.0375013,0.0317235,0.0320289,0.0309468,0.0308494,0.0276285,0.0296299,0.0276942,0.0319806,0.0388767,0.0403808,0.0518142,0.0698455,0.0844828,0.115628
823.84,0.0394302,0.0391808,0.0424731,0.0361864,0.0380698,0.0319724,0.0344827,0.033609,0.0323976,0.0291907,0.0263915,0.0281882,0.028066,0.0318086,0.0402946,0.0511664,0.0640727,0.0842371,0.111074
824.211,0.0370853,0.0333663,0.0325343,0.0400248,0.0400362,0.0334061,0.0319905,0.0344338,0.0290268,0.0278262,0.0291732,0.0292785,0.0267036,0.0331152,0.0405919,0.0517599,0.0609247,0.0879515,0.115391
824.583,0.0359846,0.0365165,0.0339463,0.0377606,0.0354741,0.0316199,0.0268438,0.0253735,0.0230527,0.0257451,0.0218636,0.0234514,0.0280404,0.0327205,0.0354728,0.0498081,0.0600715,0.0795175,0.107999
824.954,0.0384925,0.0376726,0.0341953,0.0366364,0.034485,0.0276686,0.0273795,0.0287884,0.0274251,0.0293581,0.0263879,0.0206813,0.0316154,0.0289153,0.037396,0.0502702,0.0650908,0.0853093,0.108396
825.325,0.0408958,0.0406223,0.0366134,0.0399516,0.042767,0.0344383,0.0367796,0.0337249,0.0304942,0.0313271,0.0339829,0.0312049,0.0340656,0.030439,0.040868,0.0554639,0.0692618,0.0850569,0.1124
825.696,0.0451834,0.0411211,0.0400457,0.0407348,0.0371773,0.0382322,0.0361021,0.0351349,0.0340735,0.0355467,0.0338587,0.0323082,0.0342787,0.0438598,0.0434621,0.0572707,0.0702033,0.0891947,0.119067
826.066,0.0328342,0.0401586,0.0378828,0.0415876,0.0410403,0.0339333,0.0342316,0.0318951,0.0321334,0.0316893,0.0339711,0.0287813,0.0302679,0.0377676,0.0422087,0.0504501,0.0692422,0.0836703,0.114234
826.437,0.0331629,0.0419615,0.043247,0.0422205,0.0381853,0.034327,0.0344636,0.0315996,0.0322432,0.0286443,0.032405,0.0297174,0.0309801,0.0348654,0.0404699,0.0518756,0.0691928,0.090097,0.112398
826.807,0.0359875,0.0378027,0.0444644,0.0426916,0.0424432,0.0351901,0.0342111,0.0373113,0.0332851,0.0301999,0.0310561,0.029981,0.0323789,0.0370534,0.0402459,0.0546579,0.0707237,0.0884739,0.118387
827.178,0.0389167,0.036566,0.0379038,0.0334331,0.0371419,0.0327395,0.0262536,0.0299239,0.0315063,0.0254191,0.0261829,0.027281,0.0312971,0.0311765,0.0394229,0.0502598,0.065312,0.0850831,0.110079
827.548,0.0408952,0.03918,0.0376394,0.034641,0.0378196,0.0340338,0.033908,0.0253478,0.0343709,0.0280006,0.032444,0.0260838,0.03165,0.0365797,0.0421552,0.0551579,0.0667983,0.0851547,0.112643
827.918,0.0359479,0.0390649,0.0347769,0.0418597,0.0391274,0.0344059,0.0335726,0.032979,0.0289261,0.0283476,0.0295329,0.0286249,0.027883,0.0345197,0.0416799,0.0471335,0.0686624,0.0801227,0.115316
828.288,0.0392574,0.0408601,0.0405762,0.040924,0.0411273,0.0353497,0.0385948,0.0299368,0.0327357,0.0315071,0.0330304,0.0332635,0.0337264,0.0365181,0.0421412,0.0503192,0.0717687,0.0921129,0.117686
828.658,0.0396354,0.0407222,0.0394656,0.041589,0.0357486,0.0365063,0.0377147,0.035058,0.0289749,0.03188,0.0283729,0.0307239,0.0313009,0.0359775,0.0438724,0.0543881,0.0709829,0.0850028,0.115359
829.028,0.0415603,0.0361511,0.0416681,0.038485,0.0446383,0.0407842,0.035401,0.0357697,0.0320653,0.0312591,0.032178,0.0317853,0.0385242,0.0405958,0.048531,0.0570322,0.0732445,0.0921718,0.112324
829.397,0.0387727,0.0401379,0.0331781,0.043081,0.0403282,0.0375992,0.0313027,0.0362991,0.0328668,0.034984,0.0330224,0.0346431,0.0358075,0.0344671,0.0414873,0.0569056,0.0716978,0.0922138,0.118878
829.767,0.0365926,0.0414564,0.0429955,0.0347477,0.0347109,0.033909,0.0341767,0.0363633,0.0322762,0.0292447,0.0300808,0.0299026,0.0335701,0.0365879,0.0399422,0.0556095,0.0648622,0.0893981,0.115218
830.136,0.0417897,0.0399497,0.0419628,0.0401846,0.0419409,0.0327869,0.0349234,0.0366645,0.030986,0.0329567,0.0350462,0.0337815,0.0389938,0.0379459,0.0475666,0.0510448,0.0712553,0.0949602,0.119658
830.505,0.0410298,0.0409372,0.0359451,0.0418767,0.0393219,0.0356068,0.0325964,0.0322054,0.03192,0.0300581,0.0287963,0.0370065,0.0291887,0.0325832,0.0422652,0.0519657,0.0728979,0.0951696,0.11739
830.874,0.0395568,0.037414,0.0380257,0.0348531,0.0348789,0.0339681,0.0328752,0.0311377,0.0303456,0.0297094,0.0301352,0.0304578,0.0287103,0.0325366,0.0409116,0.0532508,0.0658451,0.0942659,0.111012
831.243,0.0397048,0.0382223,0.0383508,0.0356184,0.0343991,0.0343765,0.0296686,0.0256309,0.0256009,0.0253588,0.02438,0.0262559,0.0306263,0.0295869,0.0389945,0.0514947,0.0646139,0.0834993,0.114259
831.612,0.0405987,0.0403454,0.039675,0.044153,0.0383956,0.0416986,0.0351424,0.0337876,0.034769,0.0342193,0.0316878,0.0282579,0.0361761,0.0355133,0.0412417,0.0532498,0.0685298,0.089183,0.117353
831.981,0.0350747,0.0363339,0.0347932,0.0336627,0.0359606,0.0316188,0.0310964,0.0295361,0.0275385,0.0259198,0.0258573,0.0301936,0.0279025,0.0321901,0.0394906,0.0542448,0.0683245,0.0855801,0.117244
832.349,0.0373091,0.0339622,0.0359877,0.0348815,0.0277756,0.0304836,0.0279505,0.0278925,0.0321158,0.0291336,0.0294227,0.0276062,0.0316245,0.0334253,0.0432859,0.0538626,0.0686564,0.0872017,0.114643
832.718,0.0385191,0.0427741,0.0402363,0.0393576,0.0374834,0.0352966,0.0339077,0.0336634,0.0327569,0.0311019,0.0276232,0.032457,0.0292923,0.0343433,0.0454452,0.0516648,0.0701932,0.0931436,0.118771
833.086,0.0432876,0.0406641,0.0423185,0.0382162,0.0362509,0.0371795,0.0351029,0.0385657,0.0315089,0.0336846,0.0298622,0.0308293,0.0366558,0.0396938,0.0444831,0.0538645,0.0735674,0.0915146,0.125131
833.454,0.0438389,0.0414078,0.0419447,0.0391609,0.0372985,0.0370011,0.0378763,0.0344018,0.034986,0.0277864,0.0314828,0.0298914,0.0324995,0.0358587,0.0451785,0.0536496,0.0638588,0.0963507,0.115702
833.823,0.0399637,0.0412317,0.040544,0.0358255,0.043014,0.0359411,0.0367295,0.0324482,0.0332698,0.0315868,0.0307589,0.0311005,0.0316159,0.0366029,0.0459713,0.0523022,0.0709341,0.091173,0.117581
834.191,0.0403245,0.0357971,0.0363163,0.0412769,0.0433258,0.0360155,0.0347719,0.0264178,0.0311517,0.031598,0.0326342,0.0300282,0.0309217,0.0365753,0.0398053,0.0498409,0.0661742,0.0903288,0.107584
834.558,0.0317406,0.0359693,0.033879,0.0365094,0.0377753,0.0333935,0.0290371,0.0296463,0.0291244,0.0236271,0.0249067,0.0268489,0.0280359,0.0319773,0.038773,0.0517664,0.0637654,0.0836803,0.106419
834.926,0.037802,0.0382473,0.0342713,0.0352539,0.0372888,0.0316216,0.0246988,0.0262041,0.0256692,0.0227442,0.0245158,0.0260234,0.0303053,0.0358619,0.0374914,0.050687,0.0624633,0.0812138,0.107349
835.294,0.041551,0.0405037,0.0371491,0.0349033,0.0317587,0.0341412,0.0299711,0.0251873,0.0327487,0.0319439,0.0249929,0.0293341,0.0326463,0.0376972,0.0438262,0.0579794,0.0667512,0.0946749,0.115503
835.661,0.0468855,0.0389781,0.0434154,0.0407863,0.0443567,0.0391764,0.0431441,0.0349883,0.0315812,0.0330261,0.0360205,0.0333927,0.0400046,0.0381876,0.0490643,0.0632274,0.0733181,0.0907006,0.122032
836.029,0.041862,0.0401129,0.0379265,0.0398304,0.0377753,0.0327782,0.0328773,0.0291975,0.0269669,0.0306024,0.0306156,0.029477,0.0292824,0.0297,0.0368185,0.0517091,0.0686938,0.0881055,0.122503
836.396,0.0336913,0.034574,0.0376328,0.0420893,0.0358235,0.0356482,0.0301787,0.0303302,0.029863,0.0292593,0.0270554,0.029555,0.0302418,0.0344276,0.038315,0.0545358,0.0614944,0.0841823,0.113368
836.763,0.0324297,0.0376038,0.0320252,0.0318068,0.0282157,0.0308108,0.0260032,0.0261268,0.0213456,0.0220462,0.0205855,0.0262723,0.0248154,0.0278357,0.033307,0.046259,0.0574657,0.0737399,0.105283
837.13,0.0362371,0.0384115,0.0377774,0.0338863,0.0325821,0.0373406,0.0368745,0.0321028,0.0283057,0.0323122,0.0277987,0.0287423,0.0278331,0.0355029,0.0379262,0.0569867,0.0671684,0.0864024,0.106632
837.497,0.0411382,0.0389301,0.0374996,0.0359065,0.035004,0.0335564,0.0330754,0.0306561,0.0315093,0.0327131,0.0366228,0.0327464,0.0366745,0.0357615,0.0451992,0.0546825,0.0689108,0.0833015,0.1165
837.864,0.0366021,0.0323458,0.0336723,0.0332632,0.0355455,0.0304732,0.0283535,0.0336025,0.0295138,0.0219062,0.0215659,0.0205829,0.0261735,0.0335118,0.0431293,0.0509205,0.0657079,0.0819044,0.111514
838.23,0.0390626,0.034357,0.0382667,0.0346396,0.0343683,0.0347205,0.0298474,0.0329152,0.0247371,0.0273896,0.0304608,0.023409,0.0294495,0.0317199,0.0403171,0.0488072,0.0648158,0.0877793,0.110976
838.597,0.0370848,0.0399482,0.0410086,0.0370991,0.040887,0.040438,0.0339484,0.0353407,0.0330674,0.0326321,0.0309502,0.0329079,0.0320949,0.037535,0.0380309,0.0511376,0.0659844,0.0887166,0.114261
838.963,0.036676,0.0428096,0.0396549,0.0391911,0.0406341,0.0311334,0.0332112,0.0284618,0.0262802,0.0285279,0.0297368,0.0293563,0.0309154,0.0391793,0.0408129,0.0510536,0.0674485,0.0908051,0.114094
839.329,0.0428728,0.0388126,0.0464901,0.0373193,0.036697,0.0352578,0.0398369,0.0348444,0.0333597,0.0348572,0.0311393,0.0347743,0.0359445,0.0403524,0.0448577,0.0558983,0.0711794,0.0948801,0.120862
839.695,0.0376824,0.0379686,0.0368472,0.0340522,0.0329088,0.0348621,0.0313007,0.0293864,0.0302569,0.0299242,0.0278612,0.0279909,0.0285532,0.0378064,0.0412402,0.050852,0.0685658,0.0875303,0.110245
840.061,0.039844,0.041623,0.0397177,0.0406661,0.0381166,0.037335,0.0336311,0.0366277,0.0282742,0.0313471,0.0328168,0.0345566,0.0316787,0.0350828,0.0440155,0.0569075,0.0718455,0.0901358,0.119682
840.427,0.0378083,0.0397523,0.0388849,0.0383213,0.0290723,0.0356426,0.0359135,0.0321935,0.0261323,0.0291256,0.0245898,0.0307228,0.0300988,0.0324114,0.0440549,0.0525088,0.0667948,0.0892799,0.118405
840.793,0.0351748,0.0383433,0.0442378,0.0368284,0.0335453,0.0327119,0.0278212,0.0346489,0.0316091,0.0277984,0.0266752,0.0277826,0.0279783,0.0354966,0.0397205,0.0518242,0.0690926,0.0844847,0.111804
841.159,0.0379264,0.0376407,0.0371857,0.0398415,0.033264,0.0357895,0.0267848,0.0310568,0.0310362,0.0289986,0.0305888,0.0277645,0.0285543,0.033946,0.0421324,0.0522171,0.0659128,0.0905217,0.117803
841.524,0.037067,0.0388572,0.0411851,0.0410048,0.036736,0.0408466,0.034404,0.0375663,0.0365287,0.0311938,0.0271459,0.0348407,0.032558,0.035123,0.0462828,0.0549249,0.0746445,0.0891127,0.121659
841.889,0.0419524,0.0381723,0.0319274,0.0388103,0.0390252,0.0387153,0.0326497,0.0306638,0.0294552,0.0328573,0.0322102,0.0293917,0.036928,0.0351446,0.049155,0.0560847,0.0668474,0.094866,0.116917
842.255,0.033032,0.0369451,0.0383448,0.0389643,0.0383703,0.0355046,0.0345567,0.0336673,0.0375174,0.0329653,0.0312294,0.0294373,0.0316475,0.0377411,0.0424739,0.0545487,0.0668203,0.0936776,0.11664
842.62,0.0383152,0.0386181,0.0387999,0.0454854,0.0398338,0.0370104,0.0352128,0.034363,0.0347466,0.0261257,0.0284412,0.0355762,0.0289162,0.0348937,0.0443438,0.0509504,0.0678966,0.092205,0.112444
842.985,0.0399326,0.0354305,0.0379885,0.0369027,0.0337,0.0309067,0.0329417,0.0291733,0.0305901,0.0293491,0.0296479,0.0314703,0.0319584,0.0372428,0.038608,0.052682,0.0655058,0.0868743,0.109004
843.35,0.0407509,0.0414988,0.0382854,0.0416619,0.0372009,0.0347219,0.0373565,0.0282617,0.0267587,0.0292773,0.031021,0.0288463,0.027848,0.0361676,0.0389683,0.0508491,0.0705774,0.0893997,0.113381
843.714,0.034928,0.0329097,0.0306521,0.0300226,0.0328983,0.0312474,0.0317684,0.0291941,0.0224009,0.0230398,0.028058,0.0238148,0.0222289,0.0296861,0.0368525,0.048617,0.0640853,0.0848142,0.107537
844.079,0.0376299,0.0346041,0.0354788,0.0364751,0.03683,0.0306578,0.0368809,0.0317959,0.0270331,0.0295361,0.0297337,0.0250398,0.0296141,0.030278,0.0470371,0.0502569,0.066645,0.0863102,0.114339
844.444,0.0427765,0.0387615,0.037458,0.0402568,0.037981,0.0377847,0.0390495,0.0332971,0.0355485,0.0339314,0.0346896,0.035378,0.0370977,0.0408578,0.046705,0.0587139,0.0693168,0.0952777,0.128205
844.808,0.0389553,0.0401903,0.0360582,0.0368185,0.0328949,0.0356879,0.0328746,0.0298791,0.0261978,0.0304497,0.0301856,0.0242958,0.0332385,0.0370352,0.0419707,0.0530782,0.0678604,0.0801269,0.112827
845.172,0.0379654,0.0339459,0.0302113,0.0413698,0.0338802,0.0340311,0.0282319,0.0269637,0.0324954,0.0233375,0.0285122,0.0224198,0.026566,0.0342037,0.0436613,0.050053,0.0626137,0.0914179,0.114871
845.536,0.0340838,0.0370069,0.0304586,0.0335413,0.0332226,0.0318289,0.0313875,0.0298854,0.0314061,0.0287963,0.0232212,0.0283983,0.0322762,0.0266803,0.041947,0.052531,0.0601787,0.0839655,0.112991
845.9,0.0383038,0.0353326,0.0375062,0.0340565,0.0348886,0.0334927,0.0323275,0.0232751,0.0230733,0.0274688,0.0225442,0.028651,0.0273706,0.0292674,0.0372481,0.0522953,0.068566,0.0893221,0.106725
846.264,0.0393929,0.0384066,0.0353814,0.0368172,0.0364697,0.0356487,0.0321175,0.028613,0.0305163,0.0286145,0.0314548,0.0345675,0.0255208,0.0343308,0.0448217,0.055863,0.0653825,0.0877473,0.112311
846.628,0.0362043,0.040426,0.0364949,0.0360488,0.0387219,0.0382657,0.03387,0.0350384,0.033522,0.0280561,0.0257736,0.0254543,0.032427,0.0350573,0.0476125,0.0461689,0.0677153,0.0925334,0.117529
846.992,0.0355104,0.0352921,0.0344304,0.0348644,0.0337134,0.0299051,0.0270371,0.028541,0.0274633,0.0279371,0.0299044,0.0258618,0.0317345,0.0280498,0.0442774,0.0502382,0.0718082,0.0853564,0.107875
847.355,0.038437,0.0363236,0.037653,0.0375331,0.0387444,0.031903,0.0288693,0.0282298,0.0278008,0.0267006,0.0292702,0.0279077,0.030447,0.0370986,0.0417685,0.0442952,0.067768,0.0915322,0.11047
847.718,0.0425992,0.0390245,0.0372219,0.0378902,0.0349929,0.0342704,0.0287126,0.0326452,0.0353361,0.0259486,0.0303909,0.0293745,0.0310395,0.0395815,0.0429884,0.050947,0.0688215,0.0859408,0.115525
848.082,0.0352803,0.0362425,0.0389971,0.0300659,0.033364,0.0301243,0.0307014,0.024989,0.0256893,0.0278191,0.0275549,0.0273312,0.0251095,0.0291009,0.0347237,0.0570949,0.0608213,0.081739,0.110489
848.445,0.0369574,0.0333334,0.0395612,0.0322217,0.0358126,0.0324229,0.0255292,0.0263404,0.0277845,0.0262883,0.0295264,0.0272588,0.0364362,0.0316841,0.038784,0.0445912,0.0706486,0.0874633,0.109966
848.808,0.0392981,0.0365222,0.0368302,0.037405,0.0389573,0.0351726,0.0299658,0.0339326,0.0315676,0.0307278,0.0246637,0.0345888,0.034608,0.0327612,0.0467507,0.0462924,0.0668965,0.0935459,0.115769
849.171,0.0339388,0.0327552,0.0356264,0.0400953,0.0365347,0.0333164,0.030144,0.0327008,0.0273605,0.029561,0.0263674,0.024958,0.0268613,0.0348897,0.0394228,0.0511711,0.0653991,0.0894422,0.111953
849.533,0.0369428,0.0345103,0.0324786,0.0350665,0.0364121,0.0328667,0.0367486,0.0347271,0.0358298,0.0281073,0.0311989,0.0255682,0.0268715,0.040481,0.0482108,0.0563246,0.0692117,0.0880231,0.115554
849.896,0.0430717,0.0387612,0.0425841,0.0367756,0.0386612,0.0422879,0.0436902,0.0355687,0.0331143,0.0322647,0.0337889,0.0327297,0.0328637,0.034608,0.0454553,0.0585435,0.0719849,0.0869071,0.114933
850.259,0.0421222,0.0434996,0.0383478,0.0409512,0.0377109,0.0356332,0.0316144,0.0345328,0.0269935,0.0304582,0.0321227,0.0311821,0.0335546,0.0371531,0.0405422,0.0520397,0.0688425,0.0920897,0.114777
850.621,0.036928,0.0327755,0.0366072,0.0376904,0.0381944,0.036127,0.0299501,0.0307542,0.0266764,0.0234553,0.0282243,0.0273937,0.0309238,0.0342947,0.0449843,0.0460905,0.0678343,0.0888741,0.110826
850.983,0.0380281,0.0404252,0.0385997,0.0402835,0.0376238,0.0347848,0.0349536,0.0338007,0.0288601,0.0278197,0.0285156,0.0300404,0.0328559,0.0357616,0.0377743,0.0539853,0.0681057,0.0905973,0.115646
851.345,0.0423819,0.045816,0.0395539,0.0313818,0.0444127,0.0337869,0.0380409,0.0320903,0.0318365,0.031797,0.0302021,0.0327575,0.0345814,0.0369369,0.0433706,0.0584095,0.070916,0.0956861,0.115348
851.707,0.0368511,0.0372721,0.0353933,0.0342454,0.0322384,0.0330847,0.0332036,0.0326381,0.0293273,0.021446,0.0283623,0.0307668,0.033442,0.0329498,0.0426734,0.0494627,0.0717074,0.0925342,0.113504
852.069,0.0380801,0.0432532,0.0426623,0.038302,0.0351829,0.0336069,0.0345881,0.0299674,0.0294401,0.0255745,0.0320082,0.0322124,0.0308426,0.0368515,0.0442017,0.0559111,0.0711224,0.0904036,0.114272
852.431,0.0348844,0.038161,0.0291423,0.0319549,0.0291577,0.0286109,0.0284876,0.0252326,0.0262146,0.0304793,0.0197369,0.0227278,0.0299096,0.0268093,0.0329039,0.0499936,0.0635727,0.0879501,0.10738
852.793,0.0465747,0.037892,0.0375862,0.0415341,0.042225,0.0366334,0.0321739,0.0345143,0.0337558,0.0323424,0.029303,0.0324002,0.0330275,0.0411266,0.0479308,0.0582613,0.0694722,0.0917618,0.118815
853.154,0.0394754,0.039512,0.0400659,0.0401015,0.0348974,0.0329166,0.0313251,0.0318659,0.0263396,0.031067,0.0284963,0.0340753,0.0358337,0.0395419,0.0459371,0.0475025,0.0662621,0.0912292,0.117447
853.515,0.0383258,0.0310873,0.0331259,0.0340791,0.0294557,0.032738,0.0343351,0.0295699,0.0249072,0.0281106,0.0268044,0.0260751,0.0324913,0.0354457,0.0392959,0.0523928,0.0677191,0.0920539,0.115645
853.877,0.0400283,0.0365326,0.045342,0.0389425,0.0408162,0.0341081,0.0352854,0.0340284,0.0333261,0.0324354,0.0290142,0.0316654,0.0370391,0.038828,0.043152,0.0552057,0.0677191,0.0966403,0.121432
854.238,0.0362786,0.0370037,0.032467,0.0366646,0.033472,0.0305015,0.0331293,0.0296249,0.0241018,0.0243098,0.0208524,0.0240881,0.0274749,0.0293322,0.0388474,0.0457414,0.0628934,0.0901029,0.112879
854.599,0.0355081,0.0359424,0.0396729,0.0368562,0.0399011,0.0415159,0.0390328,0.0331692,0.0336278,0.0321217,0.028381,0.032886,0.0389522,0.0410769,0.0504302,0.0555521,0.0665992,0.0951721,0.120465
854.96,0.0353736,0.0381397,0.0333658,0.0331202,0.0309556,0.0346168,0.025529,0.0358689,0.0294383,0.0308128,0.0266738,0.0321344,0.0273376,0.0318937,0.0382508,0.0492039,0.0649305,0.0816389,0.111782
855.321,0.0485918,0.0480754,0.0490472,0.0444369,0.0435739,0.0418704,0.0369455,0.0398536,0.0368042,0.0348568,0.0284276,0.0383279,0.0399358,0.0401904,0.0477884,0.0575897,0.0709663,0.0952089,0.119949
855.681,0.0408999,0.0446588,0.0415433,0.0376692,0.0377529,0.0407065,0.0381682,0.036314,0.032018,0.032516,0.0310771,0.0346388,0.0384044,0.0382367,0.0486284,0.0539425,0.0737411,0.0950904,0.118793
856.042,0.0378005,0.0419614,0.0388212,0.0399365,0.0363648,0.037758,0.0309255,0.0260378,0.0272616,0.026061,0.0306786,0.0269574,0.0356323,0.0392242,0.0429485,0.0545835,0.0742058,0.0861005,0.11474
856.402,0.0428605,0.0398962,0.0353747,0.0392418,0.0329017,0.0351975,0.0334421,0.0366856,0.0288905,0.0297983,0.0297248,0.0353708,0.0353838,0.0332038,0.0395381,0.0609041,0.073987,0.0994014,0.109628
856.762,0.0350311,0.0327902,0.0385969,0.035589,0.0318404,0.0310903,0.030017,0.0310635,0.0265812,0.0301404,0.0308652,0.0278,0.0251535,0.0311083,0.0385232,0.0537401,0.0616521,0.0821938,0.114776
857.122,0.0437712,0.0371652,0.0399594,0.0393194,0.0397388,0.0411192,0.0320963,0.0257642,0.0322333,0.0345619,0.0333838,0.0278011,0.029526,0.0366484,0.0472959,0.0552102,0.0648286,0.089689,0.111134
857.482,0.0360696,0.0352532,0.0318194,0.0374978,0.0342612,0.0375429,0.0331507,0.0296554,0.0310899,0.0254835,0.0378468,0.0283644,0.0314325,0.0311571,0.0392708,0.0547788,0.0691343,0.0860374,0.115265
857.842,0.04302,0.0422067,0.0383391,0.0393446,0.0470642,0.0353059,0.040001,0.0313974,0.0363891,0.0245645,0.0303696,0.0293002,0.0339366,0.0415009,0.0451608,0.0582693,0.0718386,0.0947471,0.119444
858.202,0.0388304,0.0353152,0.038153,0.0380949,0.0358939,0.0345115,0.033315,0.0274622,0.0300971,0.0235532,0.0296765,0.0280737,0.0290551,0.0399135,0.0376252,0.0547292,0.0705833,0.0946989,0.107774
858.562,0.0366454,0.0399164,0.0408282,0.0318698,0.0342844,0.0333071,0.0333644,0.027287,0.0282544,0.034298,0.0361552,0.0278547,0.032349,0.0330016,0.0415057,0.0536162,0.0650689,0.0850255,0.111483
858.921,0.0415487,0.0381921,0.0370161,0.0418684,0.0393468,0.0324461,0.0359305,0.0357154,0.0309433,0.0252717,0.0324603,0.0257892,0.0288649,0.0374992,0.0416966,0.0577917,0.0710515,0.0918803,0.121555
859.281,0.0328068,0.034088,0.0353815,0.0342563,0.0328369,0.0299253,0.031906,0.0238767,0.0321429,0.022334,0.0267847,0.0266737,0.0262895,0.0268692,0.0373502,0.0478585,0.0651861,0.0841698,0.111339
859.64,0.0416905,0.0383397,0.0404729,0.0418428,0.0430023,0.0394516,0.0365353,0.0405227,0.0263555,0.0361474,0.0377095,0.0293798,0.0367066,0.0370743,0.047877,0.0560324,0.0712876,0.0848148,0.115896
859.999,0.0388801,0.0290976,0.0287017,0.0331155,0.0310538,0.0288385,0.0257277,0.024342,0.0264341,0.0216984,0.0258037,0.021034,0.0317785,0.0282404,0.041095,0.0504828,0.0635586,0.0875253,0.110012
860.358,0.0320842,0.0320896,0.0324018,0.0344644,0.0350565,0.0296599,0.0301403,0.0225639,0.0223226,0.0242008,0.0297082,0.0249179,0.0284241,0.0330414,0.0404157,0.0465816,0.0702137,0.0775051,0.112864
860.717,0.0346099,0.0375729,0.038763,0.03479,0.0323197,0.0322319,0.0317687,0.0339396,0.0307679,0.0322591,0.0271663,0.0310454,0.0318446,0.0303347,0.0468919,0.0531612,0.0678631,0.0901366,0.119869
861.076,0.035286,0.0436317,0.0382485,0.0371486,0.0350552,0.037788,0.0361582,0.0324168,0.0347037,0.0274175,0.0329291,0.0296732,0.0335556,0.0364215,0.0488258,0.0484823,0.0647584,0.0876168,0.11828
861.434,0.0338309,0.0367631,0.0378875,0.0350579,0.0294569,0.0276507,0.0341758,0.0263671,0.0285993,0.0279308,0.0243786,0.0259466,0.0331631,0.0309622,0.0421637,0.048703,0.0607346,0.0853341,0.113382
861.793,0.0393312,0.0344975,0.0354638,0.0347483,0.0347258,0.0320624,0.0328831,0.0305318,0.029912,0.0355886,0.027699,0.027939,0.0305517,0.0368172,0.0416098,0.0570559,0.0648608,0.0906213,0.112986
862.151,0.0362802,0.035694,0.0329066,0.0438595,0.0373302,0.0359158,0.0349737,0.0345222,0.0372822,0.0303633,0.0340221,0.0283472,0.0273148,0.0348227,0.0426363,0.0515816,0.072074,0.0880257,0.117209
862.509,0.0345818,0.0315073,0.0337123,0.037394,0.0355081,0.0345725,0.0331173,0.0245565,0.027703,0.0266488,0.025566,0.0285591,0.0287946,0.0323839,0.043804,0.055541,0.0637704,0.082833,0.108644
862.868,0.0397905,0.0397408,0.043714,0.0438024,0.0414022,0.0382163,0.0367159,0.0347633,0.0413295,0.0332232,0.0329866,0.0375732,0.0355047,0.0425975,0.0468901,0.0577313,0.0728626,0.0871428,0.124055
863.226,0.0413584,0.0468157,0.0444473,0.0408805,0.0397019,0.0400262,0.0380423,0.0415887,0.0340907,0.0359042,0.0320191,0.0295973,0.0377665,0.0382521,0.0429082,0.0615152,0.0724243,0.0929658,0.117533
863.583,0.0359557,0.0383918,0.0393292,0.0318703,0.0321649,0.0312316,0.0307916,0.0261759,0.0227452,0.0288896,0.0297038,0.0278294,0.0295481,0.0350563,0.0347058,0.0533024,0.0675312,0.0821034,0.111076
863.941,0.0497955,0.0398038,0.0489318,0.043958,0.0449521,0.0434697,0.0426881,0.0402199,0.0399552,0.0385188,0.0346643,0.0349683,0.0364623,0.0421579,0.0419024,0.0616925,0.0706415,0.0881067,0.122576
864.299,0.0370607,0.0418966,0.0387829,0.037538,0.0312221,0.0343419,0.0315788,0.0298623,0.0279195,0.0257677,0.0273649,0.0262453,0.0295543,0.0279673,0.0428166,0.0545541,0.0708085,0.0917164,0.116158
864.656,0.0441774,0.0409716,0.0370446,0.045153,0.0407997,0.0358675,0.0334064,0.0253792,0.0331206,0.0289367,0.0346289,0.03252,0.0340072,0.0369565,0.0442963,0.0541886,0.072795,0.0895053,0.11623
865.014,0.0373644,0.0368877,0.0356022,0.0349739,0.0350996,0.0348015,0.029328,0.0309272,0.01894,0.0275933,0.0255422,0.0250844,0.0221767,0.0282022,0.040048,0.045946,0.0527828,0.086726,0.100701
865.371,0.0365711,0.0381268,0.0343813,0.0332306,0.0377543,0.0312855,0.0292518,0.0329978,0.0216428,0.0265268,0.0250161,0.0272254,0.0249647,0.0305308,0.0438435,0.0537065,0.0696506,0.0913722,0.112671
865.728,0.0480623,0.0449086,0.0404084,0.0426177,0.0450131,0.0414443,0.0383609,0.0407224,0.0390617,0.0307593,0.0317514,0.034463,0.0390807,0.0436758,0.0521062,0.0573533,0.0787653,0.0937993,0.118517
866.085,0.0415388,0.0366338,0.0340695,0.0382376,0.0385728,0.0402286,0.0306873,0.0312101,0.0318548,0.0289899,0.0336098,0.0330892,0.027386,0.0408232,0.0465363,0.0562927,0.0719632,0.0948227,0.118701
866.442,0.0359584,0.0428683,0.0376662,0.0466135,0.0347469,0.0335519,0.0342367,0.0333166,0.0310349,0.0289621,0.0304635,0.0301271,0.0330673,0.0344257,0.0466429,0.0496306,0.0656469,0.0852376,0.108891
866.799,0.0377427,0.0410414,0.0338875,0.0395684,0.0345937,0.0287493,0.0298858,0.0276811,0.0281243,0.0268279,0.0225729,0.0281627,0.029792,0.0376065,0.0409153,0.0452734,0.0597,0.0908803,0.117256
867.155,0.0406967,0.0393169,0.0327627,0.0376363,0.035409,0.0302006,0.0329705,0.0303202,0.0334441,0.0307912,0.0228558,0.026945,0.0325282,0.0365016,0.0405634,0.0493783,0.0611001,0.0918838,0.114962
867.512,0.0387703,0.0391721,0.0395074,0.0413291,0.0334556,0.0324465,0.0293368,0.0310768,0.0278054,0.0270484,0.0366237,0.0275805,0.0287388,0.0370103,0.0399231,0.0504508,0.0601801,0.093658,0.112498
867.868,0.035937,0.0371048,0.0378877,0.0365142,0.0359602,0.0345329,0.0353652,0.0294733,0.0329002,0.0346432,0.0314016,0.0296167,0.0321626,0.0362605,0.045149,0.0539474,0.0713901,0.0901165,0.113642
868.225,0.0406274,0.0426244,0.0307789,0.0356119,0.0408024,0.0320664,0.0326297,0.0325673,0.0288349,0.0325504,0.0268337,0.0321221,0.0304216,0.0315384,0.0455968,0.0491494,0.0609168,0.0963634,0.118792
868.581,0.0349046,0.0403326,0.037398,0.0303101,0.0364403,0.0265126,0.0350108,0.0280838,0.0286816,0.0338071,0.0270857,0.0284516,0.0267738,0.0333615,0.0427439,0.0517576,0.072405,0.0900138,0.111501
868.937,0.0378221,0.041307,0.0348111,0.0306457,0.036246,0.0341994,0.033064,0.0292437,0.0228997,0.0369895,0.0298406,0.0348933,0.033973,0.0329722,0.0422958,0.0458825,0.0608264,0.0942046,0.11811
869.293,0.0358049,0.0338019,0.037391,0.0382186,0.0381109,0.0329546,0.037291,0.0295111,0.027762,0.0260263,0.0290251,0.0235873,0.0301212,0.0344458,0.0431862,0.0511341,0.0667003,0.0836284,0.107381
869.648,0.0326272,0.0388366,0.0285445,0.0260198,0.0329752,0.0301306,0.0292616,0.0293394,0.0218539,0.0254526,0.0267138,0.0231574,0.0281257,0.0313553,0.041023,0.0541356,0.0638745,0.0847643,0.104243
870.004,0.0462975,0.0435983,0.0393551,0.045716,0.0370106,0.0370352,0.0345642,0.0359703,0.0345431,0.0351676,0.034539,0.0357408,0.0307301,0.0424554,0.0432158,0.0578129,0.0707771,0.0868185,0.119479
870.359,0.0364945,0.0472817,0.041228,0.0401811,0.0336851,0.043554,0.0427024,0.0404801,0.0404342,0.0331016,0.0363799,0.028634,0.0325774,0.0412745,0.0426792,0.0538894,0.0776141,0.0887944,0.126083
870.715,0.0388965,0.0422151,0.0415718,0.0409775,0.0439401,0.0331938,0.0343666,0.0251818,0.0292777,0.0252722,0.031637,0.0285151,0.0264419,0.0435448,0.0452736,0.0517526,0.0666562,0.0990946,0.1194
871.07,0.0274151,0.0289466,0.0334058,0.0300353,0.0281068,0.0268127,0.0231955,0.0168553,0.0192444,0.0221012,0.0256174,0.0232563,0.0219516,0.0266593,0.036657,0.0400007,0.060766,0.0822696,0.103989
871.425,0.036521,0.0330376,0.0397545,0.0329871,0.0325197,0.0360847,0.0348114,0.028183,0.031153,0.022819,0.0284859,0.0276077,0.0271331,0.0381682,0.0449455,0.0447824,0.0694786,0.0851973,0.11097
871.78,0.0368397,0.0340941,0.0361923,0.0317993,0.035951,0.0280205,0.0290179,0.030116,0.026462,0.0258047,0.0259918,0.0252774,0.0231406,0.0383744,0.0380818,0.0535958,0.0685986,0.0833847,0.108436
872.135,0.0323237,0.0417836,0.0376906,0.0361594,0.0348393,0.0366248,0.0325579,0.0295643,0.0278992,0.0272697,0.0303374,0.0277372,0.0301464,0.0377018,0.046767,0.0520801,0.071222,0.0903611,0.118823
872.49,0.0383053,0.0403808,0.0382521,0.0358,0.0290668,0.0313147,0.0272374,0.0264725,0.0336196,0.0318501,0.0290446,0.02429,0.0304126,0.0328207,0.0412333,0.0503312,0.0719244,0.0921836,0.110571
872.844,0.0271978,0.0348243,0.0412572,0.033936,0.0272106,0.025837,0.0266102,0.0224278,0.0286001,0.0190613,0.0216691,0.0255724,0.0190907,0.0336391,0.0371788,0.0462458,0.063465,0.0803195,0.104171
873.199,0.0408667,0.0349709,0.0361473,0.0382742,0.0429245,0.034884,0.0355192,0.030447,0.0330506,0.0313327,0.0259624,0.0266656,0.0259738,0.028043,0.040732,0.0456067,0.0713213,0.0895489,0.117065
873.553,0.0361748,0.0387692,0.0404881,0.0352995,0.0392331,0.0344776,0.0281875,0.0398521,0.0260819,0.0340647,0.0303984,0.0326703,0.0290646,0.0340073,0.049191,0.0562018,0.0686562,0.0942374,0.128578
873.908,0.0360213,0.0395024,0.0325544,0.0395107,0.0312696,0.0289367,0.0253909,0.0285921,0.0357756,0.0296465,0.0323365,0.0281449,0.0243266,0.0337063,0.0468691,0.0532545,0.0598459,0.0891483,0.111009
874.262,0.0475004,0.0420026,0.042705,0.0433114,0.0460449,0.0447534,0.0336845,0.0304771,0.0335244,0.0249487,0.0333565,0.0291244,0.0345423,0.0354269,0.0485056,0.0548215,0.0716894,0.096798,0.126091
874.616,0.0452561,0.0410019,0.0403406,0.0385115,0.0440137,0.0474528,0.0431971,0.0403919,0.0327826,0.040286,0.0277475,0.0385751,0.0366183,0.0339757,0.0485442,0.0558203,0.069643,0.097449,0.116392
874.97,0.0480339,0.0465676,0.0533362,0.0496972,0.0392809,0.0400807,0.0434866,0.0390295,0.0365,0.0395725,0.0340238,0.0325864,0.0415943,0.0376109,0.0539515,0.0661101,0.075569,0.0991327,0.123186
875.323,0.044788,0.0489763,0.0480884,0.0445874,0.0492609,0.0363302,0.0467902,0.0439569,0.0396685,0.0404602,0.0400104,0.0338376,0.0477347,0.0385454,0.0562104,0.0579428,0.0888688,0.103664,0.131297
875.677,0.0374532,0.0343219,0.0418965,0.0363762,0.0373258,0.0372334,0.0268336,0.0337296,0.0320464,0.0289301,0.0281899,0.033179,0.0314398,0.0394663,0.0468806,0.0458015,0.0686471,0.087337,0.110682
876.031,0.0346808,0.0376893,0.037186,0.0349653,0.0377357,0.0349857,0.0326222,0.0264977,0.027713,0.0260481,0.0324139,0.0311375,0.0290829,0.0347671,0.038928,0.0516278,0.0665855,0.0805426,0.111972
876.384,0.0386329,0.0473501,0.0422872,0.0366067,0.0352174,0.0366444,0.0312358,0.0306571,0.0257836,0.0421589,0.0326157,0.0354888,0.0412961,0.0349204,0.0435514,0.0521826,0.0652065,0.0915511,0.124483
876.737,0.0351882,0.0370218,0.0339692,0.0359849,0.0328942,0.0349513,0.0285401,0.0261169,0.0308409,0.0230401,0.0282271,0.0271095,0.0355418,0.034152,0.0441367,0.0488216,0.0675214,0.0945631,0.114123
877.09,0.0515094,0.0444562,0.0425533,0.0392629,0.046803,0.0424001,0.0424066,0.0390092,0.0380033,0.0369245,0.0278093,0.0354938,0.0317488,0.0412005,0.045373,0.0567421,0.0735111,0.0996736,0.118114
877.443,0.0439683,0.0434181,0.0497261,0.0428727,0.0444273,0.0344291,0.0371088,0.0382581,0.0349729,0.0336957,0.0331521,0.037012,0.0304002,0.0369288,0.0420234,0.0581935,0.0773213,0.0899679,0.115989
877.796,0.0338727,0.0368934,0.039191,0.0357285,0.0367811,0.0274101,0.0249463,0.0210534,0.024643,0.0205099,0.0240778,0.0238316,0.0252184,0.0329903,0.0307712,0.0478396,0.0702806,0.0892561,0.12185
878.149,0.029478,0.0327923,0.0300183,0.0389712,0.0213752,0.030929,0.0274093,0.0269407,0.0230699,0.0247202,0.0223653,0.0264545,0.0261679,0.0341528,0.036105,0.0477795,0.0702325,0.0817976,0.115541
878.501,0.0410747,0.0417563,0.035017,0.0465243,0.0372292,0.0325754,0.0363739,0.039011,0.0338039,0.0370544,0.029083,0.0316471,0.0339678,0.0450844,0.044109,0.0529331,0.065482,0.0836849,0.116171
878.854,0.0407729,0.0473696,0.0338622,0.0454664,0.0395137,0.0438174,0.0434001,0.0389949,0.0336524,0.0407361,0.0345064,0.0391731,0.0390572,0.0425515,0.0498313,0.0606658,0.0723105,0.0937828,0.123796
879.206,0.0471158,0.0380165,0.0371516,0.0364998,0.0415362,0.0420588,0.0376126,0.0391549,0.0308921,0.0339676,0.0330499,0.0336545,0.0314159,0.0449136,0.044011,0.0552676,0.0656531,0.0921548,0.118973
879.559,0.0306823,0.0341137,0.0316255,0.0349237,0.0289198,0.0231089,0.0285654,0.0249475,0.0222735,0.0217394,0.0215174,0.0197047,0.0225248,0.0262404,0.0413654,0.0375728,0.0547308,0.0808356,0.107886
879.911,0.0461473,0.0431962,0.0491717,0.0463294,0.0457266,0.0379467,0.0335502,0.037309,0.029422,0.0363723,0.039772,0.0378032,0.0321926,0.0407547,0.0441616,0.0588461,0.074289,0.0991542,0.124119
880.263,0.0446847,0.0383291,0.0324165,0.0391317,0.0358952,0.0355347,0.0309523,0.0287225,0.0268589,0.0319018,0.0301939,0.0319545,0.0321328,0.0368214,0.0446859,0.0489267,0.0690632,0.0836902,0.115946
880.615,0.0381215,0.0440952,0.0274216,0.0362996,0.036277,0.0288361,0.0320011,0.0301281,0.0260074,0.0322812,0.0289775,0.0295541,0.0292006,0.0388353,0.0369455,0.0497698,0.0628771,0.0880107,0.116981
880.966,0.0430537,0.0314736,0.0459765,0.0341777,0.0386234,0.0320588,0.0297099,0.0310246,0.0244515,0.0266715,0.0319036,0.0316821,0.0280512,0.0391221,0.0444092,0.0511997,0.0716325,0.0951447,0.117709
881.318,0.0357292,0.0349674,0.037196,0.0430228,0.0327276,0.0409457,0.0359264,0.0302433,0.0354779,0.0253284,0.0373308,0.0312334,0.0323086,0.0385938,0.046109,0.0508036,0.0736813,0.0911458,0.121744
881.669,0.0380058,0.0388907,0.0376756,0.0328069,0.0326349,0.0372818,0.0274018,0.0286848,0.0297137,0.0259891,0.0322312,0.0323614,0.0316496,0.0362336,0.0410901,0.0492413,0.0669883,0.0904655,0.118197
882.021,0.0382324,0.032894,0.0334853,0.0265113,0.0350839,0.0308034,0.0344882,0.0315796,0.0294895,0.0309271,0.0248867,0.0291035,0.0283216,0.037244,0.0408595,0.0420685,0.0666541,0.0889457,0.118295
882.372,0.0469261,0.0326238,0.0434107,0.0351662,0.0419216,0.0393848,0.0274282,0.0229749,0.0335016,0.0323915,0.024728,0.0278124,0.0264136,0.041212,0.0485065,0.058134,0.062992,0.0894821,0.119832
882.723,0.0453436,0.0425629,0.0400613,0.0407821,0.0451176,0.040767,0.0383043,0.0417337,0.0371967,0.0319251,0.0372905,0.041992,0.042997,0.038858,0.0491329,0.0573791,0.0724181,0.0951742,0.124163
883.074,0.0292029,0.0445048,0.0324124,0.0270546,0.0342938,0.0236734,0.0307989,0.0305478,0.0230603,0.0218445,0.0287749,0.0205686,0.0290589,0.0250376,0.0401876,0.0512663,0.061436,0.0842924,0.109686
883.425,0.035115,0.0459811,0.0349391,0.0367373,0.0378483,0.0305798,0.0290759,0.0290766,0.0260363,0.0229285,0.0263609,0.0241704,0.0245566,0.0379664,0.035668,0.0513684,0.0638338,0.0765276,0.108683
883.776,0.0277396,0.0390123,0.0368749,0.0305207,0.0297901,0.0308107,0.0239034,0.0246878,0.0277428,0.0196873,0.0261983,0.0212585,0.0227791,0.0299264,0.0365673,0.0432232,0.0621474,0.0804971,0.109381
884.126,0.0436188,0.0410375,0.038432,0.0449419,0.0413126,0.0409871,0.038253,0.0284567,0.0321864,0.0361252,0.0289374,0.0290367,0.0400846,0.0353631,0.0453469,0.0501734,0.0710017,0.0933964,0.113696
884.477,0.0440977,0.0387831,0.0395746,0.0342288,0.0416358,0.0473138,0.0333752,0.0236764,0.0313881,0.030398,0.0350322,0.0346641,0.0281872,0.0409117,0.0365335,0.0480405,0.0693531,0.0933572,0.115725
884.827,0.028146,0.0426757,0.0359072,0.0322107,0.0355404,0.0424238,0.0283683,0.0338758,0.0295274,0.0318867,0.0284029,0.028253,0.0289281,0.0363929,0.0429097,0.0432341,0.0793974,0.103282,0.119419
885.177,0.0423556,0.0420897,0.037355,0.0390231,0.0298431,0.0401838,0.0344185,0.0342867,0.0350826,0.0316903,0.0286168,0.034279,0.0280293,0.0376021,0.0494489,0.058231,0.0633689,0.0914492,0.120071
885.528,0.0373584,0.030628,0.0258995,0.0371334,0.0292205,0.0263507,0.0326557,0.0267577,0.0278068,0.0323853,0.031111,0.0297147,0.0291962,0.0402812,0.0379183,0.0475414,0.0618873,0.0802832,0.104225
885.878,0.0535572,0.0450437,0.0467481,0.0440621,0.0428877,0.0407121,0.0376931,0.0359894,0.0289498,0.0421059,0.0312393,0.0362459,0.0393957,0.0458917,0.0444708,0.0599081,0.0755976,0.102826,0.121951
886.227,0.0441053,0.0443044,0.03849,0.0495516,0.0380783,0.0291599,0.0423963,0.0345636,0.0338601,0.0348407,0.034545,0.0325542,0.0332087,0.0457497,0.0430566,0.0554807,0.0672184,0.0885001,0.121877
886.577,0.0368205,0.0400511,0.0367324,0.0351396,0.0247224,0.0351507,0.0457513,0.0263517,0.0287713,0.0218559,0.0319733,0.028611,0.0303732,0.0347948,0.0472134,0.0580374,0.0765937,0.0838441,0.119353
886.927,0.0345784,0.0332157,0.044741,0.0375269,0.0375559,0.0376724,0.0238298,0.0301254,0.0303806,0.0294005,0.0274625,0.0318266,0.0307606,0.0396345,0.0461772,0.0512749,0.0663417,0.0914215,0.108299
887.276,0.0414649,0.0409064,0.0435549,0.0356458,0.0390837,0.0365441,0.0307222,0.0276018,0.0289786,0.0277694,0.0292263,0.0214201,0.0304521,0.0311631,0.0363946,0.0471451,0.0695755,0.102143,0.112412
887.626,0.0355071,0.041929,0.038718,0.0326316,0.0285781,0.0347149,0.0246626,0.0307467,0.028286,0.0242499,0.0220787,0.02842,0.0326594,0.0354268,0.0406602,0.0525019,0.0720437,0.0963301,0.115747
887.975,0.0369007,0.0352517,0.0399671,0.0312878,0.0319598,0.0242868,0.0296552,0.0211341,0.022541,0.0270134,0.0247849,0.023483,0.0230601,0.0328563,0.0445086,0.0470928,0.0625615,0.086453,0.116056
888.324,0.0382328,0.0377672,0.0397923,0.0377456,0.0312305,0.0250999,0.0351848,0.0349633,0.0324476,0.0332511,0.0269204,0.0215933,0.0376517,0.0387076,0.0430031,0.0572083,0.0717455,0.0901406,0.120334
888.673,0.0494973,0.0340697,0.0358081,0.0335185,0.0390428,0.0339712,0.0315003,0.0340723,0.0326592,0.0268451,0.0226362,0.0250573,0.026042,0.0379817,0.0357743,0.0467051,0.0685359,0.0923753,0.105646
889.022,0.0346492,0.0381676,0.032025,0.0334974,0.0324838,0.0298484,0.0331434,0.0266169,0.0315048,0.0226877,0.0252858,0.0264254,0.025184,0.0247868,0.0395001,0.0442831,0.0668223,0.0837014,0.112621
889.37,0.0323584,0.0379578,0.0358614,0.0352087,0.0322086,0.0286387,0.0317099,0.033432,0.0256708,0.0256699,0.0303079,0.0225447,0.0234276,0.032324,0.0389369,0.0507403,0.0687534,0.0840775,0.108212
889.719,0.0291314,0.0349088,0.026212,0.0246266,0.0196993,0.0206582,0.0285246,0.0224051,0.0188437,0.0175529,0.0154009,0.0220658,0.0130065,0.0148701,0.0341156,0.042165,0.0545841,0.0850957,0.103583
890.068,0.0267287,0.0249637,0.0316344,0.0272038,0.0276572,0.023515,0.0183883,0.0339126,0.0320306,0.0237627,0.0210931,0.0244032,0.0148231,0.0329818,0.0335581,0.0427087,0.0611809,0.0767848,0.108973
890.416,0.0473714,0.0463745,0.0429817,0.0356095,0.0371933,0.0321647,0.0321003,0.0386157,0.0299322,0.0279584,0.0291365,0.0394313,0.0285056,0.0321033,0.0409482,0.0611807,0.0748005,0.0910667,0.121172
890.764,0.041336,0.0450108,0.0331427,0.0218366,0.0286271,0.0318508,0.0227839,0.0322725,0.0263579,0.0191725,0.0288322,0.0240006,0.0269321,0.0304821,0.0407407,0.0581071,0.0651405,0.0896432,0.116158
891.112,0.0415512,0.0422321,0.0490764,0.0353578,0.0402395,0.0359126,0.0466105,0.0362461,0.0372875,0.0292768,0.040046,0.0330027,0.0327154,0.0355396,0.0511885,0.0581304,0.0735937,0.0982281,0.122295
891.46,0.0348079,0.0396524,0.0346621,0.0302494,0.0348614,0.0334886,0.0272053,0.0393758,0.0242782,0.0208197,0.0250746,0.0229694,0.0306703,0.0248626,0.035843,0.0522758,0.0711375,0.0902501,0.107204
891.808,0.0387313,0.0309811,0.0433258,0.0394044,0.0371412,0.0372589,0.0342033,0.0395905,0.0301561,0.0351971,0.032172,0.0217349,0.0346888,0.0391209,0.0458025,0.0473468,0.0638582,0.0934097,0.116057
892.156,0.0473505,0.0426384,0.039041,0.0368478,0.0415535,0.029836,0.0411382,0.0347669,0.036549,0.0301106,0.0279604,0.0339211,0.0357393,0.0402033,0.0415497,0.057438,0.0689906,0.0958812,0.113047
892.503,0.0446327,0.0478737,0.0325419,0.0401328,0.0312763,0.0367318,0.0409327,0.0318719,0.0259779,0.0307092,0.0342172,0.031904,0.0364736,0.0390696,0.0443373,0.0561814,0.0749277,0.0923236,0.120538
892.851,0.0366381,0.0311736,0.0353986,0.0305419,0.0299691,0.0324249,0.0329295,0.0180702,0.0224598,0.0296706,0.0361381,0.0246857,0.0331756,0.0368334,0.0312915,0.0586987,0.064205,0.0791667,0.112884
893.198,0.0419289,0.048225,0.0393687,0.0439258,0.038241,0.0498369,0.0412826,0.0379298,0.046798,0.0308488,0.0468953,0.0384416,0.0426508,0.0418961,0.0538153,0.0623431,0.075504,0.100032,0.120607
893.545,0.0411764,0.0368388,0.0420588,0.043224,0.0304504,0.0364387,0.0341177,0.0328539,0.0284925,0.0330382,0.0319297,0.0320077,0.0327219,0.0422044,0.0418778,0.0563371,0.0638224,0.0816633,0.120143
893.892,0.0512047,0.0415805,0.0460896,0.0438945,0.0339823,0.0410771,0.0443978,0.0306939,0.0300736,0.0322129,0.0337242,0.0299708,0.0294864,0.0398425,0.0445605,0.0593262,0.0806016,0.0968924,0.126409
894.239,0.0548904,0.0467757,0.0463289,0.0493271,0.0475795,0.0429218,0.0415276,0.0412165,0.0356654,0.0288459,0.0302835,0.0305791,0.0436079,0.0409852,0.0538243,0.0564186,0.0841414,0.10987,0.127459
894.586,0.0397721,0.0390496,0.0354621,0.0359871,0.0375246,0.0433276,0.0398265,0.0353592,0.0320913,0.030376,0.0345616,0.0367658,0.0302655,0.0330692,0.04316,0.0482463,0.0641884,0.0976401,0.119914
894.933,0.0435553,0.0361984,0.0412034,0.0374724,0.0366505,0.0351915,0.0367217,0.0383514,0.0343564,0.0299604,0.0363585,0.0306103,0.0270503,0.0407388,0.040663,0.0538085,0.0768218,0.084508,0.115054
895.28,0.0260849,0.0289921,0.0296863,0.0223214,0.0282227,0.0246981,0.0274833,0.0193045,0.0261243,0.0183602,0.0188422,0.0219683,0.0271079,0.0217816,0.0290817,0.0422808,0.0666526,0.0796368,0.105018
895.626,0.0414522,0.0311857,0.0270129,0.0401077,0.0284999,0.0314513,0.0259778,0.0207355,0.0287236,0.0190598,0.0222055,0.0202982,0.0142344,0.0260191,0.0500418,0.048495,0.0592556,0.0834691,0.115147
895.972,0.0356369,0.0438773,0.0461981,0.0400839,0.0377175,0.0301078,0.0364189,0.0345209,0.027121,0.0341338,0.0290127,0.0309734,0.0364953,0.0417718,0.0436824,0.0593913,0.0733658,0.0919487,0.118909
896.319,0.0370847,0.0284613,0.038701,0.0238749,0.027548,0.0298778,0.02821,0.0254342,0.0291029,0.0181964,0.0265979,0.0313478,0.0249017,0.0313383,0.0322658,0.0512619,0.0612102,0.0909045,0.113229
896.665,0.0451735,0.0370545,0.043519,0.0437097,0.0359384,0.0330527,0.0357859,0.0289517,0.0404211,0.0318991,0.0335023,0.0289957,0.0287599,0.0411672,0.040259,0.0531579,0.0677927,0.088456,0.11233
897.011,0.033835,0.0430366,0.0351275,0.0318069,0.0315114,0.034813,0.0326915,0.0294278,0.0211151,0.0198264,0.0223724,0.0249257,0.0203879,0.0326774,0.0498159,0.0545037,0.0671694,0.096095,0.114244
897.356,0.0411546,0.0405503,0.0424734,0.0393683,0.0423641,0.042086,0.0240461,0.0352688,0.0313773,0.0265772,0.0328474,0.0260047,0.0358352,0.0429351,0.0472442,0.0557307,0.0821605,0.0931169,0.127451
897.702,0.0359046,0.0428263,0.0493824,0.040154,0.048002,0.0373925,0.0414216,0.0350812,0.0385492,0.0316368,0.0384802,0.0370073,0.0356747,0.0481482,0.0548135,0.0485665,0.0798836,0.107861,0.11918
898.048,0.0251798,0.0350021,0.0368601,0.0347386,0.0280894,0.0268049,0.0255007,0.022014,0.0257321,0.0229251,0.0279554,0.0336739,0.0183994,0.0319941,0.0383847,0.0432024,0.0552428,0.0899639,0.103196
898.393,0.0298657,0.0403733,0.0313158,0.0405799,0.0303983,0.0277261,0.0289356,0.0303294,0.0314572,0.0270929,0.0309833,0.0253667,0.0207564,0.0315769,0.035689,0.0519123,0.0659311,0.0748583,0.106753
898.738,0.0298119,0.0381734,0.0414864,0.0436109,0.0347164,0.0400183,0.0252662,0.0364931,0.0315465,0.0327386,0.037854,0.0381625,0.0291656,0.0380747,0.0400574,0.0472094,0.0671086,0.0878359,0.129746
899.084,0.0406167,0.0362912,0.0392851,0.0399635,0.0408213,0.0348281,0.0229756,0.040848,0.0312499,0.0285764,0.039128,0.0216943,0.0321238,0.0365419,0.0465601,0.0511199,0.0663731,0.0890203,0.125191
899.429,0.0348245,0.0359428,0.0316586,0.0409433,0.0369779,0.0386496,0.0286212,0.0306295,0.0307149,0.0336944,0.0264473,0.0368764,0.0375095,0.0412367,0.0458031,0.0580518,0.0640297,0.0886134,0.120878
899.774,0.0385314,0.0377616,0.0349574,0.03627,0.0372934,0.0335525,0.0367566,0.0351962,0.0281098,0.0387426,0.0295178,0.0365859,0.0352343,0.0380396,0.0383497,0.0514251,0.0696133,0.0875709,0.121398
900.119,0.0478711,0.0441485,0.0342359,0.0390772,0.0424495,0.0348181,0.0408458,0.045282,0.0343962,0.0339593,0.0294054,0.0325823,0.0287244,0.0418653,0.0425784,0.0548497,0.0833822,0.0850672,0.120041
900.463,0.0418728,0.0442147,0.042633,0.0367509,0.0378163,0.0327269,0.0272149,0.0323066,0.0288595,0.033806,0.0224968,0.0205831,0.0342228,0.032857,0.0404566,0.0564583,0.0725466,0.0891293,0.114704
900.808,0.048459,0.0409974,0.0435265,0.0422359,0.037861,0.0440544,0.0379214,0.04594,0.0385645,0.0321301,0.0366097,0.0392557,0.0386778,0.0352853,0.0491319,0.0576757,0.0745182,0.098665,0.121976
901.152,0.0286667,0.0318568,0.0329104,0.0306459,0.0341364,0.03128,0.0312117,0.0181074,0.0234652,0.0286543,0.0276608,0.0238807,0.0259244,0.0277009,0.0344477,0.0511945,0.0651656,0.0873191,0.113261
901.497,0.0339903,0.0259188,0.01338,0.0384096,0.0302582,0.0251231,0.0275811,0.0235759,0.011911,0.0170875,0.0118825,0.016807,0.0239827,0.0242231,0.0392879,0.0456563,0.0553499,0.0817107,0.110419
901.841,0.0382008,0.0361592,0.0442317,0.025716,0.0313639,0.030382,0.0386501,0.0269864,0.0265763,0.0341508,0.0275558,0.0245179,0.0337876,0.0379046,0.0293931,0.0549788,0.0635785,0.0903799,0.116585
902.185,0.0243287,0.0358674,0.0437213,0.0309471,0.0375405,0.0381796,0.0318308,0.0219421,0.0216791,0.0287067,0.0288661,0.0259455,0.0201154,0.0334455,0.0431065,0.0592328,0.0713699,0.0828265,0.113412
902.529,0.0235486,0.0267254,0.0285909,0.0317406,0.0268156,0.0290301,0.0322502,0.0232227,0.0149961,0.0333915,0.01893,0.0199274,0.0257852,0.0208989,0.0294457,0.046814,0.063601,0.0783807,0.092948
902.873,0.0431626,0.0391243,0.0222007,0.035662,0.0305017,0.0244247,0.0337353,0.0119813,0.0271979,0.029028,0.0383274,0.0271499,0.0256797,0.0345773,0.0497521,0.0437967,0.0563854,0.078845,0.112536
903.216,0.0587668,0.0586536,0.0469433,0.0495776,0.0484203,0.0545095,0.0412801,0.051361,0.0412148,0.0412323,0.0537656,0.0398224,0.0409166,0.047565,0.0618355,0.0685897,0.0935,0.107207,0.143046
903.56,0.0563481,0.0461579,0.0429747,0.0594316,0.0458177,0.035687,0.0414164,0.0477533,0.0455992,0.0445432,0.0394953,0.0453187,0.0390629,0.0372284,0.0534944,0.0622298,0.0830489,0.103685,0.133334
903.903,0.0567227,0.0642337,0.0530669,0.0458723,0.0562848,0.0561936,0.0480791,0.047386,0.0580864,0.0598993,0.0445687,0.0375444,0.0487078,0.0464058,0.0650176,0.0679697,0.0858508,0.106604,0.140975
904.247,0.02558,0.0268916,0.0287889,0.0243899,0.0209381,0.0194758,0.0243745,0.0232963,0.026904,0.0187253,0.0202387,0.0180044,0.0255249,0.0257388,0.0355864,0.0338196,0.0546302,0.0830874,0.0995108
904.59,0.0423376,0.0307213,0.043462,0.0322572,0.0490261,0.0380759,0.0375343,0.0302055,0.0382439,0.0333466,0.0379498,0.0323022,0.0309672,0.0405811,0.0458147,0.0505182,0.0705699,0.0946032,0.128992
904.933,0.035512,0.0251208,0.0410665,0.0316902,0.0329645,0.027523,0.0197012,0.0270201,0.0197931,0.0412652,0.0220586,0.015752,0.0231892,0.0279451,0.0375298,0.04541,0.0541686,0.0854627,0.100483
905.276,0.049392,0.0433608,0.0460561,0.0398371,0.0468216,0.0472052,0.0325801,0.028759,0.041676,0.0269868,0.0438307,0.0382784,0.0425097,0.0317024,0.0480949,0.0729723,0.0786083,0.0954211,0.120138
905.619,0.0379188,0.0376182,0.0211967,0.0331453,0.0346641,0.0253136,0.0278705,0.0188575,0.0215879,0.0200845,0.0244071,0.0218837,0.032316,0.0276372,0.0382271,0.0582821,0.0643113,0.0716316,0.108448
905.961,0.0358928,0.0376107,0.0431229,0.0304034,0.0309605,0.0367129,0.0335974,0.0215999,0.0208299,0.0254705,0.0324218,0.0227274,0.0249485,0.0367432,0.0498545,0.0549404,0.051112,0.0932053,0.120164
906.304,0.0419318,0.0457956,0.0486704,0.0372009,0.0359855,0.0382406,0.0382257,0.0282446,0.0261645,0.0317796,0.0371118,0.0230399,0.0348406,0.0345625,0.0419745,0.0636081,0.0808166,0.098321,0.124764
906.646,0.0412979,0.0349392,0.0449858,0.0317716,0.036289,0.0286902,0.0341374,0.0317239,0.0236219,0.0270323,0.0258684,0.033466,0.0218871,0.0314187,0.0460884,0.0520474,0.0760858,0.0942594,0.119623
906.988,0.0490532,0.0497431,0.0371776,0.0473958,0.0409176,0.0394448,0.0307764,0.0392091,0.0273849,0.0225798,0.0312004,0.03622,0.0396182,0.04247,0.0439747,0.0577234,0.062242,0.0957219,0.116172
907.331,0.0522818,0.0511829,0.0417748,0.0461732,0.0505779,0.0441201,0.0458329,0.0498799,0.0447616,0.044628,0.0334343,0.0428964,0.0499215,0.0481577,0.0477941,0.0692769,0.0827183,0.105297,0.129373
907.673,0.0426338,0.0497249,0.0378741,0.0502884,0.0492937,0.0513853,0.0369992,0.0377496,0.0379832,0.0433788,0.0387009,0.0335156,0.0389013,0.0470648,0.052178,0.0665847,0.0786929,0.106545,0.117757
908.015,0.0413748,0.0360998,0.0434652,0.0272053,0.0253936,0.0351031,0.020371,0.020948,0.0310997,0.0257108,0.0267822,0.0301515,0.0205234,0.0325914,0.0437786,0.0475349,0.07102,0.0843085,0.115206
908.356,0.0411102,0.0359028,0.0319017,0.0287015,0.0387719,0.0284981,0.0303366,0.0369916,0.0420049,0.0227773,0.0320404,0.0246385,0.0369274,0.0314748,0.0347275,0.0539994,0.0681564,0.0882826,0.119931
908.698,0.0399009,0.0412621,0.0379516,0.0459943,0.0531877,0.0368839,0.0349988,0.0330809,0.034469,0.034575,0.0305215,0.038643,0.0350948,0.0413848,0.0369775,0.0503286,0.0737617,0.0806478,0.118203
909.04,0.0281752,0.0427738,0.0318054,0.0449638,0.0290779,0.0343269,0.0345508,0.0274382,0.0337119,0.0279629,0.0308127,0.0238726,0.031292,0.0421078,0.0357632,0.0507986,0.0709608,0.0863946,0.107749
909.381,0.0449546,0.0308684,0.0387351,0.0332021,0.0338374,0.0258537,0.0257857,0.0235246,0.0191635,0.0165326,0.0420976,0.0286184,0.0301886,0.0359507,0.0320793,0.042893,0.0576374,0.0794409,0.109919
909.722,0.0398027,0.0426996,0.0339198,0.0210905,0.0202268,0.0289388,0.0388363,0.0258317,0.0119965,0.0203306,0.0229294,0.0221612,0.0333197,0.039866,0.0454352,0.054941,0.0607347,0.0792786,0.115698
910.063,0.032437,0.0241786,0.0331376,0.0259352,0.0214562,0.0303037,0.0203489,0.0108275,0.0180508,0.0230712,0.0229039,0.025517,0.0248678,0.0262148,0.0306262,0.0545805,0.0659809,0.0772853,0.104387
910.405,0.0379452,0.0402427,0.0427983,0.0325009,0.0301401,0.0385849,0.0378186,0.0389089,0.02584,0.0271659,0.0378006,0.0272584,0.0336977,0.0256819,0.0435508,0.0513991,0.0647511,0.091903,0.115983
910.745,0.044518,0.0456759,0.0334223,0.0460313,0.0280077,0.0382487,0.029226,0.0378115,0.0273675,0.0291116,0.0389631,0.0319294,0.0285202,0.033911,0.0417725,0.055507,0.081863,0.083938,0.105206
911.086,0.040177,0.0404953,0.0511563,0.0438527,0.0406415,0.0298942,0.0209938,0.0324225,0.0270402,0.0281246,0.0288971,0.0317208,0.0304177,0.037276,0.0458782,0.0612849,0.0702584,0.082056,0.118748
911.427,0.0479032,0.0492655,0.0439452,0.0437986,0.0471177,0.0398724,0.0395239,0.0336057,0.0317371,0.0340741,0.0243327,0.0341724,0.0485394,0.0396382,0.0462594,0.0497797,0.0794814,0.0948242,0.12435
911.767,0.0268971,0.0312954,0.0330277,0.0303117,0.0364623,0.0255266,0.0207206,0.0313889,0.0292233,0.0236002,0.0142211,0.0205134,0.0165824,0.0202733,0.0331047,0.0477901,0.0598451,0.078364,0.0949782
912.108,0.0460654,0.0339378,0.0420019,0.0420885,0.0384648,0.0384857,0.0395209,0.0331114,0.0294271,0.0409617,0.0257801,0.0312401,0.0357685,0.041081,0.0399707,0.0500652,0.058289,0.0839237,0.113299
912.448,0.0383632,0.0211859,0.0310255,0.0301213,0.0293647,0.0294108,0.0313237,0.0228573,0.0234342,0.0283386,0.0241821,0.0266147,0.0242588,0.0295206,0.0454623,0.0432002,0.0628434,0.101499,0.100328
912.788,0.0398253,0.0256935,0.0368348,0.0357548,0.0290684,0.0348698,0.0183617,0.0300601,0.0286191,0.0160686,0.0316494,0.0275822,0.0278247,0.0266471,0.043973,0.0481504,0.0573101,0.0824409,0.112155
913.128,0.0378117,0.0369506,0.0413727,0.0437716,0.0331816,0.040456,0.0289909,0.0372202,0.0247417,0.03373,0.019871,0.0350416,0.0395601,0.0355146,0.0437774,0.039863,0.0621546,0.0900842,0.106735
913.468,0.0336974,0.0234537,0.0337912,0.0303191,0.0341599,0.0280423,0.0373189,0.0195209,0.0226834,0.022076,0.0240716,0.025725,0.0289024,0.030915,0.0400752,0.0487893,0.0516793,0.0849058,0.108738
913.808,0.0404007,0.0355573,0.047467,0.0337617,0.0387641,0.0187213,0.0301876,0.0307996,0.028589,0.0248136,0.0255412,0.0261143,0.0315297,0.0400932,0.0384666,0.0486238,0.0708016,0.0958081,0.106016
914.148,0.0519695,0.0325581,0.0385267,0.0409336,0.042606,0.0378761,0.042349,0.0437273,0.0556558,0.0261993,0.0394776,0.0359182,0.0258098,0.0407086,0.0419612,0.0566478,0.0758588,0.0807124,0.110384
914.487,0.0390201,0.0513781,0.0381351,0.0527323,0.0355297,0.048063,0.0324347,0.0373034,0.0371051,0.0358892,0.027617,0.0283281,0.0282645,0.0404187,0.0510631,0.0557039,0.0623457,0.0904715,0.126842
914.826,0.0427994,0.0401862,0.0495597,0.0438904,0.0423984,0.0436435,0.038242,0.0359152,0.0443794,0.0338735,0.0395005,0.0322555,0.0363568,0.0324803,0.0454724,0.0633933,0.0829569,0.098079,0.122698
915.166,0.0357111,0.029946,0.0440845,0.0465175,0.0480831,0.0253198,0.0299057,0.0292669,0.016261,0.0238378,0.0329737,0.0237784,0.0364991,0.0254455,0.0441085,0.0601286,0.065193,0.0863576,0.111584
915.505,0.0404334,0.0268935,0.0339349,0.0319727,0.0334504,0.0243666,0.0232504,0.0304038,0.0215297,0.0166576,0.0306895,0.0152143,0.0260013,0.035229,0.038634,0.0486328,0.0602792,0.0811442,0.116474
915.844,0.0389711,0.0305515,0.0397392,0.0480765,0.0398763,0.042688,0.0445166,0.0339227,0.0191778,0.0332487,0.0329999,0.0301743,0.0297206,0.033246,0.0492546,0.0522646,0.0578242,0.081318,0.123403
916.183,0.0381681,0.042003,0.025117,0.0388479,0.0401816,0.0348434,0.0407719,0.0276224,0.0229625,0.0284686,0.0398879,0.0207532,0.0339813,0.0280659,0.0368063,0.0649276,0.0583021,0.104267,0.112203
916.522,0.0300793,0.0208397,0.037012,0.0400619,0.027875,0.0210288,0.0238104,0.0225831,0.0258064,0.0292353,0.0248333,0.00626393,0.0230722,0.0284256,0.0252288,0.0465853,0.0555034,0.075131,0.102581
916.86,0.0376343,0.0348388,0.0271665,0.031609,0.0388589,0.0332212,0.0390985,0.0283442,0.0292823,0.0257889,0.0226061,0.0287103,0.0332685,0.0343774,0.0359129,0.0552068,0.0684514,0.0881634,0.106778
917.199,0.033888,0.0321208,0.0299441,0.028969,0.0319114,0.0464743,0.0375838,0.0405564,0.0260439,0.0337303,0.0294294,0.0366052,0.0301336,0.0325019,0.0431816,0.0664962,0.0671756,0.0871473,0.12642
917.537,0.0555478,0.0444564,0.0490488,0.0412756,0.0420482,0.0453225,0.0388071,0.03672,0.0418975,0.0426933,0.0520441,0.0369802,0.0458688,0.0522404,0.0552878,0.0587861,0.0756433,0.10241,0.142631
917.875,0.0445396,0.0399967,0.0424872,0.0515389,0.042406,0.0403437,0.0477294,0.0405283,0.0446053,0.0246345,0.0323947,0.0205929,0.0510141,0.0532953,0.0442841,0.0519274,0.0732963,0.0862622,0.123842
918.213,0.0501427,0.0411929,0.0460879,0.0452164,0.0262052,0.028643,0.0371034,0.042078,0.0339118,0.0333546,0.0305599,0.0375398,0.0246058,0.0259586,0.0450857,0.0598145,0.0746305,0.0944003,0.114065
918.551,0.0509298,0.0396176,0.0434618,0.0474685,0.0420085,0.0407538,0.0306941,0.0464599,0.031772,0.0374909,0.0258285,0.0314952,0.0389324,0.0343037,0.0538434,0.0652343,0.0798968,0.0942542,0.121878
918.889,0.0303473,0.0376871,0.034701,0.0313482,0.0294204,0.0423135,0.0328132,0.031836,0.0352401,0.027264,0.0342077,0.0294674,0.0280862,0.0238164,0.0445321,0.0427198,0.0575899,0.0921651,0.111247
919.227,0.0481452,0.0408088,0.0472419,0.0415872,0.0213463,0.0321811,0.0443862,0.0299052,0.0396798,0.0299522,0.0263079,0.0223701,0.0310996,0.0258208,0.04483,0.04975,0.0587169,0.103768,0.116615
919.565,0.0349914,0.0461633,0.0434105,0.0516313,0.0269741,0.0366395,0.0346678,0.019029,0.0276356,0.0397813,0.0373742,0.0270371,0.0390781,0.0320973,0.0399101,0.0557914,0.0743346,0.0922745,0.123805
919.902,0.0446267,0.0383812,0.035788,0.0434512,0.03432,0.0258253,0.0316171,0.0311691,0.0321523,0.0336911,0.0250392,0.0359306,0.0380107,0.0323964,0.0438149,0.0608395,0.0811031,0.0922556,0.121562
920.24,0.0304567,0.02172,0.0355185,0.0252533,0.0282018,0.0252533,0.0210174,0.0248429,0.0190136,0.0114534,0.0152884,0.0166555,0.018014,0.0231518,0.0351722,0.0474766,0.0553893,0.0816181,0.110906
920.577,0.037551,0.0528843,0.0526032,0.0401695,0.0555411,0.0518618,0.0338505,0.0434585,0.0419917,0.0406294,0.0486717,0.0383107,0.038796,0.0399003,0.0413797,0.070062,0.0776389,0.106145,0.118402
920.914,0.0403416,0.0279525,0.0267739,0.040284,0.0385964,0.031924,0.0302873,0.033028,0.02527,0.035251,0.0405548,0.0203159,0.0334358,0.0378601,0.0474196,0.0567648,0.0703645,0.0986048,0.11696
921.251,0.0255225,0.0304888,0.0306875,0.0416756,0.0272835,0.0315195,0.0272425,0.0252179,0.0266468,0.0103858,0.0252756,0.0294577,0.0285066,0.0253762,0.0258487,0.0473267,0.0498991,0.0870455,0.10075
921.588,0.0263739,0.0346472,0.02546,0.0253942,0.0220123,0.0304062,0.0275326,0.0181476,0.0250418,0.0252449,0.0099745,0.00950061,0.0164917,0.0226703,0.0410002,0.0577174,0.0455265,0.0659273,0.108546
921.924,0.0450169,0.0454338,0.0277777,0.0391315,0.0420094,0.0390383,0.0258243,0.02063,0.0241958,0.0301832,0.0308066,0.0369986,0.0368492,0.0437892,0.0402228,0.0576685,0.0684747,0.0941748,0.118232
922.261,0.0338526,0.0369004,0.0355399,0.0368386,0.0352234,0.027572,0.0343563,0.0280152,0.0354068,0.0171703,0.0282344,0.0331934,0.0268266,0.0392045,0.0563786,0.0584905,0.0806143,0.0978415,0.139536
922.598,0.0530989,0.041475,0.0499885,0.0384203,0.0544109,0.047199,0.031319,0.0457752,0.0395784,0.0463368,0.0336841,0.0328027,0.0297476,0.0410116,0.0437921,0.0618934,0.0833187,0.101049,0.118943
922.934,0.0299534,0.019062,0.0304747,0.0258253,0.0237653,0.0242403,0.0211335,0.0141111,0.0261736,0.0260173,0.0140626,0.0168909,0.0168304,0.0332818,0.0266946,0.0342897,0.0470417,0.079723,0.0926735
923.27,0.0186957,0.0270763,0.0199914,0.023935,0.0250964,0.0203288,0.018908,0.00666732,0.0154102,0.0224111,0.0212157,0.0107321,0.021647,0.023173,0.0334684,0.038771,0.0616014,0.0768285,0.106025
923.606,0.030543,0.0301036,0.0292806,0.0361854,0.0354418,0.0171747,0.032935,0.0249258,0.0114863,0.0115489,0.0333482,0.0331417,0.0326432,0.0449911,0.029244,0.0430686,0.0601131,0.0858121,0.112888
923.942,0.0366285,0.0246086,0.0197727,0.0391,0.0277475,0.0190493,0.0246948,0.0183972,0.0266175,0.0215035,0.00886692,0.0137843,0.0280775,0.0183129,0.0296348,0.0428973,0.0518869,0.084482,0.109996
924.278,0.0575778,0.0359881,0.0421838,0.0292381,0.0464041,0.0393221,0.0480221,0.0407695,0.0324857,0.0213092,0.0388793,0.0362886,0.0463967,0.0440996,0.0397523,0.0574925,0.0697838,0.100652,0.130251
924.614,0.0373036,0.0348888,0.0476561,0.0402986,0.043911,0.0314116,0.0444195,0.0363262,0.0301811,0.033505,0.039913,0.0290182,0.0328592,0.0359406,0.0488477,0.058569,0.0645855,0.0942849,0.123
924.949,0.028665,0.0385392,0.0358402,0.0282182,0.0403371,0.0222285,0.0307599,0.0181754,0.0214104,0.0265,0.0171101,0.0263304,0.0205728,0.0298846,0.0335771,0.0274621,0.0738337,0.0812746,0.0973126
925.285,0.0360085,0.0314069,0.0378736,0.0432032,0.0383779,0.0214451,0.0303051,0.0307575,0.0246377,0.031179,0.0271,0.0263122,0.021118,0.0407618,0.0416687,0.0608034,0.0578782,0.0860013,0.116171
925.62,0.0517138,0.036598,0.0523387,0.0350703,0.0545813,0.0541287,0.0431582,0.0347286,0.0397176,0.0288404,0.0435978,0.0226456,0.0457608,0.0386315,0.0497956,0.058754,0.0839514,0.0905682,0.121152
925.955,0.0427132,0.04576,0.0393109,0.0419847,0.0249448,0.0446887,0.0401693,0.0431982,0.0243052,0.0301487,0.0413373,0.0275953,0.0413251,0.0512591,0.0510844,0.0579429,0.0660626,0.0951958,0.104135
926.29,0.0362828,0.0453657,0.0356918,0.0385718,0.0368213,0.0319819,0.0265911,0.0339024,0.0201753,0.0241132,0.0261877,0.031777,0.0277196,0.0397369,0.0334148,0.0478335,0.0672447,0.0864607,0.123013
926.625,0.053878,0.0417116,0.0277576,0.0467233,0.0413213,0.0468267,0.0368731,0.0196011,0.015665,0.0213566,0.027843,0.0408661,0.0259151,0.0527859,0.0359362,0.0584618,0.070172,0.0822628,0.132578
926.96,0.0516394,0.0473251,0.0514248,0.0379509,0.0629056,0.0369388,0.0391055,0.0348314,0.0397156,0.0370472,0.0363968,0.0174117,0.0354639,0.0448244,0.0591274,0.0427352,0.0816116,0.09284,0.133169
927.295,0.0465238,0.0333121,0.0374798,0.0239387,0.040982,0.0310504,0.0329801,0.0363816,0.0383952,0.0211235,0.0230297,0.021322,0.0315103,0.0279478,0.0307795,0.0513468,0.0661536,0.0814967,0.106852
927.629,0.0452474,0.0596287,0.0577045,0.0605008,0.0474862,0.0394271,0.0387245,0.0440573,0.0409657,0.0229373,0.0452241,0.0445475,0.0432243,0.0572255,0.0503492,0.062311,0.0717035,0.1052,0.120514
927.964,0.0340024,0.0442279,0.0320612,0.0513477,0.036194,0.0322784,0.0289192,0.0367565,0.0292766,0.0242457,0.0337864,0.0472331,0.0289077,0.0338942,0.0358367,0.0414328,0.0695583,0.0751922,0.111989
928.298,0.0472761,0.0455453,0.0366184,0.0525835,0.040789,0.0333828,0.0453914,0.0392032,0.044397,0.0370617,0.0348763,0.0381655,0.0422502,0.0594831,0.0556096,0.0634348,0.060058,0.0921617,0.135761
928.632,0.0409912,0.0365567,0.0333544,0.0333368,0.0319393,0.0288097,0.0196164,0.0345174,0.0137262,0.0190638,0.0177223,0.0232452,0.0248331,0.0399107,0.0287391,0.0511441,0.067914,0.0795618,0.113051
928.967,0.0430606,0.0620506,0.0435794,0.0417716,0.0469132,0.045844,0.0426929,0.0467382,0.0351057,0.0347553,0.0235535,0.0241906,0.0325755,0.0475103,0.0563194,0.0674891,0.0819843,0.0996128,0.121326
929.3,0.0440763,0.033142,0.0362058,0.0283648,0.0349934,0.0269697,0.0368559,0.0307465,0.0332623,0.0344762,0.0305533,0.0283108,0.0312133,0.0289988,0.036075,0.0687463,0.0602358,0.0735866,0.129242
929.634,0.0413106,0.0428975,0.0447011,0.040169,0.0401345,0.0478339,0.0274602,0.0344182,0.0501591,0.0411397,0.0262993,0.0353516,0.0423931,0.0515091,0.0417905,0.0535397,0.0704655,0.0966351,0.124711
929.968,0.0526574,0.0359358,0.0462956,0.0344827,0.0304364,0.042615,0.0424993,0.0244886,0.0249121,0.0357875,0.0468036,0.015741,0.0367769,0.0334289,0.048104,0.0531706,0.0612534,0.0944294,0.115302
930.302,0.0430633,0.0308383,0.0360978,0.0396288,0.0307977,0.0373916,0.0276009,0.0363503,0.0251573,0.0268304,0.0463466,0.0273061,0.0384855,0.0323771,0.0419864,0.0480853,0.0560281,0.107377,0.116238
930.635,0.0247638,0.0362115,0.0317274,0.0320263,0.0343108,0.0388762,0.0190365,0.0303787,0.0220458,0.0118912,0.0127615,0.0350034,0.0317071,0.0269761,0.0393703,0.0517424,0.0507729,0.0759968,0.108705
930.968,0.0170412,0.0144334,0.0141913,0.022169,0.0269092,0.00991768,0.0103567,0.0233199,0.00476224,0.0128548,0.00533156,0.00265266,0.0141673,0.0267523,0.025935,0.0411525,0.0320854,0.0852777,0.0994368
931.301,0.0279736,0.0302664,0.0232692,0.0259306,0.0312233,0.0283974,0.0159719,0.0277849,0.0163161,0.0247543,0.017419,0.0149708,0.0207818,0.0295608,0.036862,0.0456536,0.0424782,0.0897968,0.115432
931.634,0.0387592,0.0462113,0.0325626,0.0298827,0.0353604,0.0473218,0.0217202,0.0323256,0.0278754,0.0367815,0.0294904,0.027233,0.0269125,0.0324748,0.0477745,0.0503362,0.0525796,0.0941022,0.132053
931.967,0.0377136,0.0465424,0.036927,0.0417946,0.0409208,0.0345746,0.0385223,0.0421358,0.0379902,0.0243102,0.0240677,0.0206413,0.025219,0.0379294,0.0508752,0.0577645,0.0787035,0.0907757,0.129822
932.3,0.0226655,0.0251584,0.0274054,0.01942,0.0143943,0.0212185,0.0246685,0.0263648,0.0204424,0.0159151,0.00976802,0.0110261,0.0169425,0.0364598,0.0263464,0.0315142,0.0429686,0.0663876,0.11148
932.633,0.0495703,0.0341802,0.035571,0.0273751,0.0198497,0.0171716,0.0337557,0.0261246,0.0322389,0.0149461,0.0239162,0.0195456,0.0346073,0.0266673,0.0283319,0.04921,0.0509582,0.0903387,0.11829
932.965,0.0339079,0.0360079,0.04564,0.0375325,0.0379484,0.0369566,0.0221214,0.0369431,0.0258663,0.0295991,0.0237841,0.0287677,0.0224746,0.0266262,0.0334815,0.0380124,0.0614316,0.0865913,0.122891
933.298,0.0283524,0.0307465,0.0362102,0.0321539,0.0444867,0.0384823,0.0295585,0.0162908,0.0130093,0.0210086,0.0147682,0.0276065,0.0316947,0.0334761,0.0309038,0.0497308,0.0614309,0.0889224,0.114709
933.63,0.0253419,0.0261637,0.0242534,0.0218176,0.0343378,0.0180389,0.0135597,0.0325066,0.0134107,0.0105993,0.0137441,0.00944682,0.0185124,0.0187113,0.0349896,0.0535139,0.0582296,0.0764361,0.105966
933.962,0.0368354,0.0589886,0.0601129,0.0480959,0.0438002,0.0533231,0.0240769,0.0398876,0.0451797,0.043665,0.0375697,0.0294707,0.0335546,0.0507048,0.0612463,0.0649746,0.0862837,0.100766,0.118152
934.294,0.0394566,0.0249337,0.0272595,0.0477468,0.0368288,0.0263307,0.017257,0.0280685,0.0185161,0.0194994,0.0448019,0.0230891,0.0204832,0.0372019,0.034809,0.0510095,0.0675403,0.103596,0.1073
934.626,0.0359192,0.0490234,0.0403514,0.0501115,0.0373938,0.0510336,0.0335789,0.0421436,0.041566,0.0422772,0.0363595,0.0285986,0.0272201,0.0448831,0.0486422,0.0558202,0.0683148,0.101978,0.116241
934.958,0.039958,0.0358152,0.0450258,0.02254,0.031182,0.0477555,0.0426985,0.031895,0.0330212,0.0121796,0.0307008,0.0406481,0.029629,0.0286383,0.0457541,0.0497116,0.0754426,0.0844515,0.111144
935.29,0.0404493,0.0204873,0.0246955,0.0307484,0.0350843,0.018769,0.017998,0.0174901,0.0291008,0.0127004,0.0195117,0.0227249,0.0163091,0.019187,0.0328809,0.0521294,0.0467328,0.0721541,0.0954182
935.621,0.0689155,0.0368671,0.0485226,0.051254,0.0238112,0.0443195,0.0472179,0.029131,0.0343862,0.0390501,0.0260505,0.032937,0.0344128,0.0429366,0.0613122,0.0684139,0.0842552,0.114647,0.121677
935.953,0.0273408,0.0433163,0.0507794,0.0264356,0.0338717,0.0263957,0.0306582,0.0220398,0.0347098,0.0251548,0.0246064,0.0299183,0.0225382,0.0284045,0.0291872,0.0437258,0.0543577,0.0760557,0.108034
936.284,0.0412557,0.0305554,0.0325369,0.0277859,0.0230623,0.0292266,0.0260676,0.030257,0.0208231,0.0402241,0.0145698,0.0181575,0.0345573,0.0309142,0.038551,0.0395991,0.0694887,0.0960452,0.106928
936.615,0.064165,0.0620381,0.0543983,0.0476014,0.0541867,0.0425132,0.0390745,0.0416251,0.0413398,0.019665,0.0327635,0.0523908,0.0332903,0.0601051,0.0502856,0.0728083,0.0770504,0.130378,0.121891
936.946,0.0413764,0.0516151,0.0382989,0.0465298,0.0356006,0.0271963,0.0400635,0.0554685,0.0330031,0.0311264,0.030116,0.0375121,0.0267237,0.0417479,0.0324993,0.0558199,0.070212,0.0791941,0.121343
937.277,0.0265412,0.0140977,0.0240683,0.0176528,0.024658,0.0206554,0.0261405,0.012218,0.0186164,0.00861271,0.0136312,0.0222891,0.0144005,0.0348979,0.0309586,0.0346709,0.0506496,0.0845448,0.104603
937.608,0.0442594,0.0382331,0.0375109,0.0333892,0.0404135,0.0427531,0.033876,0.0472232,0.0268004,0.0168774,0.0309681,0.0173986,0.0324238,0.0444539,0.0486453,0.0647992,0.0569418,0.0733657,0.126267
937.938,0.035318,0.0411767,0.0566491,0.0446016,0.041754,0.0514851,0.0480341,0.0370627,0.0292669,0.0398242,0.0481815,0.0372764,0.033177,0.0430084,0.0536201,0.0544895,0.0846283,0.0984724,0.131625
938.269,0.0472161,0.032628,0.0462266,0.0452381,0.0335884,0.0226262,0.0337637,0.0403116,0.0330106,0.0267648,0.030114,0.0164775,0.024985,0.0485504,0.0494072,0.0572988,0.0555567,0.103128,0.108907
938.599,0.0512445,0.0421826,0.0650094,0.0295136,0.0329652,0.051025,0.0275234,0.036765,0.0246202,0.0342302,0.0282369,0.0408978,0.0494425,0.0543462,0.0394006,0.0558989,0.0678772,0.106438,0.132946
938.929,0.0546574,0.0464579,0.0491538,0.0359277,0.0390929,0.04867,0.0515304,0.028437,0.0584838,0.0318677,0.0270837,0.0473095,0.0445346,0.054296,0.0520846,0.0569964,0.0928852,0.0985617,0.144739
939.26,0.0114241,0.0173048,0.0325213,0.0155554,0.0134745,0.014868,0.0106262,0.00115436,0.00687042,0.01015,-0.00260894,0.00173858,0.0222029,0.0312401,0.0334492,0.0445675,0.0539333,0.0636666,0.103425
939.59,0.0230649,0.0506197,0.0350866,0.0377194,0.0259122,0.0412006,0.0275393,0.030027,0.0323145,0.0359628,0.0260725,0.0289673,0.0280141,0.0441769,0.0438888,0.0582252,0.0744622,0.0937187,0.128835
939.919,0.0404162,0.0309386,0.0271823,0.0315658,0.0353071,0.0132354,0.0245783,0.0138656,0.0127789,0.0177802,0.0169252,0.017461,0.0249441,0.037827,0.0361825,0.0631717,0.0550625,0.0892834,0.126678
940.249,0.0452173,0.0387284,0.0362704,0.034672,0.0334627,0.0292384,0.034671,0.0342686,0.0209105,0.0315975,0.0216333,0.0304625,0.0343261,0.0561926,0.0536176,0.0376456,0.0538675,0.0889848,0.118557
940.579,0.0347662,0.0523441,0.0344359,0.0384378,0.0414049,0.0400233,0.0409806,0.0195135,0.0335513,0.0312637,0.0190184,0.0420203,0.0539303,0.0374515,0.0482141,0.0511354,0.0900375,0.0999108,0.118358
940.908,0.0545154,0.0334646,0.0569719,0.0366861,0.0421674,0.0386738,0.0517658,0.0495745,0.0349032,0.0352548,0.039637,0.0413627,0.0542971,0.056008,0.047247,0.0478497,0.0755258,0.0947154,0.119348
941.238,0.0338288,0.0484336,0.0432987,0.0365796,0.026221,0.0219818,0.0469818,0.0221276,0.0236199,0.0265259,0.0309669,0.0261895,0.0163709,0.0225248,0.0371681,0.0392035,0.0570902,0.085565,0.1193
941.567,0.0331971,0.0244751,0.0163724,0.0307576,0.0470331,0.0176394,0.0270617,0.017294,0.0263381,0.00223401,0.0149222,0.0242138,0.0189132,0.0271116,0.0321472,0.0328536,0.0411609,0.0797284,0.107398
941.896,0.0295025,0.0219355,0.0228411,0.0207475,0.0264686,0.0161266,0.0151357,0.0256271,0.00306339,0.00746127,0.00124114,0.00730259,0.00663134,0.0146298,0.0499453,0.0417736,0.0508443,0.0663552,0.0894259
942.225,0.0517337,0.0393442,0.0454026,0.0403499,0.0337738,0.0411058,0.0405869,0.0251262,0.0227005,0.0179629,0.0327527,0.0407183,0.0329356,0.0284158,0.041416,0.0434051,0.0633246,0.0934164,0.118142
942.554,0.0313561,0.0200008,0.0295222,0.0152403,0.0261805,0.0274165,0.0146021,0.0204775,0.029367,0.0253213,0.0326172,0.0218559,0.00854533,0.0231582,0.051064,0.0337996,0.0506778,0.0876315,0.116949
942.883,0.0482952,0.0511043,0.0574024,0.0478845,0.0436366,0.0469575,0.0265922,0.0423819,0.0540049,0.0380857,0.0307738,0.0459345,0.0271641,0.0584332,0.033657,0.0588468,0.0777373,0.0884417,0.117152
943.211,0.019978,0.0138307,0.0118166,0.0260491,-0.00407564,0.0255169,0.0180077,0.0155453,0.0147401,0.00475142,0.010028,0.0164064,0.040698,0.0177582,0.0315893,0.0421491,0.0372996,0.0783901,0.0988932
943.54,0.0360924,0.031792,0.056779,0.0464151,0.0462834,0.0404551,0.033953,0.0418934,0.0305467,0.0336217,0.0371295,0.0363619,0.0326971,0.0436571,0.0481793,0.0596012,0.0763992,0.0922535,0.132385
943.868,0.0430058,0.0396403,0.043079,0.0409484,0.0348408,0.0388829,0.0416484,0.0341696,0.0222522,0.0336805,0.0335606,0.0382019,0.039371,0.0565107,0.0593471,0.0553652,0.08483,0.0802577,0.118595
944.196,0.0409405,0.0510911,0.0462217,0.0398552,0.0360651,0.0262378,0.039996,0.0255619,0.0269017,0.0336004,0.0221245,0.0276049,0.0299352,0.0499989,0.057368,0.0581271,0.0723697,0.089881,0.13154
944.524,0.0500124,0.0525217,0.0293787,0.0367728,0.039018,0.0651458,0.0288421,0.0320952,0.0393672,0.0367408,0.0333621,0.00880759,0.0302563,0.0474696,0.0637383,0.0498331,0.0842768,0.0903647,0.141419
944.852,0.0441318,0.0490961,0.0470855,0.0351415,0.0401112,0.0535409,0.0480802,0.0481537,0.0214027,0.0448168,0.0336238,0.0365446,0.0561399,0.037488,0.0554693,0.0473718,0.081534,0.0983471,0.143396
945.18,0.0268212,0.0431424,0.0332619,0.0255354,0.0303929,0.0276288,0.016267,0.0298185,0.0356011,0.0248768,0.0128733,0.0275029,0.0313702,0.0483891,0.0376478,0.0576267,0.0732639,0.0709,0.107256
945.508,0.0266383,0.056665,0.0460346,0.0249645,0.026069,0.0359462,0.0257624,0.0148112,0.0444238,0.0179104,0.0239679,0.0393004,0.0285089,0.04543,0.0381131,0.0430801,0.0650985,0.10207,0.117257
945.835,0.0284473,0.0177341,0.0256505,0.0286815,0.0435944,0.050705,0.0267692,0.0216024,0.0105091,0.0298648,0.0128051,0.024948,0.0180869,0.0136794,0.0281364,0.0342562,0.0749538,0.0650979,0.1045
946.163,0.0415372,0.0477503,0.0514445,0.0199481,0.0516821,0.057536,0.0489016,0.0412332,0.0405837,0.0357235,0.0448573,0.046719,0.0337791,0.041791,0.0513553,0.0565015,0.0815545,0.0998551,0.157993
946.49,0.0325633,0.0369712,0.0362932,0.0409396,0.0201662,0.0343879,0.0376991,0.0305871,0.0327991,0.0358213,0.0131394,0.0344463,0.0332983,0.0318777,0.0431908,0.0573229,0.0747209,0.106824,0.114672
946.817,0.0377523,0.0258403,0.0409112,0.0401042,0.0509112,0.0469143,0.0529753,0.0346901,0.0286087,0.0386876,0.0294717,0.0157754,0.0113075,0.0317859,0.0370621,0.0787078,0.0715589,0.0861088,0.104055
947.144,0.0447658,0.0337696,0.034154,0.0457841,0.041773,0.0239719,0.0317371,0.00865703,0.0155427,0.0316947,0.0171535,0.0387528,0.0255596,0.0372263,0.0401206,0.0569233,0.0624286,0.0799343,0.114143
947.471,0.0170858,0.0516842,0.0353262,0.0407847,0.0265539,0.0407204,0.0363393,0.0220061,0.00227545,0.0322671,0.0388258,0.0156832,0.0380431,0.0298169,0.0373744,0.0607434,0.0616063,0.0881105,0.116924
947.798,0.0553748,0.0157965,0.0114378,0.0153612,0.0274745,0.0380863,0.0308695,0.0285088,0.0193982,0.00894199,-0.010133,0.0160503,0.0385849,0.0159647,0.0257233,0.0399949,0.0609836,0.0826789,0.105616
948.125,0.0453064,0.0475783,0.0388629,0.0440604,0.0473649,0.0485586,0.0435213,0.0375889,0.0492318,0.0275149,0.0321407,0.0321061,0.0464338,0.0418034,0.0527142,0.0602105,0.0652224,0.0919778,0.121403
948.451,0.0494686,0.0614677,0.0594901,0.0520822,0.0669638,0.0464892,0.0640819,0.0506157,0.0516142,0.049929,0.0607995,0.0390455,0.0528546,0.0500434,0.0489606,0.0623823,0.0885243,0.100123,0.15065
948.778,0.0128867,0.0138261,0.00555691,0.0202008,0.0301992,0.0236035,0.0201458,0.0297278,-0.00177899,0.0148005,0.0133985,0.0168797,0.0170399,0.0226663,0.0311643,0.0448612,0.0601921,0.0719391,0.110222
949.104,0.0295688,0.0259965,0.041094,0.0336107,0.0217426,0.0210998,0.0350026,0.0134337,-0.00313716,0.0257793,0.0204822,0.0210566,0.0306787,0.04234,0.0384584,0.0579663,0.0614536,0.0947042,0.103228
949.43,0.0350328,0.0338949,0.037288,0.0582863,0.033196,0.0281491,0.0489887,0.0263587,0.0180543,0.0243614,0.0313848,0.0510611,0.00105689,0.0480083,0.0242055,0.0598531,0.0539157,0.100246,0.124598
949.756,0.057009,0.0480905,0.0248925,0.060831,0.0534468,0.0502063,0.0549117,0.0458676,0.0377271,0.0321457,0.0407947,0.0343756,0.038321,0.0577516,0.0367636,0.072585,0.0751305,0.0907679,0.133552
950.082,0.0419171,0.0550996,0.0320637,0.0412532,0.0491709,0.0408684,0.0373202,0.0448653,0.0257132,0.0353861,0.0376632,0.0382118,0.0259714,0.0461582,0.0434821,0.0709796,0.0722594,0.0969514,0.127165
950.408,0.0437759,0.0463772,0.0496511,0.0243645,0.0238821,0.0437593,0.0399056,0.0347875,0.0330963,0.0221299,0.0216601,0.0440633,0.045082,0.0371699,0.0317291,0.0594404,0.0653521,0.0839113,0.114922
950.734,0.0402061,0.00305159,0.0345446,0.0222256,0.034869,0.020968,0.0303065,0.0375403,0.0232444,0.024589,0.0327575,0.0370133,0.0410682,0.0411673,0.0276031,0.0664409,0.0648982,0.0908222,0.109004
951.059,0.0178628,0.0434721,0.0329347,0.0240753,0.0405883,0.0150394,0.0173791,0.0165018,0.0258372,-0.00593649,0.0210445,0.03786,0.0184372,0.0285268,0.0398688,0.0567308,0.0884783,0.0817948,0.0906934
951.385,0.0474148,0.0312045,0.0394607,0.0464179,0.034474,0.0358046,0.0542466,0.02089,0.0213578,0.0276928,0.0376366,0.00536331,0.0259573,0.036255,0.0529755,0.0251158,0.0570121,0.0911505,0.122597
951.71,0.0494808,0.0359169,0.0553408,0.0556699,0.0690587,0.0393669,0.04193,0.0269211,0.0258423,0.0232523,0.0286616,0.0378935,0.0432817,0.0464576,0.0371219,0.0487737,0.0697396,0.100665,0.130089
952.035,0.0467936,0.0419871,0.0315365,0.0293222,0.0516826,0.0463578,0.019035,0.0419273,0.0208862,0.021915,0.0466334,0.0333128,0.0164534,0.0327744,0.0444145,0.0682036,0.0713319,0.0845688,0.12092
952.36,0.0375799,0.037899,0.0509988,0.0393945,0.0408708,0.0328312,0.0291169,0.0326845,0.0375941,0.0275799,0.00213988,0.0338401,0.0176206,0.0225243,0.0489275,0.0296011,0.0791051,0.0901583,0.116992
952.685,0.033518,0.0313392,0.0364276,0.0236276,0.0203616,0.0262542,0.0198007,0.0216059,0.0247725,0.027886,0.00771313,0.00407439,0.0235621,0.0367787,0.0296508,0.0363286,0.0574244,0.0923654,0.10817
953.01,0.0524562,0.0677796,0.0605646,0.0600694,0.0514093,0.0404185,0.0626486,0.0537392,0.0553736,0.0524852,0.0690829,0.0485681,0.0527927,0.053527,0.0508242,0.0841066,0.0955009,0.11292,0.142426
953.335,0.0218151,0.0222046,0.0127444,0.0201937,0.00885715,0.0197967,0.0290521,0.0321087,0.00963886,0.0156895,0.0262513,0.00115159,0.0272428,0.0240675,0.0201848,0.0502729,0.0524509,0.0659204,0.0739667
953.659,0.0213807,0.015585,0.0240021,0.029895,0.0154181,0.0189293,0.0250686,0.0195807,0.009371,0.0201365,0.0347877,0.0239706,0.0261224,0.0387714,0.0347515,0.0317622,0.0434459,0.0614621,0.0962837
953.984,0.0339779,0.0183156,0.0237277,0.0348934,0.0288483,0.0362966,0.0456537,0.0380087,0.0258852,0.0174173,0.022915,0.0236533,0.028719,0.0352296,0.0309809,0.0615571,0.0680853,0.101566,0.131605
954.308,0.0435058,0.0606269,0.0189036,0.0337839,0.049895,0.0369707,0.0369616,0.0292277,0.0222259,0.026143,0.0501373,0.031799,0.0548845,0.0392956,0.0342946,0.0635674,0.0714701,0.0919555,0.123128
954.632,0.0500032,0.0309677,0.0415338,0.0656392,0.0331883,0.0142064,0.0265187,0.0418351,0.0328212,0.0454591,0.0498906,0.0439727,0.034262,0.0355803,0.0381721,0.0527759,0.0876851,0.10121,0.134323
954.956,0.0478408,0.0491454,0.0622319,0.0462053,0.0450708,0.0429529,0.0447825,0.0488101,0.0370357,0.0371633,0.0367538,0.0540127,0.0483208,0.0562587,0.0624277,0.0713569,0.0653226,0.11004,0.134849
955.28,0.018234,0.0323199,0.0211307,0.0495841,0.0227556,0.0174631,0.0405246,0.0202667,0.0284409,0.0369572,0.0269884,0.0210636,0.0314108,0.0306701,0.0494736,0.0636226,0.0763807,0.103628,0.0898182
955.604,0.0383101,0.0332746,0.0313711,0.0322907,0.0218946,0.014384,0.0141879,0.0227902,0.00404931,0.0126662,0.0167835,0.0104098,0.0178169,0.0225211,0.0317087,0.0483708,0.0812979,0.066016,0.0849265
955.927,0.0337205,0.0209526,0.0685633,0.05816,0.0286515,0.0254571,0.0377975,0.0562164,0.0271547,0.0387702,0.0308136,0.0502802,0.0351448,0.0233924,0.0502295,0.054724,0.0827334,0.0929084,0.114342
956.251,0.0192644,0.0491452,0.0199713,0.0474142,0.017436,0.0219148,0.0206071,0.0293882,0.0261302,0.0250201,0.0260464,0.0335258,0.0235589,0.0306918,0.0376649,0.0567907,0.0554523,0.0801725,0.0971339
956.574,0.0452888,0.0378814,0.0205948,0.0262313,0.0467975,0.0286674,0.0277958,0.0302337,0.0366996,0.0211026,0.00351575,0.0119084,0.0344938,0.00874568,0.0598678,0.058288,0.0692718,0.0806562,0.116291
956.897,0.020825,0.0347241,0.0260143,0.0431419,0.034705,0.062541,0.0317879,0.024083,0.0283145,0.00157881,0.0248113,0.0332912,0.0252961,0.0253951,0.0286986,0.0443225,0.0643565,0.107568,0.1325
957.22,0.0488711,0.0544421,0.0493371,0.0421273,0.0547922,0.0362781,0.0515947,0.0469966,0.0143479,0.0495546,0.0345416,0.0375187,0.0589586,0.0374598,0.0274025,0.0470536,0.103874,0.0956078,0.140304
957.543,0.00399341,0.0509592,0.0393784,0.0415398,0.0216922,0.026681,0.0438044,0.0123002,0.0263859,0.0488961,0.0283532,0.0254153,0.0417461,0.00478672,0.0355314,0.0550995,0.0777183,0.098792,0.106042
957.866,0.0631994,0.0734406,0.0729811,0.0550405,0.0496271,0.0570113,0.0420139,0.0563244,0.0443592,0.0535265,0.0499638,0.0418792,0.0478324,0.0498251,0.0553536,0.0899075,0.107673,0.117954,0.154996
958.189,0.0178691,0.0172081,0.0558715,0.0238871,0.0264966,0.0315247,0.0399459,0.0235499,0.0127912,0.0095111,-0.0102218,0.00118753,0.0264083,0.0242494,0.0461817,0.0373909,0.0456132,0.0712335,0.1031
958.512,0.0356721,0.0232445,0.0316348,0.0391194,0.0344199,0.0282451,0.015831,0.036504,0.0285773,0.0189431,0.0121154,0.0180919,0.0243973,0.0218945,0.0390812,0.0466462,0.0681576,0.0778078,0.0945269
958.834,0.0368868,0.0422771,0.0411669,0.00684708,0.0583217,0.0325863,0.0332831,0.0397776,0.0437619,0.0405848,0.0196676,0.0179985,0.0511205,0.025836,0.0219027,0.0359323,0.0582389,0.0954361,0.102853
959.156,0.0173863,0.0194992,0.0462012,0.0237154,0.0187863,0.00885868,0.00626571,0.0342013,0.00781635,0.0145104,0.0314839,0.000404809,0.0179699,0.0304925,0.0086478,0.0348424,0.0650469,0.0831635,0.0948811
959.479,0.0281778,0.0407715,0.0604047,0.0269399,0.0114416,0.0312146,0.0451592,0.00477019,0.0166041,0.0240877,0.0149709,0.0255478,0.0437596,0.0346994,0.0555936,0.0337203,0.0669096,0.103927,0.126496
959.801,0.0435527,0.0656656,0.0637415,0.0609877,0.0451632,0.0658827,0.0474916,0.0374971,0.0709969,0.05788,0.0499754,0.06753,0.0585019,0.0688231,0.0691642,0.0770568,0.0802916,0.133152,0.126897
960.123,0.0379363,0.0364891,0.0354594,0.0412085,0.0379872,0.042528,0.0394091,0.0261453,0.0527098,0.0365459,0.0382063,0.0352812,0.0455014,0.0272835,0.0546613,0.0825801,0.0706494,0.0951071,0.137846
960.445,0.0422813,0.0467227,0.0312499,0.0365806,0.0342674,0.0345123,0.0486918,0.0264413,0.0335065,0.0163814,0.0225178,0.0405439,0.0355748,0.0538544,0.0710505,0.0629272,0.0805129,0.111315,0.11764
960.766,0.05591,0.0392854,0.0600982,0.0564275,0.0365781,0.047181,0.0454882,0.0611368,0.0306416,0.0327893,0.0526416,0.0386207,0.0393973,0.0475602,0.0735475,0.0543343,0.0966181,0.0967183,0.157108
961.088,0.0594932,0.0667151,0.0689704,0.0602576,0.0536362,0.0726193,0.0710917,0.0439333,0.0387948,0.0534304,0.0551154,0.0564792,0.0717103,0.0662106,0.0734443,0.085838,0.101953,0.107702,0.142869
961.409,0.0714152,0.0784,0.0555949,0.066326,0.0738423,0.0619853,0.0712221,0.0567385,0.0686576,0.0345293,0.0544783,0.035951,0.0699728,0.0750409,0.0602856,0.0701851,0.108338,0.119499,0.132349
961.731,-0.00439053,-0.00919273,0.00633352,0.00444214,0.018351,-0.00628529,0.0031189,-0.00684474,0,-0.00759743,0.0192724,-0.0184183,0.0112067,-0.00128762,-0.0008895,-0.00216432,0.041016,0.0520921,0.0833947
962.052,0.0349243,0.0324785,0.0321482,0.0279906,0.0176159,0.0292159,0.0310765,0.0281782,0.0153057,0.0089321,0.0241737,-0.00124759,0.0196102,0.0188569,0.0295981,0.0466666,0.0684514,0.0820317,0.112237
962.373,0.0577016,0.056516,0.0589885,0.0632362,0.0402666,0.0375817,0.0272728,0.0555175,0.0288713,0.044792,0.0505033,0.0612532,0.0488809,0.0373494,0.0495284,0.0512149,0.0892218,0.107183,0.112813
962.694,0.0393445,0.0508147,0.0375161,0.0326323,0.0193302,0.0116252,0.0388187,0.0389869,0.0187176,0.035555,0.0354256,0.0375145,0.028616,0.0142484,0.0142087,0.0370874,0.0525969,0.0894317,0.140192
963.015,0.0203323,0.0150999,0.0305408,0.029614,0.00314527,-0.011438,0.0206066,-0.0164339,0.0035867,0.00991384,-0.00042987,0.0117264,0.0354304,0.0121349,0.0145353,0.0394264,0.0655447,0.0843032,0.103037
963.335,0.0771162,0.0528386,0.0712043,0.0746675,0.0879252,0.0465879,0.044893,0.0510301,0.0580307,0.0357799,0.0406671,0.0452381,0.06323,0.057509,0.0703662,0.0704458,0.0923747,0.120339,0.109732
963.656,0.0104095,0.0280959,0.0457439,0.0413819,0.0280072,0.0240174,0.00434967,0.00813302,-0.000850805,0.0232031,0.016051,0.00174595,0.0193587,0.0132987,0.0290353,0.0600447,0.0591127,0.0841682,0.111797
963.976,0.0264374,0.0263128,0.0467039,0.0358778,0.0361543,0.0151355,0.0282902,0.0258825,0.0417391,0.017418,0.0301611,0.0157869,0.0209883,0.0121812,0.0359154,0.0437869,0.0620961,0.0756816,0.10642
964.297,0.0295443,0.0436188,0.0583123,0.0358936,0.0489439,0.013674,0.0256317,-0.00854376,0.0244851,0.0114578,0.027685,0.0307141,0.0318786,0.0393205,0.0435568,0.0505081,0.0450987,0.0946475,0.10382
964.617,0.0122281,0.0414325,-0.00184319,0.0196469,0.0155053,0.0255974,0.00584357,-0.00134723,0.00635783,0.00541648,0.0221025,-0.00181128,0.0370481,0.0257543,0.0208699,0.0349657,0.0577389,0.0711878,0.117348
964.937,0.0381375,0.0635906,0.0316219,0.0541876,0.0348303,0.0508084,0.0399852,0.00264961,0.018695,0.047042,0.0476078,0.0476995,0.0437601,0.0532858,0.0603088,0.06424,0.0632905,0.101521,0.135584
965.257,0.043751,0.0644254,0.0599979,0.038408,0.0617696,0.0375765,0.0228743,0.0541999,0.0283761,0.0815314,0.0321504,0.0442209,0.0475007,0.0252128,0.0787911,0.0652405,0.100097,0.0957601,0.129326
965.577,0.030996,0.0460364,0.0308051,0.0290647,0.0214898,0.0345477,0.0133244,0.0232433,0.0113534,0.0359927,0.0211875,0.0164793,0.0375121,0.0280639,0.0465769,0.0314691,0.068621,0.0762932,0.120085
965.896,0.0625434,0.0507693,0.059228,0.0502799,0.0756136,0.0622897,0.0548358,0.0420347,0.054949,0.0454648,0.0494229,0.0313832,0.0822375,0.0614253,0.0465531,0.0937993,0.0798497,0.10324,0.144497
966.216,0.0298731,0.0649658,0.0306698,0.0496892,0.0452207,0.039335,0.0370874,0.0458669,0.0736269,0.0425366,0.0520231,0.0655569,0.0257301,0.0448964,0.0551848,0.0705489,0.0834019,0.12141,0.126163
966.535,0.00912208,0.02804,0.0144579,0.0173409,0.0250419,0.00680814,0.0332385,0.0337814,-0.000439184,0.0219225,0.0106067,0.00792654,0.0189356,0.0341243,0.026632,0.0241678,0.0779692,0.0333448,0.105801
966.854,0.0543134,0.0744449,0.0457879,0.0683831,0.088452,0.0434667,0.0578677,0.0411118,0.0441214,0.0557878,0.0470527,0.0362994,0.0606065,0.0484049,0.0599347,0.079004,0.0790512,0.108582,0.142213
967.174,0.0388289,0.0418736,0.0613923,0.048141,0.0351852,0.0452181,0.0329926,0.0166968,0.045788,0.044847,0.0194444,0.0528483,0.0461804,0.0266455,0.0415817,0.0626872,0.0737095,0.0813636,0.118265
967.493,0.0394758,0.0477209,0.0622843,0.0394892,0.061994,0.0793166,0.0651764,0.0363522,0.0622806,0.0530378,0.0427407,0.0333487,0.0600075,0.0514331,0.06859,0.0740622,0.0872871,0.108186,0.146449
967.811,0.0256869,0.0370199,0.0469761,0.00294002,0.00201878,0.0222066,0.0261461,0.00848727,0.00589173,-0.00300158,0.00651662,-0.00852751,0.0286954,-0.000511138,0.0264601,0.0270233,0.065226,0.102485,0.100434
968.13,0.0560862,0.0500714,0.0195933,0.0307091,0.0250069,0.0255466,0.0331504,0.0229342,0.0171,0.0329239,0.0428257,0.0390383,0.0243666,0.0316975,0.0276078,0.0389628,0.0644628,0.104554,0.114461
968.449,0.00134173,0.0126438,0.0177985,0.0316461,0.0181094,0.0259401,0.0183432,-0.00180067,0.012191,-0.00449549,0.040713,0.0255979,0.0106501,0.0227938,0.0134911,0.0452462,0.0459092,0.058864,0.0876429
968.767,0.0100432,0.0399172,0.0312447,-0.00502505,0.00251858,0.0432776,0.0399359,0.00698708,0.0311129,0.0346371,0.0259575,0.0460529,0.0211488,-0.0104414,0.0345457,0.0630009,0.0699134,0.0578534,0.123779
969.086,0.0324911,0.0222125,0.0344491,0.0333226,0.0570718,0.039185,0.0297591,0.038783,0.0417382,0.0203844,0.0445927,0.0517913,0.0479256,0.049169,0.0562266,0.0726035,0.0722159,0.0716434,0.123966
969.404,0.0685168,0.0415445,0.0509574,0.0547547,0.0521795,0.0700317,0.0538292,0.0688204,0.0528455,0.0624674,0.0603715,0.0327412,0.0419252,0.0526522,0.0620884,0.0720635,0.102186,0.117607,0.150895
969.722,0.067481,0.0531863,0.0565615,0.0531308,0.066182,0.0472179,0.0316688,0.0546175,0.0423394,0.0313844,0.0431634,0.051149,0.0243592,0.0655497,0.040333,0.0466852,0.0480774,0.100737,0.12967
970.04,0.0338455,0.0448979,0.061219,0.0463453,0.0328595,0.0263635,0.0405004,0.0402567,0.0280555,0.0294161,0.0415175,0.0365563,0.0379504,0.0318657,0.032854,0.0568797,0.0788534,0.100646,0.127528
970.358,0.0384115,0.0392172,0.00180179,0.0384368,0.0258561,0.0112502,0.00966658,0.0261916,0.0322904,0.0277659,0.00869985,0.0239956,-0.00506523,0.0188064,0.0437761,0.0581226,0.0615179,0.0896199,0.0789786
970.676,0.0583301,0.0464781,0.0350981,0.0318904,0.0461927,0.0215963,0.0368794,0.0495911,0.0446366,0.0482676,0.0241284,0.0294918,0.0420742,0.0235596,0.0464882,0.0613409,0.0836905,0.0766864,0.136645
970.993,0.045923,0.0496888,0.0342056,0.0573178,0.0394401,0.054054,0.0269969,0.00514932,0.0256786,0.0502815,0.0151862,0.0237606,0.0326581,0.0261724,0.0704917,0.0722419,0.0524713,0.0940164,0.12974
971.311,0.0494781,0.0896269,0.0767122,0.0563527,0.0345573,0.0259375,0.0700511,0.0398365,0.0751861,0.0316005,0.0746365,0.060856,0.0684426,0.0732607,0.0667713,0.0457563,0.111895,0.085739,0.136408
971.628,0.0627808,0.0907542,0.0480497,0.0512553,0.0574632,0.06145,0.0682901,0.048,0.0794157,0.0608792,0.0525107,0.0392422,0.0697592,0.0403754,0.0580977,0.0478,0.0859554,0.110055,0.12439
971.945,0.0321961,0.0211186,0.0571709,0.0443222,0.0245018,0.0269569,0.0442821,0.0291878,0.024577,0.0459516,0.027262,0.0198687,0.0331892,0.0530852,0.0687138,0.0639295,0.0560571,0.0799942,0.122558
972.262,0.047291,0.0519021,0.0476143,0.0328877,0.0259168,0.0689392,0.0426589,0.0143165,0.0329009,0.0500113,0.0245056,0.0369774,0.0208461,0.0302973,0.0597255,0.0638894,0.0799594,0.109272,0.141366
972.579,0.0269002,0.035614,0.040757,0.0281255,0.0227365,0.0299848,0.0322233,0.0147552,0.0338616,0.0315085,0.0236786,0.0483099,0.0218941,0.029457,0.0204931,0.0604806,0.0644784,0.0889685,0.113978
972.896,0.058102,0.0488174,0.0452586,0.0381905,0.0686691,0.0683236,0.0439326,0.0498634,0.0409527,0.0513341,0.014563,0.0240326,0.039464,0.0361071,0.0347227,0.073926,0.0920478,0.105104,0.142155
973.213,0.0392313,0.0686623,0.0530895,0.0209834,0.0562949,0.0250579,0.0316981,0.0534075,0.0244333,0.0308926,0.0376531,0.0356851,0.0850746,0.0292694,0.0438841,0.050077,0.0907745,0.0776094,0.137607
973.53,0.0415455,0.0555362,0.0282523,0.0367887,0.0541071,0.046035,0.0183514,0.0220958,0.0223886,0.022698,0.0122977,0.0327524,0.0227408,0.0336211,0.0340643,0.0475792,0.0813766,0.0906387,0.120405
973.846,0.0715849,0.0705452,0.060434,0.0707966,0.0527189,0.0157857,0.0576723,0.0486311,0.067129,0.0118334,0.0648619,0.0690209,0.0471893,0.0768356,0.0670298,0.0734038,0.0869763,0.101173,0.134236
974.162,0.0211673,0.0291579,0.0345128,0.0289117,0.0351119,0.0388729,0.0501308,0.00809316,0.0218848,0.049495,0.00363364,0.0251505,0.0399309,0.0315797,0.0495202,0.0328562,0.066318,0.0851581,0.107905
974.479,0.0237059,0.0432593,0.0504097,0.0438763,0.061515,0.0405218,0.0563586,0.0616279,0.0624891,0.0468043,0.0566703,0.0482621,0.0568889,0.0500879,0.0582746,0.0838759,0.0711976,0.123972,0.118792
974.795,0.0213315,0.0519746,0.0325231,0.0578259,0.0378887,0.0342209,0.0553134,0.017487,0.018842,0.0598634,0.0638252,0.0448883,0.0407276,0.0442256,0.0576435,0.0342723,0.071436,0.0996399,0.129692
975.111,0.00996144,0.0451768,0.0188753,0.0107061,0.0315566,0.0403535,0.0748927,0.0284676,0.018907,0.0412186,0.0246529,0.0550972,0.0369738,0.0597219,0.0554695,0.0524095,0.087332,0.0803235,0.141255
975.426,0.0518366,0.0646405,0.0279865,0.0536817,0.0544481,0.0386322,0.0235248,0.0240938,0.0352871,0.0360104,0.0557528,0.0512069,0.0611841,0.044653,0.0387391,0.0616846,0.0800899,0.0970329,0.152217
975.742,0.0104719,0.00106747,0.00486121,0.028087,-0.0111118,-0.00370684,0.00314645,-0.00107043,-0.00667734,-0.00373318,0.0218571,0.0242926,0.029242,-0.00637959,0.0364955,0.0504369,0.0463249,0.061571,0.0994995
976.058,0.0215826,0.0543702,0.0516036,0.0465514,0.0392442,0.0374552,0.0712083,0.011478,0.0222256,0.0313668,0.0302662,0.0450981,0.0248194,0.0390396,0.0453186,0.0580058,0.0563706,0.0832938,0.109597
976.373,0.0487425,0.0516185,0.0211991,0.0196044,0.0318366,0.0180444,0.036218,0.0442859,0.0181005,0.0515944,0.0258182,0.0254274,0.0334793,0.0299668,0.0478439,0.0469998,0.0942926,0.105825,0.145368
976.688,0.0451601,0.0558034,0.0263635,0.000597179,0.0314527,0.0492691,0.04048,0.0114599,0.0497103,0.019606,0.0048175,0.0275466,0.00960814,0.073555,0.0312514,0.0637381,0.0708006,0.0563526,0.125861
977.004,0.00440223,0.0435049,0.0230798,0.00566856,0.00835944,0.0257021,-0.0213618,0.035862,-0.0022128,0.018527,0.0118101,0,0.0175725,0.0390107,0.00842529,0.0420177,0.0477433,0.0543892,0.107974
977.319,0.0509364,0.0277734,0.0672731,0.0793335,0.034172,0.0462032,0.0466772,0.061574,0.0432324,0.062899,0.0525405,0.0655614,0.0629329,0.0565234,0.052849,0.0795958,0.102333,0.134327,0.123745
977.633,0.0944209,0.0711986,0.0215735,0.0335438,0.0140224,0.0411761,0.0403284,0.0490705,0.0058989,0.030234,0.0250627,0.00195885,0.0175439,0.0604521,0.0562053,0.0592235,0.094566,0.0955105,0.165054
977.948,0.0538262,0.0408606,0.0212074,0.0553326,0.0349155,0.0472059,0.0406166,0.0653372,0.0566245,0.0891131,0.0491555,0.0305386,0.0606272,0.0941302,0.0671652,0.0631224,0.129783,0.111681,0.137511
978.263,0.0365038,0.0107653,0.0219253,0.039935,-0.00302696,0.0231887,0.0259318,0.0116034,0.0106507,0.00156048,0.0111991,0.0190224,0.0234072,0.0263732,-0.00817168,0.0462707,0.0584975,0.0485698,0.0821539
978.577,0.0232933,0.0392364,0.0507585,0.0670631,0.0326211,0.050759,0.0570846,0.0439923,0.05669,0.0130621,0.031255,0.0510111,0.0307693,0.0490828,0.0721293,0.057021,0.114639,0.116982,0.149836
978.892,0.0470469,0.0403015,0.0510568,0.0366942,0.0246939,0.0328685,0.0398855,0.0370873,0.0386599,0.0150573,0.0522277,0.0373679,0.0530431,0.0513112,0.0740919,0.0522256,0.0859294,0.104694,0.122616
979.206,0.0690205,0.0237846,0.0618078,0.0661327,0.0607858,0.0538378,0.0756338,0.0283145,0.0531793,0.0618431,0.0369892,0.0283384,0.044662,0.0474014,0.0773038,0.0925267,0.0929307,0.121773,0.134226
979.52,0.0217828,0.0265644,0.0168019,0.0125228,0.043341,0.0462464,0.0384377,0.0307236,0.0440323,0.0277299,0.0256321,0.0184919,0.0227586,0.0258953,0.0199858,0.0365925,0.0645473,0.0730498,0.0824747
979.834,0.0119772,0.0346967,0.0449799,0.0278632,0.0215934,0.00286894,0.0282619,0.0430735,-0.0173786,0.00110103,-0.0240099,0.00304078,-0.0079507,0.0264856,0.0301491,0.0202309,0.0327971,0.103737,0.123789
980.148,0.05216,0.0484987,0.0407925,0.0435043,0.0249641,0.0282445,0.0510066,0.0385915,0.031301,0.0204395,0.00908806,0.0452561,0.030117,0.0308477,0.0102458,0.0368783,0.0749091,0.0668261,0.0972391
980.462,0.0524548,0.0437584,0.0638867,0.0729623,0.0139282,0.00180552,0.01984,0.00188354,0.0443835,0.014054,0.0585284,0.0228219,0.0770799,0.0208281,0.0385942,0.0726218,0.0860213,0.0815716,0.120442
980.776,0.0625716,0.0597724,0.0572325,0.0874008,0.059295,0.0348979,0.0101876,0.0528717,0.0253786,0.0238352,0.0788324,0.026378,0.0494394,0.0406118,0.0549798,0.0680692,0.117711,0.0999726,0.15507
981.089,0.00185406,-0.0302069,0.00246023,0.0146769,0.0308802,-0.0044249,0.0384141,0.0304102,-0.0175037,-0.000641315,-0.00505703,0.0343999,0.00309281,0.0297845,0.0369711,0.0581167,0.0611357,0.079218,0.0994238
981.402,0.0663156,0.0373724,0.0657717,0.0612505,0.0382461,0.0459977,0.0527576,0.0697621,0.0622604,0.0294191,0.0751052,0.0265992,0.0146378,0.0467936,0.0693404,0.0437779,0.103989,0.110001,0.13065
981.716,0.0483495,0.0447706,0.0664333,0.0411066,0.0422226,0.0328262,0.0338209,0.0324319,0.0687847,0.0288496,0.0511035,0.0499076,0.0492053,0.0426858,0.0677864,0.0476861,0.0975197,0.0858778,0.125041
982.029,0.0417756,0.0056166,0.0389609,0.0166815,0.0220758,0.0330486,0.0526742,0.0130307,-0.0182345,0.0212594,0.00708003,0.0037247,0.00874464,0.0357609,-0.0117845,0.0685063,0.0695165,0.0910555,0.127339
982.342,0.0449235,0.0372479,0.0488049,0.0407912,0.0437314,0.0431893,0.0556071,0.0320423,0.0521254,0.0338686,0.0295588,0.0191155,0.0285703,0.0635024,0.0614769,0.0432954,0.0854274,0.0767776,0.0905134
982.655,0.0474943,0.0638467,0.0359652,0.0399836,0.0314271,0.0314141,0.0192934,0.0401427,0.0606311,0.0372358,0.0358519,0.0175798,0.0426885,0.0441147,0.0741583,0.0761643,0.146505,0.122475,0.128941
982.967,0.0177205,0.0570364,0.0511836,0.0404344,0.0469048,0.0465452,0.000629374,0.0365712,0.0188552,0.00245414,0.0163487,0.0356342,0.0447475,0.0172643,0.0634507,0.0276046,0.0665909,0.109209,0.170014
983.28,0.034499,0.0463365,0.0450553,0.0442076,0.015815,0.0514218,0.0203116,0.0111645,0.00934638,0.0156922,0,0.0291678,0.0233852,0.0248707,0.014344,0.0347321,0.0402307,0.0805372,0.133302
983.592,0.00686178,0.04174,0.0512485,0.0393705,-0.00794323,0.05862,0.0079282,0.00318007,-0.0169611,0.0131887,0.0276635,0.0407837,0.0551665,0.0317275,0.0236281,0.0510521,0.0472155,0.0722087,0.110179
983.905,0.0669488,0.0542992,0.0646504,0.0418903,0.0215636,0.0225955,0.020902,0.0126771,0.0423469,0.0246125,0.043199,0.0318626,0,0.0391446,0.0505278,0.0734291,0.0734949,0.106508,0.10841
984.217,0.0478346,0.010707,0.027333,0.0461418,0.0183074,0.0196688,0.0180826,-0.0055739,-0.00444544,0.0470858,0.0130263,0.0247729,0.00803309,-0.0148771,0.00569452,0.0536486,0.0461251,0.094137,0.0965708
984.529,-0.00968257,0.0401423,0.0238371,0.0215877,0.0297618,-0.00523337,-0.00529713,0.0329057,0.0335179,0.000649361,0.00331848,0.00527489,-0.0155648,0.000644034,0.0469482,0.012628,0.044017,0.0830047,0.0891087
984.841,0.00746591,-0.00759538,0.00575195,0.0359568,0.0593502,0.000622159,0.0131026,0.00567739,0.0570747,0.0223326,0.00912953,0.0105015,0.00566379,0.0545671,0.0140306,0.0537371,0.0642345,0.075869,0.0801611
985.153,-0.0108878,0.00844062,0.00243776,0.0209162,0.0253339,0.032695,0.00984385,0.0209938,0.0151148,0.038719,-0.000608292,0.00675799,0.00665364,0.0082295,0.0216943,0.051537,0.0470585,0.0590237,0.0756162
985.465,0.0632966,0.0483859,0.0100644,0.0292159,0.030605,0.0389731,0.0141583,-0.00829693,0.0199405,0.0339252,0.075617,0.0350569,0.0155141,0.0383907,0.0638074,0.0534793,0.0501556,0.131984,0.114857
985.776,-0.00829909,0.00881388,0.0209074,0.0431637,0.0358925,-0.00267983,0.0338671,0.0221417,0.0221417,-0.00676369,0.046822,0.031525,0.0436343,0.0556329,0.0227114,0.0171187,0.0411332,0.0824937,0.133046
986.088,0.0296982,0.034117,0.0307889,0.0671389,0.0571519,0.0747044,0.0302294,0.0649006,0.0377375,0.0469027,0.0420069,0.0551019,0.0424547,0.0409961,0.0557783,0.0705444,0.0482858,0.07338,0.114873
986.399,0.0713773,0.0583135,0.0426802,0.0563393,0.0926323,0.0538876,0.0678282,0.0809074,0.0680014,0.0803437,0.0677145,0.0520549,0.0865042,0.0588026,0.107454,0.101652,0.123161,0.126018,0.18637
986.71,-0.00697479,-0.00457603,0.000619948,0.0292207,0.00379157,0.0485187,0.0260502,0.00186161,-0.0223181,0.00775165,0.0264898,-0.0324992,0.027967,0.00696804,-0.00187674,0.0738642,0.0424311,0.0857457,0.109997
987.021,-0.0125519,0.0287678,0.0163512,0.000708091,-0.00709504,0.0255549,0.0248599,0,-0.0103835,0.00992316,0.0105687,0.000715935,0.0287934,0.0431506,0.0423706,0.0199958,0.0175086,0.0522686,0.084495
987.332,0.0446697,0.00989468,0.0315859,0.0824035,0.036146,0.0310607,0.0236061,0.0444786,0.0241504,0.0341117,0.0161268,0.0286709,0.011757,0.0320509,0.0851066,0.0621885,0.0733198,0.0725952,0.139093
987.643,0.057127,0.00449875,0.0601959,0.0657966,0.0602072,0.0621605,0.071048,0.0155083,0.0449886,0.0314364,0.0240268,0.020575,0.0460242,0.0480774,0.0764341,0.113429,0.101009,0.107782,0.161712
987.954,0.0672021,0.0897614,0.0559083,0.0267066,0.00800394,0.0321364,0.012117,0.0404227,0.0149995,0.0174016,0.0224094,0.0322529,0.00347819,0.0345588,0.0464514,0.0504215,0.0716519,0.0797462,0.145686
988.264,0.0366215,0.0430351,0.035286,0.0105385,0.0443811,0.0262541,0.0467297,0.0573397,0.0423035,0.0159993,0.0286151,0.0383764,0.0494481,0.0443646,0.0659638,0.0397376,0.0812976,0.0952739,0.114579
988.575,0.0455317,0.0631772,0.0599371,0.0570081,0.0601337,0.0520333,0.0403769,0.0851258,0.0483579,0.0578427,0.0235548,0.0854825,0.0870442,0.079945,0.0680351,0.0917426,0.0997115,0.148825,0.136521
988.885,0.0672856,0.0715576,0.0861915,0.0745198,0.0686451,0.0808942,0.0756598,0.0669527,0.043469,0.0219733,0.0914017,0.0765202,0.0338472,0.04584,0.0834745,0.102151,0.0572008,0.124245,0.129747
989.195,0.0636846,0.0555876,0.0450431,0.0371069,0.0715946,-0.00144759,0.0143579,0.0798412,-0.00367254,0.00925036,0.0474271,0.0270854,0.00445413,0.0590729,0.031129,0.0424892,0.0807873,0.0616637,0.111658
989.505,0.0187484,0.0583613,0.0396871,0.0193695,0.0316341,0.0463109,0.00965876,0.0659309,0.0478748,0.0157833,-0.00941616,0.0198582,0.014007,0.0439058,0.0260211,0.0633554,0.0704648,0.0820834,0.0976095
989.815,0.0644544,0.0910509,0.0806086,0.0476109,0.0469857,0.0413435,0.036447,0.0481552,0.00453859,0.0355135,0.0529828,0.0336579,0.0216051,0.037552,0.0142122,0.084678,0.085771,0.119729,0.150528
990.125,0.038535,0.0459259,0.0180087,0.0419609,0.0641767,0.0598575,0.0289444,0.0289456,0.0197883,0.0531538,0.0127948,0.0107934,0.0382643,0.0259011,0.0310294,0.0340804,0.0911996,0.0894423,0.120404
990.434,-0.00438568,-0.00507943,-0.0102012,-0.0117443,0.0308657,0.00225293,0.0138301,-0.0118505,-0.0307736,-0.000739455,-0.0187744,0.0304465,0.0176814,0.014307,0.0305602,0.0189681,0.0604753,0.0851084,0.0859043
990.744,0.0428765,0.0462532,0.0570565,0.0789487,0.0439805,0.0401223,0.0602794,0.0200001,0.0737956,0.0365347,0.0481994,0.0443572,0.0481664,0.0671681,0.0643799,0.0811329,0.0888023,0.137998,0.146893
991.053,0.029823,0.0498501,-0.0267548,0.00594233,0.0178647,0.029823,-0.00376008,0.0556789,-0.0284545,0.0346115,-0.0268671,-0.0395414,0.0232122,0.00296642,0.00819694,0.0222041,0.0378381,0.0518162,0.103722
991.362,0.0424487,-0.0077002,-0.0232143,0.0215948,-0.00574711,0.00215276,0.00434429,0.0278587,0.0064047,-0.022599,-0.0140156,0.0196599,0.0269675,0.007144,0.0098809,0.0418066,0.0386635,0.0729798,0.121128
991.672,0.0755636,0.0689809,0.0684157,-0.00879531,0.0567983,0.0905483,0.03846,0.0475957,0.0641951,0.0600073,0.0326278,0.0798077,0.0506007,0.0281012,0.0623668,0.0537725,0.0889029,0.0898884,0.171087
991.981,0.025332,0.0245747,0.00154032,-0.0151045,0.018504,0.0127556,0.012821,-0.0124797,0.0135837,0.0160677,0.0226172,0.0100011,0.0234637,0.00863247,0.0607712,0.0506301,0.0755267,0.0638505,0.135143
992.289,0.0589726,0.0768457,0.0557297,0.110269,0.108116,0.0719888,0.0753958,0.0870823,0.0465882,0.0617632,0.064224,0.0653505,0.0550059,0.0354631,0.115515,0.105148,0.114715,0.132386,0.131948
992.598,0.0401375,0.0606857,0.056561,0.0629067,0.0559914,0.0665308,0.0366657,0.0362297,0.0747569,0.0491479,0.0548818,0.0192378,0.000786929,0.023465,0.0871561,0.086833,0.0602739,0.112498,0.100187
992.907,0.0563999,0.0542116,0.0738712,0.0512234,0.0815707,0.03765,0.0798011,0.0616817,0.0355777,0.0392081,0.0506406,0.0613367,0.0849215,0.054758,0.0784554,0.0945307,0.106966,0.115911,0.137355
993.215,0.0109984,0.0349254,0.0364011,0.0338864,0.044176,-0.00654459,0.0455541,0.0065114,-0.0246892,0.0391384,0.0350428,0.019174,0.0385929,-0.00655201,0.021282,0.0551164,0.0812905,0.149285,0.16251
993.524,0.0782401,0.0786199,0.0896801,0.0965976,0.0598126,0.0924477,0.0561874,0.0617791,0.0654229,0.0771351,0.112975,0.00159226,0.0542088,0.0856152,0.107289,0.0988294,0.110294,0.124889,0.163144
993.832,-0.0410192,-0.0360254,-0.0289716,0.0125932,-0.024575,0.0339665,-0.0129671,-0.0444688,-0.0244062,0.0139746,0.0422004,-0.0589263,-0.0456642,-0.00659987,-0.00941016,-0.0184363,0.0397446,0.0439965,0.098348
994.14,0.0274462,0.0250968,0.0612711,0.0166593,0.0479957,0.0827876,0.0355336,0.0332164,0.0662986,0.0102746,0.0693122,0.0329077,0.0215056,0.0225306,0.0657327,0.0514501,0.0745202,0.0953478,0.108649
994.448,0.055754,0.0149725,0.0189875,0.014698,0.00169224,0.0346928,-0.013387,-0.00784651,0.00400931,0.0249138,0.0461212,0.0277082,0.0497892,0.0521904,0.0341039,0.0221741,0.0303692,0.0924071,0.120712
994.756,0.0524489,0.0599117,0.0398869,0.0281107,0.0433211,0.0290995,0.051253,0.00329675,-0.00467797,0.0305677,0.0362054,0.0188331,0.0517022,0.0266916,0.0322763,0.0716894,0.0559866,0.080446,0.114273
995.063,0.0917489,0.0285314,0.0527372,0.0584006,0.0369613,0.0453616,0.0275904,0.0696558,0.0291766,0.0577292,0.0615456,0.0343741,0.0559839,-0.00341673,0.0822033,0.0688161,0.0985869,0.0897481,0.134705
995.371,0.067331,0.0335371,0.00242777,-0.00722807,-0.0295773,0.015403,-0.0502625,-0.000787497,0.0126832,0.032353,0.0459906,-0.00156159,-0.0199847,-0.0223515,0.0122906,0.0415472,-0.00321811,0.0635451,0.0360188
995.679,0.0041433,0.018904,0.0671945,0.0267141,-0.00993782,0.0504636,0.0261161,0.054499,0.0493662,-0.00716156,0.046953,0.0344441,0.0449687,0.0175964,0.067453,0.0720616,0.0503763,0.0861807,0.123565
995.986,0.0197163,0.0247957,0.00788652,0.0540001,0.0331641,0.0274887,0.0212857,0.00152491,0.0252219,0.0461904,0.0151236,0.0227314,0.0265966,0.0264969,0.0321184,0.0386269,0.0651192,0.0938323,0.0728559
996.293,0.0426155,0.0734921,0.0288326,0.0396779,0.0222635,0.0525097,0.0524136,0.0667089,0.00855463,0.082806,-0.000876064,0.0385468,0.0668314,0.0358754,0.0382693,0.0395957,0.0650392,0.0752509,0.106784
996.6,0.06576,0.0139737,0.0435305,0.00421779,-0.0111732,0.0184565,0.0186348,0.0235728,0.0342455,0.0267746,0.0151646,0.0649991,0.011394,0.0928946,0.051523,0.0165196,0.093225,0.0815369,0.10987
996.907,0.0650631,0.0363452,0.0848115,0.0712373,0.083352,0.0905295,0.0581601,0.0447898,0.0747569,0.071991,0.0643898,0.0774701,0.0827387,0.064802,0.0756991,0.0799194,0.0826262,0.104965,0.132882
997.214,0.0412331,0.0552946,0.0632022,0.0314338,0.0272476,0.0515741,0.0510776,0.0767846,0.0209821,0.0610312,0.07766,0.0246205,0.0413917,0.0551608,0.113227,0.10223,0.111156,0.139672,0.13822
997.52,0.0332533,0.0771532,0.0201389,0.0664515,0.0476777,0.0267458,0.0464285,0.0366582,0.0307186,0.0314656,0.0483663,0.056516,0.0466906,0.0334894,0.0657204,0.0625682,0.149905,0.0962632,0.146379
997.827,0.0512053,0.06011,0.0878521,0.0408191,0.0838008,0.0576904,0.0998782,-0.0105764,0.0521731,0.0396675,0.0562225,0.0226801,0.0250108,0.0578782,0.0719582,0.0490712,0.0859074,0.0768887,0.107743
998.133,0.0453563,-0.0246627,-0.0249485,0.00534813,0.0334861,0,-0.00219667,-0.056224,-0.0100058,-0.00834289,-0.0432442,0.0268346,-0.00912554,-0.042475,0.0149118,0.0374014,0.00984021,0.0412224,0.0876889
998.44,0.0565938,0.0847983,0.0593954,0.0620628,0.0698388,0.0421291,0.0433155,0.034472,0.0530693,0.0487073,0.081664,0.0688986,0.0909581,0.0769298,0.0562985,0.0912027,0.0489274,0.114472,0.142989
998.746,0.0189951,0.0146369,-0.0106671,0.0180376,0.0379357,0.0256693,0.0146762,0.0373863,0.0301609,0.0366022,0.0544497,0.0511629,0.0795305,-0.000857556,0.0708777,0.102438,0.0883435,0.119697,0.098674
999.052,0.0643338,0.0932024,0.109345,0.0769796,0.0771557,0.0747255,0.0579081,0.0921538,0.0876648,0.0576374,0.0852436,0.109986,0.0981423,0.0957236,0.0872818,0.104652,0.0684612,0.164214,0.177792
999.358,-0.00176508,0.0599725,0.00748955,0.0534036,0.013878,0,-0.0126662,0.0216383,0.032138,-0.00550936,-0.0065902,-0.0118719,-0.0224932,-0.00563291,-0.00358686,0.00185168,0.0904704,0.116578,0.123853
999.664,0.116919,0.0680078,0.0660767,0.0981918,0.0671391,0.0776854,0.0938985,0.0712465,0.0546304,0.0512809,0.0289964,0.0601479,0.0815005,0.0790434,0.0470449,0.111125,0.117065,0.12062,0.18314
999.969,0.0414258,0.0123227,0.0146309,0.00685834,-0.00870652,-0.0171459,0.00922107,-0.0555019,0.0221108,-0.0617566,-0.0490292,0.000818003,0.0115453,-0.00332923,0.0217811,0.0281218,0.0724476,0.0654599,0.0789527
1000.27,-0.0220581,0.0230256,0.00303604,0.0388616,0.0302526,-0.0102412,0.032558,-0.00079587,0.060025,-0.00685793,0.00075458,0.0325313,0.00310905,0.0374315,0.0303538,0.0353547,0.0397999,0.0780762,0.0948556
1000.58,0.0807742,0.0478929,0.0610799,0.0903131,0.0445606,0.0452536,0.0728184,0.0671433,0.090986,0.0519853,0.0382533,0.0166416,0.0491589,0.108621,0.0662563,0.102745,0.115301,0.146448,0.105944
1000.89,0.053034,0.0616696,0.028589,0.0546456,0.0773021,0.0666543,0.0204727,0.0292151,0.0397126,0.0534554,0.0202285,0.0347542,0.062055,0.0414393,0.0682499,0.0572893,0.0949641,0.102291,0.145759
1001.19,0.0531771,0.0213105,0.0567149,0.0215266,0.0475313,0.0713538,0.00596364,0.112324,0.0136342,-0.0207729,0.0744205,0.0249858,0.0212111,0.043736,0.0365,0.0705704,0.081324,0.0798442,0.163201
1001.5,0.0399907,0.0350812,0.0140539,0.0166106,0.0555403,0.0219751,0.0455563,0.0126096,0.0444018,0.078025,0.0288904,0.0182185,0.0477754,0.045987,0.0414979,0.112002,0.061491,0.119543,0.169615
1001.8,0.0397354,0.0582849,0.0544431,0.00452091,0.0655425,0.0157657,0.00762498,0.0355368,0.00878617,0.0234943,0.0478504,0.0172261,0.0193239,0.0223606,0.0737548,0.0358074,0.0965723,0.024176,0.129939
1002.11,0.0880165,0.00637842,0.0353342,0.0635556,0.0311285,-0.0244621,0.0208828,0.036422,0.0218376,0.000876617,0.0197151,0.00818908,0.0062135,0.0196999,0.0208232,0.0625552,0.0500708,0.0704172,0.1221
1002.41,0.0229127,-0.00961281,0.0671289,0.00894773,0.0275729,0.0511507,0.0113092,-0.00929858,-0.00503198,-0.0019618,0.0256713,0.0131407,0.00848763,-0.00879097,0.0620553,0.0569512,0.0247543,0.0693411,0.0703021
1002.71,0.0413573,0.0297165,0.066192,0.00614824,0.0432899,0.0428662,0.0261562,0.0569148,0.0364654,0.0215041,0.0384954,0.0286525,0.0122293,0.0696594,0.0509999,0.0822672,0.104592,0.0630421,0.148168
1003.02,0.0029133,-0.000962979,-0.0275196,0.0150511,-0.042592,0.0329018,-0.00487262,-0.00189428,-0.011686,-0.021624,0.0183221,0.000955654,-0.00582251,-0.0401652,-0.00778521,0.0227625,0.0405299,0.0674324,0.071734
1003.32,0.0301619,-0.0100286,0.0524376,0.0234626,0.0464688,-0.020231,0.0164868,0.0488988,0.0273984,0.0108122,0.0840089,0.0604821,0.0342779,-0.0100919,0.0268887,0.106076,0.120416,0.0941736,0.122765
1003.63,0.0381572,-0.0030915,0.0216098,0.0241835,0.00536242,0.0487698,0.10864,0.0883471,0.0662486,0.0174936,0.0736372,0.0525182,0.0422115,0.00726001,0.0393768,0.0448796,0.0836305,0.157048,0.103913
1003.93,0.0513477,0.0954115,0.0629309,0.083886,0.0556267,0.0767103,0.0350161,0.0587614,0.0727597,0.0476625,0.108681,0.0112899,0.0452908,0.0250047,0.0935636,0.101243,0.0945442,0.112381,0.140183
1004.23,0.0469849,0.0722629,0.0829504,0.0264731,0.00756375,0.0930608,0.0358189,0.0254117,0.0104081,0.0628683,0.0492573,0.025616,0.0343102,0.0491534,0.0594699,0.0821477,0.151054,0.106762,0.140039
1004.54,0.00712515,-0.0514479,0.0458045,-0.00799234,0.0134173,0.022089,0.0181768,0.00498811,0.00603722,0.0177055,0.0334975,0.029159,0.0353615,-0.0118452,0.0385954,0.0252093,-0.0363536,0.0617961,0.186355
1004.84,0.0341472,0.0373637,0.10191,0.104516,0.0807161,0.0092711,-0.0135948,0.0578236,0.0940465,0.0379848,0.0939518,0.0830175,0.0618999,0.0763956,0.0868549,0.100202,0.0786726,0.123158,0.162546
1005.15,-0.0206466,0.00189502,0.00286651,0.0135327,0.0247293,-0.0249565,-0.0156358,-0.0228871,-0.00286871,-0.0343109,-0.0143688,-0.0156669,-0.0363177,-0.0361018,-0.0482496,0.0335491,0.0247861,0.0429976,0.0755696
1005.45,0.0244392,-0.0589967,0.0610801,0.0335564,-0.00734612,0.0391317,0.0323579,-0.0295442,0.023598,0.0072399,-0.0495422,0.00550215,0.00433503,0.0205423,0.00933686,0.0319125,0.00932974,0.072997,0.0823332
1005.75,0.0010829,0.0471747,0.0257349,-0.0165853,0.0152602,-0.00325674,-0.0150407,-0.0526231,-0.0170039,0.0497879,0.0285777,-0.0180813,-0.0210612,-0.0305968,0.0346849,0.0279937,0.012899,0.0822974,0.091172
1006.05,-0.00565455,0.0508028,-0.00104561,0.0796831,0.0200861,-0.0161487,0.00321687,-0.0448217,0.0423337,-0.0353574,-0.0249219,0.0212425,0.0144826,0.0111128,0.00103435,0.0926547,-0.0305851,0.041307,0.129671
1006.36,-0.0240257,0.0238944,-0.00210167,-0.0713199,-0.0303163,-0.0318532,0.00744013,-0.00111304,0.00218415,-0.0302457,-0.0850483,-0.0456713,-0.0367514,-0.0453193,0.00331,-0.00566031,-0.0356468,0.00460697,0.114816
1006.66,0.0245051,0.0152567,0.0447134,0.0404772,0.0827622,-0.00923766,0.0580035,0.0164303,-0.0205532,0.0420844,0.0165867,0.0208332,0.00460771,0.0687702,0.0257102,0.0595561,0.0563784,0.0952994,0.13627
1006.96,-0.019415,0.0251662,0.00224937,0.0239248,-0.0103289,-0.00488177,0.019352,0.066834,-0.00360495,-0.00332087,0.0613717,0.0265261,0.0658654,0.0420313,0.032997,0.0386727,0.0710965,0.114141,0.145729
1007.27,0.0711413,0.0628137,0.0539292,0.0569765,0.0668333,0.0420737,0.0369218,0.0726252,0.0779661,0.0101117,0.0497787,0.0214396,0.0455027,0.0423231,0.0334617,0.0508029,0.0652911,0.0710082,0.108437
1007.57,0.0616325,0.0241155,0.0168518,0.0611403,0.041317,0.0323836,0.0115375,0.040656,0.0328716,0.0158484,0.0427037,0.0290243,-0.0010635,0.0760689,-0.0313896,0.050881,0.107165,0.111345,0.119223
1007.87,0.0555735,0.0622906,0.0465675,0.00685986,0.00268884,0.0165343,0.0365725,0.0496241,0.0503331,-0.0289711,-0.00268659,0.0319019,0.0151564,0.0120795,0.0740669,0.0249591,0.102832,0.0553062,0.102286
1008.17,0.0627578,0.155767,0.041894,0.0779344,0.0342993,0.060855,0.0454714,0.04488,0.0357613,0.0374353,0.0147673,0.0628075,0.0512384,0.0916584,0.0448636,0.0585858,0.114769,0.176666,0.137412
1008.47,0.0295038,0.0746745,0.0451431,0.0372448,0.013275,-0.00113526,0.0237801,-0.0515281,0.0685076,0.026183,0.0558167,0.00987482,0.0305717,-0.0110625,0.0442725,0.0983815,0.0620522,0.136462,0.12367
1008.78,0.054712,0.00304754,0.0333241,0.0387048,0.018759,0.0111727,0.0312134,0.0509165,0.0332319,0.00100528,0.055492,0.0169868,0.0325537,0.026835,0.00301063,0.011293,0.0739379,0.0539817,0.0813243
1009.08,0.0464111,0.0448633,0.0909596,0.032281,0.0578273,0.078684,0.0222694,0.0229186,0.0572069,-0.0342692,0.0678786,0.0113889,0.092942,0.0873901,0.0193322,0.102766,0.0997535,0.0747926,0.149781
1009.38,0.0156583,0.0225464,0.0101191,-0.0182137,0.0704721,0.0273936,0.0526593,0.011496,0.0549964,0.0238418,0.043104,-0.0317327,0.0387078,0.0548204,0.0174528,0.0470247,0.0939691,0.0526453,0.0885552
1009.68,0.0513994,0.108562,0.0709611,0.0335853,0.0449774,0.114676,0.0938144,0.0986417,0.0891651,0.0806839,0.0960453,0.0806422,0.0874933,0.0973671,0.102401,0.144645,0.147372,0.0794889,0.114948
1009.98,0.121846,0.14216,0.179841,0.144357,0.160045,0.144919,0.162819,0.201341,0.209086,0.159875,0.101645,0.105102,0.162429,0.136711,0.139283,0.190089,0.167879,0.25993,0.276701
1010.28,0.0617442,0.0026281,0.0159118,-0.0239329,-0.014733,0.0527368,0.0891024,0.0381074,0.0687638,0.0346375,-0.0499338,0.0576456,0.0849401,0.073786,0.0323561,0.01926,0.0935501,0.113291,0.17014
1010.59,-0.0391497,-0.0559355,0.00333131,-0.0424278,-0.0431112,0.0154201,-0.00443771,-0.0119862,-0.0623882,-0.00788768,-0.0254465,-0.0767497,-0.00113729,-0.00955149,0.0199879,0.0190102,-0.031609,-0.0109453,0.0215684
1010.89,0.0366404,0.0787184,0.0987367,0.0676411,0.090149,0.0553745,0.0325658,0.0513634,0.0321285,0.0302397,0.0023549,0.0139527,0.0554104,0.0484862,0.027551,0.0846829,0.0815051,0.0644091,0.143814
1011.19,0.022114,-0.0258336,0.00536961,0.0363587,0.020345,0,0.0621478,0.00532583,-0.00121381,-0.0636744,0.0709909,0.0103244,-0.0418858,0.0174832,-0.0277108,0.00643014,0.0367155,0.0606556,0.0662504
1011.49,0.0129389,0.00892409,0.0860795,0.00501933,0.0215902,0.0546303,0.0352811,0.0440079,0.0312445,0.0453239,0.0715543,0.0789416,0.0117626,0.0778184,0.0156813,0.0776332,0.129452,0.0637003,0.105329
1011.79,0.0575,0.103218,0.0795075,0.060889,0.0879901,0.0848614,0.0782222,0.0933491,0.144639,0.0725717,0.0902745,0.0648718,0.0820019,0.0831455,0.00775394,0.103384,0.091301,0.107084,0.145962
1012.09,-0.031414,-0.0150205,0.00273963,-0.0346586,0.00968288,-0.0251958,0.00689602,-0.012151,0.00134624,-0.0913697,-0.0628646,0.0211014,-0.105868,0.0496657,-0.0500929,-0.0399291,0.00264445,0.0444135,0.0884357
1012.39,0.0371812,0.0215455,0.0657681,0.0563213,-0.00663866,0.049847,0.00581452,0.0590762,0.00697059,0.0430275,0.0321823,0.0317816,0.0322618,0.0444653,0.0486824,0.0257365,0.0293708,0.110312,0.0574332
1012.69,0.0161589,0.0604757,0.0373304,0.0380749,0.0629281,-0.00516768,0.0514554,0.0175513,0.0544281,0.00676711,-0.00410494,0.0640552,-0.0112432,0.0114807,0.00278376,0.0704374,0.0265818,0.0360504,0.124151
1012.99,-0.0199634,0.0352825,-0.00144506,0.00968895,0.0504806,0.0157004,0.0646282,-0.00287363,0.0221855,0.0116948,-0.0121171,-0.00835074,0.0346815,0.0227724,-0.0169356,0.0406911,0.0113116,0.0526266,0.16202
1013.29,-0.0479728,-0.0712738,0.0201192,-0.064778,0.0184577,-0.03628,-0.0203594,-0.00395523,-0.0665711,-0.0497288,-0.026771,0.0291537,0.0215484,-0.0523029,-0.0172257,0.0302173,0.0437681,0.0303539,0.0728005
1013.59,0.0298175,-0.0359254,0.0642777,-0.0217916,-0.0324473,-0.0110779,-0.0517226,-0.00384172,-0.0542137,-0.10889,-0.00890152,-0.0334924,-0.0392257,-0.0258972,-0.0509085,0.0601738,0.00416326,0.0598893,0.035722
1013.89,-0.027691,0.0270838,0.0366593,0.00993969,0.0179674,0.00912801,-0.0111089,-0.00220453,0.0142741,0,0.0646656,-0.0280891,0.0307453,-0.0111964,0.0647338,0.0594072,0.0252786,0.100622,0.0715162
1014.19,0.00783955,-0.0257776,0.0227491,-0.0364689,0.00772522,0.0133691,-0.0182537,0.0351664,-0.0025251,0.0423124,-0.0485722,0.0282312,-0.0399111,-0.00851599,0.00124852,0.0552221,0.0131914,0.0790043,0.0892255
1014.49,-0.0341894,-0.00590218,-0.0129157,-0.00728293,0.0264842,-0.0296072,-0.083081,-0.0188148,0.00565089,-0.0126358,0.0215261,-0.111269,-0.0319764,-0.0415296,0.0266494,-0.0132083,0.0996092,0.0307289,0.0686802
1014.79,0.106964,0.0890451,0.0550227,0.107283,0.135142,0.0335857,0.118869,0.0504286,0.104509,0.0395851,0.123981,0.17641,0.0843863,0.0827899,0.0593634,0.117734,0.112297,0.136112,0.158224
1015.09,-0.0278263,-0.0130335,-0.0545243,0,0.0530296,0.060947,-0.0157538,0.064391,-0.0219456,0.0529508,0.0141932,0.0787827,0.0197917,0.0305357,0.0182512,-0.0281621,0.0495,0.0705303,0.0604814
1015.39,0.0244822,0.0860286,0.0346804,0.0536057,0.0604568,-0.0637342,0.100274,0.0734274,0.081159,0.0555003,0.105152,0.161644,0.0986672,0.108461,0.114646,0.0721504,0.104353,0.169674,0.153839
1015.68,0.0690239,0.0760989,0.0823054,0.0730674,0.136163,0.0621474,0.0717845,0.0653361,0.11816,0.0614712,0.0886948,0.075989,0.100406,0.0701775,0.00548964,0.122986,0.119727,0.178081,0.166516
1015.98,0.098337,0.13845,0.0577934,0.103301,0.108402,0.123794,0.127724,0.0843559,0.152533,0.092684,0.0728328,0.0595115,0.0628984,0.157063,0.0915997,0.109213,0.102445,0.152137,0.208781
1016.28,0.0592714,0.0241029,0.0881938,0.0363257,0.10268,0.0414284,0.0041068,0.0274369,0.0752731,-0.0236488,0.0252032,0.0239288,0.0945568,0.114241,0.109543,0.0097694,0.0351441,0.0697459,0.0485822
1016.58,0.0953858,0.0871771,0.0126621,0.0842976,0.0469036,0.0574317,0.0968152,0.0942294,0.0564037,0.020435,0.0562102,0.0803499,0.0710718,0.0544517,0.0696761,0.0342255,0.131438,0.0587416,0.0976339
1016.88,0.0109519,0.0117609,-0.0258435,0.0132669,-0.011344,0.0220766,-0.0349115,-0.0799078,-0.0395173,-0.0249048,0.0106308,-0.0212386,-0.0162718,-0.029556,0.00817083,0.00359039,0.0393491,0.00584258,0.0538674
1017.18,0.147753,0.0938147,0.11799,0.125853,0.115801,0.116367,0.0865526,0.118238,0.0780298,0.0579554,0.0961832,0.0794336,0.097544,0.0790362,0.0560653,0.115911,0.111862,0.126003,0.150653
1017.48,-0.0360562,0.169275,0.0164088,0.0727941,0.0588041,0.0767334,0.00135691,0.0111935,0.0768382,0.0595885,0.021663,0.00132779,0.0999058,0.100757,0.022842,0.0459278,0.0813977,0.120732,0.177625
1017.77,0.121829,0.118393,0.0740413,0.0146447,0.200533,0.0355176,0.114812,0.127185,0.075018,0.0942572,0.053248,0.0330733,0.0830242,0.109835,0.0803311,0.150917,0.149251,0.133957,0.128376
1018.07,-0.0232269,0.0832319,0.0389537,0.052341,0.0649368,-0.00872642,0.0862935,0.113489,0.0997699,-0.0438789,0.0042346,0.071346,0.0235336,0.0209024,0.0421455,0.0913352,0.0776376,0.0989513,0.115088
1018.37,0.0733261,0.138154,0.0925227,0.0455832,0.120606,0.0582708,0.122127,0.147346,0.0667102,0.0541783,0.0449166,0.0791337,-0.0265028,0.067019,0.0405096,0.129706,0.0741212,0.159063,0.234982
1018.67,0.0577259,0.0637917,0.0474585,0.0308325,0.0185653,-0.00855948,-0.00683471,0.149161,0.00584043,0.00541417,0.0269469,0.0790315,0.0387432,0.13836,0.0610424,-0.0560874,0.0625354,0.0836332,0.113648
1018.96,0.0300423,-0.0155152,0.0471116,0.0594353,-0.00125611,0.0656776,0.00502996,0.0229621,0.0559113,0.0827477,0.0617194,0.0557771,0.0342703,0.0367406,-0.00129002,-0.0215189,0.0990263,0.148988,0.193687
1019.26,-0.0652873,0.0507938,-0.062509,0.0106502,0.00443644,-0.0764018,-0.0566203,-0.0651587,-0.0320373,-0.0389292,-0.0541249,-0.0398798,0.0297095,-0.0209381,0.00752053,-0.0277859,0.0921952,-0.00294442,0.0653968
1019.56,0.0640404,0.0881932,0.0878878,0.0292979,0.126718,0.0837928,0.103785,0.11696,0.0906775,0.0773846,0.15098,0.0342236,0.0972365,0.0707674,0.0610629,0.0718743,0.0643524,0.164134,0.107863
1019.86,0.0583897,0.00644349,0.0416753,-0.015944,0.00433548,0.0341795,-0.0448086,0.0357612,-0.0283448,-0.00236506,-0.0460778,0.0201397,0.0515996,0.0571621,-0.0034263,0.0731277,0.0418346,0.105759,0.0829953
1020.15,-0.0547192,0.0663704,-0.0371394,-0.0222721,-0.0352593,-0.116508,-0.0826855,-0.0521241,-0.207049,-0.0782736,-0.0261061,-0.106678,-0.0355247,0.00202388,-0.0201873,-0.0700916,0.0515577,0.0682898,0.0824076
1020.45,0.112174,0.00468845,0.0580754,0.0614121,0.0530332,0.00297626,0.0144646,0.0456412,0.0114799,0.0271469,0.061132,0.0744064,0.00320608,0.0631465,0.0728874,0.0325334,0.0917161,0.0886522,0.104301
1020.75,0.0617635,0.0377209,0.00727599,0.0768228,-0.0141572,0.182114,0.174403,0.0767025,0,0.0642622,0.0181669,0.11744,0.0917226,0.0727351,0.065401,0.0580042,0.11623,0.219787,0.156236
1021.04,0.0251371,0.0478649,0.0774312,-0.0304017,0.077726,0,0.0475893,-0.0185061,0.0144317,0.0240087,0.0863617,0.0148244,0.0538122,0.0614992,0.0384088,0.139304,0.133089,0.183498,0.124441
1021.34,0.0417089,0.0791917,0.0930596,0.00280857,0.0652212,0.091855,0.0393671,-0.0248024,0.0425356,0.0702498,0.0152285,0.0637456,0.00133256,0.0552621,0.111205,0.0426668,0.111535,0.149756,0.120036
1021.64,-0.0191862,-0.0130279,0.0448044,-0.0443,0.00525334,0.122647,-0.0649131,0.0203937,-0.0245178,-0.021782,0.0250112,-0.00174191,0.01157,-0.00510498,0.0129326,-0.006275,0.10598,0.0496897,0.0912105
1021.93,0.0292703,0.0538281,-0.00355906,-0.0246683,0.0207066,-0.0563985,-0.0368602,-0.0404045,0.0506447,0.0591807,0.0614971,0.046096,0.0490719,0.0636248,0.0364974,0.0503553,0.0555797,0.101707,0.176223
1022.23,0.0142375,0.00414628,-0.0310782,-0.00145037,0.0826692,-0.0200183,0.0492018,0.0597478,0.102009,0.0780838,-0.00555665,0.0626726,0.038372,0.0770443,-0.017697,-0.0132479,0.0445101,0.152658,0.111381
1022.52,-0.049262,-0.0423707,-0.0284427,0.0527506,0.0341851,-0.0402921,0.0576391,-0.0125648,0.016522,-0.00264776,0.0195453,0.0669038,-0.0418561,-0.0052262,0.0540639,0.0272125,0.0451384,0.0514947,0.0603634
1022.82,0.0488408,0.0148638,0.0674648,0.0970613,0.0432294,0.0404549,0.0159781,0.0236848,0.100735,0.0084331,0.00582582,0.0568235,0.0869289,0.0948911,0.0394301,0.0968532,0.0389439,0.0934156,0.0908737
1023.12,-0.0126025,-0.0928125,0.0814557,-0.0329086,0,-0.0112928,0,0.0768462,-0.0133583,-0.0594,0.122109,-0.0103846,-0.0604928,0.0351113,-0.0970588,0.0942552,0.0571154,0.119277,0.148707
1023.41,0.0477613,-0.0710909,0.0895274,0.0737138,0.0563855,0.115743,0.0584248,0.0358487,0.0716841,-0.0321942,0.122,0.130605,0.0309297,0.0915868,-0.0285784,0.011679,0.0918566,0.0792444,0.0943083
1023.71,0.118755,0.0456302,0.108827,0.0856965,0.0606979,0.145838,0.136913,0.0622683,0.0908974,0.150284,-0.00373375,0.0893567,0.136669,0.0222233,0.00693691,0.112636,0.0875174,0.16208,0.150946
1024,0.0275245,0.106582,0.0459054,0.0451767,0.0359718,0.0844341,0.0628594,0.0172461,0.13989,0.118095,0.134077,0.102371,0.102197,0.0851363,0.106912,0.100321,0.0580843,0.234638,0.224248
1024.3,-0.0697179,0.0633091,-0.0670576,0.0738606,0.122391,-0.0171843,0.13774,0.0994901,0.0438898,0.0635603,-0.0931828,0.0142158,-0.0381216,-0.00755019,0.0383908,0.0596523,0.0849397,0.107424,0.0879553
1024.59,-0.0253346,0.0189062,0.00190092,0.0839932,0.0830893,0.1125,-0.0381048,-0.015184,0.0957278,-0.0184152,0.1113,0.103422,0.0540393,-0.00377287,0.0327017,0.0956166,0.0950594,0.0685496,0.0676758
1024.89,-0.122504,-0.030758,-0.0219784,-0.0324668,-0.0674658,-0.0332062,-0.102052,-0.0376091,0.033948,-0.0807801,-0.0558153,-0.0226081,-0.0355579,-0.105935,-0.0268016,-0.0786189,0.00359084,-0.0918569,-0.00171337
1025.18,0.0303987,0.0802012,0.0325549,0.225208,0.00642035,0.0943237,0.0617807,-0.0192341,-0.0458622,-0.00803177,0.0252918,0.0407193,0.120909,0.0900173,-0.10187,0.0651573,-0.0373229,0.0308696,0.0692657
1025.48,-0.0157771,0.0477589,-0.0142206,0.0136493,0.0358327,0.0725598,-0.0358834,0.0738217,0.0682935,0.106744,0.105706,0.0367814,-0.050763,-0.0458989,0.0255257,0.00572159,0.0228143,0.15347,0.122412
1025.77,0.10023,0.0446445,0.121926,0.146832,0.149611,0.111163,0.0729031,0.0371266,0.212355,0.178062,0.0935589,0.0626889,0.0578364,0.125718,0.187054,0.0619956,0.210847,0.123284,0.138876
1026.06,0.0629771,0.0254824,0.0497531,0.00707902,-0.0336565,0,0.0800509,0.0419133,0.084426,0.0486641,0.0282778,0.0370495,0.0610075,0.124059,0.0324756,0.0590519,0.00759274,0.119038,0.0429598
1026.36,0.0418169,0.0843728,0.0207607,0.0603774,0.0443383,0.0865801,0.142988,0.0776968,0.146714,0.0911471,0.178411,0.13542,0.0755854,0.166732,0.169373,0.13575,0.0875297,0.180323,0.18223
1026.65,0.0729841,-0.0654709,0.0575166,0.0370441,0.0620961,0.108092,0,0.0951118,0.0549179,0.001938,0.0698038,0.0763248,0.0126616,0.07079,0.0634118,0.11122,0.0449594,0.100787,0.246439
1026.95,0.154218,0.165224,0.0880071,-0.0184404,0.117349,-0.00405185,0.122165,0.121908,0.0926304,0.0485839,0.0969502,0.00584709,0.117326,0.0653677,0.172997,0.0918727,0.129582,0.102071,0.143314
1027.24,0.0494731,0.0166118,0.0241107,0.0168837,0.0205439,-0.0321787,-0.0137964,0.0250341,0.0577797,-0.0212469,-0.0387892,0.0639459,0.0580561,-0.003607,0.0488101,0.0343649,0.0984289,0.0424523,0.0646013
1027.53,0.0118462,0.0545344,0.115417,0.0482409,0.0312585,-0.025936,0.0286805,-0.0483635,-0.0429285,0.0730635,-0.0143125,0.0465482,0.009073,0.0840603,-0.00306769,0.0387824,0.0563601,0.106313,0.0858749
1027.83,0.0885608,0.125027,0.074352,0.0171099,0.028501,-0.00341641,0.0547373,0.100367,-0.0494574,0.0383296,0.0361075,0.041352,0.0545536,0,0.0688299,-0.00174225,0.0107207,0.0920337,0.15802
1028.12,-0.0529924,0.00204706,0.0553955,-0.0244126,0.135142,-0.0317954,0.05618,0.0112808,-0.0133326,-0.0516698,0.0358613,-0.0273387,0.0296578,-0.0385935,0.118199,-0.00755293,-0.0416549,0.0890655,0.127252
1028.42,0,0.0503354,0.0246823,0.0385842,0.0609851,0.0494151,0.0858714,0.0668622,0.030128,0.0190562,0.0554776,0.0167715,0.0677923,0.107513,-0.0242448,0.0062457,0.0854881,0.102228,0.129078
1028.71,0.0515101,0.0334106,0.0874166,0.0448388,-0.0234104,0.0640067,0.0167601,0.0248143,-0.0789624,0.0342514,0.0194492,0.0657008,-0.107483,0.140112,0.0957456,0.0486465,-0.00208135,0.134629,0.24528
1029,0.119914,0.0208325,0.118051,0.156474,0.00618608,0.0931981,0.0913943,0.0840537,0.0957996,0.0146042,-0.0372793,0.163537,0.0020741,0.179688,0.0391215,0.137029,0.138051,0.0747656,0.184116
1029.29,0.0623248,0.0630864,-0.00376955,0.00502012,0.0627212,0.0587968,0.0221124,0.0215356,0,-0.0285486,0.0329518,0.103832,0.0335683,0.0135704,0.0617433,0.106042,0.0771692,0.0661555,0.170799
1029.59,0.0540367,0.0399771,0.0572451,0.0105618,0.0372699,0.0712186,0.0533042,0.0453363,0.0590107,0.0565261,0.00948689,0.0607638,0.0366085,0.0580257,0.0376983,0.0970686,0.0523957,0.0491303,0.116085
1029.88,0.131311,0.136035,0.0722466,0.165605,0.110576,0.0737323,0.0521921,0.120128,0.0907826,0.106994,0.0581839,0.112625,0.0623731,0.0733489,0.0966999,0.0698526,-0.00838509,0.146251,0.160667
1030.17,-0.0640983,-0.0359627,0.0608649,0.0459336,-0.0856003,0.0466538,0.110277,0.0380155,-0.050791,-0.0340722,0.0724164,0.0594832,0.0939552,0.015366,0.0828481,0.115256,0.0625842,0.0369798,0.177166
1030.46,0.105639,0.145027,0.247295,0.24636,0.0987254,0.176963,0.278261,0.209143,0.145661,0.202852,0.212169,0.280707,0.323087,0.184817,0.202274,0.158021,0.258427,0.28362,0.269096
1030.76,0.0535178,0.068673,0.0796096,0.0365359,0.0182121,0.00887202,0.0152813,0.0065149,0.0245729,0.0473883,-0.00398249,0.0498607,0.00808116,0.0620959,0.101803,0.0864759,0.116004,0.214917,0.14567
1031.05,0.0398428,0.0876583,-0.00695379,0.0771692,0.0861333,0.048417,0.093053,-0.0142231,-0.0115257,-0.0461029,-0.0713659,-0.0250345,0.00463586,0.0217708,0.0181083,-0.051904,0.0416538,0.028339,0.174292
1031.34,0.0111437,-0.0283553,-0.00991101,0.0280565,-0.0172766,-0.00754112,-0.0449928,-0.0671255,0.0145613,0.0115267,0.0128717,-0.067533,0.0932935,-0.00325772,-0.0248164,0.00312258,0.04458,0.0575389,0.135552
1031.63,0.0295108,0.0329409,0.104927,0.0173194,0.0881025,0.00344214,-0.00517984,0.06568,0.0122891,0.0750047,0.0907795,0.047691,0.040782,0.0477361,0.126144,0.114067,0.00610086,0.0927418,0.163478
1031.92,-0.166134,0.0122771,-0.00241581,0.00268423,0.0921724,0.0952924,0.0325065,-0.0334972,0.149522,-0.00781462,0.0541658,-0.0617905,0.022397,0.0472493,0.0625049,-0.00822968,0.167002,0.148658,0.333623
1032.22,0.0821951,0.0693906,0.0843839,-0.0219401,-0.0806649,-0.0441577,0.0895942,0.0647462,0.146704,0.0817351,0.140877,0.125463,0.171424,0.100076,0.148934,0.0148927,0.00618475,0.0560708,0.145563
1032.51,0.156813,0.218613,0.22609,0.172346,0.186651,0.209109,0.156203,0.156029,0.131741,0.132937,0.156949,0.143543,0.0536533,0.177047,0.120587,0.225242,0.20777,0.145806,0.151244
1032.8,-0.106317,-0.044426,-0.0635732,-0.00861575,-0.0193854,-0.085912,-0.120936,-0.0393012,-0.0478898,0.0245533,0.0214642,-0.00698805,-0.0751083,0.0213154,-0.0844472,0.0185412,-0.0475651,0.0169934,0
1033.09,-0.0258326,-0.0178402,-0.0661845,-0.125016,-0.115072,-0.0461393,-0.149691,-0.202936,-0.101917,-0.0278958,-0.143953,-0.0454038,-0.0916018,0.0910919,-0.0188884,-0.0873398,-0.0328991,0.0282538,0.00197938
1033.38,-0.0156161,-0.0888532,0.0601206,-0.0279506,0.0637636,-0.108883,-0.0763696,0.0132854,-0.0916146,-0.0274532,-0.0225347,0,-0.0900509,0.0146264,-0.0258438,0.154133,0.0750561,0.0630793,0.0520122
1033.67,0.0897981,-0.0445427,-0.0251947,0,-0.00723996,0.0602577,-0.0254607,0.0187617,0.00946738,0.00342659,0,-0.0570147,0,0.0817532,0,0.0446979,0.129735,0.081477,0.00926231
1033.96,0.150779,0.0663998,0.0519142,0.0504203,0.0796411,0.0298044,0.089559,0.022664,0.0031045,0.0388652,0,0.0430228,0.112974,0.0789891,0.087007,0.181135,0.153652,0.0576034,0.140923
1034.25,-0.0153045,-0.00171197,0.028154,-0.0623368,-0.0072385,0.010448,-0.0207184,-0.0905818,0.0843073,0.0256796,-0.101188,0.0052692,-0.0630915,0.0479203,-0.0201211,0.0573097,0.042963,0.0324727,0.0284636
1034.54,0.0443596,-0.0254688,-0.0786455,-0.0991871,-0.0932045,-0.0174738,0.0371476,-0.0113338,0.0706572,-0.0472316,-0.0256219,-0.0733256,0.0238798,0.0630629,0.0260089,-0.0116088,0.016947,0.0337696,0.109326
1034.84,0.0328932,0.0499641,-0.00212281,-0.114703,0.0162261,0.0115458,-0.0383054,-0.0230038,0.0341165,0.0920408,0.0840278,0.0113936,-0.0476378,0.0574165,0.020251,0.0330601,0.0621103,0.0941366,0.0392557
1035.13,0.047975,0.0102921,0.0198218,0.104325,0.0105768,0.102856,0.0273055,0.0265998,0.0608982,0.0863742,0.0446884,0.0343847,0.0394973,-0.0251026,0.00828978,0.129885,0.129346,0.0435574,0.158499
1035.42,0.0811537,0.118087,0.0909976,-0.0298618,-0.0291341,0.094887,0.0283065,0.0476443,0.0868544,-0.0677526,-0.0236073,-0.00869321,-0.0233329,0.0925028,-0.124919,0.0876527,0.0708549,0.10048,0.045382
1035.71,0.0964882,-0.038212,0.130055,0.0901839,-0.0551004,0.125175,0.0254222,-0.0187555,0.0858314,0.101272,0.0639062,0.0240544,0.00226701,0.147264,0.0216758,-0.0114189,0.0957586,0.103147,0.0603238
1036,0.0665962,-0.0302443,-0.106117,-0.0674955,0.168123,-0.0842029,0.012362,-0.0941618,-0.0656451,-0.0266432,-0.0513267,0.0586929,0.0210497,-0.0853571,-0.0207108,-0.0714522,0.065176,0.0937493,0.133412
1036.29,0.13601,-0.0724985,0.0104301,-0.0741532,-0.0229351,-0.0469094,-0.0783078,0.0056631,-0.0696243,0.0272927,-0.0275398,0.0463551,-0.0101344,0.0851953,0.0137212,0.0555963,-0.032802,0.02119,0.158612
1036.58,-0.0201998,0.0703972,0.0381734,0.0759122,0.0216559,-0.0378206,-0.0242107,0.0928926,0.0779231,-0.0766799,0.0335498,0.028183,0.0760656,0.176994,0.0232998,0.0800738,0.0224836,0.0234858,0.190141
1036.86,0.165024,0.0736037,-0.024904,0.339117,0.0931401,0.0734883,0.0299657,-0.0635535,0.050863,-0.043761,0,0.0810071,-0.0769493,0.267468,0.175416,-0.00630335,0.105093,-0.124832,0.0994743
1037.15,-0.0930371,-0.0273573,-0.0773341,-0.154751,-0.0941634,-0.098388,-0.0590918,-0.0994886,0.0126265,-0.0455512,-0.00522474,-0.108571,-0.128076,-0.0874139,0.0641149,-0.0620247,-0.0711509,0.058047,0.0316247
1037.44,0.116684,0.0451471,0.0341393,-0.0051454,-0.0150589,-0.0888199,-0.0155454,0.0109433,-0.0273491,0.0635913,0.0152784,0.0687473,0.0731527,0.00313254,0.0514393,0.0483406,0.0332715,0.0732463,0.0399622
1037.73,0.0725639,0.171623,0.0704307,0.187954,0.0466174,0.189598,0.198078,0.122821,0.0845775,0.0393377,0.0955409,0.0746886,0.0153207,0.0653726,0.137564,0.0597404,0.0734876,0.107774,0.165623
1038.02,-0.0560837,0.131396,-0.170022,0.166916,0.0181893,0.0196402,0.0590355,0.0496479,-0.149991,-0.163815,0.0587642,0.086441,0.114992,0.124874,0.178111,0.218043,0.276622,0.167322,0.101249
1038.31,0.0498694,-0.102243,0.16252,0.091823,0.0137979,0.012357,0.0518293,-0.047134,-0.116618,-0.0130805,-0.034836,-0.0904514,0.0119601,0.012694,0.0742432,-0.0484446,0.0872715,0.0786229,-0.0237171
1038.6,0.0422755,0.120567,0.0268506,0.043862,0.0631548,0.0520391,-0.0359342,0.0178602,0.0545865,0.0127915,-0.0188873,0.0535806,0.140411,0.0201834,0.0625263,0.0356403,0.191425,0.00946165,0.0599311
1038.89,-0.018515,0,0.172636,0.0594115,0.0152002,0.135384,0.0681295,0.0126166,0.122311,-0.0046684,0.0716269,0.0789538,0.0378962,0.0563054,0.0916027,-0.0325395,0.130996,0.101252,0.110744
1039.18,0.0823568,-0.0503634,0.185625,0.182452,0.111673,0.0212386,0.0918936,-0.0266703,0.0163864,0.0119296,0.0666118,-0.056015,-0.165885,0.0842358,0.0222572,0.181748,0.0584462,0.152568,0.194957
1039.47,-0.0435633,-0.0914803,-0.183746,0.118152,0.00452466,-0.102764,0.0763332,0.137352,0.0402083,-0.217816,0.149077,-0.0159096,0.122118,-0.223909,-0.118385,0.17557,0.241154,0.0495652,0.278218
1039.75,-0.11077,-0.177437,-0.266156,-0.0535285,-0.268099,-0.0375348,-0.00336906,-0.265104,-0.0792596,-0.0407862,-0.0276925,-0.191381,-0.214374,-0.180572,-0.174615,-0.241113,-0.00314977,-0.0600827,0.151061
1040.04,0.00847059,-0.0840492,-0.0152968,-0.0543396,0.0831077,-0.0174877,-0.0318144,-0.124557,-0.113731,-0.176915,0.0789492,-0.147315,-0.0032116,-0.0990169,-0.082047,-0.113439,0.0522523,0.11383,0.1264
1040.33,-0.102375,-0.0159224,0,-0.188806,0.110937,-0.331223,-0.289388,-0.206233,0.0124175,-0.21796,-0.0811387,0.0728138,0.0142144,-0.0513937,-0.102832,-0.19166,-0.0839522,-0.0902571,-0.063226
1040.62,-0.00598175,-0.129123,-0.126011,-0.0663081,0.0448287,-0.103516,-0.14663,-0.0378231,-0.114764,-0.129099,0.0379901,0.00709183,0.0145473,-0.0778346,-0.01925,-0.089344,-0.199338,-0.00607037,0.013628
1040.91,-0.0781253,0.00281707,-0.00566871,0.0134825,-0.0670645,0.122655,-0.053194,-0.0643291,-0.0860685,-0.00588535,-0.0942857,-0.0206352,0.0616653,0.0590385,0.0601364,0.0445301,-0.0661369,0.138916,-0.0151974
1041.19,0.138293,0.131321,0.0842758,0.196922,0.0360712,0.0175751,0.0194943,0.0464834,0.0911038,0.165259,0.078925,0.0855149,0.0969922,0.129938,0.235267,0.17012,-0.0497504,0.014379,0.0790819
1041.48,0.0207849,0.240676,0.129979,0.116395,0.30364,0.233728,0.127877,0.251817,0.235259,0.13485,0.263335,0.315811,0.0102735,0.131836,0.197526,0.23711,0.268929,0.163628,0.329507
1041.77,0.0145489,0.0916894,-0.109617,-0.0217736,0.165438,0.119307,0.124219,0.0815076,-0.0347081,0.13998,0.0361248,0.049235,0.0868358,0.020645,-0.0588756,0.00963571,0.230704,0.128659,0.12937
1042.05,0.0616933,-0.05305,0.0300804,0.20472,-0.0108033,-0.0475967,-0.0132016,-0.0542462,-0.0766713,-0.0529485,-0.141432,-0.0136578,0.1001,0.018555,-0.121909,-0.18865,0.12249,0.0854535,0.0774601
1042.34,-0.122392,0.0462462,0.082692,0.184198,0,0.0104782,-0.0668067,0.0569455,0.0950831,-0.010552,0.167521,0.130893,0.0570207,0.0195319,-0.00954381,0.167894,0.04672,0.130521,0.148488
1042.63,-0.0588877,-0.0368271,0.0282907,0.0710773,0.0752454,0.131296,0,0.0101328,0.0286649,-0.0987596,0.111903,0.00353634,0.0150491,-0.0079438,0.0404304,-0.085243,0.119709,0.110633,0.32115
1042.92,0.122079,0.212634,-0.0832903,-0.05543,0.0516886,0.148538,0.227274,0.109586,0.0502979,0.0615536,0.0443087,-0.135391,-0.0816386,0.111668,0.0532426,-0.00975908,0.192782,0.117102,0.326459
1043.2,0.147822,0.0848357,-0.00997494,0.0336452,0.107829,-0.0449537,0.124825,0.0515018,0.135773,0.0507283,0.135312,0.0459885,-0.0201926,0.102039,0.0761758,0.0428897,0.130842,0.280428,-0.105797
1043.49,0.221183,0.0679292,0.109376,-0.00548588,0.0131687,0.0145298,-0.0557656,-0.0374868,0.0496919,-0.0170826,0.0481974,0.158193,-0.0110255,-0.0178509,0.118518,0.0937171,0.0293631,0.0613421,0.135424
1043.78,0.030278,0.00464214,-0.0510898,0.187211,0.0125923,0.0490073,0.050802,0.0787229,-0.00715663,0.0228251,0.103257,-0.0522745,0.067522,0.101802,0.0481118,-0.0135599,0.0529116,0.0842989,0.103167
1044.06,0.134182,0.0195294,0,0.00277031,0.143908,0.130425,0.136603,0.029506,0.0353591,-0.0327762,-0.0266424,0.0495465,0.13806,0,0.0175682,0.218149,0.030689,0.07689,0.0565863
1044.35,-0.0343378,-0.0769715,0.0751192,0.0347306,0.0573976,-0.0188344,-0.00916128,-0.0235965,0.0594595,-0.0118605,-0.0128579,-0.0813463,-0.113877,-0.124501,0.00307045,-0.0478206,-0.0560335,-0.092022,0.0170701
1044.63,0.104131,0.0823416,0.0730528,-0.0132444,0.272245,0.11622,0.158029,0.151427,0.0851672,-0.0463553,0.0710179,0.125376,-0.00331109,0.0628121,0.153241,0.227232,0.114769,0.244883,0.136705
1044.92,0.141472,0.25847,-0.0589136,0.144407,-0.192501,0.800453,0.0241714,0.102264,-0.261857,0.112546,0.257143,-0.12118,0.434454,0.717963,0.523947,0.418971,0.447251,0,0.0380054
1045.21,-0.0960758,0.0761287,0.109955,0.0434705,0.0467308,0.0276714,0.00762951,0.00362455,0.125521,0.0902387,-0.154571,-0.100315,-0.154158,0.114545,-0.0827641,0.130473,0.0267944,0.0555105,0.0403167
1045.49,-0.0770563,-0.110523,0.0743123,0.0629366,-0.0137316,0.0217075,-0.0916102,0.0854804,-0.0176149,-0.0473162,-0.0882311,-0.125728,-0.085254,-0.0697144,0.0380865,0.0437576,-0.0514205,-0.0203334,-0.0235618
1045.78,0.190337,0.124083,0.064201,0.186707,0.124719,-0.0349599,0.0903326,0.130324,0.138895,0,-0.118796,-0.081573,-0.0591466,0.0595907,0.27809,0.0170536,0.278263,-0.0889118,0.203368
1046.06,0.16438,-0.0251366,-0.064918,0.132721,0.110261,-0.0146864,0.0389085,0.124057,-0.118099,0.010333,0.0300627,-0.00561321,-0.14136,0.230754,0.0595262,0.0141304,0.0239281,0.0791054,0.168502
1046.35,-0.0105405,0.165298,0.24,0.111084,0.360782,0.258207,0.0586834,0.118481,0.163704,0.105677,0.253831,0.0254072,0.158836,0.282609,0.251307,0.171429,0.377855,0.2704,0.293154
1046.63,0.0112491,0.0393895,-0.0353391,0.0914615,-0.316324,0.0644002,-0.0410004,0.0489666,-0.0813567,-0.274617,0.162363,-0.111721,-0.152274,0.00398929,-0.143936,-0.18894,0,-0.0725515,0.052027
1046.92,-0.0923736,0.0640875,-0.00403281,-0.129492,0.242861,0,0.0668837,-0.182146,-0.0425381,-0.0619186,0.0481398,-0.00419012,0.0228699,0.111825,0.275286,-0.0977887,-0.0762331,-0.0255945,-0.0175054
1047.2,-0.0271714,0.0573103,-0.112112,-0.335838,0.00939146,-0.277048,-0.23179,-0.203902,0.00999519,-0.0926999,-0.203254,-0.199904,-0.230152,-0.151403,-0.099206,-0.0570259,0.0490992,-0.22273,-0.0913507
1047.49,0.304553,0.200375,0.200016,0.242498,0.106577,0.230856,0.308975,0.143024,0.202369,0.0343798,0.238374,0.11413,0.0988631,0.26023,0.209717,0.113052,0.307453,0.30547,0.369169
1047.77,0.146419,0.264458,0.0770863,0.0402251,0.0607818,0.142159,0.051811,0.165928,0.140198,0.190186,0.078449,0.267141,-0.133612,0.328927,-0.00608463,0.210628,0.0967793,0.401586,0.10684
1048.06,0.166897,0.0590778,-0.143224,0.00901863,0.0384424,0.00840927,-0.0672741,-0.00439778,0.0195996,0.228496,-0.00898608,0.0204868,-0.00925332,0.117412,-0.0534777,0.130095,-0.00460952,0.00957363,0.151367
1048.34,0.223407,0.367965,0.459956,0.729241,0.334286,0.142105,0.114231,-0.0306186,-0.0523348,0.589091,0.738107,0.254571,1.275,0.801429,0.0768103,0.453051,0.429125,0.77,0.455792
1048.62,0.147957,0.216164,-0.0777723,-0.008906,-0.129159,-0.0744172,0.0648822,0.0478859,-0.0157971,-0.169214,0.0725594,-0.0114014,-0.0231381,0.0870525,-0.171459,0.130572,-0.125871,-0.119309,0.0292919
1048.91,0.118224,-0.00652408,0.074577,0.398253,0.451759,0.220718,0.075952,0.312195,0.146792,0.0816126,0.326077,0.236351,0.265502,0,0.0207706,0.0213143,0.151581,0.245489,0.120445
1049.19,0.300814,0.186249,0.156316,0.35775,0.742124,0.201234,0.716113,0.326224,0.276533,0.0956687,0.177692,0.488916,0.106105,0.22338,0.753662,0.274625,0.566082,0.778105,0.364026
1049.48,0.336934,0.280544,0.280669,0.429828,0.290824,0.58605,0.46765,0.21917,0.211814,-0.00720114,0.219962,0.147574,0.0757834,0.316602,0.0970116,0.165124,-0.00716601,0.172194,0.371613
1049.76,-0.139948,-0.0902564,0,-0.0488889,-0.0627149,-0.0270769,-0.0468639,-0.113585,-0.0906294,-0.128501,-0.0164435,-0.0404133,-0.195096,-0.10315,-0.0362637,-0.0600227,-0.135385,0,-0.0423478
1050.04,-0.000405472,0.0166453,0.00684616,-0.00701835,-0.00549349,0.000852823,0.0116328,0.00714359,0.0133107,-0.00981899,0.00689302,-0.0165138,0.00347658,0.0293291,-0.00105611,0.00704362,0.00590367,-0.00322731,-0.0137185
