wavelength_nm,8,12,16,20,24,28,32,36,40,44,48,52,56,60,64,68,72,76,80
349.501,0.0766714,0.0441441,0.00326871,0.0141892,0.075039,0.041074,-0.0399004,0.0844373,0.0277067,-0.00281227,-0.0342096,-0.136871,0.0017058,0.203093,-0.0159628,0.0563906,0.00938834,0.112378,0.0467014
350.001,0.403201,0.25886,0.353048,0.44131,0.214448,0.275644,0.14982,0.30651,0.541633,0.034928,0.554373,0.0441892,0.236472,0.276117,0.0737314,0.33032,0.168482,0.435448,0.55973
350.501,-0.0946324,-0.0568188,-0.143223,-0.139533,-0.253437,-0.0683279,-0.198033,-0.0569507,-0.0895928,-0.0635903,-0.273438,-0.107078,-0.0578967,-0.0617976,-0.18192,-0.134502,-0.0688675,0,-0.0758241
351.001,0.155654,0.0455583,0.00633243,0.0969785,-0.00574265,0.0163617,-0.0570731,-0.0331557,0.00494304,0.0620206,-0.0772865,0.251036,-0.262467,0.026625,-0.00387914,0.0460415,-0.0144037,0.097625,0.00269931
351.5,0.193424,0.28835,0.105355,0.259128,0.362045,0.218077,-0.0115116,0.245455,0.226286,0.159463,0.504083,0.297,0.0707143,0.0464062,0.314135,0.201356,0.226164,0.333367,0.237187
352,0.11,0.26818,0.15241,0.253891,0.072474,0.0247346,0.201746,0.218642,-0.0141604,0.0916034,0,0.414,0.195774,0.123936,0.0122222,0.132164,0.236619,0.295167,0.235552
352.5,-0.0150716,0.0748343,0.151782,0.148168,-0.0379193,0.181011,-0.0142974,0.284394,0.145687,-0.0401965,0.0830612,0.206089,0.0472411,0.140166,0.137203,0.0944821,0.152413,0.257233,0.18315
352.999,0.210751,0.141017,0.029082,-0.0890636,-0.112238,0.0122402,-0.015228,0.0371914,0.0268605,-0.0966977,-0.0565483,0.158521,-0.397151,0.0966977,0.0501395,-0.0703256,0.0821018,-0.120872,0.038991
353.499,0.750899,0.718212,-0.0221864,0.760635,0.358919,0.0803067,0,-0.349067,0.391477,0.426637,-0.0503462,-1.51038,0.133119,-0.113826,0.253985,-0.037942,1.00841,0.6545,0.768587
353.998,0.184003,1.02026,-0.0509987,0.0655984,0.245716,0.582768,0.189694,0.804618,0.298326,0.356136,0.917319,0.434917,-0.194713,0.128674,0.0560254,0.156009,0.00836379,0.456207,0.97281
354.497,1.37657,2.58107,3.1767,0.999124,-1.78954,-0.902122,1.2194,1.88399,4.23232,4.09411,4.30179,2.86011,-1.34665,5.38658,-0.831486,2.24441,0,1.08297,-0.280933
354.996,-1.11467,-1.71236,-1.53806,-1.49573,-0.415117,-4.57341,-0.570786,-1.85719,1.28836,-0.922755,-3.73494,-0.27611,1.07486,-1.47529,-2.22933,-1.77351,-3.344,0.473538,-0.785473
355.495,-0.0272978,0.656633,-0.210638,-0.0778846,0.367383,0.182582,0.106071,-0.3663,0.372451,0.00699153,0.17325,0.454128,0.394167,0.470599,0.0103125,-0.0150915,-0.0162829,0.405738,0.322826
355.994,-0.0772871,-0.0755911,-0.25294,0.221749,0.104681,0,-0.0677982,0.127625,0.208455,0.0217044,0.0573109,-0.357746,0.555865,-0.0277486,0.0570871,0.12385,0.0274018,0.131529,-0.102946
356.492,0.384353,0.878451,-0.5016,0,0.602609,0.0893233,0.773014,-0.254571,-0.216207,0.01188,-0.951923,-0.46487,-0.670272,0.16787,-0.859737,-0.535574,-1.18385,-0.130837,0.392264
356.991,-0.778424,-0.446707,-0.770378,-0.428909,-0.582852,-1.09645,-0.210048,-0.196962,-0.509873,-0.415869,-0.506512,-0.864966,-0.332433,-0.533696,0,-0.436852,-0.874476,-0.667291,-0.670316
357.489,-0.0284016,-0.183917,-0.065625,0.227107,-0.292935,0.119726,0.478591,-0.364737,0.382105,-0.0934682,-0.18375,0.0882803,-0.0814423,-0.0357743,-0.331976,0,0.0955263,-0.020625,0.00525
357.988,0.511355,-0.13811,0.231312,0.090678,0.628398,0.348751,0.252754,0.149619,0.220667,0.291756,0.199492,0.0502216,0.263122,0.689633,0.201985,0.139001,0.593529,0.335918,0.174555
358.486,0.719795,0.44416,0.301823,0.625036,0.269485,0.449396,0.512894,0.0704828,0.479194,0.209959,0.604305,0.169882,0.248289,0.642177,0.361132,0.632077,0.4785,0.552115,0.173621
358.984,0.00424459,0.019245,0.00346921,-0.000797468,-0.0292405,-0.0244697,0.0197571,0.0209077,0.0062254,-0.0296523,-0.00479151,-0.00400758,-0.00542099,0.0089346,-0.0219304,-0.0033902,-0.0193803,-0.00339254,-0.00743403
359.482,-0.13881,-0.161902,0.0205175,0.066926,-0.0520536,-0.143739,-0.0929528,0,-0.182822,-0.00287412,0.209075,-0.114593,-0.0866371,-0.19866,-0.154146,-0.0470961,0.0664942,-0.147553,0.0831884
359.98,0.375933,0.494557,-0.830415,0.274371,0.854524,0.160183,-0.569348,1.4259,0.344605,-0.462955,0.400284,0.217044,-1.06803,-0.1455,-0.155893,-0.690665,0.989738,0.946259,-0.0559615
360.478,-0.715385,-0.0296703,-0.045,-0.286624,-0.0110429,0.162581,-0.190244,-0.0687023,-0.0818182,0.241611,-0.681988,-0.0211765,0.541463,-0.505882,0.024,0.201316,-0.315789,-0.07,-0.439024
360.975,0.791318,0.605232,-0.0203865,0.663616,0.264768,0.519393,0.274714,0.305059,0.219802,0.664707,0.506842,0.285981,0.692261,0.256081,0.369433,0.299234,0.246537,0.54502,0.314579
361.473,0.78335,0.558668,0.301288,0.227058,0.343574,0.515864,0.246874,0.11534,0.414334,0.560445,1.00505,0.248061,0.418584,-0.114637,0.52613,0.699691,0.571969,0.478381,0.91056
361.97,0.956247,0.102033,0.636205,-0.200963,0.730776,0.581531,0.28562,0.282963,0.473582,0.2897,-0.0150215,-0.146756,0.237754,0.894194,0.0751075,0.142309,1.96031,0.79215,0.821217
362.468,0.0254341,0.3476,-0.273286,-0.066093,0.188697,-0.00744857,0.375408,0.401077,0.169561,0,0.536887,0.633477,-0.146358,-0.213908,0.3792,0.210008,0.620509,-0.0714247,0.0915973
362.965,1.32909,2.31171,0.585433,1.36043,1.79769,1.47279,2.42846,2.73428,1.5692,1.42885,-0.496261,1.76353,1.28795,1.06555,0.958819,1.18736,2.62731,0.645995,3.27842
363.462,0.102946,0.692025,0.528456,0.172766,0.753362,0.52869,0.305056,0.789494,0.251223,0.814147,0.404988,-0.143508,0.69055,0.385557,0.411674,0.177949,0.77602,0.420005,0.845989
363.959,-0.164309,0.0429482,0.015977,0.246657,0.094153,0.278062,-0.0175263,0.0973936,-0.218842,-0.491424,-0.153821,0.262895,-0.264902,0.0279405,-0.232561,-0.00675664,-0.106318,0.123057,0
364.456,-0.395818,-0.334336,-0.248956,-0.615717,-0.204894,-0.330833,-0.453998,-0.385492,-0.131762,-0.351838,-0.351142,-0.301017,-0.186034,-0.381158,-0.6221,-0.268298,-0.0633309,-0.0936583,-0.370173
364.953,0.235232,0.561349,0.225688,0.31186,0.391667,0.161434,0.721177,-0.0750414,0.770612,0.583656,0.431725,0.10925,-0.196537,0.262619,0.412406,0.471085,0.451817,0.818885,0.325193
365.449,0.0240608,0.0939956,0.198629,0.239113,-0.0143133,0.0594,0.176233,0.163769,-0.00284551,0.0838588,0.03744,0.0988855,0.08316,-0.0918261,0.0396,0.218842,0.0964873,0.124283,0.072864
365.946,-0.344841,0,-0.307577,-0.0342444,0.187275,-0.190765,-0.228918,-0.372289,-0.185314,-0.239381,0.48944,-0.0306186,-0.3656,-0.360552,-0.2586,-0.336621,0.185072,-0.210761,-0.486271
366.442,-0.012973,0.06624,0.125322,0.118154,0.0326598,0.112,0.0341502,0.0973521,0.213231,0.135966,0.0430207,0.188308,0.111208,0.107741,0.143311,0.1344,0.159859,0.13402,0.246857
366.939,0.0486648,0.124869,0.20965,0.231909,0.22733,-0.177843,-0.0504285,-0.410239,-0.204181,-0.102648,0.0350024,-0.140658,-0.176106,0.0556123,0.20783,-0.00469615,-0.0417436,-0.0299755,-0.139543
367.435,0.580633,1.01103,0.955235,0.901689,0.496037,0.245915,1.33546,0.653212,0.357313,0.808739,0.263409,0.568409,0.691372,0.483861,0.664436,0.361779,0.580633,1.29238,0.276655
367.931,0.0473469,-0.160946,-0.349554,-0.195989,-0.356991,0.0192857,-0.111239,-0.43153,-0.0699107,0.034242,-0.256453,-0.0997787,-0.390697,-0.17818,-0.0845978,-0.0513106,-0.116078,-0.232512,-0.0299617
368.427,0.0869268,0.0419384,-0.0364532,-0.0239562,-0.0605187,-0.0175864,0.0142503,-0.023284,-0.0212017,-0.0567988,-0.0686264,0.0487638,-0.1003,0.115902,-0.0384207,-0.11097,-0.0084669,0.00971249,0.0765677
368.923,-0.0414545,0.269746,0.00903965,0.348218,0.201536,0.1995,0.18,0.122931,-0.0106321,-0.0355838,-0.0654894,0.312686,-0.0608644,0.0408358,0.119148,-0.451929,-0.208832,0.199223,0.307186
369.418,0.0650184,0.282152,-0.00648709,0.275485,0.232055,0.300643,0.29917,0.237023,0.104029,0.243473,0.255845,0.182306,0.141396,0.265615,0.224154,0.0688915,0.268965,0.148132,0.313943
369.914,0.365131,0.440826,0.330696,-0.28837,0.170886,0.22208,0.546661,0.460722,0.183155,0.017486,0.097534,0.0902935,-0.1095,0.232642,0.402135,-0.185197,0.230644,0.311717,0.316696
370.409,0.672069,0.913387,0.0192649,0.867553,0.202692,0.485239,-0.619011,0.081,0.634086,-0.0688696,0.693385,0.06075,0.72222,0.669381,0.747571,0.235188,0.120135,-0.0456923,0.036
370.905,1.13897,2.21965,0.551489,0.0770766,1.6299,-0.121385,2.20721,1.54941,3.98451,1.24752,1.05291,2.12382,1.25562,1.48247,1.06641,1.09813,0.875696,1.20029,2.02097
371.4,2.47191,0.869107,0.891605,1.4633,0.411553,0.1884,0.81012,0.351184,1.03812,1.07147,1.0362,1.00416,0.759677,0.735938,1.33109,0.733719,-0.265065,0.8792,1.12693
371.895,0.387391,0.072,0.773182,0.497571,0.234474,0.354316,0.255169,0.187809,0.66825,0.264516,0.189425,0.326516,0.10395,0.276375,0.201194,0.31857,0.180387,0.339663,0.299293
372.39,-0.297818,0.060411,-0.519308,-0.336553,-0.0348158,-0.0494579,-0.351498,0,-0.183892,-0.292795,0.349884,-0.038534,-0.183273,-0.502645,-0.010584,-0.168669,0.382974,0.431286,0.50225
372.885,0.0641717,0.108871,0.406907,0.0412057,0.126529,-0.0159052,0.166084,-0.0214161,0.197117,0.181624,-0.1024,-0.0605066,-0.0119678,0.0200118,-0.220566,-0.275755,0,-0.176326,0.112937
373.38,-0.142265,0.127423,0.208154,0.191603,0.102821,0.154232,0.0337726,-0.0292019,0.180524,-0.0451085,-0.0347215,0.1748,0.111676,-0.154232,0.14656,-0.149379,0.146348,0.186899,0.166634
373.875,1.02252,0.52,0.506667,0.89498,-0.0286239,0.428235,0.461084,-0.468,1.55342,-0.0773554,1.03557,0.974049,0.234586,1.61327,0.669528,0.849702,0.933543,0.617385,-0.119084
374.369,-0.754286,-1.12172,0.450427,-1.95237,-0.845393,0.311461,-0.513893,-0.200506,-1.06244,-1.68348,-0.810419,-0.942857,-0.497391,0.518131,-0.146667,-0.583579,0.808851,-0.713175,-0.955862
374.864,-0.260885,0.293321,0.659647,0.496507,0.735449,0.242284,0.289676,0.293384,0.237543,-0.34679,0.72764,0.814957,0.452754,0.0108951,0.24127,0.578804,0.285393,0.193423,0.780278
375.358,0.0225318,0.0151368,0.0111806,-0.0837352,-0.11646,-0.129873,-0.0655926,-0.0685637,-0.368375,-0.142958,0.0778912,-0.0843333,-0.181362,0.0151368,-0.0567628,-0.0866099,-0.069494,0.0572028,-0.0138576
375.852,0.226875,0.124405,0.343447,0.197393,-0.100912,-0.0532895,0.1125,0.0664024,0.166231,0.2475,0.0641192,0.279603,-0.195395,0.224477,0.069099,0.267399,0.375271,0.300536,0.238477
376.347,0.176394,0.149423,0.0900457,0.228927,0.0888178,0.165479,-0.25102,0.0703718,0.148997,0.183311,0.0824686,0.259379,0.083037,-0.0352309,0.0122712,0.0900457,-0.334173,0.270774,0.211733
376.841,0.21033,0.506512,0.517706,0.817143,0.401845,-0.00779528,-0.0415385,-0.0602281,0.0189474,0.32431,-0.128966,-0.558713,0.37224,0.446848,0.34795,0.197015,0.218136,0.525556,0.642632
377.335,0.0284004,0.23466,0.0909055,0.181717,-0.00569872,0.0964711,-0.0228915,0.00219253,0.0553046,0.18564,0.0836908,0.107924,0.00477242,0.120785,0.0077919,-0.0146274,0.156267,0.0224033,0.182426
377.828,-0.0363963,0.0409124,-0.0916034,-0.0621546,0.0654748,-0.103847,-0.0543001,-0.141167,-0.137375,-0.0642972,-0.196464,-0.151604,-0.0777335,0.0134801,0.0633403,-0.132574,0.0168907,0.15611,0
378.322,-0.015893,-0.11716,-0.252095,-0.0734073,-0.340211,-0.279722,-0.350942,-0.245538,-0.412293,-0.415932,-0.160904,-0.188025,-0.0804911,-0.202202,-0.509438,-0.00852923,-0.037629,0.0778756,0.128497
378.816,-0.0582731,0.0359702,-0.120134,-0.0108923,-0.0902857,-0.0609219,-0.0543462,0.0246278,-0.16477,-0.0106711,-0.0224791,-0.0488961,-0.0265824,-0.0137326,-0.133128,-0.0773897,-0.0312129,-0.0142679,0.00827007
379.309,-0.200146,0.0405094,-0.159252,0.446964,0.154386,0.22324,0.0311367,-0.015062,0.760363,0.182226,0.0934814,0,0.230839,-0.252632,-0.103974,0.105018,0.264662,0.471008,0.20618
379.802,-0.0389163,-0.0657481,0.0189052,0.0480615,-0.0322109,0.00804258,0.00876641,0.0433504,0.039081,-0.0117059,0.0184917,0.0505755,0.0110192,0.00804258,0.0129341,0.00775789,0.00952871,0.0172567,0.160548
380.296,-0.0661239,0.0529682,0.115483,-0.0373015,0.0115349,0.0903349,0.0377266,0.0258746,-0.0198829,0.0116414,0.0177905,-0.127327,0,0.00249567,-0.0142449,0.0359537,0.0825751,0.00909481,0.188487
380.789,0.00946057,-0.0645197,0.250705,-0.0786039,-0.0527373,0.128201,-0.0990759,0,0.0135761,-0.14902,0.248047,0.0808726,0.0637386,-0.0785792,0.10446,-0.0280341,0.0441948,0.0171716,0.177078
381.282,-0.0584461,0.0855309,-0.0042617,0.00397207,-0.0703867,0.172985,0.120804,0.137725,0.0867836,0.0938355,0.10965,-0.0574688,0.0337421,0.115323,0.0686107,0.120069,0.147129,0.247692,0.133973
381.775,-0.0247785,0.0724249,-0.00371919,-0.110605,-0.0704344,0.13677,-0.0814056,0.0313634,0.314962,-0.195061,0.0123093,0.158054,0.0667697,-0.0799976,0.167248,0.0691284,0.0405553,0.121139,0.242651
382.267,0.139022,-0.252911,-0.0552657,0.12515,-0.0453893,0.130892,-0.028243,0.035634,0.0230987,-0.217127,0.123453,0.0295063,-0.0184219,-0.0504871,0.0724356,0.068047,-0.0191304,-0.0988506,0.179907
382.76,0.173047,0.151234,0.08862,0.222616,0.0704415,0.0341771,0.115008,0.099261,0.066991,0.077796,0.184364,0.325676,0.145308,0.0630962,0.155297,0.116084,0.212936,0.217894,0.222467
383.253,-0.162179,-0.0666078,-0.00484201,-0.0982017,0.00741316,-0.076723,-0.0147123,-0.12314,-0.0199749,-0.0690375,-0.0401595,-0.0862015,0.0373329,-0.0806516,0.0147123,-0.108912,0.00749058,0.0213698,0.131814
383.745,-0.0541548,0.0668273,0.206393,0.12009,0.096742,-0.0545548,0.0474155,0.136776,0.0694095,0.0461174,0.0188109,0.177346,-0.00505616,0.127558,0.171152,0.0541982,0.0613804,0.244609,0.236707
384.237,-0.00522168,0.0860761,-0.0742128,-0.0330863,0.0973944,-0.081725,0.0915832,0.0838914,0.00869822,-0.0334793,0.095562,0.0864137,-0.0795398,0.0250403,0.137303,0.0377135,0.0843195,0,0.287305
384.73,-0.0658926,-0.0635052,0.083134,-0.0573867,-0.190515,-0.165947,-0.116124,0.0429734,-0.0379581,-0.0822665,-0.037594,0.0678645,-0.00602024,-0.00565538,-0.0408247,0.128746,-0.125557,0.0145155,0.0592397
385.222,0.140482,0.13856,0.143719,-0.040625,0.10364,0.158028,-0.0184874,0.189848,0.10303,0.094132,0.080791,0.0639889,0.0483516,0.141026,0.114706,0.171875,0.123716,0.0611111,0.332558
385.714,0.180537,0.142558,0.228566,0.12929,0.147442,0.13642,0.104197,0.249477,0.126364,0.13333,0.24758,0.264058,0.0306842,0.21238,0.192884,0.272314,0.185338,0.237031,0.298541
386.205,0.0344929,0.0226004,-0.0210062,0.0618132,-0.0337259,-0.00450902,-0.0407445,0.0714286,0.00436893,-0.0307517,0.0185567,-0.0600348,-0.129187,0.00485961,0.0454036,0.110341,-0.00668317,0.089891,0.021327
386.697,0.152689,0.260631,0.102739,0.164489,0.389751,0.0853893,0.245887,0.234951,0.147789,0.278251,0.261001,0.0596841,0.126354,0.0817143,0.0869,0.193388,0.177835,0.198484,0.265594
387.189,0.10536,0.184148,0.0330217,0.0274805,0.0963474,-0.0816837,0.0231524,0.0339713,-0.0218971,0.0526801,0.00242814,0.0267274,-0.0057288,0.0787145,-0.00954049,0.0560126,-0.01104,0.0117635,0.159078
387.68,-0.0810372,-0.0202765,0.0111707,0.0210498,0.0863956,-0.00636075,0.0192176,-0.0397974,0.00669057,-0.0422859,0.00317479,0.0515149,-0.0896198,0.0957968,-0.0798531,0.0665536,-0.0194814,0.0259052,0.0727644
388.172,0.122615,0.0826574,0.112937,0.130263,0.0570391,0.0845773,0.0624533,0.0581826,0.0796781,-0.00916667,0.107283,0.0933124,-0.0365989,0.0672051,0.109123,0.146897,0.140051,0.128663,0.194372
388.663,0.0310126,0.121777,0.144216,0.161578,-0.0388477,0.140088,0.17361,0.167119,0.138245,0.137119,0.0391566,0.0476421,0.0522019,0.0596842,0.0249244,0.293675,0.202252,0.259643,0.218091
389.154,0.146067,0.175749,0.0302293,0.129979,0.0551563,0.0466395,0.101813,0.149599,0.0820213,0.112987,0.138716,0.0564322,0.0675195,0.0860882,0.054274,0.0804363,0.197718,0.185869,0.235878
389.645,0.0372172,0.033831,0.00634741,0.0739657,0.131715,0.165924,0.121756,0.051906,0.0268812,0.082588,0.0785673,0.0361942,0.0661726,-0.00599655,0.0206291,0.0471964,0.0249996,0.0886774,0.153469
390.136,0.186479,0.151751,0.252854,0.217865,0.151436,0.241145,0.15352,0.204897,0.306814,0.100278,0.175933,0.364718,0.207416,0.2639,0.256706,0.134189,0.154852,0.199674,0.355374
390.627,0.0790351,0.14297,0.0732608,0.127526,0.052193,0.0922335,0.171082,0.213091,0.139285,0.142123,0.16863,0.102091,0.134727,0.178963,0.104478,0.189694,0.261129,0.144235,0.259366
391.118,0.066508,0.160145,0.125618,0.162085,0.0404497,0.0828726,0.0455522,0.211093,0.147563,0.0771367,0.0682542,0.19032,0.173173,0.116537,0.208535,0.154185,0.236815,0.21223,0.284115
391.608,0.00323741,0.0339825,-0.00842066,0.0892857,0.0812808,0.0122473,-0.0539026,-0.01641,-0.0323482,-0.0261628,-0.048588,-0.0133249,0.0148026,0.0287081,0.100962,0.0926898,0.103067,0.0208655,0.144
392.099,0.095193,0.144163,0.156088,0.167871,0.0533765,0.183202,0.050026,0.0130414,0.089753,0.145075,0.0883708,0.112075,0.0818431,0.0725404,0.0639947,0.114328,0.0299202,0.10788,0.223405
392.589,0.04928,0.0223543,0.142728,-0.00894451,0.134968,0.0660241,0.00190142,0.0734826,0.0854279,-0.00758154,0.0266142,0.0216392,0.0298057,-0.00557119,0.0330074,-0.0593219,0.117957,0.133088,0.177884
393.08,0.0240943,0.0854875,0.0211525,0.040648,0.0180682,0.0755359,0.0443058,-0.0246235,-0.0160616,-0.0531001,-0.0487101,0.0187385,0.00293964,0.00645366,0.0677981,0,0.0538599,0.122366,0.153293
393.57,0.00147656,0.0784479,0.0825152,0.0720782,-0.00780944,0.0253979,0.0174019,0.0447548,0.0740027,-0.0335012,0.0533808,0.0528497,0.0135356,-0.0353839,0.0135775,0.0652571,0.155986,0.104696,0.187837
394.06,0.138645,0.14896,0.0883366,0.0677806,0.115269,0.0972632,0.0738542,0.0805188,0.0888532,0.0496784,0.0878748,0.0315701,0.0685487,0.0656253,0.0991676,0.0962888,0.127974,0.209159,0.184252
394.55,0.0859203,0.0615295,0.116949,0.0882922,0.0283013,0.0521974,0.0778833,0.048538,0.149887,0.0758498,0.0519685,0.103141,0.0750822,-0.0131654,0.0793821,0.101234,0.142033,0.178728,0.180321
395.04,0.0329193,0.0580691,0.0376915,-0.00859408,0.0531778,-0.0311625,-0.022511,-0.0356811,-0.068106,0.0599245,0.00636917,-0.0273834,0.0365213,0.0616924,0.0173705,0.0134679,0.0850483,0.11346,0.186852
395.529,0.0312728,0.127432,0,0.0740864,-0.00464538,-0.0706981,-0.0113488,0.107152,0.037899,0.0680708,0.0265169,-0.00977725,0.0424766,0.133112,0.0452229,0.034358,0.126264,0.0775171,0.148288
396.019,0.0184801,0.0217867,-0.00413274,-0.0681489,0.032394,0.0200349,0.057195,0.0385226,-0.0100443,0.00439316,-0.0169459,0.0607227,0.0422692,0.0147856,0.0652508,0.0260065,0.13616,0.144761,0.143767
396.508,-0.0199681,-0.010071,0.0577331,0.018436,0.0737055,0.00563079,0.00919286,-0.0122683,0.0225497,0.0711281,0.00973674,0.0236119,-0.0703449,0.080222,0.0240984,0.0725755,0.114071,0.206925,0.289181
396.998,0.0469687,0.0202731,0.0270727,0.0343383,0.0376671,-0.0825328,0.0156319,0.0311108,0.0365106,-0.00395272,-0.010932,0.0474326,-0.0488916,0.0371331,0.0350551,0.00891484,0.0399499,0.124759,0.139613
397.487,-0.13356,-0.0107467,-0.0499789,-0.0777339,-0.0476101,-0.0544344,-0.0384543,-0.0864714,-0.0919586,-0.105143,-0.0831414,-0.0828118,-0.0746516,-0.0418785,-0.0145127,0.0111045,-0.109786,-0.0168572,0.0530231
397.976,-0.0128574,0.046555,0.0827127,0.0628536,-0.0152542,-0.0305305,0.0642926,-0.0083699,-0.0147334,-0.0551758,-0.0540851,-0.0455219,-0.032819,-0.0223475,0.0602743,0.0178622,0.106218,0.149281,0.160731
398.465,0.151585,0.104665,0.0596056,0.100905,0.0695437,0.0772819,0.0430019,0.122428,0.0794535,0.0996667,0.0300916,0.109735,0.0747438,0.112027,0.0915426,0.101996,0.113446,0.136683,0.193641
398.954,0.0280227,0.0318582,0.0875533,0.0507243,0.117627,0.0566846,-0.0147542,0.0228388,-0.0103666,0.0420563,0.0379298,-0.00839553,-0.00848062,0.0383795,0.0718815,0.072042,0.082198,0.0478433,0.189047
399.443,0.037174,0.132226,0.0356644,0.153512,0.0177373,0.0243624,0.051671,0.00398706,0.0936453,0.0610084,0.063268,0.0414204,0.00142353,0.0625939,0.0422831,0.0850338,0.118123,0.197651,0.174329
399.931,-0.0294222,-0.0167968,0.0471237,-0.0444158,0.0260491,-0.0240553,-0.0381688,0.00633908,-0.00362347,-0.0187206,0.00521517,-0.0129193,-0.087223,-0.0108476,0.0417038,0.0276926,0.0198848,0.0549881,0.129747
400.42,0.00881133,0.0382062,0.0749707,0.0422732,0.0981991,0.00975786,0.0795387,0.0696531,0.114575,0.0832378,0.0435592,0.0808474,0.0290467,0.00105837,0.0339649,0.0578847,0.169123,0.12275,0.15402
400.908,0.0208185,0.0720835,0.0923749,0.0986027,0.0205629,0.114597,0.0606312,0.0092829,0.00679364,0.0240318,0.0570783,0.0342917,0.00846881,0.0777533,0.00266762,0.0480171,0.0843191,0.170362,0.202475
401.397,0.0271841,-0.00816587,0.0109887,0.00619515,-0.0196886,-0.00730452,-0.00713175,0.00963664,-0.0528877,0.0528759,0.0379953,-0.0201115,0.0107383,-0.00831251,-0.00588743,0.0140592,0.0395238,0.0443427,0.168905
401.885,0.0457453,0.0673398,0.039475,0.0660508,0.0310028,0.0292148,0.0800653,0.0094012,0.0328734,-0.00593684,-0.0144533,0.0278174,0.0910482,0.0113584,0.0925272,0.0571557,0.0858369,0.108114,0.214731
402.373,0.078915,0.0184099,0.0315597,0.021266,0.0349754,0.00366194,0.0222062,0.0494481,0.0721151,-0.00356981,0.0128064,0.0344597,0.0450727,0.0688785,0.0332485,0.0631684,0.0747834,0.13315,0.117894
402.861,0.0809406,-0.011206,0.0259003,0.0856338,0.0725683,0.0288986,0.0306801,0.0281039,0.0206548,-0.00280149,0.0324768,0.0256145,0.0586787,0.0540717,0.0222653,0.0431431,0.0803813,0.0989002,0.185422
403.349,0.0566895,0.108271,0.114761,0.0992116,0.0938025,0.0912162,0.0888893,0.0905422,0.0807728,0.058883,0.0311239,0.0213314,0.0637597,0.0151607,0.0765297,0.105591,0.136664,0.126364,0.193975
403.837,0.152443,0.0882194,0.137891,0.0964589,0.100564,0.139685,0.144586,0.061541,0.082455,0.190107,0.111562,0.101463,0.0867015,0.0838091,0.0692069,0.111091,0.106253,0.216894,0.268947
404.324,-0.0220488,0.0803055,0.0269258,0.0212049,0.0200225,-0.0207861,0.0339065,-0.0652515,-0.0111073,-0.00983445,-0.028653,-0.00721305,-0.0117353,0.024427,0.0162103,0.0412621,0.0252229,0.0540587,0.119613
404.812,0.031253,-0.00742996,0.0235801,-0.0218004,0.0555158,0.0304775,-0.0165318,0.00176681,0.00285492,-0.00367957,-0.0175337,0.042196,-0.0090058,-0.0183541,0.0808446,0.0456585,0.0784579,0.145827,0.130833
405.299,0.0927512,0.114108,0.133544,0.0671231,0.0961819,0.0631105,0.088086,0.0818881,0.0800624,0.0855776,0.0951817,0.125891,0.0798925,0.072364,0.0749039,0.12853,0.135275,0.154629,0.174203
405.786,0.0189729,0.0360568,0.0788774,0.0502764,0.0489229,0.036468,0.0263441,0.00882696,0.0459684,0.0387441,0.0653478,0.020408,0.0339964,0.0437776,0.00516214,0.0569947,0.0987115,0.142648,0.142126
406.274,0.0295051,-0.0103084,0.0400565,0.0100192,0.0149156,-0.00784447,0.0270595,-0.0144756,-0.011594,0.020888,0.00266954,-0.024984,0.0109851,0.0054783,0.00264386,0.0686026,0.0345717,0.0427127,0.135195
406.761,0.00826677,0.028107,0.0191741,0.0299906,0.0223828,-0.0358978,0.0283076,-0.0172999,-0.042077,-0.0252222,0.0163397,0.00507336,-0.0124944,0.0025045,0.0174912,0.0308363,0.0685186,0.0369409,0.147872
407.248,0.0293228,0.0860913,0.0465396,0.026386,0.052645,0.062861,0.0354111,0.0513748,0.029377,0.0501634,0.0429682,0.0380404,0.0422294,0.0699851,0.0528593,0.0903867,0.0730198,0.148589,0.116692
407.734,0.0792526,0.0395062,0.069555,0.0415353,0.0454301,0.0411652,0.043816,0.030086,0.0633367,0.0469024,0.0261709,0.0261117,0.031172,0.0263453,0.0513126,0.0668076,0.0725152,0.0956649,0.148577
408.221,0.0775231,0.0567503,0.0561905,0.069305,0.100472,0.0709506,0.0551831,0.0739492,0.0272706,0.0466212,0.0555415,0.0314922,0.0454165,0.00902387,0.0811438,0.0879828,0.151243,0.103665,0.212148
408.708,-0.00221966,0.036514,0.0217723,0.0135456,0.0611051,0.0133438,0.027955,0.00540271,0.0282812,0.00836031,0.00578082,0.0174807,0.0167361,0.0132409,-0.00225463,0.0769101,0.101711,0.117955,0.167146
409.194,0.00479495,0.012651,0.0564809,0.00994262,0.00302647,-0.0172241,-0.0240652,0,-0.00706011,-0.0174967,-0.0215819,-0.0097618,-0.00742964,-0.0163218,-0.00236113,0.0483602,0.049655,0.0338926,0.14051
409.681,0.0914157,0.0663398,0.0889792,0.10589,0.0592392,0.0724609,0.0603117,0.0837104,0.041014,0.067424,0.0708271,0.0542442,0.0226231,0.0865301,0.0726711,0.0650914,0.111261,0.151968,0.186489
410.167,0.0186836,0.0468468,0.00857014,0.0545303,-0.00963149,-0.00408244,0.0390028,-0.00920316,0.00556239,0.0184372,-0.00627883,0.000777206,-0.0271032,0.00938362,0.00822276,0.0223309,0.0773674,0.0822816,0.168626
410.653,0.0773213,0.0266948,0.0281052,0.0432098,0.0149957,0.0106661,0.0150867,-0.0150959,0.0417695,0.0610282,0.0328067,0.0640977,0.0522121,0.0288052,0.0326818,0.0971734,0.0471627,0.092874,0.153395
411.139,0.064653,0.0705013,0.0675464,0.0647869,0.0497014,0.0716213,0.0573884,0.0606369,0.0535384,0.0544068,0.0350171,0.0521184,0.03621,0.0951497,0.0653374,0.0870823,0.105107,0.148777,0.125233
411.625,0.0275599,0.0420574,0.0331503,0.0137352,0.0281898,0.0482933,0.0274535,0.00712972,0.00678884,-0.00111611,-0.0134675,0.000551506,-0.00720988,0.0174378,0.0254975,0.0427469,0.0822679,0.0999206,0.120294
412.111,0.024109,0.0380342,0.0319242,0.0137612,0.0409767,0.00137306,0.0652929,0.0329534,0.0313651,0.0396473,0.031054,0.0187555,0.0170067,0.0407111,0.00642548,0.0615079,0.0615831,0.113435,0.150072
412.597,0.0987755,0.0806372,0.0655556,0.0762093,0.120897,0.0905117,0.0735502,0.0434341,0.0516604,0.0759028,0.0491919,0.10035,0.053462,0.0819969,0.090713,0.118411,0.163539,0.167087,0.213996
413.082,0.118202,0.0932155,0.113466,0.104606,0.0758082,0.0897253,0.0949745,0.0869169,0.0925287,0.0547688,0.0438756,0.0783401,0.0915708,0.0586831,0.0654876,0.11649,0.157252,0.159557,0.213213
413.568,0.0710316,0.0607808,0.0241505,0.0521705,0.0534847,0.060255,0.0473434,0.0427851,0.0337823,0.0226063,-0.0206469,0.0301108,0.0293962,0.013404,0.0465109,0.0756432,0.121443,0.114977,0.172656
414.053,0.0351321,0.0565903,0.0762888,0.0157513,0.0125215,0.0510074,0.0084534,0.0424417,0.0149713,0.045591,0.0416073,0.0256891,0.020547,0.0341668,0.0357627,0.0463821,0.124925,0.135704,0.194615
414.538,0.0548719,0.0465473,0.0687946,0.0595826,0.0369563,0.0303085,0.0807884,0.0515082,0.0672514,0.0235513,0.0494098,0.0377685,0.0598745,0.0124449,0.065065,0.0833808,0.0879925,0.109224,0.163128
415.023,0.0526911,0.0391952,0.0241526,0.0538935,0.0204712,0.0165281,0.00774847,0.0253071,-0.00966181,0.0171887,0.0128824,-0.00318774,0.0077791,0.0193521,0.0303516,0.0308501,0.0601578,0.108394,0.119279
415.508,0.0258749,0.0626578,0.0417029,0.0838092,0.0650098,0.0422138,0.0590267,-0.000631399,0.0558601,0.0410016,0.0576567,0.0226968,0.0467487,0.0189896,0.0487794,0.0677088,0.114258,0.139176,0.200665
415.993,0.017081,0.0338789,0.0260784,0.0356479,0.0604465,0.0261511,0.0187971,0.0180199,0.021492,-0.00173054,0.0123938,0.00827424,0.00120133,0.00116498,0.0222797,0.029475,0.0792045,0.113744,0.15888
416.478,0.0529522,0.0703711,0.0471262,0.0768336,0.0709621,0.0196048,0.0630233,0.0230928,0.046069,0.0564527,0.0633224,0.0599607,0.0508843,0.0511658,0.0585493,0.06621,0.10781,0.179344,0.15913
416.963,0.0624222,0.0593417,0.0875801,0.077205,0.0375833,0.0844204,0.0681551,0.0322939,0.0347933,0.0377455,0.0376566,0.0694677,0.0536115,0.0728151,0.050483,0.0717152,0.096886,0.158444,0.168222
417.447,0.0423321,0.0614555,0.0467845,0.0450971,0.0411693,0.0332439,0.0199596,0.00405244,0.0164667,0.00397359,0.0385287,-0.00288263,0.0268499,0.01291,0.0208293,0.0556417,0.0887271,0.141898,0.156674
417.932,0.0696634,0.0340527,0.0633087,0.0435594,0.0578599,0.0294972,0.0541586,0.0339618,0.0405832,0.0587579,0.0352231,0.00751007,0.0143686,0.0273886,0.0339768,0.0487302,0.0736216,0.131232,0.178595
418.416,0.0485871,0.0348944,0.0496899,0.030577,0.0347763,0.0253586,0.0219234,0.0124641,0.0176961,0.0328156,0.0293943,0.0170976,0.0145451,0.0404207,0.0576616,0.050169,0.0911375,0.113379,0.1314
418.9,0.0461078,0.0435916,0.0346114,0.047056,0.0339862,0.0181445,0.0170845,0.0294528,-0.000544195,0.0185347,0.0365242,0.0372602,-0.00643439,0.0348229,0.0194831,0.0275486,0.064887,0.0918321,0.149322
419.384,0.0899908,0.0575311,0.0560851,0.0467313,0.025871,0.0403184,0.0224294,0.0343584,0.0221022,0.0285515,0.0390167,0.00550947,0.0363388,0.0243501,0.0458371,0.0441059,0.0755672,0.102484,0.134642
419.868,0.0538536,0.0464431,0.0514684,0.069649,0.0533329,0.0623524,0.0576721,0.0406917,0.0409725,0.00912479,0.0320586,0.0472163,0.0297491,0.0421349,0.0385181,0.0646248,0.106559,0.158725,0.167655
420.352,0.0710436,0.0541181,0.0463257,0.047137,0.0520937,0.0674248,0.0516632,0.0267009,0.0373376,0.0196959,0.024193,0.0254492,0.0295667,0.0385548,0.048328,0.0310873,0.0803571,0.154426,0.171841
420.836,0.0699955,0.0712748,0.0705804,0.0515303,0.0821775,0.0766259,0.0713824,0.0522413,0.0618433,0.0282963,0.0611175,0.0361017,0.0621863,0.0594463,0.0746672,0.0562623,0.111792,0.155068,0.192396
421.319,0.0242496,0.0310144,0.0467052,0.022033,0.0475275,0.0264317,-0.00967886,0.0180707,0.0266187,0.0086112,0.0116294,-0.00573051,0.0078699,-0.00593004,0.0261385,0.0665621,0.0731571,0.12108,0.141676
421.803,0.0472824,0.0276559,0.0287711,0.0236386,0.0386105,0.0205111,0.0369064,0.00360227,-0.00140183,0.0100432,0.020071,0.00674404,0.00667837,0.0126016,0.0268745,0.059711,0.0648086,0.113535,0.145662
422.286,0.0676126,0.0629899,0.0416002,0.0563175,0.0477224,0.0741185,0.0591799,0.0387092,0.0421443,0.0423085,0.0319472,0.00752456,0.017292,0.0443378,0.0448192,0.025761,0.0807855,0.112603,0.169899
422.77,0.0523655,0.0749525,0.0771791,0.0726029,0.068092,0.0501913,0.0557376,0.0339282,0.0391202,0.0280863,0.035412,0.0225777,0.0534613,0.0533674,0.0377309,0.0681739,0.104235,0.144658,0.216023
423.253,0.0732015,0.075108,0.0562407,0.0330476,0.0495089,0.055814,0.0272176,0.0403089,0.0228297,0.0243486,0.0355671,0.029523,0.020327,0.0291026,0.0328838,0.0484601,0.0774696,0.116669,0.190805
423.736,0.0319827,0.0314708,0.0276582,0.01943,0.00858925,0.0273434,0.0107428,0.0311349,0.0361263,0.00262871,0.0248867,0.0354253,0.0128877,0.0232592,0.0323179,0.0381438,0.0627121,0.102706,0.161295
424.219,0.0834265,0.0788207,0.0710521,0.0688166,0.0661006,0.0542319,0.0408114,0.0692602,0.0418877,0.0295256,0.0277345,0.0337888,0.0364028,0.0337989,0.0367465,0.0776632,0.0784871,0.138083,0.173072
424.702,0.0398274,0.0321587,0.0418299,0.0465756,0.026537,0.0352908,0.00389055,0.00832591,0.023613,0.0126764,0.0324086,0.0229493,0.00400896,0.0303541,0.0425959,0.0481238,0.067161,0.0944058,0.141821
425.184,0.0518015,0.060266,0.0576852,0.0664333,0.0563427,0.043494,0.0449553,0.0369612,0.0561251,0.0345505,0.0217172,0.0330701,0.0252691,0.0427204,0.0195834,0.0758332,0.0785927,0.132787,0.152848
425.667,0.0603488,0.0606415,0.0377908,0.0524014,0.0596444,0.0483241,0.0591531,0.0242331,0.0526998,0.0382739,0.0281046,0.0284024,0.0166092,0.0358017,0.0525265,0.0524044,0.0694488,0.139009,0.148257
426.149,0.069656,0.0329506,0.0542879,0.0298917,0.0506753,0.0388353,0.0262328,0.0249151,0.0281485,0.0298103,0.0394842,0.0274687,0.0221825,0.0184642,0.0344281,0.0668474,0.0824677,0.138801,0.166196
426.632,0.0404173,0.0256012,0.0216137,0.0202067,0.040363,0.0403687,0.0253847,0.0257277,0.0176025,0.039586,0.0111052,0.00661978,0.0175359,0.0188787,0.0341138,0.0344079,0.0706396,0.121471,0.157112
427.114,0.0453669,0.0688611,0.0726796,0.0465016,0.0454429,0.0308366,0.0390479,0.0220723,0.0222707,0.0081093,0.0213972,0.0295797,0.00890693,0.0322061,0.0427846,0.0589934,0.0960614,0.135057,0.174321
427.596,0.0359791,0.0219619,0.0236118,0.0318381,0.00795797,0.0235527,0.0238893,0.00891419,0.0169165,0.00707245,-0.00273754,0.00921892,0.00384839,0.036888,0.0219835,0.0457179,0.0616748,0.118941,0.143511
428.078,0.0556358,0.0540092,0.0331301,0.0546358,0.0454153,0.0450779,0.0132039,0.0328763,0.0174078,0.0178808,0.0250381,0.0340822,0.0391834,0.0313536,0.0250381,0.0709985,0.0543515,0.128748,0.163954
428.56,0.0544701,0.0694956,0.0719602,0.0502664,0.0642456,0.0602007,0.0476361,0.0359661,0.0536471,0.0286334,0.0455746,0.0512412,0.0196736,0.0442544,0.0372407,0.0824616,0.0933927,0.132924,0.178739
429.042,0.0372063,0.0630955,0.0301434,0.0466162,0.0497256,0.0371176,0.0527474,0.0316048,0.0520258,0.0275896,0.0522971,0.0371662,0.021952,0.0449217,0.0562434,0.0582681,0.0753293,0.12621,0.153653
429.524,0.0516406,0.0507647,0.0642012,0.0508939,0.0316296,0.0356355,0.0424625,0.0303152,0.0234758,0.0312113,0.0335259,0.0332473,0.0277786,0.0514587,0.0491035,0.0700035,0.0967775,0.112701,0.160982
430.005,0.0407062,0.0511115,0.0392517,0.0326764,0.0231103,0.0352024,0.0234336,0.0202228,0.0332516,0.00906493,0.0190418,0.0157507,0.00722901,0.0316189,0.030527,0.0436553,0.0670705,0.109743,0.143166
430.487,0.0561344,0.037549,0.048096,0.0638527,0.057369,0.0420094,0.0493105,0.0351128,0.0289137,0.0337908,0.0221642,0.0442024,0.0274404,0.0300537,0.0271386,0.0628836,0.0922925,0.104232,0.156554
430.968,0.0531338,0.0467859,0.044305,0.0514409,0.0261994,0.0414896,0.0449844,0.0420933,0.023364,0.0395881,0.0272702,0.0153646,0.0121611,0.0191141,0.0556486,0.0589171,0.0930756,0.142287,0.17022
431.449,0.0539806,0.0401306,0.0530865,0.040388,0.0547152,0.0404189,0.0381032,0.0547303,0.0338669,0.0435314,0.0291822,0.0319933,0.0305774,0.0434905,0.0543123,0.0479375,0.0988536,0.147459,0.172198
431.93,0.0339509,0.0541621,0.0296163,0.019327,0.0371568,0.0335226,0.0164812,0.0156024,0.0123976,0.0183002,0.00202952,0.0129236,-0.00601371,0.0084175,0.0154137,0.0438412,0.0640697,0.11074,0.141461
432.411,0.0504233,0.0394049,0.0444067,0.0410585,0.0554007,0.0418897,0.0289038,0.0403477,0.0195797,0.0409806,0.0315679,0.0191515,0.0215539,0.0204197,0.0437839,0.0469387,0.0798787,0.115306,0.16731
432.892,0.0348597,0.0365408,0.0174758,0.0185433,0.0318856,0.0189961,0.0222446,0.0204985,0.00637629,0.0124241,0.0125472,0.0212988,0.0186212,0.0144403,0.0278779,0.0369517,0.0768069,0.118034,0.146377
433.373,0.0239866,0.0358751,0.03934,0.0350343,0.0427719,0.0311774,0.0223579,0.0134726,0.0266643,0.00914411,0.0209935,0.0156868,0.011526,0.019125,0.0266438,0.0453807,0.0790054,0.108613,0.131689
433.854,0.0501862,0.0639041,0.0473185,0.0554464,0.0485016,0.0525438,0.0438957,0.0244013,0.0336373,0.0331235,0.0237732,0.030813,0.0112426,0.0263065,0.0580584,0.0471516,0.0948725,0.130556,0.162547
434.334,0.0554529,0.023899,0.0513538,0.0343533,0.0514376,0.0334105,0.0354728,0.0191912,0.0373517,0.00939948,0.0221565,0.0346066,0.0236181,0.0310808,0.0312816,0.0460403,0.0789712,0.132974,0.138042
434.814,0.0344211,0.0402304,0.0252699,0.0441173,0.0303607,0.0482653,0.0135054,0.0107962,0.0237772,0.0038906,0.0146556,0.0174849,0.0199015,0.0120593,0.0264732,0.0346604,0.091933,0.130282,0.157193
435.295,0.050905,0.0522947,0.0689772,0.0683995,0.0526243,0.059899,0.044674,0.0606402,0.0427762,0.042447,0.02941,0.0343634,0.0287488,0.0331668,0.0534739,0.0661198,0.0894146,0.119518,0.16697
435.775,0.048736,0.0497941,0.0542925,0.0487139,0.0477158,0.0479801,0.0571593,0.021642,0.0366468,0.0255511,0.0260251,0.03513,0.0413355,0.0390585,0.0313314,0.0666889,0.0945222,0.116461,0.179676
436.255,0.0537139,0.0587745,0.0467518,0.0375602,0.0427898,0.0561759,0.0417261,0.0465052,0.0443874,0.039309,0.0256486,0.0293048,0.0419956,0.023628,0.047818,0.0584839,0.0900122,0.126938,0.169145
436.735,0.061108,0.0661213,0.0495013,0.0379562,0.0569355,0.0452176,0.0391897,0.0439565,0.0368812,0.0317523,0.0252753,0.0344416,0.0418433,0.0333886,0.0352463,0.0634996,0.0690986,0.127857,0.175333
437.215,0.0724977,0.0660515,0.063878,0.0460066,0.0558065,0.0524765,0.04761,0.0411464,0.038139,0.0387886,0.0429764,0.0482074,0.0329446,0.0425165,0.0627446,0.0833054,0.089343,0.142411,0.181531
437.695,0.0626735,0.0669779,0.0303732,0.0616944,0.0527328,0.0445379,0.0348289,0.0453285,0.0307605,0.0332052,0.045595,0.0284719,0.0246575,0.0281559,0.0392574,0.0807288,0.104453,0.1237,0.181031
438.174,0.0429897,0.0357663,0.0337013,0.0514391,0.0500582,0.0363494,0.0337129,0.0146962,0.0326891,0.0227718,0.0182487,0.0192093,0.018324,0.0180916,0.0336974,0.0584892,0.0836822,0.115455,0.16485
438.654,0.0465828,0.0554552,0.0479729,0.0514604,0.0491,0.0473601,0.0445829,0.0244996,0.0457824,0.0253329,0.032873,0.0189008,0.0247542,0.0231101,0.0334373,0.0578205,0.0758503,0.137675,0.161124
439.133,0.0470942,0.052985,0.050746,0.0433282,0.0323716,0.0442471,0.0239107,0.0328378,0.0235606,0.0281713,0.0199169,0.0228166,0.0231086,0.0197749,0.0396632,0.0658764,0.0746142,0.11992,0.152062
439.612,0.0292453,0.0200981,0.0369757,0.0384838,0.0333418,0.0261334,0.0323269,0.0246684,0.0247736,0.0119967,0.0226532,0.0307116,0.00241014,0.0204048,0.0458209,0.0455539,0.0837292,0.11018,0.160267
440.091,0.0553919,0.0445006,0.0532655,0.0398719,0.042421,0.0316999,0.0395459,0.0329255,0.0161301,0.0314489,0.0155733,0.0316457,0.0114726,0.0248733,0.0421324,0.0616774,0.0881735,0.111693,0.152797
440.571,0.0532195,0.0557831,0.0554203,0.0583609,0.0483675,0.0525485,0.0522537,0.046091,0.0323147,0.0293176,0.0399109,0.0379836,0.0310288,0.0419154,0.0418361,0.0644139,0.0894972,0.137219,0.16676
441.049,0.05126,0.0443423,0.0402291,0.0463448,0.0416799,0.0511245,0.0311681,0.0349123,0.0206074,0.0194264,0.0144725,0.0156071,0.016274,0.0277088,0.040139,0.0599456,0.0799238,0.124537,0.15708
441.528,0.04598,0.0570662,0.0552409,0.0491217,0.0459356,0.0504375,0.0360527,0.0254435,0.0342304,0.0109977,0.0414248,0.0265854,0.0326362,0.0273044,0.0453448,0.0458002,0.0939585,0.139567,0.186391
442.007,0.0467035,0.0485661,0.0465546,0.0506961,0.0481341,0.0318431,0.0441545,0.0381692,0.0227439,0.0216516,0.0368507,0.0288237,0.0377687,0.0344833,0.0385027,0.0572633,0.0862136,0.128465,0.170228
442.486,0.0537797,0.0553987,0.0482548,0.0405464,0.0456792,0.052602,0.0418303,0.0331415,0.0330085,0.0227328,0.0201018,0.0392015,0.0183698,0.0435448,0.0412314,0.0501363,0.085426,0.121047,0.173559
442.964,0.0431174,0.0455249,0.0362996,0.0366224,0.0363242,0.0279306,0.0334733,0.0249553,0.0105946,0.0261409,0.0221477,0.0165404,0.00625195,0.0184665,0.0405783,0.0501301,0.0639739,0.0972749,0.155225
443.442,0.0408502,0.0382692,0.0263375,0.0277456,0.0293613,0.0296989,0.0234959,0.0179245,0.0174585,0.00371006,0.0264562,0.00567978,0.00910827,0.0154417,0.028102,0.0370822,0.0688664,0.102715,0.151538
443.921,0.0373297,0.0315164,0.0534142,0.0244664,0.0223676,0.0334156,0.0140691,0.0209427,0.0217741,0.00853327,0.013341,0.0123824,0.0107587,0.0259504,0.0413294,0.0510831,0.0616003,0.112411,0.151831
444.399,0.0551889,0.0647001,0.0473159,0.042338,0.0524433,0.0487421,0.045374,0.04032,0.037791,0.0149128,0.0289036,0.0199395,0.0255914,0.0314621,0.0350563,0.0565384,0.0893287,0.125887,0.166402
444.877,0.0615763,0.059076,0.0488202,0.0471186,0.0511944,0.0459368,0.0359459,0.0212578,0.0333471,0.023579,0.0298603,0.0342616,0.0273283,0.0284239,0.0469741,0.0634021,0.0922286,0.12422,0.167432
445.355,0.0490584,0.0401028,0.0339013,0.0288743,0.0422525,0.0381119,0.0259206,0.0287906,0.0160577,0.00983875,0.0223444,0.0250904,0.0194595,0.0209929,0.0289915,0.0534032,0.0706269,0.114268,0.14684
445.832,0.0565814,0.0618797,0.0361808,0.0497875,0.0415408,0.0331096,0.0236855,0.0390952,0.0249355,0.0329834,0.0296367,0.0399975,0.0269392,0.0327755,0.0358288,0.057416,0.082067,0.126569,0.167285
446.31,0.0707031,0.0668283,0.0525428,0.0528937,0.0562365,0.0554353,0.0366922,0.0310279,0.0372747,0.0292759,0.0276982,0.0381937,0.028309,0.0513036,0.0530767,0.0666489,0.100121,0.136598,0.177427
446.788,0.0445408,0.0431477,0.0482966,0.0457715,0.0406166,0.0411633,0.0371883,0.0180279,0.0233062,0.0236475,0.0201054,0.0195837,0.0302731,0.024476,0.0323321,0.0656323,0.0741858,0.117021,0.16307
447.265,0.0425648,0.0505285,0.0458648,0.0543801,0.0219845,0.026392,0.0280711,0.0276504,0.0231458,0.015416,0.0276124,0.0305613,0.0273133,0.0199762,0.0421967,0.0573482,0.0716845,0.109933,0.177674
447.742,0.0536539,0.0538618,0.0441262,0.0412685,0.041338,0.0330266,0.0329658,0.0269518,0.0325295,0.0275318,0.0238786,0.0297085,0.0206931,0.0164655,0.0407679,0.0545199,0.0847092,0.110439,0.161786
448.219,0.0505078,0.0550976,0.0431534,0.0325189,0.0346149,0.0420869,0.0276868,0.0311432,0.0167822,0.0262704,0.0236647,0.0215171,0.0139824,0.0396854,0.0398916,0.0618076,0.0865184,0.114609,0.162232
448.697,0.0482264,0.039863,0.0452813,0.0394715,0.0433944,0.0324647,0.0313097,0.0256382,0.0128017,0.0242517,0.0154941,0.0226128,0.0233951,0.0197707,0.0277737,0.0606935,0.0795944,0.115115,0.165272
449.173,0.0452645,0.0481676,0.0543967,0.0436512,0.0449313,0.0494507,0.0368708,0.036528,0.0260563,0.0398831,0.0336743,0.0256798,0.0293302,0.0292976,0.0559183,0.0586609,0.0919507,0.118327,0.164733
449.65,0.0442179,0.0517891,0.048344,0.0486039,0.0374338,0.0498301,0.038377,0.0396764,0.0337185,0.032397,0.0138937,0.0262358,0.0171618,0.0316297,0.050145,0.0657516,0.0812708,0.125174,0.163944
450.127,0.0429187,0.050484,0.0325798,0.037376,0.0308855,0.0320404,0.0223052,0.0233007,0.0322565,0.0296544,0.0231585,0.0192852,0.0181693,0.0202451,0.0289912,0.0527209,0.0756635,0.116293,0.154303
450.604,0.0494508,0.0431695,0.0466504,0.03601,0.049245,0.0330108,0.0195875,0.0261314,0.0159355,0.0134487,0.0127422,0.0210024,0.0139147,0.0278472,0.0336454,0.0438037,0.0809763,0.106971,0.155898
451.08,0.0660233,0.0696832,0.0590978,0.0636394,0.053369,0.0557567,0.0525757,0.050449,0.0453975,0.0415911,0.0334137,0.0447967,0.0328328,0.0384541,0.0520128,0.0764096,0.095487,0.145384,0.179723
451.557,0.0486623,0.0551553,0.0469013,0.0520017,0.0511795,0.0569316,0.0414336,0.0342092,0.0464155,0.0333331,0.034084,0.0425239,0.0372945,0.0411164,0.0584114,0.0726232,0.0917803,0.139047,0.180335
452.033,0.0438374,0.0375538,0.0408494,0.0423486,0.0441379,0.0330361,0.0278002,0.0208594,0.0249468,0.0227902,0.0230276,0.0190158,0.0157468,0.0242711,0.0404015,0.0483671,0.0846051,0.108269,0.155964
452.509,0.0424449,0.0366374,0.0387417,0.0334751,0.033398,0.0269945,0.0141463,0.0130196,0.0120351,0.0117995,0.0198998,0.0145116,0.0109899,0.0197578,0.0360216,0.0438921,0.0553756,0.100443,0.15309
452.985,0.0639609,0.0500551,0.0606214,0.0480263,0.0492143,0.0504118,0.0433806,0.0368904,0.029398,0.0306765,0.0305273,0.028397,0.0319414,0.0292953,0.0367286,0.0608893,0.0784007,0.116311,0.176848
453.461,0.0444649,0.039949,0.0407415,0.0491603,0.0372144,0.0352717,0.0328673,0.0266125,0.0347336,0.0342364,0.0213721,0.0287544,0.0257474,0.0316155,0.0333247,0.0512982,0.0791047,0.107571,0.15292
453.937,0.0649167,0.0507522,0.058536,0.0507291,0.0426298,0.0452285,0.0446039,0.0334496,0.031643,0.0308327,0.0358278,0.0332908,0.0294582,0.0315839,0.0406167,0.0560823,0.0915284,0.118601,0.165536
454.412,0.0478075,0.0436285,0.0456104,0.0331571,0.0268955,0.0335211,0.0324985,0.0265554,0.0214754,0.0199853,0.0208819,0.00874225,0.0193408,0.01445,0.0330445,0.0535398,0.0828645,0.102353,0.160032
454.888,0.0484488,0.0577508,0.0532204,0.0462703,0.0355894,0.0426169,0.0309835,0.0329347,0.0412666,0.0287756,0.0232185,0.0181844,0.024397,0.0159925,0.046749,0.06865,0.0769969,0.123469,0.163881
455.363,0.0546073,0.0571116,0.0509838,0.0464223,0.0490705,0.0422655,0.0358939,0.04005,0.0325875,0.0310109,0.0354545,0.0270249,0.0264865,0.0338932,0.0448299,0.0609811,0.0831459,0.124872,0.158107
455.839,0.0515869,0.0511215,0.0518059,0.0474393,0.0380763,0.0366374,0.0357843,0.0358468,0.0314308,0.04043,0.0312807,0.0260696,0.0265367,0.0437081,0.0441353,0.068548,0.0798034,0.121054,0.16187
456.314,0.0560547,0.0505978,0.0535583,0.0466301,0.048262,0.0444624,0.0417454,0.0288407,0.0278615,0.030777,0.0217485,0.0199705,0.0273366,0.0334262,0.0484325,0.0558495,0.0864555,0.123631,0.161543
456.789,0.040122,0.039334,0.0441513,0.0356648,0.0436729,0.0305032,0.0286446,0.0262074,0.0222375,0.0207562,0.0260733,0.0154739,0.0158395,0.0190611,0.030836,0.0512052,0.0831434,0.117945,0.149281
457.264,0.0513513,0.055128,0.0505953,0.0539966,0.0431923,0.043314,0.033356,0.0226464,0.0305192,0.0230026,0.0225827,0.0294333,0.0239193,0.0210113,0.0339274,0.0614822,0.0897115,0.122732,0.176078
457.739,0.0329051,0.0475612,0.0341698,0.0399322,0.0396745,0.0297046,0.029607,0.0223134,0.0145747,0.0258487,0.019498,0.0237583,0.0114329,0.0255524,0.0364989,0.0473001,0.0701005,0.114168,0.153609
458.214,0.0414632,0.0542013,0.0487544,0.0416529,0.0411194,0.040528,0.0359268,0.0315828,0.0276397,0.0236308,0.0284744,0.0143238,0.0196683,0.0323143,0.0399277,0.0504135,0.0826053,0.121981,0.15242
458.689,0.0469388,0.0533176,0.0520645,0.0327535,0.0399769,0.0395392,0.0429541,0.0357897,0.0242957,0.0361366,0.0240063,0.01745,0.0237215,0.0329599,0.0452903,0.0596668,0.0958791,0.117798,0.172447
459.163,0.0452121,0.0519989,0.0453199,0.0425403,0.0461973,0.0402412,0.036302,0.026577,0.026632,0.0283054,0.0285788,0.0290393,0.0289982,0.0241308,0.0429803,0.0615764,0.0714837,0.106405,0.155951
459.637,0.0419822,0.0477308,0.0452885,0.0386097,0.0335787,0.0292626,0.0377099,0.0183637,0.0153937,0.0177382,0.0156235,0.0197017,0.0124914,0.0259147,0.0317023,0.0625202,0.0836883,0.108104,0.144905
460.112,0.0459154,0.0419135,0.0430498,0.0383567,0.0438381,0.036056,0.031882,0.0326023,0.0284399,0.0319076,0.0224145,0.0240024,0.0204943,0.0263522,0.0283038,0.0550972,0.0835824,0.107748,0.152361
460.586,0.0499455,0.0481313,0.0456516,0.0468131,0.0462851,0.0369955,0.0348008,0.0395864,0.0367063,0.02964,0.0352443,0.0303551,0.0198135,0.0296995,0.0492266,0.0571632,0.0861174,0.124282,0.172661
461.06,0.0436023,0.0498496,0.0433344,0.0460595,0.0399092,0.0399512,0.0235648,0.028227,0.0267806,0.0227384,0.0221258,0.0244434,0.0236376,0.0301773,0.0340277,0.0515256,0.0839602,0.116284,0.165584
461.534,0.045754,0.0461024,0.042228,0.048792,0.0417175,0.042516,0.0324475,0.0326736,0.0245463,0.0269813,0.0251389,0.0171746,0.0239589,0.019352,0.0330803,0.0550411,0.0847909,0.118389,0.154786
462.008,0.0483171,0.0517093,0.0462356,0.0418899,0.0430887,0.0306077,0.0378887,0.0283094,0.0293045,0.0248274,0.0207431,0.023993,0.0224067,0.0328171,0.0371402,0.0552231,0.0869629,0.129539,0.16824
462.482,0.0481233,0.0414075,0.0566146,0.0373088,0.0366876,0.0289252,0.0209208,0.0228124,0.0169109,0.0214938,0.0242342,0.020671,0.0209798,0.0204568,0.0299711,0.0528877,0.0811376,0.11164,0.160447
462.955,0.0489956,0.0493622,0.051784,0.0522398,0.0394103,0.034193,0.0343869,0.0338939,0.03123,0.0387492,0.0262991,0.0223789,0.0230371,0.0310269,0.0334709,0.0585061,0.0916447,0.113685,0.162903
463.429,0.0503295,0.0474183,0.0500301,0.05532,0.0377231,0.0296789,0.0390343,0.0341419,0.0290237,0.0240457,0.0266296,0.0220097,0.0290868,0.0258545,0.0457458,0.0598073,0.0868705,0.119225,0.164242
463.902,0.0581115,0.0528702,0.0515486,0.0515716,0.0462624,0.048143,0.0331622,0.0307074,0.0292941,0.0291418,0.0257719,0.0253472,0.0254007,0.0291005,0.0359817,0.0633624,0.0874216,0.120965,0.156528
464.375,0.0500185,0.0400213,0.0411452,0.0390539,0.040363,0.0389551,0.0387167,0.0235721,0.0281917,0.0297806,0.0193447,0.0109552,0.0208033,0.0253917,0.0302825,0.0502083,0.0761494,0.117314,0.160805
464.849,0.0453564,0.0479476,0.0439044,0.0450371,0.0298599,0.0502074,0.0265185,0.0255224,0.0339201,0.029695,0.0270003,0.0204809,0.0128022,0.0219246,0.0375756,0.0538927,0.0759045,0.115666,0.161756
465.322,0.0465537,0.0505327,0.0518768,0.0416639,0.0420545,0.0398377,0.0307664,0.0340232,0.0251848,0.0255196,0.0314202,0.0280904,0.0206713,0.0310639,0.0407584,0.0594387,0.0902414,0.124503,0.165615
465.794,0.0524422,0.0526935,0.0583879,0.0552754,0.0443366,0.0402369,0.0472771,0.0409523,0.0310182,0.0295447,0.0349126,0.0308415,0.0317629,0.032999,0.0459254,0.0655527,0.0888756,0.122739,0.165694
466.267,0.0452975,0.0512822,0.04466,0.0514539,0.040122,0.0412591,0.0367073,0.0304034,0.0246741,0.026971,0.0220455,0.0262684,0.0274103,0.030586,0.041606,0.060729,0.083782,0.12146,0.164032
466.74,0.0426659,0.051001,0.0409051,0.0418236,0.0423836,0.0336284,0.033471,0.0260379,0.0210511,0.019861,0.0182454,0.0248212,0.0156806,0.0275297,0.0328157,0.0590217,0.0789922,0.108896,0.151808
467.213,0.0479261,0.0389114,0.0487064,0.0490212,0.0448764,0.0353448,0.0356356,0.0218604,0.0314669,0.01839,0.0234526,0.0264907,0.0242668,0.0297045,0.0316014,0.0542125,0.0750014,0.117472,0.162097
467.685,0.0543507,0.0606582,0.0412689,0.0568691,0.0484974,0.0403103,0.0404162,0.0364567,0.0310514,0.0257287,0.0338631,0.03073,0.0290155,0.0359994,0.0440151,0.0604939,0.0922417,0.128455,0.160391
468.157,0.058073,0.0567674,0.0609731,0.0563747,0.0431981,0.0452686,0.0428718,0.0397186,0.0381654,0.0333772,0.035469,0.0351896,0.0277768,0.0350111,0.043028,0.0694578,0.0915933,0.133162,0.16797
468.63,0.0427851,0.0454905,0.0415547,0.0438485,0.0401219,0.0282316,0.0348267,0.0260624,0.0212358,0.0226144,0.0246955,0.0173527,0.0227918,0.0216863,0.0355122,0.0406362,0.0778657,0.113678,0.150859
469.102,0.0513098,0.0517171,0.045323,0.0474335,0.0489895,0.0421868,0.0305089,0.03099,0.0280279,0.0250426,0.0265363,0.0242731,0.022355,0.0325104,0.0448905,0.0509106,0.0808352,0.111672,0.165876
469.574,0.0529446,0.0552719,0.0549748,0.0487075,0.0522673,0.0470284,0.0362193,0.0407093,0.0328427,0.0311346,0.0345743,0.0340661,0.0335813,0.0405332,0.0461755,0.0662824,0.0877017,0.131797,0.175355
470.046,0.0466816,0.0454306,0.0508848,0.043669,0.04274,0.0308259,0.0345062,0.0318734,0.0351771,0.0204166,0.0260988,0.0236391,0.0253763,0.026254,0.0461195,0.0541865,0.0840621,0.1155,0.158169
470.517,0.0512904,0.0510626,0.0408281,0.0498347,0.0403963,0.0447277,0.0343712,0.0318594,0.0319591,0.0318619,0.027607,0.027039,0.027849,0.0309319,0.0360566,0.0536729,0.0819407,0.117257,0.149227
470.989,0.0466253,0.0481241,0.0521319,0.0525592,0.0487618,0.033472,0.0390886,0.0326911,0.0302514,0.0290476,0.0283185,0.0307533,0.0270486,0.0293796,0.0420001,0.0650482,0.0906126,0.123545,0.159123
471.461,0.0471675,0.0464228,0.0490852,0.047666,0.044522,0.0390468,0.0402647,0.0287679,0.0291692,0.0248678,0.023888,0.0163864,0.0214072,0.0339017,0.035892,0.0568458,0.0851931,0.118493,0.161388
471.932,0.0463289,0.0528416,0.0469573,0.0487403,0.0494034,0.0409654,0.0345319,0.027659,0.0235678,0.0220343,0.0299065,0.0213679,0.0139348,0.0290059,0.0384707,0.0577302,0.0785036,0.125573,0.16237
472.403,0.0478988,0.0477006,0.0529244,0.0483593,0.0424784,0.0400919,0.0400638,0.028138,0.0282061,0.0207169,0.0296323,0.0238578,0.0288931,0.0251465,0.0426662,0.05341,0.0822227,0.122979,0.15462
472.874,0.0466517,0.0528721,0.0430805,0.0435904,0.0447036,0.0361632,0.0351822,0.0253788,0.0324216,0.0221568,0.0251809,0.0213104,0.0261983,0.0279492,0.0334459,0.0517332,0.0768964,0.117062,0.156735
473.346,0.0447218,0.0513524,0.0450532,0.0428718,0.0414189,0.0338779,0.0338437,0.0293907,0.027038,0.0228324,0.020449,0.0239553,0.0254955,0.0289698,0.0336952,0.0532451,0.0784807,0.114744,0.157927
473.816,0.0455311,0.0546919,0.0518396,0.0560727,0.0422348,0.0405747,0.0410765,0.037322,0.0274899,0.025549,0.0272796,0.0259158,0.0277104,0.0366508,0.0447307,0.0613503,0.0834643,0.119436,0.153512
474.287,0.0531158,0.0448056,0.0450186,0.0427058,0.0400031,0.0446843,0.0345378,0.0365921,0.0292488,0.026714,0.0279113,0.0239564,0.0256694,0.0331246,0.0360943,0.0554075,0.0822308,0.117802,0.160202
474.758,0.044519,0.04638,0.0465296,0.0409764,0.041804,0.0352384,0.0303444,0.0282828,0.0256319,0.0237089,0.0202997,0.0194963,0.0189258,0.0297924,0.0333784,0.0535149,0.0802481,0.116139,0.156185
475.229,0.0458834,0.0463597,0.0409347,0.0438264,0.0358202,0.0380676,0.0303741,0.0245354,0.0228365,0.0160532,0.0201313,0.0196698,0.0245842,0.0250856,0.0357602,0.057641,0.0754459,0.117582,0.155103
475.699,0.0480769,0.0518201,0.0448165,0.0420875,0.0384493,0.0311277,0.031851,0.0324833,0.0304459,0.0243997,0.0221858,0.022612,0.0282125,0.0287556,0.0350491,0.0536901,0.074812,0.122918,0.160785
476.17,0.0520452,0.0487204,0.0557359,0.0446913,0.040986,0.0407881,0.0389036,0.0326557,0.0274134,0.024051,0.0271523,0.0275093,0.0281804,0.027186,0.041517,0.0551629,0.0808723,0.12012,0.155249
476.64,0.0462907,0.0485773,0.048413,0.0449567,0.0433417,0.0350017,0.031616,0.0336803,0.0283274,0.0247393,0.0262636,0.0223527,0.0257971,0.0216817,0.0376809,0.0536369,0.0779577,0.119461,0.147647
477.11,0.0447122,0.0464955,0.0456183,0.0460247,0.0438449,0.0424336,0.0363719,0.0274778,0.0293977,0.0270578,0.0241715,0.0227459,0.021707,0.0310269,0.0369567,0.0589891,0.0814233,0.116482,0.157586
477.58,0.0452521,0.0527481,0.0465338,0.0470033,0.0418469,0.0405297,0.0312791,0.031938,0.0301467,0.0302151,0.0245517,0.0252174,0.0261885,0.0320404,0.0424997,0.0549264,0.0810018,0.120065,0.163766
478.05,0.046177,0.0443946,0.0445896,0.034144,0.0390382,0.0355676,0.0297006,0.0294511,0.0273475,0.0208742,0.0205925,0.0220877,0.0200485,0.0247572,0.0326495,0.0505756,0.0776916,0.112142,0.153382
478.52,0.047403,0.0477697,0.0487193,0.0424473,0.0399997,0.0351127,0.0322257,0.0273585,0.0297238,0.0249795,0.0211655,0.0215745,0.0172104,0.0260617,0.037872,0.0525125,0.079719,0.11588,0.153741
478.989,0.049415,0.043431,0.043884,0.0447509,0.0413179,0.0344569,0.0404441,0.0312907,0.0285712,0.0310832,0.0301976,0.0219358,0.0281924,0.027656,0.0375868,0.0541471,0.0838003,0.115434,0.164425
479.459,0.0433244,0.0495468,0.0507424,0.0404523,0.0388259,0.0425142,0.0383603,0.026009,0.0295123,0.0300529,0.026532,0.0179711,0.0229842,0.0304114,0.0402792,0.0575496,0.0814083,0.12158,0.158599
479.928,0.048993,0.0479674,0.0460684,0.045135,0.0424924,0.0368724,0.0324805,0.0333833,0.0325651,0.0284565,0.0266527,0.0254537,0.0249863,0.028521,0.0396803,0.0552877,0.0841108,0.118283,0.157274
480.398,0.0499182,0.0512775,0.0449204,0.0462504,0.045108,0.0438262,0.0361649,0.0354539,0.0322882,0.0283099,0.0296776,0.0275538,0.0315363,0.0326654,0.0400188,0.0582886,0.0818643,0.118927,0.1701
480.867,0.0502568,0.0517534,0.0444006,0.0421111,0.0464699,0.0398375,0.0341857,0.0362879,0.0274299,0.0287883,0.0268444,0.026277,0.026885,0.0304122,0.0386898,0.0547962,0.0829002,0.117022,0.161819
481.336,0.0476259,0.0480261,0.0479749,0.0457894,0.0395314,0.0417768,0.0397973,0.0341712,0.0289272,0.0291355,0.0231101,0.0217165,0.0270811,0.0317124,0.0380402,0.0540505,0.0827931,0.125848,0.161657
481.805,0.0454576,0.0443211,0.0441072,0.0426378,0.040023,0.0394481,0.0341429,0.032943,0.0289933,0.0241318,0.0245379,0.0208823,0.0232391,0.0328618,0.0369965,0.052009,0.0779537,0.12094,0.153024
482.274,0.0465863,0.0484749,0.0440465,0.0478855,0.0464834,0.0363364,0.0372768,0.0303748,0.0287424,0.0291643,0.0258755,0.024526,0.0290124,0.0325658,0.0372857,0.0560718,0.0815121,0.115963,0.158662
482.743,0.0499816,0.0471448,0.04541,0.0490765,0.0465375,0.0337993,0.0335144,0.0340105,0.02951,0.0247365,0.0293401,0.0239181,0.0256949,0.0308505,0.0374668,0.0515359,0.0859776,0.117426,0.155711
483.211,0.0455105,0.0437394,0.0434832,0.0403712,0.0360595,0.031319,0.026368,0.0307404,0.0224381,0.0215271,0.0220828,0.020767,0.0204025,0.0285835,0.0353961,0.0488195,0.0764509,0.110592,0.151178
483.68,0.0557244,0.0510233,0.0516391,0.0493948,0.0425065,0.0433409,0.038408,0.0346958,0.0349379,0.0260927,0.026708,0.0229179,0.0296928,0.033673,0.0414491,0.0572982,0.0857847,0.123839,0.162028
484.148,0.0462431,0.0427216,0.0429051,0.0475982,0.0387335,0.0339326,0.0254962,0.0263273,0.0260703,0.0236898,0.0200227,0.0223352,0.0218941,0.030064,0.0381119,0.0528967,0.0772903,0.113724,0.154598
484.617,0.0453379,0.0501367,0.0483588,0.0440222,0.0373361,0.0367089,0.0283551,0.0278213,0.0241431,0.0259004,0.0221943,0.0181888,0.0256677,0.029369,0.040478,0.054779,0.0770045,0.113733,0.162568
485.085,0.0486997,0.04379,0.0451921,0.0427474,0.0418979,0.0383841,0.032607,0.0290489,0.0258351,0.0290751,0.0233378,0.0201796,0.0236833,0.0298415,0.0399622,0.0541226,0.0770472,0.114636,0.160093
485.553,0.0402969,0.0425395,0.0425231,0.0362897,0.0399753,0.0320101,0.0296992,0.0281091,0.0261996,0.0216659,0.0200465,0.0222933,0.0193067,0.0264616,0.0328737,0.0537251,0.0785019,0.115679,0.152962
486.021,0.0490218,0.0464551,0.0504741,0.0439685,0.0437254,0.0410294,0.0294692,0.0320737,0.0306215,0.0290039,0.0267112,0.0260941,0.0263045,0.0331977,0.037248,0.0561708,0.0854955,0.127009,0.160447
486.489,0.0516392,0.0499532,0.049829,0.0454886,0.0412389,0.0397711,0.0292396,0.0321366,0.0322358,0.0251557,0.0279376,0.0256994,0.0284597,0.0333148,0.0388131,0.0544619,0.079773,0.12027,0.155459
486.956,0.0437529,0.0427839,0.0394759,0.042537,0.0376443,0.0289753,0.0279996,0.0243332,0.0252203,0.0175253,0.0179589,0.020094,0.0221681,0.0251501,0.0348196,0.0492422,0.078264,0.113129,0.154829
487.424,0.0489482,0.0483625,0.0469848,0.0398361,0.0457149,0.0377032,0.0292976,0.0302399,0.0248055,0.0220139,0.0213615,0.024417,0.0240494,0.0318018,0.0358162,0.0524908,0.0812747,0.123987,0.156156
487.891,0.0458235,0.0469616,0.0442912,0.041228,0.0414953,0.0359585,0.032543,0.028198,0.0288791,0.0237036,0.0198685,0.0230647,0.0240918,0.0328885,0.0365799,0.0524798,0.0771878,0.112677,0.147665
488.359,0.045424,0.0492448,0.0444581,0.0481479,0.0411532,0.0364284,0.0314887,0.0271685,0.0308517,0.0223701,0.0247894,0.0237473,0.0229415,0.0298424,0.0392373,0.0530981,0.0798157,0.115695,0.157672
488.826,0.047862,0.0450607,0.0441735,0.0436483,0.0373862,0.0394703,0.036131,0.0256907,0.0255379,0.0217787,0.0240357,0.0198402,0.0224417,0.0292636,0.0355638,0.0531999,0.0820865,0.116494,0.156045
489.293,0.0439759,0.0469672,0.04664,0.0455042,0.041135,0.0403806,0.0340674,0.0305467,0.0277258,0.0252369,0.0218494,0.0199095,0.0251793,0.0309773,0.0387045,0.0516531,0.0851945,0.116498,0.154372
489.76,0.0491934,0.0506367,0.0480591,0.047898,0.041571,0.0391428,0.0380199,0.0324166,0.0328797,0.0272186,0.0257987,0.0256841,0.0290087,0.0329754,0.0416456,0.056301,0.0778088,0.117406,0.1564
490.227,0.0479798,0.0475782,0.0482284,0.0453652,0.0435309,0.040565,0.0395441,0.0354874,0.0330099,0.0267829,0.0229441,0.0220626,0.0249528,0.0289572,0.0366168,0.0538726,0.0815101,0.119362,0.157917
490.694,0.0510255,0.0491098,0.048623,0.0448236,0.0438974,0.0409728,0.0338778,0.0306451,0.0323766,0.0279262,0.0240055,0.0221545,0.0269353,0.0287829,0.0324755,0.0515925,0.0823128,0.118326,0.159171
491.16,0.0456493,0.0438552,0.0437422,0.0422544,0.0401417,0.0334473,0.0308483,0.0273766,0.0230967,0.0200726,0.0178184,0.0227029,0.0213506,0.0253422,0.0316475,0.0501778,0.0792029,0.118878,0.154414
491.627,0.050466,0.0474363,0.0513584,0.0459703,0.0465312,0.0387189,0.0378874,0.0325616,0.0289799,0.0241067,0.02704,0.0245781,0.0260145,0.0318133,0.0435435,0.0594873,0.0845826,0.119894,0.162348
492.093,0.0468388,0.0485115,0.0445004,0.0461522,0.0440143,0.042425,0.0346822,0.0305043,0.0311661,0.0248918,0.022738,0.026397,0.0275137,0.0294011,0.0373377,0.0541776,0.0774218,0.114872,0.159709
492.56,0.0461884,0.0485809,0.0486514,0.0464277,0.0449033,0.041671,0.0360486,0.0339722,0.0288438,0.0279563,0.0232011,0.0276667,0.022859,0.0295136,0.0418662,0.0573674,0.0845424,0.118558,0.15969
493.026,0.0468819,0.0438398,0.0435695,0.0436605,0.0424315,0.0348011,0.0297695,0.0293127,0.0237949,0.0229108,0.0227344,0.0211194,0.0203103,0.0291659,0.0360985,0.0536297,0.0795976,0.115362,0.155107
493.492,0.0488003,0.0472942,0.044125,0.0438209,0.0406824,0.0362546,0.0307618,0.0312687,0.0243367,0.0234224,0.02493,0.0220969,0.0231149,0.0271299,0.0344492,0.0527338,0.0794059,0.115635,0.152835
493.958,0.0469898,0.0454605,0.046785,0.0443354,0.0451625,0.0370753,0.0346876,0.0293559,0.0284201,0.0249059,0.0263334,0.0209139,0.0250174,0.0280311,0.0371819,0.0580214,0.0820453,0.113672,0.154173
494.424,0.0458614,0.0485347,0.0445502,0.0443494,0.0436776,0.0362777,0.031014,0.0310228,0.0272805,0.026522,0.0266621,0.0221014,0.025251,0.0279129,0.0387305,0.054423,0.0829228,0.117865,0.163224
494.89,0.0464163,0.0489278,0.0427598,0.0426831,0.0427654,0.0381836,0.0328166,0.0286245,0.0278669,0.0252797,0.0226034,0.0234643,0.0218454,0.0285128,0.0363899,0.055646,0.0825169,0.114533,0.159287
495.355,0.0436766,0.0431716,0.0439234,0.0433894,0.0407885,0.0365359,0.0324697,0.0295055,0.0284832,0.0226852,0.0231597,0.023505,0.0216895,0.0248338,0.0356964,0.0523813,0.0773822,0.113162,0.152488
495.821,0.045201,0.047824,0.0476609,0.0413047,0.0375669,0.0352804,0.0330961,0.0274247,0.0270342,0.0240136,0.0260288,0.0211561,0.0223274,0.0279311,0.0363352,0.0514134,0.078701,0.113796,0.156747
496.286,0.0487964,0.0471726,0.0453051,0.0454083,0.0403574,0.0399697,0.0386411,0.0312073,0.0290919,0.0275299,0.0241166,0.0232385,0.032643,0.0309392,0.0398448,0.0538781,0.0780411,0.115014,0.152458
496.751,0.0467654,0.0443627,0.0450712,0.0428638,0.0400323,0.0381935,0.0316149,0.0294178,0.0280536,0.0255513,0.0239475,0.0243161,0.0211018,0.0290892,0.0358202,0.0527948,0.0772831,0.114632,0.152802
497.216,0.0478794,0.0492798,0.0505948,0.0441941,0.0441969,0.0357537,0.0350007,0.033573,0.0257845,0.0260996,0.0227083,0.0234038,0.0246824,0.029705,0.0389799,0.0546545,0.0810701,0.119188,0.165047
497.682,0.0501919,0.0452238,0.0458714,0.0449491,0.0429955,0.03725,0.0347487,0.0339516,0.0278723,0.0274744,0.0237429,0.021982,0.0275598,0.0313462,0.0417266,0.0525304,0.0778947,0.116908,0.154481
498.146,0.0472313,0.0489667,0.0480349,0.0441529,0.0414216,0.0383474,0.0299402,0.031427,0.0279304,0.025235,0.0223435,0.0221813,0.0236854,0.0288591,0.0402684,0.051433,0.0741679,0.115718,0.157709
498.611,0.0480954,0.0470651,0.0476807,0.0448003,0.0447553,0.0376498,0.0334334,0.0313614,0.029528,0.0256423,0.0239344,0.0233241,0.0272293,0.0310011,0.0386153,0.0543314,0.081257,0.11499,0.15275
499.076,0.0445268,0.0448125,0.0454455,0.0439387,0.0368794,0.035607,0.0318458,0.0277354,0.0285472,0.0222549,0.0260135,0.0227886,0.0237397,0.0279006,0.0348449,0.052589,0.0777534,0.113235,0.155902
499.541,0.0484094,0.046914,0.0495649,0.0443,0.0385725,0.0355051,0.0324231,0.0295359,0.0289961,0.0254327,0.0234302,0.022297,0.0233498,0.0271652,0.0385063,0.0510375,0.0823237,0.116564,0.156681
500.005,0.045562,0.0488838,0.0476366,0.0440111,0.0392436,0.0372119,0.0318748,0.0310973,0.0259642,0.0257901,0.024216,0.0241112,0.0241257,0.0272874,0.0394392,0.0542739,0.0770647,0.12141,0.160088
500.469,0.0484258,0.0497056,0.0472728,0.0463496,0.0425566,0.0392717,0.0382635,0.0354776,0.0284816,0.0246711,0.0254372,0.0263609,0.0258729,0.0318269,0.0380835,0.0558298,0.0808682,0.117631,0.160024
500.934,0.046088,0.0458126,0.045742,0.0435824,0.0395282,0.0347088,0.0287699,0.0314028,0.024683,0.0188169,0.0221705,0.0226898,0.0226617,0.0284801,0.0362817,0.0556806,0.0783268,0.113108,0.153826
501.398,0.0480579,0.0457985,0.0448516,0.0447882,0.041475,0.0366565,0.0307348,0.029277,0.0254274,0.02654,0.0228828,0.0223539,0.0241879,0.0268286,0.0377973,0.054069,0.0803835,0.116219,0.153829
501.862,0.0447135,0.048202,0.0462834,0.0437234,0.0411978,0.0369395,0.0329981,0.0299697,0.0245383,0.024667,0.0247837,0.0221076,0.0202481,0.027408,0.0367349,0.0527178,0.0796079,0.11499,0.154012
502.326,0.0453667,0.0443694,0.0465183,0.0429575,0.0402245,0.0361656,0.0309686,0.030281,0.0303662,0.0250847,0.0241682,0.0203036,0.0245614,0.0271649,0.0366342,0.0533318,0.0786379,0.112508,0.154267
502.789,0.048134,0.0477816,0.0470228,0.0417892,0.0441258,0.0386595,0.035266,0.0306481,0.0301367,0.02503,0.0244299,0.023148,0.0245918,0.029698,0.0398311,0.056716,0.0813801,0.113433,0.156103
503.253,0.0473168,0.045231,0.0452347,0.0428141,0.0423463,0.0395997,0.0338892,0.0310412,0.0290001,0.024176,0.0213515,0.0220166,0.0238473,0.0282892,0.0411156,0.0564142,0.081094,0.118728,0.161452
503.716,0.046485,0.0451545,0.0428851,0.0413149,0.040554,0.0351396,0.0330908,0.0313943,0.0250099,0.0246174,0.0238327,0.0193062,0.0219111,0.0256048,0.0358344,0.0519935,0.0762054,0.110625,0.156103
504.18,0.0494046,0.0460201,0.0448378,0.0414565,0.0412372,0.0385058,0.0366284,0.0303054,0.0245448,0.0235814,0.0226949,0.0210209,0.0234287,0.0270979,0.0388688,0.05603,0.0805208,0.115181,0.157495
504.643,0.047594,0.0471885,0.0443363,0.0460745,0.0415495,0.0371184,0.0326637,0.0309843,0.0281302,0.025367,0.0229185,0.0220945,0.0214253,0.0257048,0.037562,0.0544679,0.0775051,0.113758,0.156794
505.106,0.0461165,0.0497519,0.0488046,0.0456465,0.0422488,0.0372349,0.0348968,0.0335918,0.0300746,0.0298008,0.0250436,0.024691,0.0266397,0.0325386,0.0411279,0.0583752,0.0806317,0.118413,0.158376
505.569,0.0475991,0.0446257,0.0438131,0.0440225,0.0396335,0.0363335,0.0299312,0.0316106,0.0289275,0.0242963,0.0236235,0.0220919,0.022658,0.0269713,0.0365134,0.0525559,0.0773111,0.115822,0.157009
506.032,0.0473807,0.0490903,0.0440212,0.041802,0.0392852,0.0375317,0.0306986,0.0306667,0.0255547,0.0269335,0.0219258,0.0220428,0.0247934,0.027026,0.0374903,0.0530832,0.0791842,0.117143,0.155158
506.495,0.0455853,0.0474827,0.0439687,0.0408696,0.0416764,0.0345197,0.031975,0.0300357,0.0267238,0.0226828,0.0230781,0.0227116,0.0203763,0.0287594,0.0368274,0.0556982,0.0796891,0.118927,0.156466
506.958,0.0474309,0.0481635,0.0443994,0.0421398,0.0415829,0.0384602,0.0343825,0.0270741,0.0293288,0.0222821,0.021332,0.022883,0.0252312,0.0279764,0.037629,0.0542635,0.0812042,0.112825,0.156908
507.42,0.0480614,0.04638,0.0477765,0.0467819,0.0430157,0.0375535,0.0315581,0.0327513,0.0285594,0.0245507,0.0231132,0.0246465,0.0236884,0.0264678,0.0374684,0.056845,0.0774246,0.117701,0.153872
507.883,0.0435473,0.0449593,0.0431158,0.0424052,0.0355497,0.0349537,0.0298126,0.0295924,0.0272089,0.0228437,0.0219919,0.0215249,0.0209745,0.0251644,0.034343,0.0540279,0.0762441,0.112845,0.156371
508.345,0.0463549,0.0441638,0.0450743,0.0440591,0.0387279,0.0365692,0.0336828,0.0325959,0.0248328,0.0241994,0.024943,0.0232811,0.021472,0.0278171,0.0388566,0.0551564,0.077598,0.115229,0.159004
508.808,0.0460834,0.0455518,0.046939,0.0453717,0.0406024,0.0380869,0.0343565,0.0328881,0.0254505,0.0240422,0.0228546,0.0234507,0.0250852,0.0282753,0.0391287,0.0557241,0.0789125,0.111138,0.155358
509.27,0.0468594,0.0458807,0.0458199,0.0446235,0.0400422,0.0367232,0.0320875,0.0320129,0.0290431,0.0250041,0.0249059,0.0213998,0.0241295,0.0291124,0.0378631,0.0551328,0.0783063,0.117167,0.155471
509.732,0.0458373,0.0477115,0.0456824,0.0421002,0.0402103,0.0346952,0.0312678,0.0298816,0.0275649,0.0255938,0.0226665,0.0220867,0.0214398,0.0281566,0.0357433,0.0517173,0.0777588,0.114473,0.152561
510.194,0.0445337,0.0459756,0.0459021,0.0411777,0.039366,0.0333847,0.0301936,0.0275793,0.0272503,0.0231453,0.0214001,0.0219907,0.0229669,0.026307,0.0362551,0.0515773,0.0770294,0.11347,0.156393
510.655,0.0459089,0.0471409,0.0433567,0.0442983,0.0402842,0.0350788,0.0319108,0.0295813,0.0269585,0.0273633,0.0211235,0.0215387,0.023072,0.0293858,0.0373824,0.0525227,0.0787717,0.118696,0.151945
511.117,0.0486528,0.047122,0.0432405,0.0423947,0.0420169,0.0362686,0.0321496,0.0305096,0.0288673,0.0243658,0.0236233,0.0252056,0.0235322,0.0281001,0.0369203,0.0536501,0.0785354,0.110991,0.156508
511.579,0.0439093,0.049333,0.0449901,0.0392837,0.0377035,0.0358004,0.0306612,0.0270976,0.0278244,0.0221809,0.0222144,0.0210953,0.0228907,0.0256042,0.0351302,0.0513349,0.0781719,0.115563,0.153385
512.04,0.0445408,0.0442327,0.0423018,0.0418538,0.0364021,0.0341971,0.0318527,0.0273132,0.0253452,0.0221315,0.02087,0.0194968,0.0221075,0.0262264,0.0365,0.053585,0.0767357,0.110929,0.150961
512.501,0.0478884,0.0467412,0.044148,0.0419287,0.040273,0.0366823,0.0302157,0.0262663,0.0252096,0.0253996,0.0231434,0.0200835,0.0213766,0.0278848,0.0362195,0.0523102,0.0765753,0.113189,0.15743
512.963,0.0450161,0.0468876,0.0456914,0.0418122,0.0416832,0.035776,0.0337631,0.0316584,0.0289023,0.0243381,0.0250937,0.0242408,0.0240019,0.0277626,0.03803,0.0544056,0.0794909,0.114708,0.15867
513.424,0.0448926,0.0472039,0.0442506,0.0435714,0.0392199,0.0359424,0.0311481,0.0285614,0.0254291,0.0239146,0.0225311,0.0225722,0.0227681,0.029049,0.0379935,0.0513807,0.077537,0.114355,0.151155
513.885,0.0472381,0.0466504,0.0483944,0.0455022,0.042029,0.0377718,0.0340186,0.0328813,0.0309632,0.0255669,0.0244682,0.0242307,0.0243619,0.0269539,0.0391183,0.0548061,0.0809394,0.112586,0.155584
514.345,0.0466829,0.0463505,0.0472929,0.0409158,0.0419811,0.0399925,0.0357405,0.031869,0.0278121,0.0248028,0.0248385,0.0231129,0.0248904,0.0253646,0.039524,0.0549762,0.0805123,0.115868,0.15102
514.806,0.046446,0.045532,0.043608,0.0411507,0.039242,0.0357866,0.030808,0.0300384,0.0258738,0.022419,0.0220248,0.0211178,0.0223194,0.0270538,0.0374181,0.0520302,0.0794818,0.116395,0.154056
515.267,0.0497484,0.0463996,0.0460636,0.0443627,0.0380113,0.0368729,0.0335364,0.0275746,0.0297784,0.0255449,0.0232583,0.0229977,0.0238019,0.0268721,0.0376265,0.0544799,0.079452,0.113022,0.15176
515.727,0.0411805,0.0437918,0.0438463,0.0421985,0.0362528,0.0361376,0.0320575,0.0282112,0.0264169,0.0227391,0.0223685,0.020314,0.0230552,0.0247942,0.0337467,0.0540605,0.0780945,0.106744,0.151875
516.188,0.0432093,0.0459542,0.0433586,0.0419301,0.0382979,0.0343796,0.0311253,0.0284099,0.025731,0.0252971,0.0199284,0.0217761,0.0222386,0.0289417,0.0343703,0.053667,0.0798875,0.111215,0.156241
516.648,0.0451993,0.0478344,0.0450959,0.0416568,0.0375076,0.0356811,0.0314783,0.0293421,0.0266679,0.026882,0.0241056,0.0225197,0.0253784,0.0266047,0.0390624,0.0508194,0.0766188,0.109576,0.15632
517.108,0.0444814,0.0439666,0.0445879,0.0431026,0.0407339,0.0356073,0.0313425,0.0304963,0.0274199,0.0241487,0.0228546,0.0217496,0.0236203,0.0262854,0.0349643,0.0527899,0.0784134,0.11388,0.153905
517.568,0.0500091,0.047267,0.0465719,0.0442654,0.0418334,0.0376866,0.0347652,0.0307673,0.0260781,0.025944,0.0234962,0.0229168,0.0250045,0.0304346,0.0376576,0.0558235,0.0797111,0.10995,0.154467
518.028,0.0414239,0.0446755,0.0431406,0.0403441,0.0390788,0.0338978,0.031513,0.0291394,0.0239652,0.0247268,0.0197419,0.0212554,0.0207831,0.0248781,0.0339312,0.051377,0.0785142,0.113983,0.155801
518.488,0.0438571,0.0463013,0.0470203,0.043192,0.0379514,0.0362204,0.0322787,0.0279237,0.0291225,0.0223712,0.0211086,0.0231321,0.0235474,0.0274921,0.0340443,0.0526625,0.0769301,0.111807,0.154394
518.947,0.0437398,0.0451715,0.0463365,0.0449975,0.0403549,0.0366364,0.0328279,0.0299527,0.0278386,0.0250752,0.0218637,0.02401,0.0254211,0.0277189,0.0350029,0.052557,0.0787896,0.112185,0.150894
519.407,0.0433252,0.0441792,0.0425127,0.0433083,0.0391838,0.0367553,0.0313243,0.0258233,0.0253061,0.0252038,0.0208866,0.0203989,0.0243825,0.0258433,0.0350995,0.0522238,0.0779139,0.113129,0.151602
519.866,0.0451776,0.0463634,0.0429645,0.0418388,0.0403462,0.0364334,0.033188,0.0305857,0.0282732,0.0272189,0.0228557,0.0221802,0.0219948,0.0282955,0.0404898,0.0545745,0.0797552,0.115124,0.156951
520.326,0.045408,0.0461531,0.0434793,0.0442435,0.0398815,0.0350609,0.0320002,0.0277098,0.0288489,0.0240719,0.0218849,0.0226492,0.0245414,0.0275116,0.0363689,0.0508056,0.078939,0.114317,0.15337
520.785,0.0467691,0.0447387,0.0438033,0.044123,0.0365427,0.0354385,0.0289695,0.0281466,0.025598,0.0211457,0.0206206,0.0213096,0.0212426,0.0269741,0.0361521,0.051484,0.0776426,0.111505,0.154399
521.244,0.0474109,0.0447616,0.0444396,0.0413867,0.0387079,0.0334761,0.0305901,0.0281452,0.0236297,0.0231614,0.0207617,0.0195769,0.0231165,0.0275819,0.0353271,0.0514376,0.0750336,0.113705,0.147717
521.703,0.0448305,0.0443533,0.0436531,0.0435978,0.0380316,0.0349664,0.0320939,0.0282364,0.0261243,0.0231333,0.0234417,0.0222931,0.025327,0.0286355,0.0383702,0.0527615,0.0780377,0.112225,0.151318
522.162,0.0441786,0.045268,0.0427815,0.042165,0.03857,0.0349263,0.0300186,0.0279335,0.0255986,0.0226718,0.0241542,0.021129,0.0225917,0.0259338,0.0350264,0.050762,0.0754791,0.111249,0.152305
522.621,0.0472137,0.0485722,0.0436625,0.0425473,0.038746,0.0368235,0.0337018,0.0305136,0.0285444,0.0256492,0.0222893,0.0233718,0.0242331,0.0286267,0.0365117,0.0509436,0.0792555,0.117299,0.156459
523.079,0.0454299,0.0448859,0.0428044,0.0402148,0.0391629,0.0356986,0.0301096,0.0280272,0.0253765,0.0229646,0.0207839,0.0209079,0.0221447,0.0261523,0.0368017,0.0506139,0.0791695,0.110329,0.150597
523.538,0.0417747,0.042903,0.0451693,0.0438953,0.0405953,0.0349395,0.0311985,0.0285847,0.0252154,0.0236606,0.0202057,0.0200607,0.0240678,0.0247246,0.0375252,0.0506931,0.0770095,0.113182,0.152212
523.996,0.0436678,0.0446001,0.043565,0.0429657,0.037866,0.035444,0.0310014,0.0299095,0.0260235,0.0244809,0.0211967,0.0225859,0.0208769,0.0265399,0.0366047,0.0503262,0.0795493,0.111245,0.150752
524.455,0.0441326,0.0463286,0.0451982,0.0421619,0.0368421,0.0347951,0.0312612,0.0276063,0.023747,0.0236707,0.0232904,0.0241587,0.022438,0.0267192,0.0354451,0.0533176,0.0786267,0.110389,0.153704
524.913,0.0441988,0.0472517,0.0426076,0.0416246,0.039994,0.0355965,0.0329144,0.0264498,0.0244512,0.0234538,0.02079,0.0200428,0.0222635,0.0283349,0.0361317,0.0502349,0.0764389,0.110705,0.155104
525.371,0.0493174,0.0464346,0.0449451,0.0450156,0.0425332,0.0391819,0.037301,0.0302635,0.0279018,0.0276113,0.0224489,0.0234293,0.0261822,0.0284462,0.0382268,0.0537864,0.0817882,0.116868,0.155306
525.829,0.0459728,0.0424194,0.0408414,0.0423641,0.0381411,0.0347217,0.0319887,0.0262814,0.0248965,0.0240558,0.0217864,0.019965,0.0236473,0.0262042,0.034722,0.0511317,0.0780784,0.110605,0.150636
526.286,0.0429685,0.0448712,0.0450575,0.0416054,0.0389134,0.0344113,0.0314167,0.0286779,0.0262297,0.0219717,0.0205026,0.0212818,0.02258,0.0262108,0.037577,0.0497814,0.0760434,0.113649,0.154799
526.744,0.0454744,0.0440249,0.0427871,0.0402456,0.0364048,0.0328809,0.0311014,0.028648,0.0260499,0.0214214,0.0216453,0.0204195,0.0234543,0.0254808,0.0339717,0.052032,0.0785906,0.112548,0.152296
527.202,0.0468778,0.0469364,0.0443178,0.0450678,0.0395611,0.0359566,0.0318901,0.0305058,0.0284431,0.0258625,0.0240397,0.0241206,0.0243332,0.0287659,0.0381201,0.0530938,0.0778045,0.113529,0.151998
527.659,0.0453752,0.0463601,0.0437414,0.0444873,0.0426027,0.0343554,0.030074,0.029238,0.0272042,0.0240673,0.0227306,0.0198395,0.0234437,0.0260363,0.0366752,0.0518,0.0754548,0.112598,0.147796
528.117,0.0426748,0.044944,0.0444858,0.0425538,0.0378526,0.0362733,0.0325222,0.0281171,0.0273916,0.0220751,0.0225743,0.0198656,0.0233162,0.0261463,0.0378817,0.0514902,0.0750065,0.115105,0.149825
528.574,0.0464533,0.0449936,0.0455158,0.0431348,0.0426524,0.0370741,0.0335582,0.0290078,0.0257892,0.026263,0.0247773,0.0231499,0.0227016,0.0278477,0.0361254,0.0542924,0.079167,0.113501,0.151745
529.031,0.0415303,0.0460039,0.0434682,0.0437244,0.0394868,0.0349582,0.0306748,0.0297822,0.0248447,0.0238039,0.0208159,0.0210761,0.021636,0.0285244,0.0364866,0.0506143,0.0766474,0.113782,0.149325
529.488,0.0460397,0.0447613,0.043092,0.043374,0.0390427,0.0334437,0.032748,0.0306294,0.0253598,0.024186,0.0234674,0.0215661,0.0225608,0.026051,0.0355658,0.0491983,0.0776707,0.112832,0.152806
529.945,0.0433241,0.0449852,0.0447213,0.0410064,0.041211,0.0370609,0.0336255,0.0315996,0.0266123,0.0240822,0.0228921,0.021259,0.0217408,0.0280534,0.0354314,0.051557,0.0779958,0.111429,0.15284
530.402,0.042162,0.0461058,0.04683,0.042159,0.0390014,0.0362316,0.0336943,0.0291691,0.0264308,0.0254011,0.0205473,0.0224794,0.0221489,0.029239,0.0344687,0.0504307,0.0802863,0.114654,0.150847
530.858,0.0444851,0.0453457,0.0436512,0.0405282,0.0359379,0.0349276,0.0306752,0.0277537,0.0244612,0.0223055,0.0217142,0.0175321,0.0212526,0.0274973,0.0337658,0.0518124,0.0786897,0.111789,0.152525
531.315,0.0402597,0.0446718,0.0408213,0.0397669,0.0362916,0.0339339,0.0294674,0.02716,0.025291,0.0216304,0.0200908,0.0195189,0.0198189,0.0245818,0.0353508,0.048883,0.0705887,0.1092,0.146812
531.771,0.044884,0.0447553,0.0403546,0.0417371,0.0399246,0.0353442,0.0319722,0.0294505,0.0259808,0.022753,0.0214243,0.0199867,0.0217128,0.0251626,0.0355895,0.0509678,0.0780984,0.110717,0.155366
532.227,0.0457575,0.045375,0.0436937,0.043535,0.039207,0.0355386,0.0341741,0.0282206,0.027252,0.0237497,0.0215556,0.0222483,0.0227835,0.026272,0.0374498,0.0531175,0.078391,0.113564,0.153877
532.684,0.0452986,0.0439206,0.0438234,0.0409915,0.0378438,0.0337056,0.0321103,0.0275183,0.0261176,0.0232122,0.0227585,0.022619,0.0219449,0.0270527,0.034714,0.0529277,0.076295,0.108668,0.149825
533.14,0.0435702,0.0445279,0.0409514,0.040214,0.0376393,0.0351127,0.0286781,0.0252689,0.0240738,0.0225097,0.0213218,0.0197971,0.0222983,0.0258599,0.0338723,0.0496551,0.078047,0.114514,0.151128
533.596,0.0453002,0.0460737,0.0450337,0.0410638,0.0395282,0.0360561,0.030984,0.0286879,0.0271123,0.0244344,0.02286,0.0231207,0.0226536,0.0264482,0.0372954,0.051048,0.077419,0.112891,0.153532
534.051,0.0488882,0.0449925,0.0466831,0.0423877,0.0388507,0.0366315,0.0333567,0.0305694,0.0268123,0.0233597,0.0228313,0.0225541,0.0246278,0.0290282,0.0382053,0.0528227,0.0783043,0.111956,0.150369
534.507,0.0431375,0.0444916,0.0443643,0.0388989,0.0384855,0.036436,0.0309504,0.0272693,0.0238854,0.0217949,0.020547,0.0198657,0.020564,0.0271991,0.0353156,0.049991,0.0759149,0.10895,0.146068
534.963,0.0464786,0.0450477,0.0430335,0.0402252,0.0386814,0.0357667,0.0323304,0.0282966,0.0287601,0.023419,0.0226394,0.0214858,0.0236762,0.0285447,0.0348309,0.0516373,0.0769566,0.111534,0.151646
535.418,0.0442006,0.0438566,0.0445789,0.042604,0.0388339,0.0358161,0.0335588,0.0325398,0.0263087,0.0238044,0.0241279,0.0224255,0.0226651,0.0283793,0.036656,0.0514649,0.0777218,0.11039,0.153346
535.873,0.0441496,0.0421485,0.0428529,0.0421969,0.0382946,0.0335616,0.0312958,0.0270838,0.0250852,0.0224491,0.022582,0.0210224,0.0210623,0.0267473,0.0337685,0.0498383,0.0759504,0.112009,0.150278
536.329,0.0435934,0.0433512,0.0405208,0.0397567,0.0384163,0.0332555,0.0299097,0.0274691,0.0238581,0.0237713,0.0207441,0.0192036,0.0216917,0.0258558,0.0352333,0.0504903,0.0754258,0.111339,0.148097
536.784,0.0453649,0.0456336,0.0421466,0.0406785,0.0385786,0.035387,0.0303858,0.027283,0.0236167,0.0238358,0.0232461,0.0215148,0.0233761,0.0262537,0.0344609,0.050673,0.0736388,0.110723,0.149776
537.239,0.0435302,0.0438746,0.0429504,0.0391312,0.0378357,0.0334386,0.0305402,0.025994,0.0251575,0.0228263,0.0205848,0.0212938,0.0208775,0.0263147,0.0348334,0.0511797,0.0723109,0.110645,0.149351
537.694,0.0446855,0.0432543,0.0431875,0.0423455,0.0397613,0.0323466,0.0305674,0.0274206,0.0239563,0.0237643,0.0225247,0.0213954,0.0234498,0.0265973,0.0353104,0.0484373,0.0787381,0.112712,0.148845
538.148,0.0467768,0.0439142,0.0442197,0.0414749,0.0402534,0.0364428,0.0334032,0.0292098,0.025975,0.0236925,0.0221396,0.0225063,0.0233347,0.0281731,0.0373793,0.0540688,0.081048,0.118047,0.155935
538.603,0.0443363,0.0441322,0.042985,0.0422816,0.0393655,0.0347275,0.0334282,0.0308119,0.0276842,0.0223984,0.0240698,0.0230856,0.0226965,0.026314,0.0354047,0.0529686,0.0766431,0.111906,0.154136
539.058,0.0484289,0.0453154,0.0451682,0.0451862,0.0392058,0.0355505,0.0315402,0.0301074,0.0286423,0.0250909,0.0222949,0.0208612,0.0213794,0.026233,0.0370057,0.0529555,0.0787437,0.112926,0.15272
539.512,0.0461135,0.0483435,0.0444627,0.0428483,0.0411676,0.034935,0.0321638,0.0309046,0.0270945,0.0230753,0.0229248,0.0219691,0.0235159,0.0267883,0.0382824,0.0538635,0.0775027,0.114758,0.156657
539.966,0.04299,0.0443058,0.0429186,0.0414461,0.0354327,0.034891,0.0296879,0.0289263,0.0237479,0.0215263,0.0191881,0.0216719,0.0220129,0.024227,0.034954,0.0495191,0.0759815,0.109769,0.14858
540.421,0.0437734,0.0465108,0.0450715,0.0420044,0.0387748,0.0344628,0.0319185,0.0287627,0.0282868,0.0237556,0.0226341,0.0214375,0.0235913,0.0260725,0.0350731,0.0508218,0.0760528,0.113445,0.149322
540.875,0.0430067,0.0421738,0.0435462,0.0420839,0.0373059,0.0332491,0.0313956,0.0261724,0.0260097,0.0237071,0.0207032,0.0205186,0.0212656,0.0249366,0.0363832,0.0500184,0.0762525,0.11165,0.151058
541.329,0.0448009,0.0480163,0.0455507,0.0430242,0.0386221,0.0353194,0.0325506,0.0294403,0.026729,0.0243221,0.0223794,0.022854,0.0226439,0.0281209,0.0383912,0.0515633,0.0762054,0.114137,0.158157
541.782,0.0436865,0.0430595,0.0434471,0.0415269,0.0376048,0.0359915,0.0313814,0.0285891,0.0263482,0.0240168,0.0218342,0.0211971,0.0239737,0.0285159,0.0360394,0.0512283,0.0773216,0.112191,0.150652
542.236,0.0428242,0.0464738,0.0441903,0.040122,0.0392051,0.0336247,0.0320122,0.0287634,0.0274797,0.0245421,0.0249011,0.0209266,0.0246423,0.0275391,0.0365062,0.0519449,0.0766035,0.112,0.15392
542.69,0.0446587,0.0440992,0.0434814,0.0434346,0.0396654,0.035735,0.0332584,0.0279597,0.0263284,0.0227631,0.0212924,0.0217176,0.0234747,0.026283,0.0364195,0.05091,0.0805746,0.114391,0.155043
543.143,0.044381,0.0450883,0.0453013,0.043704,0.0389301,0.0374713,0.0330105,0.0306912,0.0267898,0.0253596,0.0227165,0.0215148,0.0232999,0.0265522,0.0357342,0.0525441,0.0771445,0.114675,0.151821
543.597,0.0468875,0.0434656,0.043043,0.0424112,0.0382814,0.0339112,0.0319618,0.0284229,0.0259175,0.0242906,0.0226384,0.0190681,0.0238974,0.0295947,0.0355335,0.0506537,0.0759711,0.110481,0.151999
544.05,0.0441904,0.0415774,0.0418575,0.0417278,0.0368183,0.034749,0.0292721,0.0283294,0.0248289,0.0225985,0.0192772,0.0196862,0.0201317,0.0250236,0.0342411,0.0494988,0.0751338,0.112159,0.146943
544.503,0.0456044,0.044122,0.0419428,0.0405936,0.0375927,0.0356049,0.0314446,0.0282048,0.0248317,0.0230124,0.020848,0.0208476,0.0203567,0.0278967,0.035514,0.0511261,0.0769983,0.111715,0.15063
544.956,0.0446186,0.0440071,0.0426274,0.0439202,0.039621,0.0352502,0.0308844,0.0289125,0.0256697,0.0233114,0.0233746,0.0218991,0.0212912,0.0263339,0.0351852,0.0491214,0.0743224,0.11007,0.148733
545.409,0.0452531,0.0467343,0.0418952,0.0409891,0.0368041,0.0321527,0.0311192,0.0271236,0.0256149,0.0215612,0.0200502,0.0202118,0.0217938,0.0281978,0.0359171,0.0522954,0.0756901,0.113111,0.1524
545.862,0.0456504,0.0446207,0.0448317,0.0414829,0.0395507,0.0371448,0.0304813,0.0271888,0.0266303,0.0246656,0.0212498,0.0198936,0.0229364,0.0285141,0.0354693,0.0521382,0.0773293,0.110841,0.15112
546.314,0.0439454,0.0445513,0.044439,0.0411285,0.0397016,0.036476,0.0325227,0.0310155,0.027486,0.0237468,0.0231108,0.0225139,0.0223078,0.0266566,0.0375977,0.0537476,0.078325,0.113055,0.147048
546.767,0.0439797,0.0451264,0.0439375,0.0409667,0.0403904,0.0356135,0.0298629,0.0291913,0.0273289,0.0254774,0.0238572,0.0240638,0.0223061,0.0269275,0.0359669,0.0508308,0.0750363,0.11135,0.150912
547.219,0.044624,0.0463958,0.0444386,0.043495,0.039761,0.0331613,0.0320251,0.0319177,0.0277927,0.0256938,0.024523,0.0215677,0.0220449,0.0270813,0.0376234,0.0520655,0.0761498,0.114403,0.151727
547.672,0.0413587,0.0463853,0.0437795,0.0420233,0.038652,0.0331243,0.0318266,0.0278443,0.0258461,0.0236574,0.0218083,0.0209987,0.0240872,0.0269104,0.0359095,0.051256,0.0763784,0.110667,0.150302
548.124,0.0420254,0.045423,0.0421283,0.0414024,0.037312,0.0353905,0.030047,0.0263931,0.0259853,0.0221381,0.021713,0.0199609,0.0216826,0.0241984,0.036063,0.0503234,0.0769094,0.111208,0.150239
548.576,0.0458891,0.0443551,0.044082,0.0427273,0.039108,0.0352651,0.0323801,0.0301053,0.0266924,0.0232272,0.023539,0.0218595,0.0240821,0.0275588,0.0377005,0.0531202,0.0770637,0.112963,0.152977
549.028,0.0442867,0.0441328,0.0444869,0.0411066,0.0395054,0.0351543,0.0307259,0.0292517,0.0260338,0.0245714,0.0225613,0.0204511,0.0222606,0.0282335,0.0368115,0.0509469,0.0775805,0.111834,0.151267
549.48,0.0447908,0.0455869,0.0446166,0.0411832,0.0385563,0.0331665,0.0314132,0.0268241,0.0257117,0.0224494,0.0207796,0.0202795,0.0227622,0.0256209,0.0348507,0.0517179,0.0744709,0.111381,0.151014
549.931,0.0450938,0.0464304,0.0441724,0.0407903,0.0390943,0.0335309,0.0311467,0.0298974,0.0259945,0.0236868,0.0214867,0.0217429,0.0222274,0.0255945,0.0365071,0.0521471,0.078472,0.110593,0.15222
550.383,0.0460827,0.0458741,0.0449391,0.0412024,0.038767,0.0340997,0.0312154,0.0287021,0.0254692,0.0233155,0.0216769,0.0208166,0.0214677,0.0253984,0.0364404,0.0526679,0.0782455,0.109236,0.150445
550.834,0.0440646,0.0449596,0.0457203,0.0420176,0.0406901,0.0353978,0.0329441,0.0301219,0.0262843,0.0234942,0.0226075,0.0217337,0.022681,0.0271881,0.0346071,0.0482066,0.0766199,0.113054,0.151747
551.286,0.045111,0.0472625,0.0458884,0.0423796,0.0391711,0.0349552,0.0301208,0.0285351,0.0251425,0.0247235,0.0222062,0.0230953,0.0231167,0.0276621,0.0355714,0.0506904,0.0821967,0.11218,0.154435
551.737,0.0445642,0.0450546,0.0429075,0.0423397,0.0407658,0.0340759,0.0318232,0.0288994,0.0247763,0.0218529,0.0221617,0.0231912,0.0225449,0.0256646,0.0351128,0.0491103,0.0769983,0.110863,0.154394
552.188,0.0420823,0.041847,0.0415689,0.0396163,0.0352543,0.0341411,0.0274321,0.0258879,0.0245825,0.0219448,0.0196118,0.0199753,0.0203917,0.0250108,0.0336035,0.0503557,0.0760937,0.108832,0.148593
552.639,0.0440201,0.0432626,0.0436194,0.0420621,0.0379502,0.0367836,0.0332329,0.0281763,0.0259522,0.023672,0.0224272,0.0215758,0.0225317,0.0267737,0.0341834,0.0508325,0.0756975,0.114427,0.153252
553.09,0.0461291,0.0474988,0.0435567,0.0421133,0.0386255,0.0361921,0.032408,0.0299629,0.0265917,0.0243023,0.0216073,0.0220873,0.0220533,0.0263932,0.0368322,0.0525072,0.0770633,0.112952,0.154656
553.541,0.0435268,0.0434906,0.0436295,0.042128,0.0363216,0.0365206,0.0303683,0.0297685,0.0251222,0.0240663,0.0197991,0.0208266,0.0221738,0.0276821,0.0363799,0.0481649,0.0751778,0.112401,0.150521
553.992,0.0460023,0.0435676,0.0444038,0.0410098,0.0385101,0.0343099,0.0311395,0.0276534,0.0246268,0.0237033,0.0214985,0.022217,0.0223915,0.0269694,0.0376364,0.0517854,0.0772327,0.112116,0.149298
554.442,0.0438885,0.0442626,0.0414987,0.0409089,0.0390425,0.0352377,0.0314642,0.0272768,0.0257967,0.0219398,0.0214185,0.0198829,0.0216542,0.025506,0.0339963,0.0501001,0.0729895,0.111085,0.149391
554.893,0.0422436,0.0432795,0.0446648,0.0420289,0.0385595,0.0347111,0.0291427,0.0276223,0.0254505,0.0228741,0.0206466,0.0204221,0.0197331,0.0254401,0.0347138,0.0481154,0.0775119,0.111746,0.152433
555.343,0.0439889,0.0435785,0.043379,0.0428516,0.035656,0.0346338,0.0307169,0.0280081,0.0260983,0.0225543,0.0207788,0.0206462,0.0226798,0.0256934,0.0333385,0.0484941,0.0770829,0.11115,0.153019
555.793,0.042763,0.0418592,0.0421232,0.0409059,0.0382774,0.0340053,0.0320382,0.0263369,0.0254335,0.0218229,0.0215514,0.0194446,0.0219873,0.0256979,0.0346518,0.0489867,0.0760358,0.112509,0.148665
556.243,0.0427785,0.0439272,0.0441732,0.0402887,0.0363736,0.0338582,0.0306317,0.0269817,0.0243962,0.0222707,0.0196428,0.0196838,0.0213572,0.0250923,0.0341746,0.0503024,0.0741496,0.110338,0.146438
556.693,0.0453584,0.0454242,0.0434778,0.0416874,0.0404254,0.0354515,0.0322341,0.0299318,0.0274633,0.0239434,0.0214245,0.0216113,0.0227371,0.0254912,0.0369403,0.0528017,0.0752361,0.116437,0.156404
557.143,0.0462714,0.0429828,0.0449261,0.0414476,0.0390914,0.0346347,0.0316707,0.0279051,0.0253428,0.024466,0.024091,0.0207738,0.0229126,0.0264873,0.0336928,0.0501328,0.0758846,0.112438,0.151235
557.593,0.0434152,0.0462905,0.0415345,0.0403983,0.0373084,0.0336927,0.0320787,0.0279449,0.0260481,0.0221619,0.0196964,0.0203134,0.021642,0.0255632,0.0349157,0.0509101,0.0741296,0.110835,0.149578
558.042,0.0436606,0.0441402,0.0427317,0.0406539,0.0383064,0.0355811,0.0300869,0.0294216,0.0260858,0.0232714,0.0200383,0.0205505,0.0229591,0.0246915,0.03689,0.049346,0.0781797,0.111636,0.149167
558.492,0.0442576,0.0423677,0.0432814,0.0420137,0.0369618,0.034132,0.0311532,0.0278592,0.0252945,0.0211944,0.020844,0.0203848,0.0211701,0.0254215,0.0341866,0.0498805,0.0746182,0.111359,0.150843
558.941,0.0429927,0.0436269,0.0422606,0.0408959,0.0381953,0.0330615,0.0306094,0.0264942,0.0252327,0.023512,0.0206799,0.0217846,0.0201254,0.0253149,0.0348605,0.0507448,0.0768776,0.110143,0.154296
559.39,0.044131,0.0457323,0.0424656,0.0416003,0.0381394,0.0358203,0.031077,0.0281474,0.0257108,0.0238978,0.0217898,0.0208064,0.0222899,0.0271994,0.0359409,0.0497723,0.076869,0.112652,0.151897
559.839,0.0426647,0.0435428,0.0421292,0.0396841,0.0387944,0.0333649,0.0304104,0.0284184,0.0247117,0.0243574,0.0212796,0.0207903,0.0210233,0.0249637,0.0346582,0.0502952,0.0756462,0.112503,0.153234
560.288,0.0458135,0.046791,0.0448631,0.0424159,0.0397027,0.0353632,0.0319879,0.0292535,0.0277033,0.0236131,0.022875,0.0219933,0.0224093,0.0280379,0.0368398,0.0523681,0.0801893,0.113689,0.154401
560.737,0.0447126,0.0452263,0.0440774,0.0417931,0.0391961,0.0361052,0.0308628,0.0286254,0.0264038,0.0232979,0.0212879,0.021367,0.0236941,0.0261204,0.0365127,0.0522638,0.0776682,0.1133,0.152984
561.186,0.0450401,0.0438106,0.0429324,0.0423294,0.0365655,0.034942,0.0321571,0.0293461,0.0243451,0.0222079,0.0214922,0.0193668,0.0223157,0.0274084,0.0362327,0.0503065,0.0784082,0.114735,0.15042
561.635,0.043235,0.0454631,0.0441831,0.0391786,0.0388508,0.0352132,0.0322117,0.0262486,0.0258312,0.0236889,0.0228084,0.0212641,0.0211726,0.0256621,0.0346526,0.0511042,0.0756242,0.110273,0.151588
562.083,0.0437138,0.0449552,0.045477,0.0417305,0.0383823,0.0331323,0.0316503,0.029728,0.0243764,0.0237717,0.0230175,0.0218388,0.0222613,0.0248044,0.0358895,0.0502069,0.0767363,0.109729,0.150118
562.532,0.0443914,0.0443865,0.0441926,0.0406752,0.0392252,0.0344172,0.0317121,0.0291739,0.0260132,0.0229481,0.0220264,0.0201589,0.0226872,0.0277105,0.0353132,0.051137,0.0756516,0.109609,0.151242
562.98,0.0449133,0.0456116,0.0437987,0.043123,0.0379443,0.0340598,0.0300191,0.0280994,0.0255422,0.0239136,0.0198042,0.020944,0.0206492,0.0274393,0.0357701,0.0485107,0.0756926,0.110118,0.153309
563.428,0.0434805,0.0436215,0.0420445,0.0414676,0.0388257,0.0343708,0.0291142,0.0272581,0.0257888,0.0225986,0.0218537,0.0204718,0.0225946,0.0260061,0.0356471,0.050381,0.077433,0.109951,0.15222
563.876,0.0419889,0.0427931,0.0429627,0.0414883,0.0390913,0.0334438,0.0313667,0.0280393,0.0246869,0.0226307,0.0201244,0.021056,0.0219119,0.0256035,0.0346588,0.051867,0.0747749,0.113022,0.150776
564.324,0.0449711,0.0459609,0.0425128,0.0403856,0.038911,0.0335605,0.030848,0.0283012,0.0264706,0.0219065,0.0208896,0.0211854,0.0208785,0.0252151,0.0348685,0.049739,0.075861,0.111142,0.155069
564.772,0.0431379,0.0423088,0.0416296,0.0409861,0.0373384,0.0332059,0.0296355,0.0273938,0.0233871,0.0218658,0.0205699,0.0186988,0.019298,0.0251999,0.0355822,0.0482367,0.0732595,0.112807,0.151302
565.22,0.0436315,0.0435607,0.0416519,0.0428819,0.0396292,0.0357185,0.030406,0.0288909,0.0256213,0.0235468,0.0222377,0.0205659,0.0213635,0.0253465,0.0345563,0.0507954,0.0775964,0.114226,0.149852
565.667,0.0426288,0.0407573,0.0395916,0.040098,0.0372129,0.0315175,0.0287676,0.0278023,0.0249693,0.0213561,0.0219232,0.0194906,0.0197635,0.0246338,0.0355115,0.0480594,0.0741703,0.106601,0.150475
566.115,0.0420144,0.0432175,0.0425195,0.0418026,0.0405903,0.034881,0.0295748,0.0267324,0.024947,0.0230626,0.0217328,0.0205972,0.0222916,0.0252899,0.0356781,0.0512158,0.0759165,0.112514,0.155553
566.562,0.0444973,0.0446581,0.0428804,0.0413715,0.0383293,0.0347207,0.030748,0.0264796,0.0260509,0.0247872,0.0224827,0.0220477,0.0230554,0.0259187,0.0354328,0.0519648,0.0779661,0.112714,0.152044
567.01,0.0439178,0.0440609,0.0429158,0.0407195,0.0379033,0.0332662,0.0308216,0.0290847,0.0243182,0.0232949,0.0220735,0.0212247,0.0205375,0.0263961,0.0334775,0.0507941,0.0767931,0.112862,0.150532
567.457,0.0419306,0.0432908,0.0425686,0.0417393,0.0373479,0.0364792,0.0309834,0.0262312,0.0242407,0.0226198,0.0206304,0.0194684,0.0220851,0.026353,0.0352293,0.0505075,0.0752729,0.113773,0.154696
567.904,0.0432955,0.0445256,0.0426193,0.0412274,0.0379139,0.032643,0.0304813,0.0270139,0.0244214,0.021891,0.0208513,0.0190058,0.021575,0.0257883,0.0329455,0.049942,0.0769943,0.108841,0.151295
568.351,0.0461813,0.0449716,0.0448073,0.0421541,0.0403278,0.036733,0.0320919,0.0298402,0.0269241,0.0254274,0.0228125,0.0200863,0.0241552,0.0263282,0.0368749,0.0516997,0.0741909,0.114937,0.154728
568.797,0.0441755,0.0448225,0.0420953,0.039645,0.0391449,0.0337294,0.0303684,0.0277737,0.024852,0.0241256,0.0206155,0.0214284,0.0220138,0.0257188,0.035818,0.0503273,0.0751715,0.112984,0.151889
569.244,0.0456656,0.0457638,0.0438984,0.0413908,0.036806,0.0345565,0.030676,0.0275735,0.0262797,0.0240672,0.0203088,0.0208215,0.0241004,0.027108,0.03692,0.051084,0.0767767,0.110312,0.152332
569.691,0.0428156,0.0458284,0.0438303,0.0418749,0.0384337,0.0339127,0.0305213,0.0287553,0.0261647,0.0232074,0.0217706,0.022155,0.0224414,0.0263098,0.034754,0.0509482,0.0754784,0.113547,0.15012
570.137,0.0440772,0.0439333,0.0439457,0.0413395,0.0388159,0.0349887,0.0326822,0.02903,0.0249723,0.0219144,0.0219563,0.0214178,0.0206692,0.0271028,0.0348849,0.0518334,0.0779011,0.113449,0.152517
570.583,0.0416408,0.0420156,0.0440358,0.0402339,0.0385478,0.0331794,0.0303953,0.0263744,0.0250098,0.0228833,0.0206449,0.0209837,0.020497,0.025203,0.0341433,0.0496117,0.0743636,0.110363,0.151212
571.03,0.0448266,0.0433579,0.0436081,0.0411855,0.0380039,0.0343389,0.0295172,0.0279844,0.0244997,0.023045,0.0211159,0.0207315,0.0203038,0.02495,0.0342147,0.0494904,0.0738123,0.112047,0.151714
571.476,0.0442121,0.0453693,0.0422709,0.0413004,0.039019,0.0341974,0.0313116,0.028533,0.0246177,0.0235661,0.0205652,0.021852,0.0218416,0.02542,0.0327297,0.050255,0.0773713,0.112065,0.151548
571.922,0.0446543,0.0449496,0.0431069,0.042104,0.0400399,0.0355517,0.0311264,0.0273791,0.0242834,0.0239067,0.0198034,0.0208911,0.0210484,0.025184,0.0342861,0.0499298,0.0753731,0.114059,0.152088
572.367,0.042793,0.0453259,0.0419412,0.0412836,0.0383442,0.0341319,0.029887,0.0281216,0.0241593,0.022238,0.0219338,0.019109,0.0219711,0.0254346,0.034046,0.048672,0.0735321,0.111728,0.153481
572.813,0.0428823,0.0439691,0.0431451,0.042628,0.0371362,0.0352706,0.0309797,0.0291397,0.0249555,0.0245912,0.0216549,0.021282,0.0233061,0.0269838,0.0362338,0.0512624,0.0777674,0.112719,0.152472
573.259,0.0440959,0.0430824,0.0418236,0.0400961,0.0357968,0.033535,0.0314594,0.028925,0.0235275,0.0221564,0.0211463,0.0199896,0.0216648,0.0262793,0.0339998,0.0506252,0.0781255,0.109293,0.155453
573.704,0.0436118,0.0446074,0.0442615,0.0431739,0.0402595,0.0362886,0.0318025,0.0291795,0.0263909,0.0237313,0.0232705,0.0215833,0.0226519,0.0251662,0.0340751,0.049979,0.0790982,0.111202,0.154832
574.15,0.0461206,0.0437325,0.0421781,0.0402428,0.0409076,0.0340119,0.0303254,0.0284426,0.0257762,0.0230382,0.022986,0.0207311,0.0214067,0.0261564,0.0346059,0.0497922,0.0777364,0.111767,0.150777
574.595,0.0410258,0.043475,0.041147,0.0391042,0.0347323,0.0322306,0.0289224,0.0261272,0.0224588,0.0223891,0.0207836,0.0201534,0.0210401,0.0250651,0.0326865,0.0503256,0.0753545,0.107733,0.149133
575.04,0.0451895,0.0465443,0.0444754,0.0425871,0.0393479,0.035856,0.030746,0.0308489,0.0253441,0.0225206,0.0215418,0.0189066,0.0221495,0.0271626,0.0358633,0.0516622,0.0743309,0.112666,0.155529
575.485,0.0427833,0.0442551,0.0435486,0.0400548,0.0380703,0.0322896,0.0315958,0.0291565,0.0244093,0.021784,0.0201231,0.0198925,0.0214407,0.0257516,0.035704,0.0491467,0.075013,0.111012,0.148128
575.93,0.0428739,0.0439051,0.0407186,0.0411458,0.0371567,0.0336924,0.0279735,0.0261146,0.0242866,0.0221636,0.0216982,0.0193705,0.0206037,0.0260172,0.0348238,0.0504388,0.0756477,0.110587,0.15178
576.375,0.0455806,0.0446991,0.0448707,0.0405116,0.0401612,0.0360695,0.0291261,0.0278319,0.0254839,0.0239449,0.0213222,0.0196954,0.0218581,0.0248899,0.0355993,0.0505693,0.0754157,0.112233,0.150313
576.819,0.0453585,0.0470276,0.0435628,0.0417692,0.0400709,0.0356305,0.0302824,0.028953,0.0270573,0.0246304,0.0221002,0.0225957,0.0227916,0.0272329,0.0359353,0.052393,0.0781216,0.114607,0.155135
577.264,0.0465658,0.0456745,0.0446293,0.0425631,0.0414023,0.0357329,0.0335792,0.0294605,0.0265711,0.0251382,0.02266,0.0223522,0.0210995,0.0274571,0.0344946,0.0517117,0.0773333,0.113671,0.154976
577.708,0.0442244,0.0457028,0.0430664,0.0438824,0.0396142,0.0363144,0.0310123,0.0298493,0.0278896,0.0228775,0.021581,0.0220408,0.0226924,0.0276481,0.0350978,0.0497204,0.0740357,0.110444,0.154549
578.153,0.0421537,0.0452581,0.0420658,0.0400462,0.0389701,0.0348279,0.0300562,0.0270657,0.0249488,0.0216616,0.021314,0.0209313,0.0219627,0.0259141,0.033768,0.0497225,0.073994,0.110269,0.152065
578.597,0.0441733,0.0438463,0.0426906,0.0401153,0.0358086,0.0341672,0.0309847,0.0258466,0.0241246,0.0226593,0.0200081,0.0199103,0.0204203,0.025134,0.0338719,0.0487592,0.0748188,0.110233,0.150772
579.041,0.0444783,0.0461701,0.0438698,0.0409104,0.0382965,0.0346299,0.0316155,0.0285158,0.0269426,0.0226158,0.0208366,0.0218971,0.0223748,0.0282038,0.0347841,0.0521289,0.0761418,0.110129,0.153816
579.485,0.0412485,0.0421632,0.0428356,0.0408617,0.0383127,0.0345591,0.0285128,0.0267488,0.0234773,0.020657,0.0184806,0.0198999,0.021094,0.0244303,0.0337196,0.0501367,0.0745084,0.110975,0.151921
579.929,0.044075,0.0448345,0.0436923,0.0424033,0.0388716,0.0335129,0.0303299,0.0279239,0.0243957,0.0241922,0.0203086,0.0216903,0.0213688,0.0272609,0.0356435,0.051068,0.0772168,0.112023,0.153908
580.372,0.0435151,0.0429387,0.0425342,0.0422028,0.0390195,0.0318435,0.0328645,0.03027,0.0251507,0.0233205,0.0219536,0.0212507,0.0227292,0.0264154,0.0368928,0.0511448,0.0772338,0.113248,0.15101
580.816,0.045123,0.0473556,0.0432239,0.0419948,0.0396615,0.0373195,0.031773,0.0300445,0.0246974,0.0240474,0.0230047,0.023623,0.0242758,0.0278848,0.0377993,0.0512107,0.0767586,0.113078,0.154734
581.259,0.0453599,0.0446905,0.0430264,0.0433742,0.038952,0.0364366,0.029848,0.0289244,0.0252068,0.0265963,0.0220926,0.0212943,0.0214229,0.027024,0.0340795,0.0537272,0.0771883,0.111151,0.149251
581.703,0.0438609,0.0464046,0.0452598,0.0403439,0.0381601,0.0344967,0.02967,0.0286383,0.0273779,0.0245856,0.0220362,0.0213658,0.0230305,0.0267251,0.0352038,0.0522227,0.0768561,0.112812,0.151027
582.146,0.0445365,0.0455943,0.0457177,0.0423939,0.0396616,0.0355859,0.0308447,0.0287,0.0262911,0.0240704,0.0215517,0.0198093,0.022538,0.027361,0.0340439,0.0496057,0.0779729,0.111328,0.153164
582.589,0.0442826,0.0437519,0.0415334,0.0401552,0.0372822,0.0339452,0.0302055,0.0274736,0.0258802,0.0221117,0.0197611,0.0197645,0.0221393,0.0272398,0.0347692,0.0495606,0.0754904,0.111695,0.149041
583.032,0.0464515,0.0476767,0.0459127,0.043688,0.0390946,0.0371278,0.0323608,0.0293271,0.0259792,0.0240586,0.0246035,0.0235357,0.0232035,0.028337,0.0347947,0.0517655,0.0786027,0.115227,0.15602
583.475,0.0459883,0.0451636,0.042145,0.0416933,0.0379326,0.0340656,0.0308124,0.0275119,0.0263389,0.0215962,0.0210939,0.0202622,0.0215821,0.0277417,0.0343022,0.0525051,0.0791151,0.111,0.153571
583.918,0.0446927,0.0437624,0.0450738,0.0422218,0.038804,0.0356319,0.0326148,0.0299886,0.0261753,0.0260861,0.0237622,0.0218877,0.0230206,0.0272292,0.0361619,0.051483,0.0770443,0.111741,0.149618
584.36,0.0437325,0.0434963,0.0437525,0.0404177,0.0370076,0.0339163,0.0291104,0.0264567,0.0253869,0.0232334,0.0195788,0.0203739,0.0212822,0.0264186,0.0352723,0.0503731,0.0775519,0.111499,0.153906
584.803,0.0413211,0.0419027,0.0417795,0.0394966,0.0356013,0.0321847,0.0287456,0.0270423,0.0226118,0.020419,0.0206334,0.0177148,0.0206819,0.0251367,0.0330725,0.0495501,0.0739278,0.109657,0.151173
585.245,0.0433865,0.0433915,0.0428179,0.0410019,0.0380821,0.0338023,0.0299666,0.0275662,0.0224758,0.02143,0.020581,0.0194036,0.0196403,0.025825,0.0352482,0.0504934,0.0760706,0.109197,0.149475
585.688,0.0445388,0.045169,0.0416124,0.0424582,0.0377823,0.0340311,0.0306765,0.0284377,0.0247228,0.0228554,0.0206429,0.0195416,0.0212792,0.0265111,0.0356781,0.0519489,0.0758221,0.113835,0.153995
586.13,0.0429253,0.0445591,0.0439985,0.0406331,0.0373318,0.0320734,0.0323595,0.0267649,0.0257228,0.0219125,0.0203194,0.0196981,0.0227794,0.0238856,0.0353493,0.0510261,0.076046,0.111414,0.153936
586.572,0.0446263,0.0448114,0.0418033,0.0413307,0.0378323,0.0340347,0.0306345,0.027782,0.0249653,0.0230459,0.0216867,0.0188115,0.0196927,0.0245661,0.0345578,0.0488461,0.07569,0.109804,0.150752
587.014,0.0448334,0.0444132,0.0446768,0.0398288,0.0379962,0.033945,0.0313382,0.0281651,0.0263946,0.0223364,0.0216269,0.0192808,0.0213089,0.0273626,0.036024,0.0506036,0.0766817,0.112959,0.152601
587.456,0.0449989,0.0454596,0.0435764,0.042061,0.0386015,0.033153,0.0311222,0.0274654,0.0258081,0.0239927,0.0226225,0.0210538,0.0203963,0.02566,0.035345,0.0504032,0.0762775,0.114085,0.155801
587.897,0.043379,0.0427166,0.0444564,0.0396951,0.0379204,0.0342471,0.0315728,0.0272873,0.0251031,0.0233081,0.0214084,0.0204529,0.0210822,0.0245951,0.0335634,0.0489046,0.0763839,0.110101,0.150909
588.339,0.0438852,0.0443717,0.0431873,0.0425659,0.0382963,0.0359171,0.0296062,0.0279784,0.0249947,0.0245665,0.0211464,0.0200797,0.0210834,0.0263648,0.0368254,0.048077,0.0770953,0.112379,0.150474
588.78,0.0450843,0.0451576,0.0443422,0.0415449,0.0386206,0.0353085,0.0325372,0.0311361,0.0275195,0.0243506,0.0225725,0.0216295,0.0225967,0.0257581,0.0374451,0.0517646,0.0796852,0.112512,0.154973
589.222,0.0447745,0.0447077,0.0426115,0.0411477,0.0389649,0.0328741,0.0316523,0.028238,0.0253628,0.0224586,0.0202729,0.021497,0.0203045,0.0268744,0.0367988,0.0497694,0.0765963,0.110986,0.150768
589.663,0.0433011,0.0433714,0.0430139,0.0379955,0.0362588,0.0319022,0.0295369,0.0252629,0.0235452,0.0211395,0.0200751,0.0202088,0.02021,0.0247812,0.0353463,0.0467169,0.0768151,0.113281,0.15006
590.104,0.0436136,0.0443593,0.0433831,0.0414729,0.0390026,0.0346913,0.0297409,0.0285285,0.0232191,0.0249656,0.0206051,0.0192123,0.0227143,0.0268591,0.0354401,0.0490881,0.0791121,0.111376,0.152038
590.545,0.0423737,0.047011,0.0443298,0.0425569,0.0384483,0.0365891,0.0304426,0.0284563,0.0258161,0.0233587,0.0223962,0.020314,0.0211729,0.0262958,0.0352447,0.0509002,0.0767379,0.112281,0.156707
590.986,0.0438522,0.0436312,0.0445039,0.0418264,0.0395856,0.0352221,0.0304784,0.0270196,0.025537,0.0233037,0.0222184,0.0201367,0.0223051,0.0263394,0.0350995,0.0507118,0.0767775,0.115815,0.155599
591.427,0.0428283,0.0436669,0.0432682,0.0396097,0.037567,0.0330644,0.0305865,0.0284138,0.0251559,0.0227851,0.0205968,0.0203223,0.021963,0.0246837,0.0321228,0.0483049,0.0752433,0.111666,0.153752
591.867,0.0445999,0.0435027,0.040741,0.040453,0.0385108,0.0332923,0.029633,0.0289455,0.0238704,0.0228427,0.0217644,0.0201438,0.0218642,0.0257859,0.034531,0.0498018,0.0762157,0.107312,0.156085
592.308,0.045431,0.0440483,0.0440059,0.0416505,0.0386945,0.0359722,0.0325571,0.0288031,0.0256716,0.0251352,0.0226885,0.0218043,0.0232312,0.0275717,0.0356574,0.0512849,0.0769225,0.113516,0.154111
592.748,0.0445267,0.04401,0.0421039,0.0401846,0.0373736,0.0343048,0.030915,0.0273748,0.0252829,0.0229149,0.0212621,0.019458,0.0200118,0.0255082,0.0358624,0.0524873,0.0759161,0.111736,0.152509
593.189,0.0453673,0.0442593,0.0433806,0.0396453,0.0384188,0.0350353,0.031066,0.0278352,0.0270894,0.0231861,0.0213187,0.0200391,0.0212551,0.0277157,0.0342745,0.0503834,0.0746527,0.113356,0.152988
593.629,0.0434815,0.0453849,0.0442424,0.0400796,0.0382458,0.0353681,0.0305974,0.0291911,0.0266722,0.0230321,0.0206666,0.0211949,0.0220035,0.0269996,0.0342359,0.052411,0.0761136,0.112454,0.153146
594.069,0.0456817,0.0456202,0.0437568,0.0405782,0.0373102,0.0342324,0.0321225,0.0298901,0.0263363,0.0221255,0.0216685,0.0217032,0.0207138,0.0252979,0.0345511,0.0495741,0.076244,0.111616,0.15128
594.509,0.0428858,0.0421485,0.0431345,0.0396466,0.0379618,0.0342003,0.0294132,0.027961,0.0239027,0.0197361,0.0211745,0.018171,0.0216289,0.0248881,0.0336079,0.0502036,0.0740247,0.110968,0.154351
594.949,0.0423778,0.0426648,0.0447225,0.0429923,0.038667,0.0346418,0.0317318,0.02939,0.0256659,0.0235762,0.022139,0.0206416,0.0225272,0.0270691,0.0373898,0.0506029,0.0751864,0.111955,0.152957
595.388,0.0450336,0.0446062,0.041022,0.0418205,0.038953,0.0339813,0.0325852,0.0273151,0.0237884,0.0238534,0.0203888,0.0206517,0.0210517,0.0268798,0.0346947,0.0490443,0.0753626,0.110527,0.150897
595.828,0.0430477,0.0430807,0.0431426,0.0397872,0.0374332,0.0342357,0.0301736,0.0280946,0.0242612,0.0214677,0.0198159,0.0195553,0.0217168,0.0240132,0.0347572,0.0484653,0.074777,0.109281,0.150038
596.267,0.0433172,0.0422408,0.0425208,0.0404308,0.0380301,0.0329259,0.0310518,0.0256732,0.0248456,0.0221909,0.0206174,0.0197552,0.0214442,0.0251552,0.0338624,0.0517227,0.0766362,0.111033,0.152966
596.707,0.0440303,0.0437191,0.0420296,0.0408498,0.0365953,0.034168,0.0297823,0.0273624,0.024507,0.0209059,0.0197333,0.0206311,0.0203011,0.0254797,0.0341773,0.0503607,0.0750087,0.109418,0.152812
597.146,0.0429667,0.0420133,0.041611,0.0405228,0.0367953,0.0332012,0.0290603,0.027667,0.0250932,0.020926,0.0215777,0.0193153,0.0208622,0.0242964,0.0335088,0.0496409,0.079106,0.111641,0.153027
597.585,0.0432135,0.0445378,0.0426383,0.0403302,0.0376408,0.0348425,0.0296116,0.0288879,0.0231154,0.0222913,0.0225622,0.0209091,0.0212515,0.0259431,0.0342396,0.0510072,0.0770619,0.112052,0.154898
598.024,0.0426706,0.0449482,0.0415858,0.0417558,0.0376845,0.0317396,0.0301612,0.0270107,0.0252043,0.0220555,0.0201087,0.0190797,0.0207821,0.0248266,0.0339883,0.0488869,0.0749956,0.111763,0.151605
598.463,0.0430099,0.0433624,0.0433473,0.0417405,0.0368552,0.0332363,0.0305369,0.0266376,0.0252539,0.0233943,0.019775,0.0197588,0.0210783,0.0257702,0.0345633,0.0512575,0.0754238,0.11185,0.153723
598.902,0.043545,0.0439001,0.0425195,0.0419302,0.0368655,0.0332357,0.0289955,0.0280307,0.024952,0.0215108,0.0201835,0.0187695,0.0226864,0.025933,0.0329008,0.0495,0.0768171,0.112643,0.150143
599.34,0.0448154,0.0446116,0.0430523,0.0399742,0.0377623,0.0367606,0.0310148,0.0265667,0.0248351,0.021954,0.020331,0.0191214,0.022154,0.0257363,0.0367624,0.0500353,0.0756225,0.112087,0.156422
599.779,0.0434189,0.0447747,0.0444512,0.0436551,0.0380592,0.0331913,0.0299087,0.0281851,0.0243826,0.022884,0.0208416,0.0212018,0.0225008,0.0259364,0.0360606,0.0506999,0.0757209,0.111155,0.155462
600.217,0.0424595,0.0441757,0.0421899,0.0406637,0.0381205,0.0331693,0.0291449,0.0270501,0.0249313,0.0221593,0.020136,0.0197189,0.0195564,0.0245323,0.0345904,0.0483898,0.0731063,0.11182,0.152748
600.655,0.043634,0.0435949,0.0424173,0.04169,0.0387388,0.0342236,0.0305561,0.027017,0.0248633,0.0221429,0.020466,0.0195588,0.0213986,0.0258829,0.0339201,0.0499827,0.0763187,0.112148,0.151783
601.093,0.0417259,0.0422004,0.0424542,0.0412966,0.0382034,0.0320396,0.0294224,0.0282771,0.0244901,0.0229252,0.0210998,0.0185832,0.0208197,0.025028,0.0331615,0.0502345,0.0732213,0.111998,0.151169
601.532,0.0444526,0.0443271,0.0444864,0.0421471,0.0376945,0.034956,0.031771,0.0275085,0.0260611,0.023365,0.022761,0.020302,0.0235216,0.0278055,0.0370738,0.0519466,0.0786257,0.11589,0.155798
601.969,0.0424282,0.0439844,0.042186,0.0412655,0.0364713,0.0338219,0.0301607,0.0272902,0.0261634,0.0234991,0.020611,0.0201834,0.0205306,0.0256846,0.0358021,0.0506187,0.0762505,0.113744,0.152165
602.407,0.0427152,0.0453733,0.0419197,0.0421695,0.0372701,0.0347041,0.0299616,0.0284652,0.0248642,0.0219287,0.0195927,0.0190908,0.0218831,0.0258735,0.0328203,0.0495342,0.0765249,0.111994,0.155378
602.845,0.0445608,0.0431956,0.042282,0.0407843,0.0381617,0.0350251,0.0314133,0.0297197,0.0249019,0.0248014,0.0205513,0.0200506,0.0211392,0.0268198,0.0346671,0.0513333,0.0749758,0.112473,0.15121
603.282,0.0427989,0.0441267,0.044257,0.0391104,0.0382619,0.0338541,0.0296818,0.0275784,0.0242704,0.0217273,0.0216418,0.0208781,0.0201886,0.0252134,0.0349523,0.0499158,0.0775449,0.111284,0.151669
603.72,0.0446331,0.0443672,0.0420718,0.0414029,0.0399772,0.0340282,0.0310792,0.0277801,0.0250072,0.0228443,0.0206539,0.0202307,0.0215457,0.0258825,0.0350427,0.0501291,0.0782009,0.112539,0.15296
604.157,0.0433207,0.0427184,0.0434985,0.0421504,0.0383358,0.0346085,0.0311556,0.0279878,0.0230458,0.0224507,0.0202294,0.0211485,0.0216591,0.0247802,0.0354863,0.050214,0.0745394,0.112085,0.147879
604.594,0.0431094,0.043882,0.0427257,0.0418307,0.0372111,0.0346463,0.0306552,0.0263794,0.0253219,0.0223445,0.0202818,0.0232476,0.0213641,0.025436,0.0348392,0.05142,0.078151,0.11253,0.152022
605.032,0.0418343,0.0422252,0.0412787,0.0414805,0.0375807,0.0333648,0.0302701,0.0269555,0.0234643,0.022274,0.0200203,0.0197734,0.0193727,0.0238776,0.0333171,0.0494759,0.0752736,0.109763,0.150324
605.468,0.0442982,0.0442407,0.0428613,0.0409657,0.0363014,0.0345659,0.0298052,0.0272093,0.025746,0.021681,0.0214165,0.0199845,0.021751,0.026991,0.0356542,0.0506251,0.0789936,0.113149,0.154227
605.905,0.0462153,0.0450269,0.042607,0.0435273,0.0404554,0.0361641,0.0303269,0.0297454,0.0266525,0.0242384,0.022854,0.021194,0.0221424,0.0279083,0.0344818,0.0511528,0.075581,0.113767,0.153181
606.342,0.0450451,0.0419354,0.0437699,0.0423195,0.0391037,0.0351107,0.030642,0.0283009,0.0261996,0.0235462,0.0212386,0.0216056,0.0225298,0.0264758,0.0346239,0.0511045,0.0766993,0.11648,0.155913
606.779,0.0426244,0.0414019,0.0436566,0.0423337,0.0392824,0.0338168,0.0302943,0.0272839,0.0231638,0.0220683,0.0205998,0.0201197,0.0231323,0.0261649,0.0343715,0.0509317,0.0758939,0.110781,0.152252
607.215,0.0459341,0.0436024,0.0442442,0.0415209,0.0401823,0.0338274,0.0293019,0.028286,0.0242907,0.0230987,0.0206336,0.0210487,0.0236062,0.026515,0.0328608,0.0475465,0.0773599,0.1113,0.154249
607.652,0.0444787,0.0463331,0.0437315,0.041195,0.039504,0.034601,0.0327855,0.0282423,0.025063,0.0238295,0.0221872,0.0212651,0.0214869,0.0270821,0.0350675,0.0518133,0.0765148,0.111545,0.155233
608.088,0.0442127,0.0452855,0.0420621,0.0406068,0.036784,0.0336442,0.0300337,0.026252,0.0239985,0.0227341,0.0216585,0.0216765,0.0212931,0.0262144,0.0373414,0.0506747,0.0772806,0.111431,0.154461
608.524,0.0444206,0.0423063,0.0426229,0.0415096,0.0378109,0.0350034,0.0307292,0.0274137,0.0251735,0.0236192,0.0229098,0.0206933,0.0217726,0.0255086,0.0349503,0.0506016,0.0769001,0.113155,0.153511
608.96,0.0432372,0.0438852,0.043293,0.0412475,0.037597,0.0339914,0.0285527,0.0277,0.024114,0.0237322,0.022225,0.0188565,0.0205187,0.0257216,0.0337486,0.0479708,0.0749381,0.111823,0.153203
609.396,0.0447933,0.0450805,0.0435922,0.0431162,0.0395416,0.0355287,0.0318442,0.0300819,0.025844,0.0232223,0.022881,0.0205477,0.0227091,0.0264466,0.0355618,0.0508697,0.0800096,0.111379,0.154081
609.832,0.0438707,0.0408698,0.0451237,0.0386237,0.0382146,0.0330333,0.029337,0.0275593,0.0244072,0.0212644,0.0198708,0.019718,0.0219505,0.0248372,0.0329727,0.0505316,0.0761848,0.112753,0.151727
610.267,0.0419283,0.0440017,0.0418507,0.0399603,0.0387842,0.0359056,0.0286617,0.0282848,0.0245162,0.0243883,0.0207338,0.021253,0.0217592,0.0265993,0.0342031,0.0509009,0.076384,0.113814,0.154019
610.703,0.0413786,0.0432094,0.0406501,0.0387747,0.0373909,0.032325,0.0300033,0.0246334,0.0230317,0.0213114,0.020963,0.0202242,0.0193616,0.0235433,0.0325515,0.0513308,0.0747951,0.109288,0.151851
611.138,0.0435531,0.04452,0.042881,0.0416069,0.037967,0.0349367,0.030566,0.0296787,0.0254605,0.0238425,0.0220924,0.0210097,0.0212998,0.0278185,0.0347204,0.0502644,0.0772727,0.112133,0.153524
611.574,0.0430879,0.0446796,0.0449864,0.0398577,0.0383128,0.034432,0.0303526,0.0293269,0.0253625,0.0242306,0.0221936,0.0200369,0.0220786,0.0259358,0.0353887,0.0491801,0.0788615,0.115306,0.152622
612.009,0.0463373,0.0438519,0.0417848,0.0413394,0.0369211,0.0328963,0.0297588,0.0278977,0.0241659,0.0212846,0.0196383,0.0194838,0.0214717,0.0267727,0.0361398,0.0510462,0.0752092,0.11032,0.153047
612.444,0.0448937,0.0459007,0.0442758,0.0402351,0.0384004,0.0355064,0.0308522,0.0306663,0.0249844,0.0225783,0.0215888,0.0203965,0.0213888,0.0265635,0.0345513,0.050823,0.0760214,0.1131,0.154375
612.879,0.0435321,0.0438284,0.0451116,0.0408338,0.0372912,0.0333731,0.0294145,0.0270064,0.02507,0.0223123,0.0198957,0.02011,0.0206232,0.0261417,0.0352286,0.0486951,0.0755425,0.111261,0.151285
613.314,0.0444025,0.0462929,0.0437466,0.0420783,0.0383311,0.0351966,0.0308431,0.0283459,0.0249975,0.0230319,0.020964,0.0204686,0.0218149,0.0274882,0.0341056,0.0504381,0.0788654,0.11126,0.152062
613.748,0.0416589,0.0422058,0.0423644,0.0404353,0.036759,0.0330761,0.0314449,0.0256924,0.02301,0.0215292,0.0204745,0.0194284,0.0210376,0.0243141,0.0344618,0.0504251,0.0754244,0.11241,0.152936
614.183,0.0444123,0.0449257,0.0437372,0.0413953,0.0388937,0.0354637,0.0295395,0.0293686,0.0268007,0.0228305,0.0206384,0.0216859,0.0212949,0.0272387,0.0373434,0.0515748,0.0779559,0.110724,0.154813
614.617,0.0433311,0.0431642,0.044698,0.0387368,0.0375463,0.0357627,0.0303978,0.026857,0.0251366,0.0226464,0.0220701,0.0231465,0.0214646,0.0250214,0.0365434,0.0501881,0.0756055,0.113352,0.15453
615.052,0.0436016,0.0434778,0.0426796,0.0400083,0.0372321,0.0336573,0.0314224,0.0272447,0.0252618,0.0217983,0.02047,0.0198342,0.0206417,0.0240956,0.0346998,0.0485876,0.0763694,0.113882,0.155102
615.486,0.0429321,0.0431916,0.041328,0.0427762,0.0383718,0.0343953,0.0297368,0.0279485,0.0240192,0.0218731,0.021274,0.020951,0.0214914,0.0247158,0.0348752,0.050101,0.076621,0.111116,0.151108
615.92,0.0436806,0.0448536,0.043801,0.0423844,0.0364417,0.0342835,0.0305876,0.0281351,0.0240353,0.0221284,0.0199099,0.0194407,0.0201354,0.0251218,0.0357886,0.0481243,0.075373,0.114535,0.15334
616.354,0.0444961,0.0449272,0.0438933,0.0423773,0.0365694,0.0344273,0.0306267,0.0294011,0.0262164,0.0242254,0.0213429,0.02089,0.0235539,0.02461,0.0364823,0.0504516,0.0770614,0.113111,0.155896
616.788,0.045326,0.0448177,0.0438054,0.0398575,0.0396716,0.0350735,0.0306756,0.0285165,0.0256383,0.0240728,0.021379,0.0236155,0.0235382,0.026374,0.0374598,0.0519152,0.0790336,0.114445,0.157419
617.222,0.0439489,0.0431378,0.0440993,0.0420061,0.039619,0.0331006,0.032438,0.0274193,0.0258449,0.0233418,0.022346,0.0218751,0.0204105,0.0271818,0.0364796,0.0501935,0.080563,0.112697,0.158623
617.655,0.044091,0.044677,0.0436942,0.0420826,0.0368567,0.0358102,0.0301735,0.0270771,0.0253686,0.0219447,0.0199038,0.0205557,0.0216323,0.0263069,0.0355718,0.0497677,0.0757298,0.113793,0.152745
618.089,0.0456734,0.0450016,0.0433759,0.0409941,0.0382606,0.034858,0.0297947,0.0276598,0.0236483,0.0236039,0.0218933,0.0213472,0.0207802,0.0246147,0.0352588,0.0482606,0.0765678,0.112582,0.152864
618.522,0.0443027,0.043684,0.0432425,0.0414206,0.039293,0.0343733,0.0286967,0.0285501,0.0267726,0.0216609,0.0210105,0.0215563,0.0210699,0.0256487,0.0359188,0.0504284,0.074327,0.111278,0.152213
618.956,0.0436173,0.0449267,0.0435007,0.0405761,0.0374654,0.033757,0.0308241,0.0270396,0.0252352,0.0228199,0.0211171,0.0208951,0.0212161,0.0257594,0.0331752,0.0492618,0.0776099,0.113636,0.149321
619.389,0.0417726,0.0439561,0.0409858,0.0398683,0.0375599,0.0338217,0.0298302,0.0261229,0.0247479,0.0227318,0.0209114,0.0196288,0.0207869,0.0274487,0.0328723,0.0506065,0.0770613,0.111179,0.152705
619.822,0.0441857,0.0440765,0.0423381,0.0415053,0.0371236,0.0342025,0.03098,0.0266136,0.0243377,0.022279,0.0205688,0.0213309,0.0213618,0.0250206,0.0336982,0.0483038,0.0724531,0.110195,0.149891
620.255,0.0457691,0.0456559,0.0445363,0.041152,0.0394205,0.0350316,0.0313484,0.0271696,0.0246822,0.023151,0.0208895,0.020476,0.0214665,0.0268722,0.0348905,0.0517842,0.0771856,0.111815,0.155019
620.688,0.0434268,0.045511,0.0441105,0.042459,0.0395862,0.0356983,0.0304086,0.0281425,0.0265207,0.0253705,0.0223098,0.0220023,0.0225199,0.0267808,0.034717,0.052079,0.0802333,0.115613,0.154655
621.12,0.0460967,0.0434874,0.0446139,0.0434886,0.0393001,0.0346118,0.031081,0.0274728,0.0263053,0.0232648,0.0206829,0.022052,0.0217129,0.0271793,0.0342878,0.0523713,0.0770705,0.113844,0.15217
621.553,0.0442443,0.0457223,0.0431146,0.0398052,0.0387612,0.032685,0.030341,0.0288027,0.0257237,0.0215402,0.0217691,0.0204944,0.0236005,0.0256298,0.0344536,0.0499671,0.0741396,0.113609,0.152112
621.985,0.0436685,0.0458053,0.0432338,0.0404132,0.0383829,0.0350292,0.0300073,0.0282422,0.0255507,0.0220832,0.0218952,0.0203489,0.0227738,0.0253757,0.0355365,0.0521168,0.0759322,0.115694,0.155936
622.418,0.0440622,0.0440359,0.0438864,0.0404239,0.0390991,0.0326782,0.0315791,0.0276043,0.0245699,0.0234713,0.0194546,0.0194648,0.0210833,0.0262786,0.0341377,0.0493247,0.0770234,0.113184,0.153301
622.85,0.0453742,0.0436272,0.0428618,0.0416453,0.038829,0.0325177,0.0317711,0.0289949,0.0248868,0.0239162,0.0224252,0.0189741,0.0221915,0.0262731,0.0345999,0.0508446,0.0750767,0.1139,0.153457
623.282,0.0442969,0.0446829,0.0455293,0.0429205,0.0389086,0.0368263,0.0314959,0.0282668,0.0268142,0.0247568,0.0216108,0.0197456,0.0211647,0.0274439,0.0340199,0.0515396,0.0775041,0.114955,0.157861
623.714,0.042926,0.0437246,0.0418111,0.0412007,0.0390441,0.0338168,0.0303556,0.0264261,0.0236232,0.0234133,0.0210756,0.0199385,0.0217081,0.0265877,0.0333494,0.0487003,0.0770176,0.111462,0.152871
624.146,0.0410581,0.0461568,0.0425319,0.0407864,0.0373948,0.0327149,0.0298773,0.0281926,0.0248433,0.0221869,0.0216296,0.0197324,0.0212946,0.0260422,0.0352918,0.0524023,0.076441,0.113669,0.154658
624.577,0.043982,0.0457014,0.0444429,0.0414819,0.0386367,0.0366879,0.0311621,0.0276006,0.0258267,0.0218596,0.0206953,0.0204078,0.0210555,0.0281623,0.0350218,0.0516619,0.0771769,0.110783,0.15449
625.009,0.0453478,0.0423471,0.0417859,0.039422,0.0386537,0.0347764,0.0319102,0.0272318,0.0242195,0.0229185,0.0223112,0.0201158,0.0221853,0.0243855,0.036151,0.0513906,0.0757161,0.114414,0.150718
625.441,0.0424244,0.0452059,0.0443063,0.0396404,0.0380881,0.031745,0.0308991,0.0259341,0.0234131,0.0235505,0.021378,0.0207578,0.021318,0.0264239,0.034591,0.0493192,0.0775903,0.114872,0.152884
625.872,0.0437679,0.0442,0.0442666,0.0417982,0.0386175,0.0331963,0.0292613,0.0285429,0.0249618,0.0215947,0.0211515,0.0186355,0.0193188,0.0260319,0.0345283,0.0505629,0.0776701,0.111868,0.149348
626.303,0.0424868,0.0434278,0.0437286,0.041148,0.0388861,0.0326557,0.0302665,0.0251837,0.0231462,0.0206638,0.0196961,0.0202702,0.0202522,0.0254426,0.0356794,0.05062,0.0770229,0.112946,0.15411
626.734,0.0448151,0.0438097,0.0422827,0.0397798,0.0381546,0.0338313,0.0310488,0.0265604,0.0223733,0.0208016,0.0185614,0.0196347,0.021036,0.0249933,0.0328531,0.0510395,0.0766407,0.112205,0.154341
627.165,0.0432336,0.0434266,0.0438556,0.0400086,0.0367587,0.0319288,0.0299406,0.026156,0.0241993,0.0219377,0.0197437,0.0191966,0.0207282,0.026364,0.0346,0.0506986,0.0748822,0.114379,0.150987
627.596,0.0431512,0.0446617,0.0429636,0.0402087,0.0370891,0.0344623,0.0292769,0.027433,0.024178,0.0224681,0.0203551,0.019776,0.0210615,0.024346,0.0343357,0.0501977,0.0756971,0.111253,0.152845
628.027,0.04238,0.0439719,0.0434709,0.0416184,0.0396543,0.0355347,0.0310039,0.0266961,0.0243901,0.0235923,0.019805,0.0214796,0.0202549,0.0272245,0.0363097,0.05172,0.0779468,0.111788,0.156013
628.458,0.0425161,0.0445657,0.0441045,0.0406654,0.0388276,0.0343951,0.0295932,0.0279871,0.0242415,0.021443,0.0228224,0.0211217,0.0219374,0.0246396,0.0350937,0.0503917,0.0791214,0.113586,0.155862
628.888,0.0423399,0.0417918,0.0431598,0.0406362,0.0358776,0.0332736,0.0285362,0.0281338,0.025169,0.0225044,0.0204029,0.0198582,0.0219282,0.0249412,0.0349349,0.0494703,0.0776179,0.110365,0.150728
629.319,0.0437879,0.0447353,0.0420167,0.0404399,0.037871,0.032393,0.0285906,0.0277709,0.0243004,0.0209643,0.0208123,0.0194719,0.020077,0.0245664,0.0343668,0.0508168,0.0754749,0.11228,0.150936
629.749,0.0443776,0.0447405,0.0423793,0.0413314,0.037314,0.0344324,0.0288668,0.0258338,0.0249634,0.0228488,0.0199352,0.0201709,0.0211629,0.0246514,0.0337364,0.0526779,0.0753665,0.110159,0.1529
630.179,0.0417109,0.0418904,0.0426058,0.0402786,0.0383776,0.0334132,0.0299109,0.0273726,0.0235709,0.0212486,0.0203492,0.0187402,0.0210677,0.0256203,0.0353814,0.0490547,0.0758363,0.112936,0.151256
630.609,0.0424717,0.0435102,0.0406606,0.0400537,0.0366584,0.0327004,0.0290654,0.0261205,0.023585,0.0220755,0.0198881,0.0196627,0.0216429,0.0257479,0.0325751,0.0490572,0.0765351,0.109922,0.150711
631.039,0.0420077,0.0423653,0.041958,0.0410864,0.0352658,0.0329795,0.029326,0.0269478,0.024251,0.0210667,0.0201489,0.0196963,0.0208699,0.0243395,0.0362054,0.0503012,0.0763029,0.111531,0.151853
631.469,0.0419067,0.0443093,0.0408923,0.0392103,0.0362405,0.0314201,0.0296891,0.0258669,0.0237891,0.0225196,0.0185238,0.0199445,0.0195411,0.0241039,0.0332769,0.0486178,0.075045,0.111297,0.152615
631.899,0.0436648,0.0431545,0.0415591,0.0391205,0.0364098,0.0338965,0.027915,0.0252759,0.0226966,0.0215471,0.0192464,0.0167467,0.0204821,0.0235905,0.0328697,0.0509927,0.0766946,0.114902,0.151676
632.328,0.0460656,0.0467445,0.0456396,0.0429796,0.0381233,0.0365144,0.0337196,0.0298311,0.0282307,0.0241475,0.0221151,0.0207477,0.0232491,0.0277237,0.0384738,0.0524118,0.0792711,0.113134,0.160376
632.758,0.0439651,0.0409193,0.0420613,0.0388398,0.0368219,0.0323669,0.0290102,0.0255057,0.0249258,0.0226106,0.0194018,0.0187767,0.0198209,0.0241144,0.0320937,0.0472045,0.0761189,0.109757,0.150402
633.187,0.0425742,0.0421911,0.0427797,0.0390562,0.0375079,0.0348467,0.0293743,0.0264777,0.0249377,0.0223341,0.0196628,0.0201051,0.0211498,0.0258292,0.0344081,0.0493305,0.0766341,0.113001,0.153251
633.616,0.042631,0.0430663,0.0434793,0.0408542,0.0403142,0.0353755,0.0292547,0.0283572,0.0245603,0.0228325,0.0221028,0.0212843,0.0217474,0.0266182,0.0343615,0.050904,0.0774513,0.112421,0.151578
634.046,0.0427346,0.0442142,0.0431537,0.042187,0.0376552,0.0331108,0.0309853,0.0275164,0.027106,0.0236142,0.0216855,0.0206846,0.0202421,0.0258642,0.0339732,0.0518338,0.078076,0.111136,0.152994
634.475,0.0431699,0.0439658,0.0445035,0.0413257,0.0374824,0.032947,0.0321241,0.0274026,0.0244277,0.0241654,0.0227384,0.0202023,0.0205689,0.0261364,0.0359726,0.0519725,0.074819,0.113232,0.153815
634.903,0.0445385,0.0439179,0.042549,0.0413779,0.0373251,0.0339984,0.030038,0.0271126,0.0239134,0.0216748,0.0215052,0.0193526,0.0209477,0.0246703,0.0345073,0.0501443,0.0765866,0.111866,0.152417
635.332,0.0438989,0.0457295,0.0425075,0.0422449,0.038373,0.0351452,0.0298861,0.0263503,0.0254552,0.0206464,0.0200101,0.0193124,0.022458,0.0239686,0.0330192,0.0483528,0.0753322,0.111471,0.151298
635.761,0.0441807,0.0460264,0.0446142,0.041859,0.0385196,0.0337423,0.0315314,0.0274339,0.0251981,0.0231162,0.0213228,0.0208627,0.0231161,0.0266001,0.0345948,0.051052,0.0761516,0.115286,0.15416
636.189,0.0415407,0.0422037,0.0408765,0.0406006,0.0377149,0.0319575,0.0286515,0.0269979,0.0229851,0.0209705,0.0197643,0.0187314,0.0192922,0.0256151,0.0332706,0.0478865,0.0734398,0.111874,0.152426
636.618,0.0423309,0.0439522,0.0435695,0.0414165,0.0381373,0.0347709,0.0323286,0.027074,0.0248781,0.0231678,0.0213443,0.0203177,0.0196804,0.0264259,0.0347809,0.0510984,0.0757645,0.111727,0.153212
637.046,0.0453114,0.0445466,0.0443118,0.042252,0.0379314,0.0356638,0.0314551,0.0270734,0.0249514,0.0227468,0.0199536,0.0205618,0.0197625,0.026761,0.0353834,0.0520936,0.0774498,0.114205,0.154356
637.474,0.0457352,0.0444041,0.0425704,0.042159,0.0380736,0.0353875,0.0291702,0.029102,0.025463,0.022668,0.0207629,0.0204813,0.0202927,0.0245265,0.0354834,0.0511682,0.0770172,0.11375,0.154816
637.902,0.0419511,0.0438605,0.0413237,0.0386646,0.0366481,0.032465,0.0302645,0.0262429,0.0235135,0.0220436,0.0211185,0.0200171,0.0192049,0.024675,0.0329404,0.0504348,0.0767901,0.111516,0.152767
638.33,0.0425917,0.0435459,0.0420516,0.0410749,0.0365339,0.0325661,0.0317602,0.0269009,0.0235801,0.0219038,0.0211786,0.0198275,0.02196,0.0257336,0.0336404,0.0505985,0.0770469,0.108999,0.153155
638.758,0.0425906,0.044748,0.0421994,0.0388912,0.0378977,0.0324651,0.0289935,0.0278068,0.0223363,0.0226496,0.0204047,0.0193891,0.0195489,0.024397,0.0322895,0.0488378,0.0750091,0.110122,0.150939
639.186,0.0448691,0.0440211,0.0444463,0.042697,0.0382752,0.0349059,0.0304909,0.0257431,0.0253935,0.0234297,0.0220741,0.0210607,0.0230393,0.0263673,0.0354623,0.0505591,0.0760909,0.112403,0.151323
639.613,0.0423194,0.0438169,0.041832,0.0429343,0.0373697,0.0330349,0.029685,0.0270071,0.0247369,0.0230083,0.0209649,0.0197588,0.021257,0.0256211,0.033314,0.0486715,0.0767183,0.112531,0.151326
640.041,0.0445702,0.0459624,0.0424335,0.0410372,0.0377891,0.0334988,0.0304305,0.0259816,0.0239905,0.0237512,0.0210884,0.0215725,0.0219757,0.0259104,0.0358815,0.0521957,0.0782714,0.111276,0.155825
640.468,0.0440812,0.0442594,0.0438723,0.0418702,0.0390575,0.0354,0.0300244,0.0286473,0.0236484,0.023499,0.0209872,0.0196507,0.0220545,0.026078,0.0364785,0.0501079,0.0786637,0.112345,0.155055
640.895,0.0422225,0.0441539,0.0417581,0.0404912,0.0390351,0.0324319,0.0306848,0.0252772,0.0235952,0.0221352,0.0198873,0.0198135,0.018511,0.0245673,0.0350153,0.0491909,0.0752012,0.109969,0.15008
641.322,0.0452555,0.0450811,0.045172,0.0419962,0.0404687,0.0345396,0.029979,0.0275716,0.024625,0.0252513,0.0205574,0.0195936,0.0218158,0.0255868,0.0343843,0.0506025,0.0777739,0.113193,0.155654
641.749,0.0449025,0.0435568,0.04166,0.0403997,0.0362738,0.0327544,0.0290296,0.0282171,0.0243033,0.0230697,0.0213945,0.0192871,0.0211121,0.0253688,0.0332353,0.051528,0.07616,0.11179,0.155175
642.176,0.0425967,0.0423333,0.0403327,0.0413043,0.0386083,0.0333469,0.0283294,0.0243776,0.0238364,0.0218954,0.0209245,0.0202843,0.0220462,0.0246721,0.0362545,0.0498014,0.0773285,0.109676,0.150527
642.603,0.0435684,0.0420425,0.0422774,0.0392903,0.0374871,0.0345544,0.0302602,0.0256638,0.0244312,0.0232635,0.0209716,0.0209346,0.0202426,0.0241317,0.034493,0.0519444,0.0763824,0.108977,0.153389
643.029,0.0429324,0.0451957,0.0426168,0.0397651,0.0393633,0.0340672,0.0300048,0.0288354,0.0243208,0.0232291,0.0211226,0.0205257,0.0207564,0.0270734,0.0345246,0.048805,0.0771621,0.113239,0.155341
643.456,0.0442728,0.0445565,0.0429726,0.0395759,0.0388591,0.0336839,0.0292792,0.029015,0.0230815,0.0193544,0.0190927,0.0174902,0.0195167,0.0231617,0.0333753,0.0486451,0.0745343,0.110119,0.155091
643.882,0.043324,0.0435669,0.0416978,0.0414474,0.0375212,0.0345145,0.029439,0.0273517,0.0250596,0.0222196,0.0218758,0.0180297,0.0202764,0.0250901,0.0341572,0.0526521,0.0772193,0.112168,0.154155
644.308,0.043128,0.0431253,0.0428801,0.0409712,0.0380356,0.0327648,0.029061,0.0252938,0.0232185,0.0235945,0.020168,0.0187094,0.0190818,0.0261453,0.0319899,0.0469487,0.0747434,0.109251,0.150987
644.735,0.0412852,0.0418821,0.0418463,0.0400184,0.0367116,0.0336354,0.0285881,0.0260189,0.024677,0.0207417,0.0217544,0.0198662,0.0214139,0.0247929,0.034683,0.0491548,0.0751192,0.112881,0.149674
645.161,0.042492,0.0439407,0.0427089,0.0396902,0.0373118,0.03112,0.0294503,0.0263918,0.0231269,0.0221705,0.0194116,0.0212467,0.0205595,0.0253113,0.0342158,0.049508,0.0752546,0.114765,0.152577
645.586,0.0436797,0.0447692,0.0420714,0.0421645,0.0398011,0.035843,0.0323964,0.027927,0.026236,0.0231163,0.0220914,0.0207061,0.0249975,0.0269715,0.0362964,0.0505232,0.0766187,0.115977,0.155677
646.012,0.0453189,0.0452649,0.043703,0.0436362,0.0394739,0.0354884,0.0316859,0.0283561,0.025376,0.0231838,0.0207113,0.0209047,0.0232341,0.0266733,0.0352093,0.0502783,0.077311,0.117508,0.156605
646.438,0.0450628,0.0432691,0.0444529,0.0405104,0.0401475,0.0328649,0.0310867,0.0273254,0.0254455,0.0223901,0.0211717,0.0212542,0.0203597,0.025118,0.0335326,0.0523496,0.0751167,0.11188,0.149866
646.863,0.0402886,0.0425468,0.0434683,0.0405115,0.0362137,0.0334497,0.029394,0.0265578,0.0235245,0.0221907,0.0204572,0.0197809,0.0207452,0.0243977,0.0337658,0.0493186,0.0757728,0.113092,0.151375
647.289,0.0446967,0.0473964,0.0429045,0.0417883,0.0368566,0.0342734,0.0304675,0.0286018,0.0260824,0.0226658,0.0224624,0.0214091,0.0230117,0.0251615,0.0339316,0.0503961,0.0770634,0.115089,0.153039
647.714,0.0449642,0.0432192,0.0429887,0.0424704,0.0354293,0.0345893,0.0304187,0.0262258,0.0263447,0.0213195,0.0197997,0.0214458,0.0218357,0.0248644,0.0339535,0.0505358,0.075852,0.115589,0.153588
648.139,0.0430252,0.0457217,0.0420913,0.0401528,0.0391166,0.0355488,0.0313886,0.0279131,0.0248299,0.0215152,0.0225764,0.0207503,0.0221864,0.0271016,0.0336125,0.0507083,0.0765818,0.112841,0.153002
648.564,0.0422846,0.0437198,0.0431325,0.0400317,0.036651,0.0334361,0.0293329,0.0267076,0.0242815,0.0225231,0.0213215,0.0203691,0.0216759,0.0252827,0.036219,0.048586,0.0746957,0.110092,0.151397
648.989,0.0436143,0.0446319,0.0430343,0.043343,0.0388563,0.0350166,0.0302254,0.0274753,0.0245722,0.0217874,0.0202456,0.0214039,0.0221677,0.025825,0.0351762,0.0521305,0.0762255,0.112046,0.149683
649.414,0.0453227,0.0457545,0.0450068,0.0420595,0.037962,0.0343956,0.0322789,0.0286892,0.0261464,0.0223192,0.0208223,0.020833,0.0217786,0.027492,0.0371817,0.051678,0.0783028,0.113856,0.152036
649.839,0.0458989,0.0472745,0.0436676,0.0414529,0.0389597,0.0347617,0.0323472,0.0269712,0.024906,0.0231359,0.0215002,0.0218272,0.0211793,0.0271749,0.0357425,0.0482149,0.0763106,0.112636,0.153016
650.263,0.0413181,0.0431618,0.0414585,0.0418196,0.0378901,0.0335154,0.0321741,0.026351,0.0237957,0.0233337,0.0194515,0.0190673,0.0210343,0.0242212,0.0340818,0.0486135,0.0765225,0.112137,0.152605
650.688,0.0442263,0.0431402,0.041952,0.0422922,0.0391706,0.0308508,0.029889,0.0289783,0.0246345,0.0229492,0.0207838,0.0200677,0.0226287,0.0260798,0.0334036,0.0491345,0.0771059,0.112849,0.151289
651.112,0.0430653,0.0441863,0.0414885,0.0418239,0.0375053,0.0333419,0.0298691,0.0284084,0.0237233,0.021714,0.0212596,0.0199424,0.0219098,0.0245118,0.0357347,0.0487754,0.0746033,0.11134,0.151602
651.536,0.0435858,0.0439345,0.0435902,0.039646,0.0363663,0.0332636,0.0299374,0.0277733,0.0233846,0.0219873,0.0193779,0.0182851,0.0219876,0.024115,0.0330422,0.0491381,0.0757826,0.1125,0.152984
651.961,0.0418386,0.0432226,0.0431707,0.0394788,0.0358885,0.0325722,0.0290234,0.0248348,0.0211012,0.022021,0.0194679,0.0182376,0.0190212,0.0243387,0.0340043,0.0485145,0.0738924,0.1117,0.1531
652.384,0.0443934,0.0462843,0.0453867,0.0401823,0.0400869,0.0348879,0.0319276,0.0283543,0.0272267,0.0241255,0.0214682,0.0221964,0.0224535,0.025607,0.0363358,0.0520662,0.0760166,0.115412,0.157421
652.808,0.0452007,0.0452905,0.0441008,0.0400196,0.0393178,0.0357289,0.0300682,0.0290994,0.0275791,0.0234691,0.0225123,0.0201815,0.0236568,0.0270761,0.0354242,0.0517947,0.0773527,0.11202,0.154688
653.232,0.0426389,0.0422766,0.0407619,0.0390325,0.0374417,0.0339663,0.0278268,0.0275042,0.0240893,0.0212902,0.0195048,0.019622,0.0193501,0.024892,0.0336512,0.0487827,0.0749981,0.110765,0.149952
653.656,0.0445754,0.0420331,0.0408725,0.0407008,0.0369643,0.0317487,0.0294156,0.0266763,0.0247068,0.0216022,0.0197715,0.0203903,0.0189195,0.0232241,0.0350749,0.0499928,0.0764908,0.111552,0.149901
654.079,0.0438708,0.0466302,0.0405748,0.0396552,0.0367531,0.0331378,0.0291379,0.0275028,0.0257614,0.0208956,0.0201868,0.0195976,0.021606,0.0255057,0.0360874,0.0471239,0.0742558,0.112567,0.151237
654.503,0.0433847,0.0445303,0.0438394,0.0408321,0.0373511,0.0339115,0.0306512,0.0264532,0.0235443,0.019788,0.0209629,0.0205469,0.0188939,0.0242695,0.036205,0.0481171,0.0780055,0.112374,0.152685
654.926,0.0456724,0.0437702,0.0428613,0.041051,0.0394788,0.035036,0.0317176,0.0275275,0.0258757,0.024352,0.0227363,0.0221379,0.0217168,0.0247675,0.0340027,0.0512972,0.0802101,0.117411,0.153756
655.349,0.041347,0.0433468,0.0416756,0.0395804,0.0355448,0.0331536,0.0282629,0.0260008,0.0247567,0.0211568,0.0201908,0.0193352,0.0194381,0.0252009,0.0323259,0.0497278,0.0765267,0.109341,0.152707
655.772,0.0422305,0.0438793,0.0417928,0.0397612,0.0373281,0.0319152,0.0289247,0.0263322,0.0244033,0.0221266,0.020089,0.0181111,0.0212077,0.0258139,0.0327358,0.0507504,0.0760231,0.10922,0.15449
656.195,0.0452644,0.0463366,0.0423875,0.0411595,0.0396602,0.0342594,0.0304411,0.0282004,0.0262655,0.0227888,0.021081,0.0207223,0.0224343,0.0260105,0.0341986,0.0526475,0.0760071,0.111188,0.154325
656.618,0.0442935,0.0444997,0.0443181,0.0399038,0.0394012,0.0360918,0.0306369,0.0285567,0.0263375,0.022828,0.0217345,0.0211993,0.022484,0.0259638,0.0359604,0.0520304,0.0783683,0.1135,0.154247
657.04,0.042896,0.0472183,0.0416008,0.0402744,0.0383826,0.0342102,0.0305602,0.0268761,0.02634,0.0212802,0.0203798,0.0200214,0.0206597,0.0272646,0.0358968,0.0508826,0.0746422,0.114911,0.154926
657.463,0.0421019,0.0449698,0.0423003,0.0398644,0.0408184,0.033609,0.0307164,0.0267914,0.0238385,0.0221886,0.0205464,0.0219046,0.0210655,0.026136,0.0361956,0.0493662,0.0763471,0.114897,0.158183
657.885,0.0435543,0.045289,0.0438441,0.0411701,0.03873,0.0347908,0.0298727,0.0276629,0.0270268,0.0238232,0.0208469,0.0187502,0.0203655,0.025554,0.0341365,0.0492785,0.0753777,0.112288,0.150191
658.308,0.0444581,0.0430985,0.0446121,0.0404719,0.0381808,0.0327098,0.0287881,0.0279101,0.0251191,0.0225245,0.0223764,0.0197038,0.0212237,0.0249315,0.0334824,0.0490486,0.0772198,0.112381,0.156377
658.73,0.0439104,0.0438856,0.0432618,0.0405715,0.0379956,0.0368282,0.0294554,0.02714,0.0249282,0.0209272,0.0219136,0.0213269,0.0214996,0.0245026,0.03642,0.0490589,0.0780223,0.109682,0.158005
659.152,0.0452476,0.0432118,0.0428036,0.0402149,0.0388123,0.0342066,0.030635,0.028886,0.0241445,0.0211335,0.021616,0.0223797,0.0223462,0.0241426,0.0320348,0.0512719,0.0752648,0.111428,0.153815
659.574,0.0426735,0.0450727,0.0420277,0.0415144,0.0375662,0.0344613,0.0303685,0.0275841,0.0225879,0.0208715,0.0186448,0.0194734,0.0221168,0.0256504,0.0317592,0.0489714,0.0771315,0.110972,0.155132
659.996,0.0397651,0.0406554,0.0420422,0.0402473,0.0369765,0.0323708,0.0291284,0.0228975,0.0248251,0.0193341,0.0183348,0.0182946,0.0190557,0.0250082,0.0322598,0.049163,0.0745547,0.111897,0.151822
660.417,0.044355,0.0459151,0.0438727,0.0422243,0.0377298,0.0340207,0.0305008,0.0269703,0.0264271,0.0242836,0.0219654,0.0215465,0.0214101,0.0271229,0.0359875,0.051985,0.0782604,0.114557,0.15937
660.839,0.0447745,0.0446821,0.0414986,0.0416307,0.0384621,0.0353753,0.0296253,0.02715,0.0259174,0.0226355,0.0221584,0.0212384,0.0220311,0.0263788,0.0353854,0.0528087,0.0766711,0.112486,0.153294
661.26,0.0458189,0.0439662,0.0426585,0.0410947,0.0392146,0.0340526,0.02901,0.0264251,0.0245018,0.0214531,0.0214833,0.0204903,0.0214151,0.0247896,0.0346034,0.0495791,0.0786138,0.112303,0.151236
661.682,0.0455119,0.0467835,0.0458954,0.0421418,0.039056,0.0354151,0.0310667,0.0277958,0.0262311,0.0234126,0.0210522,0.0211926,0.0215442,0.0276599,0.035138,0.0525752,0.0788294,0.11572,0.158415
662.103,0.0418029,0.0413591,0.0424652,0.0396579,0.0360567,0.034287,0.0291575,0.0258774,0.0236057,0.0226915,0.020792,0.0199961,0.0197896,0.0242526,0.0335217,0.0506383,0.0741078,0.112264,0.153931
662.524,0.0447929,0.0438728,0.0442133,0.0401594,0.0394007,0.03375,0.0307619,0.0296936,0.0259115,0.0238032,0.0216604,0.0198839,0.0222269,0.027349,0.0363571,0.05315,0.0782433,0.111529,0.155909
662.945,0.0430149,0.0425242,0.0429497,0.0383601,0.0371937,0.0340317,0.0300607,0.0275189,0.0241525,0.0216223,0.0194706,0.0195688,0.0217591,0.0248401,0.0351854,0.0486498,0.0752235,0.1112,0.149501
663.366,0.0442097,0.0451393,0.0432575,0.0398003,0.0386555,0.03283,0.0296673,0.0271703,0.0250252,0.0223487,0.0216461,0.0213152,0.0218903,0.0250133,0.0357101,0.0500072,0.0741047,0.113943,0.154292
663.787,0.04355,0.0431513,0.0441697,0.0416654,0.0369393,0.033885,0.02989,0.0259876,0.0256034,0.0217803,0.0198237,0.0200154,0.0200289,0.0250045,0.0360922,0.0510247,0.0779369,0.112233,0.156934
664.207,0.04633,0.0460145,0.0437437,0.0419448,0.0395265,0.0317002,0.0300649,0.0273144,0.0258349,0.0227311,0.0214301,0.0200809,0.0227614,0.0274043,0.0351481,0.0505421,0.0782112,0.111793,0.158243
664.628,0.0438004,0.0435212,0.0426207,0.0398943,0.0385071,0.0341294,0.0274134,0.0272643,0.0252173,0.0215334,0.0202835,0.0194126,0.0205401,0.0249035,0.0362166,0.0488744,0.0768485,0.112015,0.154305
665.048,0.0430804,0.0439007,0.0425382,0.0410937,0.0375478,0.033035,0.0296173,0.027659,0.0247067,0.0222431,0.022318,0.0201235,0.0215301,0.0238469,0.0327453,0.0502855,0.075219,0.109206,0.149965
665.468,0.0454605,0.0460507,0.0453268,0.0426635,0.0402662,0.0356803,0.0313264,0.0269474,0.026026,0.0235462,0.0221081,0.0205303,0.0221162,0.027303,0.0348674,0.0511258,0.0791227,0.116338,0.156612
665.888,0.0432442,0.0408267,0.0408107,0.040054,0.0366364,0.0334297,0.0278171,0.0247377,0.021892,0.0211991,0.0192318,0.0175806,0.0204725,0.0234898,0.0324171,0.0495558,0.0732363,0.112324,0.153588
666.308,0.0461474,0.0444861,0.0421667,0.0398408,0.0364114,0.0344605,0.0322377,0.030118,0.0248372,0.0222916,0.0196279,0.0200295,0.0222855,0.027351,0.0363124,0.0506164,0.0756481,0.113335,0.158159
666.728,0.0440529,0.0433584,0.0461029,0.0429735,0.0388852,0.0359919,0.0313115,0.0288589,0.0255673,0.0224628,0.0208375,0.021384,0.0198792,0.0259407,0.0353925,0.0522072,0.0760086,0.112539,0.158855
667.148,0.0424722,0.0440587,0.0428814,0.0400065,0.0366165,0.0354821,0.0297343,0.0278447,0.0248252,0.0229334,0.0216102,0.0193989,0.0199268,0.0252866,0.03472,0.0497739,0.0758687,0.109988,0.15571
667.568,0.0439067,0.0442531,0.0445138,0.0400052,0.0380497,0.0353471,0.0299275,0.0272651,0.0259838,0.0227002,0.0215879,0.0188144,0.021707,0.0264755,0.0358744,0.0518792,0.0772853,0.112171,0.153381
667.987,0.0450192,0.0445547,0.0437734,0.0405921,0.0379407,0.0353002,0.0308701,0.0283001,0.0255051,0.0233971,0.0226581,0.0216285,0.0212149,0.0268596,0.0355285,0.0514272,0.0794648,0.110596,0.152549
668.407,0.042258,0.0439708,0.0416377,0.0393789,0.0361748,0.0312124,0.0270667,0.0261202,0.0241198,0.0220852,0.0186682,0.0186842,0.0201992,0.0255174,0.0342031,0.0486096,0.0764859,0.110187,0.154385
668.826,0.0458151,0.0455357,0.04463,0.0433637,0.0403868,0.0353346,0.0315372,0.0295494,0.027126,0.025035,0.0226553,0.0225735,0.0209121,0.027569,0.0349347,0.0532307,0.0800061,0.115282,0.157085
669.245,0.0448378,0.0430011,0.0433577,0.041137,0.0363731,0.0335313,0.0301368,0.0260993,0.0259247,0.0217049,0.0196361,0.0199983,0.0214207,0.0239966,0.0331549,0.0502876,0.07481,0.11112,0.15328
669.664,0.0422465,0.0474224,0.0413476,0.0399522,0.037417,0.0345672,0.0304192,0.0293207,0.0240426,0.0223542,0.0231665,0.0197896,0.0219908,0.0287949,0.0343628,0.0509761,0.0745655,0.113699,0.15571
670.083,0.0420191,0.0430479,0.0385253,0.0405766,0.037186,0.0310299,0.0293221,0.025828,0.0233522,0.020445,0.0207557,0.0197731,0.0184619,0.0241155,0.0340361,0.0503825,0.0733426,0.109895,0.152086
670.502,0.0445133,0.0453127,0.0414118,0.0403435,0.0380826,0.0342994,0.0297637,0.027406,0.027088,0.0204859,0.0217629,0.0207581,0.0210036,0.0246462,0.0337185,0.0476614,0.076938,0.112799,0.154316
670.921,0.0447581,0.0442384,0.0400971,0.0418561,0.0365451,0.0333742,0.028572,0.0261787,0.0254257,0.0220153,0.0196643,0.0207211,0.0200905,0.0240881,0.0345802,0.0475827,0.07703,0.113151,0.156252
671.339,0.0421134,0.0431286,0.0439693,0.0396203,0.038426,0.032747,0.0286374,0.0270472,0.0242396,0.0220986,0.0203973,0.0194253,0.0206301,0.0233132,0.0323722,0.0498022,0.0745586,0.108975,0.148082
671.758,0.0431034,0.0414932,0.0413968,0.0377255,0.0363556,0.0313398,0.0278257,0.0244915,0.0239935,0.0200467,0.0184133,0.0182501,0.0169008,0.0226402,0.0320912,0.0495391,0.0729313,0.108118,0.154265
672.176,0.0438246,0.0438195,0.0420982,0.041248,0.0396179,0.0329295,0.0288513,0.0276057,0.0263351,0.0210991,0.0204247,0.0207116,0.0209659,0.0266778,0.0359884,0.0493935,0.0764947,0.110602,0.150199
672.594,0.0438173,0.043876,0.0429181,0.0416421,0.0372734,0.0340469,0.0305494,0.0275581,0.0248961,0.0217598,0.0205038,0.0199361,0.0232718,0.0259215,0.03528,0.0507794,0.0740001,0.111963,0.153918
673.012,0.0458433,0.0455251,0.043725,0.0434383,0.0386866,0.0350517,0.0320266,0.0260566,0.0253062,0.0233627,0.0220957,0.0209804,0.0199724,0.0241352,0.0360191,0.0515055,0.0775282,0.1142,0.157883
673.43,0.0419026,0.045531,0.0434636,0.0416724,0.0383237,0.0335652,0.0297985,0.0290451,0.0254575,0.0231998,0.0226891,0.0208844,0.0208007,0.0254684,0.0364164,0.0504994,0.0760749,0.116461,0.153803
673.848,0.0421806,0.0448989,0.0409693,0.0399896,0.0385291,0.0337391,0.028608,0.026113,0.0237061,0.0203251,0.0206053,0.0203338,0.0194797,0.0241748,0.0342229,0.0499215,0.0749619,0.112353,0.154713
674.266,0.0423467,0.0441351,0.0416623,0.0390793,0.0368028,0.0342408,0.0294625,0.0273561,0.0230157,0.0209367,0.0187446,0.0195907,0.0213745,0.0234289,0.0331424,0.0502019,0.0725939,0.112927,0.152332
674.684,0.0436396,0.0439411,0.0414993,0.0403128,0.0379193,0.0328626,0.0298433,0.0274926,0.0235848,0.021232,0.0192866,0.0189866,0.0185587,0.0271465,0.0341582,0.050203,0.0751149,0.111599,0.149817
675.101,0.0422855,0.0432848,0.0407494,0.0414671,0.0382868,0.0326551,0.0285121,0.0266711,0.0230435,0.0209613,0.0184579,0.0201535,0.0208424,0.0266507,0.0350238,0.0489124,0.0787656,0.113425,0.154047
675.519,0.0413529,0.0418818,0.0428952,0.0422701,0.0394408,0.0328347,0.0300777,0.0269934,0.0230076,0.0217281,0.0210701,0.020592,0.0209724,0.024146,0.0338934,0.0501209,0.0764143,0.111997,0.154687
675.936,0.0438614,0.0447101,0.0402572,0.0396568,0.0362893,0.032455,0.0303102,0.0280566,0.0237562,0.0220035,0.0203157,0.0203613,0.0211722,0.0250298,0.0337156,0.0496299,0.0777278,0.109551,0.151945
676.353,0.0430359,0.0458397,0.0437672,0.0400152,0.0387883,0.0319699,0.0296681,0.0270263,0.0245394,0.0237694,0.0217437,0.0216553,0.0217764,0.026839,0.0345146,0.0502822,0.0787475,0.11255,0.155479
676.77,0.0423547,0.043866,0.0413722,0.0394493,0.0396456,0.0334,0.0302225,0.0283833,0.0236103,0.0229364,0.0228808,0.0204686,0.0218877,0.0256694,0.033679,0.0528844,0.0742056,0.111382,0.154357
677.187,0.0452272,0.0443505,0.0448833,0.0387406,0.0406019,0.0346782,0.0311337,0.0291453,0.0247553,0.0226546,0.0229055,0.0224281,0.0223816,0.0265616,0.0365991,0.0514054,0.0755967,0.112118,0.153125
677.604,0.0440422,0.0430519,0.0434528,0.0405392,0.0391769,0.0346601,0.0305893,0.0282706,0.0248514,0.0248876,0.0221258,0.0212953,0.0225215,0.0246283,0.0369623,0.0515417,0.0771383,0.112321,0.156187
678.02,0.0448252,0.0457266,0.0430923,0.0394925,0.0381744,0.0357245,0.0304228,0.0276842,0.0246489,0.0234677,0.0221626,0.0192462,0.021233,0.0269106,0.0340763,0.0497025,0.0743372,0.11134,0.15339
678.437,0.0439612,0.0435849,0.0410149,0.0389633,0.0359783,0.0321171,0.0299083,0.0248374,0.024906,0.0210146,0.0199198,0.0185763,0.0210559,0.0226496,0.0342335,0.0488739,0.0752923,0.112804,0.152108
678.853,0.0428856,0.043152,0.0400202,0.0401187,0.0369157,0.0332332,0.030379,0.0263602,0.023787,0.0215459,0.022022,0.0181368,0.0216861,0.0234084,0.0344995,0.0498987,0.0717206,0.11154,0.153601
679.27,0.0450947,0.0446672,0.04263,0.0413647,0.0391264,0.0356974,0.0325388,0.0288553,0.0260129,0.0230204,0.0216034,0.0193373,0.0216867,0.0292305,0.0333869,0.0524831,0.0765414,0.113963,0.153861
679.686,0.0441762,0.0429196,0.0426086,0.0404496,0.0383374,0.0331722,0.0290032,0.0248467,0.0240426,0.0198025,0.0208945,0.019374,0.0204162,0.0241801,0.0324969,0.051372,0.0735539,0.111263,0.154339
680.102,0.0414089,0.0431186,0.0397934,0.0384684,0.0374769,0.0316823,0.0281405,0.0253594,0.023194,0.021742,0.0203975,0.0187722,0.0197973,0.0239463,0.0314259,0.0475728,0.0753512,0.111937,0.149933
680.518,0.042724,0.0437518,0.0429111,0.0408501,0.0386349,0.0343308,0.0297343,0.0269723,0.0241526,0.0222686,0.020466,0.0187724,0.0220511,0.0248405,0.0350238,0.0498479,0.0759058,0.112304,0.155349
680.933,0.0425492,0.0425731,0.0415858,0.0395684,0.0364962,0.0332211,0.0274552,0.0254625,0.0219868,0.0224666,0.019811,0.0189941,0.0198799,0.0231445,0.0336091,0.0505059,0.0744453,0.107975,0.150494
681.349,0.0434288,0.0439237,0.0429797,0.0367943,0.0364373,0.0343394,0.0287749,0.0271186,0.0228578,0.0215001,0.0200601,0.0196841,0.0204676,0.0265451,0.0351488,0.0483012,0.074016,0.111609,0.150619
681.765,0.0444148,0.0448149,0.0431417,0.0413492,0.0389969,0.0329902,0.0292741,0.0273636,0.0253504,0.0239552,0.0187355,0.0203734,0.0210101,0.0248953,0.0326241,0.0511152,0.0798795,0.114208,0.154995
682.18,0.0454629,0.0440722,0.0448317,0.0403877,0.0376095,0.0333513,0.0295792,0.0268349,0.0260666,0.0224878,0.0206475,0.0206692,0.0238139,0.0263055,0.0348605,0.0513725,0.075815,0.114755,0.155236
682.596,0.0429033,0.0445187,0.0418759,0.040827,0.0388996,0.0364328,0.0267612,0.0258915,0.0256627,0.0218709,0.0210767,0.0209955,0.0206479,0.0266963,0.0342845,0.0499143,0.0759614,0.111579,0.152886
683.011,0.0422559,0.0438058,0.0432298,0.0402438,0.0388891,0.035037,0.0312996,0.0280324,0.0248114,0.0228309,0.0194742,0.0198629,0.0217678,0.0273695,0.0356081,0.0507042,0.0767951,0.113847,0.153471
683.426,0.0426124,0.0436573,0.0424341,0.040535,0.0398894,0.0337515,0.031045,0.0268233,0.0260954,0.0240667,0.0226472,0.0218737,0.0212903,0.0245936,0.0338778,0.0514616,0.0789398,0.114563,0.156136
683.841,0.0446736,0.0440705,0.0404484,0.0383505,0.0350445,0.0336222,0.0279668,0.0270559,0.0234589,0.0224141,0.0195925,0.0201861,0.0215575,0.0264333,0.0335892,0.0495914,0.0764676,0.111565,0.152362
684.256,0.0415509,0.0402692,0.0406019,0.0399978,0.035203,0.0301903,0.0284203,0.0246655,0.0215316,0.0210117,0.0175798,0.0175873,0.0185147,0.0236548,0.0308385,0.0473318,0.073327,0.1124,0.151942
684.67,0.0428878,0.0409065,0.0431386,0.0398769,0.0349774,0.0318875,0.027839,0.0273498,0.0250357,0.0238322,0.0200728,0.0207186,0.0203853,0.0247756,0.0344107,0.0504136,0.0750276,0.113229,0.153418
685.085,0.0423541,0.0409619,0.0447995,0.0395946,0.0362989,0.0320638,0.0297039,0.0263744,0.0231847,0.0210843,0.0180952,0.0183855,0.0206875,0.0246446,0.0324184,0.0488323,0.0757106,0.113447,0.153147
685.499,0.0426835,0.0459237,0.0437459,0.0397955,0.0375441,0.0333338,0.0297887,0.0262184,0.022892,0.0226519,0.020137,0.0223885,0.0227413,0.0231293,0.0318727,0.0490276,0.0773451,0.110064,0.150295
685.914,0.0440172,0.0444251,0.0434612,0.0417573,0.0374295,0.0360746,0.028931,0.0272226,0.0257422,0.0232972,0.0202033,0.0211626,0.0220988,0.0253676,0.0348887,0.0536034,0.0769418,0.116313,0.154576
686.328,0.0440533,0.0445446,0.0423863,0.0399957,0.0374341,0.0340456,0.0318146,0.0260054,0.0268605,0.0199558,0.0198109,0.0195398,0.0210066,0.0243294,0.0369056,0.0504051,0.0775685,0.112355,0.149411
686.742,0.0430404,0.0443659,0.0428396,0.040644,0.0376925,0.0353255,0.0302742,0.0269098,0.0258439,0.0229959,0.0203175,0.0214495,0.0220306,0.0257704,0.0362122,0.0489316,0.0794721,0.110011,0.152188
687.156,0.0447432,0.0462778,0.0447692,0.04219,0.0379538,0.0332398,0.0306903,0.0269093,0.0233039,0.0220204,0.022106,0.0215407,0.0218652,0.0269695,0.0347536,0.052357,0.0779,0.117123,0.158892
687.57,0.042781,0.0410028,0.0412152,0.039171,0.0380089,0.0347512,0.0289449,0.0278365,0.023406,0.0223541,0.0225084,0.0208524,0.0218968,0.0261666,0.0322618,0.0499019,0.074064,0.113377,0.156901
687.984,0.0433845,0.0434208,0.0414386,0.0396026,0.0386766,0.0339689,0.0291519,0.026719,0.0234409,0.0223593,0.0206266,0.0188051,0.0199555,0.0252888,0.0331672,0.0500496,0.0770941,0.110305,0.150563
688.398,0.0434021,0.0458711,0.0442656,0.041626,0.0397838,0.0361756,0.0316371,0.0276973,0.0241394,0.0212915,0.020286,0.0209251,0.0205178,0.0252363,0.0349256,0.0509791,0.0768191,0.117925,0.153671
688.811,0.0428776,0.0438758,0.0457321,0.0395788,0.0395193,0.0341,0.0316827,0.0265667,0.0244125,0.0225935,0.0209702,0.0200331,0.0209655,0.0277609,0.0347168,0.050574,0.0772008,0.115479,0.154126
689.224,0.0433192,0.0443499,0.0424776,0.0408737,0.0386927,0.0353266,0.0304464,0.027399,0.026227,0.0212825,0.0215339,0.0198687,0.0228354,0.0254816,0.0333397,0.0527527,0.0785139,0.116874,0.154418
689.638,0.0437733,0.0423691,0.0433577,0.0408252,0.0390782,0.0373384,0.0294813,0.0272325,0.0240793,0.0233101,0.0213721,0.0200315,0.0210118,0.0273132,0.0347953,0.0501255,0.0776767,0.113903,0.154539
690.051,0.0442405,0.0442078,0.0420124,0.0393665,0.0380093,0.0330486,0.0291821,0.0258084,0.0240704,0.0222025,0.021346,0.0204472,0.0217349,0.0256235,0.0357339,0.0518265,0.0759779,0.116415,0.154228
690.464,0.0433182,0.0456884,0.0427366,0.0412375,0.0381906,0.0346787,0.02915,0.0281102,0.0241715,0.0230139,0.023067,0.021149,0.021685,0.0254694,0.0355599,0.0526413,0.0772469,0.11501,0.155515
690.877,0.0441231,0.0435952,0.0434379,0.0401465,0.0356079,0.0323622,0.0276862,0.025566,0.0223904,0.0224912,0.0197516,0.019077,0.0206763,0.0251208,0.0347052,0.047178,0.0745488,0.113034,0.147985
691.29,0.0431172,0.0414442,0.0399467,0.0393979,0.0354652,0.03095,0.0278863,0.0250968,0.0207575,0.0195563,0.0184549,0.0175921,0.0194636,0.0235478,0.0338219,0.0488938,0.0727383,0.107661,0.152344
691.702,0.0416497,0.043999,0.0416288,0.0414362,0.0381168,0.0340296,0.0291506,0.0276112,0.023998,0.0218765,0.021526,0.0189422,0.0204554,0.0260125,0.0351254,0.0491795,0.0793988,0.113024,0.155579
692.115,0.0425195,0.0437324,0.0433345,0.038342,0.0382114,0.0322967,0.0288411,0.0276956,0.0242533,0.0214549,0.0211347,0.0173848,0.0212254,0.0231263,0.0341196,0.0500292,0.0761027,0.113288,0.15195
692.527,0.0414447,0.0465999,0.0422252,0.0362567,0.0356313,0.0334118,0.0304879,0.0274043,0.0238429,0.0206015,0.0213781,0.0195496,0.021784,0.0245661,0.0329827,0.049307,0.0738628,0.112786,0.153665
692.94,0.0427816,0.0431748,0.0436425,0.0402751,0.038814,0.0336319,0.0300914,0.0275591,0.0244215,0.022913,0.0220734,0.0197667,0.0207043,0.0252764,0.0339173,0.0520517,0.0772349,0.113851,0.15403
693.352,0.0423435,0.0425952,0.0429237,0.0415332,0.0378967,0.0331268,0.0300714,0.0254268,0.0226174,0.0212405,0.0213234,0.0208403,0.0199076,0.0230632,0.033939,0.050101,0.0781684,0.112344,0.15593
693.764,0.0422109,0.0437558,0.0417915,0.0393007,0.0358583,0.0319887,0.0290373,0.0255491,0.0230733,0.0201191,0.0207741,0.0170923,0.0219532,0.022692,0.0356378,0.0507406,0.0751211,0.112205,0.150313
694.176,0.0420655,0.0425214,0.0396044,0.0383995,0.0374385,0.0328524,0.0287101,0.0241405,0.0216884,0.0200754,0.0222169,0.0200758,0.0191521,0.024925,0.0321234,0.0505771,0.0754739,0.112583,0.155251
694.588,0.0424977,0.0443425,0.0443234,0.038708,0.0370431,0.0348805,0.0293109,0.0270695,0.0242321,0.0220287,0.0223354,0.0212092,0.0226348,0.0256754,0.033797,0.0525353,0.0761477,0.113118,0.154481
694.999,0.0441238,0.0437811,0.0447668,0.0413849,0.0376232,0.0325532,0.0293827,0.0271824,0.0219056,0.0206987,0.0187046,0.0202318,0.0205607,0.0245702,0.0336398,0.0499381,0.0774554,0.112768,0.15285
695.411,0.0445114,0.0430127,0.0428173,0.0401855,0.0377695,0.0346769,0.027744,0.0260758,0.0233831,0.0230106,0.0223225,0.0211254,0.0219031,0.0262175,0.0350946,0.0503611,0.0786937,0.11357,0.155789
695.822,0.0443,0.0459117,0.0427286,0.0431255,0.0379013,0.0359492,0.0302313,0.026818,0.0257922,0.0217436,0.0218522,0.0212339,0.0227419,0.0257842,0.0330472,0.0495108,0.0780242,0.113758,0.153344
696.234,0.0453914,0.0456237,0.0398179,0.0408484,0.0373516,0.0333066,0.0292819,0.0293344,0.0256192,0.0211974,0.0211718,0.0206997,0.0222729,0.0242137,0.0319719,0.0512358,0.0761155,0.11129,0.156021
696.645,0.0427471,0.0434272,0.0415036,0.0389926,0.0359003,0.0337199,0.0291,0.0256377,0.0234285,0.0201118,0.0199924,0.0206886,0.0198258,0.0250796,0.0341726,0.0513887,0.0787733,0.112949,0.153651
697.056,0.0469331,0.0462911,0.0471531,0.0431332,0.0409284,0.0360141,0.0322272,0.0301527,0.0274379,0.0234062,0.0227273,0.0227568,0.0206943,0.0270819,0.037731,0.0529425,0.081913,0.114466,0.160032
697.467,0.0453043,0.0448374,0.0427096,0.0402914,0.0398743,0.0357087,0.0321376,0.0267586,0.0248046,0.0252066,0.0210596,0.0226343,0.0219291,0.0277776,0.0342949,0.0514623,0.0788035,0.112238,0.155885
697.878,0.0440334,0.0415253,0.0423285,0.0408757,0.0383658,0.0346648,0.0296545,0.0280358,0.0254751,0.0206651,0.0204982,0.0221989,0.0220088,0.0269492,0.0341335,0.0491274,0.0744845,0.112679,0.15315
698.289,0.0422053,0.0438318,0.0423996,0.0420808,0.0367585,0.0339833,0.0269751,0.0267437,0.022103,0.0215913,0.017697,0.0180555,0.0196,0.0249019,0.0346399,0.0517773,0.0783894,0.113888,0.153673
698.699,0.0442715,0.0439579,0.0424177,0.0411131,0.036249,0.0325211,0.0313896,0.0253272,0.0235424,0.0223813,0.0196145,0.0187839,0.0196762,0.0271762,0.0344655,0.0507566,0.077913,0.111758,0.154969
699.11,0.0430736,0.0442717,0.0412272,0.0387022,0.0365208,0.0323382,0.0286363,0.0299973,0.0257732,0.0222747,0.0190288,0.018619,0.0211364,0.0255929,0.03437,0.0513115,0.0761049,0.11195,0.155173
699.52,0.0416611,0.044109,0.0428764,0.0400489,0.0373965,0.0304579,0.0302298,0.0243619,0.023608,0.019468,0.0198007,0.018066,0.0201838,0.0233958,0.0339095,0.0485159,0.0748289,0.110898,0.151567
699.931,0.0410028,0.042513,0.0409042,0.038485,0.0377554,0.0337374,0.0293587,0.0260994,0.0239645,0.0203259,0.0190554,0.0186324,0.0200389,0.0233764,0.0332597,0.0531018,0.0757667,0.112046,0.156626
700.341,0.0451419,0.0423315,0.0431486,0.0404047,0.038294,0.035499,0.0292836,0.0252567,0.0268592,0.0217363,0.0224856,0.0206296,0.0215419,0.0263578,0.0349902,0.050652,0.0776391,0.112746,0.155463
700.751,0.0455829,0.0452419,0.0435422,0.0379125,0.0360658,0.0321743,0.0307676,0.0245665,0.0236697,0.0226608,0.0193741,0.0188759,0.0208325,0.0242466,0.0357668,0.0529911,0.0766227,0.110813,0.152956
701.161,0.0431557,0.0419971,0.0412165,0.0394066,0.0365903,0.0320856,0.0294901,0.0275461,0.0238761,0.0212598,0.0214017,0.0192087,0.0219324,0.0251633,0.0343446,0.0513065,0.0756289,0.110591,0.153143
701.57,0.0437297,0.0421759,0.0427637,0.0413763,0.0384224,0.0337075,0.0286295,0.02831,0.0259395,0.0209648,0.0211094,0.0211344,0.0209523,0.0255113,0.0328744,0.0510291,0.0751572,0.113768,0.154956
701.98,0.0423553,0.0448689,0.0419717,0.0436753,0.0386017,0.0350689,0.0310979,0.0268549,0.0236097,0.0234992,0.0218598,0.0201678,0.0223551,0.0263711,0.0352348,0.0529253,0.0780525,0.117562,0.153019
702.39,0.0405938,0.0426051,0.0420614,0.0409996,0.0365486,0.0338858,0.0275009,0.0280304,0.0231051,0.0201771,0.0194565,0.0178472,0.0216324,0.0256863,0.0363561,0.0502937,0.0771818,0.110626,0.15381
702.799,0.0418878,0.0445091,0.0442614,0.0400042,0.0382477,0.0348053,0.0316678,0.027863,0.0257461,0.0247262,0.022401,0.0209212,0.0214243,0.0245,0.0351746,0.0516639,0.0746973,0.110665,0.1542
703.208,0.0418866,0.0453914,0.0416431,0.0398823,0.0365674,0.03151,0.0273359,0.0263069,0.0229541,0.0222617,0.019511,0.0178699,0.0207091,0.0219992,0.0341158,0.049866,0.0746146,0.110692,0.15261
703.617,0.0448406,0.0447754,0.0439346,0.0396817,0.0388244,0.033581,0.0297252,0.0261946,0.0253976,0.0203232,0.0199605,0.0191801,0.0225616,0.0240887,0.0330925,0.0525653,0.0755372,0.112531,0.155695
704.027,0.0445707,0.0425107,0.0429294,0.0406309,0.0382108,0.0340381,0.0313295,0.0276622,0.0230032,0.0234743,0.0204845,0.0204278,0.0205857,0.0255003,0.0348006,0.0518818,0.078604,0.118859,0.156355
704.435,0.0426944,0.0440119,0.0436812,0.0388152,0.0394697,0.0345846,0.0286189,0.0256189,0.0231639,0.0212844,0.0195526,0.0197323,0.0221506,0.0236328,0.0346819,0.0504909,0.0775328,0.112216,0.156368
704.844,0.0424669,0.0442745,0.0439304,0.0402488,0.0395617,0.0340415,0.0309517,0.0289728,0.0266238,0.022118,0.0218754,0.0197094,0.0222434,0.0270617,0.0364549,0.0530567,0.0768611,0.113842,0.152685
705.253,0.0402053,0.0419279,0.0402041,0.0400951,0.0344986,0.0311233,0.0297197,0.0267515,0.0248599,0.0225009,0.0200138,0.0200578,0.0199634,0.0261158,0.0343585,0.0506522,0.0730836,0.111018,0.149962
705.662,0.0448356,0.0452389,0.0436932,0.0411141,0.0388619,0.0353746,0.030062,0.0254112,0.024917,0.0204927,0.0203291,0.0180649,0.0199148,0.0247307,0.0320661,0.0508305,0.0771122,0.112431,0.155356
706.07,0.0440478,0.0451873,0.0420832,0.0431176,0.0392363,0.0338561,0.0299485,0.0281034,0.0249647,0.0230603,0.0215817,0.0208566,0.0216922,0.0251316,0.03715,0.0504044,0.0778101,0.115107,0.153308
706.478,0.0440776,0.047103,0.0423927,0.0406874,0.0361726,0.0353593,0.0314434,0.027855,0.0236186,0.0209009,0.0199679,0.0202299,0.0215018,0.0251877,0.0356116,0.050743,0.0778603,0.113287,0.153082
706.887,0.0421354,0.0449041,0.043079,0.039564,0.0363639,0.0344681,0.0300829,0.0255908,0.0238864,0.022318,0.0198888,0.0210148,0.0222176,0.0255283,0.0347132,0.0500929,0.0758476,0.11061,0.152777
707.295,0.046133,0.0437871,0.0434965,0.0400361,0.0353625,0.0336728,0.0317201,0.0259899,0.0235698,0.0218156,0.0198659,0.0196707,0.0219833,0.0264239,0.032971,0.0504303,0.076061,0.116005,0.15411
707.703,0.0439187,0.0430079,0.0415692,0.0404669,0.0383597,0.034333,0.0304347,0.0279724,0.0237398,0.0216711,0.0192161,0.0206038,0.0201846,0.0264458,0.0361634,0.0495405,0.0761737,0.113888,0.154539
708.11,0.0461301,0.0451405,0.0431994,0.0418187,0.0390619,0.0341195,0.0302075,0.0297819,0.0247694,0.0238892,0.019144,0.0185489,0.0217332,0.0256071,0.0345187,0.0505394,0.0777443,0.110755,0.154927
708.518,0.0433788,0.0420946,0.0424697,0.0380184,0.0368394,0.0337562,0.0306011,0.0283508,0.024936,0.0218694,0.0176445,0.0196071,0.0207921,0.0264623,0.0346895,0.0507987,0.0757548,0.109644,0.150073
708.926,0.0426651,0.0431722,0.0374618,0.0385151,0.0365702,0.0314938,0.0281842,0.0256791,0.0205295,0.0200494,0.0185411,0.0166846,0.0187427,0.0235359,0.0325285,0.0503677,0.0751638,0.1111,0.150575
709.333,0.0444514,0.04365,0.0429427,0.0426976,0.0387886,0.0350465,0.0300753,0.0276421,0.0260642,0.02084,0.0219069,0.0223319,0.0210933,0.0251659,0.0352382,0.0517051,0.0775406,0.112664,0.155184
709.741,0.0434516,0.0445013,0.0403886,0.0411992,0.0380309,0.0345788,0.0293298,0.0269012,0.0248124,0.0210544,0.0218503,0.0172433,0.0192258,0.0252528,0.0334799,0.0522302,0.077762,0.113133,0.152748
710.148,0.0416139,0.0427224,0.0405337,0.0387394,0.0353744,0.0325186,0.0263906,0.0241755,0.0207997,0.0210924,0.0179125,0.0169516,0.0168008,0.0234712,0.0319575,0.0475984,0.0736685,0.111533,0.150208
710.555,0.0452904,0.0443574,0.0430941,0.0430807,0.0387234,0.0330578,0.0313607,0.0273213,0.0260602,0.0222615,0.0229033,0.0198802,0.020741,0.0265425,0.0355796,0.0497052,0.0754359,0.11164,0.157029
710.962,0.0432454,0.0458777,0.043089,0.0405366,0.0368145,0.03401,0.0312453,0.027033,0.0259261,0.0223053,0.0204814,0.0216332,0.0221303,0.0229507,0.0350668,0.0508686,0.0772501,0.11472,0.153414
711.369,0.0465919,0.0458967,0.0454539,0.042932,0.0390588,0.0359013,0.0312165,0.0283815,0.0233658,0.02405,0.0221971,0.0190108,0.0225895,0.0263212,0.0368786,0.0522357,0.0791229,0.117899,0.153624
711.776,0.0461178,0.0443543,0.0447872,0.0438284,0.0373561,0.0353155,0.0293927,0.0270047,0.0243521,0.0249923,0.0224597,0.0224045,0.0229136,0.0265748,0.0367888,0.0537463,0.0784708,0.115167,0.154434
712.182,0.0434678,0.0463596,0.043837,0.0412808,0.039481,0.0372453,0.027702,0.0288062,0.0228055,0.0234206,0.0216194,0.0202974,0.0208041,0.0265678,0.0368754,0.0517022,0.0791429,0.11371,0.154838
712.589,0.0429322,0.0439141,0.0435893,0.0413193,0.0378179,0.0344846,0.0276195,0.0284997,0.0256777,0.0215182,0.0213296,0.0214846,0.0214215,0.0258437,0.0366624,0.05183,0.075569,0.110866,0.153976
712.995,0.0446117,0.0446282,0.0430511,0.0425406,0.0393034,0.0362866,0.0292232,0.026703,0.0257818,0.0240379,0.0205461,0.021364,0.021436,0.026369,0.0378031,0.0516536,0.0765345,0.115636,0.154828
713.401,0.0439551,0.0452384,0.0434445,0.0447918,0.0389553,0.0343127,0.0323084,0.0294203,0.0260067,0.0237192,0.0228034,0.0227633,0.020924,0.027734,0.0358503,0.054781,0.0798634,0.110421,0.157358
713.808,0.0447626,0.0448506,0.0426756,0.0422735,0.0382861,0.0357351,0.0314757,0.0277931,0.0231312,0.0236569,0.0204113,0.0188431,0.021537,0.0283527,0.0354333,0.0526042,0.0766624,0.11448,0.158738
714.214,0.0442768,0.0443803,0.0431841,0.0409273,0.0369209,0.0328792,0.0284748,0.0267415,0.0250543,0.0232609,0.0216752,0.0210364,0.0201655,0.0250569,0.0346753,0.052364,0.0760947,0.113815,0.154318
714.619,0.0432432,0.0424933,0.0415751,0.0399464,0.0363614,0.0334548,0.0285576,0.0285306,0.0214884,0.0218383,0.0203976,0.0195636,0.0189769,0.0248479,0.0352079,0.0478475,0.0766074,0.108374,0.151622
715.025,0.0416002,0.0441876,0.0421253,0.0433132,0.0365281,0.0339506,0.0287779,0.0272815,0.0229551,0.0216492,0.0190067,0.0203896,0.0204593,0.0240505,0.03405,0.0482354,0.0784041,0.112946,0.153681
715.431,0.0418558,0.0444959,0.0442443,0.0392457,0.0390035,0.0323323,0.030948,0.0254296,0.023151,0.020111,0.0198191,0.0188065,0.0206902,0.02618,0.0335084,0.0534791,0.0776727,0.114589,0.152712
715.836,0.0449468,0.045778,0.0430025,0.0404012,0.0373535,0.0342494,0.030796,0.0268822,0.0266447,0.0233202,0.019398,0.020532,0.0216217,0.0254201,0.0351567,0.0504119,0.0796347,0.117376,0.159392
716.242,0.0432729,0.040491,0.0411264,0.039685,0.0382349,0.033784,0.0292498,0.0253546,0.0235341,0.0227939,0.0175489,0.0205818,0.0187213,0.0222701,0.0351114,0.0521769,0.0775393,0.109536,0.15203
716.647,0.0419832,0.0451987,0.0408888,0.038136,0.0356322,0.0351294,0.0311473,0.0258854,0.0242473,0.0202856,0.0210916,0.0187189,0.0171489,0.0242433,0.034896,0.0505648,0.0741183,0.111094,0.154933
717.052,0.0459009,0.0467752,0.0436979,0.040081,0.0403336,0.0359483,0.0297073,0.0297203,0.0232086,0.0223021,0.0222955,0.0208718,0.0222189,0.0275219,0.0348249,0.0529509,0.0768751,0.114432,0.155799
717.457,0.0432695,0.0439384,0.0427466,0.0415495,0.0370864,0.0321565,0.0306551,0.0273292,0.0244907,0.0220429,0.0174477,0.0181871,0.022379,0.0246196,0.0339289,0.0490904,0.0736161,0.116186,0.155456
717.862,0.0421191,0.0442693,0.0433735,0.038816,0.0367216,0.0304463,0.0298165,0.0259274,0.0223729,0.0213625,0.0197167,0.0184548,0.0199675,0.0214147,0.0332713,0.0501655,0.0767779,0.110137,0.152582
718.267,0.0426039,0.0440368,0.0428908,0.0413982,0.0364108,0.0321903,0.030505,0.0258518,0.0249808,0.0218374,0.0200272,0.0184985,0.0213908,0.0237955,0.034174,0.0495271,0.0764381,0.11235,0.152846
718.672,0.0446522,0.044079,0.043547,0.0401014,0.0367066,0.0353521,0.0319327,0.0275413,0.0254049,0.0230998,0.0207888,0.0208334,0.0222172,0.027373,0.0371083,0.0514157,0.0790777,0.114313,0.152273
719.076,0.0427071,0.0474998,0.0413393,0.0396209,0.0373781,0.0353805,0.0266835,0.0278753,0.0261132,0.0221293,0.0215632,0.0192813,0.0210458,0.025118,0.0343707,0.0504532,0.0787597,0.114179,0.155012
719.481,0.0450484,0.0437874,0.0418079,0.0400983,0.0366532,0.0332368,0.028197,0.0259923,0.0253317,0.0229269,0.0208722,0.0214014,0.0209474,0.0245724,0.0315793,0.0491849,0.0741994,0.113579,0.15127
719.885,0.0429108,0.0438362,0.0420169,0.0407252,0.0384009,0.0326316,0.0302881,0.0256676,0.0256854,0.0215841,0.0198321,0.0195576,0.0189037,0.0250364,0.0345758,0.0504395,0.0757897,0.1123,0.155093
720.289,0.0437589,0.0439623,0.043738,0.0423884,0.0379836,0.0345358,0.0289646,0.02489,0.0247553,0.0229139,0.0230515,0.0195723,0.0189973,0.0251729,0.0325174,0.0503695,0.0761516,0.112399,0.15473
720.694,0.0453362,0.0448011,0.0439291,0.0428933,0.0383075,0.0339646,0.0302273,0.0261914,0.0242964,0.0226269,0.0203422,0.0185448,0.0206669,0.0255826,0.0356,0.0501507,0.0755416,0.114809,0.155497
721.097,0.0405495,0.0452241,0.0420702,0.0416209,0.0405481,0.0338402,0.0312813,0.0255645,0.0240624,0.0208744,0.0214741,0.0194027,0.021067,0.0244916,0.0352301,0.0496529,0.0778885,0.11238,0.155982
721.501,0.043083,0.0423278,0.0412752,0.039379,0.0387263,0.0345504,0.0300142,0.0283345,0.0245771,0.0226143,0.0213541,0.0204741,0.0197978,0.0291515,0.0338215,0.0520129,0.075065,0.113364,0.152976
721.905,0.0413182,0.0429966,0.0431925,0.0393728,0.0351409,0.0346521,0.0280833,0.0283939,0.021833,0.0229476,0.0190921,0.0207312,0.0202863,0.0241728,0.0317366,0.0499333,0.0751398,0.114756,0.152139
722.309,0.0387541,0.043341,0.0388593,0.0389273,0.0337596,0.0317464,0.0283345,0.0253364,0.0217846,0.0191934,0.0178549,0.018946,0.0202896,0.022869,0.0325978,0.0487791,0.0724264,0.109264,0.153001
722.712,0.0443579,0.0450987,0.0421649,0.039258,0.0353124,0.0344777,0.0286978,0.0264753,0.0238705,0.0218784,0.0195461,0.0210394,0.0217722,0.0258397,0.0340783,0.0487432,0.0772523,0.113673,0.154323
723.115,0.0392973,0.0431011,0.0420856,0.0414571,0.0385784,0.0352218,0.0285825,0.027613,0.0246787,0.0227802,0.0184723,0.020485,0.0203384,0.0246804,0.0336266,0.0466384,0.0753192,0.110642,0.149843
723.519,0.0404691,0.0439611,0.0444323,0.0381601,0.034296,0.0302354,0.0264334,0.0265657,0.0247108,0.0198818,0.0195361,0.0196306,0.0196607,0.0248208,0.0332208,0.0491032,0.0738655,0.108878,0.151781
723.922,0.044259,0.0466649,0.0434542,0.0393743,0.0387243,0.0317384,0.0276899,0.0275049,0.0239779,0.0214704,0.0194883,0.0224881,0.0224466,0.0263755,0.0346966,0.0489987,0.0754659,0.114429,0.15523
724.325,0.0458771,0.0477493,0.0428269,0.0387896,0.0394783,0.0357745,0.0287188,0.0265826,0.0248153,0.0216698,0.0204185,0.0208191,0.0219256,0.0247299,0.0334676,0.04996,0.0772746,0.116366,0.158303
724.728,0.0409532,0.0432538,0.0410484,0.0403208,0.0351664,0.0328244,0.0295103,0.0265515,0.0244956,0.0213472,0.0176944,0.0186776,0.0199332,0.0261477,0.0328937,0.0509687,0.0778689,0.112112,0.156547
725.13,0.0427119,0.0438587,0.0457748,0.0407101,0.0380571,0.0357464,0.0303665,0.0263232,0.0253324,0.023408,0.0200052,0.0215217,0.0217585,0.0259766,0.0352776,0.0506166,0.0739087,0.112542,0.155184
725.533,0.0438864,0.0432267,0.0445207,0.0431111,0.036505,0.0335759,0.0299965,0.0270255,0.0254373,0.0216354,0.0204338,0.0202508,0.0203384,0.0270463,0.0340585,0.0504518,0.0817273,0.109379,0.157414
725.936,0.0417096,0.0436303,0.0411502,0.0377332,0.0349425,0.0332307,0.0282892,0.0258296,0.0245696,0.0204889,0.0195292,0.0182554,0.0193608,0.0249577,0.0330951,0.0482569,0.0766416,0.111251,0.154469
726.338,0.0442363,0.0416206,0.0418682,0.0419877,0.0371154,0.0321079,0.0284288,0.0271843,0.025563,0.0217368,0.0217001,0.0185408,0.0204898,0.0254109,0.0339682,0.0499807,0.0778017,0.112844,0.153427
726.74,0.0440192,0.0433445,0.0424847,0.0413922,0.0387602,0.0351593,0.0294245,0.0273738,0.0236439,0.0215214,0.0198587,0.018472,0.0189316,0.0234335,0.0350455,0.0492285,0.0795547,0.113287,0.156527
727.142,0.0436019,0.0434018,0.0413373,0.0417781,0.0362172,0.0357195,0.0303807,0.0295561,0.0248732,0.0215827,0.0209341,0.0202137,0.0216613,0.0251944,0.0351598,0.0507043,0.0774467,0.113583,0.158919
727.544,0.044236,0.0457303,0.0448379,0.042557,0.0396323,0.036762,0.0316961,0.0272501,0.0251519,0.0225589,0.0235184,0.0210427,0.0214077,0.0253552,0.0374253,0.0508914,0.078723,0.114227,0.160778
727.946,0.0431872,0.0457346,0.0425435,0.0416952,0.0368022,0.031227,0.0276114,0.0272624,0.0235763,0.0208768,0.0207338,0.0198008,0.0202159,0.0249453,0.0342064,0.0484228,0.0733827,0.111944,0.153265
728.348,0.0407587,0.0414697,0.0438309,0.0417021,0.0362544,0.0344139,0.0301364,0.0282186,0.0239243,0.0230825,0.0200233,0.0189511,0.0204094,0.02512,0.0362425,0.0494186,0.0762607,0.114128,0.158034
728.75,0.0439198,0.0443034,0.0465636,0.0407938,0.0356571,0.0347046,0.0297346,0.0270646,0.0238857,0.0221319,0.0209225,0.0199003,0.0217709,0.0237456,0.0338148,0.0499711,0.0777542,0.113125,0.152731
729.151,0.0438431,0.0451132,0.0446494,0.0420158,0.0386242,0.0331776,0.0285748,0.0292203,0.0294227,0.0212486,0.0213685,0.0193324,0.0210394,0.0252333,0.0358703,0.0520648,0.0792434,0.112867,0.152882
729.553,0.0423097,0.0435631,0.0419505,0.0403935,0.0367523,0.0327743,0.0279455,0.0256295,0.0260759,0.0220553,0.0210931,0.0192347,0.0208739,0.0262243,0.0339435,0.0477733,0.075757,0.11147,0.155886
729.954,0.0445434,0.0433248,0.0452036,0.0402799,0.0414057,0.036161,0.0318452,0.0287321,0.0266867,0.0251498,0.0232723,0.0207176,0.0223626,0.028447,0.0362766,0.0501874,0.0812315,0.117509,0.159863
730.355,0.0447815,0.0410073,0.0433044,0.041207,0.0385869,0.0332048,0.0307306,0.0264249,0.0258253,0.0234592,0.0239282,0.0210143,0.0227539,0.0268222,0.0351418,0.0533549,0.0794233,0.111248,0.156392
730.756,0.0448863,0.0449437,0.0406927,0.0411881,0.0370815,0.0322236,0.0298906,0.0253117,0.0249242,0.0206194,0.0189394,0.0174485,0.022675,0.0261952,0.0345758,0.0551849,0.0769278,0.116022,0.155598
731.157,0.0467097,0.0437519,0.0417837,0.0407579,0.037265,0.0338677,0.0302592,0.0278394,0.0262126,0.022051,0.0214697,0.020852,0.0206216,0.0264087,0.0355282,0.0520582,0.0763378,0.114681,0.156109
731.558,0.0451395,0.0463599,0.043849,0.042466,0.0384125,0.0351598,0.0304823,0.0285902,0.0256545,0.0229416,0.0213726,0.0225843,0.0212387,0.0290607,0.0357244,0.0530749,0.0813421,0.11681,0.158133
731.959,0.0439096,0.0385403,0.040305,0.0376373,0.034255,0.0340398,0.0286153,0.0254142,0.0247031,0.0204132,0.0202353,0.0171272,0.0172849,0.0238107,0.0315156,0.0486262,0.0757279,0.11434,0.155934
732.359,0.0440771,0.0439771,0.0436307,0.0397081,0.0376721,0.034508,0.03262,0.0305137,0.0268187,0.0212433,0.0206583,0.0204787,0.0229285,0.0252232,0.0354128,0.0519323,0.0759143,0.115925,0.157223
732.76,0.0406825,0.0430119,0.043446,0.037779,0.0385277,0.0346732,0.0298216,0.0265959,0.0237182,0.0204472,0.0189947,0.0195257,0.0200042,0.0237755,0.0344422,0.0492167,0.0775851,0.115444,0.152549
733.16,0.0443766,0.0448799,0.0442355,0.0401265,0.0364843,0.0342688,0.0291314,0.0260509,0.0282181,0.0263325,0.0204335,0.0196473,0.0222689,0.0253747,0.0360369,0.0524834,0.0784838,0.116027,0.155317
733.56,0.0453625,0.0448565,0.044486,0.0411795,0.0392631,0.036658,0.0284632,0.0280758,0.0244986,0.0213064,0.0194866,0.0188323,0.0194989,0.0262252,0.0366678,0.0506997,0.0804819,0.117941,0.151686
733.96,0.0414705,0.0417154,0.0420707,0.0383551,0.0356782,0.0326748,0.0266465,0.0249808,0.0236983,0.0216121,0.0180897,0.0204048,0.0217757,0.0231628,0.0342445,0.0504092,0.0765932,0.113662,0.153475
734.36,0.0404458,0.0425583,0.0405391,0.0396599,0.0372904,0.0323586,0.0274013,0.0263363,0.0241731,0.0212965,0.0188761,0.0173775,0.0201262,0.0239466,0.0334325,0.0500517,0.0768287,0.111397,0.153761
734.76,0.0443089,0.0427052,0.0443255,0.0398159,0.0355644,0.033944,0.02755,0.0261859,0.0253846,0.0223734,0.0188878,0.018701,0.0209825,0.0248145,0.0341828,0.0483653,0.0757868,0.117849,0.156051
735.16,0.0473961,0.0441646,0.044138,0.0399857,0.0390863,0.0349422,0.0314166,0.0280271,0.0269461,0.0212193,0.0208359,0.0193292,0.022316,0.0263851,0.0379472,0.0520435,0.0796862,0.117849,0.155787
735.559,0.0416435,0.0455264,0.0422943,0.0412164,0.0366996,0.0345679,0.0276769,0.0263048,0.0244147,0.0197897,0.0198168,0.0178165,0.0199763,0.0239078,0.0339509,0.0509847,0.0759067,0.114115,0.153664
735.959,0.0455666,0.0455243,0.0426299,0.0432725,0.0362914,0.0360491,0.030003,0.0282265,0.0261654,0.0225297,0.0221858,0.0213255,0.0229437,0.0273347,0.0351013,0.0532774,0.0801815,0.114125,0.158005
736.358,0.0456761,0.0460922,0.047207,0.0411064,0.0375387,0.034782,0.0317454,0.029221,0.0249353,0.0243584,0.0231476,0.0238797,0.0214599,0.0281755,0.0372697,0.0530621,0.0786083,0.117038,0.157788
736.757,0.0465749,0.045113,0.0468932,0.0446645,0.0393745,0.0358395,0.0338633,0.0301608,0.0280079,0.0247689,0.0225695,0.0235608,0.0222298,0.0261459,0.0379316,0.0534264,0.0793277,0.118179,0.154637
737.157,0.0451457,0.0433891,0.0440024,0.0397797,0.0379226,0.0331596,0.0331031,0.0296687,0.0249025,0.0239744,0.0223813,0.0225087,0.0203188,0.0272484,0.0354014,0.0505441,0.0781445,0.112084,0.15635
737.555,0.0460617,0.0442412,0.0426561,0.041877,0.0404107,0.0349757,0.0334259,0.0309347,0.0253085,0.0210495,0.0181369,0.0191203,0.02336,0.0258459,0.0342703,0.0517921,0.0759051,0.113836,0.156303
737.954,0.044606,0.0452687,0.0454155,0.0415465,0.0380552,0.0355829,0.0314233,0.0279862,0.0262463,0.0235024,0.0225031,0.0193455,0.0201096,0.0266838,0.0354649,0.0530975,0.0803923,0.114473,0.158827
738.353,0.043204,0.0435246,0.0453136,0.04231,0.0414061,0.0343425,0.031195,0.0289699,0.0254646,0.0226002,0.0204676,0.0223773,0.0215548,0.0282847,0.0360696,0.0517046,0.0803373,0.114874,0.159779
738.752,0.0440646,0.046059,0.0460727,0.0403956,0.03845,0.0334364,0.030557,0.0296874,0.0249335,0.0232119,0.0235488,0.0197951,0.0206736,0.0274079,0.0340487,0.0526361,0.0791115,0.114583,0.158337
739.15,0.0411978,0.0414252,0.0417025,0.0361823,0.0363868,0.0294366,0.0290617,0.0253142,0.0237718,0.0204388,0.0176829,0.0159101,0.0189164,0.0245389,0.034814,0.0502918,0.075381,0.113337,0.155537
739.549,0.0434262,0.0448541,0.0469006,0.0391703,0.0380662,0.0321775,0.028618,0.0257878,0.0257393,0.0204109,0.0190187,0.0178606,0.0189185,0.0242115,0.0345636,0.0489202,0.0780924,0.111726,0.160024
739.947,0.0467732,0.0450196,0.0450877,0.0412084,0.0351692,0.0349888,0.0312387,0.0265592,0.0273131,0.0220972,0.0234107,0.0189755,0.0202711,0.0248899,0.0327187,0.0518247,0.0786522,0.109271,0.159519
740.345,0.0466092,0.0486149,0.0477374,0.0419809,0.0386219,0.0380114,0.0329966,0.0289549,0.0284944,0.0258353,0.0211465,0.021788,0.0231163,0.0292458,0.0360083,0.0547673,0.0818456,0.117116,0.161425
740.743,0.0431051,0.0451776,0.045696,0.0408907,0.0362464,0.0331352,0.0300377,0.0284076,0.0240955,0.0227026,0.020955,0.0197268,0.0213658,0.0259729,0.0349712,0.046875,0.0775258,0.11517,0.155474
741.141,0.045206,0.0467721,0.0412469,0.0417568,0.0414613,0.032566,0.0298037,0.0280878,0.0236797,0.0232907,0.0210887,0.0211938,0.022265,0.026358,0.0346212,0.0496172,0.0774327,0.115353,0.156172
741.539,0.0414029,0.0437849,0.0441819,0.0419837,0.0385211,0.0344247,0.0310186,0.0271763,0.0216342,0.021434,0.0189209,0.0185408,0.0193007,0.0258619,0.0352761,0.0511935,0.0775313,0.115712,0.156168
741.936,0.0442291,0.0427051,0.0416842,0.0408309,0.0371457,0.0330912,0.0277608,0.026112,0.0239964,0.0199078,0.0217533,0.0178759,0.0197074,0.0257701,0.0336631,0.0508204,0.0772612,0.113893,0.152431
742.334,0.0442613,0.0421398,0.0433349,0.0395103,0.0348627,0.0346171,0.0299924,0.0259384,0.0211339,0.020673,0.0206509,0.0181499,0.0199322,0.0258723,0.0336625,0.0558986,0.0777768,0.115966,0.156329
742.731,0.044198,0.0448422,0.0430829,0.0393784,0.0379621,0.0359392,0.0297779,0.0276904,0.026402,0.023259,0.0224862,0.0206056,0.0216085,0.0250888,0.0353346,0.0513643,0.0795234,0.116842,0.157954
743.128,0.0441069,0.0434767,0.0402905,0.0412722,0.0391424,0.0317988,0.0259755,0.0248465,0.0216772,0.0243675,0.0182122,0.0164375,0.0188288,0.0259312,0.0333571,0.0507326,0.0774728,0.114233,0.157001
743.526,0.0416378,0.0410288,0.0459501,0.042016,0.0381126,0.032621,0.0306071,0.0283151,0.0234723,0.0225001,0.0233026,0.0197909,0.0189161,0.0257795,0.0366054,0.049461,0.0752951,0.115333,0.156778
743.923,0.0443382,0.0478849,0.0428897,0.040581,0.0393747,0.0365186,0.0324559,0.0282033,0.0283059,0.0212972,0.0204615,0.0221828,0.0199115,0.0267725,0.0358997,0.0515548,0.078811,0.117675,0.159166
744.32,0.0429102,0.044618,0.0441524,0.037489,0.036196,0.0367788,0.0321259,0.0255269,0.0267808,0.0208648,0.0205896,0.0182657,0.0212358,0.0285297,0.036404,0.050234,0.0795785,0.118001,0.163241
744.716,0.0419918,0.0440447,0.0447485,0.0429481,0.0368296,0.0350671,0.0281269,0.0254286,0.0242736,0.021608,0.0232659,0.0190316,0.0195832,0.0236964,0.0325725,0.0512104,0.0773578,0.111598,0.155088
745.113,0.0428261,0.0446218,0.0413853,0.0394926,0.0389477,0.0334261,0.0324537,0.0249976,0.026289,0.0233103,0.0194319,0.020753,0.0198562,0.0285769,0.0334363,0.0512272,0.0828696,0.117865,0.155983
745.51,0.0431306,0.0442926,0.0443312,0.0411383,0.0373045,0.0318225,0.0306723,0.0265171,0.0227875,0.0219555,0.0217117,0.0215944,0.0192581,0.0258054,0.0348945,0.0516982,0.0789399,0.117638,0.155398
745.906,0.0458554,0.0429365,0.0410479,0.039877,0.0370225,0.0316442,0.0294941,0.0260322,0.024486,0.0221617,0.0193587,0.0166077,0.0215709,0.0256549,0.0348258,0.0514309,0.0795629,0.113501,0.158119
746.302,0.0446603,0.0415921,0.0416439,0.0380674,0.0373967,0.0336154,0.0296699,0.0249215,0.0198713,0.021422,0.0210384,0.0172875,0.0181379,0.0202675,0.0319558,0.0478307,0.0774377,0.112715,0.158187
746.698,0.0437451,0.0439694,0.0426543,0.039354,0.0380839,0.0348298,0.0300784,0.0282618,0.0232176,0.0217344,0.0188089,0.0176515,0.0198049,0.0242326,0.0333001,0.0479102,0.0788087,0.112914,0.151785
747.095,0.042898,0.0434687,0.0401455,0.0388058,0.0380097,0.0337758,0.0276677,0.0259563,0.0216838,0.0199938,0.0193241,0.0194686,0.0218276,0.0231468,0.0322017,0.0513776,0.077241,0.114879,0.157392
747.49,0.0466685,0.0478435,0.0460046,0.0436105,0.0382057,0.036891,0.0306661,0.0297404,0.0273609,0.0250801,0.0226944,0.0212507,0.0232203,0.0277956,0.0338163,0.0525119,0.0748277,0.115559,0.157551
747.886,0.0410534,0.0430982,0.0406893,0.0402287,0.0351,0.0310599,0.02932,0.0237792,0.0216629,0.0209821,0.0188583,0.0178916,0.0171929,0.0250634,0.0326081,0.052763,0.0771633,0.114546,0.159288
748.282,0.0453793,0.0439849,0.0446108,0.0437935,0.0389999,0.0352655,0.0307313,0.0281589,0.0257425,0.0217034,0.0198331,0.0185871,0.0205701,0.0278752,0.0348552,0.0520411,0.0774235,0.117213,0.158553
748.678,0.0422181,0.0387365,0.0389455,0.0395351,0.036787,0.0309322,0.0269153,0.0226708,0.0208029,0.0201078,0.0193501,0.0172406,0.0219031,0.0237689,0.0338775,0.0503337,0.0773552,0.113399,0.152729
749.073,0.0455735,0.0421255,0.044995,0.0387272,0.0382756,0.0363936,0.030137,0.0265398,0.0233457,0.0205757,0.022685,0.0201226,0.0199234,0.0251588,0.0325997,0.0525746,0.0787653,0.114363,0.156512
749.468,0.0436421,0.043424,0.0437896,0.0413439,0.0366889,0.0361896,0.0293857,0.027579,0.0239771,0.0204746,0.0207266,0.0190131,0.0207975,0.0262672,0.0337367,0.0522331,0.0805554,0.113596,0.15545
749.863,0.0445721,0.042395,0.0447327,0.0407348,0.0381335,0.034253,0.0288463,0.0280707,0.0252705,0.0229624,0.0186318,0.0210784,0.0220793,0.0278589,0.0383434,0.0507697,0.0809341,0.11418,0.156771
750.259,0.0454816,0.0435756,0.0442488,0.0403106,0.0359693,0.0356637,0.0303036,0.0281332,0.0254544,0.021386,0.0199385,0.0193198,0.0207564,0.0249487,0.0363496,0.0527946,0.0766673,0.114745,0.156438
750.654,0.0427794,0.0452623,0.0407068,0.0401174,0.0361166,0.0337327,0.0292795,0.0231464,0.0266842,0.0196709,0.0175098,0.0202759,0.0200598,0.0244566,0.0312114,0.0483637,0.0740326,0.116556,0.154321
751.048,0.0466125,0.0452818,0.0419263,0.0421256,0.0389397,0.0369846,0.0297591,0.0270516,0.0246846,0.0216002,0.0250425,0.0207192,0.0227561,0.0254257,0.036631,0.053086,0.0823474,0.116258,0.163102
751.443,0.0435133,0.043751,0.0408868,0.040755,0.0347127,0.034283,0.0302984,0.0271917,0.021198,0.0178283,0.0201636,0.0203473,0.0210659,0.0239882,0.0333944,0.0527204,0.0745209,0.115641,0.15702
751.838,0.0445634,0.0442206,0.0415783,0.0427946,0.0366873,0.0343776,0.031129,0.0253559,0.0259345,0.0207192,0.020243,0.0212452,0.0196508,0.0227386,0.0349501,0.0501184,0.0798469,0.112715,0.155747
752.232,0.043226,0.0453601,0.0444339,0.0434906,0.0398469,0.0352023,0.0309547,0.0314974,0.0249674,0.0238936,0.0212916,0.0206496,0.0242425,0.0269353,0.0364009,0.0537628,0.0809957,0.115361,0.162667
752.626,0.0412849,0.0406134,0.0399841,0.0412113,0.0377375,0.0324571,0.0292434,0.0241418,0.0197386,0.0179376,0.0156826,0.0161143,0.0175777,0.021994,0.0322175,0.0500573,0.074123,0.113927,0.156061
753.021,0.0448225,0.0432345,0.041422,0.040752,0.0371387,0.0342627,0.0309037,0.0242908,0.0254644,0.0212927,0.0201631,0.0198338,0.0196089,0.0226309,0.0354487,0.0534245,0.0793947,0.112558,0.152962
753.415,0.0472111,0.0443748,0.0462262,0.0385212,0.0403324,0.0342889,0.0330698,0.0291513,0.023893,0.0216354,0.0224293,0.0209339,0.0202947,0.0252849,0.0362886,0.0526938,0.0822937,0.114506,0.158853
753.809,0.0467221,0.0444454,0.041779,0.0380115,0.0364792,0.0342755,0.0280665,0.0272464,0.0259976,0.0211009,0.0178735,0.0189086,0.0214603,0.0240091,0.0384005,0.0500906,0.0781543,0.112277,0.155947
754.203,0.0451992,0.0454198,0.0450704,0.0433916,0.0406134,0.0362259,0.032145,0.0295639,0.026113,0.025901,0.0219866,0.0226372,0.0237205,0.0269881,0.0340664,0.0553243,0.0823298,0.116551,0.162422
754.596,0.0445333,0.0460369,0.0456418,0.0402703,0.0410563,0.0351916,0.0303226,0.0272755,0.0250803,0.0202923,0.0204196,0.0222095,0.0230459,0.0258021,0.036321,0.052292,0.0787169,0.119225,0.159348
754.99,0.0445129,0.0448802,0.0423638,0.0413807,0.0373584,0.0296555,0.0314744,0.0267614,0.0221319,0.022782,0.017753,0.0199732,0.0197444,0.0275246,0.0371811,0.052952,0.080664,0.115965,0.158207
755.383,0.0442875,0.0434691,0.0444457,0.0414641,0.0398319,0.0351252,0.0314429,0.0284222,0.0262224,0.0218182,0.0190278,0.0206146,0.0234245,0.0264912,0.0340891,0.0552886,0.0797805,0.115,0.154505
755.777,0.0464814,0.0456889,0.0472308,0.0422464,0.0419901,0.0387123,0.0341535,0.0288236,0.0275023,0.0246111,0.0250291,0.0187883,0.0232155,0.0288163,0.0363728,0.0552066,0.0833979,0.119618,0.162971
756.17,0.0438121,0.0442783,0.0440409,0.0445743,0.0412886,0.0362808,0.0300686,0.0300378,0.0234413,0.0219776,0.0198177,0.0223803,0.0213685,0.0279391,0.0322383,0.0506816,0.0809766,0.114696,0.159852
756.563,0.0409617,0.0423322,0.0413087,0.039505,0.0345199,0.0338168,0.0291599,0.0246484,0.0227932,0.0205368,0.0200943,0.0185975,0.0213815,0.0243652,0.0358566,0.0489544,0.0785869,0.113775,0.154988
756.956,0.0410561,0.0417884,0.0410624,0.0431957,0.0343064,0.0341996,0.0304602,0.0263389,0.0255671,0.020852,0.0173935,0.0199595,0.021987,0.0266299,0.0343947,0.0489582,0.0787521,0.110707,0.156876
757.349,0.0433141,0.0449139,0.0424257,0.0401621,0.0388944,0.0367339,0.0317508,0.0286221,0.0270013,0.0249458,0.0232202,0.0192623,0.0241261,0.0273129,0.0384066,0.0562473,0.080094,0.119923,0.159112
757.742,0.0422257,0.0397985,0.045142,0.0415391,0.0396655,0.0332144,0.0263022,0.0242447,0.0253135,0.0194401,0.019466,0.0172972,0.0196934,0.0223191,0.0354865,0.0508955,0.0794986,0.11713,0.154587
758.135,0.04161,0.0415967,0.0439827,0.0390248,0.0332441,0.0341551,0.0284626,0.0237419,0.0233089,0.0225875,0.0196664,0.0174867,0.0189878,0.0223312,0.0309027,0.0485246,0.0781137,0.117698,0.162412
758.527,0.0471798,0.04585,0.0444872,0.0424692,0.0411026,0.0377746,0.0334185,0.0285149,0.0275533,0.025046,0.0240059,0.0218833,0.0256463,0.0272609,0.0389523,0.0513492,0.0784969,0.117388,0.15999
758.919,0.0423565,0.0433647,0.0431575,0.0414149,0.0372313,0.0350001,0.0305537,0.0296493,0.0248996,0.0217898,0.0202257,0.0198649,0.024132,0.0258801,0.0352269,0.0522179,0.081513,0.116198,0.158222
759.312,0.0423313,0.044009,0.0424952,0.0403989,0.040479,0.0331196,0.0309592,0.0302272,0.0257649,0.0189342,0.0194769,0.0203588,0.0203963,0.0238383,0.0367984,0.0529058,0.0758964,0.114237,0.152913
759.704,0.0458374,0.0460989,0.0443159,0.0433821,0.0377593,0.0353273,0.0307698,0.0290512,0.0247335,0.0207162,0.019113,0.0201668,0.0219378,0.0272078,0.0376383,0.0538296,0.0838179,0.118347,0.155335
760.096,0.0440187,0.0435152,0.0454661,0.0395758,0.0377384,0.0337157,0.0258553,0.0299813,0.0231909,0.0191819,0.0202141,0.0177522,0.0196209,0.0237447,0.0330007,0.0487496,0.0796654,0.113793,0.159465
760.488,0.0433859,0.0430271,0.0439395,0.0380317,0.0334499,0.0327829,0.030163,0.0264331,0.0239571,0.0198856,0.0172495,0.0180891,0.0181702,0.0232819,0.0314361,0.0495568,0.0731741,0.111797,0.154366
760.88,0.0416145,0.0373749,0.0435931,0.0395526,0.0394036,0.0330041,0.029677,0.0272587,0.0250418,0.0214206,0.016392,0.0202419,0.021126,0.0223125,0.0345222,0.0501449,0.074463,0.11701,0.158449
761.271,0.0420477,0.0448806,0.0439097,0.040079,0.0390572,0.0348761,0.0286609,0.029017,0.027221,0.0247842,0.0217259,0.0180101,0.0219964,0.0245298,0.0392116,0.0494285,0.0789744,0.119276,0.155461
761.663,0.0403058,0.0438487,0.0407766,0.0391153,0.0364887,0.0331281,0.030503,0.0245677,0.022794,0.0192423,0.0185817,0.017881,0.0188139,0.0209742,0.0317434,0.0508471,0.0777858,0.111164,0.156957
762.054,0.0443226,0.0426318,0.0444109,0.0417491,0.0347991,0.0355691,0.031824,0.0281328,0.0218164,0.0238897,0.0242205,0.0195566,0.0184478,0.0272798,0.035722,0.0524399,0.0757791,0.116225,0.160462
762.445,0.0422397,0.0437149,0.0433483,0.0433771,0.0411669,0.0338087,0.0323157,0.0300456,0.0244135,0.0216299,0.0189088,0.0208763,0.0200823,0.0263748,0.034692,0.0511806,0.0772482,0.115643,0.157369
762.837,0.0429791,0.0463987,0.0454938,0.0442035,0.0410272,0.0365689,0.0291775,0.0294361,0.0258153,0.0236103,0.020724,0.0212028,0.022565,0.029908,0.0369917,0.0507973,0.0786479,0.117757,0.156614
763.228,0.0450614,0.0423537,0.0413582,0.0415175,0.0363363,0.0335412,0.0298262,0.0272288,0.0208758,0.0209848,0.0216298,0.0203758,0.0227007,0.0229045,0.0338496,0.0510984,0.0775597,0.113968,0.156229
763.619,0.0413619,0.043186,0.0419077,0.040881,0.0364484,0.0342672,0.0299704,0.026346,0.0234823,0.0205453,0.0179681,0.0192923,0.0206157,0.0257395,0.0367448,0.0555511,0.0782007,0.114624,0.161643
764.009,0.0420184,0.0415784,0.0421427,0.0381809,0.0344132,0.0314708,0.0268725,0.0244481,0.0223701,0.0196244,0.01797,0.0197898,0.020893,0.0220632,0.0321515,0.0506704,0.0751304,0.115931,0.1565
764.4,0.0407246,0.0432194,0.0399583,0.0365358,0.0359399,0.0343249,0.0265393,0.022849,0.0211728,0.0200642,0.0193133,0.0187813,0.0192639,0.0233844,0.0354088,0.0490894,0.0756131,0.115817,0.161993
764.791,0.0426511,0.043863,0.0419795,0.0415427,0.0347851,0.034906,0.0298963,0.0236597,0.0191703,0.0240586,0.0183145,0.0170408,0.0197102,0.0253501,0.033857,0.0541463,0.0783878,0.113135,0.154674
765.181,0.0439824,0.0462376,0.0449538,0.0421096,0.0392853,0.0368163,0.0338003,0.029669,0.0232881,0.0217934,0.0230021,0.019343,0.0205765,0.0282323,0.0361104,0.0517713,0.0781338,0.115056,0.158556
765.571,0.0435052,0.044717,0.042149,0.0401203,0.0362072,0.0338337,0.0317862,0.0291993,0.0223313,0.0200849,0.0198318,0.0206899,0.0190266,0.0261761,0.0340895,0.0502558,0.0774346,0.118129,0.160302
765.962,0.0408766,0.0475154,0.0408687,0.0383947,0.0334495,0.031414,0.0275867,0.0264582,0.0201742,0.0197458,0.0201081,0.0184103,0.0207375,0.0239131,0.0338662,0.0488016,0.0782767,0.11522,0.15951
766.352,0.0468587,0.0443785,0.0436263,0.0418226,0.032273,0.0330069,0.0281879,0.028496,0.0250259,0.0179321,0.0183038,0.0186992,0.0190141,0.025415,0.033392,0.0503429,0.0758645,0.114214,0.1602
766.742,0.0410412,0.042661,0.0433105,0.0374719,0.034998,0.0326539,0.0265911,0.0237314,0.0232777,0.0183693,0.0172773,0.0165145,0.0196136,0.0219858,0.0316883,0.0482701,0.0730416,0.112731,0.161015
767.131,0.0422605,0.0427646,0.0403837,0.0376367,0.036529,0.0338952,0.0291418,0.0244621,0.0243806,0.0201265,0.0215926,0.0170445,0.0212874,0.0240022,0.0310293,0.0448542,0.0771764,0.111424,0.157364
767.521,0.0439798,0.0467801,0.0452104,0.0404738,0.039712,0.0373168,0.0294119,0.0282603,0.0276342,0.0238464,0.0211254,0.0212714,0.0211352,0.0255316,0.0337806,0.051439,0.080045,0.117874,0.159733
767.911,0.0466478,0.0418172,0.043281,0.0399738,0.0395433,0.0344476,0.0312754,0.0262331,0.0271073,0.0234154,0.0170952,0.0208014,0.0211296,0.0286977,0.0372445,0.0528743,0.0792376,0.11669,0.163491
768.3,0.0484117,0.0448826,0.0449781,0.041925,0.0380012,0.036419,0.0336921,0.0265144,0.0267947,0.0204882,0.0198286,0.0217718,0.0219328,0.027068,0.0377284,0.0511978,0.0822031,0.11833,0.161788
768.689,0.0445514,0.0417818,0.0413813,0.0427518,0.0372002,0.0325453,0.0321278,0.0255364,0.020821,0.0238884,0.0189094,0.0198555,0.0219822,0.025321,0.03802,0.0539569,0.0764741,0.115844,0.159666
769.079,0.0442694,0.0444065,0.0435955,0.0411111,0.0380683,0.0324453,0.0317345,0.0279695,0.0234347,0.0221225,0.0160862,0.018359,0.0249047,0.0259563,0.0373099,0.049453,0.0788178,0.114128,0.161326
769.468,0.0438973,0.0473733,0.0423832,0.0414876,0.0382041,0.0344668,0.0328906,0.0297414,0.0240972,0.0227494,0.0210314,0.0181486,0.0218539,0.0252333,0.0387343,0.0516045,0.0814859,0.120178,0.160002
769.857,0.0479301,0.0476209,0.0464242,0.0432777,0.0434155,0.0389255,0.031895,0.0275884,0.0275192,0.0251896,0.0263194,0.0201118,0.0212954,0.024263,0.0378509,0.051838,0.080661,0.115809,0.162112
770.246,0.0430071,0.0438897,0.0422422,0.0424676,0.035306,0.0314225,0.0302574,0.0250493,0.0221975,0.0175903,0.0180603,0.0185049,0.0212406,0.0263223,0.0288541,0.0518039,0.0777585,0.11303,0.152736
770.634,0.0406257,0.0462732,0.0403583,0.0380344,0.038231,0.0341399,0.0322382,0.0308269,0.023956,0.0231162,0.0187339,0.0237598,0.0230754,0.0253022,0.0363732,0.0519883,0.0793266,0.113913,0.158867
771.023,0.0442611,0.0458544,0.0458255,0.0410658,0.0374782,0.031749,0.0324859,0.0262811,0.0242631,0.0253493,0.0227331,0.0196174,0.0196411,0.027951,0.0395893,0.049241,0.0754125,0.116059,0.160537
771.411,0.0434287,0.0474996,0.0467474,0.0424646,0.0398758,0.0362617,0.0311414,0.0284428,0.0247224,0.0222667,0.0180675,0.0171317,0.0214484,0.0263025,0.0383252,0.0515068,0.0786139,0.11936,0.162054
771.8,0.0452837,0.0461201,0.047154,0.0426554,0.0380584,0.0376034,0.0304726,0.0289315,0.0266667,0.0244179,0.0201842,0.0215804,0.0205914,0.0279308,0.0361491,0.0526606,0.0830572,0.121123,0.158115
772.188,0.0442947,0.044429,0.0440511,0.0419357,0.0378089,0.0319913,0.0301025,0.0284778,0.024704,0.0226334,0.0147755,0.0191106,0.0203942,0.0235109,0.0344065,0.0500182,0.0793528,0.118856,0.157873
772.576,0.0454369,0.0403017,0.0424594,0.0412981,0.0363671,0.0330986,0.0295508,0.0244247,0.0238976,0.0199418,0.0174185,0.0212901,0.0166066,0.0226516,0.0306715,0.0492705,0.0768311,0.117239,0.160079
772.964,0.0446157,0.0428076,0.0433942,0.0401343,0.0380132,0.0288667,0.0293448,0.0242645,0.0228407,0.0208076,0.0197553,0.0171944,0.0232325,0.0222292,0.034469,0.0484616,0.0746161,0.117344,0.157229
773.352,0.042885,0.0426948,0.0439817,0.0406454,0.0339346,0.033688,0.0289751,0.0204846,0.0216236,0.0221383,0.0183778,0.01832,0.0186614,0.025587,0.0316009,0.0455894,0.0774985,0.113396,0.156349
773.74,0.0457915,0.0426895,0.0452432,0.0429634,0.0427464,0.0354208,0.0292108,0.0285542,0.0234059,0.0225714,0.0207499,0.0176441,0.0213925,0.0270854,0.0374533,0.0487978,0.0851197,0.115671,0.156037
774.127,0.0469649,0.0466728,0.0466811,0.0409329,0.0387554,0.0352455,0.030636,0.026646,0.0227474,0.0190034,0.0201967,0.0170193,0.0246799,0.0273709,0.0362426,0.0518249,0.0814076,0.117231,0.158887
774.515,0.0431316,0.0457733,0.0432787,0.0409267,0.0386524,0.0339191,0.0295017,0.0279715,0.0229829,0.0174886,0.0192317,0.0215419,0.020622,0.0246899,0.0335701,0.0524767,0.079539,0.114629,0.157845
774.902,0.0425246,0.0411666,0.0408686,0.0403228,0.0374474,0.0353156,0.0276565,0.0241404,0.022298,0.0187878,0.0207245,0.0193303,0.0202245,0.0230591,0.0358916,0.0524022,0.0768371,0.115347,0.153988
775.289,0.0441283,0.045107,0.044819,0.0438077,0.0378781,0.0343068,0.030329,0.0254927,0.0282637,0.0259615,0.0203334,0.0202868,0.0227677,0.0261247,0.034696,0.0513518,0.0796324,0.119546,0.159949
775.676,0.0451869,0.0413798,0.0398438,0.0420366,0.0389666,0.0316371,0.0275931,0.0284436,0.0273027,0.0224352,0.017893,0.0175044,0.0200355,0.0245422,0.0376669,0.0536365,0.0809595,0.117586,0.158188
776.063,0.0409764,0.0405105,0.0431756,0.0398562,0.0340213,0.0329957,0.0283893,0.0232281,0.0220542,0.0203646,0.0207051,0.0197857,0.0177338,0.0238677,0.0342128,0.0499091,0.0773152,0.115617,0.158171
776.45,0.0431649,0.0406497,0.0399132,0.0394331,0.0389173,0.0333715,0.0312534,0.0267016,0.023358,0.0213569,0.0254799,0.0214399,0.0214454,0.02451,0.0347225,0.0511419,0.0825093,0.116203,0.159484
776.837,0.0426632,0.043069,0.0450784,0.0410568,0.0397958,0.0336063,0.0314533,0.0252187,0.021832,0.0219099,0.0208461,0.0179506,0.0242541,0.0219206,0.0337086,0.0513731,0.0783224,0.116942,0.153929
777.224,0.0434403,0.0467632,0.0442537,0.0422641,0.0390931,0.0362839,0.0296324,0.0293065,0.0226836,0.0203402,0.0175055,0.0206265,0.0227918,0.0253974,0.0351206,0.0509136,0.0796694,0.115128,0.158422
777.61,0.0427512,0.0444704,0.0404007,0.0407437,0.0391043,0.0355333,0.0317288,0.0236183,0.0274884,0.02552,0.0187454,0.0174688,0.0204369,0.0248178,0.0341994,0.0499626,0.0798678,0.117679,0.155139
777.997,0.0421618,0.0455506,0.0426434,0.0412688,0.0382659,0.0344924,0.0289374,0.0285428,0.0250534,0.0190307,0.0185629,0.0183375,0.0202862,0.0251274,0.0334743,0.0492637,0.0768916,0.115574,0.159293
778.383,0.0433363,0.0485416,0.0462527,0.0405522,0.0414836,0.0374894,0.028594,0.0291369,0.0269628,0.0223763,0.0221997,0.0214642,0.0229197,0.0251562,0.0381225,0.0542616,0.0816932,0.119059,0.160495
778.769,0.0486163,0.0454877,0.0483971,0.0435597,0.0418214,0.0366861,0.033523,0.0323916,0.0274663,0.0249482,0.025617,0.023689,0.0272385,0.0288175,0.0358637,0.0563319,0.0832933,0.120517,0.160381
779.155,0.0449318,0.0496347,0.0455273,0.0436824,0.0408,0.0342209,0.0311799,0.0288087,0.0268805,0.0224298,0.0222424,0.0215192,0.0185515,0.0257815,0.0365343,0.0539297,0.0830841,0.122311,0.163385
779.541,0.0438351,0.0442531,0.044664,0.0393892,0.0381913,0.0348477,0.0285952,0.0309271,0.0264203,0.0269733,0.0227362,0.02403,0.0228036,0.0290175,0.0348137,0.0539177,0.0793366,0.115394,0.158527
779.927,0.0437061,0.0455526,0.0454549,0.0430809,0.039682,0.0328535,0.0285298,0.0301163,0.0245009,0.0213888,0.0196231,0.0204532,0.0199923,0.0269231,0.0373094,0.0525122,0.0795166,0.118066,0.165149
780.312,0.0438245,0.0462533,0.0460137,0.0450789,0.0431226,0.0367303,0.0316636,0.0330328,0.0286424,0.0225963,0.0228606,0.0230315,0.0208866,0.0270749,0.0349997,0.0537753,0.0812292,0.117085,0.157411
780.698,0.0440752,0.0442146,0.0409396,0.0411565,0.035191,0.0342722,0.0291925,0.0226051,0.0243686,0.0215867,0.0209486,0.0175602,0.018099,0.0251633,0.0371952,0.0521634,0.0771015,0.113694,0.157306
781.083,0.0367333,0.0446502,0.0404457,0.042785,0.0378163,0.0331943,0.0314035,0.0265084,0.0229738,0.0201123,0.0198467,0.0204956,0.0214654,0.023738,0.0358072,0.0517837,0.0802919,0.119314,0.15845
781.469,0.0411296,0.0424237,0.0439548,0.0421542,0.0391925,0.0348812,0.0282669,0.0263996,0.0246259,0.0227525,0.0187144,0.0200169,0.019152,0.0271505,0.0330027,0.0505458,0.0797946,0.115631,0.163951
781.854,0.0450281,0.0460967,0.0434054,0.0450982,0.0398435,0.0373821,0.0273284,0.0286318,0.0246992,0.0193642,0.0198354,0.0233971,0.0233843,0.0252479,0.0369671,0.0517179,0.0819676,0.117747,0.160359
782.239,0.0477433,0.0461148,0.0461165,0.0429252,0.0370521,0.0299198,0.0317998,0.0302038,0.0252894,0.0206841,0.021505,0.0218172,0.0198959,0.025875,0.035469,0.0537201,0.0835246,0.118134,0.156109
782.624,0.0477099,0.0484784,0.0475365,0.04201,0.0401951,0.036063,0.0315153,0.0315508,0.0261113,0.0246419,0.0236781,0.0231963,0.0220579,0.0293732,0.038888,0.0553502,0.0817383,0.121786,0.159497
783.008,0.04793,0.0441639,0.0475369,0.0439981,0.0411782,0.0380014,0.0311964,0.030849,0.0277616,0.0225019,0.022574,0.0196104,0.0243372,0.028373,0.038877,0.0593178,0.0823771,0.118756,0.164363
783.393,0.0374372,0.0383613,0.0396688,0.0404544,0.0355669,0.0301784,0.0259764,0.0227619,0.0217969,0.0190518,0.0158953,0.0148357,0.0200627,0.0222976,0.0319641,0.0457775,0.0753548,0.111185,0.153763
783.778,0.04246,0.0430121,0.041944,0.0421549,0.0400506,0.0303476,0.0299939,0.0291255,0.0237751,0.0240338,0.018532,0.0194813,0.0212062,0.0271638,0.0331652,0.0492358,0.0770244,0.119598,0.16226
784.162,0.0399914,0.0450265,0.0418781,0.0376046,0.0364588,0.032387,0.0276507,0.0258389,0.0212087,0.0205853,0.0145785,0.0178278,0.0186087,0.0199179,0.0316615,0.0504573,0.0788495,0.113919,0.155504
784.546,0.0473883,0.0460149,0.0458283,0.0427395,0.0425529,0.0337959,0.0325617,0.0263857,0.0278979,0.0234885,0.0221693,0.0204587,0.0241133,0.0251192,0.0375586,0.054507,0.0797329,0.118832,0.157726
784.931,0.0431684,0.0445528,0.0429746,0.0387355,0.036188,0.0333797,0.0295107,0.0255882,0.0250407,0.023124,0.0193903,0.0188046,0.0207972,0.025636,0.0320028,0.0517559,0.074869,0.115328,0.157381
785.315,0.0400637,0.043717,0.0395196,0.0392202,0.0350663,0.0341505,0.0254888,0.0230317,0.0225942,0.0212308,0.0176684,0.0160742,0.0184005,0.0219449,0.0317046,0.0481101,0.0758346,0.117791,0.158084
785.699,0.0443467,0.0441756,0.0438862,0.0416496,0.0366149,0.0314575,0.0297938,0.0244503,0.0256571,0.0224736,0.0200499,0.0209179,0.0221099,0.020389,0.036065,0.0513233,0.0821676,0.115335,0.154814
786.082,0.0456063,0.0468125,0.0428691,0.0427037,0.0369671,0.0318974,0.0310937,0.0258618,0.0273636,0.0220834,0.021336,0.0190521,0.0210815,0.0264094,0.0355611,0.0523088,0.0791537,0.118797,0.156608
786.466,0.0417456,0.0451006,0.0442153,0.0442672,0.0368269,0.0337425,0.0315204,0.0277373,0.0239765,0.0241219,0.0256209,0.0226971,0.0226964,0.0283838,0.0371543,0.0558274,0.0734305,0.116813,0.159491
786.85,0.045296,0.0391566,0.0421051,0.0416432,0.0360265,0.0332147,0.0279808,0.0269596,0.0213001,0.0203429,0.0202446,0.0166714,0.0209609,0.0240532,0.0358888,0.0503608,0.082452,0.116404,0.156784
787.233,0.0420037,0.0437739,0.0419596,0.0418534,0.0390638,0.0342381,0.0336976,0.0233553,0.0222747,0.0202252,0.0206392,0.0191218,0.018078,0.0270614,0.0349293,0.053968,0.0788415,0.113966,0.158262
787.616,0.0428781,0.0446106,0.0398828,0.0409732,0.0381035,0.0359868,0.0280596,0.0263768,0.0222828,0.0200867,0.0188306,0.0198978,0.0182854,0.0240594,0.0368812,0.0492884,0.0804112,0.120136,0.159621
788,0.0426034,0.0445168,0.0418872,0.0380943,0.0358919,0.0317637,0.0261637,0.0252785,0.0218536,0.0197273,0.0173242,0.0157706,0.023812,0.0238475,0.0320818,0.0487017,0.077593,0.117973,0.160347
788.383,0.0444691,0.048752,0.0434454,0.0417664,0.0386826,0.0341536,0.0325569,0.0300376,0.027485,0.0244593,0.0271453,0.0191057,0.0210617,0.0249938,0.03758,0.055173,0.0791045,0.118666,0.161206
788.766,0.0435295,0.0414862,0.0468722,0.0416114,0.0392945,0.0361209,0.0297506,0.0303188,0.0244889,0.0215812,0.0227701,0.0233072,0.0221127,0.0247148,0.0363697,0.0518798,0.0802203,0.115479,0.164555
789.148,0.044513,0.046603,0.0395151,0.043385,0.0418869,0.0377075,0.0311502,0.0269385,0.0249948,0.023497,0.0207183,0.0205551,0.019096,0.0254696,0.0355192,0.0563712,0.08278,0.116121,0.163584
789.531,0.0432131,0.0424943,0.0429006,0.04261,0.0351175,0.0329566,0.0290294,0.0236312,0.0249944,0.0186024,0.017218,0.0170644,0.0171309,0.0209325,0.0298822,0.0485172,0.0750789,0.114579,0.160656
789.914,0.0411978,0.0450522,0.0419853,0.0409351,0.0382409,0.0347362,0.0269602,0.0234963,0.02443,0.0218426,0.0187085,0.0193185,0.0202898,0.0277429,0.0329764,0.0549652,0.0774293,0.120009,0.159047
790.296,0.0470061,0.0463486,0.045261,0.0420451,0.0398011,0.0378449,0.0351029,0.0271419,0.0215604,0.0242689,0.0240158,0.0221359,0.0232474,0.0304777,0.0418943,0.0537024,0.0824414,0.115464,0.164706
790.678,0.0436334,0.0437154,0.0446734,0.0417178,0.0408006,0.0339601,0.0332106,0.0295479,0.0229436,0.0210228,0.0185525,0.0244941,0.0208301,0.0266334,0.0361511,0.0507632,0.0811645,0.118871,0.16308
791.061,0.0448059,0.042892,0.0419447,0.0399257,0.0401139,0.0328263,0.0273028,0.0239434,0.0231206,0.0245578,0.0213057,0.0173093,0.0195224,0.0251685,0.0330905,0.053273,0.0780629,0.113781,0.159931
791.443,0.0480983,0.0449781,0.0448328,0.0414194,0.0403695,0.0337781,0.0315328,0.0279672,0.0272045,0.0251883,0.0222584,0.021728,0.0215182,0.0268471,0.0340133,0.0514672,0.081633,0.124452,0.160949
791.825,0.0405935,0.0406958,0.0417178,0.0422736,0.0370408,0.0322712,0.0282959,0.026393,0.0226158,0.0213262,0.0162426,0.0206643,0.0220459,0.0248189,0.03524,0.0503809,0.0765343,0.120137,0.159422
792.207,0.04319,0.0442123,0.0463325,0.04574,0.0412245,0.0358846,0.0319825,0.0318056,0.0257878,0.0236389,0.0219619,0.0206936,0.0245994,0.0263807,0.0395265,0.0564726,0.0824915,0.118671,0.164995
792.588,0.0462942,0.0414319,0.045495,0.0433908,0.0399149,0.034244,0.0296244,0.031449,0.0247344,0.0248188,0.0219659,0.0191737,0.0220054,0.0231515,0.0365225,0.0497764,0.0795899,0.118799,0.157445
792.97,0.0442431,0.0438121,0.0421862,0.038822,0.0384535,0.0337837,0.0289581,0.0276823,0.0198061,0.0232267,0.0163571,0.0182603,0.0221051,0.0250248,0.0301792,0.0519009,0.0784186,0.11736,0.160655
793.351,0.0435829,0.0451872,0.0442931,0.0384833,0.0363823,0.0357818,0.0289829,0.0223944,0.0248483,0.0226137,0.0203895,0.0168241,0.0205451,0.025274,0.033659,0.0501698,0.0780699,0.118125,0.163743
793.733,0.0450191,0.0487522,0.0431935,0.0400903,0.0406875,0.0368644,0.0330204,0.0316859,0.0247233,0.0252433,0.0235672,0.0199792,0.0224074,0.0249912,0.0377544,0.0516797,0.0819629,0.117775,0.159475
794.114,0.0490535,0.051217,0.0484254,0.0442118,0.0445338,0.0357533,0.0339675,0.029847,0.0292972,0.0253837,0.0247639,0.0228006,0.0284425,0.0263771,0.0404067,0.0524704,0.0843458,0.12328,0.166536
794.495,0.0464837,0.0466914,0.0473226,0.0448834,0.0408764,0.0376061,0.0318336,0.031043,0.0279359,0.0275457,0.0230024,0.0225636,0.0233976,0.0285796,0.0376914,0.054233,0.0822489,0.120058,0.158471
794.876,0.0438326,0.045054,0.0473434,0.0428803,0.0417672,0.0385046,0.026596,0.0282152,0.023615,0.0255758,0.022031,0.0252808,0.0225959,0.027226,0.0357873,0.0495925,0.0819776,0.119196,0.16179
795.257,0.0427478,0.0451385,0.0478882,0.0461547,0.042943,0.0359165,0.0326461,0.0249758,0.0252355,0.0185643,0.0207935,0.0194803,0.0221399,0.0254842,0.0327978,0.0508949,0.0797063,0.119464,0.160138
795.638,0.0480958,0.03973,0.0428784,0.0427874,0.0383401,0.0348578,0.0298508,0.0256645,0.0242285,0.0222139,0.016304,0.0208884,0.0233176,0.0292687,0.0354843,0.0509296,0.0844525,0.119669,0.167383
796.018,0.0465686,0.0458366,0.0433657,0.0418558,0.0426234,0.0384593,0.0334818,0.0288202,0.0255544,0.0243251,0.0215254,0.0195732,0.0228274,0.0245409,0.0363695,0.0550328,0.0790216,0.121406,0.160786
796.399,0.0417872,0.0407307,0.0407212,0.037745,0.0394769,0.0306216,0.0247221,0.0252524,0.0232237,0.0224543,0.0181984,0.0165798,0.0168783,0.021565,0.0333552,0.0469044,0.0765172,0.113782,0.156555
796.779,0.0446383,0.045992,0.0446108,0.0418682,0.0394407,0.0333141,0.0299818,0.0285275,0.023906,0.0212967,0.0220083,0.0182379,0.0219416,0.0268353,0.0342176,0.0538609,0.0771132,0.117229,0.162141
797.159,0.0476549,0.0440173,0.0435045,0.0416554,0.044563,0.0353532,0.0335791,0.0298073,0.0293621,0.0256253,0.0228886,0.0203523,0.0231094,0.0281385,0.0369311,0.05581,0.0832344,0.1207,0.158116
797.539,0.043554,0.041689,0.0428122,0.0388347,0.0332206,0.0317818,0.0308155,0.0268679,0.0232717,0.0224351,0.019388,0.0186448,0.0193516,0.0258662,0.0310256,0.0505544,0.0773822,0.117854,0.156823
797.919,0.0399915,0.041972,0.0400579,0.0365758,0.0357817,0.0295527,0.0271551,0.0257036,0.0198122,0.0222226,0.018089,0.0175035,0.0193233,0.0238819,0.0317843,0.0444522,0.0767145,0.114754,0.154095
798.299,0.0405985,0.0438852,0.0421152,0.0399281,0.0372099,0.0331398,0.0318117,0.0235894,0.022269,0.0210745,0.0200465,0.0198929,0.0204283,0.0251377,0.0380713,0.0526736,0.0794319,0.114298,0.158814
798.679,0.0438471,0.0415963,0.04333,0.0413638,0.0346338,0.0348312,0.0308864,0.0272596,0.0220979,0.0211659,0.0163061,0.0197357,0.0202935,0.0259324,0.0373275,0.0489736,0.0801817,0.117425,0.159235
799.059,0.0453719,0.0461596,0.0439042,0.0433801,0.0372672,0.0333929,0.032817,0.0270075,0.0244578,0.0235895,0.0206611,0.0182871,0.0216825,0.0263406,0.038101,0.055462,0.0761175,0.119163,0.166109
799.438,0.0435272,0.0460705,0.043697,0.0403395,0.0397462,0.0335997,0.026109,0.0251571,0.0245897,0.0223247,0.0178256,0.0182589,0.020127,0.0243721,0.0333564,0.0523111,0.0781275,0.115585,0.161512
799.817,0.0440346,0.0424568,0.0405171,0.0425734,0.0387987,0.0381511,0.0294808,0.0309598,0.0239337,0.0234677,0.0193821,0.020462,0.0275274,0.0237081,0.0391022,0.0528108,0.0776423,0.11569,0.165021
800.197,0.039837,0.0451029,0.0450059,0.0437718,0.0398566,0.0318065,0.0319572,0.026226,0.0248365,0.0223048,0.0196147,0.0176899,0.0239896,0.0273011,0.0382673,0.0539901,0.0794948,0.119697,0.16068
800.576,0.0461355,0.0454476,0.0441471,0.0462225,0.0415446,0.0360605,0.028294,0.0280645,0.0258014,0.0243024,0.0248882,0.0222772,0.0229624,0.022474,0.0348287,0.0541879,0.0830316,0.123698,0.164933
800.955,0.0433853,0.0453858,0.0436026,0.0411845,0.0382881,0.0329859,0.0273048,0.0246232,0.0227209,0.021223,0.016807,0.0216429,0.0237629,0.0245872,0.0342103,0.0517371,0.0787729,0.119689,0.161312
801.334,0.0455387,0.0466439,0.0454627,0.0419218,0.0413539,0.0374071,0.0305573,0.0296814,0.0235271,0.0275189,0.0211275,0.0241059,0.0245868,0.0286094,0.040887,0.0487894,0.0835261,0.117192,0.162385
801.712,0.0444479,0.0486264,0.0481778,0.0448409,0.0403658,0.0376175,0.0311752,0.0327259,0.0302798,0.0247806,0.0240923,0.0224187,0.0224222,0.0292156,0.0390306,0.055233,0.0840217,0.119912,0.165515
802.091,0.0448709,0.0492377,0.0435948,0.0431575,0.0388507,0.0310345,0.0318146,0.0280679,0.0257759,0.022658,0.0187372,0.0189417,0.0210619,0.0239598,0.0404067,0.0548026,0.0840152,0.114506,0.160577
802.47,0.042951,0.0399332,0.0425788,0.040473,0.0349976,0.0384575,0.0300157,0.0234803,0.0193774,0.0155865,0.0177686,0.0158642,0.0207352,0.023051,0.035613,0.0474067,0.079301,0.116271,0.16253
802.848,0.0408866,0.0442561,0.0409559,0.0394932,0.035889,0.0291424,0.0274471,0.0223543,0.0246401,0.0182285,0.0155798,0.013947,0.0167031,0.0233668,0.0314049,0.0534922,0.0778284,0.115399,0.156486
803.226,0.0473948,0.0463915,0.0441299,0.0437092,0.0362302,0.0337919,0.0290856,0.02939,0.028155,0.0208834,0.019513,0.0209441,0.0232684,0.0291375,0.0352526,0.0533268,0.0836616,0.11983,0.16468
803.604,0.0482839,0.0456038,0.0436704,0.0396457,0.0404421,0.0340819,0.0296167,0.0277376,0.027252,0.0259327,0.0222843,0.0210746,0.0213747,0.0248525,0.0349541,0.0550239,0.0806038,0.11196,0.162523
803.982,0.0446397,0.0456264,0.040421,0.0436555,0.0402003,0.0362411,0.0281903,0.0262924,0.0210832,0.0209598,0.0218359,0.0188832,0.0192188,0.0246644,0.0365929,0.0544604,0.0767728,0.122575,0.164777
804.36,0.0469602,0.0500865,0.0460038,0.0478714,0.0387409,0.0346403,0.0312459,0.027829,0.0306636,0.0263992,0.0259856,0.0211774,0.0246955,0.0269194,0.0357594,0.0556563,0.0789256,0.118447,0.164771
804.738,0.0465723,0.0437194,0.0481928,0.0436537,0.0385264,0.0348815,0.0328858,0.0287582,0.0297868,0.0255744,0.0228838,0.0210236,0.0250566,0.0285904,0.0372711,0.0554099,0.0797197,0.122806,0.163415
805.116,0.0445395,0.0489263,0.0445869,0.0414081,0.0378437,0.0318424,0.0338115,0.0266912,0.019862,0.0219799,0.0181037,0.0210032,0.0232962,0.0281519,0.0345177,0.0511985,0.079229,0.121046,0.163552
805.493,0.0439536,0.0409119,0.0438409,0.0417248,0.0352612,0.0319608,0.0273418,0.0264073,0.0202358,0.0219093,0.0192722,0.0220003,0.0236466,0.0220608,0.032377,0.0470022,0.0753134,0.116947,0.158735
805.871,0.0455447,0.0431314,0.0394522,0.0395713,0.0386117,0.0322486,0.0307359,0.0279492,0.0254195,0.0172453,0.0189812,0.017588,0.0189516,0.0216718,0.0340832,0.0516494,0.0824161,0.115172,0.156229
806.248,0.0440522,0.0478997,0.0426062,0.0429379,0.0394935,0.0347217,0.0317356,0.0307766,0.0270001,0.02182,0.0187332,0.0218175,0.0212194,0.0220431,0.0378599,0.0510651,0.0786775,0.114535,0.162546
806.625,0.0477127,0.0469975,0.0474006,0.0385956,0.0398457,0.0349199,0.0301518,0.0322761,0.0261121,0.0219292,0.0217045,0.0191875,0.0230053,0.0250987,0.0385436,0.052944,0.0824992,0.117311,0.161376
807.002,0.0460794,0.0477581,0.0458237,0.0446847,0.0393665,0.0383209,0.0371695,0.0290079,0.0269406,0.0246143,0.0210453,0.0258529,0.0220828,0.0308742,0.0417384,0.0547824,0.0818369,0.11712,0.157666
807.379,0.044287,0.0445085,0.0467642,0.0424094,0.0406893,0.0370062,0.0320417,0.0272629,0.0203636,0.0217797,0.0186379,0.0161357,0.0217167,0.0232769,0.0336382,0.0511266,0.0815091,0.121259,0.157745
807.756,0.0471418,0.0430982,0.0435029,0.0462367,0.0381189,0.0333061,0.0292169,0.0266594,0.0253012,0.0216559,0.0188588,0.0196935,0.0171888,0.0238967,0.0328632,0.0586924,0.0797256,0.120418,0.161762
808.132,0.0435606,0.0452324,0.0435659,0.0459386,0.037799,0.034939,0.0302129,0.0268303,0.0280071,0.0250153,0.0241537,0.0191663,0.0232824,0.0275348,0.0375052,0.0512825,0.0797791,0.121261,0.164769
808.509,0.0416719,0.0442451,0.0427726,0.0418836,0.037023,0.0324699,0.0307157,0.0248866,0.0241226,0.0212621,0.0196959,0.0208344,0.0214521,0.0255847,0.0331986,0.0480597,0.0822317,0.113715,0.160778
808.885,0.047597,0.0473564,0.0455321,0.0414089,0.0372889,0.0365448,0.0318267,0.0289636,0.0256961,0.0217868,0.0196417,0.0216242,0.0188111,0.0283397,0.0373034,0.053462,0.0823873,0.119904,0.161735
809.262,0.0491182,0.0449609,0.0457992,0.0434725,0.0411462,0.0347471,0.0313992,0.0266328,0.0258102,0.0223505,0.0175112,0.022525,0.0227056,0.0317093,0.0352069,0.0499979,0.0814858,0.117928,0.162335
809.638,0.0401722,0.0456379,0.0451809,0.0388918,0.040381,0.0350803,0.030939,0.0247284,0.0242144,0.0242633,0.0209768,0.0195259,0.0190758,0.0276785,0.0386867,0.0508794,0.0853085,0.116298,0.160735
810.014,0.0461807,0.0453379,0.0466417,0.040651,0.0382929,0.0391119,0.034082,0.0280088,0.0246306,0.0215928,0.0210978,0.0212758,0.0242367,0.0281383,0.0345602,0.0544314,0.0812495,0.119202,0.16653
810.39,0.0400119,0.0405973,0.0405568,0.0391556,0.0366238,0.0323416,0.0260632,0.0288248,0.0219745,0.0221529,0.0164575,0.0233252,0.0172829,0.0235743,0.0315689,0.0473962,0.080561,0.114071,0.156931
810.765,0.0490873,0.0510177,0.0520207,0.0466505,0.038031,0.0347562,0.03081,0.0306321,0.0289444,0.0258665,0.0206393,0.0219876,0.0229178,0.0275486,0.0406547,0.0588081,0.0877986,0.123275,0.165279
811.141,0.0422119,0.0452824,0.045156,0.0410162,0.0420843,0.0380257,0.0290365,0.0249428,0.022909,0.0249808,0.0203557,0.0191335,0.0228871,0.0254154,0.0373692,0.0524287,0.0788702,0.116116,0.157685
811.517,0.0461039,0.0443793,0.0486395,0.0443561,0.0419181,0.0326478,0.0308901,0.027241,0.0226153,0.0232005,0.0228713,0.0186776,0.0221515,0.0275672,0.0367306,0.0523418,0.0837344,0.119945,0.164119
811.892,0.039914,0.0448888,0.0443022,0.0401062,0.0368906,0.0353162,0.0290673,0.0299175,0.0237928,0.0228485,0.0213666,0.0190656,0.0202093,0.0261173,0.0334447,0.0515984,0.0785005,0.118737,0.161321
812.267,0.0463936,0.0434689,0.0458006,0.0434603,0.039301,0.0315777,0.0280004,0.0257546,0.0285002,0.0218275,0.0196669,0.0201722,0.0180503,0.0236885,0.0378175,0.0491033,0.0766274,0.121936,0.167283
812.643,0.0435271,0.0493906,0.0463637,0.0446014,0.0398865,0.0331665,0.0310571,0.0262784,0.0272472,0.0232008,0.0239625,0.0232824,0.0224049,0.0269412,0.0385979,0.0520497,0.0846284,0.11668,0.167257
813.018,0.0458908,0.0453904,0.0443134,0.044917,0.0351796,0.0334762,0.035496,0.0240871,0.0274064,0.0202522,0.0207734,0.021677,0.0193875,0.0279672,0.0352976,0.0530285,0.0838253,0.11847,0.168922
813.393,0.0450213,0.0513544,0.0468171,0.0480701,0.0392743,0.0398855,0.0357059,0.0287938,0.0232663,0.0285756,0.0214997,0.0186256,0.0250994,0.0292768,0.0352284,0.0552921,0.0830596,0.122057,0.17095
813.767,0.0430464,0.0468147,0.0401702,0.0363744,0.0403286,0.0326066,0.0326097,0.0239146,0.0225347,0.0218406,0.0196191,0.0169984,0.0164753,0.0225613,0.034103,0.0517787,0.0760558,0.113023,0.158566
814.142,0.0466327,0.0497182,0.0454162,0.0426122,0.0410302,0.0361817,0.032914,0.0317747,0.0250626,0.0259955,0.0203699,0.0208983,0.0256587,0.0302577,0.0411058,0.0540708,0.086757,0.119007,0.163985
814.517,0.0430512,0.0440512,0.0434265,0.0376833,0.0389964,0.0336891,0.0311517,0.0241936,0.0235092,0.0233654,0.0162097,0.0200248,0.0200476,0.0213722,0.0354083,0.0506447,0.0795176,0.119806,0.163779
814.891,0.0435356,0.0450856,0.0438199,0.0415302,0.0371161,0.036047,0.0291823,0.0314282,0.02427,0.0215869,0.0173432,0.0202627,0.023555,0.0252675,0.0382554,0.0531481,0.0833797,0.11695,0.158611
815.265,0.0525249,0.0525664,0.0429406,0.0472623,0.0423125,0.0424925,0.0313075,0.0346313,0.0289722,0.0236558,0.025647,0.0260848,0.0282059,0.0272551,0.0403114,0.054923,0.084423,0.117163,0.166457
815.639,0.0459416,0.0497303,0.041858,0.0426974,0.033672,0.0366564,0.0319288,0.0264567,0.0284149,0.0205893,0.0208108,0.0207601,0.0232757,0.0259406,0.0313299,0.0511079,0.0823646,0.118098,0.166561
816.014,0.0494633,0.0431774,0.0418074,0.0471402,0.042934,0.0346702,0.032121,0.0255874,0.0269549,0.0232092,0.0234732,0.0259443,0.0204905,0.0300814,0.034271,0.0581002,0.0830045,0.123039,0.160554
816.387,0.0452386,0.0499869,0.046086,0.0449754,0.040111,0.0355002,0.0332323,0.0292993,0.028427,0.0303539,0.0293177,0.0224511,0.0220343,0.0269183,0.0387828,0.0530064,0.0830734,0.119683,0.162885
816.761,0.0426417,0.0458138,0.0450147,0.0413531,0.0389114,0.0354527,0.0342316,0.0285986,0.025679,0.0228649,0.0238829,0.022337,0.0206776,0.0277717,0.0341794,0.0511302,0.0826618,0.117543,0.161636
817.135,0.0441706,0.0428595,0.0454807,0.04062,0.0379843,0.0325172,0.0299691,0.0264532,0.0246479,0.019195,0.0183251,0.0215728,0.0206626,0.025397,0.0335913,0.0566118,0.0805586,0.119775,0.156405
817.509,0.0442477,0.0447125,0.0437523,0.0443797,0.0387784,0.0370355,0.0333527,0.0261716,0.0239216,0.0188758,0.0211165,0.0236755,0.0211973,0.0263472,0.038986,0.0508514,0.0786553,0.120242,0.167876
817.882,0.0435007,0.0425266,0.0406234,0.0424001,0.0389324,0.0318742,0.0321034,0.0284415,0.0226607,0.0216013,0.0238667,0.021558,0.0223443,0.0266764,0.0358046,0.0552811,0.0876037,0.120659,0.161242
818.255,0.0439876,0.0407451,0.0397403,0.0373068,0.0340997,0.0306048,0.0294077,0.028864,0.0218312,0.020739,0.0180321,0.0186651,0.0190725,0.0206386,0.035083,0.0532407,0.0793522,0.11628,0.156154
818.628,0.038199,0.0414746,0.0396756,0.0404369,0.0388971,0.0307943,0.0253398,0.0253409,0.0211269,0.0195078,0.0203025,0.0197565,0.0185386,0.0234941,0.0334839,0.051156,0.0800934,0.118705,0.162878
819.002,0.047425,0.0454894,0.0393257,0.0402746,0.040735,0.0374038,0.0302402,0.0319239,0.0269714,0.0252289,0.0263503,0.0210759,0.0199956,0.0280005,0.03602,0.0531851,0.0805796,0.114537,0.155387
819.374,0.0469858,0.0444866,0.0465728,0.0478576,0.0426318,0.0337403,0.0310972,0.0279162,0.0279955,0.0262755,0.0209997,0.0207843,0.0248031,0.0254398,0.04347,0.0543226,0.0806633,0.119671,0.164989
819.747,0.0460248,0.0450776,0.0472858,0.0445648,0.0371945,0.0347326,0.031885,0.0295793,0.0264891,0.0244218,0.0219744,0.0224636,0.0239097,0.0249468,0.0372031,0.0561033,0.081316,0.120929,0.166442
820.12,0.0470046,0.0509247,0.0467331,0.042123,0.0401086,0.0344881,0.0324713,0.0275022,0.0265172,0.0228421,0.0195142,0.0225963,0.023007,0.026257,0.0360723,0.0542393,0.0788499,0.121625,0.160829
820.493,0.0482984,0.0469101,0.0470045,0.0445266,0.039133,0.0360954,0.0302351,0.0297228,0.0311798,0.0235786,0.0213677,0.023678,0.0234948,0.0285951,0.0382134,0.0550648,0.0811082,0.123745,0.165727
820.865,0.0417012,0.0438345,0.04203,0.0453565,0.038099,0.0256235,0.0249868,0.0235387,0.0203505,0.0175074,0.0198104,0.0174163,0.0218044,0.0199852,0.0272364,0.0515255,0.0766588,0.116345,0.158307
821.237,0.0426677,0.0403823,0.0395193,0.0410519,0.0344333,0.0336204,0.0280353,0.0269938,0.0209824,0.019536,0.0140287,0.0209323,0.0163114,0.0288058,0.0343637,0.0475581,0.0760584,0.121267,0.15669
821.61,0.04678,0.0492509,0.0462544,0.0452936,0.0407397,0.0337149,0.0346491,0.0251061,0.028118,0.021686,0.0229339,0.0198188,0.0218775,0.0228901,0.0364439,0.0542772,0.0784999,0.11705,0.163282
821.982,0.0390347,0.0436136,0.0430298,0.0362755,0.0379618,0.031748,0.0299401,0.0259395,0.0225706,0.0215035,0.0187487,0.0201243,0.0179458,0.0242306,0.0351425,0.0482234,0.0737833,0.122785,0.156922
822.354,0.0427524,0.0473315,0.0438047,0.0437527,0.0389574,0.03573,0.0300051,0.0272964,0.0276431,0.022599,0.0201312,0.0224701,0.0172999,0.0240817,0.0362912,0.0537382,0.077401,0.116939,0.16333
822.725,0.0399835,0.0387734,0.0385201,0.0370551,0.038597,0.0278449,0.0248655,0.0243534,0.0207779,0.0215804,0.0148148,0.014784,0.0192765,0.023494,0.0287978,0.0468575,0.0783956,0.118321,0.159846
823.097,0.0437632,0.0457477,0.0466966,0.0404095,0.0375725,0.032781,0.0327005,0.0253922,0.0256575,0.0227053,0.0215775,0.0184366,0.0209462,0.0217356,0.0335328,0.0503069,0.0790753,0.11894,0.164252
823.469,0.0416783,0.0488058,0.0427784,0.0389442,0.0404114,0.0335637,0.0256109,0.0245768,0.0216553,0.0190877,0.0181661,0.0209312,0.0193128,0.0227296,0.0345256,0.0486403,0.0787566,0.114936,0.156712
823.84,0.0448462,0.0450313,0.0425475,0.0425207,0.0361869,0.0349166,0.0306438,0.0282274,0.0251734,0.0235522,0.0204846,0.0210309,0.0241365,0.0291981,0.03341,0.0516836,0.0774479,0.117098,0.162532
824.211,0.0502374,0.0518838,0.04853,0.0453998,0.0407461,0.0405478,0.0389967,0.0319758,0.029572,0.0237383,0.0271102,0.0232764,0.0235981,0.0279378,0.0428871,0.0514694,0.0823346,0.115423,0.165283
824.583,0.0415062,0.0410018,0.0408369,0.040812,0.0339935,0.0310788,0.0295815,0.0206006,0.024033,0.0172696,0.0144016,0.0201376,0.0189932,0.0200286,0.0342499,0.0447423,0.0739309,0.109823,0.161948
824.954,0.0441252,0.045135,0.0420209,0.0424269,0.0421047,0.0334319,0.0314675,0.0259095,0.0228885,0.025363,0.0211538,0.017579,0.0209956,0.0250626,0.0360631,0.0513926,0.0807007,0.11705,0.163793
825.325,0.0431464,0.041808,0.0413632,0.042096,0.0376982,0.0319096,0.0281211,0.0246776,0.0239911,0.0201826,0.0189744,0.0158729,0.0210665,0.0285557,0.036163,0.0483138,0.078881,0.115174,0.161739
825.696,0.0411166,0.0464589,0.0454311,0.0437894,0.0435826,0.0285346,0.0286639,0.0272278,0.0250941,0.019768,0.0213106,0.0256318,0.0216499,0.0282482,0.0370548,0.0534933,0.0865431,0.122934,0.166021
826.066,0.0449131,0.0451778,0.0425057,0.0413668,0.0400632,0.037518,0.0310652,0.0265019,0.0285775,0.0238553,0.0200528,0.0221527,0.0202285,0.0250237,0.034824,0.0554708,0.0760758,0.126679,0.159227
826.437,0.045485,0.0471725,0.0438396,0.040597,0.041758,0.0360557,0.0305632,0.0301034,0.0259931,0.0218321,0.0235755,0.0244529,0.0226193,0.0282482,0.0363672,0.0554421,0.0792713,0.124152,0.161375
826.807,0.0482734,0.0472118,0.048255,0.0462207,0.041497,0.0327651,0.0361788,0.0268367,0.0281357,0.0263719,0.0220958,0.0208084,0.0212959,0.0283593,0.0402594,0.0581504,0.0811019,0.122152,0.163251
827.178,0.0425372,0.041937,0.0399395,0.0369335,0.0336491,0.030218,0.0271281,0.0224509,0.0230311,0.0157211,0.0193043,0.0154722,0.015202,0.01827,0.0289574,0.0454996,0.075875,0.111174,0.156202
827.548,0.0407828,0.0481567,0.04097,0.0443758,0.0443921,0.0331611,0.0330305,0.0277123,0.0249308,0.0220748,0.0211985,0.0236465,0.0220477,0.0276873,0.0365488,0.0561858,0.0807585,0.12251,0.163168
827.918,0.0461345,0.0418259,0.0424896,0.0434855,0.0378576,0.0326881,0.0297761,0.0307954,0.0248051,0.0255502,0.0232332,0.0227936,0.0243195,0.0264554,0.0351579,0.0554231,0.0838652,0.117969,0.163996
828.288,0.0490719,0.0449692,0.0437746,0.0417055,0.0409199,0.0357609,0.0315236,0.0288429,0.0286908,0.0225392,0.0202928,0.0230358,0.0243487,0.0256632,0.0394511,0.0559873,0.0821327,0.120275,0.165236
828.658,0.0465552,0.0474749,0.0470628,0.0447903,0.0461644,0.0382179,0.033212,0.030191,0.0266061,0.0277629,0.0232497,0.0229545,0.0233942,0.0267213,0.0384165,0.0551708,0.0888525,0.116807,0.167043
829.028,0.0492661,0.0489182,0.0510504,0.0385569,0.0417887,0.028932,0.0318291,0.0277868,0.0276551,0.0206742,0.0208412,0.0215258,0.0238828,0.0247509,0.0326783,0.0532372,0.0855527,0.121803,0.1602
829.397,0.0430727,0.041608,0.0432093,0.0403608,0.0391752,0.0300107,0.0291539,0.0225789,0.0256898,0.0192807,0.0170211,0.0150289,0.0174902,0.0247724,0.0324142,0.0518452,0.0790726,0.118681,0.161426
829.767,0.047165,0.0513311,0.0435671,0.0503489,0.0424789,0.0354601,0.0358162,0.0322673,0.0254221,0.0250399,0.0219172,0.0219201,0.0230989,0.0279088,0.0407639,0.0574475,0.084341,0.126705,0.166313
830.136,0.0463423,0.0491945,0.0486807,0.0469899,0.0399809,0.0358077,0.0319077,0.0278974,0.0319563,0.0276655,0.0217488,0.0259949,0.0210782,0.0284131,0.0372932,0.0543119,0.0802935,0.12731,0.162801
830.505,0.0416747,0.0425964,0.0458285,0.0394588,0.04001,0.03354,0.0251428,0.0276375,0.0235605,0.0210387,0.0178362,0.018391,0.0220611,0.0225642,0.0348376,0.0535308,0.0766809,0.118268,0.159158
830.874,0.0419608,0.0465003,0.0476106,0.0427753,0.0447609,0.0360352,0.0293907,0.0318083,0.0269673,0.0264692,0.0259463,0.0225643,0.0212197,0.0288914,0.0357549,0.0584475,0.0814721,0.120676,0.166959
831.243,0.0449914,0.0482134,0.0480788,0.0432166,0.0408777,0.0339389,0.028302,0.0245942,0.0240253,0.0268147,0.0201992,0.020229,0.018407,0.0275307,0.0406306,0.0506173,0.0854069,0.119059,0.157301
831.612,0.0425278,0.0437606,0.0449749,0.0385052,0.0322675,0.027829,0.0312985,0.0288111,0.0210735,0.020881,0.0212824,0.0149897,0.0180276,0.0239277,0.0349133,0.049723,0.0753412,0.1137,0.161304
831.981,0.039109,0.0432908,0.0408361,0.0377459,0.0384543,0.0324218,0.0269065,0.0254795,0.0193349,0.0221745,0.0177993,0.0198922,0.0179172,0.0245028,0.0354595,0.0475399,0.0781526,0.114755,0.165562
832.349,0.0454447,0.0465484,0.0459825,0.0459531,0.0449626,0.0366169,0.0319952,0.0279816,0.0275844,0.02312,0.0197263,0.0220603,0.0225967,0.0300031,0.0374143,0.0523221,0.0867377,0.120162,0.170755
832.718,0.0440568,0.042253,0.0380545,0.0408264,0.0377755,0.0292251,0.0264911,0.0245321,0.0204582,0.0218554,0.0245816,0.0200406,0.0258112,0.024111,0.0347736,0.0496762,0.0768212,0.119906,0.157368
833.086,0.0462772,0.043568,0.0414573,0.0464764,0.0406526,0.0317656,0.0281593,0.0303332,0.0244616,0.0241515,0.0211529,0.0201468,0.0217142,0.0283904,0.0395348,0.0537987,0.0812962,0.119425,0.165488
833.454,0.0474013,0.045157,0.0434446,0.0454214,0.0411432,0.0379923,0.029132,0.0283146,0.0268302,0.0211499,0.022389,0.0224818,0.0198008,0.0227532,0.0345846,0.0540386,0.0850759,0.122204,0.166316
833.823,0.0481223,0.0498305,0.0457988,0.0483443,0.039981,0.0361733,0.0349756,0.0316011,0.0309013,0.028126,0.0253145,0.0230509,0.0220292,0.0284703,0.0434024,0.0497631,0.0851291,0.117533,0.15601
834.191,0.0458926,0.0450627,0.0398047,0.0430824,0.0392348,0.0301804,0.0334915,0.025379,0.0219781,0.0208166,0.0175331,0.0177225,0.0146772,0.0255189,0.0312312,0.0543032,0.0805936,0.117851,0.156597
834.558,0.0470027,0.0449252,0.0411489,0.0399344,0.0377132,0.0322505,0.0287871,0.0245257,0.0285662,0.0248912,0.0197064,0.0183367,0.020925,0.026157,0.0316266,0.0478858,0.0782907,0.114381,0.163391
834.926,0.0461085,0.046487,0.0454967,0.0427093,0.0393798,0.0349427,0.0248403,0.0258734,0.0239812,0.0227219,0.0216724,0.0237895,0.024636,0.0260399,0.0347553,0.0526185,0.0823628,0.120746,0.162711
835.294,0.0420234,0.0473353,0.0414767,0.0428196,0.0378178,0.0362133,0.0282933,0.0285051,0.020366,0.0226759,0.0208646,0.0186532,0.0210967,0.0281889,0.0320142,0.0492916,0.0770631,0.119404,0.16493
835.661,0.0437547,0.048967,0.0439311,0.043193,0.038152,0.0336149,0.0351807,0.0292572,0.0287262,0.019915,0.0225643,0.0215125,0.0222248,0.024433,0.0386968,0.0575431,0.0864626,0.12502,0.168907
836.029,0.0399569,0.0431913,0.0414068,0.0351463,0.0330294,0.028745,0.0284491,0.0264471,0.019237,0.017249,0.014419,0.0147963,0.0166123,0.0268094,0.0305534,0.0499776,0.0793154,0.119046,0.153429
836.396,0.0445206,0.0405689,0.0365556,0.0374325,0.0334409,0.0323669,0.0273092,0.0234469,0.0154713,0.0185325,0.0137773,0.0197392,0.0165979,0.021604,0.0343857,0.0508602,0.0788146,0.115564,0.161121
836.763,0.0444314,0.0367884,0.0383732,0.0375617,0.0364152,0.0259533,0.0278809,0.0224689,0.0196028,0.0167351,0.0150158,0.0142352,0.0217371,0.022397,0.0276118,0.0515508,0.0777058,0.114091,0.1572
837.13,0.0452429,0.0456995,0.0430732,0.0441172,0.0321259,0.0308267,0.0269666,0.0229544,0.0242179,0.0220808,0.0182079,0.0167058,0.0208998,0.0229676,0.0326933,0.0522358,0.0793252,0.122911,0.153067
837.497,0.0428983,0.0443581,0.045057,0.0444816,0.0379033,0.0339071,0.0322513,0.0269941,0.0222516,0.0213855,0.0179591,0.0150488,0.0195565,0.0289289,0.0357928,0.0509971,0.0781602,0.117603,0.163975
837.864,0.0415626,0.0454499,0.0428189,0.0353844,0.0366861,0.0360208,0.0310732,0.0185286,0.0227138,0.0174534,0.0133496,0.0144418,0.0200827,0.0244195,0.0332594,0.0564389,0.076882,0.115016,0.160304
838.23,0.0426007,0.0495264,0.040442,0.037096,0.0365912,0.0334364,0.0277995,0.0220292,0.0224009,0.0189692,0.015593,0.0161862,0.022764,0.0294282,0.0362552,0.0511958,0.0790909,0.117609,0.162202
838.597,0.0512553,0.0444345,0.0489876,0.0429479,0.0458571,0.0406143,0.0336719,0.0325266,0.0263589,0.02463,0.0227048,0.0212147,0.0232101,0.0275538,0.0451573,0.0543179,0.0834087,0.122385,0.157692
838.963,0.0441029,0.0439302,0.042163,0.0436129,0.0358051,0.0314144,0.0263879,0.0235876,0.0218814,0.0180323,0.0183824,0.0155004,0.0131972,0.0226884,0.0305726,0.0484116,0.0811418,0.119125,0.167025
839.329,0.0452751,0.0450499,0.0439643,0.0415062,0.0387921,0.0380137,0.0349141,0.0231838,0.0270589,0.0219572,0.0203815,0.0199021,0.0207691,0.0256441,0.0385123,0.055205,0.0851429,0.125106,0.163928
839.695,0.0439067,0.041576,0.0466257,0.0413937,0.0400531,0.0337399,0.0326321,0.0309497,0.0299367,0.0191968,0.0192027,0.0206706,0.0231732,0.0253348,0.0360937,0.0554955,0.0773111,0.120965,0.155599
840.061,0.0401533,0.0422653,0.040533,0.0399675,0.0318768,0.0274482,0.0255229,0.024309,0.0245131,0.0149682,0.0158446,0.0138886,0.0171055,0.0173947,0.0272852,0.0457712,0.0745814,0.113834,0.16045
840.427,0.0509115,0.0481432,0.0451241,0.040515,0.0342034,0.0339994,0.0298834,0.0264567,0.0319558,0.0201941,0.0127581,0.0204306,0.022329,0.0243598,0.0389811,0.0522341,0.081817,0.119038,0.15797
840.793,0.0437026,0.0440508,0.0444899,0.0413924,0.0353915,0.033611,0.0272483,0.022968,0.0232128,0.0230636,0.0238581,0.0197387,0.017646,0.0217601,0.03277,0.0496685,0.0775404,0.109392,0.160764
841.159,0.0501076,0.0486625,0.0451761,0.050394,0.0370413,0.0343577,0.0317909,0.0310808,0.0310578,0.0202286,0.0222544,0.0262144,0.0217862,0.0280261,0.0353168,0.0539124,0.0860048,0.119092,0.168122
841.524,0.0445565,0.0453301,0.0407637,0.0422815,0.0407994,0.0324574,0.0282229,0.0240791,0.0244596,0.015714,0.0188719,0.0139654,0.0178424,0.0221763,0.0359609,0.0484715,0.0767358,0.115633,0.153885
841.889,0.0463807,0.0448869,0.0410967,0.0375224,0.0384988,0.0290402,0.029342,0.0277388,0.0266381,0.0218919,0.0180916,0.0146871,0.0260961,0.0260729,0.0330314,0.0485108,0.0748045,0.114057,0.157647
842.255,0.0433661,0.050139,0.0472773,0.0418084,0.040316,0.0360862,0.0298404,0.0290966,0.0291513,0.0239077,0.0190774,0.022989,0.0234515,0.0262417,0.0390898,0.0559285,0.0838813,0.12188,0.166424
842.62,0.0450556,0.04327,0.0439124,0.042427,0.0366503,0.0362388,0.0267825,0.0262804,0.0294358,0.0188964,0.0219288,0.0173992,0.0193224,0.0280478,0.0337263,0.0560942,0.0797943,0.121001,0.165489
842.985,0.049374,0.0421814,0.0424522,0.0416595,0.0360361,0.0345563,0.0302913,0.0266726,0.0256472,0.0192429,0.024007,0.0239653,0.0234584,0.0268221,0.0361659,0.0524503,0.0871772,0.117221,0.160969
843.35,0.0483947,0.0461739,0.0493984,0.0435171,0.0480103,0.0342109,0.0315072,0.0352745,0.0299488,0.026263,0.0246254,0.0219668,0.0229234,0.0252306,0.0412732,0.0519555,0.0850988,0.12581,0.166573
843.714,0.0471145,0.04818,0.0423703,0.0474392,0.0409767,0.0369726,0.0301892,0.0300829,0.0252979,0.0226816,0.0268756,0.0195084,0.0265663,0.0293778,0.0370191,0.0511621,0.0864569,0.120917,0.164344
844.079,0.0439017,0.0401489,0.0443274,0.0434022,0.0405502,0.030601,0.0294571,0.0246527,0.021833,0.0279644,0.0213987,0.0185217,0.0228395,0.0330878,0.0304125,0.0510266,0.0838052,0.118683,0.163612
844.444,0.0464095,0.0473388,0.0458565,0.0443566,0.0401288,0.038475,0.0325568,0.031665,0.0291506,0.0248816,0.025371,0.0255605,0.023551,0.0290557,0.0331678,0.0566254,0.0832127,0.125344,0.156718
844.808,0.0487994,0.0440298,0.0394105,0.0408925,0.0424514,0.0328185,0.0332174,0.0283574,0.0254255,0.0216136,0.0203816,0.0270552,0.0241851,0.0262062,0.0308653,0.0531659,0.084017,0.114544,0.162763
845.172,0.0378379,0.0397182,0.0399367,0.038508,0.0412269,0.0353969,0.0297674,0.0243341,0.0182456,0.0178933,0.0158545,0.0262872,0.0206075,0.0195905,0.0296558,0.0490023,0.0759491,0.115004,0.153849
845.536,0.0415149,0.0469833,0.0370421,0.0374573,0.0383757,0.0307262,0.0247114,0.0284261,0.0256838,0.0196715,0.0187477,0.0182772,0.0178406,0.0228626,0.0296736,0.0494592,0.0803203,0.121683,0.16034
845.9,0.0513294,0.0532632,0.0456525,0.0447016,0.0464135,0.0363663,0.0340085,0.0330968,0.0284123,0.0253105,0.0207059,0.0241614,0.0196978,0.0335041,0.0391404,0.0562112,0.086909,0.125919,0.157792
846.264,0.0421261,0.0531067,0.045646,0.0435217,0.0424847,0.0377898,0.0296068,0.0331374,0.0286537,0.0268695,0.0192751,0.0218172,0.0255148,0.0222853,0.0357518,0.0499084,0.0818502,0.121591,0.164158
846.628,0.0424927,0.0416252,0.0400383,0.0376881,0.0296635,0.0329027,0.0268588,0.0256799,0.0234962,0.0189223,0.0128699,0.020491,0.0204619,0.0260654,0.0321459,0.0576355,0.0798721,0.12747,0.161088
846.992,0.0435127,0.0408537,0.0407284,0.037834,0.0360583,0.0279781,0.022957,0.0253343,0.0230058,0.0217403,0.0171419,0.0124231,0.0176834,0.0206983,0.0330059,0.0435655,0.077041,0.120288,0.156975
847.355,0.041418,0.0435157,0.0442833,0.0419892,0.0398063,0.0342766,0.0312566,0.0284297,0.0257579,0.0206709,0.0231983,0.018565,0.0190999,0.020881,0.038388,0.0491973,0.0790332,0.110119,0.158215
847.718,0.0363172,0.0428479,0.0416211,0.0406847,0.0398162,0.0354723,0.0283449,0.0258901,0.0220605,0.0247019,0.0241419,0.0190208,0.0188933,0.0223545,0.034596,0.0517755,0.0746178,0.11155,0.156949
848.082,0.0413915,0.0412968,0.0433488,0.0425403,0.0372316,0.031718,0.0241542,0.0229637,0.0214478,0.0246926,0.0168968,0.0211692,0.0228156,0.0223718,0.0324513,0.0533785,0.0811968,0.123323,0.158026
848.445,0.0508382,0.0456572,0.0441371,0.0483553,0.0384999,0.0390538,0.0345169,0.0252509,0.0259091,0.0283968,0.0264164,0.0248434,0.0230847,0.0257937,0.0355986,0.0577314,0.0874546,0.118057,0.166524
848.808,0.0464038,0.0470884,0.0482462,0.0438876,0.0417569,0.0369425,0.0294171,0.0276995,0.0253906,0.0237909,0.026216,0.0241667,0.0290162,0.0304817,0.0420167,0.0544076,0.0795111,0.123635,0.163558
849.171,0.0440073,0.050755,0.0474243,0.0463849,0.0401291,0.0371283,0.0347982,0.0335324,0.0301228,0.0268523,0.0253125,0.0194996,0.0221884,0.0279606,0.0420673,0.0623405,0.0844125,0.13069,0.167504
849.533,0.0457203,0.0417744,0.0436865,0.0416644,0.0387094,0.0342138,0.0317584,0.0290767,0.0216024,0.0289569,0.0200931,0.020126,0.0181995,0.027218,0.0307992,0.0548352,0.0834331,0.12186,0.164952
849.896,0.0425769,0.0462826,0.0382346,0.041257,0.0386438,0.0385694,0.0299807,0.0282446,0.0261971,0.0222809,0.0205046,0.0234977,0.026489,0.0284059,0.0357907,0.0537496,0.0841799,0.119093,0.168056
850.259,0.0385082,0.0381658,0.0401158,0.0372222,0.0315998,0.0278247,0.0237144,0.0237269,0.0204277,0.0176126,0.0178938,0.0164559,0.0192277,0.020468,0.0303561,0.0481734,0.0715529,0.114895,0.159986
850.621,0.048929,0.0514077,0.0452119,0.0441481,0.040932,0.0332296,0.023487,0.0278248,0.0212035,0.019402,0.0224559,0.0215512,0.0250998,0.0246778,0.0360092,0.0554397,0.0787444,0.119553,0.158158
850.983,0.0467189,0.0421176,0.0422107,0.0400334,0.0393962,0.0302904,0.0272901,0.0248277,0.027428,0.0205375,0.0148295,0.0146729,0.0172925,0.0248188,0.0395286,0.0535766,0.0828619,0.117642,0.159966
851.345,0.050582,0.0481279,0.0442009,0.0462638,0.0411889,0.0311061,0.034349,0.031679,0.0317009,0.0219671,0.0210776,0.0286727,0.0250435,0.0250982,0.0379212,0.0544669,0.0843569,0.127343,0.159167
851.707,0.0437457,0.0466192,0.0497015,0.0461907,0.0431851,0.0405259,0.0364106,0.0315763,0.0275304,0.0254782,0.0216923,0.0235248,0.0182666,0.0316146,0.0384602,0.0509375,0.0863158,0.126607,0.164432
852.069,0.0488169,0.0508246,0.0498429,0.0462596,0.0402771,0.0387849,0.0384627,0.0323774,0.0241847,0.0276324,0.0233793,0.0263037,0.0253363,0.0291762,0.0362516,0.0574926,0.0837324,0.122717,0.162396
852.431,0.0462237,0.0423498,0.0410371,0.0392122,0.0408759,0.0297057,0.0289453,0.0274456,0.0254518,0.0189141,0.0174893,0.0227115,0.0218664,0.0220953,0.0315385,0.0521295,0.077812,0.123443,0.156985
852.793,0.0505786,0.0484299,0.048945,0.0485245,0.0437708,0.034938,0.029884,0.0277164,0.0290808,0.0283921,0.0246865,0.0252055,0.0243675,0.0291933,0.0351651,0.0598405,0.0857386,0.115934,0.166619
853.154,0.0433813,0.0510708,0.046105,0.0469999,0.0353567,0.030942,0.0301742,0.0245221,0.0250199,0.0245585,0.0231989,0.0199343,0.0208434,0.0220077,0.0335701,0.0522317,0.0822123,0.125144,0.168383
853.515,0.0455763,0.0462154,0.0468412,0.0438338,0.0403917,0.0347968,0.0380126,0.0318282,0.0236919,0.0263035,0.0204553,0.017943,0.0261014,0.0312971,0.0382876,0.0493167,0.081512,0.122435,0.166561
853.877,0.0465944,0.0486807,0.0382976,0.0434849,0.0375194,0.0294364,0.0275676,0.0287375,0.0210351,0.0203972,0.0195483,0.020371,0.0192627,0.0288272,0.0305229,0.0520212,0.0794586,0.118428,0.171092
854.238,0.0455045,0.0429157,0.0427838,0.0454052,0.0345425,0.0291635,0.0257889,0.020495,0.0207731,0.0195329,0.020725,0.0189491,0.0178384,0.0284878,0.0356198,0.047424,0.0781127,0.125936,0.160659
854.599,0.0458117,0.0481712,0.0445763,0.0466575,0.0376256,0.0409152,0.0325504,0.0244319,0.0203718,0.0265233,0.024354,0.0228122,0.0211665,0.0235649,0.036224,0.0523658,0.0843192,0.12231,0.162992
854.96,0.0438257,0.0533583,0.0443704,0.0416706,0.0455351,0.0293585,0.0308204,0.0322749,0.0238616,0.0280797,0.0228135,0.020635,0.0242541,0.0257426,0.0405865,0.0518201,0.0839656,0.122053,0.166864
855.321,0.0481746,0.0457873,0.0446603,0.040471,0.0325243,0.0381195,0.0327883,0.0252307,0.0288892,0.0185278,0.0267176,0.0196683,0.027877,0.0223871,0.0367779,0.053808,0.0819548,0.116585,0.164063
855.681,0.0444948,0.0450249,0.0402171,0.0442384,0.0359442,0.0305128,0.0283349,0.0271855,0.0221295,0.0239351,0.0189815,0.0209398,0.0228711,0.0302972,0.0283,0.0537924,0.0810212,0.116577,0.162635
856.042,0.0422539,0.0437622,0.0454735,0.0378754,0.0350388,0.0287369,0.0263339,0.030232,0.0235208,0.0239698,0.0184342,0.0221551,0.0211382,0.0235937,0.0354833,0.0513567,0.0830145,0.118268,0.164443
856.402,0.0429099,0.043828,0.0425483,0.0416462,0.0397253,0.0333393,0.0298751,0.0266515,0.0234636,0.0226497,0.0257975,0.0202305,0.0195363,0.0245873,0.0340009,0.0562832,0.0806367,0.121378,0.1657
856.762,0.0485922,0.047018,0.0434046,0.0479094,0.0429173,0.0338996,0.0267304,0.0283954,0.0260425,0.0273451,0.0175122,0.0229336,0.0239408,0.0239716,0.0382467,0.0513155,0.080766,0.120463,0.166878
857.122,0.0444292,0.0471603,0.0477337,0.0414339,0.0358,0.0330715,0.0284236,0.0323203,0.0280061,0.0276366,0.0180608,0.0204805,0.0274897,0.0230895,0.0367313,0.0525003,0.0873287,0.120843,0.163389
857.482,0.0367411,0.0382974,0.0294161,0.0402038,0.0326949,0.028255,0.0221653,0.0191888,0.0203095,0.0168269,0.0149241,0.0099372,0.0148485,0.0152409,0.0238326,0.0458905,0.0715549,0.117306,0.155127
857.842,0.043895,0.0500468,0.0435649,0.052041,0.0404889,0.0381335,0.0368492,0.0328602,0.0229426,0.027399,0.0258475,0.0286318,0.0281585,0.0310487,0.0417243,0.0609932,0.0918417,0.120845,0.170558
858.202,0.0527224,0.0473886,0.0462359,0.0386946,0.0401692,0.032838,0.0354043,0.0291786,0.0292212,0.0231906,0.0197955,0.023079,0.02278,0.0317427,0.0430648,0.0529954,0.0818205,0.119673,0.162511
858.562,0.042476,0.0438271,0.0391169,0.0417498,0.0385166,0.0385789,0.0252594,0.0251812,0.0189402,0.0233526,0.0169201,0.0220499,0.0276647,0.0319046,0.0438829,0.0471753,0.0805192,0.116897,0.165604
858.921,0.0410996,0.0409078,0.0349704,0.0382686,0.0344143,0.0272982,0.0271401,0.0189613,0.0217535,0.0183614,0.0153698,0.0115158,0.0179203,0.0204709,0.0309355,0.0441589,0.078162,0.113043,0.164287
859.281,0.0435543,0.047202,0.0389163,0.0449727,0.0390121,0.0333769,0.0285707,0.0279212,0.0206025,0.0242777,0.0233712,0.0192499,0.0214235,0.0229418,0.0377053,0.0506471,0.081276,0.123121,0.161406
859.64,0.0493939,0.0533299,0.0456495,0.0411298,0.0456554,0.0346821,0.0338689,0.0277808,0.029936,0.0253,0.0248837,0.0251911,0.0250827,0.0334497,0.0367258,0.0550181,0.0811688,0.117373,0.165711
859.999,0.0467946,0.0524327,0.0422867,0.0445364,0.0403437,0.035717,0.0334903,0.0302606,0.0248993,0.0249064,0.0214785,0.0214631,0.0257988,0.0281684,0.0408171,0.0557633,0.0854814,0.122655,0.164617
860.358,0.0423852,0.0427631,0.0372722,0.0410161,0.0319903,0.0358624,0.0251753,0.0226997,0.0141601,0.0268777,0.0187357,0.01304,0.012584,0.0221566,0.0334392,0.0489691,0.0800247,0.117915,0.158042
860.717,0.0427899,0.0410902,0.0394821,0.0377719,0.0403734,0.033378,0.0294313,0.025646,0.025472,0.0198405,0.0189575,0.0191743,0.0266728,0.0268838,0.032162,0.0509935,0.0816164,0.120318,0.160133
861.076,0.0454426,0.0409331,0.0445182,0.0457499,0.0411692,0.0320065,0.037105,0.0263751,0.0264661,0.0217601,0.0209578,0.0243045,0.0222584,0.0302368,0.0389408,0.0556336,0.0814517,0.123822,0.16511
861.434,0.0457797,0.0447805,0.0439067,0.0470024,0.034928,0.0365141,0.0294145,0.0237664,0.0289396,0.0249447,0.0218605,0.0200585,0.0254561,0.0305078,0.0343759,0.0534136,0.0901611,0.12103,0.166126
861.793,0.0504437,0.0542831,0.0457541,0.0471776,0.0377388,0.0346823,0.0286415,0.0303926,0.0243328,0.0254561,0.0225019,0.0283444,0.0267842,0.0239752,0.0383868,0.059829,0.0839452,0.121158,0.171733
862.151,0.0533422,0.0403085,0.0403372,0.0347098,0.0374385,0.0314579,0.0270193,0.0300282,0.0247892,0.0254413,0.0207348,0.0237599,0.0228123,0.0274724,0.033161,0.0445387,0.0840538,0.114952,0.159038
862.509,0.0459075,0.0448233,0.0486657,0.0493867,0.0393493,0.0344411,0.0329708,0.0306255,0.0282303,0.018773,0.020205,0.0227108,0.0215578,0.0291961,0.038544,0.0605532,0.0835606,0.123898,0.161201
862.868,0.0508384,0.0467997,0.0447684,0.0508989,0.0409878,0.0371841,0.0317722,0.0334175,0.0324664,0.0242036,0.029756,0.0258852,0.0287996,0.0288309,0.0382809,0.0579136,0.0817778,0.131618,0.171957
863.226,0.0434259,0.0526366,0.0422521,0.048663,0.0286871,0.0332771,0.0309291,0.0304737,0.0265138,0.0205805,0.018872,0.018183,0.0152009,0.0234911,0.0357077,0.0482493,0.0803196,0.117088,0.169625
863.583,0.0519485,0.0424515,0.0431067,0.0409624,0.0354467,0.0337509,0.0292597,0.0336156,0.0284283,0.0285346,0.0265722,0.0178573,0.0220539,0.0282519,0.0384822,0.0462414,0.0840325,0.116254,0.165915
863.941,0.0435283,0.0508195,0.0406744,0.0426618,0.0412921,0.0342416,0.0302398,0.025529,0.0242353,0.0289347,0.0253632,0.027248,0.0202925,0.0271301,0.037329,0.058246,0.0797701,0.125418,0.1638
864.299,0.0419278,0.0388537,0.0381921,0.0379061,0.0331422,0.0296936,0.0280921,0.0230471,0.0202161,0.019488,0.0187862,0.0223752,0.0215962,0.0267382,0.029004,0.0596706,0.0838531,0.118069,0.161982
864.656,0.0545009,0.0539698,0.0468568,0.0464203,0.0412515,0.0360465,0.0319919,0.0338235,0.0194128,0.0242459,0.0182176,0.0279926,0.0276409,0.0284416,0.035681,0.0501291,0.0841056,0.121962,0.169494
865.014,0.0455955,0.0501407,0.0430149,0.0440877,0.0382616,0.0340847,0.0352893,0.025975,0.0244029,0.018679,0.0205722,0.0149995,0.0209615,0.0201669,0.0365962,0.0489203,0.0837091,0.120177,0.168724
865.371,0.0466972,0.0420384,0.0444526,0.0402004,0.0403319,0.0436918,0.0383066,0.030654,0.0338362,0.0241324,0.0254544,0.0292374,0.0256221,0.0295003,0.0422142,0.064284,0.0921677,0.129932,0.174587
865.728,0.0456623,0.0429571,0.0405924,0.0448187,0.0387562,0.0321646,0.0301491,0.028775,0.0241554,0.0266769,0.0206452,0.0209579,0.0174882,0.0268373,0.0371285,0.0552693,0.0843731,0.11914,0.167314
866.085,0.0442308,0.0458856,0.0471784,0.0371807,0.0415547,0.029102,0.0252382,0.0277502,0.0219977,0.0176974,0.0122456,0.0201969,0.017505,0.0232573,0.0354383,0.0520022,0.0835249,0.120841,0.169575
866.442,0.0401901,0.0440881,0.0439855,0.0417084,0.0341156,0.0276877,0.030077,0.0252616,0.0237624,0.0156506,0.0169128,0.0172505,0.018638,0.0217546,0.0309739,0.0502373,0.0789055,0.118293,0.159769
866.799,0.0453132,0.0494186,0.040412,0.0428147,0.0403765,0.0325915,0.0327581,0.0250664,0.0208489,0.0194622,0.0193255,0.0228302,0.0216381,0.0303485,0.0266782,0.0558372,0.0841944,0.128211,0.165158
867.155,0.0446819,0.042519,0.0452212,0.0433795,0.0392774,0.0324286,0.0296665,0.0287201,0.0172249,0.0222365,0.0149271,0.0199511,0.0172049,0.0209162,0.0332187,0.0524998,0.0789845,0.115564,0.167
867.512,0.044173,0.0437368,0.0435495,0.0425321,0.0373717,0.0342469,0.0244687,0.0327691,0.026033,0.0249291,0.0161803,0.0166088,0.0209818,0.0263707,0.0374586,0.0520403,0.0795714,0.117279,0.158839
867.868,0.0543896,0.0497184,0.0483105,0.0390041,0.0434509,0.038783,0.0356721,0.0346678,0.0326889,0.0251015,0.0206557,0.0225086,0.0194158,0.0301155,0.0375168,0.0578671,0.0917667,0.126565,0.168369
868.225,0.0466756,0.0441991,0.0491683,0.0482859,0.0341125,0.0321724,0.0298113,0.0323373,0.0246456,0.0224564,0.0233529,0.023504,0.0240194,0.0316309,0.0380967,0.0551051,0.0899681,0.122916,0.166697
868.581,0.0400059,0.0438532,0.0421057,0.0346681,0.0299547,0.0306048,0.0211032,0.0205683,0.0148991,0.022923,0.0181272,0.0175989,0.0185668,0.0276944,0.028686,0.0476386,0.0713644,0.123112,0.163239
868.937,0.048665,0.0484872,0.0426801,0.0414674,0.0397098,0.0355247,0.0325113,0.0319994,0.0241664,0.022569,0.0259173,0.0216543,0.030736,0.0265655,0.0373095,0.0555762,0.0856569,0.128228,0.174057
869.293,0.0466643,0.0540338,0.0426885,0.0423083,0.0359582,0.034552,0.0339038,0.0316769,0.023004,0.0278728,0.0211929,0.0267447,0.0201124,0.0293525,0.0354506,0.0504371,0.08619,0.1247,0.169858
869.648,0.0356183,0.040994,0.0423031,0.0333319,0.0297118,0.027577,0.0226513,0.0222031,0.0192095,0.016333,0.0128519,0.0115709,0.0151953,0.0185581,0.0240058,0.0417516,0.0663563,0.112621,0.156089
870.004,0.0392214,0.0499472,0.0446735,0.0407461,0.0440562,0.0258914,0.022959,0.0332236,0.022868,0.0232435,0.0209624,0.0229019,0.018232,0.0211404,0.0322842,0.0545168,0.0839732,0.116382,0.1696
870.359,0.0408428,0.0432268,0.0347115,0.0379819,0.0384404,0.0287246,0.0246036,0.0224475,0.0186556,0.0186085,0.0146761,0.0192998,0.0160474,0.0234593,0.0369861,0.0514371,0.0777993,0.114025,0.169116
870.715,0.0409153,0.043094,0.0496895,0.038977,0.0416093,0.0409106,0.0331258,0.0365683,0.0261989,0.0254626,0.0189777,0.0187264,0.0211558,0.0258311,0.0436132,0.0605654,0.0795057,0.123129,0.163356
871.07,0.0354761,0.0446157,0.0391886,0.0322955,0.0329216,0.0265458,0.0358083,0.0206452,0.0201162,0.0134166,0.0154777,0.00881357,0.0190042,0.0247376,0.0263772,0.0492964,0.0754669,0.113652,0.158561
871.425,0.0514832,0.0506088,0.0465807,0.0386753,0.0396762,0.0315264,0.0320797,0.0320272,0.0281566,0.0273183,0.0255891,0.0253104,0.0247369,0.0289001,0.0311028,0.0581034,0.0856881,0.123682,0.173155
871.78,0.0512397,0.0446726,0.0443819,0.0364484,0.0361786,0.0310635,0.0294477,0.028062,0.0231694,0.0190256,0.0238347,0.0149956,0.0194116,0.0255406,0.032425,0.050565,0.08433,0.115478,0.161007
872.135,0.0371957,0.0376124,0.0389968,0.040017,0.0327733,0.0326967,0.0218444,0.018528,0.0232926,0.0168362,0.0131059,0.0135498,0.0139051,0.0235386,0.0254261,0.0431605,0.074969,0.122558,0.169523
872.49,0.0416936,0.0493845,0.053515,0.0469673,0.0444274,0.0417703,0.0340619,0.024774,0.0247142,0.0228902,0.0239061,0.0238186,0.0207237,0.021037,0.0432907,0.0511294,0.0768812,0.11905,0.171107
872.844,0.0451483,0.0463758,0.0520231,0.0438499,0.0405048,0.0378766,0.0311639,0.0215716,0.0272968,0.0298635,0.02608,0.0188941,0.0238784,0.0315047,0.036172,0.0538641,0.0910675,0.132326,0.170927
873.199,0.0424966,0.0437019,0.0453098,0.0477148,0.0380312,0.033322,0.026056,0.0262559,0.018324,0.0286793,0.0232481,0.0193431,0.0225802,0.0296359,0.034868,0.0519059,0.0777166,0.119029,0.164328
873.553,0.0413998,0.0472885,0.0385928,0.040836,0.0378918,0.0295615,0.0290992,0.0259114,0.0199755,0.0231477,0.0187767,0.0169376,0.021418,0.0252297,0.0312864,0.0504705,0.08022,0.122248,0.169753
873.908,0.0486591,0.0409093,0.0401086,0.0411723,0.0384581,0.0297822,0.0205003,0.0285768,0.0198716,0.01464,0.0210774,0.0217028,0.0196663,0.0217648,0.0334908,0.0517697,0.0786299,0.120468,0.159405
874.262,0.0470512,0.0498225,0.0461708,0.0459082,0.0470612,0.0320271,0.0335198,0.028192,0.0308421,0.0263164,0.0312724,0.021165,0.0258362,0.0275015,0.038435,0.0579815,0.0839546,0.11847,0.171052
874.616,0.050837,0.0477752,0.0415996,0.0479017,0.0390399,0.0415802,0.0304583,0.0385947,0.0276622,0.0238294,0.0246367,0.0271523,0.0222505,0.0263254,0.0354878,0.0511243,0.0918412,0.13431,0.166996
874.97,0.0512005,0.0524916,0.0509933,0.0416699,0.0426597,0.049405,0.0280995,0.0353711,0.0318455,0.0321835,0.0283189,0.0306429,0.0276374,0.03513,0.0384696,0.0546179,0.0904546,0.129767,0.1664
875.323,0.0533512,0.0528238,0.0471163,0.0447692,0.0422581,0.0345373,0.0346317,0.0251579,0.0357549,0.0228469,0.0181471,0.0191298,0.0251203,0.0274768,0.0278416,0.0546356,0.0946337,0.128914,0.179233
875.677,0.0444803,0.0450949,0.0501415,0.038271,0.0363625,0.0332543,0.036736,0.0281325,0.02337,0.0288601,0.0147408,0.0150759,0.0173538,0.026838,0.0314612,0.0537542,0.083912,0.119703,0.165502
876.031,0.0490242,0.0443612,0.0396133,0.0414351,0.035923,0.0325752,0.0276611,0.0272733,0.0237537,0.0229421,0.0166314,0.01829,0.0160663,0.0318452,0.043225,0.0491452,0.0808291,0.12024,0.164831
876.384,0.0545534,0.0449522,0.0465046,0.0432059,0.0352714,0.0296071,0.0338988,0.0283083,0.0251431,0.0240589,0.0185852,0.0228507,0.0174899,0.0232725,0.0302726,0.0489333,0.0831583,0.114303,0.16584
876.737,0.0543757,0.0433139,0.0405818,0.0439592,0.035255,0.0387369,0.0306156,0.0272904,0.0218241,0.0235637,0.0264925,0.0280361,0.0181976,0.0249584,0.0441586,0.0502508,0.0875504,0.127332,0.169571
877.09,0.0388416,0.0477231,0.0444128,0.0462765,0.0378832,0.0374546,0.0282664,0.0220783,0.0293121,0.024521,0.0288733,0.0230574,0.0211096,0.0255939,0.0374766,0.054149,0.0826052,0.126738,0.166377
877.443,0.0463548,0.0482983,0.0530503,0.0445612,0.0445345,0.0327707,0.0322091,0.0293138,0.0304276,0.022178,0.0330864,0.0213888,0.0304551,0.0240896,0.0413718,0.0565389,0.0949877,0.119954,0.164341
877.796,0.048024,0.0473336,0.0450906,0.0412187,0.0424136,0.0374279,0.0339573,0.0215102,0.0219514,0.0217568,0.025163,0.0186846,0.0269417,0.0283148,0.0386316,0.0597491,0.0759155,0.119959,0.164626
878.149,0.0465891,0.0481489,0.0493117,0.0356974,0.0324781,0.0356008,0.035909,0.0311435,0.0217559,0.0274364,0.0159865,0.0126649,0.0229256,0.031106,0.0418652,0.0511775,0.0784176,0.127159,0.162368
878.501,0.0471003,0.0391002,0.044609,0.0360108,0.0339821,0.0361122,0.0325705,0.0234498,0.0254669,0.0295679,0.0233856,0.0233785,0.0237615,0.0265298,0.0393304,0.0520445,0.0755001,0.112991,0.162918
878.854,0.0487876,0.047614,0.0460307,0.0419196,0.0356054,0.0326492,0.0252506,0.0301654,0.0192474,0.0254724,0.0222526,0.0237096,0.0255117,0.0259356,0.0362404,0.0552716,0.083067,0.130863,0.164325
879.206,0.0404213,0.0418912,0.0452195,0.0422309,0.032117,0.0217293,0.0291899,0.0251094,0.0203992,0.0159492,0.0142673,0.0170357,0.0223499,0.0204665,0.036474,0.0461022,0.0767362,0.119639,0.159471
879.559,0.0509544,0.04466,0.0388017,0.0443533,0.0326173,0.0363555,0.0367081,0.028198,0.0294289,0.0179627,0.0207558,0.0228496,0.0207767,0.0271547,0.032947,0.0589609,0.0834888,0.124201,0.167572
879.911,0.0414774,0.0383957,0.0383228,0.0392522,0.0333149,0.0340898,0.0304605,0.019675,0.0228864,0.0191821,0.0163164,0.0202055,0.0195466,0.0241876,0.0360124,0.0491044,0.0744527,0.118183,0.163205
880.263,0.0511283,0.0505919,0.0549364,0.0451796,0.0420186,0.0353742,0.0318614,0.0237269,0.0259965,0.026008,0.0143231,0.0192245,0.0232797,0.0294386,0.042044,0.0634265,0.0832267,0.121689,0.173682
880.615,0.0435303,0.0316839,0.0468455,0.0371548,0.0273461,0.0322732,0.0317156,0.0199665,0.0227498,0.0148014,0.0115397,0.0176737,0.0165898,0.0230315,0.0315943,0.0481853,0.0739061,0.115558,0.172574
880.966,0.0397211,0.0441727,0.0463875,0.044729,0.0386096,0.0343107,0.0235986,0.0236086,0.0169701,0.0206614,0.0191743,0.0148927,0.0144023,0.0234924,0.0403039,0.0514899,0.0766798,0.116692,0.16736
881.318,0.0481704,0.05289,0.0497189,0.0466468,0.0371166,0.0335707,0.0254224,0.0335961,0.0264594,0.0257224,0.030689,0.0171497,0.0323954,0.0225202,0.0481166,0.0592291,0.085635,0.119159,0.167583
881.669,0.0429602,0.0456818,0.0455575,0.0454155,0.0409146,0.0300281,0.0344029,0.0304582,0.0277101,0.0167926,0.0223558,0.0214061,0.0185157,0.0250144,0.0331048,0.0601378,0.0875171,0.124298,0.165042
882.021,0.0408293,0.0443287,0.0405974,0.0422949,0.0307667,0.0403632,0.0296032,0.0248401,0.022324,0.0197109,0.00914578,0.015139,0.0245346,0.0190789,0.0336087,0.0476666,0.0832764,0.118044,0.162164
882.372,0.0349168,0.046769,0.035123,0.0380653,0.0323428,0.02891,0.027594,0.0257678,0.0200926,0.0171813,0.0130635,0.0147465,0.0248037,0.0228722,0.0300893,0.0502112,0.0757451,0.116287,0.156949
882.723,0.0401193,0.0469144,0.0431439,0.0525506,0.0396003,0.035746,0.0406473,0.0261419,0.0273049,0.028005,0.0311325,0.0216498,0.0275936,0.03364,0.0346402,0.0536542,0.0854996,0.117414,0.161102
883.074,0.0441823,0.0499405,0.0482446,0.0484051,0.0308791,0.0317505,0.0284907,0.0268076,0.0243835,0.0239739,0.02093,0.0211977,0.0162633,0.0159643,0.032112,0.055313,0.0860611,0.122479,0.167475
883.425,0.0425327,0.0414886,0.0406357,0.044445,0.0371176,0.0344094,0.0270261,0.0288005,0.0241297,0.0192663,0.0208215,0.0171426,0.0149351,0.0258243,0.0278813,0.0464879,0.0778433,0.114581,0.166988
883.776,0.0441293,0.0457224,0.0388292,0.0396232,0.0340481,0.0325434,0.0233206,0.033519,0.0209046,0.0189917,0.0195805,0.0185941,0.0191297,0.0163867,0.0307689,0.0452462,0.0776545,0.123652,0.168964
884.126,0.0510269,0.046581,0.0387494,0.0420691,0.0340327,0.0326481,0.030064,0.0275703,0.0284274,0.0242895,0.0214553,0.0172798,0.0246121,0.0293406,0.0391969,0.0551724,0.081472,0.122897,0.175219
884.477,0.0416287,0.0436843,0.0492279,0.0451492,0.0475685,0.0291198,0.0313928,0.0282848,0.0243079,0.0245273,0.0235949,0.0230702,0.0215521,0.0270785,0.0334474,0.063546,0.0848554,0.125172,0.167966
884.827,0.0511004,0.0471384,0.0478725,0.0402208,0.0437556,0.0342879,0.0309178,0.0303053,0.0236476,0.0242229,0.0168414,0.0279333,0.0203655,0.0282542,0.0439329,0.0651429,0.0911742,0.122114,0.168645
885.177,0.0531284,0.0519677,0.0431841,0.0405399,0.0387464,0.0339929,0.0325412,0.0363108,0.0322157,0.0272075,0.0174508,0.018809,0.025382,0.0330597,0.0356558,0.056124,0.0907248,0.130705,0.173613
885.528,0.0476997,0.0482688,0.0425283,0.0381514,0.0331678,0.0302013,0.033485,0.0258923,0.0254288,0.0260925,0.0200995,0.0197597,0.0179281,0.0309321,0.034567,0.0504368,0.0871905,0.125594,0.166652
885.878,0.0531741,0.055519,0.0468109,0.0451499,0.0393643,0.0353083,0.039501,0.0307111,0.0341008,0.0316679,0.0239658,0.0221994,0.0206135,0.0366775,0.0324684,0.0631173,0.0889096,0.130757,0.170085
886.227,0.0496029,0.0576631,0.0447494,0.0404025,0.0416819,0.0413322,0.04216,0.0311302,0.031801,0.0295901,0.0220728,0.0280846,0.0308009,0.0328861,0.0393493,0.0553622,0.0942577,0.129182,0.185103
886.577,0.0380383,0.0387463,0.0408662,0.0403929,0.0388195,0.0304985,0.0299276,0.0316118,0.0223411,0.0305114,0.0239802,0.0149093,0.0182283,0.0260037,0.0324972,0.0502284,0.0826435,0.126393,0.163958
886.927,0.0552234,0.061058,0.0514308,0.05803,0.0460014,0.0499731,0.0301513,0.0353307,0.0304141,0.0195722,0.0263363,0.0270233,0.0187624,0.0303581,0.0375325,0.059415,0.0851512,0.131235,0.174345
887.276,0.0487378,0.0555325,0.0478719,0.0447279,0.0420453,0.0433997,0.0334424,0.0412139,0.0285358,0.024582,0.0210117,0.0223484,0.0263078,0.0324681,0.0348805,0.0507258,0.0838505,0.117326,0.161315
887.626,0.0623874,0.0595781,0.0535184,0.0482797,0.0401245,0.0400113,0.0357135,0.0364258,0.0333852,0.0274433,0.0280997,0.0256035,0.0239022,0.0320934,0.0513118,0.0602164,0.0951786,0.135063,0.16708
887.975,0.0405545,0.0386996,0.0309111,0.0309648,0.029405,0.0179272,0.0211969,0.0147717,0.0182513,0.0187164,0.00778535,0.0103262,0.0164034,0.0156687,0.0244506,0.0430253,0.076636,0.119409,0.159858
888.324,0.0453638,0.0430425,0.039623,0.043057,0.0265531,0.0295614,0.0367814,0.0296875,0.0260209,0.0255875,0.0204423,0.0227519,0.0220433,0.0231522,0.039179,0.0530633,0.0830247,0.122849,0.163147
888.673,0.0433329,0.0476417,0.0297423,0.0424029,0.0398807,0.0325203,0.0281297,0.0306644,0.0178515,0.0183865,0.0215607,0.0209827,0.0244963,0.0311786,0.0405448,0.0590669,0.0822199,0.122055,0.168683
889.022,0.0400491,0.0423372,0.0384605,0.0431717,0.0362835,0.0303369,0.0303802,0.0272076,0.0204455,0.0223314,0.0239593,0.018838,0.0238556,0.0221143,0.0347617,0.0531294,0.0823832,0.121397,0.163896
889.37,0.0461807,0.0427377,0.0453413,0.0373605,0.0314169,0.0374725,0.0327636,0.0323849,0.020136,0.0225194,0.0182803,0.0202043,0.0166745,0.0260303,0.0336448,0.0489952,0.0796349,0.119543,0.156453
889.719,0.0493875,0.0483927,0.0517801,0.0540806,0.0403443,0.0401464,0.0392999,0.0342249,0.0208346,0.0252015,0.0270485,0.0267982,0.0268439,0.0291402,0.0565745,0.0560545,0.0918788,0.12994,0.174166
890.068,0.0471299,0.0511013,0.0379922,0.0460821,0.0367726,0.0323434,0.0297994,0.0312091,0.0313254,0.023481,0.0196297,0.020596,0.0210228,0.0242744,0.033356,0.0395083,0.0865394,0.11622,0.167893
890.416,0.044121,0.0500267,0.0485261,0.0473249,0.0566454,0.0341018,0.0369728,0.0323064,0.0241384,0.0218124,0.0292326,0.0260437,0.0268448,0.0368214,0.0404865,0.0505432,0.0911584,0.123263,0.176255
890.764,0.0533042,0.0442613,0.0542548,0.0402267,0.0480385,0.0485501,0.0337743,0.0292338,0.0223312,0.0282409,0.0274836,0.0297195,0.0190021,0.0229189,0.0354559,0.0582057,0.0888714,0.120727,0.172203
891.112,0.0399626,0.0444251,0.0437328,0.0420253,0.0395497,0.0334424,0.0213311,0.0286901,0.0238521,0.0250298,0.0267963,0.0167243,0.0146877,0.0304975,0.0358246,0.0486373,0.0731946,0.112902,0.157546
891.46,0.0382934,0.0435853,0.0422532,0.0268314,0.04149,0.0277786,0.0315194,0.0171795,0.0190973,0.0199774,0.013693,0.0128462,0.0154874,0.0143056,0.0282318,0.0496038,0.0818975,0.1168,0.156329
891.808,0.039289,0.0421329,0.0419684,0.0409103,0.0382901,0.0351422,0.028671,0.0356355,0.025228,0.0176813,0.0202673,0.0200479,0.0262092,0.0239083,0.039877,0.0477907,0.0843703,0.123091,0.158274
892.156,0.0429756,0.0506894,0.0392677,0.0385325,0.0456261,0.0368444,0.0321462,0.0247098,0.0311422,0.0249078,0.0246305,0.0158691,0.0255876,0.0194636,0.032587,0.0481442,0.0868237,0.120912,0.163499
892.503,0.0499525,0.0611666,0.0433048,0.0517153,0.042432,0.04639,0.0402736,0.0254676,0.0313772,0.0326476,0.0250529,0.0298345,0.018654,0.032638,0.0465624,0.0555471,0.0912985,0.131985,0.17726
892.851,0.0417878,0.0413768,0.0386827,0.0372867,0.0394214,0.0267862,0.0374078,0.0138125,0.021403,0.0261824,0.0222657,0.0164921,0.0198006,0.0258113,0.0313953,0.0461444,0.0827422,0.122197,0.179655
893.198,0.0514712,0.045131,0.0402496,0.037501,0.0375328,0.0402913,0.0321572,0.0269898,0.0331476,0.0271236,0.0312414,0.0183199,0.0155733,0.0264192,0.0271266,0.0563122,0.0779638,0.118855,0.157207
893.545,0.0509402,0.0542097,0.0457201,0.0427409,0.0426174,0.0346739,0.0412401,0.0279206,0.0315034,0.0254881,0.0266783,0.0293925,0.0227662,0.0331429,0.0334753,0.0547418,0.0923183,0.117031,0.157001
893.892,0.0497582,0.0472272,0.0478351,0.048359,0.0447428,0.0316829,0.03881,0.0314375,0.0305125,0.0262674,0.0288065,0.0259299,0.0263933,0.0342896,0.0401092,0.0568884,0.091503,0.121903,0.168978
894.239,0.0375257,0.0494662,0.0401876,0.0438188,0.0306273,0.0300595,0.0259707,0.021955,0.0186972,0.0201753,0.0108988,0.0151709,0.0169733,0.0266477,0.0300362,0.0436849,0.0674063,0.115326,0.163397
894.586,0.0475856,0.0548353,0.0512635,0.0484483,0.0430414,0.0332011,0.0296568,0.0248978,0.0276042,0.0258171,0.0184744,0.0200344,0.0201805,0.0257073,0.0386838,0.057275,0.08509,0.122088,0.174887
894.933,0.0491827,0.0501366,0.0456124,0.034055,0.0340807,0.037578,0.0335185,0.0164263,0.0246809,0.0149272,0.0207803,0.0204624,0.0145034,0.0279652,0.0420359,0.0507744,0.0817384,0.124662,0.167084
895.28,0.0405991,0.0483004,0.0397216,0.0468874,0.03029,0.037688,0.0331745,0.0255177,0.0162303,0.0228883,0.0204408,0.021467,0.0117859,0.0268813,0.0422816,0.0597706,0.0859023,0.127387,0.171582
895.626,0.0441788,0.0516119,0.0352184,0.034165,0.0443609,0.0290169,0.0258947,0.0223549,0.0311757,0.0178177,0.0225351,0.0286531,0.0170305,0.0335349,0.0394891,0.0541828,0.0789208,0.119154,0.159304
895.972,0.0382428,0.04684,0.0431846,0.034372,0.0405778,0.0278049,0.027438,0.024966,0.0225182,0.016809,0.0268352,0.0303971,0.021012,0.016912,0.0345368,0.0572092,0.0832974,0.12567,0.185218
896.319,0.0556186,0.0559995,0.0473828,0.0412081,0.0478503,0.0311097,0.0264105,0.0309251,0.0245183,0.0266504,0.0339805,0.0176275,0.0211943,0.0249371,0.0351949,0.0605421,0.0794328,0.120284,0.168234
896.665,0.0359073,0.0363936,0.0443109,0.0366698,0.0418803,0.0234114,0.0189452,0.0230129,0.0320737,0.0245731,0.0201794,0.0269694,0.00946525,0.0266678,0.0352192,0.0503753,0.0870102,0.106807,0.163336
897.011,0.0436981,0.0415868,0.0325692,0.0483555,0.0355424,0.033229,0.0280383,0.0378505,0.023437,0.0209405,0.0153809,0.0243691,0.0120852,0.0184262,0.0325413,0.051564,0.0755498,0.120878,0.155647
897.356,0.0465833,0.0549978,0.0430245,0.0472073,0.0396523,0.0417794,0.0473534,0.0384746,0.0316145,0.0301801,0.0183519,0.0287525,0.0257339,0.0288263,0.0463134,0.0569671,0.0871572,0.126279,0.170011
897.702,0.0466691,0.0473233,0.0441915,0.0372203,0.0327576,0.0308622,0.0263772,0.0238257,0.0209897,0.0134674,0.0212611,0.0137887,0.0160532,0.0189705,0.0287916,0.0507878,0.081395,0.121617,0.156162
898.048,0.0374957,0.0315785,0.0378397,0.0445041,0.031358,0.0372275,0.0196231,0.0254416,0.0312035,0.0118111,0.0152046,0.0126262,0.0185527,0.0221264,0.0223813,0.0417121,0.0840547,0.107848,0.153549
898.393,0.0443247,0.0400143,0.0536604,0.0461983,0.0259868,0.0352814,0.023548,0.0281455,0.0272645,0.0232658,0.0217189,0.0266234,0.0239473,0.0281216,0.0267908,0.0503667,0.0886067,0.122621,0.168495
898.738,0.0580343,0.0551933,0.0427238,0.0493787,0.0414682,0.0402858,0.0300875,0.03525,0.0281302,0.0246533,0.0269034,0.0292038,0.023221,0.0311694,0.0411868,0.0556449,0.085199,0.12763,0.165982
899.084,0.0537949,0.0513058,0.0450278,0.0445131,0.0395379,0.0390338,0.0276853,0.0289377,0.0278997,0.0201349,0.026232,0.0276413,0.0235082,0.0219165,0.0259413,0.05324,0.08988,0.122874,0.1619
899.429,0.0433201,0.0399435,0.034811,0.0475516,0.0380745,0.0305762,0.0243613,0.024725,0.0181951,0.0195121,0.0173283,0.0223752,0.0181164,0.0247592,0.0396316,0.0503708,0.0848165,0.123778,0.157314
899.774,0.0536914,0.0531347,0.0475661,0.0477461,0.0463494,0.0378374,0.0377132,0.0340324,0.0344973,0.024019,0.0293987,0.0167404,0.0295604,0.0337586,0.0384197,0.0659651,0.0913476,0.127418,0.165473
900.119,0.0391015,0.0407045,0.0429314,0.0376209,0.0258331,0.0296516,0.0274845,0.0134693,0.0215344,0.0157223,0.020626,0.00577466,0.0128471,0.0282538,0.0266256,0.0555121,0.0737993,0.112252,0.165526
900.463,0.0374621,0.0409736,0.0395099,0.042834,0.0313779,0.0281952,0.0175153,0.0193386,0.0218983,0.00674761,0.0125288,0.0111514,0.00654599,0.00748261,0.0233486,0.0484353,0.0768867,0.111718,0.16794
900.808,0.0371139,0.042202,0.0334322,0.0394631,0.0343514,0.036337,0.0280112,0.0303489,0.0229809,0.0214765,0.00696354,0.0173138,0.019844,0.0221028,0.036288,0.0439539,0.0834123,0.124245,0.15245
901.152,0.0392347,0.0406162,0.0446661,0.0352128,0.0285476,0.0228836,0.0204589,0.00564548,0.0192285,0.0166739,0.019711,0.00878384,0.0127882,0.0188882,0.030305,0.0496055,0.0766862,0.124241,0.167087
901.497,0.0529307,0.0530879,0.0466189,0.0445148,0.0336864,0.0286332,0.0358117,0.024532,0.0268887,0.0241383,0.0187405,0.0156815,0.0208034,0.034442,0.0392506,0.0585012,0.0784223,0.131309,0.173971
901.841,0.0570692,0.0533519,0.050911,0.0594421,0.0610508,0.0394285,0.03736,0.043133,0.0340181,0.0414729,0.0345025,0.0274184,0.0285518,0.0265601,0.0519695,0.0591077,0.0945566,0.127268,0.1811
902.185,0.0351686,0.0447347,0.0477785,0.0400744,0.038725,0.0376696,0.032621,0.0239829,0.019113,0.0181045,0.0197688,0.0185784,0.0237175,0.0226532,0.0361849,0.0571978,0.0789908,0.118754,0.178516
902.529,0.0381393,0.0375593,0.0350612,0.0324035,0.0430446,0.0285652,0.0269054,0.0155081,0.0249221,0.00807367,0.0137035,0.0174884,0.0103862,0.0176325,0.0327447,0.044629,0.0713158,0.118071,0.153545
902.873,0.0518448,0.0504601,0.0514821,0.0441743,0.0422639,0.0393099,0.0271008,0.0300714,0.0305854,0.0208735,0.03492,0.035024,0.0288858,0.0422036,0.0469824,0.062747,0.0827531,0.126077,0.157321
903.216,0.0536091,0.0576864,0.05141,0.0496281,0.0463166,0.0523932,0.0399549,0.035037,0.0350899,0.0288431,0.0300995,0.019272,0.0265231,0.0317752,0.0415475,0.0701762,0.0959721,0.139202,0.177673
903.56,0.0345879,0.0406104,0.0307095,0.0322052,0.0412761,0.0318694,0.0304582,0.0375404,0.016915,0.0184271,0.00766455,0.0188896,0.0228501,0.0143568,0.0315446,0.0376607,0.0722277,0.115305,0.167575
903.903,0.0377077,0.0446459,0.0451682,0.0503974,0.0391941,0.0340722,0.0265932,0.0380058,0.0332103,0.0107342,0.0249279,0.0296689,0.021102,0.0266626,0.0386097,0.0584927,0.0785356,0.118049,0.173544
904.247,0.0424446,0.0393585,0.0293637,0.0382847,0.0388678,0.0392767,0.0221654,0.0176456,0.0198741,0.0195372,0.0186298,0.0178989,0.0282963,0.0304442,0.0273125,0.0433589,0.0775071,0.122426,0.162604
904.59,0.0467942,0.0497556,0.0371924,0.0443413,0.0352354,0.0418631,0.0217002,0.0242705,0.026879,0.0236498,0.0248971,0.0157625,0.0171666,0.0307136,0.0333937,0.0602303,0.0784025,0.117138,0.174615
904.933,0.0452175,0.0444869,0.0514356,0.0476716,0.0283026,0.0351371,0.0200659,0.0319066,0.025015,0.0155798,0.0157995,0.0198739,0.0119197,0.0145508,0.0286555,0.0541889,0.0815752,0.111449,0.154579
905.276,0.0389912,0.0428306,0.0432228,0.0421147,0.0313496,0.0252374,0.0264571,0.0269465,0.0269245,0.03547,0.0180381,0.0178484,0.0211775,0.0233632,0.0437856,0.0478529,0.0794656,0.12834,0.166166
905.619,0.0546348,0.0424479,0.0485724,0.0396681,0.0384978,0.0258439,0.0284341,0.0172575,0.0231896,0.0178835,0.020017,0.0233178,0.0206573,0.0187999,0.0253334,0.0570351,0.0740716,0.117627,0.157699
905.961,0.0499969,0.0397481,0.059903,0.0468798,0.0387388,0.0392471,0.0279528,0.0300295,0.026278,0.0143289,0.0204403,0.0276143,0.0236849,0.0304138,0.0428175,0.0578811,0.0917886,0.13606,0.169174
906.304,0.0348865,0.0376616,0.0412244,0.0296924,0.0280126,0.0378278,0.0243268,0.0271587,0.0208582,0.0134445,0.0121637,0.00547151,0.0128044,0.0227502,0.0253413,0.0502924,0.0738081,0.113275,0.159101
906.646,0.0376014,0.0414857,0.0328922,0.0400259,0.0257955,0.0359914,0.0206587,0.0274293,0.019752,0.0186488,0.0215911,0.0230244,0.0174739,0.0208431,0.0271172,0.0379251,0.0738458,0.114407,0.16337
906.988,0.0491496,0.0522585,0.0519337,0.0460007,0.0397728,0.0417269,0.0272662,0.0329934,0.0252288,0.0203328,0.0242429,0.0111408,0.0218856,0.0375808,0.0399286,0.0529417,0.0825143,0.123803,0.161519
907.331,0.0336867,0.035528,0.04183,0.0344318,0.0299192,0.0324655,0.0181378,0.0260224,0.0115972,0.00474163,0.0224686,0.0150963,0.0209801,0.0136391,0.0399091,0.0486251,0.069635,0.107267,0.162369
907.673,0.0365132,0.0438716,0.0426375,0.0399946,0.0319209,0.0308601,0.0244499,0.0274049,0.0212694,0.00723538,0.0245306,0.00885664,0.0133592,0.0141,0.0385431,0.0545188,0.0755087,0.112056,0.167984
908.015,0.0359922,0.0324137,0.0345576,0.0274627,0.0313523,0.0249005,0.0205638,0.0297969,0.0214398,0.017696,0.0182831,0.00746563,0.0106492,0.0232234,0.0223834,0.050841,0.0798691,0.123442,0.16564
908.356,0.02915,0.0383619,0.0399624,0.028853,0.0297389,0.0264267,0.0218192,0.0157876,0.00701978,0.0140344,0.0129733,0.021119,0.0139181,0.00730563,0.0165665,0.0499593,0.0681779,0.112997,0.165548
908.698,0.0407541,0.03137,0.0337885,0.0351809,0.0230538,0.0218941,0.0244551,0.0171007,0.0252994,0.0157646,0.0201815,0.0132063,0.0128021,0.0248035,0.0278315,0.0563002,0.0824649,0.106099,0.159312
909.04,0.0370296,0.0440287,0.0433674,0.0387175,0.028546,0.0219578,0.026534,0.0201325,0.0191622,0.0183793,0.020761,0.0219596,0.013567,0.0243347,0.040641,0.0562857,0.0752009,0.119894,0.163636
909.381,0.0601703,0.0616474,0.0489055,0.0546719,0.0522267,0.0620122,0.0489894,0.0426043,0.0326477,0.0315668,0.0319552,0.0313759,0.0330361,0.04782,0.0471941,0.0688527,0.0910074,0.140514,0.179992
909.722,0.0332931,0.0382957,0.0305397,0.0320596,0.0209349,0.0208819,0.0214297,0.0210068,0.0132944,-0.00515835,0.0155832,0.0092112,0.0105725,0.00279309,0.0264827,0.0389204,0.0729461,0.0996099,0.15751
910.063,0.0398996,0.0414699,0.0442526,0.0465968,0.0300523,0.0385326,0.0219973,0.0178967,0.0376202,0.0266488,0.0281222,0.0149718,0.0173761,0.0243906,0.0345473,0.0512253,0.0827693,0.125012,0.169502
910.405,0.0386636,0.0346495,0.0435493,0.0373146,0.0342432,0.0362205,0.0334434,0.0272178,0.0281011,0.0215333,0.0180021,0.0220737,0.00793025,0.035489,0.0432813,0.0415596,0.0895308,0.115896,0.176816
910.745,0.0502895,0.043399,0.0413956,0.0460477,0.0380711,0.0267326,0.0207887,0.0084869,0.0294577,0.011966,0.0176681,0.0109878,0.00882039,0.0371466,0.0276418,0.0509153,0.0853904,0.10907,0.157696
911.086,0.0404977,0.0362134,0.0410033,0.0394072,0.0349604,0.02929,0.0296259,0.0122815,0.0147901,0.0214193,0.0166746,0.0206891,0.0219595,0.0198305,0.0340094,0.0541042,0.0765836,0.120439,0.158335
911.427,0.0390457,0.0530481,0.0438312,0.0298789,0.0368893,0.0353448,0.0319796,0.0265016,0.0294801,0.0237183,0.0181085,0.0257049,0.0281181,0.0228845,0.0247587,0.0543867,0.0879967,0.109503,0.171541
911.767,0.0417622,0.0391765,0.0334161,0.0352657,0.0395041,0.0390673,0.028528,0.0144908,0.0163496,0.0261482,0.0242566,0.0129875,0.0232619,0.0285919,0.0308226,0.0411661,0.0750795,0.118724,0.165376
912.108,0.0620156,0.0487387,0.062718,0.0454138,0.0456148,0.0419198,0.0318751,0.0260288,0.0427685,0.0293586,0.027932,0.024825,0.0314428,0.0326205,0.0419745,0.0628241,0.0855461,0.135044,0.17346
912.448,0.0440976,0.0338241,0.0329022,0.0278294,0.040227,0.0170541,0.0321405,0.0203129,0.00983183,0.0128342,0.00529336,0.00706811,0.0149611,0.0119036,0.0192678,0.0396144,0.0787582,0.129709,0.16707
912.788,0.0445708,0.0428198,0.0500666,0.0514647,0.0427865,0.0400436,0.0268156,0.0267993,0.0253133,0.0270337,0.0184391,0.0266775,0.0286074,0.0265337,0.0325342,0.0495047,0.0822366,0.11879,0.182056
913.128,0.0531115,0.0473957,0.0401975,0.0392238,0.0388241,0.0321166,0.028668,0.0299862,0.0236082,0.0255511,0.0297469,0.0229235,0.0159442,0.0337936,0.0312974,0.0495391,0.0823602,0.109563,0.172602
913.468,0.0603062,0.0515502,0.0522297,0.0481995,0.0406123,0.047763,0.0343798,0.0329269,0.0326531,0.0213896,0.0289127,0.0321822,0.0394042,0.0225162,0.0414279,0.0633213,0.0948741,0.123496,0.184415
913.808,0.0367958,0.045846,0.0391226,0.0416105,0.0379729,0.00683648,0.0142907,0.00352182,0.013882,0.0163264,0.01502,0.0174998,0.00502417,0.00687678,0.0232493,0.0429508,0.0798127,0.116619,0.159379
914.148,0.0454399,0.0394881,0.0493093,0.0519703,0.0320216,0.0292141,0.0334085,0.0182559,0.0238084,-0.000687228,0.0261575,0.0259336,0.0234697,0.0251623,0.0468538,0.0546863,0.0896331,0.0986626,0.16481
914.487,0.039669,0.0294635,0.0524401,0.044046,0.0256003,0.0319154,0.0265836,0.0198472,0.01517,0.0104088,0.0247934,0.00865246,0.0206066,0.0179591,0.0174779,0.0524182,0.0653171,0.105922,0.15226
914.826,0.0499657,0.0529773,0.041548,0.0400971,0.0377348,0.0248899,0.022739,0.0306159,0.0190705,0.0206929,0.0185671,0.0204575,0.0239299,0.0235107,0.0425732,0.0576326,0.0760948,0.132747,0.171298
915.166,0.0501191,0.0435027,0.0352524,0.0460547,0.0260825,0.0401464,0.018077,0.0256869,0.0212164,0.0281919,0.00825624,0.0313961,0.0220927,0.0310241,0.0302012,0.0591791,0.0811141,0.123244,0.159358
915.505,0.0269862,0.0366783,0.0253604,0.028899,0.0269016,0.0134953,0.01734,0.0132639,0.00438115,0.0119367,0.00810276,0.0187972,0.0167252,0.0108557,0.0250466,0.0364094,0.0671553,0.107695,0.151112
915.844,0.045517,0.0642796,0.0476939,0.0454658,0.0412467,0.0419379,0.0400279,0.027261,0.0180993,0.0201958,0.00865921,0.0227762,0.0272021,0.0329323,0.0393724,0.0652997,0.0925284,0.121741,0.17005
916.183,0.0503603,0.059345,0.0494829,0.0495045,0.0487711,0.0425407,0.0417168,0.0413925,0.0342464,0.0321942,0.0355046,0.0197856,0.0370868,0.0379752,0.0545023,0.0597494,0.0882821,0.127631,0.181704
916.522,0.0294212,0.0371662,0.0358775,0.0515929,0.0371254,0.0340674,0.0317572,0.0236516,0.0282856,0.015464,0.0152328,0.0176025,0.0196233,0.0240289,0.0311253,0.0583711,0.0765163,0.122409,0.163981
916.86,0.048338,0.0419291,0.0231657,0.0511162,0.0338106,0.027246,0.0189847,0.0119967,0.0242111,0.00741409,0.0265753,0.0150131,0.015362,0.024708,0.0486279,0.050562,0.0774306,0.110377,0.161949
917.199,0.0617325,0.0454299,0.0417231,0.0510354,0.0416743,0.0453113,0.0299125,0.033879,0.0394208,0.0303547,0.0191094,0.0338742,0.0332851,0.0449281,0.0493999,0.0643309,0.0986245,0.128972,0.173075
917.537,0.0476823,0.0499915,0.0448497,0.0471403,0.0378612,0.0461694,0.0351156,0.0412235,0.0270442,0.0272836,0.0326976,0.0316114,0.0269823,0.0385792,0.0466488,0.0596612,0.0902675,0.138589,0.178109
917.875,0.0520347,0.0495781,0.0512155,0.03915,0.0491932,0.0472925,0.0487347,0.0319921,0.0316458,0.0254749,0.0292508,0.0320115,0.033883,0.0384344,0.0434962,0.0564907,0.0855685,0.126688,0.189179
918.213,0.0607083,0.0555561,0.0569691,0.0482393,0.0605125,0.0405166,0.0477904,0.0382518,0.0284263,0.0385385,0.0243643,0.0341213,0.0356226,0.0311507,0.0425888,0.0608558,0.110763,0.126071,0.182297
918.551,0.0527451,0.0408075,0.0471398,0.0472368,0.0418034,0.0323985,0.0289367,0.0334551,0.0295091,0.0130578,0.0192189,0.0109929,0.00974222,0.0216811,0.0256355,0.0473585,0.0788174,0.125978,0.18765
918.889,0.0530076,0.0563979,0.0521895,0.0537973,0.0448004,0.0409906,0.0520543,0.0370983,0.0385044,0.0375553,0.0280287,0.0262275,0.0277996,0.0346929,0.0491978,0.0650003,0.0840838,0.129933,0.176764
919.227,0.0359365,0.0380505,0.0474594,0.0329549,0.0258668,0.0292282,0.0168157,0.0237503,0.0190335,0.0193557,0.0140621,-0.000954922,0.00259612,0.0141548,0.0197845,0.0500293,0.076839,0.119001,0.161121
919.565,0.0431432,0.0401007,0.0229726,0.0378484,0.0371826,0.0296625,0.0172874,0.0295819,0.023227,0.017913,0.019384,0.0134902,0.0153913,0.0190249,0.0267261,0.0521849,0.0781161,0.120764,0.152499
919.902,0.0493968,0.0470552,0.0391949,0.0513017,0.0495022,0.0381668,0.0375175,0.0424195,0.0281643,0.0165794,0.0328582,0.0195671,0.0229841,0.0368728,0.0399815,0.057374,0.081636,0.134643,0.175849
920.24,0.0554677,0.0513337,0.044983,0.0481278,0.0448819,0.0397282,0.0327882,0.033881,0.0306761,0.0316557,0.0287183,0.0337655,0.0272058,0.0337206,0.034493,0.0676814,0.0781197,0.133537,0.174206
920.577,0.0501472,0.0567832,0.0435195,0.0465926,0.0446172,0.0410667,0.0350403,0.0383773,0.020469,0.0257835,0.0337377,0.00974367,0.0206912,0.0216132,0.0367957,0.0462964,0.0926712,0.138796,0.169427
920.914,0.0530218,0.049609,0.0367411,0.0360883,0.0501144,0.0422499,0.0341373,0.0377785,0.0353297,0.0278631,0.03141,0.0220254,0.0267209,0.0376276,0.0336767,0.0509898,0.0923889,0.118966,0.178224
921.251,0.0519478,0.0443783,0.0448105,0.0389677,0.0388327,0.0533124,0.0359715,0.0300754,0.0295883,0.0271497,0.0275333,0.0249986,0.0311789,0.0386047,0.0528285,0.0614503,0.091209,0.124779,0.172099
921.588,0.0412204,0.0372821,0.0387463,0.0298006,0.0408793,0.0283522,0.0357294,0.0308772,0.0308702,0.0164653,0.0134979,0.0281504,0.0158874,0.0167014,0.0295877,0.0458545,0.0780142,0.12148,0.167766
921.924,0.0473647,0.0386888,0.0387063,0.0311957,0.0119566,0.0417752,0.0301756,0.0160645,0.0163837,0.0235274,0.01341,0.00845534,0.0206898,0.0222382,0.0378192,0.0448195,0.0727628,0.125662,0.164317
922.261,0.0624937,0.0634914,0.0429349,0.0405216,0.0588781,0.0466015,0.0338303,0.0355199,0.0294118,0.0429677,0.0302922,0.0268467,0.0308674,0.0426679,0.05618,0.0698354,0.107178,0.125894,0.183728
922.598,0.0400844,0.0452478,0.0260347,0.0325535,0.0316248,0.0296611,0.0232726,0.0221038,0.009043,0.00629791,0.00822687,0.0103178,0.0128066,0.0274031,0.0249564,0.0529987,0.0899151,0.129155,0.161696
922.934,0.0387433,0.048823,0.0406546,0.0303032,0.0269071,0.0394901,0.0350371,0.0199496,0.0262757,0.0297317,0.00958119,0.0182214,0.0215006,0.0206935,0.0296539,0.0552701,0.0753112,0.129023,0.164198
923.27,0.0401266,0.0522472,0.0545104,0.0410594,0.0568093,0.0365785,0.0285766,0.0351884,0.030357,0.0189713,0.0337488,0.0182378,0.0160481,0.039586,0.0348299,0.0511273,0.097318,0.124969,0.169804
923.606,0.0611144,0.0711069,0.0543906,0.0467326,0.0366482,0.0432279,0.0346359,0.0320838,0.0371707,0.0196833,0.0281918,0.0215144,0.0294501,0.028391,0.0450916,0.0611976,0.0917974,0.128844,0.168044
923.942,0.0541152,0.039855,0.0290272,0.030972,0.0384575,0.0320865,0.0119729,0.00736292,0.0291967,0.0120016,0.0130799,0.00553033,0.025682,0.0174384,0.0380183,0.0528727,0.0653537,0.127026,0.172722
924.278,0.0506706,0.047033,0.034073,0.0389656,0.0498941,0.0465449,0.023642,0.0196633,0.0374901,0.00429614,0.0253222,0.0189703,0.0143612,0.0380004,0.040768,0.0603243,0.0818189,0.126121,0.174452
924.614,0.0434974,0.0508112,0.0389819,0.0414774,0.0525685,0.0383122,0.034346,0.0249084,0.0290962,0.0146842,0.0282084,0.0232574,0.0359659,0.0377053,0.0367291,0.0539632,0.0929975,0.125662,0.164415
924.949,0.0427442,0.027169,0.0244864,0.0300921,0.0354573,0.0300969,0.0229848,0.0216546,0.0172884,0.0135312,0.0118201,0.0144788,0.00768636,0.0166466,0.0292097,0.0280448,0.0822782,0.113484,0.158391
925.285,0.0431457,0.0225342,0.0188326,0.0415888,0.033043,0.0295632,0.0154089,0.0356684,0.00782854,0.00307383,0.00283917,0.0213673,0.0045456,0.00938247,0.031809,0.0354353,0.0689282,0.124696,0.161493
925.62,0.0536938,0.0474632,0.0399121,0.0548795,0.0539369,0.0496763,0.0403619,0.0347987,0.0290897,0.023338,0.0400689,0.020545,0.0211886,0.0253578,0.0453354,0.0680705,0.0950104,0.12152,0.182256
925.955,0.0480177,0.05148,0.0392903,0.0463136,0.0550913,0.0388598,0.0361429,0.0303014,0.0274114,0.0205501,0.0290043,0.031321,0.0318399,0.0380974,0.0329387,0.0594669,0.0923371,0.120195,0.171573
926.29,0.0524908,0.0381857,0.0396866,0.0335761,0.0287424,0.0274242,0.0271969,0.0212203,0.0330664,0.0302304,0.0167744,0.0259619,0.0223223,0.0150072,0.0331044,0.0437512,0.0915242,0.131303,0.184238
926.625,0.0631171,0.0495206,0.0538775,0.0532413,0.0514125,0.043837,0.0302941,0.0503867,0.032013,0.0339391,0.035471,0.0381298,0.0319489,0.0304555,0.0491698,0.075609,0.0905378,0.145037,0.193108
926.96,0.0466962,0.0561474,0.0453927,0.0285506,0.0353747,0.0422316,0.0300312,0.0176728,0.0224474,0.0304044,0.0291937,0.0264324,0.0306328,0.0175352,0.0435607,0.0528065,0.0850535,0.120641,0.165224
927.295,0.0466332,0.0474008,0.0373524,0.0444735,0.0305647,0.0330746,0.0388465,0.0166989,0.0179864,0.0148381,0.0115338,0.0175161,0.0267613,0.0158409,0.0363835,0.0548602,0.0738236,0.114673,0.174487
927.629,0.044063,0.0467043,0.0450888,0.0390094,0.044747,0.0418391,0.027526,0.0320433,0.0189985,0.021298,0.0157082,0.02194,0.0226828,0.0209683,0.0339545,0.0534744,0.0826384,0.112853,0.159008
927.964,0.04028,0.0283132,0.0573634,0.0404108,0.0375661,0.0274438,0.036539,0.0261448,0.0282997,0.00754508,0.0181576,0.0139391,0.017135,0.0129343,0.037701,0.0719336,0.0742147,0.12367,0.165093
928.298,0.035055,0.0297729,0.0235664,0.0108969,0.0235783,0.0120668,0.00915941,0.0172179,0.013606,0.00312446,0.0132879,-0.0131451,-0.00927312,0.00811676,0.00865218,0.0332658,0.0778406,0.12559,0.151682
928.632,0.0639606,0.0534168,0.0537358,0.0599029,0.046931,0.0550356,0.0395376,0.0250399,0.0306703,0.0386003,0.0269411,0.0154921,0.0305585,0.0402808,0.0520766,0.0637194,0.0893239,0.146092,0.181216
928.967,0.0455741,0.0450852,0.0585165,0.0522008,0.0363609,0.0379718,0.0242223,0.0439196,0.0272774,0.042185,0.0322923,0.0199366,0.0299972,0.0385253,0.0411288,0.0623414,0.0876364,0.127491,0.163674
929.3,0.0338502,0.0396504,0.0429318,0.0310496,0.041912,0.0232698,0.0336794,0.0145833,0.0114392,0.0165696,0.0135556,0.00715166,0.00524667,0.01425,0.0140457,0.0529105,0.0724257,0.104367,0.142386
929.634,0.0651216,0.0620989,0.0705302,0.0562282,0.0442481,0.0412675,0.0468606,0.0297109,0.0290166,0.0336725,0.0291717,0.036704,0.0257552,0.0255789,0.0481984,0.0685441,0.102226,0.131697,0.175161
929.968,0.0516532,0.0648949,0.0511037,0.0528106,0.0544217,0.0518147,0.046381,0.0449207,0.0426674,0.030816,0.0200768,0.0418639,0.0297925,0.0444088,0.0424404,0.064535,0.102153,0.133671,0.165669
930.302,0.0544973,0.0402426,0.0464986,0.0456833,0.0475824,0.0252687,0.040386,0.0304946,0.0307307,0.0393306,0.0368141,0.0313651,0.0161773,0.0381834,0.0238668,0.0719333,0.0713234,0.143836,0.18194
930.635,0.0567835,0.0441191,0.0329912,0.0524383,0.0335334,0.0367538,0.0254423,0.0119081,0.0113787,0.00546715,0.0203798,0.0202895,0.0146013,0.0331445,0.0413602,0.042797,0.0692248,0.116892,0.161802
930.968,0.0404188,0.0349795,0.032688,0.0315636,0.028935,0.0316757,0.0135751,0.0188483,0.0191207,0.0162161,0.0130175,0.00518137,0.0159649,0.0271723,0.0342997,0.0355236,0.0742578,0.115176,0.150085
931.301,0.0381888,0.0412557,0.038046,0.0318013,0.0277839,0.028796,0.021297,0.0132759,0.0222978,0.0153001,0.00492055,0.0042961,0.0118096,0.0228806,0.0323613,0.0312021,0.0729072,0.119712,0.15585
931.634,0.0361261,0.0483484,0.0441389,0.0323429,0.0265653,0.0259047,0.0296573,0.00730295,0.0257452,0.0142979,-0.00402743,0.00334565,0.00738288,0.0179279,0.0302678,0.0264507,0.0715658,0.124625,0.162146
931.967,0.0560792,0.0609811,0.0615633,0.0546713,0.0391159,0.0393356,0.0615102,0.0339948,0.0379291,0.0413125,0.0444689,0.0369643,0.0438963,0.0373154,0.0627967,0.0613079,0.105497,0.144752,0.167623
932.3,0.0527294,0.0559386,0.0525054,0.0505969,0.0547768,0.0448951,0.0467948,0.0404843,0.0303576,0.0274422,0.0328305,0.0393452,0.0132087,0.0266149,0.05729,0.0672384,0.0766639,0.116653,0.171222
932.633,0.054577,0.0492153,0.0465053,0.0540014,0.0468589,0.0407054,0.038639,0.0183807,0.0282617,0.0199987,0.033284,0.0162272,0.0248136,0.0379804,0.0204874,0.061552,0.074084,0.123804,0.166083
932.965,0.0386815,0.0449281,0.0507744,0.018145,0.0399427,0.0221892,0.0252647,0.0279424,0.020119,0.0119209,0.0302451,0.0309928,0.013812,0.0328453,0.0238181,0.0547845,0.0758167,0.128783,0.161916
933.298,0.0360528,0.0462563,0.0207841,0.0434422,0.0383489,0.0225582,0.0395875,0.0162607,0.0151567,0.0137087,0.00734648,0.0194855,0.0101626,0.00731097,0.0356022,0.0583237,0.0843427,0.122963,0.153139
933.63,0.0570661,0.0488086,0.0375642,0.0401939,0.0362113,0.0299153,0.0386317,0.0328884,0.0317403,0.0162256,0.00944633,0.0221173,0.0234727,0.0295115,0.0365653,0.055185,0.0919684,0.122458,0.179094
933.962,0.0704371,0.0633111,0.0659574,0.0655748,0.0600804,0.0555478,0.054937,0.0462524,0.035643,0.0481239,0.0429532,0.0460024,0.0456565,0.0549162,0.0602498,0.0674621,0.11111,0.120996,0.191898
934.294,0.058024,0.0655,0.0501665,0.0537719,0.0424092,0.0451376,0.0360435,0.0314544,0.0393795,0.033587,0.0378801,0.0385883,0.0310366,0.0335632,0.050643,0.0572995,0.0980984,0.133581,0.167002
934.626,0.0405156,0.0433809,0.0675973,0.0545749,0.0523657,0.0380716,0.0426759,0.0363694,0.0355839,0.0429001,0.0186109,0.0323206,0.032058,0.0279513,0.0464032,0.0591503,0.086074,0.133247,0.176475
934.958,0.0384759,0.0545113,0.0424735,0.0406759,0.0538918,0.0262523,0.0263271,0.0318607,0.00442789,0.0168399,0.0184006,0.0143493,0.0140456,0.0181153,0.03389,0.0617995,0.0857258,0.127901,0.175115
935.29,0.04362,0.0513642,0.0581185,0.050459,0.0405497,0.0340088,0.0284412,0.0481552,0.0352702,0.0239996,0.0200718,0.0348061,0.0316856,0.0353029,0.0301306,0.0613697,0.0852107,0.130731,0.193911
935.621,0.0401975,0.0425933,0.033372,0.0499758,0.037975,0.0324717,0.0214878,0.0161693,0.0314642,0.0155182,0.0170216,0.022964,0.0210861,0.013516,0.0318272,0.0427427,0.0776462,0.128661,0.160695
935.953,0.0522399,0.0572115,0.0555145,0.043597,0.0480802,0.0424862,0.0208867,0.0302556,0.0233805,0.0116857,0.018087,0.0253403,0.0393217,0.043425,0.0494421,0.0710797,0.0971128,0.118079,0.172891
936.284,0.0411159,0.0408768,0.0453432,0.0430677,0.0237926,0.0199124,0.0141274,0.00842459,0.0177553,0.00968869,-0.00864103,0.00149099,0.0127829,0.0145301,0.0191272,0.0496833,0.055748,0.113431,0.166908
936.615,0.0436216,0.0552788,0.0267125,0.0356967,0.0385922,0.0442168,0.0208574,0.0213848,0.0218201,0.0128318,0.0117851,-0.007603,0.0320427,0.0115022,0.0278659,0.0382535,0.0836001,0.102449,0.157939
936.946,0.0357877,0.0317138,0.0302777,0.0434002,0.0301291,0.0386736,0.0176563,0.0166391,0.0253079,0.0201192,0.0163516,0.0174459,0.004658,0.0170582,0.0326455,0.0518177,0.082948,0.116189,0.146118
937.277,0.0318004,0.0430718,0.031205,0.0351472,0.028429,0.0375177,0.0305728,0.0239245,0.0112164,0.0358299,0.00608356,0.0156367,0.00933908,0.023977,0.0350497,0.0411729,0.0747773,0.109939,0.173329
937.608,0.0434303,0.0349685,0.0362635,0.0378901,0.0378355,0.0283386,0.0175974,0.000294085,0.0253116,0.0125628,0.0125928,0.00947707,0.0052287,0.0166961,0.03225,0.0575108,0.0823628,0.125754,0.167354
937.938,0.044935,0.0472929,0.0342493,0.0433102,0.0382905,0.0383239,0.0257026,0.0234355,0.0102581,0.0134574,0.0321717,0.019703,0.0101212,0.0345988,0.0333443,0.0435837,0.0916904,0.13356,0.165965
938.269,0.0437711,0.0474383,0.0439251,0.0487087,0.0351102,0.0327758,0.0240301,0.0364752,0.0149983,0.0199795,0.0259756,0.0211429,0.0196207,0.0271672,0.0340242,0.0585529,0.0887511,0.114749,0.155082
938.599,0.0464422,0.0395729,0.0629192,0.046297,0.0463495,0.0480471,0.0383285,0.0313072,0.0295611,0.0337912,0.0269096,0.0180407,0.0435764,0.0214065,0.0211854,0.0669565,0.0938749,0.125214,0.182558
938.929,0.067722,0.0520099,0.042552,0.0411895,0.0494747,0.0327703,0.0385811,0.0405929,0.0256722,0.027511,0.0222752,0.0319618,0.0261983,0.0307017,0.0558888,0.0651534,0.101808,0.137899,0.160707
939.26,0.0516651,0.0458417,0.0405595,0.038992,0.0501632,0.0307858,0.0178583,0.0168682,0.0135034,0.0208166,0.0169437,0.0249596,0.0176751,0.0206581,0.0384401,0.0553077,0.0786702,0.110282,0.163689
939.59,0.0701273,0.0688897,0.0562632,0.0511905,0.0418999,0.058487,0.0383478,0.023325,0.0359672,0.0222062,0.0335427,0.0473565,0.0445611,0.0362474,0.0444457,0.0712568,0.0947422,0.153941,0.190194
939.919,0.072673,0.0633724,0.05591,0.0545067,0.062591,0.0503924,0.0429887,0.035223,0.0279661,0.0471924,0.0190937,0.0454529,0.0305135,0.0328585,0.0463107,0.0586107,0.0949011,0.140825,0.180753
940.249,0.034648,0.0339541,0.0448102,0.0298906,0.0431235,0.0386216,0.0142978,0.0410076,0.0412412,0.0102381,0.00565429,0.018166,0.00631945,0.0180649,0.0210727,0.0640692,0.08392,0.116732,0.152476
940.579,0.0433208,0.0528234,0.0394538,0.045372,0.0355211,0.0486352,0.0243797,0.0214362,0.0365883,0.0240472,0.0234933,0.0289852,0.0125617,0.0377131,0.0429126,0.0620486,0.0964945,0.116877,0.182361
940.908,0.0496913,0.037254,0.0231015,0.0235585,0.0288302,0.0576955,0.0296692,0.0323727,0.0229368,0.0225153,0.0379709,0.0236321,0.00722429,0.0447116,0.0324657,0.0586194,0.083296,0.143114,0.176146
941.238,0.0510761,0.0453941,0.0693776,0.0478481,0.046747,0.0359998,0.0312816,0.0294104,0.0181477,0.0379623,0.0356888,0.0381778,0.0327378,0.0316349,0.0379274,0.0784575,0.0929367,0.125916,0.174515
941.567,0.0358201,0.060244,0.0418659,0.0314848,0.0564471,0.0375533,0.028452,0.00874238,0.00223108,0.0218516,0.022533,0.0116976,0.0174733,0.0168926,0.026158,0.0639233,0.073773,0.118987,0.164848
941.896,0.0582208,0.0553124,0.0403304,0.0532868,0.0376568,0.0213164,0.0320027,0.0219353,0.0296222,0.0260742,0.0306162,0.035127,0.0348971,0.0231568,0.022345,0.0553591,0.0748076,0.111457,0.139354
942.225,0.0470643,0.0414903,0.0541161,0.066237,0.0422719,0.055415,0.0298012,0.0395896,0.0516708,0.0174478,0.042462,0.0278475,0.0170885,0.0415435,0.043847,0.0710668,0.0840839,0.127439,0.186412
942.554,0.0386627,0.0412739,0.0401899,0.0483606,0.0285297,0.0213652,0.0283655,0.0185191,0.0213927,0.012856,0.0118053,0.0244777,0.00482065,0.0180393,0.031884,0.0511579,0.0695838,0.109844,0.15245
942.883,0.0589614,0.0559604,0.0614895,0.0411349,0.0498111,0.0483975,0.0439601,0.0254625,0.0267025,0.0267838,0.0335809,0.0176304,0.0298089,0.0199975,0.0408022,0.0640059,0.0890596,0.109806,0.179072
943.211,0.0806818,0.0659796,0.0578949,0.0626391,0.055836,0.078481,0.0452138,0.0383408,0.0434816,0.0308939,0.0315602,0.0220754,0.0414593,0.0403409,0.0578435,0.0814221,0.105334,0.136477,0.189594
943.54,0.0274998,0.0233393,0.0329958,0.0307383,0.0191432,0.0311078,0.0248726,0.0124279,0.00821337,0.0107138,0.0162618,0,0.00731884,0.0243358,0.0142725,0.0508894,0.0778928,0.136111,0.160651
943.868,0.0432686,0.053722,0.0605366,0.0319304,0.0286803,0.0286735,0.0261711,0.0130221,0.0172557,0.010562,0.031902,0.0226026,0.015607,0.0236535,0.0228593,0.0518487,0.0738844,0.13024,0.165197
944.196,0.0410081,0.050268,0.0441886,0.0264103,0.038841,0.0393228,0.00960754,0.0438919,0.051257,0.0288609,0.0179653,0.0263234,0.0154515,0.0221235,0.0366121,0.037544,0.0704094,0.126307,0.164189
944.524,0.0617436,0.0741222,0.0606488,0.0587919,0.0657626,0.0579914,0.0623346,0.0397338,0.0434412,0.0264352,0.0159242,0.0178124,0.0380564,0.038424,0.0631746,0.0776275,0.10682,0.139912,0.186598
944.852,0.0530692,0.0467258,0.0503862,0.045651,0.0733288,0.0465603,0.0490029,0.0407429,0.0271621,0.0311851,0.0398613,0.0318104,0.023662,0.0332619,0.0678688,0.0627698,0.0846447,0.154191,0.184552
945.18,0.0516499,0.0460138,0.0439183,0.0399164,0.0317133,0.0380065,0.0221945,0.021997,0.0257902,0.0127031,0.0128013,0.00131594,0.00620971,0.0206555,0.0216282,0.0295407,0.073245,0.12627,0.154268
945.508,0.0406215,0.0587476,0.0606563,0.0484413,0.0527549,0.0348027,0.0365977,0.041735,0.0280451,0.0296754,0.0246305,0.0321715,0.027509,0.0202059,0.050869,0.0718671,0.0841276,0.140371,0.202264
945.835,0.0342864,0.0453474,0.0319176,0.0270679,0.0310629,0.00879408,0.0195101,0.0393004,-0.00755791,0.012285,0.00492796,0.00788298,0.0174395,0.0150229,0.0388319,0.0668892,0.0789283,0.116315,0.166488
946.163,0.0611493,0.0460478,0.0454167,0.0472936,0.0503315,0.034722,0.0246105,0.0333655,0.0273119,0.0348436,0.0451237,0.0362941,0.0345815,0.036981,0.0381734,0.0692023,0.0890239,0.104681,0.185919
946.49,0.0551763,0.0294276,0.0400543,0.0378536,0.0320119,0.0309034,0.036573,0.0239505,0.0224056,0.0370122,0.0396615,0.0276964,0.0278232,0.02034,0.0478065,0.0709766,0.0988588,0.125291,0.157104
946.817,0.0443197,0.0599059,0.0522554,0.0650553,0.0566968,0.0556678,0.0445637,0.0449491,0.0370693,0.0193937,0.0284447,0.0340515,0.0216391,0.0301141,0.0377391,0.0579395,0.0897972,0.138858,0.173017
947.144,0.0255833,0.0494154,0.0520194,0.0402306,0.0462314,0.0366334,0.0368114,0.0266548,0.0163888,0.0141673,0.0227901,0.0182025,0.00221516,0.00917126,0.0433897,0.0632963,0.0898308,0.120356,0.176105
947.471,0.0390622,0.0479979,0.0246287,0.0275695,0.0551024,0.038294,0.0339669,0.0503522,0.0316819,0.0338314,0.0184816,0.0297449,0.0252902,0.0308582,0.0492393,0.0668162,0.100392,0.143886,0.168535
947.798,0.0613847,0.0460937,0.0557808,0.0388789,0.0254548,0.0444399,0.0246251,0.0251846,0.032115,0.0254876,0.0248331,0.0174519,0.0270068,0.0266812,0.0357922,0.0413401,0.0832132,0.103649,0.175315
948.125,0.0726605,0.0682806,0.0542584,0.0677714,0.0674889,0.0493472,0.072516,0.0445982,0.0583211,0.031385,0.0264028,0.0304427,0.048902,0.0361291,0.052325,0.0718286,0.109637,0.155068,0.20196
948.451,0.04602,0.0273105,0.0342399,0.0351273,0.0272326,0.0256336,0.0138594,0.028813,0.011527,0.0146778,0.0128548,0.0264829,0.0157828,0.0118282,0.0158889,0.0477265,0.0739196,0.115452,0.171714
948.778,0.0772609,0.0328399,0.0374349,0.0319294,0.0264147,0.0298228,0.033779,0.0343729,0.00418872,-0.00290404,0.0110132,0.00775151,0.020274,0.0254651,0.0348905,0.0401386,0.0719364,0.106593,0.177241
949.104,0.0325095,0.0359772,0.028873,0.0132266,0.0283707,0.0121344,-0.00284187,0.0111866,0.00566016,0.0103935,0.0143358,-0.00103403,0.0073465,0.0239505,0.0115001,0.0399195,0.0630609,0.0919344,0.155376
949.43,0.0417414,0.0242328,0.0217302,0.0329057,0.0302143,0.0237458,0.0159448,0.00931898,0.0148022,0,0.00359634,0.0205463,0.00682645,0.0137372,0.0197485,0.0481899,0.0482014,0.113477,0.159461
949.756,0.0208844,0.0536816,0.0393865,0.0391458,0.0219198,0.0185103,0.0351975,0.0192828,0.0265159,0.0123771,0.0136428,0.0182921,0.0247786,0.0275909,0.0410327,0.059469,0.0823453,0.104424,0.168957
950.082,0.0426575,0.0446446,0.0410629,0.0463942,0.0290024,0.0217712,0.0481072,0.0154129,0.0227282,0.0176969,0.0216228,0.00852517,0.0133374,0.0222618,0.0208711,0.0640201,0.0964718,0.111044,0.171173
950.408,0.0299016,0.0280611,0.0296429,0.0236496,0.0396555,0.0267923,0.022684,0.0244637,0.0088654,0.00541975,0.00107805,0.0110633,0.0067774,0.0152225,0.0379008,0.0449057,0.0603549,0.110508,0.175687
950.734,0.0559508,0.0274271,0.0528476,0.027729,0.0332601,0.043117,0.0287452,0.0119627,0.00849324,0.00990787,0.0215099,-0.0022095,0.023837,0.0357562,0.0105127,0.0427889,0.0628569,0.108443,0.163049
951.059,0.0219565,0.0346444,0.0431032,0.0411383,0.0400497,0.0264644,0.0399757,0.0232922,0.0103156,0.0230432,0.0155594,-0.00737216,0.016358,0.0153392,0.0354829,0.0489999,0.0835367,0.133046,0.151376
951.385,0.0435044,0.0583632,0.039513,0.0368725,0.0287184,0.0375396,0.0308681,0.0190095,0.0415705,0.0341318,0.0374148,0.0280838,0.0127058,0.0142069,0.0405143,0.0697421,0.0837637,0.117229,0.159663
951.71,0.0342273,0.0448036,0.0322189,0.0100878,0.0213932,0.0159696,0.00845956,0.00710419,0.0166129,0.0169779,0.0143308,0.00367898,0.0150545,0.0224795,0.0258397,0.04584,0.0815473,0.112508,0.177728
952.035,0.0440281,0.0505411,0.0317891,0.040882,0.0119558,0.0237227,0.0171141,0.0266262,0.00955252,0.00947954,0.0219593,0.0194908,0.0199521,0.0260367,0.0157507,0.053614,0.0779486,0.125413,0.173928
952.36,0.0582618,0.0405454,0.042407,0.0646467,0.019816,0.0308583,0.0505833,0.038391,0.039742,0.0102487,0.0315329,0.0385307,0.0207354,0.0216465,0.0330887,0.0579619,0.0841174,0.105237,0.160669
952.685,0.0590322,0.0373604,0.0665913,0.034721,0.0496879,0.0279251,0.0348448,0.0319357,0.0274809,0.0222196,0.00566726,0.0094346,0.0454449,0.0248614,0.0460518,0.0596763,0.0945979,0.143695,0.174541
953.01,0.0352141,0.0284833,0.0646318,0.0552823,0.0479042,0.0446201,0.0305462,0.016607,0.036366,0.0242832,-0.00327731,0.0220287,0.0115203,0.00703368,0.0444598,0.0521929,0.0983437,0.129569,0.165343
953.335,0.0308215,0.013229,0.0412565,0.0351968,0.0164778,0.043827,0.0218707,0.0227321,0.0196322,0.0121238,0.0295618,0.0031887,-0.00893297,0.0132763,0.0365831,0.0506882,0.0845113,0.118746,0.151725
953.659,0.0430018,0.0406539,0.0502688,0.0264529,0.0338287,0.0232582,0.0176227,0.0310561,0.0214929,0.0190907,0.0130221,0.0264916,0.0131796,0.029392,0.0394084,0.0677212,0.0951583,0.138675,0.148837
953.984,0.0557592,0.0465324,0.0330119,0.0205058,0.0349216,0.0377042,0.0278153,0.0351396,0.0202069,0.00611133,0.0120865,0.00765313,0.0326117,0.00618063,0.0344433,0.053106,0.0982302,0.124331,0.163719
954.308,0.0359255,0.0334863,0.0266287,0.038654,0.0343728,0.0291615,-0.000754583,0.0204159,0.0201063,0.0138015,-0.0105917,0.0140806,0.0204933,0.0109103,0.0368464,0.0496389,0.0528334,0.125231,0.166737
954.632,0.0642635,0.0596485,0.0486339,0.0659083,0.0515806,0.0375028,0.0384921,0.0378353,0.0524472,0.0221606,0.049692,0.0224052,0.0344167,0.0358036,0.0482734,0.0534577,0.083372,0.159478,0.186777
954.956,0.0602573,0.0537443,0.0334763,0.0475928,0.0412337,0.0173971,0.0329055,0.0134432,0.0454802,-0.00121389,0.0242712,0.00522787,0.0222763,0.0375817,0.0225194,0.0577223,0.0868869,0.142397,0.170478
955.28,0.03822,0.0207293,0.0413977,0.0329725,0.0525419,0.0390997,0.011529,0.0160889,0.0180872,0.00887623,0.00529475,0.0269175,-0.00402925,-0.00538368,0.0321957,0.0497836,0.0792075,0.10876,0.154164
955.604,0.0643468,0.0484908,0.0461161,0.0571887,0.0578125,0.060562,0.0416637,0.0239095,0.0462671,0.0498752,0.0233405,0.0247973,0.031133,0.0306078,0.0367861,0.0671902,0.0893668,0.148081,0.176243
955.927,0.0543713,0.0715882,0.0659359,0.0744317,0.0496538,0.0576404,0.0581797,0.0354655,0.0495255,0.0446553,0.0345916,0.0145488,0.0308178,0.0503107,0.0441634,0.0600176,0.0856758,0.126913,0.179814
956.251,0.0437501,0.0542368,0.0633563,0.0477069,0.0457834,0.0584792,0.0215254,0.022668,0.0366806,0.0158919,0.0427209,0.0229862,0.0290429,0.0414887,0.0468167,0.0596301,0.0883012,0.148187,0.167591
956.574,0.0444188,0.0486812,0.0618792,0.0611982,0.0508891,0.0479075,0.0327726,0.0490844,0.0397838,0.0204976,0.022415,0.0196354,0.0197169,0.0150474,0.0404852,0.0694262,0.115362,0.131736,0.156542
956.897,0.0521788,0.0308769,0.0650496,0.0371357,0.0288745,0.0401146,0.0268441,0.0418373,0.030021,0.0259036,0.0205249,0.0241919,0.0354761,0.0256404,0.0344347,0.0435139,0.0992269,0.111831,0.166204
957.22,0.0212273,0.0372757,0.0330892,0.0233911,0.0122252,0.0314201,0.00607313,0.00305457,-0.0083168,0.00755909,-0.00477309,-0.00560004,-0.0012848,0.0160865,0.0137694,0.00468367,0.0656176,0.118053,0.17638
957.543,0.0568382,0.0677167,0.0780249,0.0639618,0.0534994,0.0570841,0.049894,0.0306573,0.0552515,0.047245,0.0296371,0.0294718,0.0507704,0.0369034,0.0482989,0.0871806,0.0945746,0.13269,0.189178
957.866,0.0341493,0.0397428,0.0174959,0.024958,0.0173386,0.0242364,0.0115235,0.0178769,0.00591745,0.00885835,0.00706562,0.0115949,-0.000414336,-0.0061681,0.020035,0.0364375,0.0429523,0.116262,0.147383
958.189,0.0297621,0.0468923,0.0209422,0.0574596,0.0283946,0.0350074,0.0288081,0.0311805,0.0261619,0.0154788,0.00373519,0.037608,0.024965,0.00895951,0.0391675,0.0436702,0.0883465,0.153773,0.164519
958.512,0.0422892,0.0467144,0.0361592,0.0660394,0.0538911,0.0139912,0.0477232,0.0467201,0.0454669,0.0345008,0.0259715,0.0509822,0.0393029,0.036144,0.0424442,0.0758111,0.0968953,0.133468,0.179681
958.834,0.0555075,0.0654124,0.0487815,0.0643587,0.0488938,0.0433509,0.0351692,0.0240949,0.0522921,0.0241018,0.0119135,0.0472021,0.0337196,0.0282091,0.0457495,0.0632248,0.100562,0.145801,0.166046
959.156,0.0643479,0.047831,0.06155,0.0571201,0.052339,0.0431995,0.0464566,0.032167,0.0375118,0.0507532,0.0138332,0.01528,0.0333993,0.0434251,0.0309464,0.0835026,0.0875819,0.130153,0.171256
959.479,0.034103,0.0510052,0.0364654,0.0563538,0.0491059,0.0506462,0.0355255,0.0220358,0.0417624,0.0235417,0.0304925,0.0144208,0.0302402,0.0305189,0.0200793,0.0473016,0.0750106,0.115807,0.196782
959.801,0.0456177,0.0703822,0.0421447,0.0660291,0.035545,0.0503472,0.0323227,0.0261299,0.0323486,0.0405076,0.0542041,0.0255638,0.0307031,0.018703,0.0554524,0.0636024,0.0771268,0.119708,0.15514
960.123,0.0784264,0.0605284,0.0668875,0.0603474,0.0563229,0.0625575,0.0455685,0.032096,0.0360733,0.0389018,0.0424602,0.0250474,0.0523109,0.081191,0.0847137,0.0574831,0.101537,0.16093,0.212949
960.445,0.0656526,0.0509275,0.0462417,0.0575679,0.0450917,0.0438071,0.0513374,0.0310414,0.0393492,0.0111305,0.0410851,0.0124148,0.0289714,0.0399653,0.0251837,0.0611409,0.074763,0.128208,0.175245
960.766,0.0484122,0.062177,0.0398148,0.0381457,0.026063,0.0188938,0.0448079,0.0174256,0.0361533,0.016273,0.0118192,0.0188888,0.0255534,0.0452403,0.0394085,0.0497943,0.0851479,0.138041,0.165247
961.088,0.0450296,0.0601044,0.0689822,0.0464978,0.0470626,0.071872,0.048633,0.0112472,0.0119914,0.0415241,0.026704,0.0265356,0.0195056,0.0402295,0.034784,0.0625787,0.0903001,0.146825,0.185411
961.409,0.0262039,0.0436995,0.0407809,0.0441059,0.0186042,0.0217428,0.00671369,0.0194142,0.0237579,0.026395,-0.0105966,-0.00123514,0.0118864,0.00549332,0.0192527,0.0489449,0.0595533,0.104157,0.155647
961.731,0.0456957,0.02278,0.0217312,0.0128918,0.0421046,0.0224643,0.0102555,0.0118731,0.0103241,0.00626139,0.0118351,0.0210652,0.00628043,0.0167516,0.00845657,0.0506829,0.0999398,0.103386,0.168253
962.052,0.0344781,0.0698391,0.0610975,0.0321159,0.0467846,0.0328455,0.0474908,0.028836,0.0288529,0.035316,0.019964,0.0234063,0.0388818,0.01458,0.0375413,0.0524048,0.124907,0.130631,0.16237
962.373,0.0728653,0.0690967,0.0511709,0.0484447,0.0451497,0.0653752,0.0216879,0.0482877,0.0211776,0.0354936,0.0474718,0.0341179,0.0238446,0.0214508,0.0391125,0.0500959,0.0868243,0.120918,0.179334
962.694,0.0621325,0.0465801,0.0233725,0.0204101,0.0276758,0.0288809,0.0108078,0.0286608,0.00598981,0.0179421,0.0178768,-0.0187028,0.0189531,0.00763957,0.00878916,0.0542746,0.110322,0.138398,0.187557
963.015,0.0633313,0.0396294,0.0605327,0.0570885,0.0580406,0.0231514,0.0390149,0.0318742,0.0145856,0.0292827,0.0329053,0.016207,0.0223252,0.0203195,0.036245,0.0344083,0.0886383,0.12996,0.185383
963.335,0.0238306,0.017662,0.0226493,0.00936034,0.0200127,0.028228,0.0158138,-0.000849049,-0.0145926,-0.00910394,0.00568367,-0.0200213,0.00124067,0,0.0291432,0.0239193,0.0493039,0.0925242,0.152717
963.656,0.0427911,0.0405166,0.0476028,0.0421078,0.0333126,0.0178798,0.0230716,0.023159,0.0135386,0.00760823,0.0112023,0.0305609,0.00625024,-0.00318563,0.0267251,0.063698,0.0816573,0.087057,0.14618
963.976,0.0411428,0.0289152,0.0171292,0.0159977,0.00663616,0.0320624,0.0134686,-0.0038785,0.00541178,0.00992396,-0.00577145,0.0229676,-0.0262018,-0.000441851,-0.00878974,0.0202546,0.0635058,0.136699,0.163014
964.297,0.0350322,0.0519798,0.0548592,0.063064,0.0267059,0.0390866,0.0162042,0.0128241,0.0346374,0.012119,0.00396535,0.0448848,0.0148818,0.0373186,0.0421678,0.0551187,0.0865689,0.129416,0.161991
964.617,0.0653643,0.0284659,0.0449604,0.0291859,0.0496798,0.0382865,0.0374714,0.0361594,0.0563552,0.02651,0.0209374,0.0201607,0.0329553,0.0291889,0.0558712,0.0670836,0.093153,0.125793,0.169599
964.937,0.0704659,0.0487387,0.0783481,0.0776699,0.0818468,0.0729062,0.0557834,0.0683213,0.0447407,0.0468023,0.054231,0.0452308,0.0592389,0.0490661,0.0733115,0.08854,0.103081,0.137988,0.189204
965.257,0.080958,0.0577189,0.0451762,0.0484082,0.0475672,0.0506513,0.0137217,0.0597299,0.0266269,0.0323701,0.0286865,0.0280551,0.0267875,0.0439884,0.0683737,0.0643854,0.0893127,0.109285,0.16185
965.577,0.0614524,0.0130453,0.0250133,0.0093188,0.00357419,0.00666272,-0.0287333,0.0142506,0.00221876,0.0102393,0.0118932,-0.00478723,0.0070659,0.0251744,0.0316799,0.0452199,0.0898408,0.105755,0.144008
965.896,0.0561244,0.057806,0.0611639,0.0215614,0.0514651,0.0297561,0.0209088,0.0519113,0.0457479,0.0274618,0.0448249,0.0297452,0.032122,0.032151,0.039172,0.0587327,0.0815681,0.120053,0.171491
966.216,0.0542025,0.0523891,0.0425089,0.0645356,0.0478622,0.0406173,0.0224307,0.0366023,0.0371084,0.031315,-0.00280928,0.0257768,0.0226353,0.0351458,0.0268707,0.0301411,0.0883449,0.137438,0.173163
966.535,0.0534496,0.0234869,0.0504712,0.0273799,0.0334874,0.0426272,0.0235024,0.0146196,0.012434,-0.00668404,0,-0.00911078,-0.00143854,0.0136404,0.0168386,0.0512478,0.0538172,0.105251,0.164582
966.854,0.063696,0.0352138,0.0486917,0.0254752,0.0246719,0.0212546,0.0236668,0.00583544,0.0150142,0.00178535,0.0138135,-0.00134754,0.0218013,0.013752,0.0430636,0.0456024,0.0619433,0.112365,0.154725
967.174,0.0611078,0.0693913,0.0594639,0.0554693,0.0441712,0.064446,0.041136,0.0479375,0.0593066,0.0195547,0.0359745,0.0273834,0.025829,0.0447355,0.0574439,0.0805625,0.0895075,0.133234,0.185126
967.493,0.0466538,0.0354544,0.0402992,0.0453534,0.0302073,0.0314312,0.0291586,0.0147086,0.00493721,0.0252721,-0.00101647,0.011466,0.040865,-0.00872761,0.0339204,0.0281817,0.0849201,0.101787,0.16484
967.811,0.0942807,0.0136211,0.0315158,0.062471,0.0740467,0.0525987,0.0401921,0.0323302,-0.00248394,0.0106298,0.0238389,0.0411119,0.0320387,0.0377547,0.0277649,0.0536735,0.0755702,0.150741,0.157285
968.13,0.0303455,0.0559885,0.0420342,0.0738453,0.0496101,0.0419269,0.0504821,0.0436412,0.0353374,0.0405894,0.03304,0.0237938,0.0131836,0.0419223,0.0534231,0.0621133,0.100417,0.147202,0.167998
968.449,0.0587422,0.0333893,0.0718626,0.0490019,0.0511784,0.0352453,0.037869,0.0512428,0.0437935,0.0415502,0.0304693,0.0388859,0.00820292,0.0452223,0.0503149,0.0478669,0.073853,0.106846,0.157523
968.767,0.0434157,0.0366395,0.0484114,0.0677377,0.0323115,0.0430733,0.027131,0.0218066,0.0413204,0.0466676,0.042112,0.029463,0.0379178,0.0147915,0.041223,0.0677206,0.083176,0.165524,0.177965
969.086,0.0669917,0.0239974,0.0562953,0.0429307,0.0645721,0.0403734,0.0315623,0.0316601,0.0260737,-0.00690601,0.0250712,0.0193908,0.0210222,0.0142286,0.0169351,0.0761219,0.090558,0.132786,0.165371
969.404,0.0657527,0.0394281,0.0276531,0.0351935,0.0373128,0.0323169,0.0344702,0.0267957,0.0163463,0.0151431,0.0104242,0.00742491,0.027857,0.0249363,0.058198,0.0494374,0.0793353,0.119176,0.161211
969.722,0.0859353,0.0666816,0.0660275,0.0583501,0.0417043,0.0765955,0.0638525,0.0489872,0.0528538,0.0585947,0.0438327,0.0486145,0.0582699,0.0874747,0.0576381,0.0827904,0.123207,0.144648,0.189541
970.04,0.0387056,0.0525322,0.0165696,0.0289459,0.0156168,0.0589021,0.0146091,0.0299171,0.00947197,0.0273199,0.00688553,0.0212195,-0.00588523,0.00240219,0.0475962,0.0693962,0.06797,0.118227,0.185084
970.358,0.0463509,0.064551,0.0705444,0.0622376,0.06788,0.0473793,0.0475483,0.0204148,0.0471369,0.0611654,0.0401776,0.0415157,0.0393818,0.0254736,0.0445278,0.0476493,0.0777168,0.144233,0.182074
970.676,0.0223372,0.0291792,0.0391317,0.00864543,0.0145247,0.0156126,0.0119023,0.0185466,-0.00524806,-0.00623731,-0.020558,-0.00390876,0.00760416,-0.00191174,0.0260549,0.0396582,0.0734607,0.0890919,0.109819
970.993,0.064047,0.0505993,0.105493,0.0719538,0.097184,0.0717094,0.0772878,0.0891425,0.0429241,0.0516952,0.0528784,0.0690594,0.0665131,0.0508362,0.0852428,0.0661598,0.113923,0.167179,0.214817
971.311,0.0431732,0.0509981,0.0231038,0.0337178,0.0208857,0.0432852,0.0173288,0.019863,0.00638106,0.0122846,0.0285049,0.0138409,0.0125043,0.026715,0.0438745,0.0317867,0.0565853,0.0942571,0.144531
971.628,0.0710261,0.0356701,-0.00164626,0.0199597,0.00154221,-0.0133001,0.0140154,0.000531231,-0.0289446,-0.00321421,-0.0101044,-0.0131307,-0.0117682,0.0171236,-0.0107534,0.00374169,0.0670608,0.0968597,0.14748
971.945,0.0410805,0.0440466,0.041684,0.0403456,0.0296998,0.0100028,0.00941694,0.0424146,0.0230079,-0.00582786,0.027092,0.0123331,0.0484221,0.0328406,0.0308549,0.0545503,0.0787118,0.128459,0.171255
972.262,0.0425862,0.0531468,0.0375516,0.0669525,0.0273838,0.028168,0.0356101,0.0559551,0.0301443,0.0196957,0.0355484,0.026274,0.0238377,0.0300886,0.0549176,0.0399611,0.0979755,0.0949424,0.15348
972.579,0.0283892,0.0574221,0.00944189,0.0491294,0.0615526,0.0209176,0.031391,0,-0.00788294,0.00153474,0.0164823,0.00955952,0.026782,-0.00579598,0.0205725,0.0298215,0.068575,0.143174,0.176248
972.896,0.0459911,0.0630605,0.0444721,0.0412796,0.0388661,0.0311894,0.0458015,0.0368794,0.0242549,0.0140406,0.0280696,0.033369,0.0478433,0.0234792,0.0449755,0.0540834,0.0746725,0.123404,0.138654
973.213,0.0551481,0.0162122,0.0219634,0.0422137,0.00649942,0.0353489,0.0348612,0.0164428,0.00417003,0.00873524,0.00844591,-0.0216298,-0.00814516,0.00783368,0.0117918,0.0344508,0.0825389,0.0782204,0.161941
973.53,0.0365669,0.0317634,0.0314026,0.0145115,0.036826,0.0320508,0.0268371,0.0269273,0.0180179,0.0354899,0.00671268,0.0280004,-0.000510735,0.0221614,0.0539718,0.0464594,0.08016,0.131043,0.169421
973.846,0.0550889,0.0547063,0.067934,0.0682229,0.0810905,0.0740822,0.0247636,0.0414837,0.0206195,0.00867602,0.0247845,0.0548218,0.0281111,0.0395203,0.0734736,0.085986,0.0898346,0.133901,0.21235
974.162,0.0174648,0.0415816,0.0112124,0.0396447,0.028353,0.0208477,0.0153883,0.0303828,0.00157191,-0.0305883,0.0250552,0.00699527,0.00642453,0.0125928,0.0230634,0.0463616,0.0885693,0.142721,0.17671
974.479,0.0623713,0.0607991,0.0513122,0.0712568,0.0245624,0.034285,0.0484281,0.0325516,0.0322204,0.0330604,0.0224046,0.0408988,0.0420586,0.0307927,0.0271466,0.0687324,0.111165,0.123156,0.203205
974.795,0.0596404,0.0692866,0.0168986,0.0278996,0.0191397,0.0592694,0.016499,0.0342062,0.0423356,0.0353219,0.0307751,0.0203051,0.037926,0.0308129,0.0526095,0.0482173,0.0950631,0.142438,0.171285
975.111,0.0399415,0.0215936,0.0266497,0.0385767,0.00569954,-0.000546628,0.0067045,0.0129628,0.0194646,0.0187373,0.0264835,0.0263558,0.0153394,0.0258011,0.0101772,0.0365323,0.091046,0.109332,0.168822
975.426,0.0151646,0.0234301,0.0469392,0.0335097,0.0317798,0.00521618,0.00232932,0.0186198,0.0058233,0.0113194,-0.026452,-0.00691403,-0.00169856,-0.00510156,0.0482379,0.0525945,0.0776495,0.100011,0.18869
975.742,0.0408809,0.0134995,0.0665252,0.0344505,0.0343307,0.00232933,0.0138403,0.0394337,0.024853,-0.00175941,0.000586239,0.00813035,0.0413445,-0.00818474,0.0419303,0.0343079,0.105984,0.121528,0.1511
976.058,0.0273637,0.0396891,0.0522016,0.057065,0.0431811,0.0303001,0.00211598,0.0202695,0.0491369,0.0188378,0.0209309,0.0227653,0.043184,0.0308483,0.0505413,0.0895005,0.0923447,0.109746,0.152394
976.373,0.0641383,0.0549309,0.0446149,0.052702,0.0352214,0.0355758,0.0186755,0.0476948,0.0486913,0.0364873,0.033708,0.0379066,0.0382985,0.0588798,0.0608478,0.0398495,0.0933099,0.134614,0.175282
976.688,0.0577408,0.0556887,0.0505687,0.0560195,0.0486877,0.0361562,0.0541839,0.0313709,0.029131,0.0435928,0.0285243,0.00278095,0.045177,0.0291185,0.048004,0.0520729,0.1038,0.126165,0.17335
977.004,0.00971134,0.0634345,-0.00452571,0.0133385,0.0360623,0.0246396,0.0154325,0.0251148,0.0417635,-0.00283824,0.00771945,0.00894475,0.0061135,-0.0103816,0.020376,0.0228249,0.0539689,0.086183,0.181081
977.319,0.0579698,0.0539451,0.0279905,0.0565183,0.0434905,0.0584256,0.0605527,0.010833,0.0167381,-0.00171974,0.0323292,0.0144909,0.039516,0.0383111,0.0343694,0.0484254,0.101835,0.135889,0.182835
977.633,0.040007,0.00737699,0.0418455,0.0311126,0.0646204,0.0473889,0.035354,0.0334389,0.043225,0.0254197,0.00801757,0.00321352,0.00801757,0.0670198,0.054066,0.0411862,0.0937112,0.128949,0.185938
977.948,0.0716929,0.0706856,0.0696016,0.0656393,0.074925,0.0768832,0.0746298,0.0600084,0.0386623,0.045569,0.0512724,0.0551009,0.0498938,0.0737479,0.0534204,0.0931923,0.115584,0.139,0.198681
978.263,0.0300558,0.0285842,0.0584721,0.05511,0.0647533,0.0382577,0.0283735,-0.00106153,0.0346832,0.0224371,0.0321336,0.0281263,0.00601971,0.0314817,0.0440607,0.0519256,0.0848878,0.0761162,0.157643
978.577,0.0576349,0.0475232,0.0174122,0.0355817,0.0272317,0.0402544,0.0251611,0.013578,0.0368839,0.0333368,-0.0173975,0.0154462,0.00168934,0.0108231,0.0192199,0.0299009,0.0378731,0.123216,0.142592
978.892,0.0587464,0.042484,0.0547799,0.0312297,0.0346997,0.0131352,0.0142154,0.00975248,0.0285643,0.000628184,0.00560294,0.0108896,-0.013466,0.0290388,0.0329067,0.0310082,0.0574066,0.145922,0.137395
979.206,0.043378,0.080967,0.0503903,0.0286083,0.0344745,0.0416519,0.0346464,0.0214061,0.0401355,0.0276652,0.0225865,-0.00274669,0.0382761,0.0125239,0.0370713,0.0755302,0.0821191,0.112196,0.161136
979.52,0.0499966,0.0672573,0.0694102,0.0683925,0.0474255,0.0646164,0.0600435,0.0314522,0.0622779,0.0414208,0.0346978,0.00345273,0.0687807,0.0191468,0.0276928,0.0614915,0.101839,0.173027,0.173318
979.834,0.0415128,0.0591705,0.0510514,0.0473869,0.0381688,0.0387372,0.014602,0.00736812,-0.0164988,0.0261323,0,0.0205288,0.0209673,0.0127547,0.018348,0.0426818,0.102554,0.11921,0.151076
980.148,-0.00239824,0.0285868,0.00586119,0.0120016,0.0156156,0.0192848,0.00118578,0.00117423,-0.00170429,-0.0387659,0.00352566,-0.00533373,0.00470288,0.00522206,0.0105995,0.00867075,0.0996363,0.0884666,0.159276
980.462,0.0790637,0.0892837,0.10617,0.125284,0.0924034,0.0759199,0.0568804,0.0608732,0.0254165,0.0420442,0.0643338,0.0289369,0.00464881,0.0611937,0.0766393,0.0814364,0.119787,0.153203,0.190962
980.776,0.0764213,0.0637428,0.0719399,0.0660536,0.0439002,0.0526712,0.0348153,0.0169748,0.0314794,0.0528354,0.0425722,0.00890315,0.0406742,0.0411221,0.0707344,0.0734336,0.105876,0.117662,0.206128
981.089,0.0441678,0.0518459,0.0763128,0.0671404,0.0318303,0.0194508,0.047208,0.0572257,-0.00744603,0.0216432,0.0225881,0.0535724,0.0405226,0.0430605,0.0776056,0.0487656,0.0847157,0.178707,0.159554
981.402,0.028656,0.0829498,0.0710189,0.0800659,0.0698562,0.0897117,0.0641043,0.0293605,0.0346324,0.0196163,0.0391468,0.0423838,0.0510981,0.0448793,0.0505912,0.0796816,0.121926,0.134729,0.170339
981.716,0.0524171,0.045926,0.0745626,0.0921267,0.0602605,0.025377,0.0824605,0.0727056,0.0437598,0.0247046,0.0473635,0.0561264,0.0246248,0.0678649,0.0596021,0.0765653,0.142226,0.139238,0.178459
982.029,0.0582882,0.037238,0.0584375,0.0523216,0.0620996,0.0562529,0.0289655,0.0610927,-0.00250127,0.0390816,0.0339252,0.0259295,0.0441039,0.0524104,0.0419443,0.0843806,0.117715,0.12382,0.175394
982.342,0.0637276,0.0407945,0.0515094,0.0734324,0.0398003,0.0192912,0.057955,0.0192665,0.0379629,0.00326839,0.0334857,0.0225789,0.00760253,0.016713,0.0491871,0.0575488,0.0928501,0.0969339,0.172293
982.655,0.0516461,0.0365904,0.0695399,0.0386429,0.0366736,0.0113051,0.0252504,0.0258644,0.0573727,-0.00683968,0.00346603,0.0117633,0.0613663,0.0310624,0.051693,0.0300279,0.0676679,0.0986668,0.189246
982.967,0.0422545,0.0508144,0.0648859,0.0195709,0.0429947,0.0352725,0.0210104,0.03849,0.0203819,0.0140445,0.0293874,-0.0265723,0.0258485,0.0323452,0.0646321,0.0520316,0.0916763,0.145592,0.180044
983.28,0.0401697,0.0332033,0.0474927,0.0489781,0.0474504,0.0253895,0.0180753,0.0281022,0.0216653,0.00235629,0.0426547,0.00967922,0.0163867,0.033871,0.0447999,0.0505613,0.10256,0.0919977,0.156477
983.592,0.0499952,0.0495834,0.0545284,0.0227098,0.0439942,0.0143237,0.0226012,0.0354333,0.0178529,0.0573631,0.0352125,0.00183977,0.00253738,0.0455258,0.034641,0.0622186,0.0810711,0.111905,0.178003
983.905,0.0731854,0.0750584,0.0513681,0.0625611,0.0499479,0.0478808,0.0725078,0.071446,0.0588076,0.059567,0.0376106,0.0415389,0.071278,0.0179433,0.062683,0.0842828,0.0732278,0.132291,0.205073
984.217,0.0340996,0.037058,0.049008,0.0366881,0.0154768,-0.00965477,-0.011386,0.0263877,-0.00901945,-0.00955333,0.022465,0.00125656,0.0275821,0.00503076,0,0.0234151,0.05192,0.0867024,0.151347
984.529,0.0187726,0.0317797,0.0288846,0.0494639,0.0413095,0.00443907,0.0314521,-0.0162621,0.00573392,-0.029586,-0.0141545,0.0210931,-0.0111523,-0.00561893,0.0322373,0.0592751,0.0643143,0.119138,0.163022
984.841,0.0404235,0.0501204,0.0447686,0.0691643,0.0492385,0.00821101,0.00696758,0.024976,0.0156249,-0.00122552,0.0205227,0.00399792,0.010222,0.078956,-0.0130053,0.0337715,0.0905355,0.132038,0.152994
985.153,-0.00755545,-0.00439296,0.00126874,0.0435437,0.0269836,0.0200549,0.00448287,0.0181065,-0.000629326,-0.00310023,-0.00569859,0.00767395,0.00125924,-0.0250866,0.0213273,0.0474075,0.0787459,0.0860137,0.143165
985.465,0.0488227,0.0335787,-0.0197802,0.0192834,0.0518533,0.0362228,0.0307048,-0.00346026,0.00278997,0.00138816,0.00964639,-0.00203644,0.0301403,0.0328999,0.0301416,0.0505724,0.0322285,0.126522,0.163803
985.776,-0.011576,0.0148947,0.0225775,0.00846657,0.00288834,-0.0259321,-0.0382639,-0.0296779,0.0130293,-0.00353787,-0.00936423,-0.0382262,-0.0188386,-0.0266455,0.0158394,0.00413273,0.0652635,0.113915,0.154407
986.088,-0.0139326,-0.0321951,-0.0201155,0.0139819,0.0322552,-0.0256247,-0.0310648,-0.0412349,0.00329317,-0.0265352,-0.0364945,-0.0582036,-0.0233672,0.00410082,-0.00994213,0.0108907,0.0578339,0.0839642,0.132474
986.399,0.048802,0.0285924,0.045111,0.0762737,0.0435488,0.0141941,0.0468146,0.0222623,0.0149667,0.0463625,0.00541946,0.0208308,0.0217975,0.0103113,0.014766,0.0413247,0.0637171,0.113542,0.189598
986.71,0.0138528,0.0149312,0.0320137,0.0228439,-0.00941317,0.0240911,0.0431158,0.0406713,0.0197007,0.0160373,0.00313167,0.0173782,0.0113617,-0.0119522,0.041002,0.0677094,0.0553798,0.134253,0.14399
987.021,0.0200348,0.0373268,-0.00395331,-0.0170628,0.0230149,-0.00592108,-0.0108801,-0.0412417,0.00898188,0.0197074,-0.0176312,-0.00862589,-0.0127075,0.00655607,-0.0090126,0.00264745,0.0655843,0.0949214,0.161346
987.332,0.02911,0.0496964,0.0407464,0.0220768,0.015311,0.0169578,0.0323505,0.032971,0.0174509,0.0276945,0.0190084,-0.0188242,0.0421844,0.00693262,0.042205,0.0550524,0.0719835,0.105167,0.133987
987.643,0.0669478,0.0767561,0.0606889,0.0552425,0.0528831,0.0551581,0.00681647,0.0629785,0.0146206,0.0252664,0.0585311,0.0713093,0.0311503,0.0276351,0.0625701,0.0916191,0.0940029,0.168463,0.189783
987.954,0.030412,0.0383791,0.0920327,0.0437236,0.00943704,0.0197824,0.0113775,0.00820231,0.0142518,0.0280444,0.0216582,0.038881,-0.0104101,0.0054083,0.000712963,0.0637648,0.0586169,0.120049,0.147431
988.264,0.0252969,0.0555291,0.0217387,0.0634711,0.0359855,0.0325386,-0.00693408,0.0308549,0.0150109,-0.0078345,0.0196496,-0.00275543,-0.00208978,0.0534879,0.0679227,0.044926,0.0625851,0.0750476,0.190921
988.575,0.0487873,0.0364343,0.0603872,0.0718931,0.0274723,0.0419765,0.0257972,0.00219642,0.0120943,0.0149246,0.0512491,0.00927241,0.0336607,0.0323759,0.0195607,0.0084891,0.0801537,0.16421,0.197371
988.885,0.0647936,0.0678633,0.0523886,0.0608151,0.0337922,0.0216443,0.0194395,0.0227766,0.0234251,0.0136821,0.0503947,0.0258654,0.0686182,0.0633855,0.0461103,0.0904401,0.0901652,0.122524,0.152864
989.195,0.0339883,0.0541743,0.0849173,0.0248181,0.00661021,0.0585478,0.0530254,-0.00440442,0.00572667,0.0429955,0.0374173,0.0270736,0.0166401,0.0223088,0.0483957,0.0728226,0.106904,0.132651,0.162494
989.505,0.127132,0.0842839,0.0723113,0.0829543,0.134744,0.0900144,0.0805156,0.0936259,0.0683448,0.0536354,0.11666,0.0623191,0.0499899,0.0712718,0.0630522,0.123399,0.14944,0.18363,0.230942
989.815,0.0594152,0.0541116,0.0754469,0.0680405,0.0357228,0.0395253,0.0309025,0.0259698,0.0116819,0.0560119,0.00460979,0.0169578,-0.0103275,0.0492753,0.0504817,0.0746213,0.122094,0.13316,0.193723
990.125,0.00466618,-0.00646908,0.0203875,0.00133464,-0.02962,0.0156031,-0.00929196,0.00713519,-0.0444057,0,-0.0420527,-0.0305969,0.0226375,0.0188181,0.0122382,0.0342759,0.0886017,0.105151,0.115959
990.434,0.0127377,0.0326111,0.0360886,0.036354,0.0572768,0.0378828,0.0133522,-0.0326069,0.00481885,0.0108513,0.0199745,0.00136218,-0.0108113,0.0172658,0.00615271,0.0313147,0.062907,0.0951775,0.135067
990.744,0.082459,0.0482549,0.0581714,0.0317296,0.0660426,0.0573052,0.0563206,0.00831269,0.0271956,0.0453524,0.0460359,0.0138767,0.0223103,0.0691694,0.0595655,0.0888829,0.0889681,0.161742,0.194832
991.053,0.0539126,0.032993,0.0612228,0.0414733,0.00850299,0.02798,0.0447417,0.0209441,0.0211175,0.0220386,0.0352263,0.0315012,0.016449,0.0122185,0.0613866,0.078492,0.0586112,0.136516,0.170615
991.362,0.0271463,0.0456137,0.0275029,-0.00698329,0.0496913,0.0100711,0.0355661,0.0124939,0.0420902,0.0135929,0.0414483,0.000729946,0.0199199,0.00572933,0.0120279,0.0404648,0.0724938,0.0958399,0.169434
991.672,0.101098,0.0741767,0.111699,0.0429802,0.0601477,0.0838505,0.0597048,0.0690799,0.0519218,0.0471458,0.0206825,0.0421234,0.0670478,0.0729289,0.0887198,0.113145,0.140989,0.17338,0.238905
991.981,0.0495095,0.0383461,0.0644186,0.0729034,0.0621583,0.0674862,0.0250333,0.0463757,0.0273779,0.0107948,0.0260486,0.0294606,0.0564443,0.00237256,0.0306211,0.0662532,0.0776345,0.155233,0.232762
992.289,0.0291219,0.0202165,0.0176602,0.026657,0.0394113,0.0405295,-0.0244283,-0.00857489,-0.013123,-0.00875179,0.0225607,0.0264485,-0.00840962,-0.0103014,0.0550648,0.00430194,0.0757931,0.131727,0.173757
992.598,0.0376842,0.021882,0.0520417,0.0517877,0,0,0.0359363,0.00303045,0.044859,0.0565262,0.000753683,0.012538,0.0289621,0.0280671,0.046237,0.0483768,0.0598362,0.118403,0.174699
992.907,0.0160718,0.0286013,0.021284,0.0603814,0.0179315,0.00557072,0.0046573,0.0542373,-0.00478834,0.00718251,0.0629212,0.021415,-0.0086281,0.0353596,0.0509561,0.0571066,0.0794616,0.130587,0.175721
993.215,-0.0555854,-0.0297232,-0.0141127,-0.0528715,-0.0491609,-0.101494,-0.0780569,-0.0110446,-0.024702,-0.0387596,-0.0293336,-0.0549452,-0.0487907,-0.026196,-0.0483954,0.0089036,0.0421258,0.0260924,0.0984459
993.524,0.102797,0.0561544,0.0345717,0.0386328,0.0528505,0.0530435,0.0163529,0.054686,0.0275739,0.0556678,0.00924301,0.00559573,0.014774,0.0145979,0.0440349,0.0847118,0.130289,0.149545,0.171258
993.832,0.0464178,0.025842,0.0330625,0.0344912,0.056607,0.0356562,0.00396376,-0.035291,0.0633882,-0.0152777,-0.00971275,0.00568282,-0.0261843,0.00403488,0.00460238,0.0319692,0.0762296,0.104403,0.13941
994.14,0.0397481,0.0460379,0.0485348,0.0810505,0.0593629,0.0255351,0.0407395,0.0304663,0.0497532,0.0208672,0.0442251,0.0393694,0.03877,0.0453301,0.0487743,0.0380144,0.0776407,0.141221,0.174734
994.448,0.0393268,0.028236,0.0687849,0.036958,0.0539625,0.0118956,0.030123,0.0314782,0.0420667,0.0157073,0.0441134,0.0362754,-0.0016259,0.0485729,0.018824,0.0692731,0.0886523,0.168044,0.162765
994.756,0.0759653,0.0820243,0.063111,0.0987417,0.0841938,0.0411826,0.0234275,0.0721151,0.0932617,0.0311109,0.00802003,0.020859,0.00894752,0.0868411,0.0920521,0.0722642,0.0546052,0.1332,0.222646
995.063,0.0205993,0.0217409,0.0744935,0.0335114,0.0582716,0.0131111,0.0289985,0.0230091,0.0267449,0.0317265,0.0348661,-0.00745149,-0.00217361,-0.00592533,0.037065,0.0486207,0.0721049,0.155642,0.15776
995.371,0.0625028,0.0495285,0.0405662,0.0439862,0.0259723,0.0428955,0.07074,0.0380134,0.0455249,0.0171618,0.0316515,0.0130465,0.00816271,0.0279035,0.0171139,0.0669481,0.0873798,0.122401,0.129383
995.679,0.00669816,0.0277824,0.0673123,0.0262418,0.0461145,0.0626962,0.00586387,0.0399105,0.0336349,0.00964795,0.0346393,0.0110482,0.0160026,0.0293498,0.0264071,0.0526792,0.0552132,0.0974954,0.154303
995.986,0.0773056,0.0609216,0.0821372,0.0880672,0.0886881,0.0792504,0.0294963,0.0996505,0.0880595,0.0559567,0.0633942,0.0512228,0.051845,0.0713272,0.119468,0.0836141,0.109177,0.152496,0.247143
996.293,0.0691953,0.0434702,0.0886155,0.045618,0.04214,0.00660615,0.0148366,0.0297095,0.0396864,-0.00960379,0.00812843,0.0178826,0.0231499,0.0267916,0.0541068,0.0684668,0.0354028,0.078751,0.165916
996.6,0.0396856,0.00934435,0.0475826,0.051784,0.0199599,0.0127714,0.0150055,0.0341902,0.0862033,0.0147576,-0.00478868,0.0255427,0.0296064,0.0889291,0.0662532,0.0956867,0.074753,0.158503,0.197455
996.907,0.0416949,0.0967982,0.051046,0.0715582,0.103562,0.0674283,0.0460295,0.0375105,0.0642468,0.0723063,0.0976839,0.0718085,0.0408818,0.0288954,0.030754,0.0719822,0.0924681,0.132864,0.227601
997.214,0.0132381,0.0068922,0.0127319,-0.0238157,0.00679256,0.0365073,-0.0223795,-0.0468932,-0.00151613,-0.0538359,-0.0199745,-0.00944252,-0.0198728,-0.0202884,-0.00616968,-0.0206634,0.0552689,0.048177,0.118069
997.52,0.0656813,0.0241344,0.0544397,0.0525954,0.0315886,0.0485251,0.0712359,0.0398357,0.0393728,0.0142229,0,-0.000883942,0.0284924,0.0526174,0.032893,0.0733701,0.07929,0.0976197,0.160573
997.827,0.0409274,0.068016,0.0613235,0.0501696,0.0533267,0.0523647,0.00735413,0.00996308,0.0213292,0.0410464,0.032034,0.0166612,0.0348876,0.0289557,0.0698932,0.0489652,0.0667369,0.102066,0.173926
998.133,0.0862591,0.0743451,0.0687865,0.0683068,0.0989183,0.0848169,0.0258412,0.0697648,0.0516093,0.0713774,0.0306983,0.0503376,-0.0125243,0.0717702,0.0885867,0.0827166,0.102401,0.147243,0.17074
998.44,0.0193042,0.0230675,0.0167144,0.0396548,0.0503929,0.0205824,0.0287804,0.0297829,-0.0102994,0.00747635,0.0395111,0.0136061,0.00717656,-0.0118949,0.0461036,0.0753862,0.0700946,0.123526,0.163668
998.746,0.0435551,0.0395744,0.076852,0.0628085,0.026068,0.0642097,0.029288,0.0662426,0.0766933,0.0581771,0.0595882,0.103142,0.0964963,0.0750787,0.0823545,0.101382,0.151788,0.19649,0.18994
999.052,-0.0139496,-0.0108706,0.0133631,-0.00771025,-0.00305681,-0.00765654,0.0314212,-0.0348741,-0.00766139,0.0108986,-0.0212766,-0.0380888,0,-0.00830646,-0.00224437,0.0515745,0.0865204,0.0557299,0.150524
999.358,0.0275764,0.0303472,-0.00384907,-0.0370987,0.0471682,-0.0279084,0.0104152,-0.0139248,-0.0158559,-0.0483226,-0.0139346,0.0315388,0.000739829,0.00771973,0.0228579,0.0624268,0.0556062,0.080931,0.132161
999.664,0.0493279,-0.0238041,0.052509,0.0136823,0.0550742,0.00625713,0.0343336,-0.00791794,0.045658,0.0442639,-0.00355886,0.0147908,0.00177471,0.0143885,0.0519663,0.0822267,0.0377557,0.136399,0.166287
999.969,0.0724021,0.104799,0.0922767,0.121854,0.0691084,0.0664655,0.0572544,0.0906317,0.0840796,0.0863376,0.0460465,0.0671944,0.0540996,0.0507009,0.0402066,0.106182,0.123386,0.192382,0.200008
1000.27,0.0265839,0.0609904,0.0603141,0.0489385,0.0582634,0.00686037,0.0497862,0.0268567,0.0594764,0.0273724,0.000821398,0.0543532,0.00930698,0.0208065,0.0779443,0.0880887,0.124876,0.127897,0.159185
1000.58,0.0291546,0.00990368,-0.0180185,0.0857038,0.0378675,0.0207894,0.106512,0.0395436,0.0218081,0.0197482,0.0141059,0.0522973,0.037349,0.00913505,0.0263167,0.0699917,0.121692,0.134753,0.201364
1000.89,0.0464286,-0.0325673,-0.0078249,-0.0387271,-0.0484404,-0.0325871,-0.0335156,-0.0434797,-0.0557392,-0.0350245,-0.0923228,-0.016227,-0.0615694,-0.0521459,-0.0677159,-0.0299163,0.0176664,0.0345067,0.127426
1001.19,0.0449913,0.0872899,0.0544452,0.0509053,0.0638869,0.0317438,0.0812576,0.0512436,0.0651413,0.0165414,0.00186858,0.026926,0.035828,0.0279904,0.102643,0.100586,0.136538,0.147425,0.23747
1001.5,0.119787,0.062223,0.0980884,0.0844888,0.124276,0.0428629,0.0888583,0.0707846,0.0678145,0.0904201,0.0829321,0.0498072,0.0707276,0.0920063,0.0504617,0.0741944,0.114452,0.160296,0.246691
1001.8,0.00559978,0.0155925,-0.0105497,-0.00535178,-0.0106285,-0.0594662,-0.0141036,-0.0134833,0.019261,-0.039864,-0.0113289,-0.0292663,-0.0047657,0.0055146,-0.00545685,-0.00258465,0.0524407,0.115577,0.132603
1002.11,0.0994452,0.0396754,0.0559625,0.0117836,0.113825,0.0376142,0.00735508,0.0248946,0.0598885,0.0266298,0.0218648,0.0488322,0.00808944,0.0598444,0.0531723,0.060704,0.0551491,0.141695,0.178269
1002.41,0.100401,0.0705747,0.0545753,0.0512909,0.0877272,0.0683146,0.0187002,0.049817,0.0109832,0.0632564,0.00188661,0.0670488,0.0318119,0.0881866,0.0464118,0.0478837,0.0774565,0.139584,0.231565
1002.71,-0.0290022,-0.00307965,-0.0273665,0.0513275,-0.0554704,0.0188532,-0.015722,-0.0488719,-0.0741057,-0.013336,-0.0198035,-0.0328046,-0.0336912,-0.0895744,-0.00400719,0.0071223,0.0647171,0.102252,0.117511
1003.02,0.0926374,0.0638665,0.0991151,0.0358946,0.0748115,0.0560472,0.0681736,-0.0309777,0.00442374,0.0168392,0.00350442,0.0442796,0.0414371,0.0330155,0.035365,0.0749655,0.0815346,0.1172,0.144826
1003.32,-0.0377217,-0.00678814,0.0190253,-0.0174695,-0.0349318,-0.0107595,-0.0135392,-0.0154564,-0.0382499,-0.0146371,-0.0527109,-0.0190524,-0.0239271,-0.0213468,0.0560917,-0.0129903,0.0615131,0.075618,0.141544
1003.63,0.0793017,0.0855627,0.107036,0.0796276,0.103727,0.105684,0.048173,0.040779,0.0750708,0.0713574,0.0775975,0.0394624,0.0674006,0.129645,0.0801474,0.0845686,0.171689,0.189423,0.216714
1003.93,0.00493205,0,0.0322877,0.00307647,0.024578,-0.011347,-0.012887,0.0150511,-0.0213473,-0.00922941,0.0179063,0.00202425,-0.00913558,0.00724219,0.0155651,0.0151271,0.0614282,0.0540857,0.215582
1004.23,0.0524497,0.0617881,0.0166778,0.0665599,0.0420378,0.0356303,0.0570447,0.0104617,-0.026878,0.0567863,0.0191521,0.0214683,0.023418,0.0440429,0.0413152,0.109438,0.0813219,0.163025,0.180718
1004.54,0.0894992,0.0614904,0.0471555,0.0151128,0.0292741,-0.00569567,-0.0238685,-0.00565924,0.0323449,0.0232497,0.0204325,0.0247166,-0.0464343,0.0205316,0.049934,0.0924769,0.0926099,0.117778,0.189584
1004.84,0.140077,0.13718,0.11508,0.0673071,0.0871254,0.131763,0.0490461,0.0537905,0.0857655,0.0242931,0.102345,0.0442447,0.0879732,0.0282747,0.0738434,0.0806727,0.0773238,0.195202,0.183941
1005.15,0.019944,-0.0100244,0.0616646,0.00920392,0.0392443,0.0733424,0.0165422,0.0300253,0.0526069,-0.02178,0.00542919,0.0487502,0.0226598,0.0254631,0.0340311,0.0621144,0.0706002,0.138493,0.128701
1005.45,0.0664475,0.0334472,0.0220362,0.0595227,0.0535109,0.0600323,0.0823453,0.0862857,0.0660449,0.050747,0.0249148,0.044465,0.0312795,0.0551285,0.0419193,0.0497585,0.0867666,0.184865,0.181052
1005.75,0.114583,0.108833,0.0727863,0.0706383,0.10546,0.107282,0.0930869,0.0707131,0.0922949,0.0740207,0.057054,0.101925,0.107332,0.135862,0.0301559,0.115001,0.0965713,0.200578,0.289885
1006.05,0.0428881,0.001281,0.0272615,0.0445935,0.0211593,0.0280691,0.0254157,0.0531187,0.0356472,0.00380931,0.00805507,0.052867,0.0237648,-0.00790196,0.102969,-0.0150983,0.0970894,0.152013,0.194998
1006.36,0.027741,0.0363678,0.0279067,0.112413,-0.00750095,0.0472873,-0.0196358,0.0642581,0.00252191,-0.00124725,0.0352513,0.0578786,-0.0109118,0.0340129,0.108286,0.0418279,0.102274,0.206126,0.218353
1006.66,0.024458,0.0275497,0.0721625,0.0724568,0.020911,0.0338831,0.033373,0.0344372,-0.00670114,0.0445679,-0.0287391,0.0239012,0.0627742,0.0241783,0.0337383,0.0659087,0.078778,0.0574872,0.162005
1006.96,0.128886,0.0994036,0.159926,0.153001,0.133403,0.128091,0.107913,0.0548545,0.135611,0.103687,0.057717,0.118442,0.171639,0.0923715,0.140974,0.11296,0.151412,0.215539,0.277696
1007.27,0.111357,-0.0201108,0.0199642,0.0124636,0.0130862,-0.0573312,0.0175692,-0.00920138,0.00795444,-0.00362985,0.00510551,-0.0150965,-0.00907462,0.0214488,0.0198196,0.0158838,0.0312504,0.106355,0.107726
1007.57,0.0718227,0.0537348,0.0420557,0.068964,0.0940544,0.00112246,0.110156,0.0340555,0.066226,0.063722,0.075147,0.00558901,0.0663523,0.135599,0.0892165,0.0628284,0.1374,0.188,0.184285
1007.87,-0.0492837,0.026808,0.0398205,0.0556339,0.0617169,0.0600893,0.0229849,-0.0208821,0.0343467,0.041309,-0.0236384,0.0107396,0.0454184,0.0184841,0.0103034,0.016081,0.0940032,0.123848,0.184692
1008.17,0.0631123,0.107856,0.0656743,0.0115257,-0.0034493,-0.0374687,0.0877489,0.0462908,-0.00928087,-0.0235292,0.0159931,-0.00116967,-0.0107849,0.0676737,0.00831104,0.0901788,0.088603,0.116358,0.196561
1008.47,0.00773461,0.06178,0.0890126,0.0129123,0.0447443,0.0470658,-0.0606871,0.0694718,0.0472816,0.0518479,0.0426182,0.0332838,0.00772832,0.0760653,0.0852708,0.0543674,0.133334,0.136892,0.231404
1008.78,0.0963217,0.0594306,0.0825017,0.119848,0.066185,0.0465265,0.0253624,0.0924788,0.101873,0.0526863,0.117404,0.0706368,0.0132258,0.0100637,0.117422,0.0950977,0.134541,0.223452,0.154054
1009.08,0.0915417,0.0881805,0.0656891,0.0138796,-0.0032787,0.0484901,0.0642795,0.00661534,-0.00424883,-0.0117342,-0.00428898,0.00109578,-0.0380774,-0.00318934,0.0452286,0.0484592,0.082579,0.106267,0.146244
1009.38,0.0567562,0.0592864,0.0695039,0.0619672,0.0497813,0.0768765,0.0082699,0.0880358,0,0.0167599,-0.00523284,0.0135933,0.0208329,0.0657535,0.00201284,-0.003027,0.0826672,0.138327,0.173884
1009.68,0.0570124,0.0469331,0.0308721,0.0417472,0.05451,0.0201296,0.0256549,0.0153933,0.0520983,0.0136155,-0.0243467,0.0392815,0.0398771,0.0231229,0.0157517,0.0584973,0.114687,0.0760073,0.17136
1009.98,0.0479786,0.0295445,-0.00624105,0.0305781,-0.0180344,0.0125049,-0.0469114,-0.00517706,-0.0325104,-0.0658076,0.00379308,0.0451711,0.025715,-0.0573653,0.0100684,0.0505744,0.00510462,0.105621,0.166588
1010.28,0.0447255,0.0403858,0.00370479,-0.00655572,0.0324322,0.00838555,-0.0268101,0.0367144,-0.0184736,0.0155321,0.0489525,-0.0187281,-0.0284292,-0.00245425,-0.0120537,0.0920788,0.0355867,0.131889,0.173791
1010.59,0.00500714,0.0063875,0.0248538,0.064974,0.05072,0.0813526,0.0310391,0.00804825,0.0489956,-0.00252203,0.0569545,0.0217751,-0.0114547,0.0593838,0.0285819,0.0718007,0.147811,0.135963,0.138472
1010.89,0.0163013,0.0199572,0.0516965,0.0535269,0.0565146,0.0691773,0.0574796,0.0549145,0.0471124,0,0.0541307,0.0801809,-0.0398028,0.0531932,0.0329843,0.0622899,0.113466,0.161403,0.182618
1011.19,0.0506026,-0.0584265,0.0437191,0.0328923,-0.0322094,0.0261475,0.0171112,0.00361355,0.0219618,-0.0245122,0.0705191,-0.00700503,-0.0378924,-0.013383,0.0113949,0.109361,0.0344013,0.10274,0.11862
1011.49,0.0773806,0.0039937,0.121045,0.0969629,0.0438369,0.11045,0.0660595,0.00496795,0.0451742,0.0585369,0.0257225,0.0761869,0.0122826,0.0600065,0.0188937,0.0896633,0.195111,0.168667,0.202067
1011.79,0.106746,0.0405823,0.0385862,0.0665504,0.0644785,0.0660083,0.0420797,0.0457821,0.0566912,0.0634213,0.0498084,0.049854,0.0322919,0.0283989,0.061443,0.0644333,0.0700829,0.157554,0.167964
1012.09,0.0740743,0.0295152,0.0979773,0.0847519,0.0326175,0.0198039,0.0682955,0.0902011,0.0529073,0.0707604,0.0109804,0.03096,0.0661686,0.0585558,0.108276,0.0931068,0.0633953,0.182759,0.149715
1012.39,0.153359,0.125844,0.147334,0.131801,0.184184,0.0232316,0.0729442,0.111783,0.0756755,0.145888,0.0942783,0.0711974,0.12573,0.0858192,0.0730468,0.159275,0.177145,0.175592,0.243186
1012.69,0.063803,0.0486938,0.0899855,0.0372354,0.0213738,0.00256056,0.0349944,-0.0193257,0.0149827,0.0586788,0.0254248,0.018311,0.03925,0.0213324,0.022989,0.0573722,0.125614,0.102241,0.235811
1012.99,0.0718886,-0.00618692,0.0585981,0.06978,0.0569054,0.0125142,0.058737,0.0535395,-0.00162096,0.0208277,-0.0232397,0.039659,0.0776029,0.0967107,0.122192,0.0726747,0.0433895,0.108945,0.151708
1013.29,-0.0352251,-0.0735132,0.0374677,0.0648414,0.0751307,0.0155916,-0.0582943,0.0206241,-0.0102097,-0.0120142,-0.0553392,-0.00424898,-0.0225727,-0.0384485,-0.0310921,-0.044507,0.0410172,0.0825793,0.141601
1013.59,0.123269,0.0942531,0.0708894,0.105848,0.0827257,-0.0099429,0.027691,0.0275848,0,0.0293199,0.0684812,0.0961947,0.0620848,0.0542355,-0.0256519,0.0375711,0.171058,0.17429,0.20583
1013.89,0.0298252,0.00507326,0.0777892,0.0724062,0.0394406,0.0908349,0.0494209,0.078718,0.0591317,0.047282,0.0518727,0.110986,0.0519921,0.0288376,0.116486,0.146828,0.142825,0.238375,0.218473
1014.19,0.0296395,0.0643229,0.0401375,0.00147729,0.0131432,0.0482479,0.0473231,0.0295458,0.0887852,0.091621,0.00289958,-0.0111376,0.0850496,0.0593343,0.0693893,0.0613018,0.122689,0.134413,0.187521
1014.49,0.060644,0.0595933,0.0375949,0.116065,0.0349949,0.0840261,0.00161941,0.0410745,0.0231308,0.0367802,0.0485601,0.0161941,0.0174519,0.0891,0.0363614,0.134563,0.185983,0.0899538,0.236069
1014.79,0.0816427,0.00847761,0.0541092,0.0598795,0.0153438,0.0315861,0.0652249,0.0883878,0.0149046,0.0556597,0.0951196,0.032433,0.0350444,0.00293388,0.049963,0.0604255,0.130623,0.1136,0.166811
1015.09,0.0772375,0.0964725,-0.00409036,0.00530567,-0.0113226,-0.0053705,0.0145759,0.0569864,0.0230121,-0.00432281,0.00656603,-0.0255763,-0.0158703,-0.00941756,0.0142887,0.0690497,0.122131,0.126519,0.14604
1015.39,0.10691,0.089973,0.0626849,0.134801,0.0125982,0.134259,0.00775418,0.12798,0.0321332,0.145971,0.0640503,-0.0133332,0.0793511,0.0404535,0.0514438,0.146006,0.121044,0.157161,0.205569
1015.68,0.00873082,-0.0397405,-0.0552806,-0.0120244,-0.0590509,-0.0549354,-0.0894308,-0.0425024,-0.00926747,-0.0578815,-0.0097598,-0.0108666,-0.0449436,0.00117588,0.0126477,-0.0292489,-0.0160907,0.0360553,0.0994395
1015.98,0.0382162,0.120462,0.0904626,0.0240948,0.0903555,0.0754473,0.050786,0.0640345,0.0510059,0.0187617,0.0813953,0.0424563,0.172247,0.0779256,0.0533406,0.0776698,0.0393148,0.0789827,0.217717
1016.28,0.148395,0.0881277,0.0953978,0.0810416,0.0669377,0.0635426,0.0992565,0.071923,0.0602021,0.0868985,0.0249901,0.0355896,0.0749038,0.079097,0.0788842,0.0965218,0.0753898,0.144487,0.256184
1016.58,0.107162,0.062154,0.0470031,0.0395943,0.113651,0.0388621,-0.0380881,0.0140941,-0.0214871,-0.0132449,-0.0279058,0.0396091,-0.00789686,0.0662303,-0.00700766,0.0275378,0.0498042,0.112496,0.117974
1016.88,0.121878,0.0700798,0.0920527,0.2156,0.145258,0.115065,0.112794,0.144725,0.106095,0.0746306,0.0314483,0.112193,0.16651,0.171503,0.142067,0.226079,0.227426,0.202959,0.279112
1017.18,0.0426535,0.0843023,0.114813,0.0385066,0.0295258,0.0554495,0.0525042,0.054499,0.0530387,0.0525248,-0.007304,0.03903,0.00907945,0.0747234,0.0839575,0.0931122,0.133422,0.144288,0.216129
1017.48,0.0501888,0.0333205,0.0226098,0,0.131185,-0.0346029,0.0432699,-0.0602251,-0.0382107,-0.0703775,0.00479724,-0.0721371,-0.0235989,0.0198333,0.0603032,0.0436961,0.151714,0.0680549,0.220188
1017.77,0.025126,0.035908,0.00613806,0,-0.0735714,-0.0494664,-0.0108042,0.0295223,-0.0365825,0.0201961,0.0294286,-0.00548358,-0.057395,-0.0072843,0.0485191,0.0354087,0.0794871,0.0971698,0.158248
1018.07,0.150444,0.0577612,0.0332715,0.162965,0.0901297,0.0121119,0.0259506,-0.00750086,0.110407,0.0974434,0.0235098,0.080837,0.0211353,0.0683848,0.137884,0.116866,0.118119,0.0787419,0.216927
1018.37,0.0784916,0.0438887,0.124687,0.0478835,0.0658267,0.0996699,0.10048,-0.00483694,0.0156421,-0.00576814,0.0294895,0.0249381,0.0551004,0.0890246,0.0669653,0.120132,0.145991,0.190636,0.272623
1018.67,0.0707143,0.10067,0.0652488,0.0825341,0.0806217,0.0776693,0.0644994,0.00869218,0.0808196,0.0294771,0.0679217,0.0557774,0.118023,0.0463189,0.107088,0.0260995,0.0407084,0.127386,0.154
1018.96,0.0512854,0.0881708,0.176632,0.08793,0.10383,0.0130502,0.106543,0.0158171,0.0671747,0.0975222,0.0207628,0.0773107,0.0467914,0.00406737,0.0893053,0.0536241,0.146565,0.137124,0.19091
1019.26,0.0574426,0.0464782,0.0632901,0.0954183,0.093889,-0.0144869,0.0876779,0.062782,0.0819652,0.0568049,0.101774,0.0771935,0.047156,0.0261879,0.0256206,0.112097,0.106526,0.168702,0.129673
1019.56,0.0106385,0.085878,0.0110678,0.0722365,-0.0106385,0.0445738,0.00150338,0.0594296,-0.0192648,0.0105999,-0.035211,-0.0557905,-0.0197193,0.00303588,-0.0743004,0.0272569,0.0748321,0.0907672,0.143501
1019.86,0.0356715,-0.0231646,-0.00138726,0.00127376,0.0103908,-0.0191142,-0.00402722,-0.0508895,-0.0149455,0.0510148,0.00552172,0.0576544,-0.00920935,-0.0510636,0.0136863,0.0196192,0.0681286,0.136593,0.110209
1020.15,0.0143638,0.0749977,0.133509,0.0865397,0.100655,0.0544246,-0.0037467,0.0734074,0.0546197,0.0281826,-0.0709763,-0.0344414,0.00939003,0.0442946,0.0345773,0.0111161,0.0508777,0.13761,0.249838
1020.45,-0.0754679,0.0310059,-0.0623267,-0.0277699,-0.00631932,-0.0393655,-0.0265717,-0.037324,-0.0031633,-0.036962,-0.10107,-0.103335,-0.015902,-0.0574205,0.0428465,-0.0187831,-0.0603281,0.0683994,0.146617
1020.75,-0.0341164,0.0339328,0.0706347,0.0366481,0.117007,-0.0298091,-0.0381326,0.075133,-0.00557178,0.0415037,0,0.00181256,0.0773881,0.0614411,0.00953315,0.0695722,0.0477329,0.108433,0.17541
1021.04,0.160491,0.0598498,0.100586,0.0393248,0.11465,0.127286,0.134656,0.177316,0.151118,0.118615,0.139637,0.150665,0.0880821,0.109724,0.246231,0.145806,0.349294,0.359216,0.311472
1021.34,-0.02183,0.0716981,0.00254772,0.102458,0.0507776,0.0414244,0.0112588,0.0171642,0.0492006,0.0156264,-0.0702126,-0.0189062,0.0616543,0.00599637,0.0738962,0.0851299,0.0407139,0.109453,0.134972
1021.64,0.069339,0.0786118,0.00146236,0.0306419,0.0464092,0.0461172,0.0485067,0.0668187,-0.0309422,0.0530157,-0.0133165,0.0379215,0.0719657,0.0467092,0.0413135,0.0935461,0.101905,0.0606871,0.148205
1021.93,0.0830337,0.0264436,-0.108402,0.0805018,0.0907806,0.014315,0.0744211,0.0442846,-0.02525,0.0375529,-0.0550909,0.0225,-0.162877,0.00244684,0.0810573,-0.00661091,0.0637096,0.166267,0.170738
1022.23,0.0950476,0.0406597,0.0831171,0.0656435,0.00292313,-0.0120803,0.0234407,0.0414846,0.00749497,0.0403008,0.0251493,0.0546628,0.0374292,0.0537582,0.033887,0.010493,0.0566585,0.129549,0.202953
1022.52,-0.00303745,-0.0218992,-0.0428416,-0.0792288,-0.0480583,0.0228402,0.0168814,0.0392532,-0.0370988,-0.031019,-0.0474309,-0.0689737,-0.0772677,-0.0168372,0.00617922,0.0652092,0.0151088,0.11756,0.143159
1022.82,0.0531441,0.0923178,0.135464,0.0159065,-0.021096,0.0352536,-0.0124048,0.0469551,-0.0351133,0.0137178,0.108389,0.0115541,0.0643895,-0.0721447,-0.0231615,0.00184626,0.113045,0.1315,0.177054
1023.12,0.055848,0.123389,0.072194,0.0747399,0.113586,0.136786,-0.0168497,0.0901978,0.120368,-0.0435692,0.0680768,0.0423377,0.0760981,0.126307,0.0911844,0.172191,0.0849713,0.278383,0.258105
1023.41,-0.0844976,-0.0830044,-0.261516,-0.10124,-0.0943629,-0.0955231,-0.15629,-0.117845,-0.210552,-0.110835,-0.126647,-0.183089,-0.0211273,-0.129224,-0.0865439,-0.0712003,0.0020915,0.0970954,0.113462
1023.71,0.0169415,0.116533,0.0447135,0.0771559,-0.0566004,-0.0123097,0.0760151,0.0642384,0.127873,0.103035,0.119758,0.0523772,0.0568888,0.00577168,0.0741661,0.00378398,0.0630363,0.218489,0.238243
1024,0.00361992,0.0406889,0.051892,0.0403171,-0.00544767,0.0326524,0.0747968,0.0339534,0.0440499,0.0673734,-0.032686,0.0462471,-0.00411888,-0.00644664,-0.0269851,-0.0132636,0.0942147,0.123586,0.147163
1024.3,0.0931008,0.141569,0.0882341,0.123623,0.061059,0.0315455,0.0919685,0.137245,0.150266,0.170338,0.108362,0.0143273,0.171092,0.184528,-0.0308326,0.00392088,0.06237,0.290808,0.302027
1024.59,-0.0517985,0.00169198,-0.0130992,-0.0826849,0.0174032,0.00763777,0,-0.0448426,-0.150779,-0.0580107,-0.037141,-0.0280859,-0.0443313,0.00928525,0.0271093,0.0705955,0.0561472,-0.0284134,0.0856564
1024.89,0.147633,0.107324,0.0358938,0.0529064,0.0235584,-0.00815964,0.0269245,0.061286,0.046548,0.0104575,0.0812299,0.0507679,0.025164,0.0171805,0.0651999,0.168901,0.138178,0.114425,0.177334
1025.18,0.0138966,-0.0144724,0.0488323,0.0216488,-0.0275158,-0.149121,0.00706066,0.0897592,-0.00714735,0.00516328,-0.0198721,-0.0477609,-0.0160815,-0.0443657,-0.0205451,0.0270238,0.0207001,0.0585892,0.158322
1025.48,0.0883057,0.0481472,0.0972814,0.165451,0.128428,0.153187,0.0678283,0.0933102,0.0849918,0.0880754,0.0636133,0.103641,0.0999861,0.0826286,0.103798,0.112787,0.160999,0.0744269,0.227111
1025.77,0.0336707,-0.0194476,-0.121747,0.123185,0.00465514,-0.0403529,-0.0250209,-0.0525612,-0.00789076,0.103954,-0.0561927,-0.0415768,0.0112385,-0.0146488,-0.0241429,-0.109326,0.018551,0.058179,0.174765
1026.06,0.0410306,0.00991624,-0.0145207,-0.0109271,0.0693767,-0.0486548,0.00464533,0.058193,0.00664893,0.00167673,0.0398387,0.081699,-0.0454037,0.0494396,0.015568,0.0834725,0.140641,0.0379925,0.135986
1026.36,0.103764,0.0517964,0.0673664,-0.020898,0.0335704,-0.103253,-0.0380312,0.0152799,0.016138,-0.045687,0.0304698,0.0672344,0.0360687,0.0408778,0.030115,-0.0355237,0.211773,0.158924,0.220853
1026.65,-0.0305916,0.0893148,-0.0314043,-0.0136982,-0.0342102,-0.0515719,-0.0820621,0.0418065,-0.0966197,-0.0376234,-0.083002,-0.0430736,-0.0280922,-0.0100557,-0.0561211,-0.00707923,0.0805678,0.118345,0.138491
1026.95,0.150183,0.139122,0.0971627,0.136963,0.0293596,0.103063,0.15093,0.22006,0.149564,0.0869991,0.150017,0.154676,0.170826,0.177354,0.057396,0.198883,0.123852,0.193163,0.324244
1027.24,0.0424491,0.00294896,0.0605342,0.0704349,0.116372,0.0408271,0.068883,0.021427,0.0181832,0.07355,0.0183103,0.0963283,0.0185513,0.031696,0.0295801,0.0823571,0.119457,0.11206,0.202004
1027.53,0.0917406,0.0179716,0.0395171,0.125129,0.0451286,-0.0703877,0.113418,0.104321,0.0265254,0.0567547,-0.0547127,-0.00989662,0.0438529,-0.0141027,0.0161751,0.0546479,0.0984812,0.124175,0.205644
1027.83,0.195911,0.202745,0.0581088,0.116719,0.124632,0.123251,0.0486441,0.138252,0.152136,0.162278,-0.0338344,0.108496,0.168529,0.0754249,0.141893,0.127994,0.154704,0.239194,0.257418
1028.12,0.111939,0.175023,0.100875,0.207193,0.226562,0.0399781,0.254802,0.125291,0.093398,0.0734412,0.185666,0.15714,0.102548,0.143023,0.146099,0.132954,0.240924,0.343426,0.361382
1028.42,0.0394334,0.0329438,0.0908226,0.0154884,-0.074316,0.0317378,0.100539,0.00575137,-0.0262035,0.00424972,0.0268773,-0.0112207,-0.0660317,-0.0659356,0.0162205,0.0417857,0.0917767,0.112849,0.188036
1028.71,0.0996108,0.0661898,0.00227496,-0.015594,0.0298528,0.0606327,0.105336,0.0452043,0.0408826,-0.0187188,0.0297618,0.11351,0.036985,-0.0788931,0.204437,0.0145014,0.0864485,0.0996108,0.117151
1029,0.141418,0.0828306,0.0122233,-0.0224663,0.0222047,0.0559697,0.0516173,0.123966,0.102992,0.00864089,-0.0254304,0.0826857,0.0343611,0.00692291,0.105745,0.0719407,0.0756486,0.172755,0.132774
1029.29,-0.015101,0.0719149,0.134972,0.112986,0.115498,0.0437459,0.156611,0.0716023,0.0434434,0.0511105,0.065647,0.0904864,-0.024802,0.0885031,0.0894838,0.0577413,0.176252,0.104121,0.156531
1029.59,0.0618564,0.0439793,0.0850729,-0.0929531,-0.035876,0,0.0332825,-0.0775833,-0.0378691,-0.0781299,0,-0.0111412,0.0102143,0.0319174,-0.00604806,0.114537,0.0211351,0.0408016,0.132017
1029.88,0.0240395,0.0453316,0.00728804,-0.0636293,-0.0395909,-0.0173551,-0.0639203,-0.022055,-0.0257566,-0.0453316,0.0291026,-0.0782864,0.00677602,-0.0979594,0.0495608,0.0324828,0.0373026,0.136973,0.15709
1030.17,0.0427215,-0.0582779,-0.0109163,-0.011983,0.0467891,-0.146686,-0.0565099,0.11394,-0.219212,-0.00733314,0.0134795,-0.0400253,-0.0479322,-0.0251972,0.030031,-0.0765932,0.0370776,0.141492,0.191937
1030.46,-0.0171987,0.0766328,0.0331034,-0.0133897,-0.0114808,0.00237945,0.0478912,-0.0121333,0.0439817,-0.0495673,0.00912903,-0.0378919,0.0283179,-0.128638,0.0267794,-0.025497,0.020634,0.144116,0.283279
1030.76,0.0506724,0.0719609,0.0703749,0.0339741,0.0859693,0.135866,0.0301959,0.158773,0.0132426,-0.00407127,0.0531184,-0.0266838,-0.041917,0.159058,0.0558784,0.129199,0.102109,0.205968,0.141866
1031.05,0.0558954,0.11899,0.0597251,0.0514237,0.105791,0.0107546,0.0157481,0.021062,0.00204813,0.0286738,-0.0181168,0.0343758,0.067963,0.0657676,-0.0543012,0.0627188,0.107133,0.0671446,0.211172
1031.34,0.0513602,0.0486131,0.0949992,-0.0811701,0.0702789,-0.169249,0.0509752,0.00235395,0,-0.0854631,-0.0203123,0.122151,0.00727023,0.0594054,0.090507,0.0657014,0.182596,0.116818,0.206209
1031.63,-0.039274,-0.0137235,-0.0478118,-0.0541155,-0.0722372,-0.0448133,-0.145663,-0.018812,-0.0895958,-0.0514876,-0.0856292,-0.0411073,-0.0230075,-0.108998,-0.0484039,-0.0390352,-0.0730731,-0.0237245,0.101826
1031.92,-0.0178882,0.035721,0.0665902,0.0349393,-0.0194079,0.0299336,0.0191458,0.049464,-0.00789557,-0.0159559,0.0342607,0.0454191,0.0192925,0.0596931,0.0177254,-0.0252051,0.12787,0.120267,0.141121
1032.22,0.0460414,0.0368718,0.00978622,-0.00854935,-0.0742157,0.0716951,0.00229684,0.0070082,0.0489993,0.12454,0.0242185,0.0488887,-0.0543707,0.0408102,0.0554745,-0.014508,0.162675,0.0924381,0.163288
1032.51,0.0871258,0.246776,0.0927167,0.0912952,0.10741,0.197975,0.158327,0.152364,0.126941,0.144004,0.155359,0.0864452,0.130682,0.142569,0.142294,0.107401,0.148792,0.376633,0.248463
1032.8,0.122241,-0.0295724,0.136584,0.163451,-0.00908062,0.0357424,0.0432888,0.0730973,-0.0298254,0.155269,0.122161,0.0638309,0.0791609,0.0763827,-0.0182572,0.0738238,0.088327,0.136566,0.244577
1033.09,0.124272,0.00566759,-0.0473082,-0.0167225,-0.00743524,-0.0692914,-0.0671359,0.0102131,-0.0647552,-0.0936849,-0.103394,0.0673127,0.0227126,-0.0197629,-0.0528051,-0.0197309,-0.0836125,0.0745684,0.0326987
1033.38,0.323276,0.245965,0.165087,-0.0434739,0.298064,0.220161,0.173896,0.175356,0.189455,0.128101,0.0537921,0.205009,0.198424,0.116186,0.184236,0.17809,0.162039,0.429091,0.258938
1033.67,0,-0.00942648,0.0053319,-0.0670557,0.0402196,0.0518058,0,-0.0595574,-0.0741318,-0.0652646,0.0145518,0,-0.091356,-0.0331301,0.0459653,0.0321617,0.11474,0.0605333,0.0646854
1033.96,0.102975,0.107916,0.0999442,0.141574,0.0934544,0.0176338,0.0318677,0.206038,0.080015,-0.0339922,-0.0202213,0.151455,0.0385531,0.089941,0.153147,0.100033,0.197123,0.211232,0.261548
1034.25,0.0467638,0.0141238,0.0258078,0.0587747,0.0630353,0.0638491,0.00438273,0.125333,0.0402509,0.086312,0.00152059,0.132023,-0.0157729,0.0878538,0.108989,0.0795513,0.0277138,0.0705,0.107845
1034.54,-0.0226058,-0.0871447,0.0351905,-0.0184363,0.0199036,-0.0474918,0.00170802,-0.00990131,0.0709855,-0.0262575,0.00159882,-0.0528476,-0.0121693,-0.0312685,-0.101373,0.0219734,0.0185062,0.0937101,0.0771407
1034.84,0.00610874,0.165678,0.0128784,0.0721202,0.110492,0.0160102,0.0351508,-0.017943,0.187262,0.036966,0.0395331,0.0967696,0.0639934,0.020273,0.0592343,0.114608,0.0538289,0.270624,0.186118
1035.13,0.104324,0.0701393,-0.0264498,-0.0528665,-0.0683835,-0.0318212,0.038171,0.0650729,0.0845051,-0.0156736,0.00937064,0.0169649,0.00517633,0.0912381,0.00521482,0,0.105671,0.119133,0.141428
1035.42,0.014179,-0.016817,0.1047,0.0516522,0.0662517,0.126305,0.183522,0.0390881,0.0603807,0.101212,0.034152,0.0492111,0.132085,0.15931,0.0772405,0.061543,0.100634,0.0955355,0.205249
1035.71,0.0847613,0.188901,0.166274,0.0597086,0.0224496,0.0957668,0.0511676,0.0447033,0.0957085,-0.0572159,0.0476388,-0.0277978,0.014409,0.148068,0.0551079,0.104028,-0.00494826,0.0285041,0.179873
1036,-0.0217264,0.155404,0,0.0956723,0.0895322,0.176596,0.164546,0.0189738,0.0518929,-0.0426703,0.140128,-0.1024,0.0274692,0.102405,0.0506753,0.00723434,0.0803272,0.151271,0.0703086
1036.29,0.124564,0.13396,0.186802,0.150917,0.101135,0.186395,0.13894,0.090284,0.161943,0.0714169,0.156938,0.135361,0.179442,0.122642,0.161569,0.117191,0.0688452,0.310508,0.202293
1036.58,0.171269,0.13264,0.0423089,0.114425,0.0884075,0.0296918,0.0319319,0.0762931,0.0415991,0.047329,0.0474101,0.0774397,0.076139,0.0563641,0.0987767,0.0607681,0.103554,0.230107,0.204418
1036.86,0.193145,0.0518571,0.118216,-0.00584035,0.0541377,0.146452,0.146308,0.0844354,0.197094,-0.0145349,0.139109,0.0575488,0.0596357,0.186815,0.0553008,0.161208,0.118469,0.292922,0.278
1037.15,0.0427642,-0.0964867,-0.150331,-0.0473763,0.0438967,0.109809,-0.0246803,-0.10937,0.00507825,-0.0347121,-0.0882564,-0.0436665,0.00561937,0.126051,-0.0293432,-0.0213821,0.0932072,0.0673441,0.0483329
1037.44,0.0176396,0.143106,0.0108652,0.0466709,0.193504,0.185915,0.244406,0.0189067,0.158082,-0.0207856,-0.0230969,0.137704,0.0793346,0.165745,0.206473,0.0503988,0.316876,0.155021,0.197713
1037.73,0.0741731,0.0733319,-0.044685,0.0566723,-0.0354919,-0.102134,0.0414837,-0.031591,0.0326629,-0.12479,-0.0709097,0.0267308,-0.0437413,0.0100548,0.0353532,0.0831411,0.106261,0.0516055,0.12279
1038.02,0.0821034,-0.0341209,0.015085,0.0236951,0.0559459,-0.0139404,0.0125709,0.0234931,0.0555456,-0.0605594,-0.0461008,0.0657375,-0.0536974,0.0559796,0.047408,0.00461985,0.0461985,0.153952,0.14373
1038.31,0.144337,0.119268,0.0624996,0.116016,0.0635564,-0.0194044,-0.0574505,0.0986867,0.0289147,0.215675,0.0425471,0.0917322,0.0438226,0.122924,0.00896808,0.0775647,0.244615,0.161324,0.313464
1038.6,-0.233197,-0.0620727,-0.281032,-0.447604,-0.339437,-0.178322,-0.163238,-0.406392,-0.23687,-0.243039,-0.0520925,-0.233983,-0.224076,-0.305139,-0.178839,-0.249841,-0.204948,0.104383,0.0127149
1038.89,0.157065,0.101446,0.307415,0.135949,0.096239,0.255397,0.218003,0.16775,0.401213,0.0420273,0.142605,0.243394,0.101885,0.077983,0.2918,0.115887,0.155511,0.459489,0.345859
1039.18,0.0297476,0.136147,0.106615,0.0842086,0.225255,0.127431,0.0636186,-0.0140678,0.0121007,-0.00367065,0.0375759,0.254553,0.0459373,0.0459468,-0.0890288,-0.0596505,0.0863205,0.234721,0.179961
1039.47,0.109201,0.0918192,-0.0392759,0.0627025,0.0348176,0.0184515,0.0428305,0.127224,0.136654,0.0888847,0.0281166,0.0331569,-0.0563823,0.149444,0.01687,0.107582,0.216498,0.061123,0.201064
1039.75,-0.135186,-0.118889,-0.0513916,-0.0307422,0.140584,0.026456,-0.0130606,0.0734077,0.0872466,-0.141896,0.0159042,-0.0364875,-0.164604,-0.0619801,0.118973,-0.00451547,0.113964,0.167537,0.390405
1040.04,0.064559,0.0457561,0.0749475,-0.0026102,0.0939672,0.0404609,0.0207836,0.0726515,-0.0206382,0.11093,0.0295485,-0.0240592,0.0629417,0.0606425,0.0893321,0.0511921,0.0853378,0.162668,0.223639
1040.33,0.114254,0.117956,-0.0630367,0.0290641,0.0605777,-0.124142,0.104782,-0.0653607,-0.0501766,-0.00381271,0.170005,-0.120709,0.0957294,0.253822,-0.0173136,0.0911131,0.145387,0.317435,0.445163
1040.62,0.0940363,-0.0324781,0.118588,-0.0374194,0.046982,-0.0813661,0.0332959,-0.0470724,-0.0320738,0.0941222,0.113757,-0.0396399,0.155002,-0.0562575,0.126812,0.0807204,0.114405,0.0890674,0.268514
1040.91,-0.116447,0.071801,0.0950546,0.22427,-0.0337367,-0.0164537,0.114965,0.0274575,-0.0318504,0.130267,-0.0843206,-0.106112,-0.0512087,-0.0301707,-0.13061,0.108271,0.0655759,0.215997,0.179403
1041.19,-0.0146871,-0.0781006,-0.0140647,0.0105165,0.0570501,-0.150565,-0.0136643,-0.0217212,-0.0266074,-0.0812884,-0.106827,0.097967,-0.0346591,-0.0998481,0.0479216,-0.108783,0.0568281,0.0483781,0.174212
1041.48,0.221621,-0.00323611,-0.0257901,0.226707,0.181972,-0.0374504,-0.112367,0.0792302,0.140502,0.0586411,-0.00336805,0.218301,0.0395072,0.321376,0.189606,0.199756,0.179183,0.0965304,0.395978
1041.77,0.0221507,-0.156216,-0.14305,0.0789294,-0.101285,-0.067163,-0.143193,-0.0547953,-0.0996471,-0.104385,-0.188571,-0.168278,-0.0493962,-0.140695,0.0331435,0.0363266,0.0650959,0.082304,-0.0160789
1042.05,0.113603,0.0754552,0.0780987,-0.0077032,0.00365858,0.0898044,-0.110651,0.177145,0.0556392,0.0307391,0.0223515,-0.0242825,0.115725,-0.0188511,0.0399532,0.0574982,0,0.197008,0.189586
1042.34,-0.00641251,0.0239875,0.165848,0.0306224,-0.111273,-0.0392523,-0.0522531,-0.0707661,-0.124714,-0.173318,0.0348639,-0.0327554,0.0136927,-0.0988983,-0.129258,0.00821561,-0.0634681,0.04062,0.0175044
1042.63,0.0357208,0,0.0882561,0.0400353,0.154713,0.0862299,0.0935976,-0.013171,0.00558897,-0.0357607,-0.144453,0.0330961,0.0322763,-0.12081,0.0814572,-0.0467832,0.034677,0.248391,0.204185
1042.92,0.0311082,0.111754,0.0907921,0.109674,0.0935714,-0.0406202,0.0867352,0.018069,-0.026435,-0.0223659,-0.0118284,0.0787124,0.0132658,0.0405752,0.268633,0.0638283,-0.00545833,0.0413995,0.372451
1043.2,0.12866,0.215737,0.10071,0.163989,0.104855,0.111962,0.169132,0.0845284,0.163965,0.28964,0.278726,0.225383,0.003515,0.138151,0.280558,-0.0223979,0.206939,0.213732,0.413347
1043.49,0.147681,0.0937109,0.186763,0.176472,0.181337,0.01312,-0.0139874,0.0775718,-0.0324719,0.0642712,0.117869,0.194786,0.0217782,0.0134323,0.0862092,0.0495842,0.135884,0.0527525,0.196052
1043.78,-0.0475962,-0.0882973,0.0168272,0.0376817,-0.0551613,-0.086087,-0.128282,-0.0715,-0.1265,-0.144718,0.0493548,-0.0143478,-0.0559459,0.0481459,0.158067,-0.205816,-0.0304976,-0.0242945,0.0610714
1044.06,-0.160132,-0.159414,0,-0.00251261,-0.101806,-0.0605216,-0.0527216,-0.0802838,-0.0174927,-0.116207,-0.135319,-0.0196602,-0.0483794,0.00879413,0.0557687,-0.0222937,-0.101215,0.0321865,0.0513225
1044.35,0.04,-0.0863014,-0.0457219,-0.0993377,-0.11371,0.0628492,0.063587,-0.0307087,-0.180952,-0.0997361,-0.00617849,0.10134,-0.1296,-0.0393586,-0.110656,-0.0191489,-0.0947368,-0.0424318,0.0387342
1044.63,-0.0605079,-0.0206006,0.284118,0.0410049,-0.0165676,0.0971984,0.174207,0.0626257,0.0102732,0.0652351,-0.134468,0.206006,-0.0223663,0.169717,-0.064696,0,0.0819378,0.17862,0.0314807
1044.92,0.327097,0.10491,0.268301,0.0599276,0.155984,0.293052,0.316127,0.29181,0.133366,0.343924,0.240406,0.0911296,0.227604,0.234748,0.167029,0.189676,0.297344,0.569186,0.321533
1045.21,0.0646154,-0.231,0.11,0.157326,0.053625,-0.0418731,-0.087551,0.0383934,0.0268605,0.00663793,0.114231,0.14245,0.09625,-0.132222,0.114804,0.138205,0.0788396,0.126,0.0129412
1045.49,-0.0732843,-0.0976379,0.0383077,0.0109736,-0.0383077,-0.171582,0.10953,0.0975553,0.00245705,0.0761538,0.0107018,-0.0048715,-0.1396,0,-0.038637,0.0211279,-0.0153697,0.00405178,0.0446034
1045.78,0.16775,0.0334648,0.128333,0.0188828,0.0272727,0.088,0.0797315,0.0468639,0.0321081,0.0281962,0.163398,0.204,0.0568278,0.0803571,0.111,0.19662,0.138785,0.236367,0.109695
1046.06,0.0750654,0.143546,0.0993781,0.139445,0.0596268,0.059301,0.235659,0.134175,-0.0182474,0.102817,0.0390176,0.247698,-0.00764447,0.219234,0.0171683,0.126339,0.265008,0.0684458,0.174145
1046.35,0.0925101,0.126941,0.00601824,0.0542573,0.0214069,0.00755393,0.109875,0.0485268,0.106489,0.0141332,0.0111388,0.103467,0.151353,0.0634968,0.0482739,0.0441337,0.162971,0.122311,0.0790247
1046.63,-0.060961,0.0375394,0.0132075,-0.0289809,-0.116667,0.0160458,-0.060597,0.00915033,-0.0376771,-0.0865979,-0.0260062,0.0607895,-0.0341463,-0.00670927,-0.0221902,-0.0230263,-0.0757377,0.0171254,-0.00388889
1046.92,0.0527744,0.0238787,0.0913586,0.132682,-0.0250585,-0.180332,0.0691132,0.0751756,0.0479008,0.123043,-0.0860962,0.052457,-0.054536,0.111108,-0.0252481,-0.0267195,0.13634,0.0788344,0.247853
1047.2,-0.0224272,0.118259,0.11927,-0.02376,0.023255,-0.167436,-0.123294,-0.099,-0.29205,-0.266707,-0.135503,0.105061,-0.168691,-0.00908852,0.0206866,-0.099931,0.222895,-0.119896,0.0822552
1047.49,0.254717,-0.0071618,0.0386045,0.0255959,-0.00663554,0.168885,0.1885,0.134737,0.052698,0.192431,0.0788705,0.16993,-0.0733895,0.00339367,-0.109486,0.0323257,0.116562,0.120596,0.23877
1047.77,0.105722,0.341604,0.136666,0.105892,0.0166241,-0.00464883,0.177132,0.200438,0.0730027,0.0675494,0.31469,0.254833,0.163768,0.00811141,0.160177,0.15362,0.0153245,0.109835,0.105927
1048.06,0.27371,0.0441114,0.0207429,-0.0820696,0.100911,0.300211,0.161458,0.19702,-0.0274394,-0.00680625,0.0691928,-0.0215111,0.0582959,-0.0526008,-0.176962,0.109279,-0.0322667,0.17424,0.382622
1048.34,-0.21626,0.00772357,0.239431,0.0467552,0.158684,0.350776,-0.105499,-0.242934,-0.207618,0.238026,-0.0722999,0.498722,-0.193947,0.5449,-0.082762,0.170115,0.0331849,-0.0888925,-0.267878
1048.62,0.199561,0.327436,0.1026,0.178714,0.175343,0.0868201,0.158961,0.169995,0.232218,0.062342,0.173761,0.212826,0.180863,0.0248261,0.138849,0.162236,0.284155,0.122665,0.328069
1048.91,0.0871287,0.324848,-0.0371799,-0.242208,0.258552,0.194859,0.107285,0.0132297,0.0518374,-0.0457734,0.157022,0.168631,0.13022,-0.0925743,-0.203541,-0.22016,0.200732,0.2384,0.1276
1049.19,0.159839,-0.074973,0.00419492,-0.329421,-0.217263,-0.140409,-0.1394,-0.186765,-0.110548,-0.184851,-0.158116,-0.175872,-0.14522,0.0854237,0.0344378,-0.210042,-0.109379,0.198987,0.131882
1049.48,0.770059,0.272843,1.00184,0.714353,0.380746,1.15892,-0.333694,0.144023,-0.199354,0.38519,1.27972,0.114166,0.0708683,0.646613,0,0.692202,0.313618,0.248584,0.889412
1049.76,0.0463031,-0.0317285,0.0650901,0.0661789,0.0965854,0.0112683,0.0334334,0.0442001,0.00957871,0.0218272,-0.023462,0.0345977,0.0269933,0.0531475,-0.0189721,0.133221,0.0359828,0.0974109,0.111691
1050.04,0.0204491,0.0400309,0.0148504,0.0456716,0.0357487,-0.004856,0.0116462,0.0199229,0.0337558,0.043929,0.035621,-0.00419776,0.0141398,0.0584888,0.0240541,0.0307585,0.0214254,0.0382529,0.0577192
